

================================================================
== Vitis HLS Report for 'out_conv2mem_2_13_13_3_3_2_11_11_1_162_1_1_5_5_2_3_s'
================================================================
* Date:           Tue May 27 16:10:28 2025

* Version:        2024.2 (Build 5238294 on Nov  8 2024)
* Project:        convolution
* Solution:       solution_0 (Vivado IP Flow Target)
* Product family: zynquplus
* Target device:  xck26-sfvc784-2LV-c


================================================================
== Performance Estimates
================================================================
+ Timing: 
    * Summary: 
    +--------+---------+----------+------------+
    |  Clock |  Target | Estimated| Uncertainty|
    +--------+---------+----------+------------+
    |ap_clk  |  5.00 ns|  3.650 ns|     1.35 ns|
    +--------+---------+----------+------------+

+ Latency: 
    * Summary: 
    +---------+---------+----------+----------+-----+-----+---------+
    |  Latency (cycles) |  Latency (absolute) |  Interval | Pipeline|
    |   min   |   max   |    min   |    max   | min | max |   Type  |
    +---------+---------+----------+----------+-----+-----+---------+
    |        ?|        ?|         ?|         ?|    ?|    ?|       no|
    +---------+---------+----------+----------+-----+-----+---------+

    + Detail: 
        * Instance: 
        +---------------------------------------------------+---------------------------------------+---------+---------+----------+----------+-----+-----+------------------------------------------------+
        |                                                   |                                       |  Latency (cycles) |  Latency (absolute) |  Interval |                    Pipeline                    |
        |                      Instance                     |                 Module                |   min   |   max   |    min   |    max   | min | max |                      Type                      |
        +---------------------------------------------------+---------------------------------------+---------+---------+----------+----------+-----+-----+------------------------------------------------+
        |grp_out_conv2mem_Pipeline_VITIS_LOOP_41_4_fu_3757  |out_conv2mem_Pipeline_VITIS_LOOP_41_4  |        ?|        ?|         ?|         ?|    0|    0|  loop auto-rewind stp (delay=0 clock cycles(s))|
        +---------------------------------------------------+---------------------------------------+---------+---------+----------+----------+-----+-----+------------------------------------------------+

        * Loop: 
        +----------------------+---------+---------+----------+-----------+-----------+------+----------+
        |                      |  Latency (cycles) | Iteration|  Initiation Interval  | Trip |          |
        |       Loop Name      |   min   |   max   |  Latency |  achieved |   target  | Count| Pipelined|
        +----------------------+---------+---------+----------+-----------+-----------+------+----------+
        |- VITIS_LOOP_37_1     |        ?|        ?|         ?|          -|          -|     3|        no|
        | + VITIS_LOOP_38_2    |        ?|        ?|         ?|          -|          -|     ?|        no|
        |  ++ VITIS_LOOP_40_3  |        ?|        ?|         ?|          -|          -|     3|        no|
        +----------------------+---------+---------+----------+-----------+-----------+------+----------+



================================================================
== Utilization Estimates
================================================================
* Summary: 
+-----------------+---------+------+--------+--------+-----+
|       Name      | BRAM_18K|  DSP |   FF   |   LUT  | URAM|
+-----------------+---------+------+--------+--------+-----+
|DSP              |        -|     -|       -|       -|    -|
|Expression       |        -|     -|       0|     409|    -|
|FIFO             |        -|     -|       -|       -|    -|
|Instance         |        -|     0|     314|    3239|    -|
|Memory           |        -|     -|       -|       -|    -|
|Multiplexer      |        -|     -|       0|     115|    -|
|Register         |        -|     -|   16191|       -|    -|
+-----------------+---------+------+--------+--------+-----+
|Total            |        0|     0|   16505|    3763|    0|
+-----------------+---------+------+--------+--------+-----+
|Available        |      288|  1248|  234240|  117120|   64|
+-----------------+---------+------+--------+--------+-----+
|Utilization (%)  |        0|     0|       7|       3|    0|
+-----------------+---------+------+--------+--------+-----+

+ Detail: 
    * Instance: 
    +---------------------------------------------------+---------------------------------------+---------+----+-----+-----+-----+
    |                      Instance                     |                 Module                | BRAM_18K| DSP|  FF | LUT | URAM|
    +---------------------------------------------------+---------------------------------------+---------+----+-----+-----+-----+
    |mul_3ns_12ns_13_1_1_U2067                          |mul_3ns_12ns_13_1_1                    |        0|   0|    0|    5|    0|
    |grp_out_conv2mem_Pipeline_VITIS_LOOP_41_4_fu_3757  |out_conv2mem_Pipeline_VITIS_LOOP_41_4  |        0|   0|  314|  784|    0|
    |sparsemux_19_5_32_1_1_U2068                        |sparsemux_19_5_32_1_1                  |        0|   0|    0|   49|    0|
    |sparsemux_19_5_32_1_1_U2069                        |sparsemux_19_5_32_1_1                  |        0|   0|    0|   49|    0|
    |sparsemux_19_5_32_1_1_U2070                        |sparsemux_19_5_32_1_1                  |        0|   0|    0|   49|    0|
    |sparsemux_19_5_32_1_1_U2071                        |sparsemux_19_5_32_1_1                  |        0|   0|    0|   49|    0|
    |sparsemux_19_5_32_1_1_U2072                        |sparsemux_19_5_32_1_1                  |        0|   0|    0|   49|    0|
    |sparsemux_19_5_32_1_1_U2073                        |sparsemux_19_5_32_1_1                  |        0|   0|    0|   49|    0|
    |sparsemux_19_5_32_1_1_U2074                        |sparsemux_19_5_32_1_1                  |        0|   0|    0|   49|    0|
    |sparsemux_19_5_32_1_1_U2075                        |sparsemux_19_5_32_1_1                  |        0|   0|    0|   49|    0|
    |sparsemux_19_5_32_1_1_U2076                        |sparsemux_19_5_32_1_1                  |        0|   0|    0|   49|    0|
    |sparsemux_19_5_32_1_1_U2077                        |sparsemux_19_5_32_1_1                  |        0|   0|    0|   49|    0|
    |sparsemux_19_5_32_1_1_U2078                        |sparsemux_19_5_32_1_1                  |        0|   0|    0|   49|    0|
    |sparsemux_19_5_32_1_1_U2079                        |sparsemux_19_5_32_1_1                  |        0|   0|    0|   49|    0|
    |sparsemux_19_5_32_1_1_U2080                        |sparsemux_19_5_32_1_1                  |        0|   0|    0|   49|    0|
    |sparsemux_19_5_32_1_1_U2081                        |sparsemux_19_5_32_1_1                  |        0|   0|    0|   49|    0|
    |sparsemux_19_5_32_1_1_U2082                        |sparsemux_19_5_32_1_1                  |        0|   0|    0|   49|    0|
    |sparsemux_19_5_32_1_1_U2083                        |sparsemux_19_5_32_1_1                  |        0|   0|    0|   49|    0|
    |sparsemux_19_5_32_1_1_U2084                        |sparsemux_19_5_32_1_1                  |        0|   0|    0|   49|    0|
    |sparsemux_19_5_32_1_1_U2085                        |sparsemux_19_5_32_1_1                  |        0|   0|    0|   49|    0|
    |sparsemux_19_5_32_1_1_U2086                        |sparsemux_19_5_32_1_1                  |        0|   0|    0|   49|    0|
    |sparsemux_19_5_32_1_1_U2087                        |sparsemux_19_5_32_1_1                  |        0|   0|    0|   49|    0|
    |sparsemux_19_5_32_1_1_U2088                        |sparsemux_19_5_32_1_1                  |        0|   0|    0|   49|    0|
    |sparsemux_19_5_32_1_1_U2089                        |sparsemux_19_5_32_1_1                  |        0|   0|    0|   49|    0|
    |sparsemux_19_5_32_1_1_U2090                        |sparsemux_19_5_32_1_1                  |        0|   0|    0|   49|    0|
    |sparsemux_19_5_32_1_1_U2091                        |sparsemux_19_5_32_1_1                  |        0|   0|    0|   49|    0|
    |sparsemux_19_5_32_1_1_U2092                        |sparsemux_19_5_32_1_1                  |        0|   0|    0|   49|    0|
    |sparsemux_19_5_32_1_1_U2093                        |sparsemux_19_5_32_1_1                  |        0|   0|    0|   49|    0|
    |sparsemux_19_5_32_1_1_U2094                        |sparsemux_19_5_32_1_1                  |        0|   0|    0|   49|    0|
    |sparsemux_19_5_32_1_1_U2095                        |sparsemux_19_5_32_1_1                  |        0|   0|    0|   49|    0|
    |sparsemux_19_5_32_1_1_U2096                        |sparsemux_19_5_32_1_1                  |        0|   0|    0|   49|    0|
    |sparsemux_19_5_32_1_1_U2097                        |sparsemux_19_5_32_1_1                  |        0|   0|    0|   49|    0|
    |sparsemux_19_5_32_1_1_U2098                        |sparsemux_19_5_32_1_1                  |        0|   0|    0|   49|    0|
    |sparsemux_19_5_32_1_1_U2099                        |sparsemux_19_5_32_1_1                  |        0|   0|    0|   49|    0|
    |sparsemux_19_5_32_1_1_U2100                        |sparsemux_19_5_32_1_1                  |        0|   0|    0|   49|    0|
    |sparsemux_19_5_32_1_1_U2101                        |sparsemux_19_5_32_1_1                  |        0|   0|    0|   49|    0|
    |sparsemux_19_5_32_1_1_U2102                        |sparsemux_19_5_32_1_1                  |        0|   0|    0|   49|    0|
    |sparsemux_19_5_32_1_1_U2103                        |sparsemux_19_5_32_1_1                  |        0|   0|    0|   49|    0|
    |sparsemux_19_5_32_1_1_U2104                        |sparsemux_19_5_32_1_1                  |        0|   0|    0|   49|    0|
    |sparsemux_19_5_32_1_1_U2105                        |sparsemux_19_5_32_1_1                  |        0|   0|    0|   49|    0|
    |sparsemux_19_5_32_1_1_U2106                        |sparsemux_19_5_32_1_1                  |        0|   0|    0|   49|    0|
    |sparsemux_19_5_32_1_1_U2107                        |sparsemux_19_5_32_1_1                  |        0|   0|    0|   49|    0|
    |sparsemux_19_5_32_1_1_U2108                        |sparsemux_19_5_32_1_1                  |        0|   0|    0|   49|    0|
    |sparsemux_19_5_32_1_1_U2109                        |sparsemux_19_5_32_1_1                  |        0|   0|    0|   49|    0|
    |sparsemux_19_5_32_1_1_U2110                        |sparsemux_19_5_32_1_1                  |        0|   0|    0|   49|    0|
    |sparsemux_19_5_32_1_1_U2111                        |sparsemux_19_5_32_1_1                  |        0|   0|    0|   49|    0|
    |sparsemux_19_5_32_1_1_U2112                        |sparsemux_19_5_32_1_1                  |        0|   0|    0|   49|    0|
    |sparsemux_19_5_32_1_1_U2113                        |sparsemux_19_5_32_1_1                  |        0|   0|    0|   49|    0|
    |sparsemux_19_5_32_1_1_U2114                        |sparsemux_19_5_32_1_1                  |        0|   0|    0|   49|    0|
    |sparsemux_19_5_32_1_1_U2115                        |sparsemux_19_5_32_1_1                  |        0|   0|    0|   49|    0|
    |sparsemux_19_5_32_1_1_U2116                        |sparsemux_19_5_32_1_1                  |        0|   0|    0|   49|    0|
    |sparsemux_19_5_32_1_1_U2117                        |sparsemux_19_5_32_1_1                  |        0|   0|    0|   49|    0|
    +---------------------------------------------------+---------------------------------------+---------+----+-----+-----+-----+
    |Total                                              |                                       |        0|   0|  314| 3239|    0|
    +---------------------------------------------------+---------------------------------------+---------+----+-----+-----+-----+

    * DSP: 
    N/A

    * Memory: 
    N/A

    * FIFO: 
    N/A

    * Expression: 
    +-----------------------+----------+----+---+----+------------+------------+
    |     Variable Name     | Operation| DSP| FF| LUT| Bitwidth P0| Bitwidth P1|
    +-----------------------+----------+----+---+----+------------+------------+
    |add_ln65_fu_5733_p2    |         +|   0|  0|  10|           3|           2|
    |add_ln77_fu_3946_p2    |         +|   0|  0|  12|           5|           3|
    |empty_42_fu_3977_p2    |         +|   0|  0|  12|           5|           5|
    |in_h_fu_3891_p2        |         +|   0|  0|  39|          32|          32|
    |mul_i_fu_3885_p2       |         +|   0|  0|  12|           5|           5|
    |s_fh_1_fu_5745_p2      |         +|   0|  0|  39|          32|           3|
    |s_fh_3_fu_5758_p2      |         +|   0|  0|  39|          32|           1|
    |s_ih_3_fu_3952_p2      |         +|   0|  0|  12|           4|           3|
    |s_iw_1_fu_5739_p2      |         +|   0|  0|  12|           4|           3|
    |sub_ln40_1_fu_3940_p2  |         -|   0|  0|  37|          37|          37|
    |sub_ln40_fu_3922_p2    |         -|   0|  0|  37|          37|          37|
    |cmp31_i_fu_3896_p2     |      icmp|   0|  0|  39|          32|           4|
    |cmp63_i_fu_3857_p2     |      icmp|   0|  0|  12|           4|           3|
    |icmp_ln37_fu_3847_p2   |      icmp|   0|  0|  12|           4|           2|
    |icmp_ln38_fu_3863_p2   |      icmp|   0|  0|  39|          32|           3|
    |icmp_ln40_fu_3967_p2   |      icmp|   0|  0|  12|           4|           2|
    |ap_block_state1        |        or|   0|  0|   2|           1|           1|
    |s_fh_2_fu_5751_p3      |    select|   0|  0|  32|           1|          32|
    +-----------------------+----------+----+---+----+------------+------------+
    |Total                  |          |   0|  0| 409|         274|         178|
    +-----------------------+----------+----+---+----+------------+------------+

    * Multiplexer: 
    +---------------------+----+-----------+-----+-----------+
    |         Name        | LUT| Input Size| Bits| Total Bits|
    +---------------------+----+-----------+-----+-----------+
    |ap_NS_fsm            |  43|          8|    1|          8|
    |ap_done              |   9|          2|    1|          2|
    |img_0_blk_n          |   9|          2|    1|          2|
    |memory_blk_n         |   9|          2|    1|          2|
    |s_fh_reg_3722        |   9|          2|   32|         64|
    |s_ih_fu_1002         |   9|          2|    4|          8|
    |s_iw_reg_3745        |   9|          2|    4|          8|
    |s_window_h_fu_1006   |   9|          2|    5|         10|
    |s_window_w_reg_3734  |   9|          2|    3|          6|
    +---------------------+----+-----------+-----+-----------+
    |Total                | 115|         24|   52|        110|
    +---------------------+----+-----------+-----+-----------+

    * Register: 
    +----------------------------------------------------------------+-----+----+-----+-----------+
    |                              Name                              |  FF | LUT| Bits| Const Bits|
    +----------------------------------------------------------------+-----+----+-----+-----------+
    |add_ln65_reg_8330                                               |    3|   0|    3|          0|
    |ap_CS_fsm                                                       |    7|   0|    7|          0|
    |ap_done_reg                                                     |    1|   0|    1|          0|
    |cmp31_i_reg_8067                                                |    1|   0|    1|          0|
    |cmp63_i_reg_8054                                                |    1|   0|    1|          0|
    |grp_out_conv2mem_Pipeline_VITIS_LOOP_41_4_fu_3757_ap_start_reg  |    1|   0|    1|          0|
    |img_reg_5783                                                    |    3|   0|    3|          0|
    |memory_read_reg_5778                                            |   64|   0|   64|          0|
    |mul_i_reg_8062                                                  |    5|   0|    5|          0|
    |mul_ln37_reg_8038                                               |   13|   0|   13|          0|
    |p_read450_reg_8033                                              |   32|   0|   32|          0|
    |p_read_100_reg_6283                                             |   32|   0|   32|          0|
    |p_read_101_reg_6288                                             |   32|   0|   32|          0|
    |p_read_102_reg_6293                                             |   32|   0|   32|          0|
    |p_read_103_reg_6298                                             |   32|   0|   32|          0|
    |p_read_104_reg_6303                                             |   32|   0|   32|          0|
    |p_read_105_reg_6308                                             |   32|   0|   32|          0|
    |p_read_106_reg_6313                                             |   32|   0|   32|          0|
    |p_read_107_reg_6318                                             |   32|   0|   32|          0|
    |p_read_108_reg_6323                                             |   32|   0|   32|          0|
    |p_read_109_reg_6328                                             |   32|   0|   32|          0|
    |p_read_10_reg_5833                                              |   32|   0|   32|          0|
    |p_read_110_reg_6333                                             |   32|   0|   32|          0|
    |p_read_111_reg_6338                                             |   32|   0|   32|          0|
    |p_read_112_reg_6343                                             |   32|   0|   32|          0|
    |p_read_113_reg_6348                                             |   32|   0|   32|          0|
    |p_read_114_reg_6353                                             |   32|   0|   32|          0|
    |p_read_115_reg_6358                                             |   32|   0|   32|          0|
    |p_read_116_reg_6363                                             |   32|   0|   32|          0|
    |p_read_117_reg_6368                                             |   32|   0|   32|          0|
    |p_read_118_reg_6373                                             |   32|   0|   32|          0|
    |p_read_119_reg_6378                                             |   32|   0|   32|          0|
    |p_read_11_reg_5838                                              |   32|   0|   32|          0|
    |p_read_120_reg_6383                                             |   32|   0|   32|          0|
    |p_read_121_reg_6388                                             |   32|   0|   32|          0|
    |p_read_122_reg_6393                                             |   32|   0|   32|          0|
    |p_read_123_reg_6398                                             |   32|   0|   32|          0|
    |p_read_124_reg_6403                                             |   32|   0|   32|          0|
    |p_read_125_reg_6408                                             |   32|   0|   32|          0|
    |p_read_126_reg_6413                                             |   32|   0|   32|          0|
    |p_read_127_reg_6418                                             |   32|   0|   32|          0|
    |p_read_128_reg_6423                                             |   32|   0|   32|          0|
    |p_read_129_reg_6428                                             |   32|   0|   32|          0|
    |p_read_12_reg_5843                                              |   32|   0|   32|          0|
    |p_read_130_reg_6433                                             |   32|   0|   32|          0|
    |p_read_131_reg_6438                                             |   32|   0|   32|          0|
    |p_read_132_reg_6443                                             |   32|   0|   32|          0|
    |p_read_133_reg_6448                                             |   32|   0|   32|          0|
    |p_read_134_reg_6453                                             |   32|   0|   32|          0|
    |p_read_135_reg_6458                                             |   32|   0|   32|          0|
    |p_read_136_reg_6463                                             |   32|   0|   32|          0|
    |p_read_137_reg_6468                                             |   32|   0|   32|          0|
    |p_read_138_reg_6473                                             |   32|   0|   32|          0|
    |p_read_139_reg_6478                                             |   32|   0|   32|          0|
    |p_read_13_reg_5848                                              |   32|   0|   32|          0|
    |p_read_140_reg_6483                                             |   32|   0|   32|          0|
    |p_read_141_reg_6488                                             |   32|   0|   32|          0|
    |p_read_142_reg_6493                                             |   32|   0|   32|          0|
    |p_read_143_reg_6498                                             |   32|   0|   32|          0|
    |p_read_144_reg_6503                                             |   32|   0|   32|          0|
    |p_read_145_reg_6508                                             |   32|   0|   32|          0|
    |p_read_146_reg_6513                                             |   32|   0|   32|          0|
    |p_read_147_reg_6518                                             |   32|   0|   32|          0|
    |p_read_148_reg_6523                                             |   32|   0|   32|          0|
    |p_read_149_reg_6528                                             |   32|   0|   32|          0|
    |p_read_14_reg_5853                                              |   32|   0|   32|          0|
    |p_read_150_reg_6533                                             |   32|   0|   32|          0|
    |p_read_151_reg_6538                                             |   32|   0|   32|          0|
    |p_read_152_reg_6543                                             |   32|   0|   32|          0|
    |p_read_153_reg_6548                                             |   32|   0|   32|          0|
    |p_read_154_reg_6553                                             |   32|   0|   32|          0|
    |p_read_155_reg_6558                                             |   32|   0|   32|          0|
    |p_read_156_reg_6563                                             |   32|   0|   32|          0|
    |p_read_157_reg_6568                                             |   32|   0|   32|          0|
    |p_read_158_reg_6573                                             |   32|   0|   32|          0|
    |p_read_159_reg_6578                                             |   32|   0|   32|          0|
    |p_read_15_reg_5858                                              |   32|   0|   32|          0|
    |p_read_160_reg_6583                                             |   32|   0|   32|          0|
    |p_read_161_reg_6588                                             |   32|   0|   32|          0|
    |p_read_162_reg_6593                                             |   32|   0|   32|          0|
    |p_read_163_reg_6598                                             |   32|   0|   32|          0|
    |p_read_164_reg_6603                                             |   32|   0|   32|          0|
    |p_read_165_reg_6608                                             |   32|   0|   32|          0|
    |p_read_166_reg_6613                                             |   32|   0|   32|          0|
    |p_read_167_reg_6618                                             |   32|   0|   32|          0|
    |p_read_168_reg_6623                                             |   32|   0|   32|          0|
    |p_read_169_reg_6628                                             |   32|   0|   32|          0|
    |p_read_16_reg_5863                                              |   32|   0|   32|          0|
    |p_read_170_reg_6633                                             |   32|   0|   32|          0|
    |p_read_171_reg_6638                                             |   32|   0|   32|          0|
    |p_read_172_reg_6643                                             |   32|   0|   32|          0|
    |p_read_173_reg_6648                                             |   32|   0|   32|          0|
    |p_read_174_reg_6653                                             |   32|   0|   32|          0|
    |p_read_175_reg_6658                                             |   32|   0|   32|          0|
    |p_read_176_reg_6663                                             |   32|   0|   32|          0|
    |p_read_177_reg_6668                                             |   32|   0|   32|          0|
    |p_read_178_reg_6673                                             |   32|   0|   32|          0|
    |p_read_179_reg_6678                                             |   32|   0|   32|          0|
    |p_read_17_reg_5868                                              |   32|   0|   32|          0|
    |p_read_180_reg_6683                                             |   32|   0|   32|          0|
    |p_read_181_reg_6688                                             |   32|   0|   32|          0|
    |p_read_182_reg_6693                                             |   32|   0|   32|          0|
    |p_read_183_reg_6698                                             |   32|   0|   32|          0|
    |p_read_184_reg_6703                                             |   32|   0|   32|          0|
    |p_read_185_reg_6708                                             |   32|   0|   32|          0|
    |p_read_186_reg_6713                                             |   32|   0|   32|          0|
    |p_read_187_reg_6718                                             |   32|   0|   32|          0|
    |p_read_188_reg_6723                                             |   32|   0|   32|          0|
    |p_read_189_reg_6728                                             |   32|   0|   32|          0|
    |p_read_18_reg_5873                                              |   32|   0|   32|          0|
    |p_read_190_reg_6733                                             |   32|   0|   32|          0|
    |p_read_191_reg_6738                                             |   32|   0|   32|          0|
    |p_read_192_reg_6743                                             |   32|   0|   32|          0|
    |p_read_193_reg_6748                                             |   32|   0|   32|          0|
    |p_read_194_reg_6753                                             |   32|   0|   32|          0|
    |p_read_195_reg_6758                                             |   32|   0|   32|          0|
    |p_read_196_reg_6763                                             |   32|   0|   32|          0|
    |p_read_197_reg_6768                                             |   32|   0|   32|          0|
    |p_read_198_reg_6773                                             |   32|   0|   32|          0|
    |p_read_199_reg_6778                                             |   32|   0|   32|          0|
    |p_read_19_reg_5878                                              |   32|   0|   32|          0|
    |p_read_1_reg_5788                                               |   32|   0|   32|          0|
    |p_read_200_reg_6783                                             |   32|   0|   32|          0|
    |p_read_201_reg_6788                                             |   32|   0|   32|          0|
    |p_read_202_reg_6793                                             |   32|   0|   32|          0|
    |p_read_203_reg_6798                                             |   32|   0|   32|          0|
    |p_read_204_reg_6803                                             |   32|   0|   32|          0|
    |p_read_205_reg_6808                                             |   32|   0|   32|          0|
    |p_read_206_reg_6813                                             |   32|   0|   32|          0|
    |p_read_207_reg_6818                                             |   32|   0|   32|          0|
    |p_read_208_reg_6823                                             |   32|   0|   32|          0|
    |p_read_209_reg_6828                                             |   32|   0|   32|          0|
    |p_read_20_reg_5883                                              |   32|   0|   32|          0|
    |p_read_210_reg_6833                                             |   32|   0|   32|          0|
    |p_read_211_reg_6838                                             |   32|   0|   32|          0|
    |p_read_212_reg_6843                                             |   32|   0|   32|          0|
    |p_read_213_reg_6848                                             |   32|   0|   32|          0|
    |p_read_214_reg_6853                                             |   32|   0|   32|          0|
    |p_read_215_reg_6858                                             |   32|   0|   32|          0|
    |p_read_216_reg_6863                                             |   32|   0|   32|          0|
    |p_read_217_reg_6868                                             |   32|   0|   32|          0|
    |p_read_218_reg_6873                                             |   32|   0|   32|          0|
    |p_read_219_reg_6878                                             |   32|   0|   32|          0|
    |p_read_21_reg_5888                                              |   32|   0|   32|          0|
    |p_read_220_reg_6883                                             |   32|   0|   32|          0|
    |p_read_221_reg_6888                                             |   32|   0|   32|          0|
    |p_read_222_reg_6893                                             |   32|   0|   32|          0|
    |p_read_223_reg_6898                                             |   32|   0|   32|          0|
    |p_read_224_reg_6903                                             |   32|   0|   32|          0|
    |p_read_225_reg_6908                                             |   32|   0|   32|          0|
    |p_read_226_reg_6913                                             |   32|   0|   32|          0|
    |p_read_227_reg_6918                                             |   32|   0|   32|          0|
    |p_read_228_reg_6923                                             |   32|   0|   32|          0|
    |p_read_229_reg_6928                                             |   32|   0|   32|          0|
    |p_read_22_reg_5893                                              |   32|   0|   32|          0|
    |p_read_230_reg_6933                                             |   32|   0|   32|          0|
    |p_read_231_reg_6938                                             |   32|   0|   32|          0|
    |p_read_232_reg_6943                                             |   32|   0|   32|          0|
    |p_read_233_reg_6948                                             |   32|   0|   32|          0|
    |p_read_234_reg_6953                                             |   32|   0|   32|          0|
    |p_read_235_reg_6958                                             |   32|   0|   32|          0|
    |p_read_236_reg_6963                                             |   32|   0|   32|          0|
    |p_read_237_reg_6968                                             |   32|   0|   32|          0|
    |p_read_238_reg_6973                                             |   32|   0|   32|          0|
    |p_read_239_reg_6978                                             |   32|   0|   32|          0|
    |p_read_23_reg_5898                                              |   32|   0|   32|          0|
    |p_read_240_reg_6983                                             |   32|   0|   32|          0|
    |p_read_241_reg_6988                                             |   32|   0|   32|          0|
    |p_read_242_reg_6993                                             |   32|   0|   32|          0|
    |p_read_243_reg_6998                                             |   32|   0|   32|          0|
    |p_read_244_reg_7003                                             |   32|   0|   32|          0|
    |p_read_245_reg_7008                                             |   32|   0|   32|          0|
    |p_read_246_reg_7013                                             |   32|   0|   32|          0|
    |p_read_247_reg_7018                                             |   32|   0|   32|          0|
    |p_read_248_reg_7023                                             |   32|   0|   32|          0|
    |p_read_249_reg_7028                                             |   32|   0|   32|          0|
    |p_read_24_reg_5903                                              |   32|   0|   32|          0|
    |p_read_250_reg_7033                                             |   32|   0|   32|          0|
    |p_read_251_reg_7038                                             |   32|   0|   32|          0|
    |p_read_252_reg_7043                                             |   32|   0|   32|          0|
    |p_read_253_reg_7048                                             |   32|   0|   32|          0|
    |p_read_254_reg_7053                                             |   32|   0|   32|          0|
    |p_read_255_reg_7058                                             |   32|   0|   32|          0|
    |p_read_256_reg_7063                                             |   32|   0|   32|          0|
    |p_read_257_reg_7068                                             |   32|   0|   32|          0|
    |p_read_258_reg_7073                                             |   32|   0|   32|          0|
    |p_read_259_reg_7078                                             |   32|   0|   32|          0|
    |p_read_25_reg_5908                                              |   32|   0|   32|          0|
    |p_read_260_reg_7083                                             |   32|   0|   32|          0|
    |p_read_261_reg_7088                                             |   32|   0|   32|          0|
    |p_read_262_reg_7093                                             |   32|   0|   32|          0|
    |p_read_263_reg_7098                                             |   32|   0|   32|          0|
    |p_read_264_reg_7103                                             |   32|   0|   32|          0|
    |p_read_265_reg_7108                                             |   32|   0|   32|          0|
    |p_read_266_reg_7113                                             |   32|   0|   32|          0|
    |p_read_267_reg_7118                                             |   32|   0|   32|          0|
    |p_read_268_reg_7123                                             |   32|   0|   32|          0|
    |p_read_269_reg_7128                                             |   32|   0|   32|          0|
    |p_read_26_reg_5913                                              |   32|   0|   32|          0|
    |p_read_270_reg_7133                                             |   32|   0|   32|          0|
    |p_read_271_reg_7138                                             |   32|   0|   32|          0|
    |p_read_272_reg_7143                                             |   32|   0|   32|          0|
    |p_read_273_reg_7148                                             |   32|   0|   32|          0|
    |p_read_274_reg_7153                                             |   32|   0|   32|          0|
    |p_read_275_reg_7158                                             |   32|   0|   32|          0|
    |p_read_276_reg_7163                                             |   32|   0|   32|          0|
    |p_read_277_reg_7168                                             |   32|   0|   32|          0|
    |p_read_278_reg_7173                                             |   32|   0|   32|          0|
    |p_read_279_reg_7178                                             |   32|   0|   32|          0|
    |p_read_27_reg_5918                                              |   32|   0|   32|          0|
    |p_read_280_reg_7183                                             |   32|   0|   32|          0|
    |p_read_281_reg_7188                                             |   32|   0|   32|          0|
    |p_read_282_reg_7193                                             |   32|   0|   32|          0|
    |p_read_283_reg_7198                                             |   32|   0|   32|          0|
    |p_read_284_reg_7203                                             |   32|   0|   32|          0|
    |p_read_285_reg_7208                                             |   32|   0|   32|          0|
    |p_read_286_reg_7213                                             |   32|   0|   32|          0|
    |p_read_287_reg_7218                                             |   32|   0|   32|          0|
    |p_read_288_reg_7223                                             |   32|   0|   32|          0|
    |p_read_289_reg_7228                                             |   32|   0|   32|          0|
    |p_read_28_reg_5923                                              |   32|   0|   32|          0|
    |p_read_290_reg_7233                                             |   32|   0|   32|          0|
    |p_read_291_reg_7238                                             |   32|   0|   32|          0|
    |p_read_292_reg_7243                                             |   32|   0|   32|          0|
    |p_read_293_reg_7248                                             |   32|   0|   32|          0|
    |p_read_294_reg_7253                                             |   32|   0|   32|          0|
    |p_read_295_reg_7258                                             |   32|   0|   32|          0|
    |p_read_296_reg_7263                                             |   32|   0|   32|          0|
    |p_read_297_reg_7268                                             |   32|   0|   32|          0|
    |p_read_298_reg_7273                                             |   32|   0|   32|          0|
    |p_read_299_reg_7278                                             |   32|   0|   32|          0|
    |p_read_29_reg_5928                                              |   32|   0|   32|          0|
    |p_read_2_reg_5793                                               |   32|   0|   32|          0|
    |p_read_300_reg_7283                                             |   32|   0|   32|          0|
    |p_read_301_reg_7288                                             |   32|   0|   32|          0|
    |p_read_302_reg_7293                                             |   32|   0|   32|          0|
    |p_read_303_reg_7298                                             |   32|   0|   32|          0|
    |p_read_304_reg_7303                                             |   32|   0|   32|          0|
    |p_read_305_reg_7308                                             |   32|   0|   32|          0|
    |p_read_306_reg_7313                                             |   32|   0|   32|          0|
    |p_read_307_reg_7318                                             |   32|   0|   32|          0|
    |p_read_308_reg_7323                                             |   32|   0|   32|          0|
    |p_read_309_reg_7328                                             |   32|   0|   32|          0|
    |p_read_30_reg_5933                                              |   32|   0|   32|          0|
    |p_read_310_reg_7333                                             |   32|   0|   32|          0|
    |p_read_311_reg_7338                                             |   32|   0|   32|          0|
    |p_read_312_reg_7343                                             |   32|   0|   32|          0|
    |p_read_313_reg_7348                                             |   32|   0|   32|          0|
    |p_read_314_reg_7353                                             |   32|   0|   32|          0|
    |p_read_315_reg_7358                                             |   32|   0|   32|          0|
    |p_read_316_reg_7363                                             |   32|   0|   32|          0|
    |p_read_317_reg_7368                                             |   32|   0|   32|          0|
    |p_read_318_reg_7373                                             |   32|   0|   32|          0|
    |p_read_319_reg_7378                                             |   32|   0|   32|          0|
    |p_read_31_reg_5938                                              |   32|   0|   32|          0|
    |p_read_320_reg_7383                                             |   32|   0|   32|          0|
    |p_read_321_reg_7388                                             |   32|   0|   32|          0|
    |p_read_322_reg_7393                                             |   32|   0|   32|          0|
    |p_read_323_reg_7398                                             |   32|   0|   32|          0|
    |p_read_324_reg_7403                                             |   32|   0|   32|          0|
    |p_read_325_reg_7408                                             |   32|   0|   32|          0|
    |p_read_326_reg_7413                                             |   32|   0|   32|          0|
    |p_read_327_reg_7418                                             |   32|   0|   32|          0|
    |p_read_328_reg_7423                                             |   32|   0|   32|          0|
    |p_read_329_reg_7428                                             |   32|   0|   32|          0|
    |p_read_32_reg_5943                                              |   32|   0|   32|          0|
    |p_read_330_reg_7433                                             |   32|   0|   32|          0|
    |p_read_331_reg_7438                                             |   32|   0|   32|          0|
    |p_read_332_reg_7443                                             |   32|   0|   32|          0|
    |p_read_333_reg_7448                                             |   32|   0|   32|          0|
    |p_read_334_reg_7453                                             |   32|   0|   32|          0|
    |p_read_335_reg_7458                                             |   32|   0|   32|          0|
    |p_read_336_reg_7463                                             |   32|   0|   32|          0|
    |p_read_337_reg_7468                                             |   32|   0|   32|          0|
    |p_read_338_reg_7473                                             |   32|   0|   32|          0|
    |p_read_339_reg_7478                                             |   32|   0|   32|          0|
    |p_read_33_reg_5948                                              |   32|   0|   32|          0|
    |p_read_340_reg_7483                                             |   32|   0|   32|          0|
    |p_read_341_reg_7488                                             |   32|   0|   32|          0|
    |p_read_342_reg_7493                                             |   32|   0|   32|          0|
    |p_read_343_reg_7498                                             |   32|   0|   32|          0|
    |p_read_344_reg_7503                                             |   32|   0|   32|          0|
    |p_read_345_reg_7508                                             |   32|   0|   32|          0|
    |p_read_346_reg_7513                                             |   32|   0|   32|          0|
    |p_read_347_reg_7518                                             |   32|   0|   32|          0|
    |p_read_348_reg_7523                                             |   32|   0|   32|          0|
    |p_read_349_reg_7528                                             |   32|   0|   32|          0|
    |p_read_34_reg_5953                                              |   32|   0|   32|          0|
    |p_read_350_reg_7533                                             |   32|   0|   32|          0|
    |p_read_351_reg_7538                                             |   32|   0|   32|          0|
    |p_read_352_reg_7543                                             |   32|   0|   32|          0|
    |p_read_353_reg_7548                                             |   32|   0|   32|          0|
    |p_read_354_reg_7553                                             |   32|   0|   32|          0|
    |p_read_355_reg_7558                                             |   32|   0|   32|          0|
    |p_read_356_reg_7563                                             |   32|   0|   32|          0|
    |p_read_357_reg_7568                                             |   32|   0|   32|          0|
    |p_read_358_reg_7573                                             |   32|   0|   32|          0|
    |p_read_359_reg_7578                                             |   32|   0|   32|          0|
    |p_read_35_reg_5958                                              |   32|   0|   32|          0|
    |p_read_360_reg_7583                                             |   32|   0|   32|          0|
    |p_read_361_reg_7588                                             |   32|   0|   32|          0|
    |p_read_362_reg_7593                                             |   32|   0|   32|          0|
    |p_read_363_reg_7598                                             |   32|   0|   32|          0|
    |p_read_364_reg_7603                                             |   32|   0|   32|          0|
    |p_read_365_reg_7608                                             |   32|   0|   32|          0|
    |p_read_366_reg_7613                                             |   32|   0|   32|          0|
    |p_read_367_reg_7618                                             |   32|   0|   32|          0|
    |p_read_368_reg_7623                                             |   32|   0|   32|          0|
    |p_read_369_reg_7628                                             |   32|   0|   32|          0|
    |p_read_36_reg_5963                                              |   32|   0|   32|          0|
    |p_read_370_reg_7633                                             |   32|   0|   32|          0|
    |p_read_371_reg_7638                                             |   32|   0|   32|          0|
    |p_read_372_reg_7643                                             |   32|   0|   32|          0|
    |p_read_373_reg_7648                                             |   32|   0|   32|          0|
    |p_read_374_reg_7653                                             |   32|   0|   32|          0|
    |p_read_375_reg_7658                                             |   32|   0|   32|          0|
    |p_read_376_reg_7663                                             |   32|   0|   32|          0|
    |p_read_377_reg_7668                                             |   32|   0|   32|          0|
    |p_read_378_reg_7673                                             |   32|   0|   32|          0|
    |p_read_379_reg_7678                                             |   32|   0|   32|          0|
    |p_read_37_reg_5968                                              |   32|   0|   32|          0|
    |p_read_380_reg_7683                                             |   32|   0|   32|          0|
    |p_read_381_reg_7688                                             |   32|   0|   32|          0|
    |p_read_382_reg_7693                                             |   32|   0|   32|          0|
    |p_read_383_reg_7698                                             |   32|   0|   32|          0|
    |p_read_384_reg_7703                                             |   32|   0|   32|          0|
    |p_read_385_reg_7708                                             |   32|   0|   32|          0|
    |p_read_386_reg_7713                                             |   32|   0|   32|          0|
    |p_read_387_reg_7718                                             |   32|   0|   32|          0|
    |p_read_388_reg_7723                                             |   32|   0|   32|          0|
    |p_read_389_reg_7728                                             |   32|   0|   32|          0|
    |p_read_38_reg_5973                                              |   32|   0|   32|          0|
    |p_read_390_reg_7733                                             |   32|   0|   32|          0|
    |p_read_391_reg_7738                                             |   32|   0|   32|          0|
    |p_read_392_reg_7743                                             |   32|   0|   32|          0|
    |p_read_393_reg_7748                                             |   32|   0|   32|          0|
    |p_read_394_reg_7753                                             |   32|   0|   32|          0|
    |p_read_395_reg_7758                                             |   32|   0|   32|          0|
    |p_read_396_reg_7763                                             |   32|   0|   32|          0|
    |p_read_397_reg_7768                                             |   32|   0|   32|          0|
    |p_read_398_reg_7773                                             |   32|   0|   32|          0|
    |p_read_399_reg_7778                                             |   32|   0|   32|          0|
    |p_read_39_reg_5978                                              |   32|   0|   32|          0|
    |p_read_3_reg_5798                                               |   32|   0|   32|          0|
    |p_read_400_reg_7783                                             |   32|   0|   32|          0|
    |p_read_401_reg_7788                                             |   32|   0|   32|          0|
    |p_read_402_reg_7793                                             |   32|   0|   32|          0|
    |p_read_403_reg_7798                                             |   32|   0|   32|          0|
    |p_read_404_reg_7803                                             |   32|   0|   32|          0|
    |p_read_405_reg_7808                                             |   32|   0|   32|          0|
    |p_read_406_reg_7813                                             |   32|   0|   32|          0|
    |p_read_407_reg_7818                                             |   32|   0|   32|          0|
    |p_read_408_reg_7823                                             |   32|   0|   32|          0|
    |p_read_409_reg_7828                                             |   32|   0|   32|          0|
    |p_read_40_reg_5983                                              |   32|   0|   32|          0|
    |p_read_410_reg_7833                                             |   32|   0|   32|          0|
    |p_read_411_reg_7838                                             |   32|   0|   32|          0|
    |p_read_412_reg_7843                                             |   32|   0|   32|          0|
    |p_read_413_reg_7848                                             |   32|   0|   32|          0|
    |p_read_414_reg_7853                                             |   32|   0|   32|          0|
    |p_read_415_reg_7858                                             |   32|   0|   32|          0|
    |p_read_416_reg_7863                                             |   32|   0|   32|          0|
    |p_read_417_reg_7868                                             |   32|   0|   32|          0|
    |p_read_418_reg_7873                                             |   32|   0|   32|          0|
    |p_read_419_reg_7878                                             |   32|   0|   32|          0|
    |p_read_41_reg_5988                                              |   32|   0|   32|          0|
    |p_read_420_reg_7883                                             |   32|   0|   32|          0|
    |p_read_421_reg_7888                                             |   32|   0|   32|          0|
    |p_read_422_reg_7893                                             |   32|   0|   32|          0|
    |p_read_423_reg_7898                                             |   32|   0|   32|          0|
    |p_read_424_reg_7903                                             |   32|   0|   32|          0|
    |p_read_425_reg_7908                                             |   32|   0|   32|          0|
    |p_read_426_reg_7913                                             |   32|   0|   32|          0|
    |p_read_427_reg_7918                                             |   32|   0|   32|          0|
    |p_read_428_reg_7923                                             |   32|   0|   32|          0|
    |p_read_429_reg_7928                                             |   32|   0|   32|          0|
    |p_read_42_reg_5993                                              |   32|   0|   32|          0|
    |p_read_430_reg_7933                                             |   32|   0|   32|          0|
    |p_read_431_reg_7938                                             |   32|   0|   32|          0|
    |p_read_432_reg_7943                                             |   32|   0|   32|          0|
    |p_read_433_reg_7948                                             |   32|   0|   32|          0|
    |p_read_434_reg_7953                                             |   32|   0|   32|          0|
    |p_read_435_reg_7958                                             |   32|   0|   32|          0|
    |p_read_436_reg_7963                                             |   32|   0|   32|          0|
    |p_read_437_reg_7968                                             |   32|   0|   32|          0|
    |p_read_438_reg_7973                                             |   32|   0|   32|          0|
    |p_read_439_reg_7978                                             |   32|   0|   32|          0|
    |p_read_43_reg_5998                                              |   32|   0|   32|          0|
    |p_read_440_reg_7983                                             |   32|   0|   32|          0|
    |p_read_441_reg_7988                                             |   32|   0|   32|          0|
    |p_read_442_reg_7993                                             |   32|   0|   32|          0|
    |p_read_443_reg_7998                                             |   32|   0|   32|          0|
    |p_read_444_reg_8003                                             |   32|   0|   32|          0|
    |p_read_445_reg_8008                                             |   32|   0|   32|          0|
    |p_read_446_reg_8013                                             |   32|   0|   32|          0|
    |p_read_447_reg_8018                                             |   32|   0|   32|          0|
    |p_read_448_reg_8023                                             |   32|   0|   32|          0|
    |p_read_449_reg_8028                                             |   32|   0|   32|          0|
    |p_read_44_reg_6003                                              |   32|   0|   32|          0|
    |p_read_45_reg_6008                                              |   32|   0|   32|          0|
    |p_read_46_reg_6013                                              |   32|   0|   32|          0|
    |p_read_47_reg_6018                                              |   32|   0|   32|          0|
    |p_read_48_reg_6023                                              |   32|   0|   32|          0|
    |p_read_49_reg_6028                                              |   32|   0|   32|          0|
    |p_read_4_reg_5803                                               |   32|   0|   32|          0|
    |p_read_50_reg_6033                                              |   32|   0|   32|          0|
    |p_read_51_reg_6038                                              |   32|   0|   32|          0|
    |p_read_52_reg_6043                                              |   32|   0|   32|          0|
    |p_read_53_reg_6048                                              |   32|   0|   32|          0|
    |p_read_54_reg_6053                                              |   32|   0|   32|          0|
    |p_read_55_reg_6058                                              |   32|   0|   32|          0|
    |p_read_56_reg_6063                                              |   32|   0|   32|          0|
    |p_read_57_reg_6068                                              |   32|   0|   32|          0|
    |p_read_58_reg_6073                                              |   32|   0|   32|          0|
    |p_read_59_reg_6078                                              |   32|   0|   32|          0|
    |p_read_5_reg_5808                                               |   32|   0|   32|          0|
    |p_read_60_reg_6083                                              |   32|   0|   32|          0|
    |p_read_61_reg_6088                                              |   32|   0|   32|          0|
    |p_read_62_reg_6093                                              |   32|   0|   32|          0|
    |p_read_63_reg_6098                                              |   32|   0|   32|          0|
    |p_read_64_reg_6103                                              |   32|   0|   32|          0|
    |p_read_65_reg_6108                                              |   32|   0|   32|          0|
    |p_read_66_reg_6113                                              |   32|   0|   32|          0|
    |p_read_67_reg_6118                                              |   32|   0|   32|          0|
    |p_read_68_reg_6123                                              |   32|   0|   32|          0|
    |p_read_69_reg_6128                                              |   32|   0|   32|          0|
    |p_read_6_reg_5813                                               |   32|   0|   32|          0|
    |p_read_70_reg_6133                                              |   32|   0|   32|          0|
    |p_read_71_reg_6138                                              |   32|   0|   32|          0|
    |p_read_72_reg_6143                                              |   32|   0|   32|          0|
    |p_read_73_reg_6148                                              |   32|   0|   32|          0|
    |p_read_74_reg_6153                                              |   32|   0|   32|          0|
    |p_read_75_reg_6158                                              |   32|   0|   32|          0|
    |p_read_76_reg_6163                                              |   32|   0|   32|          0|
    |p_read_77_reg_6168                                              |   32|   0|   32|          0|
    |p_read_78_reg_6173                                              |   32|   0|   32|          0|
    |p_read_79_reg_6178                                              |   32|   0|   32|          0|
    |p_read_7_reg_5818                                               |   32|   0|   32|          0|
    |p_read_80_reg_6183                                              |   32|   0|   32|          0|
    |p_read_81_reg_6188                                              |   32|   0|   32|          0|
    |p_read_82_reg_6193                                              |   32|   0|   32|          0|
    |p_read_83_reg_6198                                              |   32|   0|   32|          0|
    |p_read_84_reg_6203                                              |   32|   0|   32|          0|
    |p_read_85_reg_6208                                              |   32|   0|   32|          0|
    |p_read_86_reg_6213                                              |   32|   0|   32|          0|
    |p_read_87_reg_6218                                              |   32|   0|   32|          0|
    |p_read_88_reg_6223                                              |   32|   0|   32|          0|
    |p_read_89_reg_6228                                              |   32|   0|   32|          0|
    |p_read_8_reg_5823                                               |   32|   0|   32|          0|
    |p_read_90_reg_6233                                              |   32|   0|   32|          0|
    |p_read_91_reg_6238                                              |   32|   0|   32|          0|
    |p_read_92_reg_6243                                              |   32|   0|   32|          0|
    |p_read_93_reg_6248                                              |   32|   0|   32|          0|
    |p_read_94_reg_6253                                              |   32|   0|   32|          0|
    |p_read_95_reg_6258                                              |   32|   0|   32|          0|
    |p_read_96_reg_6263                                              |   32|   0|   32|          0|
    |p_read_97_reg_6268                                              |   32|   0|   32|          0|
    |p_read_98_reg_6273                                              |   32|   0|   32|          0|
    |p_read_99_reg_6278                                              |   32|   0|   32|          0|
    |p_read_9_reg_5828                                               |   32|   0|   32|          0|
    |s_fh_reg_3722                                                   |   32|   0|   32|          0|
    |s_ih_fu_1002                                                    |    4|   0|    4|          0|
    |s_iw_1_reg_8335                                                 |    4|   0|    4|          0|
    |s_iw_reg_3745                                                   |    4|   0|    4|          0|
    |s_window_h_fu_1006                                              |    5|   0|    5|          0|
    |s_window_w_reg_3734                                             |    3|   0|    3|          0|
    |sub_ln40_1_reg_8072                                             |   36|   0|   37|          1|
    |tmp_10_i_reg_8135                                               |   32|   0|   32|          0|
    |tmp_11_i_reg_8140                                               |   32|   0|   32|          0|
    |tmp_12_i_reg_8145                                               |   32|   0|   32|          0|
    |tmp_13_i_reg_8150                                               |   32|   0|   32|          0|
    |tmp_14_i_reg_8155                                               |   32|   0|   32|          0|
    |tmp_15_i_reg_8160                                               |   32|   0|   32|          0|
    |tmp_16_i_reg_8165                                               |   32|   0|   32|          0|
    |tmp_17_i_reg_8170                                               |   32|   0|   32|          0|
    |tmp_18_i_reg_8175                                               |   32|   0|   32|          0|
    |tmp_19_i_reg_8180                                               |   32|   0|   32|          0|
    |tmp_1_i_reg_8085                                                |   32|   0|   32|          0|
    |tmp_20_i_reg_8185                                               |   32|   0|   32|          0|
    |tmp_21_i_reg_8190                                               |   32|   0|   32|          0|
    |tmp_22_i_reg_8195                                               |   32|   0|   32|          0|
    |tmp_23_i_reg_8200                                               |   32|   0|   32|          0|
    |tmp_24_i_reg_8205                                               |   32|   0|   32|          0|
    |tmp_25_i_reg_8210                                               |   32|   0|   32|          0|
    |tmp_26_i_reg_8215                                               |   32|   0|   32|          0|
    |tmp_27_i_reg_8220                                               |   32|   0|   32|          0|
    |tmp_28_i_reg_8225                                               |   32|   0|   32|          0|
    |tmp_29_i_reg_8230                                               |   32|   0|   32|          0|
    |tmp_2_i_reg_8090                                                |   32|   0|   32|          0|
    |tmp_30_i_reg_8235                                               |   32|   0|   32|          0|
    |tmp_31_i_reg_8240                                               |   32|   0|   32|          0|
    |tmp_32_i_reg_8245                                               |   32|   0|   32|          0|
    |tmp_33_i_reg_8250                                               |   32|   0|   32|          0|
    |tmp_34_i_reg_8255                                               |   32|   0|   32|          0|
    |tmp_35_i_reg_8260                                               |   32|   0|   32|          0|
    |tmp_36_i_reg_8265                                               |   32|   0|   32|          0|
    |tmp_37_i_reg_8270                                               |   32|   0|   32|          0|
    |tmp_38_i_reg_8275                                               |   32|   0|   32|          0|
    |tmp_39_i_reg_8280                                               |   32|   0|   32|          0|
    |tmp_3_i_reg_8095                                                |   32|   0|   32|          0|
    |tmp_40_i_reg_8285                                               |   32|   0|   32|          0|
    |tmp_41_i_reg_8290                                               |   32|   0|   32|          0|
    |tmp_42_i_reg_8295                                               |   32|   0|   32|          0|
    |tmp_43_i_reg_8300                                               |   32|   0|   32|          0|
    |tmp_44_i_reg_8305                                               |   32|   0|   32|          0|
    |tmp_45_i_reg_8310                                               |   32|   0|   32|          0|
    |tmp_46_i_reg_8315                                               |   32|   0|   32|          0|
    |tmp_47_i_reg_8320                                               |   32|   0|   32|          0|
    |tmp_48_i_reg_8325                                               |   32|   0|   32|          0|
    |tmp_4_i_reg_8100                                                |   32|   0|   32|          0|
    |tmp_5_i_reg_8105                                                |   32|   0|   32|          0|
    |tmp_6_i_reg_8110                                                |   32|   0|   32|          0|
    |tmp_7_i_reg_8115                                                |   32|   0|   32|          0|
    |tmp_8_i_reg_8120                                                |   32|   0|   32|          0|
    |tmp_9_i_reg_8125                                                |   32|   0|   32|          0|
    |tmp_i_43_reg_8130                                               |   32|   0|   32|          0|
    |tmp_i_reg_8080                                                  |   32|   0|   32|          0|
    |zext_ln37_reg_8049                                              |    4|   0|   32|         28|
    +----------------------------------------------------------------+-----+----+-----+-----------+
    |Total                                                           |16191|   0|16220|         29|
    +----------------------------------------------------------------+-----+----+-----+-----------+



================================================================
== Interface
================================================================
* Summary: 
+------------------------+-----+-----+------------+--------------------------------------------------------------------+--------------+
|        RTL Ports       | Dir | Bits|  Protocol  |                            Source Object                           |    C Type    |
+------------------------+-----+-----+------------+--------------------------------------------------------------------+--------------+
|ap_clk                  |   in|    1|  ap_ctrl_hs|  out_conv2mem<2, 13, 13, 3, 3, 2, 11, 11, 1, 162, 1, 1, 5, 5, 2, 3>|  return value|
|ap_rst                  |   in|    1|  ap_ctrl_hs|  out_conv2mem<2, 13, 13, 3, 3, 2, 11, 11, 1, 162, 1, 1, 5, 5, 2, 3>|  return value|
|ap_start                |   in|    1|  ap_ctrl_hs|  out_conv2mem<2, 13, 13, 3, 3, 2, 11, 11, 1, 162, 1, 1, 5, 5, 2, 3>|  return value|
|ap_done                 |  out|    1|  ap_ctrl_hs|  out_conv2mem<2, 13, 13, 3, 3, 2, 11, 11, 1, 162, 1, 1, 5, 5, 2, 3>|  return value|
|ap_continue             |   in|    1|  ap_ctrl_hs|  out_conv2mem<2, 13, 13, 3, 3, 2, 11, 11, 1, 162, 1, 1, 5, 5, 2, 3>|  return value|
|ap_idle                 |  out|    1|  ap_ctrl_hs|  out_conv2mem<2, 13, 13, 3, 3, 2, 11, 11, 1, 162, 1, 1, 5, 5, 2, 3>|  return value|
|ap_ready                |  out|    1|  ap_ctrl_hs|  out_conv2mem<2, 13, 13, 3, 3, 2, 11, 11, 1, 162, 1, 1, 5, 5, 2, 3>|  return value|
|p_read                  |   in|   32|     ap_none|                                                              p_read|        scalar|
|p_read1                 |   in|   32|     ap_none|                                                             p_read1|        scalar|
|p_read2                 |   in|   32|     ap_none|                                                             p_read2|        scalar|
|p_read3                 |   in|   32|     ap_none|                                                             p_read3|        scalar|
|p_read4                 |   in|   32|     ap_none|                                                             p_read4|        scalar|
|p_read5                 |   in|   32|     ap_none|                                                             p_read5|        scalar|
|p_read6                 |   in|   32|     ap_none|                                                             p_read6|        scalar|
|p_read7                 |   in|   32|     ap_none|                                                             p_read7|        scalar|
|p_read8                 |   in|   32|     ap_none|                                                             p_read8|        scalar|
|p_read9                 |   in|   32|     ap_none|                                                             p_read9|        scalar|
|p_read10                |   in|   32|     ap_none|                                                            p_read10|        scalar|
|p_read11                |   in|   32|     ap_none|                                                            p_read11|        scalar|
|p_read12                |   in|   32|     ap_none|                                                            p_read12|        scalar|
|p_read13                |   in|   32|     ap_none|                                                            p_read13|        scalar|
|p_read14                |   in|   32|     ap_none|                                                            p_read14|        scalar|
|p_read15                |   in|   32|     ap_none|                                                            p_read15|        scalar|
|p_read16                |   in|   32|     ap_none|                                                            p_read16|        scalar|
|p_read17                |   in|   32|     ap_none|                                                            p_read17|        scalar|
|p_read18                |   in|   32|     ap_none|                                                            p_read18|        scalar|
|p_read19                |   in|   32|     ap_none|                                                            p_read19|        scalar|
|p_read20                |   in|   32|     ap_none|                                                            p_read20|        scalar|
|p_read21                |   in|   32|     ap_none|                                                            p_read21|        scalar|
|p_read22                |   in|   32|     ap_none|                                                            p_read22|        scalar|
|p_read23                |   in|   32|     ap_none|                                                            p_read23|        scalar|
|p_read24                |   in|   32|     ap_none|                                                            p_read24|        scalar|
|p_read25                |   in|   32|     ap_none|                                                            p_read25|        scalar|
|p_read26                |   in|   32|     ap_none|                                                            p_read26|        scalar|
|p_read27                |   in|   32|     ap_none|                                                            p_read27|        scalar|
|p_read28                |   in|   32|     ap_none|                                                            p_read28|        scalar|
|p_read29                |   in|   32|     ap_none|                                                            p_read29|        scalar|
|p_read30                |   in|   32|     ap_none|                                                            p_read30|        scalar|
|p_read31                |   in|   32|     ap_none|                                                            p_read31|        scalar|
|p_read32                |   in|   32|     ap_none|                                                            p_read32|        scalar|
|p_read33                |   in|   32|     ap_none|                                                            p_read33|        scalar|
|p_read34                |   in|   32|     ap_none|                                                            p_read34|        scalar|
|p_read35                |   in|   32|     ap_none|                                                            p_read35|        scalar|
|p_read36                |   in|   32|     ap_none|                                                            p_read36|        scalar|
|p_read37                |   in|   32|     ap_none|                                                            p_read37|        scalar|
|p_read38                |   in|   32|     ap_none|                                                            p_read38|        scalar|
|p_read39                |   in|   32|     ap_none|                                                            p_read39|        scalar|
|p_read40                |   in|   32|     ap_none|                                                            p_read40|        scalar|
|p_read41                |   in|   32|     ap_none|                                                            p_read41|        scalar|
|p_read42                |   in|   32|     ap_none|                                                            p_read42|        scalar|
|p_read43                |   in|   32|     ap_none|                                                            p_read43|        scalar|
|p_read44                |   in|   32|     ap_none|                                                            p_read44|        scalar|
|p_read45                |   in|   32|     ap_none|                                                            p_read45|        scalar|
|p_read46                |   in|   32|     ap_none|                                                            p_read46|        scalar|
|p_read47                |   in|   32|     ap_none|                                                            p_read47|        scalar|
|p_read48                |   in|   32|     ap_none|                                                            p_read48|        scalar|
|p_read49                |   in|   32|     ap_none|                                                            p_read49|        scalar|
|p_read50                |   in|   32|     ap_none|                                                            p_read50|        scalar|
|p_read51                |   in|   32|     ap_none|                                                            p_read51|        scalar|
|p_read52                |   in|   32|     ap_none|                                                            p_read52|        scalar|
|p_read53                |   in|   32|     ap_none|                                                            p_read53|        scalar|
|p_read54                |   in|   32|     ap_none|                                                            p_read54|        scalar|
|p_read55                |   in|   32|     ap_none|                                                            p_read55|        scalar|
|p_read56                |   in|   32|     ap_none|                                                            p_read56|        scalar|
|p_read57                |   in|   32|     ap_none|                                                            p_read57|        scalar|
|p_read58                |   in|   32|     ap_none|                                                            p_read58|        scalar|
|p_read59                |   in|   32|     ap_none|                                                            p_read59|        scalar|
|p_read60                |   in|   32|     ap_none|                                                            p_read60|        scalar|
|p_read61                |   in|   32|     ap_none|                                                            p_read61|        scalar|
|p_read62                |   in|   32|     ap_none|                                                            p_read62|        scalar|
|p_read63                |   in|   32|     ap_none|                                                            p_read63|        scalar|
|p_read64                |   in|   32|     ap_none|                                                            p_read64|        scalar|
|p_read65                |   in|   32|     ap_none|                                                            p_read65|        scalar|
|p_read66                |   in|   32|     ap_none|                                                            p_read66|        scalar|
|p_read67                |   in|   32|     ap_none|                                                            p_read67|        scalar|
|p_read68                |   in|   32|     ap_none|                                                            p_read68|        scalar|
|p_read69                |   in|   32|     ap_none|                                                            p_read69|        scalar|
|p_read70                |   in|   32|     ap_none|                                                            p_read70|        scalar|
|p_read71                |   in|   32|     ap_none|                                                            p_read71|        scalar|
|p_read72                |   in|   32|     ap_none|                                                            p_read72|        scalar|
|p_read73                |   in|   32|     ap_none|                                                            p_read73|        scalar|
|p_read74                |   in|   32|     ap_none|                                                            p_read74|        scalar|
|p_read75                |   in|   32|     ap_none|                                                            p_read75|        scalar|
|p_read76                |   in|   32|     ap_none|                                                            p_read76|        scalar|
|p_read77                |   in|   32|     ap_none|                                                            p_read77|        scalar|
|p_read78                |   in|   32|     ap_none|                                                            p_read78|        scalar|
|p_read79                |   in|   32|     ap_none|                                                            p_read79|        scalar|
|p_read80                |   in|   32|     ap_none|                                                            p_read80|        scalar|
|p_read81                |   in|   32|     ap_none|                                                            p_read81|        scalar|
|p_read82                |   in|   32|     ap_none|                                                            p_read82|        scalar|
|p_read83                |   in|   32|     ap_none|                                                            p_read83|        scalar|
|p_read84                |   in|   32|     ap_none|                                                            p_read84|        scalar|
|p_read85                |   in|   32|     ap_none|                                                            p_read85|        scalar|
|p_read86                |   in|   32|     ap_none|                                                            p_read86|        scalar|
|p_read87                |   in|   32|     ap_none|                                                            p_read87|        scalar|
|p_read88                |   in|   32|     ap_none|                                                            p_read88|        scalar|
|p_read89                |   in|   32|     ap_none|                                                            p_read89|        scalar|
|p_read90                |   in|   32|     ap_none|                                                            p_read90|        scalar|
|p_read91                |   in|   32|     ap_none|                                                            p_read91|        scalar|
|p_read92                |   in|   32|     ap_none|                                                            p_read92|        scalar|
|p_read93                |   in|   32|     ap_none|                                                            p_read93|        scalar|
|p_read94                |   in|   32|     ap_none|                                                            p_read94|        scalar|
|p_read95                |   in|   32|     ap_none|                                                            p_read95|        scalar|
|p_read96                |   in|   32|     ap_none|                                                            p_read96|        scalar|
|p_read97                |   in|   32|     ap_none|                                                            p_read97|        scalar|
|p_read98                |   in|   32|     ap_none|                                                            p_read98|        scalar|
|p_read99                |   in|   32|     ap_none|                                                            p_read99|        scalar|
|p_read100               |   in|   32|     ap_none|                                                           p_read100|        scalar|
|p_read101               |   in|   32|     ap_none|                                                           p_read101|        scalar|
|p_read102               |   in|   32|     ap_none|                                                           p_read102|        scalar|
|p_read103               |   in|   32|     ap_none|                                                           p_read103|        scalar|
|p_read104               |   in|   32|     ap_none|                                                           p_read104|        scalar|
|p_read105               |   in|   32|     ap_none|                                                           p_read105|        scalar|
|p_read106               |   in|   32|     ap_none|                                                           p_read106|        scalar|
|p_read107               |   in|   32|     ap_none|                                                           p_read107|        scalar|
|p_read108               |   in|   32|     ap_none|                                                           p_read108|        scalar|
|p_read109               |   in|   32|     ap_none|                                                           p_read109|        scalar|
|p_read110               |   in|   32|     ap_none|                                                           p_read110|        scalar|
|p_read111               |   in|   32|     ap_none|                                                           p_read111|        scalar|
|p_read112               |   in|   32|     ap_none|                                                           p_read112|        scalar|
|p_read113               |   in|   32|     ap_none|                                                           p_read113|        scalar|
|p_read114               |   in|   32|     ap_none|                                                           p_read114|        scalar|
|p_read115               |   in|   32|     ap_none|                                                           p_read115|        scalar|
|p_read116               |   in|   32|     ap_none|                                                           p_read116|        scalar|
|p_read117               |   in|   32|     ap_none|                                                           p_read117|        scalar|
|p_read118               |   in|   32|     ap_none|                                                           p_read118|        scalar|
|p_read119               |   in|   32|     ap_none|                                                           p_read119|        scalar|
|p_read120               |   in|   32|     ap_none|                                                           p_read120|        scalar|
|p_read121               |   in|   32|     ap_none|                                                           p_read121|        scalar|
|p_read122               |   in|   32|     ap_none|                                                           p_read122|        scalar|
|p_read123               |   in|   32|     ap_none|                                                           p_read123|        scalar|
|p_read124               |   in|   32|     ap_none|                                                           p_read124|        scalar|
|p_read125               |   in|   32|     ap_none|                                                           p_read125|        scalar|
|p_read126               |   in|   32|     ap_none|                                                           p_read126|        scalar|
|p_read127               |   in|   32|     ap_none|                                                           p_read127|        scalar|
|p_read128               |   in|   32|     ap_none|                                                           p_read128|        scalar|
|p_read129               |   in|   32|     ap_none|                                                           p_read129|        scalar|
|p_read130               |   in|   32|     ap_none|                                                           p_read130|        scalar|
|p_read131               |   in|   32|     ap_none|                                                           p_read131|        scalar|
|p_read132               |   in|   32|     ap_none|                                                           p_read132|        scalar|
|p_read133               |   in|   32|     ap_none|                                                           p_read133|        scalar|
|p_read134               |   in|   32|     ap_none|                                                           p_read134|        scalar|
|p_read135               |   in|   32|     ap_none|                                                           p_read135|        scalar|
|p_read136               |   in|   32|     ap_none|                                                           p_read136|        scalar|
|p_read137               |   in|   32|     ap_none|                                                           p_read137|        scalar|
|p_read138               |   in|   32|     ap_none|                                                           p_read138|        scalar|
|p_read139               |   in|   32|     ap_none|                                                           p_read139|        scalar|
|p_read140               |   in|   32|     ap_none|                                                           p_read140|        scalar|
|p_read141               |   in|   32|     ap_none|                                                           p_read141|        scalar|
|p_read142               |   in|   32|     ap_none|                                                           p_read142|        scalar|
|p_read143               |   in|   32|     ap_none|                                                           p_read143|        scalar|
|p_read144               |   in|   32|     ap_none|                                                           p_read144|        scalar|
|p_read145               |   in|   32|     ap_none|                                                           p_read145|        scalar|
|p_read146               |   in|   32|     ap_none|                                                           p_read146|        scalar|
|p_read147               |   in|   32|     ap_none|                                                           p_read147|        scalar|
|p_read148               |   in|   32|     ap_none|                                                           p_read148|        scalar|
|p_read149               |   in|   32|     ap_none|                                                           p_read149|        scalar|
|p_read150               |   in|   32|     ap_none|                                                           p_read150|        scalar|
|p_read151               |   in|   32|     ap_none|                                                           p_read151|        scalar|
|p_read152               |   in|   32|     ap_none|                                                           p_read152|        scalar|
|p_read153               |   in|   32|     ap_none|                                                           p_read153|        scalar|
|p_read154               |   in|   32|     ap_none|                                                           p_read154|        scalar|
|p_read155               |   in|   32|     ap_none|                                                           p_read155|        scalar|
|p_read156               |   in|   32|     ap_none|                                                           p_read156|        scalar|
|p_read157               |   in|   32|     ap_none|                                                           p_read157|        scalar|
|p_read158               |   in|   32|     ap_none|                                                           p_read158|        scalar|
|p_read159               |   in|   32|     ap_none|                                                           p_read159|        scalar|
|p_read160               |   in|   32|     ap_none|                                                           p_read160|        scalar|
|p_read161               |   in|   32|     ap_none|                                                           p_read161|        scalar|
|p_read162               |   in|   32|     ap_none|                                                           p_read162|        scalar|
|p_read163               |   in|   32|     ap_none|                                                           p_read163|        scalar|
|p_read164               |   in|   32|     ap_none|                                                           p_read164|        scalar|
|p_read165               |   in|   32|     ap_none|                                                           p_read165|        scalar|
|p_read166               |   in|   32|     ap_none|                                                           p_read166|        scalar|
|p_read167               |   in|   32|     ap_none|                                                           p_read167|        scalar|
|p_read168               |   in|   32|     ap_none|                                                           p_read168|        scalar|
|p_read169               |   in|   32|     ap_none|                                                           p_read169|        scalar|
|p_read170               |   in|   32|     ap_none|                                                           p_read170|        scalar|
|p_read171               |   in|   32|     ap_none|                                                           p_read171|        scalar|
|p_read172               |   in|   32|     ap_none|                                                           p_read172|        scalar|
|p_read173               |   in|   32|     ap_none|                                                           p_read173|        scalar|
|p_read174               |   in|   32|     ap_none|                                                           p_read174|        scalar|
|p_read175               |   in|   32|     ap_none|                                                           p_read175|        scalar|
|p_read176               |   in|   32|     ap_none|                                                           p_read176|        scalar|
|p_read177               |   in|   32|     ap_none|                                                           p_read177|        scalar|
|p_read178               |   in|   32|     ap_none|                                                           p_read178|        scalar|
|p_read179               |   in|   32|     ap_none|                                                           p_read179|        scalar|
|p_read180               |   in|   32|     ap_none|                                                           p_read180|        scalar|
|p_read181               |   in|   32|     ap_none|                                                           p_read181|        scalar|
|p_read182               |   in|   32|     ap_none|                                                           p_read182|        scalar|
|p_read183               |   in|   32|     ap_none|                                                           p_read183|        scalar|
|p_read184               |   in|   32|     ap_none|                                                           p_read184|        scalar|
|p_read185               |   in|   32|     ap_none|                                                           p_read185|        scalar|
|p_read186               |   in|   32|     ap_none|                                                           p_read186|        scalar|
|p_read187               |   in|   32|     ap_none|                                                           p_read187|        scalar|
|p_read188               |   in|   32|     ap_none|                                                           p_read188|        scalar|
|p_read189               |   in|   32|     ap_none|                                                           p_read189|        scalar|
|p_read190               |   in|   32|     ap_none|                                                           p_read190|        scalar|
|p_read191               |   in|   32|     ap_none|                                                           p_read191|        scalar|
|p_read192               |   in|   32|     ap_none|                                                           p_read192|        scalar|
|p_read193               |   in|   32|     ap_none|                                                           p_read193|        scalar|
|p_read194               |   in|   32|     ap_none|                                                           p_read194|        scalar|
|p_read195               |   in|   32|     ap_none|                                                           p_read195|        scalar|
|p_read196               |   in|   32|     ap_none|                                                           p_read196|        scalar|
|p_read197               |   in|   32|     ap_none|                                                           p_read197|        scalar|
|p_read198               |   in|   32|     ap_none|                                                           p_read198|        scalar|
|p_read199               |   in|   32|     ap_none|                                                           p_read199|        scalar|
|p_read200               |   in|   32|     ap_none|                                                           p_read200|        scalar|
|p_read201               |   in|   32|     ap_none|                                                           p_read201|        scalar|
|p_read202               |   in|   32|     ap_none|                                                           p_read202|        scalar|
|p_read203               |   in|   32|     ap_none|                                                           p_read203|        scalar|
|p_read204               |   in|   32|     ap_none|                                                           p_read204|        scalar|
|p_read205               |   in|   32|     ap_none|                                                           p_read205|        scalar|
|p_read206               |   in|   32|     ap_none|                                                           p_read206|        scalar|
|p_read207               |   in|   32|     ap_none|                                                           p_read207|        scalar|
|p_read208               |   in|   32|     ap_none|                                                           p_read208|        scalar|
|p_read209               |   in|   32|     ap_none|                                                           p_read209|        scalar|
|p_read210               |   in|   32|     ap_none|                                                           p_read210|        scalar|
|p_read211               |   in|   32|     ap_none|                                                           p_read211|        scalar|
|p_read212               |   in|   32|     ap_none|                                                           p_read212|        scalar|
|p_read213               |   in|   32|     ap_none|                                                           p_read213|        scalar|
|p_read214               |   in|   32|     ap_none|                                                           p_read214|        scalar|
|p_read215               |   in|   32|     ap_none|                                                           p_read215|        scalar|
|p_read216               |   in|   32|     ap_none|                                                           p_read216|        scalar|
|p_read217               |   in|   32|     ap_none|                                                           p_read217|        scalar|
|p_read218               |   in|   32|     ap_none|                                                           p_read218|        scalar|
|p_read219               |   in|   32|     ap_none|                                                           p_read219|        scalar|
|p_read220               |   in|   32|     ap_none|                                                           p_read220|        scalar|
|p_read221               |   in|   32|     ap_none|                                                           p_read221|        scalar|
|p_read222               |   in|   32|     ap_none|                                                           p_read222|        scalar|
|p_read223               |   in|   32|     ap_none|                                                           p_read223|        scalar|
|p_read224               |   in|   32|     ap_none|                                                           p_read224|        scalar|
|p_read225               |   in|   32|     ap_none|                                                           p_read225|        scalar|
|p_read226               |   in|   32|     ap_none|                                                           p_read226|        scalar|
|p_read227               |   in|   32|     ap_none|                                                           p_read227|        scalar|
|p_read228               |   in|   32|     ap_none|                                                           p_read228|        scalar|
|p_read229               |   in|   32|     ap_none|                                                           p_read229|        scalar|
|p_read230               |   in|   32|     ap_none|                                                           p_read230|        scalar|
|p_read231               |   in|   32|     ap_none|                                                           p_read231|        scalar|
|p_read232               |   in|   32|     ap_none|                                                           p_read232|        scalar|
|p_read233               |   in|   32|     ap_none|                                                           p_read233|        scalar|
|p_read234               |   in|   32|     ap_none|                                                           p_read234|        scalar|
|p_read235               |   in|   32|     ap_none|                                                           p_read235|        scalar|
|p_read236               |   in|   32|     ap_none|                                                           p_read236|        scalar|
|p_read237               |   in|   32|     ap_none|                                                           p_read237|        scalar|
|p_read238               |   in|   32|     ap_none|                                                           p_read238|        scalar|
|p_read239               |   in|   32|     ap_none|                                                           p_read239|        scalar|
|p_read240               |   in|   32|     ap_none|                                                           p_read240|        scalar|
|p_read241               |   in|   32|     ap_none|                                                           p_read241|        scalar|
|p_read242               |   in|   32|     ap_none|                                                           p_read242|        scalar|
|p_read243               |   in|   32|     ap_none|                                                           p_read243|        scalar|
|p_read244               |   in|   32|     ap_none|                                                           p_read244|        scalar|
|p_read245               |   in|   32|     ap_none|                                                           p_read245|        scalar|
|p_read246               |   in|   32|     ap_none|                                                           p_read246|        scalar|
|p_read247               |   in|   32|     ap_none|                                                           p_read247|        scalar|
|p_read248               |   in|   32|     ap_none|                                                           p_read248|        scalar|
|p_read249               |   in|   32|     ap_none|                                                           p_read249|        scalar|
|p_read250               |   in|   32|     ap_none|                                                           p_read250|        scalar|
|p_read251               |   in|   32|     ap_none|                                                           p_read251|        scalar|
|p_read252               |   in|   32|     ap_none|                                                           p_read252|        scalar|
|p_read253               |   in|   32|     ap_none|                                                           p_read253|        scalar|
|p_read254               |   in|   32|     ap_none|                                                           p_read254|        scalar|
|p_read255               |   in|   32|     ap_none|                                                           p_read255|        scalar|
|p_read256               |   in|   32|     ap_none|                                                           p_read256|        scalar|
|p_read257               |   in|   32|     ap_none|                                                           p_read257|        scalar|
|p_read258               |   in|   32|     ap_none|                                                           p_read258|        scalar|
|p_read259               |   in|   32|     ap_none|                                                           p_read259|        scalar|
|p_read260               |   in|   32|     ap_none|                                                           p_read260|        scalar|
|p_read261               |   in|   32|     ap_none|                                                           p_read261|        scalar|
|p_read262               |   in|   32|     ap_none|                                                           p_read262|        scalar|
|p_read263               |   in|   32|     ap_none|                                                           p_read263|        scalar|
|p_read264               |   in|   32|     ap_none|                                                           p_read264|        scalar|
|p_read265               |   in|   32|     ap_none|                                                           p_read265|        scalar|
|p_read266               |   in|   32|     ap_none|                                                           p_read266|        scalar|
|p_read267               |   in|   32|     ap_none|                                                           p_read267|        scalar|
|p_read268               |   in|   32|     ap_none|                                                           p_read268|        scalar|
|p_read269               |   in|   32|     ap_none|                                                           p_read269|        scalar|
|p_read270               |   in|   32|     ap_none|                                                           p_read270|        scalar|
|p_read271               |   in|   32|     ap_none|                                                           p_read271|        scalar|
|p_read272               |   in|   32|     ap_none|                                                           p_read272|        scalar|
|p_read273               |   in|   32|     ap_none|                                                           p_read273|        scalar|
|p_read274               |   in|   32|     ap_none|                                                           p_read274|        scalar|
|p_read275               |   in|   32|     ap_none|                                                           p_read275|        scalar|
|p_read276               |   in|   32|     ap_none|                                                           p_read276|        scalar|
|p_read277               |   in|   32|     ap_none|                                                           p_read277|        scalar|
|p_read278               |   in|   32|     ap_none|                                                           p_read278|        scalar|
|p_read279               |   in|   32|     ap_none|                                                           p_read279|        scalar|
|p_read280               |   in|   32|     ap_none|                                                           p_read280|        scalar|
|p_read281               |   in|   32|     ap_none|                                                           p_read281|        scalar|
|p_read282               |   in|   32|     ap_none|                                                           p_read282|        scalar|
|p_read283               |   in|   32|     ap_none|                                                           p_read283|        scalar|
|p_read284               |   in|   32|     ap_none|                                                           p_read284|        scalar|
|p_read285               |   in|   32|     ap_none|                                                           p_read285|        scalar|
|p_read286               |   in|   32|     ap_none|                                                           p_read286|        scalar|
|p_read287               |   in|   32|     ap_none|                                                           p_read287|        scalar|
|p_read288               |   in|   32|     ap_none|                                                           p_read288|        scalar|
|p_read289               |   in|   32|     ap_none|                                                           p_read289|        scalar|
|p_read290               |   in|   32|     ap_none|                                                           p_read290|        scalar|
|p_read291               |   in|   32|     ap_none|                                                           p_read291|        scalar|
|p_read292               |   in|   32|     ap_none|                                                           p_read292|        scalar|
|p_read293               |   in|   32|     ap_none|                                                           p_read293|        scalar|
|p_read294               |   in|   32|     ap_none|                                                           p_read294|        scalar|
|p_read295               |   in|   32|     ap_none|                                                           p_read295|        scalar|
|p_read296               |   in|   32|     ap_none|                                                           p_read296|        scalar|
|p_read297               |   in|   32|     ap_none|                                                           p_read297|        scalar|
|p_read298               |   in|   32|     ap_none|                                                           p_read298|        scalar|
|p_read299               |   in|   32|     ap_none|                                                           p_read299|        scalar|
|p_read300               |   in|   32|     ap_none|                                                           p_read300|        scalar|
|p_read301               |   in|   32|     ap_none|                                                           p_read301|        scalar|
|p_read302               |   in|   32|     ap_none|                                                           p_read302|        scalar|
|p_read303               |   in|   32|     ap_none|                                                           p_read303|        scalar|
|p_read304               |   in|   32|     ap_none|                                                           p_read304|        scalar|
|p_read305               |   in|   32|     ap_none|                                                           p_read305|        scalar|
|p_read306               |   in|   32|     ap_none|                                                           p_read306|        scalar|
|p_read307               |   in|   32|     ap_none|                                                           p_read307|        scalar|
|p_read308               |   in|   32|     ap_none|                                                           p_read308|        scalar|
|p_read309               |   in|   32|     ap_none|                                                           p_read309|        scalar|
|p_read310               |   in|   32|     ap_none|                                                           p_read310|        scalar|
|p_read311               |   in|   32|     ap_none|                                                           p_read311|        scalar|
|p_read312               |   in|   32|     ap_none|                                                           p_read312|        scalar|
|p_read313               |   in|   32|     ap_none|                                                           p_read313|        scalar|
|p_read314               |   in|   32|     ap_none|                                                           p_read314|        scalar|
|p_read315               |   in|   32|     ap_none|                                                           p_read315|        scalar|
|p_read316               |   in|   32|     ap_none|                                                           p_read316|        scalar|
|p_read317               |   in|   32|     ap_none|                                                           p_read317|        scalar|
|p_read318               |   in|   32|     ap_none|                                                           p_read318|        scalar|
|p_read319               |   in|   32|     ap_none|                                                           p_read319|        scalar|
|p_read320               |   in|   32|     ap_none|                                                           p_read320|        scalar|
|p_read321               |   in|   32|     ap_none|                                                           p_read321|        scalar|
|p_read322               |   in|   32|     ap_none|                                                           p_read322|        scalar|
|p_read323               |   in|   32|     ap_none|                                                           p_read323|        scalar|
|p_read324               |   in|   32|     ap_none|                                                           p_read324|        scalar|
|p_read325               |   in|   32|     ap_none|                                                           p_read325|        scalar|
|p_read326               |   in|   32|     ap_none|                                                           p_read326|        scalar|
|p_read327               |   in|   32|     ap_none|                                                           p_read327|        scalar|
|p_read328               |   in|   32|     ap_none|                                                           p_read328|        scalar|
|p_read329               |   in|   32|     ap_none|                                                           p_read329|        scalar|
|p_read330               |   in|   32|     ap_none|                                                           p_read330|        scalar|
|p_read331               |   in|   32|     ap_none|                                                           p_read331|        scalar|
|p_read332               |   in|   32|     ap_none|                                                           p_read332|        scalar|
|p_read333               |   in|   32|     ap_none|                                                           p_read333|        scalar|
|p_read334               |   in|   32|     ap_none|                                                           p_read334|        scalar|
|p_read335               |   in|   32|     ap_none|                                                           p_read335|        scalar|
|p_read336               |   in|   32|     ap_none|                                                           p_read336|        scalar|
|p_read337               |   in|   32|     ap_none|                                                           p_read337|        scalar|
|p_read338               |   in|   32|     ap_none|                                                           p_read338|        scalar|
|p_read339               |   in|   32|     ap_none|                                                           p_read339|        scalar|
|p_read340               |   in|   32|     ap_none|                                                           p_read340|        scalar|
|p_read341               |   in|   32|     ap_none|                                                           p_read341|        scalar|
|p_read342               |   in|   32|     ap_none|                                                           p_read342|        scalar|
|p_read343               |   in|   32|     ap_none|                                                           p_read343|        scalar|
|p_read344               |   in|   32|     ap_none|                                                           p_read344|        scalar|
|p_read345               |   in|   32|     ap_none|                                                           p_read345|        scalar|
|p_read346               |   in|   32|     ap_none|                                                           p_read346|        scalar|
|p_read347               |   in|   32|     ap_none|                                                           p_read347|        scalar|
|p_read348               |   in|   32|     ap_none|                                                           p_read348|        scalar|
|p_read349               |   in|   32|     ap_none|                                                           p_read349|        scalar|
|p_read350               |   in|   32|     ap_none|                                                           p_read350|        scalar|
|p_read351               |   in|   32|     ap_none|                                                           p_read351|        scalar|
|p_read352               |   in|   32|     ap_none|                                                           p_read352|        scalar|
|p_read353               |   in|   32|     ap_none|                                                           p_read353|        scalar|
|p_read354               |   in|   32|     ap_none|                                                           p_read354|        scalar|
|p_read355               |   in|   32|     ap_none|                                                           p_read355|        scalar|
|p_read356               |   in|   32|     ap_none|                                                           p_read356|        scalar|
|p_read357               |   in|   32|     ap_none|                                                           p_read357|        scalar|
|p_read358               |   in|   32|     ap_none|                                                           p_read358|        scalar|
|p_read359               |   in|   32|     ap_none|                                                           p_read359|        scalar|
|p_read360               |   in|   32|     ap_none|                                                           p_read360|        scalar|
|p_read361               |   in|   32|     ap_none|                                                           p_read361|        scalar|
|p_read362               |   in|   32|     ap_none|                                                           p_read362|        scalar|
|p_read363               |   in|   32|     ap_none|                                                           p_read363|        scalar|
|p_read364               |   in|   32|     ap_none|                                                           p_read364|        scalar|
|p_read365               |   in|   32|     ap_none|                                                           p_read365|        scalar|
|p_read366               |   in|   32|     ap_none|                                                           p_read366|        scalar|
|p_read367               |   in|   32|     ap_none|                                                           p_read367|        scalar|
|p_read368               |   in|   32|     ap_none|                                                           p_read368|        scalar|
|p_read369               |   in|   32|     ap_none|                                                           p_read369|        scalar|
|p_read370               |   in|   32|     ap_none|                                                           p_read370|        scalar|
|p_read371               |   in|   32|     ap_none|                                                           p_read371|        scalar|
|p_read372               |   in|   32|     ap_none|                                                           p_read372|        scalar|
|p_read373               |   in|   32|     ap_none|                                                           p_read373|        scalar|
|p_read374               |   in|   32|     ap_none|                                                           p_read374|        scalar|
|p_read375               |   in|   32|     ap_none|                                                           p_read375|        scalar|
|p_read376               |   in|   32|     ap_none|                                                           p_read376|        scalar|
|p_read377               |   in|   32|     ap_none|                                                           p_read377|        scalar|
|p_read378               |   in|   32|     ap_none|                                                           p_read378|        scalar|
|p_read379               |   in|   32|     ap_none|                                                           p_read379|        scalar|
|p_read380               |   in|   32|     ap_none|                                                           p_read380|        scalar|
|p_read381               |   in|   32|     ap_none|                                                           p_read381|        scalar|
|p_read382               |   in|   32|     ap_none|                                                           p_read382|        scalar|
|p_read383               |   in|   32|     ap_none|                                                           p_read383|        scalar|
|p_read384               |   in|   32|     ap_none|                                                           p_read384|        scalar|
|p_read385               |   in|   32|     ap_none|                                                           p_read385|        scalar|
|p_read386               |   in|   32|     ap_none|                                                           p_read386|        scalar|
|p_read387               |   in|   32|     ap_none|                                                           p_read387|        scalar|
|p_read388               |   in|   32|     ap_none|                                                           p_read388|        scalar|
|p_read389               |   in|   32|     ap_none|                                                           p_read389|        scalar|
|p_read390               |   in|   32|     ap_none|                                                           p_read390|        scalar|
|p_read391               |   in|   32|     ap_none|                                                           p_read391|        scalar|
|p_read392               |   in|   32|     ap_none|                                                           p_read392|        scalar|
|p_read393               |   in|   32|     ap_none|                                                           p_read393|        scalar|
|p_read394               |   in|   32|     ap_none|                                                           p_read394|        scalar|
|p_read395               |   in|   32|     ap_none|                                                           p_read395|        scalar|
|p_read396               |   in|   32|     ap_none|                                                           p_read396|        scalar|
|p_read397               |   in|   32|     ap_none|                                                           p_read397|        scalar|
|p_read398               |   in|   32|     ap_none|                                                           p_read398|        scalar|
|p_read399               |   in|   32|     ap_none|                                                           p_read399|        scalar|
|p_read400               |   in|   32|     ap_none|                                                           p_read400|        scalar|
|p_read401               |   in|   32|     ap_none|                                                           p_read401|        scalar|
|p_read402               |   in|   32|     ap_none|                                                           p_read402|        scalar|
|p_read403               |   in|   32|     ap_none|                                                           p_read403|        scalar|
|p_read404               |   in|   32|     ap_none|                                                           p_read404|        scalar|
|p_read405               |   in|   32|     ap_none|                                                           p_read405|        scalar|
|p_read406               |   in|   32|     ap_none|                                                           p_read406|        scalar|
|p_read407               |   in|   32|     ap_none|                                                           p_read407|        scalar|
|p_read408               |   in|   32|     ap_none|                                                           p_read408|        scalar|
|p_read409               |   in|   32|     ap_none|                                                           p_read409|        scalar|
|p_read410               |   in|   32|     ap_none|                                                           p_read410|        scalar|
|p_read411               |   in|   32|     ap_none|                                                           p_read411|        scalar|
|p_read412               |   in|   32|     ap_none|                                                           p_read412|        scalar|
|p_read413               |   in|   32|     ap_none|                                                           p_read413|        scalar|
|p_read414               |   in|   32|     ap_none|                                                           p_read414|        scalar|
|p_read415               |   in|   32|     ap_none|                                                           p_read415|        scalar|
|p_read416               |   in|   32|     ap_none|                                                           p_read416|        scalar|
|p_read417               |   in|   32|     ap_none|                                                           p_read417|        scalar|
|p_read418               |   in|   32|     ap_none|                                                           p_read418|        scalar|
|p_read419               |   in|   32|     ap_none|                                                           p_read419|        scalar|
|p_read420               |   in|   32|     ap_none|                                                           p_read420|        scalar|
|p_read421               |   in|   32|     ap_none|                                                           p_read421|        scalar|
|p_read422               |   in|   32|     ap_none|                                                           p_read422|        scalar|
|p_read423               |   in|   32|     ap_none|                                                           p_read423|        scalar|
|p_read424               |   in|   32|     ap_none|                                                           p_read424|        scalar|
|p_read425               |   in|   32|     ap_none|                                                           p_read425|        scalar|
|p_read426               |   in|   32|     ap_none|                                                           p_read426|        scalar|
|p_read427               |   in|   32|     ap_none|                                                           p_read427|        scalar|
|p_read428               |   in|   32|     ap_none|                                                           p_read428|        scalar|
|p_read429               |   in|   32|     ap_none|                                                           p_read429|        scalar|
|p_read430               |   in|   32|     ap_none|                                                           p_read430|        scalar|
|p_read431               |   in|   32|     ap_none|                                                           p_read431|        scalar|
|p_read432               |   in|   32|     ap_none|                                                           p_read432|        scalar|
|p_read433               |   in|   32|     ap_none|                                                           p_read433|        scalar|
|p_read434               |   in|   32|     ap_none|                                                           p_read434|        scalar|
|p_read435               |   in|   32|     ap_none|                                                           p_read435|        scalar|
|p_read436               |   in|   32|     ap_none|                                                           p_read436|        scalar|
|p_read437               |   in|   32|     ap_none|                                                           p_read437|        scalar|
|p_read438               |   in|   32|     ap_none|                                                           p_read438|        scalar|
|p_read439               |   in|   32|     ap_none|                                                           p_read439|        scalar|
|p_read440               |   in|   32|     ap_none|                                                           p_read440|        scalar|
|p_read441               |   in|   32|     ap_none|                                                           p_read441|        scalar|
|p_read442               |   in|   32|     ap_none|                                                           p_read442|        scalar|
|p_read443               |   in|   32|     ap_none|                                                           p_read443|        scalar|
|p_read444               |   in|   32|     ap_none|                                                           p_read444|        scalar|
|p_read445               |   in|   32|     ap_none|                                                           p_read445|        scalar|
|p_read446               |   in|   32|     ap_none|                                                           p_read446|        scalar|
|p_read447               |   in|   32|     ap_none|                                                           p_read447|        scalar|
|p_read448               |   in|   32|     ap_none|                                                           p_read448|        scalar|
|p_read449               |   in|   32|     ap_none|                                                           p_read449|        scalar|
|m_axi_gmem1_0_AWVALID   |  out|    1|       m_axi|                                                               gmem1|       pointer|
|m_axi_gmem1_0_AWREADY   |   in|    1|       m_axi|                                                               gmem1|       pointer|
|m_axi_gmem1_0_AWADDR    |  out|   64|       m_axi|                                                               gmem1|       pointer|
|m_axi_gmem1_0_AWID      |  out|    1|       m_axi|                                                               gmem1|       pointer|
|m_axi_gmem1_0_AWLEN     |  out|   32|       m_axi|                                                               gmem1|       pointer|
|m_axi_gmem1_0_AWSIZE    |  out|    3|       m_axi|                                                               gmem1|       pointer|
|m_axi_gmem1_0_AWBURST   |  out|    2|       m_axi|                                                               gmem1|       pointer|
|m_axi_gmem1_0_AWLOCK    |  out|    2|       m_axi|                                                               gmem1|       pointer|
|m_axi_gmem1_0_AWCACHE   |  out|    4|       m_axi|                                                               gmem1|       pointer|
|m_axi_gmem1_0_AWPROT    |  out|    3|       m_axi|                                                               gmem1|       pointer|
|m_axi_gmem1_0_AWQOS     |  out|    4|       m_axi|                                                               gmem1|       pointer|
|m_axi_gmem1_0_AWREGION  |  out|    4|       m_axi|                                                               gmem1|       pointer|
|m_axi_gmem1_0_AWUSER    |  out|    1|       m_axi|                                                               gmem1|       pointer|
|m_axi_gmem1_0_WVALID    |  out|    1|       m_axi|                                                               gmem1|       pointer|
|m_axi_gmem1_0_WREADY    |   in|    1|       m_axi|                                                               gmem1|       pointer|
|m_axi_gmem1_0_WDATA     |  out|   64|       m_axi|                                                               gmem1|       pointer|
|m_axi_gmem1_0_WSTRB     |  out|    8|       m_axi|                                                               gmem1|       pointer|
|m_axi_gmem1_0_WLAST     |  out|    1|       m_axi|                                                               gmem1|       pointer|
|m_axi_gmem1_0_WID       |  out|    1|       m_axi|                                                               gmem1|       pointer|
|m_axi_gmem1_0_WUSER     |  out|    1|       m_axi|                                                               gmem1|       pointer|
|m_axi_gmem1_0_ARVALID   |  out|    1|       m_axi|                                                               gmem1|       pointer|
|m_axi_gmem1_0_ARREADY   |   in|    1|       m_axi|                                                               gmem1|       pointer|
|m_axi_gmem1_0_ARADDR    |  out|   64|       m_axi|                                                               gmem1|       pointer|
|m_axi_gmem1_0_ARID      |  out|    1|       m_axi|                                                               gmem1|       pointer|
|m_axi_gmem1_0_ARLEN     |  out|   32|       m_axi|                                                               gmem1|       pointer|
|m_axi_gmem1_0_ARSIZE    |  out|    3|       m_axi|                                                               gmem1|       pointer|
|m_axi_gmem1_0_ARBURST   |  out|    2|       m_axi|                                                               gmem1|       pointer|
|m_axi_gmem1_0_ARLOCK    |  out|    2|       m_axi|                                                               gmem1|       pointer|
|m_axi_gmem1_0_ARCACHE   |  out|    4|       m_axi|                                                               gmem1|       pointer|
|m_axi_gmem1_0_ARPROT    |  out|    3|       m_axi|                                                               gmem1|       pointer|
|m_axi_gmem1_0_ARQOS     |  out|    4|       m_axi|                                                               gmem1|       pointer|
|m_axi_gmem1_0_ARREGION  |  out|    4|       m_axi|                                                               gmem1|       pointer|
|m_axi_gmem1_0_ARUSER    |  out|    1|       m_axi|                                                               gmem1|       pointer|
|m_axi_gmem1_0_RVALID    |   in|    1|       m_axi|                                                               gmem1|       pointer|
|m_axi_gmem1_0_RREADY    |  out|    1|       m_axi|                                                               gmem1|       pointer|
|m_axi_gmem1_0_RDATA     |   in|   64|       m_axi|                                                               gmem1|       pointer|
|m_axi_gmem1_0_RLAST     |   in|    1|       m_axi|                                                               gmem1|       pointer|
|m_axi_gmem1_0_RID       |   in|    1|       m_axi|                                                               gmem1|       pointer|
|m_axi_gmem1_0_RFIFONUM  |   in|    9|       m_axi|                                                               gmem1|       pointer|
|m_axi_gmem1_0_RUSER     |   in|    1|       m_axi|                                                               gmem1|       pointer|
|m_axi_gmem1_0_RRESP     |   in|    2|       m_axi|                                                               gmem1|       pointer|
|m_axi_gmem1_0_BVALID    |   in|    1|       m_axi|                                                               gmem1|       pointer|
|m_axi_gmem1_0_BREADY    |  out|    1|       m_axi|                                                               gmem1|       pointer|
|m_axi_gmem1_0_BRESP     |   in|    2|       m_axi|                                                               gmem1|       pointer|
|m_axi_gmem1_0_BID       |   in|    1|       m_axi|                                                               gmem1|       pointer|
|m_axi_gmem1_0_BUSER     |   in|    1|       m_axi|                                                               gmem1|       pointer|
|memory_dout             |   in|   64|     ap_fifo|                                                              memory|       pointer|
|memory_empty_n          |   in|    1|     ap_fifo|                                                              memory|       pointer|
|memory_read             |  out|    1|     ap_fifo|                                                              memory|       pointer|
|memory_num_data_valid   |   in|    3|     ap_fifo|                                                              memory|       pointer|
|memory_fifo_cap         |   in|    3|     ap_fifo|                                                              memory|       pointer|
|img_0_dout              |   in|    3|     ap_fifo|                                                               img_0|       pointer|
|img_0_empty_n           |   in|    1|     ap_fifo|                                                               img_0|       pointer|
|img_0_read              |  out|    1|     ap_fifo|                                                               img_0|       pointer|
|img_0_num_data_valid    |   in|    3|     ap_fifo|                                                               img_0|       pointer|
|img_0_fifo_cap          |   in|    3|     ap_fifo|                                                               img_0|       pointer|
+------------------------+-----+-----+------------+--------------------------------------------------------------------+--------------+

