INFO-FLOW: Workspace /home/lorenzor/workspace/convolution/convolution/solution_0 opened at Tue May 27 16:08:38 UTC 2025
Execute       send_msg_by_id INFO @200-1505@%s%s default  vivado 
INFO: [HLS 200-1505] Using default flow_target 'vivado'
Execute     set_top top_wrapper 
INFO: [HLS 200-1510] Running: set_top top_wrapper 
Execute     add_files /home/lorenzor/workspace/convolution/top_wrapper.cpp 
INFO: [HLS 200-1510] Running: add_files /home/lorenzor/workspace/convolution/top_wrapper.cpp 
INFO: [HLS 200-10] Adding design file '/home/lorenzor/workspace/convolution/top_wrapper.cpp' to the project
Execute     add_files /home/lorenzor/workspace/convolution/top_wrapper.h 
INFO: [HLS 200-1510] Running: add_files /home/lorenzor/workspace/convolution/top_wrapper.h 
INFO: [HLS 200-10] Adding design file '/home/lorenzor/workspace/convolution/top_wrapper.h' to the project
Execute     add_files /home/lorenzor/workspace/convolution/conv.h 
INFO: [HLS 200-1510] Running: add_files /home/lorenzor/workspace/convolution/conv.h 
INFO: [HLS 200-10] Adding design file '/home/lorenzor/workspace/convolution/conv.h' to the project
Execute     add_files /home/lorenzor/workspace/convolution/parameter.h 
INFO: [HLS 200-1510] Running: add_files /home/lorenzor/workspace/convolution/parameter.h 
INFO: [HLS 200-10] Adding design file '/home/lorenzor/workspace/convolution/parameter.h' to the project
Execute     add_files -tb /home/lorenzor/workspace/convolution/conv_tb.cpp 
INFO: [HLS 200-1510] Running: add_files -tb /home/lorenzor/workspace/convolution/conv_tb.cpp 
INFO: [HLS 200-10] Adding test bench file '/home/lorenzor/workspace/convolution/conv_tb.cpp' to the project
Execute     set_part xck26-sfvc784-2LV-c 
INFO: [HLS 200-1510] Running: set_part xck26-sfvc784-2LV-c 
Execute       create_platform xck26-sfvc784-2LV-c -board  
DBG:HLSDevice: Trying to load device library: /tools/Xilinx/Vitis/2024.2/lib/lnx64.o/libxv_hlsvwrap.so
DBG:HLSDevice: first parts/arch.xml in RDI_DATADIR: /tools/Xilinx/Vivado/2024.2/data/parts/arch.xml
DBG:HLSDevice: init success
INFO: [HLS 200-1611] Setting target device to 'xck26-sfvc784-2LV-c'
Command       create_platform done; 2.26 sec.
Execute       source /tools/Xilinx/Vitis/2024.2/common/technology/xilinx/common/xilinx.gen 
Execute         source /tools/Xilinx/Vitis/2024.2/common/technology/xilinx/interface/plb46.gen 
Execute         source /tools/Xilinx/Vitis/2024.2/common/technology/xilinx/interface/axi4.gen 
Execute         source /tools/Xilinx/Vitis/2024.2/common/technology/xilinx/interface/nativeAXI4.gen 
Execute           source /tools/Xilinx/Vitis/2024.2/common/technology/xilinx/interface/saxilite.gen 
Execute         source /tools/Xilinx/Vitis/2024.2/common/technology/xilinx/scripts/xilinxcoregen.gen 
Execute         source /tools/Xilinx/Vitis/2024.2/common/technology/xilinx/interface/XilEDKCoreGen.gen 
Execute         source /tools/Xilinx/Vitis/2024.2/common/technology/xilinx/ip/util.gen 
Execute         source /tools/Xilinx/Vitis/2024.2/common/technology/xilinx/ip/xfft.gen 
Execute         source /tools/Xilinx/Vitis/2024.2/common/technology/xilinx/ip/xfir.gen 
Execute         source /tools/Xilinx/Vitis/2024.2/common/technology/xilinx/ip/dds_compiler.gen 
Execute         source /tools/Xilinx/Vitis/2024.2/common/technology/xilinx/DSP48/dsp48.gen 
Execute       ap_part_info -name xck26-sfvc784-2LV-c -data info 
Execute       config_compile -quiet -complex-mul-dsp=0 
Command     set_part done; 2.37 sec.
Execute     create_clock -period 5 
INFO: [HLS 200-1510] Running: create_clock -period 5 
Execute       ap_set_clock -name default -period 5 -unit ns -default=false 
INFO: [SYN 201-201] Setting up clock 'default' with a period of 5ns.
Execute     csim_design 
INFO: [HLS 200-1510] Running: csim_design 
Execute       ::AP::init_summary_file csim 
INFO-FLOW: Running SLX 'csim' proc: ::SLX::run_csim
INFO: [SIM 211-2] *************** CSIM start ***************
INFO: [SIM 211-4] CSIM will launch CLANG as the compiler.
Execute       send_msg_by_id INFO @200-2036@%s debug 
INFO: [HLS 200-2036] Building debug C Simulation binaries
Execute       source /tools/Xilinx/Vitis/2024.2/tps/tcl/tcllib1.11.1/yaml/huddle.tcl 
Execute       source /tools/Xilinx/Vitis/2024.2/tps/tcl/tcllib1.11.1/yaml/json2huddle.tcl 
Execute         source /tools/Xilinx/Vitis/2024.2/tps/tcl/tcllib1.11.1/try/try.tcl 
Execute       ap_part_info -name xck26-sfvc784-2LV-c -data info 
Execute       source run_sim.tcl 
INFO: [SIM 211-1] CSim done with 0 errors.
INFO: [SIM 211-3] *************** CSIM finish ***************
Command     csim_design done; 5.84 sec.
INFO: [HLS 200-2161] Finished Command csim_design Elapsed time: 00:00:05; Allocated memory: 0.172 MB.
Execute     csynth_design 
INFO: [HLS 200-1510] Running: csynth_design 
Execute       ::AP::init_summary_file csynth 
INFO-FLOW: Running SLX 'csynth' proc: ::SLX::run_csynth
Execute       elaborate -effort=medium -skip_syncheck=0 -keep_printf=0 -skip_cdt=0 -skip_transform=0 -ng=0 -g=0 -opt_fp=0 -from_csynth_design=1 
INFO: [HLS 200-111] Finished File checks and directory preparation: CPU user time: 0.09 seconds. CPU system time: 0.01 seconds. Elapsed time: 0.1 seconds; current allocated memory: 641.777 MB.
Execute         set_directive_top top_wrapper -name=top_wrapper 
INFO: [HLS 200-10] Analyzing design file 'top_wrapper.cpp' ... 
INFO-FLOW: Compiling one TU...
INFO-FLOW: Handling top_wrapper.cpp as C++
Execute         ap_part_info -name xck26-sfvc784-2LV-c -data info 
INFO-FLOW: Running: GCC PP 39
INFO-FLOW: Source preprocessing
INFO-FLOW: run_clang exec: /tools/Xilinx/Vitis/2024.2/lnx64/tools/clang-3.9-csynth/bin/clang top_wrapper.cpp -foptimization-record-file=/home/lorenzor/workspace/convolution/convolution/solution_0/.autopilot/db/top_wrapper.cpp.clang.diag.yml -mllvm -pass-remarks-missed=reflow|pasta|unroll|inline -mllvm -pass-remarks=reflow|pasta|unroll|inline -fno-limit-debug-info --gcc-toolchain=/tools/xilinx/Vitis/2024.2/tps/lnx64/gcc-8.3.0 -fhls -fno-exceptions -insert-hls-directive=/home/lorenzor/workspace/convolution/convolution/solution_0/.autopilot/db/all.directive.json -E -fno-math-errno -c -emit-llvm -mllvm -disable-llvm-optzns -Werror=implicit-function-declaration -Werror=implicit-hls-streams -Werror=return-type -Wpragmas -Wunused-parameter -Wdump-hls-pragmas -Wno-error=dump-hls-pragmas -hls-clock-period=5 -fno-threadsafe-statics -fno-use-cxa-atexit -std=gnu++14 -target fpga64-xilinx-linux-gnu -fno-threadsafe-statics -fno-use-cxa-atexit -D__VITIS_HLS__ -DAESL_SYN -D__SYNTHESIS__ -D__HLS_SYN__ -I /tools/Xilinx/Vitis/2024.2/common/technology/autopilot -I /tools/Xilinx/Vitis/2024.2/common/technology/autopilot/ap_sysc -include etc/autopilot_ssdm_op.h -D__DSP48E2__ -I /usr/include/x86_64-linux-gnu -o /home/lorenzor/workspace/convolution/convolution/solution_0/.autopilot/db/top_wrapper.pp.0.cpp -hls-platform-db-name=/tools/Xilinx/Vitis/2024.2/common/technology/xilinx/common/platform.db -hls-platform-name=zynquplus_medium -device-resource-info=BRAM_288.000000_DSP_1248.000000_FF_234240.000000_LUT_117120.000000_SLICE_14640.000000_URAM_64.000000 -device-name-info=xck26-sfvc784-2LV-c > /home/lorenzor/workspace/convolution/convolution/solution_0/.autopilot/db/top_wrapper.cpp.clang.out.log 2> /home/lorenzor/workspace/convolution/convolution/solution_0/.autopilot/db/top_wrapper.cpp.clang.err.log
INFO-FLOW: Done: GCC PP 39 time: 0.2 seconds per iteration
INFO-FLOW: Source syntax check for synthesis
INFO-FLOW: run_clang exec: /tools/Xilinx/Vitis/2024.2/lnx64/tools/clang-3.9-csynth/bin/clang -foptimization-record-file=/home/lorenzor/workspace/convolution/convolution/solution_0/.autopilot/db/clang.diag.yml -mllvm -pass-remarks-missed=reflow|pasta|unroll|inline -mllvm -pass-remarks=reflow|pasta|unroll|inline -fsyntax-only -fhls -target fpga64-xilinx-linux-gnu /home/lorenzor/workspace/convolution/convolution/solution_0/.autopilot/db/top_wrapper.pp.0.cpp -hls-platform-db-name=/tools/Xilinx/Vitis/2024.2/common/technology/xilinx/common/platform.db -hls-platform-name=zynquplus_medium -device-resource-info=BRAM_288.000000_DSP_1248.000000_FF_234240.000000_LUT_117120.000000_SLICE_14640.000000_URAM_64.000000 -device-name-info=xck26-sfvc784-2LV-c > /home/lorenzor/workspace/convolution/convolution/solution_0/.autopilot/db/clang.out.log 2> /home/lorenzor/workspace/convolution/convolution/solution_0/.autopilot/db/clang.err.log
Execute         clang_tidy xilinx-systemc-detector -desc systemc-detector /home/lorenzor/workspace/convolution/convolution/solution_0/.autopilot/db/top_wrapper.pp.0.cpp std=gnu++14 -target fpga  -directive=/home/lorenzor/workspace/convolution/convolution/solution_0/.autopilot/db/.systemc_flag 
INFO-FLOW: exec /tools/Xilinx/Vitis/2024.2/lnx64/tools/clang-3.9-csynth/bin/clang-tidy -header-filter=.* --checks=-*,xilinx-systemc-detector -import-directive=/home/lorenzor/workspace/convolution/convolution/solution_0/.autopilot/db/.systemc_flag -fix-errors /home/lorenzor/workspace/convolution/convolution/solution_0/.autopilot/db/top_wrapper.pp.0.cpp -- -std=gnu++14 -target fpga -fhls -ferror-limit=0
Command         clang_tidy done; 0.62 sec.
INFO-FLOW: Running: clang-tidy CDT preprocess 39
Execute         clang_tidy xilinx-directive2pragma -desc directive2pragma /home/lorenzor/workspace/convolution/convolution/solution_0/.autopilot/db/top_wrapper.pp.0.cpp std=gnu++14 -target fpga  -directive=/home/lorenzor/workspace/convolution/convolution/solution_0/.autopilot/db/all.directive.json 
INFO-FLOW: exec /tools/Xilinx/Vitis/2024.2/lnx64/tools/clang-3.9-csynth/bin/clang-tidy -header-filter=.* --checks=-*,xilinx-directive2pragma -import-directive=/home/lorenzor/workspace/convolution/convolution/solution_0/.autopilot/db/all.directive.json -fix-errors /home/lorenzor/workspace/convolution/convolution/solution_0/.autopilot/db/top_wrapper.pp.0.cpp -- -std=gnu++14 -target fpga -fhls -ferror-limit=0
Command         clang_tidy done; 0.95 sec.
INFO-FLOW: Done: clang-tidy CDT preprocess 39 time: 0.9 seconds per iteration
INFO-FLOW: Calling xilinx-label-all-loops ... 
INFO-FLOW: Calling xilinx-aggregate-on-hls-vector ... 
Execute         clang_tidy -errorcheck -desc loop-label xilinx-label-all-loops,xilinx-aggregate-on-hls-vector,,xilinx-warn-mayneed-no-ctor-attribute /home/lorenzor/workspace/convolution/convolution/solution_0/.autopilot/db/top_wrapper.pp.0.cpp std=gnu++14 -target fpga  
INFO-FLOW: run_clang exec: /tools/Xilinx/Vitis/2024.2/lnx64/tools/clang-3.9-csynth/bin/clang-tidy -export-fixes=/home/lorenzor/workspace/convolution/convolution/solution_0/.autopilot/db/top_wrapper.pp.0.cpp.clang-tidy.loop-label.diag.yml -header-filter=.* --checks=-*,xilinx-label-all-loops,xilinx-aggregate-on-hls-vector,,xilinx-warn-mayneed-no-ctor-attribute -fix-errors /home/lorenzor/workspace/convolution/convolution/solution_0/.autopilot/db/top_wrapper.pp.0.cpp -- -std=gnu++14 -target fpga -fhls -ferror-limit=0 > /home/lorenzor/workspace/convolution/convolution/solution_0/.autopilot/db/top_wrapper.pp.0.cpp.clang-tidy.loop-label.out.log 2> /home/lorenzor/workspace/convolution/convolution/solution_0/.autopilot/db/top_wrapper.pp.0.cpp.clang-tidy.loop-label.err.log
Execute           source /tools/Xilinx/Vitis/2024.2/tps/tcl/tcllib1.11.1/yaml/yaml.tcl 
Command         clang_tidy done; 1.46 sec.
INFO-FLOW: run_clang exec: /tools/Xilinx/Vitis/2024.2/lnx64/tools/clang-3.9-csynth/bin/xilinx-dataflow-lawyer -export-fixes=/home/lorenzor/workspace/convolution/convolution/solution_0/.autopilot/db/top_wrapper.pp.0.cpp.xilinx-dataflow-lawyer.diag.yml /home/lorenzor/workspace/convolution/convolution/solution_0/.autopilot/db/top_wrapper.pp.0.cpp -- -std=gnu++14 -target fpga -fhls -ferror-limit=0 -fstrict-dataflow > /home/lorenzor/workspace/convolution/convolution/solution_0/.autopilot/db/top_wrapper.pp.0.cpp.xilinx-dataflow-lawyer.out.log 2> /home/lorenzor/workspace/convolution/convolution/solution_0/.autopilot/db/top_wrapper.pp.0.cpp.xilinx-dataflow-lawyer.err.log
WARNING: [HLS 214-114] Since the only kind of statements allowed in a canonical dataflow region are variable declarations and function calls, the compiler may not be able to correctly handle the region (top_wrapper.cpp:109:9)
Execute         send_msg_by_id WARNING @200-471@%s%s 1 top_wrapper.cpp 
WARNING: [HLS 200-471] Dataflow form checks found 1 issue(s) in file top_wrapper.cpp
Execute         ap_part_info -name xck26-sfvc784-2LV-c -data info 
INFO-FLOW: compiling source code to llvm bc
INFO-FLOW: run_clang exec: /tools/Xilinx/Vitis/2024.2/lnx64/tools/clang-3.9-csynth/bin/clang -foptimization-record-file=/home/lorenzor/workspace/convolution/convolution/solution_0/.autopilot/db/top_wrapper.pp.0.cpp.clang.diag.yml -mllvm -pass-remarks-missed=reflow|pasta|unroll|inline -mllvm -pass-remarks=reflow|pasta|unroll|inline -fno-limit-debug-info -fhls -flto -fno-exceptions -Wno-error=c++11-narrowing -hls-emit-hint-scope /home/lorenzor/workspace/convolution/convolution/solution_0/.autopilot/db/top_wrapper.pp.0.cpp -fno-math-errno -c -emit-llvm -mllvm -disable-llvm-optzns -Werror=implicit-function-declaration -Werror=implicit-hls-streams -Werror=return-type -Wpragmas -Wunused-parameter -Wdump-hls-pragmas -Wno-error=dump-hls-pragmas -hls-clock-period=5 -fno-threadsafe-statics -fno-use-cxa-atexit -std=gnu++14 -target fpga64-xilinx-linux-gnu -D__VITIS_HLS__ -DAESL_SYN -D__SYNTHESIS__ -D__HLS_SYN__ -I /tools/Xilinx/Vitis/2024.2/common/technology/autopilot -I /tools/Xilinx/Vitis/2024.2/common/technology/autopilot/ap_sysc -include etc/autopilot_ssdm_op.h -D__DSP48E2__ -g -o /home/lorenzor/workspace/convolution/convolution/solution_0/.autopilot/db/top_wrapper.bc -hls-platform-db-name=/tools/Xilinx/Vitis/2024.2/common/technology/xilinx/common/platform.db -hls-platform-name=zynquplus_medium -device-resource-info=BRAM_288.000000_DSP_1248.000000_FF_234240.000000_LUT_117120.000000_SLICE_14640.000000_URAM_64.000000 -device-name-info=xck26-sfvc784-2LV-c > /home/lorenzor/workspace/convolution/convolution/solution_0/.autopilot/db/top_wrapper.pp.0.cpp.clang.out.log 2> /home/lorenzor/workspace/convolution/convolution/solution_0/.autopilot/db/top_wrapper.pp.0.cpp.clang.err.log
INFO: [HLS 200-111] Finished Source Code Analysis and Preprocessing: CPU user time: 4.72 seconds. CPU system time: 0.5 seconds. Elapsed time: 5.3 seconds; current allocated memory: 644.496 MB.
INFO-FLOW: Linking Debug ...
INFO-FLOW: Linking dut bc code.
Execute         run_link_or_opt -out /home/lorenzor/workspace/convolution/convolution/solution_0/.autopilot/db/a.g.ld.0.bc -args  "/home/lorenzor/workspace/convolution/convolution/solution_0/.autopilot/db/top_wrapper.g.bc"  
INFO-FLOW: run_clang exec: /tools/Xilinx/Vitis/2024.2/lnx64/tools/clang-3.9-csynth/bin/llvm-link /home/lorenzor/workspace/convolution/convolution/solution_0/.autopilot/db/top_wrapper.g.bc -o /home/lorenzor/workspace/convolution/convolution/solution_0/.autopilot/db/a.g.ld.0.bc > /home/lorenzor/workspace/convolution/convolution/solution_0/.autopilot/db/a.g.ld.0.bc.llvm-link.out.log 2> /home/lorenzor/workspace/convolution/convolution/solution_0/.autopilot/db/a.g.ld.0.bc.llvm-link.err.log
Execute         run_link_or_opt -opt -out /home/lorenzor/workspace/convolution/convolution/solution_0/.autopilot/db/a.g.ld.1.lower.bc -args /home/lorenzor/workspace/convolution/convolution/solution_0/.autopilot/db/a.g.ld.0.bc -reflow-lower-math-intrinsics 
INFO-FLOW: run_clang exec: /tools/Xilinx/Vitis/2024.2/lnx64/tools/clang-3.9-csynth/bin/opt -pass-remarks-missed=reflow|pasta|unroll|inline -pass-remarks=reflow|pasta|unroll|inline -pass-remarks-output=/home/lorenzor/workspace/convolution/convolution/solution_0/.autopilot/db/a.g.ld.1.lower.bc.opt.diag.yml /home/lorenzor/workspace/convolution/convolution/solution_0/.autopilot/db/a.g.ld.0.bc -reflow-lower-math-intrinsics -o /home/lorenzor/workspace/convolution/convolution/solution_0/.autopilot/db/a.g.ld.1.lower.bc > /home/lorenzor/workspace/convolution/convolution/solution_0/.autopilot/db/a.g.ld.1.lower.bc.opt.out.log 2> /home/lorenzor/workspace/convolution/convolution/solution_0/.autopilot/db/a.g.ld.1.lower.bc.opt.err.log
INFO-FLOW: Running: gen_design_size_report post-opt
INFO-FLOW: Done: gen_design_size_report post-opt time: 0 seconds per iteration
INFO-FLOW: Linking math bc lib
Execute         run_link_or_opt -out /home/lorenzor/workspace/convolution/convolution/solution_0/.autopilot/db/a.g.ld.2.m1.bc -args /home/lorenzor/workspace/convolution/convolution/solution_0/.autopilot/db/a.g.ld.1.lower.bc -only-needed /tools/Xilinx/Vitis/2024.2/lnx64/lib/libhlsm_39.bc /tools/Xilinx/Vitis/2024.2/lnx64/lib/libhlsmc++_39.bc 
INFO-FLOW: run_clang exec: /tools/Xilinx/Vitis/2024.2/lnx64/tools/clang-3.9-csynth/bin/llvm-link /home/lorenzor/workspace/convolution/convolution/solution_0/.autopilot/db/a.g.ld.1.lower.bc -only-needed /tools/Xilinx/Vitis/2024.2/lnx64/lib/libhlsm_39.bc /tools/Xilinx/Vitis/2024.2/lnx64/lib/libhlsmc++_39.bc -o /home/lorenzor/workspace/convolution/convolution/solution_0/.autopilot/db/a.g.ld.2.m1.bc > /home/lorenzor/workspace/convolution/convolution/solution_0/.autopilot/db/a.g.ld.2.m1.bc.llvm-link.out.log 2> /home/lorenzor/workspace/convolution/convolution/solution_0/.autopilot/db/a.g.ld.2.m1.bc.llvm-link.err.log
Command         run_link_or_opt done; 1.5 sec.
Execute         run_link_or_opt -opt -out /home/lorenzor/workspace/convolution/convolution/solution_0/.autopilot/db/a.g.ld.3.fpc.bc -args /home/lorenzor/workspace/convolution/convolution/solution_0/.autopilot/db/a.g.ld.2.m1.bc -reflow-globaldce -hls-top-function-name=top_wrapper -reflow-float-conversion 
INFO-FLOW: run_clang exec: /tools/Xilinx/Vitis/2024.2/lnx64/tools/clang-3.9-csynth/bin/opt -pass-remarks-missed=reflow|pasta|unroll|inline -pass-remarks=reflow|pasta|unroll|inline -pass-remarks-output=/home/lorenzor/workspace/convolution/convolution/solution_0/.autopilot/db/a.g.ld.3.fpc.bc.opt.diag.yml /home/lorenzor/workspace/convolution/convolution/solution_0/.autopilot/db/a.g.ld.2.m1.bc -reflow-globaldce -hls-top-function-name=top_wrapper -reflow-float-conversion -o /home/lorenzor/workspace/convolution/convolution/solution_0/.autopilot/db/a.g.ld.3.fpc.bc > /home/lorenzor/workspace/convolution/convolution/solution_0/.autopilot/db/a.g.ld.3.fpc.bc.opt.out.log 2> /home/lorenzor/workspace/convolution/convolution/solution_0/.autopilot/db/a.g.ld.3.fpc.bc.opt.err.log
INFO-FLOW: Running: gen_design_size_report post-opt
INFO-FLOW: Done: gen_design_size_report post-opt time: 0 seconds per iteration
Command         run_link_or_opt done; 0.63 sec.
Execute         run_link_or_opt -out /home/lorenzor/workspace/convolution/convolution/solution_0/.autopilot/db/a.g.ld.4.m2.bc -args /home/lorenzor/workspace/convolution/convolution/solution_0/.autopilot/db/a.g.ld.3.fpc.bc -only-needed /tools/Xilinx/Vitis/2024.2/lnx64/lib/libfloatconversion_39.bc 
INFO-FLOW: run_clang exec: /tools/Xilinx/Vitis/2024.2/lnx64/tools/clang-3.9-csynth/bin/llvm-link /home/lorenzor/workspace/convolution/convolution/solution_0/.autopilot/db/a.g.ld.3.fpc.bc -only-needed /tools/Xilinx/Vitis/2024.2/lnx64/lib/libfloatconversion_39.bc -o /home/lorenzor/workspace/convolution/convolution/solution_0/.autopilot/db/a.g.ld.4.m2.bc > /home/lorenzor/workspace/convolution/convolution/solution_0/.autopilot/db/a.g.ld.4.m2.bc.llvm-link.out.log 2> /home/lorenzor/workspace/convolution/convolution/solution_0/.autopilot/db/a.g.ld.4.m2.bc.llvm-link.err.log
Execute         run_link_or_opt -opt -out /home/lorenzor/workspace/convolution/convolution/solution_0/.autopilot/db/a.g.ld.5.gdce.bc -args /home/lorenzor/workspace/convolution/convolution/solution_0/.autopilot/db/a.g.ld.4.m2.bc -reflow-globaldce -hls-top-function-name=top_wrapper 
INFO-FLOW: run_clang exec: /tools/Xilinx/Vitis/2024.2/lnx64/tools/clang-3.9-csynth/bin/opt -pass-remarks-missed=reflow|pasta|unroll|inline -pass-remarks=reflow|pasta|unroll|inline -pass-remarks-output=/home/lorenzor/workspace/convolution/convolution/solution_0/.autopilot/db/a.g.ld.5.gdce.bc.opt.diag.yml /home/lorenzor/workspace/convolution/convolution/solution_0/.autopilot/db/a.g.ld.4.m2.bc -reflow-globaldce -hls-top-function-name=top_wrapper -o /home/lorenzor/workspace/convolution/convolution/solution_0/.autopilot/db/a.g.ld.5.gdce.bc > /home/lorenzor/workspace/convolution/convolution/solution_0/.autopilot/db/a.g.ld.5.gdce.bc.opt.out.log 2> /home/lorenzor/workspace/convolution/convolution/solution_0/.autopilot/db/a.g.ld.5.gdce.bc.opt.err.log
INFO-FLOW: Running: gen_design_size_report post-opt
INFO-FLOW: Done: gen_design_size_report post-opt time: 0 seconds per iteration
Execute         send_msg_by_id INFO @200-777@%s Vivado 
INFO: [HLS 200-777] Using interface defaults for 'Vivado' flow target.
Execute         is_m_axi_addr64 
INFO-FLOW: Doing LTO.
INFO-FLOW: run_clang (background poll_ms 5000) exec: /tools/Xilinx/Vitis/2024.2/lnx64/tools/clang-3.9-csynth/bin/clang -foptimization-record-file=/home/lorenzor/workspace/convolution/convolution/solution_0/.autopilot/db/a.g.ld.0.bc.clang.reflow.diag.yml -mllvm -pass-remarks-missed=reflow|pasta|unroll|inline -mllvm -pass-remarks=reflow|pasta|unroll|inline -fhls -mllvm -hls-top-function-name=top_wrapper -mllvm -hls-db-dir -mllvm /home/lorenzor/workspace/convolution/convolution/solution_0/.autopilot/db -emit-llvm -c -target fpga64-xilinx-none -mllvm -xcl-xmlinfo=/home/lorenzor/workspace/convolution/convolution/solution_0/.autopilot/db/kernel.internal.xml -mllvm -top-io-mapping-info=/home/lorenzor/workspace/convolution/convolution/solution_0/.autopilot/db/top-io-fe.xml -mllvm -hls-bitcode-version=3.1 -mllvm -reflow-enable-slave-interface-default-setting=true -mllvm -gen-kernel-xml=false -mllvm -default-maxi-offset=slave -mllvm -maxi-latency=0 -mllvm -hls-maxi-data-size-in-bits=8 -mllvm -hls-maxi-max-data-size-in-bits=1024 -mllvm -hls-max-widen-size-in-bits=0 -mllvm -xcl-kernel-max-mem-ports=0 -mllvm -maxi-read-trans=16 -mllvm -maxi-write-trans=16 -mllvm -maxi-read-burst-len=16 -mllvm -maxi-write-burst-len=16 -mllvm -reflow-enable-saxi-64bits=0 -mllvm -reflow-basic-block-instr-threshold=200000 -mllvm -reflow-auto-pipeline-threshold=64 -mllvm -reflow-enable-maxi-auto-id-channel=0 -mllvm -reflow-bdd-simplify-threshold=1048576 -mllvm -reflow-fanout-threshold=16 -mllvm -reflow-complete-threshold=4 -mllvm -reflow-array-promotion-threshold=64 -mllvm -assume-maxi-align=1 -mllvm -reflow-enable-dataflow-strict-mode-checking=1 -ftime-report -mllvm -time-passes -mllvm -reflow-auto-array-partition-mode=default -mllvm -reflow-enable-auto-small-array-partition=true -mllvm -reflow-enable-auto-array-promotion=true -mllvm -reflow-enable-auto-array-partition-for-flatten=true -mllvm -reflow-enable-auto-parallel-performance-driven=true -mllvm -reflow-enable-partition-for-automation=true -mllvm -reflow-aggregate-bitwidth-threshold=4096 -mllvm -reflow-reserved-saxilite-registers=0 -mllvm -enable-reflow-auto-loop-pipeline -mllvm -reflow-max-unroll-threshold=409600 -mllvm -auto-unroll-tripcount-threshold=0 -mllvm -reflow-assume-no-address-wrap=true -mllvm -reflow-enable-occurrence-inference=true -mllvm -reflow-emit-hint-scope=true -mllvm -reflow-enable-codegen-with-if=true -mllvm -reflow-enable-dataflow-canon=true -mllvm -reflow-enable-dataflow-canon2=true -mllvm -hls -mllvm -disable-inlined-alloca-merging=true -mllvm -default-clock-period=5 -mllvm -use_read_first_ram_in_loop=1 -mllvm -default-clock-uncertainty=1.35 -x ir /home/lorenzor/workspace/convolution/convolution/solution_0/.autopilot/db/a.g.ld.5.gdce.bc -o /home/lorenzor/workspace/convolution/convolution/solution_0/.autopilot/db/a.g.lto.bc -hls-platform-db-name=/tools/Xilinx/Vitis/2024.2/common/technology/xilinx/common/platform.db -hls-platform-name=zynquplus_medium -device-resource-info=BRAM_288.000000_DSP_1248.000000_FF_234240.000000_LUT_117120.000000_SLICE_14640.000000_URAM_64.000000 -device-name-info=xck26-sfvc784-2LV-c 2> /home/lorenzor/workspace/convolution/convolution/solution_0/.autopilot/db/a.g.ld.0.bc.clang.reflow.err.log bg_poll_cmd: ::AP::poll_clang_39_closed_source
Execute         send_msg_by_id INFO @200-1995@%s%s%s 663 Compile/Link /home/lorenzor/workspace/convolution/convolution/solution_0/syn/report/csynth_design_size.rpt 
INFO: [HLS 200-1995] There were 663 instructions in the design after the 'Compile/Link' phase of compilation. See the Design Size Report for more details: /home/lorenzor/workspace/convolution/convolution/solution_0/syn/report/csynth_design_size.rpt
Execute         send_msg_by_id INFO @200-1995@%s%s%s 539 Unroll/Inline (step 1) /home/lorenzor/workspace/convolution/convolution/solution_0/syn/report/csynth_design_size.rpt 
INFO: [HLS 200-1995] There were 539 instructions in the design after the 'Unroll/Inline (step 1)' phase of compilation. See the Design Size Report for more details: /home/lorenzor/workspace/convolution/convolution/solution_0/syn/report/csynth_design_size.rpt
Execute         send_msg_by_id INFO @200-1995@%s%s%s 347 Unroll/Inline (step 2) /home/lorenzor/workspace/convolution/convolution/solution_0/syn/report/csynth_design_size.rpt 
INFO: [HLS 200-1995] There were 347 instructions in the design after the 'Unroll/Inline (step 2)' phase of compilation. See the Design Size Report for more details: /home/lorenzor/workspace/convolution/convolution/solution_0/syn/report/csynth_design_size.rpt
Execute         send_msg_by_id INFO @200-1995@%s%s%s 336 Unroll/Inline (step 3) /home/lorenzor/workspace/convolution/convolution/solution_0/syn/report/csynth_design_size.rpt 
INFO: [HLS 200-1995] There were 336 instructions in the design after the 'Unroll/Inline (step 3)' phase of compilation. See the Design Size Report for more details: /home/lorenzor/workspace/convolution/convolution/solution_0/syn/report/csynth_design_size.rpt
Execute         send_msg_by_id INFO @200-1995@%s%s%s 333 Unroll/Inline (step 4) /home/lorenzor/workspace/convolution/convolution/solution_0/syn/report/csynth_design_size.rpt 
INFO: [HLS 200-1995] There were 333 instructions in the design after the 'Unroll/Inline (step 4)' phase of compilation. See the Design Size Report for more details: /home/lorenzor/workspace/convolution/convolution/solution_0/syn/report/csynth_design_size.rpt
Execute         send_msg_by_id INFO @200-1995@%s%s%s 13,605 Array/Struct (step 1) /home/lorenzor/workspace/convolution/convolution/solution_0/syn/report/csynth_design_size.rpt 
INFO: [HLS 200-1995] There were 13,605 instructions in the design after the 'Array/Struct (step 1)' phase of compilation. See the Design Size Report for more details: /home/lorenzor/workspace/convolution/convolution/solution_0/syn/report/csynth_design_size.rpt
Execute         send_msg_by_id INFO @200-1995@%s%s%s 10,635 Array/Struct (step 2) /home/lorenzor/workspace/convolution/convolution/solution_0/syn/report/csynth_design_size.rpt 
INFO: [HLS 200-1995] There were 10,635 instructions in the design after the 'Array/Struct (step 2)' phase of compilation. See the Design Size Report for more details: /home/lorenzor/workspace/convolution/convolution/solution_0/syn/report/csynth_design_size.rpt
Execute         send_msg_by_id INFO @200-1995@%s%s%s 10,637 Array/Struct (step 3) /home/lorenzor/workspace/convolution/convolution/solution_0/syn/report/csynth_design_size.rpt 
INFO: [HLS 200-1995] There were 10,637 instructions in the design after the 'Array/Struct (step 3)' phase of compilation. See the Design Size Report for more details: /home/lorenzor/workspace/convolution/convolution/solution_0/syn/report/csynth_design_size.rpt
Execute         send_msg_by_id INFO @200-1995@%s%s%s 10,638 Array/Struct (step 4) /home/lorenzor/workspace/convolution/convolution/solution_0/syn/report/csynth_design_size.rpt 
INFO: [HLS 200-1995] There were 10,638 instructions in the design after the 'Array/Struct (step 4)' phase of compilation. See the Design Size Report for more details: /home/lorenzor/workspace/convolution/convolution/solution_0/syn/report/csynth_design_size.rpt
Execute         send_msg_by_id INFO @200-1995@%s%s%s 10,636 Array/Struct (step 5) /home/lorenzor/workspace/convolution/convolution/solution_0/syn/report/csynth_design_size.rpt 
INFO: [HLS 200-1995] There were 10,636 instructions in the design after the 'Array/Struct (step 5)' phase of compilation. See the Design Size Report for more details: /home/lorenzor/workspace/convolution/convolution/solution_0/syn/report/csynth_design_size.rpt
Execute         send_msg_by_id INFO @200-1995@%s%s%s 10,640 Performance (step 1) /home/lorenzor/workspace/convolution/convolution/solution_0/syn/report/csynth_design_size.rpt 
INFO: [HLS 200-1995] There were 10,640 instructions in the design after the 'Performance (step 1)' phase of compilation. See the Design Size Report for more details: /home/lorenzor/workspace/convolution/convolution/solution_0/syn/report/csynth_design_size.rpt
Execute         send_msg_by_id INFO @200-1995@%s%s%s 10,576 Performance (step 2) /home/lorenzor/workspace/convolution/convolution/solution_0/syn/report/csynth_design_size.rpt 
INFO: [HLS 200-1995] There were 10,576 instructions in the design after the 'Performance (step 2)' phase of compilation. See the Design Size Report for more details: /home/lorenzor/workspace/convolution/convolution/solution_0/syn/report/csynth_design_size.rpt
Execute         send_msg_by_id INFO @200-1995@%s%s%s 10,576 Performance (step 3) /home/lorenzor/workspace/convolution/convolution/solution_0/syn/report/csynth_design_size.rpt 
INFO: [HLS 200-1995] There were 10,576 instructions in the design after the 'Performance (step 3)' phase of compilation. See the Design Size Report for more details: /home/lorenzor/workspace/convolution/convolution/solution_0/syn/report/csynth_design_size.rpt
Execute         send_msg_by_id INFO @200-1995@%s%s%s 10,574 Performance (step 4) /home/lorenzor/workspace/convolution/convolution/solution_0/syn/report/csynth_design_size.rpt 
INFO: [HLS 200-1995] There were 10,574 instructions in the design after the 'Performance (step 4)' phase of compilation. See the Design Size Report for more details: /home/lorenzor/workspace/convolution/convolution/solution_0/syn/report/csynth_design_size.rpt
Execute         send_msg_by_id INFO @200-1995@%s%s%s 10,598 HW Transforms /home/lorenzor/workspace/convolution/convolution/solution_0/syn/report/csynth_design_size.rpt 
INFO: [HLS 200-1995] There were 10,598 instructions in the design after the 'HW Transforms' phase of compilation. See the Design Size Report for more details: /home/lorenzor/workspace/convolution/convolution/solution_0/syn/report/csynth_design_size.rpt
Execute         send_msg_by_id INFO @200-1995@%s%s%s 7,952 HW Transforms (step 2) /home/lorenzor/workspace/convolution/convolution/solution_0/syn/report/csynth_design_size.rpt 
INFO: [HLS 200-1995] There were 7,952 instructions in the design after the 'HW Transforms (step 2)' phase of compilation. See the Design Size Report for more details: /home/lorenzor/workspace/convolution/convolution/solution_0/syn/report/csynth_design_size.rpt
INFO: [HLS 214-291] Loop 'L3_bis' is marked as complete unroll implied by the pipeline pragma (./conv.h:58:10)
INFO: [HLS 214-291] Loop 'L2' is marked as complete unroll implied by the pipeline pragma (./conv.h:59:29)
INFO: [HLS 214-291] Loop 'L1' is marked as complete unroll implied by the pipeline pragma (./conv.h:60:33)
INFO: [HLS 214-186] Unrolling loop 'L3_bis' (./conv.h:58:10) in function 'conv<2, 13, 13, 3, 3, 2, 11, 11, 1, 1, 5, 1, 5, 5, 2, 3>' completely with a factor of 1 (./conv.h:23:0)
INFO: [HLS 214-186] Unrolling loop 'L2' (./conv.h:59:29) in function 'conv<2, 13, 13, 3, 3, 2, 11, 11, 1, 1, 5, 1, 5, 5, 2, 3>' completely with a factor of 3 (./conv.h:23:0)
INFO: [HLS 214-186] Unrolling loop 'L1' (./conv.h:60:33) in function 'conv<2, 13, 13, 3, 3, 2, 11, 11, 1, 1, 5, 1, 5, 5, 2, 3>' completely with a factor of 3 (./conv.h:23:0)
INFO: [HLS 214-248] Applying array_partition to 'filter_mem': Complete partitioning on dimension 1. Complete partitioning on dimension 2. (./conv.h:36:15)
INFO: [HLS 214-248] Applying array_partition to 'memory_in_local': Complete partitioning on dimension 1. Complete partitioning on dimension 2. (top_wrapper.cpp:110:42)
INFO: [HLS 214-248] Applying array_partition to 'out_mem': Complete partitioning on dimension 1. Complete partitioning on dimension 2. (top_wrapper.cpp:113:44)
INFO: [HLS 214-241] Aggregating maxi variable 'memory' with compact=none mode in 64-bits
INFO: [HLS 214-376] automatically set the pipeline for Loop< VITIS_LOOP_41_4> at top_wrapper.cpp:41:34 
INFO: [HLS 214-376] automatically set the pipeline for Loop< unknown> at ./conv.h:36:62 
INFO: [HLS 214-376] automatically set the pipeline for Loop< VITIS_LOOP_43_3> at ./conv.h:43:34 
INFO: [HLS 214-291] Loop 'VITIS_LOOP_42_5' is marked as complete unroll implied by the pipeline pragma (top_wrapper.cpp:42:38)
INFO: [HLS 214-291] Loop 'anonymous' is marked as complete unroll implied by the pipeline pragma (./conv.h:36:64)
INFO: [HLS 214-186] Unrolling loop 'VITIS_LOOP_42_5' (top_wrapper.cpp:42:38) in function 'out_conv2mem<2, 13, 13, 3, 3, 2, 11, 11, 1, 162, 1, 1, 5, 5, 2, 3>' completely with a factor of 2 (top_wrapper.cpp:28:0)
INFO: [HLS 214-186] Unrolling loop 'anonymous' (./conv.h:36:64) in function 'conv<2, 13, 13, 3, 3, 2, 11, 11, 1, 1, 5, 1, 5, 5, 2, 3>' completely with a factor of 2 (./conv.h:23:0)
INFO: [HLS 214-437] Automatically disabling loop flattening for loop 'VITIS_LOOP_92_1'. (top_wrapper.cpp:92:19)
INFO: [HLS 214-354] Changing the port bit width of top function 'top_wrapper(ap_int<45> (*) [9][50], int const*, ap_int<45> (*) [11][11][2])' argument 'memory_in': from '64' to '45' due to access pattern. (top_wrapper.cpp:85:0)
INFO: [HLS 214-115] Multiple burst writes of variable length and bit width 64 has been inferred on bundle 'gmem1'. These burst requests might be further partitioned into multiple requests during RTL generation, based on max_read_burst_length or max_write_burst_length settings. (top_wrapper.cpp:42:38)
INFO: [HLS 214-115] Multiple burst reads of length 36 and bit width 32 in loop 'VITIS_LOOP_99_2'(top_wrapper.cpp:99:19) has been inferred on bundle 'gmem2'. These burst requests might be further partitioned into multiple requests during RTL generation, based on max_read_burst_length or max_write_burst_length settings. (top_wrapper.cpp:99:19)
INFO: [HLS 214-455] Changing loop 'dataflow_in_loop_VITIS_LOOP_92_1.1_Loop_VITIS_LOOP_99_2_proc' (top_wrapper.cpp:99:19) to a process function for dataflow in function 'dataflow_in_loop_VITIS_LOOP_92_1.1' (top_wrapper.cpp:99:19)
INFO-FLOW: DBG:PUTS: copy_raw_kernel_xml ap_link_39: kernel.xml not generated: /home/lorenzor/workspace/convolution/convolution/solution_0/.autopilot/db/kernel.internal.xml
INFO: [HLS 200-111] Finished Compiling Optimization and Transform: CPU user time: 22.71 seconds. CPU system time: 0.39 seconds. Elapsed time: 27.75 seconds; current allocated memory: 654.520 MB.
INFO: [HLS 200-111] Finished Checking Pragmas: CPU user time: 0 seconds. CPU system time: 0 seconds. Elapsed time: 0 seconds; current allocated memory: 654.520 MB.
Execute         opt_and_import_c a -opt_level=2 -skip_syncheck=0 -ng=0 -keep_printf=0 
Execute           cleanup_all_models 
INFO: [HLS 200-10] Starting code transformations ...
INFO-FLOW: Running Standard Transforms...
Execute           transform -hls -share-std-xform -demangle-name -inline-byval-memcpy -always-inline -promote-dbg-pointer -interface-preproc -mem2reg -scalarrepl -mem2reg -keep-read-access -instcombine -dce -promote-dbg-pointer -bitop-raise -loop-simplify -indvarspre -indvars -loop-simplify -constprop -instcombine -simplifycfg -indvars -simplifycfg -dce -globaldce -basicaa -simplifycfg -mem2reg -globalopt -global-constprop -deadargelim -instcombine -simplifycfg -scalarrepl -instcombine -reassociate -licm -simplifycfg -loop-simplify -indvars -instcombine -simplifycfg -mem2reg -loop-simplify -indvars -instcombine -gvn -gvn -instcombine -adce -break-crit-edges -simplifycfg -loop-delete -global-array-opt -dce -dse -adce -find-syn-modules -top top_wrapper -deadargelim -mem2reg -instcombine -dce -presyn-prepare -interface-preproc -syn-check -check-rec-only -find-region -simplifycfg -func-extr -function-inline -globaldce -mem2reg -instcombine -dce -gvn -globaldce -adce -adse -constprop -instcombine -bit-constprop -instcombine -dce -simplifycfg -bitop-raise -simplifycfg -dce -loop-delete -reassociate -globalopt -global-privatize -mem2reg -dce -global-constprop -pointer-simplify -constprop -dce -promote-dbg-pointer -norm-name /home/lorenzor/workspace/convolution/convolution/solution_0/.autopilot/db/a.g.0.bc -o /home/lorenzor/workspace/convolution/convolution/solution_0/.autopilot/db/a.g.1.bc -f -phase std-opt 
Command           transform done; 1.06 sec.
INFO: [HLS 200-111] Finished Standard Transforms: CPU user time: 1.05 seconds. CPU system time: 0.01 seconds. Elapsed time: 1.06 seconds; current allocated memory: 667.652 MB.
INFO: [HLS 200-10] Checking synthesizability ...
INFO-FLOW: Checking Synthesizability 1/2..
Execute           transform -hls -syn-check -check-rec-only -scalarrepl -norm-name -dce -mem2reg -instcombine -directive-preproc -mem2reg -dse -dce -dce -pag -array-normalize -instcombine -dce -array-seg-normalize -instcombine -dce -data-pack -instcombine -dce -inst-simplify -array-flatten -instcombine -dce -array-burst -dce -deadargelim -promote-global-argument -simplifycfg -mem2reg -globaldce -dce -deadargelim -dce -instcombine -function-inline -globaldce -dce -doublePtrSimplify -doublePtrElim -dce -doublePtrSimplify -promote-dbg-pointer -dce -scalarrepl -dse -adse -instcombine -ptrLegalization -simplifycfg -dce -instcombine -pointer-simplify -ptrArgReplace -dce -instcombine -resolve-double-ptr -scalarrepl -norm-name -dce -mem2reg -instcombine -ptrLegalization -simplifycfg -deadargelim -instcombine -dce -inst-simplify -directive-preproc -mem2reg -dse -dce -globaldce /home/lorenzor/workspace/convolution/convolution/solution_0/.autopilot/db/a.g.1.bc -o /home/lorenzor/workspace/convolution/convolution/solution_0/.autopilot/db/a.g.2.prechk.bc -f 
Command           transform done; 1.27 sec.
INFO-FLOW: Checking Synthesizability 2/2..
Execute           transform -syn-check /home/lorenzor/workspace/convolution/convolution/solution_0/.autopilot/db/a.g.2.prechk.bc -o /home/lorenzor/workspace/convolution/convolution/solution_0/.autopilot/db/a.g.2.bc -f -phase syn-check 
INFO: [HLS 200-111] Finished Checking Synthesizability: CPU user time: 1.31 seconds. CPU system time: 0 seconds. Elapsed time: 1.32 seconds; current allocated memory: 677.391 MB.
INFO-FLOW: Compiler optimizing ...
INFO-FLOW: Share syncheck's 1.bc for syn flow: copy /home/lorenzor/workspace/convolution/convolution/solution_0/.autopilot/db/a.g.1.bc to /home/lorenzor/workspace/convolution/convolution/solution_0/.autopilot/db/a.o.1.bc
INFO-FLOW: Presyn 1...
Execute           transform -hls -tmp /home/lorenzor/workspace/convolution/convolution/solution_0/.autopilot/db -interface-port-rename -directive-preproc -mem2reg -dse -dce -scalarrepl -norm-name -deadargelim -dce -hls-dead-arg-elim -deadargelim -mem2reg -instcombine -dce -simplifycfg -dce -resource-proc -clib-intrinsic-prepare -dce -func-buffer -dce -pag -array-normalize -func-legal -instcombine -gvn -constprop -dce -simplifycfg -mem2reg -globaldce -resolve-double-ptr -dce -deadargelim -dce -instcombine -ptrArgReplace -mem2reg -dce -array-seg-normalize -deadargelim -instcombine -dce -directive-preproc -mem2reg -dse -dce -pointer-simplify -dce -port-alignment -dce -interface-preproc -data-pack -instcombine -dce -basicaa -aggr-aa -aggrmodref-aa -aggr-aa -gvn -gvn -basicaa -aggr-aa -aggrmodref-aa -aggr-aa -dse -adse -adce -loop-simplify -indvars -instcombine -gvn -loop-simplify -mem2reg -dce -find-region -instcombine -inst-simplify -interface-preproc -cfgopt -instcombine -indvars -loop-simplify -loop-bound -constprop -instcombine -simplifycfg -indvars -simplifycfg -dce -globaldce -clean-region -attach-range -gvn -inst-simplify -constprop -simplifycfg -dce -pointer-simplify -dce -globalopt -constprop -dce -ptrArgReplace -mem2reg -simplifycfg -dce -instcombine -dce -array-transform-check -array-reshape -instcombine -simplifycfg -dce -ptrArgReplace -deadargelim -mem2reg -instcombine -simplifycfg -dce -indvars -loop-simplify -loop-bound -constprop -instcombine -simplifycfg -indvars -simplifycfg -dce -globaldce -basicaa -aggr-aa -aggrmodref-aa -aggr-aa -dse -duplicate-dataflow-processes -globaldce -instcombine -array-partition -prepare-dynamic-array-partition -instcombine -simplifycfg -dce -ptrArgReplace -global-constprop -deadargelim -mem2reg -func-legal -dce -global-constprop -deadargelim -mem2reg -simplifycfg -dce -merge-param -deadargelim -globalopt -constprop -dce -ptrArgReplace -mem2reg -simplifycfg -dce -mem-intrinsic-preproc -dce -global-internalize -global-privatize -mem2reg -globaldce -lcssa -loop-simplify -phi-select-elim -promote-global-argument -ptrArgReplace -mem2reg -dce -globalopt -mergereturn -simplify-global-access -mem2reg -dce -pointer-simplify -dce -basicaa -aggr-aa -aggrmodref-aa -aggr-aa -functionattrs -basicaa -aggr-aa -aggrmodref-aa -aggr-aa -gvn -gvn -basicaa -aggr-aa -aggrmodref-aa -aggr-aa -dse -adse -adce -dce -norm-name -basicaa -aggr-aa -aggrmodref-aa -aggr-aa -accesses-merge -function-inline -complex-op-raise -inst-simplify -globaldce -func-legal -dce -loop-bound -arraycheck -bitwidthmin2 -bitwidthmin2 -on-by-dataflow -loop-delete -instcombine -simplifycfg -globaldce -dce -gvn -deadargelim -dce -loop-simplify -clean-region -simplifycfg -propagate-stable-arguments -instcombine -simplifycfg -dce -globaldce -duplicate-dataflow-processes -stream-intrinsic-preproc -dce -check-ap-stream -loop-simplify -eliminate-keepreads -extract-dataflow-in-loop -loop-simplify -dce -gvn -deadargelim -dse -duplicate-dataflow-processes -check-dataflow-syntax -legalize-stream-variable -globaldce -legalize-global -extract-subproc -dce -dead-channel-elimination -canonicalize-gep -globaldce -dce -gvn -hls-dead-arg-elim -deadargelim -directive-preproc -canonicalize-dataflow -dce -globaldce -scalar-preprocessing -scalar-propagation2 -scalar-stream -deadargelim -globaldce -mem2reg -check-dataflow-channels -function-stream -dce -globaldce -prop-fifo-spec -internal-stream-gen -canonicalize-gep -globaldce -dce -gvn -deadargelim -mergereturn -indvars -loop-simplify -instcombine -array-stream -array-seg-normalize -array-partition -clean-array-spec -func-legal -instcombine -simplifycfg -dce -bundle-memfifo-ops -deadargelim -directive-preproc -mem2reg -dse -dce -group-axi-access -licm -simplifycfg -dce -loop-delete -hls-display -norm-name /home/lorenzor/workspace/convolution/convolution/solution_0/.autopilot/db/a.o.1.bc -o /home/lorenzor/workspace/convolution/convolution/solution_0/.autopilot/db/a.o.1.tmp.bc -f 
INFO: [XFORM 203-712] Applying dataflow to function 'dataflow_in_loop_VITIS_LOOP_92_1.1' (top_wrapper.cpp:93), detected/extracted 5 process function(s): 
	 'entry_proc'
	 'dataflow_in_loop_VITIS_LOOP_92_1.1_Loop_VITIS_LOOP_99_2_proc'
	 'load_input'
	 'conv<2, 13, 13, 3, 3, 2, 11, 11, 1, 1, 5, 1, 5, 5, 2, 3>'
	 'out_conv2mem<2, 13, 13, 3, 3, 2, 11, 11, 1, 162, 1, 1, 5, 5, 2, 3>'.
Command           transform done; 7.72 sec.
INFO-FLOW: Presyn 2...
Execute           transform -hls -keep-callgraph -scalarrepl -mem2reg -port-alignment -attach-range -dce -pipe-mux-gen -indvars -loop-bound -inst-simplify -instcombine -dce -merge-array-access -mem2reg -dce -clean-region -mergereturn -if-conv -instcombine -dce -constprop -basicaa -aggr-aa -aggrmodref-aa -aggr-aa -gvn -gvn -basicaa -aggr-aa -aggrmodref-aa -aggr-aa -dse -adse -adce -scalarrepl -mem2reg -global-constprop -deadargelim -deadargelim -instcombine -dce -simplifycfg -ptrArgReplace -mem2reg -function-inline -globaldce -mem2reg -instcombine -dce -expr-balance -instcombine -dce -bitwidthmin2 -bitwidthmin2 -interface-preproc -directive-preproc -inst-rectify -instcombine -dce -basicaa -aggr-aa -aggrmodref-aa -aggr-aa -functionattrs -constprop -instcombine -bit-constprop -simplify-global-access -globalopt -globaldce -inst-simplify -instcombine -elimdeaddata -dce -loop-delete -simplifycfg -loop-simplify -barrier -norm-name /home/lorenzor/workspace/convolution/convolution/solution_0/.autopilot/db/a.o.1.tmp.bc -o /home/lorenzor/workspace/convolution/convolution/solution_0/.autopilot/db/a.o.2.bc -f -phase presyn 
INFO: [XFORM 203-401] Performing if-conversion on hyperblock to (./conv.h:36:62) in function 'conv<2, 13, 13, 3, 3, 2, 11, 11, 1, 1, 5, 1, 5, 5, 2, 3>'... converting 3 basic blocks.
INFO: [XFORM 203-11] Balancing expressions in function 'conv<2, 13, 13, 3, 3, 2, 11, 11, 1, 1, 5, 1, 5, 5, 2, 3>' (./conv.h:21:65)...9 expression(s) balanced.
Command           transform done; 3.32 sec.
INFO: [HLS 200-111] Finished Loop, function and other optimizations: CPU user time: 11 seconds. CPU system time: 0.04 seconds. Elapsed time: 11.04 seconds; current allocated memory: 784.344 MB.
Execute           transform -hls -auto-function-inline -globaldce -ptrArgReplace -mem2reg -dce -reset-lda -loop-simplify -indvars -aggr-aa -licm -loop-dep -loop-bound -licm -loop-simplify -loop-sink-hoist -flattenloopnest -array-flatten -gvn -instcombine -dce -array-map -dce -func-legal -gvn -adce -instcombine -cfgopt -simplifycfg-lite -loop-simplify -array-burst -promote-global-argument -dce -array-seg-normalize -basicaa -aggrmodref-aa -globalsmodref-aa -aggr-aa -gvn -gvn -basicaa -aggrmodref-aa -globalsmodref-aa -aggr-aa -dse -adse -adce -licm -inst-simplify -dce -globaldce -instcombine -array-stream -eliminate-keepreads -instcombine -dce -deadargelim -doublePtrSimplify -doublePtrElim -dce -doublePtrSimplify -promote-dbg-pointer -dce -scalarrepl -mem2reg -norm-name -mem2reg -instcombine -dse -adse -adce -ptrLegalization -dce -array-flatten -dce -instcombine -check-doubleptr -loop-rot -constprop -inst-simplify -cfgopt -simplifycfg-lite -loop-simplify -indvars -pointer-simplify -dce -loop-bound -loop-simplify -loop-preproc -constprop -global-constprop -gvn -mem2reg -instcombine -dce -loop-bound -loop-merge -dce -deadargelim -dce -canonicalize-dataflow -dce -deadargelim -globaldce -mem2reg -bram-byte-enable -inst-simplify -inst-rectify -instcombine -adce -deadargelim -load-elim -read-loop-dep -loop-simplify -loop-rewind-sink-hoist -loop-outline -hls-dead-arg-elim -directive-preproc -bitwidthmin2 -bitwidthmin2 -read-loop-dep -interface-preproc -directive-preproc -interface-gen -bram-byte-enable-spec-prop -mul2addshift -deadargelim -inst-simplify -dce -mem2reg -instcombine -gvn -dce -adse -loop-bound -instcombine -cfgopt -simplifycfg-lite -loop-simplify -clean-region -io-protocol -find-region -mem2reg -bitop-raise -complex-op-raise -inst-simplify -inst-rectify -instcombine -adce -deadargelim -float-op-raise -loop-simplify -phi-opt -bitop-raise -cfgopt -simplifycfg-lite -strip-dead-prototypes -interface-lower -bitop-lower -intrinsic-lower -auto-function-inline -basicaa -aggrmodref-aa -globalsmodref-aa -aggr-aa -inst-simplify -simplifycfg-lite -loop-simplify -mergereturn -inst-simplify -inst-rectify -globaldce -dce -load-elim -bitop-lower -float-op-raise -fma-raise -loop-rewind -pointer-simplify -dce -cfgopt -dce -loop-bound -loop-dep -read-loop-dep -dce -dyn-mem-reuse -dce -recurrence-min -dce -share-scalar-alloca -deadargelim -dce -check-stream -norm-name -legalize -inst-clarity -bitwidth -dce -validate-dataflow -dump-loop-dep-to-ir -check-all-ssdm -dump-complexity-metric /home/lorenzor/workspace/convolution/convolution/solution_0/.autopilot/db/a.o.2.bc -o /home/lorenzor/workspace/convolution/convolution/solution_0/.autopilot/db/a.o.3.bc -f -phase build-ssdm 
INFO: [HLS 200-2061] Successfully converted nested loops 'load_input_loop'(top_wrapper.cpp:8:9) and 'VITIS_LOOP_9_1'(top_wrapper.cpp:9:29) in function 'load_input' into perfectly nested loops.
INFO: [HLS 200-2061] Successfully converted nested loops 'VITIS_LOOP_42_2'(./conv.h:42:30) and 'VITIS_LOOP_43_3'(./conv.h:43:34) in function 'conv<2, 13, 13, 3, 3, 2, 11, 11, 1, 1, 5, 1, 5, 5, 2, 3>' into perfectly nested loops.
INFO: [HLS 200-2061] Successfully converted nested loops 'VITIS_LOOP_41_1'(./conv.h:41:26) and 'VITIS_LOOP_42_2'(./conv.h:42:30) in function 'conv<2, 13, 13, 3, 3, 2, 11, 11, 1, 1, 5, 1, 5, 5, 2, 3>' into perfectly nested loops.
INFO: [HLS 200-2061] Successfully converted nested loops 'L4'(./conv.h:54:17) and 'L3'(./conv.h:56:21) in function 'conv<2, 13, 13, 3, 3, 2, 11, 11, 1, 1, 5, 1, 5, 5, 2, 3>' into perfectly nested loops.
INFO: [HLS 200-2061] Successfully converted nested loops 'L5'(./conv.h:53:13) and 'L4'(./conv.h:54:17) in function 'conv<2, 13, 13, 3, 3, 2, 11, 11, 1, 1, 5, 1, 5, 5, 2, 3>' into perfectly nested loops.
WARNING: [HLS 200-960] Cannot flatten loop 'VITIS_LOOP_40_3' (top_wrapper.cpp:40:30) in function 'out_conv2mem<2, 13, 13, 3, 3, 2, 11, 11, 1, 162, 1, 1, 5, 5, 2, 3>' the outer loop is not a perfect loop because either the parent loop or the sub loop has no computeable trip count.
INFO: [XFORM 203-541] Flattening a loop nest 'load_input_loop' (top_wrapper.cpp:8:9) in function 'load_input'.
INFO: [XFORM 203-541] Flattening a loop nest 'VITIS_LOOP_42_2' (./conv.h:42:30) in function 'conv<2, 13, 13, 3, 3, 2, 11, 11, 1, 1, 5, 1, 5, 5, 2, 3>'.
INFO: [XFORM 203-541] Flattening a loop nest 'VITIS_LOOP_41_1' (./conv.h:41:26) in function 'conv<2, 13, 13, 3, 3, 2, 11, 11, 1, 1, 5, 1, 5, 5, 2, 3>'.
INFO: [XFORM 203-541] Flattening a loop nest 'L4' (./conv.h:54:17) in function 'conv<2, 13, 13, 3, 3, 2, 11, 11, 1, 1, 5, 1, 5, 5, 2, 3>'.
INFO: [XFORM 203-541] Flattening a loop nest 'L5' (./conv.h:53:13) in function 'conv<2, 13, 13, 3, 3, 2, 11, 11, 1, 1, 5, 1, 5, 5, 2, 3>'.
Execute             auto_get_db
Command           transform done; 3.98 sec.
INFO-FLOW: Building ssdm...
Execute           transform -hls -cdfg-build /home/lorenzor/workspace/convolution/convolution/solution_0/.autopilot/db/a.o.3.bc -o /home/lorenzor/workspace/convolution/convolution/solution_0/.autopilot/db/a.o.3.bc -f -phase build-ssdm 
WARNING: [HLS 200-1449] Process dataflow_in_loop_VITIS_LOOP_92_1.1 has both a predecessor and reads an input from its caller (see the GUI dataflow viewer). This may lead to lower throughput. Consider copying this input via a predecessor process.
Command           transform done; 0.67 sec.
INFO: [HLS 200-111] Finished Architecture Synthesis: CPU user time: 4.56 seconds. CPU system time: 0.07 seconds. Elapsed time: 4.65 seconds; current allocated memory: 1001.145 MB.
INFO-FLOW: Finish building internal data model.
Command         opt_and_import_c done; 18.07 sec.
Command       elaborate done; 51.12 sec.
Execute       ap_eval exec zip -j /home/lorenzor/workspace/convolution/convolution/solution_0/.autopilot/db/dut.hcp $dbDir/a.o.3.bc $dbDir/${topname}.rtl_wrap.cfg.tcl $dbDir/apatb_${topname}.cpp $dbDir/apatb_${topname}_util.cpp $dbDir/apatb_${topname}_ir.ll $dbDir/mapper_${topname}.cpp $dbDir/top-io-fe.xml $dbDir/kernel.internal.xml $workdir/../hls.app 
Execute       autosyn -from_csynth_design=1 
INFO: [HLS 200-10] Starting hardware synthesis ...
INFO-FLOW: Synthesizing C/C++ design ...
INFO: [HLS 200-10] Synthesizing 'top_wrapper' ...
Execute         ap_set_top_model top_wrapper 
WARNING: [SYN 201-103] Legalizing function name 'dataflow_in_loop_VITIS_LOOP_92_1.1_Loop_VITIS_LOOP_99_2_proc' to 'dataflow_in_loop_VITIS_LOOP_92_1_1_Loop_VITIS_LOOP_99_2_proc'.
WARNING: [SYN 201-103] Legalizing function name 'conv<2, 13, 13, 3, 3, 2, 11, 11, 1, 1, 5, 1, 5, 5, 2, 3>_Pipeline_L5_L4_L3' to 'conv_2_13_13_3_3_2_11_11_1_1_5_1_5_5_2_3_Pipeline_L5_L4_L3'.
WARNING: [SYN 201-103] Legalizing function name 'conv<2, 13, 13, 3, 3, 2, 11, 11, 1, 1, 5, 1, 5, 5, 2, 3>' to 'conv_2_13_13_3_3_2_11_11_1_1_5_1_5_5_2_3_s'.
WARNING: [SYN 201-103] Legalizing function name 'out_conv2mem<2, 13, 13, 3, 3, 2, 11, 11, 1, 162, 1, 1, 5, 5, 2, 3>' to 'out_conv2mem_2_13_13_3_3_2_11_11_1_162_1_1_5_5_2_3_s'.
WARNING: [SYN 201-103] Legalizing function name 'dataflow_in_loop_VITIS_LOOP_92_1.1' to 'dataflow_in_loop_VITIS_LOOP_92_1_1'.
Execute         get_model_list top_wrapper -filter all-wo-channel -topdown 
Execute         preproc_iomode -model top_wrapper 
Execute         preproc_iomode -model dataflow_in_loop_VITIS_LOOP_92_1.1 
Execute         preproc_iomode -model out_conv2mem<2, 13, 13, 3, 3, 2, 11, 11, 1, 162, 1, 1, 5, 5, 2, 3> 
Execute         preproc_iomode -model out_conv2mem_Pipeline_VITIS_LOOP_41_4 
Execute         preproc_iomode -model conv<2, 13, 13, 3, 3, 2, 11, 11, 1, 1, 5, 1, 5, 5, 2, 3> 
Execute         preproc_iomode -model conv<2, 13, 13, 3, 3, 2, 11, 11, 1, 1, 5, 1, 5, 5, 2, 3>_Pipeline_L5_L4_L3 
Execute         preproc_iomode -model conv_Pipeline_VITIS_LOOP_41_1_VITIS_LOOP_42_2_VITIS_LOOP_43_3 
Execute         preproc_iomode -model load_input 
Execute         preproc_iomode -model load_input_Pipeline_load_input_loop_VITIS_LOOP_9_1 
Execute         preproc_iomode -model dataflow_in_loop_VITIS_LOOP_92_1.1_Loop_VITIS_LOOP_99_2_proc 
Execute         preproc_iomode -model entry_proc 
Execute         get_model_list top_wrapper -filter all-wo-channel 
INFO-FLOW: Model list for configure: entry_proc dataflow_in_loop_VITIS_LOOP_92_1.1_Loop_VITIS_LOOP_99_2_proc load_input_Pipeline_load_input_loop_VITIS_LOOP_9_1 load_input conv_Pipeline_VITIS_LOOP_41_1_VITIS_LOOP_42_2_VITIS_LOOP_43_3 {conv<2, 13, 13, 3, 3, 2, 11, 11, 1, 1, 5, 1, 5, 5, 2, 3>_Pipeline_L5_L4_L3} {conv<2, 13, 13, 3, 3, 2, 11, 11, 1, 1, 5, 1, 5, 5, 2, 3>} out_conv2mem_Pipeline_VITIS_LOOP_41_4 {out_conv2mem<2, 13, 13, 3, 3, 2, 11, 11, 1, 162, 1, 1, 5, 5, 2, 3>} dataflow_in_loop_VITIS_LOOP_92_1.1 top_wrapper
INFO-FLOW: Configuring Module : entry_proc ...
Execute         set_default_model entry_proc 
Execute         apply_spec_resource_limit entry_proc 
INFO-FLOW: Configuring Module : dataflow_in_loop_VITIS_LOOP_92_1.1_Loop_VITIS_LOOP_99_2_proc ...
Execute         set_default_model dataflow_in_loop_VITIS_LOOP_92_1.1_Loop_VITIS_LOOP_99_2_proc 
Execute         apply_spec_resource_limit dataflow_in_loop_VITIS_LOOP_92_1.1_Loop_VITIS_LOOP_99_2_proc 
INFO-FLOW: Configuring Module : load_input_Pipeline_load_input_loop_VITIS_LOOP_9_1 ...
Execute         set_default_model load_input_Pipeline_load_input_loop_VITIS_LOOP_9_1 
Execute         apply_spec_resource_limit load_input_Pipeline_load_input_loop_VITIS_LOOP_9_1 
INFO-FLOW: Configuring Module : load_input ...
Execute         set_default_model load_input 
Execute         apply_spec_resource_limit load_input 
INFO-FLOW: Configuring Module : conv_Pipeline_VITIS_LOOP_41_1_VITIS_LOOP_42_2_VITIS_LOOP_43_3 ...
Execute         set_default_model conv_Pipeline_VITIS_LOOP_41_1_VITIS_LOOP_42_2_VITIS_LOOP_43_3 
Execute         apply_spec_resource_limit conv_Pipeline_VITIS_LOOP_41_1_VITIS_LOOP_42_2_VITIS_LOOP_43_3 
INFO-FLOW: Configuring Module : conv<2, 13, 13, 3, 3, 2, 11, 11, 1, 1, 5, 1, 5, 5, 2, 3>_Pipeline_L5_L4_L3 ...
Execute         set_default_model conv<2, 13, 13, 3, 3, 2, 11, 11, 1, 1, 5, 1, 5, 5, 2, 3>_Pipeline_L5_L4_L3 
Execute         apply_spec_resource_limit conv<2, 13, 13, 3, 3, 2, 11, 11, 1, 1, 5, 1, 5, 5, 2, 3>_Pipeline_L5_L4_L3 
INFO-FLOW: Configuring Module : conv<2, 13, 13, 3, 3, 2, 11, 11, 1, 1, 5, 1, 5, 5, 2, 3> ...
Execute         set_default_model conv<2, 13, 13, 3, 3, 2, 11, 11, 1, 1, 5, 1, 5, 5, 2, 3> 
Execute         apply_spec_resource_limit conv<2, 13, 13, 3, 3, 2, 11, 11, 1, 1, 5, 1, 5, 5, 2, 3> 
INFO-FLOW: Configuring Module : out_conv2mem_Pipeline_VITIS_LOOP_41_4 ...
Execute         set_default_model out_conv2mem_Pipeline_VITIS_LOOP_41_4 
Execute         apply_spec_resource_limit out_conv2mem_Pipeline_VITIS_LOOP_41_4 
INFO-FLOW: Configuring Module : out_conv2mem<2, 13, 13, 3, 3, 2, 11, 11, 1, 162, 1, 1, 5, 5, 2, 3> ...
Execute         set_default_model out_conv2mem<2, 13, 13, 3, 3, 2, 11, 11, 1, 162, 1, 1, 5, 5, 2, 3> 
Execute         apply_spec_resource_limit out_conv2mem<2, 13, 13, 3, 3, 2, 11, 11, 1, 162, 1, 1, 5, 5, 2, 3> 
INFO-FLOW: Configuring Module : dataflow_in_loop_VITIS_LOOP_92_1.1 ...
Execute         set_default_model dataflow_in_loop_VITIS_LOOP_92_1.1 
Execute         apply_spec_resource_limit dataflow_in_loop_VITIS_LOOP_92_1.1 
INFO-FLOW: Configuring Module : top_wrapper ...
Execute         set_default_model top_wrapper 
Execute         apply_spec_resource_limit top_wrapper 
INFO-FLOW: Model list for preprocess: entry_proc dataflow_in_loop_VITIS_LOOP_92_1.1_Loop_VITIS_LOOP_99_2_proc load_input_Pipeline_load_input_loop_VITIS_LOOP_9_1 load_input conv_Pipeline_VITIS_LOOP_41_1_VITIS_LOOP_42_2_VITIS_LOOP_43_3 {conv<2, 13, 13, 3, 3, 2, 11, 11, 1, 1, 5, 1, 5, 5, 2, 3>_Pipeline_L5_L4_L3} {conv<2, 13, 13, 3, 3, 2, 11, 11, 1, 1, 5, 1, 5, 5, 2, 3>} out_conv2mem_Pipeline_VITIS_LOOP_41_4 {out_conv2mem<2, 13, 13, 3, 3, 2, 11, 11, 1, 162, 1, 1, 5, 5, 2, 3>} dataflow_in_loop_VITIS_LOOP_92_1.1 top_wrapper
INFO-FLOW: Preprocessing Module: entry_proc ...
Execute         set_default_model entry_proc 
Execute         cdfg_preprocess -model entry_proc 
Execute         rtl_gen_preprocess entry_proc 
INFO-FLOW: Preprocessing Module: dataflow_in_loop_VITIS_LOOP_92_1.1_Loop_VITIS_LOOP_99_2_proc ...
Execute         set_default_model dataflow_in_loop_VITIS_LOOP_92_1.1_Loop_VITIS_LOOP_99_2_proc 
Execute         cdfg_preprocess -model dataflow_in_loop_VITIS_LOOP_92_1.1_Loop_VITIS_LOOP_99_2_proc 
Execute         rtl_gen_preprocess dataflow_in_loop_VITIS_LOOP_92_1.1_Loop_VITIS_LOOP_99_2_proc 
INFO-FLOW: Preprocessing Module: load_input_Pipeline_load_input_loop_VITIS_LOOP_9_1 ...
Execute         set_default_model load_input_Pipeline_load_input_loop_VITIS_LOOP_9_1 
Execute         cdfg_preprocess -model load_input_Pipeline_load_input_loop_VITIS_LOOP_9_1 
Command         cdfg_preprocess done; 1.36 sec.
Execute         rtl_gen_preprocess load_input_Pipeline_load_input_loop_VITIS_LOOP_9_1 
INFO-FLOW: Preprocessing Module: load_input ...
Execute         set_default_model load_input 
Execute         cdfg_preprocess -model load_input 
Command         cdfg_preprocess done; 0.12 sec.
Execute         rtl_gen_preprocess load_input 
INFO-FLOW: Preprocessing Module: conv_Pipeline_VITIS_LOOP_41_1_VITIS_LOOP_42_2_VITIS_LOOP_43_3 ...
Execute         set_default_model conv_Pipeline_VITIS_LOOP_41_1_VITIS_LOOP_42_2_VITIS_LOOP_43_3 
Execute         cdfg_preprocess -model conv_Pipeline_VITIS_LOOP_41_1_VITIS_LOOP_42_2_VITIS_LOOP_43_3 
Execute         rtl_gen_preprocess conv_Pipeline_VITIS_LOOP_41_1_VITIS_LOOP_42_2_VITIS_LOOP_43_3 
INFO-FLOW: Preprocessing Module: conv<2, 13, 13, 3, 3, 2, 11, 11, 1, 1, 5, 1, 5, 5, 2, 3>_Pipeline_L5_L4_L3 ...
Execute         set_default_model conv<2, 13, 13, 3, 3, 2, 11, 11, 1, 1, 5, 1, 5, 5, 2, 3>_Pipeline_L5_L4_L3 
Execute         cdfg_preprocess -model conv<2, 13, 13, 3, 3, 2, 11, 11, 1, 1, 5, 1, 5, 5, 2, 3>_Pipeline_L5_L4_L3 
Execute         rtl_gen_preprocess conv<2, 13, 13, 3, 3, 2, 11, 11, 1, 1, 5, 1, 5, 5, 2, 3>_Pipeline_L5_L4_L3 
INFO-FLOW: Preprocessing Module: conv<2, 13, 13, 3, 3, 2, 11, 11, 1, 1, 5, 1, 5, 5, 2, 3> ...
Execute         set_default_model conv<2, 13, 13, 3, 3, 2, 11, 11, 1, 1, 5, 1, 5, 5, 2, 3> 
Execute         cdfg_preprocess -model conv<2, 13, 13, 3, 3, 2, 11, 11, 1, 1, 5, 1, 5, 5, 2, 3> 
Execute         rtl_gen_preprocess conv<2, 13, 13, 3, 3, 2, 11, 11, 1, 1, 5, 1, 5, 5, 2, 3> 
INFO-FLOW: Preprocessing Module: out_conv2mem_Pipeline_VITIS_LOOP_41_4 ...
Execute         set_default_model out_conv2mem_Pipeline_VITIS_LOOP_41_4 
Execute         cdfg_preprocess -model out_conv2mem_Pipeline_VITIS_LOOP_41_4 
Execute         rtl_gen_preprocess out_conv2mem_Pipeline_VITIS_LOOP_41_4 
INFO-FLOW: Preprocessing Module: out_conv2mem<2, 13, 13, 3, 3, 2, 11, 11, 1, 162, 1, 1, 5, 5, 2, 3> ...
Execute         set_default_model out_conv2mem<2, 13, 13, 3, 3, 2, 11, 11, 1, 162, 1, 1, 5, 5, 2, 3> 
Execute         cdfg_preprocess -model out_conv2mem<2, 13, 13, 3, 3, 2, 11, 11, 1, 162, 1, 1, 5, 5, 2, 3> 
Execute         rtl_gen_preprocess out_conv2mem<2, 13, 13, 3, 3, 2, 11, 11, 1, 162, 1, 1, 5, 5, 2, 3> 
INFO-FLOW: Preprocessing Module: dataflow_in_loop_VITIS_LOOP_92_1.1 ...
Execute         set_default_model dataflow_in_loop_VITIS_LOOP_92_1.1 
Execute         cdfg_preprocess -model dataflow_in_loop_VITIS_LOOP_92_1.1 
Execute         rtl_gen_preprocess dataflow_in_loop_VITIS_LOOP_92_1.1 
INFO-FLOW: Preprocessing Module: top_wrapper ...
Execute         set_default_model top_wrapper 
Execute         cdfg_preprocess -model top_wrapper 
Execute         rtl_gen_preprocess top_wrapper 
INFO-FLOW: Model list for synthesis: entry_proc dataflow_in_loop_VITIS_LOOP_92_1.1_Loop_VITIS_LOOP_99_2_proc load_input_Pipeline_load_input_loop_VITIS_LOOP_9_1 load_input conv_Pipeline_VITIS_LOOP_41_1_VITIS_LOOP_42_2_VITIS_LOOP_43_3 {conv<2, 13, 13, 3, 3, 2, 11, 11, 1, 1, 5, 1, 5, 5, 2, 3>_Pipeline_L5_L4_L3} {conv<2, 13, 13, 3, 3, 2, 11, 11, 1, 1, 5, 1, 5, 5, 2, 3>} out_conv2mem_Pipeline_VITIS_LOOP_41_4 {out_conv2mem<2, 13, 13, 3, 3, 2, 11, 11, 1, 162, 1, 1, 5, 5, 2, 3>} dataflow_in_loop_VITIS_LOOP_92_1.1 top_wrapper
INFO: [HLS 200-10] ----------------------------------------------------------------
INFO: [HLS 200-42] -- Implementing module 'entry_proc' 
INFO: [HLS 200-10] ----------------------------------------------------------------
Execute         set_default_model entry_proc 
Execute         schedule -model entry_proc 
INFO: [SCHED 204-11] Starting scheduling ...
INFO: [SCHED 204-11] Finished scheduling.
INFO: [HLS 200-111] Finished Scheduling: CPU user time: 1.66 seconds. CPU system time: 0.03 seconds. Elapsed time: 1.71 seconds; current allocated memory: 1005.191 MB.
Execute         syn_report -verbosereport -o /home/lorenzor/workspace/convolution/convolution/solution_0/.autopilot/db/entry_proc.verbose.sched.rpt 
Execute           list_part -family xck26-sfvc784-2LV-c 
Execute             ap_family_info -name xck26-sfvc784-2LV-c -data names 
Execute             ap_part_info -quiet -name xck26-sfvc784-2LV-c -data family 
Execute         db_write -o /home/lorenzor/workspace/convolution/convolution/solution_0/.autopilot/db/entry_proc.sched.adb -f 
INFO-FLOW: Finish scheduling entry_proc.
Execute         set_default_model entry_proc 
Execute         bind -model entry_proc 
INFO: [BIND 205-100] Starting micro-architecture generation ...
INFO: [BIND 205-101] Performing variable lifetime analysis.
INFO: [BIND 205-101] Exploring resource sharing.
INFO: [BIND 205-101] Binding ...
INFO: [BIND 205-100] Finished micro-architecture generation.
INFO: [HLS 200-111] Finished Binding: CPU user time: 0.01 seconds. CPU system time: 0.01 seconds. Elapsed time: 0.01 seconds; current allocated memory: 1005.234 MB.
Execute         syn_report -verbosereport -o /home/lorenzor/workspace/convolution/convolution/solution_0/.autopilot/db/entry_proc.verbose.bind.rpt 
Execute           list_part -family xck26-sfvc784-2LV-c 
Execute             ap_family_info -name xck26-sfvc784-2LV-c -data names 
Execute             ap_part_info -quiet -name xck26-sfvc784-2LV-c -data family 
Execute         db_write -o /home/lorenzor/workspace/convolution/convolution/solution_0/.autopilot/db/entry_proc.bind.adb -f 
INFO-FLOW: Finish binding entry_proc.
INFO: [HLS 200-10] ----------------------------------------------------------------
INFO: [HLS 200-42] -- Implementing module 'dataflow_in_loop_VITIS_LOOP_92_1_1_Loop_VITIS_LOOP_99_2_proc' 
INFO: [HLS 200-10] ----------------------------------------------------------------
Execute         set_default_model dataflow_in_loop_VITIS_LOOP_92_1.1_Loop_VITIS_LOOP_99_2_proc 
Execute         schedule -model dataflow_in_loop_VITIS_LOOP_92_1.1_Loop_VITIS_LOOP_99_2_proc 
INFO: [SCHED 204-11] Starting scheduling ...
INFO: [SCHED 204-61] Pipelining loop 'VITIS_LOOP_99_2'.
INFO: [HLS 200-876] Unable to schedule the whole 8 cycles bus request operation ('empty', top_wrapper.cpp:99) on port 'gmem2' (top_wrapper.cpp:99) within the first cycle (II = 1). Simulation mismatch may occur if the input data is modified before this operation completes.
INFO: [HLS 200-1470] Pipelining result : Target II = 1, Final II = 1, Depth = 11, loop 'VITIS_LOOP_99_2'
INFO: [SCHED 204-11] Finished scheduling.
INFO: [HLS 200-111] Finished Scheduling: CPU user time: 0.04 seconds. CPU system time: 0 seconds. Elapsed time: 0.04 seconds; current allocated memory: 1006.477 MB.
Execute         syn_report -verbosereport -o /home/lorenzor/workspace/convolution/convolution/solution_0/.autopilot/db/dataflow_in_loop_VITIS_LOOP_92_1_1_Loop_VITIS_LOOP_99_2_proc.verbose.sched.rpt 
Execute           list_part -family xck26-sfvc784-2LV-c 
Execute             ap_family_info -name xck26-sfvc784-2LV-c -data names 
Execute             ap_part_info -quiet -name xck26-sfvc784-2LV-c -data family 
Execute         db_write -o /home/lorenzor/workspace/convolution/convolution/solution_0/.autopilot/db/dataflow_in_loop_VITIS_LOOP_92_1_1_Loop_VITIS_LOOP_99_2_proc.sched.adb -f 
INFO-FLOW: Finish scheduling dataflow_in_loop_VITIS_LOOP_92_1.1_Loop_VITIS_LOOP_99_2_proc.
Execute         set_default_model dataflow_in_loop_VITIS_LOOP_92_1.1_Loop_VITIS_LOOP_99_2_proc 
Execute         bind -model dataflow_in_loop_VITIS_LOOP_92_1.1_Loop_VITIS_LOOP_99_2_proc 
INFO: [BIND 205-100] Starting micro-architecture generation ...
INFO: [BIND 205-101] Performing variable lifetime analysis.
INFO: [BIND 205-101] Exploring resource sharing.
INFO: [BIND 205-101] Binding ...
INFO: [BIND 205-100] Finished micro-architecture generation.
INFO: [HLS 200-111] Finished Binding: CPU user time: 0.01 seconds. CPU system time: 0 seconds. Elapsed time: 0.03 seconds; current allocated memory: 1006.477 MB.
Execute         syn_report -verbosereport -o /home/lorenzor/workspace/convolution/convolution/solution_0/.autopilot/db/dataflow_in_loop_VITIS_LOOP_92_1_1_Loop_VITIS_LOOP_99_2_proc.verbose.bind.rpt 
Execute           list_part -family xck26-sfvc784-2LV-c 
Execute             ap_family_info -name xck26-sfvc784-2LV-c -data names 
Execute             ap_part_info -quiet -name xck26-sfvc784-2LV-c -data family 
Execute         db_write -o /home/lorenzor/workspace/convolution/convolution/solution_0/.autopilot/db/dataflow_in_loop_VITIS_LOOP_92_1_1_Loop_VITIS_LOOP_99_2_proc.bind.adb -f 
INFO-FLOW: Finish binding dataflow_in_loop_VITIS_LOOP_92_1.1_Loop_VITIS_LOOP_99_2_proc.
INFO: [HLS 200-10] ----------------------------------------------------------------
INFO: [HLS 200-42] -- Implementing module 'load_input_Pipeline_load_input_loop_VITIS_LOOP_9_1' 
INFO: [HLS 200-10] ----------------------------------------------------------------
Execute         set_default_model load_input_Pipeline_load_input_loop_VITIS_LOOP_9_1 
Execute         schedule -model load_input_Pipeline_load_input_loop_VITIS_LOOP_9_1 
INFO: [SCHED 204-11] Starting scheduling ...
INFO: [HLS 200-486] Changing DSP latency (root=add_ln11_3) to 3 in order to utilize available DSP registers.
INFO: [HLS 200-486] Changing DSP latency (root=add_ln11_1) to 3 in order to utilize available DSP registers.
INFO: [SCHED 204-61] Pipelining loop 'load_input_loop_VITIS_LOOP_9_1'.
INFO: [HLS 200-1470] Pipelining result : Target II = NA, Final II = 1, Depth = 21, loop 'load_input_loop_VITIS_LOOP_9_1'
INFO: [SCHED 204-11] Finished scheduling.
Command         schedule done; 1.11 sec.
INFO: [HLS 200-111] Finished Scheduling: CPU user time: 1.11 seconds. CPU system time: 0.01 seconds. Elapsed time: 1.13 seconds; current allocated memory: 1.001 GB.
Execute         syn_report -verbosereport -o /home/lorenzor/workspace/convolution/convolution/solution_0/.autopilot/db/load_input_Pipeline_load_input_loop_VITIS_LOOP_9_1.verbose.sched.rpt 
Execute           list_part -family xck26-sfvc784-2LV-c 
Execute             ap_family_info -name xck26-sfvc784-2LV-c -data names 
Execute             ap_part_info -quiet -name xck26-sfvc784-2LV-c -data family 
Execute         db_write -o /home/lorenzor/workspace/convolution/convolution/solution_0/.autopilot/db/load_input_Pipeline_load_input_loop_VITIS_LOOP_9_1.sched.adb -f 
INFO-FLOW: Finish scheduling load_input_Pipeline_load_input_loop_VITIS_LOOP_9_1.
Execute         set_default_model load_input_Pipeline_load_input_loop_VITIS_LOOP_9_1 
Execute         bind -model load_input_Pipeline_load_input_loop_VITIS_LOOP_9_1 
INFO: [BIND 205-100] Starting micro-architecture generation ...
INFO: [BIND 205-101] Performing variable lifetime analysis.
INFO: [BIND 205-101] Exploring resource sharing.
INFO: [BIND 205-101] Binding ...
INFO: [BIND 205-100] Finished micro-architecture generation.
INFO: [HLS 200-111] Finished Binding: CPU user time: 0.25 seconds. CPU system time: 0.01 seconds. Elapsed time: 0.26 seconds; current allocated memory: 1.001 GB.
Execute         syn_report -verbosereport -o /home/lorenzor/workspace/convolution/convolution/solution_0/.autopilot/db/load_input_Pipeline_load_input_loop_VITIS_LOOP_9_1.verbose.bind.rpt 
Execute           list_part -family xck26-sfvc784-2LV-c 
Execute             ap_family_info -name xck26-sfvc784-2LV-c -data names 
Execute             ap_part_info -quiet -name xck26-sfvc784-2LV-c -data family 
Execute         db_write -o /home/lorenzor/workspace/convolution/convolution/solution_0/.autopilot/db/load_input_Pipeline_load_input_loop_VITIS_LOOP_9_1.bind.adb -f 
Command         db_write done; 0.12 sec.
INFO-FLOW: Finish binding load_input_Pipeline_load_input_loop_VITIS_LOOP_9_1.
INFO: [HLS 200-10] ----------------------------------------------------------------
INFO: [HLS 200-42] -- Implementing module 'load_input' 
INFO: [HLS 200-10] ----------------------------------------------------------------
Execute         set_default_model load_input 
Execute         schedule -model load_input 
INFO: [SCHED 204-11] Starting scheduling ...
INFO: [SCHED 204-11] Finished scheduling.
Command         schedule done; 0.62 sec.
INFO: [HLS 200-111] Finished Scheduling: CPU user time: 0.8 seconds. CPU system time: 0 seconds. Elapsed time: 0.81 seconds; current allocated memory: 1.005 GB.
Execute         syn_report -verbosereport -o /home/lorenzor/workspace/convolution/convolution/solution_0/.autopilot/db/load_input.verbose.sched.rpt 
Execute           list_part -family xck26-sfvc784-2LV-c 
Execute             ap_family_info -name xck26-sfvc784-2LV-c -data names 
Execute             ap_part_info -quiet -name xck26-sfvc784-2LV-c -data family 
Execute         db_write -o /home/lorenzor/workspace/convolution/convolution/solution_0/.autopilot/db/load_input.sched.adb -f 
INFO-FLOW: Finish scheduling load_input.
Execute         set_default_model load_input 
Execute         bind -model load_input 
INFO: [BIND 205-100] Starting micro-architecture generation ...
INFO: [BIND 205-101] Performing variable lifetime analysis.
INFO: [BIND 205-101] Exploring resource sharing.
INFO: [BIND 205-101] Binding ...
INFO: [BIND 205-100] Finished micro-architecture generation.
Command         bind done; 0.2 sec.
INFO: [HLS 200-111] Finished Binding: CPU user time: 0.27 seconds. CPU system time: 0.01 seconds. Elapsed time: 0.28 seconds; current allocated memory: 1.005 GB.
Execute         syn_report -verbosereport -o /home/lorenzor/workspace/convolution/convolution/solution_0/.autopilot/db/load_input.verbose.bind.rpt 
Execute           list_part -family xck26-sfvc784-2LV-c 
Execute             ap_family_info -name xck26-sfvc784-2LV-c -data names 
Execute             ap_part_info -quiet -name xck26-sfvc784-2LV-c -data family 
Execute         db_write -o /home/lorenzor/workspace/convolution/convolution/solution_0/.autopilot/db/load_input.bind.adb -f 
INFO-FLOW: Finish binding load_input.
INFO: [HLS 200-10] ----------------------------------------------------------------
INFO: [HLS 200-42] -- Implementing module 'conv_Pipeline_VITIS_LOOP_41_1_VITIS_LOOP_42_2_VITIS_LOOP_43_3' 
INFO: [HLS 200-10] ----------------------------------------------------------------
Execute         set_default_model conv_Pipeline_VITIS_LOOP_41_1_VITIS_LOOP_42_2_VITIS_LOOP_43_3 
Execute         schedule -model conv_Pipeline_VITIS_LOOP_41_1_VITIS_LOOP_42_2_VITIS_LOOP_43_3 
INFO: [SCHED 204-11] Starting scheduling ...
INFO: [SCHED 204-61] Pipelining loop 'VITIS_LOOP_41_1_VITIS_LOOP_42_2_VITIS_LOOP_43_3'.
INFO: [HLS 200-1470] Pipelining result : Target II = NA, Final II = 1, Depth = 2, loop 'VITIS_LOOP_41_1_VITIS_LOOP_42_2_VITIS_LOOP_43_3'
INFO: [SCHED 204-11] Finished scheduling.
INFO: [HLS 200-111] Finished Scheduling: CPU user time: 0.19 seconds. CPU system time: 0.01 seconds. Elapsed time: 0.2 seconds; current allocated memory: 1.006 GB.
Execute         syn_report -verbosereport -o /home/lorenzor/workspace/convolution/convolution/solution_0/.autopilot/db/conv_Pipeline_VITIS_LOOP_41_1_VITIS_LOOP_42_2_VITIS_LOOP_43_3.verbose.sched.rpt 
Execute           list_part -family xck26-sfvc784-2LV-c 
Execute             ap_family_info -name xck26-sfvc784-2LV-c -data names 
Execute             ap_part_info -quiet -name xck26-sfvc784-2LV-c -data family 
Execute         db_write -o /home/lorenzor/workspace/convolution/convolution/solution_0/.autopilot/db/conv_Pipeline_VITIS_LOOP_41_1_VITIS_LOOP_42_2_VITIS_LOOP_43_3.sched.adb -f 
INFO-FLOW: Finish scheduling conv_Pipeline_VITIS_LOOP_41_1_VITIS_LOOP_42_2_VITIS_LOOP_43_3.
Execute         set_default_model conv_Pipeline_VITIS_LOOP_41_1_VITIS_LOOP_42_2_VITIS_LOOP_43_3 
Execute         bind -model conv_Pipeline_VITIS_LOOP_41_1_VITIS_LOOP_42_2_VITIS_LOOP_43_3 
INFO: [BIND 205-100] Starting micro-architecture generation ...
INFO: [BIND 205-101] Performing variable lifetime analysis.
INFO: [BIND 205-101] Exploring resource sharing.
INFO: [BIND 205-101] Binding ...
INFO: [BIND 205-100] Finished micro-architecture generation.
INFO: [HLS 200-111] Finished Binding: CPU user time: 0.03 seconds. CPU system time: 0 seconds. Elapsed time: 0.03 seconds; current allocated memory: 1.006 GB.
Execute         syn_report -verbosereport -o /home/lorenzor/workspace/convolution/convolution/solution_0/.autopilot/db/conv_Pipeline_VITIS_LOOP_41_1_VITIS_LOOP_42_2_VITIS_LOOP_43_3.verbose.bind.rpt 
Execute           list_part -family xck26-sfvc784-2LV-c 
Execute             ap_family_info -name xck26-sfvc784-2LV-c -data names 
Execute             ap_part_info -quiet -name xck26-sfvc784-2LV-c -data family 
Execute         db_write -o /home/lorenzor/workspace/convolution/convolution/solution_0/.autopilot/db/conv_Pipeline_VITIS_LOOP_41_1_VITIS_LOOP_42_2_VITIS_LOOP_43_3.bind.adb -f 
INFO-FLOW: Finish binding conv_Pipeline_VITIS_LOOP_41_1_VITIS_LOOP_42_2_VITIS_LOOP_43_3.
INFO: [HLS 200-10] ----------------------------------------------------------------
INFO: [HLS 200-42] -- Implementing module 'conv_2_13_13_3_3_2_11_11_1_1_5_1_5_5_2_3_Pipeline_L5_L4_L3' 
INFO: [HLS 200-10] ----------------------------------------------------------------
Execute         set_default_model conv<2, 13, 13, 3, 3, 2, 11, 11, 1, 1, 5, 1, 5, 5, 2, 3>_Pipeline_L5_L4_L3 
Execute         schedule -model conv<2, 13, 13, 3, 3, 2, 11, 11, 1, 1, 5, 1, 5, 5, 2, 3>_Pipeline_L5_L4_L3 
INFO: [SCHED 204-11] Starting scheduling ...
INFO: [SCHED 204-61] Pipelining loop 'L5_L4_L3'.
INFO: [HLS 200-1470] Pipelining result : Target II = 1, Final II = 1, Depth = 14, loop 'L5_L4_L3'
INFO: [SCHED 204-11] Finished scheduling.
Command         schedule done; 3.5 sec.
INFO: [HLS 200-111] Finished Scheduling: CPU user time: 3.52 seconds. CPU system time: 0.03 seconds. Elapsed time: 3.54 seconds; current allocated memory: 1.059 GB.
Execute         syn_report -verbosereport -o /home/lorenzor/workspace/convolution/convolution/solution_0/.autopilot/db/conv_2_13_13_3_3_2_11_11_1_1_5_1_5_5_2_3_Pipeline_L5_L4_L3.verbose.sched.rpt 
Execute           list_part -family xck26-sfvc784-2LV-c 
Execute             ap_family_info -name xck26-sfvc784-2LV-c -data names 
Execute             ap_part_info -quiet -name xck26-sfvc784-2LV-c -data family 
Execute         db_write -o /home/lorenzor/workspace/convolution/convolution/solution_0/.autopilot/db/conv_2_13_13_3_3_2_11_11_1_1_5_1_5_5_2_3_Pipeline_L5_L4_L3.sched.adb -f 
Command         db_write done; 0.12 sec.
INFO-FLOW: Finish scheduling conv<2, 13, 13, 3, 3, 2, 11, 11, 1, 1, 5, 1, 5, 5, 2, 3>_Pipeline_L5_L4_L3.
Execute         set_default_model conv<2, 13, 13, 3, 3, 2, 11, 11, 1, 1, 5, 1, 5, 5, 2, 3>_Pipeline_L5_L4_L3 
Execute         bind -model conv<2, 13, 13, 3, 3, 2, 11, 11, 1, 1, 5, 1, 5, 5, 2, 3>_Pipeline_L5_L4_L3 
INFO: [BIND 205-100] Starting micro-architecture generation ...
INFO: [BIND 205-101] Performing variable lifetime analysis.
INFO: [BIND 205-101] Exploring resource sharing.
INFO: [BIND 205-101] Binding ...
INFO: [BIND 205-100] Finished micro-architecture generation.
Command         bind done; 0.12 sec.
INFO: [HLS 200-111] Finished Binding: CPU user time: 0.3 seconds. CPU system time: 0 seconds. Elapsed time: 0.31 seconds; current allocated memory: 1.059 GB.
Execute         syn_report -verbosereport -o /home/lorenzor/workspace/convolution/convolution/solution_0/.autopilot/db/conv_2_13_13_3_3_2_11_11_1_1_5_1_5_5_2_3_Pipeline_L5_L4_L3.verbose.bind.rpt 
Execute           list_part -family xck26-sfvc784-2LV-c 
Execute             ap_family_info -name xck26-sfvc784-2LV-c -data names 
Execute             ap_part_info -quiet -name xck26-sfvc784-2LV-c -data family 
Execute         db_write -o /home/lorenzor/workspace/convolution/convolution/solution_0/.autopilot/db/conv_2_13_13_3_3_2_11_11_1_1_5_1_5_5_2_3_Pipeline_L5_L4_L3.bind.adb -f 
Command         db_write done; 0.13 sec.
INFO-FLOW: Finish binding conv<2, 13, 13, 3, 3, 2, 11, 11, 1, 1, 5, 1, 5, 5, 2, 3>_Pipeline_L5_L4_L3.
INFO: [HLS 200-10] ----------------------------------------------------------------
INFO: [HLS 200-42] -- Implementing module 'conv_2_13_13_3_3_2_11_11_1_1_5_1_5_5_2_3_s' 
INFO: [HLS 200-10] ----------------------------------------------------------------
Execute         set_default_model conv<2, 13, 13, 3, 3, 2, 11, 11, 1, 1, 5, 1, 5, 5, 2, 3> 
Execute         schedule -model conv<2, 13, 13, 3, 3, 2, 11, 11, 1, 1, 5, 1, 5, 5, 2, 3> 
INFO: [SCHED 204-11] Starting scheduling ...
INFO: [SCHED 204-11] Finished scheduling.
Command         schedule done; 1.47 sec.
INFO: [HLS 200-111] Finished Scheduling: CPU user time: 1.67 seconds. CPU system time: 0.01 seconds. Elapsed time: 1.68 seconds; current allocated memory: 1.059 GB.
Execute         syn_report -verbosereport -o /home/lorenzor/workspace/convolution/convolution/solution_0/.autopilot/db/conv_2_13_13_3_3_2_11_11_1_1_5_1_5_5_2_3_s.verbose.sched.rpt 
Execute           list_part -family xck26-sfvc784-2LV-c 
Execute             ap_family_info -name xck26-sfvc784-2LV-c -data names 
Execute             ap_part_info -quiet -name xck26-sfvc784-2LV-c -data family 
Execute         db_write -o /home/lorenzor/workspace/convolution/convolution/solution_0/.autopilot/db/conv_2_13_13_3_3_2_11_11_1_1_5_1_5_5_2_3_s.sched.adb -f 
INFO-FLOW: Finish scheduling conv<2, 13, 13, 3, 3, 2, 11, 11, 1, 1, 5, 1, 5, 5, 2, 3>.
Execute         set_default_model conv<2, 13, 13, 3, 3, 2, 11, 11, 1, 1, 5, 1, 5, 5, 2, 3> 
Execute         bind -model conv<2, 13, 13, 3, 3, 2, 11, 11, 1, 1, 5, 1, 5, 5, 2, 3> 
INFO: [BIND 205-100] Starting micro-architecture generation ...
INFO: [BIND 205-101] Performing variable lifetime analysis.
INFO: [BIND 205-101] Exploring resource sharing.
INFO: [BIND 205-101] Binding ...
INFO: [BIND 205-100] Finished micro-architecture generation.
Command         bind done; 0.36 sec.
INFO: [HLS 200-111] Finished Binding: CPU user time: 0.46 seconds. CPU system time: 0 seconds. Elapsed time: 0.47 seconds; current allocated memory: 1.059 GB.
Execute         syn_report -verbosereport -o /home/lorenzor/workspace/convolution/convolution/solution_0/.autopilot/db/conv_2_13_13_3_3_2_11_11_1_1_5_1_5_5_2_3_s.verbose.bind.rpt 
Execute           list_part -family xck26-sfvc784-2LV-c 
Execute             ap_family_info -name xck26-sfvc784-2LV-c -data names 
Execute             ap_part_info -quiet -name xck26-sfvc784-2LV-c -data family 
Execute         db_write -o /home/lorenzor/workspace/convolution/convolution/solution_0/.autopilot/db/conv_2_13_13_3_3_2_11_11_1_1_5_1_5_5_2_3_s.bind.adb -f 
INFO-FLOW: Finish binding conv<2, 13, 13, 3, 3, 2, 11, 11, 1, 1, 5, 1, 5, 5, 2, 3>.
INFO: [HLS 200-10] ----------------------------------------------------------------
INFO: [HLS 200-42] -- Implementing module 'out_conv2mem_Pipeline_VITIS_LOOP_41_4' 
INFO: [HLS 200-10] ----------------------------------------------------------------
Execute         set_default_model out_conv2mem_Pipeline_VITIS_LOOP_41_4 
Execute         schedule -model out_conv2mem_Pipeline_VITIS_LOOP_41_4 
INFO: [SCHED 204-11] Starting scheduling ...
INFO: [SCHED 204-61] Pipelining loop 'VITIS_LOOP_41_4'.
WARNING: [HLS 200-880] The II Violation in module 'out_conv2mem_Pipeline_VITIS_LOOP_41_4' (loop 'VITIS_LOOP_41_4'): Unable to enforce a carried dependence constraint (II = 1, distance = 1, offset = 1) between bus write operation ('gmem1_addr_write_ln51', top_wrapper.cpp:51->top_wrapper.cpp:129) on port 'gmem1' (top_wrapper.cpp:51->top_wrapper.cpp:129) and bus write operation ('gmem1_addr_write_ln51', top_wrapper.cpp:51->top_wrapper.cpp:129) on port 'gmem1' (top_wrapper.cpp:51->top_wrapper.cpp:129).
INFO: [HLS 200-1470] Pipelining result : Target II = NA, Final II = 2, Depth = 10, loop 'VITIS_LOOP_41_4'
INFO: [SCHED 204-11] Finished scheduling.
INFO: [HLS 200-111] Finished Scheduling: CPU user time: 0.25 seconds. CPU system time: 0.01 seconds. Elapsed time: 0.26 seconds; current allocated memory: 1.059 GB.
Execute         syn_report -verbosereport -o /home/lorenzor/workspace/convolution/convolution/solution_0/.autopilot/db/out_conv2mem_Pipeline_VITIS_LOOP_41_4.verbose.sched.rpt 
Execute           list_part -family xck26-sfvc784-2LV-c 
Execute             ap_family_info -name xck26-sfvc784-2LV-c -data names 
Execute             ap_part_info -quiet -name xck26-sfvc784-2LV-c -data family 
Execute         db_write -o /home/lorenzor/workspace/convolution/convolution/solution_0/.autopilot/db/out_conv2mem_Pipeline_VITIS_LOOP_41_4.sched.adb -f 
INFO-FLOW: Finish scheduling out_conv2mem_Pipeline_VITIS_LOOP_41_4.
Execute         set_default_model out_conv2mem_Pipeline_VITIS_LOOP_41_4 
Execute         bind -model out_conv2mem_Pipeline_VITIS_LOOP_41_4 
INFO: [BIND 205-100] Starting micro-architecture generation ...
INFO: [BIND 205-101] Performing variable lifetime analysis.
INFO: [BIND 205-101] Exploring resource sharing.
INFO: [BIND 205-101] Binding ...
INFO: [BIND 205-100] Finished micro-architecture generation.
INFO: [HLS 200-111] Finished Binding: CPU user time: 0.03 seconds. CPU system time: 0 seconds. Elapsed time: 0.03 seconds; current allocated memory: 1.059 GB.
Execute         syn_report -verbosereport -o /home/lorenzor/workspace/convolution/convolution/solution_0/.autopilot/db/out_conv2mem_Pipeline_VITIS_LOOP_41_4.verbose.bind.rpt 
Execute           list_part -family xck26-sfvc784-2LV-c 
Execute             ap_family_info -name xck26-sfvc784-2LV-c -data names 
Execute             ap_part_info -quiet -name xck26-sfvc784-2LV-c -data family 
Execute         db_write -o /home/lorenzor/workspace/convolution/convolution/solution_0/.autopilot/db/out_conv2mem_Pipeline_VITIS_LOOP_41_4.bind.adb -f 
INFO-FLOW: Finish binding out_conv2mem_Pipeline_VITIS_LOOP_41_4.
INFO: [HLS 200-10] ----------------------------------------------------------------
INFO: [HLS 200-42] -- Implementing module 'out_conv2mem_2_13_13_3_3_2_11_11_1_162_1_1_5_5_2_3_s' 
INFO: [HLS 200-10] ----------------------------------------------------------------
Execute         set_default_model out_conv2mem<2, 13, 13, 3, 3, 2, 11, 11, 1, 162, 1, 1, 5, 5, 2, 3> 
Execute         schedule -model out_conv2mem<2, 13, 13, 3, 3, 2, 11, 11, 1, 162, 1, 1, 5, 5, 2, 3> 
INFO: [SCHED 204-11] Starting scheduling ...
INFO: [SCHED 204-11] Finished scheduling.
Command         schedule done; 0.35 sec.
INFO: [HLS 200-111] Finished Scheduling: CPU user time: 0.37 seconds. CPU system time: 0.01 seconds. Elapsed time: 0.38 seconds; current allocated memory: 1.060 GB.
Execute         syn_report -verbosereport -o /home/lorenzor/workspace/convolution/convolution/solution_0/.autopilot/db/out_conv2mem_2_13_13_3_3_2_11_11_1_162_1_1_5_5_2_3_s.verbose.sched.rpt 
Execute           list_part -family xck26-sfvc784-2LV-c 
Execute             ap_family_info -name xck26-sfvc784-2LV-c -data names 
Execute             ap_part_info -quiet -name xck26-sfvc784-2LV-c -data family 
Execute         db_write -o /home/lorenzor/workspace/convolution/convolution/solution_0/.autopilot/db/out_conv2mem_2_13_13_3_3_2_11_11_1_162_1_1_5_5_2_3_s.sched.adb -f 
INFO-FLOW: Finish scheduling out_conv2mem<2, 13, 13, 3, 3, 2, 11, 11, 1, 162, 1, 1, 5, 5, 2, 3>.
Execute         set_default_model out_conv2mem<2, 13, 13, 3, 3, 2, 11, 11, 1, 162, 1, 1, 5, 5, 2, 3> 
Execute         bind -model out_conv2mem<2, 13, 13, 3, 3, 2, 11, 11, 1, 162, 1, 1, 5, 5, 2, 3> 
INFO: [BIND 205-100] Starting micro-architecture generation ...
INFO: [BIND 205-101] Performing variable lifetime analysis.
INFO: [BIND 205-101] Exploring resource sharing.
INFO: [BIND 205-101] Binding ...
INFO: [BIND 205-100] Finished micro-architecture generation.
INFO: [HLS 200-111] Finished Binding: CPU user time: 0.11 seconds. CPU system time: 0 seconds. Elapsed time: 0.12 seconds; current allocated memory: 1.060 GB.
Execute         syn_report -verbosereport -o /home/lorenzor/workspace/convolution/convolution/solution_0/.autopilot/db/out_conv2mem_2_13_13_3_3_2_11_11_1_162_1_1_5_5_2_3_s.verbose.bind.rpt 
Execute           list_part -family xck26-sfvc784-2LV-c 
Execute             ap_family_info -name xck26-sfvc784-2LV-c -data names 
Execute             ap_part_info -quiet -name xck26-sfvc784-2LV-c -data family 
Execute         db_write -o /home/lorenzor/workspace/convolution/convolution/solution_0/.autopilot/db/out_conv2mem_2_13_13_3_3_2_11_11_1_162_1_1_5_5_2_3_s.bind.adb -f 
INFO-FLOW: Finish binding out_conv2mem<2, 13, 13, 3, 3, 2, 11, 11, 1, 162, 1, 1, 5, 5, 2, 3>.
INFO: [HLS 200-10] ----------------------------------------------------------------
INFO: [HLS 200-42] -- Implementing module 'dataflow_in_loop_VITIS_LOOP_92_1_1' 
INFO: [HLS 200-10] ----------------------------------------------------------------
Execute         set_default_model dataflow_in_loop_VITIS_LOOP_92_1.1 
Execute         schedule -model dataflow_in_loop_VITIS_LOOP_92_1.1 
INFO: [SCHED 204-11] Starting scheduling ...
INFO: [SCHED 204-11] Finished scheduling.
Command         schedule done; 0.5 sec.
INFO: [HLS 200-111] Finished Scheduling: CPU user time: 0.56 seconds. CPU system time: 0.01 seconds. Elapsed time: 0.58 seconds; current allocated memory: 1.068 GB.
Execute         syn_report -verbosereport -o /home/lorenzor/workspace/convolution/convolution/solution_0/.autopilot/db/dataflow_in_loop_VITIS_LOOP_92_1_1.verbose.sched.rpt 
Execute           list_part -family xck26-sfvc784-2LV-c 
Execute             ap_family_info -name xck26-sfvc784-2LV-c -data names 
Execute             ap_part_info -quiet -name xck26-sfvc784-2LV-c -data family 
Execute         db_write -o /home/lorenzor/workspace/convolution/convolution/solution_0/.autopilot/db/dataflow_in_loop_VITIS_LOOP_92_1_1.sched.adb -f 
INFO-FLOW: Finish scheduling dataflow_in_loop_VITIS_LOOP_92_1.1.
Execute         set_default_model dataflow_in_loop_VITIS_LOOP_92_1.1 
Execute         bind -model dataflow_in_loop_VITIS_LOOP_92_1.1 
INFO: [BIND 205-100] Starting micro-architecture generation ...
INFO: [BIND 205-101] Performing variable lifetime analysis.
INFO: [BIND 205-101] Exploring resource sharing.
INFO: [BIND 205-101] Binding ...
INFO: [BIND 205-100] Finished micro-architecture generation.
Command         bind done; 0.18 sec.
INFO: [HLS 200-111] Finished Binding: CPU user time: 0.26 seconds. CPU system time: 0 seconds. Elapsed time: 0.27 seconds; current allocated memory: 1.068 GB.
Execute         syn_report -verbosereport -o /home/lorenzor/workspace/convolution/convolution/solution_0/.autopilot/db/dataflow_in_loop_VITIS_LOOP_92_1_1.verbose.bind.rpt 
Execute           list_part -family xck26-sfvc784-2LV-c 
Execute             ap_family_info -name xck26-sfvc784-2LV-c -data names 
Execute             ap_part_info -quiet -name xck26-sfvc784-2LV-c -data family 
Command         syn_report done; 0.16 sec.
Execute         db_write -o /home/lorenzor/workspace/convolution/convolution/solution_0/.autopilot/db/dataflow_in_loop_VITIS_LOOP_92_1_1.bind.adb -f 
INFO-FLOW: Finish binding dataflow_in_loop_VITIS_LOOP_92_1.1.
INFO: [HLS 200-10] ----------------------------------------------------------------
INFO: [HLS 200-42] -- Implementing module 'top_wrapper' 
INFO: [HLS 200-10] ----------------------------------------------------------------
Execute         set_default_model top_wrapper 
Execute         schedule -model top_wrapper 
INFO: [SCHED 204-11] Starting scheduling ...
INFO: [SCHED 204-11] Finished scheduling.
INFO: [HLS 200-111] Finished Scheduling: CPU user time: 0.23 seconds. CPU system time: 0.01 seconds. Elapsed time: 0.24 seconds; current allocated memory: 1.068 GB.
Execute         syn_report -verbosereport -o /home/lorenzor/workspace/convolution/convolution/solution_0/.autopilot/db/top_wrapper.verbose.sched.rpt 
Execute           list_part -family xck26-sfvc784-2LV-c 
Execute             ap_family_info -name xck26-sfvc784-2LV-c -data names 
Execute             ap_part_info -quiet -name xck26-sfvc784-2LV-c -data family 
Execute         db_write -o /home/lorenzor/workspace/convolution/convolution/solution_0/.autopilot/db/top_wrapper.sched.adb -f 
INFO-FLOW: Finish scheduling top_wrapper.
Execute         set_default_model top_wrapper 
Execute         bind -model top_wrapper 
INFO: [BIND 205-100] Starting micro-architecture generation ...
INFO: [BIND 205-101] Performing variable lifetime analysis.
INFO: [BIND 205-101] Exploring resource sharing.
INFO: [BIND 205-101] Binding ...
INFO: [BIND 205-100] Finished micro-architecture generation.
INFO: [HLS 200-111] Finished Binding: CPU user time: 0.06 seconds. CPU system time: 0 seconds. Elapsed time: 0.07 seconds; current allocated memory: 1.068 GB.
Execute         syn_report -verbosereport -o /home/lorenzor/workspace/convolution/convolution/solution_0/.autopilot/db/top_wrapper.verbose.bind.rpt 
Execute           list_part -family xck26-sfvc784-2LV-c 
Execute             ap_family_info -name xck26-sfvc784-2LV-c -data names 
Execute             ap_part_info -quiet -name xck26-sfvc784-2LV-c -data family 
Command         syn_report done; 0.15 sec.
Execute         db_write -o /home/lorenzor/workspace/convolution/convolution/solution_0/.autopilot/db/top_wrapper.bind.adb -f 
INFO-FLOW: Finish binding top_wrapper.
Execute         get_model_list top_wrapper -filter all-wo-channel 
INFO-FLOW: Preprocessing for RTLGen ...
Execute         rtl_gen_preprocess entry_proc 
Execute         rtl_gen_preprocess dataflow_in_loop_VITIS_LOOP_92_1.1_Loop_VITIS_LOOP_99_2_proc 
Execute         rtl_gen_preprocess load_input_Pipeline_load_input_loop_VITIS_LOOP_9_1 
Execute         rtl_gen_preprocess load_input 
Execute         rtl_gen_preprocess conv_Pipeline_VITIS_LOOP_41_1_VITIS_LOOP_42_2_VITIS_LOOP_43_3 
Execute         rtl_gen_preprocess conv<2, 13, 13, 3, 3, 2, 11, 11, 1, 1, 5, 1, 5, 5, 2, 3>_Pipeline_L5_L4_L3 
Execute         rtl_gen_preprocess conv<2, 13, 13, 3, 3, 2, 11, 11, 1, 1, 5, 1, 5, 5, 2, 3> 
Execute         rtl_gen_preprocess out_conv2mem_Pipeline_VITIS_LOOP_41_4 
Execute         rtl_gen_preprocess out_conv2mem<2, 13, 13, 3, 3, 2, 11, 11, 1, 162, 1, 1, 5, 5, 2, 3> 
Execute         rtl_gen_preprocess dataflow_in_loop_VITIS_LOOP_92_1.1 
Execute         rtl_gen_preprocess top_wrapper 
INFO-FLOW: Model list for RTL generation: entry_proc dataflow_in_loop_VITIS_LOOP_92_1.1_Loop_VITIS_LOOP_99_2_proc load_input_Pipeline_load_input_loop_VITIS_LOOP_9_1 load_input conv_Pipeline_VITIS_LOOP_41_1_VITIS_LOOP_42_2_VITIS_LOOP_43_3 {conv<2, 13, 13, 3, 3, 2, 11, 11, 1, 1, 5, 1, 5, 5, 2, 3>_Pipeline_L5_L4_L3} {conv<2, 13, 13, 3, 3, 2, 11, 11, 1, 1, 5, 1, 5, 5, 2, 3>} out_conv2mem_Pipeline_VITIS_LOOP_41_4 {out_conv2mem<2, 13, 13, 3, 3, 2, 11, 11, 1, 162, 1, 1, 5, 5, 2, 3>} dataflow_in_loop_VITIS_LOOP_92_1.1 top_wrapper
INFO: [HLS 200-10] ----------------------------------------------------------------
INFO: [HLS 200-10] -- Generating RTL for module 'entry_proc' 
INFO: [HLS 200-10] ----------------------------------------------------------------
Execute         create_rtl_model entry_proc -top_prefix top_wrapper_ -sub_prefix top_wrapper_ -mg_file /home/lorenzor/workspace/convolution/convolution/solution_0/.autopilot/db/entry_proc.compgen.tcl 
INFO: [RTGEN 206-100] Finished creating RTL model for 'entry_proc'.
INFO: [HLS 200-111] Finished Creating RTL model: CPU user time: 0.17 seconds. CPU system time: 0 seconds. Elapsed time: 0.17 seconds; current allocated memory: 1.068 GB.
Execute         source /home/lorenzor/workspace/convolution/convolution/solution_0/.autopilot/db/top_wrapper.rtl_wrap.cfg.tcl 
Execute         gen_rtl entry_proc -style xilinx -f -lang vhdl -o /home/lorenzor/workspace/convolution/convolution/solution_0/syn/vhdl/top_wrapper_entry_proc 
Execute         gen_rtl entry_proc -style xilinx -f -lang vlog -o /home/lorenzor/workspace/convolution/convolution/solution_0/syn/verilog/top_wrapper_entry_proc 
Execute         syn_report -csynth -model entry_proc -o /home/lorenzor/workspace/convolution/convolution/solution_0/syn/report/entry_proc_csynth.rpt 
Execute           list_part -family xck26-sfvc784-2LV-c 
Execute             ap_family_info -name xck26-sfvc784-2LV-c -data names 
Execute             ap_part_info -quiet -name xck26-sfvc784-2LV-c -data family 
Execute         syn_report -rtlxml -model entry_proc -o /home/lorenzor/workspace/convolution/convolution/solution_0/syn/report/entry_proc_csynth.xml 
Execute           list_part -family xck26-sfvc784-2LV-c 
Execute             ap_family_info -name xck26-sfvc784-2LV-c -data names 
Execute             ap_part_info -quiet -name xck26-sfvc784-2LV-c -data family 
Execute         syn_report -verbosereport -model entry_proc -o /home/lorenzor/workspace/convolution/convolution/solution_0/.autopilot/db/entry_proc.verbose.rpt 
Execute           list_part -family xck26-sfvc784-2LV-c 
Execute             ap_family_info -name xck26-sfvc784-2LV-c -data names 
Execute             ap_part_info -quiet -name xck26-sfvc784-2LV-c -data family 
Execute         db_write -model entry_proc -f -o /home/lorenzor/workspace/convolution/convolution/solution_0/.autopilot/db/entry_proc.adb 
Execute         db_write -model entry_proc -bindview -o /home/lorenzor/workspace/convolution/convolution/solution_0/.autopilot/db/design.bindinfo.xml 
Execute         gen_tb_info entry_proc -p /home/lorenzor/workspace/convolution/convolution/solution_0/.autopilot/db -o /home/lorenzor/workspace/convolution/convolution/solution_0/.autopilot/db/entry_proc 
INFO: [HLS 200-10] ----------------------------------------------------------------
INFO: [HLS 200-10] -- Generating RTL for module 'dataflow_in_loop_VITIS_LOOP_92_1_1_Loop_VITIS_LOOP_99_2_proc' 
INFO: [HLS 200-10] ----------------------------------------------------------------
Execute         create_rtl_model dataflow_in_loop_VITIS_LOOP_92_1.1_Loop_VITIS_LOOP_99_2_proc -top_prefix top_wrapper_ -sub_prefix top_wrapper_ -mg_file /home/lorenzor/workspace/convolution/convolution/solution_0/.autopilot/db/dataflow_in_loop_VITIS_LOOP_92_1_1_Loop_VITIS_LOOP_99_2_proc.compgen.tcl 
INFO: [HLS 200-1030] Apply Unified Pipeline Control on module 'dataflow_in_loop_VITIS_LOOP_92_1_1_Loop_VITIS_LOOP_99_2_proc' pipeline 'VITIS_LOOP_99_2' pipeline type 'loop pipeline'
INFO: [RTGEN 206-100] Finished creating RTL model for 'dataflow_in_loop_VITIS_LOOP_92_1_1_Loop_VITIS_LOOP_99_2_proc'.
INFO: [HLS 200-111] Finished Creating RTL model: CPU user time: 0.09 seconds. CPU system time: 0 seconds. Elapsed time: 0.1 seconds; current allocated memory: 1.068 GB.
Execute         source /home/lorenzor/workspace/convolution/convolution/solution_0/.autopilot/db/top_wrapper.rtl_wrap.cfg.tcl 
Execute         gen_rtl dataflow_in_loop_VITIS_LOOP_92_1.1_Loop_VITIS_LOOP_99_2_proc -style xilinx -f -lang vhdl -o /home/lorenzor/workspace/convolution/convolution/solution_0/syn/vhdl/top_wrapper_dataflow_in_loop_VITIS_LOOP_92_1_1_Loop_VITIS_LOOP_99_2_proc 
Execute         gen_rtl dataflow_in_loop_VITIS_LOOP_92_1.1_Loop_VITIS_LOOP_99_2_proc -style xilinx -f -lang vlog -o /home/lorenzor/workspace/convolution/convolution/solution_0/syn/verilog/top_wrapper_dataflow_in_loop_VITIS_LOOP_92_1_1_Loop_VITIS_LOOP_99_2_proc 
Execute         syn_report -csynth -model dataflow_in_loop_VITIS_LOOP_92_1.1_Loop_VITIS_LOOP_99_2_proc -o /home/lorenzor/workspace/convolution/convolution/solution_0/syn/report/dataflow_in_loop_VITIS_LOOP_92_1_1_Loop_VITIS_LOOP_99_2_proc_csynth.rpt 
Execute           list_part -family xck26-sfvc784-2LV-c 
Execute             ap_family_info -name xck26-sfvc784-2LV-c -data names 
Execute             ap_part_info -quiet -name xck26-sfvc784-2LV-c -data family 
Execute         syn_report -rtlxml -model dataflow_in_loop_VITIS_LOOP_92_1.1_Loop_VITIS_LOOP_99_2_proc -o /home/lorenzor/workspace/convolution/convolution/solution_0/syn/report/dataflow_in_loop_VITIS_LOOP_92_1_1_Loop_VITIS_LOOP_99_2_proc_csynth.xml 
Execute           list_part -family xck26-sfvc784-2LV-c 
Execute             ap_family_info -name xck26-sfvc784-2LV-c -data names 
Execute             ap_part_info -quiet -name xck26-sfvc784-2LV-c -data family 
Execute         syn_report -verbosereport -model dataflow_in_loop_VITIS_LOOP_92_1.1_Loop_VITIS_LOOP_99_2_proc -o /home/lorenzor/workspace/convolution/convolution/solution_0/.autopilot/db/dataflow_in_loop_VITIS_LOOP_92_1_1_Loop_VITIS_LOOP_99_2_proc.verbose.rpt 
Execute           list_part -family xck26-sfvc784-2LV-c 
Execute             ap_family_info -name xck26-sfvc784-2LV-c -data names 
Execute             ap_part_info -quiet -name xck26-sfvc784-2LV-c -data family 
Execute         db_write -model dataflow_in_loop_VITIS_LOOP_92_1.1_Loop_VITIS_LOOP_99_2_proc -f -o /home/lorenzor/workspace/convolution/convolution/solution_0/.autopilot/db/dataflow_in_loop_VITIS_LOOP_92_1_1_Loop_VITIS_LOOP_99_2_proc.adb 
Execute         db_write -model dataflow_in_loop_VITIS_LOOP_92_1.1_Loop_VITIS_LOOP_99_2_proc -bindview -o /home/lorenzor/workspace/convolution/convolution/solution_0/.autopilot/db/design.bindinfo.xml 
Execute         gen_tb_info dataflow_in_loop_VITIS_LOOP_92_1.1_Loop_VITIS_LOOP_99_2_proc -p /home/lorenzor/workspace/convolution/convolution/solution_0/.autopilot/db -o /home/lorenzor/workspace/convolution/convolution/solution_0/.autopilot/db/dataflow_in_loop_VITIS_LOOP_92_1_1_Loop_VITIS_LOOP_99_2_proc 
INFO: [HLS 200-10] ----------------------------------------------------------------
INFO: [HLS 200-10] -- Generating RTL for module 'load_input_Pipeline_load_input_loop_VITIS_LOOP_9_1' 
INFO: [HLS 200-10] ----------------------------------------------------------------
Execute         create_rtl_model load_input_Pipeline_load_input_loop_VITIS_LOOP_9_1 -top_prefix top_wrapper_ -sub_prefix top_wrapper_ -mg_file /home/lorenzor/workspace/convolution/convolution/solution_0/.autopilot/db/load_input_Pipeline_load_input_loop_VITIS_LOOP_9_1.compgen.tcl 
INFO: [HLS 200-1030] Apply Unified Pipeline Control on module 'load_input_Pipeline_load_input_loop_VITIS_LOOP_9_1' pipeline 'load_input_loop_VITIS_LOOP_9_1' pipeline type 'loop pipeline'
INFO: [RTGEN 206-104] Estimated max fanout for 'load_input_Pipeline_load_input_loop_VITIS_LOOP_9_1' is 20250 from HDL expression: ((1'b0 == ap_block_pp0_stage0_01001) & (ap_loop_exit_ready_pp0_iter20_reg == 1'b1) & (icmp_ln8_reg_13085_pp0_iter19_reg == 1'd1))
INFO: [RTGEN 206-100] Generating core module 'mac_muladd_6ns_6ns_7s_12_4_1': 1 instance(s).
INFO: [RTGEN 206-100] Generating core module 'mac_muladd_9ns_4ns_9ns_12_4_1': 1 instance(s).
INFO: [RTGEN 206-100] Generating core module 'mul_15ns_17ns_31_1_1': 2 instance(s).
INFO: [RTGEN 206-100] Generating core module 'urem_12ns_7ns_12_16_1': 1 instance(s).
INFO: [RTGEN 206-100] Generating core module 'urem_6ns_5ns_6_10_1': 1 instance(s).
INFO: [RTGEN 206-100] Finished creating RTL model for 'load_input_Pipeline_load_input_loop_VITIS_LOOP_9_1'.
Command         create_rtl_model done; 2.01 sec.
INFO: [HLS 200-111] Finished Creating RTL model: CPU user time: 2.02 seconds. CPU system time: 0.03 seconds. Elapsed time: 2.07 seconds; current allocated memory: 1.097 GB.
Execute         source /home/lorenzor/workspace/convolution/convolution/solution_0/.autopilot/db/top_wrapper.rtl_wrap.cfg.tcl 
Execute         gen_rtl load_input_Pipeline_load_input_loop_VITIS_LOOP_9_1 -style xilinx -f -lang vhdl -o /home/lorenzor/workspace/convolution/convolution/solution_0/syn/vhdl/top_wrapper_load_input_Pipeline_load_input_loop_VITIS_LOOP_9_1 
Execute         gen_rtl load_input_Pipeline_load_input_loop_VITIS_LOOP_9_1 -style xilinx -f -lang vlog -o /home/lorenzor/workspace/convolution/convolution/solution_0/syn/verilog/top_wrapper_load_input_Pipeline_load_input_loop_VITIS_LOOP_9_1 
Execute         syn_report -csynth -model load_input_Pipeline_load_input_loop_VITIS_LOOP_9_1 -o /home/lorenzor/workspace/convolution/convolution/solution_0/syn/report/load_input_Pipeline_load_input_loop_VITIS_LOOP_9_1_csynth.rpt 
Execute           list_part -family xck26-sfvc784-2LV-c 
Execute             ap_family_info -name xck26-sfvc784-2LV-c -data names 
Execute             ap_part_info -quiet -name xck26-sfvc784-2LV-c -data family 
Command         syn_report done; 0.11 sec.
Execute         syn_report -rtlxml -model load_input_Pipeline_load_input_loop_VITIS_LOOP_9_1 -o /home/lorenzor/workspace/convolution/convolution/solution_0/syn/report/load_input_Pipeline_load_input_loop_VITIS_LOOP_9_1_csynth.xml 
Execute           list_part -family xck26-sfvc784-2LV-c 
Execute             ap_family_info -name xck26-sfvc784-2LV-c -data names 
Execute             ap_part_info -quiet -name xck26-sfvc784-2LV-c -data family 
Execute         syn_report -verbosereport -model load_input_Pipeline_load_input_loop_VITIS_LOOP_9_1 -o /home/lorenzor/workspace/convolution/convolution/solution_0/.autopilot/db/load_input_Pipeline_load_input_loop_VITIS_LOOP_9_1.verbose.rpt 
Execute           list_part -family xck26-sfvc784-2LV-c 
Execute             ap_family_info -name xck26-sfvc784-2LV-c -data names 
Execute             ap_part_info -quiet -name xck26-sfvc784-2LV-c -data family 
Command         syn_report done; 0.13 sec.
Execute         db_write -model load_input_Pipeline_load_input_loop_VITIS_LOOP_9_1 -f -o /home/lorenzor/workspace/convolution/convolution/solution_0/.autopilot/db/load_input_Pipeline_load_input_loop_VITIS_LOOP_9_1.adb 
Command         db_write done; 0.16 sec.
Execute         db_write -model load_input_Pipeline_load_input_loop_VITIS_LOOP_9_1 -bindview -o /home/lorenzor/workspace/convolution/convolution/solution_0/.autopilot/db/design.bindinfo.xml 
Execute         gen_tb_info load_input_Pipeline_load_input_loop_VITIS_LOOP_9_1 -p /home/lorenzor/workspace/convolution/convolution/solution_0/.autopilot/db -o /home/lorenzor/workspace/convolution/convolution/solution_0/.autopilot/db/load_input_Pipeline_load_input_loop_VITIS_LOOP_9_1 
INFO: [HLS 200-10] ----------------------------------------------------------------
INFO: [HLS 200-10] -- Generating RTL for module 'load_input' 
INFO: [HLS 200-10] ----------------------------------------------------------------
Execute         create_rtl_model load_input -top_prefix top_wrapper_ -sub_prefix top_wrapper_ -mg_file /home/lorenzor/workspace/convolution/convolution/solution_0/.autopilot/db/load_input.compgen.tcl 
INFO: [RTGEN 206-104] Estimated max fanout for 'load_input' is 20253 from HDL expression: (1'b1 == ap_CS_fsm_state4)
INFO: [RTGEN 206-100] Generating core module 'mul_3ns_13ns_14_1_1': 1 instance(s).
INFO: [RTGEN 206-100] Finished creating RTL model for 'load_input'.
Command         create_rtl_model done; 14.78 sec.
INFO: [HLS 200-111] Finished Creating RTL model: CPU user time: 15.39 seconds. CPU system time: 0.23 seconds. Elapsed time: 15.64 seconds; current allocated memory: 1.773 GB.
Execute         source /home/lorenzor/workspace/convolution/convolution/solution_0/.autopilot/db/top_wrapper.rtl_wrap.cfg.tcl 
Execute         gen_rtl load_input -style xilinx -f -lang vhdl -o /home/lorenzor/workspace/convolution/convolution/solution_0/syn/vhdl/top_wrapper_load_input 
Execute         gen_rtl load_input -style xilinx -f -lang vlog -o /home/lorenzor/workspace/convolution/convolution/solution_0/syn/verilog/top_wrapper_load_input 
Execute         syn_report -csynth -model load_input -o /home/lorenzor/workspace/convolution/convolution/solution_0/syn/report/load_input_csynth.rpt 
Execute           list_part -family xck26-sfvc784-2LV-c 
Execute             ap_family_info -name xck26-sfvc784-2LV-c -data names 
Execute             ap_part_info -quiet -name xck26-sfvc784-2LV-c -data family 
Execute         syn_report -rtlxml -model load_input -o /home/lorenzor/workspace/convolution/convolution/solution_0/syn/report/load_input_csynth.xml 
Execute           list_part -family xck26-sfvc784-2LV-c 
Execute             ap_family_info -name xck26-sfvc784-2LV-c -data names 
Execute             ap_part_info -quiet -name xck26-sfvc784-2LV-c -data family 
Execute         syn_report -verbosereport -model load_input -o /home/lorenzor/workspace/convolution/convolution/solution_0/.autopilot/db/load_input.verbose.rpt 
Execute           list_part -family xck26-sfvc784-2LV-c 
Execute             ap_family_info -name xck26-sfvc784-2LV-c -data names 
Execute             ap_part_info -quiet -name xck26-sfvc784-2LV-c -data family 
Execute         db_write -model load_input -f -o /home/lorenzor/workspace/convolution/convolution/solution_0/.autopilot/db/load_input.adb 
Execute         db_write -model load_input -bindview -o /home/lorenzor/workspace/convolution/convolution/solution_0/.autopilot/db/design.bindinfo.xml 
Execute         gen_tb_info load_input -p /home/lorenzor/workspace/convolution/convolution/solution_0/.autopilot/db -o /home/lorenzor/workspace/convolution/convolution/solution_0/.autopilot/db/load_input 
INFO: [HLS 200-10] ----------------------------------------------------------------
INFO: [HLS 200-10] -- Generating RTL for module 'conv_Pipeline_VITIS_LOOP_41_1_VITIS_LOOP_42_2_VITIS_LOOP_43_3' 
INFO: [HLS 200-10] ----------------------------------------------------------------
Execute         create_rtl_model conv_Pipeline_VITIS_LOOP_41_1_VITIS_LOOP_42_2_VITIS_LOOP_43_3 -top_prefix top_wrapper_ -sub_prefix top_wrapper_ -mg_file /home/lorenzor/workspace/convolution/convolution/solution_0/.autopilot/db/conv_Pipeline_VITIS_LOOP_41_1_VITIS_LOOP_42_2_VITIS_LOOP_43_3.compgen.tcl 
INFO: [HLS 200-1030] Apply Unified Pipeline Control on module 'conv_Pipeline_VITIS_LOOP_41_1_VITIS_LOOP_42_2_VITIS_LOOP_43_3' pipeline 'VITIS_LOOP_41_1_VITIS_LOOP_42_2_VITIS_LOOP_43_3' pipeline type 'loop pipeline'
INFO: [RTGEN 206-100] Finished creating RTL model for 'conv_Pipeline_VITIS_LOOP_41_1_VITIS_LOOP_42_2_VITIS_LOOP_43_3'.
INFO: [HLS 200-111] Finished Creating RTL model: CPU user time: 0.48 seconds. CPU system time: 0.01 seconds. Elapsed time: 0.49 seconds; current allocated memory: 1.773 GB.
Execute         source /home/lorenzor/workspace/convolution/convolution/solution_0/.autopilot/db/top_wrapper.rtl_wrap.cfg.tcl 
Execute         gen_rtl conv_Pipeline_VITIS_LOOP_41_1_VITIS_LOOP_42_2_VITIS_LOOP_43_3 -style xilinx -f -lang vhdl -o /home/lorenzor/workspace/convolution/convolution/solution_0/syn/vhdl/top_wrapper_conv_Pipeline_VITIS_LOOP_41_1_VITIS_LOOP_42_2_VITIS_LOOP_43_3 
Execute         gen_rtl conv_Pipeline_VITIS_LOOP_41_1_VITIS_LOOP_42_2_VITIS_LOOP_43_3 -style xilinx -f -lang vlog -o /home/lorenzor/workspace/convolution/convolution/solution_0/syn/verilog/top_wrapper_conv_Pipeline_VITIS_LOOP_41_1_VITIS_LOOP_42_2_VITIS_LOOP_43_3 
Execute         syn_report -csynth -model conv_Pipeline_VITIS_LOOP_41_1_VITIS_LOOP_42_2_VITIS_LOOP_43_3 -o /home/lorenzor/workspace/convolution/convolution/solution_0/syn/report/conv_Pipeline_VITIS_LOOP_41_1_VITIS_LOOP_42_2_VITIS_LOOP_43_3_csynth.rpt 
Execute           list_part -family xck26-sfvc784-2LV-c 
Execute             ap_family_info -name xck26-sfvc784-2LV-c -data names 
Execute             ap_part_info -quiet -name xck26-sfvc784-2LV-c -data family 
Execute         syn_report -rtlxml -model conv_Pipeline_VITIS_LOOP_41_1_VITIS_LOOP_42_2_VITIS_LOOP_43_3 -o /home/lorenzor/workspace/convolution/convolution/solution_0/syn/report/conv_Pipeline_VITIS_LOOP_41_1_VITIS_LOOP_42_2_VITIS_LOOP_43_3_csynth.xml 
Execute           list_part -family xck26-sfvc784-2LV-c 
Execute             ap_family_info -name xck26-sfvc784-2LV-c -data names 
Execute             ap_part_info -quiet -name xck26-sfvc784-2LV-c -data family 
Execute         syn_report -verbosereport -model conv_Pipeline_VITIS_LOOP_41_1_VITIS_LOOP_42_2_VITIS_LOOP_43_3 -o /home/lorenzor/workspace/convolution/convolution/solution_0/.autopilot/db/conv_Pipeline_VITIS_LOOP_41_1_VITIS_LOOP_42_2_VITIS_LOOP_43_3.verbose.rpt 
Execute           list_part -family xck26-sfvc784-2LV-c 
Execute             ap_family_info -name xck26-sfvc784-2LV-c -data names 
Execute             ap_part_info -quiet -name xck26-sfvc784-2LV-c -data family 
Execute         db_write -model conv_Pipeline_VITIS_LOOP_41_1_VITIS_LOOP_42_2_VITIS_LOOP_43_3 -f -o /home/lorenzor/workspace/convolution/convolution/solution_0/.autopilot/db/conv_Pipeline_VITIS_LOOP_41_1_VITIS_LOOP_42_2_VITIS_LOOP_43_3.adb 
Execute         db_write -model conv_Pipeline_VITIS_LOOP_41_1_VITIS_LOOP_42_2_VITIS_LOOP_43_3 -bindview -o /home/lorenzor/workspace/convolution/convolution/solution_0/.autopilot/db/design.bindinfo.xml 
Execute         gen_tb_info conv_Pipeline_VITIS_LOOP_41_1_VITIS_LOOP_42_2_VITIS_LOOP_43_3 -p /home/lorenzor/workspace/convolution/convolution/solution_0/.autopilot/db -o /home/lorenzor/workspace/convolution/convolution/solution_0/.autopilot/db/conv_Pipeline_VITIS_LOOP_41_1_VITIS_LOOP_42_2_VITIS_LOOP_43_3 
INFO: [HLS 200-10] ----------------------------------------------------------------
INFO: [HLS 200-10] -- Generating RTL for module 'conv_2_13_13_3_3_2_11_11_1_1_5_1_5_5_2_3_Pipeline_L5_L4_L3' 
INFO: [HLS 200-10] ----------------------------------------------------------------
Execute         create_rtl_model conv<2, 13, 13, 3, 3, 2, 11, 11, 1, 1, 5, 1, 5, 5, 2, 3>_Pipeline_L5_L4_L3 -top_prefix top_wrapper_ -sub_prefix top_wrapper_ -mg_file /home/lorenzor/workspace/convolution/convolution/solution_0/.autopilot/db/conv_2_13_13_3_3_2_11_11_1_1_5_1_5_5_2_3_Pipeline_L5_L4_L3.compgen.tcl 
INFO: [HLS 200-1030] Apply Unified Pipeline Control on module 'conv_2_13_13_3_3_2_11_11_1_1_5_1_5_5_2_3_Pipeline_L5_L4_L3' pipeline 'L5_L4_L3' pipeline type 'loop pipeline'
INFO: [RTGEN 206-100] Generating core module 'mul_45s_8s_45_2_1': 9 instance(s).
INFO: [RTGEN 206-100] Generating core module 'mul_4ns_6ns_9_1_1': 8 instance(s).
INFO: [RTGEN 206-100] Generating core module 'sparsemux_101_6_45_1_1': 9 instance(s).
INFO: [RTGEN 206-100] Generating core module 'sparsemux_19_4_45_1_1': 9 instance(s).
INFO: [RTGEN 206-100] Generating core module 'sparsemux_77_6_45_1_1': 36 instance(s).
INFO: [RTGEN 206-100] Generating core module 'sparsemux_81_6_45_1_1': 18 instance(s).
INFO: [RTGEN 206-100] Generating core module 'sparsemux_97_6_45_1_1': 18 instance(s).
INFO: [RTGEN 206-100] Generating core module 'urem_4ns_3ns_4_8_1': 4 instance(s).
INFO: [RTGEN 206-100] Generating core module 'urem_4ns_4ns_4_8_1': 2 instance(s).
INFO: [RTGEN 206-100] Generating core module 'urem_6ns_5ns_4_10_1': 2 instance(s).
INFO: [RTGEN 206-100] Finished creating RTL model for 'conv_2_13_13_3_3_2_11_11_1_1_5_1_5_5_2_3_Pipeline_L5_L4_L3'.
Command         create_rtl_model done; 1.99 sec.
INFO: [HLS 200-111] Finished Creating RTL model: CPU user time: 2.07 seconds. CPU system time: 0.01 seconds. Elapsed time: 2.1 seconds; current allocated memory: 1.773 GB.
Execute         source /home/lorenzor/workspace/convolution/convolution/solution_0/.autopilot/db/top_wrapper.rtl_wrap.cfg.tcl 
Execute         gen_rtl conv<2, 13, 13, 3, 3, 2, 11, 11, 1, 1, 5, 1, 5, 5, 2, 3>_Pipeline_L5_L4_L3 -style xilinx -f -lang vhdl -o /home/lorenzor/workspace/convolution/convolution/solution_0/syn/vhdl/top_wrapper_conv_2_13_13_3_3_2_11_11_1_1_5_1_5_5_2_3_Pipeline_L5_L4_L3 
Execute         gen_rtl conv<2, 13, 13, 3, 3, 2, 11, 11, 1, 1, 5, 1, 5, 5, 2, 3>_Pipeline_L5_L4_L3 -style xilinx -f -lang vlog -o /home/lorenzor/workspace/convolution/convolution/solution_0/syn/verilog/top_wrapper_conv_2_13_13_3_3_2_11_11_1_1_5_1_5_5_2_3_Pipeline_L5_L4_L3 
Execute         syn_report -csynth -model conv<2, 13, 13, 3, 3, 2, 11, 11, 1, 1, 5, 1, 5, 5, 2, 3>_Pipeline_L5_L4_L3 -o /home/lorenzor/workspace/convolution/convolution/solution_0/syn/report/conv_2_13_13_3_3_2_11_11_1_1_5_1_5_5_2_3_Pipeline_L5_L4_L3_csynth.rpt 
Execute           list_part -family xck26-sfvc784-2LV-c 
Execute             ap_family_info -name xck26-sfvc784-2LV-c -data names 
Execute             ap_part_info -quiet -name xck26-sfvc784-2LV-c -data family 
Command         syn_report done; 0.11 sec.
Execute         syn_report -rtlxml -model conv<2, 13, 13, 3, 3, 2, 11, 11, 1, 1, 5, 1, 5, 5, 2, 3>_Pipeline_L5_L4_L3 -o /home/lorenzor/workspace/convolution/convolution/solution_0/syn/report/conv_2_13_13_3_3_2_11_11_1_1_5_1_5_5_2_3_Pipeline_L5_L4_L3_csynth.xml 
Execute           list_part -family xck26-sfvc784-2LV-c 
Execute             ap_family_info -name xck26-sfvc784-2LV-c -data names 
Execute             ap_part_info -quiet -name xck26-sfvc784-2LV-c -data family 
Execute         syn_report -verbosereport -model conv<2, 13, 13, 3, 3, 2, 11, 11, 1, 1, 5, 1, 5, 5, 2, 3>_Pipeline_L5_L4_L3 -o /home/lorenzor/workspace/convolution/convolution/solution_0/.autopilot/db/conv_2_13_13_3_3_2_11_11_1_1_5_1_5_5_2_3_Pipeline_L5_L4_L3.verbose.rpt 
Execute           list_part -family xck26-sfvc784-2LV-c 
Execute             ap_family_info -name xck26-sfvc784-2LV-c -data names 
Execute             ap_part_info -quiet -name xck26-sfvc784-2LV-c -data family 
Command         syn_report done; 0.14 sec.
Execute         db_write -model conv<2, 13, 13, 3, 3, 2, 11, 11, 1, 1, 5, 1, 5, 5, 2, 3>_Pipeline_L5_L4_L3 -f -o /home/lorenzor/workspace/convolution/convolution/solution_0/.autopilot/db/conv_2_13_13_3_3_2_11_11_1_1_5_1_5_5_2_3_Pipeline_L5_L4_L3.adb 
Command         db_write done; 0.19 sec.
Execute         db_write -model conv<2, 13, 13, 3, 3, 2, 11, 11, 1, 1, 5, 1, 5, 5, 2, 3>_Pipeline_L5_L4_L3 -bindview -o /home/lorenzor/workspace/convolution/convolution/solution_0/.autopilot/db/design.bindinfo.xml 
Execute         gen_tb_info conv<2, 13, 13, 3, 3, 2, 11, 11, 1, 1, 5, 1, 5, 5, 2, 3>_Pipeline_L5_L4_L3 -p /home/lorenzor/workspace/convolution/convolution/solution_0/.autopilot/db -o /home/lorenzor/workspace/convolution/convolution/solution_0/.autopilot/db/conv_2_13_13_3_3_2_11_11_1_1_5_1_5_5_2_3_Pipeline_L5_L4_L3 
INFO: [HLS 200-10] ----------------------------------------------------------------
INFO: [HLS 200-10] -- Generating RTL for module 'conv_2_13_13_3_3_2_11_11_1_1_5_1_5_5_2_3_s' 
INFO: [HLS 200-10] ----------------------------------------------------------------
Execute         create_rtl_model conv<2, 13, 13, 3, 3, 2, 11, 11, 1, 1, 5, 1, 5, 5, 2, 3> -top_prefix top_wrapper_ -sub_prefix top_wrapper_ -mg_file /home/lorenzor/workspace/convolution/convolution/solution_0/.autopilot/db/conv_2_13_13_3_3_2_11_11_1_1_5_1_5_5_2_3_s.compgen.tcl 
INFO: [RTGEN 206-104] Estimated max fanout for 'conv_2_13_13_3_3_2_11_11_1_1_5_1_5_5_2_3_s' is 20396 from HDL expression: ((1'b0 == ap_block_state1) & (1'b1 == ap_CS_fsm_state1))
INFO: [RTGEN 206-100] Finished creating RTL model for 'conv_2_13_13_3_3_2_11_11_1_1_5_1_5_5_2_3_s'.
Command         create_rtl_model done; 14.94 sec.
INFO: [HLS 200-111] Finished Creating RTL model: CPU user time: 15.69 seconds. CPU system time: 0.22 seconds. Elapsed time: 15.94 seconds; current allocated memory: 2.381 GB.
Execute         source /home/lorenzor/workspace/convolution/convolution/solution_0/.autopilot/db/top_wrapper.rtl_wrap.cfg.tcl 
Execute         gen_rtl conv<2, 13, 13, 3, 3, 2, 11, 11, 1, 1, 5, 1, 5, 5, 2, 3> -style xilinx -f -lang vhdl -o /home/lorenzor/workspace/convolution/convolution/solution_0/syn/vhdl/top_wrapper_conv_2_13_13_3_3_2_11_11_1_1_5_1_5_5_2_3_s 
Execute         gen_rtl conv<2, 13, 13, 3, 3, 2, 11, 11, 1, 1, 5, 1, 5, 5, 2, 3> -style xilinx -f -lang vlog -o /home/lorenzor/workspace/convolution/convolution/solution_0/syn/verilog/top_wrapper_conv_2_13_13_3_3_2_11_11_1_1_5_1_5_5_2_3_s 
Execute         syn_report -csynth -model conv<2, 13, 13, 3, 3, 2, 11, 11, 1, 1, 5, 1, 5, 5, 2, 3> -o /home/lorenzor/workspace/convolution/convolution/solution_0/syn/report/conv_2_13_13_3_3_2_11_11_1_1_5_1_5_5_2_3_s_csynth.rpt 
Execute           list_part -family xck26-sfvc784-2LV-c 
Execute             ap_family_info -name xck26-sfvc784-2LV-c -data names 
Execute             ap_part_info -quiet -name xck26-sfvc784-2LV-c -data family 
Execute         syn_report -rtlxml -model conv<2, 13, 13, 3, 3, 2, 11, 11, 1, 1, 5, 1, 5, 5, 2, 3> -o /home/lorenzor/workspace/convolution/convolution/solution_0/syn/report/conv_2_13_13_3_3_2_11_11_1_1_5_1_5_5_2_3_s_csynth.xml 
Execute           list_part -family xck26-sfvc784-2LV-c 
Execute             ap_family_info -name xck26-sfvc784-2LV-c -data names 
Execute             ap_part_info -quiet -name xck26-sfvc784-2LV-c -data family 
Execute         syn_report -verbosereport -model conv<2, 13, 13, 3, 3, 2, 11, 11, 1, 1, 5, 1, 5, 5, 2, 3> -o /home/lorenzor/workspace/convolution/convolution/solution_0/.autopilot/db/conv_2_13_13_3_3_2_11_11_1_1_5_1_5_5_2_3_s.verbose.rpt 
Execute           list_part -family xck26-sfvc784-2LV-c 
Execute             ap_family_info -name xck26-sfvc784-2LV-c -data names 
Execute             ap_part_info -quiet -name xck26-sfvc784-2LV-c -data family 
Command         syn_report done; 0.15 sec.
Execute         db_write -model conv<2, 13, 13, 3, 3, 2, 11, 11, 1, 1, 5, 1, 5, 5, 2, 3> -f -o /home/lorenzor/workspace/convolution/convolution/solution_0/.autopilot/db/conv_2_13_13_3_3_2_11_11_1_1_5_1_5_5_2_3_s.adb 
Command         db_write done; 0.14 sec.
Execute         db_write -model conv<2, 13, 13, 3, 3, 2, 11, 11, 1, 1, 5, 1, 5, 5, 2, 3> -bindview -o /home/lorenzor/workspace/convolution/convolution/solution_0/.autopilot/db/design.bindinfo.xml 
Execute         gen_tb_info conv<2, 13, 13, 3, 3, 2, 11, 11, 1, 1, 5, 1, 5, 5, 2, 3> -p /home/lorenzor/workspace/convolution/convolution/solution_0/.autopilot/db -o /home/lorenzor/workspace/convolution/convolution/solution_0/.autopilot/db/conv_2_13_13_3_3_2_11_11_1_1_5_1_5_5_2_3_s 
INFO: [HLS 200-10] ----------------------------------------------------------------
INFO: [HLS 200-10] -- Generating RTL for module 'out_conv2mem_Pipeline_VITIS_LOOP_41_4' 
INFO: [HLS 200-10] ----------------------------------------------------------------
Execute         create_rtl_model out_conv2mem_Pipeline_VITIS_LOOP_41_4 -top_prefix top_wrapper_ -sub_prefix top_wrapper_ -mg_file /home/lorenzor/workspace/convolution/convolution/solution_0/.autopilot/db/out_conv2mem_Pipeline_VITIS_LOOP_41_4.compgen.tcl 
INFO: [HLS 200-1030] Apply Unified Pipeline Control on module 'out_conv2mem_Pipeline_VITIS_LOOP_41_4' pipeline 'VITIS_LOOP_41_4' pipeline type 'loop pipeline'
INFO: [RTGEN 206-100] Generating core module 'sparsemux_51_5_32_1_1': 2 instance(s).
INFO: [RTGEN 206-100] Finished creating RTL model for 'out_conv2mem_Pipeline_VITIS_LOOP_41_4'.
INFO: [HLS 200-111] Finished Creating RTL model: CPU user time: 0.84 seconds. CPU system time: 0.02 seconds. Elapsed time: 0.88 seconds; current allocated memory: 2.381 GB.
Execute         source /home/lorenzor/workspace/convolution/convolution/solution_0/.autopilot/db/top_wrapper.rtl_wrap.cfg.tcl 
Execute         gen_rtl out_conv2mem_Pipeline_VITIS_LOOP_41_4 -style xilinx -f -lang vhdl -o /home/lorenzor/workspace/convolution/convolution/solution_0/syn/vhdl/top_wrapper_out_conv2mem_Pipeline_VITIS_LOOP_41_4 
Execute         gen_rtl out_conv2mem_Pipeline_VITIS_LOOP_41_4 -style xilinx -f -lang vlog -o /home/lorenzor/workspace/convolution/convolution/solution_0/syn/verilog/top_wrapper_out_conv2mem_Pipeline_VITIS_LOOP_41_4 
Execute         syn_report -csynth -model out_conv2mem_Pipeline_VITIS_LOOP_41_4 -o /home/lorenzor/workspace/convolution/convolution/solution_0/syn/report/out_conv2mem_Pipeline_VITIS_LOOP_41_4_csynth.rpt 
Execute           list_part -family xck26-sfvc784-2LV-c 
Execute             ap_family_info -name xck26-sfvc784-2LV-c -data names 
Execute             ap_part_info -quiet -name xck26-sfvc784-2LV-c -data family 
Execute         syn_report -rtlxml -model out_conv2mem_Pipeline_VITIS_LOOP_41_4 -o /home/lorenzor/workspace/convolution/convolution/solution_0/syn/report/out_conv2mem_Pipeline_VITIS_LOOP_41_4_csynth.xml 
Execute           list_part -family xck26-sfvc784-2LV-c 
Execute             ap_family_info -name xck26-sfvc784-2LV-c -data names 
Execute             ap_part_info -quiet -name xck26-sfvc784-2LV-c -data family 
Execute         syn_report -verbosereport -model out_conv2mem_Pipeline_VITIS_LOOP_41_4 -o /home/lorenzor/workspace/convolution/convolution/solution_0/.autopilot/db/out_conv2mem_Pipeline_VITIS_LOOP_41_4.verbose.rpt 
Execute           list_part -family xck26-sfvc784-2LV-c 
Execute             ap_family_info -name xck26-sfvc784-2LV-c -data names 
Execute             ap_part_info -quiet -name xck26-sfvc784-2LV-c -data family 
Execute         db_write -model out_conv2mem_Pipeline_VITIS_LOOP_41_4 -f -o /home/lorenzor/workspace/convolution/convolution/solution_0/.autopilot/db/out_conv2mem_Pipeline_VITIS_LOOP_41_4.adb 
Execute         db_write -model out_conv2mem_Pipeline_VITIS_LOOP_41_4 -bindview -o /home/lorenzor/workspace/convolution/convolution/solution_0/.autopilot/db/design.bindinfo.xml 
Execute         gen_tb_info out_conv2mem_Pipeline_VITIS_LOOP_41_4 -p /home/lorenzor/workspace/convolution/convolution/solution_0/.autopilot/db -o /home/lorenzor/workspace/convolution/convolution/solution_0/.autopilot/db/out_conv2mem_Pipeline_VITIS_LOOP_41_4 
INFO: [HLS 200-10] ----------------------------------------------------------------
INFO: [HLS 200-10] -- Generating RTL for module 'out_conv2mem_2_13_13_3_3_2_11_11_1_162_1_1_5_5_2_3_s' 
INFO: [HLS 200-10] ----------------------------------------------------------------
Execute         create_rtl_model out_conv2mem<2, 13, 13, 3, 3, 2, 11, 11, 1, 162, 1, 1, 5, 5, 2, 3> -top_prefix top_wrapper_ -sub_prefix top_wrapper_ -mg_file /home/lorenzor/workspace/convolution/convolution/solution_0/.autopilot/db/out_conv2mem_2_13_13_3_3_2_11_11_1_162_1_1_5_5_2_3_s.compgen.tcl 
INFO: [RTGEN 206-104] Estimated max fanout for 'out_conv2mem_2_13_13_3_3_2_11_11_1_162_1_1_5_5_2_3_s' is 14428 from HDL expression: (1'b1 == ap_CS_fsm_state2)
INFO: [RTGEN 206-100] Generating core module 'mul_3ns_12ns_13_1_1': 1 instance(s).
INFO: [RTGEN 206-100] Generating core module 'sparsemux_19_5_32_1_1': 50 instance(s).
INFO: [RTGEN 206-100] Finished creating RTL model for 'out_conv2mem_2_13_13_3_3_2_11_11_1_162_1_1_5_5_2_3_s'.
Command         create_rtl_model done; 0.16 sec.
INFO: [HLS 200-111] Finished Creating RTL model: CPU user time: 0.24 seconds. CPU system time: 0.01 seconds. Elapsed time: 0.25 seconds; current allocated memory: 2.381 GB.
Execute         source /home/lorenzor/workspace/convolution/convolution/solution_0/.autopilot/db/top_wrapper.rtl_wrap.cfg.tcl 
Execute         gen_rtl out_conv2mem<2, 13, 13, 3, 3, 2, 11, 11, 1, 162, 1, 1, 5, 5, 2, 3> -style xilinx -f -lang vhdl -o /home/lorenzor/workspace/convolution/convolution/solution_0/syn/vhdl/top_wrapper_out_conv2mem_2_13_13_3_3_2_11_11_1_162_1_1_5_5_2_3_s 
Execute         gen_rtl out_conv2mem<2, 13, 13, 3, 3, 2, 11, 11, 1, 162, 1, 1, 5, 5, 2, 3> -style xilinx -f -lang vlog -o /home/lorenzor/workspace/convolution/convolution/solution_0/syn/verilog/top_wrapper_out_conv2mem_2_13_13_3_3_2_11_11_1_162_1_1_5_5_2_3_s 
Execute         syn_report -csynth -model out_conv2mem<2, 13, 13, 3, 3, 2, 11, 11, 1, 162, 1, 1, 5, 5, 2, 3> -o /home/lorenzor/workspace/convolution/convolution/solution_0/syn/report/out_conv2mem_2_13_13_3_3_2_11_11_1_162_1_1_5_5_2_3_s_csynth.rpt 
Execute           list_part -family xck26-sfvc784-2LV-c 
Execute             ap_family_info -name xck26-sfvc784-2LV-c -data names 
Execute             ap_part_info -quiet -name xck26-sfvc784-2LV-c -data family 
Execute         syn_report -rtlxml -model out_conv2mem<2, 13, 13, 3, 3, 2, 11, 11, 1, 162, 1, 1, 5, 5, 2, 3> -o /home/lorenzor/workspace/convolution/convolution/solution_0/syn/report/out_conv2mem_2_13_13_3_3_2_11_11_1_162_1_1_5_5_2_3_s_csynth.xml 
Execute           list_part -family xck26-sfvc784-2LV-c 
Execute             ap_family_info -name xck26-sfvc784-2LV-c -data names 
Execute             ap_part_info -quiet -name xck26-sfvc784-2LV-c -data family 
Execute         syn_report -verbosereport -model out_conv2mem<2, 13, 13, 3, 3, 2, 11, 11, 1, 162, 1, 1, 5, 5, 2, 3> -o /home/lorenzor/workspace/convolution/convolution/solution_0/.autopilot/db/out_conv2mem_2_13_13_3_3_2_11_11_1_162_1_1_5_5_2_3_s.verbose.rpt 
Execute           list_part -family xck26-sfvc784-2LV-c 
Execute             ap_family_info -name xck26-sfvc784-2LV-c -data names 
Execute             ap_part_info -quiet -name xck26-sfvc784-2LV-c -data family 
Execute         db_write -model out_conv2mem<2, 13, 13, 3, 3, 2, 11, 11, 1, 162, 1, 1, 5, 5, 2, 3> -f -o /home/lorenzor/workspace/convolution/convolution/solution_0/.autopilot/db/out_conv2mem_2_13_13_3_3_2_11_11_1_162_1_1_5_5_2_3_s.adb 
Execute         db_write -model out_conv2mem<2, 13, 13, 3, 3, 2, 11, 11, 1, 162, 1, 1, 5, 5, 2, 3> -bindview -o /home/lorenzor/workspace/convolution/convolution/solution_0/.autopilot/db/design.bindinfo.xml 
Execute         gen_tb_info out_conv2mem<2, 13, 13, 3, 3, 2, 11, 11, 1, 162, 1, 1, 5, 5, 2, 3> -p /home/lorenzor/workspace/convolution/convolution/solution_0/.autopilot/db -o /home/lorenzor/workspace/convolution/convolution/solution_0/.autopilot/db/out_conv2mem_2_13_13_3_3_2_11_11_1_162_1_1_5_5_2_3_s 
INFO: [HLS 200-10] ----------------------------------------------------------------
INFO: [HLS 200-10] -- Generating RTL for module 'dataflow_in_loop_VITIS_LOOP_92_1_1' 
INFO: [HLS 200-10] ----------------------------------------------------------------
Execute         create_rtl_model dataflow_in_loop_VITIS_LOOP_92_1.1 -top_prefix top_wrapper_ -sub_prefix top_wrapper_ -mg_file /home/lorenzor/workspace/convolution/convolution/solution_0/.autopilot/db/dataflow_in_loop_VITIS_LOOP_92_1_1.compgen.tcl 
WARNING: [HLS 200-656] Deadlocks can occur since process dataflow_in_loop_VITIS_LOOP_92_1.1_Loop_VITIS_LOOP_99_2_proc is instantiated in a dataflow region with ap_ctrl_none or without start propagation and contains an auto-rewind pipeline.
WARNING: [RTGEN 206-101] Setting dangling out port 'dataflow_in_loop_VITIS_LOOP_92_1_1/m_axi_gmem2_0_AWVALID' to 0.
WARNING: [RTGEN 206-101] Setting dangling out port 'dataflow_in_loop_VITIS_LOOP_92_1_1/m_axi_gmem2_0_AWADDR' to 0.
WARNING: [RTGEN 206-101] Setting dangling out port 'dataflow_in_loop_VITIS_LOOP_92_1_1/m_axi_gmem2_0_AWID' to 0.
WARNING: [RTGEN 206-101] Setting dangling out port 'dataflow_in_loop_VITIS_LOOP_92_1_1/m_axi_gmem2_0_AWLEN' to 0.
WARNING: [RTGEN 206-101] Setting dangling out port 'dataflow_in_loop_VITIS_LOOP_92_1_1/m_axi_gmem2_0_AWSIZE' to 0.
WARNING: [RTGEN 206-101] Setting dangling out port 'dataflow_in_loop_VITIS_LOOP_92_1_1/m_axi_gmem2_0_AWBURST' to 0.
WARNING: [RTGEN 206-101] Setting dangling out port 'dataflow_in_loop_VITIS_LOOP_92_1_1/m_axi_gmem2_0_AWLOCK' to 0.
WARNING: [RTGEN 206-101] Setting dangling out port 'dataflow_in_loop_VITIS_LOOP_92_1_1/m_axi_gmem2_0_AWCACHE' to 0.
WARNING: [RTGEN 206-101] Setting dangling out port 'dataflow_in_loop_VITIS_LOOP_92_1_1/m_axi_gmem2_0_AWPROT' to 0.
WARNING: [RTGEN 206-101] Setting dangling out port 'dataflow_in_loop_VITIS_LOOP_92_1_1/m_axi_gmem2_0_AWQOS' to 0.
WARNING: [RTGEN 206-101] Setting dangling out port 'dataflow_in_loop_VITIS_LOOP_92_1_1/m_axi_gmem2_0_AWREGION' to 0.
WARNING: [RTGEN 206-101] Setting dangling out port 'dataflow_in_loop_VITIS_LOOP_92_1_1/m_axi_gmem2_0_AWUSER' to 0.
WARNING: [RTGEN 206-101] Setting dangling out port 'dataflow_in_loop_VITIS_LOOP_92_1_1/m_axi_gmem2_0_WVALID' to 0.
WARNING: [RTGEN 206-101] Setting dangling out port 'dataflow_in_loop_VITIS_LOOP_92_1_1/m_axi_gmem2_0_WDATA' to 0.
WARNING: [RTGEN 206-101] Setting dangling out port 'dataflow_in_loop_VITIS_LOOP_92_1_1/m_axi_gmem2_0_WSTRB' to 0.
WARNING: [RTGEN 206-101] Setting dangling out port 'dataflow_in_loop_VITIS_LOOP_92_1_1/m_axi_gmem2_0_WLAST' to 0.
WARNING: [RTGEN 206-101] Setting dangling out port 'dataflow_in_loop_VITIS_LOOP_92_1_1/m_axi_gmem2_0_WID' to 0.
WARNING: [RTGEN 206-101] Setting dangling out port 'dataflow_in_loop_VITIS_LOOP_92_1_1/m_axi_gmem2_0_WUSER' to 0.
WARNING: [RTGEN 206-101] Setting dangling out port 'dataflow_in_loop_VITIS_LOOP_92_1_1/m_axi_gmem2_0_BREADY' to 0.
WARNING: [RTGEN 206-101] Setting dangling out port 'dataflow_in_loop_VITIS_LOOP_92_1_1/m_axi_gmem1_0_ARVALID' to 0.
WARNING: [RTGEN 206-101] Setting dangling out port 'dataflow_in_loop_VITIS_LOOP_92_1_1/m_axi_gmem1_0_ARADDR' to 0.
WARNING: [RTGEN 206-101] Setting dangling out port 'dataflow_in_loop_VITIS_LOOP_92_1_1/m_axi_gmem1_0_ARID' to 0.
WARNING: [RTGEN 206-101] Setting dangling out port 'dataflow_in_loop_VITIS_LOOP_92_1_1/m_axi_gmem1_0_ARLEN' to 0.
WARNING: [RTGEN 206-101] Setting dangling out port 'dataflow_in_loop_VITIS_LOOP_92_1_1/m_axi_gmem1_0_ARSIZE' to 0.
WARNING: [RTGEN 206-101] Setting dangling out port 'dataflow_in_loop_VITIS_LOOP_92_1_1/m_axi_gmem1_0_ARBURST' to 0.
WARNING: [RTGEN 206-101] Setting dangling out port 'dataflow_in_loop_VITIS_LOOP_92_1_1/m_axi_gmem1_0_ARLOCK' to 0.
WARNING: [RTGEN 206-101] Setting dangling out port 'dataflow_in_loop_VITIS_LOOP_92_1_1/m_axi_gmem1_0_ARCACHE' to 0.
WARNING: [RTGEN 206-101] Setting dangling out port 'dataflow_in_loop_VITIS_LOOP_92_1_1/m_axi_gmem1_0_ARPROT' to 0.
WARNING: [RTGEN 206-101] Setting dangling out port 'dataflow_in_loop_VITIS_LOOP_92_1_1/m_axi_gmem1_0_ARQOS' to 0.
WARNING: [RTGEN 206-101] Setting dangling out port 'dataflow_in_loop_VITIS_LOOP_92_1_1/m_axi_gmem1_0_ARREGION' to 0.
WARNING: [RTGEN 206-101] Setting dangling out port 'dataflow_in_loop_VITIS_LOOP_92_1_1/m_axi_gmem1_0_ARUSER' to 0.
WARNING: [RTGEN 206-101] Setting dangling out port 'dataflow_in_loop_VITIS_LOOP_92_1_1/m_axi_gmem1_0_RREADY' to 0.
INFO: [RTGEN 206-100] Finished creating RTL model for 'dataflow_in_loop_VITIS_LOOP_92_1_1'.
INFO: [RTMG 210-285] Implementing FIFO 'memory_c_U(top_wrapper_fifo_w64_d4_S)' using Shift Registers.
INFO: [RTMG 210-285] Implementing FIFO 'filter2conv_U(top_wrapper_fifo_w8_d100_S)' using Shift Registers.
INFO: [RTMG 210-285] Implementing FIFO 'img_0_c_U(top_wrapper_fifo_w3_d3_S)' using Shift Registers.
INFO: [RTMG 210-285] Implementing FIFO 'memory_in_local_U(top_wrapper_fifo_w45_d2_S)' using Shift Registers.
INFO: [RTMG 210-285] Implementing FIFO 'memory_in_local_450_U(top_wrapper_fifo_w45_d2_S)' using Shift Registers.
INFO: [RTMG 210-285] Implementing FIFO 'memory_in_local_451_U(top_wrapper_fifo_w45_d2_S)' using Shift Registers.
INFO: [RTMG 210-285] Implementing FIFO 'memory_in_local_452_U(top_wrapper_fifo_w45_d2_S)' using Shift Registers.
INFO: [RTMG 210-285] Implementing FIFO 'memory_in_local_453_U(top_wrapper_fifo_w45_d2_S)' using Shift Registers.
INFO: [RTMG 210-285] Implementing FIFO 'memory_in_local_454_U(top_wrapper_fifo_w45_d2_S)' using Shift Registers.
INFO: [RTMG 210-285] Implementing FIFO 'memory_in_local_455_U(top_wrapper_fifo_w45_d2_S)' using Shift Registers.
INFO: [RTMG 210-285] Implementing FIFO 'memory_in_local_456_U(top_wrapper_fifo_w45_d2_S)' using Shift Registers.
INFO: [RTMG 210-285] Implementing FIFO 'memory_in_local_457_U(top_wrapper_fifo_w45_d2_S)' using Shift Registers.
INFO: [RTMG 210-285] Implementing FIFO 'memory_in_local_458_U(top_wrapper_fifo_w45_d2_S)' using Shift Registers.
INFO: [RTMG 210-285] Implementing FIFO 'memory_in_local_459_U(top_wrapper_fifo_w45_d2_S)' using Shift Registers.
INFO: [RTMG 210-285] Implementing FIFO 'memory_in_local_460_U(top_wrapper_fifo_w45_d2_S)' using Shift Registers.
INFO: [RTMG 210-285] Implementing FIFO 'memory_in_local_461_U(top_wrapper_fifo_w45_d2_S)' using Shift Registers.
INFO: [RTMG 210-285] Implementing FIFO 'memory_in_local_462_U(top_wrapper_fifo_w45_d2_S)' using Shift Registers.
INFO: [RTMG 210-285] Implementing FIFO 'memory_in_local_463_U(top_wrapper_fifo_w45_d2_S)' using Shift Registers.
INFO: [RTMG 210-285] Implementing FIFO 'memory_in_local_464_U(top_wrapper_fifo_w45_d2_S)' using Shift Registers.
INFO: [RTMG 210-285] Implementing FIFO 'memory_in_local_465_U(top_wrapper_fifo_w45_d2_S)' using Shift Registers.
INFO: [RTMG 210-285] Implementing FIFO 'memory_in_local_466_U(top_wrapper_fifo_w45_d2_S)' using Shift Registers.
INFO: [RTMG 210-285] Implementing FIFO 'memory_in_local_467_U(top_wrapper_fifo_w45_d2_S)' using Shift Registers.
INFO: [RTMG 210-285] Implementing FIFO 'memory_in_local_468_U(top_wrapper_fifo_w45_d2_S)' using Shift Registers.
INFO: [RTMG 210-285] Implementing FIFO 'memory_in_local_469_U(top_wrapper_fifo_w45_d2_S)' using Shift Registers.
INFO: [RTMG 210-285] Implementing FIFO 'memory_in_local_470_U(top_wrapper_fifo_w45_d2_S)' using Shift Registers.
INFO: [RTMG 210-285] Implementing FIFO 'memory_in_local_471_U(top_wrapper_fifo_w45_d2_S)' using Shift Registers.
INFO: [RTMG 210-285] Implementing FIFO 'memory_in_local_472_U(top_wrapper_fifo_w45_d2_S)' using Shift Registers.
INFO: [RTMG 210-285] Implementing FIFO 'memory_in_local_473_U(top_wrapper_fifo_w45_d2_S)' using Shift Registers.
INFO: [RTMG 210-285] Implementing FIFO 'memory_in_local_474_U(top_wrapper_fifo_w45_d2_S)' using Shift Registers.
INFO: [RTMG 210-285] Implementing FIFO 'memory_in_local_475_U(top_wrapper_fifo_w45_d2_S)' using Shift Registers.
INFO: [RTMG 210-285] Implementing FIFO 'memory_in_local_476_U(top_wrapper_fifo_w45_d2_S)' using Shift Registers.
INFO: [RTMG 210-285] Implementing FIFO 'memory_in_local_477_U(top_wrapper_fifo_w45_d2_S)' using Shift Registers.
INFO: [RTMG 210-285] Implementing FIFO 'memory_in_local_478_U(top_wrapper_fifo_w45_d2_S)' using Shift Registers.
INFO: [RTMG 210-285] Implementing FIFO 'memory_in_local_479_U(top_wrapper_fifo_w45_d2_S)' using Shift Registers.
INFO: [RTMG 210-285] Implementing FIFO 'memory_in_local_480_U(top_wrapper_fifo_w45_d2_S)' using Shift Registers.
INFO: [RTMG 210-285] Implementing FIFO 'memory_in_local_481_U(top_wrapper_fifo_w45_d2_S)' using Shift Registers.
INFO: [RTMG 210-285] Implementing FIFO 'memory_in_local_482_U(top_wrapper_fifo_w45_d2_S)' using Shift Registers.
INFO: [RTMG 210-285] Implementing FIFO 'memory_in_local_483_U(top_wrapper_fifo_w45_d2_S)' using Shift Registers.
INFO: [RTMG 210-285] Implementing FIFO 'memory_in_local_484_U(top_wrapper_fifo_w45_d2_S)' using Shift Registers.
INFO: [RTMG 210-285] Implementing FIFO 'memory_in_local_485_U(top_wrapper_fifo_w45_d2_S)' using Shift Registers.
INFO: [RTMG 210-285] Implementing FIFO 'memory_in_local_486_U(top_wrapper_fifo_w45_d2_S)' using Shift Registers.
INFO: [RTMG 210-285] Implementing FIFO 'memory_in_local_487_U(top_wrapper_fifo_w45_d2_S)' using Shift Registers.
INFO: [RTMG 210-285] Implementing FIFO 'memory_in_local_488_U(top_wrapper_fifo_w45_d2_S)' using Shift Registers.
INFO: [RTMG 210-285] Implementing FIFO 'memory_in_local_489_U(top_wrapper_fifo_w45_d2_S)' using Shift Registers.
INFO: [RTMG 210-285] Implementing FIFO 'memory_in_local_490_U(top_wrapper_fifo_w45_d2_S)' using Shift Registers.
INFO: [RTMG 210-285] Implementing FIFO 'memory_in_local_491_U(top_wrapper_fifo_w45_d2_S)' using Shift Registers.
INFO: [RTMG 210-285] Implementing FIFO 'memory_in_local_492_U(top_wrapper_fifo_w45_d2_S)' using Shift Registers.
INFO: [RTMG 210-285] Implementing FIFO 'memory_in_local_493_U(top_wrapper_fifo_w45_d2_S)' using Shift Registers.
INFO: [RTMG 210-285] Implementing FIFO 'memory_in_local_494_U(top_wrapper_fifo_w45_d2_S)' using Shift Registers.
INFO: [RTMG 210-285] Implementing FIFO 'memory_in_local_495_U(top_wrapper_fifo_w45_d2_S)' using Shift Registers.
INFO: [RTMG 210-285] Implementing FIFO 'memory_in_local_496_U(top_wrapper_fifo_w45_d2_S)' using Shift Registers.
INFO: [RTMG 210-285] Implementing FIFO 'memory_in_local_497_U(top_wrapper_fifo_w45_d2_S)' using Shift Registers.
INFO: [RTMG 210-285] Implementing FIFO 'memory_in_local_498_U(top_wrapper_fifo_w45_d2_S)' using Shift Registers.
INFO: [RTMG 210-285] Implementing FIFO 'memory_in_local_499_U(top_wrapper_fifo_w45_d2_S)' using Shift Registers.
INFO: [RTMG 210-285] Implementing FIFO 'memory_in_local_500_U(top_wrapper_fifo_w45_d2_S)' using Shift Registers.
INFO: [RTMG 210-285] Implementing FIFO 'memory_in_local_501_U(top_wrapper_fifo_w45_d2_S)' using Shift Registers.
INFO: [RTMG 210-285] Implementing FIFO 'memory_in_local_502_U(top_wrapper_fifo_w45_d2_S)' using Shift Registers.
INFO: [RTMG 210-285] Implementing FIFO 'memory_in_local_503_U(top_wrapper_fifo_w45_d2_S)' using Shift Registers.
INFO: [RTMG 210-285] Implementing FIFO 'memory_in_local_504_U(top_wrapper_fifo_w45_d2_S)' using Shift Registers.
INFO: [RTMG 210-285] Implementing FIFO 'memory_in_local_505_U(top_wrapper_fifo_w45_d2_S)' using Shift Registers.
INFO: [RTMG 210-285] Implementing FIFO 'memory_in_local_506_U(top_wrapper_fifo_w45_d2_S)' using Shift Registers.
INFO: [RTMG 210-285] Implementing FIFO 'memory_in_local_507_U(top_wrapper_fifo_w45_d2_S)' using Shift Registers.
INFO: [RTMG 210-285] Implementing FIFO 'memory_in_local_508_U(top_wrapper_fifo_w45_d2_S)' using Shift Registers.
INFO: [RTMG 210-285] Implementing FIFO 'memory_in_local_509_U(top_wrapper_fifo_w45_d2_S)' using Shift Registers.
INFO: [RTMG 210-285] Implementing FIFO 'memory_in_local_510_U(top_wrapper_fifo_w45_d2_S)' using Shift Registers.
INFO: [RTMG 210-285] Implementing FIFO 'memory_in_local_511_U(top_wrapper_fifo_w45_d2_S)' using Shift Registers.
INFO: [RTMG 210-285] Implementing FIFO 'memory_in_local_512_U(top_wrapper_fifo_w45_d2_S)' using Shift Registers.
INFO: [RTMG 210-285] Implementing FIFO 'memory_in_local_513_U(top_wrapper_fifo_w45_d2_S)' using Shift Registers.
INFO: [RTMG 210-285] Implementing FIFO 'memory_in_local_514_U(top_wrapper_fifo_w45_d2_S)' using Shift Registers.
INFO: [RTMG 210-285] Implementing FIFO 'memory_in_local_515_U(top_wrapper_fifo_w45_d2_S)' using Shift Registers.
INFO: [RTMG 210-285] Implementing FIFO 'memory_in_local_516_U(top_wrapper_fifo_w45_d2_S)' using Shift Registers.
INFO: [RTMG 210-285] Implementing FIFO 'memory_in_local_517_U(top_wrapper_fifo_w45_d2_S)' using Shift Registers.
INFO: [RTMG 210-285] Implementing FIFO 'memory_in_local_518_U(top_wrapper_fifo_w45_d2_S)' using Shift Registers.
INFO: [RTMG 210-285] Implementing FIFO 'memory_in_local_519_U(top_wrapper_fifo_w45_d2_S)' using Shift Registers.
INFO: [RTMG 210-285] Implementing FIFO 'memory_in_local_520_U(top_wrapper_fifo_w45_d2_S)' using Shift Registers.
INFO: [RTMG 210-285] Implementing FIFO 'memory_in_local_521_U(top_wrapper_fifo_w45_d2_S)' using Shift Registers.
INFO: [RTMG 210-285] Implementing FIFO 'memory_in_local_522_U(top_wrapper_fifo_w45_d2_S)' using Shift Registers.
INFO: [RTMG 210-285] Implementing FIFO 'memory_in_local_523_U(top_wrapper_fifo_w45_d2_S)' using Shift Registers.
INFO: [RTMG 210-285] Implementing FIFO 'memory_in_local_524_U(top_wrapper_fifo_w45_d2_S)' using Shift Registers.
INFO: [RTMG 210-285] Implementing FIFO 'memory_in_local_525_U(top_wrapper_fifo_w45_d2_S)' using Shift Registers.
INFO: [RTMG 210-285] Implementing FIFO 'memory_in_local_526_U(top_wrapper_fifo_w45_d2_S)' using Shift Registers.
INFO: [RTMG 210-285] Implementing FIFO 'memory_in_local_527_U(top_wrapper_fifo_w45_d2_S)' using Shift Registers.
INFO: [RTMG 210-285] Implementing FIFO 'memory_in_local_528_U(top_wrapper_fifo_w45_d2_S)' using Shift Registers.
INFO: [RTMG 210-285] Implementing FIFO 'memory_in_local_529_U(top_wrapper_fifo_w45_d2_S)' using Shift Registers.
INFO: [RTMG 210-285] Implementing FIFO 'memory_in_local_530_U(top_wrapper_fifo_w45_d2_S)' using Shift Registers.
INFO: [RTMG 210-285] Implementing FIFO 'memory_in_local_531_U(top_wrapper_fifo_w45_d2_S)' using Shift Registers.
INFO: [RTMG 210-285] Implementing FIFO 'memory_in_local_532_U(top_wrapper_fifo_w45_d2_S)' using Shift Registers.
INFO: [RTMG 210-285] Implementing FIFO 'memory_in_local_533_U(top_wrapper_fifo_w45_d2_S)' using Shift Registers.
INFO: [RTMG 210-285] Implementing FIFO 'memory_in_local_534_U(top_wrapper_fifo_w45_d2_S)' using Shift Registers.
INFO: [RTMG 210-285] Implementing FIFO 'memory_in_local_535_U(top_wrapper_fifo_w45_d2_S)' using Shift Registers.
INFO: [RTMG 210-285] Implementing FIFO 'memory_in_local_536_U(top_wrapper_fifo_w45_d2_S)' using Shift Registers.
INFO: [RTMG 210-285] Implementing FIFO 'memory_in_local_537_U(top_wrapper_fifo_w45_d2_S)' using Shift Registers.
INFO: [RTMG 210-285] Implementing FIFO 'memory_in_local_538_U(top_wrapper_fifo_w45_d2_S)' using Shift Registers.
INFO: [RTMG 210-285] Implementing FIFO 'memory_in_local_539_U(top_wrapper_fifo_w45_d2_S)' using Shift Registers.
INFO: [RTMG 210-285] Implementing FIFO 'memory_in_local_540_U(top_wrapper_fifo_w45_d2_S)' using Shift Registers.
INFO: [RTMG 210-285] Implementing FIFO 'memory_in_local_541_U(top_wrapper_fifo_w45_d2_S)' using Shift Registers.
INFO: [RTMG 210-285] Implementing FIFO 'memory_in_local_542_U(top_wrapper_fifo_w45_d2_S)' using Shift Registers.
INFO: [RTMG 210-285] Implementing FIFO 'memory_in_local_543_U(top_wrapper_fifo_w45_d2_S)' using Shift Registers.
INFO: [RTMG 210-285] Implementing FIFO 'memory_in_local_544_U(top_wrapper_fifo_w45_d2_S)' using Shift Registers.
INFO: [RTMG 210-285] Implementing FIFO 'memory_in_local_545_U(top_wrapper_fifo_w45_d2_S)' using Shift Registers.
INFO: [RTMG 210-285] Implementing FIFO 'memory_in_local_546_U(top_wrapper_fifo_w45_d2_S)' using Shift Registers.
INFO: [RTMG 210-285] Implementing FIFO 'memory_in_local_547_U(top_wrapper_fifo_w45_d2_S)' using Shift Registers.
INFO: [RTMG 210-285] Implementing FIFO 'memory_in_local_548_U(top_wrapper_fifo_w45_d2_S)' using Shift Registers.
INFO: [RTMG 210-285] Implementing FIFO 'memory_in_local_549_U(top_wrapper_fifo_w45_d2_S)' using Shift Registers.
INFO: [RTMG 210-285] Implementing FIFO 'memory_in_local_550_U(top_wrapper_fifo_w45_d2_S)' using Shift Registers.
INFO: [RTMG 210-285] Implementing FIFO 'memory_in_local_551_U(top_wrapper_fifo_w45_d2_S)' using Shift Registers.
INFO: [RTMG 210-285] Implementing FIFO 'memory_in_local_552_U(top_wrapper_fifo_w45_d2_S)' using Shift Registers.
INFO: [RTMG 210-285] Implementing FIFO 'memory_in_local_553_U(top_wrapper_fifo_w45_d2_S)' using Shift Registers.
INFO: [RTMG 210-285] Implementing FIFO 'memory_in_local_554_U(top_wrapper_fifo_w45_d2_S)' using Shift Registers.
INFO: [RTMG 210-285] Implementing FIFO 'memory_in_local_555_U(top_wrapper_fifo_w45_d2_S)' using Shift Registers.
INFO: [RTMG 210-285] Implementing FIFO 'memory_in_local_556_U(top_wrapper_fifo_w45_d2_S)' using Shift Registers.
INFO: [RTMG 210-285] Implementing FIFO 'memory_in_local_557_U(top_wrapper_fifo_w45_d2_S)' using Shift Registers.
INFO: [RTMG 210-285] Implementing FIFO 'memory_in_local_558_U(top_wrapper_fifo_w45_d2_S)' using Shift Registers.
INFO: [RTMG 210-285] Implementing FIFO 'memory_in_local_559_U(top_wrapper_fifo_w45_d2_S)' using Shift Registers.
INFO: [RTMG 210-285] Implementing FIFO 'memory_in_local_560_U(top_wrapper_fifo_w45_d2_S)' using Shift Registers.
INFO: [RTMG 210-285] Implementing FIFO 'memory_in_local_561_U(top_wrapper_fifo_w45_d2_S)' using Shift Registers.
INFO: [RTMG 210-285] Implementing FIFO 'memory_in_local_562_U(top_wrapper_fifo_w45_d2_S)' using Shift Registers.
INFO: [RTMG 210-285] Implementing FIFO 'memory_in_local_563_U(top_wrapper_fifo_w45_d2_S)' using Shift Registers.
INFO: [RTMG 210-285] Implementing FIFO 'memory_in_local_564_U(top_wrapper_fifo_w45_d2_S)' using Shift Registers.
INFO: [RTMG 210-285] Implementing FIFO 'memory_in_local_565_U(top_wrapper_fifo_w45_d2_S)' using Shift Registers.
INFO: [RTMG 210-285] Implementing FIFO 'memory_in_local_566_U(top_wrapper_fifo_w45_d2_S)' using Shift Registers.
INFO: [RTMG 210-285] Implementing FIFO 'memory_in_local_567_U(top_wrapper_fifo_w45_d2_S)' using Shift Registers.
INFO: [RTMG 210-285] Implementing FIFO 'memory_in_local_568_U(top_wrapper_fifo_w45_d2_S)' using Shift Registers.
INFO: [RTMG 210-285] Implementing FIFO 'memory_in_local_569_U(top_wrapper_fifo_w45_d2_S)' using Shift Registers.
INFO: [RTMG 210-285] Implementing FIFO 'memory_in_local_570_U(top_wrapper_fifo_w45_d2_S)' using Shift Registers.
INFO: [RTMG 210-285] Implementing FIFO 'memory_in_local_571_U(top_wrapper_fifo_w45_d2_S)' using Shift Registers.
INFO: [RTMG 210-285] Implementing FIFO 'memory_in_local_572_U(top_wrapper_fifo_w45_d2_S)' using Shift Registers.
INFO: [RTMG 210-285] Implementing FIFO 'memory_in_local_573_U(top_wrapper_fifo_w45_d2_S)' using Shift Registers.
INFO: [RTMG 210-285] Implementing FIFO 'memory_in_local_574_U(top_wrapper_fifo_w45_d2_S)' using Shift Registers.
INFO: [RTMG 210-285] Implementing FIFO 'memory_in_local_575_U(top_wrapper_fifo_w45_d2_S)' using Shift Registers.
INFO: [RTMG 210-285] Implementing FIFO 'memory_in_local_576_U(top_wrapper_fifo_w45_d2_S)' using Shift Registers.
INFO: [RTMG 210-285] Implementing FIFO 'memory_in_local_577_U(top_wrapper_fifo_w45_d2_S)' using Shift Registers.
INFO: [RTMG 210-285] Implementing FIFO 'memory_in_local_578_U(top_wrapper_fifo_w45_d2_S)' using Shift Registers.
INFO: [RTMG 210-285] Implementing FIFO 'memory_in_local_579_U(top_wrapper_fifo_w45_d2_S)' using Shift Registers.
INFO: [RTMG 210-285] Implementing FIFO 'memory_in_local_580_U(top_wrapper_fifo_w45_d2_S)' using Shift Registers.
INFO: [RTMG 210-285] Implementing FIFO 'memory_in_local_581_U(top_wrapper_fifo_w45_d2_S)' using Shift Registers.
INFO: [RTMG 210-285] Implementing FIFO 'memory_in_local_582_U(top_wrapper_fifo_w45_d2_S)' using Shift Registers.
INFO: [RTMG 210-285] Implementing FIFO 'memory_in_local_583_U(top_wrapper_fifo_w45_d2_S)' using Shift Registers.
INFO: [RTMG 210-285] Implementing FIFO 'memory_in_local_584_U(top_wrapper_fifo_w45_d2_S)' using Shift Registers.
INFO: [RTMG 210-285] Implementing FIFO 'memory_in_local_585_U(top_wrapper_fifo_w45_d2_S)' using Shift Registers.
INFO: [RTMG 210-285] Implementing FIFO 'memory_in_local_586_U(top_wrapper_fifo_w45_d2_S)' using Shift Registers.
INFO: [RTMG 210-285] Implementing FIFO 'memory_in_local_587_U(top_wrapper_fifo_w45_d2_S)' using Shift Registers.
INFO: [RTMG 210-285] Implementing FIFO 'memory_in_local_588_U(top_wrapper_fifo_w45_d2_S)' using Shift Registers.
INFO: [RTMG 210-285] Implementing FIFO 'memory_in_local_589_U(top_wrapper_fifo_w45_d2_S)' using Shift Registers.
INFO: [RTMG 210-285] Implementing FIFO 'memory_in_local_590_U(top_wrapper_fifo_w45_d2_S)' using Shift Registers.
INFO: [RTMG 210-285] Implementing FIFO 'memory_in_local_591_U(top_wrapper_fifo_w45_d2_S)' using Shift Registers.
INFO: [RTMG 210-285] Implementing FIFO 'memory_in_local_592_U(top_wrapper_fifo_w45_d2_S)' using Shift Registers.
INFO: [RTMG 210-285] Implementing FIFO 'memory_in_local_593_U(top_wrapper_fifo_w45_d2_S)' using Shift Registers.
INFO: [RTMG 210-285] Implementing FIFO 'memory_in_local_594_U(top_wrapper_fifo_w45_d2_S)' using Shift Registers.
INFO: [RTMG 210-285] Implementing FIFO 'memory_in_local_595_U(top_wrapper_fifo_w45_d2_S)' using Shift Registers.
INFO: [RTMG 210-285] Implementing FIFO 'memory_in_local_596_U(top_wrapper_fifo_w45_d2_S)' using Shift Registers.
INFO: [RTMG 210-285] Implementing FIFO 'memory_in_local_597_U(top_wrapper_fifo_w45_d2_S)' using Shift Registers.
INFO: [RTMG 210-285] Implementing FIFO 'memory_in_local_598_U(top_wrapper_fifo_w45_d2_S)' using Shift Registers.
INFO: [RTMG 210-285] Implementing FIFO 'memory_in_local_599_U(top_wrapper_fifo_w45_d2_S)' using Shift Registers.
INFO: [RTMG 210-285] Implementing FIFO 'memory_in_local_600_U(top_wrapper_fifo_w45_d2_S)' using Shift Registers.
INFO: [RTMG 210-285] Implementing FIFO 'memory_in_local_601_U(top_wrapper_fifo_w45_d2_S)' using Shift Registers.
INFO: [RTMG 210-285] Implementing FIFO 'memory_in_local_602_U(top_wrapper_fifo_w45_d2_S)' using Shift Registers.
INFO: [RTMG 210-285] Implementing FIFO 'memory_in_local_603_U(top_wrapper_fifo_w45_d2_S)' using Shift Registers.
INFO: [RTMG 210-285] Implementing FIFO 'memory_in_local_604_U(top_wrapper_fifo_w45_d2_S)' using Shift Registers.
INFO: [RTMG 210-285] Implementing FIFO 'memory_in_local_605_U(top_wrapper_fifo_w45_d2_S)' using Shift Registers.
INFO: [RTMG 210-285] Implementing FIFO 'memory_in_local_606_U(top_wrapper_fifo_w45_d2_S)' using Shift Registers.
INFO: [RTMG 210-285] Implementing FIFO 'memory_in_local_607_U(top_wrapper_fifo_w45_d2_S)' using Shift Registers.
INFO: [RTMG 210-285] Implementing FIFO 'memory_in_local_608_U(top_wrapper_fifo_w45_d2_S)' using Shift Registers.
INFO: [RTMG 210-285] Implementing FIFO 'memory_in_local_609_U(top_wrapper_fifo_w45_d2_S)' using Shift Registers.
INFO: [RTMG 210-285] Implementing FIFO 'memory_in_local_610_U(top_wrapper_fifo_w45_d2_S)' using Shift Registers.
INFO: [RTMG 210-285] Implementing FIFO 'memory_in_local_611_U(top_wrapper_fifo_w45_d2_S)' using Shift Registers.
INFO: [RTMG 210-285] Implementing FIFO 'memory_in_local_612_U(top_wrapper_fifo_w45_d2_S)' using Shift Registers.
INFO: [RTMG 210-285] Implementing FIFO 'memory_in_local_613_U(top_wrapper_fifo_w45_d2_S)' using Shift Registers.
INFO: [RTMG 210-285] Implementing FIFO 'memory_in_local_614_U(top_wrapper_fifo_w45_d2_S)' using Shift Registers.
INFO: [RTMG 210-285] Implementing FIFO 'memory_in_local_615_U(top_wrapper_fifo_w45_d2_S)' using Shift Registers.
INFO: [RTMG 210-285] Implementing FIFO 'memory_in_local_616_U(top_wrapper_fifo_w45_d2_S)' using Shift Registers.
INFO: [RTMG 210-285] Implementing FIFO 'memory_in_local_617_U(top_wrapper_fifo_w45_d2_S)' using Shift Registers.
INFO: [RTMG 210-285] Implementing FIFO 'memory_in_local_618_U(top_wrapper_fifo_w45_d2_S)' using Shift Registers.
INFO: [RTMG 210-285] Implementing FIFO 'memory_in_local_619_U(top_wrapper_fifo_w45_d2_S)' using Shift Registers.
INFO: [RTMG 210-285] Implementing FIFO 'memory_in_local_620_U(top_wrapper_fifo_w45_d2_S)' using Shift Registers.
INFO: [RTMG 210-285] Implementing FIFO 'memory_in_local_621_U(top_wrapper_fifo_w45_d2_S)' using Shift Registers.
INFO: [RTMG 210-285] Implementing FIFO 'memory_in_local_622_U(top_wrapper_fifo_w45_d2_S)' using Shift Registers.
INFO: [RTMG 210-285] Implementing FIFO 'memory_in_local_623_U(top_wrapper_fifo_w45_d2_S)' using Shift Registers.
INFO: [RTMG 210-285] Implementing FIFO 'memory_in_local_624_U(top_wrapper_fifo_w45_d2_S)' using Shift Registers.
INFO: [RTMG 210-285] Implementing FIFO 'memory_in_local_625_U(top_wrapper_fifo_w45_d2_S)' using Shift Registers.
INFO: [RTMG 210-285] Implementing FIFO 'memory_in_local_626_U(top_wrapper_fifo_w45_d2_S)' using Shift Registers.
INFO: [RTMG 210-285] Implementing FIFO 'memory_in_local_627_U(top_wrapper_fifo_w45_d2_S)' using Shift Registers.
INFO: [RTMG 210-285] Implementing FIFO 'memory_in_local_628_U(top_wrapper_fifo_w45_d2_S)' using Shift Registers.
INFO: [RTMG 210-285] Implementing FIFO 'memory_in_local_629_U(top_wrapper_fifo_w45_d2_S)' using Shift Registers.
INFO: [RTMG 210-285] Implementing FIFO 'memory_in_local_630_U(top_wrapper_fifo_w45_d2_S)' using Shift Registers.
INFO: [RTMG 210-285] Implementing FIFO 'memory_in_local_631_U(top_wrapper_fifo_w45_d2_S)' using Shift Registers.
INFO: [RTMG 210-285] Implementing FIFO 'memory_in_local_632_U(top_wrapper_fifo_w45_d2_S)' using Shift Registers.
INFO: [RTMG 210-285] Implementing FIFO 'memory_in_local_633_U(top_wrapper_fifo_w45_d2_S)' using Shift Registers.
INFO: [RTMG 210-285] Implementing FIFO 'memory_in_local_634_U(top_wrapper_fifo_w45_d2_S)' using Shift Registers.
INFO: [RTMG 210-285] Implementing FIFO 'memory_in_local_635_U(top_wrapper_fifo_w45_d2_S)' using Shift Registers.
INFO: [RTMG 210-285] Implementing FIFO 'memory_in_local_636_U(top_wrapper_fifo_w45_d2_S)' using Shift Registers.
INFO: [RTMG 210-285] Implementing FIFO 'memory_in_local_637_U(top_wrapper_fifo_w45_d2_S)' using Shift Registers.
INFO: [RTMG 210-285] Implementing FIFO 'memory_in_local_638_U(top_wrapper_fifo_w45_d2_S)' using Shift Registers.
INFO: [RTMG 210-285] Implementing FIFO 'memory_in_local_639_U(top_wrapper_fifo_w45_d2_S)' using Shift Registers.
INFO: [RTMG 210-285] Implementing FIFO 'memory_in_local_640_U(top_wrapper_fifo_w45_d2_S)' using Shift Registers.
INFO: [RTMG 210-285] Implementing FIFO 'memory_in_local_641_U(top_wrapper_fifo_w45_d2_S)' using Shift Registers.
INFO: [RTMG 210-285] Implementing FIFO 'memory_in_local_642_U(top_wrapper_fifo_w45_d2_S)' using Shift Registers.
INFO: [RTMG 210-285] Implementing FIFO 'memory_in_local_643_U(top_wrapper_fifo_w45_d2_S)' using Shift Registers.
INFO: [RTMG 210-285] Implementing FIFO 'memory_in_local_644_U(top_wrapper_fifo_w45_d2_S)' using Shift Registers.
INFO: [RTMG 210-285] Implementing FIFO 'memory_in_local_645_U(top_wrapper_fifo_w45_d2_S)' using Shift Registers.
INFO: [RTMG 210-285] Implementing FIFO 'memory_in_local_646_U(top_wrapper_fifo_w45_d2_S)' using Shift Registers.
INFO: [RTMG 210-285] Implementing FIFO 'memory_in_local_647_U(top_wrapper_fifo_w45_d2_S)' using Shift Registers.
INFO: [RTMG 210-285] Implementing FIFO 'memory_in_local_648_U(top_wrapper_fifo_w45_d2_S)' using Shift Registers.
INFO: [RTMG 210-285] Implementing FIFO 'memory_in_local_649_U(top_wrapper_fifo_w45_d2_S)' using Shift Registers.
INFO: [RTMG 210-285] Implementing FIFO 'memory_in_local_650_U(top_wrapper_fifo_w45_d2_S)' using Shift Registers.
INFO: [RTMG 210-285] Implementing FIFO 'memory_in_local_651_U(top_wrapper_fifo_w45_d2_S)' using Shift Registers.
INFO: [RTMG 210-285] Implementing FIFO 'memory_in_local_652_U(top_wrapper_fifo_w45_d2_S)' using Shift Registers.
INFO: [RTMG 210-285] Implementing FIFO 'memory_in_local_653_U(top_wrapper_fifo_w45_d2_S)' using Shift Registers.
INFO: [RTMG 210-285] Implementing FIFO 'memory_in_local_654_U(top_wrapper_fifo_w45_d2_S)' using Shift Registers.
INFO: [RTMG 210-285] Implementing FIFO 'memory_in_local_655_U(top_wrapper_fifo_w45_d2_S)' using Shift Registers.
INFO: [RTMG 210-285] Implementing FIFO 'memory_in_local_656_U(top_wrapper_fifo_w45_d2_S)' using Shift Registers.
INFO: [RTMG 210-285] Implementing FIFO 'memory_in_local_657_U(top_wrapper_fifo_w45_d2_S)' using Shift Registers.
INFO: [RTMG 210-285] Implementing FIFO 'memory_in_local_658_U(top_wrapper_fifo_w45_d2_S)' using Shift Registers.
INFO: [RTMG 210-285] Implementing FIFO 'memory_in_local_659_U(top_wrapper_fifo_w45_d2_S)' using Shift Registers.
INFO: [RTMG 210-285] Implementing FIFO 'memory_in_local_660_U(top_wrapper_fifo_w45_d2_S)' using Shift Registers.
INFO: [RTMG 210-285] Implementing FIFO 'memory_in_local_661_U(top_wrapper_fifo_w45_d2_S)' using Shift Registers.
INFO: [RTMG 210-285] Implementing FIFO 'memory_in_local_662_U(top_wrapper_fifo_w45_d2_S)' using Shift Registers.
INFO: [RTMG 210-285] Implementing FIFO 'memory_in_local_663_U(top_wrapper_fifo_w45_d2_S)' using Shift Registers.
INFO: [RTMG 210-285] Implementing FIFO 'memory_in_local_664_U(top_wrapper_fifo_w45_d2_S)' using Shift Registers.
INFO: [RTMG 210-285] Implementing FIFO 'memory_in_local_665_U(top_wrapper_fifo_w45_d2_S)' using Shift Registers.
INFO: [RTMG 210-285] Implementing FIFO 'memory_in_local_666_U(top_wrapper_fifo_w45_d2_S)' using Shift Registers.
INFO: [RTMG 210-285] Implementing FIFO 'memory_in_local_667_U(top_wrapper_fifo_w45_d2_S)' using Shift Registers.
INFO: [RTMG 210-285] Implementing FIFO 'memory_in_local_668_U(top_wrapper_fifo_w45_d2_S)' using Shift Registers.
INFO: [RTMG 210-285] Implementing FIFO 'memory_in_local_669_U(top_wrapper_fifo_w45_d2_S)' using Shift Registers.
INFO: [RTMG 210-285] Implementing FIFO 'memory_in_local_670_U(top_wrapper_fifo_w45_d2_S)' using Shift Registers.
INFO: [RTMG 210-285] Implementing FIFO 'memory_in_local_671_U(top_wrapper_fifo_w45_d2_S)' using Shift Registers.
INFO: [RTMG 210-285] Implementing FIFO 'memory_in_local_672_U(top_wrapper_fifo_w45_d2_S)' using Shift Registers.
INFO: [RTMG 210-285] Implementing FIFO 'memory_in_local_673_U(top_wrapper_fifo_w45_d2_S)' using Shift Registers.
INFO: [RTMG 210-285] Implementing FIFO 'memory_in_local_674_U(top_wrapper_fifo_w45_d2_S)' using Shift Registers.
INFO: [RTMG 210-285] Implementing FIFO 'memory_in_local_675_U(top_wrapper_fifo_w45_d2_S)' using Shift Registers.
INFO: [RTMG 210-285] Implementing FIFO 'memory_in_local_676_U(top_wrapper_fifo_w45_d2_S)' using Shift Registers.
INFO: [RTMG 210-285] Implementing FIFO 'memory_in_local_677_U(top_wrapper_fifo_w45_d2_S)' using Shift Registers.
INFO: [RTMG 210-285] Implementing FIFO 'memory_in_local_678_U(top_wrapper_fifo_w45_d2_S)' using Shift Registers.
INFO: [RTMG 210-285] Implementing FIFO 'memory_in_local_679_U(top_wrapper_fifo_w45_d2_S)' using Shift Registers.
INFO: [RTMG 210-285] Implementing FIFO 'memory_in_local_680_U(top_wrapper_fifo_w45_d2_S)' using Shift Registers.
INFO: [RTMG 210-285] Implementing FIFO 'memory_in_local_681_U(top_wrapper_fifo_w45_d2_S)' using Shift Registers.
INFO: [RTMG 210-285] Implementing FIFO 'memory_in_local_682_U(top_wrapper_fifo_w45_d2_S)' using Shift Registers.
INFO: [RTMG 210-285] Implementing FIFO 'memory_in_local_683_U(top_wrapper_fifo_w45_d2_S)' using Shift Registers.
INFO: [RTMG 210-285] Implementing FIFO 'memory_in_local_684_U(top_wrapper_fifo_w45_d2_S)' using Shift Registers.
INFO: [RTMG 210-285] Implementing FIFO 'memory_in_local_685_U(top_wrapper_fifo_w45_d2_S)' using Shift Registers.
INFO: [RTMG 210-285] Implementing FIFO 'memory_in_local_686_U(top_wrapper_fifo_w45_d2_S)' using Shift Registers.
INFO: [RTMG 210-285] Implementing FIFO 'memory_in_local_687_U(top_wrapper_fifo_w45_d2_S)' using Shift Registers.
INFO: [RTMG 210-285] Implementing FIFO 'memory_in_local_688_U(top_wrapper_fifo_w45_d2_S)' using Shift Registers.
INFO: [RTMG 210-285] Implementing FIFO 'memory_in_local_689_U(top_wrapper_fifo_w45_d2_S)' using Shift Registers.
INFO: [RTMG 210-285] Implementing FIFO 'memory_in_local_690_U(top_wrapper_fifo_w45_d2_S)' using Shift Registers.
INFO: [RTMG 210-285] Implementing FIFO 'memory_in_local_691_U(top_wrapper_fifo_w45_d2_S)' using Shift Registers.
INFO: [RTMG 210-285] Implementing FIFO 'memory_in_local_692_U(top_wrapper_fifo_w45_d2_S)' using Shift Registers.
INFO: [RTMG 210-285] Implementing FIFO 'memory_in_local_693_U(top_wrapper_fifo_w45_d2_S)' using Shift Registers.
INFO: [RTMG 210-285] Implementing FIFO 'memory_in_local_694_U(top_wrapper_fifo_w45_d2_S)' using Shift Registers.
INFO: [RTMG 210-285] Implementing FIFO 'memory_in_local_695_U(top_wrapper_fifo_w45_d2_S)' using Shift Registers.
INFO: [RTMG 210-285] Implementing FIFO 'memory_in_local_696_U(top_wrapper_fifo_w45_d2_S)' using Shift Registers.
INFO: [RTMG 210-285] Implementing FIFO 'memory_in_local_697_U(top_wrapper_fifo_w45_d2_S)' using Shift Registers.
INFO: [RTMG 210-285] Implementing FIFO 'memory_in_local_698_U(top_wrapper_fifo_w45_d2_S)' using Shift Registers.
INFO: [RTMG 210-285] Implementing FIFO 'memory_in_local_699_U(top_wrapper_fifo_w45_d2_S)' using Shift Registers.
INFO: [RTMG 210-285] Implementing FIFO 'memory_in_local_700_U(top_wrapper_fifo_w45_d2_S)' using Shift Registers.
INFO: [RTMG 210-285] Implementing FIFO 'memory_in_local_701_U(top_wrapper_fifo_w45_d2_S)' using Shift Registers.
INFO: [RTMG 210-285] Implementing FIFO 'memory_in_local_702_U(top_wrapper_fifo_w45_d2_S)' using Shift Registers.
INFO: [RTMG 210-285] Implementing FIFO 'memory_in_local_703_U(top_wrapper_fifo_w45_d2_S)' using Shift Registers.
INFO: [RTMG 210-285] Implementing FIFO 'memory_in_local_704_U(top_wrapper_fifo_w45_d2_S)' using Shift Registers.
INFO: [RTMG 210-285] Implementing FIFO 'memory_in_local_705_U(top_wrapper_fifo_w45_d2_S)' using Shift Registers.
INFO: [RTMG 210-285] Implementing FIFO 'memory_in_local_706_U(top_wrapper_fifo_w45_d2_S)' using Shift Registers.
INFO: [RTMG 210-285] Implementing FIFO 'memory_in_local_707_U(top_wrapper_fifo_w45_d2_S)' using Shift Registers.
INFO: [RTMG 210-285] Implementing FIFO 'memory_in_local_708_U(top_wrapper_fifo_w45_d2_S)' using Shift Registers.
INFO: [RTMG 210-285] Implementing FIFO 'memory_in_local_709_U(top_wrapper_fifo_w45_d2_S)' using Shift Registers.
INFO: [RTMG 210-285] Implementing FIFO 'memory_in_local_710_U(top_wrapper_fifo_w45_d2_S)' using Shift Registers.
INFO: [RTMG 210-285] Implementing FIFO 'memory_in_local_711_U(top_wrapper_fifo_w45_d2_S)' using Shift Registers.
INFO: [RTMG 210-285] Implementing FIFO 'memory_in_local_712_U(top_wrapper_fifo_w45_d2_S)' using Shift Registers.
INFO: [RTMG 210-285] Implementing FIFO 'memory_in_local_713_U(top_wrapper_fifo_w45_d2_S)' using Shift Registers.
INFO: [RTMG 210-285] Implementing FIFO 'memory_in_local_714_U(top_wrapper_fifo_w45_d2_S)' using Shift Registers.
INFO: [RTMG 210-285] Implementing FIFO 'memory_in_local_715_U(top_wrapper_fifo_w45_d2_S)' using Shift Registers.
INFO: [RTMG 210-285] Implementing FIFO 'memory_in_local_716_U(top_wrapper_fifo_w45_d2_S)' using Shift Registers.
INFO: [RTMG 210-285] Implementing FIFO 'memory_in_local_717_U(top_wrapper_fifo_w45_d2_S)' using Shift Registers.
INFO: [RTMG 210-285] Implementing FIFO 'memory_in_local_718_U(top_wrapper_fifo_w45_d2_S)' using Shift Registers.
INFO: [RTMG 210-285] Implementing FIFO 'memory_in_local_719_U(top_wrapper_fifo_w45_d2_S)' using Shift Registers.
INFO: [RTMG 210-285] Implementing FIFO 'memory_in_local_720_U(top_wrapper_fifo_w45_d2_S)' using Shift Registers.
INFO: [RTMG 210-285] Implementing FIFO 'memory_in_local_721_U(top_wrapper_fifo_w45_d2_S)' using Shift Registers.
INFO: [RTMG 210-285] Implementing FIFO 'memory_in_local_722_U(top_wrapper_fifo_w45_d2_S)' using Shift Registers.
INFO: [RTMG 210-285] Implementing FIFO 'memory_in_local_723_U(top_wrapper_fifo_w45_d2_S)' using Shift Registers.
INFO: [RTMG 210-285] Implementing FIFO 'memory_in_local_724_U(top_wrapper_fifo_w45_d2_S)' using Shift Registers.
INFO: [RTMG 210-285] Implementing FIFO 'memory_in_local_725_U(top_wrapper_fifo_w45_d2_S)' using Shift Registers.
INFO: [RTMG 210-285] Implementing FIFO 'memory_in_local_726_U(top_wrapper_fifo_w45_d2_S)' using Shift Registers.
INFO: [RTMG 210-285] Implementing FIFO 'memory_in_local_727_U(top_wrapper_fifo_w45_d2_S)' using Shift Registers.
INFO: [RTMG 210-285] Implementing FIFO 'memory_in_local_728_U(top_wrapper_fifo_w45_d2_S)' using Shift Registers.
INFO: [RTMG 210-285] Implementing FIFO 'memory_in_local_729_U(top_wrapper_fifo_w45_d2_S)' using Shift Registers.
INFO: [RTMG 210-285] Implementing FIFO 'memory_in_local_730_U(top_wrapper_fifo_w45_d2_S)' using Shift Registers.
INFO: [RTMG 210-285] Implementing FIFO 'memory_in_local_731_U(top_wrapper_fifo_w45_d2_S)' using Shift Registers.
INFO: [RTMG 210-285] Implementing FIFO 'memory_in_local_732_U(top_wrapper_fifo_w45_d2_S)' using Shift Registers.
INFO: [RTMG 210-285] Implementing FIFO 'memory_in_local_733_U(top_wrapper_fifo_w45_d2_S)' using Shift Registers.
INFO: [RTMG 210-285] Implementing FIFO 'memory_in_local_734_U(top_wrapper_fifo_w45_d2_S)' using Shift Registers.
INFO: [RTMG 210-285] Implementing FIFO 'memory_in_local_735_U(top_wrapper_fifo_w45_d2_S)' using Shift Registers.
INFO: [RTMG 210-285] Implementing FIFO 'memory_in_local_736_U(top_wrapper_fifo_w45_d2_S)' using Shift Registers.
INFO: [RTMG 210-285] Implementing FIFO 'memory_in_local_737_U(top_wrapper_fifo_w45_d2_S)' using Shift Registers.
INFO: [RTMG 210-285] Implementing FIFO 'memory_in_local_738_U(top_wrapper_fifo_w45_d2_S)' using Shift Registers.
INFO: [RTMG 210-285] Implementing FIFO 'memory_in_local_739_U(top_wrapper_fifo_w45_d2_S)' using Shift Registers.
INFO: [RTMG 210-285] Implementing FIFO 'memory_in_local_740_U(top_wrapper_fifo_w45_d2_S)' using Shift Registers.
INFO: [RTMG 210-285] Implementing FIFO 'memory_in_local_741_U(top_wrapper_fifo_w45_d2_S)' using Shift Registers.
INFO: [RTMG 210-285] Implementing FIFO 'memory_in_local_742_U(top_wrapper_fifo_w45_d2_S)' using Shift Registers.
INFO: [RTMG 210-285] Implementing FIFO 'memory_in_local_743_U(top_wrapper_fifo_w45_d2_S)' using Shift Registers.
INFO: [RTMG 210-285] Implementing FIFO 'memory_in_local_744_U(top_wrapper_fifo_w45_d2_S)' using Shift Registers.
INFO: [RTMG 210-285] Implementing FIFO 'memory_in_local_745_U(top_wrapper_fifo_w45_d2_S)' using Shift Registers.
INFO: [RTMG 210-285] Implementing FIFO 'memory_in_local_746_U(top_wrapper_fifo_w45_d2_S)' using Shift Registers.
INFO: [RTMG 210-285] Implementing FIFO 'memory_in_local_747_U(top_wrapper_fifo_w45_d2_S)' using Shift Registers.
INFO: [RTMG 210-285] Implementing FIFO 'memory_in_local_748_U(top_wrapper_fifo_w45_d2_S)' using Shift Registers.
INFO: [RTMG 210-285] Implementing FIFO 'memory_in_local_749_U(top_wrapper_fifo_w45_d2_S)' using Shift Registers.
INFO: [RTMG 210-285] Implementing FIFO 'memory_in_local_750_U(top_wrapper_fifo_w45_d2_S)' using Shift Registers.
INFO: [RTMG 210-285] Implementing FIFO 'memory_in_local_751_U(top_wrapper_fifo_w45_d2_S)' using Shift Registers.
INFO: [RTMG 210-285] Implementing FIFO 'memory_in_local_752_U(top_wrapper_fifo_w45_d2_S)' using Shift Registers.
INFO: [RTMG 210-285] Implementing FIFO 'memory_in_local_753_U(top_wrapper_fifo_w45_d2_S)' using Shift Registers.
INFO: [RTMG 210-285] Implementing FIFO 'memory_in_local_754_U(top_wrapper_fifo_w45_d2_S)' using Shift Registers.
INFO: [RTMG 210-285] Implementing FIFO 'memory_in_local_755_U(top_wrapper_fifo_w45_d2_S)' using Shift Registers.
INFO: [RTMG 210-285] Implementing FIFO 'memory_in_local_756_U(top_wrapper_fifo_w45_d2_S)' using Shift Registers.
INFO: [RTMG 210-285] Implementing FIFO 'memory_in_local_757_U(top_wrapper_fifo_w45_d2_S)' using Shift Registers.
INFO: [RTMG 210-285] Implementing FIFO 'memory_in_local_758_U(top_wrapper_fifo_w45_d2_S)' using Shift Registers.
INFO: [RTMG 210-285] Implementing FIFO 'memory_in_local_759_U(top_wrapper_fifo_w45_d2_S)' using Shift Registers.
INFO: [RTMG 210-285] Implementing FIFO 'memory_in_local_760_U(top_wrapper_fifo_w45_d2_S)' using Shift Registers.
INFO: [RTMG 210-285] Implementing FIFO 'memory_in_local_761_U(top_wrapper_fifo_w45_d2_S)' using Shift Registers.
INFO: [RTMG 210-285] Implementing FIFO 'memory_in_local_762_U(top_wrapper_fifo_w45_d2_S)' using Shift Registers.
INFO: [RTMG 210-285] Implementing FIFO 'memory_in_local_763_U(top_wrapper_fifo_w45_d2_S)' using Shift Registers.
INFO: [RTMG 210-285] Implementing FIFO 'memory_in_local_764_U(top_wrapper_fifo_w45_d2_S)' using Shift Registers.
INFO: [RTMG 210-285] Implementing FIFO 'memory_in_local_765_U(top_wrapper_fifo_w45_d2_S)' using Shift Registers.
INFO: [RTMG 210-285] Implementing FIFO 'memory_in_local_766_U(top_wrapper_fifo_w45_d2_S)' using Shift Registers.
INFO: [RTMG 210-285] Implementing FIFO 'memory_in_local_767_U(top_wrapper_fifo_w45_d2_S)' using Shift Registers.
INFO: [RTMG 210-285] Implementing FIFO 'memory_in_local_768_U(top_wrapper_fifo_w45_d2_S)' using Shift Registers.
INFO: [RTMG 210-285] Implementing FIFO 'memory_in_local_769_U(top_wrapper_fifo_w45_d2_S)' using Shift Registers.
INFO: [RTMG 210-285] Implementing FIFO 'memory_in_local_770_U(top_wrapper_fifo_w45_d2_S)' using Shift Registers.
INFO: [RTMG 210-285] Implementing FIFO 'memory_in_local_771_U(top_wrapper_fifo_w45_d2_S)' using Shift Registers.
INFO: [RTMG 210-285] Implementing FIFO 'memory_in_local_772_U(top_wrapper_fifo_w45_d2_S)' using Shift Registers.
INFO: [RTMG 210-285] Implementing FIFO 'memory_in_local_773_U(top_wrapper_fifo_w45_d2_S)' using Shift Registers.
INFO: [RTMG 210-285] Implementing FIFO 'memory_in_local_774_U(top_wrapper_fifo_w45_d2_S)' using Shift Registers.
INFO: [RTMG 210-285] Implementing FIFO 'memory_in_local_775_U(top_wrapper_fifo_w45_d2_S)' using Shift Registers.
INFO: [RTMG 210-285] Implementing FIFO 'memory_in_local_776_U(top_wrapper_fifo_w45_d2_S)' using Shift Registers.
INFO: [RTMG 210-285] Implementing FIFO 'memory_in_local_777_U(top_wrapper_fifo_w45_d2_S)' using Shift Registers.
INFO: [RTMG 210-285] Implementing FIFO 'memory_in_local_778_U(top_wrapper_fifo_w45_d2_S)' using Shift Registers.
INFO: [RTMG 210-285] Implementing FIFO 'memory_in_local_779_U(top_wrapper_fifo_w45_d2_S)' using Shift Registers.
INFO: [RTMG 210-285] Implementing FIFO 'memory_in_local_780_U(top_wrapper_fifo_w45_d2_S)' using Shift Registers.
INFO: [RTMG 210-285] Implementing FIFO 'memory_in_local_781_U(top_wrapper_fifo_w45_d2_S)' using Shift Registers.
INFO: [RTMG 210-285] Implementing FIFO 'memory_in_local_782_U(top_wrapper_fifo_w45_d2_S)' using Shift Registers.
INFO: [RTMG 210-285] Implementing FIFO 'memory_in_local_783_U(top_wrapper_fifo_w45_d2_S)' using Shift Registers.
INFO: [RTMG 210-285] Implementing FIFO 'memory_in_local_784_U(top_wrapper_fifo_w45_d2_S)' using Shift Registers.
INFO: [RTMG 210-285] Implementing FIFO 'memory_in_local_785_U(top_wrapper_fifo_w45_d2_S)' using Shift Registers.
INFO: [RTMG 210-285] Implementing FIFO 'memory_in_local_786_U(top_wrapper_fifo_w45_d2_S)' using Shift Registers.
INFO: [RTMG 210-285] Implementing FIFO 'memory_in_local_787_U(top_wrapper_fifo_w45_d2_S)' using Shift Registers.
INFO: [RTMG 210-285] Implementing FIFO 'memory_in_local_788_U(top_wrapper_fifo_w45_d2_S)' using Shift Registers.
INFO: [RTMG 210-285] Implementing FIFO 'memory_in_local_789_U(top_wrapper_fifo_w45_d2_S)' using Shift Registers.
INFO: [RTMG 210-285] Implementing FIFO 'memory_in_local_790_U(top_wrapper_fifo_w45_d2_S)' using Shift Registers.
INFO: [RTMG 210-285] Implementing FIFO 'memory_in_local_791_U(top_wrapper_fifo_w45_d2_S)' using Shift Registers.
INFO: [RTMG 210-285] Implementing FIFO 'memory_in_local_792_U(top_wrapper_fifo_w45_d2_S)' using Shift Registers.
INFO: [RTMG 210-285] Implementing FIFO 'memory_in_local_793_U(top_wrapper_fifo_w45_d2_S)' using Shift Registers.
INFO: [RTMG 210-285] Implementing FIFO 'memory_in_local_794_U(top_wrapper_fifo_w45_d2_S)' using Shift Registers.
INFO: [RTMG 210-285] Implementing FIFO 'memory_in_local_795_U(top_wrapper_fifo_w45_d2_S)' using Shift Registers.
INFO: [RTMG 210-285] Implementing FIFO 'memory_in_local_796_U(top_wrapper_fifo_w45_d2_S)' using Shift Registers.
INFO: [RTMG 210-285] Implementing FIFO 'memory_in_local_797_U(top_wrapper_fifo_w45_d2_S)' using Shift Registers.
INFO: [RTMG 210-285] Implementing FIFO 'memory_in_local_798_U(top_wrapper_fifo_w45_d2_S)' using Shift Registers.
INFO: [RTMG 210-285] Implementing FIFO 'memory_in_local_799_U(top_wrapper_fifo_w45_d2_S)' using Shift Registers.
INFO: [RTMG 210-285] Implementing FIFO 'memory_in_local_800_U(top_wrapper_fifo_w45_d2_S)' using Shift Registers.
INFO: [RTMG 210-285] Implementing FIFO 'memory_in_local_801_U(top_wrapper_fifo_w45_d2_S)' using Shift Registers.
INFO: [RTMG 210-285] Implementing FIFO 'memory_in_local_802_U(top_wrapper_fifo_w45_d2_S)' using Shift Registers.
INFO: [RTMG 210-285] Implementing FIFO 'memory_in_local_803_U(top_wrapper_fifo_w45_d2_S)' using Shift Registers.
INFO: [RTMG 210-285] Implementing FIFO 'memory_in_local_804_U(top_wrapper_fifo_w45_d2_S)' using Shift Registers.
INFO: [RTMG 210-285] Implementing FIFO 'memory_in_local_805_U(top_wrapper_fifo_w45_d2_S)' using Shift Registers.
INFO: [RTMG 210-285] Implementing FIFO 'memory_in_local_806_U(top_wrapper_fifo_w45_d2_S)' using Shift Registers.
INFO: [RTMG 210-285] Implementing FIFO 'memory_in_local_807_U(top_wrapper_fifo_w45_d2_S)' using Shift Registers.
INFO: [RTMG 210-285] Implementing FIFO 'memory_in_local_808_U(top_wrapper_fifo_w45_d2_S)' using Shift Registers.
INFO: [RTMG 210-285] Implementing FIFO 'memory_in_local_809_U(top_wrapper_fifo_w45_d2_S)' using Shift Registers.
INFO: [RTMG 210-285] Implementing FIFO 'memory_in_local_810_U(top_wrapper_fifo_w45_d2_S)' using Shift Registers.
INFO: [RTMG 210-285] Implementing FIFO 'memory_in_local_811_U(top_wrapper_fifo_w45_d2_S)' using Shift Registers.
INFO: [RTMG 210-285] Implementing FIFO 'memory_in_local_812_U(top_wrapper_fifo_w45_d2_S)' using Shift Registers.
INFO: [RTMG 210-285] Implementing FIFO 'memory_in_local_813_U(top_wrapper_fifo_w45_d2_S)' using Shift Registers.
INFO: [RTMG 210-285] Implementing FIFO 'memory_in_local_814_U(top_wrapper_fifo_w45_d2_S)' using Shift Registers.
INFO: [RTMG 210-285] Implementing FIFO 'memory_in_local_815_U(top_wrapper_fifo_w45_d2_S)' using Shift Registers.
INFO: [RTMG 210-285] Implementing FIFO 'memory_in_local_816_U(top_wrapper_fifo_w45_d2_S)' using Shift Registers.
INFO: [RTMG 210-285] Implementing FIFO 'memory_in_local_817_U(top_wrapper_fifo_w45_d2_S)' using Shift Registers.
INFO: [RTMG 210-285] Implementing FIFO 'memory_in_local_818_U(top_wrapper_fifo_w45_d2_S)' using Shift Registers.
INFO: [RTMG 210-285] Implementing FIFO 'memory_in_local_819_U(top_wrapper_fifo_w45_d2_S)' using Shift Registers.
INFO: [RTMG 210-285] Implementing FIFO 'memory_in_local_820_U(top_wrapper_fifo_w45_d2_S)' using Shift Registers.
INFO: [RTMG 210-285] Implementing FIFO 'memory_in_local_821_U(top_wrapper_fifo_w45_d2_S)' using Shift Registers.
INFO: [RTMG 210-285] Implementing FIFO 'memory_in_local_822_U(top_wrapper_fifo_w45_d2_S)' using Shift Registers.
INFO: [RTMG 210-285] Implementing FIFO 'memory_in_local_823_U(top_wrapper_fifo_w45_d2_S)' using Shift Registers.
INFO: [RTMG 210-285] Implementing FIFO 'memory_in_local_824_U(top_wrapper_fifo_w45_d2_S)' using Shift Registers.
INFO: [RTMG 210-285] Implementing FIFO 'memory_in_local_825_U(top_wrapper_fifo_w45_d2_S)' using Shift Registers.
INFO: [RTMG 210-285] Implementing FIFO 'memory_in_local_826_U(top_wrapper_fifo_w45_d2_S)' using Shift Registers.
INFO: [RTMG 210-285] Implementing FIFO 'memory_in_local_827_U(top_wrapper_fifo_w45_d2_S)' using Shift Registers.
INFO: [RTMG 210-285] Implementing FIFO 'memory_in_local_828_U(top_wrapper_fifo_w45_d2_S)' using Shift Registers.
INFO: [RTMG 210-285] Implementing FIFO 'memory_in_local_829_U(top_wrapper_fifo_w45_d2_S)' using Shift Registers.
INFO: [RTMG 210-285] Implementing FIFO 'memory_in_local_830_U(top_wrapper_fifo_w45_d2_S)' using Shift Registers.
INFO: [RTMG 210-285] Implementing FIFO 'memory_in_local_831_U(top_wrapper_fifo_w45_d2_S)' using Shift Registers.
INFO: [RTMG 210-285] Implementing FIFO 'memory_in_local_832_U(top_wrapper_fifo_w45_d2_S)' using Shift Registers.
INFO: [RTMG 210-285] Implementing FIFO 'memory_in_local_833_U(top_wrapper_fifo_w45_d2_S)' using Shift Registers.
INFO: [RTMG 210-285] Implementing FIFO 'memory_in_local_834_U(top_wrapper_fifo_w45_d2_S)' using Shift Registers.
INFO: [RTMG 210-285] Implementing FIFO 'memory_in_local_835_U(top_wrapper_fifo_w45_d2_S)' using Shift Registers.
INFO: [RTMG 210-285] Implementing FIFO 'memory_in_local_836_U(top_wrapper_fifo_w45_d2_S)' using Shift Registers.
INFO: [RTMG 210-285] Implementing FIFO 'memory_in_local_837_U(top_wrapper_fifo_w45_d2_S)' using Shift Registers.
INFO: [RTMG 210-285] Implementing FIFO 'memory_in_local_838_U(top_wrapper_fifo_w45_d2_S)' using Shift Registers.
INFO: [RTMG 210-285] Implementing FIFO 'memory_in_local_839_U(top_wrapper_fifo_w45_d2_S)' using Shift Registers.
INFO: [RTMG 210-285] Implementing FIFO 'memory_in_local_840_U(top_wrapper_fifo_w45_d2_S)' using Shift Registers.
INFO: [RTMG 210-285] Implementing FIFO 'memory_in_local_841_U(top_wrapper_fifo_w45_d2_S)' using Shift Registers.
INFO: [RTMG 210-285] Implementing FIFO 'memory_in_local_842_U(top_wrapper_fifo_w45_d2_S)' using Shift Registers.
INFO: [RTMG 210-285] Implementing FIFO 'memory_in_local_843_U(top_wrapper_fifo_w45_d2_S)' using Shift Registers.
INFO: [RTMG 210-285] Implementing FIFO 'memory_in_local_844_U(top_wrapper_fifo_w45_d2_S)' using Shift Registers.
INFO: [RTMG 210-285] Implementing FIFO 'memory_in_local_845_U(top_wrapper_fifo_w45_d2_S)' using Shift Registers.
INFO: [RTMG 210-285] Implementing FIFO 'memory_in_local_846_U(top_wrapper_fifo_w45_d2_S)' using Shift Registers.
INFO: [RTMG 210-285] Implementing FIFO 'memory_in_local_847_U(top_wrapper_fifo_w45_d2_S)' using Shift Registers.
INFO: [RTMG 210-285] Implementing FIFO 'memory_in_local_848_U(top_wrapper_fifo_w45_d2_S)' using Shift Registers.
INFO: [RTMG 210-285] Implementing FIFO 'memory_in_local_849_U(top_wrapper_fifo_w45_d2_S)' using Shift Registers.
INFO: [RTMG 210-285] Implementing FIFO 'memory_in_local_850_U(top_wrapper_fifo_w45_d2_S)' using Shift Registers.
INFO: [RTMG 210-285] Implementing FIFO 'memory_in_local_851_U(top_wrapper_fifo_w45_d2_S)' using Shift Registers.
INFO: [RTMG 210-285] Implementing FIFO 'memory_in_local_852_U(top_wrapper_fifo_w45_d2_S)' using Shift Registers.
INFO: [RTMG 210-285] Implementing FIFO 'memory_in_local_853_U(top_wrapper_fifo_w45_d2_S)' using Shift Registers.
INFO: [RTMG 210-285] Implementing FIFO 'memory_in_local_854_U(top_wrapper_fifo_w45_d2_S)' using Shift Registers.
INFO: [RTMG 210-285] Implementing FIFO 'memory_in_local_855_U(top_wrapper_fifo_w45_d2_S)' using Shift Registers.
INFO: [RTMG 210-285] Implementing FIFO 'memory_in_local_856_U(top_wrapper_fifo_w45_d2_S)' using Shift Registers.
INFO: [RTMG 210-285] Implementing FIFO 'memory_in_local_857_U(top_wrapper_fifo_w45_d2_S)' using Shift Registers.
INFO: [RTMG 210-285] Implementing FIFO 'memory_in_local_858_U(top_wrapper_fifo_w45_d2_S)' using Shift Registers.
INFO: [RTMG 210-285] Implementing FIFO 'memory_in_local_859_U(top_wrapper_fifo_w45_d2_S)' using Shift Registers.
INFO: [RTMG 210-285] Implementing FIFO 'memory_in_local_860_U(top_wrapper_fifo_w45_d2_S)' using Shift Registers.
INFO: [RTMG 210-285] Implementing FIFO 'memory_in_local_861_U(top_wrapper_fifo_w45_d2_S)' using Shift Registers.
INFO: [RTMG 210-285] Implementing FIFO 'memory_in_local_862_U(top_wrapper_fifo_w45_d2_S)' using Shift Registers.
INFO: [RTMG 210-285] Implementing FIFO 'memory_in_local_863_U(top_wrapper_fifo_w45_d2_S)' using Shift Registers.
INFO: [RTMG 210-285] Implementing FIFO 'memory_in_local_864_U(top_wrapper_fifo_w45_d2_S)' using Shift Registers.
INFO: [RTMG 210-285] Implementing FIFO 'memory_in_local_865_U(top_wrapper_fifo_w45_d2_S)' using Shift Registers.
INFO: [RTMG 210-285] Implementing FIFO 'memory_in_local_866_U(top_wrapper_fifo_w45_d2_S)' using Shift Registers.
INFO: [RTMG 210-285] Implementing FIFO 'memory_in_local_867_U(top_wrapper_fifo_w45_d2_S)' using Shift Registers.
INFO: [RTMG 210-285] Implementing FIFO 'memory_in_local_868_U(top_wrapper_fifo_w45_d2_S)' using Shift Registers.
INFO: [RTMG 210-285] Implementing FIFO 'memory_in_local_869_U(top_wrapper_fifo_w45_d2_S)' using Shift Registers.
INFO: [RTMG 210-285] Implementing FIFO 'memory_in_local_870_U(top_wrapper_fifo_w45_d2_S)' using Shift Registers.
INFO: [RTMG 210-285] Implementing FIFO 'memory_in_local_871_U(top_wrapper_fifo_w45_d2_S)' using Shift Registers.
INFO: [RTMG 210-285] Implementing FIFO 'memory_in_local_872_U(top_wrapper_fifo_w45_d2_S)' using Shift Registers.
INFO: [RTMG 210-285] Implementing FIFO 'memory_in_local_873_U(top_wrapper_fifo_w45_d2_S)' using Shift Registers.
INFO: [RTMG 210-285] Implementing FIFO 'memory_in_local_874_U(top_wrapper_fifo_w45_d2_S)' using Shift Registers.
INFO: [RTMG 210-285] Implementing FIFO 'memory_in_local_875_U(top_wrapper_fifo_w45_d2_S)' using Shift Registers.
INFO: [RTMG 210-285] Implementing FIFO 'memory_in_local_876_U(top_wrapper_fifo_w45_d2_S)' using Shift Registers.
INFO: [RTMG 210-285] Implementing FIFO 'memory_in_local_877_U(top_wrapper_fifo_w45_d2_S)' using Shift Registers.
INFO: [RTMG 210-285] Implementing FIFO 'memory_in_local_878_U(top_wrapper_fifo_w45_d2_S)' using Shift Registers.
INFO: [RTMG 210-285] Implementing FIFO 'memory_in_local_879_U(top_wrapper_fifo_w45_d2_S)' using Shift Registers.
INFO: [RTMG 210-285] Implementing FIFO 'memory_in_local_880_U(top_wrapper_fifo_w45_d2_S)' using Shift Registers.
INFO: [RTMG 210-285] Implementing FIFO 'memory_in_local_881_U(top_wrapper_fifo_w45_d2_S)' using Shift Registers.
INFO: [RTMG 210-285] Implementing FIFO 'memory_in_local_882_U(top_wrapper_fifo_w45_d2_S)' using Shift Registers.
INFO: [RTMG 210-285] Implementing FIFO 'memory_in_local_883_U(top_wrapper_fifo_w45_d2_S)' using Shift Registers.
INFO: [RTMG 210-285] Implementing FIFO 'memory_in_local_884_U(top_wrapper_fifo_w45_d2_S)' using Shift Registers.
INFO: [RTMG 210-285] Implementing FIFO 'memory_in_local_885_U(top_wrapper_fifo_w45_d2_S)' using Shift Registers.
INFO: [RTMG 210-285] Implementing FIFO 'memory_in_local_886_U(top_wrapper_fifo_w45_d2_S)' using Shift Registers.
INFO: [RTMG 210-285] Implementing FIFO 'memory_in_local_887_U(top_wrapper_fifo_w45_d2_S)' using Shift Registers.
INFO: [RTMG 210-285] Implementing FIFO 'memory_in_local_888_U(top_wrapper_fifo_w45_d2_S)' using Shift Registers.
INFO: [RTMG 210-285] Implementing FIFO 'memory_in_local_889_U(top_wrapper_fifo_w45_d2_S)' using Shift Registers.
INFO: [RTMG 210-285] Implementing FIFO 'memory_in_local_890_U(top_wrapper_fifo_w45_d2_S)' using Shift Registers.
INFO: [RTMG 210-285] Implementing FIFO 'memory_in_local_891_U(top_wrapper_fifo_w45_d2_S)' using Shift Registers.
INFO: [RTMG 210-285] Implementing FIFO 'memory_in_local_892_U(top_wrapper_fifo_w45_d2_S)' using Shift Registers.
INFO: [RTMG 210-285] Implementing FIFO 'memory_in_local_893_U(top_wrapper_fifo_w45_d2_S)' using Shift Registers.
INFO: [RTMG 210-285] Implementing FIFO 'memory_in_local_894_U(top_wrapper_fifo_w45_d2_S)' using Shift Registers.
INFO: [RTMG 210-285] Implementing FIFO 'memory_in_local_895_U(top_wrapper_fifo_w45_d2_S)' using Shift Registers.
INFO: [RTMG 210-285] Implementing FIFO 'memory_in_local_896_U(top_wrapper_fifo_w45_d2_S)' using Shift Registers.
INFO: [RTMG 210-285] Implementing FIFO 'memory_in_local_897_U(top_wrapper_fifo_w45_d2_S)' using Shift Registers.
INFO: [RTMG 210-285] Implementing FIFO 'memory_in_local898_U(top_wrapper_fifo_w45_d2_S)' using Shift Registers.
INFO: [RTMG 210-285] Implementing FIFO 'out_mem_U(top_wrapper_fifo_w32_d2_S)' using Shift Registers.
INFO: [RTMG 210-285] Implementing FIFO 'out_mem_1_U(top_wrapper_fifo_w32_d2_S)' using Shift Registers.
INFO: [RTMG 210-285] Implementing FIFO 'out_mem_2_U(top_wrapper_fifo_w32_d2_S)' using Shift Registers.
INFO: [RTMG 210-285] Implementing FIFO 'out_mem_3_U(top_wrapper_fifo_w32_d2_S)' using Shift Registers.
INFO: [RTMG 210-285] Implementing FIFO 'out_mem_4_U(top_wrapper_fifo_w32_d2_S)' using Shift Registers.
INFO: [RTMG 210-285] Implementing FIFO 'out_mem_5_U(top_wrapper_fifo_w32_d2_S)' using Shift Registers.
INFO: [RTMG 210-285] Implementing FIFO 'out_mem_6_U(top_wrapper_fifo_w32_d2_S)' using Shift Registers.
INFO: [RTMG 210-285] Implementing FIFO 'out_mem_7_U(top_wrapper_fifo_w32_d2_S)' using Shift Registers.
INFO: [RTMG 210-285] Implementing FIFO 'out_mem_8_U(top_wrapper_fifo_w32_d2_S)' using Shift Registers.
INFO: [RTMG 210-285] Implementing FIFO 'out_mem_9_U(top_wrapper_fifo_w32_d2_S)' using Shift Registers.
INFO: [RTMG 210-285] Implementing FIFO 'out_mem_10_U(top_wrapper_fifo_w32_d2_S)' using Shift Registers.
INFO: [RTMG 210-285] Implementing FIFO 'out_mem_11_U(top_wrapper_fifo_w32_d2_S)' using Shift Registers.
INFO: [RTMG 210-285] Implementing FIFO 'out_mem_12_U(top_wrapper_fifo_w32_d2_S)' using Shift Registers.
INFO: [RTMG 210-285] Implementing FIFO 'out_mem_13_U(top_wrapper_fifo_w32_d2_S)' using Shift Registers.
INFO: [RTMG 210-285] Implementing FIFO 'out_mem_14_U(top_wrapper_fifo_w32_d2_S)' using Shift Registers.
INFO: [RTMG 210-285] Implementing FIFO 'out_mem_15_U(top_wrapper_fifo_w32_d2_S)' using Shift Registers.
INFO: [RTMG 210-285] Implementing FIFO 'out_mem_16_U(top_wrapper_fifo_w32_d2_S)' using Shift Registers.
INFO: [RTMG 210-285] Implementing FIFO 'out_mem_17_U(top_wrapper_fifo_w32_d2_S)' using Shift Registers.
INFO: [RTMG 210-285] Implementing FIFO 'out_mem_18_U(top_wrapper_fifo_w32_d2_S)' using Shift Registers.
INFO: [RTMG 210-285] Implementing FIFO 'out_mem_19_U(top_wrapper_fifo_w32_d2_S)' using Shift Registers.
INFO: [RTMG 210-285] Implementing FIFO 'out_mem_20_U(top_wrapper_fifo_w32_d2_S)' using Shift Registers.
INFO: [RTMG 210-285] Implementing FIFO 'out_mem_21_U(top_wrapper_fifo_w32_d2_S)' using Shift Registers.
INFO: [RTMG 210-285] Implementing FIFO 'out_mem_22_U(top_wrapper_fifo_w32_d2_S)' using Shift Registers.
INFO: [RTMG 210-285] Implementing FIFO 'out_mem_23_U(top_wrapper_fifo_w32_d2_S)' using Shift Registers.
INFO: [RTMG 210-285] Implementing FIFO 'out_mem_24_U(top_wrapper_fifo_w32_d2_S)' using Shift Registers.
INFO: [RTMG 210-285] Implementing FIFO 'out_mem_25_U(top_wrapper_fifo_w32_d2_S)' using Shift Registers.
INFO: [RTMG 210-285] Implementing FIFO 'out_mem_26_U(top_wrapper_fifo_w32_d2_S)' using Shift Registers.
INFO: [RTMG 210-285] Implementing FIFO 'out_mem_27_U(top_wrapper_fifo_w32_d2_S)' using Shift Registers.
INFO: [RTMG 210-285] Implementing FIFO 'out_mem_28_U(top_wrapper_fifo_w32_d2_S)' using Shift Registers.
INFO: [RTMG 210-285] Implementing FIFO 'out_mem_29_U(top_wrapper_fifo_w32_d2_S)' using Shift Registers.
INFO: [RTMG 210-285] Implementing FIFO 'out_mem_30_U(top_wrapper_fifo_w32_d2_S)' using Shift Registers.
INFO: [RTMG 210-285] Implementing FIFO 'out_mem_31_U(top_wrapper_fifo_w32_d2_S)' using Shift Registers.
INFO: [RTMG 210-285] Implementing FIFO 'out_mem_32_U(top_wrapper_fifo_w32_d2_S)' using Shift Registers.
INFO: [RTMG 210-285] Implementing FIFO 'out_mem_33_U(top_wrapper_fifo_w32_d2_S)' using Shift Registers.
INFO: [RTMG 210-285] Implementing FIFO 'out_mem_34_U(top_wrapper_fifo_w32_d2_S)' using Shift Registers.
INFO: [RTMG 210-285] Implementing FIFO 'out_mem_35_U(top_wrapper_fifo_w32_d2_S)' using Shift Registers.
INFO: [RTMG 210-285] Implementing FIFO 'out_mem_36_U(top_wrapper_fifo_w32_d2_S)' using Shift Registers.
INFO: [RTMG 210-285] Implementing FIFO 'out_mem_37_U(top_wrapper_fifo_w32_d2_S)' using Shift Registers.
INFO: [RTMG 210-285] Implementing FIFO 'out_mem_38_U(top_wrapper_fifo_w32_d2_S)' using Shift Registers.
INFO: [RTMG 210-285] Implementing FIFO 'out_mem_39_U(top_wrapper_fifo_w32_d2_S)' using Shift Registers.
INFO: [RTMG 210-285] Implementing FIFO 'out_mem_40_U(top_wrapper_fifo_w32_d2_S)' using Shift Registers.
INFO: [RTMG 210-285] Implementing FIFO 'out_mem_41_U(top_wrapper_fifo_w32_d2_S)' using Shift Registers.
INFO: [RTMG 210-285] Implementing FIFO 'out_mem_42_U(top_wrapper_fifo_w32_d2_S)' using Shift Registers.
INFO: [RTMG 210-285] Implementing FIFO 'out_mem_43_U(top_wrapper_fifo_w32_d2_S)' using Shift Registers.
INFO: [RTMG 210-285] Implementing FIFO 'out_mem_44_U(top_wrapper_fifo_w32_d2_S)' using Shift Registers.
INFO: [RTMG 210-285] Implementing FIFO 'out_mem_45_U(top_wrapper_fifo_w32_d2_S)' using Shift Registers.
INFO: [RTMG 210-285] Implementing FIFO 'out_mem_46_U(top_wrapper_fifo_w32_d2_S)' using Shift Registers.
INFO: [RTMG 210-285] Implementing FIFO 'out_mem_47_U(top_wrapper_fifo_w32_d2_S)' using Shift Registers.
INFO: [RTMG 210-285] Implementing FIFO 'out_mem_48_U(top_wrapper_fifo_w32_d2_S)' using Shift Registers.
INFO: [RTMG 210-285] Implementing FIFO 'out_mem_49_U(top_wrapper_fifo_w32_d2_S)' using Shift Registers.
INFO: [RTMG 210-285] Implementing FIFO 'out_mem_50_U(top_wrapper_fifo_w32_d2_S)' using Shift Registers.
INFO: [RTMG 210-285] Implementing FIFO 'out_mem_51_U(top_wrapper_fifo_w32_d2_S)' using Shift Registers.
INFO: [RTMG 210-285] Implementing FIFO 'out_mem_52_U(top_wrapper_fifo_w32_d2_S)' using Shift Registers.
INFO: [RTMG 210-285] Implementing FIFO 'out_mem_53_U(top_wrapper_fifo_w32_d2_S)' using Shift Registers.
INFO: [RTMG 210-285] Implementing FIFO 'out_mem_54_U(top_wrapper_fifo_w32_d2_S)' using Shift Registers.
INFO: [RTMG 210-285] Implementing FIFO 'out_mem_55_U(top_wrapper_fifo_w32_d2_S)' using Shift Registers.
INFO: [RTMG 210-285] Implementing FIFO 'out_mem_56_U(top_wrapper_fifo_w32_d2_S)' using Shift Registers.
INFO: [RTMG 210-285] Implementing FIFO 'out_mem_57_U(top_wrapper_fifo_w32_d2_S)' using Shift Registers.
INFO: [RTMG 210-285] Implementing FIFO 'out_mem_58_U(top_wrapper_fifo_w32_d2_S)' using Shift Registers.
INFO: [RTMG 210-285] Implementing FIFO 'out_mem_59_U(top_wrapper_fifo_w32_d2_S)' using Shift Registers.
INFO: [RTMG 210-285] Implementing FIFO 'out_mem_60_U(top_wrapper_fifo_w32_d2_S)' using Shift Registers.
INFO: [RTMG 210-285] Implementing FIFO 'out_mem_61_U(top_wrapper_fifo_w32_d2_S)' using Shift Registers.
INFO: [RTMG 210-285] Implementing FIFO 'out_mem_62_U(top_wrapper_fifo_w32_d2_S)' using Shift Registers.
INFO: [RTMG 210-285] Implementing FIFO 'out_mem_63_U(top_wrapper_fifo_w32_d2_S)' using Shift Registers.
INFO: [RTMG 210-285] Implementing FIFO 'out_mem_64_U(top_wrapper_fifo_w32_d2_S)' using Shift Registers.
INFO: [RTMG 210-285] Implementing FIFO 'out_mem_65_U(top_wrapper_fifo_w32_d2_S)' using Shift Registers.
INFO: [RTMG 210-285] Implementing FIFO 'out_mem_66_U(top_wrapper_fifo_w32_d2_S)' using Shift Registers.
INFO: [RTMG 210-285] Implementing FIFO 'out_mem_67_U(top_wrapper_fifo_w32_d2_S)' using Shift Registers.
INFO: [RTMG 210-285] Implementing FIFO 'out_mem_68_U(top_wrapper_fifo_w32_d2_S)' using Shift Registers.
INFO: [RTMG 210-285] Implementing FIFO 'out_mem_69_U(top_wrapper_fifo_w32_d2_S)' using Shift Registers.
INFO: [RTMG 210-285] Implementing FIFO 'out_mem_70_U(top_wrapper_fifo_w32_d2_S)' using Shift Registers.
INFO: [RTMG 210-285] Implementing FIFO 'out_mem_71_U(top_wrapper_fifo_w32_d2_S)' using Shift Registers.
INFO: [RTMG 210-285] Implementing FIFO 'out_mem_72_U(top_wrapper_fifo_w32_d2_S)' using Shift Registers.
INFO: [RTMG 210-285] Implementing FIFO 'out_mem_73_U(top_wrapper_fifo_w32_d2_S)' using Shift Registers.
INFO: [RTMG 210-285] Implementing FIFO 'out_mem_74_U(top_wrapper_fifo_w32_d2_S)' using Shift Registers.
INFO: [RTMG 210-285] Implementing FIFO 'out_mem_75_U(top_wrapper_fifo_w32_d2_S)' using Shift Registers.
INFO: [RTMG 210-285] Implementing FIFO 'out_mem_76_U(top_wrapper_fifo_w32_d2_S)' using Shift Registers.
INFO: [RTMG 210-285] Implementing FIFO 'out_mem_77_U(top_wrapper_fifo_w32_d2_S)' using Shift Registers.
INFO: [RTMG 210-285] Implementing FIFO 'out_mem_78_U(top_wrapper_fifo_w32_d2_S)' using Shift Registers.
INFO: [RTMG 210-285] Implementing FIFO 'out_mem_79_U(top_wrapper_fifo_w32_d2_S)' using Shift Registers.
INFO: [RTMG 210-285] Implementing FIFO 'out_mem_80_U(top_wrapper_fifo_w32_d2_S)' using Shift Registers.
INFO: [RTMG 210-285] Implementing FIFO 'out_mem_81_U(top_wrapper_fifo_w32_d2_S)' using Shift Registers.
INFO: [RTMG 210-285] Implementing FIFO 'out_mem_82_U(top_wrapper_fifo_w32_d2_S)' using Shift Registers.
INFO: [RTMG 210-285] Implementing FIFO 'out_mem_83_U(top_wrapper_fifo_w32_d2_S)' using Shift Registers.
INFO: [RTMG 210-285] Implementing FIFO 'out_mem_84_U(top_wrapper_fifo_w32_d2_S)' using Shift Registers.
INFO: [RTMG 210-285] Implementing FIFO 'out_mem_85_U(top_wrapper_fifo_w32_d2_S)' using Shift Registers.
INFO: [RTMG 210-285] Implementing FIFO 'out_mem_86_U(top_wrapper_fifo_w32_d2_S)' using Shift Registers.
INFO: [RTMG 210-285] Implementing FIFO 'out_mem_87_U(top_wrapper_fifo_w32_d2_S)' using Shift Registers.
INFO: [RTMG 210-285] Implementing FIFO 'out_mem_88_U(top_wrapper_fifo_w32_d2_S)' using Shift Registers.
INFO: [RTMG 210-285] Implementing FIFO 'out_mem_89_U(top_wrapper_fifo_w32_d2_S)' using Shift Registers.
INFO: [RTMG 210-285] Implementing FIFO 'out_mem_90_U(top_wrapper_fifo_w32_d2_S)' using Shift Registers.
INFO: [RTMG 210-285] Implementing FIFO 'out_mem_91_U(top_wrapper_fifo_w32_d2_S)' using Shift Registers.
INFO: [RTMG 210-285] Implementing FIFO 'out_mem_92_U(top_wrapper_fifo_w32_d2_S)' using Shift Registers.
INFO: [RTMG 210-285] Implementing FIFO 'out_mem_93_U(top_wrapper_fifo_w32_d2_S)' using Shift Registers.
INFO: [RTMG 210-285] Implementing FIFO 'out_mem_94_U(top_wrapper_fifo_w32_d2_S)' using Shift Registers.
INFO: [RTMG 210-285] Implementing FIFO 'out_mem_95_U(top_wrapper_fifo_w32_d2_S)' using Shift Registers.
INFO: [RTMG 210-285] Implementing FIFO 'out_mem_96_U(top_wrapper_fifo_w32_d2_S)' using Shift Registers.
INFO: [RTMG 210-285] Implementing FIFO 'out_mem_97_U(top_wrapper_fifo_w32_d2_S)' using Shift Registers.
INFO: [RTMG 210-285] Implementing FIFO 'out_mem_98_U(top_wrapper_fifo_w32_d2_S)' using Shift Registers.
INFO: [RTMG 210-285] Implementing FIFO 'out_mem_99_U(top_wrapper_fifo_w32_d2_S)' using Shift Registers.
INFO: [RTMG 210-285] Implementing FIFO 'out_mem_100_U(top_wrapper_fifo_w32_d2_S)' using Shift Registers.
INFO: [RTMG 210-285] Implementing FIFO 'out_mem_101_U(top_wrapper_fifo_w32_d2_S)' using Shift Registers.
INFO: [RTMG 210-285] Implementing FIFO 'out_mem_102_U(top_wrapper_fifo_w32_d2_S)' using Shift Registers.
INFO: [RTMG 210-285] Implementing FIFO 'out_mem_103_U(top_wrapper_fifo_w32_d2_S)' using Shift Registers.
INFO: [RTMG 210-285] Implementing FIFO 'out_mem_104_U(top_wrapper_fifo_w32_d2_S)' using Shift Registers.
INFO: [RTMG 210-285] Implementing FIFO 'out_mem_105_U(top_wrapper_fifo_w32_d2_S)' using Shift Registers.
INFO: [RTMG 210-285] Implementing FIFO 'out_mem_106_U(top_wrapper_fifo_w32_d2_S)' using Shift Registers.
INFO: [RTMG 210-285] Implementing FIFO 'out_mem_107_U(top_wrapper_fifo_w32_d2_S)' using Shift Registers.
INFO: [RTMG 210-285] Implementing FIFO 'out_mem_108_U(top_wrapper_fifo_w32_d2_S)' using Shift Registers.
INFO: [RTMG 210-285] Implementing FIFO 'out_mem_109_U(top_wrapper_fifo_w32_d2_S)' using Shift Registers.
INFO: [RTMG 210-285] Implementing FIFO 'out_mem_110_U(top_wrapper_fifo_w32_d2_S)' using Shift Registers.
INFO: [RTMG 210-285] Implementing FIFO 'out_mem_111_U(top_wrapper_fifo_w32_d2_S)' using Shift Registers.
INFO: [RTMG 210-285] Implementing FIFO 'out_mem_112_U(top_wrapper_fifo_w32_d2_S)' using Shift Registers.
INFO: [RTMG 210-285] Implementing FIFO 'out_mem_113_U(top_wrapper_fifo_w32_d2_S)' using Shift Registers.
INFO: [RTMG 210-285] Implementing FIFO 'out_mem_114_U(top_wrapper_fifo_w32_d2_S)' using Shift Registers.
INFO: [RTMG 210-285] Implementing FIFO 'out_mem_115_U(top_wrapper_fifo_w32_d2_S)' using Shift Registers.
INFO: [RTMG 210-285] Implementing FIFO 'out_mem_116_U(top_wrapper_fifo_w32_d2_S)' using Shift Registers.
INFO: [RTMG 210-285] Implementing FIFO 'out_mem_117_U(top_wrapper_fifo_w32_d2_S)' using Shift Registers.
INFO: [RTMG 210-285] Implementing FIFO 'out_mem_118_U(top_wrapper_fifo_w32_d2_S)' using Shift Registers.
INFO: [RTMG 210-285] Implementing FIFO 'out_mem_119_U(top_wrapper_fifo_w32_d2_S)' using Shift Registers.
INFO: [RTMG 210-285] Implementing FIFO 'out_mem_120_U(top_wrapper_fifo_w32_d2_S)' using Shift Registers.
INFO: [RTMG 210-285] Implementing FIFO 'out_mem_121_U(top_wrapper_fifo_w32_d2_S)' using Shift Registers.
INFO: [RTMG 210-285] Implementing FIFO 'out_mem_122_U(top_wrapper_fifo_w32_d2_S)' using Shift Registers.
INFO: [RTMG 210-285] Implementing FIFO 'out_mem_123_U(top_wrapper_fifo_w32_d2_S)' using Shift Registers.
INFO: [RTMG 210-285] Implementing FIFO 'out_mem_124_U(top_wrapper_fifo_w32_d2_S)' using Shift Registers.
INFO: [RTMG 210-285] Implementing FIFO 'out_mem_125_U(top_wrapper_fifo_w32_d2_S)' using Shift Registers.
INFO: [RTMG 210-285] Implementing FIFO 'out_mem_126_U(top_wrapper_fifo_w32_d2_S)' using Shift Registers.
INFO: [RTMG 210-285] Implementing FIFO 'out_mem_127_U(top_wrapper_fifo_w32_d2_S)' using Shift Registers.
INFO: [RTMG 210-285] Implementing FIFO 'out_mem_128_U(top_wrapper_fifo_w32_d2_S)' using Shift Registers.
INFO: [RTMG 210-285] Implementing FIFO 'out_mem_129_U(top_wrapper_fifo_w32_d2_S)' using Shift Registers.
INFO: [RTMG 210-285] Implementing FIFO 'out_mem_130_U(top_wrapper_fifo_w32_d2_S)' using Shift Registers.
INFO: [RTMG 210-285] Implementing FIFO 'out_mem_131_U(top_wrapper_fifo_w32_d2_S)' using Shift Registers.
INFO: [RTMG 210-285] Implementing FIFO 'out_mem_132_U(top_wrapper_fifo_w32_d2_S)' using Shift Registers.
INFO: [RTMG 210-285] Implementing FIFO 'out_mem_133_U(top_wrapper_fifo_w32_d2_S)' using Shift Registers.
INFO: [RTMG 210-285] Implementing FIFO 'out_mem_134_U(top_wrapper_fifo_w32_d2_S)' using Shift Registers.
INFO: [RTMG 210-285] Implementing FIFO 'out_mem_135_U(top_wrapper_fifo_w32_d2_S)' using Shift Registers.
INFO: [RTMG 210-285] Implementing FIFO 'out_mem_136_U(top_wrapper_fifo_w32_d2_S)' using Shift Registers.
INFO: [RTMG 210-285] Implementing FIFO 'out_mem_137_U(top_wrapper_fifo_w32_d2_S)' using Shift Registers.
INFO: [RTMG 210-285] Implementing FIFO 'out_mem_138_U(top_wrapper_fifo_w32_d2_S)' using Shift Registers.
INFO: [RTMG 210-285] Implementing FIFO 'out_mem_139_U(top_wrapper_fifo_w32_d2_S)' using Shift Registers.
INFO: [RTMG 210-285] Implementing FIFO 'out_mem_140_U(top_wrapper_fifo_w32_d2_S)' using Shift Registers.
INFO: [RTMG 210-285] Implementing FIFO 'out_mem_141_U(top_wrapper_fifo_w32_d2_S)' using Shift Registers.
INFO: [RTMG 210-285] Implementing FIFO 'out_mem_142_U(top_wrapper_fifo_w32_d2_S)' using Shift Registers.
INFO: [RTMG 210-285] Implementing FIFO 'out_mem_143_U(top_wrapper_fifo_w32_d2_S)' using Shift Registers.
INFO: [RTMG 210-285] Implementing FIFO 'out_mem_144_U(top_wrapper_fifo_w32_d2_S)' using Shift Registers.
INFO: [RTMG 210-285] Implementing FIFO 'out_mem_145_U(top_wrapper_fifo_w32_d2_S)' using Shift Registers.
INFO: [RTMG 210-285] Implementing FIFO 'out_mem_146_U(top_wrapper_fifo_w32_d2_S)' using Shift Registers.
INFO: [RTMG 210-285] Implementing FIFO 'out_mem_147_U(top_wrapper_fifo_w32_d2_S)' using Shift Registers.
INFO: [RTMG 210-285] Implementing FIFO 'out_mem_148_U(top_wrapper_fifo_w32_d2_S)' using Shift Registers.
INFO: [RTMG 210-285] Implementing FIFO 'out_mem_149_U(top_wrapper_fifo_w32_d2_S)' using Shift Registers.
INFO: [RTMG 210-285] Implementing FIFO 'out_mem_150_U(top_wrapper_fifo_w32_d2_S)' using Shift Registers.
INFO: [RTMG 210-285] Implementing FIFO 'out_mem_151_U(top_wrapper_fifo_w32_d2_S)' using Shift Registers.
INFO: [RTMG 210-285] Implementing FIFO 'out_mem_152_U(top_wrapper_fifo_w32_d2_S)' using Shift Registers.
INFO: [RTMG 210-285] Implementing FIFO 'out_mem_153_U(top_wrapper_fifo_w32_d2_S)' using Shift Registers.
INFO: [RTMG 210-285] Implementing FIFO 'out_mem_154_U(top_wrapper_fifo_w32_d2_S)' using Shift Registers.
INFO: [RTMG 210-285] Implementing FIFO 'out_mem_155_U(top_wrapper_fifo_w32_d2_S)' using Shift Registers.
INFO: [RTMG 210-285] Implementing FIFO 'out_mem_156_U(top_wrapper_fifo_w32_d2_S)' using Shift Registers.
INFO: [RTMG 210-285] Implementing FIFO 'out_mem_157_U(top_wrapper_fifo_w32_d2_S)' using Shift Registers.
INFO: [RTMG 210-285] Implementing FIFO 'out_mem_158_U(top_wrapper_fifo_w32_d2_S)' using Shift Registers.
INFO: [RTMG 210-285] Implementing FIFO 'out_mem_159_U(top_wrapper_fifo_w32_d2_S)' using Shift Registers.
INFO: [RTMG 210-285] Implementing FIFO 'out_mem_160_U(top_wrapper_fifo_w32_d2_S)' using Shift Registers.
INFO: [RTMG 210-285] Implementing FIFO 'out_mem_161_U(top_wrapper_fifo_w32_d2_S)' using Shift Registers.
INFO: [RTMG 210-285] Implementing FIFO 'out_mem_162_U(top_wrapper_fifo_w32_d2_S)' using Shift Registers.
INFO: [RTMG 210-285] Implementing FIFO 'out_mem_163_U(top_wrapper_fifo_w32_d2_S)' using Shift Registers.
INFO: [RTMG 210-285] Implementing FIFO 'out_mem_164_U(top_wrapper_fifo_w32_d2_S)' using Shift Registers.
INFO: [RTMG 210-285] Implementing FIFO 'out_mem_165_U(top_wrapper_fifo_w32_d2_S)' using Shift Registers.
INFO: [RTMG 210-285] Implementing FIFO 'out_mem_166_U(top_wrapper_fifo_w32_d2_S)' using Shift Registers.
INFO: [RTMG 210-285] Implementing FIFO 'out_mem_167_U(top_wrapper_fifo_w32_d2_S)' using Shift Registers.
INFO: [RTMG 210-285] Implementing FIFO 'out_mem_168_U(top_wrapper_fifo_w32_d2_S)' using Shift Registers.
INFO: [RTMG 210-285] Implementing FIFO 'out_mem_169_U(top_wrapper_fifo_w32_d2_S)' using Shift Registers.
INFO: [RTMG 210-285] Implementing FIFO 'out_mem_170_U(top_wrapper_fifo_w32_d2_S)' using Shift Registers.
INFO: [RTMG 210-285] Implementing FIFO 'out_mem_171_U(top_wrapper_fifo_w32_d2_S)' using Shift Registers.
INFO: [RTMG 210-285] Implementing FIFO 'out_mem_172_U(top_wrapper_fifo_w32_d2_S)' using Shift Registers.
INFO: [RTMG 210-285] Implementing FIFO 'out_mem_173_U(top_wrapper_fifo_w32_d2_S)' using Shift Registers.
INFO: [RTMG 210-285] Implementing FIFO 'out_mem_174_U(top_wrapper_fifo_w32_d2_S)' using Shift Registers.
INFO: [RTMG 210-285] Implementing FIFO 'out_mem_175_U(top_wrapper_fifo_w32_d2_S)' using Shift Registers.
INFO: [RTMG 210-285] Implementing FIFO 'out_mem_176_U(top_wrapper_fifo_w32_d2_S)' using Shift Registers.
INFO: [RTMG 210-285] Implementing FIFO 'out_mem_177_U(top_wrapper_fifo_w32_d2_S)' using Shift Registers.
INFO: [RTMG 210-285] Implementing FIFO 'out_mem_178_U(top_wrapper_fifo_w32_d2_S)' using Shift Registers.
INFO: [RTMG 210-285] Implementing FIFO 'out_mem_179_U(top_wrapper_fifo_w32_d2_S)' using Shift Registers.
INFO: [RTMG 210-285] Implementing FIFO 'out_mem_180_U(top_wrapper_fifo_w32_d2_S)' using Shift Registers.
INFO: [RTMG 210-285] Implementing FIFO 'out_mem_181_U(top_wrapper_fifo_w32_d2_S)' using Shift Registers.
INFO: [RTMG 210-285] Implementing FIFO 'out_mem_182_U(top_wrapper_fifo_w32_d2_S)' using Shift Registers.
INFO: [RTMG 210-285] Implementing FIFO 'out_mem_183_U(top_wrapper_fifo_w32_d2_S)' using Shift Registers.
INFO: [RTMG 210-285] Implementing FIFO 'out_mem_184_U(top_wrapper_fifo_w32_d2_S)' using Shift Registers.
INFO: [RTMG 210-285] Implementing FIFO 'out_mem_185_U(top_wrapper_fifo_w32_d2_S)' using Shift Registers.
INFO: [RTMG 210-285] Implementing FIFO 'out_mem_186_U(top_wrapper_fifo_w32_d2_S)' using Shift Registers.
INFO: [RTMG 210-285] Implementing FIFO 'out_mem_187_U(top_wrapper_fifo_w32_d2_S)' using Shift Registers.
INFO: [RTMG 210-285] Implementing FIFO 'out_mem_188_U(top_wrapper_fifo_w32_d2_S)' using Shift Registers.
INFO: [RTMG 210-285] Implementing FIFO 'out_mem_189_U(top_wrapper_fifo_w32_d2_S)' using Shift Registers.
INFO: [RTMG 210-285] Implementing FIFO 'out_mem_190_U(top_wrapper_fifo_w32_d2_S)' using Shift Registers.
INFO: [RTMG 210-285] Implementing FIFO 'out_mem_191_U(top_wrapper_fifo_w32_d2_S)' using Shift Registers.
INFO: [RTMG 210-285] Implementing FIFO 'out_mem_192_U(top_wrapper_fifo_w32_d2_S)' using Shift Registers.
INFO: [RTMG 210-285] Implementing FIFO 'out_mem_193_U(top_wrapper_fifo_w32_d2_S)' using Shift Registers.
INFO: [RTMG 210-285] Implementing FIFO 'out_mem_194_U(top_wrapper_fifo_w32_d2_S)' using Shift Registers.
INFO: [RTMG 210-285] Implementing FIFO 'out_mem_195_U(top_wrapper_fifo_w32_d2_S)' using Shift Registers.
INFO: [RTMG 210-285] Implementing FIFO 'out_mem_196_U(top_wrapper_fifo_w32_d2_S)' using Shift Registers.
INFO: [RTMG 210-285] Implementing FIFO 'out_mem_197_U(top_wrapper_fifo_w32_d2_S)' using Shift Registers.
INFO: [RTMG 210-285] Implementing FIFO 'out_mem_198_U(top_wrapper_fifo_w32_d2_S)' using Shift Registers.
INFO: [RTMG 210-285] Implementing FIFO 'out_mem_199_U(top_wrapper_fifo_w32_d2_S)' using Shift Registers.
INFO: [RTMG 210-285] Implementing FIFO 'out_mem_200_U(top_wrapper_fifo_w32_d2_S)' using Shift Registers.
INFO: [RTMG 210-285] Implementing FIFO 'out_mem_201_U(top_wrapper_fifo_w32_d2_S)' using Shift Registers.
INFO: [RTMG 210-285] Implementing FIFO 'out_mem_202_U(top_wrapper_fifo_w32_d2_S)' using Shift Registers.
INFO: [RTMG 210-285] Implementing FIFO 'out_mem_203_U(top_wrapper_fifo_w32_d2_S)' using Shift Registers.
INFO: [RTMG 210-285] Implementing FIFO 'out_mem_204_U(top_wrapper_fifo_w32_d2_S)' using Shift Registers.
INFO: [RTMG 210-285] Implementing FIFO 'out_mem_205_U(top_wrapper_fifo_w32_d2_S)' using Shift Registers.
INFO: [RTMG 210-285] Implementing FIFO 'out_mem_206_U(top_wrapper_fifo_w32_d2_S)' using Shift Registers.
INFO: [RTMG 210-285] Implementing FIFO 'out_mem_207_U(top_wrapper_fifo_w32_d2_S)' using Shift Registers.
INFO: [RTMG 210-285] Implementing FIFO 'out_mem_208_U(top_wrapper_fifo_w32_d2_S)' using Shift Registers.
INFO: [RTMG 210-285] Implementing FIFO 'out_mem_209_U(top_wrapper_fifo_w32_d2_S)' using Shift Registers.
INFO: [RTMG 210-285] Implementing FIFO 'out_mem_210_U(top_wrapper_fifo_w32_d2_S)' using Shift Registers.
INFO: [RTMG 210-285] Implementing FIFO 'out_mem_211_U(top_wrapper_fifo_w32_d2_S)' using Shift Registers.
INFO: [RTMG 210-285] Implementing FIFO 'out_mem_212_U(top_wrapper_fifo_w32_d2_S)' using Shift Registers.
INFO: [RTMG 210-285] Implementing FIFO 'out_mem_213_U(top_wrapper_fifo_w32_d2_S)' using Shift Registers.
INFO: [RTMG 210-285] Implementing FIFO 'out_mem_214_U(top_wrapper_fifo_w32_d2_S)' using Shift Registers.
INFO: [RTMG 210-285] Implementing FIFO 'out_mem_215_U(top_wrapper_fifo_w32_d2_S)' using Shift Registers.
INFO: [RTMG 210-285] Implementing FIFO 'out_mem_216_U(top_wrapper_fifo_w32_d2_S)' using Shift Registers.
INFO: [RTMG 210-285] Implementing FIFO 'out_mem_217_U(top_wrapper_fifo_w32_d2_S)' using Shift Registers.
INFO: [RTMG 210-285] Implementing FIFO 'out_mem_218_U(top_wrapper_fifo_w32_d2_S)' using Shift Registers.
INFO: [RTMG 210-285] Implementing FIFO 'out_mem_219_U(top_wrapper_fifo_w32_d2_S)' using Shift Registers.
INFO: [RTMG 210-285] Implementing FIFO 'out_mem_220_U(top_wrapper_fifo_w32_d2_S)' using Shift Registers.
INFO: [RTMG 210-285] Implementing FIFO 'out_mem_221_U(top_wrapper_fifo_w32_d2_S)' using Shift Registers.
INFO: [RTMG 210-285] Implementing FIFO 'out_mem_222_U(top_wrapper_fifo_w32_d2_S)' using Shift Registers.
INFO: [RTMG 210-285] Implementing FIFO 'out_mem_223_U(top_wrapper_fifo_w32_d2_S)' using Shift Registers.
INFO: [RTMG 210-285] Implementing FIFO 'out_mem_224_U(top_wrapper_fifo_w32_d2_S)' using Shift Registers.
INFO: [RTMG 210-285] Implementing FIFO 'out_mem_225_U(top_wrapper_fifo_w32_d2_S)' using Shift Registers.
INFO: [RTMG 210-285] Implementing FIFO 'out_mem_226_U(top_wrapper_fifo_w32_d2_S)' using Shift Registers.
INFO: [RTMG 210-285] Implementing FIFO 'out_mem_227_U(top_wrapper_fifo_w32_d2_S)' using Shift Registers.
INFO: [RTMG 210-285] Implementing FIFO 'out_mem_228_U(top_wrapper_fifo_w32_d2_S)' using Shift Registers.
INFO: [RTMG 210-285] Implementing FIFO 'out_mem_229_U(top_wrapper_fifo_w32_d2_S)' using Shift Registers.
INFO: [RTMG 210-285] Implementing FIFO 'out_mem_230_U(top_wrapper_fifo_w32_d2_S)' using Shift Registers.
INFO: [RTMG 210-285] Implementing FIFO 'out_mem_231_U(top_wrapper_fifo_w32_d2_S)' using Shift Registers.
INFO: [RTMG 210-285] Implementing FIFO 'out_mem_232_U(top_wrapper_fifo_w32_d2_S)' using Shift Registers.
INFO: [RTMG 210-285] Implementing FIFO 'out_mem_233_U(top_wrapper_fifo_w32_d2_S)' using Shift Registers.
INFO: [RTMG 210-285] Implementing FIFO 'out_mem_234_U(top_wrapper_fifo_w32_d2_S)' using Shift Registers.
INFO: [RTMG 210-285] Implementing FIFO 'out_mem_235_U(top_wrapper_fifo_w32_d2_S)' using Shift Registers.
INFO: [RTMG 210-285] Implementing FIFO 'out_mem_236_U(top_wrapper_fifo_w32_d2_S)' using Shift Registers.
INFO: [RTMG 210-285] Implementing FIFO 'out_mem_237_U(top_wrapper_fifo_w32_d2_S)' using Shift Registers.
INFO: [RTMG 210-285] Implementing FIFO 'out_mem_238_U(top_wrapper_fifo_w32_d2_S)' using Shift Registers.
INFO: [RTMG 210-285] Implementing FIFO 'out_mem_239_U(top_wrapper_fifo_w32_d2_S)' using Shift Registers.
INFO: [RTMG 210-285] Implementing FIFO 'out_mem_240_U(top_wrapper_fifo_w32_d2_S)' using Shift Registers.
INFO: [RTMG 210-285] Implementing FIFO 'out_mem_241_U(top_wrapper_fifo_w32_d2_S)' using Shift Registers.
INFO: [RTMG 210-285] Implementing FIFO 'out_mem_242_U(top_wrapper_fifo_w32_d2_S)' using Shift Registers.
INFO: [RTMG 210-285] Implementing FIFO 'out_mem_243_U(top_wrapper_fifo_w32_d2_S)' using Shift Registers.
INFO: [RTMG 210-285] Implementing FIFO 'out_mem_244_U(top_wrapper_fifo_w32_d2_S)' using Shift Registers.
INFO: [RTMG 210-285] Implementing FIFO 'out_mem_245_U(top_wrapper_fifo_w32_d2_S)' using Shift Registers.
INFO: [RTMG 210-285] Implementing FIFO 'out_mem_246_U(top_wrapper_fifo_w32_d2_S)' using Shift Registers.
INFO: [RTMG 210-285] Implementing FIFO 'out_mem_247_U(top_wrapper_fifo_w32_d2_S)' using Shift Registers.
INFO: [RTMG 210-285] Implementing FIFO 'out_mem_248_U(top_wrapper_fifo_w32_d2_S)' using Shift Registers.
INFO: [RTMG 210-285] Implementing FIFO 'out_mem_249_U(top_wrapper_fifo_w32_d2_S)' using Shift Registers.
INFO: [RTMG 210-285] Implementing FIFO 'out_mem_250_U(top_wrapper_fifo_w32_d2_S)' using Shift Registers.
INFO: [RTMG 210-285] Implementing FIFO 'out_mem_251_U(top_wrapper_fifo_w32_d2_S)' using Shift Registers.
INFO: [RTMG 210-285] Implementing FIFO 'out_mem_252_U(top_wrapper_fifo_w32_d2_S)' using Shift Registers.
INFO: [RTMG 210-285] Implementing FIFO 'out_mem_253_U(top_wrapper_fifo_w32_d2_S)' using Shift Registers.
INFO: [RTMG 210-285] Implementing FIFO 'out_mem_254_U(top_wrapper_fifo_w32_d2_S)' using Shift Registers.
INFO: [RTMG 210-285] Implementing FIFO 'out_mem_255_U(top_wrapper_fifo_w32_d2_S)' using Shift Registers.
INFO: [RTMG 210-285] Implementing FIFO 'out_mem_256_U(top_wrapper_fifo_w32_d2_S)' using Shift Registers.
INFO: [RTMG 210-285] Implementing FIFO 'out_mem_257_U(top_wrapper_fifo_w32_d2_S)' using Shift Registers.
INFO: [RTMG 210-285] Implementing FIFO 'out_mem_258_U(top_wrapper_fifo_w32_d2_S)' using Shift Registers.
INFO: [RTMG 210-285] Implementing FIFO 'out_mem_259_U(top_wrapper_fifo_w32_d2_S)' using Shift Registers.
INFO: [RTMG 210-285] Implementing FIFO 'out_mem_260_U(top_wrapper_fifo_w32_d2_S)' using Shift Registers.
INFO: [RTMG 210-285] Implementing FIFO 'out_mem_261_U(top_wrapper_fifo_w32_d2_S)' using Shift Registers.
INFO: [RTMG 210-285] Implementing FIFO 'out_mem_262_U(top_wrapper_fifo_w32_d2_S)' using Shift Registers.
INFO: [RTMG 210-285] Implementing FIFO 'out_mem_263_U(top_wrapper_fifo_w32_d2_S)' using Shift Registers.
INFO: [RTMG 210-285] Implementing FIFO 'out_mem_264_U(top_wrapper_fifo_w32_d2_S)' using Shift Registers.
INFO: [RTMG 210-285] Implementing FIFO 'out_mem_265_U(top_wrapper_fifo_w32_d2_S)' using Shift Registers.
INFO: [RTMG 210-285] Implementing FIFO 'out_mem_266_U(top_wrapper_fifo_w32_d2_S)' using Shift Registers.
INFO: [RTMG 210-285] Implementing FIFO 'out_mem_267_U(top_wrapper_fifo_w32_d2_S)' using Shift Registers.
INFO: [RTMG 210-285] Implementing FIFO 'out_mem_268_U(top_wrapper_fifo_w32_d2_S)' using Shift Registers.
INFO: [RTMG 210-285] Implementing FIFO 'out_mem_269_U(top_wrapper_fifo_w32_d2_S)' using Shift Registers.
INFO: [RTMG 210-285] Implementing FIFO 'out_mem_270_U(top_wrapper_fifo_w32_d2_S)' using Shift Registers.
INFO: [RTMG 210-285] Implementing FIFO 'out_mem_271_U(top_wrapper_fifo_w32_d2_S)' using Shift Registers.
INFO: [RTMG 210-285] Implementing FIFO 'out_mem_272_U(top_wrapper_fifo_w32_d2_S)' using Shift Registers.
INFO: [RTMG 210-285] Implementing FIFO 'out_mem_273_U(top_wrapper_fifo_w32_d2_S)' using Shift Registers.
INFO: [RTMG 210-285] Implementing FIFO 'out_mem_274_U(top_wrapper_fifo_w32_d2_S)' using Shift Registers.
INFO: [RTMG 210-285] Implementing FIFO 'out_mem_275_U(top_wrapper_fifo_w32_d2_S)' using Shift Registers.
INFO: [RTMG 210-285] Implementing FIFO 'out_mem_276_U(top_wrapper_fifo_w32_d2_S)' using Shift Registers.
INFO: [RTMG 210-285] Implementing FIFO 'out_mem_277_U(top_wrapper_fifo_w32_d2_S)' using Shift Registers.
INFO: [RTMG 210-285] Implementing FIFO 'out_mem_278_U(top_wrapper_fifo_w32_d2_S)' using Shift Registers.
INFO: [RTMG 210-285] Implementing FIFO 'out_mem_279_U(top_wrapper_fifo_w32_d2_S)' using Shift Registers.
INFO: [RTMG 210-285] Implementing FIFO 'out_mem_280_U(top_wrapper_fifo_w32_d2_S)' using Shift Registers.
INFO: [RTMG 210-285] Implementing FIFO 'out_mem_281_U(top_wrapper_fifo_w32_d2_S)' using Shift Registers.
INFO: [RTMG 210-285] Implementing FIFO 'out_mem_282_U(top_wrapper_fifo_w32_d2_S)' using Shift Registers.
INFO: [RTMG 210-285] Implementing FIFO 'out_mem_283_U(top_wrapper_fifo_w32_d2_S)' using Shift Registers.
INFO: [RTMG 210-285] Implementing FIFO 'out_mem_284_U(top_wrapper_fifo_w32_d2_S)' using Shift Registers.
INFO: [RTMG 210-285] Implementing FIFO 'out_mem_285_U(top_wrapper_fifo_w32_d2_S)' using Shift Registers.
INFO: [RTMG 210-285] Implementing FIFO 'out_mem_286_U(top_wrapper_fifo_w32_d2_S)' using Shift Registers.
INFO: [RTMG 210-285] Implementing FIFO 'out_mem_287_U(top_wrapper_fifo_w32_d2_S)' using Shift Registers.
INFO: [RTMG 210-285] Implementing FIFO 'out_mem_288_U(top_wrapper_fifo_w32_d2_S)' using Shift Registers.
INFO: [RTMG 210-285] Implementing FIFO 'out_mem_289_U(top_wrapper_fifo_w32_d2_S)' using Shift Registers.
INFO: [RTMG 210-285] Implementing FIFO 'out_mem_290_U(top_wrapper_fifo_w32_d2_S)' using Shift Registers.
INFO: [RTMG 210-285] Implementing FIFO 'out_mem_291_U(top_wrapper_fifo_w32_d2_S)' using Shift Registers.
INFO: [RTMG 210-285] Implementing FIFO 'out_mem_292_U(top_wrapper_fifo_w32_d2_S)' using Shift Registers.
INFO: [RTMG 210-285] Implementing FIFO 'out_mem_293_U(top_wrapper_fifo_w32_d2_S)' using Shift Registers.
INFO: [RTMG 210-285] Implementing FIFO 'out_mem_294_U(top_wrapper_fifo_w32_d2_S)' using Shift Registers.
INFO: [RTMG 210-285] Implementing FIFO 'out_mem_295_U(top_wrapper_fifo_w32_d2_S)' using Shift Registers.
INFO: [RTMG 210-285] Implementing FIFO 'out_mem_296_U(top_wrapper_fifo_w32_d2_S)' using Shift Registers.
INFO: [RTMG 210-285] Implementing FIFO 'out_mem_297_U(top_wrapper_fifo_w32_d2_S)' using Shift Registers.
INFO: [RTMG 210-285] Implementing FIFO 'out_mem_298_U(top_wrapper_fifo_w32_d2_S)' using Shift Registers.
INFO: [RTMG 210-285] Implementing FIFO 'out_mem_299_U(top_wrapper_fifo_w32_d2_S)' using Shift Registers.
INFO: [RTMG 210-285] Implementing FIFO 'out_mem_300_U(top_wrapper_fifo_w32_d2_S)' using Shift Registers.
INFO: [RTMG 210-285] Implementing FIFO 'out_mem_301_U(top_wrapper_fifo_w32_d2_S)' using Shift Registers.
INFO: [RTMG 210-285] Implementing FIFO 'out_mem_302_U(top_wrapper_fifo_w32_d2_S)' using Shift Registers.
INFO: [RTMG 210-285] Implementing FIFO 'out_mem_303_U(top_wrapper_fifo_w32_d2_S)' using Shift Registers.
INFO: [RTMG 210-285] Implementing FIFO 'out_mem_304_U(top_wrapper_fifo_w32_d2_S)' using Shift Registers.
INFO: [RTMG 210-285] Implementing FIFO 'out_mem_305_U(top_wrapper_fifo_w32_d2_S)' using Shift Registers.
INFO: [RTMG 210-285] Implementing FIFO 'out_mem_306_U(top_wrapper_fifo_w32_d2_S)' using Shift Registers.
INFO: [RTMG 210-285] Implementing FIFO 'out_mem_307_U(top_wrapper_fifo_w32_d2_S)' using Shift Registers.
INFO: [RTMG 210-285] Implementing FIFO 'out_mem_308_U(top_wrapper_fifo_w32_d2_S)' using Shift Registers.
INFO: [RTMG 210-285] Implementing FIFO 'out_mem_309_U(top_wrapper_fifo_w32_d2_S)' using Shift Registers.
INFO: [RTMG 210-285] Implementing FIFO 'out_mem_310_U(top_wrapper_fifo_w32_d2_S)' using Shift Registers.
INFO: [RTMG 210-285] Implementing FIFO 'out_mem_311_U(top_wrapper_fifo_w32_d2_S)' using Shift Registers.
INFO: [RTMG 210-285] Implementing FIFO 'out_mem_312_U(top_wrapper_fifo_w32_d2_S)' using Shift Registers.
INFO: [RTMG 210-285] Implementing FIFO 'out_mem_313_U(top_wrapper_fifo_w32_d2_S)' using Shift Registers.
INFO: [RTMG 210-285] Implementing FIFO 'out_mem_314_U(top_wrapper_fifo_w32_d2_S)' using Shift Registers.
INFO: [RTMG 210-285] Implementing FIFO 'out_mem_315_U(top_wrapper_fifo_w32_d2_S)' using Shift Registers.
INFO: [RTMG 210-285] Implementing FIFO 'out_mem_316_U(top_wrapper_fifo_w32_d2_S)' using Shift Registers.
INFO: [RTMG 210-285] Implementing FIFO 'out_mem_317_U(top_wrapper_fifo_w32_d2_S)' using Shift Registers.
INFO: [RTMG 210-285] Implementing FIFO 'out_mem_318_U(top_wrapper_fifo_w32_d2_S)' using Shift Registers.
INFO: [RTMG 210-285] Implementing FIFO 'out_mem_319_U(top_wrapper_fifo_w32_d2_S)' using Shift Registers.
INFO: [RTMG 210-285] Implementing FIFO 'out_mem_320_U(top_wrapper_fifo_w32_d2_S)' using Shift Registers.
INFO: [RTMG 210-285] Implementing FIFO 'out_mem_321_U(top_wrapper_fifo_w32_d2_S)' using Shift Registers.
INFO: [RTMG 210-285] Implementing FIFO 'out_mem_322_U(top_wrapper_fifo_w32_d2_S)' using Shift Registers.
INFO: [RTMG 210-285] Implementing FIFO 'out_mem_323_U(top_wrapper_fifo_w32_d2_S)' using Shift Registers.
INFO: [RTMG 210-285] Implementing FIFO 'out_mem_324_U(top_wrapper_fifo_w32_d2_S)' using Shift Registers.
INFO: [RTMG 210-285] Implementing FIFO 'out_mem_325_U(top_wrapper_fifo_w32_d2_S)' using Shift Registers.
INFO: [RTMG 210-285] Implementing FIFO 'out_mem_326_U(top_wrapper_fifo_w32_d2_S)' using Shift Registers.
INFO: [RTMG 210-285] Implementing FIFO 'out_mem_327_U(top_wrapper_fifo_w32_d2_S)' using Shift Registers.
INFO: [RTMG 210-285] Implementing FIFO 'out_mem_328_U(top_wrapper_fifo_w32_d2_S)' using Shift Registers.
INFO: [RTMG 210-285] Implementing FIFO 'out_mem_329_U(top_wrapper_fifo_w32_d2_S)' using Shift Registers.
INFO: [RTMG 210-285] Implementing FIFO 'out_mem_330_U(top_wrapper_fifo_w32_d2_S)' using Shift Registers.
INFO: [RTMG 210-285] Implementing FIFO 'out_mem_331_U(top_wrapper_fifo_w32_d2_S)' using Shift Registers.
INFO: [RTMG 210-285] Implementing FIFO 'out_mem_332_U(top_wrapper_fifo_w32_d2_S)' using Shift Registers.
INFO: [RTMG 210-285] Implementing FIFO 'out_mem_333_U(top_wrapper_fifo_w32_d2_S)' using Shift Registers.
INFO: [RTMG 210-285] Implementing FIFO 'out_mem_334_U(top_wrapper_fifo_w32_d2_S)' using Shift Registers.
INFO: [RTMG 210-285] Implementing FIFO 'out_mem_335_U(top_wrapper_fifo_w32_d2_S)' using Shift Registers.
INFO: [RTMG 210-285] Implementing FIFO 'out_mem_336_U(top_wrapper_fifo_w32_d2_S)' using Shift Registers.
INFO: [RTMG 210-285] Implementing FIFO 'out_mem_337_U(top_wrapper_fifo_w32_d2_S)' using Shift Registers.
INFO: [RTMG 210-285] Implementing FIFO 'out_mem_338_U(top_wrapper_fifo_w32_d2_S)' using Shift Registers.
INFO: [RTMG 210-285] Implementing FIFO 'out_mem_339_U(top_wrapper_fifo_w32_d2_S)' using Shift Registers.
INFO: [RTMG 210-285] Implementing FIFO 'out_mem_340_U(top_wrapper_fifo_w32_d2_S)' using Shift Registers.
INFO: [RTMG 210-285] Implementing FIFO 'out_mem_341_U(top_wrapper_fifo_w32_d2_S)' using Shift Registers.
INFO: [RTMG 210-285] Implementing FIFO 'out_mem_342_U(top_wrapper_fifo_w32_d2_S)' using Shift Registers.
INFO: [RTMG 210-285] Implementing FIFO 'out_mem_343_U(top_wrapper_fifo_w32_d2_S)' using Shift Registers.
INFO: [RTMG 210-285] Implementing FIFO 'out_mem_344_U(top_wrapper_fifo_w32_d2_S)' using Shift Registers.
INFO: [RTMG 210-285] Implementing FIFO 'out_mem_345_U(top_wrapper_fifo_w32_d2_S)' using Shift Registers.
INFO: [RTMG 210-285] Implementing FIFO 'out_mem_346_U(top_wrapper_fifo_w32_d2_S)' using Shift Registers.
INFO: [RTMG 210-285] Implementing FIFO 'out_mem_347_U(top_wrapper_fifo_w32_d2_S)' using Shift Registers.
INFO: [RTMG 210-285] Implementing FIFO 'out_mem_348_U(top_wrapper_fifo_w32_d2_S)' using Shift Registers.
INFO: [RTMG 210-285] Implementing FIFO 'out_mem_349_U(top_wrapper_fifo_w32_d2_S)' using Shift Registers.
INFO: [RTMG 210-285] Implementing FIFO 'out_mem_350_U(top_wrapper_fifo_w32_d2_S)' using Shift Registers.
INFO: [RTMG 210-285] Implementing FIFO 'out_mem_351_U(top_wrapper_fifo_w32_d2_S)' using Shift Registers.
INFO: [RTMG 210-285] Implementing FIFO 'out_mem_352_U(top_wrapper_fifo_w32_d2_S)' using Shift Registers.
INFO: [RTMG 210-285] Implementing FIFO 'out_mem_353_U(top_wrapper_fifo_w32_d2_S)' using Shift Registers.
INFO: [RTMG 210-285] Implementing FIFO 'out_mem_354_U(top_wrapper_fifo_w32_d2_S)' using Shift Registers.
INFO: [RTMG 210-285] Implementing FIFO 'out_mem_355_U(top_wrapper_fifo_w32_d2_S)' using Shift Registers.
INFO: [RTMG 210-285] Implementing FIFO 'out_mem_356_U(top_wrapper_fifo_w32_d2_S)' using Shift Registers.
INFO: [RTMG 210-285] Implementing FIFO 'out_mem_357_U(top_wrapper_fifo_w32_d2_S)' using Shift Registers.
INFO: [RTMG 210-285] Implementing FIFO 'out_mem_358_U(top_wrapper_fifo_w32_d2_S)' using Shift Registers.
INFO: [RTMG 210-285] Implementing FIFO 'out_mem_359_U(top_wrapper_fifo_w32_d2_S)' using Shift Registers.
INFO: [RTMG 210-285] Implementing FIFO 'out_mem_360_U(top_wrapper_fifo_w32_d2_S)' using Shift Registers.
INFO: [RTMG 210-285] Implementing FIFO 'out_mem_361_U(top_wrapper_fifo_w32_d2_S)' using Shift Registers.
INFO: [RTMG 210-285] Implementing FIFO 'out_mem_362_U(top_wrapper_fifo_w32_d2_S)' using Shift Registers.
INFO: [RTMG 210-285] Implementing FIFO 'out_mem_363_U(top_wrapper_fifo_w32_d2_S)' using Shift Registers.
INFO: [RTMG 210-285] Implementing FIFO 'out_mem_364_U(top_wrapper_fifo_w32_d2_S)' using Shift Registers.
INFO: [RTMG 210-285] Implementing FIFO 'out_mem_365_U(top_wrapper_fifo_w32_d2_S)' using Shift Registers.
INFO: [RTMG 210-285] Implementing FIFO 'out_mem_366_U(top_wrapper_fifo_w32_d2_S)' using Shift Registers.
INFO: [RTMG 210-285] Implementing FIFO 'out_mem_367_U(top_wrapper_fifo_w32_d2_S)' using Shift Registers.
INFO: [RTMG 210-285] Implementing FIFO 'out_mem_368_U(top_wrapper_fifo_w32_d2_S)' using Shift Registers.
INFO: [RTMG 210-285] Implementing FIFO 'out_mem_369_U(top_wrapper_fifo_w32_d2_S)' using Shift Registers.
INFO: [RTMG 210-285] Implementing FIFO 'out_mem_370_U(top_wrapper_fifo_w32_d2_S)' using Shift Registers.
INFO: [RTMG 210-285] Implementing FIFO 'out_mem_371_U(top_wrapper_fifo_w32_d2_S)' using Shift Registers.
INFO: [RTMG 210-285] Implementing FIFO 'out_mem_372_U(top_wrapper_fifo_w32_d2_S)' using Shift Registers.
INFO: [RTMG 210-285] Implementing FIFO 'out_mem_373_U(top_wrapper_fifo_w32_d2_S)' using Shift Registers.
INFO: [RTMG 210-285] Implementing FIFO 'out_mem_374_U(top_wrapper_fifo_w32_d2_S)' using Shift Registers.
INFO: [RTMG 210-285] Implementing FIFO 'out_mem_375_U(top_wrapper_fifo_w32_d2_S)' using Shift Registers.
INFO: [RTMG 210-285] Implementing FIFO 'out_mem_376_U(top_wrapper_fifo_w32_d2_S)' using Shift Registers.
INFO: [RTMG 210-285] Implementing FIFO 'out_mem_377_U(top_wrapper_fifo_w32_d2_S)' using Shift Registers.
INFO: [RTMG 210-285] Implementing FIFO 'out_mem_378_U(top_wrapper_fifo_w32_d2_S)' using Shift Registers.
INFO: [RTMG 210-285] Implementing FIFO 'out_mem_379_U(top_wrapper_fifo_w32_d2_S)' using Shift Registers.
INFO: [RTMG 210-285] Implementing FIFO 'out_mem_380_U(top_wrapper_fifo_w32_d2_S)' using Shift Registers.
INFO: [RTMG 210-285] Implementing FIFO 'out_mem_381_U(top_wrapper_fifo_w32_d2_S)' using Shift Registers.
INFO: [RTMG 210-285] Implementing FIFO 'out_mem_382_U(top_wrapper_fifo_w32_d2_S)' using Shift Registers.
INFO: [RTMG 210-285] Implementing FIFO 'out_mem_383_U(top_wrapper_fifo_w32_d2_S)' using Shift Registers.
INFO: [RTMG 210-285] Implementing FIFO 'out_mem_384_U(top_wrapper_fifo_w32_d2_S)' using Shift Registers.
INFO: [RTMG 210-285] Implementing FIFO 'out_mem_385_U(top_wrapper_fifo_w32_d2_S)' using Shift Registers.
INFO: [RTMG 210-285] Implementing FIFO 'out_mem_386_U(top_wrapper_fifo_w32_d2_S)' using Shift Registers.
INFO: [RTMG 210-285] Implementing FIFO 'out_mem_387_U(top_wrapper_fifo_w32_d2_S)' using Shift Registers.
INFO: [RTMG 210-285] Implementing FIFO 'out_mem_388_U(top_wrapper_fifo_w32_d2_S)' using Shift Registers.
INFO: [RTMG 210-285] Implementing FIFO 'out_mem_389_U(top_wrapper_fifo_w32_d2_S)' using Shift Registers.
INFO: [RTMG 210-285] Implementing FIFO 'out_mem_390_U(top_wrapper_fifo_w32_d2_S)' using Shift Registers.
INFO: [RTMG 210-285] Implementing FIFO 'out_mem_391_U(top_wrapper_fifo_w32_d2_S)' using Shift Registers.
INFO: [RTMG 210-285] Implementing FIFO 'out_mem_392_U(top_wrapper_fifo_w32_d2_S)' using Shift Registers.
INFO: [RTMG 210-285] Implementing FIFO 'out_mem_393_U(top_wrapper_fifo_w32_d2_S)' using Shift Registers.
INFO: [RTMG 210-285] Implementing FIFO 'out_mem_394_U(top_wrapper_fifo_w32_d2_S)' using Shift Registers.
INFO: [RTMG 210-285] Implementing FIFO 'out_mem_395_U(top_wrapper_fifo_w32_d2_S)' using Shift Registers.
INFO: [RTMG 210-285] Implementing FIFO 'out_mem_396_U(top_wrapper_fifo_w32_d2_S)' using Shift Registers.
INFO: [RTMG 210-285] Implementing FIFO 'out_mem_397_U(top_wrapper_fifo_w32_d2_S)' using Shift Registers.
INFO: [RTMG 210-285] Implementing FIFO 'out_mem_398_U(top_wrapper_fifo_w32_d2_S)' using Shift Registers.
INFO: [RTMG 210-285] Implementing FIFO 'out_mem_399_U(top_wrapper_fifo_w32_d2_S)' using Shift Registers.
INFO: [RTMG 210-285] Implementing FIFO 'out_mem_400_U(top_wrapper_fifo_w32_d2_S)' using Shift Registers.
INFO: [RTMG 210-285] Implementing FIFO 'out_mem_401_U(top_wrapper_fifo_w32_d2_S)' using Shift Registers.
INFO: [RTMG 210-285] Implementing FIFO 'out_mem_402_U(top_wrapper_fifo_w32_d2_S)' using Shift Registers.
INFO: [RTMG 210-285] Implementing FIFO 'out_mem_403_U(top_wrapper_fifo_w32_d2_S)' using Shift Registers.
INFO: [RTMG 210-285] Implementing FIFO 'out_mem_404_U(top_wrapper_fifo_w32_d2_S)' using Shift Registers.
INFO: [RTMG 210-285] Implementing FIFO 'out_mem_405_U(top_wrapper_fifo_w32_d2_S)' using Shift Registers.
INFO: [RTMG 210-285] Implementing FIFO 'out_mem_406_U(top_wrapper_fifo_w32_d2_S)' using Shift Registers.
INFO: [RTMG 210-285] Implementing FIFO 'out_mem_407_U(top_wrapper_fifo_w32_d2_S)' using Shift Registers.
INFO: [RTMG 210-285] Implementing FIFO 'out_mem_408_U(top_wrapper_fifo_w32_d2_S)' using Shift Registers.
INFO: [RTMG 210-285] Implementing FIFO 'out_mem_409_U(top_wrapper_fifo_w32_d2_S)' using Shift Registers.
INFO: [RTMG 210-285] Implementing FIFO 'out_mem_410_U(top_wrapper_fifo_w32_d2_S)' using Shift Registers.
INFO: [RTMG 210-285] Implementing FIFO 'out_mem_411_U(top_wrapper_fifo_w32_d2_S)' using Shift Registers.
INFO: [RTMG 210-285] Implementing FIFO 'out_mem_412_U(top_wrapper_fifo_w32_d2_S)' using Shift Registers.
INFO: [RTMG 210-285] Implementing FIFO 'out_mem_413_U(top_wrapper_fifo_w32_d2_S)' using Shift Registers.
INFO: [RTMG 210-285] Implementing FIFO 'out_mem_414_U(top_wrapper_fifo_w32_d2_S)' using Shift Registers.
INFO: [RTMG 210-285] Implementing FIFO 'out_mem_415_U(top_wrapper_fifo_w32_d2_S)' using Shift Registers.
INFO: [RTMG 210-285] Implementing FIFO 'out_mem_416_U(top_wrapper_fifo_w32_d2_S)' using Shift Registers.
INFO: [RTMG 210-285] Implementing FIFO 'out_mem_417_U(top_wrapper_fifo_w32_d2_S)' using Shift Registers.
INFO: [RTMG 210-285] Implementing FIFO 'out_mem_418_U(top_wrapper_fifo_w32_d2_S)' using Shift Registers.
INFO: [RTMG 210-285] Implementing FIFO 'out_mem_419_U(top_wrapper_fifo_w32_d2_S)' using Shift Registers.
INFO: [RTMG 210-285] Implementing FIFO 'out_mem_420_U(top_wrapper_fifo_w32_d2_S)' using Shift Registers.
INFO: [RTMG 210-285] Implementing FIFO 'out_mem_421_U(top_wrapper_fifo_w32_d2_S)' using Shift Registers.
INFO: [RTMG 210-285] Implementing FIFO 'out_mem_422_U(top_wrapper_fifo_w32_d2_S)' using Shift Registers.
INFO: [RTMG 210-285] Implementing FIFO 'out_mem_423_U(top_wrapper_fifo_w32_d2_S)' using Shift Registers.
INFO: [RTMG 210-285] Implementing FIFO 'out_mem_424_U(top_wrapper_fifo_w32_d2_S)' using Shift Registers.
INFO: [RTMG 210-285] Implementing FIFO 'out_mem_425_U(top_wrapper_fifo_w32_d2_S)' using Shift Registers.
INFO: [RTMG 210-285] Implementing FIFO 'out_mem_426_U(top_wrapper_fifo_w32_d2_S)' using Shift Registers.
INFO: [RTMG 210-285] Implementing FIFO 'out_mem_427_U(top_wrapper_fifo_w32_d2_S)' using Shift Registers.
INFO: [RTMG 210-285] Implementing FIFO 'out_mem_428_U(top_wrapper_fifo_w32_d2_S)' using Shift Registers.
INFO: [RTMG 210-285] Implementing FIFO 'out_mem_429_U(top_wrapper_fifo_w32_d2_S)' using Shift Registers.
INFO: [RTMG 210-285] Implementing FIFO 'out_mem_430_U(top_wrapper_fifo_w32_d2_S)' using Shift Registers.
INFO: [RTMG 210-285] Implementing FIFO 'out_mem_431_U(top_wrapper_fifo_w32_d2_S)' using Shift Registers.
INFO: [RTMG 210-285] Implementing FIFO 'out_mem_432_U(top_wrapper_fifo_w32_d2_S)' using Shift Registers.
INFO: [RTMG 210-285] Implementing FIFO 'out_mem_433_U(top_wrapper_fifo_w32_d2_S)' using Shift Registers.
INFO: [RTMG 210-285] Implementing FIFO 'out_mem_434_U(top_wrapper_fifo_w32_d2_S)' using Shift Registers.
INFO: [RTMG 210-285] Implementing FIFO 'out_mem_435_U(top_wrapper_fifo_w32_d2_S)' using Shift Registers.
INFO: [RTMG 210-285] Implementing FIFO 'out_mem_436_U(top_wrapper_fifo_w32_d2_S)' using Shift Registers.
INFO: [RTMG 210-285] Implementing FIFO 'out_mem_437_U(top_wrapper_fifo_w32_d2_S)' using Shift Registers.
INFO: [RTMG 210-285] Implementing FIFO 'out_mem_438_U(top_wrapper_fifo_w32_d2_S)' using Shift Registers.
INFO: [RTMG 210-285] Implementing FIFO 'out_mem_439_U(top_wrapper_fifo_w32_d2_S)' using Shift Registers.
INFO: [RTMG 210-285] Implementing FIFO 'out_mem_440_U(top_wrapper_fifo_w32_d2_S)' using Shift Registers.
INFO: [RTMG 210-285] Implementing FIFO 'out_mem_441_U(top_wrapper_fifo_w32_d2_S)' using Shift Registers.
INFO: [RTMG 210-285] Implementing FIFO 'out_mem_442_U(top_wrapper_fifo_w32_d2_S)' using Shift Registers.
INFO: [RTMG 210-285] Implementing FIFO 'out_mem_443_U(top_wrapper_fifo_w32_d2_S)' using Shift Registers.
INFO: [RTMG 210-285] Implementing FIFO 'out_mem_444_U(top_wrapper_fifo_w32_d2_S)' using Shift Registers.
INFO: [RTMG 210-285] Implementing FIFO 'out_mem_445_U(top_wrapper_fifo_w32_d2_S)' using Shift Registers.
INFO: [RTMG 210-285] Implementing FIFO 'out_mem_446_U(top_wrapper_fifo_w32_d2_S)' using Shift Registers.
INFO: [RTMG 210-285] Implementing FIFO 'out_mem_447_U(top_wrapper_fifo_w32_d2_S)' using Shift Registers.
INFO: [RTMG 210-285] Implementing FIFO 'out_mem_448_U(top_wrapper_fifo_w32_d2_S)' using Shift Registers.
INFO: [RTMG 210-285] Implementing FIFO 'out_mem449_U(top_wrapper_fifo_w32_d2_S)' using Shift Registers.
Command         create_rtl_model done; 12.92 sec.
INFO: [HLS 200-111] Finished Creating RTL model: CPU user time: 6.7 seconds. CPU system time: 0.57 seconds. Elapsed time: 13.25 seconds; current allocated memory: 2.381 GB.
Execute         source /home/lorenzor/workspace/convolution/convolution/solution_0/.autopilot/db/top_wrapper.rtl_wrap.cfg.tcl 
Execute         gen_rtl dataflow_in_loop_VITIS_LOOP_92_1.1 -style xilinx -f -lang vhdl -o /home/lorenzor/workspace/convolution/convolution/solution_0/syn/vhdl/top_wrapper_dataflow_in_loop_VITIS_LOOP_92_1_1 
Execute         gen_rtl dataflow_in_loop_VITIS_LOOP_92_1.1 -style xilinx -f -lang vlog -o /home/lorenzor/workspace/convolution/convolution/solution_0/syn/verilog/top_wrapper_dataflow_in_loop_VITIS_LOOP_92_1_1 
Execute         syn_report -csynth -model dataflow_in_loop_VITIS_LOOP_92_1.1 -o /home/lorenzor/workspace/convolution/convolution/solution_0/syn/report/dataflow_in_loop_VITIS_LOOP_92_1_1_csynth.rpt 
Execute           list_part -family xck26-sfvc784-2LV-c 
Execute             ap_family_info -name xck26-sfvc784-2LV-c -data names 
Execute             ap_part_info -quiet -name xck26-sfvc784-2LV-c -data family 
Execute         syn_report -rtlxml -model dataflow_in_loop_VITIS_LOOP_92_1.1 -o /home/lorenzor/workspace/convolution/convolution/solution_0/syn/report/dataflow_in_loop_VITIS_LOOP_92_1_1_csynth.xml 
Execute           list_part -family xck26-sfvc784-2LV-c 
Execute             ap_family_info -name xck26-sfvc784-2LV-c -data names 
Execute             ap_part_info -quiet -name xck26-sfvc784-2LV-c -data family 
Execute         syn_report -verbosereport -model dataflow_in_loop_VITIS_LOOP_92_1.1 -o /home/lorenzor/workspace/convolution/convolution/solution_0/.autopilot/db/dataflow_in_loop_VITIS_LOOP_92_1_1.verbose.rpt 
Execute           list_part -family xck26-sfvc784-2LV-c 
Execute             ap_family_info -name xck26-sfvc784-2LV-c -data names 
Execute             ap_part_info -quiet -name xck26-sfvc784-2LV-c -data family 
Command         syn_report done; 0.19 sec.
Execute         db_write -model dataflow_in_loop_VITIS_LOOP_92_1.1 -f -o /home/lorenzor/workspace/convolution/convolution/solution_0/.autopilot/db/dataflow_in_loop_VITIS_LOOP_92_1_1.adb 
Execute         db_write -model dataflow_in_loop_VITIS_LOOP_92_1.1 -bindview -o /home/lorenzor/workspace/convolution/convolution/solution_0/.autopilot/db/design.bindinfo.xml 
Execute         gen_tb_info dataflow_in_loop_VITIS_LOOP_92_1.1 -p /home/lorenzor/workspace/convolution/convolution/solution_0/.autopilot/db -o /home/lorenzor/workspace/convolution/convolution/solution_0/.autopilot/db/dataflow_in_loop_VITIS_LOOP_92_1_1 
INFO: [HLS 200-10] ----------------------------------------------------------------
INFO: [HLS 200-10] -- Generating RTL for module 'top_wrapper' 
INFO: [HLS 200-10] ----------------------------------------------------------------
Execute         create_rtl_model top_wrapper -top_prefix  -sub_prefix top_wrapper_ -mg_file /home/lorenzor/workspace/convolution/convolution/solution_0/.autopilot/db/top_wrapper.compgen.tcl 
WARNING: [RTGEN 206-101] Design contains AXI ports. Reset is fixed to synchronous and active low.
INFO: [RTGEN 206-500] Setting interface mode on port 'top_wrapper/gmem2' to 'm_axi'.
INFO: [RTGEN 206-500] Setting interface mode on port 'top_wrapper/gmem1' to 'm_axi'.
INFO: [RTGEN 206-500] Setting interface mode on port 'top_wrapper/memory_in' to 's_axilite & ap_memory'.
INFO: [RTGEN 206-500] Setting interface mode on port 'top_wrapper/filter_val' to 's_axilite & ap_none'.
INFO: [RTGEN 206-500] Setting interface mode on port 'top_wrapper/memory' to 's_axilite & ap_none'.
INFO: [RTGEN 206-500] Setting interface mode on function 'top_wrapper' to 's_axilite & ap_ctrl_hs'.
INFO: [RTGEN 206-100] Bundling port 'return' to AXI-Lite port control.
INFO: [RTGEN 206-100] Bundling port 'filter_val' and 'memory' to AXI-Lite port control_r.
INFO: [RTGEN 206-100] Bundling port 'memory_in' to AXI-Lite port gmem3.
WARNING: [HLS 200-656] Deadlocks can occur since process dataflow_in_loop_VITIS_LOOP_92_1.1_Loop_VITIS_LOOP_99_2_proc is instantiated in a dataflow region with ap_ctrl_none or without start propagation and contains an auto-rewind pipeline.
INFO: [RTGEN 206-100] Finished creating RTL model for 'top_wrapper'.
Command         create_rtl_model done; 0.12 sec.
INFO: [HLS 200-111] Finished Creating RTL model: CPU user time: 0.75 seconds. CPU system time: 0.03 seconds. Elapsed time: 0.8 seconds; current allocated memory: 2.381 GB.
Execute         source /home/lorenzor/workspace/convolution/convolution/solution_0/.autopilot/db/top_wrapper.rtl_wrap.cfg.tcl 
Execute         gen_rtl top_wrapper -istop -style xilinx -f -lang vhdl -o /home/lorenzor/workspace/convolution/convolution/solution_0/syn/vhdl/top_wrapper 
Execute         gen_rtl top_wrapper -istop -style xilinx -f -lang vlog -o /home/lorenzor/workspace/convolution/convolution/solution_0/syn/verilog/top_wrapper 
Execute         syn_report -csynth -model top_wrapper -o /home/lorenzor/workspace/convolution/convolution/solution_0/syn/report/top_wrapper_csynth.rpt 
Execute           list_part -family xck26-sfvc784-2LV-c 
Execute             ap_family_info -name xck26-sfvc784-2LV-c -data names 
Execute             ap_part_info -quiet -name xck26-sfvc784-2LV-c -data family 
Execute         syn_report -rtlxml -model top_wrapper -o /home/lorenzor/workspace/convolution/convolution/solution_0/syn/report/top_wrapper_csynth.xml 
Execute           list_part -family xck26-sfvc784-2LV-c 
Execute             ap_family_info -name xck26-sfvc784-2LV-c -data names 
Execute             ap_part_info -quiet -name xck26-sfvc784-2LV-c -data family 
Execute         syn_report -verbosereport -model top_wrapper -o /home/lorenzor/workspace/convolution/convolution/solution_0/.autopilot/db/top_wrapper.verbose.rpt 
Execute           list_part -family xck26-sfvc784-2LV-c 
Execute             ap_family_info -name xck26-sfvc784-2LV-c -data names 
Execute             ap_part_info -quiet -name xck26-sfvc784-2LV-c -data family 
Command         syn_report done; 0.14 sec.
Execute         db_write -model top_wrapper -f -o /home/lorenzor/workspace/convolution/convolution/solution_0/.autopilot/db/top_wrapper.adb 
Execute         db_write -model top_wrapper -bindview -o /home/lorenzor/workspace/convolution/convolution/solution_0/.autopilot/db/design.bindinfo.xml 
Execute         gen_tb_info top_wrapper -p /home/lorenzor/workspace/convolution/convolution/solution_0/.autopilot/db -o /home/lorenzor/workspace/convolution/convolution/solution_0/.autopilot/db/top_wrapper 
Execute         export_constraint_db -f -tool general -o /home/lorenzor/workspace/convolution/convolution/solution_0/.autopilot/db/top_wrapper.constraint.tcl 
Execute         syn_report -designview -model top_wrapper -o /home/lorenzor/workspace/convolution/convolution/solution_0/.autopilot/db/top_wrapper.design.xml 
Command         syn_report done; 0.31 sec.
Execute         syn_report -csynthDesign -model top_wrapper -o /home/lorenzor/workspace/convolution/convolution/solution_0/syn/report/csynth.rpt -MHOut /home/lorenzor/workspace/convolution/convolution/solution_0/.autopilot/db/kernel_module_hierarchy.tcl 
Execute           list_part -family xck26-sfvc784-2LV-c 
Execute             ap_family_info -name xck26-sfvc784-2LV-c -data names 
Execute             ap_part_info -quiet -name xck26-sfvc784-2LV-c -data family 
Execute         syn_report -wcfg -model top_wrapper -o /home/lorenzor/workspace/convolution/convolution/solution_0/.autopilot/db/top_wrapper_dataflow_ana.wcfg 
Execute         syn_report -protoinst -model top_wrapper -o /home/lorenzor/workspace/convolution/convolution/solution_0/.autopilot/db/top_wrapper.protoinst 
Execute         sc_get_clocks top_wrapper 
Execute         sc_get_portdomain top_wrapper 
INFO-FLOW: Model list for RTL component generation: entry_proc dataflow_in_loop_VITIS_LOOP_92_1.1_Loop_VITIS_LOOP_99_2_proc load_input_Pipeline_load_input_loop_VITIS_LOOP_9_1 load_input conv_Pipeline_VITIS_LOOP_41_1_VITIS_LOOP_42_2_VITIS_LOOP_43_3 {conv<2, 13, 13, 3, 3, 2, 11, 11, 1, 1, 5, 1, 5, 5, 2, 3>_Pipeline_L5_L4_L3} {conv<2, 13, 13, 3, 3, 2, 11, 11, 1, 1, 5, 1, 5, 5, 2, 3>} out_conv2mem_Pipeline_VITIS_LOOP_41_4 {out_conv2mem<2, 13, 13, 3, 3, 2, 11, 11, 1, 162, 1, 1, 5, 5, 2, 3>} dataflow_in_loop_VITIS_LOOP_92_1.1 top_wrapper
INFO-FLOW: Handling components in module [entry_proc] ... 
Execute         source /home/lorenzor/workspace/convolution/convolution/solution_0/.autopilot/db/entry_proc.compgen.tcl 
INFO-FLOW: Handling components in module [dataflow_in_loop_VITIS_LOOP_92_1_1_Loop_VITIS_LOOP_99_2_proc] ... 
Execute         source /home/lorenzor/workspace/convolution/convolution/solution_0/.autopilot/db/dataflow_in_loop_VITIS_LOOP_92_1_1_Loop_VITIS_LOOP_99_2_proc.compgen.tcl 
INFO-FLOW: Found component top_wrapper_flow_control_loop_pipe.
INFO-FLOW: Append model top_wrapper_flow_control_loop_pipe
INFO-FLOW: Handling components in module [load_input_Pipeline_load_input_loop_VITIS_LOOP_9_1] ... 
Execute         source /home/lorenzor/workspace/convolution/convolution/solution_0/.autopilot/db/load_input_Pipeline_load_input_loop_VITIS_LOOP_9_1.compgen.tcl 
INFO-FLOW: Found component top_wrapper_urem_12ns_7ns_12_16_1.
INFO-FLOW: Append model top_wrapper_urem_12ns_7ns_12_16_1
INFO-FLOW: Found component top_wrapper_mul_15ns_17ns_31_1_1.
INFO-FLOW: Append model top_wrapper_mul_15ns_17ns_31_1_1
INFO-FLOW: Found component top_wrapper_urem_6ns_5ns_6_10_1.
INFO-FLOW: Append model top_wrapper_urem_6ns_5ns_6_10_1
INFO-FLOW: Found component top_wrapper_mac_muladd_9ns_4ns_9ns_12_4_1.
INFO-FLOW: Append model top_wrapper_mac_muladd_9ns_4ns_9ns_12_4_1
INFO-FLOW: Found component top_wrapper_mac_muladd_6ns_6ns_7s_12_4_1.
INFO-FLOW: Append model top_wrapper_mac_muladd_6ns_6ns_7s_12_4_1
INFO-FLOW: Found component top_wrapper_flow_control_loop_pipe_sequential_init.
INFO-FLOW: Append model top_wrapper_flow_control_loop_pipe_sequential_init
INFO-FLOW: Handling components in module [load_input] ... 
Execute         source /home/lorenzor/workspace/convolution/convolution/solution_0/.autopilot/db/load_input.compgen.tcl 
INFO-FLOW: Found component top_wrapper_mul_3ns_13ns_14_1_1.
INFO-FLOW: Append model top_wrapper_mul_3ns_13ns_14_1_1
INFO-FLOW: Handling components in module [conv_Pipeline_VITIS_LOOP_41_1_VITIS_LOOP_42_2_VITIS_LOOP_43_3] ... 
Execute         source /home/lorenzor/workspace/convolution/convolution/solution_0/.autopilot/db/conv_Pipeline_VITIS_LOOP_41_1_VITIS_LOOP_42_2_VITIS_LOOP_43_3.compgen.tcl 
INFO-FLOW: Found component top_wrapper_flow_control_loop_pipe_sequential_init.
INFO-FLOW: Append model top_wrapper_flow_control_loop_pipe_sequential_init
INFO-FLOW: Handling components in module [conv_2_13_13_3_3_2_11_11_1_1_5_1_5_5_2_3_Pipeline_L5_L4_L3] ... 
Execute         source /home/lorenzor/workspace/convolution/convolution/solution_0/.autopilot/db/conv_2_13_13_3_3_2_11_11_1_1_5_1_5_5_2_3_Pipeline_L5_L4_L3.compgen.tcl 
INFO-FLOW: Found component top_wrapper_mul_45s_8s_45_2_1.
INFO-FLOW: Append model top_wrapper_mul_45s_8s_45_2_1
INFO-FLOW: Found component top_wrapper_mul_4ns_6ns_9_1_1.
INFO-FLOW: Append model top_wrapper_mul_4ns_6ns_9_1_1
INFO-FLOW: Found component top_wrapper_urem_6ns_5ns_4_10_1.
INFO-FLOW: Append model top_wrapper_urem_6ns_5ns_4_10_1
INFO-FLOW: Found component top_wrapper_urem_4ns_4ns_4_8_1.
INFO-FLOW: Append model top_wrapper_urem_4ns_4ns_4_8_1
INFO-FLOW: Found component top_wrapper_urem_4ns_3ns_4_8_1.
INFO-FLOW: Append model top_wrapper_urem_4ns_3ns_4_8_1
INFO-FLOW: Found component top_wrapper_sparsemux_77_6_45_1_1.
INFO-FLOW: Append model top_wrapper_sparsemux_77_6_45_1_1
INFO-FLOW: Found component top_wrapper_sparsemux_19_4_45_1_1.
INFO-FLOW: Append model top_wrapper_sparsemux_19_4_45_1_1
INFO-FLOW: Found component top_wrapper_sparsemux_81_6_45_1_1.
INFO-FLOW: Append model top_wrapper_sparsemux_81_6_45_1_1
INFO-FLOW: Found component top_wrapper_sparsemux_97_6_45_1_1.
INFO-FLOW: Append model top_wrapper_sparsemux_97_6_45_1_1
INFO-FLOW: Found component top_wrapper_sparsemux_101_6_45_1_1.
INFO-FLOW: Append model top_wrapper_sparsemux_101_6_45_1_1
INFO-FLOW: Found component top_wrapper_flow_control_loop_pipe_sequential_init.
INFO-FLOW: Append model top_wrapper_flow_control_loop_pipe_sequential_init
INFO-FLOW: Handling components in module [conv_2_13_13_3_3_2_11_11_1_1_5_1_5_5_2_3_s] ... 
Execute         source /home/lorenzor/workspace/convolution/convolution/solution_0/.autopilot/db/conv_2_13_13_3_3_2_11_11_1_1_5_1_5_5_2_3_s.compgen.tcl 
INFO-FLOW: Handling components in module [out_conv2mem_Pipeline_VITIS_LOOP_41_4] ... 
Execute         source /home/lorenzor/workspace/convolution/convolution/solution_0/.autopilot/db/out_conv2mem_Pipeline_VITIS_LOOP_41_4.compgen.tcl 
INFO-FLOW: Found component top_wrapper_sparsemux_51_5_32_1_1.
INFO-FLOW: Append model top_wrapper_sparsemux_51_5_32_1_1
INFO-FLOW: Found component top_wrapper_flow_control_loop_pipe_sequential_init.
INFO-FLOW: Append model top_wrapper_flow_control_loop_pipe_sequential_init
INFO-FLOW: Handling components in module [out_conv2mem_2_13_13_3_3_2_11_11_1_162_1_1_5_5_2_3_s] ... 
Execute         source /home/lorenzor/workspace/convolution/convolution/solution_0/.autopilot/db/out_conv2mem_2_13_13_3_3_2_11_11_1_162_1_1_5_5_2_3_s.compgen.tcl 
INFO-FLOW: Found component top_wrapper_mul_3ns_12ns_13_1_1.
INFO-FLOW: Append model top_wrapper_mul_3ns_12ns_13_1_1
INFO-FLOW: Found component top_wrapper_sparsemux_19_5_32_1_1.
INFO-FLOW: Append model top_wrapper_sparsemux_19_5_32_1_1
INFO-FLOW: Handling components in module [dataflow_in_loop_VITIS_LOOP_92_1_1] ... 
Execute         source /home/lorenzor/workspace/convolution/convolution/solution_0/.autopilot/db/dataflow_in_loop_VITIS_LOOP_92_1_1.compgen.tcl 
INFO-FLOW: Found component top_wrapper_fifo_w64_d4_S.
INFO-FLOW: Append model top_wrapper_fifo_w64_d4_S
INFO-FLOW: Found component top_wrapper_fifo_w8_d100_S.
INFO-FLOW: Append model top_wrapper_fifo_w8_d100_S
INFO-FLOW: Found component top_wrapper_fifo_w3_d3_S.
INFO-FLOW: Append model top_wrapper_fifo_w3_d3_S
INFO-FLOW: Found component top_wrapper_fifo_w45_d2_S.
INFO-FLOW: Append model top_wrapper_fifo_w45_d2_S
INFO-FLOW: Found component top_wrapper_fifo_w45_d2_S.
INFO-FLOW: Append model top_wrapper_fifo_w45_d2_S
INFO-FLOW: Found component top_wrapper_fifo_w45_d2_S.
INFO-FLOW: Append model top_wrapper_fifo_w45_d2_S
INFO-FLOW: Found component top_wrapper_fifo_w45_d2_S.
INFO-FLOW: Append model top_wrapper_fifo_w45_d2_S
INFO-FLOW: Found component top_wrapper_fifo_w45_d2_S.
INFO-FLOW: Append model top_wrapper_fifo_w45_d2_S
INFO-FLOW: Found component top_wrapper_fifo_w45_d2_S.
INFO-FLOW: Append model top_wrapper_fifo_w45_d2_S
INFO-FLOW: Found component top_wrapper_fifo_w45_d2_S.
INFO-FLOW: Append model top_wrapper_fifo_w45_d2_S
INFO-FLOW: Found component top_wrapper_fifo_w45_d2_S.
INFO-FLOW: Append model top_wrapper_fifo_w45_d2_S
INFO-FLOW: Found component top_wrapper_fifo_w45_d2_S.
INFO-FLOW: Append model top_wrapper_fifo_w45_d2_S
INFO-FLOW: Found component top_wrapper_fifo_w45_d2_S.
INFO-FLOW: Append model top_wrapper_fifo_w45_d2_S
INFO-FLOW: Found component top_wrapper_fifo_w45_d2_S.
INFO-FLOW: Append model top_wrapper_fifo_w45_d2_S
INFO-FLOW: Found component top_wrapper_fifo_w45_d2_S.
INFO-FLOW: Append model top_wrapper_fifo_w45_d2_S
INFO-FLOW: Found component top_wrapper_fifo_w45_d2_S.
INFO-FLOW: Append model top_wrapper_fifo_w45_d2_S
INFO-FLOW: Found component top_wrapper_fifo_w45_d2_S.
INFO-FLOW: Append model top_wrapper_fifo_w45_d2_S
INFO-FLOW: Found component top_wrapper_fifo_w45_d2_S.
INFO-FLOW: Append model top_wrapper_fifo_w45_d2_S
INFO-FLOW: Found component top_wrapper_fifo_w45_d2_S.
INFO-FLOW: Append model top_wrapper_fifo_w45_d2_S
INFO-FLOW: Found component top_wrapper_fifo_w45_d2_S.
INFO-FLOW: Append model top_wrapper_fifo_w45_d2_S
INFO-FLOW: Found component top_wrapper_fifo_w45_d2_S.
INFO-FLOW: Append model top_wrapper_fifo_w45_d2_S
INFO-FLOW: Found component top_wrapper_fifo_w45_d2_S.
INFO-FLOW: Append model top_wrapper_fifo_w45_d2_S
INFO-FLOW: Found component top_wrapper_fifo_w45_d2_S.
INFO-FLOW: Append model top_wrapper_fifo_w45_d2_S
INFO-FLOW: Found component top_wrapper_fifo_w45_d2_S.
INFO-FLOW: Append model top_wrapper_fifo_w45_d2_S
INFO-FLOW: Found component top_wrapper_fifo_w45_d2_S.
INFO-FLOW: Append model top_wrapper_fifo_w45_d2_S
INFO-FLOW: Found component top_wrapper_fifo_w45_d2_S.
INFO-FLOW: Append model top_wrapper_fifo_w45_d2_S
INFO-FLOW: Found component top_wrapper_fifo_w45_d2_S.
INFO-FLOW: Append model top_wrapper_fifo_w45_d2_S
INFO-FLOW: Found component top_wrapper_fifo_w45_d2_S.
INFO-FLOW: Append model top_wrapper_fifo_w45_d2_S
INFO-FLOW: Found component top_wrapper_fifo_w45_d2_S.
INFO-FLOW: Append model top_wrapper_fifo_w45_d2_S
INFO-FLOW: Found component top_wrapper_fifo_w45_d2_S.
INFO-FLOW: Append model top_wrapper_fifo_w45_d2_S
INFO-FLOW: Found component top_wrapper_fifo_w45_d2_S.
INFO-FLOW: Append model top_wrapper_fifo_w45_d2_S
INFO-FLOW: Found component top_wrapper_fifo_w45_d2_S.
INFO-FLOW: Append model top_wrapper_fifo_w45_d2_S
INFO-FLOW: Found component top_wrapper_fifo_w45_d2_S.
INFO-FLOW: Append model top_wrapper_fifo_w45_d2_S
INFO-FLOW: Found component top_wrapper_fifo_w45_d2_S.
INFO-FLOW: Append model top_wrapper_fifo_w45_d2_S
INFO-FLOW: Found component top_wrapper_fifo_w45_d2_S.
INFO-FLOW: Append model top_wrapper_fifo_w45_d2_S
INFO-FLOW: Found component top_wrapper_fifo_w45_d2_S.
INFO-FLOW: Append model top_wrapper_fifo_w45_d2_S
INFO-FLOW: Found component top_wrapper_fifo_w45_d2_S.
INFO-FLOW: Append model top_wrapper_fifo_w45_d2_S
INFO-FLOW: Found component top_wrapper_fifo_w45_d2_S.
INFO-FLOW: Append model top_wrapper_fifo_w45_d2_S
INFO-FLOW: Found component top_wrapper_fifo_w45_d2_S.
INFO-FLOW: Append model top_wrapper_fifo_w45_d2_S
INFO-FLOW: Found component top_wrapper_fifo_w45_d2_S.
INFO-FLOW: Append model top_wrapper_fifo_w45_d2_S
INFO-FLOW: Found component top_wrapper_fifo_w45_d2_S.
INFO-FLOW: Append model top_wrapper_fifo_w45_d2_S
INFO-FLOW: Found component top_wrapper_fifo_w45_d2_S.
INFO-FLOW: Append model top_wrapper_fifo_w45_d2_S
INFO-FLOW: Found component top_wrapper_fifo_w45_d2_S.
INFO-FLOW: Append model top_wrapper_fifo_w45_d2_S
INFO-FLOW: Found component top_wrapper_fifo_w45_d2_S.
INFO-FLOW: Append model top_wrapper_fifo_w45_d2_S
INFO-FLOW: Found component top_wrapper_fifo_w45_d2_S.
INFO-FLOW: Append model top_wrapper_fifo_w45_d2_S
INFO-FLOW: Found component top_wrapper_fifo_w45_d2_S.
INFO-FLOW: Append model top_wrapper_fifo_w45_d2_S
INFO-FLOW: Found component top_wrapper_fifo_w45_d2_S.
INFO-FLOW: Append model top_wrapper_fifo_w45_d2_S
INFO-FLOW: Found component top_wrapper_fifo_w45_d2_S.
INFO-FLOW: Append model top_wrapper_fifo_w45_d2_S
INFO-FLOW: Found component top_wrapper_fifo_w45_d2_S.
INFO-FLOW: Append model top_wrapper_fifo_w45_d2_S
INFO-FLOW: Found component top_wrapper_fifo_w45_d2_S.
INFO-FLOW: Append model top_wrapper_fifo_w45_d2_S
INFO-FLOW: Found component top_wrapper_fifo_w45_d2_S.
INFO-FLOW: Append model top_wrapper_fifo_w45_d2_S
INFO-FLOW: Found component top_wrapper_fifo_w45_d2_S.
INFO-FLOW: Append model top_wrapper_fifo_w45_d2_S
INFO-FLOW: Found component top_wrapper_fifo_w45_d2_S.
INFO-FLOW: Append model top_wrapper_fifo_w45_d2_S
INFO-FLOW: Found component top_wrapper_fifo_w45_d2_S.
INFO-FLOW: Append model top_wrapper_fifo_w45_d2_S
INFO-FLOW: Found component top_wrapper_fifo_w45_d2_S.
INFO-FLOW: Append model top_wrapper_fifo_w45_d2_S
INFO-FLOW: Found component top_wrapper_fifo_w45_d2_S.
INFO-FLOW: Append model top_wrapper_fifo_w45_d2_S
INFO-FLOW: Found component top_wrapper_fifo_w45_d2_S.
INFO-FLOW: Append model top_wrapper_fifo_w45_d2_S
INFO-FLOW: Found component top_wrapper_fifo_w45_d2_S.
INFO-FLOW: Append model top_wrapper_fifo_w45_d2_S
INFO-FLOW: Found component top_wrapper_fifo_w45_d2_S.
INFO-FLOW: Append model top_wrapper_fifo_w45_d2_S
INFO-FLOW: Found component top_wrapper_fifo_w45_d2_S.
INFO-FLOW: Append model top_wrapper_fifo_w45_d2_S
INFO-FLOW: Found component top_wrapper_fifo_w45_d2_S.
INFO-FLOW: Append model top_wrapper_fifo_w45_d2_S
INFO-FLOW: Found component top_wrapper_fifo_w45_d2_S.
INFO-FLOW: Append model top_wrapper_fifo_w45_d2_S
INFO-FLOW: Found component top_wrapper_fifo_w45_d2_S.
INFO-FLOW: Append model top_wrapper_fifo_w45_d2_S
INFO-FLOW: Found component top_wrapper_fifo_w45_d2_S.
INFO-FLOW: Append model top_wrapper_fifo_w45_d2_S
INFO-FLOW: Found component top_wrapper_fifo_w45_d2_S.
INFO-FLOW: Append model top_wrapper_fifo_w45_d2_S
INFO-FLOW: Found component top_wrapper_fifo_w45_d2_S.
INFO-FLOW: Append model top_wrapper_fifo_w45_d2_S
INFO-FLOW: Found component top_wrapper_fifo_w45_d2_S.
INFO-FLOW: Append model top_wrapper_fifo_w45_d2_S
INFO-FLOW: Found component top_wrapper_fifo_w45_d2_S.
INFO-FLOW: Append model top_wrapper_fifo_w45_d2_S
INFO-FLOW: Found component top_wrapper_fifo_w45_d2_S.
INFO-FLOW: Append model top_wrapper_fifo_w45_d2_S
INFO-FLOW: Found component top_wrapper_fifo_w45_d2_S.
INFO-FLOW: Append model top_wrapper_fifo_w45_d2_S
INFO-FLOW: Found component top_wrapper_fifo_w45_d2_S.
INFO-FLOW: Append model top_wrapper_fifo_w45_d2_S
INFO-FLOW: Found component top_wrapper_fifo_w45_d2_S.
INFO-FLOW: Append model top_wrapper_fifo_w45_d2_S
INFO-FLOW: Found component top_wrapper_fifo_w45_d2_S.
INFO-FLOW: Append model top_wrapper_fifo_w45_d2_S
INFO-FLOW: Found component top_wrapper_fifo_w45_d2_S.
INFO-FLOW: Append model top_wrapper_fifo_w45_d2_S
INFO-FLOW: Found component top_wrapper_fifo_w45_d2_S.
INFO-FLOW: Append model top_wrapper_fifo_w45_d2_S
INFO-FLOW: Found component top_wrapper_fifo_w45_d2_S.
INFO-FLOW: Append model top_wrapper_fifo_w45_d2_S
INFO-FLOW: Found component top_wrapper_fifo_w45_d2_S.
INFO-FLOW: Append model top_wrapper_fifo_w45_d2_S
INFO-FLOW: Found component top_wrapper_fifo_w45_d2_S.
INFO-FLOW: Append model top_wrapper_fifo_w45_d2_S
INFO-FLOW: Found component top_wrapper_fifo_w45_d2_S.
INFO-FLOW: Append model top_wrapper_fifo_w45_d2_S
INFO-FLOW: Found component top_wrapper_fifo_w45_d2_S.
INFO-FLOW: Append model top_wrapper_fifo_w45_d2_S
INFO-FLOW: Found component top_wrapper_fifo_w45_d2_S.
INFO-FLOW: Append model top_wrapper_fifo_w45_d2_S
INFO-FLOW: Found component top_wrapper_fifo_w45_d2_S.
INFO-FLOW: Append model top_wrapper_fifo_w45_d2_S
INFO-FLOW: Found component top_wrapper_fifo_w45_d2_S.
INFO-FLOW: Append model top_wrapper_fifo_w45_d2_S
INFO-FLOW: Found component top_wrapper_fifo_w45_d2_S.
INFO-FLOW: Append model top_wrapper_fifo_w45_d2_S
INFO-FLOW: Found component top_wrapper_fifo_w45_d2_S.
INFO-FLOW: Append model top_wrapper_fifo_w45_d2_S
INFO-FLOW: Found component top_wrapper_fifo_w45_d2_S.
INFO-FLOW: Append model top_wrapper_fifo_w45_d2_S
INFO-FLOW: Found component top_wrapper_fifo_w45_d2_S.
INFO-FLOW: Append model top_wrapper_fifo_w45_d2_S
INFO-FLOW: Found component top_wrapper_fifo_w45_d2_S.
INFO-FLOW: Append model top_wrapper_fifo_w45_d2_S
INFO-FLOW: Found component top_wrapper_fifo_w45_d2_S.
INFO-FLOW: Append model top_wrapper_fifo_w45_d2_S
INFO-FLOW: Found component top_wrapper_fifo_w45_d2_S.
INFO-FLOW: Append model top_wrapper_fifo_w45_d2_S
INFO-FLOW: Found component top_wrapper_fifo_w45_d2_S.
INFO-FLOW: Append model top_wrapper_fifo_w45_d2_S
INFO-FLOW: Found component top_wrapper_fifo_w45_d2_S.
INFO-FLOW: Append model top_wrapper_fifo_w45_d2_S
INFO-FLOW: Found component top_wrapper_fifo_w45_d2_S.
INFO-FLOW: Append model top_wrapper_fifo_w45_d2_S
INFO-FLOW: Found component top_wrapper_fifo_w45_d2_S.
INFO-FLOW: Append model top_wrapper_fifo_w45_d2_S
INFO-FLOW: Found component top_wrapper_fifo_w45_d2_S.
INFO-FLOW: Append model top_wrapper_fifo_w45_d2_S
INFO-FLOW: Found component top_wrapper_fifo_w45_d2_S.
INFO-FLOW: Append model top_wrapper_fifo_w45_d2_S
INFO-FLOW: Found component top_wrapper_fifo_w45_d2_S.
INFO-FLOW: Append model top_wrapper_fifo_w45_d2_S
INFO-FLOW: Found component top_wrapper_fifo_w45_d2_S.
INFO-FLOW: Append model top_wrapper_fifo_w45_d2_S
INFO-FLOW: Found component top_wrapper_fifo_w45_d2_S.
INFO-FLOW: Append model top_wrapper_fifo_w45_d2_S
INFO-FLOW: Found component top_wrapper_fifo_w45_d2_S.
INFO-FLOW: Append model top_wrapper_fifo_w45_d2_S
INFO-FLOW: Found component top_wrapper_fifo_w45_d2_S.
INFO-FLOW: Append model top_wrapper_fifo_w45_d2_S
INFO-FLOW: Found component top_wrapper_fifo_w45_d2_S.
INFO-FLOW: Append model top_wrapper_fifo_w45_d2_S
INFO-FLOW: Found component top_wrapper_fifo_w45_d2_S.
INFO-FLOW: Append model top_wrapper_fifo_w45_d2_S
INFO-FLOW: Found component top_wrapper_fifo_w45_d2_S.
INFO-FLOW: Append model top_wrapper_fifo_w45_d2_S
INFO-FLOW: Found component top_wrapper_fifo_w45_d2_S.
INFO-FLOW: Append model top_wrapper_fifo_w45_d2_S
INFO-FLOW: Found component top_wrapper_fifo_w45_d2_S.
INFO-FLOW: Append model top_wrapper_fifo_w45_d2_S
INFO-FLOW: Found component top_wrapper_fifo_w45_d2_S.
INFO-FLOW: Append model top_wrapper_fifo_w45_d2_S
INFO-FLOW: Found component top_wrapper_fifo_w45_d2_S.
INFO-FLOW: Append model top_wrapper_fifo_w45_d2_S
INFO-FLOW: Found component top_wrapper_fifo_w45_d2_S.
INFO-FLOW: Append model top_wrapper_fifo_w45_d2_S
INFO-FLOW: Found component top_wrapper_fifo_w45_d2_S.
INFO-FLOW: Append model top_wrapper_fifo_w45_d2_S
INFO-FLOW: Found component top_wrapper_fifo_w45_d2_S.
INFO-FLOW: Append model top_wrapper_fifo_w45_d2_S
INFO-FLOW: Found component top_wrapper_fifo_w45_d2_S.
INFO-FLOW: Append model top_wrapper_fifo_w45_d2_S
INFO-FLOW: Found component top_wrapper_fifo_w45_d2_S.
INFO-FLOW: Append model top_wrapper_fifo_w45_d2_S
INFO-FLOW: Found component top_wrapper_fifo_w45_d2_S.
INFO-FLOW: Append model top_wrapper_fifo_w45_d2_S
INFO-FLOW: Found component top_wrapper_fifo_w45_d2_S.
INFO-FLOW: Append model top_wrapper_fifo_w45_d2_S
INFO-FLOW: Found component top_wrapper_fifo_w45_d2_S.
INFO-FLOW: Append model top_wrapper_fifo_w45_d2_S
INFO-FLOW: Found component top_wrapper_fifo_w45_d2_S.
INFO-FLOW: Append model top_wrapper_fifo_w45_d2_S
INFO-FLOW: Found component top_wrapper_fifo_w45_d2_S.
INFO-FLOW: Append model top_wrapper_fifo_w45_d2_S
INFO-FLOW: Found component top_wrapper_fifo_w45_d2_S.
INFO-FLOW: Append model top_wrapper_fifo_w45_d2_S
INFO-FLOW: Found component top_wrapper_fifo_w45_d2_S.
INFO-FLOW: Append model top_wrapper_fifo_w45_d2_S
INFO-FLOW: Found component top_wrapper_fifo_w45_d2_S.
INFO-FLOW: Append model top_wrapper_fifo_w45_d2_S
INFO-FLOW: Found component top_wrapper_fifo_w45_d2_S.
INFO-FLOW: Append model top_wrapper_fifo_w45_d2_S
INFO-FLOW: Found component top_wrapper_fifo_w45_d2_S.
INFO-FLOW: Append model top_wrapper_fifo_w45_d2_S
INFO-FLOW: Found component top_wrapper_fifo_w45_d2_S.
INFO-FLOW: Append model top_wrapper_fifo_w45_d2_S
INFO-FLOW: Found component top_wrapper_fifo_w45_d2_S.
INFO-FLOW: Append model top_wrapper_fifo_w45_d2_S
INFO-FLOW: Found component top_wrapper_fifo_w45_d2_S.
INFO-FLOW: Append model top_wrapper_fifo_w45_d2_S
INFO-FLOW: Found component top_wrapper_fifo_w45_d2_S.
INFO-FLOW: Append model top_wrapper_fifo_w45_d2_S
INFO-FLOW: Found component top_wrapper_fifo_w45_d2_S.
INFO-FLOW: Append model top_wrapper_fifo_w45_d2_S
INFO-FLOW: Found component top_wrapper_fifo_w45_d2_S.
INFO-FLOW: Append model top_wrapper_fifo_w45_d2_S
INFO-FLOW: Found component top_wrapper_fifo_w45_d2_S.
INFO-FLOW: Append model top_wrapper_fifo_w45_d2_S
INFO-FLOW: Found component top_wrapper_fifo_w45_d2_S.
INFO-FLOW: Append model top_wrapper_fifo_w45_d2_S
INFO-FLOW: Found component top_wrapper_fifo_w45_d2_S.
INFO-FLOW: Append model top_wrapper_fifo_w45_d2_S
INFO-FLOW: Found component top_wrapper_fifo_w45_d2_S.
INFO-FLOW: Append model top_wrapper_fifo_w45_d2_S
INFO-FLOW: Found component top_wrapper_fifo_w45_d2_S.
INFO-FLOW: Append model top_wrapper_fifo_w45_d2_S
INFO-FLOW: Found component top_wrapper_fifo_w45_d2_S.
INFO-FLOW: Append model top_wrapper_fifo_w45_d2_S
INFO-FLOW: Found component top_wrapper_fifo_w45_d2_S.
INFO-FLOW: Append model top_wrapper_fifo_w45_d2_S
INFO-FLOW: Found component top_wrapper_fifo_w45_d2_S.
INFO-FLOW: Append model top_wrapper_fifo_w45_d2_S
INFO-FLOW: Found component top_wrapper_fifo_w45_d2_S.
INFO-FLOW: Append model top_wrapper_fifo_w45_d2_S
INFO-FLOW: Found component top_wrapper_fifo_w45_d2_S.
INFO-FLOW: Append model top_wrapper_fifo_w45_d2_S
INFO-FLOW: Found component top_wrapper_fifo_w45_d2_S.
INFO-FLOW: Append model top_wrapper_fifo_w45_d2_S
INFO-FLOW: Found component top_wrapper_fifo_w45_d2_S.
INFO-FLOW: Append model top_wrapper_fifo_w45_d2_S
INFO-FLOW: Found component top_wrapper_fifo_w45_d2_S.
INFO-FLOW: Append model top_wrapper_fifo_w45_d2_S
INFO-FLOW: Found component top_wrapper_fifo_w45_d2_S.
INFO-FLOW: Append model top_wrapper_fifo_w45_d2_S
INFO-FLOW: Found component top_wrapper_fifo_w45_d2_S.
INFO-FLOW: Append model top_wrapper_fifo_w45_d2_S
INFO-FLOW: Found component top_wrapper_fifo_w45_d2_S.
INFO-FLOW: Append model top_wrapper_fifo_w45_d2_S
INFO-FLOW: Found component top_wrapper_fifo_w45_d2_S.
INFO-FLOW: Append model top_wrapper_fifo_w45_d2_S
INFO-FLOW: Found component top_wrapper_fifo_w45_d2_S.
INFO-FLOW: Append model top_wrapper_fifo_w45_d2_S
INFO-FLOW: Found component top_wrapper_fifo_w45_d2_S.
INFO-FLOW: Append model top_wrapper_fifo_w45_d2_S
INFO-FLOW: Found component top_wrapper_fifo_w45_d2_S.
INFO-FLOW: Append model top_wrapper_fifo_w45_d2_S
INFO-FLOW: Found component top_wrapper_fifo_w45_d2_S.
INFO-FLOW: Append model top_wrapper_fifo_w45_d2_S
INFO-FLOW: Found component top_wrapper_fifo_w45_d2_S.
INFO-FLOW: Append model top_wrapper_fifo_w45_d2_S
INFO-FLOW: Found component top_wrapper_fifo_w45_d2_S.
INFO-FLOW: Append model top_wrapper_fifo_w45_d2_S
INFO-FLOW: Found component top_wrapper_fifo_w45_d2_S.
INFO-FLOW: Append model top_wrapper_fifo_w45_d2_S
INFO-FLOW: Found component top_wrapper_fifo_w45_d2_S.
INFO-FLOW: Append model top_wrapper_fifo_w45_d2_S
INFO-FLOW: Found component top_wrapper_fifo_w45_d2_S.
INFO-FLOW: Append model top_wrapper_fifo_w45_d2_S
INFO-FLOW: Found component top_wrapper_fifo_w45_d2_S.
INFO-FLOW: Append model top_wrapper_fifo_w45_d2_S
INFO-FLOW: Found component top_wrapper_fifo_w45_d2_S.
INFO-FLOW: Append model top_wrapper_fifo_w45_d2_S
INFO-FLOW: Found component top_wrapper_fifo_w45_d2_S.
INFO-FLOW: Append model top_wrapper_fifo_w45_d2_S
INFO-FLOW: Found component top_wrapper_fifo_w45_d2_S.
INFO-FLOW: Append model top_wrapper_fifo_w45_d2_S
INFO-FLOW: Found component top_wrapper_fifo_w45_d2_S.
INFO-FLOW: Append model top_wrapper_fifo_w45_d2_S
INFO-FLOW: Found component top_wrapper_fifo_w45_d2_S.
INFO-FLOW: Append model top_wrapper_fifo_w45_d2_S
INFO-FLOW: Found component top_wrapper_fifo_w45_d2_S.
INFO-FLOW: Append model top_wrapper_fifo_w45_d2_S
INFO-FLOW: Found component top_wrapper_fifo_w45_d2_S.
INFO-FLOW: Append model top_wrapper_fifo_w45_d2_S
INFO-FLOW: Found component top_wrapper_fifo_w45_d2_S.
INFO-FLOW: Append model top_wrapper_fifo_w45_d2_S
INFO-FLOW: Found component top_wrapper_fifo_w45_d2_S.
INFO-FLOW: Append model top_wrapper_fifo_w45_d2_S
INFO-FLOW: Found component top_wrapper_fifo_w45_d2_S.
INFO-FLOW: Append model top_wrapper_fifo_w45_d2_S
INFO-FLOW: Found component top_wrapper_fifo_w45_d2_S.
INFO-FLOW: Append model top_wrapper_fifo_w45_d2_S
INFO-FLOW: Found component top_wrapper_fifo_w45_d2_S.
INFO-FLOW: Append model top_wrapper_fifo_w45_d2_S
INFO-FLOW: Found component top_wrapper_fifo_w45_d2_S.
INFO-FLOW: Append model top_wrapper_fifo_w45_d2_S
INFO-FLOW: Found component top_wrapper_fifo_w45_d2_S.
INFO-FLOW: Append model top_wrapper_fifo_w45_d2_S
INFO-FLOW: Found component top_wrapper_fifo_w45_d2_S.
INFO-FLOW: Append model top_wrapper_fifo_w45_d2_S
INFO-FLOW: Found component top_wrapper_fifo_w45_d2_S.
INFO-FLOW: Append model top_wrapper_fifo_w45_d2_S
INFO-FLOW: Found component top_wrapper_fifo_w45_d2_S.
INFO-FLOW: Append model top_wrapper_fifo_w45_d2_S
INFO-FLOW: Found component top_wrapper_fifo_w45_d2_S.
INFO-FLOW: Append model top_wrapper_fifo_w45_d2_S
INFO-FLOW: Found component top_wrapper_fifo_w45_d2_S.
INFO-FLOW: Append model top_wrapper_fifo_w45_d2_S
INFO-FLOW: Found component top_wrapper_fifo_w45_d2_S.
INFO-FLOW: Append model top_wrapper_fifo_w45_d2_S
INFO-FLOW: Found component top_wrapper_fifo_w45_d2_S.
INFO-FLOW: Append model top_wrapper_fifo_w45_d2_S
INFO-FLOW: Found component top_wrapper_fifo_w45_d2_S.
INFO-FLOW: Append model top_wrapper_fifo_w45_d2_S
INFO-FLOW: Found component top_wrapper_fifo_w45_d2_S.
INFO-FLOW: Append model top_wrapper_fifo_w45_d2_S
INFO-FLOW: Found component top_wrapper_fifo_w45_d2_S.
INFO-FLOW: Append model top_wrapper_fifo_w45_d2_S
INFO-FLOW: Found component top_wrapper_fifo_w45_d2_S.
INFO-FLOW: Append model top_wrapper_fifo_w45_d2_S
INFO-FLOW: Found component top_wrapper_fifo_w45_d2_S.
INFO-FLOW: Append model top_wrapper_fifo_w45_d2_S
INFO-FLOW: Found component top_wrapper_fifo_w45_d2_S.
INFO-FLOW: Append model top_wrapper_fifo_w45_d2_S
INFO-FLOW: Found component top_wrapper_fifo_w45_d2_S.
INFO-FLOW: Append model top_wrapper_fifo_w45_d2_S
INFO-FLOW: Found component top_wrapper_fifo_w45_d2_S.
INFO-FLOW: Append model top_wrapper_fifo_w45_d2_S
INFO-FLOW: Found component top_wrapper_fifo_w45_d2_S.
INFO-FLOW: Append model top_wrapper_fifo_w45_d2_S
INFO-FLOW: Found component top_wrapper_fifo_w45_d2_S.
INFO-FLOW: Append model top_wrapper_fifo_w45_d2_S
INFO-FLOW: Found component top_wrapper_fifo_w45_d2_S.
INFO-FLOW: Append model top_wrapper_fifo_w45_d2_S
INFO-FLOW: Found component top_wrapper_fifo_w45_d2_S.
INFO-FLOW: Append model top_wrapper_fifo_w45_d2_S
INFO-FLOW: Found component top_wrapper_fifo_w45_d2_S.
INFO-FLOW: Append model top_wrapper_fifo_w45_d2_S
INFO-FLOW: Found component top_wrapper_fifo_w45_d2_S.
INFO-FLOW: Append model top_wrapper_fifo_w45_d2_S
INFO-FLOW: Found component top_wrapper_fifo_w45_d2_S.
INFO-FLOW: Append model top_wrapper_fifo_w45_d2_S
INFO-FLOW: Found component top_wrapper_fifo_w45_d2_S.
INFO-FLOW: Append model top_wrapper_fifo_w45_d2_S
INFO-FLOW: Found component top_wrapper_fifo_w45_d2_S.
INFO-FLOW: Append model top_wrapper_fifo_w45_d2_S
INFO-FLOW: Found component top_wrapper_fifo_w45_d2_S.
INFO-FLOW: Append model top_wrapper_fifo_w45_d2_S
INFO-FLOW: Found component top_wrapper_fifo_w45_d2_S.
INFO-FLOW: Append model top_wrapper_fifo_w45_d2_S
INFO-FLOW: Found component top_wrapper_fifo_w45_d2_S.
INFO-FLOW: Append model top_wrapper_fifo_w45_d2_S
INFO-FLOW: Found component top_wrapper_fifo_w45_d2_S.
INFO-FLOW: Append model top_wrapper_fifo_w45_d2_S
INFO-FLOW: Found component top_wrapper_fifo_w45_d2_S.
INFO-FLOW: Append model top_wrapper_fifo_w45_d2_S
INFO-FLOW: Found component top_wrapper_fifo_w45_d2_S.
INFO-FLOW: Append model top_wrapper_fifo_w45_d2_S
INFO-FLOW: Found component top_wrapper_fifo_w45_d2_S.
INFO-FLOW: Append model top_wrapper_fifo_w45_d2_S
INFO-FLOW: Found component top_wrapper_fifo_w45_d2_S.
INFO-FLOW: Append model top_wrapper_fifo_w45_d2_S
INFO-FLOW: Found component top_wrapper_fifo_w45_d2_S.
INFO-FLOW: Append model top_wrapper_fifo_w45_d2_S
INFO-FLOW: Found component top_wrapper_fifo_w45_d2_S.
INFO-FLOW: Append model top_wrapper_fifo_w45_d2_S
INFO-FLOW: Found component top_wrapper_fifo_w45_d2_S.
INFO-FLOW: Append model top_wrapper_fifo_w45_d2_S
INFO-FLOW: Found component top_wrapper_fifo_w45_d2_S.
INFO-FLOW: Append model top_wrapper_fifo_w45_d2_S
INFO-FLOW: Found component top_wrapper_fifo_w45_d2_S.
INFO-FLOW: Append model top_wrapper_fifo_w45_d2_S
INFO-FLOW: Found component top_wrapper_fifo_w45_d2_S.
INFO-FLOW: Append model top_wrapper_fifo_w45_d2_S
INFO-FLOW: Found component top_wrapper_fifo_w45_d2_S.
INFO-FLOW: Append model top_wrapper_fifo_w45_d2_S
INFO-FLOW: Found component top_wrapper_fifo_w45_d2_S.
INFO-FLOW: Append model top_wrapper_fifo_w45_d2_S
INFO-FLOW: Found component top_wrapper_fifo_w45_d2_S.
INFO-FLOW: Append model top_wrapper_fifo_w45_d2_S
INFO-FLOW: Found component top_wrapper_fifo_w45_d2_S.
INFO-FLOW: Append model top_wrapper_fifo_w45_d2_S
INFO-FLOW: Found component top_wrapper_fifo_w45_d2_S.
INFO-FLOW: Append model top_wrapper_fifo_w45_d2_S
INFO-FLOW: Found component top_wrapper_fifo_w45_d2_S.
INFO-FLOW: Append model top_wrapper_fifo_w45_d2_S
INFO-FLOW: Found component top_wrapper_fifo_w45_d2_S.
INFO-FLOW: Append model top_wrapper_fifo_w45_d2_S
INFO-FLOW: Found component top_wrapper_fifo_w45_d2_S.
INFO-FLOW: Append model top_wrapper_fifo_w45_d2_S
INFO-FLOW: Found component top_wrapper_fifo_w45_d2_S.
INFO-FLOW: Append model top_wrapper_fifo_w45_d2_S
INFO-FLOW: Found component top_wrapper_fifo_w45_d2_S.
INFO-FLOW: Append model top_wrapper_fifo_w45_d2_S
INFO-FLOW: Found component top_wrapper_fifo_w45_d2_S.
INFO-FLOW: Append model top_wrapper_fifo_w45_d2_S
INFO-FLOW: Found component top_wrapper_fifo_w45_d2_S.
INFO-FLOW: Append model top_wrapper_fifo_w45_d2_S
INFO-FLOW: Found component top_wrapper_fifo_w45_d2_S.
INFO-FLOW: Append model top_wrapper_fifo_w45_d2_S
INFO-FLOW: Found component top_wrapper_fifo_w45_d2_S.
INFO-FLOW: Append model top_wrapper_fifo_w45_d2_S
INFO-FLOW: Found component top_wrapper_fifo_w45_d2_S.
INFO-FLOW: Append model top_wrapper_fifo_w45_d2_S
INFO-FLOW: Found component top_wrapper_fifo_w45_d2_S.
INFO-FLOW: Append model top_wrapper_fifo_w45_d2_S
INFO-FLOW: Found component top_wrapper_fifo_w45_d2_S.
INFO-FLOW: Append model top_wrapper_fifo_w45_d2_S
INFO-FLOW: Found component top_wrapper_fifo_w45_d2_S.
INFO-FLOW: Append model top_wrapper_fifo_w45_d2_S
INFO-FLOW: Found component top_wrapper_fifo_w45_d2_S.
INFO-FLOW: Append model top_wrapper_fifo_w45_d2_S
INFO-FLOW: Found component top_wrapper_fifo_w45_d2_S.
INFO-FLOW: Append model top_wrapper_fifo_w45_d2_S
INFO-FLOW: Found component top_wrapper_fifo_w45_d2_S.
INFO-FLOW: Append model top_wrapper_fifo_w45_d2_S
INFO-FLOW: Found component top_wrapper_fifo_w45_d2_S.
INFO-FLOW: Append model top_wrapper_fifo_w45_d2_S
INFO-FLOW: Found component top_wrapper_fifo_w45_d2_S.
INFO-FLOW: Append model top_wrapper_fifo_w45_d2_S
INFO-FLOW: Found component top_wrapper_fifo_w45_d2_S.
INFO-FLOW: Append model top_wrapper_fifo_w45_d2_S
INFO-FLOW: Found component top_wrapper_fifo_w45_d2_S.
INFO-FLOW: Append model top_wrapper_fifo_w45_d2_S
INFO-FLOW: Found component top_wrapper_fifo_w45_d2_S.
INFO-FLOW: Append model top_wrapper_fifo_w45_d2_S
INFO-FLOW: Found component top_wrapper_fifo_w45_d2_S.
INFO-FLOW: Append model top_wrapper_fifo_w45_d2_S
INFO-FLOW: Found component top_wrapper_fifo_w45_d2_S.
INFO-FLOW: Append model top_wrapper_fifo_w45_d2_S
INFO-FLOW: Found component top_wrapper_fifo_w45_d2_S.
INFO-FLOW: Append model top_wrapper_fifo_w45_d2_S
INFO-FLOW: Found component top_wrapper_fifo_w45_d2_S.
INFO-FLOW: Append model top_wrapper_fifo_w45_d2_S
INFO-FLOW: Found component top_wrapper_fifo_w45_d2_S.
INFO-FLOW: Append model top_wrapper_fifo_w45_d2_S
INFO-FLOW: Found component top_wrapper_fifo_w45_d2_S.
INFO-FLOW: Append model top_wrapper_fifo_w45_d2_S
INFO-FLOW: Found component top_wrapper_fifo_w45_d2_S.
INFO-FLOW: Append model top_wrapper_fifo_w45_d2_S
INFO-FLOW: Found component top_wrapper_fifo_w45_d2_S.
INFO-FLOW: Append model top_wrapper_fifo_w45_d2_S
INFO-FLOW: Found component top_wrapper_fifo_w45_d2_S.
INFO-FLOW: Append model top_wrapper_fifo_w45_d2_S
INFO-FLOW: Found component top_wrapper_fifo_w45_d2_S.
INFO-FLOW: Append model top_wrapper_fifo_w45_d2_S
INFO-FLOW: Found component top_wrapper_fifo_w45_d2_S.
INFO-FLOW: Append model top_wrapper_fifo_w45_d2_S
INFO-FLOW: Found component top_wrapper_fifo_w45_d2_S.
INFO-FLOW: Append model top_wrapper_fifo_w45_d2_S
INFO-FLOW: Found component top_wrapper_fifo_w45_d2_S.
INFO-FLOW: Append model top_wrapper_fifo_w45_d2_S
INFO-FLOW: Found component top_wrapper_fifo_w45_d2_S.
INFO-FLOW: Append model top_wrapper_fifo_w45_d2_S
INFO-FLOW: Found component top_wrapper_fifo_w45_d2_S.
INFO-FLOW: Append model top_wrapper_fifo_w45_d2_S
INFO-FLOW: Found component top_wrapper_fifo_w45_d2_S.
INFO-FLOW: Append model top_wrapper_fifo_w45_d2_S
INFO-FLOW: Found component top_wrapper_fifo_w45_d2_S.
INFO-FLOW: Append model top_wrapper_fifo_w45_d2_S
INFO-FLOW: Found component top_wrapper_fifo_w45_d2_S.
INFO-FLOW: Append model top_wrapper_fifo_w45_d2_S
INFO-FLOW: Found component top_wrapper_fifo_w45_d2_S.
INFO-FLOW: Append model top_wrapper_fifo_w45_d2_S
INFO-FLOW: Found component top_wrapper_fifo_w45_d2_S.
INFO-FLOW: Append model top_wrapper_fifo_w45_d2_S
INFO-FLOW: Found component top_wrapper_fifo_w45_d2_S.
INFO-FLOW: Append model top_wrapper_fifo_w45_d2_S
INFO-FLOW: Found component top_wrapper_fifo_w45_d2_S.
INFO-FLOW: Append model top_wrapper_fifo_w45_d2_S
INFO-FLOW: Found component top_wrapper_fifo_w45_d2_S.
INFO-FLOW: Append model top_wrapper_fifo_w45_d2_S
INFO-FLOW: Found component top_wrapper_fifo_w45_d2_S.
INFO-FLOW: Append model top_wrapper_fifo_w45_d2_S
INFO-FLOW: Found component top_wrapper_fifo_w45_d2_S.
INFO-FLOW: Append model top_wrapper_fifo_w45_d2_S
INFO-FLOW: Found component top_wrapper_fifo_w45_d2_S.
INFO-FLOW: Append model top_wrapper_fifo_w45_d2_S
INFO-FLOW: Found component top_wrapper_fifo_w45_d2_S.
INFO-FLOW: Append model top_wrapper_fifo_w45_d2_S
INFO-FLOW: Found component top_wrapper_fifo_w45_d2_S.
INFO-FLOW: Append model top_wrapper_fifo_w45_d2_S
INFO-FLOW: Found component top_wrapper_fifo_w45_d2_S.
INFO-FLOW: Append model top_wrapper_fifo_w45_d2_S
INFO-FLOW: Found component top_wrapper_fifo_w45_d2_S.
INFO-FLOW: Append model top_wrapper_fifo_w45_d2_S
INFO-FLOW: Found component top_wrapper_fifo_w45_d2_S.
INFO-FLOW: Append model top_wrapper_fifo_w45_d2_S
INFO-FLOW: Found component top_wrapper_fifo_w45_d2_S.
INFO-FLOW: Append model top_wrapper_fifo_w45_d2_S
INFO-FLOW: Found component top_wrapper_fifo_w45_d2_S.
INFO-FLOW: Append model top_wrapper_fifo_w45_d2_S
INFO-FLOW: Found component top_wrapper_fifo_w45_d2_S.
INFO-FLOW: Append model top_wrapper_fifo_w45_d2_S
INFO-FLOW: Found component top_wrapper_fifo_w45_d2_S.
INFO-FLOW: Append model top_wrapper_fifo_w45_d2_S
INFO-FLOW: Found component top_wrapper_fifo_w45_d2_S.
INFO-FLOW: Append model top_wrapper_fifo_w45_d2_S
INFO-FLOW: Found component top_wrapper_fifo_w45_d2_S.
INFO-FLOW: Append model top_wrapper_fifo_w45_d2_S
INFO-FLOW: Found component top_wrapper_fifo_w45_d2_S.
INFO-FLOW: Append model top_wrapper_fifo_w45_d2_S
INFO-FLOW: Found component top_wrapper_fifo_w45_d2_S.
INFO-FLOW: Append model top_wrapper_fifo_w45_d2_S
INFO-FLOW: Found component top_wrapper_fifo_w45_d2_S.
INFO-FLOW: Append model top_wrapper_fifo_w45_d2_S
INFO-FLOW: Found component top_wrapper_fifo_w45_d2_S.
INFO-FLOW: Append model top_wrapper_fifo_w45_d2_S
INFO-FLOW: Found component top_wrapper_fifo_w45_d2_S.
INFO-FLOW: Append model top_wrapper_fifo_w45_d2_S
INFO-FLOW: Found component top_wrapper_fifo_w45_d2_S.
INFO-FLOW: Append model top_wrapper_fifo_w45_d2_S
INFO-FLOW: Found component top_wrapper_fifo_w45_d2_S.
INFO-FLOW: Append model top_wrapper_fifo_w45_d2_S
INFO-FLOW: Found component top_wrapper_fifo_w45_d2_S.
INFO-FLOW: Append model top_wrapper_fifo_w45_d2_S
INFO-FLOW: Found component top_wrapper_fifo_w45_d2_S.
INFO-FLOW: Append model top_wrapper_fifo_w45_d2_S
INFO-FLOW: Found component top_wrapper_fifo_w45_d2_S.
INFO-FLOW: Append model top_wrapper_fifo_w45_d2_S
INFO-FLOW: Found component top_wrapper_fifo_w45_d2_S.
INFO-FLOW: Append model top_wrapper_fifo_w45_d2_S
INFO-FLOW: Found component top_wrapper_fifo_w45_d2_S.
INFO-FLOW: Append model top_wrapper_fifo_w45_d2_S
INFO-FLOW: Found component top_wrapper_fifo_w45_d2_S.
INFO-FLOW: Append model top_wrapper_fifo_w45_d2_S
INFO-FLOW: Found component top_wrapper_fifo_w45_d2_S.
INFO-FLOW: Append model top_wrapper_fifo_w45_d2_S
INFO-FLOW: Found component top_wrapper_fifo_w45_d2_S.
INFO-FLOW: Append model top_wrapper_fifo_w45_d2_S
INFO-FLOW: Found component top_wrapper_fifo_w45_d2_S.
INFO-FLOW: Append model top_wrapper_fifo_w45_d2_S
INFO-FLOW: Found component top_wrapper_fifo_w45_d2_S.
INFO-FLOW: Append model top_wrapper_fifo_w45_d2_S
INFO-FLOW: Found component top_wrapper_fifo_w45_d2_S.
INFO-FLOW: Append model top_wrapper_fifo_w45_d2_S
INFO-FLOW: Found component top_wrapper_fifo_w45_d2_S.
INFO-FLOW: Append model top_wrapper_fifo_w45_d2_S
INFO-FLOW: Found component top_wrapper_fifo_w45_d2_S.
INFO-FLOW: Append model top_wrapper_fifo_w45_d2_S
INFO-FLOW: Found component top_wrapper_fifo_w45_d2_S.
INFO-FLOW: Append model top_wrapper_fifo_w45_d2_S
INFO-FLOW: Found component top_wrapper_fifo_w45_d2_S.
INFO-FLOW: Append model top_wrapper_fifo_w45_d2_S
INFO-FLOW: Found component top_wrapper_fifo_w45_d2_S.
INFO-FLOW: Append model top_wrapper_fifo_w45_d2_S
INFO-FLOW: Found component top_wrapper_fifo_w45_d2_S.
INFO-FLOW: Append model top_wrapper_fifo_w45_d2_S
INFO-FLOW: Found component top_wrapper_fifo_w45_d2_S.
INFO-FLOW: Append model top_wrapper_fifo_w45_d2_S
INFO-FLOW: Found component top_wrapper_fifo_w45_d2_S.
INFO-FLOW: Append model top_wrapper_fifo_w45_d2_S
INFO-FLOW: Found component top_wrapper_fifo_w45_d2_S.
INFO-FLOW: Append model top_wrapper_fifo_w45_d2_S
INFO-FLOW: Found component top_wrapper_fifo_w45_d2_S.
INFO-FLOW: Append model top_wrapper_fifo_w45_d2_S
INFO-FLOW: Found component top_wrapper_fifo_w45_d2_S.
INFO-FLOW: Append model top_wrapper_fifo_w45_d2_S
INFO-FLOW: Found component top_wrapper_fifo_w45_d2_S.
INFO-FLOW: Append model top_wrapper_fifo_w45_d2_S
INFO-FLOW: Found component top_wrapper_fifo_w45_d2_S.
INFO-FLOW: Append model top_wrapper_fifo_w45_d2_S
INFO-FLOW: Found component top_wrapper_fifo_w45_d2_S.
INFO-FLOW: Append model top_wrapper_fifo_w45_d2_S
INFO-FLOW: Found component top_wrapper_fifo_w45_d2_S.
INFO-FLOW: Append model top_wrapper_fifo_w45_d2_S
INFO-FLOW: Found component top_wrapper_fifo_w45_d2_S.
INFO-FLOW: Append model top_wrapper_fifo_w45_d2_S
INFO-FLOW: Found component top_wrapper_fifo_w45_d2_S.
INFO-FLOW: Append model top_wrapper_fifo_w45_d2_S
INFO-FLOW: Found component top_wrapper_fifo_w45_d2_S.
INFO-FLOW: Append model top_wrapper_fifo_w45_d2_S
INFO-FLOW: Found component top_wrapper_fifo_w45_d2_S.
INFO-FLOW: Append model top_wrapper_fifo_w45_d2_S
INFO-FLOW: Found component top_wrapper_fifo_w45_d2_S.
INFO-FLOW: Append model top_wrapper_fifo_w45_d2_S
INFO-FLOW: Found component top_wrapper_fifo_w45_d2_S.
INFO-FLOW: Append model top_wrapper_fifo_w45_d2_S
INFO-FLOW: Found component top_wrapper_fifo_w45_d2_S.
INFO-FLOW: Append model top_wrapper_fifo_w45_d2_S
INFO-FLOW: Found component top_wrapper_fifo_w45_d2_S.
INFO-FLOW: Append model top_wrapper_fifo_w45_d2_S
INFO-FLOW: Found component top_wrapper_fifo_w45_d2_S.
INFO-FLOW: Append model top_wrapper_fifo_w45_d2_S
INFO-FLOW: Found component top_wrapper_fifo_w45_d2_S.
INFO-FLOW: Append model top_wrapper_fifo_w45_d2_S
INFO-FLOW: Found component top_wrapper_fifo_w45_d2_S.
INFO-FLOW: Append model top_wrapper_fifo_w45_d2_S
INFO-FLOW: Found component top_wrapper_fifo_w45_d2_S.
INFO-FLOW: Append model top_wrapper_fifo_w45_d2_S
INFO-FLOW: Found component top_wrapper_fifo_w45_d2_S.
INFO-FLOW: Append model top_wrapper_fifo_w45_d2_S
INFO-FLOW: Found component top_wrapper_fifo_w45_d2_S.
INFO-FLOW: Append model top_wrapper_fifo_w45_d2_S
INFO-FLOW: Found component top_wrapper_fifo_w45_d2_S.
INFO-FLOW: Append model top_wrapper_fifo_w45_d2_S
INFO-FLOW: Found component top_wrapper_fifo_w45_d2_S.
INFO-FLOW: Append model top_wrapper_fifo_w45_d2_S
INFO-FLOW: Found component top_wrapper_fifo_w45_d2_S.
INFO-FLOW: Append model top_wrapper_fifo_w45_d2_S
INFO-FLOW: Found component top_wrapper_fifo_w45_d2_S.
INFO-FLOW: Append model top_wrapper_fifo_w45_d2_S
INFO-FLOW: Found component top_wrapper_fifo_w45_d2_S.
INFO-FLOW: Append model top_wrapper_fifo_w45_d2_S
INFO-FLOW: Found component top_wrapper_fifo_w45_d2_S.
INFO-FLOW: Append model top_wrapper_fifo_w45_d2_S
INFO-FLOW: Found component top_wrapper_fifo_w45_d2_S.
INFO-FLOW: Append model top_wrapper_fifo_w45_d2_S
INFO-FLOW: Found component top_wrapper_fifo_w45_d2_S.
INFO-FLOW: Append model top_wrapper_fifo_w45_d2_S
INFO-FLOW: Found component top_wrapper_fifo_w45_d2_S.
INFO-FLOW: Append model top_wrapper_fifo_w45_d2_S
INFO-FLOW: Found component top_wrapper_fifo_w45_d2_S.
INFO-FLOW: Append model top_wrapper_fifo_w45_d2_S
INFO-FLOW: Found component top_wrapper_fifo_w45_d2_S.
INFO-FLOW: Append model top_wrapper_fifo_w45_d2_S
INFO-FLOW: Found component top_wrapper_fifo_w45_d2_S.
INFO-FLOW: Append model top_wrapper_fifo_w45_d2_S
INFO-FLOW: Found component top_wrapper_fifo_w45_d2_S.
INFO-FLOW: Append model top_wrapper_fifo_w45_d2_S
INFO-FLOW: Found component top_wrapper_fifo_w45_d2_S.
INFO-FLOW: Append model top_wrapper_fifo_w45_d2_S
INFO-FLOW: Found component top_wrapper_fifo_w45_d2_S.
INFO-FLOW: Append model top_wrapper_fifo_w45_d2_S
INFO-FLOW: Found component top_wrapper_fifo_w45_d2_S.
INFO-FLOW: Append model top_wrapper_fifo_w45_d2_S
INFO-FLOW: Found component top_wrapper_fifo_w45_d2_S.
INFO-FLOW: Append model top_wrapper_fifo_w45_d2_S
INFO-FLOW: Found component top_wrapper_fifo_w45_d2_S.
INFO-FLOW: Append model top_wrapper_fifo_w45_d2_S
INFO-FLOW: Found component top_wrapper_fifo_w45_d2_S.
INFO-FLOW: Append model top_wrapper_fifo_w45_d2_S
INFO-FLOW: Found component top_wrapper_fifo_w45_d2_S.
INFO-FLOW: Append model top_wrapper_fifo_w45_d2_S
INFO-FLOW: Found component top_wrapper_fifo_w45_d2_S.
INFO-FLOW: Append model top_wrapper_fifo_w45_d2_S
INFO-FLOW: Found component top_wrapper_fifo_w45_d2_S.
INFO-FLOW: Append model top_wrapper_fifo_w45_d2_S
INFO-FLOW: Found component top_wrapper_fifo_w45_d2_S.
INFO-FLOW: Append model top_wrapper_fifo_w45_d2_S
INFO-FLOW: Found component top_wrapper_fifo_w45_d2_S.
INFO-FLOW: Append model top_wrapper_fifo_w45_d2_S
INFO-FLOW: Found component top_wrapper_fifo_w45_d2_S.
INFO-FLOW: Append model top_wrapper_fifo_w45_d2_S
INFO-FLOW: Found component top_wrapper_fifo_w45_d2_S.
INFO-FLOW: Append model top_wrapper_fifo_w45_d2_S
INFO-FLOW: Found component top_wrapper_fifo_w45_d2_S.
INFO-FLOW: Append model top_wrapper_fifo_w45_d2_S
INFO-FLOW: Found component top_wrapper_fifo_w45_d2_S.
INFO-FLOW: Append model top_wrapper_fifo_w45_d2_S
INFO-FLOW: Found component top_wrapper_fifo_w45_d2_S.
INFO-FLOW: Append model top_wrapper_fifo_w45_d2_S
INFO-FLOW: Found component top_wrapper_fifo_w45_d2_S.
INFO-FLOW: Append model top_wrapper_fifo_w45_d2_S
INFO-FLOW: Found component top_wrapper_fifo_w45_d2_S.
INFO-FLOW: Append model top_wrapper_fifo_w45_d2_S
INFO-FLOW: Found component top_wrapper_fifo_w45_d2_S.
INFO-FLOW: Append model top_wrapper_fifo_w45_d2_S
INFO-FLOW: Found component top_wrapper_fifo_w45_d2_S.
INFO-FLOW: Append model top_wrapper_fifo_w45_d2_S
INFO-FLOW: Found component top_wrapper_fifo_w45_d2_S.
INFO-FLOW: Append model top_wrapper_fifo_w45_d2_S
INFO-FLOW: Found component top_wrapper_fifo_w45_d2_S.
INFO-FLOW: Append model top_wrapper_fifo_w45_d2_S
INFO-FLOW: Found component top_wrapper_fifo_w45_d2_S.
INFO-FLOW: Append model top_wrapper_fifo_w45_d2_S
INFO-FLOW: Found component top_wrapper_fifo_w45_d2_S.
INFO-FLOW: Append model top_wrapper_fifo_w45_d2_S
INFO-FLOW: Found component top_wrapper_fifo_w45_d2_S.
INFO-FLOW: Append model top_wrapper_fifo_w45_d2_S
INFO-FLOW: Found component top_wrapper_fifo_w45_d2_S.
INFO-FLOW: Append model top_wrapper_fifo_w45_d2_S
INFO-FLOW: Found component top_wrapper_fifo_w45_d2_S.
INFO-FLOW: Append model top_wrapper_fifo_w45_d2_S
INFO-FLOW: Found component top_wrapper_fifo_w45_d2_S.
INFO-FLOW: Append model top_wrapper_fifo_w45_d2_S
INFO-FLOW: Found component top_wrapper_fifo_w45_d2_S.
INFO-FLOW: Append model top_wrapper_fifo_w45_d2_S
INFO-FLOW: Found component top_wrapper_fifo_w45_d2_S.
INFO-FLOW: Append model top_wrapper_fifo_w45_d2_S
INFO-FLOW: Found component top_wrapper_fifo_w45_d2_S.
INFO-FLOW: Append model top_wrapper_fifo_w45_d2_S
INFO-FLOW: Found component top_wrapper_fifo_w45_d2_S.
INFO-FLOW: Append model top_wrapper_fifo_w45_d2_S
INFO-FLOW: Found component top_wrapper_fifo_w45_d2_S.
INFO-FLOW: Append model top_wrapper_fifo_w45_d2_S
INFO-FLOW: Found component top_wrapper_fifo_w45_d2_S.
INFO-FLOW: Append model top_wrapper_fifo_w45_d2_S
INFO-FLOW: Found component top_wrapper_fifo_w45_d2_S.
INFO-FLOW: Append model top_wrapper_fifo_w45_d2_S
INFO-FLOW: Found component top_wrapper_fifo_w45_d2_S.
INFO-FLOW: Append model top_wrapper_fifo_w45_d2_S
INFO-FLOW: Found component top_wrapper_fifo_w45_d2_S.
INFO-FLOW: Append model top_wrapper_fifo_w45_d2_S
INFO-FLOW: Found component top_wrapper_fifo_w45_d2_S.
INFO-FLOW: Append model top_wrapper_fifo_w45_d2_S
INFO-FLOW: Found component top_wrapper_fifo_w45_d2_S.
INFO-FLOW: Append model top_wrapper_fifo_w45_d2_S
INFO-FLOW: Found component top_wrapper_fifo_w45_d2_S.
INFO-FLOW: Append model top_wrapper_fifo_w45_d2_S
INFO-FLOW: Found component top_wrapper_fifo_w45_d2_S.
INFO-FLOW: Append model top_wrapper_fifo_w45_d2_S
INFO-FLOW: Found component top_wrapper_fifo_w45_d2_S.
INFO-FLOW: Append model top_wrapper_fifo_w45_d2_S
INFO-FLOW: Found component top_wrapper_fifo_w45_d2_S.
INFO-FLOW: Append model top_wrapper_fifo_w45_d2_S
INFO-FLOW: Found component top_wrapper_fifo_w45_d2_S.
INFO-FLOW: Append model top_wrapper_fifo_w45_d2_S
INFO-FLOW: Found component top_wrapper_fifo_w45_d2_S.
INFO-FLOW: Append model top_wrapper_fifo_w45_d2_S
INFO-FLOW: Found component top_wrapper_fifo_w45_d2_S.
INFO-FLOW: Append model top_wrapper_fifo_w45_d2_S
INFO-FLOW: Found component top_wrapper_fifo_w45_d2_S.
INFO-FLOW: Append model top_wrapper_fifo_w45_d2_S
INFO-FLOW: Found component top_wrapper_fifo_w45_d2_S.
INFO-FLOW: Append model top_wrapper_fifo_w45_d2_S
INFO-FLOW: Found component top_wrapper_fifo_w45_d2_S.
INFO-FLOW: Append model top_wrapper_fifo_w45_d2_S
INFO-FLOW: Found component top_wrapper_fifo_w45_d2_S.
INFO-FLOW: Append model top_wrapper_fifo_w45_d2_S
INFO-FLOW: Found component top_wrapper_fifo_w45_d2_S.
INFO-FLOW: Append model top_wrapper_fifo_w45_d2_S
INFO-FLOW: Found component top_wrapper_fifo_w45_d2_S.
INFO-FLOW: Append model top_wrapper_fifo_w45_d2_S
INFO-FLOW: Found component top_wrapper_fifo_w45_d2_S.
INFO-FLOW: Append model top_wrapper_fifo_w45_d2_S
INFO-FLOW: Found component top_wrapper_fifo_w45_d2_S.
INFO-FLOW: Append model top_wrapper_fifo_w45_d2_S
INFO-FLOW: Found component top_wrapper_fifo_w45_d2_S.
INFO-FLOW: Append model top_wrapper_fifo_w45_d2_S
INFO-FLOW: Found component top_wrapper_fifo_w45_d2_S.
INFO-FLOW: Append model top_wrapper_fifo_w45_d2_S
INFO-FLOW: Found component top_wrapper_fifo_w45_d2_S.
INFO-FLOW: Append model top_wrapper_fifo_w45_d2_S
INFO-FLOW: Found component top_wrapper_fifo_w45_d2_S.
INFO-FLOW: Append model top_wrapper_fifo_w45_d2_S
INFO-FLOW: Found component top_wrapper_fifo_w45_d2_S.
INFO-FLOW: Append model top_wrapper_fifo_w45_d2_S
INFO-FLOW: Found component top_wrapper_fifo_w45_d2_S.
INFO-FLOW: Append model top_wrapper_fifo_w45_d2_S
INFO-FLOW: Found component top_wrapper_fifo_w45_d2_S.
INFO-FLOW: Append model top_wrapper_fifo_w45_d2_S
INFO-FLOW: Found component top_wrapper_fifo_w45_d2_S.
INFO-FLOW: Append model top_wrapper_fifo_w45_d2_S
INFO-FLOW: Found component top_wrapper_fifo_w45_d2_S.
INFO-FLOW: Append model top_wrapper_fifo_w45_d2_S
INFO-FLOW: Found component top_wrapper_fifo_w45_d2_S.
INFO-FLOW: Append model top_wrapper_fifo_w45_d2_S
INFO-FLOW: Found component top_wrapper_fifo_w45_d2_S.
INFO-FLOW: Append model top_wrapper_fifo_w45_d2_S
INFO-FLOW: Found component top_wrapper_fifo_w45_d2_S.
INFO-FLOW: Append model top_wrapper_fifo_w45_d2_S
INFO-FLOW: Found component top_wrapper_fifo_w45_d2_S.
INFO-FLOW: Append model top_wrapper_fifo_w45_d2_S
INFO-FLOW: Found component top_wrapper_fifo_w45_d2_S.
INFO-FLOW: Append model top_wrapper_fifo_w45_d2_S
INFO-FLOW: Found component top_wrapper_fifo_w45_d2_S.
INFO-FLOW: Append model top_wrapper_fifo_w45_d2_S
INFO-FLOW: Found component top_wrapper_fifo_w45_d2_S.
INFO-FLOW: Append model top_wrapper_fifo_w45_d2_S
INFO-FLOW: Found component top_wrapper_fifo_w45_d2_S.
INFO-FLOW: Append model top_wrapper_fifo_w45_d2_S
INFO-FLOW: Found component top_wrapper_fifo_w45_d2_S.
INFO-FLOW: Append model top_wrapper_fifo_w45_d2_S
INFO-FLOW: Found component top_wrapper_fifo_w45_d2_S.
INFO-FLOW: Append model top_wrapper_fifo_w45_d2_S
INFO-FLOW: Found component top_wrapper_fifo_w45_d2_S.
INFO-FLOW: Append model top_wrapper_fifo_w45_d2_S
INFO-FLOW: Found component top_wrapper_fifo_w45_d2_S.
INFO-FLOW: Append model top_wrapper_fifo_w45_d2_S
INFO-FLOW: Found component top_wrapper_fifo_w45_d2_S.
INFO-FLOW: Append model top_wrapper_fifo_w45_d2_S
INFO-FLOW: Found component top_wrapper_fifo_w45_d2_S.
INFO-FLOW: Append model top_wrapper_fifo_w45_d2_S
INFO-FLOW: Found component top_wrapper_fifo_w45_d2_S.
INFO-FLOW: Append model top_wrapper_fifo_w45_d2_S
INFO-FLOW: Found component top_wrapper_fifo_w45_d2_S.
INFO-FLOW: Append model top_wrapper_fifo_w45_d2_S
INFO-FLOW: Found component top_wrapper_fifo_w45_d2_S.
INFO-FLOW: Append model top_wrapper_fifo_w45_d2_S
INFO-FLOW: Found component top_wrapper_fifo_w45_d2_S.
INFO-FLOW: Append model top_wrapper_fifo_w45_d2_S
INFO-FLOW: Found component top_wrapper_fifo_w45_d2_S.
INFO-FLOW: Append model top_wrapper_fifo_w45_d2_S
INFO-FLOW: Found component top_wrapper_fifo_w45_d2_S.
INFO-FLOW: Append model top_wrapper_fifo_w45_d2_S
INFO-FLOW: Found component top_wrapper_fifo_w45_d2_S.
INFO-FLOW: Append model top_wrapper_fifo_w45_d2_S
INFO-FLOW: Found component top_wrapper_fifo_w45_d2_S.
INFO-FLOW: Append model top_wrapper_fifo_w45_d2_S
INFO-FLOW: Found component top_wrapper_fifo_w45_d2_S.
INFO-FLOW: Append model top_wrapper_fifo_w45_d2_S
INFO-FLOW: Found component top_wrapper_fifo_w45_d2_S.
INFO-FLOW: Append model top_wrapper_fifo_w45_d2_S
INFO-FLOW: Found component top_wrapper_fifo_w45_d2_S.
INFO-FLOW: Append model top_wrapper_fifo_w45_d2_S
INFO-FLOW: Found component top_wrapper_fifo_w45_d2_S.
INFO-FLOW: Append model top_wrapper_fifo_w45_d2_S
INFO-FLOW: Found component top_wrapper_fifo_w45_d2_S.
INFO-FLOW: Append model top_wrapper_fifo_w45_d2_S
INFO-FLOW: Found component top_wrapper_fifo_w45_d2_S.
INFO-FLOW: Append model top_wrapper_fifo_w45_d2_S
INFO-FLOW: Found component top_wrapper_fifo_w45_d2_S.
INFO-FLOW: Append model top_wrapper_fifo_w45_d2_S
INFO-FLOW: Found component top_wrapper_fifo_w45_d2_S.
INFO-FLOW: Append model top_wrapper_fifo_w45_d2_S
INFO-FLOW: Found component top_wrapper_fifo_w45_d2_S.
INFO-FLOW: Append model top_wrapper_fifo_w45_d2_S
INFO-FLOW: Found component top_wrapper_fifo_w45_d2_S.
INFO-FLOW: Append model top_wrapper_fifo_w45_d2_S
INFO-FLOW: Found component top_wrapper_fifo_w45_d2_S.
INFO-FLOW: Append model top_wrapper_fifo_w45_d2_S
INFO-FLOW: Found component top_wrapper_fifo_w45_d2_S.
INFO-FLOW: Append model top_wrapper_fifo_w45_d2_S
INFO-FLOW: Found component top_wrapper_fifo_w45_d2_S.
INFO-FLOW: Append model top_wrapper_fifo_w45_d2_S
INFO-FLOW: Found component top_wrapper_fifo_w45_d2_S.
INFO-FLOW: Append model top_wrapper_fifo_w45_d2_S
INFO-FLOW: Found component top_wrapper_fifo_w45_d2_S.
INFO-FLOW: Append model top_wrapper_fifo_w45_d2_S
INFO-FLOW: Found component top_wrapper_fifo_w45_d2_S.
INFO-FLOW: Append model top_wrapper_fifo_w45_d2_S
INFO-FLOW: Found component top_wrapper_fifo_w45_d2_S.
INFO-FLOW: Append model top_wrapper_fifo_w45_d2_S
INFO-FLOW: Found component top_wrapper_fifo_w45_d2_S.
INFO-FLOW: Append model top_wrapper_fifo_w45_d2_S
INFO-FLOW: Found component top_wrapper_fifo_w45_d2_S.
INFO-FLOW: Append model top_wrapper_fifo_w45_d2_S
INFO-FLOW: Found component top_wrapper_fifo_w45_d2_S.
INFO-FLOW: Append model top_wrapper_fifo_w45_d2_S
INFO-FLOW: Found component top_wrapper_fifo_w45_d2_S.
INFO-FLOW: Append model top_wrapper_fifo_w45_d2_S
INFO-FLOW: Found component top_wrapper_fifo_w45_d2_S.
INFO-FLOW: Append model top_wrapper_fifo_w45_d2_S
INFO-FLOW: Found component top_wrapper_fifo_w45_d2_S.
INFO-FLOW: Append model top_wrapper_fifo_w45_d2_S
INFO-FLOW: Found component top_wrapper_fifo_w45_d2_S.
INFO-FLOW: Append model top_wrapper_fifo_w45_d2_S
INFO-FLOW: Found component top_wrapper_fifo_w45_d2_S.
INFO-FLOW: Append model top_wrapper_fifo_w45_d2_S
INFO-FLOW: Found component top_wrapper_fifo_w45_d2_S.
INFO-FLOW: Append model top_wrapper_fifo_w45_d2_S
INFO-FLOW: Found component top_wrapper_fifo_w45_d2_S.
INFO-FLOW: Append model top_wrapper_fifo_w45_d2_S
INFO-FLOW: Found component top_wrapper_fifo_w45_d2_S.
INFO-FLOW: Append model top_wrapper_fifo_w45_d2_S
INFO-FLOW: Found component top_wrapper_fifo_w45_d2_S.
INFO-FLOW: Append model top_wrapper_fifo_w45_d2_S
INFO-FLOW: Found component top_wrapper_fifo_w45_d2_S.
INFO-FLOW: Append model top_wrapper_fifo_w45_d2_S
INFO-FLOW: Found component top_wrapper_fifo_w45_d2_S.
INFO-FLOW: Append model top_wrapper_fifo_w45_d2_S
INFO-FLOW: Found component top_wrapper_fifo_w45_d2_S.
INFO-FLOW: Append model top_wrapper_fifo_w45_d2_S
INFO-FLOW: Found component top_wrapper_fifo_w45_d2_S.
INFO-FLOW: Append model top_wrapper_fifo_w45_d2_S
INFO-FLOW: Found component top_wrapper_fifo_w45_d2_S.
INFO-FLOW: Append model top_wrapper_fifo_w45_d2_S
INFO-FLOW: Found component top_wrapper_fifo_w45_d2_S.
INFO-FLOW: Append model top_wrapper_fifo_w45_d2_S
INFO-FLOW: Found component top_wrapper_fifo_w45_d2_S.
INFO-FLOW: Append model top_wrapper_fifo_w45_d2_S
INFO-FLOW: Found component top_wrapper_fifo_w45_d2_S.
INFO-FLOW: Append model top_wrapper_fifo_w45_d2_S
INFO-FLOW: Found component top_wrapper_fifo_w32_d2_S.
INFO-FLOW: Append model top_wrapper_fifo_w32_d2_S
INFO-FLOW: Found component top_wrapper_fifo_w32_d2_S.
INFO-FLOW: Append model top_wrapper_fifo_w32_d2_S
INFO-FLOW: Found component top_wrapper_fifo_w32_d2_S.
INFO-FLOW: Append model top_wrapper_fifo_w32_d2_S
INFO-FLOW: Found component top_wrapper_fifo_w32_d2_S.
INFO-FLOW: Append model top_wrapper_fifo_w32_d2_S
INFO-FLOW: Found component top_wrapper_fifo_w32_d2_S.
INFO-FLOW: Append model top_wrapper_fifo_w32_d2_S
INFO-FLOW: Found component top_wrapper_fifo_w32_d2_S.
INFO-FLOW: Append model top_wrapper_fifo_w32_d2_S
INFO-FLOW: Found component top_wrapper_fifo_w32_d2_S.
INFO-FLOW: Append model top_wrapper_fifo_w32_d2_S
INFO-FLOW: Found component top_wrapper_fifo_w32_d2_S.
INFO-FLOW: Append model top_wrapper_fifo_w32_d2_S
INFO-FLOW: Found component top_wrapper_fifo_w32_d2_S.
INFO-FLOW: Append model top_wrapper_fifo_w32_d2_S
INFO-FLOW: Found component top_wrapper_fifo_w32_d2_S.
INFO-FLOW: Append model top_wrapper_fifo_w32_d2_S
INFO-FLOW: Found component top_wrapper_fifo_w32_d2_S.
INFO-FLOW: Append model top_wrapper_fifo_w32_d2_S
INFO-FLOW: Found component top_wrapper_fifo_w32_d2_S.
INFO-FLOW: Append model top_wrapper_fifo_w32_d2_S
INFO-FLOW: Found component top_wrapper_fifo_w32_d2_S.
INFO-FLOW: Append model top_wrapper_fifo_w32_d2_S
INFO-FLOW: Found component top_wrapper_fifo_w32_d2_S.
INFO-FLOW: Append model top_wrapper_fifo_w32_d2_S
INFO-FLOW: Found component top_wrapper_fifo_w32_d2_S.
INFO-FLOW: Append model top_wrapper_fifo_w32_d2_S
INFO-FLOW: Found component top_wrapper_fifo_w32_d2_S.
INFO-FLOW: Append model top_wrapper_fifo_w32_d2_S
INFO-FLOW: Found component top_wrapper_fifo_w32_d2_S.
INFO-FLOW: Append model top_wrapper_fifo_w32_d2_S
INFO-FLOW: Found component top_wrapper_fifo_w32_d2_S.
INFO-FLOW: Append model top_wrapper_fifo_w32_d2_S
INFO-FLOW: Found component top_wrapper_fifo_w32_d2_S.
INFO-FLOW: Append model top_wrapper_fifo_w32_d2_S
INFO-FLOW: Found component top_wrapper_fifo_w32_d2_S.
INFO-FLOW: Append model top_wrapper_fifo_w32_d2_S
INFO-FLOW: Found component top_wrapper_fifo_w32_d2_S.
INFO-FLOW: Append model top_wrapper_fifo_w32_d2_S
INFO-FLOW: Found component top_wrapper_fifo_w32_d2_S.
INFO-FLOW: Append model top_wrapper_fifo_w32_d2_S
INFO-FLOW: Found component top_wrapper_fifo_w32_d2_S.
INFO-FLOW: Append model top_wrapper_fifo_w32_d2_S
INFO-FLOW: Found component top_wrapper_fifo_w32_d2_S.
INFO-FLOW: Append model top_wrapper_fifo_w32_d2_S
INFO-FLOW: Found component top_wrapper_fifo_w32_d2_S.
INFO-FLOW: Append model top_wrapper_fifo_w32_d2_S
INFO-FLOW: Found component top_wrapper_fifo_w32_d2_S.
INFO-FLOW: Append model top_wrapper_fifo_w32_d2_S
INFO-FLOW: Found component top_wrapper_fifo_w32_d2_S.
INFO-FLOW: Append model top_wrapper_fifo_w32_d2_S
INFO-FLOW: Found component top_wrapper_fifo_w32_d2_S.
INFO-FLOW: Append model top_wrapper_fifo_w32_d2_S
INFO-FLOW: Found component top_wrapper_fifo_w32_d2_S.
INFO-FLOW: Append model top_wrapper_fifo_w32_d2_S
INFO-FLOW: Found component top_wrapper_fifo_w32_d2_S.
INFO-FLOW: Append model top_wrapper_fifo_w32_d2_S
INFO-FLOW: Found component top_wrapper_fifo_w32_d2_S.
INFO-FLOW: Append model top_wrapper_fifo_w32_d2_S
INFO-FLOW: Found component top_wrapper_fifo_w32_d2_S.
INFO-FLOW: Append model top_wrapper_fifo_w32_d2_S
INFO-FLOW: Found component top_wrapper_fifo_w32_d2_S.
INFO-FLOW: Append model top_wrapper_fifo_w32_d2_S
INFO-FLOW: Found component top_wrapper_fifo_w32_d2_S.
INFO-FLOW: Append model top_wrapper_fifo_w32_d2_S
INFO-FLOW: Found component top_wrapper_fifo_w32_d2_S.
INFO-FLOW: Append model top_wrapper_fifo_w32_d2_S
INFO-FLOW: Found component top_wrapper_fifo_w32_d2_S.
INFO-FLOW: Append model top_wrapper_fifo_w32_d2_S
INFO-FLOW: Found component top_wrapper_fifo_w32_d2_S.
INFO-FLOW: Append model top_wrapper_fifo_w32_d2_S
INFO-FLOW: Found component top_wrapper_fifo_w32_d2_S.
INFO-FLOW: Append model top_wrapper_fifo_w32_d2_S
INFO-FLOW: Found component top_wrapper_fifo_w32_d2_S.
INFO-FLOW: Append model top_wrapper_fifo_w32_d2_S
INFO-FLOW: Found component top_wrapper_fifo_w32_d2_S.
INFO-FLOW: Append model top_wrapper_fifo_w32_d2_S
INFO-FLOW: Found component top_wrapper_fifo_w32_d2_S.
INFO-FLOW: Append model top_wrapper_fifo_w32_d2_S
INFO-FLOW: Found component top_wrapper_fifo_w32_d2_S.
INFO-FLOW: Append model top_wrapper_fifo_w32_d2_S
INFO-FLOW: Found component top_wrapper_fifo_w32_d2_S.
INFO-FLOW: Append model top_wrapper_fifo_w32_d2_S
INFO-FLOW: Found component top_wrapper_fifo_w32_d2_S.
INFO-FLOW: Append model top_wrapper_fifo_w32_d2_S
INFO-FLOW: Found component top_wrapper_fifo_w32_d2_S.
INFO-FLOW: Append model top_wrapper_fifo_w32_d2_S
INFO-FLOW: Found component top_wrapper_fifo_w32_d2_S.
INFO-FLOW: Append model top_wrapper_fifo_w32_d2_S
INFO-FLOW: Found component top_wrapper_fifo_w32_d2_S.
INFO-FLOW: Append model top_wrapper_fifo_w32_d2_S
INFO-FLOW: Found component top_wrapper_fifo_w32_d2_S.
INFO-FLOW: Append model top_wrapper_fifo_w32_d2_S
INFO-FLOW: Found component top_wrapper_fifo_w32_d2_S.
INFO-FLOW: Append model top_wrapper_fifo_w32_d2_S
INFO-FLOW: Found component top_wrapper_fifo_w32_d2_S.
INFO-FLOW: Append model top_wrapper_fifo_w32_d2_S
INFO-FLOW: Found component top_wrapper_fifo_w32_d2_S.
INFO-FLOW: Append model top_wrapper_fifo_w32_d2_S
INFO-FLOW: Found component top_wrapper_fifo_w32_d2_S.
INFO-FLOW: Append model top_wrapper_fifo_w32_d2_S
INFO-FLOW: Found component top_wrapper_fifo_w32_d2_S.
INFO-FLOW: Append model top_wrapper_fifo_w32_d2_S
INFO-FLOW: Found component top_wrapper_fifo_w32_d2_S.
INFO-FLOW: Append model top_wrapper_fifo_w32_d2_S
INFO-FLOW: Found component top_wrapper_fifo_w32_d2_S.
INFO-FLOW: Append model top_wrapper_fifo_w32_d2_S
INFO-FLOW: Found component top_wrapper_fifo_w32_d2_S.
INFO-FLOW: Append model top_wrapper_fifo_w32_d2_S
INFO-FLOW: Found component top_wrapper_fifo_w32_d2_S.
INFO-FLOW: Append model top_wrapper_fifo_w32_d2_S
INFO-FLOW: Found component top_wrapper_fifo_w32_d2_S.
INFO-FLOW: Append model top_wrapper_fifo_w32_d2_S
INFO-FLOW: Found component top_wrapper_fifo_w32_d2_S.
INFO-FLOW: Append model top_wrapper_fifo_w32_d2_S
INFO-FLOW: Found component top_wrapper_fifo_w32_d2_S.
INFO-FLOW: Append model top_wrapper_fifo_w32_d2_S
INFO-FLOW: Found component top_wrapper_fifo_w32_d2_S.
INFO-FLOW: Append model top_wrapper_fifo_w32_d2_S
INFO-FLOW: Found component top_wrapper_fifo_w32_d2_S.
INFO-FLOW: Append model top_wrapper_fifo_w32_d2_S
INFO-FLOW: Found component top_wrapper_fifo_w32_d2_S.
INFO-FLOW: Append model top_wrapper_fifo_w32_d2_S
INFO-FLOW: Found component top_wrapper_fifo_w32_d2_S.
INFO-FLOW: Append model top_wrapper_fifo_w32_d2_S
INFO-FLOW: Found component top_wrapper_fifo_w32_d2_S.
INFO-FLOW: Append model top_wrapper_fifo_w32_d2_S
INFO-FLOW: Found component top_wrapper_fifo_w32_d2_S.
INFO-FLOW: Append model top_wrapper_fifo_w32_d2_S
INFO-FLOW: Found component top_wrapper_fifo_w32_d2_S.
INFO-FLOW: Append model top_wrapper_fifo_w32_d2_S
INFO-FLOW: Found component top_wrapper_fifo_w32_d2_S.
INFO-FLOW: Append model top_wrapper_fifo_w32_d2_S
INFO-FLOW: Found component top_wrapper_fifo_w32_d2_S.
INFO-FLOW: Append model top_wrapper_fifo_w32_d2_S
INFO-FLOW: Found component top_wrapper_fifo_w32_d2_S.
INFO-FLOW: Append model top_wrapper_fifo_w32_d2_S
INFO-FLOW: Found component top_wrapper_fifo_w32_d2_S.
INFO-FLOW: Append model top_wrapper_fifo_w32_d2_S
INFO-FLOW: Found component top_wrapper_fifo_w32_d2_S.
INFO-FLOW: Append model top_wrapper_fifo_w32_d2_S
INFO-FLOW: Found component top_wrapper_fifo_w32_d2_S.
INFO-FLOW: Append model top_wrapper_fifo_w32_d2_S
INFO-FLOW: Found component top_wrapper_fifo_w32_d2_S.
INFO-FLOW: Append model top_wrapper_fifo_w32_d2_S
INFO-FLOW: Found component top_wrapper_fifo_w32_d2_S.
INFO-FLOW: Append model top_wrapper_fifo_w32_d2_S
INFO-FLOW: Found component top_wrapper_fifo_w32_d2_S.
INFO-FLOW: Append model top_wrapper_fifo_w32_d2_S
INFO-FLOW: Found component top_wrapper_fifo_w32_d2_S.
INFO-FLOW: Append model top_wrapper_fifo_w32_d2_S
INFO-FLOW: Found component top_wrapper_fifo_w32_d2_S.
INFO-FLOW: Append model top_wrapper_fifo_w32_d2_S
INFO-FLOW: Found component top_wrapper_fifo_w32_d2_S.
INFO-FLOW: Append model top_wrapper_fifo_w32_d2_S
INFO-FLOW: Found component top_wrapper_fifo_w32_d2_S.
INFO-FLOW: Append model top_wrapper_fifo_w32_d2_S
INFO-FLOW: Found component top_wrapper_fifo_w32_d2_S.
INFO-FLOW: Append model top_wrapper_fifo_w32_d2_S
INFO-FLOW: Found component top_wrapper_fifo_w32_d2_S.
INFO-FLOW: Append model top_wrapper_fifo_w32_d2_S
INFO-FLOW: Found component top_wrapper_fifo_w32_d2_S.
INFO-FLOW: Append model top_wrapper_fifo_w32_d2_S
INFO-FLOW: Found component top_wrapper_fifo_w32_d2_S.
INFO-FLOW: Append model top_wrapper_fifo_w32_d2_S
INFO-FLOW: Found component top_wrapper_fifo_w32_d2_S.
INFO-FLOW: Append model top_wrapper_fifo_w32_d2_S
INFO-FLOW: Found component top_wrapper_fifo_w32_d2_S.
INFO-FLOW: Append model top_wrapper_fifo_w32_d2_S
INFO-FLOW: Found component top_wrapper_fifo_w32_d2_S.
INFO-FLOW: Append model top_wrapper_fifo_w32_d2_S
INFO-FLOW: Found component top_wrapper_fifo_w32_d2_S.
INFO-FLOW: Append model top_wrapper_fifo_w32_d2_S
INFO-FLOW: Found component top_wrapper_fifo_w32_d2_S.
INFO-FLOW: Append model top_wrapper_fifo_w32_d2_S
INFO-FLOW: Found component top_wrapper_fifo_w32_d2_S.
INFO-FLOW: Append model top_wrapper_fifo_w32_d2_S
INFO-FLOW: Found component top_wrapper_fifo_w32_d2_S.
INFO-FLOW: Append model top_wrapper_fifo_w32_d2_S
INFO-FLOW: Found component top_wrapper_fifo_w32_d2_S.
INFO-FLOW: Append model top_wrapper_fifo_w32_d2_S
INFO-FLOW: Found component top_wrapper_fifo_w32_d2_S.
INFO-FLOW: Append model top_wrapper_fifo_w32_d2_S
INFO-FLOW: Found component top_wrapper_fifo_w32_d2_S.
INFO-FLOW: Append model top_wrapper_fifo_w32_d2_S
INFO-FLOW: Found component top_wrapper_fifo_w32_d2_S.
INFO-FLOW: Append model top_wrapper_fifo_w32_d2_S
INFO-FLOW: Found component top_wrapper_fifo_w32_d2_S.
INFO-FLOW: Append model top_wrapper_fifo_w32_d2_S
INFO-FLOW: Found component top_wrapper_fifo_w32_d2_S.
INFO-FLOW: Append model top_wrapper_fifo_w32_d2_S
INFO-FLOW: Found component top_wrapper_fifo_w32_d2_S.
INFO-FLOW: Append model top_wrapper_fifo_w32_d2_S
INFO-FLOW: Found component top_wrapper_fifo_w32_d2_S.
INFO-FLOW: Append model top_wrapper_fifo_w32_d2_S
INFO-FLOW: Found component top_wrapper_fifo_w32_d2_S.
INFO-FLOW: Append model top_wrapper_fifo_w32_d2_S
INFO-FLOW: Found component top_wrapper_fifo_w32_d2_S.
INFO-FLOW: Append model top_wrapper_fifo_w32_d2_S
INFO-FLOW: Found component top_wrapper_fifo_w32_d2_S.
INFO-FLOW: Append model top_wrapper_fifo_w32_d2_S
INFO-FLOW: Found component top_wrapper_fifo_w32_d2_S.
INFO-FLOW: Append model top_wrapper_fifo_w32_d2_S
INFO-FLOW: Found component top_wrapper_fifo_w32_d2_S.
INFO-FLOW: Append model top_wrapper_fifo_w32_d2_S
INFO-FLOW: Found component top_wrapper_fifo_w32_d2_S.
INFO-FLOW: Append model top_wrapper_fifo_w32_d2_S
INFO-FLOW: Found component top_wrapper_fifo_w32_d2_S.
INFO-FLOW: Append model top_wrapper_fifo_w32_d2_S
INFO-FLOW: Found component top_wrapper_fifo_w32_d2_S.
INFO-FLOW: Append model top_wrapper_fifo_w32_d2_S
INFO-FLOW: Found component top_wrapper_fifo_w32_d2_S.
INFO-FLOW: Append model top_wrapper_fifo_w32_d2_S
INFO-FLOW: Found component top_wrapper_fifo_w32_d2_S.
INFO-FLOW: Append model top_wrapper_fifo_w32_d2_S
INFO-FLOW: Found component top_wrapper_fifo_w32_d2_S.
INFO-FLOW: Append model top_wrapper_fifo_w32_d2_S
INFO-FLOW: Found component top_wrapper_fifo_w32_d2_S.
INFO-FLOW: Append model top_wrapper_fifo_w32_d2_S
INFO-FLOW: Found component top_wrapper_fifo_w32_d2_S.
INFO-FLOW: Append model top_wrapper_fifo_w32_d2_S
INFO-FLOW: Found component top_wrapper_fifo_w32_d2_S.
INFO-FLOW: Append model top_wrapper_fifo_w32_d2_S
INFO-FLOW: Found component top_wrapper_fifo_w32_d2_S.
INFO-FLOW: Append model top_wrapper_fifo_w32_d2_S
INFO-FLOW: Found component top_wrapper_fifo_w32_d2_S.
INFO-FLOW: Append model top_wrapper_fifo_w32_d2_S
INFO-FLOW: Found component top_wrapper_fifo_w32_d2_S.
INFO-FLOW: Append model top_wrapper_fifo_w32_d2_S
INFO-FLOW: Found component top_wrapper_fifo_w32_d2_S.
INFO-FLOW: Append model top_wrapper_fifo_w32_d2_S
INFO-FLOW: Found component top_wrapper_fifo_w32_d2_S.
INFO-FLOW: Append model top_wrapper_fifo_w32_d2_S
INFO-FLOW: Found component top_wrapper_fifo_w32_d2_S.
INFO-FLOW: Append model top_wrapper_fifo_w32_d2_S
INFO-FLOW: Found component top_wrapper_fifo_w32_d2_S.
INFO-FLOW: Append model top_wrapper_fifo_w32_d2_S
INFO-FLOW: Found component top_wrapper_fifo_w32_d2_S.
INFO-FLOW: Append model top_wrapper_fifo_w32_d2_S
INFO-FLOW: Found component top_wrapper_fifo_w32_d2_S.
INFO-FLOW: Append model top_wrapper_fifo_w32_d2_S
INFO-FLOW: Found component top_wrapper_fifo_w32_d2_S.
INFO-FLOW: Append model top_wrapper_fifo_w32_d2_S
INFO-FLOW: Found component top_wrapper_fifo_w32_d2_S.
INFO-FLOW: Append model top_wrapper_fifo_w32_d2_S
INFO-FLOW: Found component top_wrapper_fifo_w32_d2_S.
INFO-FLOW: Append model top_wrapper_fifo_w32_d2_S
INFO-FLOW: Found component top_wrapper_fifo_w32_d2_S.
INFO-FLOW: Append model top_wrapper_fifo_w32_d2_S
INFO-FLOW: Found component top_wrapper_fifo_w32_d2_S.
INFO-FLOW: Append model top_wrapper_fifo_w32_d2_S
INFO-FLOW: Found component top_wrapper_fifo_w32_d2_S.
INFO-FLOW: Append model top_wrapper_fifo_w32_d2_S
INFO-FLOW: Found component top_wrapper_fifo_w32_d2_S.
INFO-FLOW: Append model top_wrapper_fifo_w32_d2_S
INFO-FLOW: Found component top_wrapper_fifo_w32_d2_S.
INFO-FLOW: Append model top_wrapper_fifo_w32_d2_S
INFO-FLOW: Found component top_wrapper_fifo_w32_d2_S.
INFO-FLOW: Append model top_wrapper_fifo_w32_d2_S
INFO-FLOW: Found component top_wrapper_fifo_w32_d2_S.
INFO-FLOW: Append model top_wrapper_fifo_w32_d2_S
INFO-FLOW: Found component top_wrapper_fifo_w32_d2_S.
INFO-FLOW: Append model top_wrapper_fifo_w32_d2_S
INFO-FLOW: Found component top_wrapper_fifo_w32_d2_S.
INFO-FLOW: Append model top_wrapper_fifo_w32_d2_S
INFO-FLOW: Found component top_wrapper_fifo_w32_d2_S.
INFO-FLOW: Append model top_wrapper_fifo_w32_d2_S
INFO-FLOW: Found component top_wrapper_fifo_w32_d2_S.
INFO-FLOW: Append model top_wrapper_fifo_w32_d2_S
INFO-FLOW: Found component top_wrapper_fifo_w32_d2_S.
INFO-FLOW: Append model top_wrapper_fifo_w32_d2_S
INFO-FLOW: Found component top_wrapper_fifo_w32_d2_S.
INFO-FLOW: Append model top_wrapper_fifo_w32_d2_S
INFO-FLOW: Found component top_wrapper_fifo_w32_d2_S.
INFO-FLOW: Append model top_wrapper_fifo_w32_d2_S
INFO-FLOW: Found component top_wrapper_fifo_w32_d2_S.
INFO-FLOW: Append model top_wrapper_fifo_w32_d2_S
INFO-FLOW: Found component top_wrapper_fifo_w32_d2_S.
INFO-FLOW: Append model top_wrapper_fifo_w32_d2_S
INFO-FLOW: Found component top_wrapper_fifo_w32_d2_S.
INFO-FLOW: Append model top_wrapper_fifo_w32_d2_S
INFO-FLOW: Found component top_wrapper_fifo_w32_d2_S.
INFO-FLOW: Append model top_wrapper_fifo_w32_d2_S
INFO-FLOW: Found component top_wrapper_fifo_w32_d2_S.
INFO-FLOW: Append model top_wrapper_fifo_w32_d2_S
INFO-FLOW: Found component top_wrapper_fifo_w32_d2_S.
INFO-FLOW: Append model top_wrapper_fifo_w32_d2_S
INFO-FLOW: Found component top_wrapper_fifo_w32_d2_S.
INFO-FLOW: Append model top_wrapper_fifo_w32_d2_S
INFO-FLOW: Found component top_wrapper_fifo_w32_d2_S.
INFO-FLOW: Append model top_wrapper_fifo_w32_d2_S
INFO-FLOW: Found component top_wrapper_fifo_w32_d2_S.
INFO-FLOW: Append model top_wrapper_fifo_w32_d2_S
INFO-FLOW: Found component top_wrapper_fifo_w32_d2_S.
INFO-FLOW: Append model top_wrapper_fifo_w32_d2_S
INFO-FLOW: Found component top_wrapper_fifo_w32_d2_S.
INFO-FLOW: Append model top_wrapper_fifo_w32_d2_S
INFO-FLOW: Found component top_wrapper_fifo_w32_d2_S.
INFO-FLOW: Append model top_wrapper_fifo_w32_d2_S
INFO-FLOW: Found component top_wrapper_fifo_w32_d2_S.
INFO-FLOW: Append model top_wrapper_fifo_w32_d2_S
INFO-FLOW: Found component top_wrapper_fifo_w32_d2_S.
INFO-FLOW: Append model top_wrapper_fifo_w32_d2_S
INFO-FLOW: Found component top_wrapper_fifo_w32_d2_S.
INFO-FLOW: Append model top_wrapper_fifo_w32_d2_S
INFO-FLOW: Found component top_wrapper_fifo_w32_d2_S.
INFO-FLOW: Append model top_wrapper_fifo_w32_d2_S
INFO-FLOW: Found component top_wrapper_fifo_w32_d2_S.
INFO-FLOW: Append model top_wrapper_fifo_w32_d2_S
INFO-FLOW: Found component top_wrapper_fifo_w32_d2_S.
INFO-FLOW: Append model top_wrapper_fifo_w32_d2_S
INFO-FLOW: Found component top_wrapper_fifo_w32_d2_S.
INFO-FLOW: Append model top_wrapper_fifo_w32_d2_S
INFO-FLOW: Found component top_wrapper_fifo_w32_d2_S.
INFO-FLOW: Append model top_wrapper_fifo_w32_d2_S
INFO-FLOW: Found component top_wrapper_fifo_w32_d2_S.
INFO-FLOW: Append model top_wrapper_fifo_w32_d2_S
INFO-FLOW: Found component top_wrapper_fifo_w32_d2_S.
INFO-FLOW: Append model top_wrapper_fifo_w32_d2_S
INFO-FLOW: Found component top_wrapper_fifo_w32_d2_S.
INFO-FLOW: Append model top_wrapper_fifo_w32_d2_S
INFO-FLOW: Found component top_wrapper_fifo_w32_d2_S.
INFO-FLOW: Append model top_wrapper_fifo_w32_d2_S
INFO-FLOW: Found component top_wrapper_fifo_w32_d2_S.
INFO-FLOW: Append model top_wrapper_fifo_w32_d2_S
INFO-FLOW: Found component top_wrapper_fifo_w32_d2_S.
INFO-FLOW: Append model top_wrapper_fifo_w32_d2_S
INFO-FLOW: Found component top_wrapper_fifo_w32_d2_S.
INFO-FLOW: Append model top_wrapper_fifo_w32_d2_S
INFO-FLOW: Found component top_wrapper_fifo_w32_d2_S.
INFO-FLOW: Append model top_wrapper_fifo_w32_d2_S
INFO-FLOW: Found component top_wrapper_fifo_w32_d2_S.
INFO-FLOW: Append model top_wrapper_fifo_w32_d2_S
INFO-FLOW: Found component top_wrapper_fifo_w32_d2_S.
INFO-FLOW: Append model top_wrapper_fifo_w32_d2_S
INFO-FLOW: Found component top_wrapper_fifo_w32_d2_S.
INFO-FLOW: Append model top_wrapper_fifo_w32_d2_S
INFO-FLOW: Found component top_wrapper_fifo_w32_d2_S.
INFO-FLOW: Append model top_wrapper_fifo_w32_d2_S
INFO-FLOW: Found component top_wrapper_fifo_w32_d2_S.
INFO-FLOW: Append model top_wrapper_fifo_w32_d2_S
INFO-FLOW: Found component top_wrapper_fifo_w32_d2_S.
INFO-FLOW: Append model top_wrapper_fifo_w32_d2_S
INFO-FLOW: Found component top_wrapper_fifo_w32_d2_S.
INFO-FLOW: Append model top_wrapper_fifo_w32_d2_S
INFO-FLOW: Found component top_wrapper_fifo_w32_d2_S.
INFO-FLOW: Append model top_wrapper_fifo_w32_d2_S
INFO-FLOW: Found component top_wrapper_fifo_w32_d2_S.
INFO-FLOW: Append model top_wrapper_fifo_w32_d2_S
INFO-FLOW: Found component top_wrapper_fifo_w32_d2_S.
INFO-FLOW: Append model top_wrapper_fifo_w32_d2_S
INFO-FLOW: Found component top_wrapper_fifo_w32_d2_S.
INFO-FLOW: Append model top_wrapper_fifo_w32_d2_S
INFO-FLOW: Found component top_wrapper_fifo_w32_d2_S.
INFO-FLOW: Append model top_wrapper_fifo_w32_d2_S
INFO-FLOW: Found component top_wrapper_fifo_w32_d2_S.
INFO-FLOW: Append model top_wrapper_fifo_w32_d2_S
INFO-FLOW: Found component top_wrapper_fifo_w32_d2_S.
INFO-FLOW: Append model top_wrapper_fifo_w32_d2_S
INFO-FLOW: Found component top_wrapper_fifo_w32_d2_S.
INFO-FLOW: Append model top_wrapper_fifo_w32_d2_S
INFO-FLOW: Found component top_wrapper_fifo_w32_d2_S.
INFO-FLOW: Append model top_wrapper_fifo_w32_d2_S
INFO-FLOW: Found component top_wrapper_fifo_w32_d2_S.
INFO-FLOW: Append model top_wrapper_fifo_w32_d2_S
INFO-FLOW: Found component top_wrapper_fifo_w32_d2_S.
INFO-FLOW: Append model top_wrapper_fifo_w32_d2_S
INFO-FLOW: Found component top_wrapper_fifo_w32_d2_S.
INFO-FLOW: Append model top_wrapper_fifo_w32_d2_S
INFO-FLOW: Found component top_wrapper_fifo_w32_d2_S.
INFO-FLOW: Append model top_wrapper_fifo_w32_d2_S
INFO-FLOW: Found component top_wrapper_fifo_w32_d2_S.
INFO-FLOW: Append model top_wrapper_fifo_w32_d2_S
INFO-FLOW: Found component top_wrapper_fifo_w32_d2_S.
INFO-FLOW: Append model top_wrapper_fifo_w32_d2_S
INFO-FLOW: Found component top_wrapper_fifo_w32_d2_S.
INFO-FLOW: Append model top_wrapper_fifo_w32_d2_S
INFO-FLOW: Found component top_wrapper_fifo_w32_d2_S.
INFO-FLOW: Append model top_wrapper_fifo_w32_d2_S
INFO-FLOW: Found component top_wrapper_fifo_w32_d2_S.
INFO-FLOW: Append model top_wrapper_fifo_w32_d2_S
INFO-FLOW: Found component top_wrapper_fifo_w32_d2_S.
INFO-FLOW: Append model top_wrapper_fifo_w32_d2_S
INFO-FLOW: Found component top_wrapper_fifo_w32_d2_S.
INFO-FLOW: Append model top_wrapper_fifo_w32_d2_S
INFO-FLOW: Found component top_wrapper_fifo_w32_d2_S.
INFO-FLOW: Append model top_wrapper_fifo_w32_d2_S
INFO-FLOW: Found component top_wrapper_fifo_w32_d2_S.
INFO-FLOW: Append model top_wrapper_fifo_w32_d2_S
INFO-FLOW: Found component top_wrapper_fifo_w32_d2_S.
INFO-FLOW: Append model top_wrapper_fifo_w32_d2_S
INFO-FLOW: Found component top_wrapper_fifo_w32_d2_S.
INFO-FLOW: Append model top_wrapper_fifo_w32_d2_S
INFO-FLOW: Found component top_wrapper_fifo_w32_d2_S.
INFO-FLOW: Append model top_wrapper_fifo_w32_d2_S
INFO-FLOW: Found component top_wrapper_fifo_w32_d2_S.
INFO-FLOW: Append model top_wrapper_fifo_w32_d2_S
INFO-FLOW: Found component top_wrapper_fifo_w32_d2_S.
INFO-FLOW: Append model top_wrapper_fifo_w32_d2_S
INFO-FLOW: Found component top_wrapper_fifo_w32_d2_S.
INFO-FLOW: Append model top_wrapper_fifo_w32_d2_S
INFO-FLOW: Found component top_wrapper_fifo_w32_d2_S.
INFO-FLOW: Append model top_wrapper_fifo_w32_d2_S
INFO-FLOW: Found component top_wrapper_fifo_w32_d2_S.
INFO-FLOW: Append model top_wrapper_fifo_w32_d2_S
INFO-FLOW: Found component top_wrapper_fifo_w32_d2_S.
INFO-FLOW: Append model top_wrapper_fifo_w32_d2_S
INFO-FLOW: Found component top_wrapper_fifo_w32_d2_S.
INFO-FLOW: Append model top_wrapper_fifo_w32_d2_S
INFO-FLOW: Found component top_wrapper_fifo_w32_d2_S.
INFO-FLOW: Append model top_wrapper_fifo_w32_d2_S
INFO-FLOW: Found component top_wrapper_fifo_w32_d2_S.
INFO-FLOW: Append model top_wrapper_fifo_w32_d2_S
INFO-FLOW: Found component top_wrapper_fifo_w32_d2_S.
INFO-FLOW: Append model top_wrapper_fifo_w32_d2_S
INFO-FLOW: Found component top_wrapper_fifo_w32_d2_S.
INFO-FLOW: Append model top_wrapper_fifo_w32_d2_S
INFO-FLOW: Found component top_wrapper_fifo_w32_d2_S.
INFO-FLOW: Append model top_wrapper_fifo_w32_d2_S
INFO-FLOW: Found component top_wrapper_fifo_w32_d2_S.
INFO-FLOW: Append model top_wrapper_fifo_w32_d2_S
INFO-FLOW: Found component top_wrapper_fifo_w32_d2_S.
INFO-FLOW: Append model top_wrapper_fifo_w32_d2_S
INFO-FLOW: Found component top_wrapper_fifo_w32_d2_S.
INFO-FLOW: Append model top_wrapper_fifo_w32_d2_S
INFO-FLOW: Found component top_wrapper_fifo_w32_d2_S.
INFO-FLOW: Append model top_wrapper_fifo_w32_d2_S
INFO-FLOW: Found component top_wrapper_fifo_w32_d2_S.
INFO-FLOW: Append model top_wrapper_fifo_w32_d2_S
INFO-FLOW: Found component top_wrapper_fifo_w32_d2_S.
INFO-FLOW: Append model top_wrapper_fifo_w32_d2_S
INFO-FLOW: Found component top_wrapper_fifo_w32_d2_S.
INFO-FLOW: Append model top_wrapper_fifo_w32_d2_S
INFO-FLOW: Found component top_wrapper_fifo_w32_d2_S.
INFO-FLOW: Append model top_wrapper_fifo_w32_d2_S
INFO-FLOW: Found component top_wrapper_fifo_w32_d2_S.
INFO-FLOW: Append model top_wrapper_fifo_w32_d2_S
INFO-FLOW: Found component top_wrapper_fifo_w32_d2_S.
INFO-FLOW: Append model top_wrapper_fifo_w32_d2_S
INFO-FLOW: Found component top_wrapper_fifo_w32_d2_S.
INFO-FLOW: Append model top_wrapper_fifo_w32_d2_S
INFO-FLOW: Found component top_wrapper_fifo_w32_d2_S.
INFO-FLOW: Append model top_wrapper_fifo_w32_d2_S
INFO-FLOW: Found component top_wrapper_fifo_w32_d2_S.
INFO-FLOW: Append model top_wrapper_fifo_w32_d2_S
INFO-FLOW: Found component top_wrapper_fifo_w32_d2_S.
INFO-FLOW: Append model top_wrapper_fifo_w32_d2_S
INFO-FLOW: Found component top_wrapper_fifo_w32_d2_S.
INFO-FLOW: Append model top_wrapper_fifo_w32_d2_S
INFO-FLOW: Found component top_wrapper_fifo_w32_d2_S.
INFO-FLOW: Append model top_wrapper_fifo_w32_d2_S
INFO-FLOW: Found component top_wrapper_fifo_w32_d2_S.
INFO-FLOW: Append model top_wrapper_fifo_w32_d2_S
INFO-FLOW: Found component top_wrapper_fifo_w32_d2_S.
INFO-FLOW: Append model top_wrapper_fifo_w32_d2_S
INFO-FLOW: Found component top_wrapper_fifo_w32_d2_S.
INFO-FLOW: Append model top_wrapper_fifo_w32_d2_S
INFO-FLOW: Found component top_wrapper_fifo_w32_d2_S.
INFO-FLOW: Append model top_wrapper_fifo_w32_d2_S
INFO-FLOW: Found component top_wrapper_fifo_w32_d2_S.
INFO-FLOW: Append model top_wrapper_fifo_w32_d2_S
INFO-FLOW: Found component top_wrapper_fifo_w32_d2_S.
INFO-FLOW: Append model top_wrapper_fifo_w32_d2_S
INFO-FLOW: Found component top_wrapper_fifo_w32_d2_S.
INFO-FLOW: Append model top_wrapper_fifo_w32_d2_S
INFO-FLOW: Found component top_wrapper_fifo_w32_d2_S.
INFO-FLOW: Append model top_wrapper_fifo_w32_d2_S
INFO-FLOW: Found component top_wrapper_fifo_w32_d2_S.
INFO-FLOW: Append model top_wrapper_fifo_w32_d2_S
INFO-FLOW: Found component top_wrapper_fifo_w32_d2_S.
INFO-FLOW: Append model top_wrapper_fifo_w32_d2_S
INFO-FLOW: Found component top_wrapper_fifo_w32_d2_S.
INFO-FLOW: Append model top_wrapper_fifo_w32_d2_S
INFO-FLOW: Found component top_wrapper_fifo_w32_d2_S.
INFO-FLOW: Append model top_wrapper_fifo_w32_d2_S
INFO-FLOW: Found component top_wrapper_fifo_w32_d2_S.
INFO-FLOW: Append model top_wrapper_fifo_w32_d2_S
INFO-FLOW: Found component top_wrapper_fifo_w32_d2_S.
INFO-FLOW: Append model top_wrapper_fifo_w32_d2_S
INFO-FLOW: Found component top_wrapper_fifo_w32_d2_S.
INFO-FLOW: Append model top_wrapper_fifo_w32_d2_S
INFO-FLOW: Found component top_wrapper_fifo_w32_d2_S.
INFO-FLOW: Append model top_wrapper_fifo_w32_d2_S
INFO-FLOW: Found component top_wrapper_fifo_w32_d2_S.
INFO-FLOW: Append model top_wrapper_fifo_w32_d2_S
INFO-FLOW: Found component top_wrapper_fifo_w32_d2_S.
INFO-FLOW: Append model top_wrapper_fifo_w32_d2_S
INFO-FLOW: Found component top_wrapper_fifo_w32_d2_S.
INFO-FLOW: Append model top_wrapper_fifo_w32_d2_S
INFO-FLOW: Found component top_wrapper_fifo_w32_d2_S.
INFO-FLOW: Append model top_wrapper_fifo_w32_d2_S
INFO-FLOW: Found component top_wrapper_fifo_w32_d2_S.
INFO-FLOW: Append model top_wrapper_fifo_w32_d2_S
INFO-FLOW: Found component top_wrapper_fifo_w32_d2_S.
INFO-FLOW: Append model top_wrapper_fifo_w32_d2_S
INFO-FLOW: Found component top_wrapper_fifo_w32_d2_S.
INFO-FLOW: Append model top_wrapper_fifo_w32_d2_S
INFO-FLOW: Found component top_wrapper_fifo_w32_d2_S.
INFO-FLOW: Append model top_wrapper_fifo_w32_d2_S
INFO-FLOW: Found component top_wrapper_fifo_w32_d2_S.
INFO-FLOW: Append model top_wrapper_fifo_w32_d2_S
INFO-FLOW: Found component top_wrapper_fifo_w32_d2_S.
INFO-FLOW: Append model top_wrapper_fifo_w32_d2_S
INFO-FLOW: Found component top_wrapper_fifo_w32_d2_S.
INFO-FLOW: Append model top_wrapper_fifo_w32_d2_S
INFO-FLOW: Found component top_wrapper_fifo_w32_d2_S.
INFO-FLOW: Append model top_wrapper_fifo_w32_d2_S
INFO-FLOW: Found component top_wrapper_fifo_w32_d2_S.
INFO-FLOW: Append model top_wrapper_fifo_w32_d2_S
INFO-FLOW: Found component top_wrapper_fifo_w32_d2_S.
INFO-FLOW: Append model top_wrapper_fifo_w32_d2_S
INFO-FLOW: Found component top_wrapper_fifo_w32_d2_S.
INFO-FLOW: Append model top_wrapper_fifo_w32_d2_S
INFO-FLOW: Found component top_wrapper_fifo_w32_d2_S.
INFO-FLOW: Append model top_wrapper_fifo_w32_d2_S
INFO-FLOW: Found component top_wrapper_fifo_w32_d2_S.
INFO-FLOW: Append model top_wrapper_fifo_w32_d2_S
INFO-FLOW: Found component top_wrapper_fifo_w32_d2_S.
INFO-FLOW: Append model top_wrapper_fifo_w32_d2_S
INFO-FLOW: Found component top_wrapper_fifo_w32_d2_S.
INFO-FLOW: Append model top_wrapper_fifo_w32_d2_S
INFO-FLOW: Found component top_wrapper_fifo_w32_d2_S.
INFO-FLOW: Append model top_wrapper_fifo_w32_d2_S
INFO-FLOW: Found component top_wrapper_fifo_w32_d2_S.
INFO-FLOW: Append model top_wrapper_fifo_w32_d2_S
INFO-FLOW: Found component top_wrapper_fifo_w32_d2_S.
INFO-FLOW: Append model top_wrapper_fifo_w32_d2_S
INFO-FLOW: Found component top_wrapper_fifo_w32_d2_S.
INFO-FLOW: Append model top_wrapper_fifo_w32_d2_S
INFO-FLOW: Found component top_wrapper_fifo_w32_d2_S.
INFO-FLOW: Append model top_wrapper_fifo_w32_d2_S
INFO-FLOW: Found component top_wrapper_fifo_w32_d2_S.
INFO-FLOW: Append model top_wrapper_fifo_w32_d2_S
INFO-FLOW: Found component top_wrapper_fifo_w32_d2_S.
INFO-FLOW: Append model top_wrapper_fifo_w32_d2_S
INFO-FLOW: Found component top_wrapper_fifo_w32_d2_S.
INFO-FLOW: Append model top_wrapper_fifo_w32_d2_S
INFO-FLOW: Found component top_wrapper_fifo_w32_d2_S.
INFO-FLOW: Append model top_wrapper_fifo_w32_d2_S
INFO-FLOW: Found component top_wrapper_fifo_w32_d2_S.
INFO-FLOW: Append model top_wrapper_fifo_w32_d2_S
INFO-FLOW: Found component top_wrapper_fifo_w32_d2_S.
INFO-FLOW: Append model top_wrapper_fifo_w32_d2_S
INFO-FLOW: Found component top_wrapper_fifo_w32_d2_S.
INFO-FLOW: Append model top_wrapper_fifo_w32_d2_S
INFO-FLOW: Found component top_wrapper_fifo_w32_d2_S.
INFO-FLOW: Append model top_wrapper_fifo_w32_d2_S
INFO-FLOW: Found component top_wrapper_fifo_w32_d2_S.
INFO-FLOW: Append model top_wrapper_fifo_w32_d2_S
INFO-FLOW: Found component top_wrapper_fifo_w32_d2_S.
INFO-FLOW: Append model top_wrapper_fifo_w32_d2_S
INFO-FLOW: Found component top_wrapper_fifo_w32_d2_S.
INFO-FLOW: Append model top_wrapper_fifo_w32_d2_S
INFO-FLOW: Found component top_wrapper_fifo_w32_d2_S.
INFO-FLOW: Append model top_wrapper_fifo_w32_d2_S
INFO-FLOW: Found component top_wrapper_fifo_w32_d2_S.
INFO-FLOW: Append model top_wrapper_fifo_w32_d2_S
INFO-FLOW: Found component top_wrapper_fifo_w32_d2_S.
INFO-FLOW: Append model top_wrapper_fifo_w32_d2_S
INFO-FLOW: Found component top_wrapper_fifo_w32_d2_S.
INFO-FLOW: Append model top_wrapper_fifo_w32_d2_S
INFO-FLOW: Found component top_wrapper_fifo_w32_d2_S.
INFO-FLOW: Append model top_wrapper_fifo_w32_d2_S
INFO-FLOW: Found component top_wrapper_fifo_w32_d2_S.
INFO-FLOW: Append model top_wrapper_fifo_w32_d2_S
INFO-FLOW: Found component top_wrapper_fifo_w32_d2_S.
INFO-FLOW: Append model top_wrapper_fifo_w32_d2_S
INFO-FLOW: Found component top_wrapper_fifo_w32_d2_S.
INFO-FLOW: Append model top_wrapper_fifo_w32_d2_S
INFO-FLOW: Found component top_wrapper_fifo_w32_d2_S.
INFO-FLOW: Append model top_wrapper_fifo_w32_d2_S
INFO-FLOW: Found component top_wrapper_fifo_w32_d2_S.
INFO-FLOW: Append model top_wrapper_fifo_w32_d2_S
INFO-FLOW: Found component top_wrapper_fifo_w32_d2_S.
INFO-FLOW: Append model top_wrapper_fifo_w32_d2_S
INFO-FLOW: Found component top_wrapper_fifo_w32_d2_S.
INFO-FLOW: Append model top_wrapper_fifo_w32_d2_S
INFO-FLOW: Found component top_wrapper_fifo_w32_d2_S.
INFO-FLOW: Append model top_wrapper_fifo_w32_d2_S
INFO-FLOW: Found component top_wrapper_fifo_w32_d2_S.
INFO-FLOW: Append model top_wrapper_fifo_w32_d2_S
INFO-FLOW: Found component top_wrapper_fifo_w32_d2_S.
INFO-FLOW: Append model top_wrapper_fifo_w32_d2_S
INFO-FLOW: Found component top_wrapper_fifo_w32_d2_S.
INFO-FLOW: Append model top_wrapper_fifo_w32_d2_S
INFO-FLOW: Found component top_wrapper_fifo_w32_d2_S.
INFO-FLOW: Append model top_wrapper_fifo_w32_d2_S
INFO-FLOW: Found component top_wrapper_fifo_w32_d2_S.
INFO-FLOW: Append model top_wrapper_fifo_w32_d2_S
INFO-FLOW: Found component top_wrapper_fifo_w32_d2_S.
INFO-FLOW: Append model top_wrapper_fifo_w32_d2_S
INFO-FLOW: Found component top_wrapper_fifo_w32_d2_S.
INFO-FLOW: Append model top_wrapper_fifo_w32_d2_S
INFO-FLOW: Found component top_wrapper_fifo_w32_d2_S.
INFO-FLOW: Append model top_wrapper_fifo_w32_d2_S
INFO-FLOW: Found component top_wrapper_fifo_w32_d2_S.
INFO-FLOW: Append model top_wrapper_fifo_w32_d2_S
INFO-FLOW: Found component top_wrapper_fifo_w32_d2_S.
INFO-FLOW: Append model top_wrapper_fifo_w32_d2_S
INFO-FLOW: Found component top_wrapper_fifo_w32_d2_S.
INFO-FLOW: Append model top_wrapper_fifo_w32_d2_S
INFO-FLOW: Found component top_wrapper_fifo_w32_d2_S.
INFO-FLOW: Append model top_wrapper_fifo_w32_d2_S
INFO-FLOW: Found component top_wrapper_fifo_w32_d2_S.
INFO-FLOW: Append model top_wrapper_fifo_w32_d2_S
INFO-FLOW: Found component top_wrapper_fifo_w32_d2_S.
INFO-FLOW: Append model top_wrapper_fifo_w32_d2_S
INFO-FLOW: Found component top_wrapper_fifo_w32_d2_S.
INFO-FLOW: Append model top_wrapper_fifo_w32_d2_S
INFO-FLOW: Found component top_wrapper_fifo_w32_d2_S.
INFO-FLOW: Append model top_wrapper_fifo_w32_d2_S
INFO-FLOW: Found component top_wrapper_fifo_w32_d2_S.
INFO-FLOW: Append model top_wrapper_fifo_w32_d2_S
INFO-FLOW: Found component top_wrapper_fifo_w32_d2_S.
INFO-FLOW: Append model top_wrapper_fifo_w32_d2_S
INFO-FLOW: Found component top_wrapper_fifo_w32_d2_S.
INFO-FLOW: Append model top_wrapper_fifo_w32_d2_S
INFO-FLOW: Found component top_wrapper_fifo_w32_d2_S.
INFO-FLOW: Append model top_wrapper_fifo_w32_d2_S
INFO-FLOW: Found component top_wrapper_fifo_w32_d2_S.
INFO-FLOW: Append model top_wrapper_fifo_w32_d2_S
INFO-FLOW: Found component top_wrapper_fifo_w32_d2_S.
INFO-FLOW: Append model top_wrapper_fifo_w32_d2_S
INFO-FLOW: Found component top_wrapper_fifo_w32_d2_S.
INFO-FLOW: Append model top_wrapper_fifo_w32_d2_S
INFO-FLOW: Found component top_wrapper_fifo_w32_d2_S.
INFO-FLOW: Append model top_wrapper_fifo_w32_d2_S
INFO-FLOW: Found component top_wrapper_fifo_w32_d2_S.
INFO-FLOW: Append model top_wrapper_fifo_w32_d2_S
INFO-FLOW: Found component top_wrapper_fifo_w32_d2_S.
INFO-FLOW: Append model top_wrapper_fifo_w32_d2_S
INFO-FLOW: Found component top_wrapper_fifo_w32_d2_S.
INFO-FLOW: Append model top_wrapper_fifo_w32_d2_S
INFO-FLOW: Found component top_wrapper_fifo_w32_d2_S.
INFO-FLOW: Append model top_wrapper_fifo_w32_d2_S
INFO-FLOW: Found component top_wrapper_fifo_w32_d2_S.
INFO-FLOW: Append model top_wrapper_fifo_w32_d2_S
INFO-FLOW: Found component top_wrapper_fifo_w32_d2_S.
INFO-FLOW: Append model top_wrapper_fifo_w32_d2_S
INFO-FLOW: Found component top_wrapper_fifo_w32_d2_S.
INFO-FLOW: Append model top_wrapper_fifo_w32_d2_S
INFO-FLOW: Found component top_wrapper_fifo_w32_d2_S.
INFO-FLOW: Append model top_wrapper_fifo_w32_d2_S
INFO-FLOW: Found component top_wrapper_fifo_w32_d2_S.
INFO-FLOW: Append model top_wrapper_fifo_w32_d2_S
INFO-FLOW: Found component top_wrapper_fifo_w32_d2_S.
INFO-FLOW: Append model top_wrapper_fifo_w32_d2_S
INFO-FLOW: Found component top_wrapper_fifo_w32_d2_S.
INFO-FLOW: Append model top_wrapper_fifo_w32_d2_S
INFO-FLOW: Found component top_wrapper_fifo_w32_d2_S.
INFO-FLOW: Append model top_wrapper_fifo_w32_d2_S
INFO-FLOW: Found component top_wrapper_fifo_w32_d2_S.
INFO-FLOW: Append model top_wrapper_fifo_w32_d2_S
INFO-FLOW: Found component top_wrapper_fifo_w32_d2_S.
INFO-FLOW: Append model top_wrapper_fifo_w32_d2_S
INFO-FLOW: Found component top_wrapper_fifo_w32_d2_S.
INFO-FLOW: Append model top_wrapper_fifo_w32_d2_S
INFO-FLOW: Found component top_wrapper_fifo_w32_d2_S.
INFO-FLOW: Append model top_wrapper_fifo_w32_d2_S
INFO-FLOW: Found component top_wrapper_fifo_w32_d2_S.
INFO-FLOW: Append model top_wrapper_fifo_w32_d2_S
INFO-FLOW: Found component top_wrapper_fifo_w32_d2_S.
INFO-FLOW: Append model top_wrapper_fifo_w32_d2_S
INFO-FLOW: Found component top_wrapper_fifo_w32_d2_S.
INFO-FLOW: Append model top_wrapper_fifo_w32_d2_S
INFO-FLOW: Found component top_wrapper_fifo_w32_d2_S.
INFO-FLOW: Append model top_wrapper_fifo_w32_d2_S
INFO-FLOW: Found component top_wrapper_fifo_w32_d2_S.
INFO-FLOW: Append model top_wrapper_fifo_w32_d2_S
INFO-FLOW: Found component top_wrapper_fifo_w32_d2_S.
INFO-FLOW: Append model top_wrapper_fifo_w32_d2_S
INFO-FLOW: Found component top_wrapper_fifo_w32_d2_S.
INFO-FLOW: Append model top_wrapper_fifo_w32_d2_S
INFO-FLOW: Found component top_wrapper_fifo_w32_d2_S.
INFO-FLOW: Append model top_wrapper_fifo_w32_d2_S
INFO-FLOW: Found component top_wrapper_fifo_w32_d2_S.
INFO-FLOW: Append model top_wrapper_fifo_w32_d2_S
INFO-FLOW: Found component top_wrapper_fifo_w32_d2_S.
INFO-FLOW: Append model top_wrapper_fifo_w32_d2_S
INFO-FLOW: Found component top_wrapper_fifo_w32_d2_S.
INFO-FLOW: Append model top_wrapper_fifo_w32_d2_S
INFO-FLOW: Found component top_wrapper_fifo_w32_d2_S.
INFO-FLOW: Append model top_wrapper_fifo_w32_d2_S
INFO-FLOW: Found component top_wrapper_fifo_w32_d2_S.
INFO-FLOW: Append model top_wrapper_fifo_w32_d2_S
INFO-FLOW: Found component top_wrapper_fifo_w32_d2_S.
INFO-FLOW: Append model top_wrapper_fifo_w32_d2_S
INFO-FLOW: Found component top_wrapper_fifo_w32_d2_S.
INFO-FLOW: Append model top_wrapper_fifo_w32_d2_S
INFO-FLOW: Found component top_wrapper_fifo_w32_d2_S.
INFO-FLOW: Append model top_wrapper_fifo_w32_d2_S
INFO-FLOW: Found component top_wrapper_fifo_w32_d2_S.
INFO-FLOW: Append model top_wrapper_fifo_w32_d2_S
INFO-FLOW: Found component top_wrapper_fifo_w32_d2_S.
INFO-FLOW: Append model top_wrapper_fifo_w32_d2_S
INFO-FLOW: Found component top_wrapper_fifo_w32_d2_S.
INFO-FLOW: Append model top_wrapper_fifo_w32_d2_S
INFO-FLOW: Found component top_wrapper_fifo_w32_d2_S.
INFO-FLOW: Append model top_wrapper_fifo_w32_d2_S
INFO-FLOW: Found component top_wrapper_fifo_w32_d2_S.
INFO-FLOW: Append model top_wrapper_fifo_w32_d2_S
INFO-FLOW: Found component top_wrapper_fifo_w32_d2_S.
INFO-FLOW: Append model top_wrapper_fifo_w32_d2_S
INFO-FLOW: Found component top_wrapper_fifo_w32_d2_S.
INFO-FLOW: Append model top_wrapper_fifo_w32_d2_S
INFO-FLOW: Found component top_wrapper_fifo_w32_d2_S.
INFO-FLOW: Append model top_wrapper_fifo_w32_d2_S
INFO-FLOW: Found component top_wrapper_fifo_w32_d2_S.
INFO-FLOW: Append model top_wrapper_fifo_w32_d2_S
INFO-FLOW: Found component top_wrapper_fifo_w32_d2_S.
INFO-FLOW: Append model top_wrapper_fifo_w32_d2_S
INFO-FLOW: Found component top_wrapper_fifo_w32_d2_S.
INFO-FLOW: Append model top_wrapper_fifo_w32_d2_S
INFO-FLOW: Found component top_wrapper_fifo_w32_d2_S.
INFO-FLOW: Append model top_wrapper_fifo_w32_d2_S
INFO-FLOW: Found component top_wrapper_fifo_w32_d2_S.
INFO-FLOW: Append model top_wrapper_fifo_w32_d2_S
INFO-FLOW: Found component top_wrapper_fifo_w32_d2_S.
INFO-FLOW: Append model top_wrapper_fifo_w32_d2_S
INFO-FLOW: Found component top_wrapper_fifo_w32_d2_S.
INFO-FLOW: Append model top_wrapper_fifo_w32_d2_S
INFO-FLOW: Found component top_wrapper_fifo_w32_d2_S.
INFO-FLOW: Append model top_wrapper_fifo_w32_d2_S
INFO-FLOW: Found component top_wrapper_fifo_w32_d2_S.
INFO-FLOW: Append model top_wrapper_fifo_w32_d2_S
INFO-FLOW: Found component top_wrapper_fifo_w32_d2_S.
INFO-FLOW: Append model top_wrapper_fifo_w32_d2_S
INFO-FLOW: Found component top_wrapper_fifo_w32_d2_S.
INFO-FLOW: Append model top_wrapper_fifo_w32_d2_S
INFO-FLOW: Found component top_wrapper_fifo_w32_d2_S.
INFO-FLOW: Append model top_wrapper_fifo_w32_d2_S
INFO-FLOW: Found component top_wrapper_fifo_w32_d2_S.
INFO-FLOW: Append model top_wrapper_fifo_w32_d2_S
INFO-FLOW: Found component top_wrapper_fifo_w32_d2_S.
INFO-FLOW: Append model top_wrapper_fifo_w32_d2_S
INFO-FLOW: Found component top_wrapper_fifo_w32_d2_S.
INFO-FLOW: Append model top_wrapper_fifo_w32_d2_S
INFO-FLOW: Found component top_wrapper_fifo_w32_d2_S.
INFO-FLOW: Append model top_wrapper_fifo_w32_d2_S
INFO-FLOW: Found component top_wrapper_fifo_w32_d2_S.
INFO-FLOW: Append model top_wrapper_fifo_w32_d2_S
INFO-FLOW: Found component top_wrapper_fifo_w32_d2_S.
INFO-FLOW: Append model top_wrapper_fifo_w32_d2_S
INFO-FLOW: Found component top_wrapper_fifo_w32_d2_S.
INFO-FLOW: Append model top_wrapper_fifo_w32_d2_S
INFO-FLOW: Found component top_wrapper_fifo_w32_d2_S.
INFO-FLOW: Append model top_wrapper_fifo_w32_d2_S
INFO-FLOW: Found component top_wrapper_fifo_w32_d2_S.
INFO-FLOW: Append model top_wrapper_fifo_w32_d2_S
INFO-FLOW: Found component top_wrapper_fifo_w32_d2_S.
INFO-FLOW: Append model top_wrapper_fifo_w32_d2_S
INFO-FLOW: Found component top_wrapper_fifo_w32_d2_S.
INFO-FLOW: Append model top_wrapper_fifo_w32_d2_S
INFO-FLOW: Found component top_wrapper_fifo_w32_d2_S.
INFO-FLOW: Append model top_wrapper_fifo_w32_d2_S
INFO-FLOW: Found component top_wrapper_fifo_w32_d2_S.
INFO-FLOW: Append model top_wrapper_fifo_w32_d2_S
INFO-FLOW: Found component top_wrapper_fifo_w32_d2_S.
INFO-FLOW: Append model top_wrapper_fifo_w32_d2_S
INFO-FLOW: Found component top_wrapper_fifo_w32_d2_S.
INFO-FLOW: Append model top_wrapper_fifo_w32_d2_S
INFO-FLOW: Found component top_wrapper_fifo_w32_d2_S.
INFO-FLOW: Append model top_wrapper_fifo_w32_d2_S
INFO-FLOW: Found component top_wrapper_fifo_w32_d2_S.
INFO-FLOW: Append model top_wrapper_fifo_w32_d2_S
INFO-FLOW: Found component top_wrapper_fifo_w32_d2_S.
INFO-FLOW: Append model top_wrapper_fifo_w32_d2_S
INFO-FLOW: Found component top_wrapper_fifo_w32_d2_S.
INFO-FLOW: Append model top_wrapper_fifo_w32_d2_S
INFO-FLOW: Found component top_wrapper_fifo_w32_d2_S.
INFO-FLOW: Append model top_wrapper_fifo_w32_d2_S
INFO-FLOW: Found component top_wrapper_fifo_w32_d2_S.
INFO-FLOW: Append model top_wrapper_fifo_w32_d2_S
INFO-FLOW: Found component top_wrapper_fifo_w32_d2_S.
INFO-FLOW: Append model top_wrapper_fifo_w32_d2_S
INFO-FLOW: Found component top_wrapper_fifo_w32_d2_S.
INFO-FLOW: Append model top_wrapper_fifo_w32_d2_S
INFO-FLOW: Found component top_wrapper_fifo_w32_d2_S.
INFO-FLOW: Append model top_wrapper_fifo_w32_d2_S
INFO-FLOW: Found component top_wrapper_fifo_w32_d2_S.
INFO-FLOW: Append model top_wrapper_fifo_w32_d2_S
INFO-FLOW: Found component top_wrapper_fifo_w32_d2_S.
INFO-FLOW: Append model top_wrapper_fifo_w32_d2_S
INFO-FLOW: Found component top_wrapper_fifo_w32_d2_S.
INFO-FLOW: Append model top_wrapper_fifo_w32_d2_S
INFO-FLOW: Found component top_wrapper_fifo_w32_d2_S.
INFO-FLOW: Append model top_wrapper_fifo_w32_d2_S
INFO-FLOW: Found component top_wrapper_fifo_w32_d2_S.
INFO-FLOW: Append model top_wrapper_fifo_w32_d2_S
INFO-FLOW: Found component top_wrapper_fifo_w32_d2_S.
INFO-FLOW: Append model top_wrapper_fifo_w32_d2_S
INFO-FLOW: Found component top_wrapper_fifo_w32_d2_S.
INFO-FLOW: Append model top_wrapper_fifo_w32_d2_S
INFO-FLOW: Found component top_wrapper_fifo_w32_d2_S.
INFO-FLOW: Append model top_wrapper_fifo_w32_d2_S
INFO-FLOW: Found component top_wrapper_fifo_w32_d2_S.
INFO-FLOW: Append model top_wrapper_fifo_w32_d2_S
INFO-FLOW: Found component top_wrapper_fifo_w32_d2_S.
INFO-FLOW: Append model top_wrapper_fifo_w32_d2_S
INFO-FLOW: Found component top_wrapper_fifo_w32_d2_S.
INFO-FLOW: Append model top_wrapper_fifo_w32_d2_S
INFO-FLOW: Found component top_wrapper_fifo_w32_d2_S.
INFO-FLOW: Append model top_wrapper_fifo_w32_d2_S
INFO-FLOW: Found component top_wrapper_fifo_w32_d2_S.
INFO-FLOW: Append model top_wrapper_fifo_w32_d2_S
INFO-FLOW: Found component top_wrapper_fifo_w32_d2_S.
INFO-FLOW: Append model top_wrapper_fifo_w32_d2_S
INFO-FLOW: Found component top_wrapper_fifo_w32_d2_S.
INFO-FLOW: Append model top_wrapper_fifo_w32_d2_S
INFO-FLOW: Found component top_wrapper_fifo_w32_d2_S.
INFO-FLOW: Append model top_wrapper_fifo_w32_d2_S
INFO-FLOW: Found component top_wrapper_fifo_w32_d2_S.
INFO-FLOW: Append model top_wrapper_fifo_w32_d2_S
INFO-FLOW: Found component top_wrapper_fifo_w32_d2_S.
INFO-FLOW: Append model top_wrapper_fifo_w32_d2_S
INFO-FLOW: Found component top_wrapper_fifo_w32_d2_S.
INFO-FLOW: Append model top_wrapper_fifo_w32_d2_S
INFO-FLOW: Found component top_wrapper_fifo_w32_d2_S.
INFO-FLOW: Append model top_wrapper_fifo_w32_d2_S
INFO-FLOW: Found component top_wrapper_fifo_w32_d2_S.
INFO-FLOW: Append model top_wrapper_fifo_w32_d2_S
INFO-FLOW: Found component top_wrapper_fifo_w32_d2_S.
INFO-FLOW: Append model top_wrapper_fifo_w32_d2_S
INFO-FLOW: Found component top_wrapper_fifo_w32_d2_S.
INFO-FLOW: Append model top_wrapper_fifo_w32_d2_S
INFO-FLOW: Found component top_wrapper_fifo_w32_d2_S.
INFO-FLOW: Append model top_wrapper_fifo_w32_d2_S
INFO-FLOW: Found component top_wrapper_fifo_w32_d2_S.
INFO-FLOW: Append model top_wrapper_fifo_w32_d2_S
INFO-FLOW: Found component top_wrapper_fifo_w32_d2_S.
INFO-FLOW: Append model top_wrapper_fifo_w32_d2_S
INFO-FLOW: Found component top_wrapper_fifo_w32_d2_S.
INFO-FLOW: Append model top_wrapper_fifo_w32_d2_S
INFO-FLOW: Found component top_wrapper_fifo_w32_d2_S.
INFO-FLOW: Append model top_wrapper_fifo_w32_d2_S
INFO-FLOW: Found component top_wrapper_fifo_w32_d2_S.
INFO-FLOW: Append model top_wrapper_fifo_w32_d2_S
INFO-FLOW: Found component top_wrapper_fifo_w32_d2_S.
INFO-FLOW: Append model top_wrapper_fifo_w32_d2_S
INFO-FLOW: Found component top_wrapper_fifo_w32_d2_S.
INFO-FLOW: Append model top_wrapper_fifo_w32_d2_S
INFO-FLOW: Found component top_wrapper_fifo_w32_d2_S.
INFO-FLOW: Append model top_wrapper_fifo_w32_d2_S
INFO-FLOW: Found component top_wrapper_fifo_w32_d2_S.
INFO-FLOW: Append model top_wrapper_fifo_w32_d2_S
INFO-FLOW: Found component top_wrapper_fifo_w32_d2_S.
INFO-FLOW: Append model top_wrapper_fifo_w32_d2_S
INFO-FLOW: Found component top_wrapper_fifo_w32_d2_S.
INFO-FLOW: Append model top_wrapper_fifo_w32_d2_S
INFO-FLOW: Found component top_wrapper_fifo_w32_d2_S.
INFO-FLOW: Append model top_wrapper_fifo_w32_d2_S
INFO-FLOW: Found component top_wrapper_fifo_w32_d2_S.
INFO-FLOW: Append model top_wrapper_fifo_w32_d2_S
INFO-FLOW: Found component top_wrapper_fifo_w32_d2_S.
INFO-FLOW: Append model top_wrapper_fifo_w32_d2_S
INFO-FLOW: Found component top_wrapper_fifo_w32_d2_S.
INFO-FLOW: Append model top_wrapper_fifo_w32_d2_S
INFO-FLOW: Found component top_wrapper_fifo_w32_d2_S.
INFO-FLOW: Append model top_wrapper_fifo_w32_d2_S
INFO-FLOW: Found component top_wrapper_fifo_w32_d2_S.
INFO-FLOW: Append model top_wrapper_fifo_w32_d2_S
INFO-FLOW: Found component top_wrapper_fifo_w32_d2_S.
INFO-FLOW: Append model top_wrapper_fifo_w32_d2_S
INFO-FLOW: Found component top_wrapper_fifo_w32_d2_S.
INFO-FLOW: Append model top_wrapper_fifo_w32_d2_S
INFO-FLOW: Found component top_wrapper_fifo_w32_d2_S.
INFO-FLOW: Append model top_wrapper_fifo_w32_d2_S
INFO-FLOW: Found component top_wrapper_fifo_w32_d2_S.
INFO-FLOW: Append model top_wrapper_fifo_w32_d2_S
INFO-FLOW: Found component top_wrapper_fifo_w32_d2_S.
INFO-FLOW: Append model top_wrapper_fifo_w32_d2_S
INFO-FLOW: Found component top_wrapper_fifo_w32_d2_S.
INFO-FLOW: Append model top_wrapper_fifo_w32_d2_S
INFO-FLOW: Found component top_wrapper_fifo_w32_d2_S.
INFO-FLOW: Append model top_wrapper_fifo_w32_d2_S
INFO-FLOW: Found component top_wrapper_fifo_w32_d2_S.
INFO-FLOW: Append model top_wrapper_fifo_w32_d2_S
INFO-FLOW: Found component top_wrapper_fifo_w32_d2_S.
INFO-FLOW: Append model top_wrapper_fifo_w32_d2_S
INFO-FLOW: Found component top_wrapper_fifo_w32_d2_S.
INFO-FLOW: Append model top_wrapper_fifo_w32_d2_S
INFO-FLOW: Found component top_wrapper_fifo_w32_d2_S.
INFO-FLOW: Append model top_wrapper_fifo_w32_d2_S
INFO-FLOW: Found component top_wrapper_fifo_w32_d2_S.
INFO-FLOW: Append model top_wrapper_fifo_w32_d2_S
INFO-FLOW: Found component top_wrapper_fifo_w32_d2_S.
INFO-FLOW: Append model top_wrapper_fifo_w32_d2_S
INFO-FLOW: Found component top_wrapper_fifo_w32_d2_S.
INFO-FLOW: Append model top_wrapper_fifo_w32_d2_S
INFO-FLOW: Found component top_wrapper_fifo_w32_d2_S.
INFO-FLOW: Append model top_wrapper_fifo_w32_d2_S
INFO-FLOW: Found component top_wrapper_fifo_w32_d2_S.
INFO-FLOW: Append model top_wrapper_fifo_w32_d2_S
INFO-FLOW: Found component top_wrapper_fifo_w32_d2_S.
INFO-FLOW: Append model top_wrapper_fifo_w32_d2_S
INFO-FLOW: Found component top_wrapper_fifo_w32_d2_S.
INFO-FLOW: Append model top_wrapper_fifo_w32_d2_S
Command         ap_source done; 0.17 sec.
INFO-FLOW: Handling components in module [top_wrapper] ... 
Execute         source /home/lorenzor/workspace/convolution/convolution/solution_0/.autopilot/db/top_wrapper.compgen.tcl 
INFO-FLOW: Found component top_wrapper_gmem2_m_axi.
INFO-FLOW: Append model top_wrapper_gmem2_m_axi
INFO-FLOW: Found component top_wrapper_gmem1_m_axi.
INFO-FLOW: Append model top_wrapper_gmem1_m_axi
INFO-FLOW: Found component top_wrapper_control_s_axi.
INFO-FLOW: Append model top_wrapper_control_s_axi
INFO-FLOW: Found component top_wrapper_control_r_s_axi.
INFO-FLOW: Append model top_wrapper_control_r_s_axi
INFO-FLOW: Found component top_wrapper_gmem3_s_axi.
INFO-FLOW: Append model top_wrapper_gmem3_s_axi
INFO-FLOW: Append model entry_proc
INFO-FLOW: Append model dataflow_in_loop_VITIS_LOOP_92_1_1_Loop_VITIS_LOOP_99_2_proc
INFO-FLOW: Append model load_input_Pipeline_load_input_loop_VITIS_LOOP_9_1
INFO-FLOW: Append model load_input
INFO-FLOW: Append model conv_Pipeline_VITIS_LOOP_41_1_VITIS_LOOP_42_2_VITIS_LOOP_43_3
INFO-FLOW: Append model conv_2_13_13_3_3_2_11_11_1_1_5_1_5_5_2_3_Pipeline_L5_L4_L3
INFO-FLOW: Append model conv_2_13_13_3_3_2_11_11_1_1_5_1_5_5_2_3_s
INFO-FLOW: Append model out_conv2mem_Pipeline_VITIS_LOOP_41_4
INFO-FLOW: Append model out_conv2mem_2_13_13_3_3_2_11_11_1_162_1_1_5_5_2_3_s
INFO-FLOW: Append model dataflow_in_loop_VITIS_LOOP_92_1_1
INFO-FLOW: Append model top_wrapper
INFO-FLOW: Generating RTL model list ...
INFO-FLOW: All models in this session: top_wrapper_flow_control_loop_pipe top_wrapper_urem_12ns_7ns_12_16_1 top_wrapper_mul_15ns_17ns_31_1_1 top_wrapper_urem_6ns_5ns_6_10_1 top_wrapper_mac_muladd_9ns_4ns_9ns_12_4_1 top_wrapper_mac_muladd_6ns_6ns_7s_12_4_1 top_wrapper_flow_control_loop_pipe_sequential_init top_wrapper_mul_3ns_13ns_14_1_1 top_wrapper_flow_control_loop_pipe_sequential_init top_wrapper_mul_45s_8s_45_2_1 top_wrapper_mul_4ns_6ns_9_1_1 top_wrapper_urem_6ns_5ns_4_10_1 top_wrapper_urem_4ns_4ns_4_8_1 top_wrapper_urem_4ns_3ns_4_8_1 top_wrapper_sparsemux_77_6_45_1_1 top_wrapper_sparsemux_19_4_45_1_1 top_wrapper_sparsemux_81_6_45_1_1 top_wrapper_sparsemux_97_6_45_1_1 top_wrapper_sparsemux_101_6_45_1_1 top_wrapper_flow_control_loop_pipe_sequential_init top_wrapper_sparsemux_51_5_32_1_1 top_wrapper_flow_control_loop_pipe_sequential_init top_wrapper_mul_3ns_12ns_13_1_1 top_wrapper_sparsemux_19_5_32_1_1 top_wrapper_fifo_w64_d4_S top_wrapper_fifo_w8_d100_S top_wrapper_fifo_w3_d3_S top_wrapper_fifo_w45_d2_S top_wrapper_fifo_w45_d2_S top_wrapper_fifo_w45_d2_S top_wrapper_fifo_w45_d2_S top_wrapper_fifo_w45_d2_S top_wrapper_fifo_w45_d2_S top_wrapper_fifo_w45_d2_S top_wrapper_fifo_w45_d2_S top_wrapper_fifo_w45_d2_S top_wrapper_fifo_w45_d2_S top_wrapper_fifo_w45_d2_S top_wrapper_fifo_w45_d2_S top_wrapper_fifo_w45_d2_S top_wrapper_fifo_w45_d2_S top_wrapper_fifo_w45_d2_S top_wrapper_fifo_w45_d2_S top_wrapper_fifo_w45_d2_S top_wrapper_fifo_w45_d2_S top_wrapper_fifo_w45_d2_S top_wrapper_fifo_w45_d2_S top_wrapper_fifo_w45_d2_S top_wrapper_fifo_w45_d2_S top_wrapper_fifo_w45_d2_S top_wrapper_fifo_w45_d2_S top_wrapper_fifo_w45_d2_S top_wrapper_fifo_w45_d2_S top_wrapper_fifo_w45_d2_S top_wrapper_fifo_w45_d2_S top_wrapper_fifo_w45_d2_S top_wrapper_fifo_w45_d2_S top_wrapper_fifo_w45_d2_S top_wrapper_fifo_w45_d2_S top_wrapper_fifo_w45_d2_S top_wrapper_fifo_w45_d2_S top_wrapper_fifo_w45_d2_S top_wrapper_fifo_w45_d2_S top_wrapper_fifo_w45_d2_S top_wrapper_fifo_w45_d2_S top_wrapper_fifo_w45_d2_S top_wrapper_fifo_w45_d2_S top_wrapper_fifo_w45_d2_S top_wrapper_fifo_w45_d2_S top_wrapper_fifo_w45_d2_S top_wrapper_fifo_w45_d2_S top_wrapper_fifo_w45_d2_S top_wrapper_fifo_w45_d2_S top_wrapper_fifo_w45_d2_S top_wrapper_fifo_w45_d2_S top_wrapper_fifo_w45_d2_S top_wrapper_fifo_w45_d2_S top_wrapper_fifo_w45_d2_S top_wrapper_fifo_w45_d2_S top_wrapper_fifo_w45_d2_S top_wrapper_fifo_w45_d2_S top_wrapper_fifo_w45_d2_S top_wrapper_fifo_w45_d2_S top_wrapper_fifo_w45_d2_S top_wrapper_fifo_w45_d2_S top_wrapper_fifo_w45_d2_S top_wrapper_fifo_w45_d2_S top_wrapper_fifo_w45_d2_S top_wrapper_fifo_w45_d2_S top_wrapper_fifo_w45_d2_S top_wrapper_fifo_w45_d2_S top_wrapper_fifo_w45_d2_S top_wrapper_fifo_w45_d2_S top_wrapper_fifo_w45_d2_S top_wrapper_fifo_w45_d2_S top_wrapper_fifo_w45_d2_S top_wrapper_fifo_w45_d2_S top_wrapper_fifo_w45_d2_S top_wrapper_fifo_w45_d2_S top_wrapper_fifo_w45_d2_S top_wrapper_fifo_w45_d2_S top_wrapper_fifo_w45_d2_S top_wrapper_fifo_w45_d2_S top_wrapper_fifo_w45_d2_S top_wrapper_fifo_w45_d2_S top_wrapper_fifo_w45_d2_S top_wrapper_fifo_w45_d2_S top_wrapper_fifo_w45_d2_S top_wrapper_fifo_w45_d2_S top_wrapper_fifo_w45_d2_S top_wrapper_fifo_w45_d2_S top_wrapper_fifo_w45_d2_S top_wrapper_fifo_w45_d2_S top_wrapper_fifo_w45_d2_S top_wrapper_fifo_w45_d2_S top_wrapper_fifo_w45_d2_S top_wrapper_fifo_w45_d2_S top_wrapper_fifo_w45_d2_S top_wrapper_fifo_w45_d2_S top_wrapper_fifo_w45_d2_S top_wrapper_fifo_w45_d2_S top_wrapper_fifo_w45_d2_S top_wrapper_fifo_w45_d2_S top_wrapper_fifo_w45_d2_S top_wrapper_fifo_w45_d2_S top_wrapper_fifo_w45_d2_S top_wrapper_fifo_w45_d2_S top_wrapper_fifo_w45_d2_S top_wrapper_fifo_w45_d2_S top_wrapper_fifo_w45_d2_S top_wrapper_fifo_w45_d2_S top_wrapper_fifo_w45_d2_S top_wrapper_fifo_w45_d2_S top_wrapper_fifo_w45_d2_S top_wrapper_fifo_w45_d2_S top_wrapper_fifo_w45_d2_S top_wrapper_fifo_w45_d2_S top_wrapper_fifo_w45_d2_S top_wrapper_fifo_w45_d2_S top_wrapper_fifo_w45_d2_S top_wrapper_fifo_w45_d2_S top_wrapper_fifo_w45_d2_S top_wrapper_fifo_w45_d2_S top_wrapper_fifo_w45_d2_S top_wrapper_fifo_w45_d2_S top_wrapper_fifo_w45_d2_S top_wrapper_fifo_w45_d2_S top_wrapper_fifo_w45_d2_S top_wrapper_fifo_w45_d2_S top_wrapper_fifo_w45_d2_S top_wrapper_fifo_w45_d2_S top_wrapper_fifo_w45_d2_S top_wrapper_fifo_w45_d2_S top_wrapper_fifo_w45_d2_S top_wrapper_fifo_w45_d2_S top_wrapper_fifo_w45_d2_S top_wrapper_fifo_w45_d2_S top_wrapper_fifo_w45_d2_S top_wrapper_fifo_w45_d2_S top_wrapper_fifo_w45_d2_S top_wrapper_fifo_w45_d2_S top_wrapper_fifo_w45_d2_S top_wrapper_fifo_w45_d2_S top_wrapper_fifo_w45_d2_S top_wrapper_fifo_w45_d2_S top_wrapper_fifo_w45_d2_S top_wrapper_fifo_w45_d2_S top_wrapper_fifo_w45_d2_S top_wrapper_fifo_w45_d2_S top_wrapper_fifo_w45_d2_S top_wrapper_fifo_w45_d2_S top_wrapper_fifo_w45_d2_S top_wrapper_fifo_w45_d2_S top_wrapper_fifo_w45_d2_S top_wrapper_fifo_w45_d2_S top_wrapper_fifo_w45_d2_S top_wrapper_fifo_w45_d2_S top_wrapper_fifo_w45_d2_S top_wrapper_fifo_w45_d2_S top_wrapper_fifo_w45_d2_S top_wrapper_fifo_w45_d2_S top_wrapper_fifo_w45_d2_S top_wrapper_fifo_w45_d2_S top_wrapper_fifo_w45_d2_S top_wrapper_fifo_w45_d2_S top_wrapper_fifo_w45_d2_S top_wrapper_fifo_w45_d2_S top_wrapper_fifo_w45_d2_S top_wrapper_fifo_w45_d2_S top_wrapper_fifo_w45_d2_S top_wrapper_fifo_w45_d2_S top_wrapper_fifo_w45_d2_S top_wrapper_fifo_w45_d2_S top_wrapper_fifo_w45_d2_S top_wrapper_fifo_w45_d2_S top_wrapper_fifo_w45_d2_S top_wrapper_fifo_w45_d2_S top_wrapper_fifo_w45_d2_S top_wrapper_fifo_w45_d2_S top_wrapper_fifo_w45_d2_S top_wrapper_fifo_w45_d2_S top_wrapper_fifo_w45_d2_S top_wrapper_fifo_w45_d2_S top_wrapper_fifo_w45_d2_S top_wrapper_fifo_w45_d2_S top_wrapper_fifo_w45_d2_S top_wrapper_fifo_w45_d2_S top_wrapper_fifo_w45_d2_S top_wrapper_fifo_w45_d2_S top_wrapper_fifo_w45_d2_S top_wrapper_fifo_w45_d2_S top_wrapper_fifo_w45_d2_S top_wrapper_fifo_w45_d2_S top_wrapper_fifo_w45_d2_S top_wrapper_fifo_w45_d2_S top_wrapper_fifo_w45_d2_S top_wrapper_fifo_w45_d2_S top_wrapper_fifo_w45_d2_S top_wrapper_fifo_w45_d2_S top_wrapper_fifo_w45_d2_S top_wrapper_fifo_w45_d2_S top_wrapper_fifo_w45_d2_S top_wrapper_fifo_w45_d2_S top_wrapper_fifo_w45_d2_S top_wrapper_fifo_w45_d2_S top_wrapper_fifo_w45_d2_S top_wrapper_fifo_w45_d2_S top_wrapper_fifo_w45_d2_S top_wrapper_fifo_w45_d2_S top_wrapper_fifo_w45_d2_S top_wrapper_fifo_w45_d2_S top_wrapper_fifo_w45_d2_S top_wrapper_fifo_w45_d2_S top_wrapper_fifo_w45_d2_S top_wrapper_fifo_w45_d2_S top_wrapper_fifo_w45_d2_S top_wrapper_fifo_w45_d2_S top_wrapper_fifo_w45_d2_S top_wrapper_fifo_w45_d2_S top_wrapper_fifo_w45_d2_S top_wrapper_fifo_w45_d2_S top_wrapper_fifo_w45_d2_S top_wrapper_fifo_w45_d2_S top_wrapper_fifo_w45_d2_S top_wrapper_fifo_w45_d2_S top_wrapper_fifo_w45_d2_S top_wrapper_fifo_w45_d2_S top_wrapper_fifo_w45_d2_S top_wrapper_fifo_w45_d2_S top_wrapper_fifo_w45_d2_S top_wrapper_fifo_w45_d2_S top_wrapper_fifo_w45_d2_S top_wrapper_fifo_w45_d2_S top_wrapper_fifo_w45_d2_S top_wrapper_fifo_w45_d2_S top_wrapper_fifo_w45_d2_S top_wrapper_fifo_w45_d2_S top_wrapper_fifo_w45_d2_S top_wrapper_fifo_w45_d2_S top_wrapper_fifo_w45_d2_S top_wrapper_fifo_w45_d2_S top_wrapper_fifo_w45_d2_S top_wrapper_fifo_w45_d2_S top_wrapper_fifo_w45_d2_S top_wrapper_fifo_w45_d2_S top_wrapper_fifo_w45_d2_S top_wrapper_fifo_w45_d2_S top_wrapper_fifo_w45_d2_S top_wrapper_fifo_w45_d2_S top_wrapper_fifo_w45_d2_S top_wrapper_fifo_w45_d2_S top_wrapper_fifo_w45_d2_S top_wrapper_fifo_w45_d2_S top_wrapper_fifo_w45_d2_S top_wrapper_fifo_w45_d2_S top_wrapper_fifo_w45_d2_S top_wrapper_fifo_w45_d2_S top_wrapper_fifo_w45_d2_S top_wrapper_fifo_w45_d2_S top_wrapper_fifo_w45_d2_S top_wrapper_fifo_w45_d2_S top_wrapper_fifo_w45_d2_S top_wrapper_fifo_w45_d2_S top_wrapper_fifo_w45_d2_S top_wrapper_fifo_w45_d2_S top_wrapper_fifo_w45_d2_S top_wrapper_fifo_w45_d2_S top_wrapper_fifo_w45_d2_S top_wrapper_fifo_w45_d2_S top_wrapper_fifo_w45_d2_S top_wrapper_fifo_w45_d2_S top_wrapper_fifo_w45_d2_S top_wrapper_fifo_w45_d2_S top_wrapper_fifo_w45_d2_S top_wrapper_fifo_w45_d2_S top_wrapper_fifo_w45_d2_S top_wrapper_fifo_w45_d2_S top_wrapper_fifo_w45_d2_S top_wrapper_fifo_w45_d2_S top_wrapper_fifo_w45_d2_S top_wrapper_fifo_w45_d2_S top_wrapper_fifo_w45_d2_S top_wrapper_fifo_w45_d2_S top_wrapper_fifo_w45_d2_S top_wrapper_fifo_w45_d2_S top_wrapper_fifo_w45_d2_S top_wrapper_fifo_w45_d2_S top_wrapper_fifo_w45_d2_S top_wrapper_fifo_w45_d2_S top_wrapper_fifo_w45_d2_S top_wrapper_fifo_w45_d2_S top_wrapper_fifo_w45_d2_S top_wrapper_fifo_w45_d2_S top_wrapper_fifo_w45_d2_S top_wrapper_fifo_w45_d2_S top_wrapper_fifo_w45_d2_S top_wrapper_fifo_w45_d2_S top_wrapper_fifo_w45_d2_S top_wrapper_fifo_w45_d2_S top_wrapper_fifo_w45_d2_S top_wrapper_fifo_w45_d2_S top_wrapper_fifo_w45_d2_S top_wrapper_fifo_w45_d2_S top_wrapper_fifo_w45_d2_S top_wrapper_fifo_w45_d2_S top_wrapper_fifo_w45_d2_S top_wrapper_fifo_w45_d2_S top_wrapper_fifo_w45_d2_S top_wrapper_fifo_w45_d2_S top_wrapper_fifo_w45_d2_S top_wrapper_fifo_w45_d2_S top_wrapper_fifo_w45_d2_S top_wrapper_fifo_w45_d2_S top_wrapper_fifo_w45_d2_S top_wrapper_fifo_w45_d2_S top_wrapper_fifo_w45_d2_S top_wrapper_fifo_w45_d2_S top_wrapper_fifo_w45_d2_S top_wrapper_fifo_w45_d2_S top_wrapper_fifo_w45_d2_S top_wrapper_fifo_w45_d2_S top_wrapper_fifo_w45_d2_S top_wrapper_fifo_w45_d2_S top_wrapper_fifo_w45_d2_S top_wrapper_fifo_w45_d2_S top_wrapper_fifo_w45_d2_S top_wrapper_fifo_w45_d2_S top_wrapper_fifo_w45_d2_S top_wrapper_fifo_w45_d2_S top_wrapper_fifo_w45_d2_S top_wrapper_fifo_w45_d2_S top_wrapper_fifo_w45_d2_S top_wrapper_fifo_w45_d2_S top_wrapper_fifo_w45_d2_S top_wrapper_fifo_w45_d2_S top_wrapper_fifo_w45_d2_S top_wrapper_fifo_w45_d2_S top_wrapper_fifo_w45_d2_S top_wrapper_fifo_w45_d2_S top_wrapper_fifo_w45_d2_S top_wrapper_fifo_w45_d2_S top_wrapper_fifo_w45_d2_S top_wrapper_fifo_w45_d2_S top_wrapper_fifo_w45_d2_S top_wrapper_fifo_w45_d2_S top_wrapper_fifo_w45_d2_S top_wrapper_fifo_w45_d2_S top_wrapper_fifo_w45_d2_S top_wrapper_fifo_w45_d2_S top_wrapper_fifo_w45_d2_S top_wrapper_fifo_w45_d2_S top_wrapper_fifo_w45_d2_S top_wrapper_fifo_w45_d2_S top_wrapper_fifo_w45_d2_S top_wrapper_fifo_w45_d2_S top_wrapper_fifo_w45_d2_S top_wrapper_fifo_w45_d2_S top_wrapper_fifo_w45_d2_S top_wrapper_fifo_w45_d2_S top_wrapper_fifo_w45_d2_S top_wrapper_fifo_w45_d2_S top_wrapper_fifo_w45_d2_S top_wrapper_fifo_w45_d2_S top_wrapper_fifo_w45_d2_S top_wrapper_fifo_w45_d2_S top_wrapper_fifo_w45_d2_S top_wrapper_fifo_w45_d2_S top_wrapper_fifo_w45_d2_S top_wrapper_fifo_w45_d2_S top_wrapper_fifo_w45_d2_S top_wrapper_fifo_w45_d2_S top_wrapper_fifo_w45_d2_S top_wrapper_fifo_w45_d2_S top_wrapper_fifo_w45_d2_S top_wrapper_fifo_w45_d2_S top_wrapper_fifo_w45_d2_S top_wrapper_fifo_w45_d2_S top_wrapper_fifo_w45_d2_S top_wrapper_fifo_w45_d2_S top_wrapper_fifo_w45_d2_S top_wrapper_fifo_w45_d2_S top_wrapper_fifo_w45_d2_S top_wrapper_fifo_w45_d2_S top_wrapper_fifo_w45_d2_S top_wrapper_fifo_w45_d2_S top_wrapper_fifo_w45_d2_S top_wrapper_fifo_w45_d2_S top_wrapper_fifo_w45_d2_S top_wrapper_fifo_w45_d2_S top_wrapper_fifo_w45_d2_S top_wrapper_fifo_w45_d2_S top_wrapper_fifo_w45_d2_S top_wrapper_fifo_w45_d2_S top_wrapper_fifo_w45_d2_S top_wrapper_fifo_w45_d2_S top_wrapper_fifo_w45_d2_S top_wrapper_fifo_w45_d2_S top_wrapper_fifo_w45_d2_S top_wrapper_fifo_w45_d2_S top_wrapper_fifo_w45_d2_S top_wrapper_fifo_w45_d2_S top_wrapper_fifo_w45_d2_S top_wrapper_fifo_w45_d2_S top_wrapper_fifo_w45_d2_S top_wrapper_fifo_w45_d2_S top_wrapper_fifo_w45_d2_S top_wrapper_fifo_w45_d2_S top_wrapper_fifo_w45_d2_S top_wrapper_fifo_w45_d2_S top_wrapper_fifo_w45_d2_S top_wrapper_fifo_w45_d2_S top_wrapper_fifo_w45_d2_S top_wrapper_fifo_w45_d2_S top_wrapper_fifo_w45_d2_S top_wrapper_fifo_w45_d2_S top_wrapper_fifo_w45_d2_S top_wrapper_fifo_w45_d2_S top_wrapper_fifo_w45_d2_S top_wrapper_fifo_w45_d2_S top_wrapper_fifo_w45_d2_S top_wrapper_fifo_w45_d2_S top_wrapper_fifo_w45_d2_S top_wrapper_fifo_w45_d2_S top_wrapper_fifo_w45_d2_S top_wrapper_fifo_w45_d2_S top_wrapper_fifo_w45_d2_S top_wrapper_fifo_w45_d2_S top_wrapper_fifo_w45_d2_S top_wrapper_fifo_w45_d2_S top_wrapper_fifo_w45_d2_S top_wrapper_fifo_w45_d2_S top_wrapper_fifo_w45_d2_S top_wrapper_fifo_w45_d2_S top_wrapper_fifo_w45_d2_S top_wrapper_fifo_w45_d2_S top_wrapper_fifo_w45_d2_S top_wrapper_fifo_w45_d2_S top_wrapper_fifo_w45_d2_S top_wrapper_fifo_w45_d2_S top_wrapper_fifo_w45_d2_S top_wrapper_fifo_w45_d2_S top_wrapper_fifo_w45_d2_S top_wrapper_fifo_w45_d2_S top_wrapper_fifo_w45_d2_S top_wrapper_fifo_w45_d2_S top_wrapper_fifo_w45_d2_S top_wrapper_fifo_w45_d2_S top_wrapper_fifo_w45_d2_S top_wrapper_fifo_w45_d2_S top_wrapper_fifo_w45_d2_S top_wrapper_fifo_w45_d2_S top_wrapper_fifo_w45_d2_S top_wrapper_fifo_w45_d2_S top_wrapper_fifo_w45_d2_S top_wrapper_fifo_w45_d2_S top_wrapper_fifo_w45_d2_S top_wrapper_fifo_w45_d2_S top_wrapper_fifo_w32_d2_S top_wrapper_fifo_w32_d2_S top_wrapper_fifo_w32_d2_S top_wrapper_fifo_w32_d2_S top_wrapper_fifo_w32_d2_S top_wrapper_fifo_w32_d2_S top_wrapper_fifo_w32_d2_S top_wrapper_fifo_w32_d2_S top_wrapper_fifo_w32_d2_S top_wrapper_fifo_w32_d2_S top_wrapper_fifo_w32_d2_S top_wrapper_fifo_w32_d2_S top_wrapper_fifo_w32_d2_S top_wrapper_fifo_w32_d2_S top_wrapper_fifo_w32_d2_S top_wrapper_fifo_w32_d2_S top_wrapper_fifo_w32_d2_S top_wrapper_fifo_w32_d2_S top_wrapper_fifo_w32_d2_S top_wrapper_fifo_w32_d2_S top_wrapper_fifo_w32_d2_S top_wrapper_fifo_w32_d2_S top_wrapper_fifo_w32_d2_S top_wrapper_fifo_w32_d2_S top_wrapper_fifo_w32_d2_S top_wrapper_fifo_w32_d2_S top_wrapper_fifo_w32_d2_S top_wrapper_fifo_w32_d2_S top_wrapper_fifo_w32_d2_S top_wrapper_fifo_w32_d2_S top_wrapper_fifo_w32_d2_S top_wrapper_fifo_w32_d2_S top_wrapper_fifo_w32_d2_S top_wrapper_fifo_w32_d2_S top_wrapper_fifo_w32_d2_S top_wrapper_fifo_w32_d2_S top_wrapper_fifo_w32_d2_S top_wrapper_fifo_w32_d2_S top_wrapper_fifo_w32_d2_S top_wrapper_fifo_w32_d2_S top_wrapper_fifo_w32_d2_S top_wrapper_fifo_w32_d2_S top_wrapper_fifo_w32_d2_S top_wrapper_fifo_w32_d2_S top_wrapper_fifo_w32_d2_S top_wrapper_fifo_w32_d2_S top_wrapper_fifo_w32_d2_S top_wrapper_fifo_w32_d2_S top_wrapper_fifo_w32_d2_S top_wrapper_fifo_w32_d2_S top_wrapper_fifo_w32_d2_S top_wrapper_fifo_w32_d2_S top_wrapper_fifo_w32_d2_S top_wrapper_fifo_w32_d2_S top_wrapper_fifo_w32_d2_S top_wrapper_fifo_w32_d2_S top_wrapper_fifo_w32_d2_S top_wrapper_fifo_w32_d2_S top_wrapper_fifo_w32_d2_S top_wrapper_fifo_w32_d2_S top_wrapper_fifo_w32_d2_S top_wrapper_fifo_w32_d2_S top_wrapper_fifo_w32_d2_S top_wrapper_fifo_w32_d2_S top_wrapper_fifo_w32_d2_S top_wrapper_fifo_w32_d2_S top_wrapper_fifo_w32_d2_S top_wrapper_fifo_w32_d2_S top_wrapper_fifo_w32_d2_S top_wrapper_fifo_w32_d2_S top_wrapper_fifo_w32_d2_S top_wrapper_fifo_w32_d2_S top_wrapper_fifo_w32_d2_S top_wrapper_fifo_w32_d2_S top_wrapper_fifo_w32_d2_S top_wrapper_fifo_w32_d2_S top_wrapper_fifo_w32_d2_S top_wrapper_fifo_w32_d2_S top_wrapper_fifo_w32_d2_S top_wrapper_fifo_w32_d2_S top_wrapper_fifo_w32_d2_S top_wrapper_fifo_w32_d2_S top_wrapper_fifo_w32_d2_S top_wrapper_fifo_w32_d2_S top_wrapper_fifo_w32_d2_S top_wrapper_fifo_w32_d2_S top_wrapper_fifo_w32_d2_S top_wrapper_fifo_w32_d2_S top_wrapper_fifo_w32_d2_S top_wrapper_fifo_w32_d2_S top_wrapper_fifo_w32_d2_S top_wrapper_fifo_w32_d2_S top_wrapper_fifo_w32_d2_S top_wrapper_fifo_w32_d2_S top_wrapper_fifo_w32_d2_S top_wrapper_fifo_w32_d2_S top_wrapper_fifo_w32_d2_S top_wrapper_fifo_w32_d2_S top_wrapper_fifo_w32_d2_S top_wrapper_fifo_w32_d2_S top_wrapper_fifo_w32_d2_S top_wrapper_fifo_w32_d2_S top_wrapper_fifo_w32_d2_S top_wrapper_fifo_w32_d2_S top_wrapper_fifo_w32_d2_S top_wrapper_fifo_w32_d2_S top_wrapper_fifo_w32_d2_S top_wrapper_fifo_w32_d2_S top_wrapper_fifo_w32_d2_S top_wrapper_fifo_w32_d2_S top_wrapper_fifo_w32_d2_S top_wrapper_fifo_w32_d2_S top_wrapper_fifo_w32_d2_S top_wrapper_fifo_w32_d2_S top_wrapper_fifo_w32_d2_S top_wrapper_fifo_w32_d2_S top_wrapper_fifo_w32_d2_S top_wrapper_fifo_w32_d2_S top_wrapper_fifo_w32_d2_S top_wrapper_fifo_w32_d2_S top_wrapper_fifo_w32_d2_S top_wrapper_fifo_w32_d2_S top_wrapper_fifo_w32_d2_S top_wrapper_fifo_w32_d2_S top_wrapper_fifo_w32_d2_S top_wrapper_fifo_w32_d2_S top_wrapper_fifo_w32_d2_S top_wrapper_fifo_w32_d2_S top_wrapper_fifo_w32_d2_S top_wrapper_fifo_w32_d2_S top_wrapper_fifo_w32_d2_S top_wrapper_fifo_w32_d2_S top_wrapper_fifo_w32_d2_S top_wrapper_fifo_w32_d2_S top_wrapper_fifo_w32_d2_S top_wrapper_fifo_w32_d2_S top_wrapper_fifo_w32_d2_S top_wrapper_fifo_w32_d2_S top_wrapper_fifo_w32_d2_S top_wrapper_fifo_w32_d2_S top_wrapper_fifo_w32_d2_S top_wrapper_fifo_w32_d2_S top_wrapper_fifo_w32_d2_S top_wrapper_fifo_w32_d2_S top_wrapper_fifo_w32_d2_S top_wrapper_fifo_w32_d2_S top_wrapper_fifo_w32_d2_S top_wrapper_fifo_w32_d2_S top_wrapper_fifo_w32_d2_S top_wrapper_fifo_w32_d2_S top_wrapper_fifo_w32_d2_S top_wrapper_fifo_w32_d2_S top_wrapper_fifo_w32_d2_S top_wrapper_fifo_w32_d2_S top_wrapper_fifo_w32_d2_S top_wrapper_fifo_w32_d2_S top_wrapper_fifo_w32_d2_S top_wrapper_fifo_w32_d2_S top_wrapper_fifo_w32_d2_S top_wrapper_fifo_w32_d2_S top_wrapper_fifo_w32_d2_S top_wrapper_fifo_w32_d2_S top_wrapper_fifo_w32_d2_S top_wrapper_fifo_w32_d2_S top_wrapper_fifo_w32_d2_S top_wrapper_fifo_w32_d2_S top_wrapper_fifo_w32_d2_S top_wrapper_fifo_w32_d2_S top_wrapper_fifo_w32_d2_S top_wrapper_fifo_w32_d2_S top_wrapper_fifo_w32_d2_S top_wrapper_fifo_w32_d2_S top_wrapper_fifo_w32_d2_S top_wrapper_fifo_w32_d2_S top_wrapper_fifo_w32_d2_S top_wrapper_fifo_w32_d2_S top_wrapper_fifo_w32_d2_S top_wrapper_fifo_w32_d2_S top_wrapper_fifo_w32_d2_S top_wrapper_fifo_w32_d2_S top_wrapper_fifo_w32_d2_S top_wrapper_fifo_w32_d2_S top_wrapper_fifo_w32_d2_S top_wrapper_fifo_w32_d2_S top_wrapper_fifo_w32_d2_S top_wrapper_fifo_w32_d2_S top_wrapper_fifo_w32_d2_S top_wrapper_fifo_w32_d2_S top_wrapper_fifo_w32_d2_S top_wrapper_fifo_w32_d2_S top_wrapper_fifo_w32_d2_S top_wrapper_fifo_w32_d2_S top_wrapper_fifo_w32_d2_S top_wrapper_fifo_w32_d2_S top_wrapper_fifo_w32_d2_S top_wrapper_fifo_w32_d2_S top_wrapper_fifo_w32_d2_S top_wrapper_fifo_w32_d2_S top_wrapper_fifo_w32_d2_S top_wrapper_fifo_w32_d2_S top_wrapper_fifo_w32_d2_S top_wrapper_fifo_w32_d2_S top_wrapper_fifo_w32_d2_S top_wrapper_fifo_w32_d2_S top_wrapper_fifo_w32_d2_S top_wrapper_fifo_w32_d2_S top_wrapper_fifo_w32_d2_S top_wrapper_fifo_w32_d2_S top_wrapper_fifo_w32_d2_S top_wrapper_fifo_w32_d2_S top_wrapper_fifo_w32_d2_S top_wrapper_fifo_w32_d2_S top_wrapper_fifo_w32_d2_S top_wrapper_fifo_w32_d2_S top_wrapper_fifo_w32_d2_S top_wrapper_fifo_w32_d2_S top_wrapper_fifo_w32_d2_S top_wrapper_fifo_w32_d2_S top_wrapper_fifo_w32_d2_S top_wrapper_fifo_w32_d2_S top_wrapper_fifo_w32_d2_S top_wrapper_fifo_w32_d2_S top_wrapper_fifo_w32_d2_S top_wrapper_fifo_w32_d2_S top_wrapper_fifo_w32_d2_S top_wrapper_fifo_w32_d2_S top_wrapper_fifo_w32_d2_S top_wrapper_fifo_w32_d2_S top_wrapper_fifo_w32_d2_S top_wrapper_fifo_w32_d2_S top_wrapper_fifo_w32_d2_S top_wrapper_fifo_w32_d2_S top_wrapper_fifo_w32_d2_S top_wrapper_fifo_w32_d2_S top_wrapper_fifo_w32_d2_S top_wrapper_fifo_w32_d2_S top_wrapper_fifo_w32_d2_S top_wrapper_fifo_w32_d2_S top_wrapper_fifo_w32_d2_S top_wrapper_fifo_w32_d2_S top_wrapper_fifo_w32_d2_S top_wrapper_fifo_w32_d2_S top_wrapper_fifo_w32_d2_S top_wrapper_fifo_w32_d2_S top_wrapper_fifo_w32_d2_S top_wrapper_fifo_w32_d2_S top_wrapper_fifo_w32_d2_S top_wrapper_fifo_w32_d2_S top_wrapper_fifo_w32_d2_S top_wrapper_fifo_w32_d2_S top_wrapper_fifo_w32_d2_S top_wrapper_fifo_w32_d2_S top_wrapper_fifo_w32_d2_S top_wrapper_fifo_w32_d2_S top_wrapper_fifo_w32_d2_S top_wrapper_fifo_w32_d2_S top_wrapper_fifo_w32_d2_S top_wrapper_fifo_w32_d2_S top_wrapper_fifo_w32_d2_S top_wrapper_fifo_w32_d2_S top_wrapper_fifo_w32_d2_S top_wrapper_fifo_w32_d2_S top_wrapper_fifo_w32_d2_S top_wrapper_fifo_w32_d2_S top_wrapper_fifo_w32_d2_S top_wrapper_fifo_w32_d2_S top_wrapper_fifo_w32_d2_S top_wrapper_fifo_w32_d2_S top_wrapper_fifo_w32_d2_S top_wrapper_fifo_w32_d2_S top_wrapper_fifo_w32_d2_S top_wrapper_fifo_w32_d2_S top_wrapper_fifo_w32_d2_S top_wrapper_fifo_w32_d2_S top_wrapper_fifo_w32_d2_S top_wrapper_fifo_w32_d2_S top_wrapper_fifo_w32_d2_S top_wrapper_fifo_w32_d2_S top_wrapper_fifo_w32_d2_S top_wrapper_fifo_w32_d2_S top_wrapper_fifo_w32_d2_S top_wrapper_fifo_w32_d2_S top_wrapper_fifo_w32_d2_S top_wrapper_fifo_w32_d2_S top_wrapper_fifo_w32_d2_S top_wrapper_fifo_w32_d2_S top_wrapper_fifo_w32_d2_S top_wrapper_fifo_w32_d2_S top_wrapper_fifo_w32_d2_S top_wrapper_fifo_w32_d2_S top_wrapper_fifo_w32_d2_S top_wrapper_fifo_w32_d2_S top_wrapper_fifo_w32_d2_S top_wrapper_fifo_w32_d2_S top_wrapper_fifo_w32_d2_S top_wrapper_fifo_w32_d2_S top_wrapper_fifo_w32_d2_S top_wrapper_fifo_w32_d2_S top_wrapper_fifo_w32_d2_S top_wrapper_fifo_w32_d2_S top_wrapper_fifo_w32_d2_S top_wrapper_fifo_w32_d2_S top_wrapper_fifo_w32_d2_S top_wrapper_fifo_w32_d2_S top_wrapper_fifo_w32_d2_S top_wrapper_fifo_w32_d2_S top_wrapper_fifo_w32_d2_S top_wrapper_fifo_w32_d2_S top_wrapper_fifo_w32_d2_S top_wrapper_fifo_w32_d2_S top_wrapper_fifo_w32_d2_S top_wrapper_fifo_w32_d2_S top_wrapper_fifo_w32_d2_S top_wrapper_fifo_w32_d2_S top_wrapper_fifo_w32_d2_S top_wrapper_fifo_w32_d2_S top_wrapper_fifo_w32_d2_S top_wrapper_fifo_w32_d2_S top_wrapper_fifo_w32_d2_S top_wrapper_fifo_w32_d2_S top_wrapper_fifo_w32_d2_S top_wrapper_fifo_w32_d2_S top_wrapper_fifo_w32_d2_S top_wrapper_fifo_w32_d2_S top_wrapper_fifo_w32_d2_S top_wrapper_fifo_w32_d2_S top_wrapper_fifo_w32_d2_S top_wrapper_fifo_w32_d2_S top_wrapper_fifo_w32_d2_S top_wrapper_fifo_w32_d2_S top_wrapper_fifo_w32_d2_S top_wrapper_fifo_w32_d2_S top_wrapper_fifo_w32_d2_S top_wrapper_fifo_w32_d2_S top_wrapper_fifo_w32_d2_S top_wrapper_fifo_w32_d2_S top_wrapper_fifo_w32_d2_S top_wrapper_fifo_w32_d2_S top_wrapper_fifo_w32_d2_S top_wrapper_fifo_w32_d2_S top_wrapper_fifo_w32_d2_S top_wrapper_fifo_w32_d2_S top_wrapper_fifo_w32_d2_S top_wrapper_fifo_w32_d2_S top_wrapper_fifo_w32_d2_S top_wrapper_fifo_w32_d2_S top_wrapper_fifo_w32_d2_S top_wrapper_fifo_w32_d2_S top_wrapper_fifo_w32_d2_S top_wrapper_fifo_w32_d2_S top_wrapper_fifo_w32_d2_S top_wrapper_fifo_w32_d2_S top_wrapper_fifo_w32_d2_S top_wrapper_fifo_w32_d2_S top_wrapper_fifo_w32_d2_S top_wrapper_fifo_w32_d2_S top_wrapper_fifo_w32_d2_S top_wrapper_fifo_w32_d2_S top_wrapper_fifo_w32_d2_S top_wrapper_fifo_w32_d2_S top_wrapper_fifo_w32_d2_S top_wrapper_fifo_w32_d2_S top_wrapper_fifo_w32_d2_S top_wrapper_fifo_w32_d2_S top_wrapper_fifo_w32_d2_S top_wrapper_fifo_w32_d2_S top_wrapper_fifo_w32_d2_S top_wrapper_fifo_w32_d2_S top_wrapper_fifo_w32_d2_S top_wrapper_fifo_w32_d2_S top_wrapper_fifo_w32_d2_S top_wrapper_fifo_w32_d2_S top_wrapper_fifo_w32_d2_S top_wrapper_fifo_w32_d2_S top_wrapper_fifo_w32_d2_S top_wrapper_fifo_w32_d2_S top_wrapper_fifo_w32_d2_S top_wrapper_fifo_w32_d2_S top_wrapper_fifo_w32_d2_S top_wrapper_fifo_w32_d2_S top_wrapper_fifo_w32_d2_S top_wrapper_fifo_w32_d2_S top_wrapper_fifo_w32_d2_S top_wrapper_fifo_w32_d2_S top_wrapper_fifo_w32_d2_S top_wrapper_fifo_w32_d2_S top_wrapper_fifo_w32_d2_S top_wrapper_fifo_w32_d2_S top_wrapper_fifo_w32_d2_S top_wrapper_fifo_w32_d2_S top_wrapper_fifo_w32_d2_S top_wrapper_fifo_w32_d2_S top_wrapper_fifo_w32_d2_S top_wrapper_fifo_w32_d2_S top_wrapper_fifo_w32_d2_S top_wrapper_fifo_w32_d2_S top_wrapper_fifo_w32_d2_S top_wrapper_fifo_w32_d2_S top_wrapper_fifo_w32_d2_S top_wrapper_fifo_w32_d2_S top_wrapper_fifo_w32_d2_S top_wrapper_fifo_w32_d2_S top_wrapper_fifo_w32_d2_S top_wrapper_fifo_w32_d2_S top_wrapper_fifo_w32_d2_S top_wrapper_fifo_w32_d2_S top_wrapper_fifo_w32_d2_S top_wrapper_fifo_w32_d2_S top_wrapper_fifo_w32_d2_S top_wrapper_fifo_w32_d2_S top_wrapper_fifo_w32_d2_S top_wrapper_fifo_w32_d2_S top_wrapper_fifo_w32_d2_S top_wrapper_fifo_w32_d2_S top_wrapper_fifo_w32_d2_S top_wrapper_fifo_w32_d2_S top_wrapper_fifo_w32_d2_S top_wrapper_fifo_w32_d2_S top_wrapper_fifo_w32_d2_S top_wrapper_fifo_w32_d2_S top_wrapper_fifo_w32_d2_S top_wrapper_fifo_w32_d2_S top_wrapper_fifo_w32_d2_S top_wrapper_fifo_w32_d2_S top_wrapper_fifo_w32_d2_S top_wrapper_fifo_w32_d2_S top_wrapper_fifo_w32_d2_S top_wrapper_fifo_w32_d2_S top_wrapper_fifo_w32_d2_S top_wrapper_fifo_w32_d2_S top_wrapper_fifo_w32_d2_S top_wrapper_fifo_w32_d2_S top_wrapper_fifo_w32_d2_S top_wrapper_fifo_w32_d2_S top_wrapper_fifo_w32_d2_S top_wrapper_fifo_w32_d2_S top_wrapper_fifo_w32_d2_S top_wrapper_fifo_w32_d2_S top_wrapper_fifo_w32_d2_S top_wrapper_fifo_w32_d2_S top_wrapper_fifo_w32_d2_S top_wrapper_fifo_w32_d2_S top_wrapper_fifo_w32_d2_S top_wrapper_fifo_w32_d2_S top_wrapper_fifo_w32_d2_S top_wrapper_fifo_w32_d2_S top_wrapper_fifo_w32_d2_S top_wrapper_fifo_w32_d2_S top_wrapper_fifo_w32_d2_S top_wrapper_fifo_w32_d2_S top_wrapper_gmem2_m_axi top_wrapper_gmem1_m_axi top_wrapper_control_s_axi top_wrapper_control_r_s_axi top_wrapper_gmem3_s_axi entry_proc dataflow_in_loop_VITIS_LOOP_92_1_1_Loop_VITIS_LOOP_99_2_proc load_input_Pipeline_load_input_loop_VITIS_LOOP_9_1 load_input conv_Pipeline_VITIS_LOOP_41_1_VITIS_LOOP_42_2_VITIS_LOOP_43_3 conv_2_13_13_3_3_2_11_11_1_1_5_1_5_5_2_3_Pipeline_L5_L4_L3 conv_2_13_13_3_3_2_11_11_1_1_5_1_5_5_2_3_s out_conv2mem_Pipeline_VITIS_LOOP_41_4 out_conv2mem_2_13_13_3_3_2_11_11_1_162_1_1_5_5_2_3_s dataflow_in_loop_VITIS_LOOP_92_1_1 top_wrapper
INFO-FLOW: Generating /home/lorenzor/workspace/convolution/convolution/solution_0/.autopilot/db/autopilot.rtl.models.txt file...
INFO-FLOW: To file: write model top_wrapper_flow_control_loop_pipe
INFO-FLOW: To file: write model top_wrapper_urem_12ns_7ns_12_16_1
INFO-FLOW: To file: write model top_wrapper_mul_15ns_17ns_31_1_1
INFO-FLOW: To file: write model top_wrapper_urem_6ns_5ns_6_10_1
INFO-FLOW: To file: write model top_wrapper_mac_muladd_9ns_4ns_9ns_12_4_1
INFO-FLOW: To file: write model top_wrapper_mac_muladd_6ns_6ns_7s_12_4_1
INFO-FLOW: To file: write model top_wrapper_flow_control_loop_pipe_sequential_init
INFO-FLOW: To file: write model top_wrapper_mul_3ns_13ns_14_1_1
INFO-FLOW: To file: write model top_wrapper_flow_control_loop_pipe_sequential_init
INFO-FLOW: To file: write model top_wrapper_mul_45s_8s_45_2_1
INFO-FLOW: To file: write model top_wrapper_mul_4ns_6ns_9_1_1
INFO-FLOW: To file: write model top_wrapper_urem_6ns_5ns_4_10_1
INFO-FLOW: To file: write model top_wrapper_urem_4ns_4ns_4_8_1
INFO-FLOW: To file: write model top_wrapper_urem_4ns_3ns_4_8_1
INFO-FLOW: To file: write model top_wrapper_sparsemux_77_6_45_1_1
INFO-FLOW: To file: write model top_wrapper_sparsemux_19_4_45_1_1
INFO-FLOW: To file: write model top_wrapper_sparsemux_81_6_45_1_1
INFO-FLOW: To file: write model top_wrapper_sparsemux_97_6_45_1_1
INFO-FLOW: To file: write model top_wrapper_sparsemux_101_6_45_1_1
INFO-FLOW: To file: write model top_wrapper_flow_control_loop_pipe_sequential_init
INFO-FLOW: To file: write model top_wrapper_sparsemux_51_5_32_1_1
INFO-FLOW: To file: write model top_wrapper_flow_control_loop_pipe_sequential_init
INFO-FLOW: To file: write model top_wrapper_mul_3ns_12ns_13_1_1
INFO-FLOW: To file: write model top_wrapper_sparsemux_19_5_32_1_1
INFO-FLOW: To file: write model top_wrapper_fifo_w64_d4_S
INFO-FLOW: To file: write model top_wrapper_fifo_w8_d100_S
INFO-FLOW: To file: write model top_wrapper_fifo_w3_d3_S
INFO-FLOW: To file: write model top_wrapper_fifo_w45_d2_S
INFO-FLOW: To file: write model top_wrapper_fifo_w45_d2_S
INFO-FLOW: To file: write model top_wrapper_fifo_w45_d2_S
INFO-FLOW: To file: write model top_wrapper_fifo_w45_d2_S
INFO-FLOW: To file: write model top_wrapper_fifo_w45_d2_S
INFO-FLOW: To file: write model top_wrapper_fifo_w45_d2_S
INFO-FLOW: To file: write model top_wrapper_fifo_w45_d2_S
INFO-FLOW: To file: write model top_wrapper_fifo_w45_d2_S
INFO-FLOW: To file: write model top_wrapper_fifo_w45_d2_S
INFO-FLOW: To file: write model top_wrapper_fifo_w45_d2_S
INFO-FLOW: To file: write model top_wrapper_fifo_w45_d2_S
INFO-FLOW: To file: write model top_wrapper_fifo_w45_d2_S
INFO-FLOW: To file: write model top_wrapper_fifo_w45_d2_S
INFO-FLOW: To file: write model top_wrapper_fifo_w45_d2_S
INFO-FLOW: To file: write model top_wrapper_fifo_w45_d2_S
INFO-FLOW: To file: write model top_wrapper_fifo_w45_d2_S
INFO-FLOW: To file: write model top_wrapper_fifo_w45_d2_S
INFO-FLOW: To file: write model top_wrapper_fifo_w45_d2_S
INFO-FLOW: To file: write model top_wrapper_fifo_w45_d2_S
INFO-FLOW: To file: write model top_wrapper_fifo_w45_d2_S
INFO-FLOW: To file: write model top_wrapper_fifo_w45_d2_S
INFO-FLOW: To file: write model top_wrapper_fifo_w45_d2_S
INFO-FLOW: To file: write model top_wrapper_fifo_w45_d2_S
INFO-FLOW: To file: write model top_wrapper_fifo_w45_d2_S
INFO-FLOW: To file: write model top_wrapper_fifo_w45_d2_S
INFO-FLOW: To file: write model top_wrapper_fifo_w45_d2_S
INFO-FLOW: To file: write model top_wrapper_fifo_w45_d2_S
INFO-FLOW: To file: write model top_wrapper_fifo_w45_d2_S
INFO-FLOW: To file: write model top_wrapper_fifo_w45_d2_S
INFO-FLOW: To file: write model top_wrapper_fifo_w45_d2_S
INFO-FLOW: To file: write model top_wrapper_fifo_w45_d2_S
INFO-FLOW: To file: write model top_wrapper_fifo_w45_d2_S
INFO-FLOW: To file: write model top_wrapper_fifo_w45_d2_S
INFO-FLOW: To file: write model top_wrapper_fifo_w45_d2_S
INFO-FLOW: To file: write model top_wrapper_fifo_w45_d2_S
INFO-FLOW: To file: write model top_wrapper_fifo_w45_d2_S
INFO-FLOW: To file: write model top_wrapper_fifo_w45_d2_S
INFO-FLOW: To file: write model top_wrapper_fifo_w45_d2_S
INFO-FLOW: To file: write model top_wrapper_fifo_w45_d2_S
INFO-FLOW: To file: write model top_wrapper_fifo_w45_d2_S
INFO-FLOW: To file: write model top_wrapper_fifo_w45_d2_S
INFO-FLOW: To file: write model top_wrapper_fifo_w45_d2_S
INFO-FLOW: To file: write model top_wrapper_fifo_w45_d2_S
INFO-FLOW: To file: write model top_wrapper_fifo_w45_d2_S
INFO-FLOW: To file: write model top_wrapper_fifo_w45_d2_S
INFO-FLOW: To file: write model top_wrapper_fifo_w45_d2_S
INFO-FLOW: To file: write model top_wrapper_fifo_w45_d2_S
INFO-FLOW: To file: write model top_wrapper_fifo_w45_d2_S
INFO-FLOW: To file: write model top_wrapper_fifo_w45_d2_S
INFO-FLOW: To file: write model top_wrapper_fifo_w45_d2_S
INFO-FLOW: To file: write model top_wrapper_fifo_w45_d2_S
INFO-FLOW: To file: write model top_wrapper_fifo_w45_d2_S
INFO-FLOW: To file: write model top_wrapper_fifo_w45_d2_S
INFO-FLOW: To file: write model top_wrapper_fifo_w45_d2_S
INFO-FLOW: To file: write model top_wrapper_fifo_w45_d2_S
INFO-FLOW: To file: write model top_wrapper_fifo_w45_d2_S
INFO-FLOW: To file: write model top_wrapper_fifo_w45_d2_S
INFO-FLOW: To file: write model top_wrapper_fifo_w45_d2_S
INFO-FLOW: To file: write model top_wrapper_fifo_w45_d2_S
INFO-FLOW: To file: write model top_wrapper_fifo_w45_d2_S
INFO-FLOW: To file: write model top_wrapper_fifo_w45_d2_S
INFO-FLOW: To file: write model top_wrapper_fifo_w45_d2_S
INFO-FLOW: To file: write model top_wrapper_fifo_w45_d2_S
INFO-FLOW: To file: write model top_wrapper_fifo_w45_d2_S
INFO-FLOW: To file: write model top_wrapper_fifo_w45_d2_S
INFO-FLOW: To file: write model top_wrapper_fifo_w45_d2_S
INFO-FLOW: To file: write model top_wrapper_fifo_w45_d2_S
INFO-FLOW: To file: write model top_wrapper_fifo_w45_d2_S
INFO-FLOW: To file: write model top_wrapper_fifo_w45_d2_S
INFO-FLOW: To file: write model top_wrapper_fifo_w45_d2_S
INFO-FLOW: To file: write model top_wrapper_fifo_w45_d2_S
INFO-FLOW: To file: write model top_wrapper_fifo_w45_d2_S
INFO-FLOW: To file: write model top_wrapper_fifo_w45_d2_S
INFO-FLOW: To file: write model top_wrapper_fifo_w45_d2_S
INFO-FLOW: To file: write model top_wrapper_fifo_w45_d2_S
INFO-FLOW: To file: write model top_wrapper_fifo_w45_d2_S
INFO-FLOW: To file: write model top_wrapper_fifo_w45_d2_S
INFO-FLOW: To file: write model top_wrapper_fifo_w45_d2_S
INFO-FLOW: To file: write model top_wrapper_fifo_w45_d2_S
INFO-FLOW: To file: write model top_wrapper_fifo_w45_d2_S
INFO-FLOW: To file: write model top_wrapper_fifo_w45_d2_S
INFO-FLOW: To file: write model top_wrapper_fifo_w45_d2_S
INFO-FLOW: To file: write model top_wrapper_fifo_w45_d2_S
INFO-FLOW: To file: write model top_wrapper_fifo_w45_d2_S
INFO-FLOW: To file: write model top_wrapper_fifo_w45_d2_S
INFO-FLOW: To file: write model top_wrapper_fifo_w45_d2_S
INFO-FLOW: To file: write model top_wrapper_fifo_w45_d2_S
INFO-FLOW: To file: write model top_wrapper_fifo_w45_d2_S
INFO-FLOW: To file: write model top_wrapper_fifo_w45_d2_S
INFO-FLOW: To file: write model top_wrapper_fifo_w45_d2_S
INFO-FLOW: To file: write model top_wrapper_fifo_w45_d2_S
INFO-FLOW: To file: write model top_wrapper_fifo_w45_d2_S
INFO-FLOW: To file: write model top_wrapper_fifo_w45_d2_S
INFO-FLOW: To file: write model top_wrapper_fifo_w45_d2_S
INFO-FLOW: To file: write model top_wrapper_fifo_w45_d2_S
INFO-FLOW: To file: write model top_wrapper_fifo_w45_d2_S
INFO-FLOW: To file: write model top_wrapper_fifo_w45_d2_S
INFO-FLOW: To file: write model top_wrapper_fifo_w45_d2_S
INFO-FLOW: To file: write model top_wrapper_fifo_w45_d2_S
INFO-FLOW: To file: write model top_wrapper_fifo_w45_d2_S
INFO-FLOW: To file: write model top_wrapper_fifo_w45_d2_S
INFO-FLOW: To file: write model top_wrapper_fifo_w45_d2_S
INFO-FLOW: To file: write model top_wrapper_fifo_w45_d2_S
INFO-FLOW: To file: write model top_wrapper_fifo_w45_d2_S
INFO-FLOW: To file: write model top_wrapper_fifo_w45_d2_S
INFO-FLOW: To file: write model top_wrapper_fifo_w45_d2_S
INFO-FLOW: To file: write model top_wrapper_fifo_w45_d2_S
INFO-FLOW: To file: write model top_wrapper_fifo_w45_d2_S
INFO-FLOW: To file: write model top_wrapper_fifo_w45_d2_S
INFO-FLOW: To file: write model top_wrapper_fifo_w45_d2_S
INFO-FLOW: To file: write model top_wrapper_fifo_w45_d2_S
INFO-FLOW: To file: write model top_wrapper_fifo_w45_d2_S
INFO-FLOW: To file: write model top_wrapper_fifo_w45_d2_S
INFO-FLOW: To file: write model top_wrapper_fifo_w45_d2_S
INFO-FLOW: To file: write model top_wrapper_fifo_w45_d2_S
INFO-FLOW: To file: write model top_wrapper_fifo_w45_d2_S
INFO-FLOW: To file: write model top_wrapper_fifo_w45_d2_S
INFO-FLOW: To file: write model top_wrapper_fifo_w45_d2_S
INFO-FLOW: To file: write model top_wrapper_fifo_w45_d2_S
INFO-FLOW: To file: write model top_wrapper_fifo_w45_d2_S
INFO-FLOW: To file: write model top_wrapper_fifo_w45_d2_S
INFO-FLOW: To file: write model top_wrapper_fifo_w45_d2_S
INFO-FLOW: To file: write model top_wrapper_fifo_w45_d2_S
INFO-FLOW: To file: write model top_wrapper_fifo_w45_d2_S
INFO-FLOW: To file: write model top_wrapper_fifo_w45_d2_S
INFO-FLOW: To file: write model top_wrapper_fifo_w45_d2_S
INFO-FLOW: To file: write model top_wrapper_fifo_w45_d2_S
INFO-FLOW: To file: write model top_wrapper_fifo_w45_d2_S
INFO-FLOW: To file: write model top_wrapper_fifo_w45_d2_S
INFO-FLOW: To file: write model top_wrapper_fifo_w45_d2_S
INFO-FLOW: To file: write model top_wrapper_fifo_w45_d2_S
INFO-FLOW: To file: write model top_wrapper_fifo_w45_d2_S
INFO-FLOW: To file: write model top_wrapper_fifo_w45_d2_S
INFO-FLOW: To file: write model top_wrapper_fifo_w45_d2_S
INFO-FLOW: To file: write model top_wrapper_fifo_w45_d2_S
INFO-FLOW: To file: write model top_wrapper_fifo_w45_d2_S
INFO-FLOW: To file: write model top_wrapper_fifo_w45_d2_S
INFO-FLOW: To file: write model top_wrapper_fifo_w45_d2_S
INFO-FLOW: To file: write model top_wrapper_fifo_w45_d2_S
INFO-FLOW: To file: write model top_wrapper_fifo_w45_d2_S
INFO-FLOW: To file: write model top_wrapper_fifo_w45_d2_S
INFO-FLOW: To file: write model top_wrapper_fifo_w45_d2_S
INFO-FLOW: To file: write model top_wrapper_fifo_w45_d2_S
INFO-FLOW: To file: write model top_wrapper_fifo_w45_d2_S
INFO-FLOW: To file: write model top_wrapper_fifo_w45_d2_S
INFO-FLOW: To file: write model top_wrapper_fifo_w45_d2_S
INFO-FLOW: To file: write model top_wrapper_fifo_w45_d2_S
INFO-FLOW: To file: write model top_wrapper_fifo_w45_d2_S
INFO-FLOW: To file: write model top_wrapper_fifo_w45_d2_S
INFO-FLOW: To file: write model top_wrapper_fifo_w45_d2_S
INFO-FLOW: To file: write model top_wrapper_fifo_w45_d2_S
INFO-FLOW: To file: write model top_wrapper_fifo_w45_d2_S
INFO-FLOW: To file: write model top_wrapper_fifo_w45_d2_S
INFO-FLOW: To file: write model top_wrapper_fifo_w45_d2_S
INFO-FLOW: To file: write model top_wrapper_fifo_w45_d2_S
INFO-FLOW: To file: write model top_wrapper_fifo_w45_d2_S
INFO-FLOW: To file: write model top_wrapper_fifo_w45_d2_S
INFO-FLOW: To file: write model top_wrapper_fifo_w45_d2_S
INFO-FLOW: To file: write model top_wrapper_fifo_w45_d2_S
INFO-FLOW: To file: write model top_wrapper_fifo_w45_d2_S
INFO-FLOW: To file: write model top_wrapper_fifo_w45_d2_S
INFO-FLOW: To file: write model top_wrapper_fifo_w45_d2_S
INFO-FLOW: To file: write model top_wrapper_fifo_w45_d2_S
INFO-FLOW: To file: write model top_wrapper_fifo_w45_d2_S
INFO-FLOW: To file: write model top_wrapper_fifo_w45_d2_S
INFO-FLOW: To file: write model top_wrapper_fifo_w45_d2_S
INFO-FLOW: To file: write model top_wrapper_fifo_w45_d2_S
INFO-FLOW: To file: write model top_wrapper_fifo_w45_d2_S
INFO-FLOW: To file: write model top_wrapper_fifo_w45_d2_S
INFO-FLOW: To file: write model top_wrapper_fifo_w45_d2_S
INFO-FLOW: To file: write model top_wrapper_fifo_w45_d2_S
INFO-FLOW: To file: write model top_wrapper_fifo_w45_d2_S
INFO-FLOW: To file: write model top_wrapper_fifo_w45_d2_S
INFO-FLOW: To file: write model top_wrapper_fifo_w45_d2_S
INFO-FLOW: To file: write model top_wrapper_fifo_w45_d2_S
INFO-FLOW: To file: write model top_wrapper_fifo_w45_d2_S
INFO-FLOW: To file: write model top_wrapper_fifo_w45_d2_S
INFO-FLOW: To file: write model top_wrapper_fifo_w45_d2_S
INFO-FLOW: To file: write model top_wrapper_fifo_w45_d2_S
INFO-FLOW: To file: write model top_wrapper_fifo_w45_d2_S
INFO-FLOW: To file: write model top_wrapper_fifo_w45_d2_S
INFO-FLOW: To file: write model top_wrapper_fifo_w45_d2_S
INFO-FLOW: To file: write model top_wrapper_fifo_w45_d2_S
INFO-FLOW: To file: write model top_wrapper_fifo_w45_d2_S
INFO-FLOW: To file: write model top_wrapper_fifo_w45_d2_S
INFO-FLOW: To file: write model top_wrapper_fifo_w45_d2_S
INFO-FLOW: To file: write model top_wrapper_fifo_w45_d2_S
INFO-FLOW: To file: write model top_wrapper_fifo_w45_d2_S
INFO-FLOW: To file: write model top_wrapper_fifo_w45_d2_S
INFO-FLOW: To file: write model top_wrapper_fifo_w45_d2_S
INFO-FLOW: To file: write model top_wrapper_fifo_w45_d2_S
INFO-FLOW: To file: write model top_wrapper_fifo_w45_d2_S
INFO-FLOW: To file: write model top_wrapper_fifo_w45_d2_S
INFO-FLOW: To file: write model top_wrapper_fifo_w45_d2_S
INFO-FLOW: To file: write model top_wrapper_fifo_w45_d2_S
INFO-FLOW: To file: write model top_wrapper_fifo_w45_d2_S
INFO-FLOW: To file: write model top_wrapper_fifo_w45_d2_S
INFO-FLOW: To file: write model top_wrapper_fifo_w45_d2_S
INFO-FLOW: To file: write model top_wrapper_fifo_w45_d2_S
INFO-FLOW: To file: write model top_wrapper_fifo_w45_d2_S
INFO-FLOW: To file: write model top_wrapper_fifo_w45_d2_S
INFO-FLOW: To file: write model top_wrapper_fifo_w45_d2_S
INFO-FLOW: To file: write model top_wrapper_fifo_w45_d2_S
INFO-FLOW: To file: write model top_wrapper_fifo_w45_d2_S
INFO-FLOW: To file: write model top_wrapper_fifo_w45_d2_S
INFO-FLOW: To file: write model top_wrapper_fifo_w45_d2_S
INFO-FLOW: To file: write model top_wrapper_fifo_w45_d2_S
INFO-FLOW: To file: write model top_wrapper_fifo_w45_d2_S
INFO-FLOW: To file: write model top_wrapper_fifo_w45_d2_S
INFO-FLOW: To file: write model top_wrapper_fifo_w45_d2_S
INFO-FLOW: To file: write model top_wrapper_fifo_w45_d2_S
INFO-FLOW: To file: write model top_wrapper_fifo_w45_d2_S
INFO-FLOW: To file: write model top_wrapper_fifo_w45_d2_S
INFO-FLOW: To file: write model top_wrapper_fifo_w45_d2_S
INFO-FLOW: To file: write model top_wrapper_fifo_w45_d2_S
INFO-FLOW: To file: write model top_wrapper_fifo_w45_d2_S
INFO-FLOW: To file: write model top_wrapper_fifo_w45_d2_S
INFO-FLOW: To file: write model top_wrapper_fifo_w45_d2_S
INFO-FLOW: To file: write model top_wrapper_fifo_w45_d2_S
INFO-FLOW: To file: write model top_wrapper_fifo_w45_d2_S
INFO-FLOW: To file: write model top_wrapper_fifo_w45_d2_S
INFO-FLOW: To file: write model top_wrapper_fifo_w45_d2_S
INFO-FLOW: To file: write model top_wrapper_fifo_w45_d2_S
INFO-FLOW: To file: write model top_wrapper_fifo_w45_d2_S
INFO-FLOW: To file: write model top_wrapper_fifo_w45_d2_S
INFO-FLOW: To file: write model top_wrapper_fifo_w45_d2_S
INFO-FLOW: To file: write model top_wrapper_fifo_w45_d2_S
INFO-FLOW: To file: write model top_wrapper_fifo_w45_d2_S
INFO-FLOW: To file: write model top_wrapper_fifo_w45_d2_S
INFO-FLOW: To file: write model top_wrapper_fifo_w45_d2_S
INFO-FLOW: To file: write model top_wrapper_fifo_w45_d2_S
INFO-FLOW: To file: write model top_wrapper_fifo_w45_d2_S
INFO-FLOW: To file: write model top_wrapper_fifo_w45_d2_S
INFO-FLOW: To file: write model top_wrapper_fifo_w45_d2_S
INFO-FLOW: To file: write model top_wrapper_fifo_w45_d2_S
INFO-FLOW: To file: write model top_wrapper_fifo_w45_d2_S
INFO-FLOW: To file: write model top_wrapper_fifo_w45_d2_S
INFO-FLOW: To file: write model top_wrapper_fifo_w45_d2_S
INFO-FLOW: To file: write model top_wrapper_fifo_w45_d2_S
INFO-FLOW: To file: write model top_wrapper_fifo_w45_d2_S
INFO-FLOW: To file: write model top_wrapper_fifo_w45_d2_S
INFO-FLOW: To file: write model top_wrapper_fifo_w45_d2_S
INFO-FLOW: To file: write model top_wrapper_fifo_w45_d2_S
INFO-FLOW: To file: write model top_wrapper_fifo_w45_d2_S
INFO-FLOW: To file: write model top_wrapper_fifo_w45_d2_S
INFO-FLOW: To file: write model top_wrapper_fifo_w45_d2_S
INFO-FLOW: To file: write model top_wrapper_fifo_w45_d2_S
INFO-FLOW: To file: write model top_wrapper_fifo_w45_d2_S
INFO-FLOW: To file: write model top_wrapper_fifo_w45_d2_S
INFO-FLOW: To file: write model top_wrapper_fifo_w45_d2_S
INFO-FLOW: To file: write model top_wrapper_fifo_w45_d2_S
INFO-FLOW: To file: write model top_wrapper_fifo_w45_d2_S
INFO-FLOW: To file: write model top_wrapper_fifo_w45_d2_S
INFO-FLOW: To file: write model top_wrapper_fifo_w45_d2_S
INFO-FLOW: To file: write model top_wrapper_fifo_w45_d2_S
INFO-FLOW: To file: write model top_wrapper_fifo_w45_d2_S
INFO-FLOW: To file: write model top_wrapper_fifo_w45_d2_S
INFO-FLOW: To file: write model top_wrapper_fifo_w45_d2_S
INFO-FLOW: To file: write model top_wrapper_fifo_w45_d2_S
INFO-FLOW: To file: write model top_wrapper_fifo_w45_d2_S
INFO-FLOW: To file: write model top_wrapper_fifo_w45_d2_S
INFO-FLOW: To file: write model top_wrapper_fifo_w45_d2_S
INFO-FLOW: To file: write model top_wrapper_fifo_w45_d2_S
INFO-FLOW: To file: write model top_wrapper_fifo_w45_d2_S
INFO-FLOW: To file: write model top_wrapper_fifo_w45_d2_S
INFO-FLOW: To file: write model top_wrapper_fifo_w45_d2_S
INFO-FLOW: To file: write model top_wrapper_fifo_w45_d2_S
INFO-FLOW: To file: write model top_wrapper_fifo_w45_d2_S
INFO-FLOW: To file: write model top_wrapper_fifo_w45_d2_S
INFO-FLOW: To file: write model top_wrapper_fifo_w45_d2_S
INFO-FLOW: To file: write model top_wrapper_fifo_w45_d2_S
INFO-FLOW: To file: write model top_wrapper_fifo_w45_d2_S
INFO-FLOW: To file: write model top_wrapper_fifo_w45_d2_S
INFO-FLOW: To file: write model top_wrapper_fifo_w45_d2_S
INFO-FLOW: To file: write model top_wrapper_fifo_w45_d2_S
INFO-FLOW: To file: write model top_wrapper_fifo_w45_d2_S
INFO-FLOW: To file: write model top_wrapper_fifo_w45_d2_S
INFO-FLOW: To file: write model top_wrapper_fifo_w45_d2_S
INFO-FLOW: To file: write model top_wrapper_fifo_w45_d2_S
INFO-FLOW: To file: write model top_wrapper_fifo_w45_d2_S
INFO-FLOW: To file: write model top_wrapper_fifo_w45_d2_S
INFO-FLOW: To file: write model top_wrapper_fifo_w45_d2_S
INFO-FLOW: To file: write model top_wrapper_fifo_w45_d2_S
INFO-FLOW: To file: write model top_wrapper_fifo_w45_d2_S
INFO-FLOW: To file: write model top_wrapper_fifo_w45_d2_S
INFO-FLOW: To file: write model top_wrapper_fifo_w45_d2_S
INFO-FLOW: To file: write model top_wrapper_fifo_w45_d2_S
INFO-FLOW: To file: write model top_wrapper_fifo_w45_d2_S
INFO-FLOW: To file: write model top_wrapper_fifo_w45_d2_S
INFO-FLOW: To file: write model top_wrapper_fifo_w45_d2_S
INFO-FLOW: To file: write model top_wrapper_fifo_w45_d2_S
INFO-FLOW: To file: write model top_wrapper_fifo_w45_d2_S
INFO-FLOW: To file: write model top_wrapper_fifo_w45_d2_S
INFO-FLOW: To file: write model top_wrapper_fifo_w45_d2_S
INFO-FLOW: To file: write model top_wrapper_fifo_w45_d2_S
INFO-FLOW: To file: write model top_wrapper_fifo_w45_d2_S
INFO-FLOW: To file: write model top_wrapper_fifo_w45_d2_S
INFO-FLOW: To file: write model top_wrapper_fifo_w45_d2_S
INFO-FLOW: To file: write model top_wrapper_fifo_w45_d2_S
INFO-FLOW: To file: write model top_wrapper_fifo_w45_d2_S
INFO-FLOW: To file: write model top_wrapper_fifo_w45_d2_S
INFO-FLOW: To file: write model top_wrapper_fifo_w45_d2_S
INFO-FLOW: To file: write model top_wrapper_fifo_w45_d2_S
INFO-FLOW: To file: write model top_wrapper_fifo_w45_d2_S
INFO-FLOW: To file: write model top_wrapper_fifo_w45_d2_S
INFO-FLOW: To file: write model top_wrapper_fifo_w45_d2_S
INFO-FLOW: To file: write model top_wrapper_fifo_w45_d2_S
INFO-FLOW: To file: write model top_wrapper_fifo_w45_d2_S
INFO-FLOW: To file: write model top_wrapper_fifo_w45_d2_S
INFO-FLOW: To file: write model top_wrapper_fifo_w45_d2_S
INFO-FLOW: To file: write model top_wrapper_fifo_w45_d2_S
INFO-FLOW: To file: write model top_wrapper_fifo_w45_d2_S
INFO-FLOW: To file: write model top_wrapper_fifo_w45_d2_S
INFO-FLOW: To file: write model top_wrapper_fifo_w45_d2_S
INFO-FLOW: To file: write model top_wrapper_fifo_w45_d2_S
INFO-FLOW: To file: write model top_wrapper_fifo_w45_d2_S
INFO-FLOW: To file: write model top_wrapper_fifo_w45_d2_S
INFO-FLOW: To file: write model top_wrapper_fifo_w45_d2_S
INFO-FLOW: To file: write model top_wrapper_fifo_w45_d2_S
INFO-FLOW: To file: write model top_wrapper_fifo_w45_d2_S
INFO-FLOW: To file: write model top_wrapper_fifo_w45_d2_S
INFO-FLOW: To file: write model top_wrapper_fifo_w45_d2_S
INFO-FLOW: To file: write model top_wrapper_fifo_w45_d2_S
INFO-FLOW: To file: write model top_wrapper_fifo_w45_d2_S
INFO-FLOW: To file: write model top_wrapper_fifo_w45_d2_S
INFO-FLOW: To file: write model top_wrapper_fifo_w45_d2_S
INFO-FLOW: To file: write model top_wrapper_fifo_w45_d2_S
INFO-FLOW: To file: write model top_wrapper_fifo_w45_d2_S
INFO-FLOW: To file: write model top_wrapper_fifo_w45_d2_S
INFO-FLOW: To file: write model top_wrapper_fifo_w45_d2_S
INFO-FLOW: To file: write model top_wrapper_fifo_w45_d2_S
INFO-FLOW: To file: write model top_wrapper_fifo_w45_d2_S
INFO-FLOW: To file: write model top_wrapper_fifo_w45_d2_S
INFO-FLOW: To file: write model top_wrapper_fifo_w45_d2_S
INFO-FLOW: To file: write model top_wrapper_fifo_w45_d2_S
INFO-FLOW: To file: write model top_wrapper_fifo_w45_d2_S
INFO-FLOW: To file: write model top_wrapper_fifo_w45_d2_S
INFO-FLOW: To file: write model top_wrapper_fifo_w45_d2_S
INFO-FLOW: To file: write model top_wrapper_fifo_w45_d2_S
INFO-FLOW: To file: write model top_wrapper_fifo_w45_d2_S
INFO-FLOW: To file: write model top_wrapper_fifo_w45_d2_S
INFO-FLOW: To file: write model top_wrapper_fifo_w45_d2_S
INFO-FLOW: To file: write model top_wrapper_fifo_w45_d2_S
INFO-FLOW: To file: write model top_wrapper_fifo_w45_d2_S
INFO-FLOW: To file: write model top_wrapper_fifo_w45_d2_S
INFO-FLOW: To file: write model top_wrapper_fifo_w45_d2_S
INFO-FLOW: To file: write model top_wrapper_fifo_w45_d2_S
INFO-FLOW: To file: write model top_wrapper_fifo_w45_d2_S
INFO-FLOW: To file: write model top_wrapper_fifo_w45_d2_S
INFO-FLOW: To file: write model top_wrapper_fifo_w45_d2_S
INFO-FLOW: To file: write model top_wrapper_fifo_w45_d2_S
INFO-FLOW: To file: write model top_wrapper_fifo_w45_d2_S
INFO-FLOW: To file: write model top_wrapper_fifo_w45_d2_S
INFO-FLOW: To file: write model top_wrapper_fifo_w45_d2_S
INFO-FLOW: To file: write model top_wrapper_fifo_w45_d2_S
INFO-FLOW: To file: write model top_wrapper_fifo_w45_d2_S
INFO-FLOW: To file: write model top_wrapper_fifo_w45_d2_S
INFO-FLOW: To file: write model top_wrapper_fifo_w45_d2_S
INFO-FLOW: To file: write model top_wrapper_fifo_w45_d2_S
INFO-FLOW: To file: write model top_wrapper_fifo_w45_d2_S
INFO-FLOW: To file: write model top_wrapper_fifo_w45_d2_S
INFO-FLOW: To file: write model top_wrapper_fifo_w45_d2_S
INFO-FLOW: To file: write model top_wrapper_fifo_w45_d2_S
INFO-FLOW: To file: write model top_wrapper_fifo_w45_d2_S
INFO-FLOW: To file: write model top_wrapper_fifo_w45_d2_S
INFO-FLOW: To file: write model top_wrapper_fifo_w45_d2_S
INFO-FLOW: To file: write model top_wrapper_fifo_w45_d2_S
INFO-FLOW: To file: write model top_wrapper_fifo_w45_d2_S
INFO-FLOW: To file: write model top_wrapper_fifo_w45_d2_S
INFO-FLOW: To file: write model top_wrapper_fifo_w45_d2_S
INFO-FLOW: To file: write model top_wrapper_fifo_w45_d2_S
INFO-FLOW: To file: write model top_wrapper_fifo_w45_d2_S
INFO-FLOW: To file: write model top_wrapper_fifo_w45_d2_S
INFO-FLOW: To file: write model top_wrapper_fifo_w45_d2_S
INFO-FLOW: To file: write model top_wrapper_fifo_w45_d2_S
INFO-FLOW: To file: write model top_wrapper_fifo_w45_d2_S
INFO-FLOW: To file: write model top_wrapper_fifo_w45_d2_S
INFO-FLOW: To file: write model top_wrapper_fifo_w45_d2_S
INFO-FLOW: To file: write model top_wrapper_fifo_w45_d2_S
INFO-FLOW: To file: write model top_wrapper_fifo_w45_d2_S
INFO-FLOW: To file: write model top_wrapper_fifo_w45_d2_S
INFO-FLOW: To file: write model top_wrapper_fifo_w45_d2_S
INFO-FLOW: To file: write model top_wrapper_fifo_w45_d2_S
INFO-FLOW: To file: write model top_wrapper_fifo_w45_d2_S
INFO-FLOW: To file: write model top_wrapper_fifo_w45_d2_S
INFO-FLOW: To file: write model top_wrapper_fifo_w45_d2_S
INFO-FLOW: To file: write model top_wrapper_fifo_w45_d2_S
INFO-FLOW: To file: write model top_wrapper_fifo_w45_d2_S
INFO-FLOW: To file: write model top_wrapper_fifo_w45_d2_S
INFO-FLOW: To file: write model top_wrapper_fifo_w45_d2_S
INFO-FLOW: To file: write model top_wrapper_fifo_w45_d2_S
INFO-FLOW: To file: write model top_wrapper_fifo_w45_d2_S
INFO-FLOW: To file: write model top_wrapper_fifo_w45_d2_S
INFO-FLOW: To file: write model top_wrapper_fifo_w45_d2_S
INFO-FLOW: To file: write model top_wrapper_fifo_w45_d2_S
INFO-FLOW: To file: write model top_wrapper_fifo_w45_d2_S
INFO-FLOW: To file: write model top_wrapper_fifo_w45_d2_S
INFO-FLOW: To file: write model top_wrapper_fifo_w45_d2_S
INFO-FLOW: To file: write model top_wrapper_fifo_w45_d2_S
INFO-FLOW: To file: write model top_wrapper_fifo_w45_d2_S
INFO-FLOW: To file: write model top_wrapper_fifo_w45_d2_S
INFO-FLOW: To file: write model top_wrapper_fifo_w45_d2_S
INFO-FLOW: To file: write model top_wrapper_fifo_w45_d2_S
INFO-FLOW: To file: write model top_wrapper_fifo_w45_d2_S
INFO-FLOW: To file: write model top_wrapper_fifo_w45_d2_S
INFO-FLOW: To file: write model top_wrapper_fifo_w45_d2_S
INFO-FLOW: To file: write model top_wrapper_fifo_w45_d2_S
INFO-FLOW: To file: write model top_wrapper_fifo_w45_d2_S
INFO-FLOW: To file: write model top_wrapper_fifo_w45_d2_S
INFO-FLOW: To file: write model top_wrapper_fifo_w45_d2_S
INFO-FLOW: To file: write model top_wrapper_fifo_w45_d2_S
INFO-FLOW: To file: write model top_wrapper_fifo_w45_d2_S
INFO-FLOW: To file: write model top_wrapper_fifo_w45_d2_S
INFO-FLOW: To file: write model top_wrapper_fifo_w45_d2_S
INFO-FLOW: To file: write model top_wrapper_fifo_w45_d2_S
INFO-FLOW: To file: write model top_wrapper_fifo_w45_d2_S
INFO-FLOW: To file: write model top_wrapper_fifo_w45_d2_S
INFO-FLOW: To file: write model top_wrapper_fifo_w45_d2_S
INFO-FLOW: To file: write model top_wrapper_fifo_w45_d2_S
INFO-FLOW: To file: write model top_wrapper_fifo_w45_d2_S
INFO-FLOW: To file: write model top_wrapper_fifo_w45_d2_S
INFO-FLOW: To file: write model top_wrapper_fifo_w45_d2_S
INFO-FLOW: To file: write model top_wrapper_fifo_w45_d2_S
INFO-FLOW: To file: write model top_wrapper_fifo_w45_d2_S
INFO-FLOW: To file: write model top_wrapper_fifo_w45_d2_S
INFO-FLOW: To file: write model top_wrapper_fifo_w45_d2_S
INFO-FLOW: To file: write model top_wrapper_fifo_w45_d2_S
INFO-FLOW: To file: write model top_wrapper_fifo_w45_d2_S
INFO-FLOW: To file: write model top_wrapper_fifo_w45_d2_S
INFO-FLOW: To file: write model top_wrapper_fifo_w45_d2_S
INFO-FLOW: To file: write model top_wrapper_fifo_w45_d2_S
INFO-FLOW: To file: write model top_wrapper_fifo_w45_d2_S
INFO-FLOW: To file: write model top_wrapper_fifo_w45_d2_S
INFO-FLOW: To file: write model top_wrapper_fifo_w45_d2_S
INFO-FLOW: To file: write model top_wrapper_fifo_w45_d2_S
INFO-FLOW: To file: write model top_wrapper_fifo_w45_d2_S
INFO-FLOW: To file: write model top_wrapper_fifo_w45_d2_S
INFO-FLOW: To file: write model top_wrapper_fifo_w45_d2_S
INFO-FLOW: To file: write model top_wrapper_fifo_w45_d2_S
INFO-FLOW: To file: write model top_wrapper_fifo_w45_d2_S
INFO-FLOW: To file: write model top_wrapper_fifo_w45_d2_S
INFO-FLOW: To file: write model top_wrapper_fifo_w45_d2_S
INFO-FLOW: To file: write model top_wrapper_fifo_w45_d2_S
INFO-FLOW: To file: write model top_wrapper_fifo_w45_d2_S
INFO-FLOW: To file: write model top_wrapper_fifo_w45_d2_S
INFO-FLOW: To file: write model top_wrapper_fifo_w45_d2_S
INFO-FLOW: To file: write model top_wrapper_fifo_w45_d2_S
INFO-FLOW: To file: write model top_wrapper_fifo_w45_d2_S
INFO-FLOW: To file: write model top_wrapper_fifo_w45_d2_S
INFO-FLOW: To file: write model top_wrapper_fifo_w45_d2_S
INFO-FLOW: To file: write model top_wrapper_fifo_w32_d2_S
INFO-FLOW: To file: write model top_wrapper_fifo_w32_d2_S
INFO-FLOW: To file: write model top_wrapper_fifo_w32_d2_S
INFO-FLOW: To file: write model top_wrapper_fifo_w32_d2_S
INFO-FLOW: To file: write model top_wrapper_fifo_w32_d2_S
INFO-FLOW: To file: write model top_wrapper_fifo_w32_d2_S
INFO-FLOW: To file: write model top_wrapper_fifo_w32_d2_S
INFO-FLOW: To file: write model top_wrapper_fifo_w32_d2_S
INFO-FLOW: To file: write model top_wrapper_fifo_w32_d2_S
INFO-FLOW: To file: write model top_wrapper_fifo_w32_d2_S
INFO-FLOW: To file: write model top_wrapper_fifo_w32_d2_S
INFO-FLOW: To file: write model top_wrapper_fifo_w32_d2_S
INFO-FLOW: To file: write model top_wrapper_fifo_w32_d2_S
INFO-FLOW: To file: write model top_wrapper_fifo_w32_d2_S
INFO-FLOW: To file: write model top_wrapper_fifo_w32_d2_S
INFO-FLOW: To file: write model top_wrapper_fifo_w32_d2_S
INFO-FLOW: To file: write model top_wrapper_fifo_w32_d2_S
INFO-FLOW: To file: write model top_wrapper_fifo_w32_d2_S
INFO-FLOW: To file: write model top_wrapper_fifo_w32_d2_S
INFO-FLOW: To file: write model top_wrapper_fifo_w32_d2_S
INFO-FLOW: To file: write model top_wrapper_fifo_w32_d2_S
INFO-FLOW: To file: write model top_wrapper_fifo_w32_d2_S
INFO-FLOW: To file: write model top_wrapper_fifo_w32_d2_S
INFO-FLOW: To file: write model top_wrapper_fifo_w32_d2_S
INFO-FLOW: To file: write model top_wrapper_fifo_w32_d2_S
INFO-FLOW: To file: write model top_wrapper_fifo_w32_d2_S
INFO-FLOW: To file: write model top_wrapper_fifo_w32_d2_S
INFO-FLOW: To file: write model top_wrapper_fifo_w32_d2_S
INFO-FLOW: To file: write model top_wrapper_fifo_w32_d2_S
INFO-FLOW: To file: write model top_wrapper_fifo_w32_d2_S
INFO-FLOW: To file: write model top_wrapper_fifo_w32_d2_S
INFO-FLOW: To file: write model top_wrapper_fifo_w32_d2_S
INFO-FLOW: To file: write model top_wrapper_fifo_w32_d2_S
INFO-FLOW: To file: write model top_wrapper_fifo_w32_d2_S
INFO-FLOW: To file: write model top_wrapper_fifo_w32_d2_S
INFO-FLOW: To file: write model top_wrapper_fifo_w32_d2_S
INFO-FLOW: To file: write model top_wrapper_fifo_w32_d2_S
INFO-FLOW: To file: write model top_wrapper_fifo_w32_d2_S
INFO-FLOW: To file: write model top_wrapper_fifo_w32_d2_S
INFO-FLOW: To file: write model top_wrapper_fifo_w32_d2_S
INFO-FLOW: To file: write model top_wrapper_fifo_w32_d2_S
INFO-FLOW: To file: write model top_wrapper_fifo_w32_d2_S
INFO-FLOW: To file: write model top_wrapper_fifo_w32_d2_S
INFO-FLOW: To file: write model top_wrapper_fifo_w32_d2_S
INFO-FLOW: To file: write model top_wrapper_fifo_w32_d2_S
INFO-FLOW: To file: write model top_wrapper_fifo_w32_d2_S
INFO-FLOW: To file: write model top_wrapper_fifo_w32_d2_S
INFO-FLOW: To file: write model top_wrapper_fifo_w32_d2_S
INFO-FLOW: To file: write model top_wrapper_fifo_w32_d2_S
INFO-FLOW: To file: write model top_wrapper_fifo_w32_d2_S
INFO-FLOW: To file: write model top_wrapper_fifo_w32_d2_S
INFO-FLOW: To file: write model top_wrapper_fifo_w32_d2_S
INFO-FLOW: To file: write model top_wrapper_fifo_w32_d2_S
INFO-FLOW: To file: write model top_wrapper_fifo_w32_d2_S
INFO-FLOW: To file: write model top_wrapper_fifo_w32_d2_S
INFO-FLOW: To file: write model top_wrapper_fifo_w32_d2_S
INFO-FLOW: To file: write model top_wrapper_fifo_w32_d2_S
INFO-FLOW: To file: write model top_wrapper_fifo_w32_d2_S
INFO-FLOW: To file: write model top_wrapper_fifo_w32_d2_S
INFO-FLOW: To file: write model top_wrapper_fifo_w32_d2_S
INFO-FLOW: To file: write model top_wrapper_fifo_w32_d2_S
INFO-FLOW: To file: write model top_wrapper_fifo_w32_d2_S
INFO-FLOW: To file: write model top_wrapper_fifo_w32_d2_S
INFO-FLOW: To file: write model top_wrapper_fifo_w32_d2_S
INFO-FLOW: To file: write model top_wrapper_fifo_w32_d2_S
INFO-FLOW: To file: write model top_wrapper_fifo_w32_d2_S
INFO-FLOW: To file: write model top_wrapper_fifo_w32_d2_S
INFO-FLOW: To file: write model top_wrapper_fifo_w32_d2_S
INFO-FLOW: To file: write model top_wrapper_fifo_w32_d2_S
INFO-FLOW: To file: write model top_wrapper_fifo_w32_d2_S
INFO-FLOW: To file: write model top_wrapper_fifo_w32_d2_S
INFO-FLOW: To file: write model top_wrapper_fifo_w32_d2_S
INFO-FLOW: To file: write model top_wrapper_fifo_w32_d2_S
INFO-FLOW: To file: write model top_wrapper_fifo_w32_d2_S
INFO-FLOW: To file: write model top_wrapper_fifo_w32_d2_S
INFO-FLOW: To file: write model top_wrapper_fifo_w32_d2_S
INFO-FLOW: To file: write model top_wrapper_fifo_w32_d2_S
INFO-FLOW: To file: write model top_wrapper_fifo_w32_d2_S
INFO-FLOW: To file: write model top_wrapper_fifo_w32_d2_S
INFO-FLOW: To file: write model top_wrapper_fifo_w32_d2_S
INFO-FLOW: To file: write model top_wrapper_fifo_w32_d2_S
INFO-FLOW: To file: write model top_wrapper_fifo_w32_d2_S
INFO-FLOW: To file: write model top_wrapper_fifo_w32_d2_S
INFO-FLOW: To file: write model top_wrapper_fifo_w32_d2_S
INFO-FLOW: To file: write model top_wrapper_fifo_w32_d2_S
INFO-FLOW: To file: write model top_wrapper_fifo_w32_d2_S
INFO-FLOW: To file: write model top_wrapper_fifo_w32_d2_S
INFO-FLOW: To file: write model top_wrapper_fifo_w32_d2_S
INFO-FLOW: To file: write model top_wrapper_fifo_w32_d2_S
INFO-FLOW: To file: write model top_wrapper_fifo_w32_d2_S
INFO-FLOW: To file: write model top_wrapper_fifo_w32_d2_S
INFO-FLOW: To file: write model top_wrapper_fifo_w32_d2_S
INFO-FLOW: To file: write model top_wrapper_fifo_w32_d2_S
INFO-FLOW: To file: write model top_wrapper_fifo_w32_d2_S
INFO-FLOW: To file: write model top_wrapper_fifo_w32_d2_S
INFO-FLOW: To file: write model top_wrapper_fifo_w32_d2_S
INFO-FLOW: To file: write model top_wrapper_fifo_w32_d2_S
INFO-FLOW: To file: write model top_wrapper_fifo_w32_d2_S
INFO-FLOW: To file: write model top_wrapper_fifo_w32_d2_S
INFO-FLOW: To file: write model top_wrapper_fifo_w32_d2_S
INFO-FLOW: To file: write model top_wrapper_fifo_w32_d2_S
INFO-FLOW: To file: write model top_wrapper_fifo_w32_d2_S
INFO-FLOW: To file: write model top_wrapper_fifo_w32_d2_S
INFO-FLOW: To file: write model top_wrapper_fifo_w32_d2_S
INFO-FLOW: To file: write model top_wrapper_fifo_w32_d2_S
INFO-FLOW: To file: write model top_wrapper_fifo_w32_d2_S
INFO-FLOW: To file: write model top_wrapper_fifo_w32_d2_S
INFO-FLOW: To file: write model top_wrapper_fifo_w32_d2_S
INFO-FLOW: To file: write model top_wrapper_fifo_w32_d2_S
INFO-FLOW: To file: write model top_wrapper_fifo_w32_d2_S
INFO-FLOW: To file: write model top_wrapper_fifo_w32_d2_S
INFO-FLOW: To file: write model top_wrapper_fifo_w32_d2_S
INFO-FLOW: To file: write model top_wrapper_fifo_w32_d2_S
INFO-FLOW: To file: write model top_wrapper_fifo_w32_d2_S
INFO-FLOW: To file: write model top_wrapper_fifo_w32_d2_S
INFO-FLOW: To file: write model top_wrapper_fifo_w32_d2_S
INFO-FLOW: To file: write model top_wrapper_fifo_w32_d2_S
INFO-FLOW: To file: write model top_wrapper_fifo_w32_d2_S
INFO-FLOW: To file: write model top_wrapper_fifo_w32_d2_S
INFO-FLOW: To file: write model top_wrapper_fifo_w32_d2_S
INFO-FLOW: To file: write model top_wrapper_fifo_w32_d2_S
INFO-FLOW: To file: write model top_wrapper_fifo_w32_d2_S
INFO-FLOW: To file: write model top_wrapper_fifo_w32_d2_S
INFO-FLOW: To file: write model top_wrapper_fifo_w32_d2_S
INFO-FLOW: To file: write model top_wrapper_fifo_w32_d2_S
INFO-FLOW: To file: write model top_wrapper_fifo_w32_d2_S
INFO-FLOW: To file: write model top_wrapper_fifo_w32_d2_S
INFO-FLOW: To file: write model top_wrapper_fifo_w32_d2_S
INFO-FLOW: To file: write model top_wrapper_fifo_w32_d2_S
INFO-FLOW: To file: write model top_wrapper_fifo_w32_d2_S
INFO-FLOW: To file: write model top_wrapper_fifo_w32_d2_S
INFO-FLOW: To file: write model top_wrapper_fifo_w32_d2_S
INFO-FLOW: To file: write model top_wrapper_fifo_w32_d2_S
INFO-FLOW: To file: write model top_wrapper_fifo_w32_d2_S
INFO-FLOW: To file: write model top_wrapper_fifo_w32_d2_S
INFO-FLOW: To file: write model top_wrapper_fifo_w32_d2_S
INFO-FLOW: To file: write model top_wrapper_fifo_w32_d2_S
INFO-FLOW: To file: write model top_wrapper_fifo_w32_d2_S
INFO-FLOW: To file: write model top_wrapper_fifo_w32_d2_S
INFO-FLOW: To file: write model top_wrapper_fifo_w32_d2_S
INFO-FLOW: To file: write model top_wrapper_fifo_w32_d2_S
INFO-FLOW: To file: write model top_wrapper_fifo_w32_d2_S
INFO-FLOW: To file: write model top_wrapper_fifo_w32_d2_S
INFO-FLOW: To file: write model top_wrapper_fifo_w32_d2_S
INFO-FLOW: To file: write model top_wrapper_fifo_w32_d2_S
INFO-FLOW: To file: write model top_wrapper_fifo_w32_d2_S
INFO-FLOW: To file: write model top_wrapper_fifo_w32_d2_S
INFO-FLOW: To file: write model top_wrapper_fifo_w32_d2_S
INFO-FLOW: To file: write model top_wrapper_fifo_w32_d2_S
INFO-FLOW: To file: write model top_wrapper_fifo_w32_d2_S
INFO-FLOW: To file: write model top_wrapper_fifo_w32_d2_S
INFO-FLOW: To file: write model top_wrapper_fifo_w32_d2_S
INFO-FLOW: To file: write model top_wrapper_fifo_w32_d2_S
INFO-FLOW: To file: write model top_wrapper_fifo_w32_d2_S
INFO-FLOW: To file: write model top_wrapper_fifo_w32_d2_S
INFO-FLOW: To file: write model top_wrapper_fifo_w32_d2_S
INFO-FLOW: To file: write model top_wrapper_fifo_w32_d2_S
INFO-FLOW: To file: write model top_wrapper_fifo_w32_d2_S
INFO-FLOW: To file: write model top_wrapper_fifo_w32_d2_S
INFO-FLOW: To file: write model top_wrapper_fifo_w32_d2_S
INFO-FLOW: To file: write model top_wrapper_fifo_w32_d2_S
INFO-FLOW: To file: write model top_wrapper_fifo_w32_d2_S
INFO-FLOW: To file: write model top_wrapper_fifo_w32_d2_S
INFO-FLOW: To file: write model top_wrapper_fifo_w32_d2_S
INFO-FLOW: To file: write model top_wrapper_fifo_w32_d2_S
INFO-FLOW: To file: write model top_wrapper_fifo_w32_d2_S
INFO-FLOW: To file: write model top_wrapper_fifo_w32_d2_S
INFO-FLOW: To file: write model top_wrapper_fifo_w32_d2_S
INFO-FLOW: To file: write model top_wrapper_fifo_w32_d2_S
INFO-FLOW: To file: write model top_wrapper_fifo_w32_d2_S
INFO-FLOW: To file: write model top_wrapper_fifo_w32_d2_S
INFO-FLOW: To file: write model top_wrapper_fifo_w32_d2_S
INFO-FLOW: To file: write model top_wrapper_fifo_w32_d2_S
INFO-FLOW: To file: write model top_wrapper_fifo_w32_d2_S
INFO-FLOW: To file: write model top_wrapper_fifo_w32_d2_S
INFO-FLOW: To file: write model top_wrapper_fifo_w32_d2_S
INFO-FLOW: To file: write model top_wrapper_fifo_w32_d2_S
INFO-FLOW: To file: write model top_wrapper_fifo_w32_d2_S
INFO-FLOW: To file: write model top_wrapper_fifo_w32_d2_S
INFO-FLOW: To file: write model top_wrapper_fifo_w32_d2_S
INFO-FLOW: To file: write model top_wrapper_fifo_w32_d2_S
INFO-FLOW: To file: write model top_wrapper_fifo_w32_d2_S
INFO-FLOW: To file: write model top_wrapper_fifo_w32_d2_S
INFO-FLOW: To file: write model top_wrapper_fifo_w32_d2_S
INFO-FLOW: To file: write model top_wrapper_fifo_w32_d2_S
INFO-FLOW: To file: write model top_wrapper_fifo_w32_d2_S
INFO-FLOW: To file: write model top_wrapper_fifo_w32_d2_S
INFO-FLOW: To file: write model top_wrapper_fifo_w32_d2_S
INFO-FLOW: To file: write model top_wrapper_fifo_w32_d2_S
INFO-FLOW: To file: write model top_wrapper_fifo_w32_d2_S
INFO-FLOW: To file: write model top_wrapper_fifo_w32_d2_S
INFO-FLOW: To file: write model top_wrapper_fifo_w32_d2_S
INFO-FLOW: To file: write model top_wrapper_fifo_w32_d2_S
INFO-FLOW: To file: write model top_wrapper_fifo_w32_d2_S
INFO-FLOW: To file: write model top_wrapper_fifo_w32_d2_S
INFO-FLOW: To file: write model top_wrapper_fifo_w32_d2_S
INFO-FLOW: To file: write model top_wrapper_fifo_w32_d2_S
INFO-FLOW: To file: write model top_wrapper_fifo_w32_d2_S
INFO-FLOW: To file: write model top_wrapper_fifo_w32_d2_S
INFO-FLOW: To file: write model top_wrapper_fifo_w32_d2_S
INFO-FLOW: To file: write model top_wrapper_fifo_w32_d2_S
INFO-FLOW: To file: write model top_wrapper_fifo_w32_d2_S
INFO-FLOW: To file: write model top_wrapper_fifo_w32_d2_S
INFO-FLOW: To file: write model top_wrapper_fifo_w32_d2_S
INFO-FLOW: To file: write model top_wrapper_fifo_w32_d2_S
INFO-FLOW: To file: write model top_wrapper_fifo_w32_d2_S
INFO-FLOW: To file: write model top_wrapper_fifo_w32_d2_S
INFO-FLOW: To file: write model top_wrapper_fifo_w32_d2_S
INFO-FLOW: To file: write model top_wrapper_fifo_w32_d2_S
INFO-FLOW: To file: write model top_wrapper_fifo_w32_d2_S
INFO-FLOW: To file: write model top_wrapper_fifo_w32_d2_S
INFO-FLOW: To file: write model top_wrapper_fifo_w32_d2_S
INFO-FLOW: To file: write model top_wrapper_fifo_w32_d2_S
INFO-FLOW: To file: write model top_wrapper_fifo_w32_d2_S
INFO-FLOW: To file: write model top_wrapper_fifo_w32_d2_S
INFO-FLOW: To file: write model top_wrapper_fifo_w32_d2_S
INFO-FLOW: To file: write model top_wrapper_fifo_w32_d2_S
INFO-FLOW: To file: write model top_wrapper_fifo_w32_d2_S
INFO-FLOW: To file: write model top_wrapper_fifo_w32_d2_S
INFO-FLOW: To file: write model top_wrapper_fifo_w32_d2_S
INFO-FLOW: To file: write model top_wrapper_fifo_w32_d2_S
INFO-FLOW: To file: write model top_wrapper_fifo_w32_d2_S
INFO-FLOW: To file: write model top_wrapper_fifo_w32_d2_S
INFO-FLOW: To file: write model top_wrapper_fifo_w32_d2_S
INFO-FLOW: To file: write model top_wrapper_fifo_w32_d2_S
INFO-FLOW: To file: write model top_wrapper_fifo_w32_d2_S
INFO-FLOW: To file: write model top_wrapper_fifo_w32_d2_S
INFO-FLOW: To file: write model top_wrapper_fifo_w32_d2_S
INFO-FLOW: To file: write model top_wrapper_fifo_w32_d2_S
INFO-FLOW: To file: write model top_wrapper_fifo_w32_d2_S
INFO-FLOW: To file: write model top_wrapper_fifo_w32_d2_S
INFO-FLOW: To file: write model top_wrapper_fifo_w32_d2_S
INFO-FLOW: To file: write model top_wrapper_fifo_w32_d2_S
INFO-FLOW: To file: write model top_wrapper_fifo_w32_d2_S
INFO-FLOW: To file: write model top_wrapper_fifo_w32_d2_S
INFO-FLOW: To file: write model top_wrapper_fifo_w32_d2_S
INFO-FLOW: To file: write model top_wrapper_fifo_w32_d2_S
INFO-FLOW: To file: write model top_wrapper_fifo_w32_d2_S
INFO-FLOW: To file: write model top_wrapper_fifo_w32_d2_S
INFO-FLOW: To file: write model top_wrapper_fifo_w32_d2_S
INFO-FLOW: To file: write model top_wrapper_fifo_w32_d2_S
INFO-FLOW: To file: write model top_wrapper_fifo_w32_d2_S
INFO-FLOW: To file: write model top_wrapper_fifo_w32_d2_S
INFO-FLOW: To file: write model top_wrapper_fifo_w32_d2_S
INFO-FLOW: To file: write model top_wrapper_fifo_w32_d2_S
INFO-FLOW: To file: write model top_wrapper_fifo_w32_d2_S
INFO-FLOW: To file: write model top_wrapper_fifo_w32_d2_S
INFO-FLOW: To file: write model top_wrapper_fifo_w32_d2_S
INFO-FLOW: To file: write model top_wrapper_fifo_w32_d2_S
INFO-FLOW: To file: write model top_wrapper_fifo_w32_d2_S
INFO-FLOW: To file: write model top_wrapper_fifo_w32_d2_S
INFO-FLOW: To file: write model top_wrapper_fifo_w32_d2_S
INFO-FLOW: To file: write model top_wrapper_fifo_w32_d2_S
INFO-FLOW: To file: write model top_wrapper_fifo_w32_d2_S
INFO-FLOW: To file: write model top_wrapper_fifo_w32_d2_S
INFO-FLOW: To file: write model top_wrapper_fifo_w32_d2_S
INFO-FLOW: To file: write model top_wrapper_fifo_w32_d2_S
INFO-FLOW: To file: write model top_wrapper_fifo_w32_d2_S
INFO-FLOW: To file: write model top_wrapper_fifo_w32_d2_S
INFO-FLOW: To file: write model top_wrapper_fifo_w32_d2_S
INFO-FLOW: To file: write model top_wrapper_fifo_w32_d2_S
INFO-FLOW: To file: write model top_wrapper_fifo_w32_d2_S
INFO-FLOW: To file: write model top_wrapper_fifo_w32_d2_S
INFO-FLOW: To file: write model top_wrapper_fifo_w32_d2_S
INFO-FLOW: To file: write model top_wrapper_fifo_w32_d2_S
INFO-FLOW: To file: write model top_wrapper_fifo_w32_d2_S
INFO-FLOW: To file: write model top_wrapper_fifo_w32_d2_S
INFO-FLOW: To file: write model top_wrapper_fifo_w32_d2_S
INFO-FLOW: To file: write model top_wrapper_fifo_w32_d2_S
INFO-FLOW: To file: write model top_wrapper_fifo_w32_d2_S
INFO-FLOW: To file: write model top_wrapper_fifo_w32_d2_S
INFO-FLOW: To file: write model top_wrapper_fifo_w32_d2_S
INFO-FLOW: To file: write model top_wrapper_fifo_w32_d2_S
INFO-FLOW: To file: write model top_wrapper_fifo_w32_d2_S
INFO-FLOW: To file: write model top_wrapper_fifo_w32_d2_S
INFO-FLOW: To file: write model top_wrapper_fifo_w32_d2_S
INFO-FLOW: To file: write model top_wrapper_fifo_w32_d2_S
INFO-FLOW: To file: write model top_wrapper_fifo_w32_d2_S
INFO-FLOW: To file: write model top_wrapper_fifo_w32_d2_S
INFO-FLOW: To file: write model top_wrapper_fifo_w32_d2_S
INFO-FLOW: To file: write model top_wrapper_fifo_w32_d2_S
INFO-FLOW: To file: write model top_wrapper_fifo_w32_d2_S
INFO-FLOW: To file: write model top_wrapper_fifo_w32_d2_S
INFO-FLOW: To file: write model top_wrapper_fifo_w32_d2_S
INFO-FLOW: To file: write model top_wrapper_fifo_w32_d2_S
INFO-FLOW: To file: write model top_wrapper_fifo_w32_d2_S
INFO-FLOW: To file: write model top_wrapper_fifo_w32_d2_S
INFO-FLOW: To file: write model top_wrapper_fifo_w32_d2_S
INFO-FLOW: To file: write model top_wrapper_fifo_w32_d2_S
INFO-FLOW: To file: write model top_wrapper_fifo_w32_d2_S
INFO-FLOW: To file: write model top_wrapper_fifo_w32_d2_S
INFO-FLOW: To file: write model top_wrapper_fifo_w32_d2_S
INFO-FLOW: To file: write model top_wrapper_fifo_w32_d2_S
INFO-FLOW: To file: write model top_wrapper_fifo_w32_d2_S
INFO-FLOW: To file: write model top_wrapper_fifo_w32_d2_S
INFO-FLOW: To file: write model top_wrapper_fifo_w32_d2_S
INFO-FLOW: To file: write model top_wrapper_fifo_w32_d2_S
INFO-FLOW: To file: write model top_wrapper_fifo_w32_d2_S
INFO-FLOW: To file: write model top_wrapper_fifo_w32_d2_S
INFO-FLOW: To file: write model top_wrapper_fifo_w32_d2_S
INFO-FLOW: To file: write model top_wrapper_fifo_w32_d2_S
INFO-FLOW: To file: write model top_wrapper_fifo_w32_d2_S
INFO-FLOW: To file: write model top_wrapper_fifo_w32_d2_S
INFO-FLOW: To file: write model top_wrapper_fifo_w32_d2_S
INFO-FLOW: To file: write model top_wrapper_fifo_w32_d2_S
INFO-FLOW: To file: write model top_wrapper_fifo_w32_d2_S
INFO-FLOW: To file: write model top_wrapper_fifo_w32_d2_S
INFO-FLOW: To file: write model top_wrapper_fifo_w32_d2_S
INFO-FLOW: To file: write model top_wrapper_fifo_w32_d2_S
INFO-FLOW: To file: write model top_wrapper_fifo_w32_d2_S
INFO-FLOW: To file: write model top_wrapper_fifo_w32_d2_S
INFO-FLOW: To file: write model top_wrapper_fifo_w32_d2_S
INFO-FLOW: To file: write model top_wrapper_fifo_w32_d2_S
INFO-FLOW: To file: write model top_wrapper_fifo_w32_d2_S
INFO-FLOW: To file: write model top_wrapper_fifo_w32_d2_S
INFO-FLOW: To file: write model top_wrapper_fifo_w32_d2_S
INFO-FLOW: To file: write model top_wrapper_fifo_w32_d2_S
INFO-FLOW: To file: write model top_wrapper_fifo_w32_d2_S
INFO-FLOW: To file: write model top_wrapper_fifo_w32_d2_S
INFO-FLOW: To file: write model top_wrapper_fifo_w32_d2_S
INFO-FLOW: To file: write model top_wrapper_fifo_w32_d2_S
INFO-FLOW: To file: write model top_wrapper_fifo_w32_d2_S
INFO-FLOW: To file: write model top_wrapper_fifo_w32_d2_S
INFO-FLOW: To file: write model top_wrapper_fifo_w32_d2_S
INFO-FLOW: To file: write model top_wrapper_fifo_w32_d2_S
INFO-FLOW: To file: write model top_wrapper_fifo_w32_d2_S
INFO-FLOW: To file: write model top_wrapper_fifo_w32_d2_S
INFO-FLOW: To file: write model top_wrapper_fifo_w32_d2_S
INFO-FLOW: To file: write model top_wrapper_fifo_w32_d2_S
INFO-FLOW: To file: write model top_wrapper_fifo_w32_d2_S
INFO-FLOW: To file: write model top_wrapper_fifo_w32_d2_S
INFO-FLOW: To file: write model top_wrapper_fifo_w32_d2_S
INFO-FLOW: To file: write model top_wrapper_fifo_w32_d2_S
INFO-FLOW: To file: write model top_wrapper_fifo_w32_d2_S
INFO-FLOW: To file: write model top_wrapper_fifo_w32_d2_S
INFO-FLOW: To file: write model top_wrapper_fifo_w32_d2_S
INFO-FLOW: To file: write model top_wrapper_fifo_w32_d2_S
INFO-FLOW: To file: write model top_wrapper_fifo_w32_d2_S
INFO-FLOW: To file: write model top_wrapper_fifo_w32_d2_S
INFO-FLOW: To file: write model top_wrapper_fifo_w32_d2_S
INFO-FLOW: To file: write model top_wrapper_fifo_w32_d2_S
INFO-FLOW: To file: write model top_wrapper_fifo_w32_d2_S
INFO-FLOW: To file: write model top_wrapper_fifo_w32_d2_S
INFO-FLOW: To file: write model top_wrapper_fifo_w32_d2_S
INFO-FLOW: To file: write model top_wrapper_fifo_w32_d2_S
INFO-FLOW: To file: write model top_wrapper_fifo_w32_d2_S
INFO-FLOW: To file: write model top_wrapper_fifo_w32_d2_S
INFO-FLOW: To file: write model top_wrapper_fifo_w32_d2_S
INFO-FLOW: To file: write model top_wrapper_fifo_w32_d2_S
INFO-FLOW: To file: write model top_wrapper_fifo_w32_d2_S
INFO-FLOW: To file: write model top_wrapper_fifo_w32_d2_S
INFO-FLOW: To file: write model top_wrapper_fifo_w32_d2_S
INFO-FLOW: To file: write model top_wrapper_fifo_w32_d2_S
INFO-FLOW: To file: write model top_wrapper_fifo_w32_d2_S
INFO-FLOW: To file: write model top_wrapper_fifo_w32_d2_S
INFO-FLOW: To file: write model top_wrapper_fifo_w32_d2_S
INFO-FLOW: To file: write model top_wrapper_fifo_w32_d2_S
INFO-FLOW: To file: write model top_wrapper_fifo_w32_d2_S
INFO-FLOW: To file: write model top_wrapper_fifo_w32_d2_S
INFO-FLOW: To file: write model top_wrapper_fifo_w32_d2_S
INFO-FLOW: To file: write model top_wrapper_fifo_w32_d2_S
INFO-FLOW: To file: write model top_wrapper_fifo_w32_d2_S
INFO-FLOW: To file: write model top_wrapper_fifo_w32_d2_S
INFO-FLOW: To file: write model top_wrapper_fifo_w32_d2_S
INFO-FLOW: To file: write model top_wrapper_fifo_w32_d2_S
INFO-FLOW: To file: write model top_wrapper_fifo_w32_d2_S
INFO-FLOW: To file: write model top_wrapper_fifo_w32_d2_S
INFO-FLOW: To file: write model top_wrapper_fifo_w32_d2_S
INFO-FLOW: To file: write model top_wrapper_fifo_w32_d2_S
INFO-FLOW: To file: write model top_wrapper_fifo_w32_d2_S
INFO-FLOW: To file: write model top_wrapper_fifo_w32_d2_S
INFO-FLOW: To file: write model top_wrapper_fifo_w32_d2_S
INFO-FLOW: To file: write model top_wrapper_fifo_w32_d2_S
INFO-FLOW: To file: write model top_wrapper_fifo_w32_d2_S
INFO-FLOW: To file: write model top_wrapper_fifo_w32_d2_S
INFO-FLOW: To file: write model top_wrapper_fifo_w32_d2_S
INFO-FLOW: To file: write model top_wrapper_fifo_w32_d2_S
INFO-FLOW: To file: write model top_wrapper_fifo_w32_d2_S
INFO-FLOW: To file: write model top_wrapper_fifo_w32_d2_S
INFO-FLOW: To file: write model top_wrapper_fifo_w32_d2_S
INFO-FLOW: To file: write model top_wrapper_fifo_w32_d2_S
INFO-FLOW: To file: write model top_wrapper_fifo_w32_d2_S
INFO-FLOW: To file: write model top_wrapper_fifo_w32_d2_S
INFO-FLOW: To file: write model top_wrapper_fifo_w32_d2_S
INFO-FLOW: To file: write model top_wrapper_fifo_w32_d2_S
INFO-FLOW: To file: write model top_wrapper_fifo_w32_d2_S
INFO-FLOW: To file: write model top_wrapper_fifo_w32_d2_S
INFO-FLOW: To file: write model top_wrapper_fifo_w32_d2_S
INFO-FLOW: To file: write model top_wrapper_fifo_w32_d2_S
INFO-FLOW: To file: write model top_wrapper_fifo_w32_d2_S
INFO-FLOW: To file: write model top_wrapper_fifo_w32_d2_S
INFO-FLOW: To file: write model top_wrapper_fifo_w32_d2_S
INFO-FLOW: To file: write model top_wrapper_fifo_w32_d2_S
INFO-FLOW: To file: write model top_wrapper_fifo_w32_d2_S
INFO-FLOW: To file: write model top_wrapper_fifo_w32_d2_S
INFO-FLOW: To file: write model top_wrapper_fifo_w32_d2_S
INFO-FLOW: To file: write model top_wrapper_fifo_w32_d2_S
INFO-FLOW: To file: write model top_wrapper_fifo_w32_d2_S
INFO-FLOW: To file: write model top_wrapper_fifo_w32_d2_S
INFO-FLOW: To file: write model top_wrapper_fifo_w32_d2_S
INFO-FLOW: To file: write model top_wrapper_fifo_w32_d2_S
INFO-FLOW: To file: write model top_wrapper_fifo_w32_d2_S
INFO-FLOW: To file: write model top_wrapper_fifo_w32_d2_S
INFO-FLOW: To file: write model top_wrapper_fifo_w32_d2_S
INFO-FLOW: To file: write model top_wrapper_fifo_w32_d2_S
INFO-FLOW: To file: write model top_wrapper_fifo_w32_d2_S
INFO-FLOW: To file: write model top_wrapper_fifo_w32_d2_S
INFO-FLOW: To file: write model top_wrapper_fifo_w32_d2_S
INFO-FLOW: To file: write model top_wrapper_fifo_w32_d2_S
INFO-FLOW: To file: write model top_wrapper_fifo_w32_d2_S
INFO-FLOW: To file: write model top_wrapper_fifo_w32_d2_S
INFO-FLOW: To file: write model top_wrapper_fifo_w32_d2_S
INFO-FLOW: To file: write model top_wrapper_fifo_w32_d2_S
INFO-FLOW: To file: write model top_wrapper_fifo_w32_d2_S
INFO-FLOW: To file: write model top_wrapper_fifo_w32_d2_S
INFO-FLOW: To file: write model top_wrapper_fifo_w32_d2_S
INFO-FLOW: To file: write model top_wrapper_fifo_w32_d2_S
INFO-FLOW: To file: write model top_wrapper_fifo_w32_d2_S
INFO-FLOW: To file: write model top_wrapper_fifo_w32_d2_S
INFO-FLOW: To file: write model top_wrapper_fifo_w32_d2_S
INFO-FLOW: To file: write model top_wrapper_fifo_w32_d2_S
INFO-FLOW: To file: write model top_wrapper_fifo_w32_d2_S
INFO-FLOW: To file: write model top_wrapper_fifo_w32_d2_S
INFO-FLOW: To file: write model top_wrapper_fifo_w32_d2_S
INFO-FLOW: To file: write model top_wrapper_fifo_w32_d2_S
INFO-FLOW: To file: write model top_wrapper_fifo_w32_d2_S
INFO-FLOW: To file: write model top_wrapper_fifo_w32_d2_S
INFO-FLOW: To file: write model top_wrapper_fifo_w32_d2_S
INFO-FLOW: To file: write model top_wrapper_fifo_w32_d2_S
INFO-FLOW: To file: write model top_wrapper_fifo_w32_d2_S
INFO-FLOW: To file: write model top_wrapper_fifo_w32_d2_S
INFO-FLOW: To file: write model top_wrapper_fifo_w32_d2_S
INFO-FLOW: To file: write model top_wrapper_fifo_w32_d2_S
INFO-FLOW: To file: write model top_wrapper_fifo_w32_d2_S
INFO-FLOW: To file: write model top_wrapper_fifo_w32_d2_S
INFO-FLOW: To file: write model top_wrapper_fifo_w32_d2_S
INFO-FLOW: To file: write model top_wrapper_fifo_w32_d2_S
INFO-FLOW: To file: write model top_wrapper_fifo_w32_d2_S
INFO-FLOW: To file: write model top_wrapper_fifo_w32_d2_S
INFO-FLOW: To file: write model top_wrapper_fifo_w32_d2_S
INFO-FLOW: To file: write model top_wrapper_fifo_w32_d2_S
INFO-FLOW: To file: write model top_wrapper_fifo_w32_d2_S
INFO-FLOW: To file: write model top_wrapper_fifo_w32_d2_S
INFO-FLOW: To file: write model top_wrapper_fifo_w32_d2_S
INFO-FLOW: To file: write model top_wrapper_fifo_w32_d2_S
INFO-FLOW: To file: write model top_wrapper_fifo_w32_d2_S
INFO-FLOW: To file: write model top_wrapper_fifo_w32_d2_S
INFO-FLOW: To file: write model top_wrapper_fifo_w32_d2_S
INFO-FLOW: To file: write model top_wrapper_fifo_w32_d2_S
INFO-FLOW: To file: write model top_wrapper_fifo_w32_d2_S
INFO-FLOW: To file: write model top_wrapper_gmem2_m_axi
INFO-FLOW: To file: write model top_wrapper_gmem1_m_axi
INFO-FLOW: To file: write model top_wrapper_control_s_axi
INFO-FLOW: To file: write model top_wrapper_control_r_s_axi
INFO-FLOW: To file: write model top_wrapper_gmem3_s_axi
INFO-FLOW: To file: write model entry_proc
INFO-FLOW: To file: write model dataflow_in_loop_VITIS_LOOP_92_1_1_Loop_VITIS_LOOP_99_2_proc
INFO-FLOW: To file: write model load_input_Pipeline_load_input_loop_VITIS_LOOP_9_1
INFO-FLOW: To file: write model load_input
INFO-FLOW: To file: write model conv_Pipeline_VITIS_LOOP_41_1_VITIS_LOOP_42_2_VITIS_LOOP_43_3
INFO-FLOW: To file: write model conv_2_13_13_3_3_2_11_11_1_1_5_1_5_5_2_3_Pipeline_L5_L4_L3
INFO-FLOW: To file: write model conv_2_13_13_3_3_2_11_11_1_1_5_1_5_5_2_3_s
INFO-FLOW: To file: write model out_conv2mem_Pipeline_VITIS_LOOP_41_4
INFO-FLOW: To file: write model out_conv2mem_2_13_13_3_3_2_11_11_1_162_1_1_5_5_2_3_s
INFO-FLOW: To file: write model dataflow_in_loop_VITIS_LOOP_92_1_1
INFO-FLOW: To file: write model top_wrapper
INFO-FLOW: Generating /home/lorenzor/workspace/convolution/convolution/solution_0/.autopilot/db/autopilot.rtl.models.tcl file...
INFO-FLOW: Finished generating RTL model list.


INFO-FLOW: RTL Generation done.
INFO-FLOW: CAS Generation done.
INFO-FLOW: CBC Generation done.
INFO-FLOW: DBG:PROC: ::AESL_AUTOMG::auto_generate_csynth_design
INFO-FLOW: DBG:PUTS: read_platform_lib /home/lorenzor/workspace/convolution/convolution/solution_0/.autopilot/db/global.setting.tcl
Execute         source /tools/Xilinx/Vitis/2024.2/common/technology/generic/autopilot/common.gen 
Execute           source /tools/Xilinx/Vitis/2024.2/common/technology/generic/autopilot/APCoreGen.gen 
Execute         source /tools/Xilinx/Vitis/2024.2/common/technology/generic/autopilot/op.gen 
Execute         source /tools/Xilinx/Vitis/2024.2/common/technology/generic/autopilot/op_simcore.gen 
Execute         source /tools/Xilinx/Vitis/2024.2/common/technology/generic/autopilot/interface.gen 
Execute         source /home/lorenzor/workspace/convolution/convolution/solution_0/.autopilot/db/global.setting.tcl 
Execute         source /tools/Xilinx/Vitis/2024.2/common/technology/xilinx/common/xilinx.gen 
Execute           source /tools/Xilinx/Vitis/2024.2/common/technology/xilinx/interface/plb46.gen 
Execute           source /tools/Xilinx/Vitis/2024.2/common/technology/xilinx/interface/axi4.gen 
Execute           source /tools/Xilinx/Vitis/2024.2/common/technology/xilinx/interface/nativeAXI4.gen 
Execute             source /tools/Xilinx/Vitis/2024.2/common/technology/xilinx/interface/saxilite.gen 
Execute           source /tools/Xilinx/Vitis/2024.2/common/technology/xilinx/scripts/xilinxcoregen.gen 
Execute           source /tools/Xilinx/Vitis/2024.2/common/technology/xilinx/interface/XilEDKCoreGen.gen 
Execute           source /tools/Xilinx/Vitis/2024.2/common/technology/xilinx/ip/util.gen 
Execute           source /tools/Xilinx/Vitis/2024.2/common/technology/xilinx/ip/xfft.gen 
Execute           source /tools/Xilinx/Vitis/2024.2/common/technology/xilinx/ip/xfir.gen 
Execute           source /tools/Xilinx/Vitis/2024.2/common/technology/xilinx/ip/dds_compiler.gen 
Execute           source /tools/Xilinx/Vitis/2024.2/common/technology/xilinx/DSP48/dsp48.gen 
INFO-FLOW: DBG:PUTS:   using AESL_AUTOCG::g_clock_period=5.000 (was NA)
INFO-FLOW: DBG:PROC: ::AESL_AUTOMG::generate_ip_cores gen_sim_model='1' gen_fp_models='0' gen_for_export='0' dstSCDir='' dstVhdlDir='/home/lorenzor/workspace/convolution/convolution/solution_0/.autopilot/db/vhdl' dstVlogDir='/home/lorenzor/workspace/convolution/convolution/solution_0/.autopilot/db/vlog' tclDir='/home/lorenzor/workspace/convolution/convolution/solution_0/.autopilot/db' modelList='top_wrapper_flow_control_loop_pipe
top_wrapper_urem_12ns_7ns_12_16_1
top_wrapper_mul_15ns_17ns_31_1_1
top_wrapper_urem_6ns_5ns_6_10_1
top_wrapper_mac_muladd_9ns_4ns_9ns_12_4_1
top_wrapper_mac_muladd_6ns_6ns_7s_12_4_1
top_wrapper_flow_control_loop_pipe_sequential_init
top_wrapper_mul_3ns_13ns_14_1_1
top_wrapper_flow_control_loop_pipe_sequential_init
top_wrapper_mul_45s_8s_45_2_1
top_wrapper_mul_4ns_6ns_9_1_1
top_wrapper_urem_6ns_5ns_4_10_1
top_wrapper_urem_4ns_4ns_4_8_1
top_wrapper_urem_4ns_3ns_4_8_1
top_wrapper_sparsemux_77_6_45_1_1
top_wrapper_sparsemux_19_4_45_1_1
top_wrapper_sparsemux_81_6_45_1_1
top_wrapper_sparsemux_97_6_45_1_1
top_wrapper_sparsemux_101_6_45_1_1
top_wrapper_flow_control_loop_pipe_sequential_init
top_wrapper_sparsemux_51_5_32_1_1
top_wrapper_flow_control_loop_pipe_sequential_init
top_wrapper_mul_3ns_12ns_13_1_1
top_wrapper_sparsemux_19_5_32_1_1
top_wrapper_fifo_w64_d4_S
top_wrapper_fifo_w8_d100_S
top_wrapper_fifo_w3_d3_S
top_wrapper_fifo_w45_d2_S
top_wrapper_fifo_w45_d2_S
top_wrapper_fifo_w45_d2_S
top_wrapper_fifo_w45_d2_S
top_wrapper_fifo_w45_d2_S
top_wrapper_fifo_w45_d2_S
top_wrapper_fifo_w45_d2_S
top_wrapper_fifo_w45_d2_S
top_wrapper_fifo_w45_d2_S
top_wrapper_fifo_w45_d2_S
top_wrapper_fifo_w45_d2_S
top_wrapper_fifo_w45_d2_S
top_wrapper_fifo_w45_d2_S
top_wrapper_fifo_w45_d2_S
top_wrapper_fifo_w45_d2_S
top_wrapper_fifo_w45_d2_S
top_wrapper_fifo_w45_d2_S
top_wrapper_fifo_w45_d2_S
top_wrapper_fifo_w45_d2_S
top_wrapper_fifo_w45_d2_S
top_wrapper_fifo_w45_d2_S
top_wrapper_fifo_w45_d2_S
top_wrapper_fifo_w45_d2_S
top_wrapper_fifo_w45_d2_S
top_wrapper_fifo_w45_d2_S
top_wrapper_fifo_w45_d2_S
top_wrapper_fifo_w45_d2_S
top_wrapper_fifo_w45_d2_S
top_wrapper_fifo_w45_d2_S
top_wrapper_fifo_w45_d2_S
top_wrapper_fifo_w45_d2_S
top_wrapper_fifo_w45_d2_S
top_wrapper_fifo_w45_d2_S
top_wrapper_fifo_w45_d2_S
top_wrapper_fifo_w45_d2_S
top_wrapper_fifo_w45_d2_S
top_wrapper_fifo_w45_d2_S
top_wrapper_fifo_w45_d2_S
top_wrapper_fifo_w45_d2_S
top_wrapper_fifo_w45_d2_S
top_wrapper_fifo_w45_d2_S
top_wrapper_fifo_w45_d2_S
top_wrapper_fifo_w45_d2_S
top_wrapper_fifo_w45_d2_S
top_wrapper_fifo_w45_d2_S
top_wrapper_fifo_w45_d2_S
top_wrapper_fifo_w45_d2_S
top_wrapper_fifo_w45_d2_S
top_wrapper_fifo_w45_d2_S
top_wrapper_fifo_w45_d2_S
top_wrapper_fifo_w45_d2_S
top_wrapper_fifo_w45_d2_S
top_wrapper_fifo_w45_d2_S
top_wrapper_fifo_w45_d2_S
top_wrapper_fifo_w45_d2_S
top_wrapper_fifo_w45_d2_S
top_wrapper_fifo_w45_d2_S
top_wrapper_fifo_w45_d2_S
top_wrapper_fifo_w45_d2_S
top_wrapper_fifo_w45_d2_S
top_wrapper_fifo_w45_d2_S
top_wrapper_fifo_w45_d2_S
top_wrapper_fifo_w45_d2_S
top_wrapper_fifo_w45_d2_S
top_wrapper_fifo_w45_d2_S
top_wrapper_fifo_w45_d2_S
top_wrapper_fifo_w45_d2_S
top_wrapper_fifo_w45_d2_S
top_wrapper_fifo_w45_d2_S
top_wrapper_fifo_w45_d2_S
top_wrapper_fifo_w45_d2_S
top_wrapper_fifo_w45_d2_S
top_wrapper_fifo_w45_d2_S
top_wrapper_fifo_w45_d2_S
top_wrapper_fifo_w45_d2_S
top_wrapper_fifo_w45_d2_S
top_wrapper_fifo_w45_d2_S
top_wrapper_fifo_w45_d2_S
top_wrapper_fifo_w45_d2_S
top_wrapper_fifo_w45_d2_S
top_wrapper_fifo_w45_d2_S
top_wrapper_fifo_w45_d2_S
top_wrapper_fifo_w45_d2_S
top_wrapper_fifo_w45_d2_S
top_wrapper_fifo_w45_d2_S
top_wrapper_fifo_w45_d2_S
top_wrapper_fifo_w45_d2_S
top_wrapper_fifo_w45_d2_S
top_wrapper_fifo_w45_d2_S
top_wrapper_fifo_w45_d2_S
top_wrapper_fifo_w45_d2_S
top_wrapper_fifo_w45_d2_S
top_wrapper_fifo_w45_d2_S
top_wrapper_fifo_w45_d2_S
top_wrapper_fifo_w45_d2_S
top_wrapper_fifo_w45_d2_S
top_wrapper_fifo_w45_d2_S
top_wrapper_fifo_w45_d2_S
top_wrapper_fifo_w45_d2_S
top_wrapper_fifo_w45_d2_S
top_wrapper_fifo_w45_d2_S
top_wrapper_fifo_w45_d2_S
top_wrapper_fifo_w45_d2_S
top_wrapper_fifo_w45_d2_S
top_wrapper_fifo_w45_d2_S
top_wrapper_fifo_w45_d2_S
top_wrapper_fifo_w45_d2_S
top_wrapper_fifo_w45_d2_S
top_wrapper_fifo_w45_d2_S
top_wrapper_fifo_w45_d2_S
top_wrapper_fifo_w45_d2_S
top_wrapper_fifo_w45_d2_S
top_wrapper_fifo_w45_d2_S
top_wrapper_fifo_w45_d2_S
top_wrapper_fifo_w45_d2_S
top_wrapper_fifo_w45_d2_S
top_wrapper_fifo_w45_d2_S
top_wrapper_fifo_w45_d2_S
top_wrapper_fifo_w45_d2_S
top_wrapper_fifo_w45_d2_S
top_wrapper_fifo_w45_d2_S
top_wrapper_fifo_w45_d2_S
top_wrapper_fifo_w45_d2_S
top_wrapper_fifo_w45_d2_S
top_wrapper_fifo_w45_d2_S
top_wrapper_fifo_w45_d2_S
top_wrapper_fifo_w45_d2_S
top_wrapper_fifo_w45_d2_S
top_wrapper_fifo_w45_d2_S
top_wrapper_fifo_w45_d2_S
top_wrapper_fifo_w45_d2_S
top_wrapper_fifo_w45_d2_S
top_wrapper_fifo_w45_d2_S
top_wrapper_fifo_w45_d2_S
top_wrapper_fifo_w45_d2_S
top_wrapper_fifo_w45_d2_S
top_wrapper_fifo_w45_d2_S
top_wrapper_fifo_w45_d2_S
top_wrapper_fifo_w45_d2_S
top_wrapper_fifo_w45_d2_S
top_wrapper_fifo_w45_d2_S
top_wrapper_fifo_w45_d2_S
top_wrapper_fifo_w45_d2_S
top_wrapper_fifo_w45_d2_S
top_wrapper_fifo_w45_d2_S
top_wrapper_fifo_w45_d2_S
top_wrapper_fifo_w45_d2_S
top_wrapper_fifo_w45_d2_S
top_wrapper_fifo_w45_d2_S
top_wrapper_fifo_w45_d2_S
top_wrapper_fifo_w45_d2_S
top_wrapper_fifo_w45_d2_S
top_wrapper_fifo_w45_d2_S
top_wrapper_fifo_w45_d2_S
top_wrapper_fifo_w45_d2_S
top_wrapper_fifo_w45_d2_S
top_wrapper_fifo_w45_d2_S
top_wrapper_fifo_w45_d2_S
top_wrapper_fifo_w45_d2_S
top_wrapper_fifo_w45_d2_S
top_wrapper_fifo_w45_d2_S
top_wrapper_fifo_w45_d2_S
top_wrapper_fifo_w45_d2_S
top_wrapper_fifo_w45_d2_S
top_wrapper_fifo_w45_d2_S
top_wrapper_fifo_w45_d2_S
top_wrapper_fifo_w45_d2_S
top_wrapper_fifo_w45_d2_S
top_wrapper_fifo_w45_d2_S
top_wrapper_fifo_w45_d2_S
top_wrapper_fifo_w45_d2_S
top_wrapper_fifo_w45_d2_S
top_wrapper_fifo_w45_d2_S
top_wrapper_fifo_w45_d2_S
top_wrapper_fifo_w45_d2_S
top_wrapper_fifo_w45_d2_S
top_wrapper_fifo_w45_d2_S
top_wrapper_fifo_w45_d2_S
top_wrapper_fifo_w45_d2_S
top_wrapper_fifo_w45_d2_S
top_wrapper_fifo_w45_d2_S
top_wrapper_fifo_w45_d2_S
top_wrapper_fifo_w45_d2_S
top_wrapper_fifo_w45_d2_S
top_wrapper_fifo_w45_d2_S
top_wrapper_fifo_w45_d2_S
top_wrapper_fifo_w45_d2_S
top_wrapper_fifo_w45_d2_S
top_wrapper_fifo_w45_d2_S
top_wrapper_fifo_w45_d2_S
top_wrapper_fifo_w45_d2_S
top_wrapper_fifo_w45_d2_S
top_wrapper_fifo_w45_d2_S
top_wrapper_fifo_w45_d2_S
top_wrapper_fifo_w45_d2_S
top_wrapper_fifo_w45_d2_S
top_wrapper_fifo_w45_d2_S
top_wrapper_fifo_w45_d2_S
top_wrapper_fifo_w45_d2_S
top_wrapper_fifo_w45_d2_S
top_wrapper_fifo_w45_d2_S
top_wrapper_fifo_w45_d2_S
top_wrapper_fifo_w45_d2_S
top_wrapper_fifo_w45_d2_S
top_wrapper_fifo_w45_d2_S
top_wrapper_fifo_w45_d2_S
top_wrapper_fifo_w45_d2_S
top_wrapper_fifo_w45_d2_S
top_wrapper_fifo_w45_d2_S
top_wrapper_fifo_w45_d2_S
top_wrapper_fifo_w45_d2_S
top_wrapper_fifo_w45_d2_S
top_wrapper_fifo_w45_d2_S
top_wrapper_fifo_w45_d2_S
top_wrapper_fifo_w45_d2_S
top_wrapper_fifo_w45_d2_S
top_wrapper_fifo_w45_d2_S
top_wrapper_fifo_w45_d2_S
top_wrapper_fifo_w45_d2_S
top_wrapper_fifo_w45_d2_S
top_wrapper_fifo_w45_d2_S
top_wrapper_fifo_w45_d2_S
top_wrapper_fifo_w45_d2_S
top_wrapper_fifo_w45_d2_S
top_wrapper_fifo_w45_d2_S
top_wrapper_fifo_w45_d2_S
top_wrapper_fifo_w45_d2_S
top_wrapper_fifo_w45_d2_S
top_wrapper_fifo_w45_d2_S
top_wrapper_fifo_w45_d2_S
top_wrapper_fifo_w45_d2_S
top_wrapper_fifo_w45_d2_S
top_wrapper_fifo_w45_d2_S
top_wrapper_fifo_w45_d2_S
top_wrapper_fifo_w45_d2_S
top_wrapper_fifo_w45_d2_S
top_wrapper_fifo_w45_d2_S
top_wrapper_fifo_w45_d2_S
top_wrapper_fifo_w45_d2_S
top_wrapper_fifo_w45_d2_S
top_wrapper_fifo_w45_d2_S
top_wrapper_fifo_w45_d2_S
top_wrapper_fifo_w45_d2_S
top_wrapper_fifo_w45_d2_S
top_wrapper_fifo_w45_d2_S
top_wrapper_fifo_w45_d2_S
top_wrapper_fifo_w45_d2_S
top_wrapper_fifo_w45_d2_S
top_wrapper_fifo_w45_d2_S
top_wrapper_fifo_w45_d2_S
top_wrapper_fifo_w45_d2_S
top_wrapper_fifo_w45_d2_S
top_wrapper_fifo_w45_d2_S
top_wrapper_fifo_w45_d2_S
top_wrapper_fifo_w45_d2_S
top_wrapper_fifo_w45_d2_S
top_wrapper_fifo_w45_d2_S
top_wrapper_fifo_w45_d2_S
top_wrapper_fifo_w45_d2_S
top_wrapper_fifo_w45_d2_S
top_wrapper_fifo_w45_d2_S
top_wrapper_fifo_w45_d2_S
top_wrapper_fifo_w45_d2_S
top_wrapper_fifo_w45_d2_S
top_wrapper_fifo_w45_d2_S
top_wrapper_fifo_w45_d2_S
top_wrapper_fifo_w45_d2_S
top_wrapper_fifo_w45_d2_S
top_wrapper_fifo_w45_d2_S
top_wrapper_fifo_w45_d2_S
top_wrapper_fifo_w45_d2_S
top_wrapper_fifo_w45_d2_S
top_wrapper_fifo_w45_d2_S
top_wrapper_fifo_w45_d2_S
top_wrapper_fifo_w45_d2_S
top_wrapper_fifo_w45_d2_S
top_wrapper_fifo_w45_d2_S
top_wrapper_fifo_w45_d2_S
top_wrapper_fifo_w45_d2_S
top_wrapper_fifo_w45_d2_S
top_wrapper_fifo_w45_d2_S
top_wrapper_fifo_w45_d2_S
top_wrapper_fifo_w45_d2_S
top_wrapper_fifo_w45_d2_S
top_wrapper_fifo_w45_d2_S
top_wrapper_fifo_w45_d2_S
top_wrapper_fifo_w45_d2_S
top_wrapper_fifo_w45_d2_S
top_wrapper_fifo_w45_d2_S
top_wrapper_fifo_w45_d2_S
top_wrapper_fifo_w45_d2_S
top_wrapper_fifo_w45_d2_S
top_wrapper_fifo_w45_d2_S
top_wrapper_fifo_w45_d2_S
top_wrapper_fifo_w45_d2_S
top_wrapper_fifo_w45_d2_S
top_wrapper_fifo_w45_d2_S
top_wrapper_fifo_w45_d2_S
top_wrapper_fifo_w45_d2_S
top_wrapper_fifo_w45_d2_S
top_wrapper_fifo_w45_d2_S
top_wrapper_fifo_w45_d2_S
top_wrapper_fifo_w45_d2_S
top_wrapper_fifo_w45_d2_S
top_wrapper_fifo_w45_d2_S
top_wrapper_fifo_w45_d2_S
top_wrapper_fifo_w45_d2_S
top_wrapper_fifo_w45_d2_S
top_wrapper_fifo_w45_d2_S
top_wrapper_fifo_w45_d2_S
top_wrapper_fifo_w45_d2_S
top_wrapper_fifo_w45_d2_S
top_wrapper_fifo_w45_d2_S
top_wrapper_fifo_w45_d2_S
top_wrapper_fifo_w45_d2_S
top_wrapper_fifo_w45_d2_S
top_wrapper_fifo_w45_d2_S
top_wrapper_fifo_w45_d2_S
top_wrapper_fifo_w45_d2_S
top_wrapper_fifo_w45_d2_S
top_wrapper_fifo_w45_d2_S
top_wrapper_fifo_w45_d2_S
top_wrapper_fifo_w45_d2_S
top_wrapper_fifo_w45_d2_S
top_wrapper_fifo_w45_d2_S
top_wrapper_fifo_w45_d2_S
top_wrapper_fifo_w45_d2_S
top_wrapper_fifo_w45_d2_S
top_wrapper_fifo_w45_d2_S
top_wrapper_fifo_w45_d2_S
top_wrapper_fifo_w45_d2_S
top_wrapper_fifo_w45_d2_S
top_wrapper_fifo_w45_d2_S
top_wrapper_fifo_w45_d2_S
top_wrapper_fifo_w45_d2_S
top_wrapper_fifo_w45_d2_S
top_wrapper_fifo_w45_d2_S
top_wrapper_fifo_w45_d2_S
top_wrapper_fifo_w45_d2_S
top_wrapper_fifo_w45_d2_S
top_wrapper_fifo_w45_d2_S
top_wrapper_fifo_w45_d2_S
top_wrapper_fifo_w45_d2_S
top_wrapper_fifo_w45_d2_S
top_wrapper_fifo_w45_d2_S
top_wrapper_fifo_w45_d2_S
top_wrapper_fifo_w45_d2_S
top_wrapper_fifo_w45_d2_S
top_wrapper_fifo_w45_d2_S
top_wrapper_fifo_w45_d2_S
top_wrapper_fifo_w45_d2_S
top_wrapper_fifo_w45_d2_S
top_wrapper_fifo_w45_d2_S
top_wrapper_fifo_w45_d2_S
top_wrapper_fifo_w45_d2_S
top_wrapper_fifo_w45_d2_S
top_wrapper_fifo_w45_d2_S
top_wrapper_fifo_w45_d2_S
top_wrapper_fifo_w45_d2_S
top_wrapper_fifo_w45_d2_S
top_wrapper_fifo_w45_d2_S
top_wrapper_fifo_w45_d2_S
top_wrapper_fifo_w45_d2_S
top_wrapper_fifo_w45_d2_S
top_wrapper_fifo_w45_d2_S
top_wrapper_fifo_w45_d2_S
top_wrapper_fifo_w45_d2_S
top_wrapper_fifo_w45_d2_S
top_wrapper_fifo_w45_d2_S
top_wrapper_fifo_w45_d2_S
top_wrapper_fifo_w45_d2_S
top_wrapper_fifo_w45_d2_S
top_wrapper_fifo_w45_d2_S
top_wrapper_fifo_w45_d2_S
top_wrapper_fifo_w45_d2_S
top_wrapper_fifo_w45_d2_S
top_wrapper_fifo_w45_d2_S
top_wrapper_fifo_w45_d2_S
top_wrapper_fifo_w45_d2_S
top_wrapper_fifo_w45_d2_S
top_wrapper_fifo_w45_d2_S
top_wrapper_fifo_w45_d2_S
top_wrapper_fifo_w45_d2_S
top_wrapper_fifo_w45_d2_S
top_wrapper_fifo_w45_d2_S
top_wrapper_fifo_w45_d2_S
top_wrapper_fifo_w45_d2_S
top_wrapper_fifo_w45_d2_S
top_wrapper_fifo_w45_d2_S
top_wrapper_fifo_w45_d2_S
top_wrapper_fifo_w45_d2_S
top_wrapper_fifo_w45_d2_S
top_wrapper_fifo_w45_d2_S
top_wrapper_fifo_w45_d2_S
top_wrapper_fifo_w45_d2_S
top_wrapper_fifo_w45_d2_S
top_wrapper_fifo_w45_d2_S
top_wrapper_fifo_w45_d2_S
top_wrapper_fifo_w45_d2_S
top_wrapper_fifo_w45_d2_S
top_wrapper_fifo_w45_d2_S
top_wrapper_fifo_w45_d2_S
top_wrapper_fifo_w45_d2_S
top_wrapper_fifo_w45_d2_S
top_wrapper_fifo_w45_d2_S
top_wrapper_fifo_w45_d2_S
top_wrapper_fifo_w45_d2_S
top_wrapper_fifo_w45_d2_S
top_wrapper_fifo_w45_d2_S
top_wrapper_fifo_w45_d2_S
top_wrapper_fifo_w45_d2_S
top_wrapper_fifo_w45_d2_S
top_wrapper_fifo_w45_d2_S
top_wrapper_fifo_w45_d2_S
top_wrapper_fifo_w45_d2_S
top_wrapper_fifo_w45_d2_S
top_wrapper_fifo_w45_d2_S
top_wrapper_fifo_w45_d2_S
top_wrapper_fifo_w45_d2_S
top_wrapper_fifo_w45_d2_S
top_wrapper_fifo_w45_d2_S
top_wrapper_fifo_w45_d2_S
top_wrapper_fifo_w45_d2_S
top_wrapper_fifo_w45_d2_S
top_wrapper_fifo_w45_d2_S
top_wrapper_fifo_w45_d2_S
top_wrapper_fifo_w45_d2_S
top_wrapper_fifo_w45_d2_S
top_wrapper_fifo_w45_d2_S
top_wrapper_fifo_w45_d2_S
top_wrapper_fifo_w45_d2_S
top_wrapper_fifo_w45_d2_S
top_wrapper_fifo_w45_d2_S
top_wrapper_fifo_w45_d2_S
top_wrapper_fifo_w45_d2_S
top_wrapper_fifo_w45_d2_S
top_wrapper_fifo_w45_d2_S
top_wrapper_fifo_w45_d2_S
top_wrapper_fifo_w45_d2_S
top_wrapper_fifo_w45_d2_S
top_wrapper_fifo_w45_d2_S
top_wrapper_fifo_w45_d2_S
top_wrapper_fifo_w45_d2_S
top_wrapper_fifo_w45_d2_S
top_wrapper_fifo_w45_d2_S
top_wrapper_fifo_w45_d2_S
top_wrapper_fifo_w45_d2_S
top_wrapper_fifo_w45_d2_S
top_wrapper_fifo_w45_d2_S
top_wrapper_fifo_w45_d2_S
top_wrapper_fifo_w32_d2_S
top_wrapper_fifo_w32_d2_S
top_wrapper_fifo_w32_d2_S
top_wrapper_fifo_w32_d2_S
top_wrapper_fifo_w32_d2_S
top_wrapper_fifo_w32_d2_S
top_wrapper_fifo_w32_d2_S
top_wrapper_fifo_w32_d2_S
top_wrapper_fifo_w32_d2_S
top_wrapper_fifo_w32_d2_S
top_wrapper_fifo_w32_d2_S
top_wrapper_fifo_w32_d2_S
top_wrapper_fifo_w32_d2_S
top_wrapper_fifo_w32_d2_S
top_wrapper_fifo_w32_d2_S
top_wrapper_fifo_w32_d2_S
top_wrapper_fifo_w32_d2_S
top_wrapper_fifo_w32_d2_S
top_wrapper_fifo_w32_d2_S
top_wrapper_fifo_w32_d2_S
top_wrapper_fifo_w32_d2_S
top_wrapper_fifo_w32_d2_S
top_wrapper_fifo_w32_d2_S
top_wrapper_fifo_w32_d2_S
top_wrapper_fifo_w32_d2_S
top_wrapper_fifo_w32_d2_S
top_wrapper_fifo_w32_d2_S
top_wrapper_fifo_w32_d2_S
top_wrapper_fifo_w32_d2_S
top_wrapper_fifo_w32_d2_S
top_wrapper_fifo_w32_d2_S
top_wrapper_fifo_w32_d2_S
top_wrapper_fifo_w32_d2_S
top_wrapper_fifo_w32_d2_S
top_wrapper_fifo_w32_d2_S
top_wrapper_fifo_w32_d2_S
top_wrapper_fifo_w32_d2_S
top_wrapper_fifo_w32_d2_S
top_wrapper_fifo_w32_d2_S
top_wrapper_fifo_w32_d2_S
top_wrapper_fifo_w32_d2_S
top_wrapper_fifo_w32_d2_S
top_wrapper_fifo_w32_d2_S
top_wrapper_fifo_w32_d2_S
top_wrapper_fifo_w32_d2_S
top_wrapper_fifo_w32_d2_S
top_wrapper_fifo_w32_d2_S
top_wrapper_fifo_w32_d2_S
top_wrapper_fifo_w32_d2_S
top_wrapper_fifo_w32_d2_S
top_wrapper_fifo_w32_d2_S
top_wrapper_fifo_w32_d2_S
top_wrapper_fifo_w32_d2_S
top_wrapper_fifo_w32_d2_S
top_wrapper_fifo_w32_d2_S
top_wrapper_fifo_w32_d2_S
top_wrapper_fifo_w32_d2_S
top_wrapper_fifo_w32_d2_S
top_wrapper_fifo_w32_d2_S
top_wrapper_fifo_w32_d2_S
top_wrapper_fifo_w32_d2_S
top_wrapper_fifo_w32_d2_S
top_wrapper_fifo_w32_d2_S
top_wrapper_fifo_w32_d2_S
top_wrapper_fifo_w32_d2_S
top_wrapper_fifo_w32_d2_S
top_wrapper_fifo_w32_d2_S
top_wrapper_fifo_w32_d2_S
top_wrapper_fifo_w32_d2_S
top_wrapper_fifo_w32_d2_S
top_wrapper_fifo_w32_d2_S
top_wrapper_fifo_w32_d2_S
top_wrapper_fifo_w32_d2_S
top_wrapper_fifo_w32_d2_S
top_wrapper_fifo_w32_d2_S
top_wrapper_fifo_w32_d2_S
top_wrapper_fifo_w32_d2_S
top_wrapper_fifo_w32_d2_S
top_wrapper_fifo_w32_d2_S
top_wrapper_fifo_w32_d2_S
top_wrapper_fifo_w32_d2_S
top_wrapper_fifo_w32_d2_S
top_wrapper_fifo_w32_d2_S
top_wrapper_fifo_w32_d2_S
top_wrapper_fifo_w32_d2_S
top_wrapper_fifo_w32_d2_S
top_wrapper_fifo_w32_d2_S
top_wrapper_fifo_w32_d2_S
top_wrapper_fifo_w32_d2_S
top_wrapper_fifo_w32_d2_S
top_wrapper_fifo_w32_d2_S
top_wrapper_fifo_w32_d2_S
top_wrapper_fifo_w32_d2_S
top_wrapper_fifo_w32_d2_S
top_wrapper_fifo_w32_d2_S
top_wrapper_fifo_w32_d2_S
top_wrapper_fifo_w32_d2_S
top_wrapper_fifo_w32_d2_S
top_wrapper_fifo_w32_d2_S
top_wrapper_fifo_w32_d2_S
top_wrapper_fifo_w32_d2_S
top_wrapper_fifo_w32_d2_S
top_wrapper_fifo_w32_d2_S
top_wrapper_fifo_w32_d2_S
top_wrapper_fifo_w32_d2_S
top_wrapper_fifo_w32_d2_S
top_wrapper_fifo_w32_d2_S
top_wrapper_fifo_w32_d2_S
top_wrapper_fifo_w32_d2_S
top_wrapper_fifo_w32_d2_S
top_wrapper_fifo_w32_d2_S
top_wrapper_fifo_w32_d2_S
top_wrapper_fifo_w32_d2_S
top_wrapper_fifo_w32_d2_S
top_wrapper_fifo_w32_d2_S
top_wrapper_fifo_w32_d2_S
top_wrapper_fifo_w32_d2_S
top_wrapper_fifo_w32_d2_S
top_wrapper_fifo_w32_d2_S
top_wrapper_fifo_w32_d2_S
top_wrapper_fifo_w32_d2_S
top_wrapper_fifo_w32_d2_S
top_wrapper_fifo_w32_d2_S
top_wrapper_fifo_w32_d2_S
top_wrapper_fifo_w32_d2_S
top_wrapper_fifo_w32_d2_S
top_wrapper_fifo_w32_d2_S
top_wrapper_fifo_w32_d2_S
top_wrapper_fifo_w32_d2_S
top_wrapper_fifo_w32_d2_S
top_wrapper_fifo_w32_d2_S
top_wrapper_fifo_w32_d2_S
top_wrapper_fifo_w32_d2_S
top_wrapper_fifo_w32_d2_S
top_wrapper_fifo_w32_d2_S
top_wrapper_fifo_w32_d2_S
top_wrapper_fifo_w32_d2_S
top_wrapper_fifo_w32_d2_S
top_wrapper_fifo_w32_d2_S
top_wrapper_fifo_w32_d2_S
top_wrapper_fifo_w32_d2_S
top_wrapper_fifo_w32_d2_S
top_wrapper_fifo_w32_d2_S
top_wrapper_fifo_w32_d2_S
top_wrapper_fifo_w32_d2_S
top_wrapper_fifo_w32_d2_S
top_wrapper_fifo_w32_d2_S
top_wrapper_fifo_w32_d2_S
top_wrapper_fifo_w32_d2_S
top_wrapper_fifo_w32_d2_S
top_wrapper_fifo_w32_d2_S
top_wrapper_fifo_w32_d2_S
top_wrapper_fifo_w32_d2_S
top_wrapper_fifo_w32_d2_S
top_wrapper_fifo_w32_d2_S
top_wrapper_fifo_w32_d2_S
top_wrapper_fifo_w32_d2_S
top_wrapper_fifo_w32_d2_S
top_wrapper_fifo_w32_d2_S
top_wrapper_fifo_w32_d2_S
top_wrapper_fifo_w32_d2_S
top_wrapper_fifo_w32_d2_S
top_wrapper_fifo_w32_d2_S
top_wrapper_fifo_w32_d2_S
top_wrapper_fifo_w32_d2_S
top_wrapper_fifo_w32_d2_S
top_wrapper_fifo_w32_d2_S
top_wrapper_fifo_w32_d2_S
top_wrapper_fifo_w32_d2_S
top_wrapper_fifo_w32_d2_S
top_wrapper_fifo_w32_d2_S
top_wrapper_fifo_w32_d2_S
top_wrapper_fifo_w32_d2_S
top_wrapper_fifo_w32_d2_S
top_wrapper_fifo_w32_d2_S
top_wrapper_fifo_w32_d2_S
top_wrapper_fifo_w32_d2_S
top_wrapper_fifo_w32_d2_S
top_wrapper_fifo_w32_d2_S
top_wrapper_fifo_w32_d2_S
top_wrapper_fifo_w32_d2_S
top_wrapper_fifo_w32_d2_S
top_wrapper_fifo_w32_d2_S
top_wrapper_fifo_w32_d2_S
top_wrapper_fifo_w32_d2_S
top_wrapper_fifo_w32_d2_S
top_wrapper_fifo_w32_d2_S
top_wrapper_fifo_w32_d2_S
top_wrapper_fifo_w32_d2_S
top_wrapper_fifo_w32_d2_S
top_wrapper_fifo_w32_d2_S
top_wrapper_fifo_w32_d2_S
top_wrapper_fifo_w32_d2_S
top_wrapper_fifo_w32_d2_S
top_wrapper_fifo_w32_d2_S
top_wrapper_fifo_w32_d2_S
top_wrapper_fifo_w32_d2_S
top_wrapper_fifo_w32_d2_S
top_wrapper_fifo_w32_d2_S
top_wrapper_fifo_w32_d2_S
top_wrapper_fifo_w32_d2_S
top_wrapper_fifo_w32_d2_S
top_wrapper_fifo_w32_d2_S
top_wrapper_fifo_w32_d2_S
top_wrapper_fifo_w32_d2_S
top_wrapper_fifo_w32_d2_S
top_wrapper_fifo_w32_d2_S
top_wrapper_fifo_w32_d2_S
top_wrapper_fifo_w32_d2_S
top_wrapper_fifo_w32_d2_S
top_wrapper_fifo_w32_d2_S
top_wrapper_fifo_w32_d2_S
top_wrapper_fifo_w32_d2_S
top_wrapper_fifo_w32_d2_S
top_wrapper_fifo_w32_d2_S
top_wrapper_fifo_w32_d2_S
top_wrapper_fifo_w32_d2_S
top_wrapper_fifo_w32_d2_S
top_wrapper_fifo_w32_d2_S
top_wrapper_fifo_w32_d2_S
top_wrapper_fifo_w32_d2_S
top_wrapper_fifo_w32_d2_S
top_wrapper_fifo_w32_d2_S
top_wrapper_fifo_w32_d2_S
top_wrapper_fifo_w32_d2_S
top_wrapper_fifo_w32_d2_S
top_wrapper_fifo_w32_d2_S
top_wrapper_fifo_w32_d2_S
top_wrapper_fifo_w32_d2_S
top_wrapper_fifo_w32_d2_S
top_wrapper_fifo_w32_d2_S
top_wrapper_fifo_w32_d2_S
top_wrapper_fifo_w32_d2_S
top_wrapper_fifo_w32_d2_S
top_wrapper_fifo_w32_d2_S
top_wrapper_fifo_w32_d2_S
top_wrapper_fifo_w32_d2_S
top_wrapper_fifo_w32_d2_S
top_wrapper_fifo_w32_d2_S
top_wrapper_fifo_w32_d2_S
top_wrapper_fifo_w32_d2_S
top_wrapper_fifo_w32_d2_S
top_wrapper_fifo_w32_d2_S
top_wrapper_fifo_w32_d2_S
top_wrapper_fifo_w32_d2_S
top_wrapper_fifo_w32_d2_S
top_wrapper_fifo_w32_d2_S
top_wrapper_fifo_w32_d2_S
top_wrapper_fifo_w32_d2_S
top_wrapper_fifo_w32_d2_S
top_wrapper_fifo_w32_d2_S
top_wrapper_fifo_w32_d2_S
top_wrapper_fifo_w32_d2_S
top_wrapper_fifo_w32_d2_S
top_wrapper_fifo_w32_d2_S
top_wrapper_fifo_w32_d2_S
top_wrapper_fifo_w32_d2_S
top_wrapper_fifo_w32_d2_S
top_wrapper_fifo_w32_d2_S
top_wrapper_fifo_w32_d2_S
top_wrapper_fifo_w32_d2_S
top_wrapper_fifo_w32_d2_S
top_wrapper_fifo_w32_d2_S
top_wrapper_fifo_w32_d2_S
top_wrapper_fifo_w32_d2_S
top_wrapper_fifo_w32_d2_S
top_wrapper_fifo_w32_d2_S
top_wrapper_fifo_w32_d2_S
top_wrapper_fifo_w32_d2_S
top_wrapper_fifo_w32_d2_S
top_wrapper_fifo_w32_d2_S
top_wrapper_fifo_w32_d2_S
top_wrapper_fifo_w32_d2_S
top_wrapper_fifo_w32_d2_S
top_wrapper_fifo_w32_d2_S
top_wrapper_fifo_w32_d2_S
top_wrapper_fifo_w32_d2_S
top_wrapper_fifo_w32_d2_S
top_wrapper_fifo_w32_d2_S
top_wrapper_fifo_w32_d2_S
top_wrapper_fifo_w32_d2_S
top_wrapper_fifo_w32_d2_S
top_wrapper_fifo_w32_d2_S
top_wrapper_fifo_w32_d2_S
top_wrapper_fifo_w32_d2_S
top_wrapper_fifo_w32_d2_S
top_wrapper_fifo_w32_d2_S
top_wrapper_fifo_w32_d2_S
top_wrapper_fifo_w32_d2_S
top_wrapper_fifo_w32_d2_S
top_wrapper_fifo_w32_d2_S
top_wrapper_fifo_w32_d2_S
top_wrapper_fifo_w32_d2_S
top_wrapper_fifo_w32_d2_S
top_wrapper_fifo_w32_d2_S
top_wrapper_fifo_w32_d2_S
top_wrapper_fifo_w32_d2_S
top_wrapper_fifo_w32_d2_S
top_wrapper_fifo_w32_d2_S
top_wrapper_fifo_w32_d2_S
top_wrapper_fifo_w32_d2_S
top_wrapper_fifo_w32_d2_S
top_wrapper_fifo_w32_d2_S
top_wrapper_fifo_w32_d2_S
top_wrapper_fifo_w32_d2_S
top_wrapper_fifo_w32_d2_S
top_wrapper_fifo_w32_d2_S
top_wrapper_fifo_w32_d2_S
top_wrapper_fifo_w32_d2_S
top_wrapper_fifo_w32_d2_S
top_wrapper_fifo_w32_d2_S
top_wrapper_fifo_w32_d2_S
top_wrapper_fifo_w32_d2_S
top_wrapper_fifo_w32_d2_S
top_wrapper_fifo_w32_d2_S
top_wrapper_fifo_w32_d2_S
top_wrapper_fifo_w32_d2_S
top_wrapper_fifo_w32_d2_S
top_wrapper_fifo_w32_d2_S
top_wrapper_fifo_w32_d2_S
top_wrapper_fifo_w32_d2_S
top_wrapper_fifo_w32_d2_S
top_wrapper_fifo_w32_d2_S
top_wrapper_fifo_w32_d2_S
top_wrapper_fifo_w32_d2_S
top_wrapper_fifo_w32_d2_S
top_wrapper_fifo_w32_d2_S
top_wrapper_fifo_w32_d2_S
top_wrapper_fifo_w32_d2_S
top_wrapper_fifo_w32_d2_S
top_wrapper_fifo_w32_d2_S
top_wrapper_fifo_w32_d2_S
top_wrapper_fifo_w32_d2_S
top_wrapper_fifo_w32_d2_S
top_wrapper_fifo_w32_d2_S
top_wrapper_fifo_w32_d2_S
top_wrapper_fifo_w32_d2_S
top_wrapper_fifo_w32_d2_S
top_wrapper_fifo_w32_d2_S
top_wrapper_fifo_w32_d2_S
top_wrapper_fifo_w32_d2_S
top_wrapper_fifo_w32_d2_S
top_wrapper_fifo_w32_d2_S
top_wrapper_fifo_w32_d2_S
top_wrapper_fifo_w32_d2_S
top_wrapper_fifo_w32_d2_S
top_wrapper_fifo_w32_d2_S
top_wrapper_fifo_w32_d2_S
top_wrapper_fifo_w32_d2_S
top_wrapper_fifo_w32_d2_S
top_wrapper_fifo_w32_d2_S
top_wrapper_fifo_w32_d2_S
top_wrapper_fifo_w32_d2_S
top_wrapper_fifo_w32_d2_S
top_wrapper_fifo_w32_d2_S
top_wrapper_fifo_w32_d2_S
top_wrapper_fifo_w32_d2_S
top_wrapper_fifo_w32_d2_S
top_wrapper_fifo_w32_d2_S
top_wrapper_fifo_w32_d2_S
top_wrapper_fifo_w32_d2_S
top_wrapper_fifo_w32_d2_S
top_wrapper_fifo_w32_d2_S
top_wrapper_fifo_w32_d2_S
top_wrapper_fifo_w32_d2_S
top_wrapper_fifo_w32_d2_S
top_wrapper_fifo_w32_d2_S
top_wrapper_fifo_w32_d2_S
top_wrapper_fifo_w32_d2_S
top_wrapper_fifo_w32_d2_S
top_wrapper_fifo_w32_d2_S
top_wrapper_fifo_w32_d2_S
top_wrapper_fifo_w32_d2_S
top_wrapper_fifo_w32_d2_S
top_wrapper_fifo_w32_d2_S
top_wrapper_fifo_w32_d2_S
top_wrapper_fifo_w32_d2_S
top_wrapper_fifo_w32_d2_S
top_wrapper_fifo_w32_d2_S
top_wrapper_fifo_w32_d2_S
top_wrapper_fifo_w32_d2_S
top_wrapper_fifo_w32_d2_S
top_wrapper_fifo_w32_d2_S
top_wrapper_fifo_w32_d2_S
top_wrapper_fifo_w32_d2_S
top_wrapper_fifo_w32_d2_S
top_wrapper_fifo_w32_d2_S
top_wrapper_fifo_w32_d2_S
top_wrapper_fifo_w32_d2_S
top_wrapper_fifo_w32_d2_S
top_wrapper_fifo_w32_d2_S
top_wrapper_fifo_w32_d2_S
top_wrapper_fifo_w32_d2_S
top_wrapper_fifo_w32_d2_S
top_wrapper_fifo_w32_d2_S
top_wrapper_fifo_w32_d2_S
top_wrapper_fifo_w32_d2_S
top_wrapper_fifo_w32_d2_S
top_wrapper_fifo_w32_d2_S
top_wrapper_fifo_w32_d2_S
top_wrapper_fifo_w32_d2_S
top_wrapper_fifo_w32_d2_S
top_wrapper_fifo_w32_d2_S
top_wrapper_fifo_w32_d2_S
top_wrapper_fifo_w32_d2_S
top_wrapper_fifo_w32_d2_S
top_wrapper_fifo_w32_d2_S
top_wrapper_fifo_w32_d2_S
top_wrapper_fifo_w32_d2_S
top_wrapper_fifo_w32_d2_S
top_wrapper_fifo_w32_d2_S
top_wrapper_fifo_w32_d2_S
top_wrapper_fifo_w32_d2_S
top_wrapper_fifo_w32_d2_S
top_wrapper_fifo_w32_d2_S
top_wrapper_fifo_w32_d2_S
top_wrapper_fifo_w32_d2_S
top_wrapper_fifo_w32_d2_S
top_wrapper_fifo_w32_d2_S
top_wrapper_fifo_w32_d2_S
top_wrapper_fifo_w32_d2_S
top_wrapper_fifo_w32_d2_S
top_wrapper_fifo_w32_d2_S
top_wrapper_fifo_w32_d2_S
top_wrapper_fifo_w32_d2_S
top_wrapper_fifo_w32_d2_S
top_wrapper_fifo_w32_d2_S
top_wrapper_fifo_w32_d2_S
top_wrapper_fifo_w32_d2_S
top_wrapper_fifo_w32_d2_S
top_wrapper_fifo_w32_d2_S
top_wrapper_fifo_w32_d2_S
top_wrapper_fifo_w32_d2_S
top_wrapper_fifo_w32_d2_S
top_wrapper_fifo_w32_d2_S
top_wrapper_fifo_w32_d2_S
top_wrapper_fifo_w32_d2_S
top_wrapper_fifo_w32_d2_S
top_wrapper_fifo_w32_d2_S
top_wrapper_fifo_w32_d2_S
top_wrapper_fifo_w32_d2_S
top_wrapper_fifo_w32_d2_S
top_wrapper_fifo_w32_d2_S
top_wrapper_fifo_w32_d2_S
top_wrapper_fifo_w32_d2_S
top_wrapper_fifo_w32_d2_S
top_wrapper_fifo_w32_d2_S
top_wrapper_fifo_w32_d2_S
top_wrapper_fifo_w32_d2_S
top_wrapper_fifo_w32_d2_S
top_wrapper_gmem2_m_axi
top_wrapper_gmem1_m_axi
top_wrapper_control_s_axi
top_wrapper_control_r_s_axi
top_wrapper_gmem3_s_axi
entry_proc
dataflow_in_loop_VITIS_LOOP_92_1_1_Loop_VITIS_LOOP_99_2_proc
load_input_Pipeline_load_input_loop_VITIS_LOOP_9_1
load_input
conv_Pipeline_VITIS_LOOP_41_1_VITIS_LOOP_42_2_VITIS_LOOP_43_3
conv_2_13_13_3_3_2_11_11_1_1_5_1_5_5_2_3_Pipeline_L5_L4_L3
conv_2_13_13_3_3_2_11_11_1_1_5_1_5_5_2_3_s
out_conv2mem_Pipeline_VITIS_LOOP_41_4
out_conv2mem_2_13_13_3_3_2_11_11_1_162_1_1_5_5_2_3_s
dataflow_in_loop_VITIS_LOOP_92_1_1
top_wrapper
' expOnly='0'
Execute         source /home/lorenzor/workspace/convolution/convolution/solution_0/.autopilot/db/global.setting.tcl 
Execute         ap_part_info -name xck26-sfvc784-2LV-c -data names -quiet 
Execute         ap_part_info -name xck26-sfvc784-2LV-c -data info -quiet 
Execute         source /home/lorenzor/workspace/convolution/convolution/solution_0/.autopilot/db/global.setting.tcl 
Execute         source /home/lorenzor/workspace/convolution/convolution/solution_0/.autopilot/db/global.setting.tcl 
Execute         source /home/lorenzor/workspace/convolution/convolution/solution_0/.autopilot/db/entry_proc.compgen.tcl 
Execute         source /home/lorenzor/workspace/convolution/convolution/solution_0/.autopilot/db/dataflow_in_loop_VITIS_LOOP_92_1_1_Loop_VITIS_LOOP_99_2_proc.compgen.tcl 
Execute         source /home/lorenzor/workspace/convolution/convolution/solution_0/.autopilot/db/load_input_Pipeline_load_input_loop_VITIS_LOOP_9_1.compgen.tcl 
Execute         source /home/lorenzor/workspace/convolution/convolution/solution_0/.autopilot/db/load_input.compgen.tcl 
Execute         source /home/lorenzor/workspace/convolution/convolution/solution_0/.autopilot/db/conv_Pipeline_VITIS_LOOP_41_1_VITIS_LOOP_42_2_VITIS_LOOP_43_3.compgen.tcl 
Execute         source /home/lorenzor/workspace/convolution/convolution/solution_0/.autopilot/db/conv_2_13_13_3_3_2_11_11_1_1_5_1_5_5_2_3_Pipeline_L5_L4_L3.compgen.tcl 
Execute         source /home/lorenzor/workspace/convolution/convolution/solution_0/.autopilot/db/conv_2_13_13_3_3_2_11_11_1_1_5_1_5_5_2_3_s.compgen.tcl 
Execute         source /home/lorenzor/workspace/convolution/convolution/solution_0/.autopilot/db/out_conv2mem_Pipeline_VITIS_LOOP_41_4.compgen.tcl 
Execute         source /home/lorenzor/workspace/convolution/convolution/solution_0/.autopilot/db/out_conv2mem_2_13_13_3_3_2_11_11_1_162_1_1_5_5_2_3_s.compgen.tcl 
Execute         source /home/lorenzor/workspace/convolution/convolution/solution_0/.autopilot/db/dataflow_in_loop_VITIS_LOOP_92_1_1.compgen.tcl 
Execute         source /home/lorenzor/workspace/convolution/convolution/solution_0/.autopilot/db/top_wrapper.compgen.tcl 
Execute           source ./control.slave.tcl 
Execute           source ./control.slave.tcl 
Execute           source ./control_r.slave.tcl 
Execute           source ./control.slave.tcl 
Execute           source ./control_r.slave.tcl 
Execute           source ./gmem3.slave.tcl 
INFO: [HLS 200-111] Finished Generating all RTL models: CPU user time: 1.02 seconds. CPU system time: 0.15 seconds. Elapsed time: 1.17 seconds; current allocated memory: 2.381 GB.
INFO-FLOW: DBG:PROC: ::HLSREPORTS::create_csynth_xml bind_info_var='bind_info' RtlSubPrefix='top_wrapper_' outfile=''
INFO-FLOW: Running: create_csynth_xml read xml data
INFO-FLOW: Done: create_csynth_xml read xml data time: 0 seconds per iteration
INFO-FLOW: Running: create_csynth_xml bind info
INFO-FLOW: No bind nodes found for module_name entry_proc
INFO-FLOW: No bind nodes found for module_name top_wrapper
INFO-FLOW: Done: create_csynth_xml bind info time: 0.1 seconds per iteration
INFO-FLOW: Running: create_csynth_xml config info
INFO-FLOW: Done: create_csynth_xml config info time: 0.1 seconds per iteration
INFO-FLOW: Running: create_csynth_xml write xml
INFO-FLOW: Done: create_csynth_xml write xml time: 0 seconds per iteration
INFO-FLOW: DBG:PUTS:      create_csynth_xml wrote csynth_xml=/home/lorenzor/workspace/convolution/convolution/solution_0/syn/report/csynth.xml
INFO-FLOW: DBG:PROC: ::AP::DESIGN_DATA::generate_json generate_bd_files='0' generate_xo_files='0' modelList='top_wrapper_flow_control_loop_pipe
top_wrapper_urem_12ns_7ns_12_16_1
top_wrapper_mul_15ns_17ns_31_1_1
top_wrapper_urem_6ns_5ns_6_10_1
top_wrapper_mac_muladd_9ns_4ns_9ns_12_4_1
top_wrapper_mac_muladd_6ns_6ns_7s_12_4_1
top_wrapper_flow_control_loop_pipe_sequential_init
top_wrapper_mul_3ns_13ns_14_1_1
top_wrapper_flow_control_loop_pipe_sequential_init
top_wrapper_mul_45s_8s_45_2_1
top_wrapper_mul_4ns_6ns_9_1_1
top_wrapper_urem_6ns_5ns_4_10_1
top_wrapper_urem_4ns_4ns_4_8_1
top_wrapper_urem_4ns_3ns_4_8_1
top_wrapper_sparsemux_77_6_45_1_1
top_wrapper_sparsemux_19_4_45_1_1
top_wrapper_sparsemux_81_6_45_1_1
top_wrapper_sparsemux_97_6_45_1_1
top_wrapper_sparsemux_101_6_45_1_1
top_wrapper_flow_control_loop_pipe_sequential_init
top_wrapper_sparsemux_51_5_32_1_1
top_wrapper_flow_control_loop_pipe_sequential_init
top_wrapper_mul_3ns_12ns_13_1_1
top_wrapper_sparsemux_19_5_32_1_1
top_wrapper_fifo_w64_d4_S
top_wrapper_fifo_w8_d100_S
top_wrapper_fifo_w3_d3_S
top_wrapper_fifo_w45_d2_S
top_wrapper_fifo_w45_d2_S
top_wrapper_fifo_w45_d2_S
top_wrapper_fifo_w45_d2_S
top_wrapper_fifo_w45_d2_S
top_wrapper_fifo_w45_d2_S
top_wrapper_fifo_w45_d2_S
top_wrapper_fifo_w45_d2_S
top_wrapper_fifo_w45_d2_S
top_wrapper_fifo_w45_d2_S
top_wrapper_fifo_w45_d2_S
top_wrapper_fifo_w45_d2_S
top_wrapper_fifo_w45_d2_S
top_wrapper_fifo_w45_d2_S
top_wrapper_fifo_w45_d2_S
top_wrapper_fifo_w45_d2_S
top_wrapper_fifo_w45_d2_S
top_wrapper_fifo_w45_d2_S
top_wrapper_fifo_w45_d2_S
top_wrapper_fifo_w45_d2_S
top_wrapper_fifo_w45_d2_S
top_wrapper_fifo_w45_d2_S
top_wrapper_fifo_w45_d2_S
top_wrapper_fifo_w45_d2_S
top_wrapper_fifo_w45_d2_S
top_wrapper_fifo_w45_d2_S
top_wrapper_fifo_w45_d2_S
top_wrapper_fifo_w45_d2_S
top_wrapper_fifo_w45_d2_S
top_wrapper_fifo_w45_d2_S
top_wrapper_fifo_w45_d2_S
top_wrapper_fifo_w45_d2_S
top_wrapper_fifo_w45_d2_S
top_wrapper_fifo_w45_d2_S
top_wrapper_fifo_w45_d2_S
top_wrapper_fifo_w45_d2_S
top_wrapper_fifo_w45_d2_S
top_wrapper_fifo_w45_d2_S
top_wrapper_fifo_w45_d2_S
top_wrapper_fifo_w45_d2_S
top_wrapper_fifo_w45_d2_S
top_wrapper_fifo_w45_d2_S
top_wrapper_fifo_w45_d2_S
top_wrapper_fifo_w45_d2_S
top_wrapper_fifo_w45_d2_S
top_wrapper_fifo_w45_d2_S
top_wrapper_fifo_w45_d2_S
top_wrapper_fifo_w45_d2_S
top_wrapper_fifo_w45_d2_S
top_wrapper_fifo_w45_d2_S
top_wrapper_fifo_w45_d2_S
top_wrapper_fifo_w45_d2_S
top_wrapper_fifo_w45_d2_S
top_wrapper_fifo_w45_d2_S
top_wrapper_fifo_w45_d2_S
top_wrapper_fifo_w45_d2_S
top_wrapper_fifo_w45_d2_S
top_wrapper_fifo_w45_d2_S
top_wrapper_fifo_w45_d2_S
top_wrapper_fifo_w45_d2_S
top_wrapper_fifo_w45_d2_S
top_wrapper_fifo_w45_d2_S
top_wrapper_fifo_w45_d2_S
top_wrapper_fifo_w45_d2_S
top_wrapper_fifo_w45_d2_S
top_wrapper_fifo_w45_d2_S
top_wrapper_fifo_w45_d2_S
top_wrapper_fifo_w45_d2_S
top_wrapper_fifo_w45_d2_S
top_wrapper_fifo_w45_d2_S
top_wrapper_fifo_w45_d2_S
top_wrapper_fifo_w45_d2_S
top_wrapper_fifo_w45_d2_S
top_wrapper_fifo_w45_d2_S
top_wrapper_fifo_w45_d2_S
top_wrapper_fifo_w45_d2_S
top_wrapper_fifo_w45_d2_S
top_wrapper_fifo_w45_d2_S
top_wrapper_fifo_w45_d2_S
top_wrapper_fifo_w45_d2_S
top_wrapper_fifo_w45_d2_S
top_wrapper_fifo_w45_d2_S
top_wrapper_fifo_w45_d2_S
top_wrapper_fifo_w45_d2_S
top_wrapper_fifo_w45_d2_S
top_wrapper_fifo_w45_d2_S
top_wrapper_fifo_w45_d2_S
top_wrapper_fifo_w45_d2_S
top_wrapper_fifo_w45_d2_S
top_wrapper_fifo_w45_d2_S
top_wrapper_fifo_w45_d2_S
top_wrapper_fifo_w45_d2_S
top_wrapper_fifo_w45_d2_S
top_wrapper_fifo_w45_d2_S
top_wrapper_fifo_w45_d2_S
top_wrapper_fifo_w45_d2_S
top_wrapper_fifo_w45_d2_S
top_wrapper_fifo_w45_d2_S
top_wrapper_fifo_w45_d2_S
top_wrapper_fifo_w45_d2_S
top_wrapper_fifo_w45_d2_S
top_wrapper_fifo_w45_d2_S
top_wrapper_fifo_w45_d2_S
top_wrapper_fifo_w45_d2_S
top_wrapper_fifo_w45_d2_S
top_wrapper_fifo_w45_d2_S
top_wrapper_fifo_w45_d2_S
top_wrapper_fifo_w45_d2_S
top_wrapper_fifo_w45_d2_S
top_wrapper_fifo_w45_d2_S
top_wrapper_fifo_w45_d2_S
top_wrapper_fifo_w45_d2_S
top_wrapper_fifo_w45_d2_S
top_wrapper_fifo_w45_d2_S
top_wrapper_fifo_w45_d2_S
top_wrapper_fifo_w45_d2_S
top_wrapper_fifo_w45_d2_S
top_wrapper_fifo_w45_d2_S
top_wrapper_fifo_w45_d2_S
top_wrapper_fifo_w45_d2_S
top_wrapper_fifo_w45_d2_S
top_wrapper_fifo_w45_d2_S
top_wrapper_fifo_w45_d2_S
top_wrapper_fifo_w45_d2_S
top_wrapper_fifo_w45_d2_S
top_wrapper_fifo_w45_d2_S
top_wrapper_fifo_w45_d2_S
top_wrapper_fifo_w45_d2_S
top_wrapper_fifo_w45_d2_S
top_wrapper_fifo_w45_d2_S
top_wrapper_fifo_w45_d2_S
top_wrapper_fifo_w45_d2_S
top_wrapper_fifo_w45_d2_S
top_wrapper_fifo_w45_d2_S
top_wrapper_fifo_w45_d2_S
top_wrapper_fifo_w45_d2_S
top_wrapper_fifo_w45_d2_S
top_wrapper_fifo_w45_d2_S
top_wrapper_fifo_w45_d2_S
top_wrapper_fifo_w45_d2_S
top_wrapper_fifo_w45_d2_S
top_wrapper_fifo_w45_d2_S
top_wrapper_fifo_w45_d2_S
top_wrapper_fifo_w45_d2_S
top_wrapper_fifo_w45_d2_S
top_wrapper_fifo_w45_d2_S
top_wrapper_fifo_w45_d2_S
top_wrapper_fifo_w45_d2_S
top_wrapper_fifo_w45_d2_S
top_wrapper_fifo_w45_d2_S
top_wrapper_fifo_w45_d2_S
top_wrapper_fifo_w45_d2_S
top_wrapper_fifo_w45_d2_S
top_wrapper_fifo_w45_d2_S
top_wrapper_fifo_w45_d2_S
top_wrapper_fifo_w45_d2_S
top_wrapper_fifo_w45_d2_S
top_wrapper_fifo_w45_d2_S
top_wrapper_fifo_w45_d2_S
top_wrapper_fifo_w45_d2_S
top_wrapper_fifo_w45_d2_S
top_wrapper_fifo_w45_d2_S
top_wrapper_fifo_w45_d2_S
top_wrapper_fifo_w45_d2_S
top_wrapper_fifo_w45_d2_S
top_wrapper_fifo_w45_d2_S
top_wrapper_fifo_w45_d2_S
top_wrapper_fifo_w45_d2_S
top_wrapper_fifo_w45_d2_S
top_wrapper_fifo_w45_d2_S
top_wrapper_fifo_w45_d2_S
top_wrapper_fifo_w45_d2_S
top_wrapper_fifo_w45_d2_S
top_wrapper_fifo_w45_d2_S
top_wrapper_fifo_w45_d2_S
top_wrapper_fifo_w45_d2_S
top_wrapper_fifo_w45_d2_S
top_wrapper_fifo_w45_d2_S
top_wrapper_fifo_w45_d2_S
top_wrapper_fifo_w45_d2_S
top_wrapper_fifo_w45_d2_S
top_wrapper_fifo_w45_d2_S
top_wrapper_fifo_w45_d2_S
top_wrapper_fifo_w45_d2_S
top_wrapper_fifo_w45_d2_S
top_wrapper_fifo_w45_d2_S
top_wrapper_fifo_w45_d2_S
top_wrapper_fifo_w45_d2_S
top_wrapper_fifo_w45_d2_S
top_wrapper_fifo_w45_d2_S
top_wrapper_fifo_w45_d2_S
top_wrapper_fifo_w45_d2_S
top_wrapper_fifo_w45_d2_S
top_wrapper_fifo_w45_d2_S
top_wrapper_fifo_w45_d2_S
top_wrapper_fifo_w45_d2_S
top_wrapper_fifo_w45_d2_S
top_wrapper_fifo_w45_d2_S
top_wrapper_fifo_w45_d2_S
top_wrapper_fifo_w45_d2_S
top_wrapper_fifo_w45_d2_S
top_wrapper_fifo_w45_d2_S
top_wrapper_fifo_w45_d2_S
top_wrapper_fifo_w45_d2_S
top_wrapper_fifo_w45_d2_S
top_wrapper_fifo_w45_d2_S
top_wrapper_fifo_w45_d2_S
top_wrapper_fifo_w45_d2_S
top_wrapper_fifo_w45_d2_S
top_wrapper_fifo_w45_d2_S
top_wrapper_fifo_w45_d2_S
top_wrapper_fifo_w45_d2_S
top_wrapper_fifo_w45_d2_S
top_wrapper_fifo_w45_d2_S
top_wrapper_fifo_w45_d2_S
top_wrapper_fifo_w45_d2_S
top_wrapper_fifo_w45_d2_S
top_wrapper_fifo_w45_d2_S
top_wrapper_fifo_w45_d2_S
top_wrapper_fifo_w45_d2_S
top_wrapper_fifo_w45_d2_S
top_wrapper_fifo_w45_d2_S
top_wrapper_fifo_w45_d2_S
top_wrapper_fifo_w45_d2_S
top_wrapper_fifo_w45_d2_S
top_wrapper_fifo_w45_d2_S
top_wrapper_fifo_w45_d2_S
top_wrapper_fifo_w45_d2_S
top_wrapper_fifo_w45_d2_S
top_wrapper_fifo_w45_d2_S
top_wrapper_fifo_w45_d2_S
top_wrapper_fifo_w45_d2_S
top_wrapper_fifo_w45_d2_S
top_wrapper_fifo_w45_d2_S
top_wrapper_fifo_w45_d2_S
top_wrapper_fifo_w45_d2_S
top_wrapper_fifo_w45_d2_S
top_wrapper_fifo_w45_d2_S
top_wrapper_fifo_w45_d2_S
top_wrapper_fifo_w45_d2_S
top_wrapper_fifo_w45_d2_S
top_wrapper_fifo_w45_d2_S
top_wrapper_fifo_w45_d2_S
top_wrapper_fifo_w45_d2_S
top_wrapper_fifo_w45_d2_S
top_wrapper_fifo_w45_d2_S
top_wrapper_fifo_w45_d2_S
top_wrapper_fifo_w45_d2_S
top_wrapper_fifo_w45_d2_S
top_wrapper_fifo_w45_d2_S
top_wrapper_fifo_w45_d2_S
top_wrapper_fifo_w45_d2_S
top_wrapper_fifo_w45_d2_S
top_wrapper_fifo_w45_d2_S
top_wrapper_fifo_w45_d2_S
top_wrapper_fifo_w45_d2_S
top_wrapper_fifo_w45_d2_S
top_wrapper_fifo_w45_d2_S
top_wrapper_fifo_w45_d2_S
top_wrapper_fifo_w45_d2_S
top_wrapper_fifo_w45_d2_S
top_wrapper_fifo_w45_d2_S
top_wrapper_fifo_w45_d2_S
top_wrapper_fifo_w45_d2_S
top_wrapper_fifo_w45_d2_S
top_wrapper_fifo_w45_d2_S
top_wrapper_fifo_w45_d2_S
top_wrapper_fifo_w45_d2_S
top_wrapper_fifo_w45_d2_S
top_wrapper_fifo_w45_d2_S
top_wrapper_fifo_w45_d2_S
top_wrapper_fifo_w45_d2_S
top_wrapper_fifo_w45_d2_S
top_wrapper_fifo_w45_d2_S
top_wrapper_fifo_w45_d2_S
top_wrapper_fifo_w45_d2_S
top_wrapper_fifo_w45_d2_S
top_wrapper_fifo_w45_d2_S
top_wrapper_fifo_w45_d2_S
top_wrapper_fifo_w45_d2_S
top_wrapper_fifo_w45_d2_S
top_wrapper_fifo_w45_d2_S
top_wrapper_fifo_w45_d2_S
top_wrapper_fifo_w45_d2_S
top_wrapper_fifo_w45_d2_S
top_wrapper_fifo_w45_d2_S
top_wrapper_fifo_w45_d2_S
top_wrapper_fifo_w45_d2_S
top_wrapper_fifo_w45_d2_S
top_wrapper_fifo_w45_d2_S
top_wrapper_fifo_w45_d2_S
top_wrapper_fifo_w45_d2_S
top_wrapper_fifo_w45_d2_S
top_wrapper_fifo_w45_d2_S
top_wrapper_fifo_w45_d2_S
top_wrapper_fifo_w45_d2_S
top_wrapper_fifo_w45_d2_S
top_wrapper_fifo_w45_d2_S
top_wrapper_fifo_w45_d2_S
top_wrapper_fifo_w45_d2_S
top_wrapper_fifo_w45_d2_S
top_wrapper_fifo_w45_d2_S
top_wrapper_fifo_w45_d2_S
top_wrapper_fifo_w45_d2_S
top_wrapper_fifo_w45_d2_S
top_wrapper_fifo_w45_d2_S
top_wrapper_fifo_w45_d2_S
top_wrapper_fifo_w45_d2_S
top_wrapper_fifo_w45_d2_S
top_wrapper_fifo_w45_d2_S
top_wrapper_fifo_w45_d2_S
top_wrapper_fifo_w45_d2_S
top_wrapper_fifo_w45_d2_S
top_wrapper_fifo_w45_d2_S
top_wrapper_fifo_w45_d2_S
top_wrapper_fifo_w45_d2_S
top_wrapper_fifo_w45_d2_S
top_wrapper_fifo_w45_d2_S
top_wrapper_fifo_w45_d2_S
top_wrapper_fifo_w45_d2_S
top_wrapper_fifo_w45_d2_S
top_wrapper_fifo_w45_d2_S
top_wrapper_fifo_w45_d2_S
top_wrapper_fifo_w45_d2_S
top_wrapper_fifo_w45_d2_S
top_wrapper_fifo_w45_d2_S
top_wrapper_fifo_w45_d2_S
top_wrapper_fifo_w45_d2_S
top_wrapper_fifo_w45_d2_S
top_wrapper_fifo_w45_d2_S
top_wrapper_fifo_w45_d2_S
top_wrapper_fifo_w45_d2_S
top_wrapper_fifo_w45_d2_S
top_wrapper_fifo_w45_d2_S
top_wrapper_fifo_w45_d2_S
top_wrapper_fifo_w45_d2_S
top_wrapper_fifo_w45_d2_S
top_wrapper_fifo_w45_d2_S
top_wrapper_fifo_w45_d2_S
top_wrapper_fifo_w45_d2_S
top_wrapper_fifo_w45_d2_S
top_wrapper_fifo_w45_d2_S
top_wrapper_fifo_w45_d2_S
top_wrapper_fifo_w45_d2_S
top_wrapper_fifo_w45_d2_S
top_wrapper_fifo_w45_d2_S
top_wrapper_fifo_w45_d2_S
top_wrapper_fifo_w45_d2_S
top_wrapper_fifo_w45_d2_S
top_wrapper_fifo_w45_d2_S
top_wrapper_fifo_w45_d2_S
top_wrapper_fifo_w45_d2_S
top_wrapper_fifo_w45_d2_S
top_wrapper_fifo_w45_d2_S
top_wrapper_fifo_w45_d2_S
top_wrapper_fifo_w45_d2_S
top_wrapper_fifo_w45_d2_S
top_wrapper_fifo_w45_d2_S
top_wrapper_fifo_w45_d2_S
top_wrapper_fifo_w45_d2_S
top_wrapper_fifo_w45_d2_S
top_wrapper_fifo_w45_d2_S
top_wrapper_fifo_w45_d2_S
top_wrapper_fifo_w45_d2_S
top_wrapper_fifo_w45_d2_S
top_wrapper_fifo_w45_d2_S
top_wrapper_fifo_w45_d2_S
top_wrapper_fifo_w45_d2_S
top_wrapper_fifo_w45_d2_S
top_wrapper_fifo_w45_d2_S
top_wrapper_fifo_w45_d2_S
top_wrapper_fifo_w45_d2_S
top_wrapper_fifo_w45_d2_S
top_wrapper_fifo_w45_d2_S
top_wrapper_fifo_w45_d2_S
top_wrapper_fifo_w45_d2_S
top_wrapper_fifo_w45_d2_S
top_wrapper_fifo_w45_d2_S
top_wrapper_fifo_w45_d2_S
top_wrapper_fifo_w45_d2_S
top_wrapper_fifo_w45_d2_S
top_wrapper_fifo_w45_d2_S
top_wrapper_fifo_w45_d2_S
top_wrapper_fifo_w45_d2_S
top_wrapper_fifo_w45_d2_S
top_wrapper_fifo_w45_d2_S
top_wrapper_fifo_w45_d2_S
top_wrapper_fifo_w45_d2_S
top_wrapper_fifo_w45_d2_S
top_wrapper_fifo_w45_d2_S
top_wrapper_fifo_w45_d2_S
top_wrapper_fifo_w45_d2_S
top_wrapper_fifo_w45_d2_S
top_wrapper_fifo_w45_d2_S
top_wrapper_fifo_w45_d2_S
top_wrapper_fifo_w45_d2_S
top_wrapper_fifo_w45_d2_S
top_wrapper_fifo_w45_d2_S
top_wrapper_fifo_w45_d2_S
top_wrapper_fifo_w45_d2_S
top_wrapper_fifo_w45_d2_S
top_wrapper_fifo_w45_d2_S
top_wrapper_fifo_w45_d2_S
top_wrapper_fifo_w45_d2_S
top_wrapper_fifo_w45_d2_S
top_wrapper_fifo_w45_d2_S
top_wrapper_fifo_w45_d2_S
top_wrapper_fifo_w45_d2_S
top_wrapper_fifo_w45_d2_S
top_wrapper_fifo_w45_d2_S
top_wrapper_fifo_w45_d2_S
top_wrapper_fifo_w45_d2_S
top_wrapper_fifo_w45_d2_S
top_wrapper_fifo_w45_d2_S
top_wrapper_fifo_w45_d2_S
top_wrapper_fifo_w45_d2_S
top_wrapper_fifo_w45_d2_S
top_wrapper_fifo_w45_d2_S
top_wrapper_fifo_w45_d2_S
top_wrapper_fifo_w45_d2_S
top_wrapper_fifo_w45_d2_S
top_wrapper_fifo_w45_d2_S
top_wrapper_fifo_w45_d2_S
top_wrapper_fifo_w45_d2_S
top_wrapper_fifo_w45_d2_S
top_wrapper_fifo_w45_d2_S
top_wrapper_fifo_w45_d2_S
top_wrapper_fifo_w45_d2_S
top_wrapper_fifo_w45_d2_S
top_wrapper_fifo_w45_d2_S
top_wrapper_fifo_w45_d2_S
top_wrapper_fifo_w45_d2_S
top_wrapper_fifo_w45_d2_S
top_wrapper_fifo_w45_d2_S
top_wrapper_fifo_w45_d2_S
top_wrapper_fifo_w45_d2_S
top_wrapper_fifo_w45_d2_S
top_wrapper_fifo_w45_d2_S
top_wrapper_fifo_w45_d2_S
top_wrapper_fifo_w45_d2_S
top_wrapper_fifo_w45_d2_S
top_wrapper_fifo_w45_d2_S
top_wrapper_fifo_w45_d2_S
top_wrapper_fifo_w45_d2_S
top_wrapper_fifo_w45_d2_S
top_wrapper_fifo_w45_d2_S
top_wrapper_fifo_w45_d2_S
top_wrapper_fifo_w45_d2_S
top_wrapper_fifo_w45_d2_S
top_wrapper_fifo_w45_d2_S
top_wrapper_fifo_w32_d2_S
top_wrapper_fifo_w32_d2_S
top_wrapper_fifo_w32_d2_S
top_wrapper_fifo_w32_d2_S
top_wrapper_fifo_w32_d2_S
top_wrapper_fifo_w32_d2_S
top_wrapper_fifo_w32_d2_S
top_wrapper_fifo_w32_d2_S
top_wrapper_fifo_w32_d2_S
top_wrapper_fifo_w32_d2_S
top_wrapper_fifo_w32_d2_S
top_wrapper_fifo_w32_d2_S
top_wrapper_fifo_w32_d2_S
top_wrapper_fifo_w32_d2_S
top_wrapper_fifo_w32_d2_S
top_wrapper_fifo_w32_d2_S
top_wrapper_fifo_w32_d2_S
top_wrapper_fifo_w32_d2_S
top_wrapper_fifo_w32_d2_S
top_wrapper_fifo_w32_d2_S
top_wrapper_fifo_w32_d2_S
top_wrapper_fifo_w32_d2_S
top_wrapper_fifo_w32_d2_S
top_wrapper_fifo_w32_d2_S
top_wrapper_fifo_w32_d2_S
top_wrapper_fifo_w32_d2_S
top_wrapper_fifo_w32_d2_S
top_wrapper_fifo_w32_d2_S
top_wrapper_fifo_w32_d2_S
top_wrapper_fifo_w32_d2_S
top_wrapper_fifo_w32_d2_S
top_wrapper_fifo_w32_d2_S
top_wrapper_fifo_w32_d2_S
top_wrapper_fifo_w32_d2_S
top_wrapper_fifo_w32_d2_S
top_wrapper_fifo_w32_d2_S
top_wrapper_fifo_w32_d2_S
top_wrapper_fifo_w32_d2_S
top_wrapper_fifo_w32_d2_S
top_wrapper_fifo_w32_d2_S
top_wrapper_fifo_w32_d2_S
top_wrapper_fifo_w32_d2_S
top_wrapper_fifo_w32_d2_S
top_wrapper_fifo_w32_d2_S
top_wrapper_fifo_w32_d2_S
top_wrapper_fifo_w32_d2_S
top_wrapper_fifo_w32_d2_S
top_wrapper_fifo_w32_d2_S
top_wrapper_fifo_w32_d2_S
top_wrapper_fifo_w32_d2_S
top_wrapper_fifo_w32_d2_S
top_wrapper_fifo_w32_d2_S
top_wrapper_fifo_w32_d2_S
top_wrapper_fifo_w32_d2_S
top_wrapper_fifo_w32_d2_S
top_wrapper_fifo_w32_d2_S
top_wrapper_fifo_w32_d2_S
top_wrapper_fifo_w32_d2_S
top_wrapper_fifo_w32_d2_S
top_wrapper_fifo_w32_d2_S
top_wrapper_fifo_w32_d2_S
top_wrapper_fifo_w32_d2_S
top_wrapper_fifo_w32_d2_S
top_wrapper_fifo_w32_d2_S
top_wrapper_fifo_w32_d2_S
top_wrapper_fifo_w32_d2_S
top_wrapper_fifo_w32_d2_S
top_wrapper_fifo_w32_d2_S
top_wrapper_fifo_w32_d2_S
top_wrapper_fifo_w32_d2_S
top_wrapper_fifo_w32_d2_S
top_wrapper_fifo_w32_d2_S
top_wrapper_fifo_w32_d2_S
top_wrapper_fifo_w32_d2_S
top_wrapper_fifo_w32_d2_S
top_wrapper_fifo_w32_d2_S
top_wrapper_fifo_w32_d2_S
top_wrapper_fifo_w32_d2_S
top_wrapper_fifo_w32_d2_S
top_wrapper_fifo_w32_d2_S
top_wrapper_fifo_w32_d2_S
top_wrapper_fifo_w32_d2_S
top_wrapper_fifo_w32_d2_S
top_wrapper_fifo_w32_d2_S
top_wrapper_fifo_w32_d2_S
top_wrapper_fifo_w32_d2_S
top_wrapper_fifo_w32_d2_S
top_wrapper_fifo_w32_d2_S
top_wrapper_fifo_w32_d2_S
top_wrapper_fifo_w32_d2_S
top_wrapper_fifo_w32_d2_S
top_wrapper_fifo_w32_d2_S
top_wrapper_fifo_w32_d2_S
top_wrapper_fifo_w32_d2_S
top_wrapper_fifo_w32_d2_S
top_wrapper_fifo_w32_d2_S
top_wrapper_fifo_w32_d2_S
top_wrapper_fifo_w32_d2_S
top_wrapper_fifo_w32_d2_S
top_wrapper_fifo_w32_d2_S
top_wrapper_fifo_w32_d2_S
top_wrapper_fifo_w32_d2_S
top_wrapper_fifo_w32_d2_S
top_wrapper_fifo_w32_d2_S
top_wrapper_fifo_w32_d2_S
top_wrapper_fifo_w32_d2_S
top_wrapper_fifo_w32_d2_S
top_wrapper_fifo_w32_d2_S
top_wrapper_fifo_w32_d2_S
top_wrapper_fifo_w32_d2_S
top_wrapper_fifo_w32_d2_S
top_wrapper_fifo_w32_d2_S
top_wrapper_fifo_w32_d2_S
top_wrapper_fifo_w32_d2_S
top_wrapper_fifo_w32_d2_S
top_wrapper_fifo_w32_d2_S
top_wrapper_fifo_w32_d2_S
top_wrapper_fifo_w32_d2_S
top_wrapper_fifo_w32_d2_S
top_wrapper_fifo_w32_d2_S
top_wrapper_fifo_w32_d2_S
top_wrapper_fifo_w32_d2_S
top_wrapper_fifo_w32_d2_S
top_wrapper_fifo_w32_d2_S
top_wrapper_fifo_w32_d2_S
top_wrapper_fifo_w32_d2_S
top_wrapper_fifo_w32_d2_S
top_wrapper_fifo_w32_d2_S
top_wrapper_fifo_w32_d2_S
top_wrapper_fifo_w32_d2_S
top_wrapper_fifo_w32_d2_S
top_wrapper_fifo_w32_d2_S
top_wrapper_fifo_w32_d2_S
top_wrapper_fifo_w32_d2_S
top_wrapper_fifo_w32_d2_S
top_wrapper_fifo_w32_d2_S
top_wrapper_fifo_w32_d2_S
top_wrapper_fifo_w32_d2_S
top_wrapper_fifo_w32_d2_S
top_wrapper_fifo_w32_d2_S
top_wrapper_fifo_w32_d2_S
top_wrapper_fifo_w32_d2_S
top_wrapper_fifo_w32_d2_S
top_wrapper_fifo_w32_d2_S
top_wrapper_fifo_w32_d2_S
top_wrapper_fifo_w32_d2_S
top_wrapper_fifo_w32_d2_S
top_wrapper_fifo_w32_d2_S
top_wrapper_fifo_w32_d2_S
top_wrapper_fifo_w32_d2_S
top_wrapper_fifo_w32_d2_S
top_wrapper_fifo_w32_d2_S
top_wrapper_fifo_w32_d2_S
top_wrapper_fifo_w32_d2_S
top_wrapper_fifo_w32_d2_S
top_wrapper_fifo_w32_d2_S
top_wrapper_fifo_w32_d2_S
top_wrapper_fifo_w32_d2_S
top_wrapper_fifo_w32_d2_S
top_wrapper_fifo_w32_d2_S
top_wrapper_fifo_w32_d2_S
top_wrapper_fifo_w32_d2_S
top_wrapper_fifo_w32_d2_S
top_wrapper_fifo_w32_d2_S
top_wrapper_fifo_w32_d2_S
top_wrapper_fifo_w32_d2_S
top_wrapper_fifo_w32_d2_S
top_wrapper_fifo_w32_d2_S
top_wrapper_fifo_w32_d2_S
top_wrapper_fifo_w32_d2_S
top_wrapper_fifo_w32_d2_S
top_wrapper_fifo_w32_d2_S
top_wrapper_fifo_w32_d2_S
top_wrapper_fifo_w32_d2_S
top_wrapper_fifo_w32_d2_S
top_wrapper_fifo_w32_d2_S
top_wrapper_fifo_w32_d2_S
top_wrapper_fifo_w32_d2_S
top_wrapper_fifo_w32_d2_S
top_wrapper_fifo_w32_d2_S
top_wrapper_fifo_w32_d2_S
top_wrapper_fifo_w32_d2_S
top_wrapper_fifo_w32_d2_S
top_wrapper_fifo_w32_d2_S
top_wrapper_fifo_w32_d2_S
top_wrapper_fifo_w32_d2_S
top_wrapper_fifo_w32_d2_S
top_wrapper_fifo_w32_d2_S
top_wrapper_fifo_w32_d2_S
top_wrapper_fifo_w32_d2_S
top_wrapper_fifo_w32_d2_S
top_wrapper_fifo_w32_d2_S
top_wrapper_fifo_w32_d2_S
top_wrapper_fifo_w32_d2_S
top_wrapper_fifo_w32_d2_S
top_wrapper_fifo_w32_d2_S
top_wrapper_fifo_w32_d2_S
top_wrapper_fifo_w32_d2_S
top_wrapper_fifo_w32_d2_S
top_wrapper_fifo_w32_d2_S
top_wrapper_fifo_w32_d2_S
top_wrapper_fifo_w32_d2_S
top_wrapper_fifo_w32_d2_S
top_wrapper_fifo_w32_d2_S
top_wrapper_fifo_w32_d2_S
top_wrapper_fifo_w32_d2_S
top_wrapper_fifo_w32_d2_S
top_wrapper_fifo_w32_d2_S
top_wrapper_fifo_w32_d2_S
top_wrapper_fifo_w32_d2_S
top_wrapper_fifo_w32_d2_S
top_wrapper_fifo_w32_d2_S
top_wrapper_fifo_w32_d2_S
top_wrapper_fifo_w32_d2_S
top_wrapper_fifo_w32_d2_S
top_wrapper_fifo_w32_d2_S
top_wrapper_fifo_w32_d2_S
top_wrapper_fifo_w32_d2_S
top_wrapper_fifo_w32_d2_S
top_wrapper_fifo_w32_d2_S
top_wrapper_fifo_w32_d2_S
top_wrapper_fifo_w32_d2_S
top_wrapper_fifo_w32_d2_S
top_wrapper_fifo_w32_d2_S
top_wrapper_fifo_w32_d2_S
top_wrapper_fifo_w32_d2_S
top_wrapper_fifo_w32_d2_S
top_wrapper_fifo_w32_d2_S
top_wrapper_fifo_w32_d2_S
top_wrapper_fifo_w32_d2_S
top_wrapper_fifo_w32_d2_S
top_wrapper_fifo_w32_d2_S
top_wrapper_fifo_w32_d2_S
top_wrapper_fifo_w32_d2_S
top_wrapper_fifo_w32_d2_S
top_wrapper_fifo_w32_d2_S
top_wrapper_fifo_w32_d2_S
top_wrapper_fifo_w32_d2_S
top_wrapper_fifo_w32_d2_S
top_wrapper_fifo_w32_d2_S
top_wrapper_fifo_w32_d2_S
top_wrapper_fifo_w32_d2_S
top_wrapper_fifo_w32_d2_S
top_wrapper_fifo_w32_d2_S
top_wrapper_fifo_w32_d2_S
top_wrapper_fifo_w32_d2_S
top_wrapper_fifo_w32_d2_S
top_wrapper_fifo_w32_d2_S
top_wrapper_fifo_w32_d2_S
top_wrapper_fifo_w32_d2_S
top_wrapper_fifo_w32_d2_S
top_wrapper_fifo_w32_d2_S
top_wrapper_fifo_w32_d2_S
top_wrapper_fifo_w32_d2_S
top_wrapper_fifo_w32_d2_S
top_wrapper_fifo_w32_d2_S
top_wrapper_fifo_w32_d2_S
top_wrapper_fifo_w32_d2_S
top_wrapper_fifo_w32_d2_S
top_wrapper_fifo_w32_d2_S
top_wrapper_fifo_w32_d2_S
top_wrapper_fifo_w32_d2_S
top_wrapper_fifo_w32_d2_S
top_wrapper_fifo_w32_d2_S
top_wrapper_fifo_w32_d2_S
top_wrapper_fifo_w32_d2_S
top_wrapper_fifo_w32_d2_S
top_wrapper_fifo_w32_d2_S
top_wrapper_fifo_w32_d2_S
top_wrapper_fifo_w32_d2_S
top_wrapper_fifo_w32_d2_S
top_wrapper_fifo_w32_d2_S
top_wrapper_fifo_w32_d2_S
top_wrapper_fifo_w32_d2_S
top_wrapper_fifo_w32_d2_S
top_wrapper_fifo_w32_d2_S
top_wrapper_fifo_w32_d2_S
top_wrapper_fifo_w32_d2_S
top_wrapper_fifo_w32_d2_S
top_wrapper_fifo_w32_d2_S
top_wrapper_fifo_w32_d2_S
top_wrapper_fifo_w32_d2_S
top_wrapper_fifo_w32_d2_S
top_wrapper_fifo_w32_d2_S
top_wrapper_fifo_w32_d2_S
top_wrapper_fifo_w32_d2_S
top_wrapper_fifo_w32_d2_S
top_wrapper_fifo_w32_d2_S
top_wrapper_fifo_w32_d2_S
top_wrapper_fifo_w32_d2_S
top_wrapper_fifo_w32_d2_S
top_wrapper_fifo_w32_d2_S
top_wrapper_fifo_w32_d2_S
top_wrapper_fifo_w32_d2_S
top_wrapper_fifo_w32_d2_S
top_wrapper_fifo_w32_d2_S
top_wrapper_fifo_w32_d2_S
top_wrapper_fifo_w32_d2_S
top_wrapper_fifo_w32_d2_S
top_wrapper_fifo_w32_d2_S
top_wrapper_fifo_w32_d2_S
top_wrapper_fifo_w32_d2_S
top_wrapper_fifo_w32_d2_S
top_wrapper_fifo_w32_d2_S
top_wrapper_fifo_w32_d2_S
top_wrapper_fifo_w32_d2_S
top_wrapper_fifo_w32_d2_S
top_wrapper_fifo_w32_d2_S
top_wrapper_fifo_w32_d2_S
top_wrapper_fifo_w32_d2_S
top_wrapper_fifo_w32_d2_S
top_wrapper_fifo_w32_d2_S
top_wrapper_fifo_w32_d2_S
top_wrapper_fifo_w32_d2_S
top_wrapper_fifo_w32_d2_S
top_wrapper_fifo_w32_d2_S
top_wrapper_fifo_w32_d2_S
top_wrapper_fifo_w32_d2_S
top_wrapper_fifo_w32_d2_S
top_wrapper_fifo_w32_d2_S
top_wrapper_fifo_w32_d2_S
top_wrapper_fifo_w32_d2_S
top_wrapper_fifo_w32_d2_S
top_wrapper_fifo_w32_d2_S
top_wrapper_fifo_w32_d2_S
top_wrapper_fifo_w32_d2_S
top_wrapper_fifo_w32_d2_S
top_wrapper_fifo_w32_d2_S
top_wrapper_fifo_w32_d2_S
top_wrapper_fifo_w32_d2_S
top_wrapper_fifo_w32_d2_S
top_wrapper_fifo_w32_d2_S
top_wrapper_fifo_w32_d2_S
top_wrapper_fifo_w32_d2_S
top_wrapper_fifo_w32_d2_S
top_wrapper_fifo_w32_d2_S
top_wrapper_fifo_w32_d2_S
top_wrapper_fifo_w32_d2_S
top_wrapper_fifo_w32_d2_S
top_wrapper_fifo_w32_d2_S
top_wrapper_fifo_w32_d2_S
top_wrapper_fifo_w32_d2_S
top_wrapper_fifo_w32_d2_S
top_wrapper_fifo_w32_d2_S
top_wrapper_fifo_w32_d2_S
top_wrapper_fifo_w32_d2_S
top_wrapper_fifo_w32_d2_S
top_wrapper_fifo_w32_d2_S
top_wrapper_fifo_w32_d2_S
top_wrapper_fifo_w32_d2_S
top_wrapper_fifo_w32_d2_S
top_wrapper_fifo_w32_d2_S
top_wrapper_fifo_w32_d2_S
top_wrapper_fifo_w32_d2_S
top_wrapper_fifo_w32_d2_S
top_wrapper_fifo_w32_d2_S
top_wrapper_fifo_w32_d2_S
top_wrapper_fifo_w32_d2_S
top_wrapper_fifo_w32_d2_S
top_wrapper_fifo_w32_d2_S
top_wrapper_fifo_w32_d2_S
top_wrapper_fifo_w32_d2_S
top_wrapper_fifo_w32_d2_S
top_wrapper_fifo_w32_d2_S
top_wrapper_fifo_w32_d2_S
top_wrapper_fifo_w32_d2_S
top_wrapper_fifo_w32_d2_S
top_wrapper_fifo_w32_d2_S
top_wrapper_fifo_w32_d2_S
top_wrapper_fifo_w32_d2_S
top_wrapper_fifo_w32_d2_S
top_wrapper_fifo_w32_d2_S
top_wrapper_fifo_w32_d2_S
top_wrapper_fifo_w32_d2_S
top_wrapper_fifo_w32_d2_S
top_wrapper_fifo_w32_d2_S
top_wrapper_fifo_w32_d2_S
top_wrapper_fifo_w32_d2_S
top_wrapper_fifo_w32_d2_S
top_wrapper_fifo_w32_d2_S
top_wrapper_fifo_w32_d2_S
top_wrapper_fifo_w32_d2_S
top_wrapper_fifo_w32_d2_S
top_wrapper_fifo_w32_d2_S
top_wrapper_fifo_w32_d2_S
top_wrapper_fifo_w32_d2_S
top_wrapper_fifo_w32_d2_S
top_wrapper_fifo_w32_d2_S
top_wrapper_fifo_w32_d2_S
top_wrapper_fifo_w32_d2_S
top_wrapper_fifo_w32_d2_S
top_wrapper_fifo_w32_d2_S
top_wrapper_fifo_w32_d2_S
top_wrapper_fifo_w32_d2_S
top_wrapper_fifo_w32_d2_S
top_wrapper_fifo_w32_d2_S
top_wrapper_fifo_w32_d2_S
top_wrapper_fifo_w32_d2_S
top_wrapper_fifo_w32_d2_S
top_wrapper_fifo_w32_d2_S
top_wrapper_fifo_w32_d2_S
top_wrapper_fifo_w32_d2_S
top_wrapper_fifo_w32_d2_S
top_wrapper_fifo_w32_d2_S
top_wrapper_fifo_w32_d2_S
top_wrapper_fifo_w32_d2_S
top_wrapper_fifo_w32_d2_S
top_wrapper_fifo_w32_d2_S
top_wrapper_fifo_w32_d2_S
top_wrapper_fifo_w32_d2_S
top_wrapper_fifo_w32_d2_S
top_wrapper_fifo_w32_d2_S
top_wrapper_fifo_w32_d2_S
top_wrapper_fifo_w32_d2_S
top_wrapper_fifo_w32_d2_S
top_wrapper_fifo_w32_d2_S
top_wrapper_fifo_w32_d2_S
top_wrapper_fifo_w32_d2_S
top_wrapper_fifo_w32_d2_S
top_wrapper_fifo_w32_d2_S
top_wrapper_fifo_w32_d2_S
top_wrapper_fifo_w32_d2_S
top_wrapper_fifo_w32_d2_S
top_wrapper_fifo_w32_d2_S
top_wrapper_fifo_w32_d2_S
top_wrapper_fifo_w32_d2_S
top_wrapper_fifo_w32_d2_S
top_wrapper_fifo_w32_d2_S
top_wrapper_fifo_w32_d2_S
top_wrapper_fifo_w32_d2_S
top_wrapper_fifo_w32_d2_S
top_wrapper_fifo_w32_d2_S
top_wrapper_fifo_w32_d2_S
top_wrapper_fifo_w32_d2_S
top_wrapper_fifo_w32_d2_S
top_wrapper_fifo_w32_d2_S
top_wrapper_fifo_w32_d2_S
top_wrapper_fifo_w32_d2_S
top_wrapper_fifo_w32_d2_S
top_wrapper_fifo_w32_d2_S
top_wrapper_fifo_w32_d2_S
top_wrapper_fifo_w32_d2_S
top_wrapper_fifo_w32_d2_S
top_wrapper_fifo_w32_d2_S
top_wrapper_fifo_w32_d2_S
top_wrapper_fifo_w32_d2_S
top_wrapper_fifo_w32_d2_S
top_wrapper_fifo_w32_d2_S
top_wrapper_fifo_w32_d2_S
top_wrapper_fifo_w32_d2_S
top_wrapper_gmem2_m_axi
top_wrapper_gmem1_m_axi
top_wrapper_control_s_axi
top_wrapper_control_r_s_axi
top_wrapper_gmem3_s_axi
entry_proc
dataflow_in_loop_VITIS_LOOP_92_1_1_Loop_VITIS_LOOP_99_2_proc
load_input_Pipeline_load_input_loop_VITIS_LOOP_9_1
load_input
conv_Pipeline_VITIS_LOOP_41_1_VITIS_LOOP_42_2_VITIS_LOOP_43_3
conv_2_13_13_3_3_2_11_11_1_1_5_1_5_5_2_3_Pipeline_L5_L4_L3
conv_2_13_13_3_3_2_11_11_1_1_5_1_5_5_2_3_s
out_conv2mem_Pipeline_VITIS_LOOP_41_4
out_conv2mem_2_13_13_3_3_2_11_11_1_162_1_1_5_5_2_3_s
dataflow_in_loop_VITIS_LOOP_92_1_1
top_wrapper
' rtl_lang='both' bootstrap_tcl='false' outdir='' outfilename=''
Execute         source /home/lorenzor/workspace/convolution/convolution/solution_0/.autopilot/db/global.setting.tcl 
Execute         source /home/lorenzor/workspace/convolution/convolution/solution_0/.autopilot/db/global.setting.tcl 
Execute         source /home/lorenzor/workspace/convolution/convolution/solution_0/.autopilot/db/top-io-be.tcl 
Execute         source /home/lorenzor/workspace/convolution/convolution/solution_0/.autopilot/db/top_wrapper.tbgen.tcl 
Execute         source /home/lorenzor/workspace/convolution/convolution/solution_0/.autopilot/db/top_wrapper.compgen.dataonly.tcl 
Execute         source /home/lorenzor/workspace/convolution/convolution/solution_0/.autopilot/db/top_wrapper.compgen.dataonly.tcl 
Execute         source /home/lorenzor/workspace/convolution/convolution/solution_0/.autopilot/db/top_wrapper.compgen.dataonly.tcl 
Execute         source /home/lorenzor/workspace/convolution/convolution/solution_0/.autopilot/db/top_wrapper.compgen.dataonly.tcl 
Execute         source /home/lorenzor/workspace/convolution/convolution/solution_0/.autopilot/db/top_wrapper.compgen.dataonly.tcl 
Execute         source /home/lorenzor/workspace/convolution/convolution/solution_0/.autopilot/db/top_wrapper.compgen.dataonly.tcl 
Execute         source /home/lorenzor/workspace/convolution/convolution/solution_0/.autopilot/db/top_wrapper.rtl_wrap.cfg.tcl 
Execute         source /home/lorenzor/workspace/convolution/convolution/solution_0/.autopilot/db/top_wrapper.compgen.dataonly.tcl 
Execute         source /home/lorenzor/workspace/convolution/convolution/solution_0/.autopilot/db/entry_proc.tbgen.tcl 
Execute         source /home/lorenzor/workspace/convolution/convolution/solution_0/.autopilot/db/dataflow_in_loop_VITIS_LOOP_92_1_1_Loop_VITIS_LOOP_99_2_proc.tbgen.tcl 
Execute         source /home/lorenzor/workspace/convolution/convolution/solution_0/.autopilot/db/load_input_Pipeline_load_input_loop_VITIS_LOOP_9_1.tbgen.tcl 
Execute         source /home/lorenzor/workspace/convolution/convolution/solution_0/.autopilot/db/load_input.tbgen.tcl 
Execute         source /home/lorenzor/workspace/convolution/convolution/solution_0/.autopilot/db/conv_Pipeline_VITIS_LOOP_41_1_VITIS_LOOP_42_2_VITIS_LOOP_43_3.tbgen.tcl 
Execute         source /home/lorenzor/workspace/convolution/convolution/solution_0/.autopilot/db/conv_2_13_13_3_3_2_11_11_1_1_5_1_5_5_2_3_Pipeline_L5_L4_L3.tbgen.tcl 
Execute         source /home/lorenzor/workspace/convolution/convolution/solution_0/.autopilot/db/conv_2_13_13_3_3_2_11_11_1_1_5_1_5_5_2_3_s.tbgen.tcl 
Execute         source /home/lorenzor/workspace/convolution/convolution/solution_0/.autopilot/db/out_conv2mem_Pipeline_VITIS_LOOP_41_4.tbgen.tcl 
Execute         source /home/lorenzor/workspace/convolution/convolution/solution_0/.autopilot/db/out_conv2mem_2_13_13_3_3_2_11_11_1_162_1_1_5_5_2_3_s.tbgen.tcl 
Execute         source /home/lorenzor/workspace/convolution/convolution/solution_0/.autopilot/db/dataflow_in_loop_VITIS_LOOP_92_1_1.tbgen.tcl 
Execute         source /home/lorenzor/workspace/convolution/convolution/solution_0/.autopilot/db/top_wrapper.tbgen.tcl 
Execute         source /home/lorenzor/workspace/convolution/convolution/solution_0/.autopilot/db/global.setting.tcl 
Execute         ap_part_info -name xck26-sfvc784-2LV-c -data names -quiet 
Execute         ap_part_info -name xck26-sfvc784-2LV-c -data info -quiet 
Execute         source /home/lorenzor/workspace/convolution/convolution/solution_0/.autopilot/db/top_wrapper.constraint.tcl 
Execute         sc_get_clocks top_wrapper 
Execute         source /home/lorenzor/workspace/convolution/convolution/solution_0/.autopilot/db/global.setting.tcl 
INFO-FLOW: DBG:PROC: ::HLSREPORTS::add_csynth_report_sections bind_info_dict='adapter_nodes {{BINDTYPE adapter ID {} IMPL {} LATENCY {} OPTYPE {} PRAGMA {} RTLNAME control_s_axi_U SOURCE {} VARIABLE {} LOOP {} BUNDLEDNAME control DSP 0 BRAM 0 URAM 0 STORAGESUBTYPE s_axilite STORAGESIZE {} STORAGEUSAGE interface DISPNAME {bind_adapter }} {BINDTYPE adapter ID {} IMPL {} LATENCY {} OPTYPE {} PRAGMA {} RTLNAME control_r_s_axi_U SOURCE {} VARIABLE {} LOOP {} BUNDLEDNAME control_r DSP 0 BRAM 0 URAM 0 STORAGESUBTYPE s_axilite STORAGESIZE {} STORAGEUSAGE interface DISPNAME {bind_adapter }} {BINDTYPE adapter ID {} IMPL {} LATENCY {} OPTYPE {} PRAGMA {} RTLNAME gmem3_s_axi_U SOURCE {} VARIABLE {} LOOP {} BUNDLEDNAME gmem3 DSP 0 BRAM 8 URAM 0 STORAGESUBTYPE s_axilite STORAGESIZE {} STORAGEUSAGE interface DISPNAME {bind_adapter }} {BINDTYPE adapter ID {} IMPL {} LATENCY {} OPTYPE {} PRAGMA {} RTLNAME gmem1_m_axi_U SOURCE {} VARIABLE {} LOOP {} BUNDLEDNAME gmem1 DSP 0 BRAM 4 URAM 0 STORAGESUBTYPE m_axi STORAGESIZE {} STORAGEUSAGE interface DISPNAME {bind_adapter }} {BINDTYPE adapter ID {} IMPL {} LATENCY {} OPTYPE {} PRAGMA {} RTLNAME gmem2_m_axi_U SOURCE {} VARIABLE {} LOOP {} BUNDLEDNAME gmem2 DSP 0 BRAM 2 URAM 0 STORAGESUBTYPE m_axi STORAGESIZE {} STORAGEUSAGE interface DISPNAME {bind_adapter }}} cache_nodes {} report_dict {TOPINST top_wrapper MODULE2INSTS {top_wrapper top_wrapper dataflow_in_loop_VITIS_LOOP_92_1_1 dataflow_in_loop_VITIS_LOOP_92_1_1_U0 entry_proc entry_proc_U0 dataflow_in_loop_VITIS_LOOP_92_1_1_Loop_VITIS_LOOP_99_2_proc dataflow_in_loop_VITIS_LOOP_92_1_1_Loop_VITIS_LOOP_99_2_proc_U0 load_input load_input_U0 load_input_Pipeline_load_input_loop_VITIS_LOOP_9_1 grp_load_input_Pipeline_load_input_loop_VITIS_LOOP_9_1_fu_1860 conv_2_13_13_3_3_2_11_11_1_1_5_1_5_5_2_3_s conv_2_13_13_3_3_2_11_11_1_1_5_1_5_5_2_3_U0 conv_Pipeline_VITIS_LOOP_41_1_VITIS_LOOP_42_2_VITIS_LOOP_43_3 grp_conv_Pipeline_VITIS_LOOP_41_1_VITIS_LOOP_42_2_VITIS_LOOP_43_3_fu_5588 conv_2_13_13_3_3_2_11_11_1_1_5_1_5_5_2_3_Pipeline_L5_L4_L3 grp_conv_2_13_13_3_3_2_11_11_1_1_5_1_5_5_2_3_Pipeline_L5_L4_L3_fu_5630 out_conv2mem_2_13_13_3_3_2_11_11_1_162_1_1_5_5_2_3_s out_conv2mem_2_13_13_3_3_2_11_11_1_162_1_1_5_5_2_3_U0 out_conv2mem_Pipeline_VITIS_LOOP_41_4 grp_out_conv2mem_Pipeline_VITIS_LOOP_41_4_fu_3757} INST2MODULE {top_wrapper top_wrapper dataflow_in_loop_VITIS_LOOP_92_1_1_U0 dataflow_in_loop_VITIS_LOOP_92_1_1 entry_proc_U0 entry_proc dataflow_in_loop_VITIS_LOOP_92_1_1_Loop_VITIS_LOOP_99_2_proc_U0 dataflow_in_loop_VITIS_LOOP_92_1_1_Loop_VITIS_LOOP_99_2_proc load_input_U0 load_input grp_load_input_Pipeline_load_input_loop_VITIS_LOOP_9_1_fu_1860 load_input_Pipeline_load_input_loop_VITIS_LOOP_9_1 conv_2_13_13_3_3_2_11_11_1_1_5_1_5_5_2_3_U0 conv_2_13_13_3_3_2_11_11_1_1_5_1_5_5_2_3_s grp_conv_Pipeline_VITIS_LOOP_41_1_VITIS_LOOP_42_2_VITIS_LOOP_43_3_fu_5588 conv_Pipeline_VITIS_LOOP_41_1_VITIS_LOOP_42_2_VITIS_LOOP_43_3 grp_conv_2_13_13_3_3_2_11_11_1_1_5_1_5_5_2_3_Pipeline_L5_L4_L3_fu_5630 conv_2_13_13_3_3_2_11_11_1_1_5_1_5_5_2_3_Pipeline_L5_L4_L3 out_conv2mem_2_13_13_3_3_2_11_11_1_162_1_1_5_5_2_3_U0 out_conv2mem_2_13_13_3_3_2_11_11_1_162_1_1_5_5_2_3_s grp_out_conv2mem_Pipeline_VITIS_LOOP_41_4_fu_3757 out_conv2mem_Pipeline_VITIS_LOOP_41_4} INSTDATA {top_wrapper {DEPTH 1 CHILDREN dataflow_in_loop_VITIS_LOOP_92_1_1_U0} dataflow_in_loop_VITIS_LOOP_92_1_1_U0 {DEPTH 2 CHILDREN {entry_proc_U0 dataflow_in_loop_VITIS_LOOP_92_1_1_Loop_VITIS_LOOP_99_2_proc_U0 load_input_U0 conv_2_13_13_3_3_2_11_11_1_1_5_1_5_5_2_3_U0 out_conv2mem_2_13_13_3_3_2_11_11_1_162_1_1_5_5_2_3_U0}} entry_proc_U0 {DEPTH 3 CHILDREN {}} dataflow_in_loop_VITIS_LOOP_92_1_1_Loop_VITIS_LOOP_99_2_proc_U0 {DEPTH 3 CHILDREN {}} load_input_U0 {DEPTH 3 CHILDREN grp_load_input_Pipeline_load_input_loop_VITIS_LOOP_9_1_fu_1860} grp_load_input_Pipeline_load_input_loop_VITIS_LOOP_9_1_fu_1860 {DEPTH 4 CHILDREN {}} conv_2_13_13_3_3_2_11_11_1_1_5_1_5_5_2_3_U0 {DEPTH 3 CHILDREN {grp_conv_Pipeline_VITIS_LOOP_41_1_VITIS_LOOP_42_2_VITIS_LOOP_43_3_fu_5588 grp_conv_2_13_13_3_3_2_11_11_1_1_5_1_5_5_2_3_Pipeline_L5_L4_L3_fu_5630}} grp_conv_Pipeline_VITIS_LOOP_41_1_VITIS_LOOP_42_2_VITIS_LOOP_43_3_fu_5588 {DEPTH 4 CHILDREN {}} grp_conv_2_13_13_3_3_2_11_11_1_1_5_1_5_5_2_3_Pipeline_L5_L4_L3_fu_5630 {DEPTH 4 CHILDREN {}} out_conv2mem_2_13_13_3_3_2_11_11_1_162_1_1_5_5_2_3_U0 {DEPTH 3 CHILDREN grp_out_conv2mem_Pipeline_VITIS_LOOP_41_4_fu_3757} grp_out_conv2mem_Pipeline_VITIS_LOOP_41_4_fu_3757 {DEPTH 4 CHILDREN {}}} MODULEDATA {dataflow_in_loop_VITIS_LOOP_92_1_1_Loop_VITIS_LOOP_99_2_proc {BINDINFO {{BINDTYPE op ID {} IMPL fabric LATENCY 0 OPTYPE add PRAGMA {} RTLNAME i_fu_111_p2 SOURCE top_wrapper.cpp:99 VARIABLE i LOOP VITIS_LOOP_99_2 BUNDLEDNAME {} DSP 0 BRAM 0 URAM 0 STORAGESUBTYPE {} DISPNAME {bind_op add} VISIBLE true} {BINDTYPE op ID {} IMPL auto LATENCY 0 OPTYPE seteq PRAGMA {} RTLNAME icmp_ln99_fu_117_p2 SOURCE top_wrapper.cpp:99 VARIABLE icmp_ln99 LOOP VITIS_LOOP_99_2 BUNDLEDNAME {} DSP 0 BRAM 0 URAM 0 STORAGESUBTYPE {} DISPNAME {bind_op seteq} VISIBLE false}} AREA {DSP 0 BRAM 0 URAM 0}} load_input_Pipeline_load_input_loop_VITIS_LOOP_9_1 {BINDINFO {{BINDTYPE op ID {} IMPL fabric LATENCY 0 OPTYPE add PRAGMA {} RTLNAME add_ln8_fu_6113_p2 SOURCE top_wrapper.cpp:8 VARIABLE add_ln8 LOOP load_input_loop_VITIS_LOOP_9_1 BUNDLEDNAME {} DSP 0 BRAM 0 URAM 0 STORAGESUBTYPE {} DISPNAME {bind_op add} VISIBLE true} {BINDTYPE op ID {} IMPL auto_sel LATENCY 0 OPTYPE select PRAGMA {} RTLNAME select_ln8_fu_6119_p3 SOURCE top_wrapper.cpp:8 VARIABLE select_ln8 LOOP load_input_loop_VITIS_LOOP_9_1 BUNDLEDNAME {} DSP 0 BRAM 0 URAM 0 STORAGESUBTYPE {} DISPNAME {bind_op select} VISIBLE false} {BINDTYPE op ID {} IMPL auto_sel LATENCY 0 OPTYPE select PRAGMA {} RTLNAME i_fu_6127_p3 SOURCE top_wrapper.cpp:8 VARIABLE i LOOP load_input_loop_VITIS_LOOP_9_1 BUNDLEDNAME {} DSP 0 BRAM 0 URAM 0 STORAGESUBTYPE {} DISPNAME {bind_op select} VISIBLE false} {BINDTYPE op ID {} IMPL dsp_slice LATENCY 3 OPTYPE mul PRAGMA {} RTLNAME mac_muladd_9ns_4ns_9ns_12_4_1_U10 SOURCE top_wrapper.cpp:9 VARIABLE mul_ln9 LOOP load_input_loop_VITIS_LOOP_9_1 BUNDLEDNAME {} DSP 1 BRAM 0 URAM 0 STORAGESUBTYPE {} DISPNAME {bind_op mul} VISIBLE true} {BINDTYPE op ID {} IMPL dsp_slice LATENCY 3 OPTYPE add PRAGMA {} RTLNAME mac_muladd_9ns_4ns_9ns_12_4_1_U10 SOURCE top_wrapper.cpp:11 VARIABLE add_ln11_1 LOOP load_input_loop_VITIS_LOOP_9_1 BUNDLEDNAME {} DSP 1 BRAM 0 URAM 0 STORAGESUBTYPE {} DISPNAME {bind_op add} VISIBLE true} {BINDTYPE op ID {} IMPL fabric LATENCY 0 OPTYPE add PRAGMA {} RTLNAME add_ln11_fu_6192_p2 SOURCE top_wrapper.cpp:11 VARIABLE add_ln11 LOOP load_input_loop_VITIS_LOOP_9_1 BUNDLEDNAME {} DSP 0 BRAM 0 URAM 0 STORAGESUBTYPE {} DISPNAME {bind_op add} VISIBLE true} {BINDTYPE op ID {} IMPL auto LATENCY 0 OPTYPE mul PRAGMA {} RTLNAME mul_15ns_17ns_31_1_1_U7 SOURCE top_wrapper.cpp:11 VARIABLE mul_ln11 LOOP load_input_loop_VITIS_LOOP_9_1 BUNDLEDNAME {} DSP 1 BRAM 0 URAM 0 STORAGESUBTYPE {} DISPNAME {bind_op mul} VISIBLE true} {BINDTYPE op ID {} IMPL auto LATENCY 0 OPTYPE mul PRAGMA {} RTLNAME mul_15ns_17ns_31_1_1_U8 SOURCE top_wrapper.cpp:11 VARIABLE mul_ln11_1 LOOP load_input_loop_VITIS_LOOP_9_1 BUNDLEDNAME {} DSP 1 BRAM 0 URAM 0 STORAGESUBTYPE {} DISPNAME {bind_op mul} VISIBLE true} {BINDTYPE op ID {} IMPL auto LATENCY 9 OPTYPE urem PRAGMA {} RTLNAME urem_6ns_5ns_6_10_1_U9 SOURCE top_wrapper.cpp:11 VARIABLE urem_ln11 LOOP load_input_loop_VITIS_LOOP_9_1 BUNDLEDNAME {} DSP 0 BRAM 0 URAM 0 STORAGESUBTYPE {} DISPNAME {bind_op urem} VISIBLE false} {BINDTYPE op ID {} IMPL fabric LATENCY 0 OPTYPE add PRAGMA {} RTLNAME add_ln11_2_fu_6259_p2 SOURCE top_wrapper.cpp:11 VARIABLE add_ln11_2 LOOP load_input_loop_VITIS_LOOP_9_1 BUNDLEDNAME {} DSP 0 BRAM 0 URAM 0 STORAGESUBTYPE {} DISPNAME {bind_op add} VISIBLE true} {BINDTYPE op ID {} IMPL dsp_slice LATENCY 3 OPTYPE mul PRAGMA {} RTLNAME mac_muladd_6ns_6ns_7s_12_4_1_U11 SOURCE top_wrapper.cpp:11 VARIABLE mul_ln11_2 LOOP load_input_loop_VITIS_LOOP_9_1 BUNDLEDNAME {} DSP 1 BRAM 0 URAM 0 STORAGESUBTYPE {} DISPNAME {bind_op mul} VISIBLE true} {BINDTYPE op ID {} IMPL auto LATENCY 15 OPTYPE urem PRAGMA {} RTLNAME urem_12ns_7ns_12_16_1_U6 SOURCE top_wrapper.cpp:11 VARIABLE urem_ln11_1 LOOP load_input_loop_VITIS_LOOP_9_1 BUNDLEDNAME {} DSP 0 BRAM 0 URAM 0 STORAGESUBTYPE {} DISPNAME {bind_op urem} VISIBLE false} {BINDTYPE op ID {} IMPL dsp_slice LATENCY 3 OPTYPE add PRAGMA {} RTLNAME mac_muladd_6ns_6ns_7s_12_4_1_U11 SOURCE top_wrapper.cpp:11 VARIABLE add_ln11_3 LOOP load_input_loop_VITIS_LOOP_9_1 BUNDLEDNAME {} DSP 1 BRAM 0 URAM 0 STORAGESUBTYPE {} DISPNAME {bind_op add} VISIBLE true} {BINDTYPE op ID {} IMPL fabric LATENCY 0 OPTYPE add PRAGMA {} RTLNAME add_ln8_1_fu_6139_p2 SOURCE top_wrapper.cpp:8 VARIABLE add_ln8_1 LOOP load_input_loop_VITIS_LOOP_9_1 BUNDLEDNAME {} DSP 0 BRAM 0 URAM 0 STORAGESUBTYPE {} DISPNAME {bind_op add} VISIBLE true} {BINDTYPE op ID {} IMPL fabric LATENCY 0 OPTYPE add PRAGMA {} RTLNAME j_fu_6145_p2 SOURCE top_wrapper.cpp:9 VARIABLE j LOOP load_input_loop_VITIS_LOOP_9_1 BUNDLEDNAME {} DSP 0 BRAM 0 URAM 0 STORAGESUBTYPE {} DISPNAME {bind_op add} VISIBLE true} {BINDTYPE op ID {} IMPL auto LATENCY 0 OPTYPE seteq PRAGMA {} RTLNAME icmp_ln9_fu_6151_p2 SOURCE top_wrapper.cpp:9 VARIABLE icmp_ln9 LOOP load_input_loop_VITIS_LOOP_9_1 BUNDLEDNAME {} DSP 0 BRAM 0 URAM 0 STORAGESUBTYPE {} DISPNAME {bind_op seteq} VISIBLE false} {BINDTYPE op ID {} IMPL auto LATENCY 0 OPTYPE seteq PRAGMA {} RTLNAME icmp_ln8_fu_6157_p2 SOURCE top_wrapper.cpp:8 VARIABLE icmp_ln8 LOOP load_input_loop_VITIS_LOOP_9_1 BUNDLEDNAME {} DSP 0 BRAM 0 URAM 0 STORAGESUBTYPE {} DISPNAME {bind_op seteq} VISIBLE false}} AREA {DSP 4 BRAM 0 URAM 0}} load_input {BINDINFO {{BINDTYPE op ID {} IMPL auto LATENCY 0 OPTYPE mul PRAGMA {} RTLNAME mul_3ns_13ns_14_1_1_U469 SOURCE {} VARIABLE empty LOOP {} BUNDLEDNAME {} DSP 0 BRAM 0 URAM 0 STORAGESUBTYPE {} DISPNAME {bind_op mul} VISIBLE true}} AREA {DSP 4 BRAM 0 URAM 0}} conv_Pipeline_VITIS_LOOP_41_1_VITIS_LOOP_42_2_VITIS_LOOP_43_3 {BINDINFO {{BINDTYPE op ID {} IMPL auto LATENCY 0 OPTYPE seteq PRAGMA {} RTLNAME icmp_ln41_fu_587_p2 SOURCE ./conv.h:41 VARIABLE icmp_ln41 LOOP VITIS_LOOP_41_1_VITIS_LOOP_42_2_VITIS_LOOP_43_3 BUNDLEDNAME {} DSP 0 BRAM 0 URAM 0 STORAGESUBTYPE {} DISPNAME {bind_op seteq} VISIBLE false} {BINDTYPE op ID {} IMPL fabric LATENCY 0 OPTYPE add PRAGMA {} RTLNAME add_ln41_1_fu_593_p2 SOURCE ./conv.h:41 VARIABLE add_ln41_1 LOOP VITIS_LOOP_41_1_VITIS_LOOP_42_2_VITIS_LOOP_43_3 BUNDLEDNAME {} DSP 0 BRAM 0 URAM 0 STORAGESUBTYPE {} DISPNAME {bind_op add} VISIBLE true} {BINDTYPE op ID {} IMPL fabric LATENCY 0 OPTYPE add PRAGMA {} RTLNAME add_ln41_fu_638_p2 SOURCE ./conv.h:41 VARIABLE add_ln41 LOOP VITIS_LOOP_41_1_VITIS_LOOP_42_2_VITIS_LOOP_43_3 BUNDLEDNAME {} DSP 0 BRAM 0 URAM 0 STORAGESUBTYPE {} DISPNAME {bind_op add} VISIBLE true} {BINDTYPE op ID {} IMPL auto LATENCY 0 OPTYPE seteq PRAGMA {} RTLNAME icmp_ln42_fu_599_p2 SOURCE ./conv.h:42 VARIABLE icmp_ln42 LOOP VITIS_LOOP_41_1_VITIS_LOOP_42_2_VITIS_LOOP_43_3 BUNDLEDNAME {} DSP 0 BRAM 0 URAM 0 STORAGESUBTYPE {} DISPNAME {bind_op seteq} VISIBLE false} {BINDTYPE op ID {} IMPL auto_sel LATENCY 0 OPTYPE select PRAGMA {} RTLNAME select_ln36_fu_644_p3 SOURCE ./conv.h:36 VARIABLE select_ln36 LOOP VITIS_LOOP_41_1_VITIS_LOOP_42_2_VITIS_LOOP_43_3 BUNDLEDNAME {} DSP 0 BRAM 0 URAM 0 STORAGESUBTYPE {} DISPNAME {bind_op select} VISIBLE false} {BINDTYPE op ID {} IMPL auto LATENCY 0 OPTYPE xor PRAGMA {} RTLNAME xor_ln36_fu_651_p2 SOURCE ./conv.h:36 VARIABLE xor_ln36 LOOP VITIS_LOOP_41_1_VITIS_LOOP_42_2_VITIS_LOOP_43_3 BUNDLEDNAME {} DSP 0 BRAM 0 URAM 0 STORAGESUBTYPE {} DISPNAME {bind_op xor} VISIBLE false} {BINDTYPE op ID {} IMPL auto LATENCY 0 OPTYPE seteq PRAGMA {} RTLNAME icmp_ln43_fu_656_p2 SOURCE ./conv.h:43 VARIABLE icmp_ln43 LOOP VITIS_LOOP_41_1_VITIS_LOOP_42_2_VITIS_LOOP_43_3 BUNDLEDNAME {} DSP 0 BRAM 0 URAM 0 STORAGESUBTYPE {} DISPNAME {bind_op seteq} VISIBLE false} {BINDTYPE op ID {} IMPL auto LATENCY 0 OPTYPE and PRAGMA {} RTLNAME and_ln36_fu_662_p2 SOURCE ./conv.h:36 VARIABLE and_ln36 LOOP VITIS_LOOP_41_1_VITIS_LOOP_42_2_VITIS_LOOP_43_3 BUNDLEDNAME {} DSP 0 BRAM 0 URAM 0 STORAGESUBTYPE {} DISPNAME {bind_op and} VISIBLE false} {BINDTYPE op ID {} IMPL auto_sel LATENCY 0 OPTYPE select PRAGMA {} RTLNAME select_ln41_fu_668_p3 SOURCE ./conv.h:41 VARIABLE select_ln41 LOOP VITIS_LOOP_41_1_VITIS_LOOP_42_2_VITIS_LOOP_43_3 BUNDLEDNAME {} DSP 0 BRAM 0 URAM 0 STORAGESUBTYPE {} DISPNAME {bind_op select} VISIBLE false} {BINDTYPE op ID {} IMPL fabric LATENCY 0 OPTYPE add PRAGMA {} RTLNAME add_ln42_fu_675_p2 SOURCE ./conv.h:42 VARIABLE add_ln42 LOOP VITIS_LOOP_41_1_VITIS_LOOP_42_2_VITIS_LOOP_43_3 BUNDLEDNAME {} DSP 0 BRAM 0 URAM 0 STORAGESUBTYPE {} DISPNAME {bind_op add} VISIBLE true} {BINDTYPE op ID {} IMPL auto LATENCY 0 OPTYPE or PRAGMA {} RTLNAME empty_fu_681_p2 SOURCE ./conv.h:36 VARIABLE empty LOOP VITIS_LOOP_41_1_VITIS_LOOP_42_2_VITIS_LOOP_43_3 BUNDLEDNAME {} DSP 0 BRAM 0 URAM 0 STORAGESUBTYPE {} DISPNAME {bind_op or} VISIBLE false} {BINDTYPE op ID {} IMPL auto_sel LATENCY 0 OPTYPE select PRAGMA {} RTLNAME s_ich_mid2_fu_686_p3 SOURCE ./conv.h:36 VARIABLE s_ich_mid2 LOOP VITIS_LOOP_41_1_VITIS_LOOP_42_2_VITIS_LOOP_43_3 BUNDLEDNAME {} DSP 0 BRAM 0 URAM 0 STORAGESUBTYPE {} DISPNAME {bind_op select} VISIBLE false} {BINDTYPE op ID {} IMPL auto_sel LATENCY 0 OPTYPE select PRAGMA {} RTLNAME select_ln42_fu_694_p3 SOURCE ./conv.h:42 VARIABLE select_ln42 LOOP VITIS_LOOP_41_1_VITIS_LOOP_42_2_VITIS_LOOP_43_3 BUNDLEDNAME {} DSP 0 BRAM 0 URAM 0 STORAGESUBTYPE {} DISPNAME {bind_op select} VISIBLE false} {BINDTYPE op ID {} IMPL auto LATENCY 0 OPTYPE seteq PRAGMA {} RTLNAME icmp_ln48_fu_730_p2 SOURCE ./conv.h:48 VARIABLE icmp_ln48 LOOP VITIS_LOOP_41_1_VITIS_LOOP_42_2_VITIS_LOOP_43_3 BUNDLEDNAME {} DSP 0 BRAM 0 URAM 0 STORAGESUBTYPE {} DISPNAME {bind_op seteq} VISIBLE false} {BINDTYPE op ID {} IMPL auto_sel LATENCY 0 OPTYPE select PRAGMA {} RTLNAME select_ln48_16_fu_742_p3 SOURCE ./conv.h:48 VARIABLE select_ln48_16 LOOP VITIS_LOOP_41_1_VITIS_LOOP_42_2_VITIS_LOOP_43_3 BUNDLEDNAME {} DSP 0 BRAM 0 URAM 0 STORAGESUBTYPE {} DISPNAME {bind_op select} VISIBLE false} {BINDTYPE op ID {} IMPL auto_sel LATENCY 0 OPTYPE select PRAGMA {} RTLNAME select_ln48_17_fu_750_p3 SOURCE ./conv.h:48 VARIABLE select_ln48_17 LOOP VITIS_LOOP_41_1_VITIS_LOOP_42_2_VITIS_LOOP_43_3 BUNDLEDNAME {} DSP 0 BRAM 0 URAM 0 STORAGESUBTYPE {} DISPNAME {bind_op select} VISIBLE false} {BINDTYPE op ID {} IMPL auto_sel LATENCY 0 OPTYPE select PRAGMA {} RTLNAME select_ln48_14_fu_774_p3 SOURCE ./conv.h:48 VARIABLE select_ln48_14 LOOP VITIS_LOOP_41_1_VITIS_LOOP_42_2_VITIS_LOOP_43_3 BUNDLEDNAME {} DSP 0 BRAM 0 URAM 0 STORAGESUBTYPE {} DISPNAME {bind_op select} VISIBLE false} {BINDTYPE op ID {} IMPL auto_sel LATENCY 0 OPTYPE select PRAGMA {} RTLNAME select_ln48_15_fu_782_p3 SOURCE ./conv.h:48 VARIABLE select_ln48_15 LOOP VITIS_LOOP_41_1_VITIS_LOOP_42_2_VITIS_LOOP_43_3 BUNDLEDNAME {} DSP 0 BRAM 0 URAM 0 STORAGESUBTYPE {} DISPNAME {bind_op select} VISIBLE false} {BINDTYPE op ID {} IMPL auto_sel LATENCY 0 OPTYPE select PRAGMA {} RTLNAME select_ln48_12_fu_806_p3 SOURCE ./conv.h:48 VARIABLE select_ln48_12 LOOP VITIS_LOOP_41_1_VITIS_LOOP_42_2_VITIS_LOOP_43_3 BUNDLEDNAME {} DSP 0 BRAM 0 URAM 0 STORAGESUBTYPE {} DISPNAME {bind_op select} VISIBLE false} {BINDTYPE op ID {} IMPL auto_sel LATENCY 0 OPTYPE select PRAGMA {} RTLNAME select_ln48_13_fu_814_p3 SOURCE ./conv.h:48 VARIABLE select_ln48_13 LOOP VITIS_LOOP_41_1_VITIS_LOOP_42_2_VITIS_LOOP_43_3 BUNDLEDNAME {} DSP 0 BRAM 0 URAM 0 STORAGESUBTYPE {} DISPNAME {bind_op select} VISIBLE false} {BINDTYPE op ID {} IMPL auto_sel LATENCY 0 OPTYPE select PRAGMA {} RTLNAME select_ln48_10_fu_838_p3 SOURCE ./conv.h:48 VARIABLE select_ln48_10 LOOP VITIS_LOOP_41_1_VITIS_LOOP_42_2_VITIS_LOOP_43_3 BUNDLEDNAME {} DSP 0 BRAM 0 URAM 0 STORAGESUBTYPE {} DISPNAME {bind_op select} VISIBLE false} {BINDTYPE op ID {} IMPL auto_sel LATENCY 0 OPTYPE select PRAGMA {} RTLNAME select_ln48_11_fu_846_p3 SOURCE ./conv.h:48 VARIABLE select_ln48_11 LOOP VITIS_LOOP_41_1_VITIS_LOOP_42_2_VITIS_LOOP_43_3 BUNDLEDNAME {} DSP 0 BRAM 0 URAM 0 STORAGESUBTYPE {} DISPNAME {bind_op select} VISIBLE false} {BINDTYPE op ID {} IMPL auto_sel LATENCY 0 OPTYPE select PRAGMA {} RTLNAME select_ln48_8_fu_870_p3 SOURCE ./conv.h:48 VARIABLE select_ln48_8 LOOP VITIS_LOOP_41_1_VITIS_LOOP_42_2_VITIS_LOOP_43_3 BUNDLEDNAME {} DSP 0 BRAM 0 URAM 0 STORAGESUBTYPE {} DISPNAME {bind_op select} VISIBLE false} {BINDTYPE op ID {} IMPL auto_sel LATENCY 0 OPTYPE select PRAGMA {} RTLNAME select_ln48_9_fu_878_p3 SOURCE ./conv.h:48 VARIABLE select_ln48_9 LOOP VITIS_LOOP_41_1_VITIS_LOOP_42_2_VITIS_LOOP_43_3 BUNDLEDNAME {} DSP 0 BRAM 0 URAM 0 STORAGESUBTYPE {} DISPNAME {bind_op select} VISIBLE false} {BINDTYPE op ID {} IMPL auto_sel LATENCY 0 OPTYPE select PRAGMA {} RTLNAME select_ln48_6_fu_902_p3 SOURCE ./conv.h:48 VARIABLE select_ln48_6 LOOP VITIS_LOOP_41_1_VITIS_LOOP_42_2_VITIS_LOOP_43_3 BUNDLEDNAME {} DSP 0 BRAM 0 URAM 0 STORAGESUBTYPE {} DISPNAME {bind_op select} VISIBLE false} {BINDTYPE op ID {} IMPL auto_sel LATENCY 0 OPTYPE select PRAGMA {} RTLNAME select_ln48_7_fu_910_p3 SOURCE ./conv.h:48 VARIABLE select_ln48_7 LOOP VITIS_LOOP_41_1_VITIS_LOOP_42_2_VITIS_LOOP_43_3 BUNDLEDNAME {} DSP 0 BRAM 0 URAM 0 STORAGESUBTYPE {} DISPNAME {bind_op select} VISIBLE false} {BINDTYPE op ID {} IMPL auto_sel LATENCY 0 OPTYPE select PRAGMA {} RTLNAME select_ln48_4_fu_934_p3 SOURCE ./conv.h:48 VARIABLE select_ln48_4 LOOP VITIS_LOOP_41_1_VITIS_LOOP_42_2_VITIS_LOOP_43_3 BUNDLEDNAME {} DSP 0 BRAM 0 URAM 0 STORAGESUBTYPE {} DISPNAME {bind_op select} VISIBLE false} {BINDTYPE op ID {} IMPL auto_sel LATENCY 0 OPTYPE select PRAGMA {} RTLNAME select_ln48_5_fu_942_p3 SOURCE ./conv.h:48 VARIABLE select_ln48_5 LOOP VITIS_LOOP_41_1_VITIS_LOOP_42_2_VITIS_LOOP_43_3 BUNDLEDNAME {} DSP 0 BRAM 0 URAM 0 STORAGESUBTYPE {} DISPNAME {bind_op select} VISIBLE false} {BINDTYPE op ID {} IMPL auto_sel LATENCY 0 OPTYPE select PRAGMA {} RTLNAME select_ln48_2_fu_966_p3 SOURCE ./conv.h:48 VARIABLE select_ln48_2 LOOP VITIS_LOOP_41_1_VITIS_LOOP_42_2_VITIS_LOOP_43_3 BUNDLEDNAME {} DSP 0 BRAM 0 URAM 0 STORAGESUBTYPE {} DISPNAME {bind_op select} VISIBLE false} {BINDTYPE op ID {} IMPL auto_sel LATENCY 0 OPTYPE select PRAGMA {} RTLNAME select_ln48_3_fu_974_p3 SOURCE ./conv.h:48 VARIABLE select_ln48_3 LOOP VITIS_LOOP_41_1_VITIS_LOOP_42_2_VITIS_LOOP_43_3 BUNDLEDNAME {} DSP 0 BRAM 0 URAM 0 STORAGESUBTYPE {} DISPNAME {bind_op select} VISIBLE false} {BINDTYPE op ID {} IMPL auto_sel LATENCY 0 OPTYPE select PRAGMA {} RTLNAME select_ln48_fu_998_p3 SOURCE ./conv.h:48 VARIABLE select_ln48 LOOP VITIS_LOOP_41_1_VITIS_LOOP_42_2_VITIS_LOOP_43_3 BUNDLEDNAME {} DSP 0 BRAM 0 URAM 0 STORAGESUBTYPE {} DISPNAME {bind_op select} VISIBLE false} {BINDTYPE op ID {} IMPL auto_sel LATENCY 0 OPTYPE select PRAGMA {} RTLNAME select_ln48_1_fu_1006_p3 SOURCE ./conv.h:48 VARIABLE select_ln48_1 LOOP VITIS_LOOP_41_1_VITIS_LOOP_42_2_VITIS_LOOP_43_3 BUNDLEDNAME {} DSP 0 BRAM 0 URAM 0 STORAGESUBTYPE {} DISPNAME {bind_op select} VISIBLE false} {BINDTYPE op ID {} IMPL fabric LATENCY 0 OPTYPE add PRAGMA {} RTLNAME add_ln43_fu_1024_p2 SOURCE ./conv.h:43 VARIABLE add_ln43 LOOP VITIS_LOOP_41_1_VITIS_LOOP_42_2_VITIS_LOOP_43_3 BUNDLEDNAME {} DSP 0 BRAM 0 URAM 0 STORAGESUBTYPE {} DISPNAME {bind_op add} VISIBLE true} {BINDTYPE op ID {} IMPL fabric LATENCY 0 OPTYPE add PRAGMA {} RTLNAME add_ln42_3_fu_605_p2 SOURCE ./conv.h:42 VARIABLE add_ln42_3 LOOP VITIS_LOOP_41_1_VITIS_LOOP_42_2_VITIS_LOOP_43_3 BUNDLEDNAME {} DSP 0 BRAM 0 URAM 0 STORAGESUBTYPE {} DISPNAME {bind_op add} VISIBLE true} {BINDTYPE op ID {} IMPL auto_sel LATENCY 0 OPTYPE select PRAGMA {} RTLNAME select_ln42_1_fu_611_p3 SOURCE ./conv.h:42 VARIABLE select_ln42_1 LOOP VITIS_LOOP_41_1_VITIS_LOOP_42_2_VITIS_LOOP_43_3 BUNDLEDNAME {} DSP 0 BRAM 0 URAM 0 STORAGESUBTYPE {} DISPNAME {bind_op select} VISIBLE false}} AREA {DSP 0 BRAM 0 URAM 0}} conv_2_13_13_3_3_2_11_11_1_1_5_1_5_5_2_3_Pipeline_L5_L4_L3 {BINDINFO {{BINDTYPE op ID {} IMPL auto LATENCY 0 OPTYPE seteq PRAGMA {} RTLNAME icmp_ln53_fu_8152_p2 SOURCE ./conv.h:53 VARIABLE icmp_ln53 LOOP L5_L4_L3 BUNDLEDNAME {} DSP 0 BRAM 0 URAM 0 STORAGESUBTYPE {} DISPNAME {bind_op seteq} VISIBLE false} {BINDTYPE op ID {} IMPL fabric LATENCY 0 OPTYPE add PRAGMA {} RTLNAME add_ln53_fu_8158_p2 SOURCE ./conv.h:53 VARIABLE add_ln53 LOOP L5_L4_L3 BUNDLEDNAME {} DSP 0 BRAM 0 URAM 0 STORAGESUBTYPE {} DISPNAME {bind_op add} VISIBLE true} {BINDTYPE op ID {} IMPL auto LATENCY 0 OPTYPE seteq PRAGMA {} RTLNAME icmp_ln54_fu_8167_p2 SOURCE ./conv.h:54 VARIABLE icmp_ln54 LOOP L5_L4_L3 BUNDLEDNAME {} DSP 0 BRAM 0 URAM 0 STORAGESUBTYPE {} DISPNAME {bind_op seteq} VISIBLE false} {BINDTYPE op ID {} IMPL auto_sel LATENCY 0 OPTYPE select PRAGMA {} RTLNAME select_ln53_fu_8296_p3 SOURCE ./conv.h:53 VARIABLE select_ln53 LOOP L5_L4_L3 BUNDLEDNAME {} DSP 0 BRAM 0 URAM 0 STORAGESUBTYPE {} DISPNAME {bind_op select} VISIBLE false} {BINDTYPE op ID {} IMPL fabric LATENCY 0 OPTYPE add PRAGMA {} RTLNAME s_oh_1_mid1_fu_8173_p2 SOURCE {} VARIABLE s_oh_1_mid1 LOOP L5_L4_L3 BUNDLEDNAME {} DSP 0 BRAM 0 URAM 0 STORAGESUBTYPE {} DISPNAME {bind_op add} VISIBLE true} {BINDTYPE op ID {} IMPL fabric LATENCY 0 OPTYPE add PRAGMA {} RTLNAME s_oh_18_fu_8179_p2 SOURCE {} VARIABLE s_oh_18 LOOP L5_L4_L3 BUNDLEDNAME {} DSP 0 BRAM 0 URAM 0 STORAGESUBTYPE {} DISPNAME {bind_op add} VISIBLE true} {BINDTYPE op ID {} IMPL auto_sel LATENCY 0 OPTYPE select PRAGMA {} RTLNAME select_ln53_1_fu_8185_p3 SOURCE ./conv.h:53 VARIABLE select_ln53_1 LOOP L5_L4_L3 BUNDLEDNAME {} DSP 0 BRAM 0 URAM 0 STORAGESUBTYPE {} DISPNAME {bind_op select} VISIBLE false} {BINDTYPE op ID {} IMPL fabric LATENCY 0 OPTYPE add PRAGMA {} RTLNAME add_ln54_1_fu_8303_p2 SOURCE ./conv.h:54 VARIABLE add_ln54_1 LOOP L5_L4_L3 BUNDLEDNAME {} DSP 0 BRAM 0 URAM 0 STORAGESUBTYPE {} DISPNAME {bind_op add} VISIBLE true} {BINDTYPE op ID {} IMPL auto_sel LATENCY 0 OPTYPE select PRAGMA {} RTLNAME select_ln53_2_fu_8309_p3 SOURCE ./conv.h:53 VARIABLE select_ln53_2 LOOP L5_L4_L3 BUNDLEDNAME {} DSP 0 BRAM 0 URAM 0 STORAGESUBTYPE {} DISPNAME {bind_op select} VISIBLE false} {BINDTYPE op ID {} IMPL auto LATENCY 0 OPTYPE xor PRAGMA {} RTLNAME xor_ln53_fu_8316_p2 SOURCE ./conv.h:53 VARIABLE xor_ln53 LOOP L5_L4_L3 BUNDLEDNAME {} DSP 0 BRAM 0 URAM 0 STORAGESUBTYPE {} DISPNAME {bind_op xor} VISIBLE false} {BINDTYPE op ID {} IMPL auto LATENCY 0 OPTYPE seteq PRAGMA {} RTLNAME icmp_ln56_fu_8321_p2 SOURCE ./conv.h:56 VARIABLE icmp_ln56 LOOP L5_L4_L3 BUNDLEDNAME {} DSP 0 BRAM 0 URAM 0 STORAGESUBTYPE {} DISPNAME {bind_op seteq} VISIBLE false} {BINDTYPE op ID {} IMPL auto LATENCY 0 OPTYPE and PRAGMA {} RTLNAME and_ln53_fu_8327_p2 SOURCE ./conv.h:53 VARIABLE and_ln53 LOOP L5_L4_L3 BUNDLEDNAME {} DSP 0 BRAM 0 URAM 0 STORAGESUBTYPE {} DISPNAME {bind_op and} VISIBLE false} {BINDTYPE op ID {} IMPL auto_sel LATENCY 0 OPTYPE select PRAGMA {} RTLNAME select_ln53_3_fu_8193_p3 SOURCE ./conv.h:53 VARIABLE select_ln53_3 LOOP L5_L4_L3 BUNDLEDNAME {} DSP 0 BRAM 0 URAM 0 STORAGESUBTYPE {} DISPNAME {bind_op select} VISIBLE false} {BINDTYPE op ID {} IMPL fabric LATENCY 0 OPTYPE add PRAGMA {} RTLNAME add_ln54_2_fu_8333_p2 SOURCE ./conv.h:54 VARIABLE add_ln54_2 LOOP L5_L4_L3 BUNDLEDNAME {} DSP 0 BRAM 0 URAM 0 STORAGESUBTYPE {} DISPNAME {bind_op add} VISIBLE true} {BINDTYPE op ID {} IMPL auto LATENCY 0 OPTYPE or PRAGMA {} RTLNAME empty_fu_8339_p2 SOURCE ./conv.h:53 VARIABLE empty LOOP L5_L4_L3 BUNDLEDNAME {} DSP 0 BRAM 0 URAM 0 STORAGESUBTYPE {} DISPNAME {bind_op or} VISIBLE false} {BINDTYPE op ID {} IMPL auto_sel LATENCY 0 OPTYPE select PRAGMA {} RTLNAME s_ich_1_mid2_fu_8344_p3 SOURCE ./conv.h:53 VARIABLE s_ich_1_mid2 LOOP L5_L4_L3 BUNDLEDNAME {} DSP 0 BRAM 0 URAM 0 STORAGESUBTYPE {} DISPNAME {bind_op select} VISIBLE false} {BINDTYPE op ID {} IMPL auto_sel LATENCY 0 OPTYPE select PRAGMA {} RTLNAME sum_mid2_fu_20281_p3 SOURCE ./conv.h:53 VARIABLE sum_mid2 LOOP L5_L4_L3 BUNDLEDNAME {} DSP 0 BRAM 0 URAM 0 STORAGESUBTYPE {} DISPNAME {bind_op select} VISIBLE false} {BINDTYPE op ID {} IMPL fabric LATENCY 0 OPTYPE add PRAGMA {} RTLNAME add_ln54_3_fu_8352_p2 SOURCE ./conv.h:54 VARIABLE add_ln54_3 LOOP L5_L4_L3 BUNDLEDNAME {} DSP 0 BRAM 0 URAM 0 STORAGESUBTYPE {} DISPNAME {bind_op add} VISIBLE true} {BINDTYPE op ID {} IMPL auto_sel LATENCY 0 OPTYPE select PRAGMA {} RTLNAME s_ow_1_mid2_fu_8358_p3 SOURCE ./conv.h:53 VARIABLE s_ow_1_mid2 LOOP L5_L4_L3 BUNDLEDNAME {} DSP 0 BRAM 0 URAM 0 STORAGESUBTYPE {} DISPNAME {bind_op select} VISIBLE false} {BINDTYPE op ID {} IMPL auto_sel LATENCY 0 OPTYPE select PRAGMA {} RTLNAME select_ln54_fu_8366_p3 SOURCE ./conv.h:54 VARIABLE select_ln54 LOOP L5_L4_L3 BUNDLEDNAME {} DSP 0 BRAM 0 URAM 0 STORAGESUBTYPE {} DISPNAME {bind_op select} VISIBLE false} {BINDTYPE op ID {} IMPL fabric LATENCY 0 OPTYPE sub PRAGMA {} RTLNAME mul89_i_fu_8260_p2 SOURCE ./conv.h:53 VARIABLE mul89_i LOOP L5_L4_L3 BUNDLEDNAME {} DSP 0 BRAM 0 URAM 0 STORAGESUBTYPE {} DISPNAME {bind_op sub} VISIBLE true} {BINDTYPE op ID {} IMPL fabric LATENCY 0 OPTYPE add PRAGMA {} RTLNAME grp_fu_8284_p0 SOURCE ./conv.h:53 VARIABLE empty_50 LOOP L5_L4_L3 BUNDLEDNAME {} DSP 0 BRAM 0 URAM 0 STORAGESUBTYPE {} DISPNAME {bind_op add} VISIBLE true} {BINDTYPE op ID {} IMPL fabric LATENCY 0 OPTYPE add PRAGMA {} RTLNAME grp_fu_8278_p0 SOURCE ./conv.h:53 VARIABLE empty_51 LOOP L5_L4_L3 BUNDLEDNAME {} DSP 0 BRAM 0 URAM 0 STORAGESUBTYPE {} DISPNAME {bind_op add} VISIBLE true} {BINDTYPE op ID {} IMPL auto LATENCY 7 OPTYPE urem PRAGMA {} RTLNAME urem_4ns_4ns_4_8_1_U523 SOURCE ./conv.h:53 VARIABLE rem11492_i LOOP L5_L4_L3 BUNDLEDNAME {} DSP 0 BRAM 0 URAM 0 STORAGESUBTYPE {} DISPNAME {bind_op urem} VISIBLE false} {BINDTYPE op ID {} IMPL auto LATENCY 0 OPTYPE mul PRAGMA {} RTLNAME mul_4ns_6ns_9_1_1_U531 SOURCE ./conv.h:53 VARIABLE mul93 LOOP L5_L4_L3 BUNDLEDNAME {} DSP 0 BRAM 0 URAM 0 STORAGESUBTYPE {} DISPNAME {bind_op mul} VISIBLE true} {BINDTYPE op ID {} IMPL fabric LATENCY 0 OPTYPE sub PRAGMA {} RTLNAME mul120_i_fu_8523_p2 SOURCE ./conv.h:53 VARIABLE mul120_i LOOP L5_L4_L3 BUNDLEDNAME {} DSP 0 BRAM 0 URAM 0 STORAGESUBTYPE {} DISPNAME {bind_op sub} VISIBLE true} {BINDTYPE op ID {} IMPL auto LATENCY 0 OPTYPE mul PRAGMA {} RTLNAME mul_4ns_6ns_9_1_1_U532 SOURCE ./conv.h:53 VARIABLE mul90 LOOP L5_L4_L3 BUNDLEDNAME {} DSP 0 BRAM 0 URAM 0 STORAGESUBTYPE {} DISPNAME {bind_op mul} VISIBLE true} {BINDTYPE op ID {} IMPL fabric LATENCY 0 OPTYPE add PRAGMA {} RTLNAME mul81_i_fu_8684_p2 SOURCE ./conv.h:53 VARIABLE mul81_i LOOP L5_L4_L3 BUNDLEDNAME {} DSP 0 BRAM 0 URAM 0 STORAGESUBTYPE {} DISPNAME {bind_op add} VISIBLE true} {BINDTYPE op ID {} IMPL auto LATENCY 7 OPTYPE urem PRAGMA {} RTLNAME urem_4ns_3ns_4_8_1_U524 SOURCE ./conv.h:53 VARIABLE rem9295_i LOOP L5_L4_L3 BUNDLEDNAME {} DSP 0 BRAM 0 URAM 0 STORAGESUBTYPE {} DISPNAME {bind_op urem} VISIBLE false} {BINDTYPE op ID {} IMPL fabric LATENCY 0 OPTYPE sub PRAGMA {} RTLNAME rem9296_i_fu_8696_p2 SOURCE ./conv.h:53 VARIABLE rem9296_i LOOP L5_L4_L3 BUNDLEDNAME {} DSP 0 BRAM 0 URAM 0 STORAGESUBTYPE {} DISPNAME {bind_op sub} VISIBLE true} {BINDTYPE op ID {} IMPL auto LATENCY 0 OPTYPE mul PRAGMA {} RTLNAME mul_4ns_6ns_9_1_1_U520 SOURCE ./conv.h:53 VARIABLE mul87 LOOP L5_L4_L3 BUNDLEDNAME {} DSP 0 BRAM 0 URAM 0 STORAGESUBTYPE {} DISPNAME {bind_op mul} VISIBLE true} {BINDTYPE op ID {} IMPL fabric LATENCY 0 OPTYPE add PRAGMA {} RTLNAME mul81_1_i_fu_8720_p2 SOURCE ./conv.h:53 VARIABLE mul81_1_i LOOP L5_L4_L3 BUNDLEDNAME {} DSP 0 BRAM 0 URAM 0 STORAGESUBTYPE {} DISPNAME {bind_op add} VISIBLE true} {BINDTYPE op ID {} IMPL auto LATENCY 9 OPTYPE urem PRAGMA {} RTLNAME urem_6ns_5ns_4_10_1_U521 SOURCE ./conv.h:53 VARIABLE rem92_1104441_i LOOP L5_L4_L3 BUNDLEDNAME {} DSP 0 BRAM 0 URAM 0 STORAGESUBTYPE {} DISPNAME {bind_op urem} VISIBLE false} {BINDTYPE op ID {} IMPL fabric LATENCY 0 OPTYPE add PRAGMA {} RTLNAME add77_2_i_fu_8545_p2 SOURCE ./conv.h:53 VARIABLE add77_2_i LOOP L5_L4_L3 BUNDLEDNAME {} DSP 0 BRAM 0 URAM 0 STORAGESUBTYPE {} DISPNAME {bind_op add} VISIBLE true} {BINDTYPE op ID {} IMPL auto LATENCY 0 OPTYPE mul PRAGMA {} RTLNAME mul_4ns_6ns_9_1_1_U533 SOURCE ./conv.h:53 VARIABLE mul84 LOOP L5_L4_L3 BUNDLEDNAME {} DSP 0 BRAM 0 URAM 0 STORAGESUBTYPE {} DISPNAME {bind_op mul} VISIBLE true} {BINDTYPE op ID {} IMPL fabric LATENCY 0 OPTYPE add PRAGMA {} RTLNAME mul81_2_i_fu_8748_p2 SOURCE ./conv.h:53 VARIABLE mul81_2_i LOOP L5_L4_L3 BUNDLEDNAME {} DSP 0 BRAM 0 URAM 0 STORAGESUBTYPE {} DISPNAME {bind_op add} VISIBLE true} {BINDTYPE op ID {} IMPL auto LATENCY 9 OPTYPE urem PRAGMA {} RTLNAME urem_6ns_5ns_4_10_1_U522 SOURCE ./conv.h:53 VARIABLE rem92_2212376_i LOOP L5_L4_L3 BUNDLEDNAME {} DSP 0 BRAM 0 URAM 0 STORAGESUBTYPE {} DISPNAME {bind_op urem} VISIBLE false} {BINDTYPE op ID {} IMPL fabric LATENCY 0 OPTYPE add PRAGMA {} RTLNAME add_ln54_fu_8384_p2 SOURCE ./conv.h:54 VARIABLE add_ln54 LOOP L5_L4_L3 BUNDLEDNAME {} DSP 0 BRAM 0 URAM 0 STORAGESUBTYPE {} DISPNAME {bind_op add} VISIBLE true} {BINDTYPE op ID {} IMPL auto LATENCY 0 OPTYPE mul PRAGMA {} RTLNAME mul_4ns_6ns_9_1_1_U534 SOURCE ./conv.h:54 VARIABLE mul81 LOOP L5_L4_L3 BUNDLEDNAME {} DSP 0 BRAM 0 URAM 0 STORAGESUBTYPE {} DISPNAME {bind_op mul} VISIBLE true} {BINDTYPE op ID {} IMPL auto LATENCY 7 OPTYPE urem PRAGMA {} RTLNAME urem_4ns_3ns_4_8_1_U525 SOURCE ./conv.h:54 VARIABLE rem_i LOOP L5_L4_L3 BUNDLEDNAME {} DSP 0 BRAM 0 URAM 0 STORAGESUBTYPE {} DISPNAME {bind_op urem} VISIBLE false} {BINDTYPE op ID {} IMPL fabric LATENCY 0 OPTYPE add PRAGMA {} RTLNAME tmp_58_i_fu_9953_p20 SOURCE ./conv.h:54 VARIABLE s_mem_i LOOP L5_L4_L3 BUNDLEDNAME {} DSP 0 BRAM 0 URAM 0 STORAGESUBTYPE {} DISPNAME {bind_op add} VISIBLE true} {BINDTYPE op ID {} IMPL auto LATENCY 0 OPTYPE mul PRAGMA {} RTLNAME mul_4ns_6ns_9_1_1_U526 SOURCE ./conv.h:53 VARIABLE mul78 LOOP L5_L4_L3 BUNDLEDNAME {} DSP 0 BRAM 0 URAM 0 STORAGESUBTYPE {} DISPNAME {bind_op mul} VISIBLE true} {BINDTYPE op ID {} IMPL auto LATENCY 7 OPTYPE urem PRAGMA {} RTLNAME urem_4ns_3ns_4_8_1_U527 SOURCE ./conv.h:53 VARIABLE rem_12032119_i LOOP L5_L4_L3 BUNDLEDNAME {} DSP 0 BRAM 0 URAM 0 STORAGESUBTYPE {} DISPNAME {bind_op urem} VISIBLE false} {BINDTYPE op ID {} IMPL fabric LATENCY 0 OPTYPE add PRAGMA {} RTLNAME tmp_68_i_fu_11116_p20 SOURCE ./conv.h:53 VARIABLE add93_12132220_i LOOP L5_L4_L3 BUNDLEDNAME {} DSP 0 BRAM 0 URAM 0 STORAGESUBTYPE {} DISPNAME {bind_op add} VISIBLE true} {BINDTYPE op ID {} IMPL auto LATENCY 0 OPTYPE mul PRAGMA {} RTLNAME mul_4ns_6ns_9_1_1_U528 SOURCE ./conv.h:54 VARIABLE mul75 LOOP L5_L4_L3 BUNDLEDNAME {} DSP 0 BRAM 0 URAM 0 STORAGESUBTYPE {} DISPNAME {bind_op mul} VISIBLE true} {BINDTYPE op ID {} IMPL auto LATENCY 7 OPTYPE urem PRAGMA {} RTLNAME urem_4ns_3ns_4_8_1_U529 SOURCE ./conv.h:54 VARIABLE rem_24667530_i LOOP L5_L4_L3 BUNDLEDNAME {} DSP 0 BRAM 0 URAM 0 STORAGESUBTYPE {} DISPNAME {bind_op urem} VISIBLE false} {BINDTYPE op ID {} IMPL fabric LATENCY 0 OPTYPE add PRAGMA {} RTLNAME tmp_78_i_fu_12328_p20 SOURCE ./conv.h:54 VARIABLE add93_24767631_i LOOP L5_L4_L3 BUNDLEDNAME {} DSP 0 BRAM 0 URAM 0 STORAGESUBTYPE {} DISPNAME {bind_op add} VISIBLE true} {BINDTYPE op ID {} IMPL fabric LATENCY 0 OPTYPE add PRAGMA {} RTLNAME tmp_88_i_fu_13476_p20 SOURCE ./conv.h:54 VARIABLE add93_1104542_i LOOP L5_L4_L3 BUNDLEDNAME {} DSP 0 BRAM 0 URAM 0 STORAGESUBTYPE {} DISPNAME {bind_op add} VISIBLE true} {BINDTYPE op ID {} IMPL fabric LATENCY 0 OPTYPE add PRAGMA {} RTLNAME tmp_98_i_fu_14624_p20 SOURCE ./conv.h:53 VARIABLE add93_1_1139954_i LOOP L5_L4_L3 BUNDLEDNAME {} DSP 0 BRAM 0 URAM 0 STORAGESUBTYPE {} DISPNAME {bind_op add} VISIBLE true} {BINDTYPE op ID {} IMPL fabric LATENCY 0 OPTYPE add PRAGMA {} RTLNAME tmp_108_i_fu_15826_p20 SOURCE ./conv.h:54 VARIABLE add93_1_2175366_i LOOP L5_L4_L3 BUNDLEDNAME {} DSP 0 BRAM 0 URAM 0 STORAGESUBTYPE {} DISPNAME {bind_op add} VISIBLE true} {BINDTYPE op ID {} IMPL fabric LATENCY 0 OPTYPE add PRAGMA {} RTLNAME tmp_118_i_fu_17244_p20 SOURCE ./conv.h:54 VARIABLE add93_2212477_i LOOP L5_L4_L3 BUNDLEDNAME {} DSP 0 BRAM 0 URAM 0 STORAGESUBTYPE {} DISPNAME {bind_op add} VISIBLE true} {BINDTYPE op ID {} IMPL fabric LATENCY 0 OPTYPE add PRAGMA {} RTLNAME tmp_128_i_fu_18662_p20 SOURCE ./conv.h:53 VARIABLE add93_2_1256289_i LOOP L5_L4_L3 BUNDLEDNAME {} DSP 0 BRAM 0 URAM 0 STORAGESUBTYPE {} DISPNAME {bind_op add} VISIBLE true} {BINDTYPE op ID {} IMPL fabric LATENCY 0 OPTYPE add PRAGMA {} RTLNAME tmp_138_i_fu_20134_p20 SOURCE ./conv.h:54 VARIABLE add93_2_23006101_i LOOP L5_L4_L3 BUNDLEDNAME {} DSP 0 BRAM 0 URAM 0 STORAGESUBTYPE {} DISPNAME {bind_op add} VISIBLE true} {BINDTYPE op ID {} IMPL fabric LATENCY 0 OPTYPE add PRAGMA {} RTLNAME add_ln61_9_fu_8839_p2 SOURCE ./conv.h:61 VARIABLE add_ln61_9 LOOP L5_L4_L3 BUNDLEDNAME {} DSP 0 BRAM 0 URAM 0 STORAGESUBTYPE {} DISPNAME {bind_op add} VISIBLE true} {BINDTYPE op ID {} IMPL fabric LATENCY 0 OPTYPE add PRAGMA {} RTLNAME add_ln61_fu_8849_p2 SOURCE ./conv.h:61 VARIABLE add_ln61 LOOP L5_L4_L3 BUNDLEDNAME {} DSP 0 BRAM 0 URAM 0 STORAGESUBTYPE {} DISPNAME {bind_op add} VISIBLE true} {BINDTYPE op ID {} IMPL compactencoding_dontcare LATENCY 0 OPTYPE sparsemux PRAGMA {} RTLNAME sparsemux_77_6_45_1_1_U536 SOURCE ./conv.h:66 VARIABLE tmp_i LOOP L5_L4_L3 BUNDLEDNAME {} DSP 0 BRAM 0 URAM 0 STORAGESUBTYPE {} DISPNAME {bind_op sparsemux} VISIBLE false} {BINDTYPE op ID {} IMPL compactencoding_dontcare LATENCY 0 OPTYPE sparsemux PRAGMA {} RTLNAME sparsemux_77_6_45_1_1_U537 SOURCE ./conv.h:66 VARIABLE tmp_i_56 LOOP L5_L4_L3 BUNDLEDNAME {} DSP 0 BRAM 0 URAM 0 STORAGESUBTYPE {} DISPNAME {bind_op sparsemux} VISIBLE false} {BINDTYPE op ID {} IMPL compactencoding_dontcare LATENCY 0 OPTYPE sparsemux PRAGMA {} RTLNAME sparsemux_77_6_45_1_1_U538 SOURCE ./conv.h:66 VARIABLE tmp_51_i LOOP L5_L4_L3 BUNDLEDNAME {} DSP 0 BRAM 0 URAM 0 STORAGESUBTYPE {} DISPNAME {bind_op sparsemux} VISIBLE false} {BINDTYPE op ID {} IMPL compactencoding_dontcare LATENCY 0 OPTYPE sparsemux PRAGMA {} RTLNAME sparsemux_77_6_45_1_1_U539 SOURCE ./conv.h:66 VARIABLE tmp_52_i LOOP L5_L4_L3 BUNDLEDNAME {} DSP 0 BRAM 0 URAM 0 STORAGESUBTYPE {} DISPNAME {bind_op sparsemux} VISIBLE false} {BINDTYPE op ID {} IMPL compactencoding_dontcare LATENCY 0 OPTYPE sparsemux PRAGMA {} RTLNAME sparsemux_77_6_45_1_1_U540 SOURCE ./conv.h:66 VARIABLE tmp_53_i LOOP L5_L4_L3 BUNDLEDNAME {} DSP 0 BRAM 0 URAM 0 STORAGESUBTYPE {} DISPNAME {bind_op sparsemux} VISIBLE false} {BINDTYPE op ID {} IMPL compactencoding_dontcare LATENCY 0 OPTYPE sparsemux PRAGMA {} RTLNAME sparsemux_77_6_45_1_1_U541 SOURCE ./conv.h:66 VARIABLE tmp_54_i LOOP L5_L4_L3 BUNDLEDNAME {} DSP 0 BRAM 0 URAM 0 STORAGESUBTYPE {} DISPNAME {bind_op sparsemux} VISIBLE false} {BINDTYPE op ID {} IMPL compactencoding_dontcare LATENCY 0 OPTYPE sparsemux PRAGMA {} RTLNAME sparsemux_77_6_45_1_1_U542 SOURCE ./conv.h:66 VARIABLE tmp_55_i LOOP L5_L4_L3 BUNDLEDNAME {} DSP 0 BRAM 0 URAM 0 STORAGESUBTYPE {} DISPNAME {bind_op sparsemux} VISIBLE false} {BINDTYPE op ID {} IMPL compactencoding_dontcare LATENCY 0 OPTYPE sparsemux PRAGMA {} RTLNAME sparsemux_77_6_45_1_1_U543 SOURCE ./conv.h:66 VARIABLE tmp_56_i LOOP L5_L4_L3 BUNDLEDNAME {} DSP 0 BRAM 0 URAM 0 STORAGESUBTYPE {} DISPNAME {bind_op sparsemux} VISIBLE false} {BINDTYPE op ID {} IMPL compactencoding_dontcare LATENCY 0 OPTYPE sparsemux PRAGMA {} RTLNAME sparsemux_77_6_45_1_1_U544 SOURCE ./conv.h:66 VARIABLE tmp_57_i LOOP L5_L4_L3 BUNDLEDNAME {} DSP 0 BRAM 0 URAM 0 STORAGESUBTYPE {} DISPNAME {bind_op sparsemux} VISIBLE false} {BINDTYPE op ID {} IMPL compactencoding_dontcare LATENCY 0 OPTYPE sparsemux PRAGMA {} RTLNAME sparsemux_19_4_45_1_1_U545 SOURCE ./conv.h:66 VARIABLE tmp_58_i LOOP L5_L4_L3 BUNDLEDNAME {} DSP 0 BRAM 0 URAM 0 STORAGESUBTYPE {} DISPNAME {bind_op sparsemux} VISIBLE false} {BINDTYPE op ID {} IMPL auto LATENCY 0 OPTYPE seteq PRAGMA {} RTLNAME icmp_ln66_fu_9997_p2 SOURCE ./conv.h:66 VARIABLE icmp_ln66 LOOP L5_L4_L3 BUNDLEDNAME {} DSP 0 BRAM 0 URAM 0 STORAGESUBTYPE {} DISPNAME {bind_op seteq} VISIBLE false} {BINDTYPE op ID {} IMPL auto_sel LATENCY 0 OPTYPE select PRAGMA {} RTLNAME select_ln66_fu_20188_p3 SOURCE ./conv.h:66 VARIABLE select_ln66 LOOP L5_L4_L3 BUNDLEDNAME {} DSP 0 BRAM 0 URAM 0 STORAGESUBTYPE {} DISPNAME {bind_op select} VISIBLE false} {BINDTYPE op ID {} IMPL fabric LATENCY 0 OPTYPE add PRAGMA {} RTLNAME add_ln61_10_fu_10002_p2 SOURCE ./conv.h:61 VARIABLE add_ln61_10 LOOP L5_L4_L3 BUNDLEDNAME {} DSP 0 BRAM 0 URAM 0 STORAGESUBTYPE {} DISPNAME {bind_op add} VISIBLE true} {BINDTYPE op ID {} IMPL fabric LATENCY 0 OPTYPE add PRAGMA {} RTLNAME add_ln61_1_fu_10012_p2 SOURCE ./conv.h:61 VARIABLE add_ln61_1 LOOP L5_L4_L3 BUNDLEDNAME {} DSP 0 BRAM 0 URAM 0 STORAGESUBTYPE {} DISPNAME {bind_op add} VISIBLE true} {BINDTYPE op ID {} IMPL compactencoding_dontcare LATENCY 0 OPTYPE sparsemux PRAGMA {} RTLNAME sparsemux_77_6_45_1_1_U546 SOURCE ./conv.h:66 VARIABLE tmp_59_i LOOP L5_L4_L3 BUNDLEDNAME {} DSP 0 BRAM 0 URAM 0 STORAGESUBTYPE {} DISPNAME {bind_op sparsemux} VISIBLE false} {BINDTYPE op ID {} IMPL compactencoding_dontcare LATENCY 0 OPTYPE sparsemux PRAGMA {} RTLNAME sparsemux_77_6_45_1_1_U547 SOURCE ./conv.h:66 VARIABLE tmp_60_i LOOP L5_L4_L3 BUNDLEDNAME {} DSP 0 BRAM 0 URAM 0 STORAGESUBTYPE {} DISPNAME {bind_op sparsemux} VISIBLE false} {BINDTYPE op ID {} IMPL compactencoding_dontcare LATENCY 0 OPTYPE sparsemux PRAGMA {} RTLNAME sparsemux_77_6_45_1_1_U548 SOURCE ./conv.h:66 VARIABLE tmp_61_i LOOP L5_L4_L3 BUNDLEDNAME {} DSP 0 BRAM 0 URAM 0 STORAGESUBTYPE {} DISPNAME {bind_op sparsemux} VISIBLE false} {BINDTYPE op ID {} IMPL compactencoding_dontcare LATENCY 0 OPTYPE sparsemux PRAGMA {} RTLNAME sparsemux_77_6_45_1_1_U549 SOURCE ./conv.h:66 VARIABLE tmp_62_i LOOP L5_L4_L3 BUNDLEDNAME {} DSP 0 BRAM 0 URAM 0 STORAGESUBTYPE {} DISPNAME {bind_op sparsemux} VISIBLE false} {BINDTYPE op ID {} IMPL compactencoding_dontcare LATENCY 0 OPTYPE sparsemux PRAGMA {} RTLNAME sparsemux_77_6_45_1_1_U550 SOURCE ./conv.h:66 VARIABLE tmp_63_i LOOP L5_L4_L3 BUNDLEDNAME {} DSP 0 BRAM 0 URAM 0 STORAGESUBTYPE {} DISPNAME {bind_op sparsemux} VISIBLE false} {BINDTYPE op ID {} IMPL compactencoding_dontcare LATENCY 0 OPTYPE sparsemux PRAGMA {} RTLNAME sparsemux_77_6_45_1_1_U551 SOURCE ./conv.h:66 VARIABLE tmp_64_i LOOP L5_L4_L3 BUNDLEDNAME {} DSP 0 BRAM 0 URAM 0 STORAGESUBTYPE {} DISPNAME {bind_op sparsemux} VISIBLE false} {BINDTYPE op ID {} IMPL compactencoding_dontcare LATENCY 0 OPTYPE sparsemux PRAGMA {} RTLNAME sparsemux_77_6_45_1_1_U552 SOURCE ./conv.h:66 VARIABLE tmp_65_i LOOP L5_L4_L3 BUNDLEDNAME {} DSP 0 BRAM 0 URAM 0 STORAGESUBTYPE {} DISPNAME {bind_op sparsemux} VISIBLE false} {BINDTYPE op ID {} IMPL compactencoding_dontcare LATENCY 0 OPTYPE sparsemux PRAGMA {} RTLNAME sparsemux_77_6_45_1_1_U553 SOURCE ./conv.h:66 VARIABLE tmp_66_i LOOP L5_L4_L3 BUNDLEDNAME {} DSP 0 BRAM 0 URAM 0 STORAGESUBTYPE {} DISPNAME {bind_op sparsemux} VISIBLE false} {BINDTYPE op ID {} IMPL compactencoding_dontcare LATENCY 0 OPTYPE sparsemux PRAGMA {} RTLNAME sparsemux_77_6_45_1_1_U554 SOURCE ./conv.h:66 VARIABLE tmp_67_i LOOP L5_L4_L3 BUNDLEDNAME {} DSP 0 BRAM 0 URAM 0 STORAGESUBTYPE {} DISPNAME {bind_op sparsemux} VISIBLE false} {BINDTYPE op ID {} IMPL compactencoding_dontcare LATENCY 0 OPTYPE sparsemux PRAGMA {} RTLNAME sparsemux_19_4_45_1_1_U555 SOURCE ./conv.h:66 VARIABLE tmp_68_i LOOP L5_L4_L3 BUNDLEDNAME {} DSP 0 BRAM 0 URAM 0 STORAGESUBTYPE {} DISPNAME {bind_op sparsemux} VISIBLE false} {BINDTYPE op ID {} IMPL auto_sel LATENCY 0 OPTYPE select PRAGMA {} RTLNAME select_ln66_1_fu_20198_p3 SOURCE ./conv.h:66 VARIABLE select_ln66_1 LOOP L5_L4_L3 BUNDLEDNAME {} DSP 0 BRAM 0 URAM 0 STORAGESUBTYPE {} DISPNAME {bind_op select} VISIBLE false} {BINDTYPE op ID {} IMPL fabric LATENCY 0 OPTYPE add PRAGMA {} RTLNAME add_ln61_11_fu_11160_p2 SOURCE ./conv.h:61 VARIABLE add_ln61_11 LOOP L5_L4_L3 BUNDLEDNAME {} DSP 0 BRAM 0 URAM 0 STORAGESUBTYPE {} DISPNAME {bind_op add} VISIBLE true} {BINDTYPE op ID {} IMPL fabric LATENCY 0 OPTYPE add PRAGMA {} RTLNAME add_ln61_2_fu_11170_p2 SOURCE ./conv.h:61 VARIABLE add_ln61_2 LOOP L5_L4_L3 BUNDLEDNAME {} DSP 0 BRAM 0 URAM 0 STORAGESUBTYPE {} DISPNAME {bind_op add} VISIBLE true} {BINDTYPE op ID {} IMPL compactencoding_dontcare LATENCY 0 OPTYPE sparsemux PRAGMA {} RTLNAME sparsemux_81_6_45_1_1_U556 SOURCE ./conv.h:66 VARIABLE tmp_69_i LOOP L5_L4_L3 BUNDLEDNAME {} DSP 0 BRAM 0 URAM 0 STORAGESUBTYPE {} DISPNAME {bind_op sparsemux} VISIBLE false} {BINDTYPE op ID {} IMPL compactencoding_dontcare LATENCY 0 OPTYPE sparsemux PRAGMA {} RTLNAME sparsemux_81_6_45_1_1_U557 SOURCE ./conv.h:66 VARIABLE tmp_70_i LOOP L5_L4_L3 BUNDLEDNAME {} DSP 0 BRAM 0 URAM 0 STORAGESUBTYPE {} DISPNAME {bind_op sparsemux} VISIBLE false} {BINDTYPE op ID {} IMPL compactencoding_dontcare LATENCY 0 OPTYPE sparsemux PRAGMA {} RTLNAME sparsemux_81_6_45_1_1_U558 SOURCE ./conv.h:66 VARIABLE tmp_71_i LOOP L5_L4_L3 BUNDLEDNAME {} DSP 0 BRAM 0 URAM 0 STORAGESUBTYPE {} DISPNAME {bind_op sparsemux} VISIBLE false} {BINDTYPE op ID {} IMPL compactencoding_dontcare LATENCY 0 OPTYPE sparsemux PRAGMA {} RTLNAME sparsemux_81_6_45_1_1_U559 SOURCE ./conv.h:66 VARIABLE tmp_72_i LOOP L5_L4_L3 BUNDLEDNAME {} DSP 0 BRAM 0 URAM 0 STORAGESUBTYPE {} DISPNAME {bind_op sparsemux} VISIBLE false} {BINDTYPE op ID {} IMPL compactencoding_dontcare LATENCY 0 OPTYPE sparsemux PRAGMA {} RTLNAME sparsemux_81_6_45_1_1_U560 SOURCE ./conv.h:66 VARIABLE tmp_73_i LOOP L5_L4_L3 BUNDLEDNAME {} DSP 0 BRAM 0 URAM 0 STORAGESUBTYPE {} DISPNAME {bind_op sparsemux} VISIBLE false} {BINDTYPE op ID {} IMPL compactencoding_dontcare LATENCY 0 OPTYPE sparsemux PRAGMA {} RTLNAME sparsemux_81_6_45_1_1_U561 SOURCE ./conv.h:66 VARIABLE tmp_74_i LOOP L5_L4_L3 BUNDLEDNAME {} DSP 0 BRAM 0 URAM 0 STORAGESUBTYPE {} DISPNAME {bind_op sparsemux} VISIBLE false} {BINDTYPE op ID {} IMPL compactencoding_dontcare LATENCY 0 OPTYPE sparsemux PRAGMA {} RTLNAME sparsemux_81_6_45_1_1_U562 SOURCE ./conv.h:66 VARIABLE tmp_75_i LOOP L5_L4_L3 BUNDLEDNAME {} DSP 0 BRAM 0 URAM 0 STORAGESUBTYPE {} DISPNAME {bind_op sparsemux} VISIBLE false} {BINDTYPE op ID {} IMPL compactencoding_dontcare LATENCY 0 OPTYPE sparsemux PRAGMA {} RTLNAME sparsemux_81_6_45_1_1_U563 SOURCE ./conv.h:66 VARIABLE tmp_76_i LOOP L5_L4_L3 BUNDLEDNAME {} DSP 0 BRAM 0 URAM 0 STORAGESUBTYPE {} DISPNAME {bind_op sparsemux} VISIBLE false} {BINDTYPE op ID {} IMPL compactencoding_dontcare LATENCY 0 OPTYPE sparsemux PRAGMA {} RTLNAME sparsemux_81_6_45_1_1_U564 SOURCE ./conv.h:66 VARIABLE tmp_77_i LOOP L5_L4_L3 BUNDLEDNAME {} DSP 0 BRAM 0 URAM 0 STORAGESUBTYPE {} DISPNAME {bind_op sparsemux} VISIBLE false} {BINDTYPE op ID {} IMPL compactencoding_dontcare LATENCY 0 OPTYPE sparsemux PRAGMA {} RTLNAME sparsemux_19_4_45_1_1_U565 SOURCE ./conv.h:66 VARIABLE tmp_78_i LOOP L5_L4_L3 BUNDLEDNAME {} DSP 0 BRAM 0 URAM 0 STORAGESUBTYPE {} DISPNAME {bind_op sparsemux} VISIBLE false} {BINDTYPE op ID {} IMPL auto_sel LATENCY 0 OPTYPE select PRAGMA {} RTLNAME select_ln66_2_fu_20208_p3 SOURCE ./conv.h:66 VARIABLE select_ln66_2 LOOP L5_L4_L3 BUNDLEDNAME {} DSP 0 BRAM 0 URAM 0 STORAGESUBTYPE {} DISPNAME {bind_op select} VISIBLE false} {BINDTYPE op ID {} IMPL fabric LATENCY 0 OPTYPE add PRAGMA {} RTLNAME add_ln61_3_fu_12372_p2 SOURCE ./conv.h:61 VARIABLE add_ln61_3 LOOP L5_L4_L3 BUNDLEDNAME {} DSP 0 BRAM 0 URAM 0 STORAGESUBTYPE {} DISPNAME {bind_op add} VISIBLE true} {BINDTYPE op ID {} IMPL compactencoding_dontcare LATENCY 0 OPTYPE sparsemux PRAGMA {} RTLNAME sparsemux_77_6_45_1_1_U566 SOURCE ./conv.h:66 VARIABLE tmp_79_i LOOP L5_L4_L3 BUNDLEDNAME {} DSP 0 BRAM 0 URAM 0 STORAGESUBTYPE {} DISPNAME {bind_op sparsemux} VISIBLE false} {BINDTYPE op ID {} IMPL compactencoding_dontcare LATENCY 0 OPTYPE sparsemux PRAGMA {} RTLNAME sparsemux_77_6_45_1_1_U567 SOURCE ./conv.h:66 VARIABLE tmp_80_i LOOP L5_L4_L3 BUNDLEDNAME {} DSP 0 BRAM 0 URAM 0 STORAGESUBTYPE {} DISPNAME {bind_op sparsemux} VISIBLE false} {BINDTYPE op ID {} IMPL compactencoding_dontcare LATENCY 0 OPTYPE sparsemux PRAGMA {} RTLNAME sparsemux_77_6_45_1_1_U568 SOURCE ./conv.h:66 VARIABLE tmp_81_i LOOP L5_L4_L3 BUNDLEDNAME {} DSP 0 BRAM 0 URAM 0 STORAGESUBTYPE {} DISPNAME {bind_op sparsemux} VISIBLE false} {BINDTYPE op ID {} IMPL compactencoding_dontcare LATENCY 0 OPTYPE sparsemux PRAGMA {} RTLNAME sparsemux_77_6_45_1_1_U569 SOURCE ./conv.h:66 VARIABLE tmp_82_i LOOP L5_L4_L3 BUNDLEDNAME {} DSP 0 BRAM 0 URAM 0 STORAGESUBTYPE {} DISPNAME {bind_op sparsemux} VISIBLE false} {BINDTYPE op ID {} IMPL compactencoding_dontcare LATENCY 0 OPTYPE sparsemux PRAGMA {} RTLNAME sparsemux_77_6_45_1_1_U570 SOURCE ./conv.h:66 VARIABLE tmp_83_i LOOP L5_L4_L3 BUNDLEDNAME {} DSP 0 BRAM 0 URAM 0 STORAGESUBTYPE {} DISPNAME {bind_op sparsemux} VISIBLE false} {BINDTYPE op ID {} IMPL compactencoding_dontcare LATENCY 0 OPTYPE sparsemux PRAGMA {} RTLNAME sparsemux_77_6_45_1_1_U571 SOURCE ./conv.h:66 VARIABLE tmp_84_i LOOP L5_L4_L3 BUNDLEDNAME {} DSP 0 BRAM 0 URAM 0 STORAGESUBTYPE {} DISPNAME {bind_op sparsemux} VISIBLE false} {BINDTYPE op ID {} IMPL compactencoding_dontcare LATENCY 0 OPTYPE sparsemux PRAGMA {} RTLNAME sparsemux_77_6_45_1_1_U572 SOURCE ./conv.h:66 VARIABLE tmp_85_i LOOP L5_L4_L3 BUNDLEDNAME {} DSP 0 BRAM 0 URAM 0 STORAGESUBTYPE {} DISPNAME {bind_op sparsemux} VISIBLE false} {BINDTYPE op ID {} IMPL compactencoding_dontcare LATENCY 0 OPTYPE sparsemux PRAGMA {} RTLNAME sparsemux_77_6_45_1_1_U573 SOURCE ./conv.h:66 VARIABLE tmp_86_i LOOP L5_L4_L3 BUNDLEDNAME {} DSP 0 BRAM 0 URAM 0 STORAGESUBTYPE {} DISPNAME {bind_op sparsemux} VISIBLE false} {BINDTYPE op ID {} IMPL compactencoding_dontcare LATENCY 0 OPTYPE sparsemux PRAGMA {} RTLNAME sparsemux_77_6_45_1_1_U574 SOURCE ./conv.h:66 VARIABLE tmp_87_i LOOP L5_L4_L3 BUNDLEDNAME {} DSP 0 BRAM 0 URAM 0 STORAGESUBTYPE {} DISPNAME {bind_op sparsemux} VISIBLE false} {BINDTYPE op ID {} IMPL compactencoding_dontcare LATENCY 0 OPTYPE sparsemux PRAGMA {} RTLNAME sparsemux_19_4_45_1_1_U575 SOURCE ./conv.h:66 VARIABLE tmp_88_i LOOP L5_L4_L3 BUNDLEDNAME {} DSP 0 BRAM 0 URAM 0 STORAGESUBTYPE {} DISPNAME {bind_op sparsemux} VISIBLE false} {BINDTYPE op ID {} IMPL auto_sel LATENCY 0 OPTYPE select PRAGMA {} RTLNAME select_ln66_3_fu_20218_p3 SOURCE ./conv.h:66 VARIABLE select_ln66_3 LOOP L5_L4_L3 BUNDLEDNAME {} DSP 0 BRAM 0 URAM 0 STORAGESUBTYPE {} DISPNAME {bind_op select} VISIBLE false} {BINDTYPE op ID {} IMPL fabric LATENCY 0 OPTYPE add PRAGMA {} RTLNAME add_ln61_4_fu_13520_p2 SOURCE ./conv.h:61 VARIABLE add_ln61_4 LOOP L5_L4_L3 BUNDLEDNAME {} DSP 0 BRAM 0 URAM 0 STORAGESUBTYPE {} DISPNAME {bind_op add} VISIBLE true} {BINDTYPE op ID {} IMPL compactencoding_dontcare LATENCY 0 OPTYPE sparsemux PRAGMA {} RTLNAME sparsemux_77_6_45_1_1_U576 SOURCE ./conv.h:66 VARIABLE tmp_89_i LOOP L5_L4_L3 BUNDLEDNAME {} DSP 0 BRAM 0 URAM 0 STORAGESUBTYPE {} DISPNAME {bind_op sparsemux} VISIBLE false} {BINDTYPE op ID {} IMPL compactencoding_dontcare LATENCY 0 OPTYPE sparsemux PRAGMA {} RTLNAME sparsemux_77_6_45_1_1_U577 SOURCE ./conv.h:66 VARIABLE tmp_90_i LOOP L5_L4_L3 BUNDLEDNAME {} DSP 0 BRAM 0 URAM 0 STORAGESUBTYPE {} DISPNAME {bind_op sparsemux} VISIBLE false} {BINDTYPE op ID {} IMPL compactencoding_dontcare LATENCY 0 OPTYPE sparsemux PRAGMA {} RTLNAME sparsemux_77_6_45_1_1_U578 SOURCE ./conv.h:66 VARIABLE tmp_91_i LOOP L5_L4_L3 BUNDLEDNAME {} DSP 0 BRAM 0 URAM 0 STORAGESUBTYPE {} DISPNAME {bind_op sparsemux} VISIBLE false} {BINDTYPE op ID {} IMPL compactencoding_dontcare LATENCY 0 OPTYPE sparsemux PRAGMA {} RTLNAME sparsemux_77_6_45_1_1_U579 SOURCE ./conv.h:66 VARIABLE tmp_92_i LOOP L5_L4_L3 BUNDLEDNAME {} DSP 0 BRAM 0 URAM 0 STORAGESUBTYPE {} DISPNAME {bind_op sparsemux} VISIBLE false} {BINDTYPE op ID {} IMPL compactencoding_dontcare LATENCY 0 OPTYPE sparsemux PRAGMA {} RTLNAME sparsemux_77_6_45_1_1_U580 SOURCE ./conv.h:66 VARIABLE tmp_93_i LOOP L5_L4_L3 BUNDLEDNAME {} DSP 0 BRAM 0 URAM 0 STORAGESUBTYPE {} DISPNAME {bind_op sparsemux} VISIBLE false} {BINDTYPE op ID {} IMPL compactencoding_dontcare LATENCY 0 OPTYPE sparsemux PRAGMA {} RTLNAME sparsemux_77_6_45_1_1_U581 SOURCE ./conv.h:66 VARIABLE tmp_94_i LOOP L5_L4_L3 BUNDLEDNAME {} DSP 0 BRAM 0 URAM 0 STORAGESUBTYPE {} DISPNAME {bind_op sparsemux} VISIBLE false} {BINDTYPE op ID {} IMPL compactencoding_dontcare LATENCY 0 OPTYPE sparsemux PRAGMA {} RTLNAME sparsemux_77_6_45_1_1_U582 SOURCE ./conv.h:66 VARIABLE tmp_95_i LOOP L5_L4_L3 BUNDLEDNAME {} DSP 0 BRAM 0 URAM 0 STORAGESUBTYPE {} DISPNAME {bind_op sparsemux} VISIBLE false} {BINDTYPE op ID {} IMPL compactencoding_dontcare LATENCY 0 OPTYPE sparsemux PRAGMA {} RTLNAME sparsemux_77_6_45_1_1_U583 SOURCE ./conv.h:66 VARIABLE tmp_96_i LOOP L5_L4_L3 BUNDLEDNAME {} DSP 0 BRAM 0 URAM 0 STORAGESUBTYPE {} DISPNAME {bind_op sparsemux} VISIBLE false} {BINDTYPE op ID {} IMPL compactencoding_dontcare LATENCY 0 OPTYPE sparsemux PRAGMA {} RTLNAME sparsemux_77_6_45_1_1_U584 SOURCE ./conv.h:66 VARIABLE tmp_97_i LOOP L5_L4_L3 BUNDLEDNAME {} DSP 0 BRAM 0 URAM 0 STORAGESUBTYPE {} DISPNAME {bind_op sparsemux} VISIBLE false} {BINDTYPE op ID {} IMPL compactencoding_dontcare LATENCY 0 OPTYPE sparsemux PRAGMA {} RTLNAME sparsemux_19_4_45_1_1_U585 SOURCE ./conv.h:66 VARIABLE tmp_98_i LOOP L5_L4_L3 BUNDLEDNAME {} DSP 0 BRAM 0 URAM 0 STORAGESUBTYPE {} DISPNAME {bind_op sparsemux} VISIBLE false} {BINDTYPE op ID {} IMPL auto_sel LATENCY 0 OPTYPE select PRAGMA {} RTLNAME select_ln66_4_fu_20228_p3 SOURCE ./conv.h:66 VARIABLE select_ln66_4 LOOP L5_L4_L3 BUNDLEDNAME {} DSP 0 BRAM 0 URAM 0 STORAGESUBTYPE {} DISPNAME {bind_op select} VISIBLE false} {BINDTYPE op ID {} IMPL fabric LATENCY 0 OPTYPE add PRAGMA {} RTLNAME add_ln61_5_fu_14668_p2 SOURCE ./conv.h:61 VARIABLE add_ln61_5 LOOP L5_L4_L3 BUNDLEDNAME {} DSP 0 BRAM 0 URAM 0 STORAGESUBTYPE {} DISPNAME {bind_op add} VISIBLE true} {BINDTYPE op ID {} IMPL compactencoding_dontcare LATENCY 0 OPTYPE sparsemux PRAGMA {} RTLNAME sparsemux_81_6_45_1_1_U586 SOURCE ./conv.h:66 VARIABLE tmp_99_i LOOP L5_L4_L3 BUNDLEDNAME {} DSP 0 BRAM 0 URAM 0 STORAGESUBTYPE {} DISPNAME {bind_op sparsemux} VISIBLE false} {BINDTYPE op ID {} IMPL compactencoding_dontcare LATENCY 0 OPTYPE sparsemux PRAGMA {} RTLNAME sparsemux_81_6_45_1_1_U587 SOURCE ./conv.h:66 VARIABLE tmp_100_i LOOP L5_L4_L3 BUNDLEDNAME {} DSP 0 BRAM 0 URAM 0 STORAGESUBTYPE {} DISPNAME {bind_op sparsemux} VISIBLE false} {BINDTYPE op ID {} IMPL compactencoding_dontcare LATENCY 0 OPTYPE sparsemux PRAGMA {} RTLNAME sparsemux_81_6_45_1_1_U588 SOURCE ./conv.h:66 VARIABLE tmp_101_i LOOP L5_L4_L3 BUNDLEDNAME {} DSP 0 BRAM 0 URAM 0 STORAGESUBTYPE {} DISPNAME {bind_op sparsemux} VISIBLE false} {BINDTYPE op ID {} IMPL compactencoding_dontcare LATENCY 0 OPTYPE sparsemux PRAGMA {} RTLNAME sparsemux_81_6_45_1_1_U589 SOURCE ./conv.h:66 VARIABLE tmp_102_i LOOP L5_L4_L3 BUNDLEDNAME {} DSP 0 BRAM 0 URAM 0 STORAGESUBTYPE {} DISPNAME {bind_op sparsemux} VISIBLE false} {BINDTYPE op ID {} IMPL compactencoding_dontcare LATENCY 0 OPTYPE sparsemux PRAGMA {} RTLNAME sparsemux_81_6_45_1_1_U590 SOURCE ./conv.h:66 VARIABLE tmp_103_i LOOP L5_L4_L3 BUNDLEDNAME {} DSP 0 BRAM 0 URAM 0 STORAGESUBTYPE {} DISPNAME {bind_op sparsemux} VISIBLE false} {BINDTYPE op ID {} IMPL compactencoding_dontcare LATENCY 0 OPTYPE sparsemux PRAGMA {} RTLNAME sparsemux_81_6_45_1_1_U591 SOURCE ./conv.h:66 VARIABLE tmp_104_i LOOP L5_L4_L3 BUNDLEDNAME {} DSP 0 BRAM 0 URAM 0 STORAGESUBTYPE {} DISPNAME {bind_op sparsemux} VISIBLE false} {BINDTYPE op ID {} IMPL compactencoding_dontcare LATENCY 0 OPTYPE sparsemux PRAGMA {} RTLNAME sparsemux_81_6_45_1_1_U592 SOURCE ./conv.h:66 VARIABLE tmp_105_i LOOP L5_L4_L3 BUNDLEDNAME {} DSP 0 BRAM 0 URAM 0 STORAGESUBTYPE {} DISPNAME {bind_op sparsemux} VISIBLE false} {BINDTYPE op ID {} IMPL compactencoding_dontcare LATENCY 0 OPTYPE sparsemux PRAGMA {} RTLNAME sparsemux_81_6_45_1_1_U593 SOURCE ./conv.h:66 VARIABLE tmp_106_i LOOP L5_L4_L3 BUNDLEDNAME {} DSP 0 BRAM 0 URAM 0 STORAGESUBTYPE {} DISPNAME {bind_op sparsemux} VISIBLE false} {BINDTYPE op ID {} IMPL compactencoding_dontcare LATENCY 0 OPTYPE sparsemux PRAGMA {} RTLNAME sparsemux_81_6_45_1_1_U594 SOURCE ./conv.h:66 VARIABLE tmp_107_i LOOP L5_L4_L3 BUNDLEDNAME {} DSP 0 BRAM 0 URAM 0 STORAGESUBTYPE {} DISPNAME {bind_op sparsemux} VISIBLE false} {BINDTYPE op ID {} IMPL compactencoding_dontcare LATENCY 0 OPTYPE sparsemux PRAGMA {} RTLNAME sparsemux_19_4_45_1_1_U595 SOURCE ./conv.h:66 VARIABLE tmp_108_i LOOP L5_L4_L3 BUNDLEDNAME {} DSP 0 BRAM 0 URAM 0 STORAGESUBTYPE {} DISPNAME {bind_op sparsemux} VISIBLE false} {BINDTYPE op ID {} IMPL auto_sel LATENCY 0 OPTYPE select PRAGMA {} RTLNAME select_ln66_5_fu_20238_p3 SOURCE ./conv.h:66 VARIABLE select_ln66_5 LOOP L5_L4_L3 BUNDLEDNAME {} DSP 0 BRAM 0 URAM 0 STORAGESUBTYPE {} DISPNAME {bind_op select} VISIBLE false} {BINDTYPE op ID {} IMPL fabric LATENCY 0 OPTYPE add PRAGMA {} RTLNAME add_ln61_6_fu_15870_p2 SOURCE ./conv.h:61 VARIABLE add_ln61_6 LOOP L5_L4_L3 BUNDLEDNAME {} DSP 0 BRAM 0 URAM 0 STORAGESUBTYPE {} DISPNAME {bind_op add} VISIBLE true} {BINDTYPE op ID {} IMPL compactencoding_dontcare LATENCY 0 OPTYPE sparsemux PRAGMA {} RTLNAME sparsemux_97_6_45_1_1_U596 SOURCE ./conv.h:66 VARIABLE tmp_109_i LOOP L5_L4_L3 BUNDLEDNAME {} DSP 0 BRAM 0 URAM 0 STORAGESUBTYPE {} DISPNAME {bind_op sparsemux} VISIBLE false} {BINDTYPE op ID {} IMPL compactencoding_dontcare LATENCY 0 OPTYPE sparsemux PRAGMA {} RTLNAME sparsemux_97_6_45_1_1_U597 SOURCE ./conv.h:66 VARIABLE tmp_110_i LOOP L5_L4_L3 BUNDLEDNAME {} DSP 0 BRAM 0 URAM 0 STORAGESUBTYPE {} DISPNAME {bind_op sparsemux} VISIBLE false} {BINDTYPE op ID {} IMPL compactencoding_dontcare LATENCY 0 OPTYPE sparsemux PRAGMA {} RTLNAME sparsemux_97_6_45_1_1_U598 SOURCE ./conv.h:66 VARIABLE tmp_111_i LOOP L5_L4_L3 BUNDLEDNAME {} DSP 0 BRAM 0 URAM 0 STORAGESUBTYPE {} DISPNAME {bind_op sparsemux} VISIBLE false} {BINDTYPE op ID {} IMPL compactencoding_dontcare LATENCY 0 OPTYPE sparsemux PRAGMA {} RTLNAME sparsemux_97_6_45_1_1_U599 SOURCE ./conv.h:66 VARIABLE tmp_112_i LOOP L5_L4_L3 BUNDLEDNAME {} DSP 0 BRAM 0 URAM 0 STORAGESUBTYPE {} DISPNAME {bind_op sparsemux} VISIBLE false} {BINDTYPE op ID {} IMPL compactencoding_dontcare LATENCY 0 OPTYPE sparsemux PRAGMA {} RTLNAME sparsemux_97_6_45_1_1_U600 SOURCE ./conv.h:66 VARIABLE tmp_113_i LOOP L5_L4_L3 BUNDLEDNAME {} DSP 0 BRAM 0 URAM 0 STORAGESUBTYPE {} DISPNAME {bind_op sparsemux} VISIBLE false} {BINDTYPE op ID {} IMPL compactencoding_dontcare LATENCY 0 OPTYPE sparsemux PRAGMA {} RTLNAME sparsemux_97_6_45_1_1_U601 SOURCE ./conv.h:66 VARIABLE tmp_114_i LOOP L5_L4_L3 BUNDLEDNAME {} DSP 0 BRAM 0 URAM 0 STORAGESUBTYPE {} DISPNAME {bind_op sparsemux} VISIBLE false} {BINDTYPE op ID {} IMPL compactencoding_dontcare LATENCY 0 OPTYPE sparsemux PRAGMA {} RTLNAME sparsemux_97_6_45_1_1_U602 SOURCE ./conv.h:66 VARIABLE tmp_115_i LOOP L5_L4_L3 BUNDLEDNAME {} DSP 0 BRAM 0 URAM 0 STORAGESUBTYPE {} DISPNAME {bind_op sparsemux} VISIBLE false} {BINDTYPE op ID {} IMPL compactencoding_dontcare LATENCY 0 OPTYPE sparsemux PRAGMA {} RTLNAME sparsemux_97_6_45_1_1_U603 SOURCE ./conv.h:66 VARIABLE tmp_116_i LOOP L5_L4_L3 BUNDLEDNAME {} DSP 0 BRAM 0 URAM 0 STORAGESUBTYPE {} DISPNAME {bind_op sparsemux} VISIBLE false} {BINDTYPE op ID {} IMPL compactencoding_dontcare LATENCY 0 OPTYPE sparsemux PRAGMA {} RTLNAME sparsemux_97_6_45_1_1_U604 SOURCE ./conv.h:66 VARIABLE tmp_117_i LOOP L5_L4_L3 BUNDLEDNAME {} DSP 0 BRAM 0 URAM 0 STORAGESUBTYPE {} DISPNAME {bind_op sparsemux} VISIBLE false} {BINDTYPE op ID {} IMPL compactencoding_dontcare LATENCY 0 OPTYPE sparsemux PRAGMA {} RTLNAME sparsemux_19_4_45_1_1_U605 SOURCE ./conv.h:66 VARIABLE tmp_118_i LOOP L5_L4_L3 BUNDLEDNAME {} DSP 0 BRAM 0 URAM 0 STORAGESUBTYPE {} DISPNAME {bind_op sparsemux} VISIBLE false} {BINDTYPE op ID {} IMPL auto_sel LATENCY 0 OPTYPE select PRAGMA {} RTLNAME select_ln66_6_fu_20248_p3 SOURCE ./conv.h:66 VARIABLE select_ln66_6 LOOP L5_L4_L3 BUNDLEDNAME {} DSP 0 BRAM 0 URAM 0 STORAGESUBTYPE {} DISPNAME {bind_op select} VISIBLE false} {BINDTYPE op ID {} IMPL fabric LATENCY 0 OPTYPE add PRAGMA {} RTLNAME add_ln61_7_fu_17288_p2 SOURCE ./conv.h:61 VARIABLE add_ln61_7 LOOP L5_L4_L3 BUNDLEDNAME {} DSP 0 BRAM 0 URAM 0 STORAGESUBTYPE {} DISPNAME {bind_op add} VISIBLE true} {BINDTYPE op ID {} IMPL compactencoding_dontcare LATENCY 0 OPTYPE sparsemux PRAGMA {} RTLNAME sparsemux_97_6_45_1_1_U606 SOURCE ./conv.h:66 VARIABLE tmp_119_i LOOP L5_L4_L3 BUNDLEDNAME {} DSP 0 BRAM 0 URAM 0 STORAGESUBTYPE {} DISPNAME {bind_op sparsemux} VISIBLE false} {BINDTYPE op ID {} IMPL compactencoding_dontcare LATENCY 0 OPTYPE sparsemux PRAGMA {} RTLNAME sparsemux_97_6_45_1_1_U607 SOURCE ./conv.h:66 VARIABLE tmp_120_i LOOP L5_L4_L3 BUNDLEDNAME {} DSP 0 BRAM 0 URAM 0 STORAGESUBTYPE {} DISPNAME {bind_op sparsemux} VISIBLE false} {BINDTYPE op ID {} IMPL compactencoding_dontcare LATENCY 0 OPTYPE sparsemux PRAGMA {} RTLNAME sparsemux_97_6_45_1_1_U608 SOURCE ./conv.h:66 VARIABLE tmp_121_i LOOP L5_L4_L3 BUNDLEDNAME {} DSP 0 BRAM 0 URAM 0 STORAGESUBTYPE {} DISPNAME {bind_op sparsemux} VISIBLE false} {BINDTYPE op ID {} IMPL compactencoding_dontcare LATENCY 0 OPTYPE sparsemux PRAGMA {} RTLNAME sparsemux_97_6_45_1_1_U609 SOURCE ./conv.h:66 VARIABLE tmp_122_i LOOP L5_L4_L3 BUNDLEDNAME {} DSP 0 BRAM 0 URAM 0 STORAGESUBTYPE {} DISPNAME {bind_op sparsemux} VISIBLE false} {BINDTYPE op ID {} IMPL compactencoding_dontcare LATENCY 0 OPTYPE sparsemux PRAGMA {} RTLNAME sparsemux_97_6_45_1_1_U610 SOURCE ./conv.h:66 VARIABLE tmp_123_i LOOP L5_L4_L3 BUNDLEDNAME {} DSP 0 BRAM 0 URAM 0 STORAGESUBTYPE {} DISPNAME {bind_op sparsemux} VISIBLE false} {BINDTYPE op ID {} IMPL compactencoding_dontcare LATENCY 0 OPTYPE sparsemux PRAGMA {} RTLNAME sparsemux_97_6_45_1_1_U611 SOURCE ./conv.h:66 VARIABLE tmp_124_i LOOP L5_L4_L3 BUNDLEDNAME {} DSP 0 BRAM 0 URAM 0 STORAGESUBTYPE {} DISPNAME {bind_op sparsemux} VISIBLE false} {BINDTYPE op ID {} IMPL compactencoding_dontcare LATENCY 0 OPTYPE sparsemux PRAGMA {} RTLNAME sparsemux_97_6_45_1_1_U612 SOURCE ./conv.h:66 VARIABLE tmp_125_i LOOP L5_L4_L3 BUNDLEDNAME {} DSP 0 BRAM 0 URAM 0 STORAGESUBTYPE {} DISPNAME {bind_op sparsemux} VISIBLE false} {BINDTYPE op ID {} IMPL compactencoding_dontcare LATENCY 0 OPTYPE sparsemux PRAGMA {} RTLNAME sparsemux_97_6_45_1_1_U613 SOURCE ./conv.h:66 VARIABLE tmp_126_i LOOP L5_L4_L3 BUNDLEDNAME {} DSP 0 BRAM 0 URAM 0 STORAGESUBTYPE {} DISPNAME {bind_op sparsemux} VISIBLE false} {BINDTYPE op ID {} IMPL compactencoding_dontcare LATENCY 0 OPTYPE sparsemux PRAGMA {} RTLNAME sparsemux_97_6_45_1_1_U614 SOURCE ./conv.h:66 VARIABLE tmp_127_i LOOP L5_L4_L3 BUNDLEDNAME {} DSP 0 BRAM 0 URAM 0 STORAGESUBTYPE {} DISPNAME {bind_op sparsemux} VISIBLE false} {BINDTYPE op ID {} IMPL compactencoding_dontcare LATENCY 0 OPTYPE sparsemux PRAGMA {} RTLNAME sparsemux_19_4_45_1_1_U615 SOURCE ./conv.h:66 VARIABLE tmp_128_i LOOP L5_L4_L3 BUNDLEDNAME {} DSP 0 BRAM 0 URAM 0 STORAGESUBTYPE {} DISPNAME {bind_op sparsemux} VISIBLE false} {BINDTYPE op ID {} IMPL auto_sel LATENCY 0 OPTYPE select PRAGMA {} RTLNAME select_ln66_7_fu_20258_p3 SOURCE ./conv.h:66 VARIABLE select_ln66_7 LOOP L5_L4_L3 BUNDLEDNAME {} DSP 0 BRAM 0 URAM 0 STORAGESUBTYPE {} DISPNAME {bind_op select} VISIBLE false} {BINDTYPE op ID {} IMPL fabric LATENCY 0 OPTYPE add PRAGMA {} RTLNAME add_ln61_8_fu_18706_p2 SOURCE ./conv.h:61 VARIABLE add_ln61_8 LOOP L5_L4_L3 BUNDLEDNAME {} DSP 0 BRAM 0 URAM 0 STORAGESUBTYPE {} DISPNAME {bind_op add} VISIBLE true} {BINDTYPE op ID {} IMPL compactencoding_dontcare LATENCY 0 OPTYPE sparsemux PRAGMA {} RTLNAME sparsemux_101_6_45_1_1_U616 SOURCE ./conv.h:66 VARIABLE tmp_129_i LOOP L5_L4_L3 BUNDLEDNAME {} DSP 0 BRAM 0 URAM 0 STORAGESUBTYPE {} DISPNAME {bind_op sparsemux} VISIBLE false} {BINDTYPE op ID {} IMPL compactencoding_dontcare LATENCY 0 OPTYPE sparsemux PRAGMA {} RTLNAME sparsemux_101_6_45_1_1_U617 SOURCE ./conv.h:66 VARIABLE tmp_130_i LOOP L5_L4_L3 BUNDLEDNAME {} DSP 0 BRAM 0 URAM 0 STORAGESUBTYPE {} DISPNAME {bind_op sparsemux} VISIBLE false} {BINDTYPE op ID {} IMPL compactencoding_dontcare LATENCY 0 OPTYPE sparsemux PRAGMA {} RTLNAME sparsemux_101_6_45_1_1_U618 SOURCE ./conv.h:66 VARIABLE tmp_131_i LOOP L5_L4_L3 BUNDLEDNAME {} DSP 0 BRAM 0 URAM 0 STORAGESUBTYPE {} DISPNAME {bind_op sparsemux} VISIBLE false} {BINDTYPE op ID {} IMPL compactencoding_dontcare LATENCY 0 OPTYPE sparsemux PRAGMA {} RTLNAME sparsemux_101_6_45_1_1_U619 SOURCE ./conv.h:66 VARIABLE tmp_132_i LOOP L5_L4_L3 BUNDLEDNAME {} DSP 0 BRAM 0 URAM 0 STORAGESUBTYPE {} DISPNAME {bind_op sparsemux} VISIBLE false} {BINDTYPE op ID {} IMPL compactencoding_dontcare LATENCY 0 OPTYPE sparsemux PRAGMA {} RTLNAME sparsemux_101_6_45_1_1_U620 SOURCE ./conv.h:66 VARIABLE tmp_133_i LOOP L5_L4_L3 BUNDLEDNAME {} DSP 0 BRAM 0 URAM 0 STORAGESUBTYPE {} DISPNAME {bind_op sparsemux} VISIBLE false} {BINDTYPE op ID {} IMPL compactencoding_dontcare LATENCY 0 OPTYPE sparsemux PRAGMA {} RTLNAME sparsemux_101_6_45_1_1_U621 SOURCE ./conv.h:66 VARIABLE tmp_134_i LOOP L5_L4_L3 BUNDLEDNAME {} DSP 0 BRAM 0 URAM 0 STORAGESUBTYPE {} DISPNAME {bind_op sparsemux} VISIBLE false} {BINDTYPE op ID {} IMPL compactencoding_dontcare LATENCY 0 OPTYPE sparsemux PRAGMA {} RTLNAME sparsemux_101_6_45_1_1_U622 SOURCE ./conv.h:66 VARIABLE tmp_135_i LOOP L5_L4_L3 BUNDLEDNAME {} DSP 0 BRAM 0 URAM 0 STORAGESUBTYPE {} DISPNAME {bind_op sparsemux} VISIBLE false} {BINDTYPE op ID {} IMPL compactencoding_dontcare LATENCY 0 OPTYPE sparsemux PRAGMA {} RTLNAME sparsemux_101_6_45_1_1_U623 SOURCE ./conv.h:66 VARIABLE tmp_136_i LOOP L5_L4_L3 BUNDLEDNAME {} DSP 0 BRAM 0 URAM 0 STORAGESUBTYPE {} DISPNAME {bind_op sparsemux} VISIBLE false} {BINDTYPE op ID {} IMPL compactencoding_dontcare LATENCY 0 OPTYPE sparsemux PRAGMA {} RTLNAME sparsemux_101_6_45_1_1_U624 SOURCE ./conv.h:66 VARIABLE tmp_137_i LOOP L5_L4_L3 BUNDLEDNAME {} DSP 0 BRAM 0 URAM 0 STORAGESUBTYPE {} DISPNAME {bind_op sparsemux} VISIBLE false} {BINDTYPE op ID {} IMPL compactencoding_dontcare LATENCY 0 OPTYPE sparsemux PRAGMA {} RTLNAME sparsemux_19_4_45_1_1_U625 SOURCE ./conv.h:66 VARIABLE tmp_138_i LOOP L5_L4_L3 BUNDLEDNAME {} DSP 0 BRAM 0 URAM 0 STORAGESUBTYPE {} DISPNAME {bind_op sparsemux} VISIBLE false} {BINDTYPE op ID {} IMPL auto_sel LATENCY 0 OPTYPE select PRAGMA {} RTLNAME select_ln66_8_fu_20268_p3 SOURCE ./conv.h:66 VARIABLE select_ln66_8 LOOP L5_L4_L3 BUNDLEDNAME {} DSP 0 BRAM 0 URAM 0 STORAGESUBTYPE {} DISPNAME {bind_op select} VISIBLE false} {BINDTYPE op ID {} IMPL auto LATENCY 1 OPTYPE mul PRAGMA {} RTLNAME mul_45s_8s_45_2_1_U511 SOURCE ./conv.h:66 VARIABLE mul_ln66 LOOP L5_L4_L3 BUNDLEDNAME {} DSP 3 BRAM 0 URAM 0 STORAGESUBTYPE {} DISPNAME {bind_op mul} VISIBLE true} {BINDTYPE op ID {} IMPL auto LATENCY 1 OPTYPE mul PRAGMA {} RTLNAME mul_45s_8s_45_2_1_U512 SOURCE ./conv.h:66 VARIABLE mul_ln66_1 LOOP L5_L4_L3 BUNDLEDNAME {} DSP 3 BRAM 0 URAM 0 STORAGESUBTYPE {} DISPNAME {bind_op mul} VISIBLE true} {BINDTYPE op ID {} IMPL auto LATENCY 1 OPTYPE mul PRAGMA {} RTLNAME mul_45s_8s_45_2_1_U513 SOURCE ./conv.h:66 VARIABLE mul_ln66_2 LOOP L5_L4_L3 BUNDLEDNAME {} DSP 3 BRAM 0 URAM 0 STORAGESUBTYPE {} DISPNAME {bind_op mul} VISIBLE true} {BINDTYPE op ID {} IMPL auto LATENCY 1 OPTYPE mul PRAGMA {} RTLNAME mul_45s_8s_45_2_1_U514 SOURCE ./conv.h:66 VARIABLE mul_ln66_3 LOOP L5_L4_L3 BUNDLEDNAME {} DSP 3 BRAM 0 URAM 0 STORAGESUBTYPE {} DISPNAME {bind_op mul} VISIBLE true} {BINDTYPE op ID {} IMPL auto LATENCY 1 OPTYPE mul PRAGMA {} RTLNAME mul_45s_8s_45_2_1_U515 SOURCE ./conv.h:66 VARIABLE mul_ln66_4 LOOP L5_L4_L3 BUNDLEDNAME {} DSP 3 BRAM 0 URAM 0 STORAGESUBTYPE {} DISPNAME {bind_op mul} VISIBLE true} {BINDTYPE op ID {} IMPL auto LATENCY 1 OPTYPE mul PRAGMA {} RTLNAME mul_45s_8s_45_2_1_U516 SOURCE ./conv.h:66 VARIABLE mul_ln66_5 LOOP L5_L4_L3 BUNDLEDNAME {} DSP 3 BRAM 0 URAM 0 STORAGESUBTYPE {} DISPNAME {bind_op mul} VISIBLE true} {BINDTYPE op ID {} IMPL auto LATENCY 1 OPTYPE mul PRAGMA {} RTLNAME mul_45s_8s_45_2_1_U517 SOURCE ./conv.h:66 VARIABLE mul_ln66_6 LOOP L5_L4_L3 BUNDLEDNAME {} DSP 3 BRAM 0 URAM 0 STORAGESUBTYPE {} DISPNAME {bind_op mul} VISIBLE true} {BINDTYPE op ID {} IMPL auto LATENCY 1 OPTYPE mul PRAGMA {} RTLNAME mul_45s_8s_45_2_1_U518 SOURCE ./conv.h:66 VARIABLE mul_ln66_7 LOOP L5_L4_L3 BUNDLEDNAME {} DSP 3 BRAM 0 URAM 0 STORAGESUBTYPE {} DISPNAME {bind_op mul} VISIBLE true} {BINDTYPE op ID {} IMPL auto LATENCY 1 OPTYPE mul PRAGMA {} RTLNAME mul_45s_8s_45_2_1_U519 SOURCE ./conv.h:66 VARIABLE mul_ln66_8 LOOP L5_L4_L3 BUNDLEDNAME {} DSP 3 BRAM 0 URAM 0 STORAGESUBTYPE {} DISPNAME {bind_op mul} VISIBLE true} {BINDTYPE op ID {} IMPL fabric LATENCY 0 OPTYPE add PRAGMA {} RTLNAME add_ln66_1_fu_20292_p2 SOURCE ./conv.h:66 VARIABLE add_ln66_1 LOOP L5_L4_L3 BUNDLEDNAME {} DSP 0 BRAM 0 URAM 0 STORAGESUBTYPE {} DISPNAME {bind_op add} VISIBLE true} {BINDTYPE op ID {} IMPL fabric LATENCY 0 OPTYPE add PRAGMA {} RTLNAME add_ln56_fu_8448_p2 SOURCE ./conv.h:56 VARIABLE add_ln56 LOOP L5_L4_L3 BUNDLEDNAME {} DSP 0 BRAM 0 URAM 0 STORAGESUBTYPE {} DISPNAME {bind_op add} VISIBLE true} {BINDTYPE op ID {} IMPL auto LATENCY 0 OPTYPE seteq PRAGMA {} RTLNAME icmp_ln56_1_fu_8454_p2 SOURCE ./conv.h:56 VARIABLE icmp_ln56_1 LOOP L5_L4_L3 BUNDLEDNAME {} DSP 0 BRAM 0 URAM 0 STORAGESUBTYPE {} DISPNAME {bind_op seteq} VISIBLE false} {BINDTYPE op ID {} IMPL auto LATENCY 0 OPTYPE mul PRAGMA {} RTLNAME mul_4ns_6ns_9_1_1_U535 SOURCE ./conv.h:54 VARIABLE mul LOOP L5_L4_L3 BUNDLEDNAME {} DSP 0 BRAM 0 URAM 0 STORAGESUBTYPE {} DISPNAME {bind_op mul} VISIBLE true} {BINDTYPE op ID {} IMPL fabric LATENCY 0 OPTYPE add PRAGMA {} RTLNAME s_mem_o_depth_i_fu_8638_p2 SOURCE ./conv.h:54 VARIABLE s_mem_o_depth_i LOOP L5_L4_L3 BUNDLEDNAME {} DSP 0 BRAM 0 URAM 0 STORAGESUBTYPE {} DISPNAME {bind_op add} VISIBLE true} {BINDTYPE op ID {} IMPL auto LATENCY 7 OPTYPE urem PRAGMA {} RTLNAME urem_4ns_4ns_4_8_1_U530 SOURCE ./conv.h:54 VARIABLE rem112_i LOOP L5_L4_L3 BUNDLEDNAME {} DSP 0 BRAM 0 URAM 0 STORAGESUBTYPE {} DISPNAME {bind_op urem} VISIBLE false} {BINDTYPE op ID {} IMPL fabric LATENCY 0 OPTYPE add PRAGMA {} RTLNAME add_ln54_4_fu_8221_p2 SOURCE ./conv.h:54 VARIABLE add_ln54_4 LOOP L5_L4_L3 BUNDLEDNAME {} DSP 0 BRAM 0 URAM 0 STORAGESUBTYPE {} DISPNAME {bind_op add} VISIBLE true} {BINDTYPE op ID {} IMPL auto_sel LATENCY 0 OPTYPE select PRAGMA {} RTLNAME select_ln54_1_fu_8227_p3 SOURCE ./conv.h:54 VARIABLE select_ln54_1 LOOP L5_L4_L3 BUNDLEDNAME {} DSP 0 BRAM 0 URAM 0 STORAGESUBTYPE {} DISPNAME {bind_op select} VISIBLE false}} AREA {DSP 27 BRAM 0 URAM 0}} conv_2_13_13_3_3_2_11_11_1_1_5_1_5_5_2_3_s {BINDINFO {{BINDTYPE op ID {} IMPL auto LATENCY 0 OPTYPE seteq PRAGMA {} RTLNAME icmp_ln39_fu_6651_p2 SOURCE ./conv.h:39 VARIABLE icmp_ln39 LOOP L6 BUNDLEDNAME {} DSP 0 BRAM 0 URAM 0 STORAGESUBTYPE {} DISPNAME {bind_op seteq} VISIBLE false} {BINDTYPE op ID {} IMPL fabric LATENCY 0 OPTYPE add PRAGMA {} RTLNAME s_och_2_fu_6657_p2 SOURCE ./conv.h:39 VARIABLE s_och_2 LOOP L6 BUNDLEDNAME {} DSP 0 BRAM 0 URAM 0 STORAGESUBTYPE {} DISPNAME {bind_op add} VISIBLE true}} AREA {DSP 27 BRAM 0 URAM 0}} out_conv2mem_Pipeline_VITIS_LOOP_41_4 {BINDINFO {{BINDTYPE op ID {} IMPL auto LATENCY 0 OPTYPE setgt PRAGMA {} RTLNAME cmp46_i_fu_617_p2 SOURCE {} VARIABLE cmp46_i LOOP {} BUNDLEDNAME {} DSP 0 BRAM 0 URAM 0 STORAGESUBTYPE {} DISPNAME {bind_op setgt} VISIBLE false} {BINDTYPE op ID {} IMPL auto LATENCY 0 OPTYPE setlt PRAGMA {} RTLNAME icmp_ln41_fu_631_p2 SOURCE top_wrapper.cpp:41 VARIABLE icmp_ln41 LOOP VITIS_LOOP_41_4 BUNDLEDNAME {} DSP 0 BRAM 0 URAM 0 STORAGESUBTYPE {} DISPNAME {bind_op setlt} VISIBLE false} {BINDTYPE op ID {} IMPL fabric LATENCY 0 OPTYPE add PRAGMA {} RTLNAME s_mem_i_fu_641_p2 SOURCE top_wrapper.cpp:41 VARIABLE s_mem_i LOOP VITIS_LOOP_41_4 BUNDLEDNAME {} DSP 0 BRAM 0 URAM 0 STORAGESUBTYPE {} DISPNAME {bind_op add} VISIBLE true} {BINDTYPE op ID {} IMPL fabric LATENCY 0 OPTYPE add PRAGMA {} RTLNAME in_w_fu_647_p2 SOURCE top_wrapper.cpp:41 VARIABLE in_w LOOP VITIS_LOOP_41_4 BUNDLEDNAME {} DSP 0 BRAM 0 URAM 0 STORAGESUBTYPE {} DISPNAME {bind_op add} VISIBLE true} {BINDTYPE op ID {} IMPL auto LATENCY 0 OPTYPE setlt PRAGMA {} RTLNAME cmp32_i_fu_653_p2 SOURCE top_wrapper.cpp:41 VARIABLE cmp32_i LOOP VITIS_LOOP_41_4 BUNDLEDNAME {} DSP 0 BRAM 0 URAM 0 STORAGESUBTYPE {} DISPNAME {bind_op setlt} VISIBLE false} {BINDTYPE op ID {} IMPL auto LATENCY 0 OPTYPE and PRAGMA {} RTLNAME brmerge_not_i_fu_659_p2 SOURCE top_wrapper.cpp:41 VARIABLE brmerge_not_i LOOP VITIS_LOOP_41_4 BUNDLEDNAME {} DSP 0 BRAM 0 URAM 0 STORAGESUBTYPE {} DISPNAME {bind_op and} VISIBLE false} {BINDTYPE op ID {} IMPL fabric LATENCY 0 OPTYPE add PRAGMA {} RTLNAME add_ln42_fu_677_p2 SOURCE top_wrapper.cpp:42 VARIABLE add_ln42 LOOP VITIS_LOOP_41_4 BUNDLEDNAME {} DSP 0 BRAM 0 URAM 0 STORAGESUBTYPE {} DISPNAME {bind_op add} VISIBLE true} {BINDTYPE op ID {} IMPL fabric LATENCY 0 OPTYPE add PRAGMA {} RTLNAME add_ln42_2_fu_695_p2 SOURCE top_wrapper.cpp:42 VARIABLE add_ln42_2 LOOP VITIS_LOOP_41_4 BUNDLEDNAME {} DSP 0 BRAM 0 URAM 0 STORAGESUBTYPE {} DISPNAME {bind_op add} VISIBLE true} {BINDTYPE op ID {} IMPL fabric LATENCY 0 OPTYPE add PRAGMA {} RTLNAME add_ln42_1_fu_928_p2 SOURCE top_wrapper.cpp:42 VARIABLE add_ln42_1 LOOP VITIS_LOOP_41_4 BUNDLEDNAME {} DSP 0 BRAM 0 URAM 0 STORAGESUBTYPE {} DISPNAME {bind_op add} VISIBLE true} {BINDTYPE op ID {} IMPL auto_sel LATENCY 0 OPTYPE select PRAGMA {} RTLNAME select_ln42_fu_701_p3 SOURCE top_wrapper.cpp:42 VARIABLE select_ln42 LOOP VITIS_LOOP_41_4 BUNDLEDNAME {} DSP 0 BRAM 0 URAM 0 STORAGESUBTYPE {} DISPNAME {bind_op select} VISIBLE false} {BINDTYPE op ID {} IMPL compactencoding_dontcare LATENCY 0 OPTYPE sparsemux PRAGMA {} RTLNAME sparsemux_51_5_32_1_1_U2006 SOURCE top_wrapper.cpp:46 VARIABLE val LOOP VITIS_LOOP_41_4 BUNDLEDNAME {} DSP 0 BRAM 0 URAM 0 STORAGESUBTYPE {} DISPNAME {bind_op sparsemux} VISIBLE false} {BINDTYPE op ID {} IMPL compactencoding_dontcare LATENCY 0 OPTYPE sparsemux PRAGMA {} RTLNAME sparsemux_51_5_32_1_1_U2007 SOURCE top_wrapper.cpp:46 VARIABLE val_1 LOOP VITIS_LOOP_41_4 BUNDLEDNAME {} DSP 0 BRAM 0 URAM 0 STORAGESUBTYPE {} DISPNAME {bind_op sparsemux} VISIBLE false} {BINDTYPE op ID {} IMPL fabric LATENCY 0 OPTYPE add PRAGMA {} RTLNAME s_fw_5_fu_943_p2 SOURCE top_wrapper.cpp:60 VARIABLE s_fw_5 LOOP VITIS_LOOP_41_4 BUNDLEDNAME {} DSP 0 BRAM 0 URAM 0 STORAGESUBTYPE {} DISPNAME {bind_op add} VISIBLE true} {BINDTYPE op ID {} IMPL auto_sel LATENCY 0 OPTYPE select PRAGMA {} RTLNAME s_fw_6_fu_948_p3 SOURCE top_wrapper.cpp:55 VARIABLE s_fw_6 LOOP VITIS_LOOP_41_4 BUNDLEDNAME {} DSP 0 BRAM 0 URAM 0 STORAGESUBTYPE {} DISPNAME {bind_op select} VISIBLE false} {BINDTYPE op ID {} IMPL fabric LATENCY 0 OPTYPE add PRAGMA {} RTLNAME s_fw_7_fu_954_p2 SOURCE top_wrapper.cpp:41 VARIABLE s_fw_7 LOOP VITIS_LOOP_41_4 BUNDLEDNAME {} DSP 0 BRAM 0 URAM 0 STORAGESUBTYPE {} DISPNAME {bind_op add} VISIBLE true}} AREA {DSP 0 BRAM 0 URAM 0}} out_conv2mem_2_13_13_3_3_2_11_11_1_162_1_1_5_5_2_3_s {BINDINFO {{BINDTYPE op ID {} IMPL auto LATENCY 0 OPTYPE mul PRAGMA {} RTLNAME mul_3ns_12ns_13_1_1_U2067 SOURCE top_wrapper.cpp:37 VARIABLE mul_ln37 LOOP {} BUNDLEDNAME {} DSP 0 BRAM 0 URAM 0 STORAGESUBTYPE {} DISPNAME {bind_op mul} VISIBLE true} {BINDTYPE op ID {} IMPL auto LATENCY 0 OPTYPE seteq PRAGMA {} RTLNAME icmp_ln37_fu_3847_p2 SOURCE top_wrapper.cpp:37 VARIABLE icmp_ln37 LOOP VITIS_LOOP_37_1 BUNDLEDNAME {} DSP 0 BRAM 0 URAM 0 STORAGESUBTYPE {} DISPNAME {bind_op seteq} VISIBLE false} {BINDTYPE op ID {} IMPL auto LATENCY 0 OPTYPE setgt PRAGMA {} RTLNAME cmp63_i_fu_3857_p2 SOURCE top_wrapper.cpp:37 VARIABLE cmp63_i LOOP VITIS_LOOP_37_1 BUNDLEDNAME {} DSP 0 BRAM 0 URAM 0 STORAGESUBTYPE {} DISPNAME {bind_op setgt} VISIBLE false} {BINDTYPE op ID {} IMPL auto LATENCY 0 OPTYPE setlt PRAGMA {} RTLNAME icmp_ln38_fu_3863_p2 SOURCE top_wrapper.cpp:38 VARIABLE icmp_ln38 LOOP VITIS_LOOP_38_2 BUNDLEDNAME {} DSP 0 BRAM 0 URAM 0 STORAGESUBTYPE {} DISPNAME {bind_op setlt} VISIBLE false} {BINDTYPE op ID {} IMPL fabric LATENCY 0 OPTYPE add PRAGMA {} RTLNAME mul_i_fu_3885_p2 SOURCE top_wrapper.cpp:38 VARIABLE mul_i LOOP VITIS_LOOP_38_2 BUNDLEDNAME {} DSP 0 BRAM 0 URAM 0 STORAGESUBTYPE {} DISPNAME {bind_op add} VISIBLE true} {BINDTYPE op ID {} IMPL fabric LATENCY 0 OPTYPE add PRAGMA {} RTLNAME in_h_fu_3891_p2 SOURCE top_wrapper.cpp:38 VARIABLE in_h LOOP VITIS_LOOP_38_2 BUNDLEDNAME {} DSP 0 BRAM 0 URAM 0 STORAGESUBTYPE {} DISPNAME {bind_op add} VISIBLE true} {BINDTYPE op ID {} IMPL auto LATENCY 0 OPTYPE setlt PRAGMA {} RTLNAME cmp31_i_fu_3896_p2 SOURCE top_wrapper.cpp:38 VARIABLE cmp31_i LOOP VITIS_LOOP_38_2 BUNDLEDNAME {} DSP 0 BRAM 0 URAM 0 STORAGESUBTYPE {} DISPNAME {bind_op setlt} VISIBLE false} {BINDTYPE op ID {} IMPL auto LATENCY 0 OPTYPE seteq PRAGMA {} RTLNAME icmp_ln40_fu_3967_p2 SOURCE top_wrapper.cpp:40 VARIABLE icmp_ln40 LOOP VITIS_LOOP_40_3 BUNDLEDNAME {} DSP 0 BRAM 0 URAM 0 STORAGESUBTYPE {} DISPNAME {bind_op seteq} VISIBLE false} {BINDTYPE op ID {} IMPL fabric LATENCY 0 OPTYPE add PRAGMA {} RTLNAME empty_42_fu_3977_p2 SOURCE top_wrapper.cpp:40 VARIABLE empty_42 LOOP VITIS_LOOP_40_3 BUNDLEDNAME {} DSP 0 BRAM 0 URAM 0 STORAGESUBTYPE {} DISPNAME {bind_op add} VISIBLE true} {BINDTYPE op ID {} IMPL compactencoding_dontcare LATENCY 0 OPTYPE sparsemux PRAGMA {} RTLNAME sparsemux_19_5_32_1_1_U2068 SOURCE top_wrapper.cpp:46 VARIABLE tmp_i LOOP VITIS_LOOP_40_3 BUNDLEDNAME {} DSP 0 BRAM 0 URAM 0 STORAGESUBTYPE {} DISPNAME {bind_op sparsemux} VISIBLE false} {BINDTYPE op ID {} IMPL compactencoding_dontcare LATENCY 0 OPTYPE sparsemux PRAGMA {} RTLNAME sparsemux_19_5_32_1_1_U2069 SOURCE top_wrapper.cpp:46 VARIABLE tmp_1_i LOOP VITIS_LOOP_40_3 BUNDLEDNAME {} DSP 0 BRAM 0 URAM 0 STORAGESUBTYPE {} DISPNAME {bind_op sparsemux} VISIBLE false} {BINDTYPE op ID {} IMPL compactencoding_dontcare LATENCY 0 OPTYPE sparsemux PRAGMA {} RTLNAME sparsemux_19_5_32_1_1_U2070 SOURCE top_wrapper.cpp:46 VARIABLE tmp_2_i LOOP VITIS_LOOP_40_3 BUNDLEDNAME {} DSP 0 BRAM 0 URAM 0 STORAGESUBTYPE {} DISPNAME {bind_op sparsemux} VISIBLE false} {BINDTYPE op ID {} IMPL compactencoding_dontcare LATENCY 0 OPTYPE sparsemux PRAGMA {} RTLNAME sparsemux_19_5_32_1_1_U2071 SOURCE top_wrapper.cpp:46 VARIABLE tmp_3_i LOOP VITIS_LOOP_40_3 BUNDLEDNAME {} DSP 0 BRAM 0 URAM 0 STORAGESUBTYPE {} DISPNAME {bind_op sparsemux} VISIBLE false} {BINDTYPE op ID {} IMPL compactencoding_dontcare LATENCY 0 OPTYPE sparsemux PRAGMA {} RTLNAME sparsemux_19_5_32_1_1_U2072 SOURCE top_wrapper.cpp:46 VARIABLE tmp_4_i LOOP VITIS_LOOP_40_3 BUNDLEDNAME {} DSP 0 BRAM 0 URAM 0 STORAGESUBTYPE {} DISPNAME {bind_op sparsemux} VISIBLE false} {BINDTYPE op ID {} IMPL compactencoding_dontcare LATENCY 0 OPTYPE sparsemux PRAGMA {} RTLNAME sparsemux_19_5_32_1_1_U2073 SOURCE top_wrapper.cpp:46 VARIABLE tmp_5_i LOOP VITIS_LOOP_40_3 BUNDLEDNAME {} DSP 0 BRAM 0 URAM 0 STORAGESUBTYPE {} DISPNAME {bind_op sparsemux} VISIBLE false} {BINDTYPE op ID {} IMPL compactencoding_dontcare LATENCY 0 OPTYPE sparsemux PRAGMA {} RTLNAME sparsemux_19_5_32_1_1_U2074 SOURCE top_wrapper.cpp:46 VARIABLE tmp_6_i LOOP VITIS_LOOP_40_3 BUNDLEDNAME {} DSP 0 BRAM 0 URAM 0 STORAGESUBTYPE {} DISPNAME {bind_op sparsemux} VISIBLE false} {BINDTYPE op ID {} IMPL compactencoding_dontcare LATENCY 0 OPTYPE sparsemux PRAGMA {} RTLNAME sparsemux_19_5_32_1_1_U2075 SOURCE top_wrapper.cpp:46 VARIABLE tmp_7_i LOOP VITIS_LOOP_40_3 BUNDLEDNAME {} DSP 0 BRAM 0 URAM 0 STORAGESUBTYPE {} DISPNAME {bind_op sparsemux} VISIBLE false} {BINDTYPE op ID {} IMPL compactencoding_dontcare LATENCY 0 OPTYPE sparsemux PRAGMA {} RTLNAME sparsemux_19_5_32_1_1_U2076 SOURCE top_wrapper.cpp:46 VARIABLE tmp_8_i LOOP VITIS_LOOP_40_3 BUNDLEDNAME {} DSP 0 BRAM 0 URAM 0 STORAGESUBTYPE {} DISPNAME {bind_op sparsemux} VISIBLE false} {BINDTYPE op ID {} IMPL compactencoding_dontcare LATENCY 0 OPTYPE sparsemux PRAGMA {} RTLNAME sparsemux_19_5_32_1_1_U2077 SOURCE top_wrapper.cpp:46 VARIABLE tmp_9_i LOOP VITIS_LOOP_40_3 BUNDLEDNAME {} DSP 0 BRAM 0 URAM 0 STORAGESUBTYPE {} DISPNAME {bind_op sparsemux} VISIBLE false} {BINDTYPE op ID {} IMPL compactencoding_dontcare LATENCY 0 OPTYPE sparsemux PRAGMA {} RTLNAME sparsemux_19_5_32_1_1_U2078 SOURCE top_wrapper.cpp:46 VARIABLE tmp_i_43 LOOP VITIS_LOOP_40_3 BUNDLEDNAME {} DSP 0 BRAM 0 URAM 0 STORAGESUBTYPE {} DISPNAME {bind_op sparsemux} VISIBLE false} {BINDTYPE op ID {} IMPL compactencoding_dontcare LATENCY 0 OPTYPE sparsemux PRAGMA {} RTLNAME sparsemux_19_5_32_1_1_U2079 SOURCE top_wrapper.cpp:46 VARIABLE tmp_10_i LOOP VITIS_LOOP_40_3 BUNDLEDNAME {} DSP 0 BRAM 0 URAM 0 STORAGESUBTYPE {} DISPNAME {bind_op sparsemux} VISIBLE false} {BINDTYPE op ID {} IMPL compactencoding_dontcare LATENCY 0 OPTYPE sparsemux PRAGMA {} RTLNAME sparsemux_19_5_32_1_1_U2080 SOURCE top_wrapper.cpp:46 VARIABLE tmp_11_i LOOP VITIS_LOOP_40_3 BUNDLEDNAME {} DSP 0 BRAM 0 URAM 0 STORAGESUBTYPE {} DISPNAME {bind_op sparsemux} VISIBLE false} {BINDTYPE op ID {} IMPL compactencoding_dontcare LATENCY 0 OPTYPE sparsemux PRAGMA {} RTLNAME sparsemux_19_5_32_1_1_U2081 SOURCE top_wrapper.cpp:46 VARIABLE tmp_12_i LOOP VITIS_LOOP_40_3 BUNDLEDNAME {} DSP 0 BRAM 0 URAM 0 STORAGESUBTYPE {} DISPNAME {bind_op sparsemux} VISIBLE false} {BINDTYPE op ID {} IMPL compactencoding_dontcare LATENCY 0 OPTYPE sparsemux PRAGMA {} RTLNAME sparsemux_19_5_32_1_1_U2082 SOURCE top_wrapper.cpp:46 VARIABLE tmp_13_i LOOP VITIS_LOOP_40_3 BUNDLEDNAME {} DSP 0 BRAM 0 URAM 0 STORAGESUBTYPE {} DISPNAME {bind_op sparsemux} VISIBLE false} {BINDTYPE op ID {} IMPL compactencoding_dontcare LATENCY 0 OPTYPE sparsemux PRAGMA {} RTLNAME sparsemux_19_5_32_1_1_U2083 SOURCE top_wrapper.cpp:46 VARIABLE tmp_14_i LOOP VITIS_LOOP_40_3 BUNDLEDNAME {} DSP 0 BRAM 0 URAM 0 STORAGESUBTYPE {} DISPNAME {bind_op sparsemux} VISIBLE false} {BINDTYPE op ID {} IMPL compactencoding_dontcare LATENCY 0 OPTYPE sparsemux PRAGMA {} RTLNAME sparsemux_19_5_32_1_1_U2084 SOURCE top_wrapper.cpp:46 VARIABLE tmp_15_i LOOP VITIS_LOOP_40_3 BUNDLEDNAME {} DSP 0 BRAM 0 URAM 0 STORAGESUBTYPE {} DISPNAME {bind_op sparsemux} VISIBLE false} {BINDTYPE op ID {} IMPL compactencoding_dontcare LATENCY 0 OPTYPE sparsemux PRAGMA {} RTLNAME sparsemux_19_5_32_1_1_U2085 SOURCE top_wrapper.cpp:46 VARIABLE tmp_16_i LOOP VITIS_LOOP_40_3 BUNDLEDNAME {} DSP 0 BRAM 0 URAM 0 STORAGESUBTYPE {} DISPNAME {bind_op sparsemux} VISIBLE false} {BINDTYPE op ID {} IMPL compactencoding_dontcare LATENCY 0 OPTYPE sparsemux PRAGMA {} RTLNAME sparsemux_19_5_32_1_1_U2086 SOURCE top_wrapper.cpp:46 VARIABLE tmp_17_i LOOP VITIS_LOOP_40_3 BUNDLEDNAME {} DSP 0 BRAM 0 URAM 0 STORAGESUBTYPE {} DISPNAME {bind_op sparsemux} VISIBLE false} {BINDTYPE op ID {} IMPL compactencoding_dontcare LATENCY 0 OPTYPE sparsemux PRAGMA {} RTLNAME sparsemux_19_5_32_1_1_U2087 SOURCE top_wrapper.cpp:46 VARIABLE tmp_18_i LOOP VITIS_LOOP_40_3 BUNDLEDNAME {} DSP 0 BRAM 0 URAM 0 STORAGESUBTYPE {} DISPNAME {bind_op sparsemux} VISIBLE false} {BINDTYPE op ID {} IMPL compactencoding_dontcare LATENCY 0 OPTYPE sparsemux PRAGMA {} RTLNAME sparsemux_19_5_32_1_1_U2088 SOURCE top_wrapper.cpp:46 VARIABLE tmp_19_i LOOP VITIS_LOOP_40_3 BUNDLEDNAME {} DSP 0 BRAM 0 URAM 0 STORAGESUBTYPE {} DISPNAME {bind_op sparsemux} VISIBLE false} {BINDTYPE op ID {} IMPL compactencoding_dontcare LATENCY 0 OPTYPE sparsemux PRAGMA {} RTLNAME sparsemux_19_5_32_1_1_U2089 SOURCE top_wrapper.cpp:46 VARIABLE tmp_20_i LOOP VITIS_LOOP_40_3 BUNDLEDNAME {} DSP 0 BRAM 0 URAM 0 STORAGESUBTYPE {} DISPNAME {bind_op sparsemux} VISIBLE false} {BINDTYPE op ID {} IMPL compactencoding_dontcare LATENCY 0 OPTYPE sparsemux PRAGMA {} RTLNAME sparsemux_19_5_32_1_1_U2090 SOURCE top_wrapper.cpp:46 VARIABLE tmp_21_i LOOP VITIS_LOOP_40_3 BUNDLEDNAME {} DSP 0 BRAM 0 URAM 0 STORAGESUBTYPE {} DISPNAME {bind_op sparsemux} VISIBLE false} {BINDTYPE op ID {} IMPL compactencoding_dontcare LATENCY 0 OPTYPE sparsemux PRAGMA {} RTLNAME sparsemux_19_5_32_1_1_U2091 SOURCE top_wrapper.cpp:46 VARIABLE tmp_22_i LOOP VITIS_LOOP_40_3 BUNDLEDNAME {} DSP 0 BRAM 0 URAM 0 STORAGESUBTYPE {} DISPNAME {bind_op sparsemux} VISIBLE false} {BINDTYPE op ID {} IMPL compactencoding_dontcare LATENCY 0 OPTYPE sparsemux PRAGMA {} RTLNAME sparsemux_19_5_32_1_1_U2092 SOURCE top_wrapper.cpp:46 VARIABLE tmp_23_i LOOP VITIS_LOOP_40_3 BUNDLEDNAME {} DSP 0 BRAM 0 URAM 0 STORAGESUBTYPE {} DISPNAME {bind_op sparsemux} VISIBLE false} {BINDTYPE op ID {} IMPL compactencoding_dontcare LATENCY 0 OPTYPE sparsemux PRAGMA {} RTLNAME sparsemux_19_5_32_1_1_U2093 SOURCE top_wrapper.cpp:46 VARIABLE tmp_24_i LOOP VITIS_LOOP_40_3 BUNDLEDNAME {} DSP 0 BRAM 0 URAM 0 STORAGESUBTYPE {} DISPNAME {bind_op sparsemux} VISIBLE false} {BINDTYPE op ID {} IMPL compactencoding_dontcare LATENCY 0 OPTYPE sparsemux PRAGMA {} RTLNAME sparsemux_19_5_32_1_1_U2094 SOURCE top_wrapper.cpp:46 VARIABLE tmp_25_i LOOP VITIS_LOOP_40_3 BUNDLEDNAME {} DSP 0 BRAM 0 URAM 0 STORAGESUBTYPE {} DISPNAME {bind_op sparsemux} VISIBLE false} {BINDTYPE op ID {} IMPL compactencoding_dontcare LATENCY 0 OPTYPE sparsemux PRAGMA {} RTLNAME sparsemux_19_5_32_1_1_U2095 SOURCE top_wrapper.cpp:46 VARIABLE tmp_26_i LOOP VITIS_LOOP_40_3 BUNDLEDNAME {} DSP 0 BRAM 0 URAM 0 STORAGESUBTYPE {} DISPNAME {bind_op sparsemux} VISIBLE false} {BINDTYPE op ID {} IMPL compactencoding_dontcare LATENCY 0 OPTYPE sparsemux PRAGMA {} RTLNAME sparsemux_19_5_32_1_1_U2096 SOURCE top_wrapper.cpp:46 VARIABLE tmp_27_i LOOP VITIS_LOOP_40_3 BUNDLEDNAME {} DSP 0 BRAM 0 URAM 0 STORAGESUBTYPE {} DISPNAME {bind_op sparsemux} VISIBLE false} {BINDTYPE op ID {} IMPL compactencoding_dontcare LATENCY 0 OPTYPE sparsemux PRAGMA {} RTLNAME sparsemux_19_5_32_1_1_U2097 SOURCE top_wrapper.cpp:46 VARIABLE tmp_28_i LOOP VITIS_LOOP_40_3 BUNDLEDNAME {} DSP 0 BRAM 0 URAM 0 STORAGESUBTYPE {} DISPNAME {bind_op sparsemux} VISIBLE false} {BINDTYPE op ID {} IMPL compactencoding_dontcare LATENCY 0 OPTYPE sparsemux PRAGMA {} RTLNAME sparsemux_19_5_32_1_1_U2098 SOURCE top_wrapper.cpp:46 VARIABLE tmp_29_i LOOP VITIS_LOOP_40_3 BUNDLEDNAME {} DSP 0 BRAM 0 URAM 0 STORAGESUBTYPE {} DISPNAME {bind_op sparsemux} VISIBLE false} {BINDTYPE op ID {} IMPL compactencoding_dontcare LATENCY 0 OPTYPE sparsemux PRAGMA {} RTLNAME sparsemux_19_5_32_1_1_U2099 SOURCE top_wrapper.cpp:46 VARIABLE tmp_30_i LOOP VITIS_LOOP_40_3 BUNDLEDNAME {} DSP 0 BRAM 0 URAM 0 STORAGESUBTYPE {} DISPNAME {bind_op sparsemux} VISIBLE false} {BINDTYPE op ID {} IMPL compactencoding_dontcare LATENCY 0 OPTYPE sparsemux PRAGMA {} RTLNAME sparsemux_19_5_32_1_1_U2100 SOURCE top_wrapper.cpp:46 VARIABLE tmp_31_i LOOP VITIS_LOOP_40_3 BUNDLEDNAME {} DSP 0 BRAM 0 URAM 0 STORAGESUBTYPE {} DISPNAME {bind_op sparsemux} VISIBLE false} {BINDTYPE op ID {} IMPL compactencoding_dontcare LATENCY 0 OPTYPE sparsemux PRAGMA {} RTLNAME sparsemux_19_5_32_1_1_U2101 SOURCE top_wrapper.cpp:46 VARIABLE tmp_32_i LOOP VITIS_LOOP_40_3 BUNDLEDNAME {} DSP 0 BRAM 0 URAM 0 STORAGESUBTYPE {} DISPNAME {bind_op sparsemux} VISIBLE false} {BINDTYPE op ID {} IMPL compactencoding_dontcare LATENCY 0 OPTYPE sparsemux PRAGMA {} RTLNAME sparsemux_19_5_32_1_1_U2102 SOURCE top_wrapper.cpp:46 VARIABLE tmp_33_i LOOP VITIS_LOOP_40_3 BUNDLEDNAME {} DSP 0 BRAM 0 URAM 0 STORAGESUBTYPE {} DISPNAME {bind_op sparsemux} VISIBLE false} {BINDTYPE op ID {} IMPL compactencoding_dontcare LATENCY 0 OPTYPE sparsemux PRAGMA {} RTLNAME sparsemux_19_5_32_1_1_U2103 SOURCE top_wrapper.cpp:46 VARIABLE tmp_34_i LOOP VITIS_LOOP_40_3 BUNDLEDNAME {} DSP 0 BRAM 0 URAM 0 STORAGESUBTYPE {} DISPNAME {bind_op sparsemux} VISIBLE false} {BINDTYPE op ID {} IMPL compactencoding_dontcare LATENCY 0 OPTYPE sparsemux PRAGMA {} RTLNAME sparsemux_19_5_32_1_1_U2104 SOURCE top_wrapper.cpp:46 VARIABLE tmp_35_i LOOP VITIS_LOOP_40_3 BUNDLEDNAME {} DSP 0 BRAM 0 URAM 0 STORAGESUBTYPE {} DISPNAME {bind_op sparsemux} VISIBLE false} {BINDTYPE op ID {} IMPL compactencoding_dontcare LATENCY 0 OPTYPE sparsemux PRAGMA {} RTLNAME sparsemux_19_5_32_1_1_U2105 SOURCE top_wrapper.cpp:46 VARIABLE tmp_36_i LOOP VITIS_LOOP_40_3 BUNDLEDNAME {} DSP 0 BRAM 0 URAM 0 STORAGESUBTYPE {} DISPNAME {bind_op sparsemux} VISIBLE false} {BINDTYPE op ID {} IMPL compactencoding_dontcare LATENCY 0 OPTYPE sparsemux PRAGMA {} RTLNAME sparsemux_19_5_32_1_1_U2106 SOURCE top_wrapper.cpp:46 VARIABLE tmp_37_i LOOP VITIS_LOOP_40_3 BUNDLEDNAME {} DSP 0 BRAM 0 URAM 0 STORAGESUBTYPE {} DISPNAME {bind_op sparsemux} VISIBLE false} {BINDTYPE op ID {} IMPL compactencoding_dontcare LATENCY 0 OPTYPE sparsemux PRAGMA {} RTLNAME sparsemux_19_5_32_1_1_U2107 SOURCE top_wrapper.cpp:46 VARIABLE tmp_38_i LOOP VITIS_LOOP_40_3 BUNDLEDNAME {} DSP 0 BRAM 0 URAM 0 STORAGESUBTYPE {} DISPNAME {bind_op sparsemux} VISIBLE false} {BINDTYPE op ID {} IMPL compactencoding_dontcare LATENCY 0 OPTYPE sparsemux PRAGMA {} RTLNAME sparsemux_19_5_32_1_1_U2108 SOURCE top_wrapper.cpp:46 VARIABLE tmp_39_i LOOP VITIS_LOOP_40_3 BUNDLEDNAME {} DSP 0 BRAM 0 URAM 0 STORAGESUBTYPE {} DISPNAME {bind_op sparsemux} VISIBLE false} {BINDTYPE op ID {} IMPL compactencoding_dontcare LATENCY 0 OPTYPE sparsemux PRAGMA {} RTLNAME sparsemux_19_5_32_1_1_U2109 SOURCE top_wrapper.cpp:46 VARIABLE tmp_40_i LOOP VITIS_LOOP_40_3 BUNDLEDNAME {} DSP 0 BRAM 0 URAM 0 STORAGESUBTYPE {} DISPNAME {bind_op sparsemux} VISIBLE false} {BINDTYPE op ID {} IMPL compactencoding_dontcare LATENCY 0 OPTYPE sparsemux PRAGMA {} RTLNAME sparsemux_19_5_32_1_1_U2110 SOURCE top_wrapper.cpp:46 VARIABLE tmp_41_i LOOP VITIS_LOOP_40_3 BUNDLEDNAME {} DSP 0 BRAM 0 URAM 0 STORAGESUBTYPE {} DISPNAME {bind_op sparsemux} VISIBLE false} {BINDTYPE op ID {} IMPL compactencoding_dontcare LATENCY 0 OPTYPE sparsemux PRAGMA {} RTLNAME sparsemux_19_5_32_1_1_U2111 SOURCE top_wrapper.cpp:46 VARIABLE tmp_42_i LOOP VITIS_LOOP_40_3 BUNDLEDNAME {} DSP 0 BRAM 0 URAM 0 STORAGESUBTYPE {} DISPNAME {bind_op sparsemux} VISIBLE false} {BINDTYPE op ID {} IMPL compactencoding_dontcare LATENCY 0 OPTYPE sparsemux PRAGMA {} RTLNAME sparsemux_19_5_32_1_1_U2112 SOURCE top_wrapper.cpp:46 VARIABLE tmp_43_i LOOP VITIS_LOOP_40_3 BUNDLEDNAME {} DSP 0 BRAM 0 URAM 0 STORAGESUBTYPE {} DISPNAME {bind_op sparsemux} VISIBLE false} {BINDTYPE op ID {} IMPL compactencoding_dontcare LATENCY 0 OPTYPE sparsemux PRAGMA {} RTLNAME sparsemux_19_5_32_1_1_U2113 SOURCE top_wrapper.cpp:46 VARIABLE tmp_44_i LOOP VITIS_LOOP_40_3 BUNDLEDNAME {} DSP 0 BRAM 0 URAM 0 STORAGESUBTYPE {} DISPNAME {bind_op sparsemux} VISIBLE false} {BINDTYPE op ID {} IMPL compactencoding_dontcare LATENCY 0 OPTYPE sparsemux PRAGMA {} RTLNAME sparsemux_19_5_32_1_1_U2114 SOURCE top_wrapper.cpp:46 VARIABLE tmp_45_i LOOP VITIS_LOOP_40_3 BUNDLEDNAME {} DSP 0 BRAM 0 URAM 0 STORAGESUBTYPE {} DISPNAME {bind_op sparsemux} VISIBLE false} {BINDTYPE op ID {} IMPL compactencoding_dontcare LATENCY 0 OPTYPE sparsemux PRAGMA {} RTLNAME sparsemux_19_5_32_1_1_U2115 SOURCE top_wrapper.cpp:46 VARIABLE tmp_46_i LOOP VITIS_LOOP_40_3 BUNDLEDNAME {} DSP 0 BRAM 0 URAM 0 STORAGESUBTYPE {} DISPNAME {bind_op sparsemux} VISIBLE false} {BINDTYPE op ID {} IMPL compactencoding_dontcare LATENCY 0 OPTYPE sparsemux PRAGMA {} RTLNAME sparsemux_19_5_32_1_1_U2116 SOURCE top_wrapper.cpp:46 VARIABLE tmp_47_i LOOP VITIS_LOOP_40_3 BUNDLEDNAME {} DSP 0 BRAM 0 URAM 0 STORAGESUBTYPE {} DISPNAME {bind_op sparsemux} VISIBLE false} {BINDTYPE op ID {} IMPL compactencoding_dontcare LATENCY 0 OPTYPE sparsemux PRAGMA {} RTLNAME sparsemux_19_5_32_1_1_U2117 SOURCE top_wrapper.cpp:46 VARIABLE tmp_48_i LOOP VITIS_LOOP_40_3 BUNDLEDNAME {} DSP 0 BRAM 0 URAM 0 STORAGESUBTYPE {} DISPNAME {bind_op sparsemux} VISIBLE false} {BINDTYPE op ID {} IMPL fabric LATENCY 0 OPTYPE add PRAGMA {} RTLNAME add_ln65_fu_5733_p2 SOURCE top_wrapper.cpp:65 VARIABLE add_ln65 LOOP VITIS_LOOP_40_3 BUNDLEDNAME {} DSP 0 BRAM 0 URAM 0 STORAGESUBTYPE {} DISPNAME {bind_op add} VISIBLE true} {BINDTYPE op ID {} IMPL fabric LATENCY 0 OPTYPE add PRAGMA {} RTLNAME s_iw_1_fu_5739_p2 SOURCE top_wrapper.cpp:40 VARIABLE s_iw_1 LOOP VITIS_LOOP_40_3 BUNDLEDNAME {} DSP 0 BRAM 0 URAM 0 STORAGESUBTYPE {} DISPNAME {bind_op add} VISIBLE true} {BINDTYPE op ID {} IMPL fabric LATENCY 0 OPTYPE add PRAGMA {} RTLNAME s_fh_1_fu_5745_p2 SOURCE top_wrapper.cpp:72 VARIABLE s_fh_1 LOOP VITIS_LOOP_38_2 BUNDLEDNAME {} DSP 0 BRAM 0 URAM 0 STORAGESUBTYPE {} DISPNAME {bind_op add} VISIBLE true} {BINDTYPE op ID {} IMPL auto_sel LATENCY 0 OPTYPE select PRAGMA {} RTLNAME s_fh_2_fu_5751_p3 SOURCE top_wrapper.cpp:67 VARIABLE s_fh_2 LOOP VITIS_LOOP_38_2 BUNDLEDNAME {} DSP 0 BRAM 0 URAM 0 STORAGESUBTYPE {} DISPNAME {bind_op select} VISIBLE false} {BINDTYPE op ID {} IMPL fabric LATENCY 0 OPTYPE add PRAGMA {} RTLNAME s_fh_3_fu_5758_p2 SOURCE top_wrapper.cpp:38 VARIABLE s_fh_3 LOOP VITIS_LOOP_38_2 BUNDLEDNAME {} DSP 0 BRAM 0 URAM 0 STORAGESUBTYPE {} DISPNAME {bind_op add} VISIBLE true} {BINDTYPE op ID {} IMPL fabric LATENCY 0 OPTYPE add PRAGMA {} RTLNAME add_ln77_fu_3946_p2 SOURCE top_wrapper.cpp:77 VARIABLE add_ln77 LOOP VITIS_LOOP_37_1 BUNDLEDNAME {} DSP 0 BRAM 0 URAM 0 STORAGESUBTYPE {} DISPNAME {bind_op add} VISIBLE true} {BINDTYPE op ID {} IMPL fabric LATENCY 0 OPTYPE add PRAGMA {} RTLNAME s_ih_3_fu_3952_p2 SOURCE top_wrapper.cpp:37 VARIABLE s_ih_3 LOOP VITIS_LOOP_37_1 BUNDLEDNAME {} DSP 0 BRAM 0 URAM 0 STORAGESUBTYPE {} DISPNAME {bind_op add} VISIBLE true}} AREA {DSP 0 BRAM 0 URAM 0}} dataflow_in_loop_VITIS_LOOP_92_1_1 {BINDINFO {{BINDTYPE storage ID {} IMPL srl LATENCY 0 OPTYPE fifo PRAGMA {} RTLNAME memory_c_U SOURCE :0 VARIABLE memory_c LOOP {} BUNDLEDNAME {} DSP 0 BRAM 0 URAM 0 STORAGESUBTYPE {scalar prop} STORAGESIZE {64 4 1} STORAGEUSAGE {fifo channel} DISPNAME {bind_storage fifo} VISIBLE true} {BINDTYPE storage ID {} IMPL srl LATENCY 0 OPTYPE fifo PRAGMA {} RTLNAME filter2conv_U SOURCE top_wrapper.cpp:93 VARIABLE filter2conv LOOP {} BUNDLEDNAME {} DSP 0 BRAM 0 URAM 0 STORAGESUBTYPE stream STORAGESIZE {8 100 1} STORAGEUSAGE {fifo channel} DISPNAME {bind_storage fifo} VISIBLE true} {BINDTYPE storage ID {} IMPL srl LATENCY 0 OPTYPE fifo PRAGMA {} RTLNAME img_0_c_U SOURCE :0 VARIABLE img_0_c LOOP {} BUNDLEDNAME {} DSP 0 BRAM 0 URAM 0 STORAGESUBTYPE {scalar prop} STORAGESIZE {3 3 1} STORAGEUSAGE {fifo channel} DISPNAME {bind_storage fifo} VISIBLE true} {BINDTYPE storage ID {} IMPL srl LATENCY 0 OPTYPE fifo PRAGMA {} RTLNAME memory_in_local_U SOURCE top_wrapper.cpp:121 VARIABLE memory_in_local LOOP {} BUNDLEDNAME {} DSP 0 BRAM 0 URAM 0 STORAGESUBTYPE {task level} STORAGESIZE {45 2 1} STORAGEUSAGE {fifo channel} DISPNAME {bind_storage fifo} VISIBLE true} {BINDTYPE storage ID {} IMPL srl LATENCY 0 OPTYPE fifo PRAGMA {} RTLNAME memory_in_local_450_U SOURCE top_wrapper.cpp:121 VARIABLE memory_in_local_450 LOOP {} BUNDLEDNAME {} DSP 0 BRAM 0 URAM 0 STORAGESUBTYPE {task level} STORAGESIZE {45 2 1} STORAGEUSAGE {fifo channel} DISPNAME {bind_storage fifo} VISIBLE true} {BINDTYPE storage ID {} IMPL srl LATENCY 0 OPTYPE fifo PRAGMA {} RTLNAME memory_in_local_451_U SOURCE top_wrapper.cpp:121 VARIABLE memory_in_local_451 LOOP {} BUNDLEDNAME {} DSP 0 BRAM 0 URAM 0 STORAGESUBTYPE {task level} STORAGESIZE {45 2 1} STORAGEUSAGE {fifo channel} DISPNAME {bind_storage fifo} VISIBLE true} {BINDTYPE storage ID {} IMPL srl LATENCY 0 OPTYPE fifo PRAGMA {} RTLNAME memory_in_local_452_U SOURCE top_wrapper.cpp:121 VARIABLE memory_in_local_452 LOOP {} BUNDLEDNAME {} DSP 0 BRAM 0 URAM 0 STORAGESUBTYPE {task level} STORAGESIZE {45 2 1} STORAGEUSAGE {fifo channel} DISPNAME {bind_storage fifo} VISIBLE true} {BINDTYPE storage ID {} IMPL srl LATENCY 0 OPTYPE fifo PRAGMA {} RTLNAME memory_in_local_453_U SOURCE top_wrapper.cpp:121 VARIABLE memory_in_local_453 LOOP {} BUNDLEDNAME {} DSP 0 BRAM 0 URAM 0 STORAGESUBTYPE {task level} STORAGESIZE {45 2 1} STORAGEUSAGE {fifo channel} DISPNAME {bind_storage fifo} VISIBLE true} {BINDTYPE storage ID {} IMPL srl LATENCY 0 OPTYPE fifo PRAGMA {} RTLNAME memory_in_local_454_U SOURCE top_wrapper.cpp:121 VARIABLE memory_in_local_454 LOOP {} BUNDLEDNAME {} DSP 0 BRAM 0 URAM 0 STORAGESUBTYPE {task level} STORAGESIZE {45 2 1} STORAGEUSAGE {fifo channel} DISPNAME {bind_storage fifo} VISIBLE true} {BINDTYPE storage ID {} IMPL srl LATENCY 0 OPTYPE fifo PRAGMA {} RTLNAME memory_in_local_455_U SOURCE top_wrapper.cpp:121 VARIABLE memory_in_local_455 LOOP {} BUNDLEDNAME {} DSP 0 BRAM 0 URAM 0 STORAGESUBTYPE {task level} STORAGESIZE {45 2 1} STORAGEUSAGE {fifo channel} DISPNAME {bind_storage fifo} VISIBLE true} {BINDTYPE storage ID {} IMPL srl LATENCY 0 OPTYPE fifo PRAGMA {} RTLNAME memory_in_local_456_U SOURCE top_wrapper.cpp:121 VARIABLE memory_in_local_456 LOOP {} BUNDLEDNAME {} DSP 0 BRAM 0 URAM 0 STORAGESUBTYPE {task level} STORAGESIZE {45 2 1} STORAGEUSAGE {fifo channel} DISPNAME {bind_storage fifo} VISIBLE true} {BINDTYPE storage ID {} IMPL srl LATENCY 0 OPTYPE fifo PRAGMA {} RTLNAME memory_in_local_457_U SOURCE top_wrapper.cpp:121 VARIABLE memory_in_local_457 LOOP {} BUNDLEDNAME {} DSP 0 BRAM 0 URAM 0 STORAGESUBTYPE {task level} STORAGESIZE {45 2 1} STORAGEUSAGE {fifo channel} DISPNAME {bind_storage fifo} VISIBLE true} {BINDTYPE storage ID {} IMPL srl LATENCY 0 OPTYPE fifo PRAGMA {} RTLNAME memory_in_local_458_U SOURCE top_wrapper.cpp:121 VARIABLE memory_in_local_458 LOOP {} BUNDLEDNAME {} DSP 0 BRAM 0 URAM 0 STORAGESUBTYPE {task level} STORAGESIZE {45 2 1} STORAGEUSAGE {fifo channel} DISPNAME {bind_storage fifo} VISIBLE true} {BINDTYPE storage ID {} IMPL srl LATENCY 0 OPTYPE fifo PRAGMA {} RTLNAME memory_in_local_459_U SOURCE top_wrapper.cpp:121 VARIABLE memory_in_local_459 LOOP {} BUNDLEDNAME {} DSP 0 BRAM 0 URAM 0 STORAGESUBTYPE {task level} STORAGESIZE {45 2 1} STORAGEUSAGE {fifo channel} DISPNAME {bind_storage fifo} VISIBLE true} {BINDTYPE storage ID {} IMPL srl LATENCY 0 OPTYPE fifo PRAGMA {} RTLNAME memory_in_local_460_U SOURCE top_wrapper.cpp:121 VARIABLE memory_in_local_460 LOOP {} BUNDLEDNAME {} DSP 0 BRAM 0 URAM 0 STORAGESUBTYPE {task level} STORAGESIZE {45 2 1} STORAGEUSAGE {fifo channel} DISPNAME {bind_storage fifo} VISIBLE true} {BINDTYPE storage ID {} IMPL srl LATENCY 0 OPTYPE fifo PRAGMA {} RTLNAME memory_in_local_461_U SOURCE top_wrapper.cpp:121 VARIABLE memory_in_local_461 LOOP {} BUNDLEDNAME {} DSP 0 BRAM 0 URAM 0 STORAGESUBTYPE {task level} STORAGESIZE {45 2 1} STORAGEUSAGE {fifo channel} DISPNAME {bind_storage fifo} VISIBLE true} {BINDTYPE storage ID {} IMPL srl LATENCY 0 OPTYPE fifo PRAGMA {} RTLNAME memory_in_local_462_U SOURCE top_wrapper.cpp:121 VARIABLE memory_in_local_462 LOOP {} BUNDLEDNAME {} DSP 0 BRAM 0 URAM 0 STORAGESUBTYPE {task level} STORAGESIZE {45 2 1} STORAGEUSAGE {fifo channel} DISPNAME {bind_storage fifo} VISIBLE true} {BINDTYPE storage ID {} IMPL srl LATENCY 0 OPTYPE fifo PRAGMA {} RTLNAME memory_in_local_463_U SOURCE top_wrapper.cpp:121 VARIABLE memory_in_local_463 LOOP {} BUNDLEDNAME {} DSP 0 BRAM 0 URAM 0 STORAGESUBTYPE {task level} STORAGESIZE {45 2 1} STORAGEUSAGE {fifo channel} DISPNAME {bind_storage fifo} VISIBLE true} {BINDTYPE storage ID {} IMPL srl LATENCY 0 OPTYPE fifo PRAGMA {} RTLNAME memory_in_local_464_U SOURCE top_wrapper.cpp:121 VARIABLE memory_in_local_464 LOOP {} BUNDLEDNAME {} DSP 0 BRAM 0 URAM 0 STORAGESUBTYPE {task level} STORAGESIZE {45 2 1} STORAGEUSAGE {fifo channel} DISPNAME {bind_storage fifo} VISIBLE true} {BINDTYPE storage ID {} IMPL srl LATENCY 0 OPTYPE fifo PRAGMA {} RTLNAME memory_in_local_465_U SOURCE top_wrapper.cpp:121 VARIABLE memory_in_local_465 LOOP {} BUNDLEDNAME {} DSP 0 BRAM 0 URAM 0 STORAGESUBTYPE {task level} STORAGESIZE {45 2 1} STORAGEUSAGE {fifo channel} DISPNAME {bind_storage fifo} VISIBLE true} {BINDTYPE storage ID {} IMPL srl LATENCY 0 OPTYPE fifo PRAGMA {} RTLNAME memory_in_local_466_U SOURCE top_wrapper.cpp:121 VARIABLE memory_in_local_466 LOOP {} BUNDLEDNAME {} DSP 0 BRAM 0 URAM 0 STORAGESUBTYPE {task level} STORAGESIZE {45 2 1} STORAGEUSAGE {fifo channel} DISPNAME {bind_storage fifo} VISIBLE true} {BINDTYPE storage ID {} IMPL srl LATENCY 0 OPTYPE fifo PRAGMA {} RTLNAME memory_in_local_467_U SOURCE top_wrapper.cpp:121 VARIABLE memory_in_local_467 LOOP {} BUNDLEDNAME {} DSP 0 BRAM 0 URAM 0 STORAGESUBTYPE {task level} STORAGESIZE {45 2 1} STORAGEUSAGE {fifo channel} DISPNAME {bind_storage fifo} VISIBLE true} {BINDTYPE storage ID {} IMPL srl LATENCY 0 OPTYPE fifo PRAGMA {} RTLNAME memory_in_local_468_U SOURCE top_wrapper.cpp:121 VARIABLE memory_in_local_468 LOOP {} BUNDLEDNAME {} DSP 0 BRAM 0 URAM 0 STORAGESUBTYPE {task level} STORAGESIZE {45 2 1} STORAGEUSAGE {fifo channel} DISPNAME {bind_storage fifo} VISIBLE true} {BINDTYPE storage ID {} IMPL srl LATENCY 0 OPTYPE fifo PRAGMA {} RTLNAME memory_in_local_469_U SOURCE top_wrapper.cpp:121 VARIABLE memory_in_local_469 LOOP {} BUNDLEDNAME {} DSP 0 BRAM 0 URAM 0 STORAGESUBTYPE {task level} STORAGESIZE {45 2 1} STORAGEUSAGE {fifo channel} DISPNAME {bind_storage fifo} VISIBLE true} {BINDTYPE storage ID {} IMPL srl LATENCY 0 OPTYPE fifo PRAGMA {} RTLNAME memory_in_local_470_U SOURCE top_wrapper.cpp:121 VARIABLE memory_in_local_470 LOOP {} BUNDLEDNAME {} DSP 0 BRAM 0 URAM 0 STORAGESUBTYPE {task level} STORAGESIZE {45 2 1} STORAGEUSAGE {fifo channel} DISPNAME {bind_storage fifo} VISIBLE true} {BINDTYPE storage ID {} IMPL srl LATENCY 0 OPTYPE fifo PRAGMA {} RTLNAME memory_in_local_471_U SOURCE top_wrapper.cpp:121 VARIABLE memory_in_local_471 LOOP {} BUNDLEDNAME {} DSP 0 BRAM 0 URAM 0 STORAGESUBTYPE {task level} STORAGESIZE {45 2 1} STORAGEUSAGE {fifo channel} DISPNAME {bind_storage fifo} VISIBLE true} {BINDTYPE storage ID {} IMPL srl LATENCY 0 OPTYPE fifo PRAGMA {} RTLNAME memory_in_local_472_U SOURCE top_wrapper.cpp:121 VARIABLE memory_in_local_472 LOOP {} BUNDLEDNAME {} DSP 0 BRAM 0 URAM 0 STORAGESUBTYPE {task level} STORAGESIZE {45 2 1} STORAGEUSAGE {fifo channel} DISPNAME {bind_storage fifo} VISIBLE true} {BINDTYPE storage ID {} IMPL srl LATENCY 0 OPTYPE fifo PRAGMA {} RTLNAME memory_in_local_473_U SOURCE top_wrapper.cpp:121 VARIABLE memory_in_local_473 LOOP {} BUNDLEDNAME {} DSP 0 BRAM 0 URAM 0 STORAGESUBTYPE {task level} STORAGESIZE {45 2 1} STORAGEUSAGE {fifo channel} DISPNAME {bind_storage fifo} VISIBLE true} {BINDTYPE storage ID {} IMPL srl LATENCY 0 OPTYPE fifo PRAGMA {} RTLNAME memory_in_local_474_U SOURCE top_wrapper.cpp:121 VARIABLE memory_in_local_474 LOOP {} BUNDLEDNAME {} DSP 0 BRAM 0 URAM 0 STORAGESUBTYPE {task level} STORAGESIZE {45 2 1} STORAGEUSAGE {fifo channel} DISPNAME {bind_storage fifo} VISIBLE true} {BINDTYPE storage ID {} IMPL srl LATENCY 0 OPTYPE fifo PRAGMA {} RTLNAME memory_in_local_475_U SOURCE top_wrapper.cpp:121 VARIABLE memory_in_local_475 LOOP {} BUNDLEDNAME {} DSP 0 BRAM 0 URAM 0 STORAGESUBTYPE {task level} STORAGESIZE {45 2 1} STORAGEUSAGE {fifo channel} DISPNAME {bind_storage fifo} VISIBLE true} {BINDTYPE storage ID {} IMPL srl LATENCY 0 OPTYPE fifo PRAGMA {} RTLNAME memory_in_local_476_U SOURCE top_wrapper.cpp:121 VARIABLE memory_in_local_476 LOOP {} BUNDLEDNAME {} DSP 0 BRAM 0 URAM 0 STORAGESUBTYPE {task level} STORAGESIZE {45 2 1} STORAGEUSAGE {fifo channel} DISPNAME {bind_storage fifo} VISIBLE true} {BINDTYPE storage ID {} IMPL srl LATENCY 0 OPTYPE fifo PRAGMA {} RTLNAME memory_in_local_477_U SOURCE top_wrapper.cpp:121 VARIABLE memory_in_local_477 LOOP {} BUNDLEDNAME {} DSP 0 BRAM 0 URAM 0 STORAGESUBTYPE {task level} STORAGESIZE {45 2 1} STORAGEUSAGE {fifo channel} DISPNAME {bind_storage fifo} VISIBLE true} {BINDTYPE storage ID {} IMPL srl LATENCY 0 OPTYPE fifo PRAGMA {} RTLNAME memory_in_local_478_U SOURCE top_wrapper.cpp:121 VARIABLE memory_in_local_478 LOOP {} BUNDLEDNAME {} DSP 0 BRAM 0 URAM 0 STORAGESUBTYPE {task level} STORAGESIZE {45 2 1} STORAGEUSAGE {fifo channel} DISPNAME {bind_storage fifo} VISIBLE true} {BINDTYPE storage ID {} IMPL srl LATENCY 0 OPTYPE fifo PRAGMA {} RTLNAME memory_in_local_479_U SOURCE top_wrapper.cpp:121 VARIABLE memory_in_local_479 LOOP {} BUNDLEDNAME {} DSP 0 BRAM 0 URAM 0 STORAGESUBTYPE {task level} STORAGESIZE {45 2 1} STORAGEUSAGE {fifo channel} DISPNAME {bind_storage fifo} VISIBLE true} {BINDTYPE storage ID {} IMPL srl LATENCY 0 OPTYPE fifo PRAGMA {} RTLNAME memory_in_local_480_U SOURCE top_wrapper.cpp:121 VARIABLE memory_in_local_480 LOOP {} BUNDLEDNAME {} DSP 0 BRAM 0 URAM 0 STORAGESUBTYPE {task level} STORAGESIZE {45 2 1} STORAGEUSAGE {fifo channel} DISPNAME {bind_storage fifo} VISIBLE true} {BINDTYPE storage ID {} IMPL srl LATENCY 0 OPTYPE fifo PRAGMA {} RTLNAME memory_in_local_481_U SOURCE top_wrapper.cpp:121 VARIABLE memory_in_local_481 LOOP {} BUNDLEDNAME {} DSP 0 BRAM 0 URAM 0 STORAGESUBTYPE {task level} STORAGESIZE {45 2 1} STORAGEUSAGE {fifo channel} DISPNAME {bind_storage fifo} VISIBLE true} {BINDTYPE storage ID {} IMPL srl LATENCY 0 OPTYPE fifo PRAGMA {} RTLNAME memory_in_local_482_U SOURCE top_wrapper.cpp:121 VARIABLE memory_in_local_482 LOOP {} BUNDLEDNAME {} DSP 0 BRAM 0 URAM 0 STORAGESUBTYPE {task level} STORAGESIZE {45 2 1} STORAGEUSAGE {fifo channel} DISPNAME {bind_storage fifo} VISIBLE true} {BINDTYPE storage ID {} IMPL srl LATENCY 0 OPTYPE fifo PRAGMA {} RTLNAME memory_in_local_483_U SOURCE top_wrapper.cpp:121 VARIABLE memory_in_local_483 LOOP {} BUNDLEDNAME {} DSP 0 BRAM 0 URAM 0 STORAGESUBTYPE {task level} STORAGESIZE {45 2 1} STORAGEUSAGE {fifo channel} DISPNAME {bind_storage fifo} VISIBLE true} {BINDTYPE storage ID {} IMPL srl LATENCY 0 OPTYPE fifo PRAGMA {} RTLNAME memory_in_local_484_U SOURCE top_wrapper.cpp:121 VARIABLE memory_in_local_484 LOOP {} BUNDLEDNAME {} DSP 0 BRAM 0 URAM 0 STORAGESUBTYPE {task level} STORAGESIZE {45 2 1} STORAGEUSAGE {fifo channel} DISPNAME {bind_storage fifo} VISIBLE true} {BINDTYPE storage ID {} IMPL srl LATENCY 0 OPTYPE fifo PRAGMA {} RTLNAME memory_in_local_485_U SOURCE top_wrapper.cpp:121 VARIABLE memory_in_local_485 LOOP {} BUNDLEDNAME {} DSP 0 BRAM 0 URAM 0 STORAGESUBTYPE {task level} STORAGESIZE {45 2 1} STORAGEUSAGE {fifo channel} DISPNAME {bind_storage fifo} VISIBLE true} {BINDTYPE storage ID {} IMPL srl LATENCY 0 OPTYPE fifo PRAGMA {} RTLNAME memory_in_local_486_U SOURCE top_wrapper.cpp:121 VARIABLE memory_in_local_486 LOOP {} BUNDLEDNAME {} DSP 0 BRAM 0 URAM 0 STORAGESUBTYPE {task level} STORAGESIZE {45 2 1} STORAGEUSAGE {fifo channel} DISPNAME {bind_storage fifo} VISIBLE true} {BINDTYPE storage ID {} IMPL srl LATENCY 0 OPTYPE fifo PRAGMA {} RTLNAME memory_in_local_487_U SOURCE top_wrapper.cpp:121 VARIABLE memory_in_local_487 LOOP {} BUNDLEDNAME {} DSP 0 BRAM 0 URAM 0 STORAGESUBTYPE {task level} STORAGESIZE {45 2 1} STORAGEUSAGE {fifo channel} DISPNAME {bind_storage fifo} VISIBLE true} {BINDTYPE storage ID {} IMPL srl LATENCY 0 OPTYPE fifo PRAGMA {} RTLNAME memory_in_local_488_U SOURCE top_wrapper.cpp:121 VARIABLE memory_in_local_488 LOOP {} BUNDLEDNAME {} DSP 0 BRAM 0 URAM 0 STORAGESUBTYPE {task level} STORAGESIZE {45 2 1} STORAGEUSAGE {fifo channel} DISPNAME {bind_storage fifo} VISIBLE true} {BINDTYPE storage ID {} IMPL srl LATENCY 0 OPTYPE fifo PRAGMA {} RTLNAME memory_in_local_489_U SOURCE top_wrapper.cpp:121 VARIABLE memory_in_local_489 LOOP {} BUNDLEDNAME {} DSP 0 BRAM 0 URAM 0 STORAGESUBTYPE {task level} STORAGESIZE {45 2 1} STORAGEUSAGE {fifo channel} DISPNAME {bind_storage fifo} VISIBLE true} {BINDTYPE storage ID {} IMPL srl LATENCY 0 OPTYPE fifo PRAGMA {} RTLNAME memory_in_local_490_U SOURCE top_wrapper.cpp:121 VARIABLE memory_in_local_490 LOOP {} BUNDLEDNAME {} DSP 0 BRAM 0 URAM 0 STORAGESUBTYPE {task level} STORAGESIZE {45 2 1} STORAGEUSAGE {fifo channel} DISPNAME {bind_storage fifo} VISIBLE true} {BINDTYPE storage ID {} IMPL srl LATENCY 0 OPTYPE fifo PRAGMA {} RTLNAME memory_in_local_491_U SOURCE top_wrapper.cpp:121 VARIABLE memory_in_local_491 LOOP {} BUNDLEDNAME {} DSP 0 BRAM 0 URAM 0 STORAGESUBTYPE {task level} STORAGESIZE {45 2 1} STORAGEUSAGE {fifo channel} DISPNAME {bind_storage fifo} VISIBLE true} {BINDTYPE storage ID {} IMPL srl LATENCY 0 OPTYPE fifo PRAGMA {} RTLNAME memory_in_local_492_U SOURCE top_wrapper.cpp:121 VARIABLE memory_in_local_492 LOOP {} BUNDLEDNAME {} DSP 0 BRAM 0 URAM 0 STORAGESUBTYPE {task level} STORAGESIZE {45 2 1} STORAGEUSAGE {fifo channel} DISPNAME {bind_storage fifo} VISIBLE true} {BINDTYPE storage ID {} IMPL srl LATENCY 0 OPTYPE fifo PRAGMA {} RTLNAME memory_in_local_493_U SOURCE top_wrapper.cpp:121 VARIABLE memory_in_local_493 LOOP {} BUNDLEDNAME {} DSP 0 BRAM 0 URAM 0 STORAGESUBTYPE {task level} STORAGESIZE {45 2 1} STORAGEUSAGE {fifo channel} DISPNAME {bind_storage fifo} VISIBLE true} {BINDTYPE storage ID {} IMPL srl LATENCY 0 OPTYPE fifo PRAGMA {} RTLNAME memory_in_local_494_U SOURCE top_wrapper.cpp:121 VARIABLE memory_in_local_494 LOOP {} BUNDLEDNAME {} DSP 0 BRAM 0 URAM 0 STORAGESUBTYPE {task level} STORAGESIZE {45 2 1} STORAGEUSAGE {fifo channel} DISPNAME {bind_storage fifo} VISIBLE true} {BINDTYPE storage ID {} IMPL srl LATENCY 0 OPTYPE fifo PRAGMA {} RTLNAME memory_in_local_495_U SOURCE top_wrapper.cpp:121 VARIABLE memory_in_local_495 LOOP {} BUNDLEDNAME {} DSP 0 BRAM 0 URAM 0 STORAGESUBTYPE {task level} STORAGESIZE {45 2 1} STORAGEUSAGE {fifo channel} DISPNAME {bind_storage fifo} VISIBLE true} {BINDTYPE storage ID {} IMPL srl LATENCY 0 OPTYPE fifo PRAGMA {} RTLNAME memory_in_local_496_U SOURCE top_wrapper.cpp:121 VARIABLE memory_in_local_496 LOOP {} BUNDLEDNAME {} DSP 0 BRAM 0 URAM 0 STORAGESUBTYPE {task level} STORAGESIZE {45 2 1} STORAGEUSAGE {fifo channel} DISPNAME {bind_storage fifo} VISIBLE true} {BINDTYPE storage ID {} IMPL srl LATENCY 0 OPTYPE fifo PRAGMA {} RTLNAME memory_in_local_497_U SOURCE top_wrapper.cpp:121 VARIABLE memory_in_local_497 LOOP {} BUNDLEDNAME {} DSP 0 BRAM 0 URAM 0 STORAGESUBTYPE {task level} STORAGESIZE {45 2 1} STORAGEUSAGE {fifo channel} DISPNAME {bind_storage fifo} VISIBLE true} {BINDTYPE storage ID {} IMPL srl LATENCY 0 OPTYPE fifo PRAGMA {} RTLNAME memory_in_local_498_U SOURCE top_wrapper.cpp:121 VARIABLE memory_in_local_498 LOOP {} BUNDLEDNAME {} DSP 0 BRAM 0 URAM 0 STORAGESUBTYPE {task level} STORAGESIZE {45 2 1} STORAGEUSAGE {fifo channel} DISPNAME {bind_storage fifo} VISIBLE true} {BINDTYPE storage ID {} IMPL srl LATENCY 0 OPTYPE fifo PRAGMA {} RTLNAME memory_in_local_499_U SOURCE top_wrapper.cpp:121 VARIABLE memory_in_local_499 LOOP {} BUNDLEDNAME {} DSP 0 BRAM 0 URAM 0 STORAGESUBTYPE {task level} STORAGESIZE {45 2 1} STORAGEUSAGE {fifo channel} DISPNAME {bind_storage fifo} VISIBLE true} {BINDTYPE storage ID {} IMPL srl LATENCY 0 OPTYPE fifo PRAGMA {} RTLNAME memory_in_local_500_U SOURCE top_wrapper.cpp:121 VARIABLE memory_in_local_500 LOOP {} BUNDLEDNAME {} DSP 0 BRAM 0 URAM 0 STORAGESUBTYPE {task level} STORAGESIZE {45 2 1} STORAGEUSAGE {fifo channel} DISPNAME {bind_storage fifo} VISIBLE true} {BINDTYPE storage ID {} IMPL srl LATENCY 0 OPTYPE fifo PRAGMA {} RTLNAME memory_in_local_501_U SOURCE top_wrapper.cpp:121 VARIABLE memory_in_local_501 LOOP {} BUNDLEDNAME {} DSP 0 BRAM 0 URAM 0 STORAGESUBTYPE {task level} STORAGESIZE {45 2 1} STORAGEUSAGE {fifo channel} DISPNAME {bind_storage fifo} VISIBLE true} {BINDTYPE storage ID {} IMPL srl LATENCY 0 OPTYPE fifo PRAGMA {} RTLNAME memory_in_local_502_U SOURCE top_wrapper.cpp:121 VARIABLE memory_in_local_502 LOOP {} BUNDLEDNAME {} DSP 0 BRAM 0 URAM 0 STORAGESUBTYPE {task level} STORAGESIZE {45 2 1} STORAGEUSAGE {fifo channel} DISPNAME {bind_storage fifo} VISIBLE true} {BINDTYPE storage ID {} IMPL srl LATENCY 0 OPTYPE fifo PRAGMA {} RTLNAME memory_in_local_503_U SOURCE top_wrapper.cpp:121 VARIABLE memory_in_local_503 LOOP {} BUNDLEDNAME {} DSP 0 BRAM 0 URAM 0 STORAGESUBTYPE {task level} STORAGESIZE {45 2 1} STORAGEUSAGE {fifo channel} DISPNAME {bind_storage fifo} VISIBLE true} {BINDTYPE storage ID {} IMPL srl LATENCY 0 OPTYPE fifo PRAGMA {} RTLNAME memory_in_local_504_U SOURCE top_wrapper.cpp:121 VARIABLE memory_in_local_504 LOOP {} BUNDLEDNAME {} DSP 0 BRAM 0 URAM 0 STORAGESUBTYPE {task level} STORAGESIZE {45 2 1} STORAGEUSAGE {fifo channel} DISPNAME {bind_storage fifo} VISIBLE true} {BINDTYPE storage ID {} IMPL srl LATENCY 0 OPTYPE fifo PRAGMA {} RTLNAME memory_in_local_505_U SOURCE top_wrapper.cpp:121 VARIABLE memory_in_local_505 LOOP {} BUNDLEDNAME {} DSP 0 BRAM 0 URAM 0 STORAGESUBTYPE {task level} STORAGESIZE {45 2 1} STORAGEUSAGE {fifo channel} DISPNAME {bind_storage fifo} VISIBLE true} {BINDTYPE storage ID {} IMPL srl LATENCY 0 OPTYPE fifo PRAGMA {} RTLNAME memory_in_local_506_U SOURCE top_wrapper.cpp:121 VARIABLE memory_in_local_506 LOOP {} BUNDLEDNAME {} DSP 0 BRAM 0 URAM 0 STORAGESUBTYPE {task level} STORAGESIZE {45 2 1} STORAGEUSAGE {fifo channel} DISPNAME {bind_storage fifo} VISIBLE true} {BINDTYPE storage ID {} IMPL srl LATENCY 0 OPTYPE fifo PRAGMA {} RTLNAME memory_in_local_507_U SOURCE top_wrapper.cpp:121 VARIABLE memory_in_local_507 LOOP {} BUNDLEDNAME {} DSP 0 BRAM 0 URAM 0 STORAGESUBTYPE {task level} STORAGESIZE {45 2 1} STORAGEUSAGE {fifo channel} DISPNAME {bind_storage fifo} VISIBLE true} {BINDTYPE storage ID {} IMPL srl LATENCY 0 OPTYPE fifo PRAGMA {} RTLNAME memory_in_local_508_U SOURCE top_wrapper.cpp:121 VARIABLE memory_in_local_508 LOOP {} BUNDLEDNAME {} DSP 0 BRAM 0 URAM 0 STORAGESUBTYPE {task level} STORAGESIZE {45 2 1} STORAGEUSAGE {fifo channel} DISPNAME {bind_storage fifo} VISIBLE true} {BINDTYPE storage ID {} IMPL srl LATENCY 0 OPTYPE fifo PRAGMA {} RTLNAME memory_in_local_509_U SOURCE top_wrapper.cpp:121 VARIABLE memory_in_local_509 LOOP {} BUNDLEDNAME {} DSP 0 BRAM 0 URAM 0 STORAGESUBTYPE {task level} STORAGESIZE {45 2 1} STORAGEUSAGE {fifo channel} DISPNAME {bind_storage fifo} VISIBLE true} {BINDTYPE storage ID {} IMPL srl LATENCY 0 OPTYPE fifo PRAGMA {} RTLNAME memory_in_local_510_U SOURCE top_wrapper.cpp:121 VARIABLE memory_in_local_510 LOOP {} BUNDLEDNAME {} DSP 0 BRAM 0 URAM 0 STORAGESUBTYPE {task level} STORAGESIZE {45 2 1} STORAGEUSAGE {fifo channel} DISPNAME {bind_storage fifo} VISIBLE true} {BINDTYPE storage ID {} IMPL srl LATENCY 0 OPTYPE fifo PRAGMA {} RTLNAME memory_in_local_511_U SOURCE top_wrapper.cpp:121 VARIABLE memory_in_local_511 LOOP {} BUNDLEDNAME {} DSP 0 BRAM 0 URAM 0 STORAGESUBTYPE {task level} STORAGESIZE {45 2 1} STORAGEUSAGE {fifo channel} DISPNAME {bind_storage fifo} VISIBLE true} {BINDTYPE storage ID {} IMPL srl LATENCY 0 OPTYPE fifo PRAGMA {} RTLNAME memory_in_local_512_U SOURCE top_wrapper.cpp:121 VARIABLE memory_in_local_512 LOOP {} BUNDLEDNAME {} DSP 0 BRAM 0 URAM 0 STORAGESUBTYPE {task level} STORAGESIZE {45 2 1} STORAGEUSAGE {fifo channel} DISPNAME {bind_storage fifo} VISIBLE true} {BINDTYPE storage ID {} IMPL srl LATENCY 0 OPTYPE fifo PRAGMA {} RTLNAME memory_in_local_513_U SOURCE top_wrapper.cpp:121 VARIABLE memory_in_local_513 LOOP {} BUNDLEDNAME {} DSP 0 BRAM 0 URAM 0 STORAGESUBTYPE {task level} STORAGESIZE {45 2 1} STORAGEUSAGE {fifo channel} DISPNAME {bind_storage fifo} VISIBLE true} {BINDTYPE storage ID {} IMPL srl LATENCY 0 OPTYPE fifo PRAGMA {} RTLNAME memory_in_local_514_U SOURCE top_wrapper.cpp:121 VARIABLE memory_in_local_514 LOOP {} BUNDLEDNAME {} DSP 0 BRAM 0 URAM 0 STORAGESUBTYPE {task level} STORAGESIZE {45 2 1} STORAGEUSAGE {fifo channel} DISPNAME {bind_storage fifo} VISIBLE true} {BINDTYPE storage ID {} IMPL srl LATENCY 0 OPTYPE fifo PRAGMA {} RTLNAME memory_in_local_515_U SOURCE top_wrapper.cpp:121 VARIABLE memory_in_local_515 LOOP {} BUNDLEDNAME {} DSP 0 BRAM 0 URAM 0 STORAGESUBTYPE {task level} STORAGESIZE {45 2 1} STORAGEUSAGE {fifo channel} DISPNAME {bind_storage fifo} VISIBLE true} {BINDTYPE storage ID {} IMPL srl LATENCY 0 OPTYPE fifo PRAGMA {} RTLNAME memory_in_local_516_U SOURCE top_wrapper.cpp:121 VARIABLE memory_in_local_516 LOOP {} BUNDLEDNAME {} DSP 0 BRAM 0 URAM 0 STORAGESUBTYPE {task level} STORAGESIZE {45 2 1} STORAGEUSAGE {fifo channel} DISPNAME {bind_storage fifo} VISIBLE true} {BINDTYPE storage ID {} IMPL srl LATENCY 0 OPTYPE fifo PRAGMA {} RTLNAME memory_in_local_517_U SOURCE top_wrapper.cpp:121 VARIABLE memory_in_local_517 LOOP {} BUNDLEDNAME {} DSP 0 BRAM 0 URAM 0 STORAGESUBTYPE {task level} STORAGESIZE {45 2 1} STORAGEUSAGE {fifo channel} DISPNAME {bind_storage fifo} VISIBLE true} {BINDTYPE storage ID {} IMPL srl LATENCY 0 OPTYPE fifo PRAGMA {} RTLNAME memory_in_local_518_U SOURCE top_wrapper.cpp:121 VARIABLE memory_in_local_518 LOOP {} BUNDLEDNAME {} DSP 0 BRAM 0 URAM 0 STORAGESUBTYPE {task level} STORAGESIZE {45 2 1} STORAGEUSAGE {fifo channel} DISPNAME {bind_storage fifo} VISIBLE true} {BINDTYPE storage ID {} IMPL srl LATENCY 0 OPTYPE fifo PRAGMA {} RTLNAME memory_in_local_519_U SOURCE top_wrapper.cpp:121 VARIABLE memory_in_local_519 LOOP {} BUNDLEDNAME {} DSP 0 BRAM 0 URAM 0 STORAGESUBTYPE {task level} STORAGESIZE {45 2 1} STORAGEUSAGE {fifo channel} DISPNAME {bind_storage fifo} VISIBLE true} {BINDTYPE storage ID {} IMPL srl LATENCY 0 OPTYPE fifo PRAGMA {} RTLNAME memory_in_local_520_U SOURCE top_wrapper.cpp:121 VARIABLE memory_in_local_520 LOOP {} BUNDLEDNAME {} DSP 0 BRAM 0 URAM 0 STORAGESUBTYPE {task level} STORAGESIZE {45 2 1} STORAGEUSAGE {fifo channel} DISPNAME {bind_storage fifo} VISIBLE true} {BINDTYPE storage ID {} IMPL srl LATENCY 0 OPTYPE fifo PRAGMA {} RTLNAME memory_in_local_521_U SOURCE top_wrapper.cpp:121 VARIABLE memory_in_local_521 LOOP {} BUNDLEDNAME {} DSP 0 BRAM 0 URAM 0 STORAGESUBTYPE {task level} STORAGESIZE {45 2 1} STORAGEUSAGE {fifo channel} DISPNAME {bind_storage fifo} VISIBLE true} {BINDTYPE storage ID {} IMPL srl LATENCY 0 OPTYPE fifo PRAGMA {} RTLNAME memory_in_local_522_U SOURCE top_wrapper.cpp:121 VARIABLE memory_in_local_522 LOOP {} BUNDLEDNAME {} DSP 0 BRAM 0 URAM 0 STORAGESUBTYPE {task level} STORAGESIZE {45 2 1} STORAGEUSAGE {fifo channel} DISPNAME {bind_storage fifo} VISIBLE true} {BINDTYPE storage ID {} IMPL srl LATENCY 0 OPTYPE fifo PRAGMA {} RTLNAME memory_in_local_523_U SOURCE top_wrapper.cpp:121 VARIABLE memory_in_local_523 LOOP {} BUNDLEDNAME {} DSP 0 BRAM 0 URAM 0 STORAGESUBTYPE {task level} STORAGESIZE {45 2 1} STORAGEUSAGE {fifo channel} DISPNAME {bind_storage fifo} VISIBLE true} {BINDTYPE storage ID {} IMPL srl LATENCY 0 OPTYPE fifo PRAGMA {} RTLNAME memory_in_local_524_U SOURCE top_wrapper.cpp:121 VARIABLE memory_in_local_524 LOOP {} BUNDLEDNAME {} DSP 0 BRAM 0 URAM 0 STORAGESUBTYPE {task level} STORAGESIZE {45 2 1} STORAGEUSAGE {fifo channel} DISPNAME {bind_storage fifo} VISIBLE true} {BINDTYPE storage ID {} IMPL srl LATENCY 0 OPTYPE fifo PRAGMA {} RTLNAME memory_in_local_525_U SOURCE top_wrapper.cpp:121 VARIABLE memory_in_local_525 LOOP {} BUNDLEDNAME {} DSP 0 BRAM 0 URAM 0 STORAGESUBTYPE {task level} STORAGESIZE {45 2 1} STORAGEUSAGE {fifo channel} DISPNAME {bind_storage fifo} VISIBLE true} {BINDTYPE storage ID {} IMPL srl LATENCY 0 OPTYPE fifo PRAGMA {} RTLNAME memory_in_local_526_U SOURCE top_wrapper.cpp:121 VARIABLE memory_in_local_526 LOOP {} BUNDLEDNAME {} DSP 0 BRAM 0 URAM 0 STORAGESUBTYPE {task level} STORAGESIZE {45 2 1} STORAGEUSAGE {fifo channel} DISPNAME {bind_storage fifo} VISIBLE true} {BINDTYPE storage ID {} IMPL srl LATENCY 0 OPTYPE fifo PRAGMA {} RTLNAME memory_in_local_527_U SOURCE top_wrapper.cpp:121 VARIABLE memory_in_local_527 LOOP {} BUNDLEDNAME {} DSP 0 BRAM 0 URAM 0 STORAGESUBTYPE {task level} STORAGESIZE {45 2 1} STORAGEUSAGE {fifo channel} DISPNAME {bind_storage fifo} VISIBLE true} {BINDTYPE storage ID {} IMPL srl LATENCY 0 OPTYPE fifo PRAGMA {} RTLNAME memory_in_local_528_U SOURCE top_wrapper.cpp:121 VARIABLE memory_in_local_528 LOOP {} BUNDLEDNAME {} DSP 0 BRAM 0 URAM 0 STORAGESUBTYPE {task level} STORAGESIZE {45 2 1} STORAGEUSAGE {fifo channel} DISPNAME {bind_storage fifo} VISIBLE true} {BINDTYPE storage ID {} IMPL srl LATENCY 0 OPTYPE fifo PRAGMA {} RTLNAME memory_in_local_529_U SOURCE top_wrapper.cpp:121 VARIABLE memory_in_local_529 LOOP {} BUNDLEDNAME {} DSP 0 BRAM 0 URAM 0 STORAGESUBTYPE {task level} STORAGESIZE {45 2 1} STORAGEUSAGE {fifo channel} DISPNAME {bind_storage fifo} VISIBLE true} {BINDTYPE storage ID {} IMPL srl LATENCY 0 OPTYPE fifo PRAGMA {} RTLNAME memory_in_local_530_U SOURCE top_wrapper.cpp:121 VARIABLE memory_in_local_530 LOOP {} BUNDLEDNAME {} DSP 0 BRAM 0 URAM 0 STORAGESUBTYPE {task level} STORAGESIZE {45 2 1} STORAGEUSAGE {fifo channel} DISPNAME {bind_storage fifo} VISIBLE true} {BINDTYPE storage ID {} IMPL srl LATENCY 0 OPTYPE fifo PRAGMA {} RTLNAME memory_in_local_531_U SOURCE top_wrapper.cpp:121 VARIABLE memory_in_local_531 LOOP {} BUNDLEDNAME {} DSP 0 BRAM 0 URAM 0 STORAGESUBTYPE {task level} STORAGESIZE {45 2 1} STORAGEUSAGE {fifo channel} DISPNAME {bind_storage fifo} VISIBLE true} {BINDTYPE storage ID {} IMPL srl LATENCY 0 OPTYPE fifo PRAGMA {} RTLNAME memory_in_local_532_U SOURCE top_wrapper.cpp:121 VARIABLE memory_in_local_532 LOOP {} BUNDLEDNAME {} DSP 0 BRAM 0 URAM 0 STORAGESUBTYPE {task level} STORAGESIZE {45 2 1} STORAGEUSAGE {fifo channel} DISPNAME {bind_storage fifo} VISIBLE true} {BINDTYPE storage ID {} IMPL srl LATENCY 0 OPTYPE fifo PRAGMA {} RTLNAME memory_in_local_533_U SOURCE top_wrapper.cpp:121 VARIABLE memory_in_local_533 LOOP {} BUNDLEDNAME {} DSP 0 BRAM 0 URAM 0 STORAGESUBTYPE {task level} STORAGESIZE {45 2 1} STORAGEUSAGE {fifo channel} DISPNAME {bind_storage fifo} VISIBLE true} {BINDTYPE storage ID {} IMPL srl LATENCY 0 OPTYPE fifo PRAGMA {} RTLNAME memory_in_local_534_U SOURCE top_wrapper.cpp:121 VARIABLE memory_in_local_534 LOOP {} BUNDLEDNAME {} DSP 0 BRAM 0 URAM 0 STORAGESUBTYPE {task level} STORAGESIZE {45 2 1} STORAGEUSAGE {fifo channel} DISPNAME {bind_storage fifo} VISIBLE true} {BINDTYPE storage ID {} IMPL srl LATENCY 0 OPTYPE fifo PRAGMA {} RTLNAME memory_in_local_535_U SOURCE top_wrapper.cpp:121 VARIABLE memory_in_local_535 LOOP {} BUNDLEDNAME {} DSP 0 BRAM 0 URAM 0 STORAGESUBTYPE {task level} STORAGESIZE {45 2 1} STORAGEUSAGE {fifo channel} DISPNAME {bind_storage fifo} VISIBLE true} {BINDTYPE storage ID {} IMPL srl LATENCY 0 OPTYPE fifo PRAGMA {} RTLNAME memory_in_local_536_U SOURCE top_wrapper.cpp:121 VARIABLE memory_in_local_536 LOOP {} BUNDLEDNAME {} DSP 0 BRAM 0 URAM 0 STORAGESUBTYPE {task level} STORAGESIZE {45 2 1} STORAGEUSAGE {fifo channel} DISPNAME {bind_storage fifo} VISIBLE true} {BINDTYPE storage ID {} IMPL srl LATENCY 0 OPTYPE fifo PRAGMA {} RTLNAME memory_in_local_537_U SOURCE top_wrapper.cpp:121 VARIABLE memory_in_local_537 LOOP {} BUNDLEDNAME {} DSP 0 BRAM 0 URAM 0 STORAGESUBTYPE {task level} STORAGESIZE {45 2 1} STORAGEUSAGE {fifo channel} DISPNAME {bind_storage fifo} VISIBLE true} {BINDTYPE storage ID {} IMPL srl LATENCY 0 OPTYPE fifo PRAGMA {} RTLNAME memory_in_local_538_U SOURCE top_wrapper.cpp:121 VARIABLE memory_in_local_538 LOOP {} BUNDLEDNAME {} DSP 0 BRAM 0 URAM 0 STORAGESUBTYPE {task level} STORAGESIZE {45 2 1} STORAGEUSAGE {fifo channel} DISPNAME {bind_storage fifo} VISIBLE true} {BINDTYPE storage ID {} IMPL srl LATENCY 0 OPTYPE fifo PRAGMA {} RTLNAME memory_in_local_539_U SOURCE top_wrapper.cpp:121 VARIABLE memory_in_local_539 LOOP {} BUNDLEDNAME {} DSP 0 BRAM 0 URAM 0 STORAGESUBTYPE {task level} STORAGESIZE {45 2 1} STORAGEUSAGE {fifo channel} DISPNAME {bind_storage fifo} VISIBLE true} {BINDTYPE storage ID {} IMPL srl LATENCY 0 OPTYPE fifo PRAGMA {} RTLNAME memory_in_local_540_U SOURCE top_wrapper.cpp:121 VARIABLE memory_in_local_540 LOOP {} BUNDLEDNAME {} DSP 0 BRAM 0 URAM 0 STORAGESUBTYPE {task level} STORAGESIZE {45 2 1} STORAGEUSAGE {fifo channel} DISPNAME {bind_storage fifo} VISIBLE true} {BINDTYPE storage ID {} IMPL srl LATENCY 0 OPTYPE fifo PRAGMA {} RTLNAME memory_in_local_541_U SOURCE top_wrapper.cpp:121 VARIABLE memory_in_local_541 LOOP {} BUNDLEDNAME {} DSP 0 BRAM 0 URAM 0 STORAGESUBTYPE {task level} STORAGESIZE {45 2 1} STORAGEUSAGE {fifo channel} DISPNAME {bind_storage fifo} VISIBLE true} {BINDTYPE storage ID {} IMPL srl LATENCY 0 OPTYPE fifo PRAGMA {} RTLNAME memory_in_local_542_U SOURCE top_wrapper.cpp:121 VARIABLE memory_in_local_542 LOOP {} BUNDLEDNAME {} DSP 0 BRAM 0 URAM 0 STORAGESUBTYPE {task level} STORAGESIZE {45 2 1} STORAGEUSAGE {fifo channel} DISPNAME {bind_storage fifo} VISIBLE true} {BINDTYPE storage ID {} IMPL srl LATENCY 0 OPTYPE fifo PRAGMA {} RTLNAME memory_in_local_543_U SOURCE top_wrapper.cpp:121 VARIABLE memory_in_local_543 LOOP {} BUNDLEDNAME {} DSP 0 BRAM 0 URAM 0 STORAGESUBTYPE {task level} STORAGESIZE {45 2 1} STORAGEUSAGE {fifo channel} DISPNAME {bind_storage fifo} VISIBLE true} {BINDTYPE storage ID {} IMPL srl LATENCY 0 OPTYPE fifo PRAGMA {} RTLNAME memory_in_local_544_U SOURCE top_wrapper.cpp:121 VARIABLE memory_in_local_544 LOOP {} BUNDLEDNAME {} DSP 0 BRAM 0 URAM 0 STORAGESUBTYPE {task level} STORAGESIZE {45 2 1} STORAGEUSAGE {fifo channel} DISPNAME {bind_storage fifo} VISIBLE true} {BINDTYPE storage ID {} IMPL srl LATENCY 0 OPTYPE fifo PRAGMA {} RTLNAME memory_in_local_545_U SOURCE top_wrapper.cpp:121 VARIABLE memory_in_local_545 LOOP {} BUNDLEDNAME {} DSP 0 BRAM 0 URAM 0 STORAGESUBTYPE {task level} STORAGESIZE {45 2 1} STORAGEUSAGE {fifo channel} DISPNAME {bind_storage fifo} VISIBLE true} {BINDTYPE storage ID {} IMPL srl LATENCY 0 OPTYPE fifo PRAGMA {} RTLNAME memory_in_local_546_U SOURCE top_wrapper.cpp:121 VARIABLE memory_in_local_546 LOOP {} BUNDLEDNAME {} DSP 0 BRAM 0 URAM 0 STORAGESUBTYPE {task level} STORAGESIZE {45 2 1} STORAGEUSAGE {fifo channel} DISPNAME {bind_storage fifo} VISIBLE true} {BINDTYPE storage ID {} IMPL srl LATENCY 0 OPTYPE fifo PRAGMA {} RTLNAME memory_in_local_547_U SOURCE top_wrapper.cpp:121 VARIABLE memory_in_local_547 LOOP {} BUNDLEDNAME {} DSP 0 BRAM 0 URAM 0 STORAGESUBTYPE {task level} STORAGESIZE {45 2 1} STORAGEUSAGE {fifo channel} DISPNAME {bind_storage fifo} VISIBLE true} {BINDTYPE storage ID {} IMPL srl LATENCY 0 OPTYPE fifo PRAGMA {} RTLNAME memory_in_local_548_U SOURCE top_wrapper.cpp:121 VARIABLE memory_in_local_548 LOOP {} BUNDLEDNAME {} DSP 0 BRAM 0 URAM 0 STORAGESUBTYPE {task level} STORAGESIZE {45 2 1} STORAGEUSAGE {fifo channel} DISPNAME {bind_storage fifo} VISIBLE true} {BINDTYPE storage ID {} IMPL srl LATENCY 0 OPTYPE fifo PRAGMA {} RTLNAME memory_in_local_549_U SOURCE top_wrapper.cpp:121 VARIABLE memory_in_local_549 LOOP {} BUNDLEDNAME {} DSP 0 BRAM 0 URAM 0 STORAGESUBTYPE {task level} STORAGESIZE {45 2 1} STORAGEUSAGE {fifo channel} DISPNAME {bind_storage fifo} VISIBLE true} {BINDTYPE storage ID {} IMPL srl LATENCY 0 OPTYPE fifo PRAGMA {} RTLNAME memory_in_local_550_U SOURCE top_wrapper.cpp:121 VARIABLE memory_in_local_550 LOOP {} BUNDLEDNAME {} DSP 0 BRAM 0 URAM 0 STORAGESUBTYPE {task level} STORAGESIZE {45 2 1} STORAGEUSAGE {fifo channel} DISPNAME {bind_storage fifo} VISIBLE true} {BINDTYPE storage ID {} IMPL srl LATENCY 0 OPTYPE fifo PRAGMA {} RTLNAME memory_in_local_551_U SOURCE top_wrapper.cpp:121 VARIABLE memory_in_local_551 LOOP {} BUNDLEDNAME {} DSP 0 BRAM 0 URAM 0 STORAGESUBTYPE {task level} STORAGESIZE {45 2 1} STORAGEUSAGE {fifo channel} DISPNAME {bind_storage fifo} VISIBLE true} {BINDTYPE storage ID {} IMPL srl LATENCY 0 OPTYPE fifo PRAGMA {} RTLNAME memory_in_local_552_U SOURCE top_wrapper.cpp:121 VARIABLE memory_in_local_552 LOOP {} BUNDLEDNAME {} DSP 0 BRAM 0 URAM 0 STORAGESUBTYPE {task level} STORAGESIZE {45 2 1} STORAGEUSAGE {fifo channel} DISPNAME {bind_storage fifo} VISIBLE true} {BINDTYPE storage ID {} IMPL srl LATENCY 0 OPTYPE fifo PRAGMA {} RTLNAME memory_in_local_553_U SOURCE top_wrapper.cpp:121 VARIABLE memory_in_local_553 LOOP {} BUNDLEDNAME {} DSP 0 BRAM 0 URAM 0 STORAGESUBTYPE {task level} STORAGESIZE {45 2 1} STORAGEUSAGE {fifo channel} DISPNAME {bind_storage fifo} VISIBLE true} {BINDTYPE storage ID {} IMPL srl LATENCY 0 OPTYPE fifo PRAGMA {} RTLNAME memory_in_local_554_U SOURCE top_wrapper.cpp:121 VARIABLE memory_in_local_554 LOOP {} BUNDLEDNAME {} DSP 0 BRAM 0 URAM 0 STORAGESUBTYPE {task level} STORAGESIZE {45 2 1} STORAGEUSAGE {fifo channel} DISPNAME {bind_storage fifo} VISIBLE true} {BINDTYPE storage ID {} IMPL srl LATENCY 0 OPTYPE fifo PRAGMA {} RTLNAME memory_in_local_555_U SOURCE top_wrapper.cpp:121 VARIABLE memory_in_local_555 LOOP {} BUNDLEDNAME {} DSP 0 BRAM 0 URAM 0 STORAGESUBTYPE {task level} STORAGESIZE {45 2 1} STORAGEUSAGE {fifo channel} DISPNAME {bind_storage fifo} VISIBLE true} {BINDTYPE storage ID {} IMPL srl LATENCY 0 OPTYPE fifo PRAGMA {} RTLNAME memory_in_local_556_U SOURCE top_wrapper.cpp:121 VARIABLE memory_in_local_556 LOOP {} BUNDLEDNAME {} DSP 0 BRAM 0 URAM 0 STORAGESUBTYPE {task level} STORAGESIZE {45 2 1} STORAGEUSAGE {fifo channel} DISPNAME {bind_storage fifo} VISIBLE true} {BINDTYPE storage ID {} IMPL srl LATENCY 0 OPTYPE fifo PRAGMA {} RTLNAME memory_in_local_557_U SOURCE top_wrapper.cpp:121 VARIABLE memory_in_local_557 LOOP {} BUNDLEDNAME {} DSP 0 BRAM 0 URAM 0 STORAGESUBTYPE {task level} STORAGESIZE {45 2 1} STORAGEUSAGE {fifo channel} DISPNAME {bind_storage fifo} VISIBLE true} {BINDTYPE storage ID {} IMPL srl LATENCY 0 OPTYPE fifo PRAGMA {} RTLNAME memory_in_local_558_U SOURCE top_wrapper.cpp:121 VARIABLE memory_in_local_558 LOOP {} BUNDLEDNAME {} DSP 0 BRAM 0 URAM 0 STORAGESUBTYPE {task level} STORAGESIZE {45 2 1} STORAGEUSAGE {fifo channel} DISPNAME {bind_storage fifo} VISIBLE true} {BINDTYPE storage ID {} IMPL srl LATENCY 0 OPTYPE fifo PRAGMA {} RTLNAME memory_in_local_559_U SOURCE top_wrapper.cpp:121 VARIABLE memory_in_local_559 LOOP {} BUNDLEDNAME {} DSP 0 BRAM 0 URAM 0 STORAGESUBTYPE {task level} STORAGESIZE {45 2 1} STORAGEUSAGE {fifo channel} DISPNAME {bind_storage fifo} VISIBLE true} {BINDTYPE storage ID {} IMPL srl LATENCY 0 OPTYPE fifo PRAGMA {} RTLNAME memory_in_local_560_U SOURCE top_wrapper.cpp:121 VARIABLE memory_in_local_560 LOOP {} BUNDLEDNAME {} DSP 0 BRAM 0 URAM 0 STORAGESUBTYPE {task level} STORAGESIZE {45 2 1} STORAGEUSAGE {fifo channel} DISPNAME {bind_storage fifo} VISIBLE true} {BINDTYPE storage ID {} IMPL srl LATENCY 0 OPTYPE fifo PRAGMA {} RTLNAME memory_in_local_561_U SOURCE top_wrapper.cpp:121 VARIABLE memory_in_local_561 LOOP {} BUNDLEDNAME {} DSP 0 BRAM 0 URAM 0 STORAGESUBTYPE {task level} STORAGESIZE {45 2 1} STORAGEUSAGE {fifo channel} DISPNAME {bind_storage fifo} VISIBLE true} {BINDTYPE storage ID {} IMPL srl LATENCY 0 OPTYPE fifo PRAGMA {} RTLNAME memory_in_local_562_U SOURCE top_wrapper.cpp:121 VARIABLE memory_in_local_562 LOOP {} BUNDLEDNAME {} DSP 0 BRAM 0 URAM 0 STORAGESUBTYPE {task level} STORAGESIZE {45 2 1} STORAGEUSAGE {fifo channel} DISPNAME {bind_storage fifo} VISIBLE true} {BINDTYPE storage ID {} IMPL srl LATENCY 0 OPTYPE fifo PRAGMA {} RTLNAME memory_in_local_563_U SOURCE top_wrapper.cpp:121 VARIABLE memory_in_local_563 LOOP {} BUNDLEDNAME {} DSP 0 BRAM 0 URAM 0 STORAGESUBTYPE {task level} STORAGESIZE {45 2 1} STORAGEUSAGE {fifo channel} DISPNAME {bind_storage fifo} VISIBLE true} {BINDTYPE storage ID {} IMPL srl LATENCY 0 OPTYPE fifo PRAGMA {} RTLNAME memory_in_local_564_U SOURCE top_wrapper.cpp:121 VARIABLE memory_in_local_564 LOOP {} BUNDLEDNAME {} DSP 0 BRAM 0 URAM 0 STORAGESUBTYPE {task level} STORAGESIZE {45 2 1} STORAGEUSAGE {fifo channel} DISPNAME {bind_storage fifo} VISIBLE true} {BINDTYPE storage ID {} IMPL srl LATENCY 0 OPTYPE fifo PRAGMA {} RTLNAME memory_in_local_565_U SOURCE top_wrapper.cpp:121 VARIABLE memory_in_local_565 LOOP {} BUNDLEDNAME {} DSP 0 BRAM 0 URAM 0 STORAGESUBTYPE {task level} STORAGESIZE {45 2 1} STORAGEUSAGE {fifo channel} DISPNAME {bind_storage fifo} VISIBLE true} {BINDTYPE storage ID {} IMPL srl LATENCY 0 OPTYPE fifo PRAGMA {} RTLNAME memory_in_local_566_U SOURCE top_wrapper.cpp:121 VARIABLE memory_in_local_566 LOOP {} BUNDLEDNAME {} DSP 0 BRAM 0 URAM 0 STORAGESUBTYPE {task level} STORAGESIZE {45 2 1} STORAGEUSAGE {fifo channel} DISPNAME {bind_storage fifo} VISIBLE true} {BINDTYPE storage ID {} IMPL srl LATENCY 0 OPTYPE fifo PRAGMA {} RTLNAME memory_in_local_567_U SOURCE top_wrapper.cpp:121 VARIABLE memory_in_local_567 LOOP {} BUNDLEDNAME {} DSP 0 BRAM 0 URAM 0 STORAGESUBTYPE {task level} STORAGESIZE {45 2 1} STORAGEUSAGE {fifo channel} DISPNAME {bind_storage fifo} VISIBLE true} {BINDTYPE storage ID {} IMPL srl LATENCY 0 OPTYPE fifo PRAGMA {} RTLNAME memory_in_local_568_U SOURCE top_wrapper.cpp:121 VARIABLE memory_in_local_568 LOOP {} BUNDLEDNAME {} DSP 0 BRAM 0 URAM 0 STORAGESUBTYPE {task level} STORAGESIZE {45 2 1} STORAGEUSAGE {fifo channel} DISPNAME {bind_storage fifo} VISIBLE true} {BINDTYPE storage ID {} IMPL srl LATENCY 0 OPTYPE fifo PRAGMA {} RTLNAME memory_in_local_569_U SOURCE top_wrapper.cpp:121 VARIABLE memory_in_local_569 LOOP {} BUNDLEDNAME {} DSP 0 BRAM 0 URAM 0 STORAGESUBTYPE {task level} STORAGESIZE {45 2 1} STORAGEUSAGE {fifo channel} DISPNAME {bind_storage fifo} VISIBLE true} {BINDTYPE storage ID {} IMPL srl LATENCY 0 OPTYPE fifo PRAGMA {} RTLNAME memory_in_local_570_U SOURCE top_wrapper.cpp:121 VARIABLE memory_in_local_570 LOOP {} BUNDLEDNAME {} DSP 0 BRAM 0 URAM 0 STORAGESUBTYPE {task level} STORAGESIZE {45 2 1} STORAGEUSAGE {fifo channel} DISPNAME {bind_storage fifo} VISIBLE true} {BINDTYPE storage ID {} IMPL srl LATENCY 0 OPTYPE fifo PRAGMA {} RTLNAME memory_in_local_571_U SOURCE top_wrapper.cpp:121 VARIABLE memory_in_local_571 LOOP {} BUNDLEDNAME {} DSP 0 BRAM 0 URAM 0 STORAGESUBTYPE {task level} STORAGESIZE {45 2 1} STORAGEUSAGE {fifo channel} DISPNAME {bind_storage fifo} VISIBLE true} {BINDTYPE storage ID {} IMPL srl LATENCY 0 OPTYPE fifo PRAGMA {} RTLNAME memory_in_local_572_U SOURCE top_wrapper.cpp:121 VARIABLE memory_in_local_572 LOOP {} BUNDLEDNAME {} DSP 0 BRAM 0 URAM 0 STORAGESUBTYPE {task level} STORAGESIZE {45 2 1} STORAGEUSAGE {fifo channel} DISPNAME {bind_storage fifo} VISIBLE true} {BINDTYPE storage ID {} IMPL srl LATENCY 0 OPTYPE fifo PRAGMA {} RTLNAME memory_in_local_573_U SOURCE top_wrapper.cpp:121 VARIABLE memory_in_local_573 LOOP {} BUNDLEDNAME {} DSP 0 BRAM 0 URAM 0 STORAGESUBTYPE {task level} STORAGESIZE {45 2 1} STORAGEUSAGE {fifo channel} DISPNAME {bind_storage fifo} VISIBLE true} {BINDTYPE storage ID {} IMPL srl LATENCY 0 OPTYPE fifo PRAGMA {} RTLNAME memory_in_local_574_U SOURCE top_wrapper.cpp:121 VARIABLE memory_in_local_574 LOOP {} BUNDLEDNAME {} DSP 0 BRAM 0 URAM 0 STORAGESUBTYPE {task level} STORAGESIZE {45 2 1} STORAGEUSAGE {fifo channel} DISPNAME {bind_storage fifo} VISIBLE true} {BINDTYPE storage ID {} IMPL srl LATENCY 0 OPTYPE fifo PRAGMA {} RTLNAME memory_in_local_575_U SOURCE top_wrapper.cpp:121 VARIABLE memory_in_local_575 LOOP {} BUNDLEDNAME {} DSP 0 BRAM 0 URAM 0 STORAGESUBTYPE {task level} STORAGESIZE {45 2 1} STORAGEUSAGE {fifo channel} DISPNAME {bind_storage fifo} VISIBLE true} {BINDTYPE storage ID {} IMPL srl LATENCY 0 OPTYPE fifo PRAGMA {} RTLNAME memory_in_local_576_U SOURCE top_wrapper.cpp:121 VARIABLE memory_in_local_576 LOOP {} BUNDLEDNAME {} DSP 0 BRAM 0 URAM 0 STORAGESUBTYPE {task level} STORAGESIZE {45 2 1} STORAGEUSAGE {fifo channel} DISPNAME {bind_storage fifo} VISIBLE true} {BINDTYPE storage ID {} IMPL srl LATENCY 0 OPTYPE fifo PRAGMA {} RTLNAME memory_in_local_577_U SOURCE top_wrapper.cpp:121 VARIABLE memory_in_local_577 LOOP {} BUNDLEDNAME {} DSP 0 BRAM 0 URAM 0 STORAGESUBTYPE {task level} STORAGESIZE {45 2 1} STORAGEUSAGE {fifo channel} DISPNAME {bind_storage fifo} VISIBLE true} {BINDTYPE storage ID {} IMPL srl LATENCY 0 OPTYPE fifo PRAGMA {} RTLNAME memory_in_local_578_U SOURCE top_wrapper.cpp:121 VARIABLE memory_in_local_578 LOOP {} BUNDLEDNAME {} DSP 0 BRAM 0 URAM 0 STORAGESUBTYPE {task level} STORAGESIZE {45 2 1} STORAGEUSAGE {fifo channel} DISPNAME {bind_storage fifo} VISIBLE true} {BINDTYPE storage ID {} IMPL srl LATENCY 0 OPTYPE fifo PRAGMA {} RTLNAME memory_in_local_579_U SOURCE top_wrapper.cpp:121 VARIABLE memory_in_local_579 LOOP {} BUNDLEDNAME {} DSP 0 BRAM 0 URAM 0 STORAGESUBTYPE {task level} STORAGESIZE {45 2 1} STORAGEUSAGE {fifo channel} DISPNAME {bind_storage fifo} VISIBLE true} {BINDTYPE storage ID {} IMPL srl LATENCY 0 OPTYPE fifo PRAGMA {} RTLNAME memory_in_local_580_U SOURCE top_wrapper.cpp:121 VARIABLE memory_in_local_580 LOOP {} BUNDLEDNAME {} DSP 0 BRAM 0 URAM 0 STORAGESUBTYPE {task level} STORAGESIZE {45 2 1} STORAGEUSAGE {fifo channel} DISPNAME {bind_storage fifo} VISIBLE true} {BINDTYPE storage ID {} IMPL srl LATENCY 0 OPTYPE fifo PRAGMA {} RTLNAME memory_in_local_581_U SOURCE top_wrapper.cpp:121 VARIABLE memory_in_local_581 LOOP {} BUNDLEDNAME {} DSP 0 BRAM 0 URAM 0 STORAGESUBTYPE {task level} STORAGESIZE {45 2 1} STORAGEUSAGE {fifo channel} DISPNAME {bind_storage fifo} VISIBLE true} {BINDTYPE storage ID {} IMPL srl LATENCY 0 OPTYPE fifo PRAGMA {} RTLNAME memory_in_local_582_U SOURCE top_wrapper.cpp:121 VARIABLE memory_in_local_582 LOOP {} BUNDLEDNAME {} DSP 0 BRAM 0 URAM 0 STORAGESUBTYPE {task level} STORAGESIZE {45 2 1} STORAGEUSAGE {fifo channel} DISPNAME {bind_storage fifo} VISIBLE true} {BINDTYPE storage ID {} IMPL srl LATENCY 0 OPTYPE fifo PRAGMA {} RTLNAME memory_in_local_583_U SOURCE top_wrapper.cpp:121 VARIABLE memory_in_local_583 LOOP {} BUNDLEDNAME {} DSP 0 BRAM 0 URAM 0 STORAGESUBTYPE {task level} STORAGESIZE {45 2 1} STORAGEUSAGE {fifo channel} DISPNAME {bind_storage fifo} VISIBLE true} {BINDTYPE storage ID {} IMPL srl LATENCY 0 OPTYPE fifo PRAGMA {} RTLNAME memory_in_local_584_U SOURCE top_wrapper.cpp:121 VARIABLE memory_in_local_584 LOOP {} BUNDLEDNAME {} DSP 0 BRAM 0 URAM 0 STORAGESUBTYPE {task level} STORAGESIZE {45 2 1} STORAGEUSAGE {fifo channel} DISPNAME {bind_storage fifo} VISIBLE true} {BINDTYPE storage ID {} IMPL srl LATENCY 0 OPTYPE fifo PRAGMA {} RTLNAME memory_in_local_585_U SOURCE top_wrapper.cpp:121 VARIABLE memory_in_local_585 LOOP {} BUNDLEDNAME {} DSP 0 BRAM 0 URAM 0 STORAGESUBTYPE {task level} STORAGESIZE {45 2 1} STORAGEUSAGE {fifo channel} DISPNAME {bind_storage fifo} VISIBLE true} {BINDTYPE storage ID {} IMPL srl LATENCY 0 OPTYPE fifo PRAGMA {} RTLNAME memory_in_local_586_U SOURCE top_wrapper.cpp:121 VARIABLE memory_in_local_586 LOOP {} BUNDLEDNAME {} DSP 0 BRAM 0 URAM 0 STORAGESUBTYPE {task level} STORAGESIZE {45 2 1} STORAGEUSAGE {fifo channel} DISPNAME {bind_storage fifo} VISIBLE true} {BINDTYPE storage ID {} IMPL srl LATENCY 0 OPTYPE fifo PRAGMA {} RTLNAME memory_in_local_587_U SOURCE top_wrapper.cpp:121 VARIABLE memory_in_local_587 LOOP {} BUNDLEDNAME {} DSP 0 BRAM 0 URAM 0 STORAGESUBTYPE {task level} STORAGESIZE {45 2 1} STORAGEUSAGE {fifo channel} DISPNAME {bind_storage fifo} VISIBLE true} {BINDTYPE storage ID {} IMPL srl LATENCY 0 OPTYPE fifo PRAGMA {} RTLNAME memory_in_local_588_U SOURCE top_wrapper.cpp:121 VARIABLE memory_in_local_588 LOOP {} BUNDLEDNAME {} DSP 0 BRAM 0 URAM 0 STORAGESUBTYPE {task level} STORAGESIZE {45 2 1} STORAGEUSAGE {fifo channel} DISPNAME {bind_storage fifo} VISIBLE true} {BINDTYPE storage ID {} IMPL srl LATENCY 0 OPTYPE fifo PRAGMA {} RTLNAME memory_in_local_589_U SOURCE top_wrapper.cpp:121 VARIABLE memory_in_local_589 LOOP {} BUNDLEDNAME {} DSP 0 BRAM 0 URAM 0 STORAGESUBTYPE {task level} STORAGESIZE {45 2 1} STORAGEUSAGE {fifo channel} DISPNAME {bind_storage fifo} VISIBLE true} {BINDTYPE storage ID {} IMPL srl LATENCY 0 OPTYPE fifo PRAGMA {} RTLNAME memory_in_local_590_U SOURCE top_wrapper.cpp:121 VARIABLE memory_in_local_590 LOOP {} BUNDLEDNAME {} DSP 0 BRAM 0 URAM 0 STORAGESUBTYPE {task level} STORAGESIZE {45 2 1} STORAGEUSAGE {fifo channel} DISPNAME {bind_storage fifo} VISIBLE true} {BINDTYPE storage ID {} IMPL srl LATENCY 0 OPTYPE fifo PRAGMA {} RTLNAME memory_in_local_591_U SOURCE top_wrapper.cpp:121 VARIABLE memory_in_local_591 LOOP {} BUNDLEDNAME {} DSP 0 BRAM 0 URAM 0 STORAGESUBTYPE {task level} STORAGESIZE {45 2 1} STORAGEUSAGE {fifo channel} DISPNAME {bind_storage fifo} VISIBLE true} {BINDTYPE storage ID {} IMPL srl LATENCY 0 OPTYPE fifo PRAGMA {} RTLNAME memory_in_local_592_U SOURCE top_wrapper.cpp:121 VARIABLE memory_in_local_592 LOOP {} BUNDLEDNAME {} DSP 0 BRAM 0 URAM 0 STORAGESUBTYPE {task level} STORAGESIZE {45 2 1} STORAGEUSAGE {fifo channel} DISPNAME {bind_storage fifo} VISIBLE true} {BINDTYPE storage ID {} IMPL srl LATENCY 0 OPTYPE fifo PRAGMA {} RTLNAME memory_in_local_593_U SOURCE top_wrapper.cpp:121 VARIABLE memory_in_local_593 LOOP {} BUNDLEDNAME {} DSP 0 BRAM 0 URAM 0 STORAGESUBTYPE {task level} STORAGESIZE {45 2 1} STORAGEUSAGE {fifo channel} DISPNAME {bind_storage fifo} VISIBLE true} {BINDTYPE storage ID {} IMPL srl LATENCY 0 OPTYPE fifo PRAGMA {} RTLNAME memory_in_local_594_U SOURCE top_wrapper.cpp:121 VARIABLE memory_in_local_594 LOOP {} BUNDLEDNAME {} DSP 0 BRAM 0 URAM 0 STORAGESUBTYPE {task level} STORAGESIZE {45 2 1} STORAGEUSAGE {fifo channel} DISPNAME {bind_storage fifo} VISIBLE true} {BINDTYPE storage ID {} IMPL srl LATENCY 0 OPTYPE fifo PRAGMA {} RTLNAME memory_in_local_595_U SOURCE top_wrapper.cpp:121 VARIABLE memory_in_local_595 LOOP {} BUNDLEDNAME {} DSP 0 BRAM 0 URAM 0 STORAGESUBTYPE {task level} STORAGESIZE {45 2 1} STORAGEUSAGE {fifo channel} DISPNAME {bind_storage fifo} VISIBLE true} {BINDTYPE storage ID {} IMPL srl LATENCY 0 OPTYPE fifo PRAGMA {} RTLNAME memory_in_local_596_U SOURCE top_wrapper.cpp:121 VARIABLE memory_in_local_596 LOOP {} BUNDLEDNAME {} DSP 0 BRAM 0 URAM 0 STORAGESUBTYPE {task level} STORAGESIZE {45 2 1} STORAGEUSAGE {fifo channel} DISPNAME {bind_storage fifo} VISIBLE true} {BINDTYPE storage ID {} IMPL srl LATENCY 0 OPTYPE fifo PRAGMA {} RTLNAME memory_in_local_597_U SOURCE top_wrapper.cpp:121 VARIABLE memory_in_local_597 LOOP {} BUNDLEDNAME {} DSP 0 BRAM 0 URAM 0 STORAGESUBTYPE {task level} STORAGESIZE {45 2 1} STORAGEUSAGE {fifo channel} DISPNAME {bind_storage fifo} VISIBLE true} {BINDTYPE storage ID {} IMPL srl LATENCY 0 OPTYPE fifo PRAGMA {} RTLNAME memory_in_local_598_U SOURCE top_wrapper.cpp:121 VARIABLE memory_in_local_598 LOOP {} BUNDLEDNAME {} DSP 0 BRAM 0 URAM 0 STORAGESUBTYPE {task level} STORAGESIZE {45 2 1} STORAGEUSAGE {fifo channel} DISPNAME {bind_storage fifo} VISIBLE true} {BINDTYPE storage ID {} IMPL srl LATENCY 0 OPTYPE fifo PRAGMA {} RTLNAME memory_in_local_599_U SOURCE top_wrapper.cpp:121 VARIABLE memory_in_local_599 LOOP {} BUNDLEDNAME {} DSP 0 BRAM 0 URAM 0 STORAGESUBTYPE {task level} STORAGESIZE {45 2 1} STORAGEUSAGE {fifo channel} DISPNAME {bind_storage fifo} VISIBLE true} {BINDTYPE storage ID {} IMPL srl LATENCY 0 OPTYPE fifo PRAGMA {} RTLNAME memory_in_local_600_U SOURCE top_wrapper.cpp:121 VARIABLE memory_in_local_600 LOOP {} BUNDLEDNAME {} DSP 0 BRAM 0 URAM 0 STORAGESUBTYPE {task level} STORAGESIZE {45 2 1} STORAGEUSAGE {fifo channel} DISPNAME {bind_storage fifo} VISIBLE true} {BINDTYPE storage ID {} IMPL srl LATENCY 0 OPTYPE fifo PRAGMA {} RTLNAME memory_in_local_601_U SOURCE top_wrapper.cpp:121 VARIABLE memory_in_local_601 LOOP {} BUNDLEDNAME {} DSP 0 BRAM 0 URAM 0 STORAGESUBTYPE {task level} STORAGESIZE {45 2 1} STORAGEUSAGE {fifo channel} DISPNAME {bind_storage fifo} VISIBLE true} {BINDTYPE storage ID {} IMPL srl LATENCY 0 OPTYPE fifo PRAGMA {} RTLNAME memory_in_local_602_U SOURCE top_wrapper.cpp:121 VARIABLE memory_in_local_602 LOOP {} BUNDLEDNAME {} DSP 0 BRAM 0 URAM 0 STORAGESUBTYPE {task level} STORAGESIZE {45 2 1} STORAGEUSAGE {fifo channel} DISPNAME {bind_storage fifo} VISIBLE true} {BINDTYPE storage ID {} IMPL srl LATENCY 0 OPTYPE fifo PRAGMA {} RTLNAME memory_in_local_603_U SOURCE top_wrapper.cpp:121 VARIABLE memory_in_local_603 LOOP {} BUNDLEDNAME {} DSP 0 BRAM 0 URAM 0 STORAGESUBTYPE {task level} STORAGESIZE {45 2 1} STORAGEUSAGE {fifo channel} DISPNAME {bind_storage fifo} VISIBLE true} {BINDTYPE storage ID {} IMPL srl LATENCY 0 OPTYPE fifo PRAGMA {} RTLNAME memory_in_local_604_U SOURCE top_wrapper.cpp:121 VARIABLE memory_in_local_604 LOOP {} BUNDLEDNAME {} DSP 0 BRAM 0 URAM 0 STORAGESUBTYPE {task level} STORAGESIZE {45 2 1} STORAGEUSAGE {fifo channel} DISPNAME {bind_storage fifo} VISIBLE true} {BINDTYPE storage ID {} IMPL srl LATENCY 0 OPTYPE fifo PRAGMA {} RTLNAME memory_in_local_605_U SOURCE top_wrapper.cpp:121 VARIABLE memory_in_local_605 LOOP {} BUNDLEDNAME {} DSP 0 BRAM 0 URAM 0 STORAGESUBTYPE {task level} STORAGESIZE {45 2 1} STORAGEUSAGE {fifo channel} DISPNAME {bind_storage fifo} VISIBLE true} {BINDTYPE storage ID {} IMPL srl LATENCY 0 OPTYPE fifo PRAGMA {} RTLNAME memory_in_local_606_U SOURCE top_wrapper.cpp:121 VARIABLE memory_in_local_606 LOOP {} BUNDLEDNAME {} DSP 0 BRAM 0 URAM 0 STORAGESUBTYPE {task level} STORAGESIZE {45 2 1} STORAGEUSAGE {fifo channel} DISPNAME {bind_storage fifo} VISIBLE true} {BINDTYPE storage ID {} IMPL srl LATENCY 0 OPTYPE fifo PRAGMA {} RTLNAME memory_in_local_607_U SOURCE top_wrapper.cpp:121 VARIABLE memory_in_local_607 LOOP {} BUNDLEDNAME {} DSP 0 BRAM 0 URAM 0 STORAGESUBTYPE {task level} STORAGESIZE {45 2 1} STORAGEUSAGE {fifo channel} DISPNAME {bind_storage fifo} VISIBLE true} {BINDTYPE storage ID {} IMPL srl LATENCY 0 OPTYPE fifo PRAGMA {} RTLNAME memory_in_local_608_U SOURCE top_wrapper.cpp:121 VARIABLE memory_in_local_608 LOOP {} BUNDLEDNAME {} DSP 0 BRAM 0 URAM 0 STORAGESUBTYPE {task level} STORAGESIZE {45 2 1} STORAGEUSAGE {fifo channel} DISPNAME {bind_storage fifo} VISIBLE true} {BINDTYPE storage ID {} IMPL srl LATENCY 0 OPTYPE fifo PRAGMA {} RTLNAME memory_in_local_609_U SOURCE top_wrapper.cpp:121 VARIABLE memory_in_local_609 LOOP {} BUNDLEDNAME {} DSP 0 BRAM 0 URAM 0 STORAGESUBTYPE {task level} STORAGESIZE {45 2 1} STORAGEUSAGE {fifo channel} DISPNAME {bind_storage fifo} VISIBLE true} {BINDTYPE storage ID {} IMPL srl LATENCY 0 OPTYPE fifo PRAGMA {} RTLNAME memory_in_local_610_U SOURCE top_wrapper.cpp:121 VARIABLE memory_in_local_610 LOOP {} BUNDLEDNAME {} DSP 0 BRAM 0 URAM 0 STORAGESUBTYPE {task level} STORAGESIZE {45 2 1} STORAGEUSAGE {fifo channel} DISPNAME {bind_storage fifo} VISIBLE true} {BINDTYPE storage ID {} IMPL srl LATENCY 0 OPTYPE fifo PRAGMA {} RTLNAME memory_in_local_611_U SOURCE top_wrapper.cpp:121 VARIABLE memory_in_local_611 LOOP {} BUNDLEDNAME {} DSP 0 BRAM 0 URAM 0 STORAGESUBTYPE {task level} STORAGESIZE {45 2 1} STORAGEUSAGE {fifo channel} DISPNAME {bind_storage fifo} VISIBLE true} {BINDTYPE storage ID {} IMPL srl LATENCY 0 OPTYPE fifo PRAGMA {} RTLNAME memory_in_local_612_U SOURCE top_wrapper.cpp:121 VARIABLE memory_in_local_612 LOOP {} BUNDLEDNAME {} DSP 0 BRAM 0 URAM 0 STORAGESUBTYPE {task level} STORAGESIZE {45 2 1} STORAGEUSAGE {fifo channel} DISPNAME {bind_storage fifo} VISIBLE true} {BINDTYPE storage ID {} IMPL srl LATENCY 0 OPTYPE fifo PRAGMA {} RTLNAME memory_in_local_613_U SOURCE top_wrapper.cpp:121 VARIABLE memory_in_local_613 LOOP {} BUNDLEDNAME {} DSP 0 BRAM 0 URAM 0 STORAGESUBTYPE {task level} STORAGESIZE {45 2 1} STORAGEUSAGE {fifo channel} DISPNAME {bind_storage fifo} VISIBLE true} {BINDTYPE storage ID {} IMPL srl LATENCY 0 OPTYPE fifo PRAGMA {} RTLNAME memory_in_local_614_U SOURCE top_wrapper.cpp:121 VARIABLE memory_in_local_614 LOOP {} BUNDLEDNAME {} DSP 0 BRAM 0 URAM 0 STORAGESUBTYPE {task level} STORAGESIZE {45 2 1} STORAGEUSAGE {fifo channel} DISPNAME {bind_storage fifo} VISIBLE true} {BINDTYPE storage ID {} IMPL srl LATENCY 0 OPTYPE fifo PRAGMA {} RTLNAME memory_in_local_615_U SOURCE top_wrapper.cpp:121 VARIABLE memory_in_local_615 LOOP {} BUNDLEDNAME {} DSP 0 BRAM 0 URAM 0 STORAGESUBTYPE {task level} STORAGESIZE {45 2 1} STORAGEUSAGE {fifo channel} DISPNAME {bind_storage fifo} VISIBLE true} {BINDTYPE storage ID {} IMPL srl LATENCY 0 OPTYPE fifo PRAGMA {} RTLNAME memory_in_local_616_U SOURCE top_wrapper.cpp:121 VARIABLE memory_in_local_616 LOOP {} BUNDLEDNAME {} DSP 0 BRAM 0 URAM 0 STORAGESUBTYPE {task level} STORAGESIZE {45 2 1} STORAGEUSAGE {fifo channel} DISPNAME {bind_storage fifo} VISIBLE true} {BINDTYPE storage ID {} IMPL srl LATENCY 0 OPTYPE fifo PRAGMA {} RTLNAME memory_in_local_617_U SOURCE top_wrapper.cpp:121 VARIABLE memory_in_local_617 LOOP {} BUNDLEDNAME {} DSP 0 BRAM 0 URAM 0 STORAGESUBTYPE {task level} STORAGESIZE {45 2 1} STORAGEUSAGE {fifo channel} DISPNAME {bind_storage fifo} VISIBLE true} {BINDTYPE storage ID {} IMPL srl LATENCY 0 OPTYPE fifo PRAGMA {} RTLNAME memory_in_local_618_U SOURCE top_wrapper.cpp:121 VARIABLE memory_in_local_618 LOOP {} BUNDLEDNAME {} DSP 0 BRAM 0 URAM 0 STORAGESUBTYPE {task level} STORAGESIZE {45 2 1} STORAGEUSAGE {fifo channel} DISPNAME {bind_storage fifo} VISIBLE true} {BINDTYPE storage ID {} IMPL srl LATENCY 0 OPTYPE fifo PRAGMA {} RTLNAME memory_in_local_619_U SOURCE top_wrapper.cpp:121 VARIABLE memory_in_local_619 LOOP {} BUNDLEDNAME {} DSP 0 BRAM 0 URAM 0 STORAGESUBTYPE {task level} STORAGESIZE {45 2 1} STORAGEUSAGE {fifo channel} DISPNAME {bind_storage fifo} VISIBLE true} {BINDTYPE storage ID {} IMPL srl LATENCY 0 OPTYPE fifo PRAGMA {} RTLNAME memory_in_local_620_U SOURCE top_wrapper.cpp:121 VARIABLE memory_in_local_620 LOOP {} BUNDLEDNAME {} DSP 0 BRAM 0 URAM 0 STORAGESUBTYPE {task level} STORAGESIZE {45 2 1} STORAGEUSAGE {fifo channel} DISPNAME {bind_storage fifo} VISIBLE true} {BINDTYPE storage ID {} IMPL srl LATENCY 0 OPTYPE fifo PRAGMA {} RTLNAME memory_in_local_621_U SOURCE top_wrapper.cpp:121 VARIABLE memory_in_local_621 LOOP {} BUNDLEDNAME {} DSP 0 BRAM 0 URAM 0 STORAGESUBTYPE {task level} STORAGESIZE {45 2 1} STORAGEUSAGE {fifo channel} DISPNAME {bind_storage fifo} VISIBLE true} {BINDTYPE storage ID {} IMPL srl LATENCY 0 OPTYPE fifo PRAGMA {} RTLNAME memory_in_local_622_U SOURCE top_wrapper.cpp:121 VARIABLE memory_in_local_622 LOOP {} BUNDLEDNAME {} DSP 0 BRAM 0 URAM 0 STORAGESUBTYPE {task level} STORAGESIZE {45 2 1} STORAGEUSAGE {fifo channel} DISPNAME {bind_storage fifo} VISIBLE true} {BINDTYPE storage ID {} IMPL srl LATENCY 0 OPTYPE fifo PRAGMA {} RTLNAME memory_in_local_623_U SOURCE top_wrapper.cpp:121 VARIABLE memory_in_local_623 LOOP {} BUNDLEDNAME {} DSP 0 BRAM 0 URAM 0 STORAGESUBTYPE {task level} STORAGESIZE {45 2 1} STORAGEUSAGE {fifo channel} DISPNAME {bind_storage fifo} VISIBLE true} {BINDTYPE storage ID {} IMPL srl LATENCY 0 OPTYPE fifo PRAGMA {} RTLNAME memory_in_local_624_U SOURCE top_wrapper.cpp:121 VARIABLE memory_in_local_624 LOOP {} BUNDLEDNAME {} DSP 0 BRAM 0 URAM 0 STORAGESUBTYPE {task level} STORAGESIZE {45 2 1} STORAGEUSAGE {fifo channel} DISPNAME {bind_storage fifo} VISIBLE true} {BINDTYPE storage ID {} IMPL srl LATENCY 0 OPTYPE fifo PRAGMA {} RTLNAME memory_in_local_625_U SOURCE top_wrapper.cpp:121 VARIABLE memory_in_local_625 LOOP {} BUNDLEDNAME {} DSP 0 BRAM 0 URAM 0 STORAGESUBTYPE {task level} STORAGESIZE {45 2 1} STORAGEUSAGE {fifo channel} DISPNAME {bind_storage fifo} VISIBLE true} {BINDTYPE storage ID {} IMPL srl LATENCY 0 OPTYPE fifo PRAGMA {} RTLNAME memory_in_local_626_U SOURCE top_wrapper.cpp:121 VARIABLE memory_in_local_626 LOOP {} BUNDLEDNAME {} DSP 0 BRAM 0 URAM 0 STORAGESUBTYPE {task level} STORAGESIZE {45 2 1} STORAGEUSAGE {fifo channel} DISPNAME {bind_storage fifo} VISIBLE true} {BINDTYPE storage ID {} IMPL srl LATENCY 0 OPTYPE fifo PRAGMA {} RTLNAME memory_in_local_627_U SOURCE top_wrapper.cpp:121 VARIABLE memory_in_local_627 LOOP {} BUNDLEDNAME {} DSP 0 BRAM 0 URAM 0 STORAGESUBTYPE {task level} STORAGESIZE {45 2 1} STORAGEUSAGE {fifo channel} DISPNAME {bind_storage fifo} VISIBLE true} {BINDTYPE storage ID {} IMPL srl LATENCY 0 OPTYPE fifo PRAGMA {} RTLNAME memory_in_local_628_U SOURCE top_wrapper.cpp:121 VARIABLE memory_in_local_628 LOOP {} BUNDLEDNAME {} DSP 0 BRAM 0 URAM 0 STORAGESUBTYPE {task level} STORAGESIZE {45 2 1} STORAGEUSAGE {fifo channel} DISPNAME {bind_storage fifo} VISIBLE true} {BINDTYPE storage ID {} IMPL srl LATENCY 0 OPTYPE fifo PRAGMA {} RTLNAME memory_in_local_629_U SOURCE top_wrapper.cpp:121 VARIABLE memory_in_local_629 LOOP {} BUNDLEDNAME {} DSP 0 BRAM 0 URAM 0 STORAGESUBTYPE {task level} STORAGESIZE {45 2 1} STORAGEUSAGE {fifo channel} DISPNAME {bind_storage fifo} VISIBLE true} {BINDTYPE storage ID {} IMPL srl LATENCY 0 OPTYPE fifo PRAGMA {} RTLNAME memory_in_local_630_U SOURCE top_wrapper.cpp:121 VARIABLE memory_in_local_630 LOOP {} BUNDLEDNAME {} DSP 0 BRAM 0 URAM 0 STORAGESUBTYPE {task level} STORAGESIZE {45 2 1} STORAGEUSAGE {fifo channel} DISPNAME {bind_storage fifo} VISIBLE true} {BINDTYPE storage ID {} IMPL srl LATENCY 0 OPTYPE fifo PRAGMA {} RTLNAME memory_in_local_631_U SOURCE top_wrapper.cpp:121 VARIABLE memory_in_local_631 LOOP {} BUNDLEDNAME {} DSP 0 BRAM 0 URAM 0 STORAGESUBTYPE {task level} STORAGESIZE {45 2 1} STORAGEUSAGE {fifo channel} DISPNAME {bind_storage fifo} VISIBLE true} {BINDTYPE storage ID {} IMPL srl LATENCY 0 OPTYPE fifo PRAGMA {} RTLNAME memory_in_local_632_U SOURCE top_wrapper.cpp:121 VARIABLE memory_in_local_632 LOOP {} BUNDLEDNAME {} DSP 0 BRAM 0 URAM 0 STORAGESUBTYPE {task level} STORAGESIZE {45 2 1} STORAGEUSAGE {fifo channel} DISPNAME {bind_storage fifo} VISIBLE true} {BINDTYPE storage ID {} IMPL srl LATENCY 0 OPTYPE fifo PRAGMA {} RTLNAME memory_in_local_633_U SOURCE top_wrapper.cpp:121 VARIABLE memory_in_local_633 LOOP {} BUNDLEDNAME {} DSP 0 BRAM 0 URAM 0 STORAGESUBTYPE {task level} STORAGESIZE {45 2 1} STORAGEUSAGE {fifo channel} DISPNAME {bind_storage fifo} VISIBLE true} {BINDTYPE storage ID {} IMPL srl LATENCY 0 OPTYPE fifo PRAGMA {} RTLNAME memory_in_local_634_U SOURCE top_wrapper.cpp:121 VARIABLE memory_in_local_634 LOOP {} BUNDLEDNAME {} DSP 0 BRAM 0 URAM 0 STORAGESUBTYPE {task level} STORAGESIZE {45 2 1} STORAGEUSAGE {fifo channel} DISPNAME {bind_storage fifo} VISIBLE true} {BINDTYPE storage ID {} IMPL srl LATENCY 0 OPTYPE fifo PRAGMA {} RTLNAME memory_in_local_635_U SOURCE top_wrapper.cpp:121 VARIABLE memory_in_local_635 LOOP {} BUNDLEDNAME {} DSP 0 BRAM 0 URAM 0 STORAGESUBTYPE {task level} STORAGESIZE {45 2 1} STORAGEUSAGE {fifo channel} DISPNAME {bind_storage fifo} VISIBLE true} {BINDTYPE storage ID {} IMPL srl LATENCY 0 OPTYPE fifo PRAGMA {} RTLNAME memory_in_local_636_U SOURCE top_wrapper.cpp:121 VARIABLE memory_in_local_636 LOOP {} BUNDLEDNAME {} DSP 0 BRAM 0 URAM 0 STORAGESUBTYPE {task level} STORAGESIZE {45 2 1} STORAGEUSAGE {fifo channel} DISPNAME {bind_storage fifo} VISIBLE true} {BINDTYPE storage ID {} IMPL srl LATENCY 0 OPTYPE fifo PRAGMA {} RTLNAME memory_in_local_637_U SOURCE top_wrapper.cpp:121 VARIABLE memory_in_local_637 LOOP {} BUNDLEDNAME {} DSP 0 BRAM 0 URAM 0 STORAGESUBTYPE {task level} STORAGESIZE {45 2 1} STORAGEUSAGE {fifo channel} DISPNAME {bind_storage fifo} VISIBLE true} {BINDTYPE storage ID {} IMPL srl LATENCY 0 OPTYPE fifo PRAGMA {} RTLNAME memory_in_local_638_U SOURCE top_wrapper.cpp:121 VARIABLE memory_in_local_638 LOOP {} BUNDLEDNAME {} DSP 0 BRAM 0 URAM 0 STORAGESUBTYPE {task level} STORAGESIZE {45 2 1} STORAGEUSAGE {fifo channel} DISPNAME {bind_storage fifo} VISIBLE true} {BINDTYPE storage ID {} IMPL srl LATENCY 0 OPTYPE fifo PRAGMA {} RTLNAME memory_in_local_639_U SOURCE top_wrapper.cpp:121 VARIABLE memory_in_local_639 LOOP {} BUNDLEDNAME {} DSP 0 BRAM 0 URAM 0 STORAGESUBTYPE {task level} STORAGESIZE {45 2 1} STORAGEUSAGE {fifo channel} DISPNAME {bind_storage fifo} VISIBLE true} {BINDTYPE storage ID {} IMPL srl LATENCY 0 OPTYPE fifo PRAGMA {} RTLNAME memory_in_local_640_U SOURCE top_wrapper.cpp:121 VARIABLE memory_in_local_640 LOOP {} BUNDLEDNAME {} DSP 0 BRAM 0 URAM 0 STORAGESUBTYPE {task level} STORAGESIZE {45 2 1} STORAGEUSAGE {fifo channel} DISPNAME {bind_storage fifo} VISIBLE true} {BINDTYPE storage ID {} IMPL srl LATENCY 0 OPTYPE fifo PRAGMA {} RTLNAME memory_in_local_641_U SOURCE top_wrapper.cpp:121 VARIABLE memory_in_local_641 LOOP {} BUNDLEDNAME {} DSP 0 BRAM 0 URAM 0 STORAGESUBTYPE {task level} STORAGESIZE {45 2 1} STORAGEUSAGE {fifo channel} DISPNAME {bind_storage fifo} VISIBLE true} {BINDTYPE storage ID {} IMPL srl LATENCY 0 OPTYPE fifo PRAGMA {} RTLNAME memory_in_local_642_U SOURCE top_wrapper.cpp:121 VARIABLE memory_in_local_642 LOOP {} BUNDLEDNAME {} DSP 0 BRAM 0 URAM 0 STORAGESUBTYPE {task level} STORAGESIZE {45 2 1} STORAGEUSAGE {fifo channel} DISPNAME {bind_storage fifo} VISIBLE true} {BINDTYPE storage ID {} IMPL srl LATENCY 0 OPTYPE fifo PRAGMA {} RTLNAME memory_in_local_643_U SOURCE top_wrapper.cpp:121 VARIABLE memory_in_local_643 LOOP {} BUNDLEDNAME {} DSP 0 BRAM 0 URAM 0 STORAGESUBTYPE {task level} STORAGESIZE {45 2 1} STORAGEUSAGE {fifo channel} DISPNAME {bind_storage fifo} VISIBLE true} {BINDTYPE storage ID {} IMPL srl LATENCY 0 OPTYPE fifo PRAGMA {} RTLNAME memory_in_local_644_U SOURCE top_wrapper.cpp:121 VARIABLE memory_in_local_644 LOOP {} BUNDLEDNAME {} DSP 0 BRAM 0 URAM 0 STORAGESUBTYPE {task level} STORAGESIZE {45 2 1} STORAGEUSAGE {fifo channel} DISPNAME {bind_storage fifo} VISIBLE true} {BINDTYPE storage ID {} IMPL srl LATENCY 0 OPTYPE fifo PRAGMA {} RTLNAME memory_in_local_645_U SOURCE top_wrapper.cpp:121 VARIABLE memory_in_local_645 LOOP {} BUNDLEDNAME {} DSP 0 BRAM 0 URAM 0 STORAGESUBTYPE {task level} STORAGESIZE {45 2 1} STORAGEUSAGE {fifo channel} DISPNAME {bind_storage fifo} VISIBLE true} {BINDTYPE storage ID {} IMPL srl LATENCY 0 OPTYPE fifo PRAGMA {} RTLNAME memory_in_local_646_U SOURCE top_wrapper.cpp:121 VARIABLE memory_in_local_646 LOOP {} BUNDLEDNAME {} DSP 0 BRAM 0 URAM 0 STORAGESUBTYPE {task level} STORAGESIZE {45 2 1} STORAGEUSAGE {fifo channel} DISPNAME {bind_storage fifo} VISIBLE true} {BINDTYPE storage ID {} IMPL srl LATENCY 0 OPTYPE fifo PRAGMA {} RTLNAME memory_in_local_647_U SOURCE top_wrapper.cpp:121 VARIABLE memory_in_local_647 LOOP {} BUNDLEDNAME {} DSP 0 BRAM 0 URAM 0 STORAGESUBTYPE {task level} STORAGESIZE {45 2 1} STORAGEUSAGE {fifo channel} DISPNAME {bind_storage fifo} VISIBLE true} {BINDTYPE storage ID {} IMPL srl LATENCY 0 OPTYPE fifo PRAGMA {} RTLNAME memory_in_local_648_U SOURCE top_wrapper.cpp:121 VARIABLE memory_in_local_648 LOOP {} BUNDLEDNAME {} DSP 0 BRAM 0 URAM 0 STORAGESUBTYPE {task level} STORAGESIZE {45 2 1} STORAGEUSAGE {fifo channel} DISPNAME {bind_storage fifo} VISIBLE true} {BINDTYPE storage ID {} IMPL srl LATENCY 0 OPTYPE fifo PRAGMA {} RTLNAME memory_in_local_649_U SOURCE top_wrapper.cpp:121 VARIABLE memory_in_local_649 LOOP {} BUNDLEDNAME {} DSP 0 BRAM 0 URAM 0 STORAGESUBTYPE {task level} STORAGESIZE {45 2 1} STORAGEUSAGE {fifo channel} DISPNAME {bind_storage fifo} VISIBLE true} {BINDTYPE storage ID {} IMPL srl LATENCY 0 OPTYPE fifo PRAGMA {} RTLNAME memory_in_local_650_U SOURCE top_wrapper.cpp:121 VARIABLE memory_in_local_650 LOOP {} BUNDLEDNAME {} DSP 0 BRAM 0 URAM 0 STORAGESUBTYPE {task level} STORAGESIZE {45 2 1} STORAGEUSAGE {fifo channel} DISPNAME {bind_storage fifo} VISIBLE true} {BINDTYPE storage ID {} IMPL srl LATENCY 0 OPTYPE fifo PRAGMA {} RTLNAME memory_in_local_651_U SOURCE top_wrapper.cpp:121 VARIABLE memory_in_local_651 LOOP {} BUNDLEDNAME {} DSP 0 BRAM 0 URAM 0 STORAGESUBTYPE {task level} STORAGESIZE {45 2 1} STORAGEUSAGE {fifo channel} DISPNAME {bind_storage fifo} VISIBLE true} {BINDTYPE storage ID {} IMPL srl LATENCY 0 OPTYPE fifo PRAGMA {} RTLNAME memory_in_local_652_U SOURCE top_wrapper.cpp:121 VARIABLE memory_in_local_652 LOOP {} BUNDLEDNAME {} DSP 0 BRAM 0 URAM 0 STORAGESUBTYPE {task level} STORAGESIZE {45 2 1} STORAGEUSAGE {fifo channel} DISPNAME {bind_storage fifo} VISIBLE true} {BINDTYPE storage ID {} IMPL srl LATENCY 0 OPTYPE fifo PRAGMA {} RTLNAME memory_in_local_653_U SOURCE top_wrapper.cpp:121 VARIABLE memory_in_local_653 LOOP {} BUNDLEDNAME {} DSP 0 BRAM 0 URAM 0 STORAGESUBTYPE {task level} STORAGESIZE {45 2 1} STORAGEUSAGE {fifo channel} DISPNAME {bind_storage fifo} VISIBLE true} {BINDTYPE storage ID {} IMPL srl LATENCY 0 OPTYPE fifo PRAGMA {} RTLNAME memory_in_local_654_U SOURCE top_wrapper.cpp:121 VARIABLE memory_in_local_654 LOOP {} BUNDLEDNAME {} DSP 0 BRAM 0 URAM 0 STORAGESUBTYPE {task level} STORAGESIZE {45 2 1} STORAGEUSAGE {fifo channel} DISPNAME {bind_storage fifo} VISIBLE true} {BINDTYPE storage ID {} IMPL srl LATENCY 0 OPTYPE fifo PRAGMA {} RTLNAME memory_in_local_655_U SOURCE top_wrapper.cpp:121 VARIABLE memory_in_local_655 LOOP {} BUNDLEDNAME {} DSP 0 BRAM 0 URAM 0 STORAGESUBTYPE {task level} STORAGESIZE {45 2 1} STORAGEUSAGE {fifo channel} DISPNAME {bind_storage fifo} VISIBLE true} {BINDTYPE storage ID {} IMPL srl LATENCY 0 OPTYPE fifo PRAGMA {} RTLNAME memory_in_local_656_U SOURCE top_wrapper.cpp:121 VARIABLE memory_in_local_656 LOOP {} BUNDLEDNAME {} DSP 0 BRAM 0 URAM 0 STORAGESUBTYPE {task level} STORAGESIZE {45 2 1} STORAGEUSAGE {fifo channel} DISPNAME {bind_storage fifo} VISIBLE true} {BINDTYPE storage ID {} IMPL srl LATENCY 0 OPTYPE fifo PRAGMA {} RTLNAME memory_in_local_657_U SOURCE top_wrapper.cpp:121 VARIABLE memory_in_local_657 LOOP {} BUNDLEDNAME {} DSP 0 BRAM 0 URAM 0 STORAGESUBTYPE {task level} STORAGESIZE {45 2 1} STORAGEUSAGE {fifo channel} DISPNAME {bind_storage fifo} VISIBLE true} {BINDTYPE storage ID {} IMPL srl LATENCY 0 OPTYPE fifo PRAGMA {} RTLNAME memory_in_local_658_U SOURCE top_wrapper.cpp:121 VARIABLE memory_in_local_658 LOOP {} BUNDLEDNAME {} DSP 0 BRAM 0 URAM 0 STORAGESUBTYPE {task level} STORAGESIZE {45 2 1} STORAGEUSAGE {fifo channel} DISPNAME {bind_storage fifo} VISIBLE true} {BINDTYPE storage ID {} IMPL srl LATENCY 0 OPTYPE fifo PRAGMA {} RTLNAME memory_in_local_659_U SOURCE top_wrapper.cpp:121 VARIABLE memory_in_local_659 LOOP {} BUNDLEDNAME {} DSP 0 BRAM 0 URAM 0 STORAGESUBTYPE {task level} STORAGESIZE {45 2 1} STORAGEUSAGE {fifo channel} DISPNAME {bind_storage fifo} VISIBLE true} {BINDTYPE storage ID {} IMPL srl LATENCY 0 OPTYPE fifo PRAGMA {} RTLNAME memory_in_local_660_U SOURCE top_wrapper.cpp:121 VARIABLE memory_in_local_660 LOOP {} BUNDLEDNAME {} DSP 0 BRAM 0 URAM 0 STORAGESUBTYPE {task level} STORAGESIZE {45 2 1} STORAGEUSAGE {fifo channel} DISPNAME {bind_storage fifo} VISIBLE true} {BINDTYPE storage ID {} IMPL srl LATENCY 0 OPTYPE fifo PRAGMA {} RTLNAME memory_in_local_661_U SOURCE top_wrapper.cpp:121 VARIABLE memory_in_local_661 LOOP {} BUNDLEDNAME {} DSP 0 BRAM 0 URAM 0 STORAGESUBTYPE {task level} STORAGESIZE {45 2 1} STORAGEUSAGE {fifo channel} DISPNAME {bind_storage fifo} VISIBLE true} {BINDTYPE storage ID {} IMPL srl LATENCY 0 OPTYPE fifo PRAGMA {} RTLNAME memory_in_local_662_U SOURCE top_wrapper.cpp:121 VARIABLE memory_in_local_662 LOOP {} BUNDLEDNAME {} DSP 0 BRAM 0 URAM 0 STORAGESUBTYPE {task level} STORAGESIZE {45 2 1} STORAGEUSAGE {fifo channel} DISPNAME {bind_storage fifo} VISIBLE true} {BINDTYPE storage ID {} IMPL srl LATENCY 0 OPTYPE fifo PRAGMA {} RTLNAME memory_in_local_663_U SOURCE top_wrapper.cpp:121 VARIABLE memory_in_local_663 LOOP {} BUNDLEDNAME {} DSP 0 BRAM 0 URAM 0 STORAGESUBTYPE {task level} STORAGESIZE {45 2 1} STORAGEUSAGE {fifo channel} DISPNAME {bind_storage fifo} VISIBLE true} {BINDTYPE storage ID {} IMPL srl LATENCY 0 OPTYPE fifo PRAGMA {} RTLNAME memory_in_local_664_U SOURCE top_wrapper.cpp:121 VARIABLE memory_in_local_664 LOOP {} BUNDLEDNAME {} DSP 0 BRAM 0 URAM 0 STORAGESUBTYPE {task level} STORAGESIZE {45 2 1} STORAGEUSAGE {fifo channel} DISPNAME {bind_storage fifo} VISIBLE true} {BINDTYPE storage ID {} IMPL srl LATENCY 0 OPTYPE fifo PRAGMA {} RTLNAME memory_in_local_665_U SOURCE top_wrapper.cpp:121 VARIABLE memory_in_local_665 LOOP {} BUNDLEDNAME {} DSP 0 BRAM 0 URAM 0 STORAGESUBTYPE {task level} STORAGESIZE {45 2 1} STORAGEUSAGE {fifo channel} DISPNAME {bind_storage fifo} VISIBLE true} {BINDTYPE storage ID {} IMPL srl LATENCY 0 OPTYPE fifo PRAGMA {} RTLNAME memory_in_local_666_U SOURCE top_wrapper.cpp:121 VARIABLE memory_in_local_666 LOOP {} BUNDLEDNAME {} DSP 0 BRAM 0 URAM 0 STORAGESUBTYPE {task level} STORAGESIZE {45 2 1} STORAGEUSAGE {fifo channel} DISPNAME {bind_storage fifo} VISIBLE true} {BINDTYPE storage ID {} IMPL srl LATENCY 0 OPTYPE fifo PRAGMA {} RTLNAME memory_in_local_667_U SOURCE top_wrapper.cpp:121 VARIABLE memory_in_local_667 LOOP {} BUNDLEDNAME {} DSP 0 BRAM 0 URAM 0 STORAGESUBTYPE {task level} STORAGESIZE {45 2 1} STORAGEUSAGE {fifo channel} DISPNAME {bind_storage fifo} VISIBLE true} {BINDTYPE storage ID {} IMPL srl LATENCY 0 OPTYPE fifo PRAGMA {} RTLNAME memory_in_local_668_U SOURCE top_wrapper.cpp:121 VARIABLE memory_in_local_668 LOOP {} BUNDLEDNAME {} DSP 0 BRAM 0 URAM 0 STORAGESUBTYPE {task level} STORAGESIZE {45 2 1} STORAGEUSAGE {fifo channel} DISPNAME {bind_storage fifo} VISIBLE true} {BINDTYPE storage ID {} IMPL srl LATENCY 0 OPTYPE fifo PRAGMA {} RTLNAME memory_in_local_669_U SOURCE top_wrapper.cpp:121 VARIABLE memory_in_local_669 LOOP {} BUNDLEDNAME {} DSP 0 BRAM 0 URAM 0 STORAGESUBTYPE {task level} STORAGESIZE {45 2 1} STORAGEUSAGE {fifo channel} DISPNAME {bind_storage fifo} VISIBLE true} {BINDTYPE storage ID {} IMPL srl LATENCY 0 OPTYPE fifo PRAGMA {} RTLNAME memory_in_local_670_U SOURCE top_wrapper.cpp:121 VARIABLE memory_in_local_670 LOOP {} BUNDLEDNAME {} DSP 0 BRAM 0 URAM 0 STORAGESUBTYPE {task level} STORAGESIZE {45 2 1} STORAGEUSAGE {fifo channel} DISPNAME {bind_storage fifo} VISIBLE true} {BINDTYPE storage ID {} IMPL srl LATENCY 0 OPTYPE fifo PRAGMA {} RTLNAME memory_in_local_671_U SOURCE top_wrapper.cpp:121 VARIABLE memory_in_local_671 LOOP {} BUNDLEDNAME {} DSP 0 BRAM 0 URAM 0 STORAGESUBTYPE {task level} STORAGESIZE {45 2 1} STORAGEUSAGE {fifo channel} DISPNAME {bind_storage fifo} VISIBLE true} {BINDTYPE storage ID {} IMPL srl LATENCY 0 OPTYPE fifo PRAGMA {} RTLNAME memory_in_local_672_U SOURCE top_wrapper.cpp:121 VARIABLE memory_in_local_672 LOOP {} BUNDLEDNAME {} DSP 0 BRAM 0 URAM 0 STORAGESUBTYPE {task level} STORAGESIZE {45 2 1} STORAGEUSAGE {fifo channel} DISPNAME {bind_storage fifo} VISIBLE true} {BINDTYPE storage ID {} IMPL srl LATENCY 0 OPTYPE fifo PRAGMA {} RTLNAME memory_in_local_673_U SOURCE top_wrapper.cpp:121 VARIABLE memory_in_local_673 LOOP {} BUNDLEDNAME {} DSP 0 BRAM 0 URAM 0 STORAGESUBTYPE {task level} STORAGESIZE {45 2 1} STORAGEUSAGE {fifo channel} DISPNAME {bind_storage fifo} VISIBLE true} {BINDTYPE storage ID {} IMPL srl LATENCY 0 OPTYPE fifo PRAGMA {} RTLNAME memory_in_local_674_U SOURCE top_wrapper.cpp:121 VARIABLE memory_in_local_674 LOOP {} BUNDLEDNAME {} DSP 0 BRAM 0 URAM 0 STORAGESUBTYPE {task level} STORAGESIZE {45 2 1} STORAGEUSAGE {fifo channel} DISPNAME {bind_storage fifo} VISIBLE true} {BINDTYPE storage ID {} IMPL srl LATENCY 0 OPTYPE fifo PRAGMA {} RTLNAME memory_in_local_675_U SOURCE top_wrapper.cpp:121 VARIABLE memory_in_local_675 LOOP {} BUNDLEDNAME {} DSP 0 BRAM 0 URAM 0 STORAGESUBTYPE {task level} STORAGESIZE {45 2 1} STORAGEUSAGE {fifo channel} DISPNAME {bind_storage fifo} VISIBLE true} {BINDTYPE storage ID {} IMPL srl LATENCY 0 OPTYPE fifo PRAGMA {} RTLNAME memory_in_local_676_U SOURCE top_wrapper.cpp:121 VARIABLE memory_in_local_676 LOOP {} BUNDLEDNAME {} DSP 0 BRAM 0 URAM 0 STORAGESUBTYPE {task level} STORAGESIZE {45 2 1} STORAGEUSAGE {fifo channel} DISPNAME {bind_storage fifo} VISIBLE true} {BINDTYPE storage ID {} IMPL srl LATENCY 0 OPTYPE fifo PRAGMA {} RTLNAME memory_in_local_677_U SOURCE top_wrapper.cpp:121 VARIABLE memory_in_local_677 LOOP {} BUNDLEDNAME {} DSP 0 BRAM 0 URAM 0 STORAGESUBTYPE {task level} STORAGESIZE {45 2 1} STORAGEUSAGE {fifo channel} DISPNAME {bind_storage fifo} VISIBLE true} {BINDTYPE storage ID {} IMPL srl LATENCY 0 OPTYPE fifo PRAGMA {} RTLNAME memory_in_local_678_U SOURCE top_wrapper.cpp:121 VARIABLE memory_in_local_678 LOOP {} BUNDLEDNAME {} DSP 0 BRAM 0 URAM 0 STORAGESUBTYPE {task level} STORAGESIZE {45 2 1} STORAGEUSAGE {fifo channel} DISPNAME {bind_storage fifo} VISIBLE true} {BINDTYPE storage ID {} IMPL srl LATENCY 0 OPTYPE fifo PRAGMA {} RTLNAME memory_in_local_679_U SOURCE top_wrapper.cpp:121 VARIABLE memory_in_local_679 LOOP {} BUNDLEDNAME {} DSP 0 BRAM 0 URAM 0 STORAGESUBTYPE {task level} STORAGESIZE {45 2 1} STORAGEUSAGE {fifo channel} DISPNAME {bind_storage fifo} VISIBLE true} {BINDTYPE storage ID {} IMPL srl LATENCY 0 OPTYPE fifo PRAGMA {} RTLNAME memory_in_local_680_U SOURCE top_wrapper.cpp:121 VARIABLE memory_in_local_680 LOOP {} BUNDLEDNAME {} DSP 0 BRAM 0 URAM 0 STORAGESUBTYPE {task level} STORAGESIZE {45 2 1} STORAGEUSAGE {fifo channel} DISPNAME {bind_storage fifo} VISIBLE true} {BINDTYPE storage ID {} IMPL srl LATENCY 0 OPTYPE fifo PRAGMA {} RTLNAME memory_in_local_681_U SOURCE top_wrapper.cpp:121 VARIABLE memory_in_local_681 LOOP {} BUNDLEDNAME {} DSP 0 BRAM 0 URAM 0 STORAGESUBTYPE {task level} STORAGESIZE {45 2 1} STORAGEUSAGE {fifo channel} DISPNAME {bind_storage fifo} VISIBLE true} {BINDTYPE storage ID {} IMPL srl LATENCY 0 OPTYPE fifo PRAGMA {} RTLNAME memory_in_local_682_U SOURCE top_wrapper.cpp:121 VARIABLE memory_in_local_682 LOOP {} BUNDLEDNAME {} DSP 0 BRAM 0 URAM 0 STORAGESUBTYPE {task level} STORAGESIZE {45 2 1} STORAGEUSAGE {fifo channel} DISPNAME {bind_storage fifo} VISIBLE true} {BINDTYPE storage ID {} IMPL srl LATENCY 0 OPTYPE fifo PRAGMA {} RTLNAME memory_in_local_683_U SOURCE top_wrapper.cpp:121 VARIABLE memory_in_local_683 LOOP {} BUNDLEDNAME {} DSP 0 BRAM 0 URAM 0 STORAGESUBTYPE {task level} STORAGESIZE {45 2 1} STORAGEUSAGE {fifo channel} DISPNAME {bind_storage fifo} VISIBLE true} {BINDTYPE storage ID {} IMPL srl LATENCY 0 OPTYPE fifo PRAGMA {} RTLNAME memory_in_local_684_U SOURCE top_wrapper.cpp:121 VARIABLE memory_in_local_684 LOOP {} BUNDLEDNAME {} DSP 0 BRAM 0 URAM 0 STORAGESUBTYPE {task level} STORAGESIZE {45 2 1} STORAGEUSAGE {fifo channel} DISPNAME {bind_storage fifo} VISIBLE true} {BINDTYPE storage ID {} IMPL srl LATENCY 0 OPTYPE fifo PRAGMA {} RTLNAME memory_in_local_685_U SOURCE top_wrapper.cpp:121 VARIABLE memory_in_local_685 LOOP {} BUNDLEDNAME {} DSP 0 BRAM 0 URAM 0 STORAGESUBTYPE {task level} STORAGESIZE {45 2 1} STORAGEUSAGE {fifo channel} DISPNAME {bind_storage fifo} VISIBLE true} {BINDTYPE storage ID {} IMPL srl LATENCY 0 OPTYPE fifo PRAGMA {} RTLNAME memory_in_local_686_U SOURCE top_wrapper.cpp:121 VARIABLE memory_in_local_686 LOOP {} BUNDLEDNAME {} DSP 0 BRAM 0 URAM 0 STORAGESUBTYPE {task level} STORAGESIZE {45 2 1} STORAGEUSAGE {fifo channel} DISPNAME {bind_storage fifo} VISIBLE true} {BINDTYPE storage ID {} IMPL srl LATENCY 0 OPTYPE fifo PRAGMA {} RTLNAME memory_in_local_687_U SOURCE top_wrapper.cpp:121 VARIABLE memory_in_local_687 LOOP {} BUNDLEDNAME {} DSP 0 BRAM 0 URAM 0 STORAGESUBTYPE {task level} STORAGESIZE {45 2 1} STORAGEUSAGE {fifo channel} DISPNAME {bind_storage fifo} VISIBLE true} {BINDTYPE storage ID {} IMPL srl LATENCY 0 OPTYPE fifo PRAGMA {} RTLNAME memory_in_local_688_U SOURCE top_wrapper.cpp:121 VARIABLE memory_in_local_688 LOOP {} BUNDLEDNAME {} DSP 0 BRAM 0 URAM 0 STORAGESUBTYPE {task level} STORAGESIZE {45 2 1} STORAGEUSAGE {fifo channel} DISPNAME {bind_storage fifo} VISIBLE true} {BINDTYPE storage ID {} IMPL srl LATENCY 0 OPTYPE fifo PRAGMA {} RTLNAME memory_in_local_689_U SOURCE top_wrapper.cpp:121 VARIABLE memory_in_local_689 LOOP {} BUNDLEDNAME {} DSP 0 BRAM 0 URAM 0 STORAGESUBTYPE {task level} STORAGESIZE {45 2 1} STORAGEUSAGE {fifo channel} DISPNAME {bind_storage fifo} VISIBLE true} {BINDTYPE storage ID {} IMPL srl LATENCY 0 OPTYPE fifo PRAGMA {} RTLNAME memory_in_local_690_U SOURCE top_wrapper.cpp:121 VARIABLE memory_in_local_690 LOOP {} BUNDLEDNAME {} DSP 0 BRAM 0 URAM 0 STORAGESUBTYPE {task level} STORAGESIZE {45 2 1} STORAGEUSAGE {fifo channel} DISPNAME {bind_storage fifo} VISIBLE true} {BINDTYPE storage ID {} IMPL srl LATENCY 0 OPTYPE fifo PRAGMA {} RTLNAME memory_in_local_691_U SOURCE top_wrapper.cpp:121 VARIABLE memory_in_local_691 LOOP {} BUNDLEDNAME {} DSP 0 BRAM 0 URAM 0 STORAGESUBTYPE {task level} STORAGESIZE {45 2 1} STORAGEUSAGE {fifo channel} DISPNAME {bind_storage fifo} VISIBLE true} {BINDTYPE storage ID {} IMPL srl LATENCY 0 OPTYPE fifo PRAGMA {} RTLNAME memory_in_local_692_U SOURCE top_wrapper.cpp:121 VARIABLE memory_in_local_692 LOOP {} BUNDLEDNAME {} DSP 0 BRAM 0 URAM 0 STORAGESUBTYPE {task level} STORAGESIZE {45 2 1} STORAGEUSAGE {fifo channel} DISPNAME {bind_storage fifo} VISIBLE true} {BINDTYPE storage ID {} IMPL srl LATENCY 0 OPTYPE fifo PRAGMA {} RTLNAME memory_in_local_693_U SOURCE top_wrapper.cpp:121 VARIABLE memory_in_local_693 LOOP {} BUNDLEDNAME {} DSP 0 BRAM 0 URAM 0 STORAGESUBTYPE {task level} STORAGESIZE {45 2 1} STORAGEUSAGE {fifo channel} DISPNAME {bind_storage fifo} VISIBLE true} {BINDTYPE storage ID {} IMPL srl LATENCY 0 OPTYPE fifo PRAGMA {} RTLNAME memory_in_local_694_U SOURCE top_wrapper.cpp:121 VARIABLE memory_in_local_694 LOOP {} BUNDLEDNAME {} DSP 0 BRAM 0 URAM 0 STORAGESUBTYPE {task level} STORAGESIZE {45 2 1} STORAGEUSAGE {fifo channel} DISPNAME {bind_storage fifo} VISIBLE true} {BINDTYPE storage ID {} IMPL srl LATENCY 0 OPTYPE fifo PRAGMA {} RTLNAME memory_in_local_695_U SOURCE top_wrapper.cpp:121 VARIABLE memory_in_local_695 LOOP {} BUNDLEDNAME {} DSP 0 BRAM 0 URAM 0 STORAGESUBTYPE {task level} STORAGESIZE {45 2 1} STORAGEUSAGE {fifo channel} DISPNAME {bind_storage fifo} VISIBLE true} {BINDTYPE storage ID {} IMPL srl LATENCY 0 OPTYPE fifo PRAGMA {} RTLNAME memory_in_local_696_U SOURCE top_wrapper.cpp:121 VARIABLE memory_in_local_696 LOOP {} BUNDLEDNAME {} DSP 0 BRAM 0 URAM 0 STORAGESUBTYPE {task level} STORAGESIZE {45 2 1} STORAGEUSAGE {fifo channel} DISPNAME {bind_storage fifo} VISIBLE true} {BINDTYPE storage ID {} IMPL srl LATENCY 0 OPTYPE fifo PRAGMA {} RTLNAME memory_in_local_697_U SOURCE top_wrapper.cpp:121 VARIABLE memory_in_local_697 LOOP {} BUNDLEDNAME {} DSP 0 BRAM 0 URAM 0 STORAGESUBTYPE {task level} STORAGESIZE {45 2 1} STORAGEUSAGE {fifo channel} DISPNAME {bind_storage fifo} VISIBLE true} {BINDTYPE storage ID {} IMPL srl LATENCY 0 OPTYPE fifo PRAGMA {} RTLNAME memory_in_local_698_U SOURCE top_wrapper.cpp:121 VARIABLE memory_in_local_698 LOOP {} BUNDLEDNAME {} DSP 0 BRAM 0 URAM 0 STORAGESUBTYPE {task level} STORAGESIZE {45 2 1} STORAGEUSAGE {fifo channel} DISPNAME {bind_storage fifo} VISIBLE true} {BINDTYPE storage ID {} IMPL srl LATENCY 0 OPTYPE fifo PRAGMA {} RTLNAME memory_in_local_699_U SOURCE top_wrapper.cpp:121 VARIABLE memory_in_local_699 LOOP {} BUNDLEDNAME {} DSP 0 BRAM 0 URAM 0 STORAGESUBTYPE {task level} STORAGESIZE {45 2 1} STORAGEUSAGE {fifo channel} DISPNAME {bind_storage fifo} VISIBLE true} {BINDTYPE storage ID {} IMPL srl LATENCY 0 OPTYPE fifo PRAGMA {} RTLNAME memory_in_local_700_U SOURCE top_wrapper.cpp:121 VARIABLE memory_in_local_700 LOOP {} BUNDLEDNAME {} DSP 0 BRAM 0 URAM 0 STORAGESUBTYPE {task level} STORAGESIZE {45 2 1} STORAGEUSAGE {fifo channel} DISPNAME {bind_storage fifo} VISIBLE true} {BINDTYPE storage ID {} IMPL srl LATENCY 0 OPTYPE fifo PRAGMA {} RTLNAME memory_in_local_701_U SOURCE top_wrapper.cpp:121 VARIABLE memory_in_local_701 LOOP {} BUNDLEDNAME {} DSP 0 BRAM 0 URAM 0 STORAGESUBTYPE {task level} STORAGESIZE {45 2 1} STORAGEUSAGE {fifo channel} DISPNAME {bind_storage fifo} VISIBLE true} {BINDTYPE storage ID {} IMPL srl LATENCY 0 OPTYPE fifo PRAGMA {} RTLNAME memory_in_local_702_U SOURCE top_wrapper.cpp:121 VARIABLE memory_in_local_702 LOOP {} BUNDLEDNAME {} DSP 0 BRAM 0 URAM 0 STORAGESUBTYPE {task level} STORAGESIZE {45 2 1} STORAGEUSAGE {fifo channel} DISPNAME {bind_storage fifo} VISIBLE true} {BINDTYPE storage ID {} IMPL srl LATENCY 0 OPTYPE fifo PRAGMA {} RTLNAME memory_in_local_703_U SOURCE top_wrapper.cpp:121 VARIABLE memory_in_local_703 LOOP {} BUNDLEDNAME {} DSP 0 BRAM 0 URAM 0 STORAGESUBTYPE {task level} STORAGESIZE {45 2 1} STORAGEUSAGE {fifo channel} DISPNAME {bind_storage fifo} VISIBLE true} {BINDTYPE storage ID {} IMPL srl LATENCY 0 OPTYPE fifo PRAGMA {} RTLNAME memory_in_local_704_U SOURCE top_wrapper.cpp:121 VARIABLE memory_in_local_704 LOOP {} BUNDLEDNAME {} DSP 0 BRAM 0 URAM 0 STORAGESUBTYPE {task level} STORAGESIZE {45 2 1} STORAGEUSAGE {fifo channel} DISPNAME {bind_storage fifo} VISIBLE true} {BINDTYPE storage ID {} IMPL srl LATENCY 0 OPTYPE fifo PRAGMA {} RTLNAME memory_in_local_705_U SOURCE top_wrapper.cpp:121 VARIABLE memory_in_local_705 LOOP {} BUNDLEDNAME {} DSP 0 BRAM 0 URAM 0 STORAGESUBTYPE {task level} STORAGESIZE {45 2 1} STORAGEUSAGE {fifo channel} DISPNAME {bind_storage fifo} VISIBLE true} {BINDTYPE storage ID {} IMPL srl LATENCY 0 OPTYPE fifo PRAGMA {} RTLNAME memory_in_local_706_U SOURCE top_wrapper.cpp:121 VARIABLE memory_in_local_706 LOOP {} BUNDLEDNAME {} DSP 0 BRAM 0 URAM 0 STORAGESUBTYPE {task level} STORAGESIZE {45 2 1} STORAGEUSAGE {fifo channel} DISPNAME {bind_storage fifo} VISIBLE true} {BINDTYPE storage ID {} IMPL srl LATENCY 0 OPTYPE fifo PRAGMA {} RTLNAME memory_in_local_707_U SOURCE top_wrapper.cpp:121 VARIABLE memory_in_local_707 LOOP {} BUNDLEDNAME {} DSP 0 BRAM 0 URAM 0 STORAGESUBTYPE {task level} STORAGESIZE {45 2 1} STORAGEUSAGE {fifo channel} DISPNAME {bind_storage fifo} VISIBLE true} {BINDTYPE storage ID {} IMPL srl LATENCY 0 OPTYPE fifo PRAGMA {} RTLNAME memory_in_local_708_U SOURCE top_wrapper.cpp:121 VARIABLE memory_in_local_708 LOOP {} BUNDLEDNAME {} DSP 0 BRAM 0 URAM 0 STORAGESUBTYPE {task level} STORAGESIZE {45 2 1} STORAGEUSAGE {fifo channel} DISPNAME {bind_storage fifo} VISIBLE true} {BINDTYPE storage ID {} IMPL srl LATENCY 0 OPTYPE fifo PRAGMA {} RTLNAME memory_in_local_709_U SOURCE top_wrapper.cpp:121 VARIABLE memory_in_local_709 LOOP {} BUNDLEDNAME {} DSP 0 BRAM 0 URAM 0 STORAGESUBTYPE {task level} STORAGESIZE {45 2 1} STORAGEUSAGE {fifo channel} DISPNAME {bind_storage fifo} VISIBLE true} {BINDTYPE storage ID {} IMPL srl LATENCY 0 OPTYPE fifo PRAGMA {} RTLNAME memory_in_local_710_U SOURCE top_wrapper.cpp:121 VARIABLE memory_in_local_710 LOOP {} BUNDLEDNAME {} DSP 0 BRAM 0 URAM 0 STORAGESUBTYPE {task level} STORAGESIZE {45 2 1} STORAGEUSAGE {fifo channel} DISPNAME {bind_storage fifo} VISIBLE true} {BINDTYPE storage ID {} IMPL srl LATENCY 0 OPTYPE fifo PRAGMA {} RTLNAME memory_in_local_711_U SOURCE top_wrapper.cpp:121 VARIABLE memory_in_local_711 LOOP {} BUNDLEDNAME {} DSP 0 BRAM 0 URAM 0 STORAGESUBTYPE {task level} STORAGESIZE {45 2 1} STORAGEUSAGE {fifo channel} DISPNAME {bind_storage fifo} VISIBLE true} {BINDTYPE storage ID {} IMPL srl LATENCY 0 OPTYPE fifo PRAGMA {} RTLNAME memory_in_local_712_U SOURCE top_wrapper.cpp:121 VARIABLE memory_in_local_712 LOOP {} BUNDLEDNAME {} DSP 0 BRAM 0 URAM 0 STORAGESUBTYPE {task level} STORAGESIZE {45 2 1} STORAGEUSAGE {fifo channel} DISPNAME {bind_storage fifo} VISIBLE true} {BINDTYPE storage ID {} IMPL srl LATENCY 0 OPTYPE fifo PRAGMA {} RTLNAME memory_in_local_713_U SOURCE top_wrapper.cpp:121 VARIABLE memory_in_local_713 LOOP {} BUNDLEDNAME {} DSP 0 BRAM 0 URAM 0 STORAGESUBTYPE {task level} STORAGESIZE {45 2 1} STORAGEUSAGE {fifo channel} DISPNAME {bind_storage fifo} VISIBLE true} {BINDTYPE storage ID {} IMPL srl LATENCY 0 OPTYPE fifo PRAGMA {} RTLNAME memory_in_local_714_U SOURCE top_wrapper.cpp:121 VARIABLE memory_in_local_714 LOOP {} BUNDLEDNAME {} DSP 0 BRAM 0 URAM 0 STORAGESUBTYPE {task level} STORAGESIZE {45 2 1} STORAGEUSAGE {fifo channel} DISPNAME {bind_storage fifo} VISIBLE true} {BINDTYPE storage ID {} IMPL srl LATENCY 0 OPTYPE fifo PRAGMA {} RTLNAME memory_in_local_715_U SOURCE top_wrapper.cpp:121 VARIABLE memory_in_local_715 LOOP {} BUNDLEDNAME {} DSP 0 BRAM 0 URAM 0 STORAGESUBTYPE {task level} STORAGESIZE {45 2 1} STORAGEUSAGE {fifo channel} DISPNAME {bind_storage fifo} VISIBLE true} {BINDTYPE storage ID {} IMPL srl LATENCY 0 OPTYPE fifo PRAGMA {} RTLNAME memory_in_local_716_U SOURCE top_wrapper.cpp:121 VARIABLE memory_in_local_716 LOOP {} BUNDLEDNAME {} DSP 0 BRAM 0 URAM 0 STORAGESUBTYPE {task level} STORAGESIZE {45 2 1} STORAGEUSAGE {fifo channel} DISPNAME {bind_storage fifo} VISIBLE true} {BINDTYPE storage ID {} IMPL srl LATENCY 0 OPTYPE fifo PRAGMA {} RTLNAME memory_in_local_717_U SOURCE top_wrapper.cpp:121 VARIABLE memory_in_local_717 LOOP {} BUNDLEDNAME {} DSP 0 BRAM 0 URAM 0 STORAGESUBTYPE {task level} STORAGESIZE {45 2 1} STORAGEUSAGE {fifo channel} DISPNAME {bind_storage fifo} VISIBLE true} {BINDTYPE storage ID {} IMPL srl LATENCY 0 OPTYPE fifo PRAGMA {} RTLNAME memory_in_local_718_U SOURCE top_wrapper.cpp:121 VARIABLE memory_in_local_718 LOOP {} BUNDLEDNAME {} DSP 0 BRAM 0 URAM 0 STORAGESUBTYPE {task level} STORAGESIZE {45 2 1} STORAGEUSAGE {fifo channel} DISPNAME {bind_storage fifo} VISIBLE true} {BINDTYPE storage ID {} IMPL srl LATENCY 0 OPTYPE fifo PRAGMA {} RTLNAME memory_in_local_719_U SOURCE top_wrapper.cpp:121 VARIABLE memory_in_local_719 LOOP {} BUNDLEDNAME {} DSP 0 BRAM 0 URAM 0 STORAGESUBTYPE {task level} STORAGESIZE {45 2 1} STORAGEUSAGE {fifo channel} DISPNAME {bind_storage fifo} VISIBLE true} {BINDTYPE storage ID {} IMPL srl LATENCY 0 OPTYPE fifo PRAGMA {} RTLNAME memory_in_local_720_U SOURCE top_wrapper.cpp:121 VARIABLE memory_in_local_720 LOOP {} BUNDLEDNAME {} DSP 0 BRAM 0 URAM 0 STORAGESUBTYPE {task level} STORAGESIZE {45 2 1} STORAGEUSAGE {fifo channel} DISPNAME {bind_storage fifo} VISIBLE true} {BINDTYPE storage ID {} IMPL srl LATENCY 0 OPTYPE fifo PRAGMA {} RTLNAME memory_in_local_721_U SOURCE top_wrapper.cpp:121 VARIABLE memory_in_local_721 LOOP {} BUNDLEDNAME {} DSP 0 BRAM 0 URAM 0 STORAGESUBTYPE {task level} STORAGESIZE {45 2 1} STORAGEUSAGE {fifo channel} DISPNAME {bind_storage fifo} VISIBLE true} {BINDTYPE storage ID {} IMPL srl LATENCY 0 OPTYPE fifo PRAGMA {} RTLNAME memory_in_local_722_U SOURCE top_wrapper.cpp:121 VARIABLE memory_in_local_722 LOOP {} BUNDLEDNAME {} DSP 0 BRAM 0 URAM 0 STORAGESUBTYPE {task level} STORAGESIZE {45 2 1} STORAGEUSAGE {fifo channel} DISPNAME {bind_storage fifo} VISIBLE true} {BINDTYPE storage ID {} IMPL srl LATENCY 0 OPTYPE fifo PRAGMA {} RTLNAME memory_in_local_723_U SOURCE top_wrapper.cpp:121 VARIABLE memory_in_local_723 LOOP {} BUNDLEDNAME {} DSP 0 BRAM 0 URAM 0 STORAGESUBTYPE {task level} STORAGESIZE {45 2 1} STORAGEUSAGE {fifo channel} DISPNAME {bind_storage fifo} VISIBLE true} {BINDTYPE storage ID {} IMPL srl LATENCY 0 OPTYPE fifo PRAGMA {} RTLNAME memory_in_local_724_U SOURCE top_wrapper.cpp:121 VARIABLE memory_in_local_724 LOOP {} BUNDLEDNAME {} DSP 0 BRAM 0 URAM 0 STORAGESUBTYPE {task level} STORAGESIZE {45 2 1} STORAGEUSAGE {fifo channel} DISPNAME {bind_storage fifo} VISIBLE true} {BINDTYPE storage ID {} IMPL srl LATENCY 0 OPTYPE fifo PRAGMA {} RTLNAME memory_in_local_725_U SOURCE top_wrapper.cpp:121 VARIABLE memory_in_local_725 LOOP {} BUNDLEDNAME {} DSP 0 BRAM 0 URAM 0 STORAGESUBTYPE {task level} STORAGESIZE {45 2 1} STORAGEUSAGE {fifo channel} DISPNAME {bind_storage fifo} VISIBLE true} {BINDTYPE storage ID {} IMPL srl LATENCY 0 OPTYPE fifo PRAGMA {} RTLNAME memory_in_local_726_U SOURCE top_wrapper.cpp:121 VARIABLE memory_in_local_726 LOOP {} BUNDLEDNAME {} DSP 0 BRAM 0 URAM 0 STORAGESUBTYPE {task level} STORAGESIZE {45 2 1} STORAGEUSAGE {fifo channel} DISPNAME {bind_storage fifo} VISIBLE true} {BINDTYPE storage ID {} IMPL srl LATENCY 0 OPTYPE fifo PRAGMA {} RTLNAME memory_in_local_727_U SOURCE top_wrapper.cpp:121 VARIABLE memory_in_local_727 LOOP {} BUNDLEDNAME {} DSP 0 BRAM 0 URAM 0 STORAGESUBTYPE {task level} STORAGESIZE {45 2 1} STORAGEUSAGE {fifo channel} DISPNAME {bind_storage fifo} VISIBLE true} {BINDTYPE storage ID {} IMPL srl LATENCY 0 OPTYPE fifo PRAGMA {} RTLNAME memory_in_local_728_U SOURCE top_wrapper.cpp:121 VARIABLE memory_in_local_728 LOOP {} BUNDLEDNAME {} DSP 0 BRAM 0 URAM 0 STORAGESUBTYPE {task level} STORAGESIZE {45 2 1} STORAGEUSAGE {fifo channel} DISPNAME {bind_storage fifo} VISIBLE true} {BINDTYPE storage ID {} IMPL srl LATENCY 0 OPTYPE fifo PRAGMA {} RTLNAME memory_in_local_729_U SOURCE top_wrapper.cpp:121 VARIABLE memory_in_local_729 LOOP {} BUNDLEDNAME {} DSP 0 BRAM 0 URAM 0 STORAGESUBTYPE {task level} STORAGESIZE {45 2 1} STORAGEUSAGE {fifo channel} DISPNAME {bind_storage fifo} VISIBLE true} {BINDTYPE storage ID {} IMPL srl LATENCY 0 OPTYPE fifo PRAGMA {} RTLNAME memory_in_local_730_U SOURCE top_wrapper.cpp:121 VARIABLE memory_in_local_730 LOOP {} BUNDLEDNAME {} DSP 0 BRAM 0 URAM 0 STORAGESUBTYPE {task level} STORAGESIZE {45 2 1} STORAGEUSAGE {fifo channel} DISPNAME {bind_storage fifo} VISIBLE true} {BINDTYPE storage ID {} IMPL srl LATENCY 0 OPTYPE fifo PRAGMA {} RTLNAME memory_in_local_731_U SOURCE top_wrapper.cpp:121 VARIABLE memory_in_local_731 LOOP {} BUNDLEDNAME {} DSP 0 BRAM 0 URAM 0 STORAGESUBTYPE {task level} STORAGESIZE {45 2 1} STORAGEUSAGE {fifo channel} DISPNAME {bind_storage fifo} VISIBLE true} {BINDTYPE storage ID {} IMPL srl LATENCY 0 OPTYPE fifo PRAGMA {} RTLNAME memory_in_local_732_U SOURCE top_wrapper.cpp:121 VARIABLE memory_in_local_732 LOOP {} BUNDLEDNAME {} DSP 0 BRAM 0 URAM 0 STORAGESUBTYPE {task level} STORAGESIZE {45 2 1} STORAGEUSAGE {fifo channel} DISPNAME {bind_storage fifo} VISIBLE true} {BINDTYPE storage ID {} IMPL srl LATENCY 0 OPTYPE fifo PRAGMA {} RTLNAME memory_in_local_733_U SOURCE top_wrapper.cpp:121 VARIABLE memory_in_local_733 LOOP {} BUNDLEDNAME {} DSP 0 BRAM 0 URAM 0 STORAGESUBTYPE {task level} STORAGESIZE {45 2 1} STORAGEUSAGE {fifo channel} DISPNAME {bind_storage fifo} VISIBLE true} {BINDTYPE storage ID {} IMPL srl LATENCY 0 OPTYPE fifo PRAGMA {} RTLNAME memory_in_local_734_U SOURCE top_wrapper.cpp:121 VARIABLE memory_in_local_734 LOOP {} BUNDLEDNAME {} DSP 0 BRAM 0 URAM 0 STORAGESUBTYPE {task level} STORAGESIZE {45 2 1} STORAGEUSAGE {fifo channel} DISPNAME {bind_storage fifo} VISIBLE true} {BINDTYPE storage ID {} IMPL srl LATENCY 0 OPTYPE fifo PRAGMA {} RTLNAME memory_in_local_735_U SOURCE top_wrapper.cpp:121 VARIABLE memory_in_local_735 LOOP {} BUNDLEDNAME {} DSP 0 BRAM 0 URAM 0 STORAGESUBTYPE {task level} STORAGESIZE {45 2 1} STORAGEUSAGE {fifo channel} DISPNAME {bind_storage fifo} VISIBLE true} {BINDTYPE storage ID {} IMPL srl LATENCY 0 OPTYPE fifo PRAGMA {} RTLNAME memory_in_local_736_U SOURCE top_wrapper.cpp:121 VARIABLE memory_in_local_736 LOOP {} BUNDLEDNAME {} DSP 0 BRAM 0 URAM 0 STORAGESUBTYPE {task level} STORAGESIZE {45 2 1} STORAGEUSAGE {fifo channel} DISPNAME {bind_storage fifo} VISIBLE true} {BINDTYPE storage ID {} IMPL srl LATENCY 0 OPTYPE fifo PRAGMA {} RTLNAME memory_in_local_737_U SOURCE top_wrapper.cpp:121 VARIABLE memory_in_local_737 LOOP {} BUNDLEDNAME {} DSP 0 BRAM 0 URAM 0 STORAGESUBTYPE {task level} STORAGESIZE {45 2 1} STORAGEUSAGE {fifo channel} DISPNAME {bind_storage fifo} VISIBLE true} {BINDTYPE storage ID {} IMPL srl LATENCY 0 OPTYPE fifo PRAGMA {} RTLNAME memory_in_local_738_U SOURCE top_wrapper.cpp:121 VARIABLE memory_in_local_738 LOOP {} BUNDLEDNAME {} DSP 0 BRAM 0 URAM 0 STORAGESUBTYPE {task level} STORAGESIZE {45 2 1} STORAGEUSAGE {fifo channel} DISPNAME {bind_storage fifo} VISIBLE true} {BINDTYPE storage ID {} IMPL srl LATENCY 0 OPTYPE fifo PRAGMA {} RTLNAME memory_in_local_739_U SOURCE top_wrapper.cpp:121 VARIABLE memory_in_local_739 LOOP {} BUNDLEDNAME {} DSP 0 BRAM 0 URAM 0 STORAGESUBTYPE {task level} STORAGESIZE {45 2 1} STORAGEUSAGE {fifo channel} DISPNAME {bind_storage fifo} VISIBLE true} {BINDTYPE storage ID {} IMPL srl LATENCY 0 OPTYPE fifo PRAGMA {} RTLNAME memory_in_local_740_U SOURCE top_wrapper.cpp:121 VARIABLE memory_in_local_740 LOOP {} BUNDLEDNAME {} DSP 0 BRAM 0 URAM 0 STORAGESUBTYPE {task level} STORAGESIZE {45 2 1} STORAGEUSAGE {fifo channel} DISPNAME {bind_storage fifo} VISIBLE true} {BINDTYPE storage ID {} IMPL srl LATENCY 0 OPTYPE fifo PRAGMA {} RTLNAME memory_in_local_741_U SOURCE top_wrapper.cpp:121 VARIABLE memory_in_local_741 LOOP {} BUNDLEDNAME {} DSP 0 BRAM 0 URAM 0 STORAGESUBTYPE {task level} STORAGESIZE {45 2 1} STORAGEUSAGE {fifo channel} DISPNAME {bind_storage fifo} VISIBLE true} {BINDTYPE storage ID {} IMPL srl LATENCY 0 OPTYPE fifo PRAGMA {} RTLNAME memory_in_local_742_U SOURCE top_wrapper.cpp:121 VARIABLE memory_in_local_742 LOOP {} BUNDLEDNAME {} DSP 0 BRAM 0 URAM 0 STORAGESUBTYPE {task level} STORAGESIZE {45 2 1} STORAGEUSAGE {fifo channel} DISPNAME {bind_storage fifo} VISIBLE true} {BINDTYPE storage ID {} IMPL srl LATENCY 0 OPTYPE fifo PRAGMA {} RTLNAME memory_in_local_743_U SOURCE top_wrapper.cpp:121 VARIABLE memory_in_local_743 LOOP {} BUNDLEDNAME {} DSP 0 BRAM 0 URAM 0 STORAGESUBTYPE {task level} STORAGESIZE {45 2 1} STORAGEUSAGE {fifo channel} DISPNAME {bind_storage fifo} VISIBLE true} {BINDTYPE storage ID {} IMPL srl LATENCY 0 OPTYPE fifo PRAGMA {} RTLNAME memory_in_local_744_U SOURCE top_wrapper.cpp:121 VARIABLE memory_in_local_744 LOOP {} BUNDLEDNAME {} DSP 0 BRAM 0 URAM 0 STORAGESUBTYPE {task level} STORAGESIZE {45 2 1} STORAGEUSAGE {fifo channel} DISPNAME {bind_storage fifo} VISIBLE true} {BINDTYPE storage ID {} IMPL srl LATENCY 0 OPTYPE fifo PRAGMA {} RTLNAME memory_in_local_745_U SOURCE top_wrapper.cpp:121 VARIABLE memory_in_local_745 LOOP {} BUNDLEDNAME {} DSP 0 BRAM 0 URAM 0 STORAGESUBTYPE {task level} STORAGESIZE {45 2 1} STORAGEUSAGE {fifo channel} DISPNAME {bind_storage fifo} VISIBLE true} {BINDTYPE storage ID {} IMPL srl LATENCY 0 OPTYPE fifo PRAGMA {} RTLNAME memory_in_local_746_U SOURCE top_wrapper.cpp:121 VARIABLE memory_in_local_746 LOOP {} BUNDLEDNAME {} DSP 0 BRAM 0 URAM 0 STORAGESUBTYPE {task level} STORAGESIZE {45 2 1} STORAGEUSAGE {fifo channel} DISPNAME {bind_storage fifo} VISIBLE true} {BINDTYPE storage ID {} IMPL srl LATENCY 0 OPTYPE fifo PRAGMA {} RTLNAME memory_in_local_747_U SOURCE top_wrapper.cpp:121 VARIABLE memory_in_local_747 LOOP {} BUNDLEDNAME {} DSP 0 BRAM 0 URAM 0 STORAGESUBTYPE {task level} STORAGESIZE {45 2 1} STORAGEUSAGE {fifo channel} DISPNAME {bind_storage fifo} VISIBLE true} {BINDTYPE storage ID {} IMPL srl LATENCY 0 OPTYPE fifo PRAGMA {} RTLNAME memory_in_local_748_U SOURCE top_wrapper.cpp:121 VARIABLE memory_in_local_748 LOOP {} BUNDLEDNAME {} DSP 0 BRAM 0 URAM 0 STORAGESUBTYPE {task level} STORAGESIZE {45 2 1} STORAGEUSAGE {fifo channel} DISPNAME {bind_storage fifo} VISIBLE true} {BINDTYPE storage ID {} IMPL srl LATENCY 0 OPTYPE fifo PRAGMA {} RTLNAME memory_in_local_749_U SOURCE top_wrapper.cpp:121 VARIABLE memory_in_local_749 LOOP {} BUNDLEDNAME {} DSP 0 BRAM 0 URAM 0 STORAGESUBTYPE {task level} STORAGESIZE {45 2 1} STORAGEUSAGE {fifo channel} DISPNAME {bind_storage fifo} VISIBLE true} {BINDTYPE storage ID {} IMPL srl LATENCY 0 OPTYPE fifo PRAGMA {} RTLNAME memory_in_local_750_U SOURCE top_wrapper.cpp:121 VARIABLE memory_in_local_750 LOOP {} BUNDLEDNAME {} DSP 0 BRAM 0 URAM 0 STORAGESUBTYPE {task level} STORAGESIZE {45 2 1} STORAGEUSAGE {fifo channel} DISPNAME {bind_storage fifo} VISIBLE true} {BINDTYPE storage ID {} IMPL srl LATENCY 0 OPTYPE fifo PRAGMA {} RTLNAME memory_in_local_751_U SOURCE top_wrapper.cpp:121 VARIABLE memory_in_local_751 LOOP {} BUNDLEDNAME {} DSP 0 BRAM 0 URAM 0 STORAGESUBTYPE {task level} STORAGESIZE {45 2 1} STORAGEUSAGE {fifo channel} DISPNAME {bind_storage fifo} VISIBLE true} {BINDTYPE storage ID {} IMPL srl LATENCY 0 OPTYPE fifo PRAGMA {} RTLNAME memory_in_local_752_U SOURCE top_wrapper.cpp:121 VARIABLE memory_in_local_752 LOOP {} BUNDLEDNAME {} DSP 0 BRAM 0 URAM 0 STORAGESUBTYPE {task level} STORAGESIZE {45 2 1} STORAGEUSAGE {fifo channel} DISPNAME {bind_storage fifo} VISIBLE true} {BINDTYPE storage ID {} IMPL srl LATENCY 0 OPTYPE fifo PRAGMA {} RTLNAME memory_in_local_753_U SOURCE top_wrapper.cpp:121 VARIABLE memory_in_local_753 LOOP {} BUNDLEDNAME {} DSP 0 BRAM 0 URAM 0 STORAGESUBTYPE {task level} STORAGESIZE {45 2 1} STORAGEUSAGE {fifo channel} DISPNAME {bind_storage fifo} VISIBLE true} {BINDTYPE storage ID {} IMPL srl LATENCY 0 OPTYPE fifo PRAGMA {} RTLNAME memory_in_local_754_U SOURCE top_wrapper.cpp:121 VARIABLE memory_in_local_754 LOOP {} BUNDLEDNAME {} DSP 0 BRAM 0 URAM 0 STORAGESUBTYPE {task level} STORAGESIZE {45 2 1} STORAGEUSAGE {fifo channel} DISPNAME {bind_storage fifo} VISIBLE true} {BINDTYPE storage ID {} IMPL srl LATENCY 0 OPTYPE fifo PRAGMA {} RTLNAME memory_in_local_755_U SOURCE top_wrapper.cpp:121 VARIABLE memory_in_local_755 LOOP {} BUNDLEDNAME {} DSP 0 BRAM 0 URAM 0 STORAGESUBTYPE {task level} STORAGESIZE {45 2 1} STORAGEUSAGE {fifo channel} DISPNAME {bind_storage fifo} VISIBLE true} {BINDTYPE storage ID {} IMPL srl LATENCY 0 OPTYPE fifo PRAGMA {} RTLNAME memory_in_local_756_U SOURCE top_wrapper.cpp:121 VARIABLE memory_in_local_756 LOOP {} BUNDLEDNAME {} DSP 0 BRAM 0 URAM 0 STORAGESUBTYPE {task level} STORAGESIZE {45 2 1} STORAGEUSAGE {fifo channel} DISPNAME {bind_storage fifo} VISIBLE true} {BINDTYPE storage ID {} IMPL srl LATENCY 0 OPTYPE fifo PRAGMA {} RTLNAME memory_in_local_757_U SOURCE top_wrapper.cpp:121 VARIABLE memory_in_local_757 LOOP {} BUNDLEDNAME {} DSP 0 BRAM 0 URAM 0 STORAGESUBTYPE {task level} STORAGESIZE {45 2 1} STORAGEUSAGE {fifo channel} DISPNAME {bind_storage fifo} VISIBLE true} {BINDTYPE storage ID {} IMPL srl LATENCY 0 OPTYPE fifo PRAGMA {} RTLNAME memory_in_local_758_U SOURCE top_wrapper.cpp:121 VARIABLE memory_in_local_758 LOOP {} BUNDLEDNAME {} DSP 0 BRAM 0 URAM 0 STORAGESUBTYPE {task level} STORAGESIZE {45 2 1} STORAGEUSAGE {fifo channel} DISPNAME {bind_storage fifo} VISIBLE true} {BINDTYPE storage ID {} IMPL srl LATENCY 0 OPTYPE fifo PRAGMA {} RTLNAME memory_in_local_759_U SOURCE top_wrapper.cpp:121 VARIABLE memory_in_local_759 LOOP {} BUNDLEDNAME {} DSP 0 BRAM 0 URAM 0 STORAGESUBTYPE {task level} STORAGESIZE {45 2 1} STORAGEUSAGE {fifo channel} DISPNAME {bind_storage fifo} VISIBLE true} {BINDTYPE storage ID {} IMPL srl LATENCY 0 OPTYPE fifo PRAGMA {} RTLNAME memory_in_local_760_U SOURCE top_wrapper.cpp:121 VARIABLE memory_in_local_760 LOOP {} BUNDLEDNAME {} DSP 0 BRAM 0 URAM 0 STORAGESUBTYPE {task level} STORAGESIZE {45 2 1} STORAGEUSAGE {fifo channel} DISPNAME {bind_storage fifo} VISIBLE true} {BINDTYPE storage ID {} IMPL srl LATENCY 0 OPTYPE fifo PRAGMA {} RTLNAME memory_in_local_761_U SOURCE top_wrapper.cpp:121 VARIABLE memory_in_local_761 LOOP {} BUNDLEDNAME {} DSP 0 BRAM 0 URAM 0 STORAGESUBTYPE {task level} STORAGESIZE {45 2 1} STORAGEUSAGE {fifo channel} DISPNAME {bind_storage fifo} VISIBLE true} {BINDTYPE storage ID {} IMPL srl LATENCY 0 OPTYPE fifo PRAGMA {} RTLNAME memory_in_local_762_U SOURCE top_wrapper.cpp:121 VARIABLE memory_in_local_762 LOOP {} BUNDLEDNAME {} DSP 0 BRAM 0 URAM 0 STORAGESUBTYPE {task level} STORAGESIZE {45 2 1} STORAGEUSAGE {fifo channel} DISPNAME {bind_storage fifo} VISIBLE true} {BINDTYPE storage ID {} IMPL srl LATENCY 0 OPTYPE fifo PRAGMA {} RTLNAME memory_in_local_763_U SOURCE top_wrapper.cpp:121 VARIABLE memory_in_local_763 LOOP {} BUNDLEDNAME {} DSP 0 BRAM 0 URAM 0 STORAGESUBTYPE {task level} STORAGESIZE {45 2 1} STORAGEUSAGE {fifo channel} DISPNAME {bind_storage fifo} VISIBLE true} {BINDTYPE storage ID {} IMPL srl LATENCY 0 OPTYPE fifo PRAGMA {} RTLNAME memory_in_local_764_U SOURCE top_wrapper.cpp:121 VARIABLE memory_in_local_764 LOOP {} BUNDLEDNAME {} DSP 0 BRAM 0 URAM 0 STORAGESUBTYPE {task level} STORAGESIZE {45 2 1} STORAGEUSAGE {fifo channel} DISPNAME {bind_storage fifo} VISIBLE true} {BINDTYPE storage ID {} IMPL srl LATENCY 0 OPTYPE fifo PRAGMA {} RTLNAME memory_in_local_765_U SOURCE top_wrapper.cpp:121 VARIABLE memory_in_local_765 LOOP {} BUNDLEDNAME {} DSP 0 BRAM 0 URAM 0 STORAGESUBTYPE {task level} STORAGESIZE {45 2 1} STORAGEUSAGE {fifo channel} DISPNAME {bind_storage fifo} VISIBLE true} {BINDTYPE storage ID {} IMPL srl LATENCY 0 OPTYPE fifo PRAGMA {} RTLNAME memory_in_local_766_U SOURCE top_wrapper.cpp:121 VARIABLE memory_in_local_766 LOOP {} BUNDLEDNAME {} DSP 0 BRAM 0 URAM 0 STORAGESUBTYPE {task level} STORAGESIZE {45 2 1} STORAGEUSAGE {fifo channel} DISPNAME {bind_storage fifo} VISIBLE true} {BINDTYPE storage ID {} IMPL srl LATENCY 0 OPTYPE fifo PRAGMA {} RTLNAME memory_in_local_767_U SOURCE top_wrapper.cpp:121 VARIABLE memory_in_local_767 LOOP {} BUNDLEDNAME {} DSP 0 BRAM 0 URAM 0 STORAGESUBTYPE {task level} STORAGESIZE {45 2 1} STORAGEUSAGE {fifo channel} DISPNAME {bind_storage fifo} VISIBLE true} {BINDTYPE storage ID {} IMPL srl LATENCY 0 OPTYPE fifo PRAGMA {} RTLNAME memory_in_local_768_U SOURCE top_wrapper.cpp:121 VARIABLE memory_in_local_768 LOOP {} BUNDLEDNAME {} DSP 0 BRAM 0 URAM 0 STORAGESUBTYPE {task level} STORAGESIZE {45 2 1} STORAGEUSAGE {fifo channel} DISPNAME {bind_storage fifo} VISIBLE true} {BINDTYPE storage ID {} IMPL srl LATENCY 0 OPTYPE fifo PRAGMA {} RTLNAME memory_in_local_769_U SOURCE top_wrapper.cpp:121 VARIABLE memory_in_local_769 LOOP {} BUNDLEDNAME {} DSP 0 BRAM 0 URAM 0 STORAGESUBTYPE {task level} STORAGESIZE {45 2 1} STORAGEUSAGE {fifo channel} DISPNAME {bind_storage fifo} VISIBLE true} {BINDTYPE storage ID {} IMPL srl LATENCY 0 OPTYPE fifo PRAGMA {} RTLNAME memory_in_local_770_U SOURCE top_wrapper.cpp:121 VARIABLE memory_in_local_770 LOOP {} BUNDLEDNAME {} DSP 0 BRAM 0 URAM 0 STORAGESUBTYPE {task level} STORAGESIZE {45 2 1} STORAGEUSAGE {fifo channel} DISPNAME {bind_storage fifo} VISIBLE true} {BINDTYPE storage ID {} IMPL srl LATENCY 0 OPTYPE fifo PRAGMA {} RTLNAME memory_in_local_771_U SOURCE top_wrapper.cpp:121 VARIABLE memory_in_local_771 LOOP {} BUNDLEDNAME {} DSP 0 BRAM 0 URAM 0 STORAGESUBTYPE {task level} STORAGESIZE {45 2 1} STORAGEUSAGE {fifo channel} DISPNAME {bind_storage fifo} VISIBLE true} {BINDTYPE storage ID {} IMPL srl LATENCY 0 OPTYPE fifo PRAGMA {} RTLNAME memory_in_local_772_U SOURCE top_wrapper.cpp:121 VARIABLE memory_in_local_772 LOOP {} BUNDLEDNAME {} DSP 0 BRAM 0 URAM 0 STORAGESUBTYPE {task level} STORAGESIZE {45 2 1} STORAGEUSAGE {fifo channel} DISPNAME {bind_storage fifo} VISIBLE true} {BINDTYPE storage ID {} IMPL srl LATENCY 0 OPTYPE fifo PRAGMA {} RTLNAME memory_in_local_773_U SOURCE top_wrapper.cpp:121 VARIABLE memory_in_local_773 LOOP {} BUNDLEDNAME {} DSP 0 BRAM 0 URAM 0 STORAGESUBTYPE {task level} STORAGESIZE {45 2 1} STORAGEUSAGE {fifo channel} DISPNAME {bind_storage fifo} VISIBLE true} {BINDTYPE storage ID {} IMPL srl LATENCY 0 OPTYPE fifo PRAGMA {} RTLNAME memory_in_local_774_U SOURCE top_wrapper.cpp:121 VARIABLE memory_in_local_774 LOOP {} BUNDLEDNAME {} DSP 0 BRAM 0 URAM 0 STORAGESUBTYPE {task level} STORAGESIZE {45 2 1} STORAGEUSAGE {fifo channel} DISPNAME {bind_storage fifo} VISIBLE true} {BINDTYPE storage ID {} IMPL srl LATENCY 0 OPTYPE fifo PRAGMA {} RTLNAME memory_in_local_775_U SOURCE top_wrapper.cpp:121 VARIABLE memory_in_local_775 LOOP {} BUNDLEDNAME {} DSP 0 BRAM 0 URAM 0 STORAGESUBTYPE {task level} STORAGESIZE {45 2 1} STORAGEUSAGE {fifo channel} DISPNAME {bind_storage fifo} VISIBLE true} {BINDTYPE storage ID {} IMPL srl LATENCY 0 OPTYPE fifo PRAGMA {} RTLNAME memory_in_local_776_U SOURCE top_wrapper.cpp:121 VARIABLE memory_in_local_776 LOOP {} BUNDLEDNAME {} DSP 0 BRAM 0 URAM 0 STORAGESUBTYPE {task level} STORAGESIZE {45 2 1} STORAGEUSAGE {fifo channel} DISPNAME {bind_storage fifo} VISIBLE true} {BINDTYPE storage ID {} IMPL srl LATENCY 0 OPTYPE fifo PRAGMA {} RTLNAME memory_in_local_777_U SOURCE top_wrapper.cpp:121 VARIABLE memory_in_local_777 LOOP {} BUNDLEDNAME {} DSP 0 BRAM 0 URAM 0 STORAGESUBTYPE {task level} STORAGESIZE {45 2 1} STORAGEUSAGE {fifo channel} DISPNAME {bind_storage fifo} VISIBLE true} {BINDTYPE storage ID {} IMPL srl LATENCY 0 OPTYPE fifo PRAGMA {} RTLNAME memory_in_local_778_U SOURCE top_wrapper.cpp:121 VARIABLE memory_in_local_778 LOOP {} BUNDLEDNAME {} DSP 0 BRAM 0 URAM 0 STORAGESUBTYPE {task level} STORAGESIZE {45 2 1} STORAGEUSAGE {fifo channel} DISPNAME {bind_storage fifo} VISIBLE true} {BINDTYPE storage ID {} IMPL srl LATENCY 0 OPTYPE fifo PRAGMA {} RTLNAME memory_in_local_779_U SOURCE top_wrapper.cpp:121 VARIABLE memory_in_local_779 LOOP {} BUNDLEDNAME {} DSP 0 BRAM 0 URAM 0 STORAGESUBTYPE {task level} STORAGESIZE {45 2 1} STORAGEUSAGE {fifo channel} DISPNAME {bind_storage fifo} VISIBLE true} {BINDTYPE storage ID {} IMPL srl LATENCY 0 OPTYPE fifo PRAGMA {} RTLNAME memory_in_local_780_U SOURCE top_wrapper.cpp:121 VARIABLE memory_in_local_780 LOOP {} BUNDLEDNAME {} DSP 0 BRAM 0 URAM 0 STORAGESUBTYPE {task level} STORAGESIZE {45 2 1} STORAGEUSAGE {fifo channel} DISPNAME {bind_storage fifo} VISIBLE true} {BINDTYPE storage ID {} IMPL srl LATENCY 0 OPTYPE fifo PRAGMA {} RTLNAME memory_in_local_781_U SOURCE top_wrapper.cpp:121 VARIABLE memory_in_local_781 LOOP {} BUNDLEDNAME {} DSP 0 BRAM 0 URAM 0 STORAGESUBTYPE {task level} STORAGESIZE {45 2 1} STORAGEUSAGE {fifo channel} DISPNAME {bind_storage fifo} VISIBLE true} {BINDTYPE storage ID {} IMPL srl LATENCY 0 OPTYPE fifo PRAGMA {} RTLNAME memory_in_local_782_U SOURCE top_wrapper.cpp:121 VARIABLE memory_in_local_782 LOOP {} BUNDLEDNAME {} DSP 0 BRAM 0 URAM 0 STORAGESUBTYPE {task level} STORAGESIZE {45 2 1} STORAGEUSAGE {fifo channel} DISPNAME {bind_storage fifo} VISIBLE true} {BINDTYPE storage ID {} IMPL srl LATENCY 0 OPTYPE fifo PRAGMA {} RTLNAME memory_in_local_783_U SOURCE top_wrapper.cpp:121 VARIABLE memory_in_local_783 LOOP {} BUNDLEDNAME {} DSP 0 BRAM 0 URAM 0 STORAGESUBTYPE {task level} STORAGESIZE {45 2 1} STORAGEUSAGE {fifo channel} DISPNAME {bind_storage fifo} VISIBLE true} {BINDTYPE storage ID {} IMPL srl LATENCY 0 OPTYPE fifo PRAGMA {} RTLNAME memory_in_local_784_U SOURCE top_wrapper.cpp:121 VARIABLE memory_in_local_784 LOOP {} BUNDLEDNAME {} DSP 0 BRAM 0 URAM 0 STORAGESUBTYPE {task level} STORAGESIZE {45 2 1} STORAGEUSAGE {fifo channel} DISPNAME {bind_storage fifo} VISIBLE true} {BINDTYPE storage ID {} IMPL srl LATENCY 0 OPTYPE fifo PRAGMA {} RTLNAME memory_in_local_785_U SOURCE top_wrapper.cpp:121 VARIABLE memory_in_local_785 LOOP {} BUNDLEDNAME {} DSP 0 BRAM 0 URAM 0 STORAGESUBTYPE {task level} STORAGESIZE {45 2 1} STORAGEUSAGE {fifo channel} DISPNAME {bind_storage fifo} VISIBLE true} {BINDTYPE storage ID {} IMPL srl LATENCY 0 OPTYPE fifo PRAGMA {} RTLNAME memory_in_local_786_U SOURCE top_wrapper.cpp:121 VARIABLE memory_in_local_786 LOOP {} BUNDLEDNAME {} DSP 0 BRAM 0 URAM 0 STORAGESUBTYPE {task level} STORAGESIZE {45 2 1} STORAGEUSAGE {fifo channel} DISPNAME {bind_storage fifo} VISIBLE true} {BINDTYPE storage ID {} IMPL srl LATENCY 0 OPTYPE fifo PRAGMA {} RTLNAME memory_in_local_787_U SOURCE top_wrapper.cpp:121 VARIABLE memory_in_local_787 LOOP {} BUNDLEDNAME {} DSP 0 BRAM 0 URAM 0 STORAGESUBTYPE {task level} STORAGESIZE {45 2 1} STORAGEUSAGE {fifo channel} DISPNAME {bind_storage fifo} VISIBLE true} {BINDTYPE storage ID {} IMPL srl LATENCY 0 OPTYPE fifo PRAGMA {} RTLNAME memory_in_local_788_U SOURCE top_wrapper.cpp:121 VARIABLE memory_in_local_788 LOOP {} BUNDLEDNAME {} DSP 0 BRAM 0 URAM 0 STORAGESUBTYPE {task level} STORAGESIZE {45 2 1} STORAGEUSAGE {fifo channel} DISPNAME {bind_storage fifo} VISIBLE true} {BINDTYPE storage ID {} IMPL srl LATENCY 0 OPTYPE fifo PRAGMA {} RTLNAME memory_in_local_789_U SOURCE top_wrapper.cpp:121 VARIABLE memory_in_local_789 LOOP {} BUNDLEDNAME {} DSP 0 BRAM 0 URAM 0 STORAGESUBTYPE {task level} STORAGESIZE {45 2 1} STORAGEUSAGE {fifo channel} DISPNAME {bind_storage fifo} VISIBLE true} {BINDTYPE storage ID {} IMPL srl LATENCY 0 OPTYPE fifo PRAGMA {} RTLNAME memory_in_local_790_U SOURCE top_wrapper.cpp:121 VARIABLE memory_in_local_790 LOOP {} BUNDLEDNAME {} DSP 0 BRAM 0 URAM 0 STORAGESUBTYPE {task level} STORAGESIZE {45 2 1} STORAGEUSAGE {fifo channel} DISPNAME {bind_storage fifo} VISIBLE true} {BINDTYPE storage ID {} IMPL srl LATENCY 0 OPTYPE fifo PRAGMA {} RTLNAME memory_in_local_791_U SOURCE top_wrapper.cpp:121 VARIABLE memory_in_local_791 LOOP {} BUNDLEDNAME {} DSP 0 BRAM 0 URAM 0 STORAGESUBTYPE {task level} STORAGESIZE {45 2 1} STORAGEUSAGE {fifo channel} DISPNAME {bind_storage fifo} VISIBLE true} {BINDTYPE storage ID {} IMPL srl LATENCY 0 OPTYPE fifo PRAGMA {} RTLNAME memory_in_local_792_U SOURCE top_wrapper.cpp:121 VARIABLE memory_in_local_792 LOOP {} BUNDLEDNAME {} DSP 0 BRAM 0 URAM 0 STORAGESUBTYPE {task level} STORAGESIZE {45 2 1} STORAGEUSAGE {fifo channel} DISPNAME {bind_storage fifo} VISIBLE true} {BINDTYPE storage ID {} IMPL srl LATENCY 0 OPTYPE fifo PRAGMA {} RTLNAME memory_in_local_793_U SOURCE top_wrapper.cpp:121 VARIABLE memory_in_local_793 LOOP {} BUNDLEDNAME {} DSP 0 BRAM 0 URAM 0 STORAGESUBTYPE {task level} STORAGESIZE {45 2 1} STORAGEUSAGE {fifo channel} DISPNAME {bind_storage fifo} VISIBLE true} {BINDTYPE storage ID {} IMPL srl LATENCY 0 OPTYPE fifo PRAGMA {} RTLNAME memory_in_local_794_U SOURCE top_wrapper.cpp:121 VARIABLE memory_in_local_794 LOOP {} BUNDLEDNAME {} DSP 0 BRAM 0 URAM 0 STORAGESUBTYPE {task level} STORAGESIZE {45 2 1} STORAGEUSAGE {fifo channel} DISPNAME {bind_storage fifo} VISIBLE true} {BINDTYPE storage ID {} IMPL srl LATENCY 0 OPTYPE fifo PRAGMA {} RTLNAME memory_in_local_795_U SOURCE top_wrapper.cpp:121 VARIABLE memory_in_local_795 LOOP {} BUNDLEDNAME {} DSP 0 BRAM 0 URAM 0 STORAGESUBTYPE {task level} STORAGESIZE {45 2 1} STORAGEUSAGE {fifo channel} DISPNAME {bind_storage fifo} VISIBLE true} {BINDTYPE storage ID {} IMPL srl LATENCY 0 OPTYPE fifo PRAGMA {} RTLNAME memory_in_local_796_U SOURCE top_wrapper.cpp:121 VARIABLE memory_in_local_796 LOOP {} BUNDLEDNAME {} DSP 0 BRAM 0 URAM 0 STORAGESUBTYPE {task level} STORAGESIZE {45 2 1} STORAGEUSAGE {fifo channel} DISPNAME {bind_storage fifo} VISIBLE true} {BINDTYPE storage ID {} IMPL srl LATENCY 0 OPTYPE fifo PRAGMA {} RTLNAME memory_in_local_797_U SOURCE top_wrapper.cpp:121 VARIABLE memory_in_local_797 LOOP {} BUNDLEDNAME {} DSP 0 BRAM 0 URAM 0 STORAGESUBTYPE {task level} STORAGESIZE {45 2 1} STORAGEUSAGE {fifo channel} DISPNAME {bind_storage fifo} VISIBLE true} {BINDTYPE storage ID {} IMPL srl LATENCY 0 OPTYPE fifo PRAGMA {} RTLNAME memory_in_local_798_U SOURCE top_wrapper.cpp:121 VARIABLE memory_in_local_798 LOOP {} BUNDLEDNAME {} DSP 0 BRAM 0 URAM 0 STORAGESUBTYPE {task level} STORAGESIZE {45 2 1} STORAGEUSAGE {fifo channel} DISPNAME {bind_storage fifo} VISIBLE true} {BINDTYPE storage ID {} IMPL srl LATENCY 0 OPTYPE fifo PRAGMA {} RTLNAME memory_in_local_799_U SOURCE top_wrapper.cpp:121 VARIABLE memory_in_local_799 LOOP {} BUNDLEDNAME {} DSP 0 BRAM 0 URAM 0 STORAGESUBTYPE {task level} STORAGESIZE {45 2 1} STORAGEUSAGE {fifo channel} DISPNAME {bind_storage fifo} VISIBLE true} {BINDTYPE storage ID {} IMPL srl LATENCY 0 OPTYPE fifo PRAGMA {} RTLNAME memory_in_local_800_U SOURCE top_wrapper.cpp:121 VARIABLE memory_in_local_800 LOOP {} BUNDLEDNAME {} DSP 0 BRAM 0 URAM 0 STORAGESUBTYPE {task level} STORAGESIZE {45 2 1} STORAGEUSAGE {fifo channel} DISPNAME {bind_storage fifo} VISIBLE true} {BINDTYPE storage ID {} IMPL srl LATENCY 0 OPTYPE fifo PRAGMA {} RTLNAME memory_in_local_801_U SOURCE top_wrapper.cpp:121 VARIABLE memory_in_local_801 LOOP {} BUNDLEDNAME {} DSP 0 BRAM 0 URAM 0 STORAGESUBTYPE {task level} STORAGESIZE {45 2 1} STORAGEUSAGE {fifo channel} DISPNAME {bind_storage fifo} VISIBLE true} {BINDTYPE storage ID {} IMPL srl LATENCY 0 OPTYPE fifo PRAGMA {} RTLNAME memory_in_local_802_U SOURCE top_wrapper.cpp:121 VARIABLE memory_in_local_802 LOOP {} BUNDLEDNAME {} DSP 0 BRAM 0 URAM 0 STORAGESUBTYPE {task level} STORAGESIZE {45 2 1} STORAGEUSAGE {fifo channel} DISPNAME {bind_storage fifo} VISIBLE true} {BINDTYPE storage ID {} IMPL srl LATENCY 0 OPTYPE fifo PRAGMA {} RTLNAME memory_in_local_803_U SOURCE top_wrapper.cpp:121 VARIABLE memory_in_local_803 LOOP {} BUNDLEDNAME {} DSP 0 BRAM 0 URAM 0 STORAGESUBTYPE {task level} STORAGESIZE {45 2 1} STORAGEUSAGE {fifo channel} DISPNAME {bind_storage fifo} VISIBLE true} {BINDTYPE storage ID {} IMPL srl LATENCY 0 OPTYPE fifo PRAGMA {} RTLNAME memory_in_local_804_U SOURCE top_wrapper.cpp:121 VARIABLE memory_in_local_804 LOOP {} BUNDLEDNAME {} DSP 0 BRAM 0 URAM 0 STORAGESUBTYPE {task level} STORAGESIZE {45 2 1} STORAGEUSAGE {fifo channel} DISPNAME {bind_storage fifo} VISIBLE true} {BINDTYPE storage ID {} IMPL srl LATENCY 0 OPTYPE fifo PRAGMA {} RTLNAME memory_in_local_805_U SOURCE top_wrapper.cpp:121 VARIABLE memory_in_local_805 LOOP {} BUNDLEDNAME {} DSP 0 BRAM 0 URAM 0 STORAGESUBTYPE {task level} STORAGESIZE {45 2 1} STORAGEUSAGE {fifo channel} DISPNAME {bind_storage fifo} VISIBLE true} {BINDTYPE storage ID {} IMPL srl LATENCY 0 OPTYPE fifo PRAGMA {} RTLNAME memory_in_local_806_U SOURCE top_wrapper.cpp:121 VARIABLE memory_in_local_806 LOOP {} BUNDLEDNAME {} DSP 0 BRAM 0 URAM 0 STORAGESUBTYPE {task level} STORAGESIZE {45 2 1} STORAGEUSAGE {fifo channel} DISPNAME {bind_storage fifo} VISIBLE true} {BINDTYPE storage ID {} IMPL srl LATENCY 0 OPTYPE fifo PRAGMA {} RTLNAME memory_in_local_807_U SOURCE top_wrapper.cpp:121 VARIABLE memory_in_local_807 LOOP {} BUNDLEDNAME {} DSP 0 BRAM 0 URAM 0 STORAGESUBTYPE {task level} STORAGESIZE {45 2 1} STORAGEUSAGE {fifo channel} DISPNAME {bind_storage fifo} VISIBLE true} {BINDTYPE storage ID {} IMPL srl LATENCY 0 OPTYPE fifo PRAGMA {} RTLNAME memory_in_local_808_U SOURCE top_wrapper.cpp:121 VARIABLE memory_in_local_808 LOOP {} BUNDLEDNAME {} DSP 0 BRAM 0 URAM 0 STORAGESUBTYPE {task level} STORAGESIZE {45 2 1} STORAGEUSAGE {fifo channel} DISPNAME {bind_storage fifo} VISIBLE true} {BINDTYPE storage ID {} IMPL srl LATENCY 0 OPTYPE fifo PRAGMA {} RTLNAME memory_in_local_809_U SOURCE top_wrapper.cpp:121 VARIABLE memory_in_local_809 LOOP {} BUNDLEDNAME {} DSP 0 BRAM 0 URAM 0 STORAGESUBTYPE {task level} STORAGESIZE {45 2 1} STORAGEUSAGE {fifo channel} DISPNAME {bind_storage fifo} VISIBLE true} {BINDTYPE storage ID {} IMPL srl LATENCY 0 OPTYPE fifo PRAGMA {} RTLNAME memory_in_local_810_U SOURCE top_wrapper.cpp:121 VARIABLE memory_in_local_810 LOOP {} BUNDLEDNAME {} DSP 0 BRAM 0 URAM 0 STORAGESUBTYPE {task level} STORAGESIZE {45 2 1} STORAGEUSAGE {fifo channel} DISPNAME {bind_storage fifo} VISIBLE true} {BINDTYPE storage ID {} IMPL srl LATENCY 0 OPTYPE fifo PRAGMA {} RTLNAME memory_in_local_811_U SOURCE top_wrapper.cpp:121 VARIABLE memory_in_local_811 LOOP {} BUNDLEDNAME {} DSP 0 BRAM 0 URAM 0 STORAGESUBTYPE {task level} STORAGESIZE {45 2 1} STORAGEUSAGE {fifo channel} DISPNAME {bind_storage fifo} VISIBLE true} {BINDTYPE storage ID {} IMPL srl LATENCY 0 OPTYPE fifo PRAGMA {} RTLNAME memory_in_local_812_U SOURCE top_wrapper.cpp:121 VARIABLE memory_in_local_812 LOOP {} BUNDLEDNAME {} DSP 0 BRAM 0 URAM 0 STORAGESUBTYPE {task level} STORAGESIZE {45 2 1} STORAGEUSAGE {fifo channel} DISPNAME {bind_storage fifo} VISIBLE true} {BINDTYPE storage ID {} IMPL srl LATENCY 0 OPTYPE fifo PRAGMA {} RTLNAME memory_in_local_813_U SOURCE top_wrapper.cpp:121 VARIABLE memory_in_local_813 LOOP {} BUNDLEDNAME {} DSP 0 BRAM 0 URAM 0 STORAGESUBTYPE {task level} STORAGESIZE {45 2 1} STORAGEUSAGE {fifo channel} DISPNAME {bind_storage fifo} VISIBLE true} {BINDTYPE storage ID {} IMPL srl LATENCY 0 OPTYPE fifo PRAGMA {} RTLNAME memory_in_local_814_U SOURCE top_wrapper.cpp:121 VARIABLE memory_in_local_814 LOOP {} BUNDLEDNAME {} DSP 0 BRAM 0 URAM 0 STORAGESUBTYPE {task level} STORAGESIZE {45 2 1} STORAGEUSAGE {fifo channel} DISPNAME {bind_storage fifo} VISIBLE true} {BINDTYPE storage ID {} IMPL srl LATENCY 0 OPTYPE fifo PRAGMA {} RTLNAME memory_in_local_815_U SOURCE top_wrapper.cpp:121 VARIABLE memory_in_local_815 LOOP {} BUNDLEDNAME {} DSP 0 BRAM 0 URAM 0 STORAGESUBTYPE {task level} STORAGESIZE {45 2 1} STORAGEUSAGE {fifo channel} DISPNAME {bind_storage fifo} VISIBLE true} {BINDTYPE storage ID {} IMPL srl LATENCY 0 OPTYPE fifo PRAGMA {} RTLNAME memory_in_local_816_U SOURCE top_wrapper.cpp:121 VARIABLE memory_in_local_816 LOOP {} BUNDLEDNAME {} DSP 0 BRAM 0 URAM 0 STORAGESUBTYPE {task level} STORAGESIZE {45 2 1} STORAGEUSAGE {fifo channel} DISPNAME {bind_storage fifo} VISIBLE true} {BINDTYPE storage ID {} IMPL srl LATENCY 0 OPTYPE fifo PRAGMA {} RTLNAME memory_in_local_817_U SOURCE top_wrapper.cpp:121 VARIABLE memory_in_local_817 LOOP {} BUNDLEDNAME {} DSP 0 BRAM 0 URAM 0 STORAGESUBTYPE {task level} STORAGESIZE {45 2 1} STORAGEUSAGE {fifo channel} DISPNAME {bind_storage fifo} VISIBLE true} {BINDTYPE storage ID {} IMPL srl LATENCY 0 OPTYPE fifo PRAGMA {} RTLNAME memory_in_local_818_U SOURCE top_wrapper.cpp:121 VARIABLE memory_in_local_818 LOOP {} BUNDLEDNAME {} DSP 0 BRAM 0 URAM 0 STORAGESUBTYPE {task level} STORAGESIZE {45 2 1} STORAGEUSAGE {fifo channel} DISPNAME {bind_storage fifo} VISIBLE true} {BINDTYPE storage ID {} IMPL srl LATENCY 0 OPTYPE fifo PRAGMA {} RTLNAME memory_in_local_819_U SOURCE top_wrapper.cpp:121 VARIABLE memory_in_local_819 LOOP {} BUNDLEDNAME {} DSP 0 BRAM 0 URAM 0 STORAGESUBTYPE {task level} STORAGESIZE {45 2 1} STORAGEUSAGE {fifo channel} DISPNAME {bind_storage fifo} VISIBLE true} {BINDTYPE storage ID {} IMPL srl LATENCY 0 OPTYPE fifo PRAGMA {} RTLNAME memory_in_local_820_U SOURCE top_wrapper.cpp:121 VARIABLE memory_in_local_820 LOOP {} BUNDLEDNAME {} DSP 0 BRAM 0 URAM 0 STORAGESUBTYPE {task level} STORAGESIZE {45 2 1} STORAGEUSAGE {fifo channel} DISPNAME {bind_storage fifo} VISIBLE true} {BINDTYPE storage ID {} IMPL srl LATENCY 0 OPTYPE fifo PRAGMA {} RTLNAME memory_in_local_821_U SOURCE top_wrapper.cpp:121 VARIABLE memory_in_local_821 LOOP {} BUNDLEDNAME {} DSP 0 BRAM 0 URAM 0 STORAGESUBTYPE {task level} STORAGESIZE {45 2 1} STORAGEUSAGE {fifo channel} DISPNAME {bind_storage fifo} VISIBLE true} {BINDTYPE storage ID {} IMPL srl LATENCY 0 OPTYPE fifo PRAGMA {} RTLNAME memory_in_local_822_U SOURCE top_wrapper.cpp:121 VARIABLE memory_in_local_822 LOOP {} BUNDLEDNAME {} DSP 0 BRAM 0 URAM 0 STORAGESUBTYPE {task level} STORAGESIZE {45 2 1} STORAGEUSAGE {fifo channel} DISPNAME {bind_storage fifo} VISIBLE true} {BINDTYPE storage ID {} IMPL srl LATENCY 0 OPTYPE fifo PRAGMA {} RTLNAME memory_in_local_823_U SOURCE top_wrapper.cpp:121 VARIABLE memory_in_local_823 LOOP {} BUNDLEDNAME {} DSP 0 BRAM 0 URAM 0 STORAGESUBTYPE {task level} STORAGESIZE {45 2 1} STORAGEUSAGE {fifo channel} DISPNAME {bind_storage fifo} VISIBLE true} {BINDTYPE storage ID {} IMPL srl LATENCY 0 OPTYPE fifo PRAGMA {} RTLNAME memory_in_local_824_U SOURCE top_wrapper.cpp:121 VARIABLE memory_in_local_824 LOOP {} BUNDLEDNAME {} DSP 0 BRAM 0 URAM 0 STORAGESUBTYPE {task level} STORAGESIZE {45 2 1} STORAGEUSAGE {fifo channel} DISPNAME {bind_storage fifo} VISIBLE true} {BINDTYPE storage ID {} IMPL srl LATENCY 0 OPTYPE fifo PRAGMA {} RTLNAME memory_in_local_825_U SOURCE top_wrapper.cpp:121 VARIABLE memory_in_local_825 LOOP {} BUNDLEDNAME {} DSP 0 BRAM 0 URAM 0 STORAGESUBTYPE {task level} STORAGESIZE {45 2 1} STORAGEUSAGE {fifo channel} DISPNAME {bind_storage fifo} VISIBLE true} {BINDTYPE storage ID {} IMPL srl LATENCY 0 OPTYPE fifo PRAGMA {} RTLNAME memory_in_local_826_U SOURCE top_wrapper.cpp:121 VARIABLE memory_in_local_826 LOOP {} BUNDLEDNAME {} DSP 0 BRAM 0 URAM 0 STORAGESUBTYPE {task level} STORAGESIZE {45 2 1} STORAGEUSAGE {fifo channel} DISPNAME {bind_storage fifo} VISIBLE true} {BINDTYPE storage ID {} IMPL srl LATENCY 0 OPTYPE fifo PRAGMA {} RTLNAME memory_in_local_827_U SOURCE top_wrapper.cpp:121 VARIABLE memory_in_local_827 LOOP {} BUNDLEDNAME {} DSP 0 BRAM 0 URAM 0 STORAGESUBTYPE {task level} STORAGESIZE {45 2 1} STORAGEUSAGE {fifo channel} DISPNAME {bind_storage fifo} VISIBLE true} {BINDTYPE storage ID {} IMPL srl LATENCY 0 OPTYPE fifo PRAGMA {} RTLNAME memory_in_local_828_U SOURCE top_wrapper.cpp:121 VARIABLE memory_in_local_828 LOOP {} BUNDLEDNAME {} DSP 0 BRAM 0 URAM 0 STORAGESUBTYPE {task level} STORAGESIZE {45 2 1} STORAGEUSAGE {fifo channel} DISPNAME {bind_storage fifo} VISIBLE true} {BINDTYPE storage ID {} IMPL srl LATENCY 0 OPTYPE fifo PRAGMA {} RTLNAME memory_in_local_829_U SOURCE top_wrapper.cpp:121 VARIABLE memory_in_local_829 LOOP {} BUNDLEDNAME {} DSP 0 BRAM 0 URAM 0 STORAGESUBTYPE {task level} STORAGESIZE {45 2 1} STORAGEUSAGE {fifo channel} DISPNAME {bind_storage fifo} VISIBLE true} {BINDTYPE storage ID {} IMPL srl LATENCY 0 OPTYPE fifo PRAGMA {} RTLNAME memory_in_local_830_U SOURCE top_wrapper.cpp:121 VARIABLE memory_in_local_830 LOOP {} BUNDLEDNAME {} DSP 0 BRAM 0 URAM 0 STORAGESUBTYPE {task level} STORAGESIZE {45 2 1} STORAGEUSAGE {fifo channel} DISPNAME {bind_storage fifo} VISIBLE true} {BINDTYPE storage ID {} IMPL srl LATENCY 0 OPTYPE fifo PRAGMA {} RTLNAME memory_in_local_831_U SOURCE top_wrapper.cpp:121 VARIABLE memory_in_local_831 LOOP {} BUNDLEDNAME {} DSP 0 BRAM 0 URAM 0 STORAGESUBTYPE {task level} STORAGESIZE {45 2 1} STORAGEUSAGE {fifo channel} DISPNAME {bind_storage fifo} VISIBLE true} {BINDTYPE storage ID {} IMPL srl LATENCY 0 OPTYPE fifo PRAGMA {} RTLNAME memory_in_local_832_U SOURCE top_wrapper.cpp:121 VARIABLE memory_in_local_832 LOOP {} BUNDLEDNAME {} DSP 0 BRAM 0 URAM 0 STORAGESUBTYPE {task level} STORAGESIZE {45 2 1} STORAGEUSAGE {fifo channel} DISPNAME {bind_storage fifo} VISIBLE true} {BINDTYPE storage ID {} IMPL srl LATENCY 0 OPTYPE fifo PRAGMA {} RTLNAME memory_in_local_833_U SOURCE top_wrapper.cpp:121 VARIABLE memory_in_local_833 LOOP {} BUNDLEDNAME {} DSP 0 BRAM 0 URAM 0 STORAGESUBTYPE {task level} STORAGESIZE {45 2 1} STORAGEUSAGE {fifo channel} DISPNAME {bind_storage fifo} VISIBLE true} {BINDTYPE storage ID {} IMPL srl LATENCY 0 OPTYPE fifo PRAGMA {} RTLNAME memory_in_local_834_U SOURCE top_wrapper.cpp:121 VARIABLE memory_in_local_834 LOOP {} BUNDLEDNAME {} DSP 0 BRAM 0 URAM 0 STORAGESUBTYPE {task level} STORAGESIZE {45 2 1} STORAGEUSAGE {fifo channel} DISPNAME {bind_storage fifo} VISIBLE true} {BINDTYPE storage ID {} IMPL srl LATENCY 0 OPTYPE fifo PRAGMA {} RTLNAME memory_in_local_835_U SOURCE top_wrapper.cpp:121 VARIABLE memory_in_local_835 LOOP {} BUNDLEDNAME {} DSP 0 BRAM 0 URAM 0 STORAGESUBTYPE {task level} STORAGESIZE {45 2 1} STORAGEUSAGE {fifo channel} DISPNAME {bind_storage fifo} VISIBLE true} {BINDTYPE storage ID {} IMPL srl LATENCY 0 OPTYPE fifo PRAGMA {} RTLNAME memory_in_local_836_U SOURCE top_wrapper.cpp:121 VARIABLE memory_in_local_836 LOOP {} BUNDLEDNAME {} DSP 0 BRAM 0 URAM 0 STORAGESUBTYPE {task level} STORAGESIZE {45 2 1} STORAGEUSAGE {fifo channel} DISPNAME {bind_storage fifo} VISIBLE true} {BINDTYPE storage ID {} IMPL srl LATENCY 0 OPTYPE fifo PRAGMA {} RTLNAME memory_in_local_837_U SOURCE top_wrapper.cpp:121 VARIABLE memory_in_local_837 LOOP {} BUNDLEDNAME {} DSP 0 BRAM 0 URAM 0 STORAGESUBTYPE {task level} STORAGESIZE {45 2 1} STORAGEUSAGE {fifo channel} DISPNAME {bind_storage fifo} VISIBLE true} {BINDTYPE storage ID {} IMPL srl LATENCY 0 OPTYPE fifo PRAGMA {} RTLNAME memory_in_local_838_U SOURCE top_wrapper.cpp:121 VARIABLE memory_in_local_838 LOOP {} BUNDLEDNAME {} DSP 0 BRAM 0 URAM 0 STORAGESUBTYPE {task level} STORAGESIZE {45 2 1} STORAGEUSAGE {fifo channel} DISPNAME {bind_storage fifo} VISIBLE true} {BINDTYPE storage ID {} IMPL srl LATENCY 0 OPTYPE fifo PRAGMA {} RTLNAME memory_in_local_839_U SOURCE top_wrapper.cpp:121 VARIABLE memory_in_local_839 LOOP {} BUNDLEDNAME {} DSP 0 BRAM 0 URAM 0 STORAGESUBTYPE {task level} STORAGESIZE {45 2 1} STORAGEUSAGE {fifo channel} DISPNAME {bind_storage fifo} VISIBLE true} {BINDTYPE storage ID {} IMPL srl LATENCY 0 OPTYPE fifo PRAGMA {} RTLNAME memory_in_local_840_U SOURCE top_wrapper.cpp:121 VARIABLE memory_in_local_840 LOOP {} BUNDLEDNAME {} DSP 0 BRAM 0 URAM 0 STORAGESUBTYPE {task level} STORAGESIZE {45 2 1} STORAGEUSAGE {fifo channel} DISPNAME {bind_storage fifo} VISIBLE true} {BINDTYPE storage ID {} IMPL srl LATENCY 0 OPTYPE fifo PRAGMA {} RTLNAME memory_in_local_841_U SOURCE top_wrapper.cpp:121 VARIABLE memory_in_local_841 LOOP {} BUNDLEDNAME {} DSP 0 BRAM 0 URAM 0 STORAGESUBTYPE {task level} STORAGESIZE {45 2 1} STORAGEUSAGE {fifo channel} DISPNAME {bind_storage fifo} VISIBLE true} {BINDTYPE storage ID {} IMPL srl LATENCY 0 OPTYPE fifo PRAGMA {} RTLNAME memory_in_local_842_U SOURCE top_wrapper.cpp:121 VARIABLE memory_in_local_842 LOOP {} BUNDLEDNAME {} DSP 0 BRAM 0 URAM 0 STORAGESUBTYPE {task level} STORAGESIZE {45 2 1} STORAGEUSAGE {fifo channel} DISPNAME {bind_storage fifo} VISIBLE true} {BINDTYPE storage ID {} IMPL srl LATENCY 0 OPTYPE fifo PRAGMA {} RTLNAME memory_in_local_843_U SOURCE top_wrapper.cpp:121 VARIABLE memory_in_local_843 LOOP {} BUNDLEDNAME {} DSP 0 BRAM 0 URAM 0 STORAGESUBTYPE {task level} STORAGESIZE {45 2 1} STORAGEUSAGE {fifo channel} DISPNAME {bind_storage fifo} VISIBLE true} {BINDTYPE storage ID {} IMPL srl LATENCY 0 OPTYPE fifo PRAGMA {} RTLNAME memory_in_local_844_U SOURCE top_wrapper.cpp:121 VARIABLE memory_in_local_844 LOOP {} BUNDLEDNAME {} DSP 0 BRAM 0 URAM 0 STORAGESUBTYPE {task level} STORAGESIZE {45 2 1} STORAGEUSAGE {fifo channel} DISPNAME {bind_storage fifo} VISIBLE true} {BINDTYPE storage ID {} IMPL srl LATENCY 0 OPTYPE fifo PRAGMA {} RTLNAME memory_in_local_845_U SOURCE top_wrapper.cpp:121 VARIABLE memory_in_local_845 LOOP {} BUNDLEDNAME {} DSP 0 BRAM 0 URAM 0 STORAGESUBTYPE {task level} STORAGESIZE {45 2 1} STORAGEUSAGE {fifo channel} DISPNAME {bind_storage fifo} VISIBLE true} {BINDTYPE storage ID {} IMPL srl LATENCY 0 OPTYPE fifo PRAGMA {} RTLNAME memory_in_local_846_U SOURCE top_wrapper.cpp:121 VARIABLE memory_in_local_846 LOOP {} BUNDLEDNAME {} DSP 0 BRAM 0 URAM 0 STORAGESUBTYPE {task level} STORAGESIZE {45 2 1} STORAGEUSAGE {fifo channel} DISPNAME {bind_storage fifo} VISIBLE true} {BINDTYPE storage ID {} IMPL srl LATENCY 0 OPTYPE fifo PRAGMA {} RTLNAME memory_in_local_847_U SOURCE top_wrapper.cpp:121 VARIABLE memory_in_local_847 LOOP {} BUNDLEDNAME {} DSP 0 BRAM 0 URAM 0 STORAGESUBTYPE {task level} STORAGESIZE {45 2 1} STORAGEUSAGE {fifo channel} DISPNAME {bind_storage fifo} VISIBLE true} {BINDTYPE storage ID {} IMPL srl LATENCY 0 OPTYPE fifo PRAGMA {} RTLNAME memory_in_local_848_U SOURCE top_wrapper.cpp:121 VARIABLE memory_in_local_848 LOOP {} BUNDLEDNAME {} DSP 0 BRAM 0 URAM 0 STORAGESUBTYPE {task level} STORAGESIZE {45 2 1} STORAGEUSAGE {fifo channel} DISPNAME {bind_storage fifo} VISIBLE true} {BINDTYPE storage ID {} IMPL srl LATENCY 0 OPTYPE fifo PRAGMA {} RTLNAME memory_in_local_849_U SOURCE top_wrapper.cpp:121 VARIABLE memory_in_local_849 LOOP {} BUNDLEDNAME {} DSP 0 BRAM 0 URAM 0 STORAGESUBTYPE {task level} STORAGESIZE {45 2 1} STORAGEUSAGE {fifo channel} DISPNAME {bind_storage fifo} VISIBLE true} {BINDTYPE storage ID {} IMPL srl LATENCY 0 OPTYPE fifo PRAGMA {} RTLNAME memory_in_local_850_U SOURCE top_wrapper.cpp:121 VARIABLE memory_in_local_850 LOOP {} BUNDLEDNAME {} DSP 0 BRAM 0 URAM 0 STORAGESUBTYPE {task level} STORAGESIZE {45 2 1} STORAGEUSAGE {fifo channel} DISPNAME {bind_storage fifo} VISIBLE true} {BINDTYPE storage ID {} IMPL srl LATENCY 0 OPTYPE fifo PRAGMA {} RTLNAME memory_in_local_851_U SOURCE top_wrapper.cpp:121 VARIABLE memory_in_local_851 LOOP {} BUNDLEDNAME {} DSP 0 BRAM 0 URAM 0 STORAGESUBTYPE {task level} STORAGESIZE {45 2 1} STORAGEUSAGE {fifo channel} DISPNAME {bind_storage fifo} VISIBLE true} {BINDTYPE storage ID {} IMPL srl LATENCY 0 OPTYPE fifo PRAGMA {} RTLNAME memory_in_local_852_U SOURCE top_wrapper.cpp:121 VARIABLE memory_in_local_852 LOOP {} BUNDLEDNAME {} DSP 0 BRAM 0 URAM 0 STORAGESUBTYPE {task level} STORAGESIZE {45 2 1} STORAGEUSAGE {fifo channel} DISPNAME {bind_storage fifo} VISIBLE true} {BINDTYPE storage ID {} IMPL srl LATENCY 0 OPTYPE fifo PRAGMA {} RTLNAME memory_in_local_853_U SOURCE top_wrapper.cpp:121 VARIABLE memory_in_local_853 LOOP {} BUNDLEDNAME {} DSP 0 BRAM 0 URAM 0 STORAGESUBTYPE {task level} STORAGESIZE {45 2 1} STORAGEUSAGE {fifo channel} DISPNAME {bind_storage fifo} VISIBLE true} {BINDTYPE storage ID {} IMPL srl LATENCY 0 OPTYPE fifo PRAGMA {} RTLNAME memory_in_local_854_U SOURCE top_wrapper.cpp:121 VARIABLE memory_in_local_854 LOOP {} BUNDLEDNAME {} DSP 0 BRAM 0 URAM 0 STORAGESUBTYPE {task level} STORAGESIZE {45 2 1} STORAGEUSAGE {fifo channel} DISPNAME {bind_storage fifo} VISIBLE true} {BINDTYPE storage ID {} IMPL srl LATENCY 0 OPTYPE fifo PRAGMA {} RTLNAME memory_in_local_855_U SOURCE top_wrapper.cpp:121 VARIABLE memory_in_local_855 LOOP {} BUNDLEDNAME {} DSP 0 BRAM 0 URAM 0 STORAGESUBTYPE {task level} STORAGESIZE {45 2 1} STORAGEUSAGE {fifo channel} DISPNAME {bind_storage fifo} VISIBLE true} {BINDTYPE storage ID {} IMPL srl LATENCY 0 OPTYPE fifo PRAGMA {} RTLNAME memory_in_local_856_U SOURCE top_wrapper.cpp:121 VARIABLE memory_in_local_856 LOOP {} BUNDLEDNAME {} DSP 0 BRAM 0 URAM 0 STORAGESUBTYPE {task level} STORAGESIZE {45 2 1} STORAGEUSAGE {fifo channel} DISPNAME {bind_storage fifo} VISIBLE true} {BINDTYPE storage ID {} IMPL srl LATENCY 0 OPTYPE fifo PRAGMA {} RTLNAME memory_in_local_857_U SOURCE top_wrapper.cpp:121 VARIABLE memory_in_local_857 LOOP {} BUNDLEDNAME {} DSP 0 BRAM 0 URAM 0 STORAGESUBTYPE {task level} STORAGESIZE {45 2 1} STORAGEUSAGE {fifo channel} DISPNAME {bind_storage fifo} VISIBLE true} {BINDTYPE storage ID {} IMPL srl LATENCY 0 OPTYPE fifo PRAGMA {} RTLNAME memory_in_local_858_U SOURCE top_wrapper.cpp:121 VARIABLE memory_in_local_858 LOOP {} BUNDLEDNAME {} DSP 0 BRAM 0 URAM 0 STORAGESUBTYPE {task level} STORAGESIZE {45 2 1} STORAGEUSAGE {fifo channel} DISPNAME {bind_storage fifo} VISIBLE true} {BINDTYPE storage ID {} IMPL srl LATENCY 0 OPTYPE fifo PRAGMA {} RTLNAME memory_in_local_859_U SOURCE top_wrapper.cpp:121 VARIABLE memory_in_local_859 LOOP {} BUNDLEDNAME {} DSP 0 BRAM 0 URAM 0 STORAGESUBTYPE {task level} STORAGESIZE {45 2 1} STORAGEUSAGE {fifo channel} DISPNAME {bind_storage fifo} VISIBLE true} {BINDTYPE storage ID {} IMPL srl LATENCY 0 OPTYPE fifo PRAGMA {} RTLNAME memory_in_local_860_U SOURCE top_wrapper.cpp:121 VARIABLE memory_in_local_860 LOOP {} BUNDLEDNAME {} DSP 0 BRAM 0 URAM 0 STORAGESUBTYPE {task level} STORAGESIZE {45 2 1} STORAGEUSAGE {fifo channel} DISPNAME {bind_storage fifo} VISIBLE true} {BINDTYPE storage ID {} IMPL srl LATENCY 0 OPTYPE fifo PRAGMA {} RTLNAME memory_in_local_861_U SOURCE top_wrapper.cpp:121 VARIABLE memory_in_local_861 LOOP {} BUNDLEDNAME {} DSP 0 BRAM 0 URAM 0 STORAGESUBTYPE {task level} STORAGESIZE {45 2 1} STORAGEUSAGE {fifo channel} DISPNAME {bind_storage fifo} VISIBLE true} {BINDTYPE storage ID {} IMPL srl LATENCY 0 OPTYPE fifo PRAGMA {} RTLNAME memory_in_local_862_U SOURCE top_wrapper.cpp:121 VARIABLE memory_in_local_862 LOOP {} BUNDLEDNAME {} DSP 0 BRAM 0 URAM 0 STORAGESUBTYPE {task level} STORAGESIZE {45 2 1} STORAGEUSAGE {fifo channel} DISPNAME {bind_storage fifo} VISIBLE true} {BINDTYPE storage ID {} IMPL srl LATENCY 0 OPTYPE fifo PRAGMA {} RTLNAME memory_in_local_863_U SOURCE top_wrapper.cpp:121 VARIABLE memory_in_local_863 LOOP {} BUNDLEDNAME {} DSP 0 BRAM 0 URAM 0 STORAGESUBTYPE {task level} STORAGESIZE {45 2 1} STORAGEUSAGE {fifo channel} DISPNAME {bind_storage fifo} VISIBLE true} {BINDTYPE storage ID {} IMPL srl LATENCY 0 OPTYPE fifo PRAGMA {} RTLNAME memory_in_local_864_U SOURCE top_wrapper.cpp:121 VARIABLE memory_in_local_864 LOOP {} BUNDLEDNAME {} DSP 0 BRAM 0 URAM 0 STORAGESUBTYPE {task level} STORAGESIZE {45 2 1} STORAGEUSAGE {fifo channel} DISPNAME {bind_storage fifo} VISIBLE true} {BINDTYPE storage ID {} IMPL srl LATENCY 0 OPTYPE fifo PRAGMA {} RTLNAME memory_in_local_865_U SOURCE top_wrapper.cpp:121 VARIABLE memory_in_local_865 LOOP {} BUNDLEDNAME {} DSP 0 BRAM 0 URAM 0 STORAGESUBTYPE {task level} STORAGESIZE {45 2 1} STORAGEUSAGE {fifo channel} DISPNAME {bind_storage fifo} VISIBLE true} {BINDTYPE storage ID {} IMPL srl LATENCY 0 OPTYPE fifo PRAGMA {} RTLNAME memory_in_local_866_U SOURCE top_wrapper.cpp:121 VARIABLE memory_in_local_866 LOOP {} BUNDLEDNAME {} DSP 0 BRAM 0 URAM 0 STORAGESUBTYPE {task level} STORAGESIZE {45 2 1} STORAGEUSAGE {fifo channel} DISPNAME {bind_storage fifo} VISIBLE true} {BINDTYPE storage ID {} IMPL srl LATENCY 0 OPTYPE fifo PRAGMA {} RTLNAME memory_in_local_867_U SOURCE top_wrapper.cpp:121 VARIABLE memory_in_local_867 LOOP {} BUNDLEDNAME {} DSP 0 BRAM 0 URAM 0 STORAGESUBTYPE {task level} STORAGESIZE {45 2 1} STORAGEUSAGE {fifo channel} DISPNAME {bind_storage fifo} VISIBLE true} {BINDTYPE storage ID {} IMPL srl LATENCY 0 OPTYPE fifo PRAGMA {} RTLNAME memory_in_local_868_U SOURCE top_wrapper.cpp:121 VARIABLE memory_in_local_868 LOOP {} BUNDLEDNAME {} DSP 0 BRAM 0 URAM 0 STORAGESUBTYPE {task level} STORAGESIZE {45 2 1} STORAGEUSAGE {fifo channel} DISPNAME {bind_storage fifo} VISIBLE true} {BINDTYPE storage ID {} IMPL srl LATENCY 0 OPTYPE fifo PRAGMA {} RTLNAME memory_in_local_869_U SOURCE top_wrapper.cpp:121 VARIABLE memory_in_local_869 LOOP {} BUNDLEDNAME {} DSP 0 BRAM 0 URAM 0 STORAGESUBTYPE {task level} STORAGESIZE {45 2 1} STORAGEUSAGE {fifo channel} DISPNAME {bind_storage fifo} VISIBLE true} {BINDTYPE storage ID {} IMPL srl LATENCY 0 OPTYPE fifo PRAGMA {} RTLNAME memory_in_local_870_U SOURCE top_wrapper.cpp:121 VARIABLE memory_in_local_870 LOOP {} BUNDLEDNAME {} DSP 0 BRAM 0 URAM 0 STORAGESUBTYPE {task level} STORAGESIZE {45 2 1} STORAGEUSAGE {fifo channel} DISPNAME {bind_storage fifo} VISIBLE true} {BINDTYPE storage ID {} IMPL srl LATENCY 0 OPTYPE fifo PRAGMA {} RTLNAME memory_in_local_871_U SOURCE top_wrapper.cpp:121 VARIABLE memory_in_local_871 LOOP {} BUNDLEDNAME {} DSP 0 BRAM 0 URAM 0 STORAGESUBTYPE {task level} STORAGESIZE {45 2 1} STORAGEUSAGE {fifo channel} DISPNAME {bind_storage fifo} VISIBLE true} {BINDTYPE storage ID {} IMPL srl LATENCY 0 OPTYPE fifo PRAGMA {} RTLNAME memory_in_local_872_U SOURCE top_wrapper.cpp:121 VARIABLE memory_in_local_872 LOOP {} BUNDLEDNAME {} DSP 0 BRAM 0 URAM 0 STORAGESUBTYPE {task level} STORAGESIZE {45 2 1} STORAGEUSAGE {fifo channel} DISPNAME {bind_storage fifo} VISIBLE true} {BINDTYPE storage ID {} IMPL srl LATENCY 0 OPTYPE fifo PRAGMA {} RTLNAME memory_in_local_873_U SOURCE top_wrapper.cpp:121 VARIABLE memory_in_local_873 LOOP {} BUNDLEDNAME {} DSP 0 BRAM 0 URAM 0 STORAGESUBTYPE {task level} STORAGESIZE {45 2 1} STORAGEUSAGE {fifo channel} DISPNAME {bind_storage fifo} VISIBLE true} {BINDTYPE storage ID {} IMPL srl LATENCY 0 OPTYPE fifo PRAGMA {} RTLNAME memory_in_local_874_U SOURCE top_wrapper.cpp:121 VARIABLE memory_in_local_874 LOOP {} BUNDLEDNAME {} DSP 0 BRAM 0 URAM 0 STORAGESUBTYPE {task level} STORAGESIZE {45 2 1} STORAGEUSAGE {fifo channel} DISPNAME {bind_storage fifo} VISIBLE true} {BINDTYPE storage ID {} IMPL srl LATENCY 0 OPTYPE fifo PRAGMA {} RTLNAME memory_in_local_875_U SOURCE top_wrapper.cpp:121 VARIABLE memory_in_local_875 LOOP {} BUNDLEDNAME {} DSP 0 BRAM 0 URAM 0 STORAGESUBTYPE {task level} STORAGESIZE {45 2 1} STORAGEUSAGE {fifo channel} DISPNAME {bind_storage fifo} VISIBLE true} {BINDTYPE storage ID {} IMPL srl LATENCY 0 OPTYPE fifo PRAGMA {} RTLNAME memory_in_local_876_U SOURCE top_wrapper.cpp:121 VARIABLE memory_in_local_876 LOOP {} BUNDLEDNAME {} DSP 0 BRAM 0 URAM 0 STORAGESUBTYPE {task level} STORAGESIZE {45 2 1} STORAGEUSAGE {fifo channel} DISPNAME {bind_storage fifo} VISIBLE true} {BINDTYPE storage ID {} IMPL srl LATENCY 0 OPTYPE fifo PRAGMA {} RTLNAME memory_in_local_877_U SOURCE top_wrapper.cpp:121 VARIABLE memory_in_local_877 LOOP {} BUNDLEDNAME {} DSP 0 BRAM 0 URAM 0 STORAGESUBTYPE {task level} STORAGESIZE {45 2 1} STORAGEUSAGE {fifo channel} DISPNAME {bind_storage fifo} VISIBLE true} {BINDTYPE storage ID {} IMPL srl LATENCY 0 OPTYPE fifo PRAGMA {} RTLNAME memory_in_local_878_U SOURCE top_wrapper.cpp:121 VARIABLE memory_in_local_878 LOOP {} BUNDLEDNAME {} DSP 0 BRAM 0 URAM 0 STORAGESUBTYPE {task level} STORAGESIZE {45 2 1} STORAGEUSAGE {fifo channel} DISPNAME {bind_storage fifo} VISIBLE true} {BINDTYPE storage ID {} IMPL srl LATENCY 0 OPTYPE fifo PRAGMA {} RTLNAME memory_in_local_879_U SOURCE top_wrapper.cpp:121 VARIABLE memory_in_local_879 LOOP {} BUNDLEDNAME {} DSP 0 BRAM 0 URAM 0 STORAGESUBTYPE {task level} STORAGESIZE {45 2 1} STORAGEUSAGE {fifo channel} DISPNAME {bind_storage fifo} VISIBLE true} {BINDTYPE storage ID {} IMPL srl LATENCY 0 OPTYPE fifo PRAGMA {} RTLNAME memory_in_local_880_U SOURCE top_wrapper.cpp:121 VARIABLE memory_in_local_880 LOOP {} BUNDLEDNAME {} DSP 0 BRAM 0 URAM 0 STORAGESUBTYPE {task level} STORAGESIZE {45 2 1} STORAGEUSAGE {fifo channel} DISPNAME {bind_storage fifo} VISIBLE true} {BINDTYPE storage ID {} IMPL srl LATENCY 0 OPTYPE fifo PRAGMA {} RTLNAME memory_in_local_881_U SOURCE top_wrapper.cpp:121 VARIABLE memory_in_local_881 LOOP {} BUNDLEDNAME {} DSP 0 BRAM 0 URAM 0 STORAGESUBTYPE {task level} STORAGESIZE {45 2 1} STORAGEUSAGE {fifo channel} DISPNAME {bind_storage fifo} VISIBLE true} {BINDTYPE storage ID {} IMPL srl LATENCY 0 OPTYPE fifo PRAGMA {} RTLNAME memory_in_local_882_U SOURCE top_wrapper.cpp:121 VARIABLE memory_in_local_882 LOOP {} BUNDLEDNAME {} DSP 0 BRAM 0 URAM 0 STORAGESUBTYPE {task level} STORAGESIZE {45 2 1} STORAGEUSAGE {fifo channel} DISPNAME {bind_storage fifo} VISIBLE true} {BINDTYPE storage ID {} IMPL srl LATENCY 0 OPTYPE fifo PRAGMA {} RTLNAME memory_in_local_883_U SOURCE top_wrapper.cpp:121 VARIABLE memory_in_local_883 LOOP {} BUNDLEDNAME {} DSP 0 BRAM 0 URAM 0 STORAGESUBTYPE {task level} STORAGESIZE {45 2 1} STORAGEUSAGE {fifo channel} DISPNAME {bind_storage fifo} VISIBLE true} {BINDTYPE storage ID {} IMPL srl LATENCY 0 OPTYPE fifo PRAGMA {} RTLNAME memory_in_local_884_U SOURCE top_wrapper.cpp:121 VARIABLE memory_in_local_884 LOOP {} BUNDLEDNAME {} DSP 0 BRAM 0 URAM 0 STORAGESUBTYPE {task level} STORAGESIZE {45 2 1} STORAGEUSAGE {fifo channel} DISPNAME {bind_storage fifo} VISIBLE true} {BINDTYPE storage ID {} IMPL srl LATENCY 0 OPTYPE fifo PRAGMA {} RTLNAME memory_in_local_885_U SOURCE top_wrapper.cpp:121 VARIABLE memory_in_local_885 LOOP {} BUNDLEDNAME {} DSP 0 BRAM 0 URAM 0 STORAGESUBTYPE {task level} STORAGESIZE {45 2 1} STORAGEUSAGE {fifo channel} DISPNAME {bind_storage fifo} VISIBLE true} {BINDTYPE storage ID {} IMPL srl LATENCY 0 OPTYPE fifo PRAGMA {} RTLNAME memory_in_local_886_U SOURCE top_wrapper.cpp:121 VARIABLE memory_in_local_886 LOOP {} BUNDLEDNAME {} DSP 0 BRAM 0 URAM 0 STORAGESUBTYPE {task level} STORAGESIZE {45 2 1} STORAGEUSAGE {fifo channel} DISPNAME {bind_storage fifo} VISIBLE true} {BINDTYPE storage ID {} IMPL srl LATENCY 0 OPTYPE fifo PRAGMA {} RTLNAME memory_in_local_887_U SOURCE top_wrapper.cpp:121 VARIABLE memory_in_local_887 LOOP {} BUNDLEDNAME {} DSP 0 BRAM 0 URAM 0 STORAGESUBTYPE {task level} STORAGESIZE {45 2 1} STORAGEUSAGE {fifo channel} DISPNAME {bind_storage fifo} VISIBLE true} {BINDTYPE storage ID {} IMPL srl LATENCY 0 OPTYPE fifo PRAGMA {} RTLNAME memory_in_local_888_U SOURCE top_wrapper.cpp:121 VARIABLE memory_in_local_888 LOOP {} BUNDLEDNAME {} DSP 0 BRAM 0 URAM 0 STORAGESUBTYPE {task level} STORAGESIZE {45 2 1} STORAGEUSAGE {fifo channel} DISPNAME {bind_storage fifo} VISIBLE true} {BINDTYPE storage ID {} IMPL srl LATENCY 0 OPTYPE fifo PRAGMA {} RTLNAME memory_in_local_889_U SOURCE top_wrapper.cpp:121 VARIABLE memory_in_local_889 LOOP {} BUNDLEDNAME {} DSP 0 BRAM 0 URAM 0 STORAGESUBTYPE {task level} STORAGESIZE {45 2 1} STORAGEUSAGE {fifo channel} DISPNAME {bind_storage fifo} VISIBLE true} {BINDTYPE storage ID {} IMPL srl LATENCY 0 OPTYPE fifo PRAGMA {} RTLNAME memory_in_local_890_U SOURCE top_wrapper.cpp:121 VARIABLE memory_in_local_890 LOOP {} BUNDLEDNAME {} DSP 0 BRAM 0 URAM 0 STORAGESUBTYPE {task level} STORAGESIZE {45 2 1} STORAGEUSAGE {fifo channel} DISPNAME {bind_storage fifo} VISIBLE true} {BINDTYPE storage ID {} IMPL srl LATENCY 0 OPTYPE fifo PRAGMA {} RTLNAME memory_in_local_891_U SOURCE top_wrapper.cpp:121 VARIABLE memory_in_local_891 LOOP {} BUNDLEDNAME {} DSP 0 BRAM 0 URAM 0 STORAGESUBTYPE {task level} STORAGESIZE {45 2 1} STORAGEUSAGE {fifo channel} DISPNAME {bind_storage fifo} VISIBLE true} {BINDTYPE storage ID {} IMPL srl LATENCY 0 OPTYPE fifo PRAGMA {} RTLNAME memory_in_local_892_U SOURCE top_wrapper.cpp:121 VARIABLE memory_in_local_892 LOOP {} BUNDLEDNAME {} DSP 0 BRAM 0 URAM 0 STORAGESUBTYPE {task level} STORAGESIZE {45 2 1} STORAGEUSAGE {fifo channel} DISPNAME {bind_storage fifo} VISIBLE true} {BINDTYPE storage ID {} IMPL srl LATENCY 0 OPTYPE fifo PRAGMA {} RTLNAME memory_in_local_893_U SOURCE top_wrapper.cpp:121 VARIABLE memory_in_local_893 LOOP {} BUNDLEDNAME {} DSP 0 BRAM 0 URAM 0 STORAGESUBTYPE {task level} STORAGESIZE {45 2 1} STORAGEUSAGE {fifo channel} DISPNAME {bind_storage fifo} VISIBLE true} {BINDTYPE storage ID {} IMPL srl LATENCY 0 OPTYPE fifo PRAGMA {} RTLNAME memory_in_local_894_U SOURCE top_wrapper.cpp:121 VARIABLE memory_in_local_894 LOOP {} BUNDLEDNAME {} DSP 0 BRAM 0 URAM 0 STORAGESUBTYPE {task level} STORAGESIZE {45 2 1} STORAGEUSAGE {fifo channel} DISPNAME {bind_storage fifo} VISIBLE true} {BINDTYPE storage ID {} IMPL srl LATENCY 0 OPTYPE fifo PRAGMA {} RTLNAME memory_in_local_895_U SOURCE top_wrapper.cpp:121 VARIABLE memory_in_local_895 LOOP {} BUNDLEDNAME {} DSP 0 BRAM 0 URAM 0 STORAGESUBTYPE {task level} STORAGESIZE {45 2 1} STORAGEUSAGE {fifo channel} DISPNAME {bind_storage fifo} VISIBLE true} {BINDTYPE storage ID {} IMPL srl LATENCY 0 OPTYPE fifo PRAGMA {} RTLNAME memory_in_local_896_U SOURCE top_wrapper.cpp:121 VARIABLE memory_in_local_896 LOOP {} BUNDLEDNAME {} DSP 0 BRAM 0 URAM 0 STORAGESUBTYPE {task level} STORAGESIZE {45 2 1} STORAGEUSAGE {fifo channel} DISPNAME {bind_storage fifo} VISIBLE true} {BINDTYPE storage ID {} IMPL srl LATENCY 0 OPTYPE fifo PRAGMA {} RTLNAME memory_in_local_897_U SOURCE top_wrapper.cpp:121 VARIABLE memory_in_local_897 LOOP {} BUNDLEDNAME {} DSP 0 BRAM 0 URAM 0 STORAGESUBTYPE {task level} STORAGESIZE {45 2 1} STORAGEUSAGE {fifo channel} DISPNAME {bind_storage fifo} VISIBLE true} {BINDTYPE storage ID {} IMPL srl LATENCY 0 OPTYPE fifo PRAGMA {} RTLNAME memory_in_local898_U SOURCE top_wrapper.cpp:121 VARIABLE memory_in_local898 LOOP {} BUNDLEDNAME {} DSP 0 BRAM 0 URAM 0 STORAGESUBTYPE {task level} STORAGESIZE {45 2 1} STORAGEUSAGE {fifo channel} DISPNAME {bind_storage fifo} VISIBLE true} {BINDTYPE storage ID {} IMPL srl LATENCY 0 OPTYPE fifo PRAGMA {} RTLNAME out_mem_U SOURCE top_wrapper.cpp:123 VARIABLE out_mem LOOP {} BUNDLEDNAME {} DSP 0 BRAM 0 URAM 0 STORAGESUBTYPE {task level} STORAGESIZE {32 2 1} STORAGEUSAGE {fifo channel} DISPNAME {bind_storage fifo} VISIBLE true} {BINDTYPE storage ID {} IMPL srl LATENCY 0 OPTYPE fifo PRAGMA {} RTLNAME out_mem_1_U SOURCE top_wrapper.cpp:123 VARIABLE out_mem_1 LOOP {} BUNDLEDNAME {} DSP 0 BRAM 0 URAM 0 STORAGESUBTYPE {task level} STORAGESIZE {32 2 1} STORAGEUSAGE {fifo channel} DISPNAME {bind_storage fifo} VISIBLE true} {BINDTYPE storage ID {} IMPL srl LATENCY 0 OPTYPE fifo PRAGMA {} RTLNAME out_mem_2_U SOURCE top_wrapper.cpp:123 VARIABLE out_mem_2 LOOP {} BUNDLEDNAME {} DSP 0 BRAM 0 URAM 0 STORAGESUBTYPE {task level} STORAGESIZE {32 2 1} STORAGEUSAGE {fifo channel} DISPNAME {bind_storage fifo} VISIBLE true} {BINDTYPE storage ID {} IMPL srl LATENCY 0 OPTYPE fifo PRAGMA {} RTLNAME out_mem_3_U SOURCE top_wrapper.cpp:123 VARIABLE out_mem_3 LOOP {} BUNDLEDNAME {} DSP 0 BRAM 0 URAM 0 STORAGESUBTYPE {task level} STORAGESIZE {32 2 1} STORAGEUSAGE {fifo channel} DISPNAME {bind_storage fifo} VISIBLE true} {BINDTYPE storage ID {} IMPL srl LATENCY 0 OPTYPE fifo PRAGMA {} RTLNAME out_mem_4_U SOURCE top_wrapper.cpp:123 VARIABLE out_mem_4 LOOP {} BUNDLEDNAME {} DSP 0 BRAM 0 URAM 0 STORAGESUBTYPE {task level} STORAGESIZE {32 2 1} STORAGEUSAGE {fifo channel} DISPNAME {bind_storage fifo} VISIBLE true} {BINDTYPE storage ID {} IMPL srl LATENCY 0 OPTYPE fifo PRAGMA {} RTLNAME out_mem_5_U SOURCE top_wrapper.cpp:123 VARIABLE out_mem_5 LOOP {} BUNDLEDNAME {} DSP 0 BRAM 0 URAM 0 STORAGESUBTYPE {task level} STORAGESIZE {32 2 1} STORAGEUSAGE {fifo channel} DISPNAME {bind_storage fifo} VISIBLE true} {BINDTYPE storage ID {} IMPL srl LATENCY 0 OPTYPE fifo PRAGMA {} RTLNAME out_mem_6_U SOURCE top_wrapper.cpp:123 VARIABLE out_mem_6 LOOP {} BUNDLEDNAME {} DSP 0 BRAM 0 URAM 0 STORAGESUBTYPE {task level} STORAGESIZE {32 2 1} STORAGEUSAGE {fifo channel} DISPNAME {bind_storage fifo} VISIBLE true} {BINDTYPE storage ID {} IMPL srl LATENCY 0 OPTYPE fifo PRAGMA {} RTLNAME out_mem_7_U SOURCE top_wrapper.cpp:123 VARIABLE out_mem_7 LOOP {} BUNDLEDNAME {} DSP 0 BRAM 0 URAM 0 STORAGESUBTYPE {task level} STORAGESIZE {32 2 1} STORAGEUSAGE {fifo channel} DISPNAME {bind_storage fifo} VISIBLE true} {BINDTYPE storage ID {} IMPL srl LATENCY 0 OPTYPE fifo PRAGMA {} RTLNAME out_mem_8_U SOURCE top_wrapper.cpp:123 VARIABLE out_mem_8 LOOP {} BUNDLEDNAME {} DSP 0 BRAM 0 URAM 0 STORAGESUBTYPE {task level} STORAGESIZE {32 2 1} STORAGEUSAGE {fifo channel} DISPNAME {bind_storage fifo} VISIBLE true} {BINDTYPE storage ID {} IMPL srl LATENCY 0 OPTYPE fifo PRAGMA {} RTLNAME out_mem_9_U SOURCE top_wrapper.cpp:123 VARIABLE out_mem_9 LOOP {} BUNDLEDNAME {} DSP 0 BRAM 0 URAM 0 STORAGESUBTYPE {task level} STORAGESIZE {32 2 1} STORAGEUSAGE {fifo channel} DISPNAME {bind_storage fifo} VISIBLE true} {BINDTYPE storage ID {} IMPL srl LATENCY 0 OPTYPE fifo PRAGMA {} RTLNAME out_mem_10_U SOURCE top_wrapper.cpp:123 VARIABLE out_mem_10 LOOP {} BUNDLEDNAME {} DSP 0 BRAM 0 URAM 0 STORAGESUBTYPE {task level} STORAGESIZE {32 2 1} STORAGEUSAGE {fifo channel} DISPNAME {bind_storage fifo} VISIBLE true} {BINDTYPE storage ID {} IMPL srl LATENCY 0 OPTYPE fifo PRAGMA {} RTLNAME out_mem_11_U SOURCE top_wrapper.cpp:123 VARIABLE out_mem_11 LOOP {} BUNDLEDNAME {} DSP 0 BRAM 0 URAM 0 STORAGESUBTYPE {task level} STORAGESIZE {32 2 1} STORAGEUSAGE {fifo channel} DISPNAME {bind_storage fifo} VISIBLE true} {BINDTYPE storage ID {} IMPL srl LATENCY 0 OPTYPE fifo PRAGMA {} RTLNAME out_mem_12_U SOURCE top_wrapper.cpp:123 VARIABLE out_mem_12 LOOP {} BUNDLEDNAME {} DSP 0 BRAM 0 URAM 0 STORAGESUBTYPE {task level} STORAGESIZE {32 2 1} STORAGEUSAGE {fifo channel} DISPNAME {bind_storage fifo} VISIBLE true} {BINDTYPE storage ID {} IMPL srl LATENCY 0 OPTYPE fifo PRAGMA {} RTLNAME out_mem_13_U SOURCE top_wrapper.cpp:123 VARIABLE out_mem_13 LOOP {} BUNDLEDNAME {} DSP 0 BRAM 0 URAM 0 STORAGESUBTYPE {task level} STORAGESIZE {32 2 1} STORAGEUSAGE {fifo channel} DISPNAME {bind_storage fifo} VISIBLE true} {BINDTYPE storage ID {} IMPL srl LATENCY 0 OPTYPE fifo PRAGMA {} RTLNAME out_mem_14_U SOURCE top_wrapper.cpp:123 VARIABLE out_mem_14 LOOP {} BUNDLEDNAME {} DSP 0 BRAM 0 URAM 0 STORAGESUBTYPE {task level} STORAGESIZE {32 2 1} STORAGEUSAGE {fifo channel} DISPNAME {bind_storage fifo} VISIBLE true} {BINDTYPE storage ID {} IMPL srl LATENCY 0 OPTYPE fifo PRAGMA {} RTLNAME out_mem_15_U SOURCE top_wrapper.cpp:123 VARIABLE out_mem_15 LOOP {} BUNDLEDNAME {} DSP 0 BRAM 0 URAM 0 STORAGESUBTYPE {task level} STORAGESIZE {32 2 1} STORAGEUSAGE {fifo channel} DISPNAME {bind_storage fifo} VISIBLE true} {BINDTYPE storage ID {} IMPL srl LATENCY 0 OPTYPE fifo PRAGMA {} RTLNAME out_mem_16_U SOURCE top_wrapper.cpp:123 VARIABLE out_mem_16 LOOP {} BUNDLEDNAME {} DSP 0 BRAM 0 URAM 0 STORAGESUBTYPE {task level} STORAGESIZE {32 2 1} STORAGEUSAGE {fifo channel} DISPNAME {bind_storage fifo} VISIBLE true} {BINDTYPE storage ID {} IMPL srl LATENCY 0 OPTYPE fifo PRAGMA {} RTLNAME out_mem_17_U SOURCE top_wrapper.cpp:123 VARIABLE out_mem_17 LOOP {} BUNDLEDNAME {} DSP 0 BRAM 0 URAM 0 STORAGESUBTYPE {task level} STORAGESIZE {32 2 1} STORAGEUSAGE {fifo channel} DISPNAME {bind_storage fifo} VISIBLE true} {BINDTYPE storage ID {} IMPL srl LATENCY 0 OPTYPE fifo PRAGMA {} RTLNAME out_mem_18_U SOURCE top_wrapper.cpp:123 VARIABLE out_mem_18 LOOP {} BUNDLEDNAME {} DSP 0 BRAM 0 URAM 0 STORAGESUBTYPE {task level} STORAGESIZE {32 2 1} STORAGEUSAGE {fifo channel} DISPNAME {bind_storage fifo} VISIBLE true} {BINDTYPE storage ID {} IMPL srl LATENCY 0 OPTYPE fifo PRAGMA {} RTLNAME out_mem_19_U SOURCE top_wrapper.cpp:123 VARIABLE out_mem_19 LOOP {} BUNDLEDNAME {} DSP 0 BRAM 0 URAM 0 STORAGESUBTYPE {task level} STORAGESIZE {32 2 1} STORAGEUSAGE {fifo channel} DISPNAME {bind_storage fifo} VISIBLE true} {BINDTYPE storage ID {} IMPL srl LATENCY 0 OPTYPE fifo PRAGMA {} RTLNAME out_mem_20_U SOURCE top_wrapper.cpp:123 VARIABLE out_mem_20 LOOP {} BUNDLEDNAME {} DSP 0 BRAM 0 URAM 0 STORAGESUBTYPE {task level} STORAGESIZE {32 2 1} STORAGEUSAGE {fifo channel} DISPNAME {bind_storage fifo} VISIBLE true} {BINDTYPE storage ID {} IMPL srl LATENCY 0 OPTYPE fifo PRAGMA {} RTLNAME out_mem_21_U SOURCE top_wrapper.cpp:123 VARIABLE out_mem_21 LOOP {} BUNDLEDNAME {} DSP 0 BRAM 0 URAM 0 STORAGESUBTYPE {task level} STORAGESIZE {32 2 1} STORAGEUSAGE {fifo channel} DISPNAME {bind_storage fifo} VISIBLE true} {BINDTYPE storage ID {} IMPL srl LATENCY 0 OPTYPE fifo PRAGMA {} RTLNAME out_mem_22_U SOURCE top_wrapper.cpp:123 VARIABLE out_mem_22 LOOP {} BUNDLEDNAME {} DSP 0 BRAM 0 URAM 0 STORAGESUBTYPE {task level} STORAGESIZE {32 2 1} STORAGEUSAGE {fifo channel} DISPNAME {bind_storage fifo} VISIBLE true} {BINDTYPE storage ID {} IMPL srl LATENCY 0 OPTYPE fifo PRAGMA {} RTLNAME out_mem_23_U SOURCE top_wrapper.cpp:123 VARIABLE out_mem_23 LOOP {} BUNDLEDNAME {} DSP 0 BRAM 0 URAM 0 STORAGESUBTYPE {task level} STORAGESIZE {32 2 1} STORAGEUSAGE {fifo channel} DISPNAME {bind_storage fifo} VISIBLE true} {BINDTYPE storage ID {} IMPL srl LATENCY 0 OPTYPE fifo PRAGMA {} RTLNAME out_mem_24_U SOURCE top_wrapper.cpp:123 VARIABLE out_mem_24 LOOP {} BUNDLEDNAME {} DSP 0 BRAM 0 URAM 0 STORAGESUBTYPE {task level} STORAGESIZE {32 2 1} STORAGEUSAGE {fifo channel} DISPNAME {bind_storage fifo} VISIBLE true} {BINDTYPE storage ID {} IMPL srl LATENCY 0 OPTYPE fifo PRAGMA {} RTLNAME out_mem_25_U SOURCE top_wrapper.cpp:123 VARIABLE out_mem_25 LOOP {} BUNDLEDNAME {} DSP 0 BRAM 0 URAM 0 STORAGESUBTYPE {task level} STORAGESIZE {32 2 1} STORAGEUSAGE {fifo channel} DISPNAME {bind_storage fifo} VISIBLE true} {BINDTYPE storage ID {} IMPL srl LATENCY 0 OPTYPE fifo PRAGMA {} RTLNAME out_mem_26_U SOURCE top_wrapper.cpp:123 VARIABLE out_mem_26 LOOP {} BUNDLEDNAME {} DSP 0 BRAM 0 URAM 0 STORAGESUBTYPE {task level} STORAGESIZE {32 2 1} STORAGEUSAGE {fifo channel} DISPNAME {bind_storage fifo} VISIBLE true} {BINDTYPE storage ID {} IMPL srl LATENCY 0 OPTYPE fifo PRAGMA {} RTLNAME out_mem_27_U SOURCE top_wrapper.cpp:123 VARIABLE out_mem_27 LOOP {} BUNDLEDNAME {} DSP 0 BRAM 0 URAM 0 STORAGESUBTYPE {task level} STORAGESIZE {32 2 1} STORAGEUSAGE {fifo channel} DISPNAME {bind_storage fifo} VISIBLE true} {BINDTYPE storage ID {} IMPL srl LATENCY 0 OPTYPE fifo PRAGMA {} RTLNAME out_mem_28_U SOURCE top_wrapper.cpp:123 VARIABLE out_mem_28 LOOP {} BUNDLEDNAME {} DSP 0 BRAM 0 URAM 0 STORAGESUBTYPE {task level} STORAGESIZE {32 2 1} STORAGEUSAGE {fifo channel} DISPNAME {bind_storage fifo} VISIBLE true} {BINDTYPE storage ID {} IMPL srl LATENCY 0 OPTYPE fifo PRAGMA {} RTLNAME out_mem_29_U SOURCE top_wrapper.cpp:123 VARIABLE out_mem_29 LOOP {} BUNDLEDNAME {} DSP 0 BRAM 0 URAM 0 STORAGESUBTYPE {task level} STORAGESIZE {32 2 1} STORAGEUSAGE {fifo channel} DISPNAME {bind_storage fifo} VISIBLE true} {BINDTYPE storage ID {} IMPL srl LATENCY 0 OPTYPE fifo PRAGMA {} RTLNAME out_mem_30_U SOURCE top_wrapper.cpp:123 VARIABLE out_mem_30 LOOP {} BUNDLEDNAME {} DSP 0 BRAM 0 URAM 0 STORAGESUBTYPE {task level} STORAGESIZE {32 2 1} STORAGEUSAGE {fifo channel} DISPNAME {bind_storage fifo} VISIBLE true} {BINDTYPE storage ID {} IMPL srl LATENCY 0 OPTYPE fifo PRAGMA {} RTLNAME out_mem_31_U SOURCE top_wrapper.cpp:123 VARIABLE out_mem_31 LOOP {} BUNDLEDNAME {} DSP 0 BRAM 0 URAM 0 STORAGESUBTYPE {task level} STORAGESIZE {32 2 1} STORAGEUSAGE {fifo channel} DISPNAME {bind_storage fifo} VISIBLE true} {BINDTYPE storage ID {} IMPL srl LATENCY 0 OPTYPE fifo PRAGMA {} RTLNAME out_mem_32_U SOURCE top_wrapper.cpp:123 VARIABLE out_mem_32 LOOP {} BUNDLEDNAME {} DSP 0 BRAM 0 URAM 0 STORAGESUBTYPE {task level} STORAGESIZE {32 2 1} STORAGEUSAGE {fifo channel} DISPNAME {bind_storage fifo} VISIBLE true} {BINDTYPE storage ID {} IMPL srl LATENCY 0 OPTYPE fifo PRAGMA {} RTLNAME out_mem_33_U SOURCE top_wrapper.cpp:123 VARIABLE out_mem_33 LOOP {} BUNDLEDNAME {} DSP 0 BRAM 0 URAM 0 STORAGESUBTYPE {task level} STORAGESIZE {32 2 1} STORAGEUSAGE {fifo channel} DISPNAME {bind_storage fifo} VISIBLE true} {BINDTYPE storage ID {} IMPL srl LATENCY 0 OPTYPE fifo PRAGMA {} RTLNAME out_mem_34_U SOURCE top_wrapper.cpp:123 VARIABLE out_mem_34 LOOP {} BUNDLEDNAME {} DSP 0 BRAM 0 URAM 0 STORAGESUBTYPE {task level} STORAGESIZE {32 2 1} STORAGEUSAGE {fifo channel} DISPNAME {bind_storage fifo} VISIBLE true} {BINDTYPE storage ID {} IMPL srl LATENCY 0 OPTYPE fifo PRAGMA {} RTLNAME out_mem_35_U SOURCE top_wrapper.cpp:123 VARIABLE out_mem_35 LOOP {} BUNDLEDNAME {} DSP 0 BRAM 0 URAM 0 STORAGESUBTYPE {task level} STORAGESIZE {32 2 1} STORAGEUSAGE {fifo channel} DISPNAME {bind_storage fifo} VISIBLE true} {BINDTYPE storage ID {} IMPL srl LATENCY 0 OPTYPE fifo PRAGMA {} RTLNAME out_mem_36_U SOURCE top_wrapper.cpp:123 VARIABLE out_mem_36 LOOP {} BUNDLEDNAME {} DSP 0 BRAM 0 URAM 0 STORAGESUBTYPE {task level} STORAGESIZE {32 2 1} STORAGEUSAGE {fifo channel} DISPNAME {bind_storage fifo} VISIBLE true} {BINDTYPE storage ID {} IMPL srl LATENCY 0 OPTYPE fifo PRAGMA {} RTLNAME out_mem_37_U SOURCE top_wrapper.cpp:123 VARIABLE out_mem_37 LOOP {} BUNDLEDNAME {} DSP 0 BRAM 0 URAM 0 STORAGESUBTYPE {task level} STORAGESIZE {32 2 1} STORAGEUSAGE {fifo channel} DISPNAME {bind_storage fifo} VISIBLE true} {BINDTYPE storage ID {} IMPL srl LATENCY 0 OPTYPE fifo PRAGMA {} RTLNAME out_mem_38_U SOURCE top_wrapper.cpp:123 VARIABLE out_mem_38 LOOP {} BUNDLEDNAME {} DSP 0 BRAM 0 URAM 0 STORAGESUBTYPE {task level} STORAGESIZE {32 2 1} STORAGEUSAGE {fifo channel} DISPNAME {bind_storage fifo} VISIBLE true} {BINDTYPE storage ID {} IMPL srl LATENCY 0 OPTYPE fifo PRAGMA {} RTLNAME out_mem_39_U SOURCE top_wrapper.cpp:123 VARIABLE out_mem_39 LOOP {} BUNDLEDNAME {} DSP 0 BRAM 0 URAM 0 STORAGESUBTYPE {task level} STORAGESIZE {32 2 1} STORAGEUSAGE {fifo channel} DISPNAME {bind_storage fifo} VISIBLE true} {BINDTYPE storage ID {} IMPL srl LATENCY 0 OPTYPE fifo PRAGMA {} RTLNAME out_mem_40_U SOURCE top_wrapper.cpp:123 VARIABLE out_mem_40 LOOP {} BUNDLEDNAME {} DSP 0 BRAM 0 URAM 0 STORAGESUBTYPE {task level} STORAGESIZE {32 2 1} STORAGEUSAGE {fifo channel} DISPNAME {bind_storage fifo} VISIBLE true} {BINDTYPE storage ID {} IMPL srl LATENCY 0 OPTYPE fifo PRAGMA {} RTLNAME out_mem_41_U SOURCE top_wrapper.cpp:123 VARIABLE out_mem_41 LOOP {} BUNDLEDNAME {} DSP 0 BRAM 0 URAM 0 STORAGESUBTYPE {task level} STORAGESIZE {32 2 1} STORAGEUSAGE {fifo channel} DISPNAME {bind_storage fifo} VISIBLE true} {BINDTYPE storage ID {} IMPL srl LATENCY 0 OPTYPE fifo PRAGMA {} RTLNAME out_mem_42_U SOURCE top_wrapper.cpp:123 VARIABLE out_mem_42 LOOP {} BUNDLEDNAME {} DSP 0 BRAM 0 URAM 0 STORAGESUBTYPE {task level} STORAGESIZE {32 2 1} STORAGEUSAGE {fifo channel} DISPNAME {bind_storage fifo} VISIBLE true} {BINDTYPE storage ID {} IMPL srl LATENCY 0 OPTYPE fifo PRAGMA {} RTLNAME out_mem_43_U SOURCE top_wrapper.cpp:123 VARIABLE out_mem_43 LOOP {} BUNDLEDNAME {} DSP 0 BRAM 0 URAM 0 STORAGESUBTYPE {task level} STORAGESIZE {32 2 1} STORAGEUSAGE {fifo channel} DISPNAME {bind_storage fifo} VISIBLE true} {BINDTYPE storage ID {} IMPL srl LATENCY 0 OPTYPE fifo PRAGMA {} RTLNAME out_mem_44_U SOURCE top_wrapper.cpp:123 VARIABLE out_mem_44 LOOP {} BUNDLEDNAME {} DSP 0 BRAM 0 URAM 0 STORAGESUBTYPE {task level} STORAGESIZE {32 2 1} STORAGEUSAGE {fifo channel} DISPNAME {bind_storage fifo} VISIBLE true} {BINDTYPE storage ID {} IMPL srl LATENCY 0 OPTYPE fifo PRAGMA {} RTLNAME out_mem_45_U SOURCE top_wrapper.cpp:123 VARIABLE out_mem_45 LOOP {} BUNDLEDNAME {} DSP 0 BRAM 0 URAM 0 STORAGESUBTYPE {task level} STORAGESIZE {32 2 1} STORAGEUSAGE {fifo channel} DISPNAME {bind_storage fifo} VISIBLE true} {BINDTYPE storage ID {} IMPL srl LATENCY 0 OPTYPE fifo PRAGMA {} RTLNAME out_mem_46_U SOURCE top_wrapper.cpp:123 VARIABLE out_mem_46 LOOP {} BUNDLEDNAME {} DSP 0 BRAM 0 URAM 0 STORAGESUBTYPE {task level} STORAGESIZE {32 2 1} STORAGEUSAGE {fifo channel} DISPNAME {bind_storage fifo} VISIBLE true} {BINDTYPE storage ID {} IMPL srl LATENCY 0 OPTYPE fifo PRAGMA {} RTLNAME out_mem_47_U SOURCE top_wrapper.cpp:123 VARIABLE out_mem_47 LOOP {} BUNDLEDNAME {} DSP 0 BRAM 0 URAM 0 STORAGESUBTYPE {task level} STORAGESIZE {32 2 1} STORAGEUSAGE {fifo channel} DISPNAME {bind_storage fifo} VISIBLE true} {BINDTYPE storage ID {} IMPL srl LATENCY 0 OPTYPE fifo PRAGMA {} RTLNAME out_mem_48_U SOURCE top_wrapper.cpp:123 VARIABLE out_mem_48 LOOP {} BUNDLEDNAME {} DSP 0 BRAM 0 URAM 0 STORAGESUBTYPE {task level} STORAGESIZE {32 2 1} STORAGEUSAGE {fifo channel} DISPNAME {bind_storage fifo} VISIBLE true} {BINDTYPE storage ID {} IMPL srl LATENCY 0 OPTYPE fifo PRAGMA {} RTLNAME out_mem_49_U SOURCE top_wrapper.cpp:123 VARIABLE out_mem_49 LOOP {} BUNDLEDNAME {} DSP 0 BRAM 0 URAM 0 STORAGESUBTYPE {task level} STORAGESIZE {32 2 1} STORAGEUSAGE {fifo channel} DISPNAME {bind_storage fifo} VISIBLE true} {BINDTYPE storage ID {} IMPL srl LATENCY 0 OPTYPE fifo PRAGMA {} RTLNAME out_mem_50_U SOURCE top_wrapper.cpp:123 VARIABLE out_mem_50 LOOP {} BUNDLEDNAME {} DSP 0 BRAM 0 URAM 0 STORAGESUBTYPE {task level} STORAGESIZE {32 2 1} STORAGEUSAGE {fifo channel} DISPNAME {bind_storage fifo} VISIBLE true} {BINDTYPE storage ID {} IMPL srl LATENCY 0 OPTYPE fifo PRAGMA {} RTLNAME out_mem_51_U SOURCE top_wrapper.cpp:123 VARIABLE out_mem_51 LOOP {} BUNDLEDNAME {} DSP 0 BRAM 0 URAM 0 STORAGESUBTYPE {task level} STORAGESIZE {32 2 1} STORAGEUSAGE {fifo channel} DISPNAME {bind_storage fifo} VISIBLE true} {BINDTYPE storage ID {} IMPL srl LATENCY 0 OPTYPE fifo PRAGMA {} RTLNAME out_mem_52_U SOURCE top_wrapper.cpp:123 VARIABLE out_mem_52 LOOP {} BUNDLEDNAME {} DSP 0 BRAM 0 URAM 0 STORAGESUBTYPE {task level} STORAGESIZE {32 2 1} STORAGEUSAGE {fifo channel} DISPNAME {bind_storage fifo} VISIBLE true} {BINDTYPE storage ID {} IMPL srl LATENCY 0 OPTYPE fifo PRAGMA {} RTLNAME out_mem_53_U SOURCE top_wrapper.cpp:123 VARIABLE out_mem_53 LOOP {} BUNDLEDNAME {} DSP 0 BRAM 0 URAM 0 STORAGESUBTYPE {task level} STORAGESIZE {32 2 1} STORAGEUSAGE {fifo channel} DISPNAME {bind_storage fifo} VISIBLE true} {BINDTYPE storage ID {} IMPL srl LATENCY 0 OPTYPE fifo PRAGMA {} RTLNAME out_mem_54_U SOURCE top_wrapper.cpp:123 VARIABLE out_mem_54 LOOP {} BUNDLEDNAME {} DSP 0 BRAM 0 URAM 0 STORAGESUBTYPE {task level} STORAGESIZE {32 2 1} STORAGEUSAGE {fifo channel} DISPNAME {bind_storage fifo} VISIBLE true} {BINDTYPE storage ID {} IMPL srl LATENCY 0 OPTYPE fifo PRAGMA {} RTLNAME out_mem_55_U SOURCE top_wrapper.cpp:123 VARIABLE out_mem_55 LOOP {} BUNDLEDNAME {} DSP 0 BRAM 0 URAM 0 STORAGESUBTYPE {task level} STORAGESIZE {32 2 1} STORAGEUSAGE {fifo channel} DISPNAME {bind_storage fifo} VISIBLE true} {BINDTYPE storage ID {} IMPL srl LATENCY 0 OPTYPE fifo PRAGMA {} RTLNAME out_mem_56_U SOURCE top_wrapper.cpp:123 VARIABLE out_mem_56 LOOP {} BUNDLEDNAME {} DSP 0 BRAM 0 URAM 0 STORAGESUBTYPE {task level} STORAGESIZE {32 2 1} STORAGEUSAGE {fifo channel} DISPNAME {bind_storage fifo} VISIBLE true} {BINDTYPE storage ID {} IMPL srl LATENCY 0 OPTYPE fifo PRAGMA {} RTLNAME out_mem_57_U SOURCE top_wrapper.cpp:123 VARIABLE out_mem_57 LOOP {} BUNDLEDNAME {} DSP 0 BRAM 0 URAM 0 STORAGESUBTYPE {task level} STORAGESIZE {32 2 1} STORAGEUSAGE {fifo channel} DISPNAME {bind_storage fifo} VISIBLE true} {BINDTYPE storage ID {} IMPL srl LATENCY 0 OPTYPE fifo PRAGMA {} RTLNAME out_mem_58_U SOURCE top_wrapper.cpp:123 VARIABLE out_mem_58 LOOP {} BUNDLEDNAME {} DSP 0 BRAM 0 URAM 0 STORAGESUBTYPE {task level} STORAGESIZE {32 2 1} STORAGEUSAGE {fifo channel} DISPNAME {bind_storage fifo} VISIBLE true} {BINDTYPE storage ID {} IMPL srl LATENCY 0 OPTYPE fifo PRAGMA {} RTLNAME out_mem_59_U SOURCE top_wrapper.cpp:123 VARIABLE out_mem_59 LOOP {} BUNDLEDNAME {} DSP 0 BRAM 0 URAM 0 STORAGESUBTYPE {task level} STORAGESIZE {32 2 1} STORAGEUSAGE {fifo channel} DISPNAME {bind_storage fifo} VISIBLE true} {BINDTYPE storage ID {} IMPL srl LATENCY 0 OPTYPE fifo PRAGMA {} RTLNAME out_mem_60_U SOURCE top_wrapper.cpp:123 VARIABLE out_mem_60 LOOP {} BUNDLEDNAME {} DSP 0 BRAM 0 URAM 0 STORAGESUBTYPE {task level} STORAGESIZE {32 2 1} STORAGEUSAGE {fifo channel} DISPNAME {bind_storage fifo} VISIBLE true} {BINDTYPE storage ID {} IMPL srl LATENCY 0 OPTYPE fifo PRAGMA {} RTLNAME out_mem_61_U SOURCE top_wrapper.cpp:123 VARIABLE out_mem_61 LOOP {} BUNDLEDNAME {} DSP 0 BRAM 0 URAM 0 STORAGESUBTYPE {task level} STORAGESIZE {32 2 1} STORAGEUSAGE {fifo channel} DISPNAME {bind_storage fifo} VISIBLE true} {BINDTYPE storage ID {} IMPL srl LATENCY 0 OPTYPE fifo PRAGMA {} RTLNAME out_mem_62_U SOURCE top_wrapper.cpp:123 VARIABLE out_mem_62 LOOP {} BUNDLEDNAME {} DSP 0 BRAM 0 URAM 0 STORAGESUBTYPE {task level} STORAGESIZE {32 2 1} STORAGEUSAGE {fifo channel} DISPNAME {bind_storage fifo} VISIBLE true} {BINDTYPE storage ID {} IMPL srl LATENCY 0 OPTYPE fifo PRAGMA {} RTLNAME out_mem_63_U SOURCE top_wrapper.cpp:123 VARIABLE out_mem_63 LOOP {} BUNDLEDNAME {} DSP 0 BRAM 0 URAM 0 STORAGESUBTYPE {task level} STORAGESIZE {32 2 1} STORAGEUSAGE {fifo channel} DISPNAME {bind_storage fifo} VISIBLE true} {BINDTYPE storage ID {} IMPL srl LATENCY 0 OPTYPE fifo PRAGMA {} RTLNAME out_mem_64_U SOURCE top_wrapper.cpp:123 VARIABLE out_mem_64 LOOP {} BUNDLEDNAME {} DSP 0 BRAM 0 URAM 0 STORAGESUBTYPE {task level} STORAGESIZE {32 2 1} STORAGEUSAGE {fifo channel} DISPNAME {bind_storage fifo} VISIBLE true} {BINDTYPE storage ID {} IMPL srl LATENCY 0 OPTYPE fifo PRAGMA {} RTLNAME out_mem_65_U SOURCE top_wrapper.cpp:123 VARIABLE out_mem_65 LOOP {} BUNDLEDNAME {} DSP 0 BRAM 0 URAM 0 STORAGESUBTYPE {task level} STORAGESIZE {32 2 1} STORAGEUSAGE {fifo channel} DISPNAME {bind_storage fifo} VISIBLE true} {BINDTYPE storage ID {} IMPL srl LATENCY 0 OPTYPE fifo PRAGMA {} RTLNAME out_mem_66_U SOURCE top_wrapper.cpp:123 VARIABLE out_mem_66 LOOP {} BUNDLEDNAME {} DSP 0 BRAM 0 URAM 0 STORAGESUBTYPE {task level} STORAGESIZE {32 2 1} STORAGEUSAGE {fifo channel} DISPNAME {bind_storage fifo} VISIBLE true} {BINDTYPE storage ID {} IMPL srl LATENCY 0 OPTYPE fifo PRAGMA {} RTLNAME out_mem_67_U SOURCE top_wrapper.cpp:123 VARIABLE out_mem_67 LOOP {} BUNDLEDNAME {} DSP 0 BRAM 0 URAM 0 STORAGESUBTYPE {task level} STORAGESIZE {32 2 1} STORAGEUSAGE {fifo channel} DISPNAME {bind_storage fifo} VISIBLE true} {BINDTYPE storage ID {} IMPL srl LATENCY 0 OPTYPE fifo PRAGMA {} RTLNAME out_mem_68_U SOURCE top_wrapper.cpp:123 VARIABLE out_mem_68 LOOP {} BUNDLEDNAME {} DSP 0 BRAM 0 URAM 0 STORAGESUBTYPE {task level} STORAGESIZE {32 2 1} STORAGEUSAGE {fifo channel} DISPNAME {bind_storage fifo} VISIBLE true} {BINDTYPE storage ID {} IMPL srl LATENCY 0 OPTYPE fifo PRAGMA {} RTLNAME out_mem_69_U SOURCE top_wrapper.cpp:123 VARIABLE out_mem_69 LOOP {} BUNDLEDNAME {} DSP 0 BRAM 0 URAM 0 STORAGESUBTYPE {task level} STORAGESIZE {32 2 1} STORAGEUSAGE {fifo channel} DISPNAME {bind_storage fifo} VISIBLE true} {BINDTYPE storage ID {} IMPL srl LATENCY 0 OPTYPE fifo PRAGMA {} RTLNAME out_mem_70_U SOURCE top_wrapper.cpp:123 VARIABLE out_mem_70 LOOP {} BUNDLEDNAME {} DSP 0 BRAM 0 URAM 0 STORAGESUBTYPE {task level} STORAGESIZE {32 2 1} STORAGEUSAGE {fifo channel} DISPNAME {bind_storage fifo} VISIBLE true} {BINDTYPE storage ID {} IMPL srl LATENCY 0 OPTYPE fifo PRAGMA {} RTLNAME out_mem_71_U SOURCE top_wrapper.cpp:123 VARIABLE out_mem_71 LOOP {} BUNDLEDNAME {} DSP 0 BRAM 0 URAM 0 STORAGESUBTYPE {task level} STORAGESIZE {32 2 1} STORAGEUSAGE {fifo channel} DISPNAME {bind_storage fifo} VISIBLE true} {BINDTYPE storage ID {} IMPL srl LATENCY 0 OPTYPE fifo PRAGMA {} RTLNAME out_mem_72_U SOURCE top_wrapper.cpp:123 VARIABLE out_mem_72 LOOP {} BUNDLEDNAME {} DSP 0 BRAM 0 URAM 0 STORAGESUBTYPE {task level} STORAGESIZE {32 2 1} STORAGEUSAGE {fifo channel} DISPNAME {bind_storage fifo} VISIBLE true} {BINDTYPE storage ID {} IMPL srl LATENCY 0 OPTYPE fifo PRAGMA {} RTLNAME out_mem_73_U SOURCE top_wrapper.cpp:123 VARIABLE out_mem_73 LOOP {} BUNDLEDNAME {} DSP 0 BRAM 0 URAM 0 STORAGESUBTYPE {task level} STORAGESIZE {32 2 1} STORAGEUSAGE {fifo channel} DISPNAME {bind_storage fifo} VISIBLE true} {BINDTYPE storage ID {} IMPL srl LATENCY 0 OPTYPE fifo PRAGMA {} RTLNAME out_mem_74_U SOURCE top_wrapper.cpp:123 VARIABLE out_mem_74 LOOP {} BUNDLEDNAME {} DSP 0 BRAM 0 URAM 0 STORAGESUBTYPE {task level} STORAGESIZE {32 2 1} STORAGEUSAGE {fifo channel} DISPNAME {bind_storage fifo} VISIBLE true} {BINDTYPE storage ID {} IMPL srl LATENCY 0 OPTYPE fifo PRAGMA {} RTLNAME out_mem_75_U SOURCE top_wrapper.cpp:123 VARIABLE out_mem_75 LOOP {} BUNDLEDNAME {} DSP 0 BRAM 0 URAM 0 STORAGESUBTYPE {task level} STORAGESIZE {32 2 1} STORAGEUSAGE {fifo channel} DISPNAME {bind_storage fifo} VISIBLE true} {BINDTYPE storage ID {} IMPL srl LATENCY 0 OPTYPE fifo PRAGMA {} RTLNAME out_mem_76_U SOURCE top_wrapper.cpp:123 VARIABLE out_mem_76 LOOP {} BUNDLEDNAME {} DSP 0 BRAM 0 URAM 0 STORAGESUBTYPE {task level} STORAGESIZE {32 2 1} STORAGEUSAGE {fifo channel} DISPNAME {bind_storage fifo} VISIBLE true} {BINDTYPE storage ID {} IMPL srl LATENCY 0 OPTYPE fifo PRAGMA {} RTLNAME out_mem_77_U SOURCE top_wrapper.cpp:123 VARIABLE out_mem_77 LOOP {} BUNDLEDNAME {} DSP 0 BRAM 0 URAM 0 STORAGESUBTYPE {task level} STORAGESIZE {32 2 1} STORAGEUSAGE {fifo channel} DISPNAME {bind_storage fifo} VISIBLE true} {BINDTYPE storage ID {} IMPL srl LATENCY 0 OPTYPE fifo PRAGMA {} RTLNAME out_mem_78_U SOURCE top_wrapper.cpp:123 VARIABLE out_mem_78 LOOP {} BUNDLEDNAME {} DSP 0 BRAM 0 URAM 0 STORAGESUBTYPE {task level} STORAGESIZE {32 2 1} STORAGEUSAGE {fifo channel} DISPNAME {bind_storage fifo} VISIBLE true} {BINDTYPE storage ID {} IMPL srl LATENCY 0 OPTYPE fifo PRAGMA {} RTLNAME out_mem_79_U SOURCE top_wrapper.cpp:123 VARIABLE out_mem_79 LOOP {} BUNDLEDNAME {} DSP 0 BRAM 0 URAM 0 STORAGESUBTYPE {task level} STORAGESIZE {32 2 1} STORAGEUSAGE {fifo channel} DISPNAME {bind_storage fifo} VISIBLE true} {BINDTYPE storage ID {} IMPL srl LATENCY 0 OPTYPE fifo PRAGMA {} RTLNAME out_mem_80_U SOURCE top_wrapper.cpp:123 VARIABLE out_mem_80 LOOP {} BUNDLEDNAME {} DSP 0 BRAM 0 URAM 0 STORAGESUBTYPE {task level} STORAGESIZE {32 2 1} STORAGEUSAGE {fifo channel} DISPNAME {bind_storage fifo} VISIBLE true} {BINDTYPE storage ID {} IMPL srl LATENCY 0 OPTYPE fifo PRAGMA {} RTLNAME out_mem_81_U SOURCE top_wrapper.cpp:123 VARIABLE out_mem_81 LOOP {} BUNDLEDNAME {} DSP 0 BRAM 0 URAM 0 STORAGESUBTYPE {task level} STORAGESIZE {32 2 1} STORAGEUSAGE {fifo channel} DISPNAME {bind_storage fifo} VISIBLE true} {BINDTYPE storage ID {} IMPL srl LATENCY 0 OPTYPE fifo PRAGMA {} RTLNAME out_mem_82_U SOURCE top_wrapper.cpp:123 VARIABLE out_mem_82 LOOP {} BUNDLEDNAME {} DSP 0 BRAM 0 URAM 0 STORAGESUBTYPE {task level} STORAGESIZE {32 2 1} STORAGEUSAGE {fifo channel} DISPNAME {bind_storage fifo} VISIBLE true} {BINDTYPE storage ID {} IMPL srl LATENCY 0 OPTYPE fifo PRAGMA {} RTLNAME out_mem_83_U SOURCE top_wrapper.cpp:123 VARIABLE out_mem_83 LOOP {} BUNDLEDNAME {} DSP 0 BRAM 0 URAM 0 STORAGESUBTYPE {task level} STORAGESIZE {32 2 1} STORAGEUSAGE {fifo channel} DISPNAME {bind_storage fifo} VISIBLE true} {BINDTYPE storage ID {} IMPL srl LATENCY 0 OPTYPE fifo PRAGMA {} RTLNAME out_mem_84_U SOURCE top_wrapper.cpp:123 VARIABLE out_mem_84 LOOP {} BUNDLEDNAME {} DSP 0 BRAM 0 URAM 0 STORAGESUBTYPE {task level} STORAGESIZE {32 2 1} STORAGEUSAGE {fifo channel} DISPNAME {bind_storage fifo} VISIBLE true} {BINDTYPE storage ID {} IMPL srl LATENCY 0 OPTYPE fifo PRAGMA {} RTLNAME out_mem_85_U SOURCE top_wrapper.cpp:123 VARIABLE out_mem_85 LOOP {} BUNDLEDNAME {} DSP 0 BRAM 0 URAM 0 STORAGESUBTYPE {task level} STORAGESIZE {32 2 1} STORAGEUSAGE {fifo channel} DISPNAME {bind_storage fifo} VISIBLE true} {BINDTYPE storage ID {} IMPL srl LATENCY 0 OPTYPE fifo PRAGMA {} RTLNAME out_mem_86_U SOURCE top_wrapper.cpp:123 VARIABLE out_mem_86 LOOP {} BUNDLEDNAME {} DSP 0 BRAM 0 URAM 0 STORAGESUBTYPE {task level} STORAGESIZE {32 2 1} STORAGEUSAGE {fifo channel} DISPNAME {bind_storage fifo} VISIBLE true} {BINDTYPE storage ID {} IMPL srl LATENCY 0 OPTYPE fifo PRAGMA {} RTLNAME out_mem_87_U SOURCE top_wrapper.cpp:123 VARIABLE out_mem_87 LOOP {} BUNDLEDNAME {} DSP 0 BRAM 0 URAM 0 STORAGESUBTYPE {task level} STORAGESIZE {32 2 1} STORAGEUSAGE {fifo channel} DISPNAME {bind_storage fifo} VISIBLE true} {BINDTYPE storage ID {} IMPL srl LATENCY 0 OPTYPE fifo PRAGMA {} RTLNAME out_mem_88_U SOURCE top_wrapper.cpp:123 VARIABLE out_mem_88 LOOP {} BUNDLEDNAME {} DSP 0 BRAM 0 URAM 0 STORAGESUBTYPE {task level} STORAGESIZE {32 2 1} STORAGEUSAGE {fifo channel} DISPNAME {bind_storage fifo} VISIBLE true} {BINDTYPE storage ID {} IMPL srl LATENCY 0 OPTYPE fifo PRAGMA {} RTLNAME out_mem_89_U SOURCE top_wrapper.cpp:123 VARIABLE out_mem_89 LOOP {} BUNDLEDNAME {} DSP 0 BRAM 0 URAM 0 STORAGESUBTYPE {task level} STORAGESIZE {32 2 1} STORAGEUSAGE {fifo channel} DISPNAME {bind_storage fifo} VISIBLE true} {BINDTYPE storage ID {} IMPL srl LATENCY 0 OPTYPE fifo PRAGMA {} RTLNAME out_mem_90_U SOURCE top_wrapper.cpp:123 VARIABLE out_mem_90 LOOP {} BUNDLEDNAME {} DSP 0 BRAM 0 URAM 0 STORAGESUBTYPE {task level} STORAGESIZE {32 2 1} STORAGEUSAGE {fifo channel} DISPNAME {bind_storage fifo} VISIBLE true} {BINDTYPE storage ID {} IMPL srl LATENCY 0 OPTYPE fifo PRAGMA {} RTLNAME out_mem_91_U SOURCE top_wrapper.cpp:123 VARIABLE out_mem_91 LOOP {} BUNDLEDNAME {} DSP 0 BRAM 0 URAM 0 STORAGESUBTYPE {task level} STORAGESIZE {32 2 1} STORAGEUSAGE {fifo channel} DISPNAME {bind_storage fifo} VISIBLE true} {BINDTYPE storage ID {} IMPL srl LATENCY 0 OPTYPE fifo PRAGMA {} RTLNAME out_mem_92_U SOURCE top_wrapper.cpp:123 VARIABLE out_mem_92 LOOP {} BUNDLEDNAME {} DSP 0 BRAM 0 URAM 0 STORAGESUBTYPE {task level} STORAGESIZE {32 2 1} STORAGEUSAGE {fifo channel} DISPNAME {bind_storage fifo} VISIBLE true} {BINDTYPE storage ID {} IMPL srl LATENCY 0 OPTYPE fifo PRAGMA {} RTLNAME out_mem_93_U SOURCE top_wrapper.cpp:123 VARIABLE out_mem_93 LOOP {} BUNDLEDNAME {} DSP 0 BRAM 0 URAM 0 STORAGESUBTYPE {task level} STORAGESIZE {32 2 1} STORAGEUSAGE {fifo channel} DISPNAME {bind_storage fifo} VISIBLE true} {BINDTYPE storage ID {} IMPL srl LATENCY 0 OPTYPE fifo PRAGMA {} RTLNAME out_mem_94_U SOURCE top_wrapper.cpp:123 VARIABLE out_mem_94 LOOP {} BUNDLEDNAME {} DSP 0 BRAM 0 URAM 0 STORAGESUBTYPE {task level} STORAGESIZE {32 2 1} STORAGEUSAGE {fifo channel} DISPNAME {bind_storage fifo} VISIBLE true} {BINDTYPE storage ID {} IMPL srl LATENCY 0 OPTYPE fifo PRAGMA {} RTLNAME out_mem_95_U SOURCE top_wrapper.cpp:123 VARIABLE out_mem_95 LOOP {} BUNDLEDNAME {} DSP 0 BRAM 0 URAM 0 STORAGESUBTYPE {task level} STORAGESIZE {32 2 1} STORAGEUSAGE {fifo channel} DISPNAME {bind_storage fifo} VISIBLE true} {BINDTYPE storage ID {} IMPL srl LATENCY 0 OPTYPE fifo PRAGMA {} RTLNAME out_mem_96_U SOURCE top_wrapper.cpp:123 VARIABLE out_mem_96 LOOP {} BUNDLEDNAME {} DSP 0 BRAM 0 URAM 0 STORAGESUBTYPE {task level} STORAGESIZE {32 2 1} STORAGEUSAGE {fifo channel} DISPNAME {bind_storage fifo} VISIBLE true} {BINDTYPE storage ID {} IMPL srl LATENCY 0 OPTYPE fifo PRAGMA {} RTLNAME out_mem_97_U SOURCE top_wrapper.cpp:123 VARIABLE out_mem_97 LOOP {} BUNDLEDNAME {} DSP 0 BRAM 0 URAM 0 STORAGESUBTYPE {task level} STORAGESIZE {32 2 1} STORAGEUSAGE {fifo channel} DISPNAME {bind_storage fifo} VISIBLE true} {BINDTYPE storage ID {} IMPL srl LATENCY 0 OPTYPE fifo PRAGMA {} RTLNAME out_mem_98_U SOURCE top_wrapper.cpp:123 VARIABLE out_mem_98 LOOP {} BUNDLEDNAME {} DSP 0 BRAM 0 URAM 0 STORAGESUBTYPE {task level} STORAGESIZE {32 2 1} STORAGEUSAGE {fifo channel} DISPNAME {bind_storage fifo} VISIBLE true} {BINDTYPE storage ID {} IMPL srl LATENCY 0 OPTYPE fifo PRAGMA {} RTLNAME out_mem_99_U SOURCE top_wrapper.cpp:123 VARIABLE out_mem_99 LOOP {} BUNDLEDNAME {} DSP 0 BRAM 0 URAM 0 STORAGESUBTYPE {task level} STORAGESIZE {32 2 1} STORAGEUSAGE {fifo channel} DISPNAME {bind_storage fifo} VISIBLE true} {BINDTYPE storage ID {} IMPL srl LATENCY 0 OPTYPE fifo PRAGMA {} RTLNAME out_mem_100_U SOURCE top_wrapper.cpp:123 VARIABLE out_mem_100 LOOP {} BUNDLEDNAME {} DSP 0 BRAM 0 URAM 0 STORAGESUBTYPE {task level} STORAGESIZE {32 2 1} STORAGEUSAGE {fifo channel} DISPNAME {bind_storage fifo} VISIBLE true} {BINDTYPE storage ID {} IMPL srl LATENCY 0 OPTYPE fifo PRAGMA {} RTLNAME out_mem_101_U SOURCE top_wrapper.cpp:123 VARIABLE out_mem_101 LOOP {} BUNDLEDNAME {} DSP 0 BRAM 0 URAM 0 STORAGESUBTYPE {task level} STORAGESIZE {32 2 1} STORAGEUSAGE {fifo channel} DISPNAME {bind_storage fifo} VISIBLE true} {BINDTYPE storage ID {} IMPL srl LATENCY 0 OPTYPE fifo PRAGMA {} RTLNAME out_mem_102_U SOURCE top_wrapper.cpp:123 VARIABLE out_mem_102 LOOP {} BUNDLEDNAME {} DSP 0 BRAM 0 URAM 0 STORAGESUBTYPE {task level} STORAGESIZE {32 2 1} STORAGEUSAGE {fifo channel} DISPNAME {bind_storage fifo} VISIBLE true} {BINDTYPE storage ID {} IMPL srl LATENCY 0 OPTYPE fifo PRAGMA {} RTLNAME out_mem_103_U SOURCE top_wrapper.cpp:123 VARIABLE out_mem_103 LOOP {} BUNDLEDNAME {} DSP 0 BRAM 0 URAM 0 STORAGESUBTYPE {task level} STORAGESIZE {32 2 1} STORAGEUSAGE {fifo channel} DISPNAME {bind_storage fifo} VISIBLE true} {BINDTYPE storage ID {} IMPL srl LATENCY 0 OPTYPE fifo PRAGMA {} RTLNAME out_mem_104_U SOURCE top_wrapper.cpp:123 VARIABLE out_mem_104 LOOP {} BUNDLEDNAME {} DSP 0 BRAM 0 URAM 0 STORAGESUBTYPE {task level} STORAGESIZE {32 2 1} STORAGEUSAGE {fifo channel} DISPNAME {bind_storage fifo} VISIBLE true} {BINDTYPE storage ID {} IMPL srl LATENCY 0 OPTYPE fifo PRAGMA {} RTLNAME out_mem_105_U SOURCE top_wrapper.cpp:123 VARIABLE out_mem_105 LOOP {} BUNDLEDNAME {} DSP 0 BRAM 0 URAM 0 STORAGESUBTYPE {task level} STORAGESIZE {32 2 1} STORAGEUSAGE {fifo channel} DISPNAME {bind_storage fifo} VISIBLE true} {BINDTYPE storage ID {} IMPL srl LATENCY 0 OPTYPE fifo PRAGMA {} RTLNAME out_mem_106_U SOURCE top_wrapper.cpp:123 VARIABLE out_mem_106 LOOP {} BUNDLEDNAME {} DSP 0 BRAM 0 URAM 0 STORAGESUBTYPE {task level} STORAGESIZE {32 2 1} STORAGEUSAGE {fifo channel} DISPNAME {bind_storage fifo} VISIBLE true} {BINDTYPE storage ID {} IMPL srl LATENCY 0 OPTYPE fifo PRAGMA {} RTLNAME out_mem_107_U SOURCE top_wrapper.cpp:123 VARIABLE out_mem_107 LOOP {} BUNDLEDNAME {} DSP 0 BRAM 0 URAM 0 STORAGESUBTYPE {task level} STORAGESIZE {32 2 1} STORAGEUSAGE {fifo channel} DISPNAME {bind_storage fifo} VISIBLE true} {BINDTYPE storage ID {} IMPL srl LATENCY 0 OPTYPE fifo PRAGMA {} RTLNAME out_mem_108_U SOURCE top_wrapper.cpp:123 VARIABLE out_mem_108 LOOP {} BUNDLEDNAME {} DSP 0 BRAM 0 URAM 0 STORAGESUBTYPE {task level} STORAGESIZE {32 2 1} STORAGEUSAGE {fifo channel} DISPNAME {bind_storage fifo} VISIBLE true} {BINDTYPE storage ID {} IMPL srl LATENCY 0 OPTYPE fifo PRAGMA {} RTLNAME out_mem_109_U SOURCE top_wrapper.cpp:123 VARIABLE out_mem_109 LOOP {} BUNDLEDNAME {} DSP 0 BRAM 0 URAM 0 STORAGESUBTYPE {task level} STORAGESIZE {32 2 1} STORAGEUSAGE {fifo channel} DISPNAME {bind_storage fifo} VISIBLE true} {BINDTYPE storage ID {} IMPL srl LATENCY 0 OPTYPE fifo PRAGMA {} RTLNAME out_mem_110_U SOURCE top_wrapper.cpp:123 VARIABLE out_mem_110 LOOP {} BUNDLEDNAME {} DSP 0 BRAM 0 URAM 0 STORAGESUBTYPE {task level} STORAGESIZE {32 2 1} STORAGEUSAGE {fifo channel} DISPNAME {bind_storage fifo} VISIBLE true} {BINDTYPE storage ID {} IMPL srl LATENCY 0 OPTYPE fifo PRAGMA {} RTLNAME out_mem_111_U SOURCE top_wrapper.cpp:123 VARIABLE out_mem_111 LOOP {} BUNDLEDNAME {} DSP 0 BRAM 0 URAM 0 STORAGESUBTYPE {task level} STORAGESIZE {32 2 1} STORAGEUSAGE {fifo channel} DISPNAME {bind_storage fifo} VISIBLE true} {BINDTYPE storage ID {} IMPL srl LATENCY 0 OPTYPE fifo PRAGMA {} RTLNAME out_mem_112_U SOURCE top_wrapper.cpp:123 VARIABLE out_mem_112 LOOP {} BUNDLEDNAME {} DSP 0 BRAM 0 URAM 0 STORAGESUBTYPE {task level} STORAGESIZE {32 2 1} STORAGEUSAGE {fifo channel} DISPNAME {bind_storage fifo} VISIBLE true} {BINDTYPE storage ID {} IMPL srl LATENCY 0 OPTYPE fifo PRAGMA {} RTLNAME out_mem_113_U SOURCE top_wrapper.cpp:123 VARIABLE out_mem_113 LOOP {} BUNDLEDNAME {} DSP 0 BRAM 0 URAM 0 STORAGESUBTYPE {task level} STORAGESIZE {32 2 1} STORAGEUSAGE {fifo channel} DISPNAME {bind_storage fifo} VISIBLE true} {BINDTYPE storage ID {} IMPL srl LATENCY 0 OPTYPE fifo PRAGMA {} RTLNAME out_mem_114_U SOURCE top_wrapper.cpp:123 VARIABLE out_mem_114 LOOP {} BUNDLEDNAME {} DSP 0 BRAM 0 URAM 0 STORAGESUBTYPE {task level} STORAGESIZE {32 2 1} STORAGEUSAGE {fifo channel} DISPNAME {bind_storage fifo} VISIBLE true} {BINDTYPE storage ID {} IMPL srl LATENCY 0 OPTYPE fifo PRAGMA {} RTLNAME out_mem_115_U SOURCE top_wrapper.cpp:123 VARIABLE out_mem_115 LOOP {} BUNDLEDNAME {} DSP 0 BRAM 0 URAM 0 STORAGESUBTYPE {task level} STORAGESIZE {32 2 1} STORAGEUSAGE {fifo channel} DISPNAME {bind_storage fifo} VISIBLE true} {BINDTYPE storage ID {} IMPL srl LATENCY 0 OPTYPE fifo PRAGMA {} RTLNAME out_mem_116_U SOURCE top_wrapper.cpp:123 VARIABLE out_mem_116 LOOP {} BUNDLEDNAME {} DSP 0 BRAM 0 URAM 0 STORAGESUBTYPE {task level} STORAGESIZE {32 2 1} STORAGEUSAGE {fifo channel} DISPNAME {bind_storage fifo} VISIBLE true} {BINDTYPE storage ID {} IMPL srl LATENCY 0 OPTYPE fifo PRAGMA {} RTLNAME out_mem_117_U SOURCE top_wrapper.cpp:123 VARIABLE out_mem_117 LOOP {} BUNDLEDNAME {} DSP 0 BRAM 0 URAM 0 STORAGESUBTYPE {task level} STORAGESIZE {32 2 1} STORAGEUSAGE {fifo channel} DISPNAME {bind_storage fifo} VISIBLE true} {BINDTYPE storage ID {} IMPL srl LATENCY 0 OPTYPE fifo PRAGMA {} RTLNAME out_mem_118_U SOURCE top_wrapper.cpp:123 VARIABLE out_mem_118 LOOP {} BUNDLEDNAME {} DSP 0 BRAM 0 URAM 0 STORAGESUBTYPE {task level} STORAGESIZE {32 2 1} STORAGEUSAGE {fifo channel} DISPNAME {bind_storage fifo} VISIBLE true} {BINDTYPE storage ID {} IMPL srl LATENCY 0 OPTYPE fifo PRAGMA {} RTLNAME out_mem_119_U SOURCE top_wrapper.cpp:123 VARIABLE out_mem_119 LOOP {} BUNDLEDNAME {} DSP 0 BRAM 0 URAM 0 STORAGESUBTYPE {task level} STORAGESIZE {32 2 1} STORAGEUSAGE {fifo channel} DISPNAME {bind_storage fifo} VISIBLE true} {BINDTYPE storage ID {} IMPL srl LATENCY 0 OPTYPE fifo PRAGMA {} RTLNAME out_mem_120_U SOURCE top_wrapper.cpp:123 VARIABLE out_mem_120 LOOP {} BUNDLEDNAME {} DSP 0 BRAM 0 URAM 0 STORAGESUBTYPE {task level} STORAGESIZE {32 2 1} STORAGEUSAGE {fifo channel} DISPNAME {bind_storage fifo} VISIBLE true} {BINDTYPE storage ID {} IMPL srl LATENCY 0 OPTYPE fifo PRAGMA {} RTLNAME out_mem_121_U SOURCE top_wrapper.cpp:123 VARIABLE out_mem_121 LOOP {} BUNDLEDNAME {} DSP 0 BRAM 0 URAM 0 STORAGESUBTYPE {task level} STORAGESIZE {32 2 1} STORAGEUSAGE {fifo channel} DISPNAME {bind_storage fifo} VISIBLE true} {BINDTYPE storage ID {} IMPL srl LATENCY 0 OPTYPE fifo PRAGMA {} RTLNAME out_mem_122_U SOURCE top_wrapper.cpp:123 VARIABLE out_mem_122 LOOP {} BUNDLEDNAME {} DSP 0 BRAM 0 URAM 0 STORAGESUBTYPE {task level} STORAGESIZE {32 2 1} STORAGEUSAGE {fifo channel} DISPNAME {bind_storage fifo} VISIBLE true} {BINDTYPE storage ID {} IMPL srl LATENCY 0 OPTYPE fifo PRAGMA {} RTLNAME out_mem_123_U SOURCE top_wrapper.cpp:123 VARIABLE out_mem_123 LOOP {} BUNDLEDNAME {} DSP 0 BRAM 0 URAM 0 STORAGESUBTYPE {task level} STORAGESIZE {32 2 1} STORAGEUSAGE {fifo channel} DISPNAME {bind_storage fifo} VISIBLE true} {BINDTYPE storage ID {} IMPL srl LATENCY 0 OPTYPE fifo PRAGMA {} RTLNAME out_mem_124_U SOURCE top_wrapper.cpp:123 VARIABLE out_mem_124 LOOP {} BUNDLEDNAME {} DSP 0 BRAM 0 URAM 0 STORAGESUBTYPE {task level} STORAGESIZE {32 2 1} STORAGEUSAGE {fifo channel} DISPNAME {bind_storage fifo} VISIBLE true} {BINDTYPE storage ID {} IMPL srl LATENCY 0 OPTYPE fifo PRAGMA {} RTLNAME out_mem_125_U SOURCE top_wrapper.cpp:123 VARIABLE out_mem_125 LOOP {} BUNDLEDNAME {} DSP 0 BRAM 0 URAM 0 STORAGESUBTYPE {task level} STORAGESIZE {32 2 1} STORAGEUSAGE {fifo channel} DISPNAME {bind_storage fifo} VISIBLE true} {BINDTYPE storage ID {} IMPL srl LATENCY 0 OPTYPE fifo PRAGMA {} RTLNAME out_mem_126_U SOURCE top_wrapper.cpp:123 VARIABLE out_mem_126 LOOP {} BUNDLEDNAME {} DSP 0 BRAM 0 URAM 0 STORAGESUBTYPE {task level} STORAGESIZE {32 2 1} STORAGEUSAGE {fifo channel} DISPNAME {bind_storage fifo} VISIBLE true} {BINDTYPE storage ID {} IMPL srl LATENCY 0 OPTYPE fifo PRAGMA {} RTLNAME out_mem_127_U SOURCE top_wrapper.cpp:123 VARIABLE out_mem_127 LOOP {} BUNDLEDNAME {} DSP 0 BRAM 0 URAM 0 STORAGESUBTYPE {task level} STORAGESIZE {32 2 1} STORAGEUSAGE {fifo channel} DISPNAME {bind_storage fifo} VISIBLE true} {BINDTYPE storage ID {} IMPL srl LATENCY 0 OPTYPE fifo PRAGMA {} RTLNAME out_mem_128_U SOURCE top_wrapper.cpp:123 VARIABLE out_mem_128 LOOP {} BUNDLEDNAME {} DSP 0 BRAM 0 URAM 0 STORAGESUBTYPE {task level} STORAGESIZE {32 2 1} STORAGEUSAGE {fifo channel} DISPNAME {bind_storage fifo} VISIBLE true} {BINDTYPE storage ID {} IMPL srl LATENCY 0 OPTYPE fifo PRAGMA {} RTLNAME out_mem_129_U SOURCE top_wrapper.cpp:123 VARIABLE out_mem_129 LOOP {} BUNDLEDNAME {} DSP 0 BRAM 0 URAM 0 STORAGESUBTYPE {task level} STORAGESIZE {32 2 1} STORAGEUSAGE {fifo channel} DISPNAME {bind_storage fifo} VISIBLE true} {BINDTYPE storage ID {} IMPL srl LATENCY 0 OPTYPE fifo PRAGMA {} RTLNAME out_mem_130_U SOURCE top_wrapper.cpp:123 VARIABLE out_mem_130 LOOP {} BUNDLEDNAME {} DSP 0 BRAM 0 URAM 0 STORAGESUBTYPE {task level} STORAGESIZE {32 2 1} STORAGEUSAGE {fifo channel} DISPNAME {bind_storage fifo} VISIBLE true} {BINDTYPE storage ID {} IMPL srl LATENCY 0 OPTYPE fifo PRAGMA {} RTLNAME out_mem_131_U SOURCE top_wrapper.cpp:123 VARIABLE out_mem_131 LOOP {} BUNDLEDNAME {} DSP 0 BRAM 0 URAM 0 STORAGESUBTYPE {task level} STORAGESIZE {32 2 1} STORAGEUSAGE {fifo channel} DISPNAME {bind_storage fifo} VISIBLE true} {BINDTYPE storage ID {} IMPL srl LATENCY 0 OPTYPE fifo PRAGMA {} RTLNAME out_mem_132_U SOURCE top_wrapper.cpp:123 VARIABLE out_mem_132 LOOP {} BUNDLEDNAME {} DSP 0 BRAM 0 URAM 0 STORAGESUBTYPE {task level} STORAGESIZE {32 2 1} STORAGEUSAGE {fifo channel} DISPNAME {bind_storage fifo} VISIBLE true} {BINDTYPE storage ID {} IMPL srl LATENCY 0 OPTYPE fifo PRAGMA {} RTLNAME out_mem_133_U SOURCE top_wrapper.cpp:123 VARIABLE out_mem_133 LOOP {} BUNDLEDNAME {} DSP 0 BRAM 0 URAM 0 STORAGESUBTYPE {task level} STORAGESIZE {32 2 1} STORAGEUSAGE {fifo channel} DISPNAME {bind_storage fifo} VISIBLE true} {BINDTYPE storage ID {} IMPL srl LATENCY 0 OPTYPE fifo PRAGMA {} RTLNAME out_mem_134_U SOURCE top_wrapper.cpp:123 VARIABLE out_mem_134 LOOP {} BUNDLEDNAME {} DSP 0 BRAM 0 URAM 0 STORAGESUBTYPE {task level} STORAGESIZE {32 2 1} STORAGEUSAGE {fifo channel} DISPNAME {bind_storage fifo} VISIBLE true} {BINDTYPE storage ID {} IMPL srl LATENCY 0 OPTYPE fifo PRAGMA {} RTLNAME out_mem_135_U SOURCE top_wrapper.cpp:123 VARIABLE out_mem_135 LOOP {} BUNDLEDNAME {} DSP 0 BRAM 0 URAM 0 STORAGESUBTYPE {task level} STORAGESIZE {32 2 1} STORAGEUSAGE {fifo channel} DISPNAME {bind_storage fifo} VISIBLE true} {BINDTYPE storage ID {} IMPL srl LATENCY 0 OPTYPE fifo PRAGMA {} RTLNAME out_mem_136_U SOURCE top_wrapper.cpp:123 VARIABLE out_mem_136 LOOP {} BUNDLEDNAME {} DSP 0 BRAM 0 URAM 0 STORAGESUBTYPE {task level} STORAGESIZE {32 2 1} STORAGEUSAGE {fifo channel} DISPNAME {bind_storage fifo} VISIBLE true} {BINDTYPE storage ID {} IMPL srl LATENCY 0 OPTYPE fifo PRAGMA {} RTLNAME out_mem_137_U SOURCE top_wrapper.cpp:123 VARIABLE out_mem_137 LOOP {} BUNDLEDNAME {} DSP 0 BRAM 0 URAM 0 STORAGESUBTYPE {task level} STORAGESIZE {32 2 1} STORAGEUSAGE {fifo channel} DISPNAME {bind_storage fifo} VISIBLE true} {BINDTYPE storage ID {} IMPL srl LATENCY 0 OPTYPE fifo PRAGMA {} RTLNAME out_mem_138_U SOURCE top_wrapper.cpp:123 VARIABLE out_mem_138 LOOP {} BUNDLEDNAME {} DSP 0 BRAM 0 URAM 0 STORAGESUBTYPE {task level} STORAGESIZE {32 2 1} STORAGEUSAGE {fifo channel} DISPNAME {bind_storage fifo} VISIBLE true} {BINDTYPE storage ID {} IMPL srl LATENCY 0 OPTYPE fifo PRAGMA {} RTLNAME out_mem_139_U SOURCE top_wrapper.cpp:123 VARIABLE out_mem_139 LOOP {} BUNDLEDNAME {} DSP 0 BRAM 0 URAM 0 STORAGESUBTYPE {task level} STORAGESIZE {32 2 1} STORAGEUSAGE {fifo channel} DISPNAME {bind_storage fifo} VISIBLE true} {BINDTYPE storage ID {} IMPL srl LATENCY 0 OPTYPE fifo PRAGMA {} RTLNAME out_mem_140_U SOURCE top_wrapper.cpp:123 VARIABLE out_mem_140 LOOP {} BUNDLEDNAME {} DSP 0 BRAM 0 URAM 0 STORAGESUBTYPE {task level} STORAGESIZE {32 2 1} STORAGEUSAGE {fifo channel} DISPNAME {bind_storage fifo} VISIBLE true} {BINDTYPE storage ID {} IMPL srl LATENCY 0 OPTYPE fifo PRAGMA {} RTLNAME out_mem_141_U SOURCE top_wrapper.cpp:123 VARIABLE out_mem_141 LOOP {} BUNDLEDNAME {} DSP 0 BRAM 0 URAM 0 STORAGESUBTYPE {task level} STORAGESIZE {32 2 1} STORAGEUSAGE {fifo channel} DISPNAME {bind_storage fifo} VISIBLE true} {BINDTYPE storage ID {} IMPL srl LATENCY 0 OPTYPE fifo PRAGMA {} RTLNAME out_mem_142_U SOURCE top_wrapper.cpp:123 VARIABLE out_mem_142 LOOP {} BUNDLEDNAME {} DSP 0 BRAM 0 URAM 0 STORAGESUBTYPE {task level} STORAGESIZE {32 2 1} STORAGEUSAGE {fifo channel} DISPNAME {bind_storage fifo} VISIBLE true} {BINDTYPE storage ID {} IMPL srl LATENCY 0 OPTYPE fifo PRAGMA {} RTLNAME out_mem_143_U SOURCE top_wrapper.cpp:123 VARIABLE out_mem_143 LOOP {} BUNDLEDNAME {} DSP 0 BRAM 0 URAM 0 STORAGESUBTYPE {task level} STORAGESIZE {32 2 1} STORAGEUSAGE {fifo channel} DISPNAME {bind_storage fifo} VISIBLE true} {BINDTYPE storage ID {} IMPL srl LATENCY 0 OPTYPE fifo PRAGMA {} RTLNAME out_mem_144_U SOURCE top_wrapper.cpp:123 VARIABLE out_mem_144 LOOP {} BUNDLEDNAME {} DSP 0 BRAM 0 URAM 0 STORAGESUBTYPE {task level} STORAGESIZE {32 2 1} STORAGEUSAGE {fifo channel} DISPNAME {bind_storage fifo} VISIBLE true} {BINDTYPE storage ID {} IMPL srl LATENCY 0 OPTYPE fifo PRAGMA {} RTLNAME out_mem_145_U SOURCE top_wrapper.cpp:123 VARIABLE out_mem_145 LOOP {} BUNDLEDNAME {} DSP 0 BRAM 0 URAM 0 STORAGESUBTYPE {task level} STORAGESIZE {32 2 1} STORAGEUSAGE {fifo channel} DISPNAME {bind_storage fifo} VISIBLE true} {BINDTYPE storage ID {} IMPL srl LATENCY 0 OPTYPE fifo PRAGMA {} RTLNAME out_mem_146_U SOURCE top_wrapper.cpp:123 VARIABLE out_mem_146 LOOP {} BUNDLEDNAME {} DSP 0 BRAM 0 URAM 0 STORAGESUBTYPE {task level} STORAGESIZE {32 2 1} STORAGEUSAGE {fifo channel} DISPNAME {bind_storage fifo} VISIBLE true} {BINDTYPE storage ID {} IMPL srl LATENCY 0 OPTYPE fifo PRAGMA {} RTLNAME out_mem_147_U SOURCE top_wrapper.cpp:123 VARIABLE out_mem_147 LOOP {} BUNDLEDNAME {} DSP 0 BRAM 0 URAM 0 STORAGESUBTYPE {task level} STORAGESIZE {32 2 1} STORAGEUSAGE {fifo channel} DISPNAME {bind_storage fifo} VISIBLE true} {BINDTYPE storage ID {} IMPL srl LATENCY 0 OPTYPE fifo PRAGMA {} RTLNAME out_mem_148_U SOURCE top_wrapper.cpp:123 VARIABLE out_mem_148 LOOP {} BUNDLEDNAME {} DSP 0 BRAM 0 URAM 0 STORAGESUBTYPE {task level} STORAGESIZE {32 2 1} STORAGEUSAGE {fifo channel} DISPNAME {bind_storage fifo} VISIBLE true} {BINDTYPE storage ID {} IMPL srl LATENCY 0 OPTYPE fifo PRAGMA {} RTLNAME out_mem_149_U SOURCE top_wrapper.cpp:123 VARIABLE out_mem_149 LOOP {} BUNDLEDNAME {} DSP 0 BRAM 0 URAM 0 STORAGESUBTYPE {task level} STORAGESIZE {32 2 1} STORAGEUSAGE {fifo channel} DISPNAME {bind_storage fifo} VISIBLE true} {BINDTYPE storage ID {} IMPL srl LATENCY 0 OPTYPE fifo PRAGMA {} RTLNAME out_mem_150_U SOURCE top_wrapper.cpp:123 VARIABLE out_mem_150 LOOP {} BUNDLEDNAME {} DSP 0 BRAM 0 URAM 0 STORAGESUBTYPE {task level} STORAGESIZE {32 2 1} STORAGEUSAGE {fifo channel} DISPNAME {bind_storage fifo} VISIBLE true} {BINDTYPE storage ID {} IMPL srl LATENCY 0 OPTYPE fifo PRAGMA {} RTLNAME out_mem_151_U SOURCE top_wrapper.cpp:123 VARIABLE out_mem_151 LOOP {} BUNDLEDNAME {} DSP 0 BRAM 0 URAM 0 STORAGESUBTYPE {task level} STORAGESIZE {32 2 1} STORAGEUSAGE {fifo channel} DISPNAME {bind_storage fifo} VISIBLE true} {BINDTYPE storage ID {} IMPL srl LATENCY 0 OPTYPE fifo PRAGMA {} RTLNAME out_mem_152_U SOURCE top_wrapper.cpp:123 VARIABLE out_mem_152 LOOP {} BUNDLEDNAME {} DSP 0 BRAM 0 URAM 0 STORAGESUBTYPE {task level} STORAGESIZE {32 2 1} STORAGEUSAGE {fifo channel} DISPNAME {bind_storage fifo} VISIBLE true} {BINDTYPE storage ID {} IMPL srl LATENCY 0 OPTYPE fifo PRAGMA {} RTLNAME out_mem_153_U SOURCE top_wrapper.cpp:123 VARIABLE out_mem_153 LOOP {} BUNDLEDNAME {} DSP 0 BRAM 0 URAM 0 STORAGESUBTYPE {task level} STORAGESIZE {32 2 1} STORAGEUSAGE {fifo channel} DISPNAME {bind_storage fifo} VISIBLE true} {BINDTYPE storage ID {} IMPL srl LATENCY 0 OPTYPE fifo PRAGMA {} RTLNAME out_mem_154_U SOURCE top_wrapper.cpp:123 VARIABLE out_mem_154 LOOP {} BUNDLEDNAME {} DSP 0 BRAM 0 URAM 0 STORAGESUBTYPE {task level} STORAGESIZE {32 2 1} STORAGEUSAGE {fifo channel} DISPNAME {bind_storage fifo} VISIBLE true} {BINDTYPE storage ID {} IMPL srl LATENCY 0 OPTYPE fifo PRAGMA {} RTLNAME out_mem_155_U SOURCE top_wrapper.cpp:123 VARIABLE out_mem_155 LOOP {} BUNDLEDNAME {} DSP 0 BRAM 0 URAM 0 STORAGESUBTYPE {task level} STORAGESIZE {32 2 1} STORAGEUSAGE {fifo channel} DISPNAME {bind_storage fifo} VISIBLE true} {BINDTYPE storage ID {} IMPL srl LATENCY 0 OPTYPE fifo PRAGMA {} RTLNAME out_mem_156_U SOURCE top_wrapper.cpp:123 VARIABLE out_mem_156 LOOP {} BUNDLEDNAME {} DSP 0 BRAM 0 URAM 0 STORAGESUBTYPE {task level} STORAGESIZE {32 2 1} STORAGEUSAGE {fifo channel} DISPNAME {bind_storage fifo} VISIBLE true} {BINDTYPE storage ID {} IMPL srl LATENCY 0 OPTYPE fifo PRAGMA {} RTLNAME out_mem_157_U SOURCE top_wrapper.cpp:123 VARIABLE out_mem_157 LOOP {} BUNDLEDNAME {} DSP 0 BRAM 0 URAM 0 STORAGESUBTYPE {task level} STORAGESIZE {32 2 1} STORAGEUSAGE {fifo channel} DISPNAME {bind_storage fifo} VISIBLE true} {BINDTYPE storage ID {} IMPL srl LATENCY 0 OPTYPE fifo PRAGMA {} RTLNAME out_mem_158_U SOURCE top_wrapper.cpp:123 VARIABLE out_mem_158 LOOP {} BUNDLEDNAME {} DSP 0 BRAM 0 URAM 0 STORAGESUBTYPE {task level} STORAGESIZE {32 2 1} STORAGEUSAGE {fifo channel} DISPNAME {bind_storage fifo} VISIBLE true} {BINDTYPE storage ID {} IMPL srl LATENCY 0 OPTYPE fifo PRAGMA {} RTLNAME out_mem_159_U SOURCE top_wrapper.cpp:123 VARIABLE out_mem_159 LOOP {} BUNDLEDNAME {} DSP 0 BRAM 0 URAM 0 STORAGESUBTYPE {task level} STORAGESIZE {32 2 1} STORAGEUSAGE {fifo channel} DISPNAME {bind_storage fifo} VISIBLE true} {BINDTYPE storage ID {} IMPL srl LATENCY 0 OPTYPE fifo PRAGMA {} RTLNAME out_mem_160_U SOURCE top_wrapper.cpp:123 VARIABLE out_mem_160 LOOP {} BUNDLEDNAME {} DSP 0 BRAM 0 URAM 0 STORAGESUBTYPE {task level} STORAGESIZE {32 2 1} STORAGEUSAGE {fifo channel} DISPNAME {bind_storage fifo} VISIBLE true} {BINDTYPE storage ID {} IMPL srl LATENCY 0 OPTYPE fifo PRAGMA {} RTLNAME out_mem_161_U SOURCE top_wrapper.cpp:123 VARIABLE out_mem_161 LOOP {} BUNDLEDNAME {} DSP 0 BRAM 0 URAM 0 STORAGESUBTYPE {task level} STORAGESIZE {32 2 1} STORAGEUSAGE {fifo channel} DISPNAME {bind_storage fifo} VISIBLE true} {BINDTYPE storage ID {} IMPL srl LATENCY 0 OPTYPE fifo PRAGMA {} RTLNAME out_mem_162_U SOURCE top_wrapper.cpp:123 VARIABLE out_mem_162 LOOP {} BUNDLEDNAME {} DSP 0 BRAM 0 URAM 0 STORAGESUBTYPE {task level} STORAGESIZE {32 2 1} STORAGEUSAGE {fifo channel} DISPNAME {bind_storage fifo} VISIBLE true} {BINDTYPE storage ID {} IMPL srl LATENCY 0 OPTYPE fifo PRAGMA {} RTLNAME out_mem_163_U SOURCE top_wrapper.cpp:123 VARIABLE out_mem_163 LOOP {} BUNDLEDNAME {} DSP 0 BRAM 0 URAM 0 STORAGESUBTYPE {task level} STORAGESIZE {32 2 1} STORAGEUSAGE {fifo channel} DISPNAME {bind_storage fifo} VISIBLE true} {BINDTYPE storage ID {} IMPL srl LATENCY 0 OPTYPE fifo PRAGMA {} RTLNAME out_mem_164_U SOURCE top_wrapper.cpp:123 VARIABLE out_mem_164 LOOP {} BUNDLEDNAME {} DSP 0 BRAM 0 URAM 0 STORAGESUBTYPE {task level} STORAGESIZE {32 2 1} STORAGEUSAGE {fifo channel} DISPNAME {bind_storage fifo} VISIBLE true} {BINDTYPE storage ID {} IMPL srl LATENCY 0 OPTYPE fifo PRAGMA {} RTLNAME out_mem_165_U SOURCE top_wrapper.cpp:123 VARIABLE out_mem_165 LOOP {} BUNDLEDNAME {} DSP 0 BRAM 0 URAM 0 STORAGESUBTYPE {task level} STORAGESIZE {32 2 1} STORAGEUSAGE {fifo channel} DISPNAME {bind_storage fifo} VISIBLE true} {BINDTYPE storage ID {} IMPL srl LATENCY 0 OPTYPE fifo PRAGMA {} RTLNAME out_mem_166_U SOURCE top_wrapper.cpp:123 VARIABLE out_mem_166 LOOP {} BUNDLEDNAME {} DSP 0 BRAM 0 URAM 0 STORAGESUBTYPE {task level} STORAGESIZE {32 2 1} STORAGEUSAGE {fifo channel} DISPNAME {bind_storage fifo} VISIBLE true} {BINDTYPE storage ID {} IMPL srl LATENCY 0 OPTYPE fifo PRAGMA {} RTLNAME out_mem_167_U SOURCE top_wrapper.cpp:123 VARIABLE out_mem_167 LOOP {} BUNDLEDNAME {} DSP 0 BRAM 0 URAM 0 STORAGESUBTYPE {task level} STORAGESIZE {32 2 1} STORAGEUSAGE {fifo channel} DISPNAME {bind_storage fifo} VISIBLE true} {BINDTYPE storage ID {} IMPL srl LATENCY 0 OPTYPE fifo PRAGMA {} RTLNAME out_mem_168_U SOURCE top_wrapper.cpp:123 VARIABLE out_mem_168 LOOP {} BUNDLEDNAME {} DSP 0 BRAM 0 URAM 0 STORAGESUBTYPE {task level} STORAGESIZE {32 2 1} STORAGEUSAGE {fifo channel} DISPNAME {bind_storage fifo} VISIBLE true} {BINDTYPE storage ID {} IMPL srl LATENCY 0 OPTYPE fifo PRAGMA {} RTLNAME out_mem_169_U SOURCE top_wrapper.cpp:123 VARIABLE out_mem_169 LOOP {} BUNDLEDNAME {} DSP 0 BRAM 0 URAM 0 STORAGESUBTYPE {task level} STORAGESIZE {32 2 1} STORAGEUSAGE {fifo channel} DISPNAME {bind_storage fifo} VISIBLE true} {BINDTYPE storage ID {} IMPL srl LATENCY 0 OPTYPE fifo PRAGMA {} RTLNAME out_mem_170_U SOURCE top_wrapper.cpp:123 VARIABLE out_mem_170 LOOP {} BUNDLEDNAME {} DSP 0 BRAM 0 URAM 0 STORAGESUBTYPE {task level} STORAGESIZE {32 2 1} STORAGEUSAGE {fifo channel} DISPNAME {bind_storage fifo} VISIBLE true} {BINDTYPE storage ID {} IMPL srl LATENCY 0 OPTYPE fifo PRAGMA {} RTLNAME out_mem_171_U SOURCE top_wrapper.cpp:123 VARIABLE out_mem_171 LOOP {} BUNDLEDNAME {} DSP 0 BRAM 0 URAM 0 STORAGESUBTYPE {task level} STORAGESIZE {32 2 1} STORAGEUSAGE {fifo channel} DISPNAME {bind_storage fifo} VISIBLE true} {BINDTYPE storage ID {} IMPL srl LATENCY 0 OPTYPE fifo PRAGMA {} RTLNAME out_mem_172_U SOURCE top_wrapper.cpp:123 VARIABLE out_mem_172 LOOP {} BUNDLEDNAME {} DSP 0 BRAM 0 URAM 0 STORAGESUBTYPE {task level} STORAGESIZE {32 2 1} STORAGEUSAGE {fifo channel} DISPNAME {bind_storage fifo} VISIBLE true} {BINDTYPE storage ID {} IMPL srl LATENCY 0 OPTYPE fifo PRAGMA {} RTLNAME out_mem_173_U SOURCE top_wrapper.cpp:123 VARIABLE out_mem_173 LOOP {} BUNDLEDNAME {} DSP 0 BRAM 0 URAM 0 STORAGESUBTYPE {task level} STORAGESIZE {32 2 1} STORAGEUSAGE {fifo channel} DISPNAME {bind_storage fifo} VISIBLE true} {BINDTYPE storage ID {} IMPL srl LATENCY 0 OPTYPE fifo PRAGMA {} RTLNAME out_mem_174_U SOURCE top_wrapper.cpp:123 VARIABLE out_mem_174 LOOP {} BUNDLEDNAME {} DSP 0 BRAM 0 URAM 0 STORAGESUBTYPE {task level} STORAGESIZE {32 2 1} STORAGEUSAGE {fifo channel} DISPNAME {bind_storage fifo} VISIBLE true} {BINDTYPE storage ID {} IMPL srl LATENCY 0 OPTYPE fifo PRAGMA {} RTLNAME out_mem_175_U SOURCE top_wrapper.cpp:123 VARIABLE out_mem_175 LOOP {} BUNDLEDNAME {} DSP 0 BRAM 0 URAM 0 STORAGESUBTYPE {task level} STORAGESIZE {32 2 1} STORAGEUSAGE {fifo channel} DISPNAME {bind_storage fifo} VISIBLE true} {BINDTYPE storage ID {} IMPL srl LATENCY 0 OPTYPE fifo PRAGMA {} RTLNAME out_mem_176_U SOURCE top_wrapper.cpp:123 VARIABLE out_mem_176 LOOP {} BUNDLEDNAME {} DSP 0 BRAM 0 URAM 0 STORAGESUBTYPE {task level} STORAGESIZE {32 2 1} STORAGEUSAGE {fifo channel} DISPNAME {bind_storage fifo} VISIBLE true} {BINDTYPE storage ID {} IMPL srl LATENCY 0 OPTYPE fifo PRAGMA {} RTLNAME out_mem_177_U SOURCE top_wrapper.cpp:123 VARIABLE out_mem_177 LOOP {} BUNDLEDNAME {} DSP 0 BRAM 0 URAM 0 STORAGESUBTYPE {task level} STORAGESIZE {32 2 1} STORAGEUSAGE {fifo channel} DISPNAME {bind_storage fifo} VISIBLE true} {BINDTYPE storage ID {} IMPL srl LATENCY 0 OPTYPE fifo PRAGMA {} RTLNAME out_mem_178_U SOURCE top_wrapper.cpp:123 VARIABLE out_mem_178 LOOP {} BUNDLEDNAME {} DSP 0 BRAM 0 URAM 0 STORAGESUBTYPE {task level} STORAGESIZE {32 2 1} STORAGEUSAGE {fifo channel} DISPNAME {bind_storage fifo} VISIBLE true} {BINDTYPE storage ID {} IMPL srl LATENCY 0 OPTYPE fifo PRAGMA {} RTLNAME out_mem_179_U SOURCE top_wrapper.cpp:123 VARIABLE out_mem_179 LOOP {} BUNDLEDNAME {} DSP 0 BRAM 0 URAM 0 STORAGESUBTYPE {task level} STORAGESIZE {32 2 1} STORAGEUSAGE {fifo channel} DISPNAME {bind_storage fifo} VISIBLE true} {BINDTYPE storage ID {} IMPL srl LATENCY 0 OPTYPE fifo PRAGMA {} RTLNAME out_mem_180_U SOURCE top_wrapper.cpp:123 VARIABLE out_mem_180 LOOP {} BUNDLEDNAME {} DSP 0 BRAM 0 URAM 0 STORAGESUBTYPE {task level} STORAGESIZE {32 2 1} STORAGEUSAGE {fifo channel} DISPNAME {bind_storage fifo} VISIBLE true} {BINDTYPE storage ID {} IMPL srl LATENCY 0 OPTYPE fifo PRAGMA {} RTLNAME out_mem_181_U SOURCE top_wrapper.cpp:123 VARIABLE out_mem_181 LOOP {} BUNDLEDNAME {} DSP 0 BRAM 0 URAM 0 STORAGESUBTYPE {task level} STORAGESIZE {32 2 1} STORAGEUSAGE {fifo channel} DISPNAME {bind_storage fifo} VISIBLE true} {BINDTYPE storage ID {} IMPL srl LATENCY 0 OPTYPE fifo PRAGMA {} RTLNAME out_mem_182_U SOURCE top_wrapper.cpp:123 VARIABLE out_mem_182 LOOP {} BUNDLEDNAME {} DSP 0 BRAM 0 URAM 0 STORAGESUBTYPE {task level} STORAGESIZE {32 2 1} STORAGEUSAGE {fifo channel} DISPNAME {bind_storage fifo} VISIBLE true} {BINDTYPE storage ID {} IMPL srl LATENCY 0 OPTYPE fifo PRAGMA {} RTLNAME out_mem_183_U SOURCE top_wrapper.cpp:123 VARIABLE out_mem_183 LOOP {} BUNDLEDNAME {} DSP 0 BRAM 0 URAM 0 STORAGESUBTYPE {task level} STORAGESIZE {32 2 1} STORAGEUSAGE {fifo channel} DISPNAME {bind_storage fifo} VISIBLE true} {BINDTYPE storage ID {} IMPL srl LATENCY 0 OPTYPE fifo PRAGMA {} RTLNAME out_mem_184_U SOURCE top_wrapper.cpp:123 VARIABLE out_mem_184 LOOP {} BUNDLEDNAME {} DSP 0 BRAM 0 URAM 0 STORAGESUBTYPE {task level} STORAGESIZE {32 2 1} STORAGEUSAGE {fifo channel} DISPNAME {bind_storage fifo} VISIBLE true} {BINDTYPE storage ID {} IMPL srl LATENCY 0 OPTYPE fifo PRAGMA {} RTLNAME out_mem_185_U SOURCE top_wrapper.cpp:123 VARIABLE out_mem_185 LOOP {} BUNDLEDNAME {} DSP 0 BRAM 0 URAM 0 STORAGESUBTYPE {task level} STORAGESIZE {32 2 1} STORAGEUSAGE {fifo channel} DISPNAME {bind_storage fifo} VISIBLE true} {BINDTYPE storage ID {} IMPL srl LATENCY 0 OPTYPE fifo PRAGMA {} RTLNAME out_mem_186_U SOURCE top_wrapper.cpp:123 VARIABLE out_mem_186 LOOP {} BUNDLEDNAME {} DSP 0 BRAM 0 URAM 0 STORAGESUBTYPE {task level} STORAGESIZE {32 2 1} STORAGEUSAGE {fifo channel} DISPNAME {bind_storage fifo} VISIBLE true} {BINDTYPE storage ID {} IMPL srl LATENCY 0 OPTYPE fifo PRAGMA {} RTLNAME out_mem_187_U SOURCE top_wrapper.cpp:123 VARIABLE out_mem_187 LOOP {} BUNDLEDNAME {} DSP 0 BRAM 0 URAM 0 STORAGESUBTYPE {task level} STORAGESIZE {32 2 1} STORAGEUSAGE {fifo channel} DISPNAME {bind_storage fifo} VISIBLE true} {BINDTYPE storage ID {} IMPL srl LATENCY 0 OPTYPE fifo PRAGMA {} RTLNAME out_mem_188_U SOURCE top_wrapper.cpp:123 VARIABLE out_mem_188 LOOP {} BUNDLEDNAME {} DSP 0 BRAM 0 URAM 0 STORAGESUBTYPE {task level} STORAGESIZE {32 2 1} STORAGEUSAGE {fifo channel} DISPNAME {bind_storage fifo} VISIBLE true} {BINDTYPE storage ID {} IMPL srl LATENCY 0 OPTYPE fifo PRAGMA {} RTLNAME out_mem_189_U SOURCE top_wrapper.cpp:123 VARIABLE out_mem_189 LOOP {} BUNDLEDNAME {} DSP 0 BRAM 0 URAM 0 STORAGESUBTYPE {task level} STORAGESIZE {32 2 1} STORAGEUSAGE {fifo channel} DISPNAME {bind_storage fifo} VISIBLE true} {BINDTYPE storage ID {} IMPL srl LATENCY 0 OPTYPE fifo PRAGMA {} RTLNAME out_mem_190_U SOURCE top_wrapper.cpp:123 VARIABLE out_mem_190 LOOP {} BUNDLEDNAME {} DSP 0 BRAM 0 URAM 0 STORAGESUBTYPE {task level} STORAGESIZE {32 2 1} STORAGEUSAGE {fifo channel} DISPNAME {bind_storage fifo} VISIBLE true} {BINDTYPE storage ID {} IMPL srl LATENCY 0 OPTYPE fifo PRAGMA {} RTLNAME out_mem_191_U SOURCE top_wrapper.cpp:123 VARIABLE out_mem_191 LOOP {} BUNDLEDNAME {} DSP 0 BRAM 0 URAM 0 STORAGESUBTYPE {task level} STORAGESIZE {32 2 1} STORAGEUSAGE {fifo channel} DISPNAME {bind_storage fifo} VISIBLE true} {BINDTYPE storage ID {} IMPL srl LATENCY 0 OPTYPE fifo PRAGMA {} RTLNAME out_mem_192_U SOURCE top_wrapper.cpp:123 VARIABLE out_mem_192 LOOP {} BUNDLEDNAME {} DSP 0 BRAM 0 URAM 0 STORAGESUBTYPE {task level} STORAGESIZE {32 2 1} STORAGEUSAGE {fifo channel} DISPNAME {bind_storage fifo} VISIBLE true} {BINDTYPE storage ID {} IMPL srl LATENCY 0 OPTYPE fifo PRAGMA {} RTLNAME out_mem_193_U SOURCE top_wrapper.cpp:123 VARIABLE out_mem_193 LOOP {} BUNDLEDNAME {} DSP 0 BRAM 0 URAM 0 STORAGESUBTYPE {task level} STORAGESIZE {32 2 1} STORAGEUSAGE {fifo channel} DISPNAME {bind_storage fifo} VISIBLE true} {BINDTYPE storage ID {} IMPL srl LATENCY 0 OPTYPE fifo PRAGMA {} RTLNAME out_mem_194_U SOURCE top_wrapper.cpp:123 VARIABLE out_mem_194 LOOP {} BUNDLEDNAME {} DSP 0 BRAM 0 URAM 0 STORAGESUBTYPE {task level} STORAGESIZE {32 2 1} STORAGEUSAGE {fifo channel} DISPNAME {bind_storage fifo} VISIBLE true} {BINDTYPE storage ID {} IMPL srl LATENCY 0 OPTYPE fifo PRAGMA {} RTLNAME out_mem_195_U SOURCE top_wrapper.cpp:123 VARIABLE out_mem_195 LOOP {} BUNDLEDNAME {} DSP 0 BRAM 0 URAM 0 STORAGESUBTYPE {task level} STORAGESIZE {32 2 1} STORAGEUSAGE {fifo channel} DISPNAME {bind_storage fifo} VISIBLE true} {BINDTYPE storage ID {} IMPL srl LATENCY 0 OPTYPE fifo PRAGMA {} RTLNAME out_mem_196_U SOURCE top_wrapper.cpp:123 VARIABLE out_mem_196 LOOP {} BUNDLEDNAME {} DSP 0 BRAM 0 URAM 0 STORAGESUBTYPE {task level} STORAGESIZE {32 2 1} STORAGEUSAGE {fifo channel} DISPNAME {bind_storage fifo} VISIBLE true} {BINDTYPE storage ID {} IMPL srl LATENCY 0 OPTYPE fifo PRAGMA {} RTLNAME out_mem_197_U SOURCE top_wrapper.cpp:123 VARIABLE out_mem_197 LOOP {} BUNDLEDNAME {} DSP 0 BRAM 0 URAM 0 STORAGESUBTYPE {task level} STORAGESIZE {32 2 1} STORAGEUSAGE {fifo channel} DISPNAME {bind_storage fifo} VISIBLE true} {BINDTYPE storage ID {} IMPL srl LATENCY 0 OPTYPE fifo PRAGMA {} RTLNAME out_mem_198_U SOURCE top_wrapper.cpp:123 VARIABLE out_mem_198 LOOP {} BUNDLEDNAME {} DSP 0 BRAM 0 URAM 0 STORAGESUBTYPE {task level} STORAGESIZE {32 2 1} STORAGEUSAGE {fifo channel} DISPNAME {bind_storage fifo} VISIBLE true} {BINDTYPE storage ID {} IMPL srl LATENCY 0 OPTYPE fifo PRAGMA {} RTLNAME out_mem_199_U SOURCE top_wrapper.cpp:123 VARIABLE out_mem_199 LOOP {} BUNDLEDNAME {} DSP 0 BRAM 0 URAM 0 STORAGESUBTYPE {task level} STORAGESIZE {32 2 1} STORAGEUSAGE {fifo channel} DISPNAME {bind_storage fifo} VISIBLE true} {BINDTYPE storage ID {} IMPL srl LATENCY 0 OPTYPE fifo PRAGMA {} RTLNAME out_mem_200_U SOURCE top_wrapper.cpp:123 VARIABLE out_mem_200 LOOP {} BUNDLEDNAME {} DSP 0 BRAM 0 URAM 0 STORAGESUBTYPE {task level} STORAGESIZE {32 2 1} STORAGEUSAGE {fifo channel} DISPNAME {bind_storage fifo} VISIBLE true} {BINDTYPE storage ID {} IMPL srl LATENCY 0 OPTYPE fifo PRAGMA {} RTLNAME out_mem_201_U SOURCE top_wrapper.cpp:123 VARIABLE out_mem_201 LOOP {} BUNDLEDNAME {} DSP 0 BRAM 0 URAM 0 STORAGESUBTYPE {task level} STORAGESIZE {32 2 1} STORAGEUSAGE {fifo channel} DISPNAME {bind_storage fifo} VISIBLE true} {BINDTYPE storage ID {} IMPL srl LATENCY 0 OPTYPE fifo PRAGMA {} RTLNAME out_mem_202_U SOURCE top_wrapper.cpp:123 VARIABLE out_mem_202 LOOP {} BUNDLEDNAME {} DSP 0 BRAM 0 URAM 0 STORAGESUBTYPE {task level} STORAGESIZE {32 2 1} STORAGEUSAGE {fifo channel} DISPNAME {bind_storage fifo} VISIBLE true} {BINDTYPE storage ID {} IMPL srl LATENCY 0 OPTYPE fifo PRAGMA {} RTLNAME out_mem_203_U SOURCE top_wrapper.cpp:123 VARIABLE out_mem_203 LOOP {} BUNDLEDNAME {} DSP 0 BRAM 0 URAM 0 STORAGESUBTYPE {task level} STORAGESIZE {32 2 1} STORAGEUSAGE {fifo channel} DISPNAME {bind_storage fifo} VISIBLE true} {BINDTYPE storage ID {} IMPL srl LATENCY 0 OPTYPE fifo PRAGMA {} RTLNAME out_mem_204_U SOURCE top_wrapper.cpp:123 VARIABLE out_mem_204 LOOP {} BUNDLEDNAME {} DSP 0 BRAM 0 URAM 0 STORAGESUBTYPE {task level} STORAGESIZE {32 2 1} STORAGEUSAGE {fifo channel} DISPNAME {bind_storage fifo} VISIBLE true} {BINDTYPE storage ID {} IMPL srl LATENCY 0 OPTYPE fifo PRAGMA {} RTLNAME out_mem_205_U SOURCE top_wrapper.cpp:123 VARIABLE out_mem_205 LOOP {} BUNDLEDNAME {} DSP 0 BRAM 0 URAM 0 STORAGESUBTYPE {task level} STORAGESIZE {32 2 1} STORAGEUSAGE {fifo channel} DISPNAME {bind_storage fifo} VISIBLE true} {BINDTYPE storage ID {} IMPL srl LATENCY 0 OPTYPE fifo PRAGMA {} RTLNAME out_mem_206_U SOURCE top_wrapper.cpp:123 VARIABLE out_mem_206 LOOP {} BUNDLEDNAME {} DSP 0 BRAM 0 URAM 0 STORAGESUBTYPE {task level} STORAGESIZE {32 2 1} STORAGEUSAGE {fifo channel} DISPNAME {bind_storage fifo} VISIBLE true} {BINDTYPE storage ID {} IMPL srl LATENCY 0 OPTYPE fifo PRAGMA {} RTLNAME out_mem_207_U SOURCE top_wrapper.cpp:123 VARIABLE out_mem_207 LOOP {} BUNDLEDNAME {} DSP 0 BRAM 0 URAM 0 STORAGESUBTYPE {task level} STORAGESIZE {32 2 1} STORAGEUSAGE {fifo channel} DISPNAME {bind_storage fifo} VISIBLE true} {BINDTYPE storage ID {} IMPL srl LATENCY 0 OPTYPE fifo PRAGMA {} RTLNAME out_mem_208_U SOURCE top_wrapper.cpp:123 VARIABLE out_mem_208 LOOP {} BUNDLEDNAME {} DSP 0 BRAM 0 URAM 0 STORAGESUBTYPE {task level} STORAGESIZE {32 2 1} STORAGEUSAGE {fifo channel} DISPNAME {bind_storage fifo} VISIBLE true} {BINDTYPE storage ID {} IMPL srl LATENCY 0 OPTYPE fifo PRAGMA {} RTLNAME out_mem_209_U SOURCE top_wrapper.cpp:123 VARIABLE out_mem_209 LOOP {} BUNDLEDNAME {} DSP 0 BRAM 0 URAM 0 STORAGESUBTYPE {task level} STORAGESIZE {32 2 1} STORAGEUSAGE {fifo channel} DISPNAME {bind_storage fifo} VISIBLE true} {BINDTYPE storage ID {} IMPL srl LATENCY 0 OPTYPE fifo PRAGMA {} RTLNAME out_mem_210_U SOURCE top_wrapper.cpp:123 VARIABLE out_mem_210 LOOP {} BUNDLEDNAME {} DSP 0 BRAM 0 URAM 0 STORAGESUBTYPE {task level} STORAGESIZE {32 2 1} STORAGEUSAGE {fifo channel} DISPNAME {bind_storage fifo} VISIBLE true} {BINDTYPE storage ID {} IMPL srl LATENCY 0 OPTYPE fifo PRAGMA {} RTLNAME out_mem_211_U SOURCE top_wrapper.cpp:123 VARIABLE out_mem_211 LOOP {} BUNDLEDNAME {} DSP 0 BRAM 0 URAM 0 STORAGESUBTYPE {task level} STORAGESIZE {32 2 1} STORAGEUSAGE {fifo channel} DISPNAME {bind_storage fifo} VISIBLE true} {BINDTYPE storage ID {} IMPL srl LATENCY 0 OPTYPE fifo PRAGMA {} RTLNAME out_mem_212_U SOURCE top_wrapper.cpp:123 VARIABLE out_mem_212 LOOP {} BUNDLEDNAME {} DSP 0 BRAM 0 URAM 0 STORAGESUBTYPE {task level} STORAGESIZE {32 2 1} STORAGEUSAGE {fifo channel} DISPNAME {bind_storage fifo} VISIBLE true} {BINDTYPE storage ID {} IMPL srl LATENCY 0 OPTYPE fifo PRAGMA {} RTLNAME out_mem_213_U SOURCE top_wrapper.cpp:123 VARIABLE out_mem_213 LOOP {} BUNDLEDNAME {} DSP 0 BRAM 0 URAM 0 STORAGESUBTYPE {task level} STORAGESIZE {32 2 1} STORAGEUSAGE {fifo channel} DISPNAME {bind_storage fifo} VISIBLE true} {BINDTYPE storage ID {} IMPL srl LATENCY 0 OPTYPE fifo PRAGMA {} RTLNAME out_mem_214_U SOURCE top_wrapper.cpp:123 VARIABLE out_mem_214 LOOP {} BUNDLEDNAME {} DSP 0 BRAM 0 URAM 0 STORAGESUBTYPE {task level} STORAGESIZE {32 2 1} STORAGEUSAGE {fifo channel} DISPNAME {bind_storage fifo} VISIBLE true} {BINDTYPE storage ID {} IMPL srl LATENCY 0 OPTYPE fifo PRAGMA {} RTLNAME out_mem_215_U SOURCE top_wrapper.cpp:123 VARIABLE out_mem_215 LOOP {} BUNDLEDNAME {} DSP 0 BRAM 0 URAM 0 STORAGESUBTYPE {task level} STORAGESIZE {32 2 1} STORAGEUSAGE {fifo channel} DISPNAME {bind_storage fifo} VISIBLE true} {BINDTYPE storage ID {} IMPL srl LATENCY 0 OPTYPE fifo PRAGMA {} RTLNAME out_mem_216_U SOURCE top_wrapper.cpp:123 VARIABLE out_mem_216 LOOP {} BUNDLEDNAME {} DSP 0 BRAM 0 URAM 0 STORAGESUBTYPE {task level} STORAGESIZE {32 2 1} STORAGEUSAGE {fifo channel} DISPNAME {bind_storage fifo} VISIBLE true} {BINDTYPE storage ID {} IMPL srl LATENCY 0 OPTYPE fifo PRAGMA {} RTLNAME out_mem_217_U SOURCE top_wrapper.cpp:123 VARIABLE out_mem_217 LOOP {} BUNDLEDNAME {} DSP 0 BRAM 0 URAM 0 STORAGESUBTYPE {task level} STORAGESIZE {32 2 1} STORAGEUSAGE {fifo channel} DISPNAME {bind_storage fifo} VISIBLE true} {BINDTYPE storage ID {} IMPL srl LATENCY 0 OPTYPE fifo PRAGMA {} RTLNAME out_mem_218_U SOURCE top_wrapper.cpp:123 VARIABLE out_mem_218 LOOP {} BUNDLEDNAME {} DSP 0 BRAM 0 URAM 0 STORAGESUBTYPE {task level} STORAGESIZE {32 2 1} STORAGEUSAGE {fifo channel} DISPNAME {bind_storage fifo} VISIBLE true} {BINDTYPE storage ID {} IMPL srl LATENCY 0 OPTYPE fifo PRAGMA {} RTLNAME out_mem_219_U SOURCE top_wrapper.cpp:123 VARIABLE out_mem_219 LOOP {} BUNDLEDNAME {} DSP 0 BRAM 0 URAM 0 STORAGESUBTYPE {task level} STORAGESIZE {32 2 1} STORAGEUSAGE {fifo channel} DISPNAME {bind_storage fifo} VISIBLE true} {BINDTYPE storage ID {} IMPL srl LATENCY 0 OPTYPE fifo PRAGMA {} RTLNAME out_mem_220_U SOURCE top_wrapper.cpp:123 VARIABLE out_mem_220 LOOP {} BUNDLEDNAME {} DSP 0 BRAM 0 URAM 0 STORAGESUBTYPE {task level} STORAGESIZE {32 2 1} STORAGEUSAGE {fifo channel} DISPNAME {bind_storage fifo} VISIBLE true} {BINDTYPE storage ID {} IMPL srl LATENCY 0 OPTYPE fifo PRAGMA {} RTLNAME out_mem_221_U SOURCE top_wrapper.cpp:123 VARIABLE out_mem_221 LOOP {} BUNDLEDNAME {} DSP 0 BRAM 0 URAM 0 STORAGESUBTYPE {task level} STORAGESIZE {32 2 1} STORAGEUSAGE {fifo channel} DISPNAME {bind_storage fifo} VISIBLE true} {BINDTYPE storage ID {} IMPL srl LATENCY 0 OPTYPE fifo PRAGMA {} RTLNAME out_mem_222_U SOURCE top_wrapper.cpp:123 VARIABLE out_mem_222 LOOP {} BUNDLEDNAME {} DSP 0 BRAM 0 URAM 0 STORAGESUBTYPE {task level} STORAGESIZE {32 2 1} STORAGEUSAGE {fifo channel} DISPNAME {bind_storage fifo} VISIBLE true} {BINDTYPE storage ID {} IMPL srl LATENCY 0 OPTYPE fifo PRAGMA {} RTLNAME out_mem_223_U SOURCE top_wrapper.cpp:123 VARIABLE out_mem_223 LOOP {} BUNDLEDNAME {} DSP 0 BRAM 0 URAM 0 STORAGESUBTYPE {task level} STORAGESIZE {32 2 1} STORAGEUSAGE {fifo channel} DISPNAME {bind_storage fifo} VISIBLE true} {BINDTYPE storage ID {} IMPL srl LATENCY 0 OPTYPE fifo PRAGMA {} RTLNAME out_mem_224_U SOURCE top_wrapper.cpp:123 VARIABLE out_mem_224 LOOP {} BUNDLEDNAME {} DSP 0 BRAM 0 URAM 0 STORAGESUBTYPE {task level} STORAGESIZE {32 2 1} STORAGEUSAGE {fifo channel} DISPNAME {bind_storage fifo} VISIBLE true} {BINDTYPE storage ID {} IMPL srl LATENCY 0 OPTYPE fifo PRAGMA {} RTLNAME out_mem_225_U SOURCE top_wrapper.cpp:123 VARIABLE out_mem_225 LOOP {} BUNDLEDNAME {} DSP 0 BRAM 0 URAM 0 STORAGESUBTYPE {task level} STORAGESIZE {32 2 1} STORAGEUSAGE {fifo channel} DISPNAME {bind_storage fifo} VISIBLE true} {BINDTYPE storage ID {} IMPL srl LATENCY 0 OPTYPE fifo PRAGMA {} RTLNAME out_mem_226_U SOURCE top_wrapper.cpp:123 VARIABLE out_mem_226 LOOP {} BUNDLEDNAME {} DSP 0 BRAM 0 URAM 0 STORAGESUBTYPE {task level} STORAGESIZE {32 2 1} STORAGEUSAGE {fifo channel} DISPNAME {bind_storage fifo} VISIBLE true} {BINDTYPE storage ID {} IMPL srl LATENCY 0 OPTYPE fifo PRAGMA {} RTLNAME out_mem_227_U SOURCE top_wrapper.cpp:123 VARIABLE out_mem_227 LOOP {} BUNDLEDNAME {} DSP 0 BRAM 0 URAM 0 STORAGESUBTYPE {task level} STORAGESIZE {32 2 1} STORAGEUSAGE {fifo channel} DISPNAME {bind_storage fifo} VISIBLE true} {BINDTYPE storage ID {} IMPL srl LATENCY 0 OPTYPE fifo PRAGMA {} RTLNAME out_mem_228_U SOURCE top_wrapper.cpp:123 VARIABLE out_mem_228 LOOP {} BUNDLEDNAME {} DSP 0 BRAM 0 URAM 0 STORAGESUBTYPE {task level} STORAGESIZE {32 2 1} STORAGEUSAGE {fifo channel} DISPNAME {bind_storage fifo} VISIBLE true} {BINDTYPE storage ID {} IMPL srl LATENCY 0 OPTYPE fifo PRAGMA {} RTLNAME out_mem_229_U SOURCE top_wrapper.cpp:123 VARIABLE out_mem_229 LOOP {} BUNDLEDNAME {} DSP 0 BRAM 0 URAM 0 STORAGESUBTYPE {task level} STORAGESIZE {32 2 1} STORAGEUSAGE {fifo channel} DISPNAME {bind_storage fifo} VISIBLE true} {BINDTYPE storage ID {} IMPL srl LATENCY 0 OPTYPE fifo PRAGMA {} RTLNAME out_mem_230_U SOURCE top_wrapper.cpp:123 VARIABLE out_mem_230 LOOP {} BUNDLEDNAME {} DSP 0 BRAM 0 URAM 0 STORAGESUBTYPE {task level} STORAGESIZE {32 2 1} STORAGEUSAGE {fifo channel} DISPNAME {bind_storage fifo} VISIBLE true} {BINDTYPE storage ID {} IMPL srl LATENCY 0 OPTYPE fifo PRAGMA {} RTLNAME out_mem_231_U SOURCE top_wrapper.cpp:123 VARIABLE out_mem_231 LOOP {} BUNDLEDNAME {} DSP 0 BRAM 0 URAM 0 STORAGESUBTYPE {task level} STORAGESIZE {32 2 1} STORAGEUSAGE {fifo channel} DISPNAME {bind_storage fifo} VISIBLE true} {BINDTYPE storage ID {} IMPL srl LATENCY 0 OPTYPE fifo PRAGMA {} RTLNAME out_mem_232_U SOURCE top_wrapper.cpp:123 VARIABLE out_mem_232 LOOP {} BUNDLEDNAME {} DSP 0 BRAM 0 URAM 0 STORAGESUBTYPE {task level} STORAGESIZE {32 2 1} STORAGEUSAGE {fifo channel} DISPNAME {bind_storage fifo} VISIBLE true} {BINDTYPE storage ID {} IMPL srl LATENCY 0 OPTYPE fifo PRAGMA {} RTLNAME out_mem_233_U SOURCE top_wrapper.cpp:123 VARIABLE out_mem_233 LOOP {} BUNDLEDNAME {} DSP 0 BRAM 0 URAM 0 STORAGESUBTYPE {task level} STORAGESIZE {32 2 1} STORAGEUSAGE {fifo channel} DISPNAME {bind_storage fifo} VISIBLE true} {BINDTYPE storage ID {} IMPL srl LATENCY 0 OPTYPE fifo PRAGMA {} RTLNAME out_mem_234_U SOURCE top_wrapper.cpp:123 VARIABLE out_mem_234 LOOP {} BUNDLEDNAME {} DSP 0 BRAM 0 URAM 0 STORAGESUBTYPE {task level} STORAGESIZE {32 2 1} STORAGEUSAGE {fifo channel} DISPNAME {bind_storage fifo} VISIBLE true} {BINDTYPE storage ID {} IMPL srl LATENCY 0 OPTYPE fifo PRAGMA {} RTLNAME out_mem_235_U SOURCE top_wrapper.cpp:123 VARIABLE out_mem_235 LOOP {} BUNDLEDNAME {} DSP 0 BRAM 0 URAM 0 STORAGESUBTYPE {task level} STORAGESIZE {32 2 1} STORAGEUSAGE {fifo channel} DISPNAME {bind_storage fifo} VISIBLE true} {BINDTYPE storage ID {} IMPL srl LATENCY 0 OPTYPE fifo PRAGMA {} RTLNAME out_mem_236_U SOURCE top_wrapper.cpp:123 VARIABLE out_mem_236 LOOP {} BUNDLEDNAME {} DSP 0 BRAM 0 URAM 0 STORAGESUBTYPE {task level} STORAGESIZE {32 2 1} STORAGEUSAGE {fifo channel} DISPNAME {bind_storage fifo} VISIBLE true} {BINDTYPE storage ID {} IMPL srl LATENCY 0 OPTYPE fifo PRAGMA {} RTLNAME out_mem_237_U SOURCE top_wrapper.cpp:123 VARIABLE out_mem_237 LOOP {} BUNDLEDNAME {} DSP 0 BRAM 0 URAM 0 STORAGESUBTYPE {task level} STORAGESIZE {32 2 1} STORAGEUSAGE {fifo channel} DISPNAME {bind_storage fifo} VISIBLE true} {BINDTYPE storage ID {} IMPL srl LATENCY 0 OPTYPE fifo PRAGMA {} RTLNAME out_mem_238_U SOURCE top_wrapper.cpp:123 VARIABLE out_mem_238 LOOP {} BUNDLEDNAME {} DSP 0 BRAM 0 URAM 0 STORAGESUBTYPE {task level} STORAGESIZE {32 2 1} STORAGEUSAGE {fifo channel} DISPNAME {bind_storage fifo} VISIBLE true} {BINDTYPE storage ID {} IMPL srl LATENCY 0 OPTYPE fifo PRAGMA {} RTLNAME out_mem_239_U SOURCE top_wrapper.cpp:123 VARIABLE out_mem_239 LOOP {} BUNDLEDNAME {} DSP 0 BRAM 0 URAM 0 STORAGESUBTYPE {task level} STORAGESIZE {32 2 1} STORAGEUSAGE {fifo channel} DISPNAME {bind_storage fifo} VISIBLE true} {BINDTYPE storage ID {} IMPL srl LATENCY 0 OPTYPE fifo PRAGMA {} RTLNAME out_mem_240_U SOURCE top_wrapper.cpp:123 VARIABLE out_mem_240 LOOP {} BUNDLEDNAME {} DSP 0 BRAM 0 URAM 0 STORAGESUBTYPE {task level} STORAGESIZE {32 2 1} STORAGEUSAGE {fifo channel} DISPNAME {bind_storage fifo} VISIBLE true} {BINDTYPE storage ID {} IMPL srl LATENCY 0 OPTYPE fifo PRAGMA {} RTLNAME out_mem_241_U SOURCE top_wrapper.cpp:123 VARIABLE out_mem_241 LOOP {} BUNDLEDNAME {} DSP 0 BRAM 0 URAM 0 STORAGESUBTYPE {task level} STORAGESIZE {32 2 1} STORAGEUSAGE {fifo channel} DISPNAME {bind_storage fifo} VISIBLE true} {BINDTYPE storage ID {} IMPL srl LATENCY 0 OPTYPE fifo PRAGMA {} RTLNAME out_mem_242_U SOURCE top_wrapper.cpp:123 VARIABLE out_mem_242 LOOP {} BUNDLEDNAME {} DSP 0 BRAM 0 URAM 0 STORAGESUBTYPE {task level} STORAGESIZE {32 2 1} STORAGEUSAGE {fifo channel} DISPNAME {bind_storage fifo} VISIBLE true} {BINDTYPE storage ID {} IMPL srl LATENCY 0 OPTYPE fifo PRAGMA {} RTLNAME out_mem_243_U SOURCE top_wrapper.cpp:123 VARIABLE out_mem_243 LOOP {} BUNDLEDNAME {} DSP 0 BRAM 0 URAM 0 STORAGESUBTYPE {task level} STORAGESIZE {32 2 1} STORAGEUSAGE {fifo channel} DISPNAME {bind_storage fifo} VISIBLE true} {BINDTYPE storage ID {} IMPL srl LATENCY 0 OPTYPE fifo PRAGMA {} RTLNAME out_mem_244_U SOURCE top_wrapper.cpp:123 VARIABLE out_mem_244 LOOP {} BUNDLEDNAME {} DSP 0 BRAM 0 URAM 0 STORAGESUBTYPE {task level} STORAGESIZE {32 2 1} STORAGEUSAGE {fifo channel} DISPNAME {bind_storage fifo} VISIBLE true} {BINDTYPE storage ID {} IMPL srl LATENCY 0 OPTYPE fifo PRAGMA {} RTLNAME out_mem_245_U SOURCE top_wrapper.cpp:123 VARIABLE out_mem_245 LOOP {} BUNDLEDNAME {} DSP 0 BRAM 0 URAM 0 STORAGESUBTYPE {task level} STORAGESIZE {32 2 1} STORAGEUSAGE {fifo channel} DISPNAME {bind_storage fifo} VISIBLE true} {BINDTYPE storage ID {} IMPL srl LATENCY 0 OPTYPE fifo PRAGMA {} RTLNAME out_mem_246_U SOURCE top_wrapper.cpp:123 VARIABLE out_mem_246 LOOP {} BUNDLEDNAME {} DSP 0 BRAM 0 URAM 0 STORAGESUBTYPE {task level} STORAGESIZE {32 2 1} STORAGEUSAGE {fifo channel} DISPNAME {bind_storage fifo} VISIBLE true} {BINDTYPE storage ID {} IMPL srl LATENCY 0 OPTYPE fifo PRAGMA {} RTLNAME out_mem_247_U SOURCE top_wrapper.cpp:123 VARIABLE out_mem_247 LOOP {} BUNDLEDNAME {} DSP 0 BRAM 0 URAM 0 STORAGESUBTYPE {task level} STORAGESIZE {32 2 1} STORAGEUSAGE {fifo channel} DISPNAME {bind_storage fifo} VISIBLE true} {BINDTYPE storage ID {} IMPL srl LATENCY 0 OPTYPE fifo PRAGMA {} RTLNAME out_mem_248_U SOURCE top_wrapper.cpp:123 VARIABLE out_mem_248 LOOP {} BUNDLEDNAME {} DSP 0 BRAM 0 URAM 0 STORAGESUBTYPE {task level} STORAGESIZE {32 2 1} STORAGEUSAGE {fifo channel} DISPNAME {bind_storage fifo} VISIBLE true} {BINDTYPE storage ID {} IMPL srl LATENCY 0 OPTYPE fifo PRAGMA {} RTLNAME out_mem_249_U SOURCE top_wrapper.cpp:123 VARIABLE out_mem_249 LOOP {} BUNDLEDNAME {} DSP 0 BRAM 0 URAM 0 STORAGESUBTYPE {task level} STORAGESIZE {32 2 1} STORAGEUSAGE {fifo channel} DISPNAME {bind_storage fifo} VISIBLE true} {BINDTYPE storage ID {} IMPL srl LATENCY 0 OPTYPE fifo PRAGMA {} RTLNAME out_mem_250_U SOURCE top_wrapper.cpp:123 VARIABLE out_mem_250 LOOP {} BUNDLEDNAME {} DSP 0 BRAM 0 URAM 0 STORAGESUBTYPE {task level} STORAGESIZE {32 2 1} STORAGEUSAGE {fifo channel} DISPNAME {bind_storage fifo} VISIBLE true} {BINDTYPE storage ID {} IMPL srl LATENCY 0 OPTYPE fifo PRAGMA {} RTLNAME out_mem_251_U SOURCE top_wrapper.cpp:123 VARIABLE out_mem_251 LOOP {} BUNDLEDNAME {} DSP 0 BRAM 0 URAM 0 STORAGESUBTYPE {task level} STORAGESIZE {32 2 1} STORAGEUSAGE {fifo channel} DISPNAME {bind_storage fifo} VISIBLE true} {BINDTYPE storage ID {} IMPL srl LATENCY 0 OPTYPE fifo PRAGMA {} RTLNAME out_mem_252_U SOURCE top_wrapper.cpp:123 VARIABLE out_mem_252 LOOP {} BUNDLEDNAME {} DSP 0 BRAM 0 URAM 0 STORAGESUBTYPE {task level} STORAGESIZE {32 2 1} STORAGEUSAGE {fifo channel} DISPNAME {bind_storage fifo} VISIBLE true} {BINDTYPE storage ID {} IMPL srl LATENCY 0 OPTYPE fifo PRAGMA {} RTLNAME out_mem_253_U SOURCE top_wrapper.cpp:123 VARIABLE out_mem_253 LOOP {} BUNDLEDNAME {} DSP 0 BRAM 0 URAM 0 STORAGESUBTYPE {task level} STORAGESIZE {32 2 1} STORAGEUSAGE {fifo channel} DISPNAME {bind_storage fifo} VISIBLE true} {BINDTYPE storage ID {} IMPL srl LATENCY 0 OPTYPE fifo PRAGMA {} RTLNAME out_mem_254_U SOURCE top_wrapper.cpp:123 VARIABLE out_mem_254 LOOP {} BUNDLEDNAME {} DSP 0 BRAM 0 URAM 0 STORAGESUBTYPE {task level} STORAGESIZE {32 2 1} STORAGEUSAGE {fifo channel} DISPNAME {bind_storage fifo} VISIBLE true} {BINDTYPE storage ID {} IMPL srl LATENCY 0 OPTYPE fifo PRAGMA {} RTLNAME out_mem_255_U SOURCE top_wrapper.cpp:123 VARIABLE out_mem_255 LOOP {} BUNDLEDNAME {} DSP 0 BRAM 0 URAM 0 STORAGESUBTYPE {task level} STORAGESIZE {32 2 1} STORAGEUSAGE {fifo channel} DISPNAME {bind_storage fifo} VISIBLE true} {BINDTYPE storage ID {} IMPL srl LATENCY 0 OPTYPE fifo PRAGMA {} RTLNAME out_mem_256_U SOURCE top_wrapper.cpp:123 VARIABLE out_mem_256 LOOP {} BUNDLEDNAME {} DSP 0 BRAM 0 URAM 0 STORAGESUBTYPE {task level} STORAGESIZE {32 2 1} STORAGEUSAGE {fifo channel} DISPNAME {bind_storage fifo} VISIBLE true} {BINDTYPE storage ID {} IMPL srl LATENCY 0 OPTYPE fifo PRAGMA {} RTLNAME out_mem_257_U SOURCE top_wrapper.cpp:123 VARIABLE out_mem_257 LOOP {} BUNDLEDNAME {} DSP 0 BRAM 0 URAM 0 STORAGESUBTYPE {task level} STORAGESIZE {32 2 1} STORAGEUSAGE {fifo channel} DISPNAME {bind_storage fifo} VISIBLE true} {BINDTYPE storage ID {} IMPL srl LATENCY 0 OPTYPE fifo PRAGMA {} RTLNAME out_mem_258_U SOURCE top_wrapper.cpp:123 VARIABLE out_mem_258 LOOP {} BUNDLEDNAME {} DSP 0 BRAM 0 URAM 0 STORAGESUBTYPE {task level} STORAGESIZE {32 2 1} STORAGEUSAGE {fifo channel} DISPNAME {bind_storage fifo} VISIBLE true} {BINDTYPE storage ID {} IMPL srl LATENCY 0 OPTYPE fifo PRAGMA {} RTLNAME out_mem_259_U SOURCE top_wrapper.cpp:123 VARIABLE out_mem_259 LOOP {} BUNDLEDNAME {} DSP 0 BRAM 0 URAM 0 STORAGESUBTYPE {task level} STORAGESIZE {32 2 1} STORAGEUSAGE {fifo channel} DISPNAME {bind_storage fifo} VISIBLE true} {BINDTYPE storage ID {} IMPL srl LATENCY 0 OPTYPE fifo PRAGMA {} RTLNAME out_mem_260_U SOURCE top_wrapper.cpp:123 VARIABLE out_mem_260 LOOP {} BUNDLEDNAME {} DSP 0 BRAM 0 URAM 0 STORAGESUBTYPE {task level} STORAGESIZE {32 2 1} STORAGEUSAGE {fifo channel} DISPNAME {bind_storage fifo} VISIBLE true} {BINDTYPE storage ID {} IMPL srl LATENCY 0 OPTYPE fifo PRAGMA {} RTLNAME out_mem_261_U SOURCE top_wrapper.cpp:123 VARIABLE out_mem_261 LOOP {} BUNDLEDNAME {} DSP 0 BRAM 0 URAM 0 STORAGESUBTYPE {task level} STORAGESIZE {32 2 1} STORAGEUSAGE {fifo channel} DISPNAME {bind_storage fifo} VISIBLE true} {BINDTYPE storage ID {} IMPL srl LATENCY 0 OPTYPE fifo PRAGMA {} RTLNAME out_mem_262_U SOURCE top_wrapper.cpp:123 VARIABLE out_mem_262 LOOP {} BUNDLEDNAME {} DSP 0 BRAM 0 URAM 0 STORAGESUBTYPE {task level} STORAGESIZE {32 2 1} STORAGEUSAGE {fifo channel} DISPNAME {bind_storage fifo} VISIBLE true} {BINDTYPE storage ID {} IMPL srl LATENCY 0 OPTYPE fifo PRAGMA {} RTLNAME out_mem_263_U SOURCE top_wrapper.cpp:123 VARIABLE out_mem_263 LOOP {} BUNDLEDNAME {} DSP 0 BRAM 0 URAM 0 STORAGESUBTYPE {task level} STORAGESIZE {32 2 1} STORAGEUSAGE {fifo channel} DISPNAME {bind_storage fifo} VISIBLE true} {BINDTYPE storage ID {} IMPL srl LATENCY 0 OPTYPE fifo PRAGMA {} RTLNAME out_mem_264_U SOURCE top_wrapper.cpp:123 VARIABLE out_mem_264 LOOP {} BUNDLEDNAME {} DSP 0 BRAM 0 URAM 0 STORAGESUBTYPE {task level} STORAGESIZE {32 2 1} STORAGEUSAGE {fifo channel} DISPNAME {bind_storage fifo} VISIBLE true} {BINDTYPE storage ID {} IMPL srl LATENCY 0 OPTYPE fifo PRAGMA {} RTLNAME out_mem_265_U SOURCE top_wrapper.cpp:123 VARIABLE out_mem_265 LOOP {} BUNDLEDNAME {} DSP 0 BRAM 0 URAM 0 STORAGESUBTYPE {task level} STORAGESIZE {32 2 1} STORAGEUSAGE {fifo channel} DISPNAME {bind_storage fifo} VISIBLE true} {BINDTYPE storage ID {} IMPL srl LATENCY 0 OPTYPE fifo PRAGMA {} RTLNAME out_mem_266_U SOURCE top_wrapper.cpp:123 VARIABLE out_mem_266 LOOP {} BUNDLEDNAME {} DSP 0 BRAM 0 URAM 0 STORAGESUBTYPE {task level} STORAGESIZE {32 2 1} STORAGEUSAGE {fifo channel} DISPNAME {bind_storage fifo} VISIBLE true} {BINDTYPE storage ID {} IMPL srl LATENCY 0 OPTYPE fifo PRAGMA {} RTLNAME out_mem_267_U SOURCE top_wrapper.cpp:123 VARIABLE out_mem_267 LOOP {} BUNDLEDNAME {} DSP 0 BRAM 0 URAM 0 STORAGESUBTYPE {task level} STORAGESIZE {32 2 1} STORAGEUSAGE {fifo channel} DISPNAME {bind_storage fifo} VISIBLE true} {BINDTYPE storage ID {} IMPL srl LATENCY 0 OPTYPE fifo PRAGMA {} RTLNAME out_mem_268_U SOURCE top_wrapper.cpp:123 VARIABLE out_mem_268 LOOP {} BUNDLEDNAME {} DSP 0 BRAM 0 URAM 0 STORAGESUBTYPE {task level} STORAGESIZE {32 2 1} STORAGEUSAGE {fifo channel} DISPNAME {bind_storage fifo} VISIBLE true} {BINDTYPE storage ID {} IMPL srl LATENCY 0 OPTYPE fifo PRAGMA {} RTLNAME out_mem_269_U SOURCE top_wrapper.cpp:123 VARIABLE out_mem_269 LOOP {} BUNDLEDNAME {} DSP 0 BRAM 0 URAM 0 STORAGESUBTYPE {task level} STORAGESIZE {32 2 1} STORAGEUSAGE {fifo channel} DISPNAME {bind_storage fifo} VISIBLE true} {BINDTYPE storage ID {} IMPL srl LATENCY 0 OPTYPE fifo PRAGMA {} RTLNAME out_mem_270_U SOURCE top_wrapper.cpp:123 VARIABLE out_mem_270 LOOP {} BUNDLEDNAME {} DSP 0 BRAM 0 URAM 0 STORAGESUBTYPE {task level} STORAGESIZE {32 2 1} STORAGEUSAGE {fifo channel} DISPNAME {bind_storage fifo} VISIBLE true} {BINDTYPE storage ID {} IMPL srl LATENCY 0 OPTYPE fifo PRAGMA {} RTLNAME out_mem_271_U SOURCE top_wrapper.cpp:123 VARIABLE out_mem_271 LOOP {} BUNDLEDNAME {} DSP 0 BRAM 0 URAM 0 STORAGESUBTYPE {task level} STORAGESIZE {32 2 1} STORAGEUSAGE {fifo channel} DISPNAME {bind_storage fifo} VISIBLE true} {BINDTYPE storage ID {} IMPL srl LATENCY 0 OPTYPE fifo PRAGMA {} RTLNAME out_mem_272_U SOURCE top_wrapper.cpp:123 VARIABLE out_mem_272 LOOP {} BUNDLEDNAME {} DSP 0 BRAM 0 URAM 0 STORAGESUBTYPE {task level} STORAGESIZE {32 2 1} STORAGEUSAGE {fifo channel} DISPNAME {bind_storage fifo} VISIBLE true} {BINDTYPE storage ID {} IMPL srl LATENCY 0 OPTYPE fifo PRAGMA {} RTLNAME out_mem_273_U SOURCE top_wrapper.cpp:123 VARIABLE out_mem_273 LOOP {} BUNDLEDNAME {} DSP 0 BRAM 0 URAM 0 STORAGESUBTYPE {task level} STORAGESIZE {32 2 1} STORAGEUSAGE {fifo channel} DISPNAME {bind_storage fifo} VISIBLE true} {BINDTYPE storage ID {} IMPL srl LATENCY 0 OPTYPE fifo PRAGMA {} RTLNAME out_mem_274_U SOURCE top_wrapper.cpp:123 VARIABLE out_mem_274 LOOP {} BUNDLEDNAME {} DSP 0 BRAM 0 URAM 0 STORAGESUBTYPE {task level} STORAGESIZE {32 2 1} STORAGEUSAGE {fifo channel} DISPNAME {bind_storage fifo} VISIBLE true} {BINDTYPE storage ID {} IMPL srl LATENCY 0 OPTYPE fifo PRAGMA {} RTLNAME out_mem_275_U SOURCE top_wrapper.cpp:123 VARIABLE out_mem_275 LOOP {} BUNDLEDNAME {} DSP 0 BRAM 0 URAM 0 STORAGESUBTYPE {task level} STORAGESIZE {32 2 1} STORAGEUSAGE {fifo channel} DISPNAME {bind_storage fifo} VISIBLE true} {BINDTYPE storage ID {} IMPL srl LATENCY 0 OPTYPE fifo PRAGMA {} RTLNAME out_mem_276_U SOURCE top_wrapper.cpp:123 VARIABLE out_mem_276 LOOP {} BUNDLEDNAME {} DSP 0 BRAM 0 URAM 0 STORAGESUBTYPE {task level} STORAGESIZE {32 2 1} STORAGEUSAGE {fifo channel} DISPNAME {bind_storage fifo} VISIBLE true} {BINDTYPE storage ID {} IMPL srl LATENCY 0 OPTYPE fifo PRAGMA {} RTLNAME out_mem_277_U SOURCE top_wrapper.cpp:123 VARIABLE out_mem_277 LOOP {} BUNDLEDNAME {} DSP 0 BRAM 0 URAM 0 STORAGESUBTYPE {task level} STORAGESIZE {32 2 1} STORAGEUSAGE {fifo channel} DISPNAME {bind_storage fifo} VISIBLE true} {BINDTYPE storage ID {} IMPL srl LATENCY 0 OPTYPE fifo PRAGMA {} RTLNAME out_mem_278_U SOURCE top_wrapper.cpp:123 VARIABLE out_mem_278 LOOP {} BUNDLEDNAME {} DSP 0 BRAM 0 URAM 0 STORAGESUBTYPE {task level} STORAGESIZE {32 2 1} STORAGEUSAGE {fifo channel} DISPNAME {bind_storage fifo} VISIBLE true} {BINDTYPE storage ID {} IMPL srl LATENCY 0 OPTYPE fifo PRAGMA {} RTLNAME out_mem_279_U SOURCE top_wrapper.cpp:123 VARIABLE out_mem_279 LOOP {} BUNDLEDNAME {} DSP 0 BRAM 0 URAM 0 STORAGESUBTYPE {task level} STORAGESIZE {32 2 1} STORAGEUSAGE {fifo channel} DISPNAME {bind_storage fifo} VISIBLE true} {BINDTYPE storage ID {} IMPL srl LATENCY 0 OPTYPE fifo PRAGMA {} RTLNAME out_mem_280_U SOURCE top_wrapper.cpp:123 VARIABLE out_mem_280 LOOP {} BUNDLEDNAME {} DSP 0 BRAM 0 URAM 0 STORAGESUBTYPE {task level} STORAGESIZE {32 2 1} STORAGEUSAGE {fifo channel} DISPNAME {bind_storage fifo} VISIBLE true} {BINDTYPE storage ID {} IMPL srl LATENCY 0 OPTYPE fifo PRAGMA {} RTLNAME out_mem_281_U SOURCE top_wrapper.cpp:123 VARIABLE out_mem_281 LOOP {} BUNDLEDNAME {} DSP 0 BRAM 0 URAM 0 STORAGESUBTYPE {task level} STORAGESIZE {32 2 1} STORAGEUSAGE {fifo channel} DISPNAME {bind_storage fifo} VISIBLE true} {BINDTYPE storage ID {} IMPL srl LATENCY 0 OPTYPE fifo PRAGMA {} RTLNAME out_mem_282_U SOURCE top_wrapper.cpp:123 VARIABLE out_mem_282 LOOP {} BUNDLEDNAME {} DSP 0 BRAM 0 URAM 0 STORAGESUBTYPE {task level} STORAGESIZE {32 2 1} STORAGEUSAGE {fifo channel} DISPNAME {bind_storage fifo} VISIBLE true} {BINDTYPE storage ID {} IMPL srl LATENCY 0 OPTYPE fifo PRAGMA {} RTLNAME out_mem_283_U SOURCE top_wrapper.cpp:123 VARIABLE out_mem_283 LOOP {} BUNDLEDNAME {} DSP 0 BRAM 0 URAM 0 STORAGESUBTYPE {task level} STORAGESIZE {32 2 1} STORAGEUSAGE {fifo channel} DISPNAME {bind_storage fifo} VISIBLE true} {BINDTYPE storage ID {} IMPL srl LATENCY 0 OPTYPE fifo PRAGMA {} RTLNAME out_mem_284_U SOURCE top_wrapper.cpp:123 VARIABLE out_mem_284 LOOP {} BUNDLEDNAME {} DSP 0 BRAM 0 URAM 0 STORAGESUBTYPE {task level} STORAGESIZE {32 2 1} STORAGEUSAGE {fifo channel} DISPNAME {bind_storage fifo} VISIBLE true} {BINDTYPE storage ID {} IMPL srl LATENCY 0 OPTYPE fifo PRAGMA {} RTLNAME out_mem_285_U SOURCE top_wrapper.cpp:123 VARIABLE out_mem_285 LOOP {} BUNDLEDNAME {} DSP 0 BRAM 0 URAM 0 STORAGESUBTYPE {task level} STORAGESIZE {32 2 1} STORAGEUSAGE {fifo channel} DISPNAME {bind_storage fifo} VISIBLE true} {BINDTYPE storage ID {} IMPL srl LATENCY 0 OPTYPE fifo PRAGMA {} RTLNAME out_mem_286_U SOURCE top_wrapper.cpp:123 VARIABLE out_mem_286 LOOP {} BUNDLEDNAME {} DSP 0 BRAM 0 URAM 0 STORAGESUBTYPE {task level} STORAGESIZE {32 2 1} STORAGEUSAGE {fifo channel} DISPNAME {bind_storage fifo} VISIBLE true} {BINDTYPE storage ID {} IMPL srl LATENCY 0 OPTYPE fifo PRAGMA {} RTLNAME out_mem_287_U SOURCE top_wrapper.cpp:123 VARIABLE out_mem_287 LOOP {} BUNDLEDNAME {} DSP 0 BRAM 0 URAM 0 STORAGESUBTYPE {task level} STORAGESIZE {32 2 1} STORAGEUSAGE {fifo channel} DISPNAME {bind_storage fifo} VISIBLE true} {BINDTYPE storage ID {} IMPL srl LATENCY 0 OPTYPE fifo PRAGMA {} RTLNAME out_mem_288_U SOURCE top_wrapper.cpp:123 VARIABLE out_mem_288 LOOP {} BUNDLEDNAME {} DSP 0 BRAM 0 URAM 0 STORAGESUBTYPE {task level} STORAGESIZE {32 2 1} STORAGEUSAGE {fifo channel} DISPNAME {bind_storage fifo} VISIBLE true} {BINDTYPE storage ID {} IMPL srl LATENCY 0 OPTYPE fifo PRAGMA {} RTLNAME out_mem_289_U SOURCE top_wrapper.cpp:123 VARIABLE out_mem_289 LOOP {} BUNDLEDNAME {} DSP 0 BRAM 0 URAM 0 STORAGESUBTYPE {task level} STORAGESIZE {32 2 1} STORAGEUSAGE {fifo channel} DISPNAME {bind_storage fifo} VISIBLE true} {BINDTYPE storage ID {} IMPL srl LATENCY 0 OPTYPE fifo PRAGMA {} RTLNAME out_mem_290_U SOURCE top_wrapper.cpp:123 VARIABLE out_mem_290 LOOP {} BUNDLEDNAME {} DSP 0 BRAM 0 URAM 0 STORAGESUBTYPE {task level} STORAGESIZE {32 2 1} STORAGEUSAGE {fifo channel} DISPNAME {bind_storage fifo} VISIBLE true} {BINDTYPE storage ID {} IMPL srl LATENCY 0 OPTYPE fifo PRAGMA {} RTLNAME out_mem_291_U SOURCE top_wrapper.cpp:123 VARIABLE out_mem_291 LOOP {} BUNDLEDNAME {} DSP 0 BRAM 0 URAM 0 STORAGESUBTYPE {task level} STORAGESIZE {32 2 1} STORAGEUSAGE {fifo channel} DISPNAME {bind_storage fifo} VISIBLE true} {BINDTYPE storage ID {} IMPL srl LATENCY 0 OPTYPE fifo PRAGMA {} RTLNAME out_mem_292_U SOURCE top_wrapper.cpp:123 VARIABLE out_mem_292 LOOP {} BUNDLEDNAME {} DSP 0 BRAM 0 URAM 0 STORAGESUBTYPE {task level} STORAGESIZE {32 2 1} STORAGEUSAGE {fifo channel} DISPNAME {bind_storage fifo} VISIBLE true} {BINDTYPE storage ID {} IMPL srl LATENCY 0 OPTYPE fifo PRAGMA {} RTLNAME out_mem_293_U SOURCE top_wrapper.cpp:123 VARIABLE out_mem_293 LOOP {} BUNDLEDNAME {} DSP 0 BRAM 0 URAM 0 STORAGESUBTYPE {task level} STORAGESIZE {32 2 1} STORAGEUSAGE {fifo channel} DISPNAME {bind_storage fifo} VISIBLE true} {BINDTYPE storage ID {} IMPL srl LATENCY 0 OPTYPE fifo PRAGMA {} RTLNAME out_mem_294_U SOURCE top_wrapper.cpp:123 VARIABLE out_mem_294 LOOP {} BUNDLEDNAME {} DSP 0 BRAM 0 URAM 0 STORAGESUBTYPE {task level} STORAGESIZE {32 2 1} STORAGEUSAGE {fifo channel} DISPNAME {bind_storage fifo} VISIBLE true} {BINDTYPE storage ID {} IMPL srl LATENCY 0 OPTYPE fifo PRAGMA {} RTLNAME out_mem_295_U SOURCE top_wrapper.cpp:123 VARIABLE out_mem_295 LOOP {} BUNDLEDNAME {} DSP 0 BRAM 0 URAM 0 STORAGESUBTYPE {task level} STORAGESIZE {32 2 1} STORAGEUSAGE {fifo channel} DISPNAME {bind_storage fifo} VISIBLE true} {BINDTYPE storage ID {} IMPL srl LATENCY 0 OPTYPE fifo PRAGMA {} RTLNAME out_mem_296_U SOURCE top_wrapper.cpp:123 VARIABLE out_mem_296 LOOP {} BUNDLEDNAME {} DSP 0 BRAM 0 URAM 0 STORAGESUBTYPE {task level} STORAGESIZE {32 2 1} STORAGEUSAGE {fifo channel} DISPNAME {bind_storage fifo} VISIBLE true} {BINDTYPE storage ID {} IMPL srl LATENCY 0 OPTYPE fifo PRAGMA {} RTLNAME out_mem_297_U SOURCE top_wrapper.cpp:123 VARIABLE out_mem_297 LOOP {} BUNDLEDNAME {} DSP 0 BRAM 0 URAM 0 STORAGESUBTYPE {task level} STORAGESIZE {32 2 1} STORAGEUSAGE {fifo channel} DISPNAME {bind_storage fifo} VISIBLE true} {BINDTYPE storage ID {} IMPL srl LATENCY 0 OPTYPE fifo PRAGMA {} RTLNAME out_mem_298_U SOURCE top_wrapper.cpp:123 VARIABLE out_mem_298 LOOP {} BUNDLEDNAME {} DSP 0 BRAM 0 URAM 0 STORAGESUBTYPE {task level} STORAGESIZE {32 2 1} STORAGEUSAGE {fifo channel} DISPNAME {bind_storage fifo} VISIBLE true} {BINDTYPE storage ID {} IMPL srl LATENCY 0 OPTYPE fifo PRAGMA {} RTLNAME out_mem_299_U SOURCE top_wrapper.cpp:123 VARIABLE out_mem_299 LOOP {} BUNDLEDNAME {} DSP 0 BRAM 0 URAM 0 STORAGESUBTYPE {task level} STORAGESIZE {32 2 1} STORAGEUSAGE {fifo channel} DISPNAME {bind_storage fifo} VISIBLE true} {BINDTYPE storage ID {} IMPL srl LATENCY 0 OPTYPE fifo PRAGMA {} RTLNAME out_mem_300_U SOURCE top_wrapper.cpp:123 VARIABLE out_mem_300 LOOP {} BUNDLEDNAME {} DSP 0 BRAM 0 URAM 0 STORAGESUBTYPE {task level} STORAGESIZE {32 2 1} STORAGEUSAGE {fifo channel} DISPNAME {bind_storage fifo} VISIBLE true} {BINDTYPE storage ID {} IMPL srl LATENCY 0 OPTYPE fifo PRAGMA {} RTLNAME out_mem_301_U SOURCE top_wrapper.cpp:123 VARIABLE out_mem_301 LOOP {} BUNDLEDNAME {} DSP 0 BRAM 0 URAM 0 STORAGESUBTYPE {task level} STORAGESIZE {32 2 1} STORAGEUSAGE {fifo channel} DISPNAME {bind_storage fifo} VISIBLE true} {BINDTYPE storage ID {} IMPL srl LATENCY 0 OPTYPE fifo PRAGMA {} RTLNAME out_mem_302_U SOURCE top_wrapper.cpp:123 VARIABLE out_mem_302 LOOP {} BUNDLEDNAME {} DSP 0 BRAM 0 URAM 0 STORAGESUBTYPE {task level} STORAGESIZE {32 2 1} STORAGEUSAGE {fifo channel} DISPNAME {bind_storage fifo} VISIBLE true} {BINDTYPE storage ID {} IMPL srl LATENCY 0 OPTYPE fifo PRAGMA {} RTLNAME out_mem_303_U SOURCE top_wrapper.cpp:123 VARIABLE out_mem_303 LOOP {} BUNDLEDNAME {} DSP 0 BRAM 0 URAM 0 STORAGESUBTYPE {task level} STORAGESIZE {32 2 1} STORAGEUSAGE {fifo channel} DISPNAME {bind_storage fifo} VISIBLE true} {BINDTYPE storage ID {} IMPL srl LATENCY 0 OPTYPE fifo PRAGMA {} RTLNAME out_mem_304_U SOURCE top_wrapper.cpp:123 VARIABLE out_mem_304 LOOP {} BUNDLEDNAME {} DSP 0 BRAM 0 URAM 0 STORAGESUBTYPE {task level} STORAGESIZE {32 2 1} STORAGEUSAGE {fifo channel} DISPNAME {bind_storage fifo} VISIBLE true} {BINDTYPE storage ID {} IMPL srl LATENCY 0 OPTYPE fifo PRAGMA {} RTLNAME out_mem_305_U SOURCE top_wrapper.cpp:123 VARIABLE out_mem_305 LOOP {} BUNDLEDNAME {} DSP 0 BRAM 0 URAM 0 STORAGESUBTYPE {task level} STORAGESIZE {32 2 1} STORAGEUSAGE {fifo channel} DISPNAME {bind_storage fifo} VISIBLE true} {BINDTYPE storage ID {} IMPL srl LATENCY 0 OPTYPE fifo PRAGMA {} RTLNAME out_mem_306_U SOURCE top_wrapper.cpp:123 VARIABLE out_mem_306 LOOP {} BUNDLEDNAME {} DSP 0 BRAM 0 URAM 0 STORAGESUBTYPE {task level} STORAGESIZE {32 2 1} STORAGEUSAGE {fifo channel} DISPNAME {bind_storage fifo} VISIBLE true} {BINDTYPE storage ID {} IMPL srl LATENCY 0 OPTYPE fifo PRAGMA {} RTLNAME out_mem_307_U SOURCE top_wrapper.cpp:123 VARIABLE out_mem_307 LOOP {} BUNDLEDNAME {} DSP 0 BRAM 0 URAM 0 STORAGESUBTYPE {task level} STORAGESIZE {32 2 1} STORAGEUSAGE {fifo channel} DISPNAME {bind_storage fifo} VISIBLE true} {BINDTYPE storage ID {} IMPL srl LATENCY 0 OPTYPE fifo PRAGMA {} RTLNAME out_mem_308_U SOURCE top_wrapper.cpp:123 VARIABLE out_mem_308 LOOP {} BUNDLEDNAME {} DSP 0 BRAM 0 URAM 0 STORAGESUBTYPE {task level} STORAGESIZE {32 2 1} STORAGEUSAGE {fifo channel} DISPNAME {bind_storage fifo} VISIBLE true} {BINDTYPE storage ID {} IMPL srl LATENCY 0 OPTYPE fifo PRAGMA {} RTLNAME out_mem_309_U SOURCE top_wrapper.cpp:123 VARIABLE out_mem_309 LOOP {} BUNDLEDNAME {} DSP 0 BRAM 0 URAM 0 STORAGESUBTYPE {task level} STORAGESIZE {32 2 1} STORAGEUSAGE {fifo channel} DISPNAME {bind_storage fifo} VISIBLE true} {BINDTYPE storage ID {} IMPL srl LATENCY 0 OPTYPE fifo PRAGMA {} RTLNAME out_mem_310_U SOURCE top_wrapper.cpp:123 VARIABLE out_mem_310 LOOP {} BUNDLEDNAME {} DSP 0 BRAM 0 URAM 0 STORAGESUBTYPE {task level} STORAGESIZE {32 2 1} STORAGEUSAGE {fifo channel} DISPNAME {bind_storage fifo} VISIBLE true} {BINDTYPE storage ID {} IMPL srl LATENCY 0 OPTYPE fifo PRAGMA {} RTLNAME out_mem_311_U SOURCE top_wrapper.cpp:123 VARIABLE out_mem_311 LOOP {} BUNDLEDNAME {} DSP 0 BRAM 0 URAM 0 STORAGESUBTYPE {task level} STORAGESIZE {32 2 1} STORAGEUSAGE {fifo channel} DISPNAME {bind_storage fifo} VISIBLE true} {BINDTYPE storage ID {} IMPL srl LATENCY 0 OPTYPE fifo PRAGMA {} RTLNAME out_mem_312_U SOURCE top_wrapper.cpp:123 VARIABLE out_mem_312 LOOP {} BUNDLEDNAME {} DSP 0 BRAM 0 URAM 0 STORAGESUBTYPE {task level} STORAGESIZE {32 2 1} STORAGEUSAGE {fifo channel} DISPNAME {bind_storage fifo} VISIBLE true} {BINDTYPE storage ID {} IMPL srl LATENCY 0 OPTYPE fifo PRAGMA {} RTLNAME out_mem_313_U SOURCE top_wrapper.cpp:123 VARIABLE out_mem_313 LOOP {} BUNDLEDNAME {} DSP 0 BRAM 0 URAM 0 STORAGESUBTYPE {task level} STORAGESIZE {32 2 1} STORAGEUSAGE {fifo channel} DISPNAME {bind_storage fifo} VISIBLE true} {BINDTYPE storage ID {} IMPL srl LATENCY 0 OPTYPE fifo PRAGMA {} RTLNAME out_mem_314_U SOURCE top_wrapper.cpp:123 VARIABLE out_mem_314 LOOP {} BUNDLEDNAME {} DSP 0 BRAM 0 URAM 0 STORAGESUBTYPE {task level} STORAGESIZE {32 2 1} STORAGEUSAGE {fifo channel} DISPNAME {bind_storage fifo} VISIBLE true} {BINDTYPE storage ID {} IMPL srl LATENCY 0 OPTYPE fifo PRAGMA {} RTLNAME out_mem_315_U SOURCE top_wrapper.cpp:123 VARIABLE out_mem_315 LOOP {} BUNDLEDNAME {} DSP 0 BRAM 0 URAM 0 STORAGESUBTYPE {task level} STORAGESIZE {32 2 1} STORAGEUSAGE {fifo channel} DISPNAME {bind_storage fifo} VISIBLE true} {BINDTYPE storage ID {} IMPL srl LATENCY 0 OPTYPE fifo PRAGMA {} RTLNAME out_mem_316_U SOURCE top_wrapper.cpp:123 VARIABLE out_mem_316 LOOP {} BUNDLEDNAME {} DSP 0 BRAM 0 URAM 0 STORAGESUBTYPE {task level} STORAGESIZE {32 2 1} STORAGEUSAGE {fifo channel} DISPNAME {bind_storage fifo} VISIBLE true} {BINDTYPE storage ID {} IMPL srl LATENCY 0 OPTYPE fifo PRAGMA {} RTLNAME out_mem_317_U SOURCE top_wrapper.cpp:123 VARIABLE out_mem_317 LOOP {} BUNDLEDNAME {} DSP 0 BRAM 0 URAM 0 STORAGESUBTYPE {task level} STORAGESIZE {32 2 1} STORAGEUSAGE {fifo channel} DISPNAME {bind_storage fifo} VISIBLE true} {BINDTYPE storage ID {} IMPL srl LATENCY 0 OPTYPE fifo PRAGMA {} RTLNAME out_mem_318_U SOURCE top_wrapper.cpp:123 VARIABLE out_mem_318 LOOP {} BUNDLEDNAME {} DSP 0 BRAM 0 URAM 0 STORAGESUBTYPE {task level} STORAGESIZE {32 2 1} STORAGEUSAGE {fifo channel} DISPNAME {bind_storage fifo} VISIBLE true} {BINDTYPE storage ID {} IMPL srl LATENCY 0 OPTYPE fifo PRAGMA {} RTLNAME out_mem_319_U SOURCE top_wrapper.cpp:123 VARIABLE out_mem_319 LOOP {} BUNDLEDNAME {} DSP 0 BRAM 0 URAM 0 STORAGESUBTYPE {task level} STORAGESIZE {32 2 1} STORAGEUSAGE {fifo channel} DISPNAME {bind_storage fifo} VISIBLE true} {BINDTYPE storage ID {} IMPL srl LATENCY 0 OPTYPE fifo PRAGMA {} RTLNAME out_mem_320_U SOURCE top_wrapper.cpp:123 VARIABLE out_mem_320 LOOP {} BUNDLEDNAME {} DSP 0 BRAM 0 URAM 0 STORAGESUBTYPE {task level} STORAGESIZE {32 2 1} STORAGEUSAGE {fifo channel} DISPNAME {bind_storage fifo} VISIBLE true} {BINDTYPE storage ID {} IMPL srl LATENCY 0 OPTYPE fifo PRAGMA {} RTLNAME out_mem_321_U SOURCE top_wrapper.cpp:123 VARIABLE out_mem_321 LOOP {} BUNDLEDNAME {} DSP 0 BRAM 0 URAM 0 STORAGESUBTYPE {task level} STORAGESIZE {32 2 1} STORAGEUSAGE {fifo channel} DISPNAME {bind_storage fifo} VISIBLE true} {BINDTYPE storage ID {} IMPL srl LATENCY 0 OPTYPE fifo PRAGMA {} RTLNAME out_mem_322_U SOURCE top_wrapper.cpp:123 VARIABLE out_mem_322 LOOP {} BUNDLEDNAME {} DSP 0 BRAM 0 URAM 0 STORAGESUBTYPE {task level} STORAGESIZE {32 2 1} STORAGEUSAGE {fifo channel} DISPNAME {bind_storage fifo} VISIBLE true} {BINDTYPE storage ID {} IMPL srl LATENCY 0 OPTYPE fifo PRAGMA {} RTLNAME out_mem_323_U SOURCE top_wrapper.cpp:123 VARIABLE out_mem_323 LOOP {} BUNDLEDNAME {} DSP 0 BRAM 0 URAM 0 STORAGESUBTYPE {task level} STORAGESIZE {32 2 1} STORAGEUSAGE {fifo channel} DISPNAME {bind_storage fifo} VISIBLE true} {BINDTYPE storage ID {} IMPL srl LATENCY 0 OPTYPE fifo PRAGMA {} RTLNAME out_mem_324_U SOURCE top_wrapper.cpp:123 VARIABLE out_mem_324 LOOP {} BUNDLEDNAME {} DSP 0 BRAM 0 URAM 0 STORAGESUBTYPE {task level} STORAGESIZE {32 2 1} STORAGEUSAGE {fifo channel} DISPNAME {bind_storage fifo} VISIBLE true} {BINDTYPE storage ID {} IMPL srl LATENCY 0 OPTYPE fifo PRAGMA {} RTLNAME out_mem_325_U SOURCE top_wrapper.cpp:123 VARIABLE out_mem_325 LOOP {} BUNDLEDNAME {} DSP 0 BRAM 0 URAM 0 STORAGESUBTYPE {task level} STORAGESIZE {32 2 1} STORAGEUSAGE {fifo channel} DISPNAME {bind_storage fifo} VISIBLE true} {BINDTYPE storage ID {} IMPL srl LATENCY 0 OPTYPE fifo PRAGMA {} RTLNAME out_mem_326_U SOURCE top_wrapper.cpp:123 VARIABLE out_mem_326 LOOP {} BUNDLEDNAME {} DSP 0 BRAM 0 URAM 0 STORAGESUBTYPE {task level} STORAGESIZE {32 2 1} STORAGEUSAGE {fifo channel} DISPNAME {bind_storage fifo} VISIBLE true} {BINDTYPE storage ID {} IMPL srl LATENCY 0 OPTYPE fifo PRAGMA {} RTLNAME out_mem_327_U SOURCE top_wrapper.cpp:123 VARIABLE out_mem_327 LOOP {} BUNDLEDNAME {} DSP 0 BRAM 0 URAM 0 STORAGESUBTYPE {task level} STORAGESIZE {32 2 1} STORAGEUSAGE {fifo channel} DISPNAME {bind_storage fifo} VISIBLE true} {BINDTYPE storage ID {} IMPL srl LATENCY 0 OPTYPE fifo PRAGMA {} RTLNAME out_mem_328_U SOURCE top_wrapper.cpp:123 VARIABLE out_mem_328 LOOP {} BUNDLEDNAME {} DSP 0 BRAM 0 URAM 0 STORAGESUBTYPE {task level} STORAGESIZE {32 2 1} STORAGEUSAGE {fifo channel} DISPNAME {bind_storage fifo} VISIBLE true} {BINDTYPE storage ID {} IMPL srl LATENCY 0 OPTYPE fifo PRAGMA {} RTLNAME out_mem_329_U SOURCE top_wrapper.cpp:123 VARIABLE out_mem_329 LOOP {} BUNDLEDNAME {} DSP 0 BRAM 0 URAM 0 STORAGESUBTYPE {task level} STORAGESIZE {32 2 1} STORAGEUSAGE {fifo channel} DISPNAME {bind_storage fifo} VISIBLE true} {BINDTYPE storage ID {} IMPL srl LATENCY 0 OPTYPE fifo PRAGMA {} RTLNAME out_mem_330_U SOURCE top_wrapper.cpp:123 VARIABLE out_mem_330 LOOP {} BUNDLEDNAME {} DSP 0 BRAM 0 URAM 0 STORAGESUBTYPE {task level} STORAGESIZE {32 2 1} STORAGEUSAGE {fifo channel} DISPNAME {bind_storage fifo} VISIBLE true} {BINDTYPE storage ID {} IMPL srl LATENCY 0 OPTYPE fifo PRAGMA {} RTLNAME out_mem_331_U SOURCE top_wrapper.cpp:123 VARIABLE out_mem_331 LOOP {} BUNDLEDNAME {} DSP 0 BRAM 0 URAM 0 STORAGESUBTYPE {task level} STORAGESIZE {32 2 1} STORAGEUSAGE {fifo channel} DISPNAME {bind_storage fifo} VISIBLE true} {BINDTYPE storage ID {} IMPL srl LATENCY 0 OPTYPE fifo PRAGMA {} RTLNAME out_mem_332_U SOURCE top_wrapper.cpp:123 VARIABLE out_mem_332 LOOP {} BUNDLEDNAME {} DSP 0 BRAM 0 URAM 0 STORAGESUBTYPE {task level} STORAGESIZE {32 2 1} STORAGEUSAGE {fifo channel} DISPNAME {bind_storage fifo} VISIBLE true} {BINDTYPE storage ID {} IMPL srl LATENCY 0 OPTYPE fifo PRAGMA {} RTLNAME out_mem_333_U SOURCE top_wrapper.cpp:123 VARIABLE out_mem_333 LOOP {} BUNDLEDNAME {} DSP 0 BRAM 0 URAM 0 STORAGESUBTYPE {task level} STORAGESIZE {32 2 1} STORAGEUSAGE {fifo channel} DISPNAME {bind_storage fifo} VISIBLE true} {BINDTYPE storage ID {} IMPL srl LATENCY 0 OPTYPE fifo PRAGMA {} RTLNAME out_mem_334_U SOURCE top_wrapper.cpp:123 VARIABLE out_mem_334 LOOP {} BUNDLEDNAME {} DSP 0 BRAM 0 URAM 0 STORAGESUBTYPE {task level} STORAGESIZE {32 2 1} STORAGEUSAGE {fifo channel} DISPNAME {bind_storage fifo} VISIBLE true} {BINDTYPE storage ID {} IMPL srl LATENCY 0 OPTYPE fifo PRAGMA {} RTLNAME out_mem_335_U SOURCE top_wrapper.cpp:123 VARIABLE out_mem_335 LOOP {} BUNDLEDNAME {} DSP 0 BRAM 0 URAM 0 STORAGESUBTYPE {task level} STORAGESIZE {32 2 1} STORAGEUSAGE {fifo channel} DISPNAME {bind_storage fifo} VISIBLE true} {BINDTYPE storage ID {} IMPL srl LATENCY 0 OPTYPE fifo PRAGMA {} RTLNAME out_mem_336_U SOURCE top_wrapper.cpp:123 VARIABLE out_mem_336 LOOP {} BUNDLEDNAME {} DSP 0 BRAM 0 URAM 0 STORAGESUBTYPE {task level} STORAGESIZE {32 2 1} STORAGEUSAGE {fifo channel} DISPNAME {bind_storage fifo} VISIBLE true} {BINDTYPE storage ID {} IMPL srl LATENCY 0 OPTYPE fifo PRAGMA {} RTLNAME out_mem_337_U SOURCE top_wrapper.cpp:123 VARIABLE out_mem_337 LOOP {} BUNDLEDNAME {} DSP 0 BRAM 0 URAM 0 STORAGESUBTYPE {task level} STORAGESIZE {32 2 1} STORAGEUSAGE {fifo channel} DISPNAME {bind_storage fifo} VISIBLE true} {BINDTYPE storage ID {} IMPL srl LATENCY 0 OPTYPE fifo PRAGMA {} RTLNAME out_mem_338_U SOURCE top_wrapper.cpp:123 VARIABLE out_mem_338 LOOP {} BUNDLEDNAME {} DSP 0 BRAM 0 URAM 0 STORAGESUBTYPE {task level} STORAGESIZE {32 2 1} STORAGEUSAGE {fifo channel} DISPNAME {bind_storage fifo} VISIBLE true} {BINDTYPE storage ID {} IMPL srl LATENCY 0 OPTYPE fifo PRAGMA {} RTLNAME out_mem_339_U SOURCE top_wrapper.cpp:123 VARIABLE out_mem_339 LOOP {} BUNDLEDNAME {} DSP 0 BRAM 0 URAM 0 STORAGESUBTYPE {task level} STORAGESIZE {32 2 1} STORAGEUSAGE {fifo channel} DISPNAME {bind_storage fifo} VISIBLE true} {BINDTYPE storage ID {} IMPL srl LATENCY 0 OPTYPE fifo PRAGMA {} RTLNAME out_mem_340_U SOURCE top_wrapper.cpp:123 VARIABLE out_mem_340 LOOP {} BUNDLEDNAME {} DSP 0 BRAM 0 URAM 0 STORAGESUBTYPE {task level} STORAGESIZE {32 2 1} STORAGEUSAGE {fifo channel} DISPNAME {bind_storage fifo} VISIBLE true} {BINDTYPE storage ID {} IMPL srl LATENCY 0 OPTYPE fifo PRAGMA {} RTLNAME out_mem_341_U SOURCE top_wrapper.cpp:123 VARIABLE out_mem_341 LOOP {} BUNDLEDNAME {} DSP 0 BRAM 0 URAM 0 STORAGESUBTYPE {task level} STORAGESIZE {32 2 1} STORAGEUSAGE {fifo channel} DISPNAME {bind_storage fifo} VISIBLE true} {BINDTYPE storage ID {} IMPL srl LATENCY 0 OPTYPE fifo PRAGMA {} RTLNAME out_mem_342_U SOURCE top_wrapper.cpp:123 VARIABLE out_mem_342 LOOP {} BUNDLEDNAME {} DSP 0 BRAM 0 URAM 0 STORAGESUBTYPE {task level} STORAGESIZE {32 2 1} STORAGEUSAGE {fifo channel} DISPNAME {bind_storage fifo} VISIBLE true} {BINDTYPE storage ID {} IMPL srl LATENCY 0 OPTYPE fifo PRAGMA {} RTLNAME out_mem_343_U SOURCE top_wrapper.cpp:123 VARIABLE out_mem_343 LOOP {} BUNDLEDNAME {} DSP 0 BRAM 0 URAM 0 STORAGESUBTYPE {task level} STORAGESIZE {32 2 1} STORAGEUSAGE {fifo channel} DISPNAME {bind_storage fifo} VISIBLE true} {BINDTYPE storage ID {} IMPL srl LATENCY 0 OPTYPE fifo PRAGMA {} RTLNAME out_mem_344_U SOURCE top_wrapper.cpp:123 VARIABLE out_mem_344 LOOP {} BUNDLEDNAME {} DSP 0 BRAM 0 URAM 0 STORAGESUBTYPE {task level} STORAGESIZE {32 2 1} STORAGEUSAGE {fifo channel} DISPNAME {bind_storage fifo} VISIBLE true} {BINDTYPE storage ID {} IMPL srl LATENCY 0 OPTYPE fifo PRAGMA {} RTLNAME out_mem_345_U SOURCE top_wrapper.cpp:123 VARIABLE out_mem_345 LOOP {} BUNDLEDNAME {} DSP 0 BRAM 0 URAM 0 STORAGESUBTYPE {task level} STORAGESIZE {32 2 1} STORAGEUSAGE {fifo channel} DISPNAME {bind_storage fifo} VISIBLE true} {BINDTYPE storage ID {} IMPL srl LATENCY 0 OPTYPE fifo PRAGMA {} RTLNAME out_mem_346_U SOURCE top_wrapper.cpp:123 VARIABLE out_mem_346 LOOP {} BUNDLEDNAME {} DSP 0 BRAM 0 URAM 0 STORAGESUBTYPE {task level} STORAGESIZE {32 2 1} STORAGEUSAGE {fifo channel} DISPNAME {bind_storage fifo} VISIBLE true} {BINDTYPE storage ID {} IMPL srl LATENCY 0 OPTYPE fifo PRAGMA {} RTLNAME out_mem_347_U SOURCE top_wrapper.cpp:123 VARIABLE out_mem_347 LOOP {} BUNDLEDNAME {} DSP 0 BRAM 0 URAM 0 STORAGESUBTYPE {task level} STORAGESIZE {32 2 1} STORAGEUSAGE {fifo channel} DISPNAME {bind_storage fifo} VISIBLE true} {BINDTYPE storage ID {} IMPL srl LATENCY 0 OPTYPE fifo PRAGMA {} RTLNAME out_mem_348_U SOURCE top_wrapper.cpp:123 VARIABLE out_mem_348 LOOP {} BUNDLEDNAME {} DSP 0 BRAM 0 URAM 0 STORAGESUBTYPE {task level} STORAGESIZE {32 2 1} STORAGEUSAGE {fifo channel} DISPNAME {bind_storage fifo} VISIBLE true} {BINDTYPE storage ID {} IMPL srl LATENCY 0 OPTYPE fifo PRAGMA {} RTLNAME out_mem_349_U SOURCE top_wrapper.cpp:123 VARIABLE out_mem_349 LOOP {} BUNDLEDNAME {} DSP 0 BRAM 0 URAM 0 STORAGESUBTYPE {task level} STORAGESIZE {32 2 1} STORAGEUSAGE {fifo channel} DISPNAME {bind_storage fifo} VISIBLE true} {BINDTYPE storage ID {} IMPL srl LATENCY 0 OPTYPE fifo PRAGMA {} RTLNAME out_mem_350_U SOURCE top_wrapper.cpp:123 VARIABLE out_mem_350 LOOP {} BUNDLEDNAME {} DSP 0 BRAM 0 URAM 0 STORAGESUBTYPE {task level} STORAGESIZE {32 2 1} STORAGEUSAGE {fifo channel} DISPNAME {bind_storage fifo} VISIBLE true} {BINDTYPE storage ID {} IMPL srl LATENCY 0 OPTYPE fifo PRAGMA {} RTLNAME out_mem_351_U SOURCE top_wrapper.cpp:123 VARIABLE out_mem_351 LOOP {} BUNDLEDNAME {} DSP 0 BRAM 0 URAM 0 STORAGESUBTYPE {task level} STORAGESIZE {32 2 1} STORAGEUSAGE {fifo channel} DISPNAME {bind_storage fifo} VISIBLE true} {BINDTYPE storage ID {} IMPL srl LATENCY 0 OPTYPE fifo PRAGMA {} RTLNAME out_mem_352_U SOURCE top_wrapper.cpp:123 VARIABLE out_mem_352 LOOP {} BUNDLEDNAME {} DSP 0 BRAM 0 URAM 0 STORAGESUBTYPE {task level} STORAGESIZE {32 2 1} STORAGEUSAGE {fifo channel} DISPNAME {bind_storage fifo} VISIBLE true} {BINDTYPE storage ID {} IMPL srl LATENCY 0 OPTYPE fifo PRAGMA {} RTLNAME out_mem_353_U SOURCE top_wrapper.cpp:123 VARIABLE out_mem_353 LOOP {} BUNDLEDNAME {} DSP 0 BRAM 0 URAM 0 STORAGESUBTYPE {task level} STORAGESIZE {32 2 1} STORAGEUSAGE {fifo channel} DISPNAME {bind_storage fifo} VISIBLE true} {BINDTYPE storage ID {} IMPL srl LATENCY 0 OPTYPE fifo PRAGMA {} RTLNAME out_mem_354_U SOURCE top_wrapper.cpp:123 VARIABLE out_mem_354 LOOP {} BUNDLEDNAME {} DSP 0 BRAM 0 URAM 0 STORAGESUBTYPE {task level} STORAGESIZE {32 2 1} STORAGEUSAGE {fifo channel} DISPNAME {bind_storage fifo} VISIBLE true} {BINDTYPE storage ID {} IMPL srl LATENCY 0 OPTYPE fifo PRAGMA {} RTLNAME out_mem_355_U SOURCE top_wrapper.cpp:123 VARIABLE out_mem_355 LOOP {} BUNDLEDNAME {} DSP 0 BRAM 0 URAM 0 STORAGESUBTYPE {task level} STORAGESIZE {32 2 1} STORAGEUSAGE {fifo channel} DISPNAME {bind_storage fifo} VISIBLE true} {BINDTYPE storage ID {} IMPL srl LATENCY 0 OPTYPE fifo PRAGMA {} RTLNAME out_mem_356_U SOURCE top_wrapper.cpp:123 VARIABLE out_mem_356 LOOP {} BUNDLEDNAME {} DSP 0 BRAM 0 URAM 0 STORAGESUBTYPE {task level} STORAGESIZE {32 2 1} STORAGEUSAGE {fifo channel} DISPNAME {bind_storage fifo} VISIBLE true} {BINDTYPE storage ID {} IMPL srl LATENCY 0 OPTYPE fifo PRAGMA {} RTLNAME out_mem_357_U SOURCE top_wrapper.cpp:123 VARIABLE out_mem_357 LOOP {} BUNDLEDNAME {} DSP 0 BRAM 0 URAM 0 STORAGESUBTYPE {task level} STORAGESIZE {32 2 1} STORAGEUSAGE {fifo channel} DISPNAME {bind_storage fifo} VISIBLE true} {BINDTYPE storage ID {} IMPL srl LATENCY 0 OPTYPE fifo PRAGMA {} RTLNAME out_mem_358_U SOURCE top_wrapper.cpp:123 VARIABLE out_mem_358 LOOP {} BUNDLEDNAME {} DSP 0 BRAM 0 URAM 0 STORAGESUBTYPE {task level} STORAGESIZE {32 2 1} STORAGEUSAGE {fifo channel} DISPNAME {bind_storage fifo} VISIBLE true} {BINDTYPE storage ID {} IMPL srl LATENCY 0 OPTYPE fifo PRAGMA {} RTLNAME out_mem_359_U SOURCE top_wrapper.cpp:123 VARIABLE out_mem_359 LOOP {} BUNDLEDNAME {} DSP 0 BRAM 0 URAM 0 STORAGESUBTYPE {task level} STORAGESIZE {32 2 1} STORAGEUSAGE {fifo channel} DISPNAME {bind_storage fifo} VISIBLE true} {BINDTYPE storage ID {} IMPL srl LATENCY 0 OPTYPE fifo PRAGMA {} RTLNAME out_mem_360_U SOURCE top_wrapper.cpp:123 VARIABLE out_mem_360 LOOP {} BUNDLEDNAME {} DSP 0 BRAM 0 URAM 0 STORAGESUBTYPE {task level} STORAGESIZE {32 2 1} STORAGEUSAGE {fifo channel} DISPNAME {bind_storage fifo} VISIBLE true} {BINDTYPE storage ID {} IMPL srl LATENCY 0 OPTYPE fifo PRAGMA {} RTLNAME out_mem_361_U SOURCE top_wrapper.cpp:123 VARIABLE out_mem_361 LOOP {} BUNDLEDNAME {} DSP 0 BRAM 0 URAM 0 STORAGESUBTYPE {task level} STORAGESIZE {32 2 1} STORAGEUSAGE {fifo channel} DISPNAME {bind_storage fifo} VISIBLE true} {BINDTYPE storage ID {} IMPL srl LATENCY 0 OPTYPE fifo PRAGMA {} RTLNAME out_mem_362_U SOURCE top_wrapper.cpp:123 VARIABLE out_mem_362 LOOP {} BUNDLEDNAME {} DSP 0 BRAM 0 URAM 0 STORAGESUBTYPE {task level} STORAGESIZE {32 2 1} STORAGEUSAGE {fifo channel} DISPNAME {bind_storage fifo} VISIBLE true} {BINDTYPE storage ID {} IMPL srl LATENCY 0 OPTYPE fifo PRAGMA {} RTLNAME out_mem_363_U SOURCE top_wrapper.cpp:123 VARIABLE out_mem_363 LOOP {} BUNDLEDNAME {} DSP 0 BRAM 0 URAM 0 STORAGESUBTYPE {task level} STORAGESIZE {32 2 1} STORAGEUSAGE {fifo channel} DISPNAME {bind_storage fifo} VISIBLE true} {BINDTYPE storage ID {} IMPL srl LATENCY 0 OPTYPE fifo PRAGMA {} RTLNAME out_mem_364_U SOURCE top_wrapper.cpp:123 VARIABLE out_mem_364 LOOP {} BUNDLEDNAME {} DSP 0 BRAM 0 URAM 0 STORAGESUBTYPE {task level} STORAGESIZE {32 2 1} STORAGEUSAGE {fifo channel} DISPNAME {bind_storage fifo} VISIBLE true} {BINDTYPE storage ID {} IMPL srl LATENCY 0 OPTYPE fifo PRAGMA {} RTLNAME out_mem_365_U SOURCE top_wrapper.cpp:123 VARIABLE out_mem_365 LOOP {} BUNDLEDNAME {} DSP 0 BRAM 0 URAM 0 STORAGESUBTYPE {task level} STORAGESIZE {32 2 1} STORAGEUSAGE {fifo channel} DISPNAME {bind_storage fifo} VISIBLE true} {BINDTYPE storage ID {} IMPL srl LATENCY 0 OPTYPE fifo PRAGMA {} RTLNAME out_mem_366_U SOURCE top_wrapper.cpp:123 VARIABLE out_mem_366 LOOP {} BUNDLEDNAME {} DSP 0 BRAM 0 URAM 0 STORAGESUBTYPE {task level} STORAGESIZE {32 2 1} STORAGEUSAGE {fifo channel} DISPNAME {bind_storage fifo} VISIBLE true} {BINDTYPE storage ID {} IMPL srl LATENCY 0 OPTYPE fifo PRAGMA {} RTLNAME out_mem_367_U SOURCE top_wrapper.cpp:123 VARIABLE out_mem_367 LOOP {} BUNDLEDNAME {} DSP 0 BRAM 0 URAM 0 STORAGESUBTYPE {task level} STORAGESIZE {32 2 1} STORAGEUSAGE {fifo channel} DISPNAME {bind_storage fifo} VISIBLE true} {BINDTYPE storage ID {} IMPL srl LATENCY 0 OPTYPE fifo PRAGMA {} RTLNAME out_mem_368_U SOURCE top_wrapper.cpp:123 VARIABLE out_mem_368 LOOP {} BUNDLEDNAME {} DSP 0 BRAM 0 URAM 0 STORAGESUBTYPE {task level} STORAGESIZE {32 2 1} STORAGEUSAGE {fifo channel} DISPNAME {bind_storage fifo} VISIBLE true} {BINDTYPE storage ID {} IMPL srl LATENCY 0 OPTYPE fifo PRAGMA {} RTLNAME out_mem_369_U SOURCE top_wrapper.cpp:123 VARIABLE out_mem_369 LOOP {} BUNDLEDNAME {} DSP 0 BRAM 0 URAM 0 STORAGESUBTYPE {task level} STORAGESIZE {32 2 1} STORAGEUSAGE {fifo channel} DISPNAME {bind_storage fifo} VISIBLE true} {BINDTYPE storage ID {} IMPL srl LATENCY 0 OPTYPE fifo PRAGMA {} RTLNAME out_mem_370_U SOURCE top_wrapper.cpp:123 VARIABLE out_mem_370 LOOP {} BUNDLEDNAME {} DSP 0 BRAM 0 URAM 0 STORAGESUBTYPE {task level} STORAGESIZE {32 2 1} STORAGEUSAGE {fifo channel} DISPNAME {bind_storage fifo} VISIBLE true} {BINDTYPE storage ID {} IMPL srl LATENCY 0 OPTYPE fifo PRAGMA {} RTLNAME out_mem_371_U SOURCE top_wrapper.cpp:123 VARIABLE out_mem_371 LOOP {} BUNDLEDNAME {} DSP 0 BRAM 0 URAM 0 STORAGESUBTYPE {task level} STORAGESIZE {32 2 1} STORAGEUSAGE {fifo channel} DISPNAME {bind_storage fifo} VISIBLE true} {BINDTYPE storage ID {} IMPL srl LATENCY 0 OPTYPE fifo PRAGMA {} RTLNAME out_mem_372_U SOURCE top_wrapper.cpp:123 VARIABLE out_mem_372 LOOP {} BUNDLEDNAME {} DSP 0 BRAM 0 URAM 0 STORAGESUBTYPE {task level} STORAGESIZE {32 2 1} STORAGEUSAGE {fifo channel} DISPNAME {bind_storage fifo} VISIBLE true} {BINDTYPE storage ID {} IMPL srl LATENCY 0 OPTYPE fifo PRAGMA {} RTLNAME out_mem_373_U SOURCE top_wrapper.cpp:123 VARIABLE out_mem_373 LOOP {} BUNDLEDNAME {} DSP 0 BRAM 0 URAM 0 STORAGESUBTYPE {task level} STORAGESIZE {32 2 1} STORAGEUSAGE {fifo channel} DISPNAME {bind_storage fifo} VISIBLE true} {BINDTYPE storage ID {} IMPL srl LATENCY 0 OPTYPE fifo PRAGMA {} RTLNAME out_mem_374_U SOURCE top_wrapper.cpp:123 VARIABLE out_mem_374 LOOP {} BUNDLEDNAME {} DSP 0 BRAM 0 URAM 0 STORAGESUBTYPE {task level} STORAGESIZE {32 2 1} STORAGEUSAGE {fifo channel} DISPNAME {bind_storage fifo} VISIBLE true} {BINDTYPE storage ID {} IMPL srl LATENCY 0 OPTYPE fifo PRAGMA {} RTLNAME out_mem_375_U SOURCE top_wrapper.cpp:123 VARIABLE out_mem_375 LOOP {} BUNDLEDNAME {} DSP 0 BRAM 0 URAM 0 STORAGESUBTYPE {task level} STORAGESIZE {32 2 1} STORAGEUSAGE {fifo channel} DISPNAME {bind_storage fifo} VISIBLE true} {BINDTYPE storage ID {} IMPL srl LATENCY 0 OPTYPE fifo PRAGMA {} RTLNAME out_mem_376_U SOURCE top_wrapper.cpp:123 VARIABLE out_mem_376 LOOP {} BUNDLEDNAME {} DSP 0 BRAM 0 URAM 0 STORAGESUBTYPE {task level} STORAGESIZE {32 2 1} STORAGEUSAGE {fifo channel} DISPNAME {bind_storage fifo} VISIBLE true} {BINDTYPE storage ID {} IMPL srl LATENCY 0 OPTYPE fifo PRAGMA {} RTLNAME out_mem_377_U SOURCE top_wrapper.cpp:123 VARIABLE out_mem_377 LOOP {} BUNDLEDNAME {} DSP 0 BRAM 0 URAM 0 STORAGESUBTYPE {task level} STORAGESIZE {32 2 1} STORAGEUSAGE {fifo channel} DISPNAME {bind_storage fifo} VISIBLE true} {BINDTYPE storage ID {} IMPL srl LATENCY 0 OPTYPE fifo PRAGMA {} RTLNAME out_mem_378_U SOURCE top_wrapper.cpp:123 VARIABLE out_mem_378 LOOP {} BUNDLEDNAME {} DSP 0 BRAM 0 URAM 0 STORAGESUBTYPE {task level} STORAGESIZE {32 2 1} STORAGEUSAGE {fifo channel} DISPNAME {bind_storage fifo} VISIBLE true} {BINDTYPE storage ID {} IMPL srl LATENCY 0 OPTYPE fifo PRAGMA {} RTLNAME out_mem_379_U SOURCE top_wrapper.cpp:123 VARIABLE out_mem_379 LOOP {} BUNDLEDNAME {} DSP 0 BRAM 0 URAM 0 STORAGESUBTYPE {task level} STORAGESIZE {32 2 1} STORAGEUSAGE {fifo channel} DISPNAME {bind_storage fifo} VISIBLE true} {BINDTYPE storage ID {} IMPL srl LATENCY 0 OPTYPE fifo PRAGMA {} RTLNAME out_mem_380_U SOURCE top_wrapper.cpp:123 VARIABLE out_mem_380 LOOP {} BUNDLEDNAME {} DSP 0 BRAM 0 URAM 0 STORAGESUBTYPE {task level} STORAGESIZE {32 2 1} STORAGEUSAGE {fifo channel} DISPNAME {bind_storage fifo} VISIBLE true} {BINDTYPE storage ID {} IMPL srl LATENCY 0 OPTYPE fifo PRAGMA {} RTLNAME out_mem_381_U SOURCE top_wrapper.cpp:123 VARIABLE out_mem_381 LOOP {} BUNDLEDNAME {} DSP 0 BRAM 0 URAM 0 STORAGESUBTYPE {task level} STORAGESIZE {32 2 1} STORAGEUSAGE {fifo channel} DISPNAME {bind_storage fifo} VISIBLE true} {BINDTYPE storage ID {} IMPL srl LATENCY 0 OPTYPE fifo PRAGMA {} RTLNAME out_mem_382_U SOURCE top_wrapper.cpp:123 VARIABLE out_mem_382 LOOP {} BUNDLEDNAME {} DSP 0 BRAM 0 URAM 0 STORAGESUBTYPE {task level} STORAGESIZE {32 2 1} STORAGEUSAGE {fifo channel} DISPNAME {bind_storage fifo} VISIBLE true} {BINDTYPE storage ID {} IMPL srl LATENCY 0 OPTYPE fifo PRAGMA {} RTLNAME out_mem_383_U SOURCE top_wrapper.cpp:123 VARIABLE out_mem_383 LOOP {} BUNDLEDNAME {} DSP 0 BRAM 0 URAM 0 STORAGESUBTYPE {task level} STORAGESIZE {32 2 1} STORAGEUSAGE {fifo channel} DISPNAME {bind_storage fifo} VISIBLE true} {BINDTYPE storage ID {} IMPL srl LATENCY 0 OPTYPE fifo PRAGMA {} RTLNAME out_mem_384_U SOURCE top_wrapper.cpp:123 VARIABLE out_mem_384 LOOP {} BUNDLEDNAME {} DSP 0 BRAM 0 URAM 0 STORAGESUBTYPE {task level} STORAGESIZE {32 2 1} STORAGEUSAGE {fifo channel} DISPNAME {bind_storage fifo} VISIBLE true} {BINDTYPE storage ID {} IMPL srl LATENCY 0 OPTYPE fifo PRAGMA {} RTLNAME out_mem_385_U SOURCE top_wrapper.cpp:123 VARIABLE out_mem_385 LOOP {} BUNDLEDNAME {} DSP 0 BRAM 0 URAM 0 STORAGESUBTYPE {task level} STORAGESIZE {32 2 1} STORAGEUSAGE {fifo channel} DISPNAME {bind_storage fifo} VISIBLE true} {BINDTYPE storage ID {} IMPL srl LATENCY 0 OPTYPE fifo PRAGMA {} RTLNAME out_mem_386_U SOURCE top_wrapper.cpp:123 VARIABLE out_mem_386 LOOP {} BUNDLEDNAME {} DSP 0 BRAM 0 URAM 0 STORAGESUBTYPE {task level} STORAGESIZE {32 2 1} STORAGEUSAGE {fifo channel} DISPNAME {bind_storage fifo} VISIBLE true} {BINDTYPE storage ID {} IMPL srl LATENCY 0 OPTYPE fifo PRAGMA {} RTLNAME out_mem_387_U SOURCE top_wrapper.cpp:123 VARIABLE out_mem_387 LOOP {} BUNDLEDNAME {} DSP 0 BRAM 0 URAM 0 STORAGESUBTYPE {task level} STORAGESIZE {32 2 1} STORAGEUSAGE {fifo channel} DISPNAME {bind_storage fifo} VISIBLE true} {BINDTYPE storage ID {} IMPL srl LATENCY 0 OPTYPE fifo PRAGMA {} RTLNAME out_mem_388_U SOURCE top_wrapper.cpp:123 VARIABLE out_mem_388 LOOP {} BUNDLEDNAME {} DSP 0 BRAM 0 URAM 0 STORAGESUBTYPE {task level} STORAGESIZE {32 2 1} STORAGEUSAGE {fifo channel} DISPNAME {bind_storage fifo} VISIBLE true} {BINDTYPE storage ID {} IMPL srl LATENCY 0 OPTYPE fifo PRAGMA {} RTLNAME out_mem_389_U SOURCE top_wrapper.cpp:123 VARIABLE out_mem_389 LOOP {} BUNDLEDNAME {} DSP 0 BRAM 0 URAM 0 STORAGESUBTYPE {task level} STORAGESIZE {32 2 1} STORAGEUSAGE {fifo channel} DISPNAME {bind_storage fifo} VISIBLE true} {BINDTYPE storage ID {} IMPL srl LATENCY 0 OPTYPE fifo PRAGMA {} RTLNAME out_mem_390_U SOURCE top_wrapper.cpp:123 VARIABLE out_mem_390 LOOP {} BUNDLEDNAME {} DSP 0 BRAM 0 URAM 0 STORAGESUBTYPE {task level} STORAGESIZE {32 2 1} STORAGEUSAGE {fifo channel} DISPNAME {bind_storage fifo} VISIBLE true} {BINDTYPE storage ID {} IMPL srl LATENCY 0 OPTYPE fifo PRAGMA {} RTLNAME out_mem_391_U SOURCE top_wrapper.cpp:123 VARIABLE out_mem_391 LOOP {} BUNDLEDNAME {} DSP 0 BRAM 0 URAM 0 STORAGESUBTYPE {task level} STORAGESIZE {32 2 1} STORAGEUSAGE {fifo channel} DISPNAME {bind_storage fifo} VISIBLE true} {BINDTYPE storage ID {} IMPL srl LATENCY 0 OPTYPE fifo PRAGMA {} RTLNAME out_mem_392_U SOURCE top_wrapper.cpp:123 VARIABLE out_mem_392 LOOP {} BUNDLEDNAME {} DSP 0 BRAM 0 URAM 0 STORAGESUBTYPE {task level} STORAGESIZE {32 2 1} STORAGEUSAGE {fifo channel} DISPNAME {bind_storage fifo} VISIBLE true} {BINDTYPE storage ID {} IMPL srl LATENCY 0 OPTYPE fifo PRAGMA {} RTLNAME out_mem_393_U SOURCE top_wrapper.cpp:123 VARIABLE out_mem_393 LOOP {} BUNDLEDNAME {} DSP 0 BRAM 0 URAM 0 STORAGESUBTYPE {task level} STORAGESIZE {32 2 1} STORAGEUSAGE {fifo channel} DISPNAME {bind_storage fifo} VISIBLE true} {BINDTYPE storage ID {} IMPL srl LATENCY 0 OPTYPE fifo PRAGMA {} RTLNAME out_mem_394_U SOURCE top_wrapper.cpp:123 VARIABLE out_mem_394 LOOP {} BUNDLEDNAME {} DSP 0 BRAM 0 URAM 0 STORAGESUBTYPE {task level} STORAGESIZE {32 2 1} STORAGEUSAGE {fifo channel} DISPNAME {bind_storage fifo} VISIBLE true} {BINDTYPE storage ID {} IMPL srl LATENCY 0 OPTYPE fifo PRAGMA {} RTLNAME out_mem_395_U SOURCE top_wrapper.cpp:123 VARIABLE out_mem_395 LOOP {} BUNDLEDNAME {} DSP 0 BRAM 0 URAM 0 STORAGESUBTYPE {task level} STORAGESIZE {32 2 1} STORAGEUSAGE {fifo channel} DISPNAME {bind_storage fifo} VISIBLE true} {BINDTYPE storage ID {} IMPL srl LATENCY 0 OPTYPE fifo PRAGMA {} RTLNAME out_mem_396_U SOURCE top_wrapper.cpp:123 VARIABLE out_mem_396 LOOP {} BUNDLEDNAME {} DSP 0 BRAM 0 URAM 0 STORAGESUBTYPE {task level} STORAGESIZE {32 2 1} STORAGEUSAGE {fifo channel} DISPNAME {bind_storage fifo} VISIBLE true} {BINDTYPE storage ID {} IMPL srl LATENCY 0 OPTYPE fifo PRAGMA {} RTLNAME out_mem_397_U SOURCE top_wrapper.cpp:123 VARIABLE out_mem_397 LOOP {} BUNDLEDNAME {} DSP 0 BRAM 0 URAM 0 STORAGESUBTYPE {task level} STORAGESIZE {32 2 1} STORAGEUSAGE {fifo channel} DISPNAME {bind_storage fifo} VISIBLE true} {BINDTYPE storage ID {} IMPL srl LATENCY 0 OPTYPE fifo PRAGMA {} RTLNAME out_mem_398_U SOURCE top_wrapper.cpp:123 VARIABLE out_mem_398 LOOP {} BUNDLEDNAME {} DSP 0 BRAM 0 URAM 0 STORAGESUBTYPE {task level} STORAGESIZE {32 2 1} STORAGEUSAGE {fifo channel} DISPNAME {bind_storage fifo} VISIBLE true} {BINDTYPE storage ID {} IMPL srl LATENCY 0 OPTYPE fifo PRAGMA {} RTLNAME out_mem_399_U SOURCE top_wrapper.cpp:123 VARIABLE out_mem_399 LOOP {} BUNDLEDNAME {} DSP 0 BRAM 0 URAM 0 STORAGESUBTYPE {task level} STORAGESIZE {32 2 1} STORAGEUSAGE {fifo channel} DISPNAME {bind_storage fifo} VISIBLE true} {BINDTYPE storage ID {} IMPL srl LATENCY 0 OPTYPE fifo PRAGMA {} RTLNAME out_mem_400_U SOURCE top_wrapper.cpp:123 VARIABLE out_mem_400 LOOP {} BUNDLEDNAME {} DSP 0 BRAM 0 URAM 0 STORAGESUBTYPE {task level} STORAGESIZE {32 2 1} STORAGEUSAGE {fifo channel} DISPNAME {bind_storage fifo} VISIBLE true} {BINDTYPE storage ID {} IMPL srl LATENCY 0 OPTYPE fifo PRAGMA {} RTLNAME out_mem_401_U SOURCE top_wrapper.cpp:123 VARIABLE out_mem_401 LOOP {} BUNDLEDNAME {} DSP 0 BRAM 0 URAM 0 STORAGESUBTYPE {task level} STORAGESIZE {32 2 1} STORAGEUSAGE {fifo channel} DISPNAME {bind_storage fifo} VISIBLE true} {BINDTYPE storage ID {} IMPL srl LATENCY 0 OPTYPE fifo PRAGMA {} RTLNAME out_mem_402_U SOURCE top_wrapper.cpp:123 VARIABLE out_mem_402 LOOP {} BUNDLEDNAME {} DSP 0 BRAM 0 URAM 0 STORAGESUBTYPE {task level} STORAGESIZE {32 2 1} STORAGEUSAGE {fifo channel} DISPNAME {bind_storage fifo} VISIBLE true} {BINDTYPE storage ID {} IMPL srl LATENCY 0 OPTYPE fifo PRAGMA {} RTLNAME out_mem_403_U SOURCE top_wrapper.cpp:123 VARIABLE out_mem_403 LOOP {} BUNDLEDNAME {} DSP 0 BRAM 0 URAM 0 STORAGESUBTYPE {task level} STORAGESIZE {32 2 1} STORAGEUSAGE {fifo channel} DISPNAME {bind_storage fifo} VISIBLE true} {BINDTYPE storage ID {} IMPL srl LATENCY 0 OPTYPE fifo PRAGMA {} RTLNAME out_mem_404_U SOURCE top_wrapper.cpp:123 VARIABLE out_mem_404 LOOP {} BUNDLEDNAME {} DSP 0 BRAM 0 URAM 0 STORAGESUBTYPE {task level} STORAGESIZE {32 2 1} STORAGEUSAGE {fifo channel} DISPNAME {bind_storage fifo} VISIBLE true} {BINDTYPE storage ID {} IMPL srl LATENCY 0 OPTYPE fifo PRAGMA {} RTLNAME out_mem_405_U SOURCE top_wrapper.cpp:123 VARIABLE out_mem_405 LOOP {} BUNDLEDNAME {} DSP 0 BRAM 0 URAM 0 STORAGESUBTYPE {task level} STORAGESIZE {32 2 1} STORAGEUSAGE {fifo channel} DISPNAME {bind_storage fifo} VISIBLE true} {BINDTYPE storage ID {} IMPL srl LATENCY 0 OPTYPE fifo PRAGMA {} RTLNAME out_mem_406_U SOURCE top_wrapper.cpp:123 VARIABLE out_mem_406 LOOP {} BUNDLEDNAME {} DSP 0 BRAM 0 URAM 0 STORAGESUBTYPE {task level} STORAGESIZE {32 2 1} STORAGEUSAGE {fifo channel} DISPNAME {bind_storage fifo} VISIBLE true} {BINDTYPE storage ID {} IMPL srl LATENCY 0 OPTYPE fifo PRAGMA {} RTLNAME out_mem_407_U SOURCE top_wrapper.cpp:123 VARIABLE out_mem_407 LOOP {} BUNDLEDNAME {} DSP 0 BRAM 0 URAM 0 STORAGESUBTYPE {task level} STORAGESIZE {32 2 1} STORAGEUSAGE {fifo channel} DISPNAME {bind_storage fifo} VISIBLE true} {BINDTYPE storage ID {} IMPL srl LATENCY 0 OPTYPE fifo PRAGMA {} RTLNAME out_mem_408_U SOURCE top_wrapper.cpp:123 VARIABLE out_mem_408 LOOP {} BUNDLEDNAME {} DSP 0 BRAM 0 URAM 0 STORAGESUBTYPE {task level} STORAGESIZE {32 2 1} STORAGEUSAGE {fifo channel} DISPNAME {bind_storage fifo} VISIBLE true} {BINDTYPE storage ID {} IMPL srl LATENCY 0 OPTYPE fifo PRAGMA {} RTLNAME out_mem_409_U SOURCE top_wrapper.cpp:123 VARIABLE out_mem_409 LOOP {} BUNDLEDNAME {} DSP 0 BRAM 0 URAM 0 STORAGESUBTYPE {task level} STORAGESIZE {32 2 1} STORAGEUSAGE {fifo channel} DISPNAME {bind_storage fifo} VISIBLE true} {BINDTYPE storage ID {} IMPL srl LATENCY 0 OPTYPE fifo PRAGMA {} RTLNAME out_mem_410_U SOURCE top_wrapper.cpp:123 VARIABLE out_mem_410 LOOP {} BUNDLEDNAME {} DSP 0 BRAM 0 URAM 0 STORAGESUBTYPE {task level} STORAGESIZE {32 2 1} STORAGEUSAGE {fifo channel} DISPNAME {bind_storage fifo} VISIBLE true} {BINDTYPE storage ID {} IMPL srl LATENCY 0 OPTYPE fifo PRAGMA {} RTLNAME out_mem_411_U SOURCE top_wrapper.cpp:123 VARIABLE out_mem_411 LOOP {} BUNDLEDNAME {} DSP 0 BRAM 0 URAM 0 STORAGESUBTYPE {task level} STORAGESIZE {32 2 1} STORAGEUSAGE {fifo channel} DISPNAME {bind_storage fifo} VISIBLE true} {BINDTYPE storage ID {} IMPL srl LATENCY 0 OPTYPE fifo PRAGMA {} RTLNAME out_mem_412_U SOURCE top_wrapper.cpp:123 VARIABLE out_mem_412 LOOP {} BUNDLEDNAME {} DSP 0 BRAM 0 URAM 0 STORAGESUBTYPE {task level} STORAGESIZE {32 2 1} STORAGEUSAGE {fifo channel} DISPNAME {bind_storage fifo} VISIBLE true} {BINDTYPE storage ID {} IMPL srl LATENCY 0 OPTYPE fifo PRAGMA {} RTLNAME out_mem_413_U SOURCE top_wrapper.cpp:123 VARIABLE out_mem_413 LOOP {} BUNDLEDNAME {} DSP 0 BRAM 0 URAM 0 STORAGESUBTYPE {task level} STORAGESIZE {32 2 1} STORAGEUSAGE {fifo channel} DISPNAME {bind_storage fifo} VISIBLE true} {BINDTYPE storage ID {} IMPL srl LATENCY 0 OPTYPE fifo PRAGMA {} RTLNAME out_mem_414_U SOURCE top_wrapper.cpp:123 VARIABLE out_mem_414 LOOP {} BUNDLEDNAME {} DSP 0 BRAM 0 URAM 0 STORAGESUBTYPE {task level} STORAGESIZE {32 2 1} STORAGEUSAGE {fifo channel} DISPNAME {bind_storage fifo} VISIBLE true} {BINDTYPE storage ID {} IMPL srl LATENCY 0 OPTYPE fifo PRAGMA {} RTLNAME out_mem_415_U SOURCE top_wrapper.cpp:123 VARIABLE out_mem_415 LOOP {} BUNDLEDNAME {} DSP 0 BRAM 0 URAM 0 STORAGESUBTYPE {task level} STORAGESIZE {32 2 1} STORAGEUSAGE {fifo channel} DISPNAME {bind_storage fifo} VISIBLE true} {BINDTYPE storage ID {} IMPL srl LATENCY 0 OPTYPE fifo PRAGMA {} RTLNAME out_mem_416_U SOURCE top_wrapper.cpp:123 VARIABLE out_mem_416 LOOP {} BUNDLEDNAME {} DSP 0 BRAM 0 URAM 0 STORAGESUBTYPE {task level} STORAGESIZE {32 2 1} STORAGEUSAGE {fifo channel} DISPNAME {bind_storage fifo} VISIBLE true} {BINDTYPE storage ID {} IMPL srl LATENCY 0 OPTYPE fifo PRAGMA {} RTLNAME out_mem_417_U SOURCE top_wrapper.cpp:123 VARIABLE out_mem_417 LOOP {} BUNDLEDNAME {} DSP 0 BRAM 0 URAM 0 STORAGESUBTYPE {task level} STORAGESIZE {32 2 1} STORAGEUSAGE {fifo channel} DISPNAME {bind_storage fifo} VISIBLE true} {BINDTYPE storage ID {} IMPL srl LATENCY 0 OPTYPE fifo PRAGMA {} RTLNAME out_mem_418_U SOURCE top_wrapper.cpp:123 VARIABLE out_mem_418 LOOP {} BUNDLEDNAME {} DSP 0 BRAM 0 URAM 0 STORAGESUBTYPE {task level} STORAGESIZE {32 2 1} STORAGEUSAGE {fifo channel} DISPNAME {bind_storage fifo} VISIBLE true} {BINDTYPE storage ID {} IMPL srl LATENCY 0 OPTYPE fifo PRAGMA {} RTLNAME out_mem_419_U SOURCE top_wrapper.cpp:123 VARIABLE out_mem_419 LOOP {} BUNDLEDNAME {} DSP 0 BRAM 0 URAM 0 STORAGESUBTYPE {task level} STORAGESIZE {32 2 1} STORAGEUSAGE {fifo channel} DISPNAME {bind_storage fifo} VISIBLE true} {BINDTYPE storage ID {} IMPL srl LATENCY 0 OPTYPE fifo PRAGMA {} RTLNAME out_mem_420_U SOURCE top_wrapper.cpp:123 VARIABLE out_mem_420 LOOP {} BUNDLEDNAME {} DSP 0 BRAM 0 URAM 0 STORAGESUBTYPE {task level} STORAGESIZE {32 2 1} STORAGEUSAGE {fifo channel} DISPNAME {bind_storage fifo} VISIBLE true} {BINDTYPE storage ID {} IMPL srl LATENCY 0 OPTYPE fifo PRAGMA {} RTLNAME out_mem_421_U SOURCE top_wrapper.cpp:123 VARIABLE out_mem_421 LOOP {} BUNDLEDNAME {} DSP 0 BRAM 0 URAM 0 STORAGESUBTYPE {task level} STORAGESIZE {32 2 1} STORAGEUSAGE {fifo channel} DISPNAME {bind_storage fifo} VISIBLE true} {BINDTYPE storage ID {} IMPL srl LATENCY 0 OPTYPE fifo PRAGMA {} RTLNAME out_mem_422_U SOURCE top_wrapper.cpp:123 VARIABLE out_mem_422 LOOP {} BUNDLEDNAME {} DSP 0 BRAM 0 URAM 0 STORAGESUBTYPE {task level} STORAGESIZE {32 2 1} STORAGEUSAGE {fifo channel} DISPNAME {bind_storage fifo} VISIBLE true} {BINDTYPE storage ID {} IMPL srl LATENCY 0 OPTYPE fifo PRAGMA {} RTLNAME out_mem_423_U SOURCE top_wrapper.cpp:123 VARIABLE out_mem_423 LOOP {} BUNDLEDNAME {} DSP 0 BRAM 0 URAM 0 STORAGESUBTYPE {task level} STORAGESIZE {32 2 1} STORAGEUSAGE {fifo channel} DISPNAME {bind_storage fifo} VISIBLE true} {BINDTYPE storage ID {} IMPL srl LATENCY 0 OPTYPE fifo PRAGMA {} RTLNAME out_mem_424_U SOURCE top_wrapper.cpp:123 VARIABLE out_mem_424 LOOP {} BUNDLEDNAME {} DSP 0 BRAM 0 URAM 0 STORAGESUBTYPE {task level} STORAGESIZE {32 2 1} STORAGEUSAGE {fifo channel} DISPNAME {bind_storage fifo} VISIBLE true} {BINDTYPE storage ID {} IMPL srl LATENCY 0 OPTYPE fifo PRAGMA {} RTLNAME out_mem_425_U SOURCE top_wrapper.cpp:123 VARIABLE out_mem_425 LOOP {} BUNDLEDNAME {} DSP 0 BRAM 0 URAM 0 STORAGESUBTYPE {task level} STORAGESIZE {32 2 1} STORAGEUSAGE {fifo channel} DISPNAME {bind_storage fifo} VISIBLE true} {BINDTYPE storage ID {} IMPL srl LATENCY 0 OPTYPE fifo PRAGMA {} RTLNAME out_mem_426_U SOURCE top_wrapper.cpp:123 VARIABLE out_mem_426 LOOP {} BUNDLEDNAME {} DSP 0 BRAM 0 URAM 0 STORAGESUBTYPE {task level} STORAGESIZE {32 2 1} STORAGEUSAGE {fifo channel} DISPNAME {bind_storage fifo} VISIBLE true} {BINDTYPE storage ID {} IMPL srl LATENCY 0 OPTYPE fifo PRAGMA {} RTLNAME out_mem_427_U SOURCE top_wrapper.cpp:123 VARIABLE out_mem_427 LOOP {} BUNDLEDNAME {} DSP 0 BRAM 0 URAM 0 STORAGESUBTYPE {task level} STORAGESIZE {32 2 1} STORAGEUSAGE {fifo channel} DISPNAME {bind_storage fifo} VISIBLE true} {BINDTYPE storage ID {} IMPL srl LATENCY 0 OPTYPE fifo PRAGMA {} RTLNAME out_mem_428_U SOURCE top_wrapper.cpp:123 VARIABLE out_mem_428 LOOP {} BUNDLEDNAME {} DSP 0 BRAM 0 URAM 0 STORAGESUBTYPE {task level} STORAGESIZE {32 2 1} STORAGEUSAGE {fifo channel} DISPNAME {bind_storage fifo} VISIBLE true} {BINDTYPE storage ID {} IMPL srl LATENCY 0 OPTYPE fifo PRAGMA {} RTLNAME out_mem_429_U SOURCE top_wrapper.cpp:123 VARIABLE out_mem_429 LOOP {} BUNDLEDNAME {} DSP 0 BRAM 0 URAM 0 STORAGESUBTYPE {task level} STORAGESIZE {32 2 1} STORAGEUSAGE {fifo channel} DISPNAME {bind_storage fifo} VISIBLE true} {BINDTYPE storage ID {} IMPL srl LATENCY 0 OPTYPE fifo PRAGMA {} RTLNAME out_mem_430_U SOURCE top_wrapper.cpp:123 VARIABLE out_mem_430 LOOP {} BUNDLEDNAME {} DSP 0 BRAM 0 URAM 0 STORAGESUBTYPE {task level} STORAGESIZE {32 2 1} STORAGEUSAGE {fifo channel} DISPNAME {bind_storage fifo} VISIBLE true} {BINDTYPE storage ID {} IMPL srl LATENCY 0 OPTYPE fifo PRAGMA {} RTLNAME out_mem_431_U SOURCE top_wrapper.cpp:123 VARIABLE out_mem_431 LOOP {} BUNDLEDNAME {} DSP 0 BRAM 0 URAM 0 STORAGESUBTYPE {task level} STORAGESIZE {32 2 1} STORAGEUSAGE {fifo channel} DISPNAME {bind_storage fifo} VISIBLE true} {BINDTYPE storage ID {} IMPL srl LATENCY 0 OPTYPE fifo PRAGMA {} RTLNAME out_mem_432_U SOURCE top_wrapper.cpp:123 VARIABLE out_mem_432 LOOP {} BUNDLEDNAME {} DSP 0 BRAM 0 URAM 0 STORAGESUBTYPE {task level} STORAGESIZE {32 2 1} STORAGEUSAGE {fifo channel} DISPNAME {bind_storage fifo} VISIBLE true} {BINDTYPE storage ID {} IMPL srl LATENCY 0 OPTYPE fifo PRAGMA {} RTLNAME out_mem_433_U SOURCE top_wrapper.cpp:123 VARIABLE out_mem_433 LOOP {} BUNDLEDNAME {} DSP 0 BRAM 0 URAM 0 STORAGESUBTYPE {task level} STORAGESIZE {32 2 1} STORAGEUSAGE {fifo channel} DISPNAME {bind_storage fifo} VISIBLE true} {BINDTYPE storage ID {} IMPL srl LATENCY 0 OPTYPE fifo PRAGMA {} RTLNAME out_mem_434_U SOURCE top_wrapper.cpp:123 VARIABLE out_mem_434 LOOP {} BUNDLEDNAME {} DSP 0 BRAM 0 URAM 0 STORAGESUBTYPE {task level} STORAGESIZE {32 2 1} STORAGEUSAGE {fifo channel} DISPNAME {bind_storage fifo} VISIBLE true} {BINDTYPE storage ID {} IMPL srl LATENCY 0 OPTYPE fifo PRAGMA {} RTLNAME out_mem_435_U SOURCE top_wrapper.cpp:123 VARIABLE out_mem_435 LOOP {} BUNDLEDNAME {} DSP 0 BRAM 0 URAM 0 STORAGESUBTYPE {task level} STORAGESIZE {32 2 1} STORAGEUSAGE {fifo channel} DISPNAME {bind_storage fifo} VISIBLE true} {BINDTYPE storage ID {} IMPL srl LATENCY 0 OPTYPE fifo PRAGMA {} RTLNAME out_mem_436_U SOURCE top_wrapper.cpp:123 VARIABLE out_mem_436 LOOP {} BUNDLEDNAME {} DSP 0 BRAM 0 URAM 0 STORAGESUBTYPE {task level} STORAGESIZE {32 2 1} STORAGEUSAGE {fifo channel} DISPNAME {bind_storage fifo} VISIBLE true} {BINDTYPE storage ID {} IMPL srl LATENCY 0 OPTYPE fifo PRAGMA {} RTLNAME out_mem_437_U SOURCE top_wrapper.cpp:123 VARIABLE out_mem_437 LOOP {} BUNDLEDNAME {} DSP 0 BRAM 0 URAM 0 STORAGESUBTYPE {task level} STORAGESIZE {32 2 1} STORAGEUSAGE {fifo channel} DISPNAME {bind_storage fifo} VISIBLE true} {BINDTYPE storage ID {} IMPL srl LATENCY 0 OPTYPE fifo PRAGMA {} RTLNAME out_mem_438_U SOURCE top_wrapper.cpp:123 VARIABLE out_mem_438 LOOP {} BUNDLEDNAME {} DSP 0 BRAM 0 URAM 0 STORAGESUBTYPE {task level} STORAGESIZE {32 2 1} STORAGEUSAGE {fifo channel} DISPNAME {bind_storage fifo} VISIBLE true} {BINDTYPE storage ID {} IMPL srl LATENCY 0 OPTYPE fifo PRAGMA {} RTLNAME out_mem_439_U SOURCE top_wrapper.cpp:123 VARIABLE out_mem_439 LOOP {} BUNDLEDNAME {} DSP 0 BRAM 0 URAM 0 STORAGESUBTYPE {task level} STORAGESIZE {32 2 1} STORAGEUSAGE {fifo channel} DISPNAME {bind_storage fifo} VISIBLE true} {BINDTYPE storage ID {} IMPL srl LATENCY 0 OPTYPE fifo PRAGMA {} RTLNAME out_mem_440_U SOURCE top_wrapper.cpp:123 VARIABLE out_mem_440 LOOP {} BUNDLEDNAME {} DSP 0 BRAM 0 URAM 0 STORAGESUBTYPE {task level} STORAGESIZE {32 2 1} STORAGEUSAGE {fifo channel} DISPNAME {bind_storage fifo} VISIBLE true} {BINDTYPE storage ID {} IMPL srl LATENCY 0 OPTYPE fifo PRAGMA {} RTLNAME out_mem_441_U SOURCE top_wrapper.cpp:123 VARIABLE out_mem_441 LOOP {} BUNDLEDNAME {} DSP 0 BRAM 0 URAM 0 STORAGESUBTYPE {task level} STORAGESIZE {32 2 1} STORAGEUSAGE {fifo channel} DISPNAME {bind_storage fifo} VISIBLE true} {BINDTYPE storage ID {} IMPL srl LATENCY 0 OPTYPE fifo PRAGMA {} RTLNAME out_mem_442_U SOURCE top_wrapper.cpp:123 VARIABLE out_mem_442 LOOP {} BUNDLEDNAME {} DSP 0 BRAM 0 URAM 0 STORAGESUBTYPE {task level} STORAGESIZE {32 2 1} STORAGEUSAGE {fifo channel} DISPNAME {bind_storage fifo} VISIBLE true} {BINDTYPE storage ID {} IMPL srl LATENCY 0 OPTYPE fifo PRAGMA {} RTLNAME out_mem_443_U SOURCE top_wrapper.cpp:123 VARIABLE out_mem_443 LOOP {} BUNDLEDNAME {} DSP 0 BRAM 0 URAM 0 STORAGESUBTYPE {task level} STORAGESIZE {32 2 1} STORAGEUSAGE {fifo channel} DISPNAME {bind_storage fifo} VISIBLE true} {BINDTYPE storage ID {} IMPL srl LATENCY 0 OPTYPE fifo PRAGMA {} RTLNAME out_mem_444_U SOURCE top_wrapper.cpp:123 VARIABLE out_mem_444 LOOP {} BUNDLEDNAME {} DSP 0 BRAM 0 URAM 0 STORAGESUBTYPE {task level} STORAGESIZE {32 2 1} STORAGEUSAGE {fifo channel} DISPNAME {bind_storage fifo} VISIBLE true} {BINDTYPE storage ID {} IMPL srl LATENCY 0 OPTYPE fifo PRAGMA {} RTLNAME out_mem_445_U SOURCE top_wrapper.cpp:123 VARIABLE out_mem_445 LOOP {} BUNDLEDNAME {} DSP 0 BRAM 0 URAM 0 STORAGESUBTYPE {task level} STORAGESIZE {32 2 1} STORAGEUSAGE {fifo channel} DISPNAME {bind_storage fifo} VISIBLE true} {BINDTYPE storage ID {} IMPL srl LATENCY 0 OPTYPE fifo PRAGMA {} RTLNAME out_mem_446_U SOURCE top_wrapper.cpp:123 VARIABLE out_mem_446 LOOP {} BUNDLEDNAME {} DSP 0 BRAM 0 URAM 0 STORAGESUBTYPE {task level} STORAGESIZE {32 2 1} STORAGEUSAGE {fifo channel} DISPNAME {bind_storage fifo} VISIBLE true} {BINDTYPE storage ID {} IMPL srl LATENCY 0 OPTYPE fifo PRAGMA {} RTLNAME out_mem_447_U SOURCE top_wrapper.cpp:123 VARIABLE out_mem_447 LOOP {} BUNDLEDNAME {} DSP 0 BRAM 0 URAM 0 STORAGESUBTYPE {task level} STORAGESIZE {32 2 1} STORAGEUSAGE {fifo channel} DISPNAME {bind_storage fifo} VISIBLE true} {BINDTYPE storage ID {} IMPL srl LATENCY 0 OPTYPE fifo PRAGMA {} RTLNAME out_mem_448_U SOURCE top_wrapper.cpp:123 VARIABLE out_mem_448 LOOP {} BUNDLEDNAME {} DSP 0 BRAM 0 URAM 0 STORAGESUBTYPE {task level} STORAGESIZE {32 2 1} STORAGEUSAGE {fifo channel} DISPNAME {bind_storage fifo} VISIBLE true} {BINDTYPE storage ID {} IMPL srl LATENCY 0 OPTYPE fifo PRAGMA {} RTLNAME out_mem449_U SOURCE top_wrapper.cpp:123 VARIABLE out_mem449 LOOP {} BUNDLEDNAME {} DSP 0 BRAM 0 URAM 0 STORAGESUBTYPE {task level} STORAGESIZE {32 2 1} STORAGEUSAGE {fifo channel} DISPNAME {bind_storage fifo} VISIBLE true}} AREA {DSP 31 BRAM 0 URAM 0}} entry_proc {AREA {DSP 0 BRAM 0 URAM 0}} top_wrapper {AREA {DSP 31 BRAM 14 URAM 0}}}}'
INFO-FLOW: DBG:PUTS:      update_csynth_reports json2rpt_hw_sw_interfaces
Execute         send_msg_by_id INFO @200-1603@%s  and missed bursts 
INFO: [HLS 200-1603] Design has inferred MAXI bursts and missed bursts, see Vitis HLS GUI synthesis summary report for detailed information.
INFO-FLOW: Running: gen_csynth_sec_pragma
INFO-FLOW: Done: gen_csynth_sec_pragma time: 0 seconds per iteration
INFO-FLOW: DBG:PUTS:      update_csynth_reports wrote xml
INFO-FLOW: DBG:PUTS:      update_csynth_reports appended to csynth rpt file
INFO: [HLS 200-111] Finished Updating report files: CPU user time: 1.46 seconds. CPU system time: 0.02 seconds. Elapsed time: 1.48 seconds; current allocated memory: 2.381 GB.
INFO: [VHDL 208-304] Generating VHDL RTL for top_wrapper.
INFO: [VLOG 209-307] Generating Verilog RTL for top_wrapper.
Execute         syn_report -model top_wrapper -printsummary 
INFO: [HLS 200-790] **** Loop Constraint Status: All loop constraints were satisfied.
INFO: [HLS 200-789] **** Estimated Fmax: 273.97 MHz
Command       autosyn done; 66.89 sec.
Command     csynth_design done; 118.17 sec.
INFO: [HLS 200-2161] Finished Command csynth_design Elapsed time: 00:01:58; Allocated memory: 1.755 GB.
Execute     cosim_design 
INFO: [HLS 200-1510] Running: cosim_design 
Execute       ::AP::init_summary_file cosim 
Execute       source /home/lorenzor/workspace/convolution/convolution/solution_0/.autopilot/db/global.setting.tcl 
Execute       source /home/lorenzor/workspace/convolution/convolution/solution_0/.autopilot/db/global.setting.tcl 
Execute       source /home/lorenzor/workspace/convolution/convolution/solution_0/.autopilot/db/global.setting.tcl 
Execute       send_msg_by_id WARNING @200-626@ 
WARNING: [HLS 200-626] This design is unable to schedule all read ports in the first II cycle. The RTL testbench may treat the design as non-pipelined
INFO-FLOW: DBG:PUTS: read_platform_lib /home/lorenzor/workspace/convolution/convolution/solution_0/.autopilot/db/global.setting.tcl
Execute       source /tools/Xilinx/Vitis/2024.2/common/technology/generic/autopilot/common.gen 
Execute         source /tools/Xilinx/Vitis/2024.2/common/technology/generic/autopilot/APCoreGen.gen 
Execute       source /tools/Xilinx/Vitis/2024.2/common/technology/generic/autopilot/op.gen 
Execute       source /tools/Xilinx/Vitis/2024.2/common/technology/generic/autopilot/op_simcore.gen 
Execute       source /tools/Xilinx/Vitis/2024.2/common/technology/generic/autopilot/interface.gen 
Execute       source /home/lorenzor/workspace/convolution/convolution/solution_0/.autopilot/db/global.setting.tcl 
Execute       source /tools/Xilinx/Vitis/2024.2/common/technology/xilinx/common/xilinx.gen 
Execute         source /tools/Xilinx/Vitis/2024.2/common/technology/xilinx/interface/plb46.gen 
Execute         source /tools/Xilinx/Vitis/2024.2/common/technology/xilinx/interface/axi4.gen 
Execute         source /tools/Xilinx/Vitis/2024.2/common/technology/xilinx/interface/nativeAXI4.gen 
Execute           source /tools/Xilinx/Vitis/2024.2/common/technology/xilinx/interface/saxilite.gen 
Execute         source /tools/Xilinx/Vitis/2024.2/common/technology/xilinx/scripts/xilinxcoregen.gen 
Execute         source /tools/Xilinx/Vitis/2024.2/common/technology/xilinx/interface/XilEDKCoreGen.gen 
Execute         source /tools/Xilinx/Vitis/2024.2/common/technology/xilinx/ip/util.gen 
Execute         source /tools/Xilinx/Vitis/2024.2/common/technology/xilinx/ip/xfft.gen 
Execute         source /tools/Xilinx/Vitis/2024.2/common/technology/xilinx/ip/xfir.gen 
Execute         source /tools/Xilinx/Vitis/2024.2/common/technology/xilinx/ip/dds_compiler.gen 
Execute         source /tools/Xilinx/Vitis/2024.2/common/technology/xilinx/DSP48/dsp48.gen 
Execute       ap_part_info -name xck26-sfvc784-2LV-c -data names -quiet 
Execute       ap_part_info -name xck26-sfvc784-2LV-c -data info -quiet 
Execute       source /home/lorenzor/workspace/convolution/convolution/solution_0/.autopilot/db/global.setting.tcl 
Execute       source /home/lorenzor/workspace/convolution/convolution/solution_0/.autopilot/db/top_wrapper.rtl_wrap.cfg.tcl 
Execute       source /home/lorenzor/workspace/convolution/convolution/solution_0/.autopilot/db/top_wrapper.tbgen.tcl 
Execute       source /home/lorenzor/workspace/convolution/convolution/solution_0/.autopilot/db/top_wrapper.tbgen.tcl 
Execute       source /home/lorenzor/workspace/convolution/convolution/solution_0/.autopilot/db/top_wrapper.tbgen.tcl 
Execute       source /home/lorenzor/workspace/convolution/convolution/solution_0/.autopilot/db/top_wrapper.tbgen.tcl 
INFO: [COSIM 212-47] Using XSIM for RTL simulation.
INFO: [COSIM 212-14] Instrumenting C test bench ...
Execute       ap_part_info -name xck26-sfvc784-2LV-c -data info 
INFO-FLOW: run_clang exec: /tools/Xilinx/Vitis/2024.2/vcxx/libexec/clang -fno-builtin-isinf -fno-builtin-isnan -E -Wno-unknown-pragmas -Wno-unknown-pragmas -DGCC_COMPATIBLE_APINT -DAESL_TB -D__HLS_COSIM__ -D__VITIS_HLS__ -I /tools/Xilinx/Vitis/2024.2/include -I include /home/lorenzor/workspace/convolution/conv_tb.cpp -o /home/lorenzor/workspace/convolution/convolution/solution_0/./sim/autowrap/testbench/conv_tb.cpp_pre.cpp -std=gnu++14 -D__DSP48E2__ --gcc-toolchain=/tools/xilinx/Vitis/2024.2/tps/lnx64/gcc-8.3.0 > /home/lorenzor/workspace/convolution/convolution/solution_0/.autopilot/db/conv_tb.cpp.clang.autosim-tb.out.log 2> /home/lorenzor/workspace/convolution/convolution/solution_0/.autopilot/db/conv_tb.cpp.clang.autosim-tb.err.log
INFO-FLOW: TB processing: /home/lorenzor/workspace/convolution/conv_tb.cpp /home/lorenzor/workspace/convolution/convolution/solution_0/./sim/autowrap/testbench/conv_tb.cpp_pre.cpp
Execute       clang_tidy xilinx-tb-process -desc tb-process /home/lorenzor/workspace/convolution/convolution/solution_0/./sim/autowrap/testbench/conv_tb.cpp_pre.cpp.tb.cpp std=gnu++14 
INFO-FLOW: exec /tools/Xilinx/Vitis/2024.2/lnx64/tools/clang-3.9-csynth/bin/clang-tidy -header-filter=.* --checks=-*,xilinx-tb-process -fix-errors /home/lorenzor/workspace/convolution/convolution/solution_0/./sim/autowrap/testbench/conv_tb.cpp_pre.cpp.tb.cpp -- -std=gnu++14 -fhls -ferror-limit=0
Command       clang_tidy done; 2.08 sec.
Execute       ap_part_info -name xck26-sfvc784-2LV-c -data info 
INFO-FLOW: run_clang exec: /tools/Xilinx/Vitis/2024.2/vcxx/libexec/clang -fno-builtin-isinf -fno-builtin-isnan -E -DGCC_COMPATIBLE_APINT -DAESL_TB -D__HLS_COSIM__ -D__VITIS_HLS__ -I /tools/Xilinx/Vitis/2024.2/include -I include /home/lorenzor/workspace/convolution/top_wrapper.cpp -o /home/lorenzor/workspace/convolution/convolution/solution_0/./sim/autowrap/testbench/top_wrapper.cpp_pre.cpp -std=gnu++14 -D__DSP48E2__ --gcc-toolchain=/tools/xilinx/Vitis/2024.2/tps/lnx64/gcc-8.3.0 > /home/lorenzor/workspace/convolution/convolution/solution_0/.autopilot/db/top_wrapper.cpp.clang.autosim-tb.out.log 2> /home/lorenzor/workspace/convolution/convolution/solution_0/.autopilot/db/top_wrapper.cpp.clang.autosim-tb.err.log
INFO-FLOW: TB processing: /home/lorenzor/workspace/convolution/top_wrapper.cpp /home/lorenzor/workspace/convolution/convolution/solution_0/./sim/autowrap/testbench/top_wrapper.cpp_pre.cpp
Execute       clang_tidy xilinx-tb-process -desc tb-process /home/lorenzor/workspace/convolution/convolution/solution_0/./sim/autowrap/testbench/top_wrapper.cpp_pre.cpp.tb.cpp std=gnu++14 
INFO-FLOW: exec /tools/Xilinx/Vitis/2024.2/lnx64/tools/clang-3.9-csynth/bin/clang-tidy -header-filter=.* --checks=-*,xilinx-tb-process -fix-errors /home/lorenzor/workspace/convolution/convolution/solution_0/./sim/autowrap/testbench/top_wrapper.cpp_pre.cpp.tb.cpp -- -std=gnu++14 -fhls -ferror-limit=0
Command       clang_tidy done; 1.86 sec.
Execute       source /home/lorenzor/workspace/convolution/convolution/solution_0/./sim/autowrap/testbench/tb.status.tcl 
Execute       source /home/lorenzor/workspace/convolution/convolution/solution_0/.autopilot/db/global.setting.tcl 
Execute       source /home/lorenzor/workspace/convolution/convolution/solution_0/.autopilot/db/top_wrapper.rtl_wrap.cfg.tcl 
Execute       source /home/lorenzor/workspace/convolution/convolution/solution_0/.autopilot/db/top_wrapper.rtl_wrap.cfg.tcl 
Execute       source /home/lorenzor/workspace/convolution/convolution/solution_0/.autopilot/db/top_wrapper.rtl_wrap.cfg.tcl 
Execute       source /home/lorenzor/workspace/convolution/convolution/solution_0/.autopilot/db/top_wrapper.tbgen.tcl 
Execute       source /home/lorenzor/workspace/convolution/convolution/solution_0/.autopilot/db/top_wrapper.tbgen.tcl 
Execute       source /home/lorenzor/workspace/convolution/convolution/solution_0/.autopilot/db/top_wrapper.tbgen.tcl 
Execute       ap_part_info -name xck26-sfvc784-2LV-c -data info 
Execute       source .run_sim.tcl 
INFO: [COSIM 212-302] Starting C TB testing ... 
Command       ap_source done; 0.22 sec.
INFO: [COSIM 212-333] Generating C post check test bench ...
INFO: [COSIM 212-12] Generating RTL test bench ...
Execute       source ../tv/cdatafile/ref.tcl 
Execute       source /home/lorenzor/workspace/convolution/convolution/solution_0/.autopilot/db/top_wrapper.tbgen.tcl 
Execute       source /home/lorenzor/workspace/convolution/convolution/solution_0/.autopilot/db/top_wrapper.tbgen.tcl 
Execute       source /home/lorenzor/workspace/convolution/convolution/solution_0/.autopilot/db/top_wrapper.tbgen.tcl 
Execute       source /home/lorenzor/workspace/convolution/convolution/solution_0/.autopilot/db/top_wrapper.tbgen.tcl 
Execute       source ../tv/cdatafile/ref.tcl 
Execute       source /home/lorenzor/workspace/convolution/convolution/solution_0/.autopilot/db/top_wrapper.tbgen.tcl 
Execute       source /home/lorenzor/workspace/convolution/convolution/solution_0/.autopilot/db/top_wrapper.tbgen.tcl 
Execute       source /home/lorenzor/workspace/convolution/convolution/solution_0/.autopilot/db/top_wrapper.tbgen.tcl 
Execute       source /home/lorenzor/workspace/convolution/convolution/solution_0/.autopilot/db/top_wrapper.tbgen.tcl 
Execute       source /home/lorenzor/workspace/convolution/convolution/solution_0/.autopilot/db/top_wrapper.tbgen.tcl 
Execute       source /home/lorenzor/workspace/convolution/convolution/solution_0/.autopilot/db/top_wrapper.tbgen.tcl 
Execute       source /home/lorenzor/workspace/convolution/convolution/solution_0/.autopilot/db/top_wrapper.tbgen.tcl 
Execute       source /home/lorenzor/workspace/convolution/convolution/solution_0/.autopilot/db/top_wrapper.tbgen.tcl 
Execute       source /home/lorenzor/workspace/convolution/convolution/solution_0/.autopilot/db/top_wrapper.tbgen.tcl 
Execute       source /home/lorenzor/workspace/convolution/convolution/solution_0/.autopilot/db/top_wrapper.tbgen.tcl 
Execute       source /home/lorenzor/workspace/convolution/convolution/solution_0/.autopilot/db/top_wrapper.tbgen.tcl 
Execute       source /home/lorenzor/workspace/convolution/convolution/solution_0/.autopilot/db/top_wrapper.DependenceCheck.tcl 
Execute       source /home/lorenzor/workspace/convolution/convolution/solution_0/.autopilot/db/top_wrapper.tbgen.tcl 
INFO: [COSIM 212-1] *** C/RTL co-simulation file generation completed. ***
Execute       source .run_sim.tcl 
Execute         source check_sim.tcl 
Execute         source dataflow_monitor_API.tcl 
Execute         source .sim.status.tcl 
INFO: [COSIM 212-323] Starting verilog simulation. 
INFO: [COSIM 212-15] Starting XSIM ...
INFO: [COSIM 212-316] Starting C post checking ...
Command       ap_source done; 50.11 sec.
INFO: [COSIM 212-1000] *** C/RTL co-simulation finished: PASS ***
INFO: [COSIM 212-211] II is measurable only when transaction number is greater than 1 in RTL simulation. Otherwise, they will be marked as all NA. If user wants to calculate them, please make sure there are at least 2 transactions in RTL simulation.
Command     cosim_design done; 210.18 sec.
INFO: [HLS 200-2161] Finished Command cosim_design Elapsed time: 00:03:30; Allocated memory: 1.887 MB.
Execute     cleanup_all 
Command     cleanup_all done; 0.83 sec.
