

================================================================
== Vitis HLS Report for 'conv_Pipeline_VITIS_LOOP_41_1_VITIS_LOOP_42_2_VITIS_LOOP_43_3'
================================================================
* Date:           Tue May 27 16:09:42 2025

* Version:        2024.2 (Build 5238294 on Nov  8 2024)
* Project:        convolution
* Solution:       solution_0 (Vivado IP Flow Target)
* Product family: zynquplus
* Target device:  xck26-sfvc784-2LV-c


================================================================
== Performance Estimates
================================================================
+ Timing: 
    * Summary: 
    +--------+---------+----------+------------+
    |  Clock |  Target | Estimated| Uncertainty|
    +--------+---------+----------+------------+
    |ap_clk  |  5.00 ns|  2.707 ns|     1.35 ns|
    +--------+---------+----------+------------+

+ Latency: 
    * Summary: 
    +---------+---------+----------+----------+-----+-----+------------------------------------------------+
    |  Latency (cycles) |  Latency (absolute) |  Interval |                    Pipeline                    |
    |   min   |   max   |    min   |    max   | min | max |                      Type                      |
    +---------+---------+----------+----------+-----+-----+------------------------------------------------+
    |       20|       20|  0.100 us|  0.100 us|   19|   19|  loop auto-rewind stp (delay=0 clock cycles(s))|
    +---------+---------+----------+----------+-----+-----+------------------------------------------------+

    + Detail: 
        * Instance: 
        N/A

        * Loop: 
        +---------------------------------------------------+---------+---------+----------+-----------+-----------+------+----------+
        |                                                   |  Latency (cycles) | Iteration|  Initiation Interval  | Trip |          |
        |                     Loop Name                     |   min   |   max   |  Latency |  achieved |   target  | Count| Pipelined|
        +---------------------------------------------------+---------+---------+----------+-----------+-----------+------+----------+
        |- VITIS_LOOP_41_1_VITIS_LOOP_42_2_VITIS_LOOP_43_3  |       18|       18|         2|          1|          1|    18|       yes|
        +---------------------------------------------------+---------+---------+----------+-----------+-----------+------+----------+

============================================================
+ Verbose Summary: Synthesis Manager
============================================================
InlineROM: 1
ExposeGlobal: 0
============================================================
+ Verbose Summary: CDFG Model
============================================================
IsTopModel: 0
ResetActiveHigh: 1
IsCombinational: 0
IsDatapathOnly: 0
HasWiredReturn: 1
HasMFsm: 2
HasVarLatency: 1
IsPipeline: 0
IsRtlPipelined: 0
IsInstanceOverlapped: 0
IsDontTouch: 0
HasImplIP: 0
IsGatedGlobalClock: 0

+ Individual pipeline summary: 
  * Pipeline-0: initiation interval (II) = 1, depth = 2


============================================================
+ Verbose Summary: Schedule
============================================================
* Number of FSM states : 2
* Pipeline : 1
  Pipeline-0 : II = 1, D = 2, States = { 1 2 }
* Dataflow Pipeline: 0

* FSM state transitions: 
1 --> 2 
2 --> 

* FSM state operations: 

State 1 <SV = 0> <Delay = 2.04>
ST_1 : Operation 5 [1/1] (0.00ns)   --->   "%idx_depth = alloca i32 1" [./conv.h:47->top_wrapper.cpp:123]   --->   Operation 5 'alloca' 'idx_depth' <Predicate = true> <Delay = 0.00>
ST_1 : Operation 6 [1/1] (0.00ns)   --->   "%s_fw = alloca i32 1" [./conv.h:42->top_wrapper.cpp:123]   --->   Operation 6 'alloca' 's_fw' <Predicate = true> <Delay = 0.00>
ST_1 : Operation 7 [1/1] (0.00ns)   --->   "%indvar_flatten = alloca i32 1"   --->   Operation 7 'alloca' 'indvar_flatten' <Predicate = true> <Delay = 0.00>
ST_1 : Operation 8 [1/1] (0.00ns)   --->   "%s_fh = alloca i32 1" [./conv.h:41->top_wrapper.cpp:123]   --->   Operation 8 'alloca' 's_fh' <Predicate = true> <Delay = 0.00>
ST_1 : Operation 9 [1/1] (0.00ns)   --->   "%indvar_flatten48 = alloca i32 1"   --->   Operation 9 'alloca' 'indvar_flatten48' <Predicate = true> <Delay = 0.00>
ST_1 : Operation 10 [1/1] (0.00ns)   --->   "%filter_mem_18 = alloca i32 1" [./conv.h:36->top_wrapper.cpp:123]   --->   Operation 10 'alloca' 'filter_mem_18' <Predicate = true> <Delay = 0.00>
ST_1 : Operation 11 [1/1] (0.00ns)   --->   "%filter_mem_19 = alloca i32 1" [./conv.h:36->top_wrapper.cpp:123]   --->   Operation 11 'alloca' 'filter_mem_19' <Predicate = true> <Delay = 0.00>
ST_1 : Operation 12 [1/1] (0.00ns)   --->   "%filter_mem_20 = alloca i32 1" [./conv.h:36->top_wrapper.cpp:123]   --->   Operation 12 'alloca' 'filter_mem_20' <Predicate = true> <Delay = 0.00>
ST_1 : Operation 13 [1/1] (0.00ns)   --->   "%filter_mem_21 = alloca i32 1" [./conv.h:36->top_wrapper.cpp:123]   --->   Operation 13 'alloca' 'filter_mem_21' <Predicate = true> <Delay = 0.00>
ST_1 : Operation 14 [1/1] (0.00ns)   --->   "%filter_mem_22 = alloca i32 1" [./conv.h:36->top_wrapper.cpp:123]   --->   Operation 14 'alloca' 'filter_mem_22' <Predicate = true> <Delay = 0.00>
ST_1 : Operation 15 [1/1] (0.00ns)   --->   "%filter_mem_23 = alloca i32 1" [./conv.h:36->top_wrapper.cpp:123]   --->   Operation 15 'alloca' 'filter_mem_23' <Predicate = true> <Delay = 0.00>
ST_1 : Operation 16 [1/1] (0.00ns)   --->   "%filter_mem_24 = alloca i32 1" [./conv.h:36->top_wrapper.cpp:123]   --->   Operation 16 'alloca' 'filter_mem_24' <Predicate = true> <Delay = 0.00>
ST_1 : Operation 17 [1/1] (0.00ns)   --->   "%filter_mem_25 = alloca i32 1" [./conv.h:36->top_wrapper.cpp:123]   --->   Operation 17 'alloca' 'filter_mem_25' <Predicate = true> <Delay = 0.00>
ST_1 : Operation 18 [1/1] (0.00ns)   --->   "%filter_mem_26 = alloca i32 1" [./conv.h:36->top_wrapper.cpp:123]   --->   Operation 18 'alloca' 'filter_mem_26' <Predicate = true> <Delay = 0.00>
ST_1 : Operation 19 [1/1] (0.00ns)   --->   "%filter_mem_27 = alloca i32 1" [./conv.h:36->top_wrapper.cpp:123]   --->   Operation 19 'alloca' 'filter_mem_27' <Predicate = true> <Delay = 0.00>
ST_1 : Operation 20 [1/1] (0.00ns)   --->   "%filter_mem_28 = alloca i32 1" [./conv.h:36->top_wrapper.cpp:123]   --->   Operation 20 'alloca' 'filter_mem_28' <Predicate = true> <Delay = 0.00>
ST_1 : Operation 21 [1/1] (0.00ns)   --->   "%filter_mem_29 = alloca i32 1" [./conv.h:36->top_wrapper.cpp:123]   --->   Operation 21 'alloca' 'filter_mem_29' <Predicate = true> <Delay = 0.00>
ST_1 : Operation 22 [1/1] (0.00ns)   --->   "%filter_mem_30 = alloca i32 1" [./conv.h:36->top_wrapper.cpp:123]   --->   Operation 22 'alloca' 'filter_mem_30' <Predicate = true> <Delay = 0.00>
ST_1 : Operation 23 [1/1] (0.00ns)   --->   "%filter_mem_31 = alloca i32 1" [./conv.h:36->top_wrapper.cpp:123]   --->   Operation 23 'alloca' 'filter_mem_31' <Predicate = true> <Delay = 0.00>
ST_1 : Operation 24 [1/1] (0.00ns)   --->   "%filter_mem_32 = alloca i32 1" [./conv.h:36->top_wrapper.cpp:123]   --->   Operation 24 'alloca' 'filter_mem_32' <Predicate = true> <Delay = 0.00>
ST_1 : Operation 25 [1/1] (0.00ns)   --->   "%filter_mem_33 = alloca i32 1" [./conv.h:36->top_wrapper.cpp:123]   --->   Operation 25 'alloca' 'filter_mem_33' <Predicate = true> <Delay = 0.00>
ST_1 : Operation 26 [1/1] (0.00ns)   --->   "%filter_mem_34 = alloca i32 1" [./conv.h:36->top_wrapper.cpp:123]   --->   Operation 26 'alloca' 'filter_mem_34' <Predicate = true> <Delay = 0.00>
ST_1 : Operation 27 [1/1] (0.00ns)   --->   "%filter_mem_35 = alloca i32 1" [./conv.h:36->top_wrapper.cpp:123]   --->   Operation 27 'alloca' 'filter_mem_35' <Predicate = true> <Delay = 0.00>
ST_1 : Operation 28 [1/1] (0.00ns)   --->   "%specinterface_ln0 = specinterface void @_ssdm_op_SpecInterface, i8 %filter2conv, void @empty_22, i32 0, i32 0, void @empty_20, i32 0, i32 0, void @empty_20, void @empty_20, void @empty_20, i32 0, i32 0, i32 0, i32 0, void @empty_20, void @empty_20, i32 4294967295, i32 0, i32 0"   --->   Operation 28 'specinterface' 'specinterface_ln0' <Predicate = true> <Delay = 0.00>
ST_1 : Operation 29 [1/1] (0.00ns)   --->   "%filter_mem_read = read i8 @_ssdm_op_Read.ap_auto.i8, i8 %filter_mem" [./conv.h:21->top_wrapper.cpp:123]   --->   Operation 29 'read' 'filter_mem_read' <Predicate = true> <Delay = 0.00>
ST_1 : Operation 30 [1/1] (0.00ns)   --->   "%filter_mem_1_read = read i8 @_ssdm_op_Read.ap_auto.i8, i8 %filter_mem_1" [./conv.h:21->top_wrapper.cpp:123]   --->   Operation 30 'read' 'filter_mem_1_read' <Predicate = true> <Delay = 0.00>
ST_1 : Operation 31 [1/1] (0.00ns)   --->   "%filter_mem_2_read = read i8 @_ssdm_op_Read.ap_auto.i8, i8 %filter_mem_2" [./conv.h:21->top_wrapper.cpp:123]   --->   Operation 31 'read' 'filter_mem_2_read' <Predicate = true> <Delay = 0.00>
ST_1 : Operation 32 [1/1] (0.00ns)   --->   "%filter_mem_3_read = read i8 @_ssdm_op_Read.ap_auto.i8, i8 %filter_mem_3" [./conv.h:21->top_wrapper.cpp:123]   --->   Operation 32 'read' 'filter_mem_3_read' <Predicate = true> <Delay = 0.00>
ST_1 : Operation 33 [1/1] (0.00ns)   --->   "%filter_mem_4_read = read i8 @_ssdm_op_Read.ap_auto.i8, i8 %filter_mem_4" [./conv.h:21->top_wrapper.cpp:123]   --->   Operation 33 'read' 'filter_mem_4_read' <Predicate = true> <Delay = 0.00>
ST_1 : Operation 34 [1/1] (0.00ns)   --->   "%filter_mem_5_read = read i8 @_ssdm_op_Read.ap_auto.i8, i8 %filter_mem_5" [./conv.h:21->top_wrapper.cpp:123]   --->   Operation 34 'read' 'filter_mem_5_read' <Predicate = true> <Delay = 0.00>
ST_1 : Operation 35 [1/1] (0.00ns)   --->   "%filter_mem_6_read = read i8 @_ssdm_op_Read.ap_auto.i8, i8 %filter_mem_6" [./conv.h:21->top_wrapper.cpp:123]   --->   Operation 35 'read' 'filter_mem_6_read' <Predicate = true> <Delay = 0.00>
ST_1 : Operation 36 [1/1] (0.00ns)   --->   "%filter_mem_7_read = read i8 @_ssdm_op_Read.ap_auto.i8, i8 %filter_mem_7" [./conv.h:21->top_wrapper.cpp:123]   --->   Operation 36 'read' 'filter_mem_7_read' <Predicate = true> <Delay = 0.00>
ST_1 : Operation 37 [1/1] (0.00ns)   --->   "%filter_mem_8_read = read i8 @_ssdm_op_Read.ap_auto.i8, i8 %filter_mem_8" [./conv.h:21->top_wrapper.cpp:123]   --->   Operation 37 'read' 'filter_mem_8_read' <Predicate = true> <Delay = 0.00>
ST_1 : Operation 38 [1/1] (0.00ns)   --->   "%filter_mem_9_read = read i8 @_ssdm_op_Read.ap_auto.i8, i8 %filter_mem_9" [./conv.h:21->top_wrapper.cpp:123]   --->   Operation 38 'read' 'filter_mem_9_read' <Predicate = true> <Delay = 0.00>
ST_1 : Operation 39 [1/1] (0.00ns)   --->   "%filter_mem_10_read = read i8 @_ssdm_op_Read.ap_auto.i8, i8 %filter_mem_10" [./conv.h:21->top_wrapper.cpp:123]   --->   Operation 39 'read' 'filter_mem_10_read' <Predicate = true> <Delay = 0.00>
ST_1 : Operation 40 [1/1] (0.00ns)   --->   "%filter_mem_11_read = read i8 @_ssdm_op_Read.ap_auto.i8, i8 %filter_mem_11" [./conv.h:21->top_wrapper.cpp:123]   --->   Operation 40 'read' 'filter_mem_11_read' <Predicate = true> <Delay = 0.00>
ST_1 : Operation 41 [1/1] (0.00ns)   --->   "%filter_mem_12_read = read i8 @_ssdm_op_Read.ap_auto.i8, i8 %filter_mem_12" [./conv.h:21->top_wrapper.cpp:123]   --->   Operation 41 'read' 'filter_mem_12_read' <Predicate = true> <Delay = 0.00>
ST_1 : Operation 42 [1/1] (0.00ns)   --->   "%filter_mem_13_read = read i8 @_ssdm_op_Read.ap_auto.i8, i8 %filter_mem_13" [./conv.h:21->top_wrapper.cpp:123]   --->   Operation 42 'read' 'filter_mem_13_read' <Predicate = true> <Delay = 0.00>
ST_1 : Operation 43 [1/1] (0.00ns)   --->   "%filter_mem_14_read = read i8 @_ssdm_op_Read.ap_auto.i8, i8 %filter_mem_14" [./conv.h:21->top_wrapper.cpp:123]   --->   Operation 43 'read' 'filter_mem_14_read' <Predicate = true> <Delay = 0.00>
ST_1 : Operation 44 [1/1] (0.00ns)   --->   "%filter_mem_15_read = read i8 @_ssdm_op_Read.ap_auto.i8, i8 %filter_mem_15" [./conv.h:21->top_wrapper.cpp:123]   --->   Operation 44 'read' 'filter_mem_15_read' <Predicate = true> <Delay = 0.00>
ST_1 : Operation 45 [1/1] (0.00ns)   --->   "%filter_mem_16_read = read i8 @_ssdm_op_Read.ap_auto.i8, i8 %filter_mem_16" [./conv.h:21->top_wrapper.cpp:123]   --->   Operation 45 'read' 'filter_mem_16_read' <Predicate = true> <Delay = 0.00>
ST_1 : Operation 46 [1/1] (0.00ns)   --->   "%filter_mem_17_read = read i8 @_ssdm_op_Read.ap_auto.i8, i8 %filter_mem_17" [./conv.h:21->top_wrapper.cpp:123]   --->   Operation 46 'read' 'filter_mem_17_read' <Predicate = true> <Delay = 0.00>
ST_1 : Operation 47 [1/1] (0.42ns)   --->   "%store_ln36 = store i8 %filter_mem_17_read, i8 %filter_mem_35" [./conv.h:36->top_wrapper.cpp:123]   --->   Operation 47 'store' 'store_ln36' <Predicate = true> <Delay = 0.42>
ST_1 : Operation 48 [1/1] (0.42ns)   --->   "%store_ln36 = store i8 %filter_mem_16_read, i8 %filter_mem_34" [./conv.h:36->top_wrapper.cpp:123]   --->   Operation 48 'store' 'store_ln36' <Predicate = true> <Delay = 0.42>
ST_1 : Operation 49 [1/1] (0.42ns)   --->   "%store_ln36 = store i8 %filter_mem_15_read, i8 %filter_mem_33" [./conv.h:36->top_wrapper.cpp:123]   --->   Operation 49 'store' 'store_ln36' <Predicate = true> <Delay = 0.42>
ST_1 : Operation 50 [1/1] (0.42ns)   --->   "%store_ln36 = store i8 %filter_mem_14_read, i8 %filter_mem_32" [./conv.h:36->top_wrapper.cpp:123]   --->   Operation 50 'store' 'store_ln36' <Predicate = true> <Delay = 0.42>
ST_1 : Operation 51 [1/1] (0.42ns)   --->   "%store_ln36 = store i8 %filter_mem_13_read, i8 %filter_mem_31" [./conv.h:36->top_wrapper.cpp:123]   --->   Operation 51 'store' 'store_ln36' <Predicate = true> <Delay = 0.42>
ST_1 : Operation 52 [1/1] (0.42ns)   --->   "%store_ln36 = store i8 %filter_mem_12_read, i8 %filter_mem_30" [./conv.h:36->top_wrapper.cpp:123]   --->   Operation 52 'store' 'store_ln36' <Predicate = true> <Delay = 0.42>
ST_1 : Operation 53 [1/1] (0.42ns)   --->   "%store_ln36 = store i8 %filter_mem_11_read, i8 %filter_mem_29" [./conv.h:36->top_wrapper.cpp:123]   --->   Operation 53 'store' 'store_ln36' <Predicate = true> <Delay = 0.42>
ST_1 : Operation 54 [1/1] (0.42ns)   --->   "%store_ln36 = store i8 %filter_mem_10_read, i8 %filter_mem_28" [./conv.h:36->top_wrapper.cpp:123]   --->   Operation 54 'store' 'store_ln36' <Predicate = true> <Delay = 0.42>
ST_1 : Operation 55 [1/1] (0.42ns)   --->   "%store_ln36 = store i8 %filter_mem_9_read, i8 %filter_mem_27" [./conv.h:36->top_wrapper.cpp:123]   --->   Operation 55 'store' 'store_ln36' <Predicate = true> <Delay = 0.42>
ST_1 : Operation 56 [1/1] (0.42ns)   --->   "%store_ln36 = store i8 %filter_mem_8_read, i8 %filter_mem_26" [./conv.h:36->top_wrapper.cpp:123]   --->   Operation 56 'store' 'store_ln36' <Predicate = true> <Delay = 0.42>
ST_1 : Operation 57 [1/1] (0.42ns)   --->   "%store_ln36 = store i8 %filter_mem_7_read, i8 %filter_mem_25" [./conv.h:36->top_wrapper.cpp:123]   --->   Operation 57 'store' 'store_ln36' <Predicate = true> <Delay = 0.42>
ST_1 : Operation 58 [1/1] (0.42ns)   --->   "%store_ln36 = store i8 %filter_mem_6_read, i8 %filter_mem_24" [./conv.h:36->top_wrapper.cpp:123]   --->   Operation 58 'store' 'store_ln36' <Predicate = true> <Delay = 0.42>
ST_1 : Operation 59 [1/1] (0.42ns)   --->   "%store_ln36 = store i8 %filter_mem_5_read, i8 %filter_mem_23" [./conv.h:36->top_wrapper.cpp:123]   --->   Operation 59 'store' 'store_ln36' <Predicate = true> <Delay = 0.42>
ST_1 : Operation 60 [1/1] (0.42ns)   --->   "%store_ln36 = store i8 %filter_mem_4_read, i8 %filter_mem_22" [./conv.h:36->top_wrapper.cpp:123]   --->   Operation 60 'store' 'store_ln36' <Predicate = true> <Delay = 0.42>
ST_1 : Operation 61 [1/1] (0.42ns)   --->   "%store_ln36 = store i8 %filter_mem_3_read, i8 %filter_mem_21" [./conv.h:36->top_wrapper.cpp:123]   --->   Operation 61 'store' 'store_ln36' <Predicate = true> <Delay = 0.42>
ST_1 : Operation 62 [1/1] (0.42ns)   --->   "%store_ln36 = store i8 %filter_mem_2_read, i8 %filter_mem_20" [./conv.h:36->top_wrapper.cpp:123]   --->   Operation 62 'store' 'store_ln36' <Predicate = true> <Delay = 0.42>
ST_1 : Operation 63 [1/1] (0.42ns)   --->   "%store_ln36 = store i8 %filter_mem_1_read, i8 %filter_mem_19" [./conv.h:36->top_wrapper.cpp:123]   --->   Operation 63 'store' 'store_ln36' <Predicate = true> <Delay = 0.42>
ST_1 : Operation 64 [1/1] (0.42ns)   --->   "%store_ln36 = store i8 %filter_mem_read, i8 %filter_mem_18" [./conv.h:36->top_wrapper.cpp:123]   --->   Operation 64 'store' 'store_ln36' <Predicate = true> <Delay = 0.42>
ST_1 : Operation 65 [1/1] (0.42ns)   --->   "%store_ln0 = store i5 0, i5 %indvar_flatten48"   --->   Operation 65 'store' 'store_ln0' <Predicate = true> <Delay = 0.42>
ST_1 : Operation 66 [1/1] (0.42ns)   --->   "%store_ln41 = store i2 0, i2 %s_fh" [./conv.h:41->top_wrapper.cpp:123]   --->   Operation 66 'store' 'store_ln41' <Predicate = true> <Delay = 0.42>
ST_1 : Operation 67 [1/1] (0.42ns)   --->   "%store_ln0 = store i4 0, i4 %indvar_flatten"   --->   Operation 67 'store' 'store_ln0' <Predicate = true> <Delay = 0.42>
ST_1 : Operation 68 [1/1] (0.42ns)   --->   "%store_ln42 = store i2 0, i2 %s_fw" [./conv.h:42->top_wrapper.cpp:123]   --->   Operation 68 'store' 'store_ln42' <Predicate = true> <Delay = 0.42>
ST_1 : Operation 69 [1/1] (0.42ns)   --->   "%store_ln47 = store i2 0, i2 %idx_depth" [./conv.h:47->top_wrapper.cpp:123]   --->   Operation 69 'store' 'store_ln47' <Predicate = true> <Delay = 0.42>
ST_1 : Operation 70 [1/1] (0.00ns)   --->   "%br_ln41 = br void %VITIS_LOOP_44_4.i" [./conv.h:41->top_wrapper.cpp:123]   --->   Operation 70 'br' 'br_ln41' <Predicate = true> <Delay = 0.00>
ST_1 : Operation 71 [1/1] (0.00ns)   --->   "%indvar_flatten_load = load i4 %indvar_flatten" [./conv.h:42->top_wrapper.cpp:123]   --->   Operation 71 'load' 'indvar_flatten_load' <Predicate = true> <Delay = 0.00>
ST_1 : Operation 72 [1/1] (0.00ns)   --->   "%indvar_flatten48_load = load i5 %indvar_flatten48" [./conv.h:41->top_wrapper.cpp:123]   --->   Operation 72 'load' 'indvar_flatten48_load' <Predicate = true> <Delay = 0.00>
ST_1 : Operation 73 [1/1] (0.78ns)   --->   "%icmp_ln41 = icmp_eq  i5 %indvar_flatten48_load, i5 18" [./conv.h:41->top_wrapper.cpp:123]   --->   Operation 73 'icmp' 'icmp_ln41' <Predicate = true> <Delay = 0.78> <CoreInst = "Cmp">   --->   Core 9 'Cmp' <Latency = 0> <II = 1> <Delay = 0.78> <FuncUnit> <Opcode : 'seteq' 'setne' 'setle' 'setge' 'setlt' 'setgt'> <InPorts = 2> <OutPorts = 1>
ST_1 : Operation 74 [1/1] (0.78ns)   --->   "%add_ln41_1 = add i5 %indvar_flatten48_load, i5 1" [./conv.h:41->top_wrapper.cpp:123]   --->   Operation 74 'add' 'add_ln41_1' <Predicate = true> <Delay = 0.78> <CoreInst = "Adder">   --->   Core 1 'Adder' <Latency = 0> <II = 1> <Delay = 0.78> <FuncUnit> <Opcode : 'add' 'sub'> <InPorts = 2> <OutPorts = 1>
ST_1 : Operation 75 [1/1] (0.00ns)   --->   "%br_ln41 = br i1 %icmp_ln41, void %for.inc42.i, void %L3_bis.i.preheader.exitStub" [./conv.h:41->top_wrapper.cpp:123]   --->   Operation 75 'br' 'br_ln41' <Predicate = true> <Delay = 0.00>
ST_1 : Operation 76 [1/1] (0.79ns)   --->   "%icmp_ln42 = icmp_eq  i4 %indvar_flatten_load, i4 6" [./conv.h:42->top_wrapper.cpp:123]   --->   Operation 76 'icmp' 'icmp_ln42' <Predicate = (!icmp_ln41)> <Delay = 0.79> <CoreInst = "Cmp">   --->   Core 9 'Cmp' <Latency = 0> <II = 1> <Delay = 0.79> <FuncUnit> <Opcode : 'seteq' 'setne' 'setle' 'setge' 'setlt' 'setgt'> <InPorts = 2> <OutPorts = 1>
ST_1 : Operation 77 [1/1] (0.79ns)   --->   "%add_ln42_3 = add i4 %indvar_flatten_load, i4 1" [./conv.h:42->top_wrapper.cpp:123]   --->   Operation 77 'add' 'add_ln42_3' <Predicate = (!icmp_ln41)> <Delay = 0.79> <CoreInst = "Adder">   --->   Core 1 'Adder' <Latency = 0> <II = 1> <Delay = 0.79> <FuncUnit> <Opcode : 'add' 'sub'> <InPorts = 2> <OutPorts = 1>
ST_1 : Operation 78 [1/1] (0.39ns)   --->   "%select_ln42_1 = select i1 %icmp_ln42, i4 1, i4 %add_ln42_3" [./conv.h:42->top_wrapper.cpp:123]   --->   Operation 78 'select' 'select_ln42_1' <Predicate = (!icmp_ln41)> <Delay = 0.39> <CoreInst = "Sel">   --->   Core 73 'Sel' <Latency = 0> <II = 1> <Delay = 0.39> <FuncUnit> <Opcode : 'select'> <InPorts = 3> <OutPorts = 1>
ST_1 : Operation 79 [1/1] (0.42ns)   --->   "%store_ln41 = store i5 %add_ln41_1, i5 %indvar_flatten48" [./conv.h:41->top_wrapper.cpp:123]   --->   Operation 79 'store' 'store_ln41' <Predicate = (!icmp_ln41)> <Delay = 0.42>
ST_1 : Operation 80 [1/1] (0.42ns)   --->   "%store_ln42 = store i4 %select_ln42_1, i4 %indvar_flatten" [./conv.h:42->top_wrapper.cpp:123]   --->   Operation 80 'store' 'store_ln42' <Predicate = (!icmp_ln41)> <Delay = 0.42>
ST_1 : Operation 173 [1/1] (0.00ns)   --->   "%filter_mem_18_load = load i8 %filter_mem_18"   --->   Operation 173 'load' 'filter_mem_18_load' <Predicate = (icmp_ln41)> <Delay = 0.00>
ST_1 : Operation 174 [1/1] (0.00ns)   --->   "%filter_mem_19_load = load i8 %filter_mem_19"   --->   Operation 174 'load' 'filter_mem_19_load' <Predicate = (icmp_ln41)> <Delay = 0.00>
ST_1 : Operation 175 [1/1] (0.00ns)   --->   "%filter_mem_20_load = load i8 %filter_mem_20"   --->   Operation 175 'load' 'filter_mem_20_load' <Predicate = (icmp_ln41)> <Delay = 0.00>
ST_1 : Operation 176 [1/1] (0.00ns)   --->   "%filter_mem_21_load = load i8 %filter_mem_21"   --->   Operation 176 'load' 'filter_mem_21_load' <Predicate = (icmp_ln41)> <Delay = 0.00>
ST_1 : Operation 177 [1/1] (0.00ns)   --->   "%filter_mem_22_load = load i8 %filter_mem_22"   --->   Operation 177 'load' 'filter_mem_22_load' <Predicate = (icmp_ln41)> <Delay = 0.00>
ST_1 : Operation 178 [1/1] (0.00ns)   --->   "%filter_mem_23_load = load i8 %filter_mem_23"   --->   Operation 178 'load' 'filter_mem_23_load' <Predicate = (icmp_ln41)> <Delay = 0.00>
ST_1 : Operation 179 [1/1] (0.00ns)   --->   "%filter_mem_24_load = load i8 %filter_mem_24"   --->   Operation 179 'load' 'filter_mem_24_load' <Predicate = (icmp_ln41)> <Delay = 0.00>
ST_1 : Operation 180 [1/1] (0.00ns)   --->   "%filter_mem_25_load = load i8 %filter_mem_25"   --->   Operation 180 'load' 'filter_mem_25_load' <Predicate = (icmp_ln41)> <Delay = 0.00>
ST_1 : Operation 181 [1/1] (0.00ns)   --->   "%filter_mem_26_load = load i8 %filter_mem_26"   --->   Operation 181 'load' 'filter_mem_26_load' <Predicate = (icmp_ln41)> <Delay = 0.00>
ST_1 : Operation 182 [1/1] (0.00ns)   --->   "%filter_mem_27_load = load i8 %filter_mem_27"   --->   Operation 182 'load' 'filter_mem_27_load' <Predicate = (icmp_ln41)> <Delay = 0.00>
ST_1 : Operation 183 [1/1] (0.00ns)   --->   "%filter_mem_28_load = load i8 %filter_mem_28"   --->   Operation 183 'load' 'filter_mem_28_load' <Predicate = (icmp_ln41)> <Delay = 0.00>
ST_1 : Operation 184 [1/1] (0.00ns)   --->   "%filter_mem_29_load = load i8 %filter_mem_29"   --->   Operation 184 'load' 'filter_mem_29_load' <Predicate = (icmp_ln41)> <Delay = 0.00>
ST_1 : Operation 185 [1/1] (0.00ns)   --->   "%filter_mem_30_load = load i8 %filter_mem_30"   --->   Operation 185 'load' 'filter_mem_30_load' <Predicate = (icmp_ln41)> <Delay = 0.00>
ST_1 : Operation 186 [1/1] (0.00ns)   --->   "%filter_mem_31_load = load i8 %filter_mem_31"   --->   Operation 186 'load' 'filter_mem_31_load' <Predicate = (icmp_ln41)> <Delay = 0.00>
ST_1 : Operation 187 [1/1] (0.00ns)   --->   "%filter_mem_32_load = load i8 %filter_mem_32"   --->   Operation 187 'load' 'filter_mem_32_load' <Predicate = (icmp_ln41)> <Delay = 0.00>
ST_1 : Operation 188 [1/1] (0.00ns)   --->   "%filter_mem_33_load = load i8 %filter_mem_33"   --->   Operation 188 'load' 'filter_mem_33_load' <Predicate = (icmp_ln41)> <Delay = 0.00>
ST_1 : Operation 189 [1/1] (0.00ns)   --->   "%filter_mem_34_load = load i8 %filter_mem_34"   --->   Operation 189 'load' 'filter_mem_34_load' <Predicate = (icmp_ln41)> <Delay = 0.00>
ST_1 : Operation 190 [1/1] (0.00ns)   --->   "%filter_mem_35_load = load i8 %filter_mem_35"   --->   Operation 190 'load' 'filter_mem_35_load' <Predicate = (icmp_ln41)> <Delay = 0.00>
ST_1 : Operation 191 [1/1] (0.00ns)   --->   "%write_ln0 = write void @_ssdm_op_Write.ap_auto.i8P0A, i8 %filter_mem_35_out, i8 %filter_mem_35_load"   --->   Operation 191 'write' 'write_ln0' <Predicate = (icmp_ln41)> <Delay = 0.00>
ST_1 : Operation 192 [1/1] (0.00ns)   --->   "%write_ln0 = write void @_ssdm_op_Write.ap_auto.i8P0A, i8 %filter_mem_34_out, i8 %filter_mem_34_load"   --->   Operation 192 'write' 'write_ln0' <Predicate = (icmp_ln41)> <Delay = 0.00>
ST_1 : Operation 193 [1/1] (0.00ns)   --->   "%write_ln0 = write void @_ssdm_op_Write.ap_auto.i8P0A, i8 %filter_mem_33_out, i8 %filter_mem_33_load"   --->   Operation 193 'write' 'write_ln0' <Predicate = (icmp_ln41)> <Delay = 0.00>
ST_1 : Operation 194 [1/1] (0.00ns)   --->   "%write_ln0 = write void @_ssdm_op_Write.ap_auto.i8P0A, i8 %filter_mem_32_out, i8 %filter_mem_32_load"   --->   Operation 194 'write' 'write_ln0' <Predicate = (icmp_ln41)> <Delay = 0.00>
ST_1 : Operation 195 [1/1] (0.00ns)   --->   "%write_ln0 = write void @_ssdm_op_Write.ap_auto.i8P0A, i8 %filter_mem_31_out, i8 %filter_mem_31_load"   --->   Operation 195 'write' 'write_ln0' <Predicate = (icmp_ln41)> <Delay = 0.00>
ST_1 : Operation 196 [1/1] (0.00ns)   --->   "%write_ln0 = write void @_ssdm_op_Write.ap_auto.i8P0A, i8 %filter_mem_30_out, i8 %filter_mem_30_load"   --->   Operation 196 'write' 'write_ln0' <Predicate = (icmp_ln41)> <Delay = 0.00>
ST_1 : Operation 197 [1/1] (0.00ns)   --->   "%write_ln0 = write void @_ssdm_op_Write.ap_auto.i8P0A, i8 %filter_mem_29_out, i8 %filter_mem_29_load"   --->   Operation 197 'write' 'write_ln0' <Predicate = (icmp_ln41)> <Delay = 0.00>
ST_1 : Operation 198 [1/1] (0.00ns)   --->   "%write_ln0 = write void @_ssdm_op_Write.ap_auto.i8P0A, i8 %filter_mem_28_out, i8 %filter_mem_28_load"   --->   Operation 198 'write' 'write_ln0' <Predicate = (icmp_ln41)> <Delay = 0.00>
ST_1 : Operation 199 [1/1] (0.00ns)   --->   "%write_ln0 = write void @_ssdm_op_Write.ap_auto.i8P0A, i8 %filter_mem_27_out, i8 %filter_mem_27_load"   --->   Operation 199 'write' 'write_ln0' <Predicate = (icmp_ln41)> <Delay = 0.00>
ST_1 : Operation 200 [1/1] (0.00ns)   --->   "%write_ln0 = write void @_ssdm_op_Write.ap_auto.i8P0A, i8 %filter_mem_26_out, i8 %filter_mem_26_load"   --->   Operation 200 'write' 'write_ln0' <Predicate = (icmp_ln41)> <Delay = 0.00>
ST_1 : Operation 201 [1/1] (0.00ns)   --->   "%write_ln0 = write void @_ssdm_op_Write.ap_auto.i8P0A, i8 %filter_mem_25_out, i8 %filter_mem_25_load"   --->   Operation 201 'write' 'write_ln0' <Predicate = (icmp_ln41)> <Delay = 0.00>
ST_1 : Operation 202 [1/1] (0.00ns)   --->   "%write_ln0 = write void @_ssdm_op_Write.ap_auto.i8P0A, i8 %filter_mem_24_out, i8 %filter_mem_24_load"   --->   Operation 202 'write' 'write_ln0' <Predicate = (icmp_ln41)> <Delay = 0.00>
ST_1 : Operation 203 [1/1] (0.00ns)   --->   "%write_ln0 = write void @_ssdm_op_Write.ap_auto.i8P0A, i8 %filter_mem_23_out, i8 %filter_mem_23_load"   --->   Operation 203 'write' 'write_ln0' <Predicate = (icmp_ln41)> <Delay = 0.00>
ST_1 : Operation 204 [1/1] (0.00ns)   --->   "%write_ln0 = write void @_ssdm_op_Write.ap_auto.i8P0A, i8 %filter_mem_22_out, i8 %filter_mem_22_load"   --->   Operation 204 'write' 'write_ln0' <Predicate = (icmp_ln41)> <Delay = 0.00>
ST_1 : Operation 205 [1/1] (0.00ns)   --->   "%write_ln0 = write void @_ssdm_op_Write.ap_auto.i8P0A, i8 %filter_mem_21_out, i8 %filter_mem_21_load"   --->   Operation 205 'write' 'write_ln0' <Predicate = (icmp_ln41)> <Delay = 0.00>
ST_1 : Operation 206 [1/1] (0.00ns)   --->   "%write_ln0 = write void @_ssdm_op_Write.ap_auto.i8P0A, i8 %filter_mem_20_out, i8 %filter_mem_20_load"   --->   Operation 206 'write' 'write_ln0' <Predicate = (icmp_ln41)> <Delay = 0.00>
ST_1 : Operation 207 [1/1] (0.00ns)   --->   "%write_ln0 = write void @_ssdm_op_Write.ap_auto.i8P0A, i8 %filter_mem_19_out, i8 %filter_mem_19_load"   --->   Operation 207 'write' 'write_ln0' <Predicate = (icmp_ln41)> <Delay = 0.00>
ST_1 : Operation 208 [1/1] (0.00ns)   --->   "%write_ln0 = write void @_ssdm_op_Write.ap_auto.i8P0A, i8 %filter_mem_18_out, i8 %filter_mem_18_load"   --->   Operation 208 'write' 'write_ln0' <Predicate = (icmp_ln41)> <Delay = 0.00>
ST_1 : Operation 209 [1/1] (0.42ns)   --->   "%ret_ln0 = ret"   --->   Operation 209 'ret' 'ret_ln0' <Predicate = (icmp_ln41)> <Delay = 0.42>

State 2 <SV = 1> <Delay = 2.70>
ST_2 : Operation 81 [1/1] (0.00ns)   --->   "%idx_depth_load = load i2 %idx_depth" [./conv.h:43->top_wrapper.cpp:123]   --->   Operation 81 'load' 'idx_depth_load' <Predicate = true> <Delay = 0.00>
ST_2 : Operation 82 [1/1] (0.00ns)   --->   "%s_fw_load = load i2 %s_fw" [./conv.h:36->top_wrapper.cpp:123]   --->   Operation 82 'load' 's_fw_load' <Predicate = (!icmp_ln42)> <Delay = 0.00>
ST_2 : Operation 83 [1/1] (0.00ns)   --->   "%s_fh_load = load i2 %s_fh" [./conv.h:41->top_wrapper.cpp:123]   --->   Operation 83 'load' 's_fh_load' <Predicate = true> <Delay = 0.00>
ST_2 : Operation 84 [1/1] (0.54ns)   --->   "%add_ln41 = add i2 %s_fh_load, i2 1" [./conv.h:41->top_wrapper.cpp:123]   --->   Operation 84 'add' 'add_ln41' <Predicate = (icmp_ln42)> <Delay = 0.54> <CoreInst = "Adder">   --->   Core 1 'Adder' <Latency = 0> <II = 1> <Delay = 0.54> <FuncUnit> <Opcode : 'add' 'sub'> <InPorts = 2> <OutPorts = 1>
ST_2 : Operation 85 [1/1] (0.00ns)   --->   "%specloopname_ln0 = specloopname void @_ssdm_op_SpecLoopName, void @VITIS_LOOP_41_1_VITIS_LOOP_42_2_VITIS_LOOP_43_3_str"   --->   Operation 85 'specloopname' 'specloopname_ln0' <Predicate = true> <Delay = 0.00>
ST_2 : Operation 86 [1/1] (0.00ns)   --->   "%speclooptripcount_ln0 = speclooptripcount void @_ssdm_op_SpecLoopTripCount, i64 18, i64 18, i64 18"   --->   Operation 86 'speclooptripcount' 'speclooptripcount_ln0' <Predicate = true> <Delay = 0.00>
ST_2 : Operation 87 [1/1] (0.17ns)   --->   "%select_ln36 = select i1 %icmp_ln42, i2 0, i2 %s_fw_load" [./conv.h:36->top_wrapper.cpp:123]   --->   Operation 87 'select' 'select_ln36' <Predicate = true> <Delay = 0.17> <CoreInst = "Sel">   --->   Core 73 'Sel' <Latency = 0> <II = 1> <Delay = 0.17> <FuncUnit> <Opcode : 'select'> <InPorts = 3> <OutPorts = 1>
ST_2 : Operation 88 [1/1] (0.00ns) (grouped into LUT with out node and_ln36)   --->   "%xor_ln36 = xor i1 %icmp_ln42, i1 1" [./conv.h:36->top_wrapper.cpp:123]   --->   Operation 88 'xor' 'xor_ln36' <Predicate = true> <Delay = 0.00> <CoreInst = "LogicGate">   --->   Core 74 'LogicGate' <Latency = 0> <II = 1> <Delay = 0.28> <FuncUnit> <Opcode : 'and' 'or' 'xor'> <InPorts = 2> <OutPorts = 1>
ST_2 : Operation 89 [1/1] (0.54ns)   --->   "%icmp_ln43 = icmp_eq  i2 %idx_depth_load, i2 2" [./conv.h:43->top_wrapper.cpp:123]   --->   Operation 89 'icmp' 'icmp_ln43' <Predicate = true> <Delay = 0.54> <CoreInst = "Cmp">   --->   Core 9 'Cmp' <Latency = 0> <II = 1> <Delay = 0.54> <FuncUnit> <Opcode : 'seteq' 'setne' 'setle' 'setge' 'setlt' 'setgt'> <InPorts = 2> <OutPorts = 1>
ST_2 : Operation 90 [1/1] (0.28ns) (out node of the LUT)   --->   "%and_ln36 = and i1 %icmp_ln43, i1 %xor_ln36" [./conv.h:36->top_wrapper.cpp:123]   --->   Operation 90 'and' 'and_ln36' <Predicate = true> <Delay = 0.28> <CoreInst = "LogicGate">   --->   Core 74 'LogicGate' <Latency = 0> <II = 1> <Delay = 0.28> <FuncUnit> <Opcode : 'and' 'or' 'xor'> <InPorts = 2> <OutPorts = 1>
ST_2 : Operation 91 [1/1] (0.17ns)   --->   "%select_ln41 = select i1 %icmp_ln42, i2 %add_ln41, i2 %s_fh_load" [./conv.h:41->top_wrapper.cpp:123]   --->   Operation 91 'select' 'select_ln41' <Predicate = true> <Delay = 0.17> <CoreInst = "Sel">   --->   Core 73 'Sel' <Latency = 0> <II = 1> <Delay = 0.17> <FuncUnit> <Opcode : 'select'> <InPorts = 3> <OutPorts = 1>
ST_2 : Operation 92 [1/1] (0.54ns)   --->   "%add_ln42 = add i2 %select_ln36, i2 1" [./conv.h:42->top_wrapper.cpp:123]   --->   Operation 92 'add' 'add_ln42' <Predicate = true> <Delay = 0.54> <CoreInst = "Adder">   --->   Core 1 'Adder' <Latency = 0> <II = 1> <Delay = 0.54> <FuncUnit> <Opcode : 'add' 'sub'> <InPorts = 2> <OutPorts = 1>
ST_2 : Operation 93 [1/1] (0.00ns) (grouped into LUT with out node s_ich_mid2)   --->   "%empty = or i1 %and_ln36, i1 %icmp_ln42" [./conv.h:36->top_wrapper.cpp:123]   --->   Operation 93 'or' 'empty' <Predicate = true> <Delay = 0.00> <CoreInst = "LogicGate">   --->   Core 74 'LogicGate' <Latency = 0> <II = 1> <Delay = 0.28> <FuncUnit> <Opcode : 'and' 'or' 'xor'> <InPorts = 2> <OutPorts = 1>
ST_2 : Operation 94 [1/1] (0.28ns) (out node of the LUT)   --->   "%s_ich_mid2 = select i1 %empty, i2 0, i2 %idx_depth_load" [./conv.h:36->top_wrapper.cpp:123]   --->   Operation 94 'select' 's_ich_mid2' <Predicate = true> <Delay = 0.28> <CoreInst = "Sel">   --->   Core 73 'Sel' <Latency = 0> <II = 1> <Delay = 0.17> <FuncUnit> <Opcode : 'select'> <InPorts = 3> <OutPorts = 1>
ST_2 : Operation 95 [1/1] (0.17ns)   --->   "%select_ln42 = select i1 %and_ln36, i2 %add_ln42, i2 %select_ln36" [./conv.h:42->top_wrapper.cpp:123]   --->   Operation 95 'select' 'select_ln42' <Predicate = true> <Delay = 0.17> <CoreInst = "Sel">   --->   Core 73 'Sel' <Latency = 0> <II = 1> <Delay = 0.17> <FuncUnit> <Opcode : 'select'> <InPorts = 3> <OutPorts = 1>
ST_2 : Operation 96 [1/1] (0.00ns)   --->   "%zext_ln41 = zext i2 %select_ln41" [./conv.h:41->top_wrapper.cpp:123]   --->   Operation 96 'zext' 'zext_ln41' <Predicate = true> <Delay = 0.00>
ST_2 : Operation 97 [1/1] (0.00ns)   --->   "%p_shl = bitconcatenate i4 @_ssdm_op_BitConcatenate.i4.i2.i2, i2 %select_ln41, i2 0" [./conv.h:41->top_wrapper.cpp:123]   --->   Operation 97 'bitconcatenate' 'p_shl' <Predicate = true> <Delay = 0.00>
ST_2 : Operation 98 [1/1] (0.00ns) (grouped into TernaryAdder)   --->   "%empty_47 = sub i4 %p_shl, i4 %zext_ln41" [./conv.h:41->top_wrapper.cpp:123]   --->   Operation 98 'sub' 'empty_47' <Predicate = true> <Delay = 0.00> <CoreInst = "TAddSub">   --->   Core 10 'TAddSub' <Latency = 0> <II = 1> <Delay = 0.23> <IPBlock> <Opcode : '' 'add' 'sub'> <InPorts = 3> <OutPorts = 1> <Sync> <CReg>
ST_2 : Operation 99 [1/1] (0.00ns)   --->   "%zext_ln42 = zext i2 %select_ln42" [./conv.h:42->top_wrapper.cpp:123]   --->   Operation 99 'zext' 'zext_ln42' <Predicate = true> <Delay = 0.00>
ST_2 : Operation 100 [1/1] (0.46ns) (root node of TernaryAdder)   --->   "%empty_48 = add i4 %empty_47, i4 %zext_ln42" [./conv.h:41->top_wrapper.cpp:123]   --->   Operation 100 'add' 'empty_48' <Predicate = true> <Delay = 0.46> <CoreInst = "TAddSub">   --->   Core 10 'TAddSub' <Latency = 0> <II = 1> <Delay = 0.23> <IPBlock> <Opcode : '' 'add' 'sub'> <InPorts = 3> <OutPorts = 1> <Sync> <CReg>
ST_2 : Operation 101 [1/1] (0.00ns)   --->   "%specpipeline_ln36 = specpipeline void @_ssdm_op_SpecPipeline, i32 4294967295, i32 0, i32 0, i32 0, void @empty_20" [./conv.h:36->top_wrapper.cpp:123]   --->   Operation 101 'specpipeline' 'specpipeline_ln36' <Predicate = true> <Delay = 0.00>
ST_2 : Operation 102 [1/1] ( I:1.82ns O:1.82ns )   --->   "%filter2conv_read = read i8 @_ssdm_op_Read.ap_fifo.volatile.i8P0A, i8 %filter2conv" [./conv.h:48->top_wrapper.cpp:123]   --->   Operation 102 'read' 'filter2conv_read' <Predicate = true> <Delay = 1.82> <CoreInst = "FIFO_SRL">   --->   Core 80 'FIFO_SRL' <Latency = 0> <II = 1> <Delay = 2.50> <Storage> <Opcode : 'read' 'write' 'nbread' 'nbwrite'> <Ports = 0> <Width = 8> <Depth = 100> <FIFO>
ST_2 : Operation 103 [1/1] (0.54ns)   --->   "%icmp_ln48 = icmp_eq  i2 %s_ich_mid2, i2 0" [./conv.h:48->top_wrapper.cpp:123]   --->   Operation 103 'icmp' 'icmp_ln48' <Predicate = true> <Delay = 0.54> <CoreInst = "Cmp">   --->   Core 9 'Cmp' <Latency = 0> <II = 1> <Delay = 0.54> <FuncUnit> <Opcode : 'seteq' 'setne' 'setle' 'setge' 'setlt' 'setgt'> <InPorts = 2> <OutPorts = 1>
ST_2 : Operation 104 [1/1] (0.79ns)   --->   "%switch_ln48 = switch i4 %empty_48, void %arrayidx357.case.8.i, i4 0, void %arrayidx357.case.0.i, i4 1, void %arrayidx357.case.1.i, i4 2, void %arrayidx357.case.2.i, i4 3, void %arrayidx357.case.3.i, i4 4, void %arrayidx357.case.4.i, i4 5, void %arrayidx357.case.5.i, i4 6, void %arrayidx357.case.6.i, i4 7, void %arrayidx357.case.7.i" [./conv.h:48->top_wrapper.cpp:123]   --->   Operation 104 'switch' 'switch_ln48' <Predicate = true> <Delay = 0.79>
ST_2 : Operation 105 [1/1] (0.00ns)   --->   "%filter_mem_32_load_1 = load i8 %filter_mem_32" [./conv.h:48->top_wrapper.cpp:123]   --->   Operation 105 'load' 'filter_mem_32_load_1' <Predicate = (empty_48 == 7)> <Delay = 0.00>
ST_2 : Operation 106 [1/1] (0.00ns)   --->   "%filter_mem_33_load_1 = load i8 %filter_mem_33" [./conv.h:48->top_wrapper.cpp:123]   --->   Operation 106 'load' 'filter_mem_33_load_1' <Predicate = (empty_48 == 7)> <Delay = 0.00>
ST_2 : Operation 107 [1/1] (0.39ns)   --->   "%select_ln48_16 = select i1 %icmp_ln48, i8 %filter_mem_33_load_1, i8 %filter2conv_read" [./conv.h:48->top_wrapper.cpp:123]   --->   Operation 107 'select' 'select_ln48_16' <Predicate = (empty_48 == 7)> <Delay = 0.39> <CoreInst = "Sel">   --->   Core 73 'Sel' <Latency = 0> <II = 1> <Delay = 0.39> <FuncUnit> <Opcode : 'select'> <InPorts = 3> <OutPorts = 1>
ST_2 : Operation 108 [1/1] (0.39ns)   --->   "%select_ln48_17 = select i1 %icmp_ln48, i8 %filter2conv_read, i8 %filter_mem_32_load_1" [./conv.h:48->top_wrapper.cpp:123]   --->   Operation 108 'select' 'select_ln48_17' <Predicate = (empty_48 == 7)> <Delay = 0.39> <CoreInst = "Sel">   --->   Core 73 'Sel' <Latency = 0> <II = 1> <Delay = 0.39> <FuncUnit> <Opcode : 'select'> <InPorts = 3> <OutPorts = 1>
ST_2 : Operation 109 [1/1] (0.42ns)   --->   "%store_ln36 = store i8 %select_ln48_16, i8 %filter_mem_33" [./conv.h:36->top_wrapper.cpp:123]   --->   Operation 109 'store' 'store_ln36' <Predicate = (empty_48 == 7)> <Delay = 0.42>
ST_2 : Operation 110 [1/1] (0.42ns)   --->   "%store_ln36 = store i8 %select_ln48_17, i8 %filter_mem_32" [./conv.h:36->top_wrapper.cpp:123]   --->   Operation 110 'store' 'store_ln36' <Predicate = (empty_48 == 7)> <Delay = 0.42>
ST_2 : Operation 111 [1/1] (0.00ns)   --->   "%br_ln48 = br void %arrayidx357.exit.i" [./conv.h:48->top_wrapper.cpp:123]   --->   Operation 111 'br' 'br_ln48' <Predicate = (empty_48 == 7)> <Delay = 0.00>
ST_2 : Operation 112 [1/1] (0.00ns)   --->   "%filter_mem_30_load_1 = load i8 %filter_mem_30" [./conv.h:48->top_wrapper.cpp:123]   --->   Operation 112 'load' 'filter_mem_30_load_1' <Predicate = (empty_48 == 6)> <Delay = 0.00>
ST_2 : Operation 113 [1/1] (0.00ns)   --->   "%filter_mem_31_load_1 = load i8 %filter_mem_31" [./conv.h:48->top_wrapper.cpp:123]   --->   Operation 113 'load' 'filter_mem_31_load_1' <Predicate = (empty_48 == 6)> <Delay = 0.00>
ST_2 : Operation 114 [1/1] (0.39ns)   --->   "%select_ln48_14 = select i1 %icmp_ln48, i8 %filter_mem_31_load_1, i8 %filter2conv_read" [./conv.h:48->top_wrapper.cpp:123]   --->   Operation 114 'select' 'select_ln48_14' <Predicate = (empty_48 == 6)> <Delay = 0.39> <CoreInst = "Sel">   --->   Core 73 'Sel' <Latency = 0> <II = 1> <Delay = 0.39> <FuncUnit> <Opcode : 'select'> <InPorts = 3> <OutPorts = 1>
ST_2 : Operation 115 [1/1] (0.39ns)   --->   "%select_ln48_15 = select i1 %icmp_ln48, i8 %filter2conv_read, i8 %filter_mem_30_load_1" [./conv.h:48->top_wrapper.cpp:123]   --->   Operation 115 'select' 'select_ln48_15' <Predicate = (empty_48 == 6)> <Delay = 0.39> <CoreInst = "Sel">   --->   Core 73 'Sel' <Latency = 0> <II = 1> <Delay = 0.39> <FuncUnit> <Opcode : 'select'> <InPorts = 3> <OutPorts = 1>
ST_2 : Operation 116 [1/1] (0.42ns)   --->   "%store_ln36 = store i8 %select_ln48_14, i8 %filter_mem_31" [./conv.h:36->top_wrapper.cpp:123]   --->   Operation 116 'store' 'store_ln36' <Predicate = (empty_48 == 6)> <Delay = 0.42>
ST_2 : Operation 117 [1/1] (0.42ns)   --->   "%store_ln36 = store i8 %select_ln48_15, i8 %filter_mem_30" [./conv.h:36->top_wrapper.cpp:123]   --->   Operation 117 'store' 'store_ln36' <Predicate = (empty_48 == 6)> <Delay = 0.42>
ST_2 : Operation 118 [1/1] (0.00ns)   --->   "%br_ln48 = br void %arrayidx357.exit.i" [./conv.h:48->top_wrapper.cpp:123]   --->   Operation 118 'br' 'br_ln48' <Predicate = (empty_48 == 6)> <Delay = 0.00>
ST_2 : Operation 119 [1/1] (0.00ns)   --->   "%filter_mem_28_load_1 = load i8 %filter_mem_28" [./conv.h:48->top_wrapper.cpp:123]   --->   Operation 119 'load' 'filter_mem_28_load_1' <Predicate = (empty_48 == 5)> <Delay = 0.00>
ST_2 : Operation 120 [1/1] (0.00ns)   --->   "%filter_mem_29_load_1 = load i8 %filter_mem_29" [./conv.h:48->top_wrapper.cpp:123]   --->   Operation 120 'load' 'filter_mem_29_load_1' <Predicate = (empty_48 == 5)> <Delay = 0.00>
ST_2 : Operation 121 [1/1] (0.39ns)   --->   "%select_ln48_12 = select i1 %icmp_ln48, i8 %filter_mem_29_load_1, i8 %filter2conv_read" [./conv.h:48->top_wrapper.cpp:123]   --->   Operation 121 'select' 'select_ln48_12' <Predicate = (empty_48 == 5)> <Delay = 0.39> <CoreInst = "Sel">   --->   Core 73 'Sel' <Latency = 0> <II = 1> <Delay = 0.39> <FuncUnit> <Opcode : 'select'> <InPorts = 3> <OutPorts = 1>
ST_2 : Operation 122 [1/1] (0.39ns)   --->   "%select_ln48_13 = select i1 %icmp_ln48, i8 %filter2conv_read, i8 %filter_mem_28_load_1" [./conv.h:48->top_wrapper.cpp:123]   --->   Operation 122 'select' 'select_ln48_13' <Predicate = (empty_48 == 5)> <Delay = 0.39> <CoreInst = "Sel">   --->   Core 73 'Sel' <Latency = 0> <II = 1> <Delay = 0.39> <FuncUnit> <Opcode : 'select'> <InPorts = 3> <OutPorts = 1>
ST_2 : Operation 123 [1/1] (0.42ns)   --->   "%store_ln36 = store i8 %select_ln48_12, i8 %filter_mem_29" [./conv.h:36->top_wrapper.cpp:123]   --->   Operation 123 'store' 'store_ln36' <Predicate = (empty_48 == 5)> <Delay = 0.42>
ST_2 : Operation 124 [1/1] (0.42ns)   --->   "%store_ln36 = store i8 %select_ln48_13, i8 %filter_mem_28" [./conv.h:36->top_wrapper.cpp:123]   --->   Operation 124 'store' 'store_ln36' <Predicate = (empty_48 == 5)> <Delay = 0.42>
ST_2 : Operation 125 [1/1] (0.00ns)   --->   "%br_ln48 = br void %arrayidx357.exit.i" [./conv.h:48->top_wrapper.cpp:123]   --->   Operation 125 'br' 'br_ln48' <Predicate = (empty_48 == 5)> <Delay = 0.00>
ST_2 : Operation 126 [1/1] (0.00ns)   --->   "%filter_mem_26_load_1 = load i8 %filter_mem_26" [./conv.h:48->top_wrapper.cpp:123]   --->   Operation 126 'load' 'filter_mem_26_load_1' <Predicate = (empty_48 == 4)> <Delay = 0.00>
ST_2 : Operation 127 [1/1] (0.00ns)   --->   "%filter_mem_27_load_1 = load i8 %filter_mem_27" [./conv.h:48->top_wrapper.cpp:123]   --->   Operation 127 'load' 'filter_mem_27_load_1' <Predicate = (empty_48 == 4)> <Delay = 0.00>
ST_2 : Operation 128 [1/1] (0.39ns)   --->   "%select_ln48_10 = select i1 %icmp_ln48, i8 %filter_mem_27_load_1, i8 %filter2conv_read" [./conv.h:48->top_wrapper.cpp:123]   --->   Operation 128 'select' 'select_ln48_10' <Predicate = (empty_48 == 4)> <Delay = 0.39> <CoreInst = "Sel">   --->   Core 73 'Sel' <Latency = 0> <II = 1> <Delay = 0.39> <FuncUnit> <Opcode : 'select'> <InPorts = 3> <OutPorts = 1>
ST_2 : Operation 129 [1/1] (0.39ns)   --->   "%select_ln48_11 = select i1 %icmp_ln48, i8 %filter2conv_read, i8 %filter_mem_26_load_1" [./conv.h:48->top_wrapper.cpp:123]   --->   Operation 129 'select' 'select_ln48_11' <Predicate = (empty_48 == 4)> <Delay = 0.39> <CoreInst = "Sel">   --->   Core 73 'Sel' <Latency = 0> <II = 1> <Delay = 0.39> <FuncUnit> <Opcode : 'select'> <InPorts = 3> <OutPorts = 1>
ST_2 : Operation 130 [1/1] (0.42ns)   --->   "%store_ln36 = store i8 %select_ln48_10, i8 %filter_mem_27" [./conv.h:36->top_wrapper.cpp:123]   --->   Operation 130 'store' 'store_ln36' <Predicate = (empty_48 == 4)> <Delay = 0.42>
ST_2 : Operation 131 [1/1] (0.42ns)   --->   "%store_ln36 = store i8 %select_ln48_11, i8 %filter_mem_26" [./conv.h:36->top_wrapper.cpp:123]   --->   Operation 131 'store' 'store_ln36' <Predicate = (empty_48 == 4)> <Delay = 0.42>
ST_2 : Operation 132 [1/1] (0.00ns)   --->   "%br_ln48 = br void %arrayidx357.exit.i" [./conv.h:48->top_wrapper.cpp:123]   --->   Operation 132 'br' 'br_ln48' <Predicate = (empty_48 == 4)> <Delay = 0.00>
ST_2 : Operation 133 [1/1] (0.00ns)   --->   "%filter_mem_24_load_1 = load i8 %filter_mem_24" [./conv.h:48->top_wrapper.cpp:123]   --->   Operation 133 'load' 'filter_mem_24_load_1' <Predicate = (empty_48 == 3)> <Delay = 0.00>
ST_2 : Operation 134 [1/1] (0.00ns)   --->   "%filter_mem_25_load_1 = load i8 %filter_mem_25" [./conv.h:48->top_wrapper.cpp:123]   --->   Operation 134 'load' 'filter_mem_25_load_1' <Predicate = (empty_48 == 3)> <Delay = 0.00>
ST_2 : Operation 135 [1/1] (0.39ns)   --->   "%select_ln48_8 = select i1 %icmp_ln48, i8 %filter_mem_25_load_1, i8 %filter2conv_read" [./conv.h:48->top_wrapper.cpp:123]   --->   Operation 135 'select' 'select_ln48_8' <Predicate = (empty_48 == 3)> <Delay = 0.39> <CoreInst = "Sel">   --->   Core 73 'Sel' <Latency = 0> <II = 1> <Delay = 0.39> <FuncUnit> <Opcode : 'select'> <InPorts = 3> <OutPorts = 1>
ST_2 : Operation 136 [1/1] (0.39ns)   --->   "%select_ln48_9 = select i1 %icmp_ln48, i8 %filter2conv_read, i8 %filter_mem_24_load_1" [./conv.h:48->top_wrapper.cpp:123]   --->   Operation 136 'select' 'select_ln48_9' <Predicate = (empty_48 == 3)> <Delay = 0.39> <CoreInst = "Sel">   --->   Core 73 'Sel' <Latency = 0> <II = 1> <Delay = 0.39> <FuncUnit> <Opcode : 'select'> <InPorts = 3> <OutPorts = 1>
ST_2 : Operation 137 [1/1] (0.42ns)   --->   "%store_ln36 = store i8 %select_ln48_8, i8 %filter_mem_25" [./conv.h:36->top_wrapper.cpp:123]   --->   Operation 137 'store' 'store_ln36' <Predicate = (empty_48 == 3)> <Delay = 0.42>
ST_2 : Operation 138 [1/1] (0.42ns)   --->   "%store_ln36 = store i8 %select_ln48_9, i8 %filter_mem_24" [./conv.h:36->top_wrapper.cpp:123]   --->   Operation 138 'store' 'store_ln36' <Predicate = (empty_48 == 3)> <Delay = 0.42>
ST_2 : Operation 139 [1/1] (0.00ns)   --->   "%br_ln48 = br void %arrayidx357.exit.i" [./conv.h:48->top_wrapper.cpp:123]   --->   Operation 139 'br' 'br_ln48' <Predicate = (empty_48 == 3)> <Delay = 0.00>
ST_2 : Operation 140 [1/1] (0.00ns)   --->   "%filter_mem_22_load_1 = load i8 %filter_mem_22" [./conv.h:48->top_wrapper.cpp:123]   --->   Operation 140 'load' 'filter_mem_22_load_1' <Predicate = (empty_48 == 2)> <Delay = 0.00>
ST_2 : Operation 141 [1/1] (0.00ns)   --->   "%filter_mem_23_load_1 = load i8 %filter_mem_23" [./conv.h:48->top_wrapper.cpp:123]   --->   Operation 141 'load' 'filter_mem_23_load_1' <Predicate = (empty_48 == 2)> <Delay = 0.00>
ST_2 : Operation 142 [1/1] (0.39ns)   --->   "%select_ln48_6 = select i1 %icmp_ln48, i8 %filter_mem_23_load_1, i8 %filter2conv_read" [./conv.h:48->top_wrapper.cpp:123]   --->   Operation 142 'select' 'select_ln48_6' <Predicate = (empty_48 == 2)> <Delay = 0.39> <CoreInst = "Sel">   --->   Core 73 'Sel' <Latency = 0> <II = 1> <Delay = 0.39> <FuncUnit> <Opcode : 'select'> <InPorts = 3> <OutPorts = 1>
ST_2 : Operation 143 [1/1] (0.39ns)   --->   "%select_ln48_7 = select i1 %icmp_ln48, i8 %filter2conv_read, i8 %filter_mem_22_load_1" [./conv.h:48->top_wrapper.cpp:123]   --->   Operation 143 'select' 'select_ln48_7' <Predicate = (empty_48 == 2)> <Delay = 0.39> <CoreInst = "Sel">   --->   Core 73 'Sel' <Latency = 0> <II = 1> <Delay = 0.39> <FuncUnit> <Opcode : 'select'> <InPorts = 3> <OutPorts = 1>
ST_2 : Operation 144 [1/1] (0.42ns)   --->   "%store_ln36 = store i8 %select_ln48_6, i8 %filter_mem_23" [./conv.h:36->top_wrapper.cpp:123]   --->   Operation 144 'store' 'store_ln36' <Predicate = (empty_48 == 2)> <Delay = 0.42>
ST_2 : Operation 145 [1/1] (0.42ns)   --->   "%store_ln36 = store i8 %select_ln48_7, i8 %filter_mem_22" [./conv.h:36->top_wrapper.cpp:123]   --->   Operation 145 'store' 'store_ln36' <Predicate = (empty_48 == 2)> <Delay = 0.42>
ST_2 : Operation 146 [1/1] (0.00ns)   --->   "%br_ln48 = br void %arrayidx357.exit.i" [./conv.h:48->top_wrapper.cpp:123]   --->   Operation 146 'br' 'br_ln48' <Predicate = (empty_48 == 2)> <Delay = 0.00>
ST_2 : Operation 147 [1/1] (0.00ns)   --->   "%filter_mem_20_load_1 = load i8 %filter_mem_20" [./conv.h:48->top_wrapper.cpp:123]   --->   Operation 147 'load' 'filter_mem_20_load_1' <Predicate = (empty_48 == 1)> <Delay = 0.00>
ST_2 : Operation 148 [1/1] (0.00ns)   --->   "%filter_mem_21_load_1 = load i8 %filter_mem_21" [./conv.h:48->top_wrapper.cpp:123]   --->   Operation 148 'load' 'filter_mem_21_load_1' <Predicate = (empty_48 == 1)> <Delay = 0.00>
ST_2 : Operation 149 [1/1] (0.39ns)   --->   "%select_ln48_4 = select i1 %icmp_ln48, i8 %filter_mem_21_load_1, i8 %filter2conv_read" [./conv.h:48->top_wrapper.cpp:123]   --->   Operation 149 'select' 'select_ln48_4' <Predicate = (empty_48 == 1)> <Delay = 0.39> <CoreInst = "Sel">   --->   Core 73 'Sel' <Latency = 0> <II = 1> <Delay = 0.39> <FuncUnit> <Opcode : 'select'> <InPorts = 3> <OutPorts = 1>
ST_2 : Operation 150 [1/1] (0.39ns)   --->   "%select_ln48_5 = select i1 %icmp_ln48, i8 %filter2conv_read, i8 %filter_mem_20_load_1" [./conv.h:48->top_wrapper.cpp:123]   --->   Operation 150 'select' 'select_ln48_5' <Predicate = (empty_48 == 1)> <Delay = 0.39> <CoreInst = "Sel">   --->   Core 73 'Sel' <Latency = 0> <II = 1> <Delay = 0.39> <FuncUnit> <Opcode : 'select'> <InPorts = 3> <OutPorts = 1>
ST_2 : Operation 151 [1/1] (0.42ns)   --->   "%store_ln36 = store i8 %select_ln48_4, i8 %filter_mem_21" [./conv.h:36->top_wrapper.cpp:123]   --->   Operation 151 'store' 'store_ln36' <Predicate = (empty_48 == 1)> <Delay = 0.42>
ST_2 : Operation 152 [1/1] (0.42ns)   --->   "%store_ln36 = store i8 %select_ln48_5, i8 %filter_mem_20" [./conv.h:36->top_wrapper.cpp:123]   --->   Operation 152 'store' 'store_ln36' <Predicate = (empty_48 == 1)> <Delay = 0.42>
ST_2 : Operation 153 [1/1] (0.00ns)   --->   "%br_ln48 = br void %arrayidx357.exit.i" [./conv.h:48->top_wrapper.cpp:123]   --->   Operation 153 'br' 'br_ln48' <Predicate = (empty_48 == 1)> <Delay = 0.00>
ST_2 : Operation 154 [1/1] (0.00ns)   --->   "%filter_mem_18_load_1 = load i8 %filter_mem_18" [./conv.h:48->top_wrapper.cpp:123]   --->   Operation 154 'load' 'filter_mem_18_load_1' <Predicate = (empty_48 == 0)> <Delay = 0.00>
ST_2 : Operation 155 [1/1] (0.00ns)   --->   "%filter_mem_19_load_1 = load i8 %filter_mem_19" [./conv.h:48->top_wrapper.cpp:123]   --->   Operation 155 'load' 'filter_mem_19_load_1' <Predicate = (empty_48 == 0)> <Delay = 0.00>
ST_2 : Operation 156 [1/1] (0.39ns)   --->   "%select_ln48_2 = select i1 %icmp_ln48, i8 %filter_mem_19_load_1, i8 %filter2conv_read" [./conv.h:48->top_wrapper.cpp:123]   --->   Operation 156 'select' 'select_ln48_2' <Predicate = (empty_48 == 0)> <Delay = 0.39> <CoreInst = "Sel">   --->   Core 73 'Sel' <Latency = 0> <II = 1> <Delay = 0.39> <FuncUnit> <Opcode : 'select'> <InPorts = 3> <OutPorts = 1>
ST_2 : Operation 157 [1/1] (0.39ns)   --->   "%select_ln48_3 = select i1 %icmp_ln48, i8 %filter2conv_read, i8 %filter_mem_18_load_1" [./conv.h:48->top_wrapper.cpp:123]   --->   Operation 157 'select' 'select_ln48_3' <Predicate = (empty_48 == 0)> <Delay = 0.39> <CoreInst = "Sel">   --->   Core 73 'Sel' <Latency = 0> <II = 1> <Delay = 0.39> <FuncUnit> <Opcode : 'select'> <InPorts = 3> <OutPorts = 1>
ST_2 : Operation 158 [1/1] (0.42ns)   --->   "%store_ln36 = store i8 %select_ln48_2, i8 %filter_mem_19" [./conv.h:36->top_wrapper.cpp:123]   --->   Operation 158 'store' 'store_ln36' <Predicate = (empty_48 == 0)> <Delay = 0.42>
ST_2 : Operation 159 [1/1] (0.42ns)   --->   "%store_ln36 = store i8 %select_ln48_3, i8 %filter_mem_18" [./conv.h:36->top_wrapper.cpp:123]   --->   Operation 159 'store' 'store_ln36' <Predicate = (empty_48 == 0)> <Delay = 0.42>
ST_2 : Operation 160 [1/1] (0.00ns)   --->   "%br_ln48 = br void %arrayidx357.exit.i" [./conv.h:48->top_wrapper.cpp:123]   --->   Operation 160 'br' 'br_ln48' <Predicate = (empty_48 == 0)> <Delay = 0.00>
ST_2 : Operation 161 [1/1] (0.00ns)   --->   "%filter_mem_34_load_1 = load i8 %filter_mem_34" [./conv.h:48->top_wrapper.cpp:123]   --->   Operation 161 'load' 'filter_mem_34_load_1' <Predicate = (empty_48 != 0 & empty_48 != 1 & empty_48 != 2 & empty_48 != 3 & empty_48 != 4 & empty_48 != 5 & empty_48 != 6 & empty_48 != 7)> <Delay = 0.00>
ST_2 : Operation 162 [1/1] (0.00ns)   --->   "%filter_mem_35_load_1 = load i8 %filter_mem_35" [./conv.h:48->top_wrapper.cpp:123]   --->   Operation 162 'load' 'filter_mem_35_load_1' <Predicate = (empty_48 != 0 & empty_48 != 1 & empty_48 != 2 & empty_48 != 3 & empty_48 != 4 & empty_48 != 5 & empty_48 != 6 & empty_48 != 7)> <Delay = 0.00>
ST_2 : Operation 163 [1/1] (0.39ns)   --->   "%select_ln48 = select i1 %icmp_ln48, i8 %filter_mem_35_load_1, i8 %filter2conv_read" [./conv.h:48->top_wrapper.cpp:123]   --->   Operation 163 'select' 'select_ln48' <Predicate = (empty_48 != 0 & empty_48 != 1 & empty_48 != 2 & empty_48 != 3 & empty_48 != 4 & empty_48 != 5 & empty_48 != 6 & empty_48 != 7)> <Delay = 0.39> <CoreInst = "Sel">   --->   Core 73 'Sel' <Latency = 0> <II = 1> <Delay = 0.39> <FuncUnit> <Opcode : 'select'> <InPorts = 3> <OutPorts = 1>
ST_2 : Operation 164 [1/1] (0.39ns)   --->   "%select_ln48_1 = select i1 %icmp_ln48, i8 %filter2conv_read, i8 %filter_mem_34_load_1" [./conv.h:48->top_wrapper.cpp:123]   --->   Operation 164 'select' 'select_ln48_1' <Predicate = (empty_48 != 0 & empty_48 != 1 & empty_48 != 2 & empty_48 != 3 & empty_48 != 4 & empty_48 != 5 & empty_48 != 6 & empty_48 != 7)> <Delay = 0.39> <CoreInst = "Sel">   --->   Core 73 'Sel' <Latency = 0> <II = 1> <Delay = 0.39> <FuncUnit> <Opcode : 'select'> <InPorts = 3> <OutPorts = 1>
ST_2 : Operation 165 [1/1] (0.42ns)   --->   "%store_ln36 = store i8 %select_ln48, i8 %filter_mem_35" [./conv.h:36->top_wrapper.cpp:123]   --->   Operation 165 'store' 'store_ln36' <Predicate = (empty_48 != 0 & empty_48 != 1 & empty_48 != 2 & empty_48 != 3 & empty_48 != 4 & empty_48 != 5 & empty_48 != 6 & empty_48 != 7)> <Delay = 0.42>
ST_2 : Operation 166 [1/1] (0.42ns)   --->   "%store_ln36 = store i8 %select_ln48_1, i8 %filter_mem_34" [./conv.h:36->top_wrapper.cpp:123]   --->   Operation 166 'store' 'store_ln36' <Predicate = (empty_48 != 0 & empty_48 != 1 & empty_48 != 2 & empty_48 != 3 & empty_48 != 4 & empty_48 != 5 & empty_48 != 6 & empty_48 != 7)> <Delay = 0.42>
ST_2 : Operation 167 [1/1] (0.00ns)   --->   "%br_ln48 = br void %arrayidx357.exit.i" [./conv.h:48->top_wrapper.cpp:123]   --->   Operation 167 'br' 'br_ln48' <Predicate = (empty_48 != 0 & empty_48 != 1 & empty_48 != 2 & empty_48 != 3 & empty_48 != 4 & empty_48 != 5 & empty_48 != 6 & empty_48 != 7)> <Delay = 0.00>
ST_2 : Operation 168 [1/1] (0.54ns)   --->   "%add_ln43 = add i2 %s_ich_mid2, i2 1" [./conv.h:43->top_wrapper.cpp:123]   --->   Operation 168 'add' 'add_ln43' <Predicate = true> <Delay = 0.54> <CoreInst = "Adder">   --->   Core 1 'Adder' <Latency = 0> <II = 1> <Delay = 0.54> <FuncUnit> <Opcode : 'add' 'sub'> <InPorts = 2> <OutPorts = 1>
ST_2 : Operation 169 [1/1] (0.42ns)   --->   "%store_ln41 = store i2 %select_ln41, i2 %s_fh" [./conv.h:41->top_wrapper.cpp:123]   --->   Operation 169 'store' 'store_ln41' <Predicate = true> <Delay = 0.42>
ST_2 : Operation 170 [1/1] (0.42ns)   --->   "%store_ln42 = store i2 %select_ln42, i2 %s_fw" [./conv.h:42->top_wrapper.cpp:123]   --->   Operation 170 'store' 'store_ln42' <Predicate = true> <Delay = 0.42>
ST_2 : Operation 171 [1/1] (0.42ns)   --->   "%store_ln47 = store i2 %add_ln43, i2 %idx_depth" [./conv.h:47->top_wrapper.cpp:123]   --->   Operation 171 'store' 'store_ln47' <Predicate = true> <Delay = 0.42>
ST_2 : Operation 172 [1/1] (0.00ns)   --->   "%br_ln43 = br void %VITIS_LOOP_44_4.i" [./conv.h:43->top_wrapper.cpp:123]   --->   Operation 172 'br' 'br_ln43' <Predicate = true> <Delay = 0.00>


============================================================
+ Verbose Summary: Binding
============================================================
STG Binding: 
---------------- STG Properties BEGIN ----------------
- Is combinational: 0
- Is one-state seq: 0
- Is datapath-only: 0
- Is pipelined: 0
- Is top level: 0
Port [ Return ] is wired: 1; IO mode=ap_ctrl_hs:ce=0
Port [ filter_mem_17]:  wired=1; compound=0; hidden=0; nouse=0; global=0; static=0; extern=0; dir=0; type=0; pingpong=0; private_global=0; IO mode=ap_none:ce=0
Port [ filter_mem_16]:  wired=1; compound=0; hidden=0; nouse=0; global=0; static=0; extern=0; dir=0; type=0; pingpong=0; private_global=0; IO mode=ap_none:ce=0
Port [ filter_mem_15]:  wired=1; compound=0; hidden=0; nouse=0; global=0; static=0; extern=0; dir=0; type=0; pingpong=0; private_global=0; IO mode=ap_none:ce=0
Port [ filter_mem_14]:  wired=1; compound=0; hidden=0; nouse=0; global=0; static=0; extern=0; dir=0; type=0; pingpong=0; private_global=0; IO mode=ap_none:ce=0
Port [ filter_mem_13]:  wired=1; compound=0; hidden=0; nouse=0; global=0; static=0; extern=0; dir=0; type=0; pingpong=0; private_global=0; IO mode=ap_none:ce=0
Port [ filter_mem_12]:  wired=1; compound=0; hidden=0; nouse=0; global=0; static=0; extern=0; dir=0; type=0; pingpong=0; private_global=0; IO mode=ap_none:ce=0
Port [ filter_mem_11]:  wired=1; compound=0; hidden=0; nouse=0; global=0; static=0; extern=0; dir=0; type=0; pingpong=0; private_global=0; IO mode=ap_none:ce=0
Port [ filter_mem_10]:  wired=1; compound=0; hidden=0; nouse=0; global=0; static=0; extern=0; dir=0; type=0; pingpong=0; private_global=0; IO mode=ap_none:ce=0
Port [ filter_mem_9]:  wired=1; compound=0; hidden=0; nouse=0; global=0; static=0; extern=0; dir=0; type=0; pingpong=0; private_global=0; IO mode=ap_none:ce=0
Port [ filter_mem_8]:  wired=1; compound=0; hidden=0; nouse=0; global=0; static=0; extern=0; dir=0; type=0; pingpong=0; private_global=0; IO mode=ap_none:ce=0
Port [ filter_mem_7]:  wired=1; compound=0; hidden=0; nouse=0; global=0; static=0; extern=0; dir=0; type=0; pingpong=0; private_global=0; IO mode=ap_none:ce=0
Port [ filter_mem_6]:  wired=1; compound=0; hidden=0; nouse=0; global=0; static=0; extern=0; dir=0; type=0; pingpong=0; private_global=0; IO mode=ap_none:ce=0
Port [ filter_mem_5]:  wired=1; compound=0; hidden=0; nouse=0; global=0; static=0; extern=0; dir=0; type=0; pingpong=0; private_global=0; IO mode=ap_none:ce=0
Port [ filter_mem_4]:  wired=1; compound=0; hidden=0; nouse=0; global=0; static=0; extern=0; dir=0; type=0; pingpong=0; private_global=0; IO mode=ap_none:ce=0
Port [ filter_mem_3]:  wired=1; compound=0; hidden=0; nouse=0; global=0; static=0; extern=0; dir=0; type=0; pingpong=0; private_global=0; IO mode=ap_none:ce=0
Port [ filter_mem_2]:  wired=1; compound=0; hidden=0; nouse=0; global=0; static=0; extern=0; dir=0; type=0; pingpong=0; private_global=0; IO mode=ap_none:ce=0
Port [ filter_mem_1]:  wired=1; compound=0; hidden=0; nouse=0; global=0; static=0; extern=0; dir=0; type=0; pingpong=0; private_global=0; IO mode=ap_none:ce=0
Port [ filter_mem]:  wired=1; compound=0; hidden=0; nouse=0; global=0; static=0; extern=0; dir=0; type=0; pingpong=0; private_global=0; IO mode=ap_none:ce=0
Port [ filter2conv]:  wired=1; compound=1; hidden=0; nouse=0; global=0; static=0; extern=0; dir=0; type=3; pingpong=0; private_global=0; IO mode=ap_fifo:ce=0
Port [ filter_mem_35_out]:  wired=1; compound=0; hidden=0; nouse=0; global=0; static=0; extern=0; dir=1; type=0; pingpong=0; private_global=0; IO mode=ap_vld:ce=0
Port [ filter_mem_34_out]:  wired=1; compound=0; hidden=0; nouse=0; global=0; static=0; extern=0; dir=1; type=0; pingpong=0; private_global=0; IO mode=ap_vld:ce=0
Port [ filter_mem_33_out]:  wired=1; compound=0; hidden=0; nouse=0; global=0; static=0; extern=0; dir=1; type=0; pingpong=0; private_global=0; IO mode=ap_vld:ce=0
Port [ filter_mem_32_out]:  wired=1; compound=0; hidden=0; nouse=0; global=0; static=0; extern=0; dir=1; type=0; pingpong=0; private_global=0; IO mode=ap_vld:ce=0
Port [ filter_mem_31_out]:  wired=1; compound=0; hidden=0; nouse=0; global=0; static=0; extern=0; dir=1; type=0; pingpong=0; private_global=0; IO mode=ap_vld:ce=0
Port [ filter_mem_30_out]:  wired=1; compound=0; hidden=0; nouse=0; global=0; static=0; extern=0; dir=1; type=0; pingpong=0; private_global=0; IO mode=ap_vld:ce=0
Port [ filter_mem_29_out]:  wired=1; compound=0; hidden=0; nouse=0; global=0; static=0; extern=0; dir=1; type=0; pingpong=0; private_global=0; IO mode=ap_vld:ce=0
Port [ filter_mem_28_out]:  wired=1; compound=0; hidden=0; nouse=0; global=0; static=0; extern=0; dir=1; type=0; pingpong=0; private_global=0; IO mode=ap_vld:ce=0
Port [ filter_mem_27_out]:  wired=1; compound=0; hidden=0; nouse=0; global=0; static=0; extern=0; dir=1; type=0; pingpong=0; private_global=0; IO mode=ap_vld:ce=0
Port [ filter_mem_26_out]:  wired=1; compound=0; hidden=0; nouse=0; global=0; static=0; extern=0; dir=1; type=0; pingpong=0; private_global=0; IO mode=ap_vld:ce=0
Port [ filter_mem_25_out]:  wired=1; compound=0; hidden=0; nouse=0; global=0; static=0; extern=0; dir=1; type=0; pingpong=0; private_global=0; IO mode=ap_vld:ce=0
Port [ filter_mem_24_out]:  wired=1; compound=0; hidden=0; nouse=0; global=0; static=0; extern=0; dir=1; type=0; pingpong=0; private_global=0; IO mode=ap_vld:ce=0
Port [ filter_mem_23_out]:  wired=1; compound=0; hidden=0; nouse=0; global=0; static=0; extern=0; dir=1; type=0; pingpong=0; private_global=0; IO mode=ap_vld:ce=0
Port [ filter_mem_22_out]:  wired=1; compound=0; hidden=0; nouse=0; global=0; static=0; extern=0; dir=1; type=0; pingpong=0; private_global=0; IO mode=ap_vld:ce=0
Port [ filter_mem_21_out]:  wired=1; compound=0; hidden=0; nouse=0; global=0; static=0; extern=0; dir=1; type=0; pingpong=0; private_global=0; IO mode=ap_vld:ce=0
Port [ filter_mem_20_out]:  wired=1; compound=0; hidden=0; nouse=0; global=0; static=0; extern=0; dir=1; type=0; pingpong=0; private_global=0; IO mode=ap_vld:ce=0
Port [ filter_mem_19_out]:  wired=1; compound=0; hidden=0; nouse=0; global=0; static=0; extern=0; dir=1; type=0; pingpong=0; private_global=0; IO mode=ap_vld:ce=0
Port [ filter_mem_18_out]:  wired=1; compound=0; hidden=0; nouse=0; global=0; static=0; extern=0; dir=1; type=0; pingpong=0; private_global=0; IO mode=ap_vld:ce=0
---------------- STG Properties END ------------------

---------------- Datapath Model BEGIN ----------------

<LifeTime>
<method=bitvector/>
idx_depth             (alloca           ) [ 011]
s_fw                  (alloca           ) [ 011]
indvar_flatten        (alloca           ) [ 010]
s_fh                  (alloca           ) [ 011]
indvar_flatten48      (alloca           ) [ 010]
filter_mem_18         (alloca           ) [ 011]
filter_mem_19         (alloca           ) [ 011]
filter_mem_20         (alloca           ) [ 011]
filter_mem_21         (alloca           ) [ 011]
filter_mem_22         (alloca           ) [ 011]
filter_mem_23         (alloca           ) [ 011]
filter_mem_24         (alloca           ) [ 011]
filter_mem_25         (alloca           ) [ 011]
filter_mem_26         (alloca           ) [ 011]
filter_mem_27         (alloca           ) [ 011]
filter_mem_28         (alloca           ) [ 011]
filter_mem_29         (alloca           ) [ 011]
filter_mem_30         (alloca           ) [ 011]
filter_mem_31         (alloca           ) [ 011]
filter_mem_32         (alloca           ) [ 011]
filter_mem_33         (alloca           ) [ 011]
filter_mem_34         (alloca           ) [ 011]
filter_mem_35         (alloca           ) [ 011]
specinterface_ln0     (specinterface    ) [ 000]
filter_mem_read       (read             ) [ 000]
filter_mem_1_read     (read             ) [ 000]
filter_mem_2_read     (read             ) [ 000]
filter_mem_3_read     (read             ) [ 000]
filter_mem_4_read     (read             ) [ 000]
filter_mem_5_read     (read             ) [ 000]
filter_mem_6_read     (read             ) [ 000]
filter_mem_7_read     (read             ) [ 000]
filter_mem_8_read     (read             ) [ 000]
filter_mem_9_read     (read             ) [ 000]
filter_mem_10_read    (read             ) [ 000]
filter_mem_11_read    (read             ) [ 000]
filter_mem_12_read    (read             ) [ 000]
filter_mem_13_read    (read             ) [ 000]
filter_mem_14_read    (read             ) [ 000]
filter_mem_15_read    (read             ) [ 000]
filter_mem_16_read    (read             ) [ 000]
filter_mem_17_read    (read             ) [ 000]
store_ln36            (store            ) [ 000]
store_ln36            (store            ) [ 000]
store_ln36            (store            ) [ 000]
store_ln36            (store            ) [ 000]
store_ln36            (store            ) [ 000]
store_ln36            (store            ) [ 000]
store_ln36            (store            ) [ 000]
store_ln36            (store            ) [ 000]
store_ln36            (store            ) [ 000]
store_ln36            (store            ) [ 000]
store_ln36            (store            ) [ 000]
store_ln36            (store            ) [ 000]
store_ln36            (store            ) [ 000]
store_ln36            (store            ) [ 000]
store_ln36            (store            ) [ 000]
store_ln36            (store            ) [ 000]
store_ln36            (store            ) [ 000]
store_ln36            (store            ) [ 000]
store_ln0             (store            ) [ 000]
store_ln41            (store            ) [ 000]
store_ln0             (store            ) [ 000]
store_ln42            (store            ) [ 000]
store_ln47            (store            ) [ 000]
br_ln41               (br               ) [ 000]
indvar_flatten_load   (load             ) [ 000]
indvar_flatten48_load (load             ) [ 000]
icmp_ln41             (icmp             ) [ 010]
add_ln41_1            (add              ) [ 000]
br_ln41               (br               ) [ 000]
icmp_ln42             (icmp             ) [ 011]
add_ln42_3            (add              ) [ 000]
select_ln42_1         (select           ) [ 000]
store_ln41            (store            ) [ 000]
store_ln42            (store            ) [ 000]
idx_depth_load        (load             ) [ 000]
s_fw_load             (load             ) [ 000]
s_fh_load             (load             ) [ 000]
add_ln41              (add              ) [ 000]
specloopname_ln0      (specloopname     ) [ 000]
speclooptripcount_ln0 (speclooptripcount) [ 000]
select_ln36           (select           ) [ 000]
xor_ln36              (xor              ) [ 000]
icmp_ln43             (icmp             ) [ 000]
and_ln36              (and              ) [ 000]
select_ln41           (select           ) [ 000]
add_ln42              (add              ) [ 000]
empty                 (or               ) [ 000]
s_ich_mid2            (select           ) [ 000]
select_ln42           (select           ) [ 000]
zext_ln41             (zext             ) [ 000]
p_shl                 (bitconcatenate   ) [ 000]
empty_47              (sub              ) [ 000]
zext_ln42             (zext             ) [ 000]
empty_48              (add              ) [ 011]
specpipeline_ln36     (specpipeline     ) [ 000]
filter2conv_read      (read             ) [ 000]
icmp_ln48             (icmp             ) [ 000]
switch_ln48           (switch           ) [ 000]
filter_mem_32_load_1  (load             ) [ 000]
filter_mem_33_load_1  (load             ) [ 000]
select_ln48_16        (select           ) [ 000]
select_ln48_17        (select           ) [ 000]
store_ln36            (store            ) [ 000]
store_ln36            (store            ) [ 000]
br_ln48               (br               ) [ 000]
filter_mem_30_load_1  (load             ) [ 000]
filter_mem_31_load_1  (load             ) [ 000]
select_ln48_14        (select           ) [ 000]
select_ln48_15        (select           ) [ 000]
store_ln36            (store            ) [ 000]
store_ln36            (store            ) [ 000]
br_ln48               (br               ) [ 000]
filter_mem_28_load_1  (load             ) [ 000]
filter_mem_29_load_1  (load             ) [ 000]
select_ln48_12        (select           ) [ 000]
select_ln48_13        (select           ) [ 000]
store_ln36            (store            ) [ 000]
store_ln36            (store            ) [ 000]
br_ln48               (br               ) [ 000]
filter_mem_26_load_1  (load             ) [ 000]
filter_mem_27_load_1  (load             ) [ 000]
select_ln48_10        (select           ) [ 000]
select_ln48_11        (select           ) [ 000]
store_ln36            (store            ) [ 000]
store_ln36            (store            ) [ 000]
br_ln48               (br               ) [ 000]
filter_mem_24_load_1  (load             ) [ 000]
filter_mem_25_load_1  (load             ) [ 000]
select_ln48_8         (select           ) [ 000]
select_ln48_9         (select           ) [ 000]
store_ln36            (store            ) [ 000]
store_ln36            (store            ) [ 000]
br_ln48               (br               ) [ 000]
filter_mem_22_load_1  (load             ) [ 000]
filter_mem_23_load_1  (load             ) [ 000]
select_ln48_6         (select           ) [ 000]
select_ln48_7         (select           ) [ 000]
store_ln36            (store            ) [ 000]
store_ln36            (store            ) [ 000]
br_ln48               (br               ) [ 000]
filter_mem_20_load_1  (load             ) [ 000]
filter_mem_21_load_1  (load             ) [ 000]
select_ln48_4         (select           ) [ 000]
select_ln48_5         (select           ) [ 000]
store_ln36            (store            ) [ 000]
store_ln36            (store            ) [ 000]
br_ln48               (br               ) [ 000]
filter_mem_18_load_1  (load             ) [ 000]
filter_mem_19_load_1  (load             ) [ 000]
select_ln48_2         (select           ) [ 000]
select_ln48_3         (select           ) [ 000]
store_ln36            (store            ) [ 000]
store_ln36            (store            ) [ 000]
br_ln48               (br               ) [ 000]
filter_mem_34_load_1  (load             ) [ 000]
filter_mem_35_load_1  (load             ) [ 000]
select_ln48           (select           ) [ 000]
select_ln48_1         (select           ) [ 000]
store_ln36            (store            ) [ 000]
store_ln36            (store            ) [ 000]
br_ln48               (br               ) [ 000]
add_ln43              (add              ) [ 000]
store_ln41            (store            ) [ 000]
store_ln42            (store            ) [ 000]
store_ln47            (store            ) [ 000]
br_ln43               (br               ) [ 000]
filter_mem_18_load    (load             ) [ 000]
filter_mem_19_load    (load             ) [ 000]
filter_mem_20_load    (load             ) [ 000]
filter_mem_21_load    (load             ) [ 000]
filter_mem_22_load    (load             ) [ 000]
filter_mem_23_load    (load             ) [ 000]
filter_mem_24_load    (load             ) [ 000]
filter_mem_25_load    (load             ) [ 000]
filter_mem_26_load    (load             ) [ 000]
filter_mem_27_load    (load             ) [ 000]
filter_mem_28_load    (load             ) [ 000]
filter_mem_29_load    (load             ) [ 000]
filter_mem_30_load    (load             ) [ 000]
filter_mem_31_load    (load             ) [ 000]
filter_mem_32_load    (load             ) [ 000]
filter_mem_33_load    (load             ) [ 000]
filter_mem_34_load    (load             ) [ 000]
filter_mem_35_load    (load             ) [ 000]
write_ln0             (write            ) [ 000]
write_ln0             (write            ) [ 000]
write_ln0             (write            ) [ 000]
write_ln0             (write            ) [ 000]
write_ln0             (write            ) [ 000]
write_ln0             (write            ) [ 000]
write_ln0             (write            ) [ 000]
write_ln0             (write            ) [ 000]
write_ln0             (write            ) [ 000]
write_ln0             (write            ) [ 000]
write_ln0             (write            ) [ 000]
write_ln0             (write            ) [ 000]
write_ln0             (write            ) [ 000]
write_ln0             (write            ) [ 000]
write_ln0             (write            ) [ 000]
write_ln0             (write            ) [ 000]
write_ln0             (write            ) [ 000]
write_ln0             (write            ) [ 000]
ret_ln0               (ret              ) [ 000]
</LifeTime>

<model>

<comp_list>
<comp id="0" class="1000" name="filter_mem_17">
<pin_list>
<pin id="1" dir="1" index="0" bw="1" slack="0"/>
</pin_list>
<bind>
<StgValue><ssdm name="filter_mem_17"/></StgValue>
</bind>
</comp>

<comp id="2" class="1000" name="filter_mem_16">
<pin_list>
<pin id="3" dir="1" index="0" bw="1" slack="0"/>
</pin_list>
<bind>
<StgValue><ssdm name="filter_mem_16"/></StgValue>
</bind>
</comp>

<comp id="4" class="1000" name="filter_mem_15">
<pin_list>
<pin id="5" dir="1" index="0" bw="1" slack="0"/>
</pin_list>
<bind>
<StgValue><ssdm name="filter_mem_15"/></StgValue>
</bind>
</comp>

<comp id="6" class="1000" name="filter_mem_14">
<pin_list>
<pin id="7" dir="1" index="0" bw="1" slack="0"/>
</pin_list>
<bind>
<StgValue><ssdm name="filter_mem_14"/></StgValue>
</bind>
</comp>

<comp id="8" class="1000" name="filter_mem_13">
<pin_list>
<pin id="9" dir="1" index="0" bw="1" slack="0"/>
</pin_list>
<bind>
<StgValue><ssdm name="filter_mem_13"/></StgValue>
</bind>
</comp>

<comp id="10" class="1000" name="filter_mem_12">
<pin_list>
<pin id="11" dir="1" index="0" bw="1" slack="0"/>
</pin_list>
<bind>
<StgValue><ssdm name="filter_mem_12"/></StgValue>
</bind>
</comp>

<comp id="12" class="1000" name="filter_mem_11">
<pin_list>
<pin id="13" dir="1" index="0" bw="1" slack="0"/>
</pin_list>
<bind>
<StgValue><ssdm name="filter_mem_11"/></StgValue>
</bind>
</comp>

<comp id="14" class="1000" name="filter_mem_10">
<pin_list>
<pin id="15" dir="1" index="0" bw="1" slack="0"/>
</pin_list>
<bind>
<StgValue><ssdm name="filter_mem_10"/></StgValue>
</bind>
</comp>

<comp id="16" class="1000" name="filter_mem_9">
<pin_list>
<pin id="17" dir="1" index="0" bw="1" slack="0"/>
</pin_list>
<bind>
<StgValue><ssdm name="filter_mem_9"/></StgValue>
</bind>
</comp>

<comp id="18" class="1000" name="filter_mem_8">
<pin_list>
<pin id="19" dir="1" index="0" bw="1" slack="0"/>
</pin_list>
<bind>
<StgValue><ssdm name="filter_mem_8"/></StgValue>
</bind>
</comp>

<comp id="20" class="1000" name="filter_mem_7">
<pin_list>
<pin id="21" dir="1" index="0" bw="1" slack="0"/>
</pin_list>
<bind>
<StgValue><ssdm name="filter_mem_7"/></StgValue>
</bind>
</comp>

<comp id="22" class="1000" name="filter_mem_6">
<pin_list>
<pin id="23" dir="1" index="0" bw="1" slack="0"/>
</pin_list>
<bind>
<StgValue><ssdm name="filter_mem_6"/></StgValue>
</bind>
</comp>

<comp id="24" class="1000" name="filter_mem_5">
<pin_list>
<pin id="25" dir="1" index="0" bw="1" slack="0"/>
</pin_list>
<bind>
<StgValue><ssdm name="filter_mem_5"/></StgValue>
</bind>
</comp>

<comp id="26" class="1000" name="filter_mem_4">
<pin_list>
<pin id="27" dir="1" index="0" bw="1" slack="0"/>
</pin_list>
<bind>
<StgValue><ssdm name="filter_mem_4"/></StgValue>
</bind>
</comp>

<comp id="28" class="1000" name="filter_mem_3">
<pin_list>
<pin id="29" dir="1" index="0" bw="1" slack="0"/>
</pin_list>
<bind>
<StgValue><ssdm name="filter_mem_3"/></StgValue>
</bind>
</comp>

<comp id="30" class="1000" name="filter_mem_2">
<pin_list>
<pin id="31" dir="1" index="0" bw="1" slack="0"/>
</pin_list>
<bind>
<StgValue><ssdm name="filter_mem_2"/></StgValue>
</bind>
</comp>

<comp id="32" class="1000" name="filter_mem_1">
<pin_list>
<pin id="33" dir="1" index="0" bw="1" slack="0"/>
</pin_list>
<bind>
<StgValue><ssdm name="filter_mem_1"/></StgValue>
</bind>
</comp>

<comp id="34" class="1000" name="filter_mem">
<pin_list>
<pin id="35" dir="1" index="0" bw="1" slack="0"/>
</pin_list>
<bind>
<StgValue><ssdm name="filter_mem"/></StgValue>
</bind>
</comp>

<comp id="36" class="1000" name="filter2conv">
<pin_list>
<pin id="37" dir="1" index="0" bw="1" slack="0"/>
</pin_list>
<bind>
<StgValue><ssdm name="filter2conv"/></StgValue>
</bind>
</comp>

<comp id="38" class="1000" name="filter_mem_35_out">
<pin_list>
<pin id="39" dir="1" index="0" bw="1" slack="0"/>
</pin_list>
<bind>
<StgValue><ssdm name="filter_mem_35_out"/></StgValue>
</bind>
</comp>

<comp id="40" class="1000" name="filter_mem_34_out">
<pin_list>
<pin id="41" dir="1" index="0" bw="1" slack="0"/>
</pin_list>
<bind>
<StgValue><ssdm name="filter_mem_34_out"/></StgValue>
</bind>
</comp>

<comp id="42" class="1000" name="filter_mem_33_out">
<pin_list>
<pin id="43" dir="1" index="0" bw="1" slack="0"/>
</pin_list>
<bind>
<StgValue><ssdm name="filter_mem_33_out"/></StgValue>
</bind>
</comp>

<comp id="44" class="1000" name="filter_mem_32_out">
<pin_list>
<pin id="45" dir="1" index="0" bw="1" slack="0"/>
</pin_list>
<bind>
<StgValue><ssdm name="filter_mem_32_out"/></StgValue>
</bind>
</comp>

<comp id="46" class="1000" name="filter_mem_31_out">
<pin_list>
<pin id="47" dir="1" index="0" bw="1" slack="0"/>
</pin_list>
<bind>
<StgValue><ssdm name="filter_mem_31_out"/></StgValue>
</bind>
</comp>

<comp id="48" class="1000" name="filter_mem_30_out">
<pin_list>
<pin id="49" dir="1" index="0" bw="1" slack="0"/>
</pin_list>
<bind>
<StgValue><ssdm name="filter_mem_30_out"/></StgValue>
</bind>
</comp>

<comp id="50" class="1000" name="filter_mem_29_out">
<pin_list>
<pin id="51" dir="1" index="0" bw="1" slack="0"/>
</pin_list>
<bind>
<StgValue><ssdm name="filter_mem_29_out"/></StgValue>
</bind>
</comp>

<comp id="52" class="1000" name="filter_mem_28_out">
<pin_list>
<pin id="53" dir="1" index="0" bw="1" slack="0"/>
</pin_list>
<bind>
<StgValue><ssdm name="filter_mem_28_out"/></StgValue>
</bind>
</comp>

<comp id="54" class="1000" name="filter_mem_27_out">
<pin_list>
<pin id="55" dir="1" index="0" bw="1" slack="0"/>
</pin_list>
<bind>
<StgValue><ssdm name="filter_mem_27_out"/></StgValue>
</bind>
</comp>

<comp id="56" class="1000" name="filter_mem_26_out">
<pin_list>
<pin id="57" dir="1" index="0" bw="1" slack="0"/>
</pin_list>
<bind>
<StgValue><ssdm name="filter_mem_26_out"/></StgValue>
</bind>
</comp>

<comp id="58" class="1000" name="filter_mem_25_out">
<pin_list>
<pin id="59" dir="1" index="0" bw="1" slack="0"/>
</pin_list>
<bind>
<StgValue><ssdm name="filter_mem_25_out"/></StgValue>
</bind>
</comp>

<comp id="60" class="1000" name="filter_mem_24_out">
<pin_list>
<pin id="61" dir="1" index="0" bw="1" slack="0"/>
</pin_list>
<bind>
<StgValue><ssdm name="filter_mem_24_out"/></StgValue>
</bind>
</comp>

<comp id="62" class="1000" name="filter_mem_23_out">
<pin_list>
<pin id="63" dir="1" index="0" bw="1" slack="0"/>
</pin_list>
<bind>
<StgValue><ssdm name="filter_mem_23_out"/></StgValue>
</bind>
</comp>

<comp id="64" class="1000" name="filter_mem_22_out">
<pin_list>
<pin id="65" dir="1" index="0" bw="1" slack="0"/>
</pin_list>
<bind>
<StgValue><ssdm name="filter_mem_22_out"/></StgValue>
</bind>
</comp>

<comp id="66" class="1000" name="filter_mem_21_out">
<pin_list>
<pin id="67" dir="1" index="0" bw="1" slack="0"/>
</pin_list>
<bind>
<StgValue><ssdm name="filter_mem_21_out"/></StgValue>
</bind>
</comp>

<comp id="68" class="1000" name="filter_mem_20_out">
<pin_list>
<pin id="69" dir="1" index="0" bw="1" slack="0"/>
</pin_list>
<bind>
<StgValue><ssdm name="filter_mem_20_out"/></StgValue>
</bind>
</comp>

<comp id="70" class="1000" name="filter_mem_19_out">
<pin_list>
<pin id="71" dir="1" index="0" bw="1" slack="0"/>
</pin_list>
<bind>
<StgValue><ssdm name="filter_mem_19_out"/></StgValue>
</bind>
</comp>

<comp id="72" class="1000" name="filter_mem_18_out">
<pin_list>
<pin id="73" dir="1" index="0" bw="1" slack="0"/>
</pin_list>
<bind>
<StgValue><ssdm name="filter_mem_18_out"/></StgValue>
</bind>
</comp>

<comp id="74" class="1001" name="const_74">
<pin_list>
<pin id="75" dir="1" index="0" bw="1" slack="0"/>
</pin_list>
<bind>
<StgValue><ssdm name=""/></StgValue>
</bind>
</comp>

<comp id="76" class="1001" name="const_76">
<pin_list>
<pin id="77" dir="1" index="0" bw="1" slack="2147483647"/>
</pin_list>
<bind>
<StgValue><ssdm name="_ssdm_op_SpecInterface"/></StgValue>
</bind>
</comp>

<comp id="78" class="1001" name="const_78">
<pin_list>
<pin id="79" dir="1" index="0" bw="1" slack="2147483647"/>
</pin_list>
<bind>
<StgValue><ssdm name="empty_22"/></StgValue>
</bind>
</comp>

<comp id="80" class="1001" name="const_80">
<pin_list>
<pin id="81" dir="1" index="0" bw="1" slack="2147483647"/>
</pin_list>
<bind>
<StgValue><ssdm name=""/></StgValue>
</bind>
</comp>

<comp id="82" class="1001" name="const_82">
<pin_list>
<pin id="83" dir="1" index="0" bw="1" slack="2147483647"/>
</pin_list>
<bind>
<StgValue><ssdm name="empty_20"/></StgValue>
</bind>
</comp>

<comp id="84" class="1001" name="const_84">
<pin_list>
<pin id="85" dir="1" index="0" bw="1" slack="2147483647"/>
</pin_list>
<bind>
<StgValue><ssdm name=""/></StgValue>
</bind>
</comp>

<comp id="86" class="1001" name="const_86">
<pin_list>
<pin id="87" dir="1" index="0" bw="1" slack="0"/>
</pin_list>
<bind>
<StgValue><ssdm name="_ssdm_op_Read.ap_auto.i8"/></StgValue>
</bind>
</comp>

<comp id="88" class="1001" name="const_88">
<pin_list>
<pin id="89" dir="1" index="0" bw="1" slack="0"/>
</pin_list>
<bind>
<StgValue><ssdm name=""/></StgValue>
</bind>
</comp>

<comp id="90" class="1001" name="const_90">
<pin_list>
<pin id="91" dir="1" index="0" bw="1" slack="0"/>
</pin_list>
<bind>
<StgValue><ssdm name=""/></StgValue>
</bind>
</comp>

<comp id="92" class="1001" name="const_92">
<pin_list>
<pin id="93" dir="1" index="0" bw="1" slack="0"/>
</pin_list>
<bind>
<StgValue><ssdm name=""/></StgValue>
</bind>
</comp>

<comp id="94" class="1001" name="const_94">
<pin_list>
<pin id="95" dir="1" index="0" bw="1" slack="0"/>
</pin_list>
<bind>
<StgValue><ssdm name=""/></StgValue>
</bind>
</comp>

<comp id="96" class="1001" name="const_96">
<pin_list>
<pin id="97" dir="1" index="0" bw="1" slack="0"/>
</pin_list>
<bind>
<StgValue><ssdm name=""/></StgValue>
</bind>
</comp>

<comp id="98" class="1001" name="const_98">
<pin_list>
<pin id="99" dir="1" index="0" bw="1" slack="0"/>
</pin_list>
<bind>
<StgValue><ssdm name=""/></StgValue>
</bind>
</comp>

<comp id="100" class="1001" name="const_100">
<pin_list>
<pin id="101" dir="1" index="0" bw="1" slack="0"/>
</pin_list>
<bind>
<StgValue><ssdm name=""/></StgValue>
</bind>
</comp>

<comp id="102" class="1001" name="const_102">
<pin_list>
<pin id="103" dir="1" index="0" bw="1" slack="0"/>
</pin_list>
<bind>
<StgValue><ssdm name=""/></StgValue>
</bind>
</comp>

<comp id="104" class="1001" name="const_104">
<pin_list>
<pin id="105" dir="1" index="0" bw="1" slack="2147483647"/>
</pin_list>
<bind>
<StgValue><ssdm name="_ssdm_op_SpecLoopName"/></StgValue>
</bind>
</comp>

<comp id="106" class="1001" name="const_106">
<pin_list>
<pin id="107" dir="1" index="0" bw="1" slack="2147483647"/>
</pin_list>
<bind>
<StgValue><ssdm name="VITIS_LOOP_41_1_VITIS_LOOP_42_2_VITIS_LOOP_43_3_str"/></StgValue>
</bind>
</comp>

<comp id="108" class="1001" name="const_108">
<pin_list>
<pin id="109" dir="1" index="0" bw="1" slack="2147483647"/>
</pin_list>
<bind>
<StgValue><ssdm name="_ssdm_op_SpecLoopTripCount"/></StgValue>
</bind>
</comp>

<comp id="110" class="1001" name="const_110">
<pin_list>
<pin id="111" dir="1" index="0" bw="1" slack="2147483647"/>
</pin_list>
<bind>
<StgValue><ssdm name=""/></StgValue>
</bind>
</comp>

<comp id="112" class="1001" name="const_112">
<pin_list>
<pin id="113" dir="1" index="0" bw="1" slack="0"/>
</pin_list>
<bind>
<StgValue><ssdm name=""/></StgValue>
</bind>
</comp>

<comp id="114" class="1001" name="const_114">
<pin_list>
<pin id="115" dir="1" index="0" bw="1" slack="0"/>
</pin_list>
<bind>
<StgValue><ssdm name=""/></StgValue>
</bind>
</comp>

<comp id="116" class="1001" name="const_116">
<pin_list>
<pin id="117" dir="1" index="0" bw="1" slack="0"/>
</pin_list>
<bind>
<StgValue><ssdm name="_ssdm_op_BitConcatenate.i4.i2.i2"/></StgValue>
</bind>
</comp>

<comp id="118" class="1001" name="const_118">
<pin_list>
<pin id="119" dir="1" index="0" bw="1" slack="2147483647"/>
</pin_list>
<bind>
<StgValue><ssdm name="_ssdm_op_SpecPipeline"/></StgValue>
</bind>
</comp>

<comp id="120" class="1001" name="const_120">
<pin_list>
<pin id="121" dir="1" index="0" bw="1" slack="0"/>
</pin_list>
<bind>
<StgValue><ssdm name="_ssdm_op_Read.ap_fifo.volatile.i8P0A"/></StgValue>
</bind>
</comp>

<comp id="122" class="1001" name="const_122">
<pin_list>
<pin id="123" dir="1" index="0" bw="1" slack="2147483647"/>
</pin_list>
<bind>
<StgValue><ssdm name=""/></StgValue>
</bind>
</comp>

<comp id="124" class="1001" name="const_124">
<pin_list>
<pin id="125" dir="1" index="0" bw="1" slack="2147483647"/>
</pin_list>
<bind>
<StgValue><ssdm name=""/></StgValue>
</bind>
</comp>

<comp id="126" class="1001" name="const_126">
<pin_list>
<pin id="127" dir="1" index="0" bw="1" slack="2147483647"/>
</pin_list>
<bind>
<StgValue><ssdm name=""/></StgValue>
</bind>
</comp>

<comp id="128" class="1001" name="const_128">
<pin_list>
<pin id="129" dir="1" index="0" bw="1" slack="2147483647"/>
</pin_list>
<bind>
<StgValue><ssdm name=""/></StgValue>
</bind>
</comp>

<comp id="130" class="1001" name="const_130">
<pin_list>
<pin id="131" dir="1" index="0" bw="1" slack="2147483647"/>
</pin_list>
<bind>
<StgValue><ssdm name=""/></StgValue>
</bind>
</comp>

<comp id="132" class="1001" name="const_132">
<pin_list>
<pin id="133" dir="1" index="0" bw="1" slack="0"/>
</pin_list>
<bind>
<StgValue><ssdm name="_ssdm_op_Write.ap_auto.i8P0A"/></StgValue>
</bind>
</comp>

<comp id="134" class="1004" name="idx_depth_fu_134">
<pin_list>
<pin id="135" dir="0" index="0" bw="1" slack="0"/>
<pin id="136" dir="1" index="1" bw="2" slack="0"/>
</pin_list>
<bind>
<opcode="alloca(26) " fcode="alloca"/>
<opset="idx_depth/1 "/>
</bind>
</comp>

<comp id="138" class="1004" name="s_fw_fu_138">
<pin_list>
<pin id="139" dir="0" index="0" bw="1" slack="0"/>
<pin id="140" dir="1" index="1" bw="2" slack="0"/>
</pin_list>
<bind>
<opcode="alloca(26) " fcode="alloca"/>
<opset="s_fw/1 "/>
</bind>
</comp>

<comp id="142" class="1004" name="indvar_flatten_fu_142">
<pin_list>
<pin id="143" dir="0" index="0" bw="1" slack="0"/>
<pin id="144" dir="1" index="1" bw="4" slack="0"/>
</pin_list>
<bind>
<opcode="alloca(26) " fcode="alloca"/>
<opset="indvar_flatten/1 "/>
</bind>
</comp>

<comp id="146" class="1004" name="s_fh_fu_146">
<pin_list>
<pin id="147" dir="0" index="0" bw="1" slack="0"/>
<pin id="148" dir="1" index="1" bw="2" slack="0"/>
</pin_list>
<bind>
<opcode="alloca(26) " fcode="alloca"/>
<opset="s_fh/1 "/>
</bind>
</comp>

<comp id="150" class="1004" name="indvar_flatten48_fu_150">
<pin_list>
<pin id="151" dir="0" index="0" bw="1" slack="0"/>
<pin id="152" dir="1" index="1" bw="5" slack="0"/>
</pin_list>
<bind>
<opcode="alloca(26) " fcode="alloca"/>
<opset="indvar_flatten48/1 "/>
</bind>
</comp>

<comp id="154" class="1004" name="filter_mem_18_fu_154">
<pin_list>
<pin id="155" dir="0" index="0" bw="1" slack="0"/>
<pin id="156" dir="1" index="1" bw="8" slack="0"/>
</pin_list>
<bind>
<opcode="alloca(26) " fcode="alloca"/>
<opset="filter_mem_18/1 "/>
</bind>
</comp>

<comp id="158" class="1004" name="filter_mem_19_fu_158">
<pin_list>
<pin id="159" dir="0" index="0" bw="1" slack="0"/>
<pin id="160" dir="1" index="1" bw="8" slack="0"/>
</pin_list>
<bind>
<opcode="alloca(26) " fcode="alloca"/>
<opset="filter_mem_19/1 "/>
</bind>
</comp>

<comp id="162" class="1004" name="filter_mem_20_fu_162">
<pin_list>
<pin id="163" dir="0" index="0" bw="1" slack="0"/>
<pin id="164" dir="1" index="1" bw="8" slack="0"/>
</pin_list>
<bind>
<opcode="alloca(26) " fcode="alloca"/>
<opset="filter_mem_20/1 "/>
</bind>
</comp>

<comp id="166" class="1004" name="filter_mem_21_fu_166">
<pin_list>
<pin id="167" dir="0" index="0" bw="1" slack="0"/>
<pin id="168" dir="1" index="1" bw="8" slack="0"/>
</pin_list>
<bind>
<opcode="alloca(26) " fcode="alloca"/>
<opset="filter_mem_21/1 "/>
</bind>
</comp>

<comp id="170" class="1004" name="filter_mem_22_fu_170">
<pin_list>
<pin id="171" dir="0" index="0" bw="1" slack="0"/>
<pin id="172" dir="1" index="1" bw="8" slack="0"/>
</pin_list>
<bind>
<opcode="alloca(26) " fcode="alloca"/>
<opset="filter_mem_22/1 "/>
</bind>
</comp>

<comp id="174" class="1004" name="filter_mem_23_fu_174">
<pin_list>
<pin id="175" dir="0" index="0" bw="1" slack="0"/>
<pin id="176" dir="1" index="1" bw="8" slack="0"/>
</pin_list>
<bind>
<opcode="alloca(26) " fcode="alloca"/>
<opset="filter_mem_23/1 "/>
</bind>
</comp>

<comp id="178" class="1004" name="filter_mem_24_fu_178">
<pin_list>
<pin id="179" dir="0" index="0" bw="1" slack="0"/>
<pin id="180" dir="1" index="1" bw="8" slack="0"/>
</pin_list>
<bind>
<opcode="alloca(26) " fcode="alloca"/>
<opset="filter_mem_24/1 "/>
</bind>
</comp>

<comp id="182" class="1004" name="filter_mem_25_fu_182">
<pin_list>
<pin id="183" dir="0" index="0" bw="1" slack="0"/>
<pin id="184" dir="1" index="1" bw="8" slack="0"/>
</pin_list>
<bind>
<opcode="alloca(26) " fcode="alloca"/>
<opset="filter_mem_25/1 "/>
</bind>
</comp>

<comp id="186" class="1004" name="filter_mem_26_fu_186">
<pin_list>
<pin id="187" dir="0" index="0" bw="1" slack="0"/>
<pin id="188" dir="1" index="1" bw="8" slack="0"/>
</pin_list>
<bind>
<opcode="alloca(26) " fcode="alloca"/>
<opset="filter_mem_26/1 "/>
</bind>
</comp>

<comp id="190" class="1004" name="filter_mem_27_fu_190">
<pin_list>
<pin id="191" dir="0" index="0" bw="1" slack="0"/>
<pin id="192" dir="1" index="1" bw="8" slack="0"/>
</pin_list>
<bind>
<opcode="alloca(26) " fcode="alloca"/>
<opset="filter_mem_27/1 "/>
</bind>
</comp>

<comp id="194" class="1004" name="filter_mem_28_fu_194">
<pin_list>
<pin id="195" dir="0" index="0" bw="1" slack="0"/>
<pin id="196" dir="1" index="1" bw="8" slack="0"/>
</pin_list>
<bind>
<opcode="alloca(26) " fcode="alloca"/>
<opset="filter_mem_28/1 "/>
</bind>
</comp>

<comp id="198" class="1004" name="filter_mem_29_fu_198">
<pin_list>
<pin id="199" dir="0" index="0" bw="1" slack="0"/>
<pin id="200" dir="1" index="1" bw="8" slack="0"/>
</pin_list>
<bind>
<opcode="alloca(26) " fcode="alloca"/>
<opset="filter_mem_29/1 "/>
</bind>
</comp>

<comp id="202" class="1004" name="filter_mem_30_fu_202">
<pin_list>
<pin id="203" dir="0" index="0" bw="1" slack="0"/>
<pin id="204" dir="1" index="1" bw="8" slack="0"/>
</pin_list>
<bind>
<opcode="alloca(26) " fcode="alloca"/>
<opset="filter_mem_30/1 "/>
</bind>
</comp>

<comp id="206" class="1004" name="filter_mem_31_fu_206">
<pin_list>
<pin id="207" dir="0" index="0" bw="1" slack="0"/>
<pin id="208" dir="1" index="1" bw="8" slack="0"/>
</pin_list>
<bind>
<opcode="alloca(26) " fcode="alloca"/>
<opset="filter_mem_31/1 "/>
</bind>
</comp>

<comp id="210" class="1004" name="filter_mem_32_fu_210">
<pin_list>
<pin id="211" dir="0" index="0" bw="1" slack="0"/>
<pin id="212" dir="1" index="1" bw="8" slack="0"/>
</pin_list>
<bind>
<opcode="alloca(26) " fcode="alloca"/>
<opset="filter_mem_32/1 "/>
</bind>
</comp>

<comp id="214" class="1004" name="filter_mem_33_fu_214">
<pin_list>
<pin id="215" dir="0" index="0" bw="1" slack="0"/>
<pin id="216" dir="1" index="1" bw="8" slack="0"/>
</pin_list>
<bind>
<opcode="alloca(26) " fcode="alloca"/>
<opset="filter_mem_33/1 "/>
</bind>
</comp>

<comp id="218" class="1004" name="filter_mem_34_fu_218">
<pin_list>
<pin id="219" dir="0" index="0" bw="1" slack="0"/>
<pin id="220" dir="1" index="1" bw="8" slack="0"/>
</pin_list>
<bind>
<opcode="alloca(26) " fcode="alloca"/>
<opset="filter_mem_34/1 "/>
</bind>
</comp>

<comp id="222" class="1004" name="filter_mem_35_fu_222">
<pin_list>
<pin id="223" dir="0" index="0" bw="1" slack="0"/>
<pin id="224" dir="1" index="1" bw="8" slack="0"/>
</pin_list>
<bind>
<opcode="alloca(26) " fcode="alloca"/>
<opset="filter_mem_35/1 "/>
</bind>
</comp>

<comp id="226" class="1004" name="filter_mem_read_read_fu_226">
<pin_list>
<pin id="227" dir="0" index="0" bw="8" slack="0"/>
<pin id="228" dir="0" index="1" bw="8" slack="0"/>
<pin id="229" dir="1" index="2" bw="8" slack="0"/>
</pin_list>
<bind>
<opcode="read(1150) " fcode="read"/>
<opset="filter_mem_read/1 "/>
</bind>
</comp>

<comp id="232" class="1004" name="filter_mem_1_read_read_fu_232">
<pin_list>
<pin id="233" dir="0" index="0" bw="8" slack="0"/>
<pin id="234" dir="0" index="1" bw="8" slack="0"/>
<pin id="235" dir="1" index="2" bw="8" slack="0"/>
</pin_list>
<bind>
<opcode="read(1150) " fcode="read"/>
<opset="filter_mem_1_read/1 "/>
</bind>
</comp>

<comp id="238" class="1004" name="filter_mem_2_read_read_fu_238">
<pin_list>
<pin id="239" dir="0" index="0" bw="8" slack="0"/>
<pin id="240" dir="0" index="1" bw="8" slack="0"/>
<pin id="241" dir="1" index="2" bw="8" slack="0"/>
</pin_list>
<bind>
<opcode="read(1150) " fcode="read"/>
<opset="filter_mem_2_read/1 "/>
</bind>
</comp>

<comp id="244" class="1004" name="filter_mem_3_read_read_fu_244">
<pin_list>
<pin id="245" dir="0" index="0" bw="8" slack="0"/>
<pin id="246" dir="0" index="1" bw="8" slack="0"/>
<pin id="247" dir="1" index="2" bw="8" slack="0"/>
</pin_list>
<bind>
<opcode="read(1150) " fcode="read"/>
<opset="filter_mem_3_read/1 "/>
</bind>
</comp>

<comp id="250" class="1004" name="filter_mem_4_read_read_fu_250">
<pin_list>
<pin id="251" dir="0" index="0" bw="8" slack="0"/>
<pin id="252" dir="0" index="1" bw="8" slack="0"/>
<pin id="253" dir="1" index="2" bw="8" slack="0"/>
</pin_list>
<bind>
<opcode="read(1150) " fcode="read"/>
<opset="filter_mem_4_read/1 "/>
</bind>
</comp>

<comp id="256" class="1004" name="filter_mem_5_read_read_fu_256">
<pin_list>
<pin id="257" dir="0" index="0" bw="8" slack="0"/>
<pin id="258" dir="0" index="1" bw="8" slack="0"/>
<pin id="259" dir="1" index="2" bw="8" slack="0"/>
</pin_list>
<bind>
<opcode="read(1150) " fcode="read"/>
<opset="filter_mem_5_read/1 "/>
</bind>
</comp>

<comp id="262" class="1004" name="filter_mem_6_read_read_fu_262">
<pin_list>
<pin id="263" dir="0" index="0" bw="8" slack="0"/>
<pin id="264" dir="0" index="1" bw="8" slack="0"/>
<pin id="265" dir="1" index="2" bw="8" slack="0"/>
</pin_list>
<bind>
<opcode="read(1150) " fcode="read"/>
<opset="filter_mem_6_read/1 "/>
</bind>
</comp>

<comp id="268" class="1004" name="filter_mem_7_read_read_fu_268">
<pin_list>
<pin id="269" dir="0" index="0" bw="8" slack="0"/>
<pin id="270" dir="0" index="1" bw="8" slack="0"/>
<pin id="271" dir="1" index="2" bw="8" slack="0"/>
</pin_list>
<bind>
<opcode="read(1150) " fcode="read"/>
<opset="filter_mem_7_read/1 "/>
</bind>
</comp>

<comp id="274" class="1004" name="filter_mem_8_read_read_fu_274">
<pin_list>
<pin id="275" dir="0" index="0" bw="8" slack="0"/>
<pin id="276" dir="0" index="1" bw="8" slack="0"/>
<pin id="277" dir="1" index="2" bw="8" slack="0"/>
</pin_list>
<bind>
<opcode="read(1150) " fcode="read"/>
<opset="filter_mem_8_read/1 "/>
</bind>
</comp>

<comp id="280" class="1004" name="filter_mem_9_read_read_fu_280">
<pin_list>
<pin id="281" dir="0" index="0" bw="8" slack="0"/>
<pin id="282" dir="0" index="1" bw="8" slack="0"/>
<pin id="283" dir="1" index="2" bw="8" slack="0"/>
</pin_list>
<bind>
<opcode="read(1150) " fcode="read"/>
<opset="filter_mem_9_read/1 "/>
</bind>
</comp>

<comp id="286" class="1004" name="filter_mem_10_read_read_fu_286">
<pin_list>
<pin id="287" dir="0" index="0" bw="8" slack="0"/>
<pin id="288" dir="0" index="1" bw="8" slack="0"/>
<pin id="289" dir="1" index="2" bw="8" slack="0"/>
</pin_list>
<bind>
<opcode="read(1150) " fcode="read"/>
<opset="filter_mem_10_read/1 "/>
</bind>
</comp>

<comp id="292" class="1004" name="filter_mem_11_read_read_fu_292">
<pin_list>
<pin id="293" dir="0" index="0" bw="8" slack="0"/>
<pin id="294" dir="0" index="1" bw="8" slack="0"/>
<pin id="295" dir="1" index="2" bw="8" slack="0"/>
</pin_list>
<bind>
<opcode="read(1150) " fcode="read"/>
<opset="filter_mem_11_read/1 "/>
</bind>
</comp>

<comp id="298" class="1004" name="filter_mem_12_read_read_fu_298">
<pin_list>
<pin id="299" dir="0" index="0" bw="8" slack="0"/>
<pin id="300" dir="0" index="1" bw="8" slack="0"/>
<pin id="301" dir="1" index="2" bw="8" slack="0"/>
</pin_list>
<bind>
<opcode="read(1150) " fcode="read"/>
<opset="filter_mem_12_read/1 "/>
</bind>
</comp>

<comp id="304" class="1004" name="filter_mem_13_read_read_fu_304">
<pin_list>
<pin id="305" dir="0" index="0" bw="8" slack="0"/>
<pin id="306" dir="0" index="1" bw="8" slack="0"/>
<pin id="307" dir="1" index="2" bw="8" slack="0"/>
</pin_list>
<bind>
<opcode="read(1150) " fcode="read"/>
<opset="filter_mem_13_read/1 "/>
</bind>
</comp>

<comp id="310" class="1004" name="filter_mem_14_read_read_fu_310">
<pin_list>
<pin id="311" dir="0" index="0" bw="8" slack="0"/>
<pin id="312" dir="0" index="1" bw="8" slack="0"/>
<pin id="313" dir="1" index="2" bw="8" slack="0"/>
</pin_list>
<bind>
<opcode="read(1150) " fcode="read"/>
<opset="filter_mem_14_read/1 "/>
</bind>
</comp>

<comp id="316" class="1004" name="filter_mem_15_read_read_fu_316">
<pin_list>
<pin id="317" dir="0" index="0" bw="8" slack="0"/>
<pin id="318" dir="0" index="1" bw="8" slack="0"/>
<pin id="319" dir="1" index="2" bw="8" slack="0"/>
</pin_list>
<bind>
<opcode="read(1150) " fcode="read"/>
<opset="filter_mem_15_read/1 "/>
</bind>
</comp>

<comp id="322" class="1004" name="filter_mem_16_read_read_fu_322">
<pin_list>
<pin id="323" dir="0" index="0" bw="8" slack="0"/>
<pin id="324" dir="0" index="1" bw="8" slack="0"/>
<pin id="325" dir="1" index="2" bw="8" slack="0"/>
</pin_list>
<bind>
<opcode="read(1150) " fcode="read"/>
<opset="filter_mem_16_read/1 "/>
</bind>
</comp>

<comp id="328" class="1004" name="filter_mem_17_read_read_fu_328">
<pin_list>
<pin id="329" dir="0" index="0" bw="8" slack="0"/>
<pin id="330" dir="0" index="1" bw="8" slack="0"/>
<pin id="331" dir="1" index="2" bw="8" slack="0"/>
</pin_list>
<bind>
<opcode="read(1150) " fcode="read"/>
<opset="filter_mem_17_read/1 "/>
</bind>
</comp>

<comp id="334" class="1004" name="filter2conv_read_read_fu_334">
<pin_list>
<pin id="335" dir="0" index="0" bw="8" slack="0"/>
<pin id="336" dir="0" index="1" bw="8" slack="0"/>
<pin id="337" dir="1" index="2" bw="8" slack="0"/>
</pin_list>
<bind>
<opcode="read(1150) " fcode="read"/>
<opset="filter2conv_read/2 "/>
</bind>
</comp>

<comp id="340" class="1004" name="write_ln0_write_fu_340">
<pin_list>
<pin id="341" dir="0" index="0" bw="0" slack="0"/>
<pin id="342" dir="0" index="1" bw="8" slack="0"/>
<pin id="343" dir="0" index="2" bw="8" slack="0"/>
<pin id="344" dir="1" index="3" bw="0" slack="2147483647"/>
</pin_list>
<bind>
<opcode="write(1151) " fcode="write"/>
<opset="write_ln0/1 "/>
</bind>
</comp>

<comp id="347" class="1004" name="write_ln0_write_fu_347">
<pin_list>
<pin id="348" dir="0" index="0" bw="0" slack="0"/>
<pin id="349" dir="0" index="1" bw="8" slack="0"/>
<pin id="350" dir="0" index="2" bw="8" slack="0"/>
<pin id="351" dir="1" index="3" bw="0" slack="2147483647"/>
</pin_list>
<bind>
<opcode="write(1151) " fcode="write"/>
<opset="write_ln0/1 "/>
</bind>
</comp>

<comp id="354" class="1004" name="write_ln0_write_fu_354">
<pin_list>
<pin id="355" dir="0" index="0" bw="0" slack="0"/>
<pin id="356" dir="0" index="1" bw="8" slack="0"/>
<pin id="357" dir="0" index="2" bw="8" slack="0"/>
<pin id="358" dir="1" index="3" bw="0" slack="2147483647"/>
</pin_list>
<bind>
<opcode="write(1151) " fcode="write"/>
<opset="write_ln0/1 "/>
</bind>
</comp>

<comp id="361" class="1004" name="write_ln0_write_fu_361">
<pin_list>
<pin id="362" dir="0" index="0" bw="0" slack="0"/>
<pin id="363" dir="0" index="1" bw="8" slack="0"/>
<pin id="364" dir="0" index="2" bw="8" slack="0"/>
<pin id="365" dir="1" index="3" bw="0" slack="2147483647"/>
</pin_list>
<bind>
<opcode="write(1151) " fcode="write"/>
<opset="write_ln0/1 "/>
</bind>
</comp>

<comp id="368" class="1004" name="write_ln0_write_fu_368">
<pin_list>
<pin id="369" dir="0" index="0" bw="0" slack="0"/>
<pin id="370" dir="0" index="1" bw="8" slack="0"/>
<pin id="371" dir="0" index="2" bw="8" slack="0"/>
<pin id="372" dir="1" index="3" bw="0" slack="2147483647"/>
</pin_list>
<bind>
<opcode="write(1151) " fcode="write"/>
<opset="write_ln0/1 "/>
</bind>
</comp>

<comp id="375" class="1004" name="write_ln0_write_fu_375">
<pin_list>
<pin id="376" dir="0" index="0" bw="0" slack="0"/>
<pin id="377" dir="0" index="1" bw="8" slack="0"/>
<pin id="378" dir="0" index="2" bw="8" slack="0"/>
<pin id="379" dir="1" index="3" bw="0" slack="2147483647"/>
</pin_list>
<bind>
<opcode="write(1151) " fcode="write"/>
<opset="write_ln0/1 "/>
</bind>
</comp>

<comp id="382" class="1004" name="write_ln0_write_fu_382">
<pin_list>
<pin id="383" dir="0" index="0" bw="0" slack="0"/>
<pin id="384" dir="0" index="1" bw="8" slack="0"/>
<pin id="385" dir="0" index="2" bw="8" slack="0"/>
<pin id="386" dir="1" index="3" bw="0" slack="2147483647"/>
</pin_list>
<bind>
<opcode="write(1151) " fcode="write"/>
<opset="write_ln0/1 "/>
</bind>
</comp>

<comp id="389" class="1004" name="write_ln0_write_fu_389">
<pin_list>
<pin id="390" dir="0" index="0" bw="0" slack="0"/>
<pin id="391" dir="0" index="1" bw="8" slack="0"/>
<pin id="392" dir="0" index="2" bw="8" slack="0"/>
<pin id="393" dir="1" index="3" bw="0" slack="2147483647"/>
</pin_list>
<bind>
<opcode="write(1151) " fcode="write"/>
<opset="write_ln0/1 "/>
</bind>
</comp>

<comp id="396" class="1004" name="write_ln0_write_fu_396">
<pin_list>
<pin id="397" dir="0" index="0" bw="0" slack="0"/>
<pin id="398" dir="0" index="1" bw="8" slack="0"/>
<pin id="399" dir="0" index="2" bw="8" slack="0"/>
<pin id="400" dir="1" index="3" bw="0" slack="2147483647"/>
</pin_list>
<bind>
<opcode="write(1151) " fcode="write"/>
<opset="write_ln0/1 "/>
</bind>
</comp>

<comp id="403" class="1004" name="write_ln0_write_fu_403">
<pin_list>
<pin id="404" dir="0" index="0" bw="0" slack="0"/>
<pin id="405" dir="0" index="1" bw="8" slack="0"/>
<pin id="406" dir="0" index="2" bw="8" slack="0"/>
<pin id="407" dir="1" index="3" bw="0" slack="2147483647"/>
</pin_list>
<bind>
<opcode="write(1151) " fcode="write"/>
<opset="write_ln0/1 "/>
</bind>
</comp>

<comp id="410" class="1004" name="write_ln0_write_fu_410">
<pin_list>
<pin id="411" dir="0" index="0" bw="0" slack="0"/>
<pin id="412" dir="0" index="1" bw="8" slack="0"/>
<pin id="413" dir="0" index="2" bw="8" slack="0"/>
<pin id="414" dir="1" index="3" bw="0" slack="2147483647"/>
</pin_list>
<bind>
<opcode="write(1151) " fcode="write"/>
<opset="write_ln0/1 "/>
</bind>
</comp>

<comp id="417" class="1004" name="write_ln0_write_fu_417">
<pin_list>
<pin id="418" dir="0" index="0" bw="0" slack="0"/>
<pin id="419" dir="0" index="1" bw="8" slack="0"/>
<pin id="420" dir="0" index="2" bw="8" slack="0"/>
<pin id="421" dir="1" index="3" bw="0" slack="2147483647"/>
</pin_list>
<bind>
<opcode="write(1151) " fcode="write"/>
<opset="write_ln0/1 "/>
</bind>
</comp>

<comp id="424" class="1004" name="write_ln0_write_fu_424">
<pin_list>
<pin id="425" dir="0" index="0" bw="0" slack="0"/>
<pin id="426" dir="0" index="1" bw="8" slack="0"/>
<pin id="427" dir="0" index="2" bw="8" slack="0"/>
<pin id="428" dir="1" index="3" bw="0" slack="2147483647"/>
</pin_list>
<bind>
<opcode="write(1151) " fcode="write"/>
<opset="write_ln0/1 "/>
</bind>
</comp>

<comp id="431" class="1004" name="write_ln0_write_fu_431">
<pin_list>
<pin id="432" dir="0" index="0" bw="0" slack="0"/>
<pin id="433" dir="0" index="1" bw="8" slack="0"/>
<pin id="434" dir="0" index="2" bw="8" slack="0"/>
<pin id="435" dir="1" index="3" bw="0" slack="2147483647"/>
</pin_list>
<bind>
<opcode="write(1151) " fcode="write"/>
<opset="write_ln0/1 "/>
</bind>
</comp>

<comp id="438" class="1004" name="write_ln0_write_fu_438">
<pin_list>
<pin id="439" dir="0" index="0" bw="0" slack="0"/>
<pin id="440" dir="0" index="1" bw="8" slack="0"/>
<pin id="441" dir="0" index="2" bw="8" slack="0"/>
<pin id="442" dir="1" index="3" bw="0" slack="2147483647"/>
</pin_list>
<bind>
<opcode="write(1151) " fcode="write"/>
<opset="write_ln0/1 "/>
</bind>
</comp>

<comp id="445" class="1004" name="write_ln0_write_fu_445">
<pin_list>
<pin id="446" dir="0" index="0" bw="0" slack="0"/>
<pin id="447" dir="0" index="1" bw="8" slack="0"/>
<pin id="448" dir="0" index="2" bw="8" slack="0"/>
<pin id="449" dir="1" index="3" bw="0" slack="2147483647"/>
</pin_list>
<bind>
<opcode="write(1151) " fcode="write"/>
<opset="write_ln0/1 "/>
</bind>
</comp>

<comp id="452" class="1004" name="write_ln0_write_fu_452">
<pin_list>
<pin id="453" dir="0" index="0" bw="0" slack="0"/>
<pin id="454" dir="0" index="1" bw="8" slack="0"/>
<pin id="455" dir="0" index="2" bw="8" slack="0"/>
<pin id="456" dir="1" index="3" bw="0" slack="2147483647"/>
</pin_list>
<bind>
<opcode="write(1151) " fcode="write"/>
<opset="write_ln0/1 "/>
</bind>
</comp>

<comp id="459" class="1004" name="write_ln0_write_fu_459">
<pin_list>
<pin id="460" dir="0" index="0" bw="0" slack="0"/>
<pin id="461" dir="0" index="1" bw="8" slack="0"/>
<pin id="462" dir="0" index="2" bw="8" slack="0"/>
<pin id="463" dir="1" index="3" bw="0" slack="2147483647"/>
</pin_list>
<bind>
<opcode="write(1151) " fcode="write"/>
<opset="write_ln0/1 "/>
</bind>
</comp>

<comp id="466" class="1004" name="store_ln36_store_fu_466">
<pin_list>
<pin id="467" dir="0" index="0" bw="8" slack="0"/>
<pin id="468" dir="0" index="1" bw="8" slack="0"/>
<pin id="469" dir="1" index="2" bw="0" slack="2147483647"/>
</pin_list>
<bind>
<opcode="store(28) " fcode="store"/>
<opset="store_ln36/1 "/>
</bind>
</comp>

<comp id="471" class="1004" name="store_ln36_store_fu_471">
<pin_list>
<pin id="472" dir="0" index="0" bw="8" slack="0"/>
<pin id="473" dir="0" index="1" bw="8" slack="0"/>
<pin id="474" dir="1" index="2" bw="0" slack="2147483647"/>
</pin_list>
<bind>
<opcode="store(28) " fcode="store"/>
<opset="store_ln36/1 "/>
</bind>
</comp>

<comp id="476" class="1004" name="store_ln36_store_fu_476">
<pin_list>
<pin id="477" dir="0" index="0" bw="8" slack="0"/>
<pin id="478" dir="0" index="1" bw="8" slack="0"/>
<pin id="479" dir="1" index="2" bw="0" slack="2147483647"/>
</pin_list>
<bind>
<opcode="store(28) " fcode="store"/>
<opset="store_ln36/1 "/>
</bind>
</comp>

<comp id="481" class="1004" name="store_ln36_store_fu_481">
<pin_list>
<pin id="482" dir="0" index="0" bw="8" slack="0"/>
<pin id="483" dir="0" index="1" bw="8" slack="0"/>
<pin id="484" dir="1" index="2" bw="0" slack="2147483647"/>
</pin_list>
<bind>
<opcode="store(28) " fcode="store"/>
<opset="store_ln36/1 "/>
</bind>
</comp>

<comp id="486" class="1004" name="store_ln36_store_fu_486">
<pin_list>
<pin id="487" dir="0" index="0" bw="8" slack="0"/>
<pin id="488" dir="0" index="1" bw="8" slack="0"/>
<pin id="489" dir="1" index="2" bw="0" slack="2147483647"/>
</pin_list>
<bind>
<opcode="store(28) " fcode="store"/>
<opset="store_ln36/1 "/>
</bind>
</comp>

<comp id="491" class="1004" name="store_ln36_store_fu_491">
<pin_list>
<pin id="492" dir="0" index="0" bw="8" slack="0"/>
<pin id="493" dir="0" index="1" bw="8" slack="0"/>
<pin id="494" dir="1" index="2" bw="0" slack="2147483647"/>
</pin_list>
<bind>
<opcode="store(28) " fcode="store"/>
<opset="store_ln36/1 "/>
</bind>
</comp>

<comp id="496" class="1004" name="store_ln36_store_fu_496">
<pin_list>
<pin id="497" dir="0" index="0" bw="8" slack="0"/>
<pin id="498" dir="0" index="1" bw="8" slack="0"/>
<pin id="499" dir="1" index="2" bw="0" slack="2147483647"/>
</pin_list>
<bind>
<opcode="store(28) " fcode="store"/>
<opset="store_ln36/1 "/>
</bind>
</comp>

<comp id="501" class="1004" name="store_ln36_store_fu_501">
<pin_list>
<pin id="502" dir="0" index="0" bw="8" slack="0"/>
<pin id="503" dir="0" index="1" bw="8" slack="0"/>
<pin id="504" dir="1" index="2" bw="0" slack="2147483647"/>
</pin_list>
<bind>
<opcode="store(28) " fcode="store"/>
<opset="store_ln36/1 "/>
</bind>
</comp>

<comp id="506" class="1004" name="store_ln36_store_fu_506">
<pin_list>
<pin id="507" dir="0" index="0" bw="8" slack="0"/>
<pin id="508" dir="0" index="1" bw="8" slack="0"/>
<pin id="509" dir="1" index="2" bw="0" slack="2147483647"/>
</pin_list>
<bind>
<opcode="store(28) " fcode="store"/>
<opset="store_ln36/1 "/>
</bind>
</comp>

<comp id="511" class="1004" name="store_ln36_store_fu_511">
<pin_list>
<pin id="512" dir="0" index="0" bw="8" slack="0"/>
<pin id="513" dir="0" index="1" bw="8" slack="0"/>
<pin id="514" dir="1" index="2" bw="0" slack="2147483647"/>
</pin_list>
<bind>
<opcode="store(28) " fcode="store"/>
<opset="store_ln36/1 "/>
</bind>
</comp>

<comp id="516" class="1004" name="store_ln36_store_fu_516">
<pin_list>
<pin id="517" dir="0" index="0" bw="8" slack="0"/>
<pin id="518" dir="0" index="1" bw="8" slack="0"/>
<pin id="519" dir="1" index="2" bw="0" slack="2147483647"/>
</pin_list>
<bind>
<opcode="store(28) " fcode="store"/>
<opset="store_ln36/1 "/>
</bind>
</comp>

<comp id="521" class="1004" name="store_ln36_store_fu_521">
<pin_list>
<pin id="522" dir="0" index="0" bw="8" slack="0"/>
<pin id="523" dir="0" index="1" bw="8" slack="0"/>
<pin id="524" dir="1" index="2" bw="0" slack="2147483647"/>
</pin_list>
<bind>
<opcode="store(28) " fcode="store"/>
<opset="store_ln36/1 "/>
</bind>
</comp>

<comp id="526" class="1004" name="store_ln36_store_fu_526">
<pin_list>
<pin id="527" dir="0" index="0" bw="8" slack="0"/>
<pin id="528" dir="0" index="1" bw="8" slack="0"/>
<pin id="529" dir="1" index="2" bw="0" slack="2147483647"/>
</pin_list>
<bind>
<opcode="store(28) " fcode="store"/>
<opset="store_ln36/1 "/>
</bind>
</comp>

<comp id="531" class="1004" name="store_ln36_store_fu_531">
<pin_list>
<pin id="532" dir="0" index="0" bw="8" slack="0"/>
<pin id="533" dir="0" index="1" bw="8" slack="0"/>
<pin id="534" dir="1" index="2" bw="0" slack="2147483647"/>
</pin_list>
<bind>
<opcode="store(28) " fcode="store"/>
<opset="store_ln36/1 "/>
</bind>
</comp>

<comp id="536" class="1004" name="store_ln36_store_fu_536">
<pin_list>
<pin id="537" dir="0" index="0" bw="8" slack="0"/>
<pin id="538" dir="0" index="1" bw="8" slack="0"/>
<pin id="539" dir="1" index="2" bw="0" slack="2147483647"/>
</pin_list>
<bind>
<opcode="store(28) " fcode="store"/>
<opset="store_ln36/1 "/>
</bind>
</comp>

<comp id="541" class="1004" name="store_ln36_store_fu_541">
<pin_list>
<pin id="542" dir="0" index="0" bw="8" slack="0"/>
<pin id="543" dir="0" index="1" bw="8" slack="0"/>
<pin id="544" dir="1" index="2" bw="0" slack="2147483647"/>
</pin_list>
<bind>
<opcode="store(28) " fcode="store"/>
<opset="store_ln36/1 "/>
</bind>
</comp>

<comp id="546" class="1004" name="store_ln36_store_fu_546">
<pin_list>
<pin id="547" dir="0" index="0" bw="8" slack="0"/>
<pin id="548" dir="0" index="1" bw="8" slack="0"/>
<pin id="549" dir="1" index="2" bw="0" slack="2147483647"/>
</pin_list>
<bind>
<opcode="store(28) " fcode="store"/>
<opset="store_ln36/1 "/>
</bind>
</comp>

<comp id="551" class="1004" name="store_ln36_store_fu_551">
<pin_list>
<pin id="552" dir="0" index="0" bw="8" slack="0"/>
<pin id="553" dir="0" index="1" bw="8" slack="0"/>
<pin id="554" dir="1" index="2" bw="0" slack="2147483647"/>
</pin_list>
<bind>
<opcode="store(28) " fcode="store"/>
<opset="store_ln36/1 "/>
</bind>
</comp>

<comp id="556" class="1004" name="store_ln0_store_fu_556">
<pin_list>
<pin id="557" dir="0" index="0" bw="1" slack="0"/>
<pin id="558" dir="0" index="1" bw="5" slack="0"/>
<pin id="559" dir="1" index="2" bw="0" slack="2147483647"/>
</pin_list>
<bind>
<opcode="store(28) " fcode="store"/>
<opset="store_ln0/1 "/>
</bind>
</comp>

<comp id="561" class="1004" name="store_ln41_store_fu_561">
<pin_list>
<pin id="562" dir="0" index="0" bw="1" slack="0"/>
<pin id="563" dir="0" index="1" bw="2" slack="0"/>
<pin id="564" dir="1" index="2" bw="0" slack="2147483647"/>
</pin_list>
<bind>
<opcode="store(28) " fcode="store"/>
<opset="store_ln41/1 "/>
</bind>
</comp>

<comp id="566" class="1004" name="store_ln0_store_fu_566">
<pin_list>
<pin id="567" dir="0" index="0" bw="1" slack="0"/>
<pin id="568" dir="0" index="1" bw="4" slack="0"/>
<pin id="569" dir="1" index="2" bw="0" slack="2147483647"/>
</pin_list>
<bind>
<opcode="store(28) " fcode="store"/>
<opset="store_ln0/1 "/>
</bind>
</comp>

<comp id="571" class="1004" name="store_ln42_store_fu_571">
<pin_list>
<pin id="572" dir="0" index="0" bw="1" slack="0"/>
<pin id="573" dir="0" index="1" bw="2" slack="0"/>
<pin id="574" dir="1" index="2" bw="0" slack="2147483647"/>
</pin_list>
<bind>
<opcode="store(28) " fcode="store"/>
<opset="store_ln42/1 "/>
</bind>
</comp>

<comp id="576" class="1004" name="store_ln47_store_fu_576">
<pin_list>
<pin id="577" dir="0" index="0" bw="1" slack="0"/>
<pin id="578" dir="0" index="1" bw="2" slack="0"/>
<pin id="579" dir="1" index="2" bw="0" slack="2147483647"/>
</pin_list>
<bind>
<opcode="store(28) " fcode="store"/>
<opset="store_ln47/1 "/>
</bind>
</comp>

<comp id="581" class="1004" name="indvar_flatten_load_load_fu_581">
<pin_list>
<pin id="582" dir="0" index="0" bw="4" slack="0"/>
<pin id="583" dir="1" index="1" bw="4" slack="0"/>
</pin_list>
<bind>
<opcode="load(27) " fcode="load"/>
<opset="indvar_flatten_load/1 "/>
</bind>
</comp>

<comp id="584" class="1004" name="indvar_flatten48_load_load_fu_584">
<pin_list>
<pin id="585" dir="0" index="0" bw="5" slack="0"/>
<pin id="586" dir="1" index="1" bw="5" slack="0"/>
</pin_list>
<bind>
<opcode="load(27) " fcode="load"/>
<opset="indvar_flatten48_load/1 "/>
</bind>
</comp>

<comp id="587" class="1004" name="icmp_ln41_fu_587">
<pin_list>
<pin id="588" dir="0" index="0" bw="5" slack="0"/>
<pin id="589" dir="0" index="1" bw="5" slack="0"/>
<pin id="590" dir="1" index="2" bw="1" slack="2147483647"/>
</pin_list>
<bind>
<opcode="icmp(45) " fcode="icmp"/>
<opset="icmp_ln41/1 "/>
</bind>
</comp>

<comp id="593" class="1004" name="add_ln41_1_fu_593">
<pin_list>
<pin id="594" dir="0" index="0" bw="5" slack="0"/>
<pin id="595" dir="0" index="1" bw="1" slack="0"/>
<pin id="596" dir="1" index="2" bw="5" slack="0"/>
</pin_list>
<bind>
<opcode="add(8) " fcode="add"/>
<opset="add_ln41_1/1 "/>
</bind>
</comp>

<comp id="599" class="1004" name="icmp_ln42_fu_599">
<pin_list>
<pin id="600" dir="0" index="0" bw="4" slack="0"/>
<pin id="601" dir="0" index="1" bw="4" slack="0"/>
<pin id="602" dir="1" index="2" bw="1" slack="0"/>
</pin_list>
<bind>
<opcode="icmp(45) " fcode="icmp"/>
<opset="icmp_ln42/1 "/>
</bind>
</comp>

<comp id="605" class="1004" name="add_ln42_3_fu_605">
<pin_list>
<pin id="606" dir="0" index="0" bw="4" slack="0"/>
<pin id="607" dir="0" index="1" bw="1" slack="0"/>
<pin id="608" dir="1" index="2" bw="4" slack="0"/>
</pin_list>
<bind>
<opcode="add(8) " fcode="add"/>
<opset="add_ln42_3/1 "/>
</bind>
</comp>

<comp id="611" class="1004" name="select_ln42_1_fu_611">
<pin_list>
<pin id="612" dir="0" index="0" bw="1" slack="0"/>
<pin id="613" dir="0" index="1" bw="1" slack="0"/>
<pin id="614" dir="0" index="2" bw="4" slack="0"/>
<pin id="615" dir="1" index="3" bw="4" slack="0"/>
</pin_list>
<bind>
<opcode="select(49) " fcode="select"/>
<opset="select_ln42_1/1 "/>
</bind>
</comp>

<comp id="619" class="1004" name="store_ln41_store_fu_619">
<pin_list>
<pin id="620" dir="0" index="0" bw="5" slack="0"/>
<pin id="621" dir="0" index="1" bw="5" slack="0"/>
<pin id="622" dir="1" index="2" bw="0" slack="2147483647"/>
</pin_list>
<bind>
<opcode="store(28) " fcode="store"/>
<opset="store_ln41/1 "/>
</bind>
</comp>

<comp id="624" class="1004" name="store_ln42_store_fu_624">
<pin_list>
<pin id="625" dir="0" index="0" bw="4" slack="0"/>
<pin id="626" dir="0" index="1" bw="4" slack="0"/>
<pin id="627" dir="1" index="2" bw="0" slack="2147483647"/>
</pin_list>
<bind>
<opcode="store(28) " fcode="store"/>
<opset="store_ln42/1 "/>
</bind>
</comp>

<comp id="629" class="1004" name="idx_depth_load_load_fu_629">
<pin_list>
<pin id="630" dir="0" index="0" bw="2" slack="1"/>
<pin id="631" dir="1" index="1" bw="2" slack="0"/>
</pin_list>
<bind>
<opcode="load(27) " fcode="load"/>
<opset="idx_depth_load/2 "/>
</bind>
</comp>

<comp id="632" class="1004" name="s_fw_load_load_fu_632">
<pin_list>
<pin id="633" dir="0" index="0" bw="2" slack="1"/>
<pin id="634" dir="1" index="1" bw="2" slack="0"/>
</pin_list>
<bind>
<opcode="load(27) " fcode="load"/>
<opset="s_fw_load/2 "/>
</bind>
</comp>

<comp id="635" class="1004" name="s_fh_load_load_fu_635">
<pin_list>
<pin id="636" dir="0" index="0" bw="2" slack="1"/>
<pin id="637" dir="1" index="1" bw="2" slack="0"/>
</pin_list>
<bind>
<opcode="load(27) " fcode="load"/>
<opset="s_fh_load/2 "/>
</bind>
</comp>

<comp id="638" class="1004" name="add_ln41_fu_638">
<pin_list>
<pin id="639" dir="0" index="0" bw="2" slack="0"/>
<pin id="640" dir="0" index="1" bw="1" slack="0"/>
<pin id="641" dir="1" index="2" bw="2" slack="0"/>
</pin_list>
<bind>
<opcode="add(8) " fcode="add"/>
<opset="add_ln41/2 "/>
</bind>
</comp>

<comp id="644" class="1004" name="select_ln36_fu_644">
<pin_list>
<pin id="645" dir="0" index="0" bw="1" slack="1"/>
<pin id="646" dir="0" index="1" bw="1" slack="0"/>
<pin id="647" dir="0" index="2" bw="2" slack="0"/>
<pin id="648" dir="1" index="3" bw="2" slack="0"/>
</pin_list>
<bind>
<opcode="select(49) " fcode="select"/>
<opset="select_ln36/2 "/>
</bind>
</comp>

<comp id="651" class="1004" name="xor_ln36_fu_651">
<pin_list>
<pin id="652" dir="0" index="0" bw="1" slack="1"/>
<pin id="653" dir="0" index="1" bw="1" slack="0"/>
<pin id="654" dir="1" index="2" bw="1" slack="0"/>
</pin_list>
<bind>
<opcode="xor(25) " fcode="xor"/>
<opset="xor_ln36/2 "/>
</bind>
</comp>

<comp id="656" class="1004" name="icmp_ln43_fu_656">
<pin_list>
<pin id="657" dir="0" index="0" bw="2" slack="0"/>
<pin id="658" dir="0" index="1" bw="2" slack="0"/>
<pin id="659" dir="1" index="2" bw="1" slack="0"/>
</pin_list>
<bind>
<opcode="icmp(45) " fcode="icmp"/>
<opset="icmp_ln43/2 "/>
</bind>
</comp>

<comp id="662" class="1004" name="and_ln36_fu_662">
<pin_list>
<pin id="663" dir="0" index="0" bw="1" slack="0"/>
<pin id="664" dir="0" index="1" bw="1" slack="0"/>
<pin id="665" dir="1" index="2" bw="1" slack="0"/>
</pin_list>
<bind>
<opcode="and(23) " fcode="and"/>
<opset="and_ln36/2 "/>
</bind>
</comp>

<comp id="668" class="1004" name="select_ln41_fu_668">
<pin_list>
<pin id="669" dir="0" index="0" bw="1" slack="1"/>
<pin id="670" dir="0" index="1" bw="2" slack="0"/>
<pin id="671" dir="0" index="2" bw="2" slack="0"/>
<pin id="672" dir="1" index="3" bw="2" slack="0"/>
</pin_list>
<bind>
<opcode="select(49) " fcode="select"/>
<opset="select_ln41/2 "/>
</bind>
</comp>

<comp id="675" class="1004" name="add_ln42_fu_675">
<pin_list>
<pin id="676" dir="0" index="0" bw="2" slack="0"/>
<pin id="677" dir="0" index="1" bw="1" slack="0"/>
<pin id="678" dir="1" index="2" bw="2" slack="0"/>
</pin_list>
<bind>
<opcode="add(8) " fcode="add"/>
<opset="add_ln42/2 "/>
</bind>
</comp>

<comp id="681" class="1004" name="empty_fu_681">
<pin_list>
<pin id="682" dir="0" index="0" bw="1" slack="0"/>
<pin id="683" dir="0" index="1" bw="1" slack="1"/>
<pin id="684" dir="1" index="2" bw="1" slack="0"/>
</pin_list>
<bind>
<opcode="or(24) " fcode="or"/>
<opset="empty/2 "/>
</bind>
</comp>

<comp id="686" class="1004" name="s_ich_mid2_fu_686">
<pin_list>
<pin id="687" dir="0" index="0" bw="1" slack="0"/>
<pin id="688" dir="0" index="1" bw="1" slack="0"/>
<pin id="689" dir="0" index="2" bw="2" slack="0"/>
<pin id="690" dir="1" index="3" bw="2" slack="0"/>
</pin_list>
<bind>
<opcode="select(49) " fcode="select"/>
<opset="s_ich_mid2/2 "/>
</bind>
</comp>

<comp id="694" class="1004" name="select_ln42_fu_694">
<pin_list>
<pin id="695" dir="0" index="0" bw="1" slack="0"/>
<pin id="696" dir="0" index="1" bw="2" slack="0"/>
<pin id="697" dir="0" index="2" bw="2" slack="0"/>
<pin id="698" dir="1" index="3" bw="2" slack="0"/>
</pin_list>
<bind>
<opcode="select(49) " fcode="select"/>
<opset="select_ln42/2 "/>
</bind>
</comp>

<comp id="702" class="1004" name="zext_ln41_fu_702">
<pin_list>
<pin id="703" dir="0" index="0" bw="2" slack="0"/>
<pin id="704" dir="1" index="1" bw="4" slack="0"/>
</pin_list>
<bind>
<opcode="zext(34) " fcode="zext"/>
<opset="zext_ln41/2 "/>
</bind>
</comp>

<comp id="706" class="1004" name="p_shl_fu_706">
<pin_list>
<pin id="707" dir="0" index="0" bw="4" slack="0"/>
<pin id="708" dir="0" index="1" bw="2" slack="0"/>
<pin id="709" dir="0" index="2" bw="1" slack="0"/>
<pin id="710" dir="1" index="3" bw="4" slack="0"/>
</pin_list>
<bind>
<opcode="bitconcatenate(1004) " fcode="bitconcatenate"/>
<opset="p_shl/2 "/>
</bind>
</comp>

<comp id="714" class="1004" name="empty_47_fu_714">
<pin_list>
<pin id="715" dir="0" index="0" bw="4" slack="0"/>
<pin id="716" dir="0" index="1" bw="2" slack="0"/>
<pin id="717" dir="1" index="2" bw="4" slack="0"/>
</pin_list>
<bind>
<opcode="sub(10) " fcode="sub"/>
<opset="empty_47/2 "/>
</bind>
</comp>

<comp id="720" class="1004" name="zext_ln42_fu_720">
<pin_list>
<pin id="721" dir="0" index="0" bw="2" slack="0"/>
<pin id="722" dir="1" index="1" bw="4" slack="0"/>
</pin_list>
<bind>
<opcode="zext(34) " fcode="zext"/>
<opset="zext_ln42/2 "/>
</bind>
</comp>

<comp id="724" class="1004" name="empty_48_fu_724">
<pin_list>
<pin id="725" dir="0" index="0" bw="4" slack="0"/>
<pin id="726" dir="0" index="1" bw="2" slack="0"/>
<pin id="727" dir="1" index="2" bw="4" slack="2147483647"/>
</pin_list>
<bind>
<opcode="add(8) " fcode="add"/>
<opset="empty_48/2 "/>
</bind>
</comp>

<comp id="730" class="1004" name="icmp_ln48_fu_730">
<pin_list>
<pin id="731" dir="0" index="0" bw="2" slack="0"/>
<pin id="732" dir="0" index="1" bw="1" slack="0"/>
<pin id="733" dir="1" index="2" bw="1" slack="0"/>
</pin_list>
<bind>
<opcode="icmp(45) " fcode="icmp"/>
<opset="icmp_ln48/2 "/>
</bind>
</comp>

<comp id="736" class="1004" name="filter_mem_32_load_1_load_fu_736">
<pin_list>
<pin id="737" dir="0" index="0" bw="8" slack="1"/>
<pin id="738" dir="1" index="1" bw="8" slack="0"/>
</pin_list>
<bind>
<opcode="load(27) " fcode="load"/>
<opset="filter_mem_32_load_1/2 "/>
</bind>
</comp>

<comp id="739" class="1004" name="filter_mem_33_load_1_load_fu_739">
<pin_list>
<pin id="740" dir="0" index="0" bw="8" slack="1"/>
<pin id="741" dir="1" index="1" bw="8" slack="0"/>
</pin_list>
<bind>
<opcode="load(27) " fcode="load"/>
<opset="filter_mem_33_load_1/2 "/>
</bind>
</comp>

<comp id="742" class="1004" name="select_ln48_16_fu_742">
<pin_list>
<pin id="743" dir="0" index="0" bw="1" slack="0"/>
<pin id="744" dir="0" index="1" bw="8" slack="0"/>
<pin id="745" dir="0" index="2" bw="8" slack="0"/>
<pin id="746" dir="1" index="3" bw="8" slack="0"/>
</pin_list>
<bind>
<opcode="select(49) " fcode="select"/>
<opset="select_ln48_16/2 "/>
</bind>
</comp>

<comp id="750" class="1004" name="select_ln48_17_fu_750">
<pin_list>
<pin id="751" dir="0" index="0" bw="1" slack="0"/>
<pin id="752" dir="0" index="1" bw="8" slack="0"/>
<pin id="753" dir="0" index="2" bw="8" slack="0"/>
<pin id="754" dir="1" index="3" bw="8" slack="0"/>
</pin_list>
<bind>
<opcode="select(49) " fcode="select"/>
<opset="select_ln48_17/2 "/>
</bind>
</comp>

<comp id="758" class="1004" name="store_ln36_store_fu_758">
<pin_list>
<pin id="759" dir="0" index="0" bw="8" slack="0"/>
<pin id="760" dir="0" index="1" bw="8" slack="1"/>
<pin id="761" dir="1" index="2" bw="0" slack="2147483647"/>
</pin_list>
<bind>
<opcode="store(28) " fcode="store"/>
<opset="store_ln36/2 "/>
</bind>
</comp>

<comp id="763" class="1004" name="store_ln36_store_fu_763">
<pin_list>
<pin id="764" dir="0" index="0" bw="8" slack="0"/>
<pin id="765" dir="0" index="1" bw="8" slack="1"/>
<pin id="766" dir="1" index="2" bw="0" slack="2147483647"/>
</pin_list>
<bind>
<opcode="store(28) " fcode="store"/>
<opset="store_ln36/2 "/>
</bind>
</comp>

<comp id="768" class="1004" name="filter_mem_30_load_1_load_fu_768">
<pin_list>
<pin id="769" dir="0" index="0" bw="8" slack="1"/>
<pin id="770" dir="1" index="1" bw="8" slack="0"/>
</pin_list>
<bind>
<opcode="load(27) " fcode="load"/>
<opset="filter_mem_30_load_1/2 "/>
</bind>
</comp>

<comp id="771" class="1004" name="filter_mem_31_load_1_load_fu_771">
<pin_list>
<pin id="772" dir="0" index="0" bw="8" slack="1"/>
<pin id="773" dir="1" index="1" bw="8" slack="0"/>
</pin_list>
<bind>
<opcode="load(27) " fcode="load"/>
<opset="filter_mem_31_load_1/2 "/>
</bind>
</comp>

<comp id="774" class="1004" name="select_ln48_14_fu_774">
<pin_list>
<pin id="775" dir="0" index="0" bw="1" slack="0"/>
<pin id="776" dir="0" index="1" bw="8" slack="0"/>
<pin id="777" dir="0" index="2" bw="8" slack="0"/>
<pin id="778" dir="1" index="3" bw="8" slack="0"/>
</pin_list>
<bind>
<opcode="select(49) " fcode="select"/>
<opset="select_ln48_14/2 "/>
</bind>
</comp>

<comp id="782" class="1004" name="select_ln48_15_fu_782">
<pin_list>
<pin id="783" dir="0" index="0" bw="1" slack="0"/>
<pin id="784" dir="0" index="1" bw="8" slack="0"/>
<pin id="785" dir="0" index="2" bw="8" slack="0"/>
<pin id="786" dir="1" index="3" bw="8" slack="0"/>
</pin_list>
<bind>
<opcode="select(49) " fcode="select"/>
<opset="select_ln48_15/2 "/>
</bind>
</comp>

<comp id="790" class="1004" name="store_ln36_store_fu_790">
<pin_list>
<pin id="791" dir="0" index="0" bw="8" slack="0"/>
<pin id="792" dir="0" index="1" bw="8" slack="1"/>
<pin id="793" dir="1" index="2" bw="0" slack="2147483647"/>
</pin_list>
<bind>
<opcode="store(28) " fcode="store"/>
<opset="store_ln36/2 "/>
</bind>
</comp>

<comp id="795" class="1004" name="store_ln36_store_fu_795">
<pin_list>
<pin id="796" dir="0" index="0" bw="8" slack="0"/>
<pin id="797" dir="0" index="1" bw="8" slack="1"/>
<pin id="798" dir="1" index="2" bw="0" slack="2147483647"/>
</pin_list>
<bind>
<opcode="store(28) " fcode="store"/>
<opset="store_ln36/2 "/>
</bind>
</comp>

<comp id="800" class="1004" name="filter_mem_28_load_1_load_fu_800">
<pin_list>
<pin id="801" dir="0" index="0" bw="8" slack="1"/>
<pin id="802" dir="1" index="1" bw="8" slack="0"/>
</pin_list>
<bind>
<opcode="load(27) " fcode="load"/>
<opset="filter_mem_28_load_1/2 "/>
</bind>
</comp>

<comp id="803" class="1004" name="filter_mem_29_load_1_load_fu_803">
<pin_list>
<pin id="804" dir="0" index="0" bw="8" slack="1"/>
<pin id="805" dir="1" index="1" bw="8" slack="0"/>
</pin_list>
<bind>
<opcode="load(27) " fcode="load"/>
<opset="filter_mem_29_load_1/2 "/>
</bind>
</comp>

<comp id="806" class="1004" name="select_ln48_12_fu_806">
<pin_list>
<pin id="807" dir="0" index="0" bw="1" slack="0"/>
<pin id="808" dir="0" index="1" bw="8" slack="0"/>
<pin id="809" dir="0" index="2" bw="8" slack="0"/>
<pin id="810" dir="1" index="3" bw="8" slack="0"/>
</pin_list>
<bind>
<opcode="select(49) " fcode="select"/>
<opset="select_ln48_12/2 "/>
</bind>
</comp>

<comp id="814" class="1004" name="select_ln48_13_fu_814">
<pin_list>
<pin id="815" dir="0" index="0" bw="1" slack="0"/>
<pin id="816" dir="0" index="1" bw="8" slack="0"/>
<pin id="817" dir="0" index="2" bw="8" slack="0"/>
<pin id="818" dir="1" index="3" bw="8" slack="0"/>
</pin_list>
<bind>
<opcode="select(49) " fcode="select"/>
<opset="select_ln48_13/2 "/>
</bind>
</comp>

<comp id="822" class="1004" name="store_ln36_store_fu_822">
<pin_list>
<pin id="823" dir="0" index="0" bw="8" slack="0"/>
<pin id="824" dir="0" index="1" bw="8" slack="1"/>
<pin id="825" dir="1" index="2" bw="0" slack="2147483647"/>
</pin_list>
<bind>
<opcode="store(28) " fcode="store"/>
<opset="store_ln36/2 "/>
</bind>
</comp>

<comp id="827" class="1004" name="store_ln36_store_fu_827">
<pin_list>
<pin id="828" dir="0" index="0" bw="8" slack="0"/>
<pin id="829" dir="0" index="1" bw="8" slack="1"/>
<pin id="830" dir="1" index="2" bw="0" slack="2147483647"/>
</pin_list>
<bind>
<opcode="store(28) " fcode="store"/>
<opset="store_ln36/2 "/>
</bind>
</comp>

<comp id="832" class="1004" name="filter_mem_26_load_1_load_fu_832">
<pin_list>
<pin id="833" dir="0" index="0" bw="8" slack="1"/>
<pin id="834" dir="1" index="1" bw="8" slack="0"/>
</pin_list>
<bind>
<opcode="load(27) " fcode="load"/>
<opset="filter_mem_26_load_1/2 "/>
</bind>
</comp>

<comp id="835" class="1004" name="filter_mem_27_load_1_load_fu_835">
<pin_list>
<pin id="836" dir="0" index="0" bw="8" slack="1"/>
<pin id="837" dir="1" index="1" bw="8" slack="0"/>
</pin_list>
<bind>
<opcode="load(27) " fcode="load"/>
<opset="filter_mem_27_load_1/2 "/>
</bind>
</comp>

<comp id="838" class="1004" name="select_ln48_10_fu_838">
<pin_list>
<pin id="839" dir="0" index="0" bw="1" slack="0"/>
<pin id="840" dir="0" index="1" bw="8" slack="0"/>
<pin id="841" dir="0" index="2" bw="8" slack="0"/>
<pin id="842" dir="1" index="3" bw="8" slack="0"/>
</pin_list>
<bind>
<opcode="select(49) " fcode="select"/>
<opset="select_ln48_10/2 "/>
</bind>
</comp>

<comp id="846" class="1004" name="select_ln48_11_fu_846">
<pin_list>
<pin id="847" dir="0" index="0" bw="1" slack="0"/>
<pin id="848" dir="0" index="1" bw="8" slack="0"/>
<pin id="849" dir="0" index="2" bw="8" slack="0"/>
<pin id="850" dir="1" index="3" bw="8" slack="0"/>
</pin_list>
<bind>
<opcode="select(49) " fcode="select"/>
<opset="select_ln48_11/2 "/>
</bind>
</comp>

<comp id="854" class="1004" name="store_ln36_store_fu_854">
<pin_list>
<pin id="855" dir="0" index="0" bw="8" slack="0"/>
<pin id="856" dir="0" index="1" bw="8" slack="1"/>
<pin id="857" dir="1" index="2" bw="0" slack="2147483647"/>
</pin_list>
<bind>
<opcode="store(28) " fcode="store"/>
<opset="store_ln36/2 "/>
</bind>
</comp>

<comp id="859" class="1004" name="store_ln36_store_fu_859">
<pin_list>
<pin id="860" dir="0" index="0" bw="8" slack="0"/>
<pin id="861" dir="0" index="1" bw="8" slack="1"/>
<pin id="862" dir="1" index="2" bw="0" slack="2147483647"/>
</pin_list>
<bind>
<opcode="store(28) " fcode="store"/>
<opset="store_ln36/2 "/>
</bind>
</comp>

<comp id="864" class="1004" name="filter_mem_24_load_1_load_fu_864">
<pin_list>
<pin id="865" dir="0" index="0" bw="8" slack="1"/>
<pin id="866" dir="1" index="1" bw="8" slack="0"/>
</pin_list>
<bind>
<opcode="load(27) " fcode="load"/>
<opset="filter_mem_24_load_1/2 "/>
</bind>
</comp>

<comp id="867" class="1004" name="filter_mem_25_load_1_load_fu_867">
<pin_list>
<pin id="868" dir="0" index="0" bw="8" slack="1"/>
<pin id="869" dir="1" index="1" bw="8" slack="0"/>
</pin_list>
<bind>
<opcode="load(27) " fcode="load"/>
<opset="filter_mem_25_load_1/2 "/>
</bind>
</comp>

<comp id="870" class="1004" name="select_ln48_8_fu_870">
<pin_list>
<pin id="871" dir="0" index="0" bw="1" slack="0"/>
<pin id="872" dir="0" index="1" bw="8" slack="0"/>
<pin id="873" dir="0" index="2" bw="8" slack="0"/>
<pin id="874" dir="1" index="3" bw="8" slack="0"/>
</pin_list>
<bind>
<opcode="select(49) " fcode="select"/>
<opset="select_ln48_8/2 "/>
</bind>
</comp>

<comp id="878" class="1004" name="select_ln48_9_fu_878">
<pin_list>
<pin id="879" dir="0" index="0" bw="1" slack="0"/>
<pin id="880" dir="0" index="1" bw="8" slack="0"/>
<pin id="881" dir="0" index="2" bw="8" slack="0"/>
<pin id="882" dir="1" index="3" bw="8" slack="0"/>
</pin_list>
<bind>
<opcode="select(49) " fcode="select"/>
<opset="select_ln48_9/2 "/>
</bind>
</comp>

<comp id="886" class="1004" name="store_ln36_store_fu_886">
<pin_list>
<pin id="887" dir="0" index="0" bw="8" slack="0"/>
<pin id="888" dir="0" index="1" bw="8" slack="1"/>
<pin id="889" dir="1" index="2" bw="0" slack="2147483647"/>
</pin_list>
<bind>
<opcode="store(28) " fcode="store"/>
<opset="store_ln36/2 "/>
</bind>
</comp>

<comp id="891" class="1004" name="store_ln36_store_fu_891">
<pin_list>
<pin id="892" dir="0" index="0" bw="8" slack="0"/>
<pin id="893" dir="0" index="1" bw="8" slack="1"/>
<pin id="894" dir="1" index="2" bw="0" slack="2147483647"/>
</pin_list>
<bind>
<opcode="store(28) " fcode="store"/>
<opset="store_ln36/2 "/>
</bind>
</comp>

<comp id="896" class="1004" name="filter_mem_22_load_1_load_fu_896">
<pin_list>
<pin id="897" dir="0" index="0" bw="8" slack="1"/>
<pin id="898" dir="1" index="1" bw="8" slack="0"/>
</pin_list>
<bind>
<opcode="load(27) " fcode="load"/>
<opset="filter_mem_22_load_1/2 "/>
</bind>
</comp>

<comp id="899" class="1004" name="filter_mem_23_load_1_load_fu_899">
<pin_list>
<pin id="900" dir="0" index="0" bw="8" slack="1"/>
<pin id="901" dir="1" index="1" bw="8" slack="0"/>
</pin_list>
<bind>
<opcode="load(27) " fcode="load"/>
<opset="filter_mem_23_load_1/2 "/>
</bind>
</comp>

<comp id="902" class="1004" name="select_ln48_6_fu_902">
<pin_list>
<pin id="903" dir="0" index="0" bw="1" slack="0"/>
<pin id="904" dir="0" index="1" bw="8" slack="0"/>
<pin id="905" dir="0" index="2" bw="8" slack="0"/>
<pin id="906" dir="1" index="3" bw="8" slack="0"/>
</pin_list>
<bind>
<opcode="select(49) " fcode="select"/>
<opset="select_ln48_6/2 "/>
</bind>
</comp>

<comp id="910" class="1004" name="select_ln48_7_fu_910">
<pin_list>
<pin id="911" dir="0" index="0" bw="1" slack="0"/>
<pin id="912" dir="0" index="1" bw="8" slack="0"/>
<pin id="913" dir="0" index="2" bw="8" slack="0"/>
<pin id="914" dir="1" index="3" bw="8" slack="0"/>
</pin_list>
<bind>
<opcode="select(49) " fcode="select"/>
<opset="select_ln48_7/2 "/>
</bind>
</comp>

<comp id="918" class="1004" name="store_ln36_store_fu_918">
<pin_list>
<pin id="919" dir="0" index="0" bw="8" slack="0"/>
<pin id="920" dir="0" index="1" bw="8" slack="1"/>
<pin id="921" dir="1" index="2" bw="0" slack="2147483647"/>
</pin_list>
<bind>
<opcode="store(28) " fcode="store"/>
<opset="store_ln36/2 "/>
</bind>
</comp>

<comp id="923" class="1004" name="store_ln36_store_fu_923">
<pin_list>
<pin id="924" dir="0" index="0" bw="8" slack="0"/>
<pin id="925" dir="0" index="1" bw="8" slack="1"/>
<pin id="926" dir="1" index="2" bw="0" slack="2147483647"/>
</pin_list>
<bind>
<opcode="store(28) " fcode="store"/>
<opset="store_ln36/2 "/>
</bind>
</comp>

<comp id="928" class="1004" name="filter_mem_20_load_1_load_fu_928">
<pin_list>
<pin id="929" dir="0" index="0" bw="8" slack="1"/>
<pin id="930" dir="1" index="1" bw="8" slack="0"/>
</pin_list>
<bind>
<opcode="load(27) " fcode="load"/>
<opset="filter_mem_20_load_1/2 "/>
</bind>
</comp>

<comp id="931" class="1004" name="filter_mem_21_load_1_load_fu_931">
<pin_list>
<pin id="932" dir="0" index="0" bw="8" slack="1"/>
<pin id="933" dir="1" index="1" bw="8" slack="0"/>
</pin_list>
<bind>
<opcode="load(27) " fcode="load"/>
<opset="filter_mem_21_load_1/2 "/>
</bind>
</comp>

<comp id="934" class="1004" name="select_ln48_4_fu_934">
<pin_list>
<pin id="935" dir="0" index="0" bw="1" slack="0"/>
<pin id="936" dir="0" index="1" bw="8" slack="0"/>
<pin id="937" dir="0" index="2" bw="8" slack="0"/>
<pin id="938" dir="1" index="3" bw="8" slack="0"/>
</pin_list>
<bind>
<opcode="select(49) " fcode="select"/>
<opset="select_ln48_4/2 "/>
</bind>
</comp>

<comp id="942" class="1004" name="select_ln48_5_fu_942">
<pin_list>
<pin id="943" dir="0" index="0" bw="1" slack="0"/>
<pin id="944" dir="0" index="1" bw="8" slack="0"/>
<pin id="945" dir="0" index="2" bw="8" slack="0"/>
<pin id="946" dir="1" index="3" bw="8" slack="0"/>
</pin_list>
<bind>
<opcode="select(49) " fcode="select"/>
<opset="select_ln48_5/2 "/>
</bind>
</comp>

<comp id="950" class="1004" name="store_ln36_store_fu_950">
<pin_list>
<pin id="951" dir="0" index="0" bw="8" slack="0"/>
<pin id="952" dir="0" index="1" bw="8" slack="1"/>
<pin id="953" dir="1" index="2" bw="0" slack="2147483647"/>
</pin_list>
<bind>
<opcode="store(28) " fcode="store"/>
<opset="store_ln36/2 "/>
</bind>
</comp>

<comp id="955" class="1004" name="store_ln36_store_fu_955">
<pin_list>
<pin id="956" dir="0" index="0" bw="8" slack="0"/>
<pin id="957" dir="0" index="1" bw="8" slack="1"/>
<pin id="958" dir="1" index="2" bw="0" slack="2147483647"/>
</pin_list>
<bind>
<opcode="store(28) " fcode="store"/>
<opset="store_ln36/2 "/>
</bind>
</comp>

<comp id="960" class="1004" name="filter_mem_18_load_1_load_fu_960">
<pin_list>
<pin id="961" dir="0" index="0" bw="8" slack="1"/>
<pin id="962" dir="1" index="1" bw="8" slack="0"/>
</pin_list>
<bind>
<opcode="load(27) " fcode="load"/>
<opset="filter_mem_18_load_1/2 "/>
</bind>
</comp>

<comp id="963" class="1004" name="filter_mem_19_load_1_load_fu_963">
<pin_list>
<pin id="964" dir="0" index="0" bw="8" slack="1"/>
<pin id="965" dir="1" index="1" bw="8" slack="0"/>
</pin_list>
<bind>
<opcode="load(27) " fcode="load"/>
<opset="filter_mem_19_load_1/2 "/>
</bind>
</comp>

<comp id="966" class="1004" name="select_ln48_2_fu_966">
<pin_list>
<pin id="967" dir="0" index="0" bw="1" slack="0"/>
<pin id="968" dir="0" index="1" bw="8" slack="0"/>
<pin id="969" dir="0" index="2" bw="8" slack="0"/>
<pin id="970" dir="1" index="3" bw="8" slack="0"/>
</pin_list>
<bind>
<opcode="select(49) " fcode="select"/>
<opset="select_ln48_2/2 "/>
</bind>
</comp>

<comp id="974" class="1004" name="select_ln48_3_fu_974">
<pin_list>
<pin id="975" dir="0" index="0" bw="1" slack="0"/>
<pin id="976" dir="0" index="1" bw="8" slack="0"/>
<pin id="977" dir="0" index="2" bw="8" slack="0"/>
<pin id="978" dir="1" index="3" bw="8" slack="0"/>
</pin_list>
<bind>
<opcode="select(49) " fcode="select"/>
<opset="select_ln48_3/2 "/>
</bind>
</comp>

<comp id="982" class="1004" name="store_ln36_store_fu_982">
<pin_list>
<pin id="983" dir="0" index="0" bw="8" slack="0"/>
<pin id="984" dir="0" index="1" bw="8" slack="1"/>
<pin id="985" dir="1" index="2" bw="0" slack="2147483647"/>
</pin_list>
<bind>
<opcode="store(28) " fcode="store"/>
<opset="store_ln36/2 "/>
</bind>
</comp>

<comp id="987" class="1004" name="store_ln36_store_fu_987">
<pin_list>
<pin id="988" dir="0" index="0" bw="8" slack="0"/>
<pin id="989" dir="0" index="1" bw="8" slack="1"/>
<pin id="990" dir="1" index="2" bw="0" slack="2147483647"/>
</pin_list>
<bind>
<opcode="store(28) " fcode="store"/>
<opset="store_ln36/2 "/>
</bind>
</comp>

<comp id="992" class="1004" name="filter_mem_34_load_1_load_fu_992">
<pin_list>
<pin id="993" dir="0" index="0" bw="8" slack="1"/>
<pin id="994" dir="1" index="1" bw="8" slack="0"/>
</pin_list>
<bind>
<opcode="load(27) " fcode="load"/>
<opset="filter_mem_34_load_1/2 "/>
</bind>
</comp>

<comp id="995" class="1004" name="filter_mem_35_load_1_load_fu_995">
<pin_list>
<pin id="996" dir="0" index="0" bw="8" slack="1"/>
<pin id="997" dir="1" index="1" bw="8" slack="0"/>
</pin_list>
<bind>
<opcode="load(27) " fcode="load"/>
<opset="filter_mem_35_load_1/2 "/>
</bind>
</comp>

<comp id="998" class="1004" name="select_ln48_fu_998">
<pin_list>
<pin id="999" dir="0" index="0" bw="1" slack="0"/>
<pin id="1000" dir="0" index="1" bw="8" slack="0"/>
<pin id="1001" dir="0" index="2" bw="8" slack="0"/>
<pin id="1002" dir="1" index="3" bw="8" slack="0"/>
</pin_list>
<bind>
<opcode="select(49) " fcode="select"/>
<opset="select_ln48/2 "/>
</bind>
</comp>

<comp id="1006" class="1004" name="select_ln48_1_fu_1006">
<pin_list>
<pin id="1007" dir="0" index="0" bw="1" slack="0"/>
<pin id="1008" dir="0" index="1" bw="8" slack="0"/>
<pin id="1009" dir="0" index="2" bw="8" slack="0"/>
<pin id="1010" dir="1" index="3" bw="8" slack="0"/>
</pin_list>
<bind>
<opcode="select(49) " fcode="select"/>
<opset="select_ln48_1/2 "/>
</bind>
</comp>

<comp id="1014" class="1004" name="store_ln36_store_fu_1014">
<pin_list>
<pin id="1015" dir="0" index="0" bw="8" slack="0"/>
<pin id="1016" dir="0" index="1" bw="8" slack="1"/>
<pin id="1017" dir="1" index="2" bw="0" slack="2147483647"/>
</pin_list>
<bind>
<opcode="store(28) " fcode="store"/>
<opset="store_ln36/2 "/>
</bind>
</comp>

<comp id="1019" class="1004" name="store_ln36_store_fu_1019">
<pin_list>
<pin id="1020" dir="0" index="0" bw="8" slack="0"/>
<pin id="1021" dir="0" index="1" bw="8" slack="1"/>
<pin id="1022" dir="1" index="2" bw="0" slack="2147483647"/>
</pin_list>
<bind>
<opcode="store(28) " fcode="store"/>
<opset="store_ln36/2 "/>
</bind>
</comp>

<comp id="1024" class="1004" name="add_ln43_fu_1024">
<pin_list>
<pin id="1025" dir="0" index="0" bw="2" slack="0"/>
<pin id="1026" dir="0" index="1" bw="1" slack="0"/>
<pin id="1027" dir="1" index="2" bw="2" slack="0"/>
</pin_list>
<bind>
<opcode="add(8) " fcode="add"/>
<opset="add_ln43/2 "/>
</bind>
</comp>

<comp id="1030" class="1004" name="store_ln41_store_fu_1030">
<pin_list>
<pin id="1031" dir="0" index="0" bw="2" slack="0"/>
<pin id="1032" dir="0" index="1" bw="2" slack="1"/>
<pin id="1033" dir="1" index="2" bw="0" slack="2147483647"/>
</pin_list>
<bind>
<opcode="store(28) " fcode="store"/>
<opset="store_ln41/2 "/>
</bind>
</comp>

<comp id="1035" class="1004" name="store_ln42_store_fu_1035">
<pin_list>
<pin id="1036" dir="0" index="0" bw="2" slack="0"/>
<pin id="1037" dir="0" index="1" bw="2" slack="1"/>
<pin id="1038" dir="1" index="2" bw="0" slack="2147483647"/>
</pin_list>
<bind>
<opcode="store(28) " fcode="store"/>
<opset="store_ln42/2 "/>
</bind>
</comp>

<comp id="1040" class="1004" name="store_ln47_store_fu_1040">
<pin_list>
<pin id="1041" dir="0" index="0" bw="2" slack="0"/>
<pin id="1042" dir="0" index="1" bw="2" slack="1"/>
<pin id="1043" dir="1" index="2" bw="0" slack="2147483647"/>
</pin_list>
<bind>
<opcode="store(28) " fcode="store"/>
<opset="store_ln47/2 "/>
</bind>
</comp>

<comp id="1045" class="1004" name="filter_mem_18_load_load_fu_1045">
<pin_list>
<pin id="1046" dir="0" index="0" bw="8" slack="0"/>
<pin id="1047" dir="1" index="1" bw="8" slack="0"/>
</pin_list>
<bind>
<opcode="load(27) " fcode="load"/>
<opset="filter_mem_18_load/1 "/>
</bind>
</comp>

<comp id="1049" class="1004" name="filter_mem_19_load_load_fu_1049">
<pin_list>
<pin id="1050" dir="0" index="0" bw="8" slack="0"/>
<pin id="1051" dir="1" index="1" bw="8" slack="0"/>
</pin_list>
<bind>
<opcode="load(27) " fcode="load"/>
<opset="filter_mem_19_load/1 "/>
</bind>
</comp>

<comp id="1053" class="1004" name="filter_mem_20_load_load_fu_1053">
<pin_list>
<pin id="1054" dir="0" index="0" bw="8" slack="0"/>
<pin id="1055" dir="1" index="1" bw="8" slack="0"/>
</pin_list>
<bind>
<opcode="load(27) " fcode="load"/>
<opset="filter_mem_20_load/1 "/>
</bind>
</comp>

<comp id="1057" class="1004" name="filter_mem_21_load_load_fu_1057">
<pin_list>
<pin id="1058" dir="0" index="0" bw="8" slack="0"/>
<pin id="1059" dir="1" index="1" bw="8" slack="0"/>
</pin_list>
<bind>
<opcode="load(27) " fcode="load"/>
<opset="filter_mem_21_load/1 "/>
</bind>
</comp>

<comp id="1061" class="1004" name="filter_mem_22_load_load_fu_1061">
<pin_list>
<pin id="1062" dir="0" index="0" bw="8" slack="0"/>
<pin id="1063" dir="1" index="1" bw="8" slack="0"/>
</pin_list>
<bind>
<opcode="load(27) " fcode="load"/>
<opset="filter_mem_22_load/1 "/>
</bind>
</comp>

<comp id="1065" class="1004" name="filter_mem_23_load_load_fu_1065">
<pin_list>
<pin id="1066" dir="0" index="0" bw="8" slack="0"/>
<pin id="1067" dir="1" index="1" bw="8" slack="0"/>
</pin_list>
<bind>
<opcode="load(27) " fcode="load"/>
<opset="filter_mem_23_load/1 "/>
</bind>
</comp>

<comp id="1069" class="1004" name="filter_mem_24_load_load_fu_1069">
<pin_list>
<pin id="1070" dir="0" index="0" bw="8" slack="0"/>
<pin id="1071" dir="1" index="1" bw="8" slack="0"/>
</pin_list>
<bind>
<opcode="load(27) " fcode="load"/>
<opset="filter_mem_24_load/1 "/>
</bind>
</comp>

<comp id="1073" class="1004" name="filter_mem_25_load_load_fu_1073">
<pin_list>
<pin id="1074" dir="0" index="0" bw="8" slack="0"/>
<pin id="1075" dir="1" index="1" bw="8" slack="0"/>
</pin_list>
<bind>
<opcode="load(27) " fcode="load"/>
<opset="filter_mem_25_load/1 "/>
</bind>
</comp>

<comp id="1077" class="1004" name="filter_mem_26_load_load_fu_1077">
<pin_list>
<pin id="1078" dir="0" index="0" bw="8" slack="0"/>
<pin id="1079" dir="1" index="1" bw="8" slack="0"/>
</pin_list>
<bind>
<opcode="load(27) " fcode="load"/>
<opset="filter_mem_26_load/1 "/>
</bind>
</comp>

<comp id="1081" class="1004" name="filter_mem_27_load_load_fu_1081">
<pin_list>
<pin id="1082" dir="0" index="0" bw="8" slack="0"/>
<pin id="1083" dir="1" index="1" bw="8" slack="0"/>
</pin_list>
<bind>
<opcode="load(27) " fcode="load"/>
<opset="filter_mem_27_load/1 "/>
</bind>
</comp>

<comp id="1085" class="1004" name="filter_mem_28_load_load_fu_1085">
<pin_list>
<pin id="1086" dir="0" index="0" bw="8" slack="0"/>
<pin id="1087" dir="1" index="1" bw="8" slack="0"/>
</pin_list>
<bind>
<opcode="load(27) " fcode="load"/>
<opset="filter_mem_28_load/1 "/>
</bind>
</comp>

<comp id="1089" class="1004" name="filter_mem_29_load_load_fu_1089">
<pin_list>
<pin id="1090" dir="0" index="0" bw="8" slack="0"/>
<pin id="1091" dir="1" index="1" bw="8" slack="0"/>
</pin_list>
<bind>
<opcode="load(27) " fcode="load"/>
<opset="filter_mem_29_load/1 "/>
</bind>
</comp>

<comp id="1093" class="1004" name="filter_mem_30_load_load_fu_1093">
<pin_list>
<pin id="1094" dir="0" index="0" bw="8" slack="0"/>
<pin id="1095" dir="1" index="1" bw="8" slack="0"/>
</pin_list>
<bind>
<opcode="load(27) " fcode="load"/>
<opset="filter_mem_30_load/1 "/>
</bind>
</comp>

<comp id="1097" class="1004" name="filter_mem_31_load_load_fu_1097">
<pin_list>
<pin id="1098" dir="0" index="0" bw="8" slack="0"/>
<pin id="1099" dir="1" index="1" bw="8" slack="0"/>
</pin_list>
<bind>
<opcode="load(27) " fcode="load"/>
<opset="filter_mem_31_load/1 "/>
</bind>
</comp>

<comp id="1101" class="1004" name="filter_mem_32_load_load_fu_1101">
<pin_list>
<pin id="1102" dir="0" index="0" bw="8" slack="0"/>
<pin id="1103" dir="1" index="1" bw="8" slack="0"/>
</pin_list>
<bind>
<opcode="load(27) " fcode="load"/>
<opset="filter_mem_32_load/1 "/>
</bind>
</comp>

<comp id="1105" class="1004" name="filter_mem_33_load_load_fu_1105">
<pin_list>
<pin id="1106" dir="0" index="0" bw="8" slack="0"/>
<pin id="1107" dir="1" index="1" bw="8" slack="0"/>
</pin_list>
<bind>
<opcode="load(27) " fcode="load"/>
<opset="filter_mem_33_load/1 "/>
</bind>
</comp>

<comp id="1109" class="1004" name="filter_mem_34_load_load_fu_1109">
<pin_list>
<pin id="1110" dir="0" index="0" bw="8" slack="0"/>
<pin id="1111" dir="1" index="1" bw="8" slack="0"/>
</pin_list>
<bind>
<opcode="load(27) " fcode="load"/>
<opset="filter_mem_34_load/1 "/>
</bind>
</comp>

<comp id="1113" class="1004" name="filter_mem_35_load_load_fu_1113">
<pin_list>
<pin id="1114" dir="0" index="0" bw="8" slack="0"/>
<pin id="1115" dir="1" index="1" bw="8" slack="0"/>
</pin_list>
<bind>
<opcode="load(27) " fcode="load"/>
<opset="filter_mem_35_load/1 "/>
</bind>
</comp>

<comp id="1117" class="1005" name="idx_depth_reg_1117">
<pin_list>
<pin id="1118" dir="0" index="0" bw="2" slack="0"/>
<pin id="1119" dir="1" index="1" bw="2" slack="0"/>
</pin_list>
<bind>
<opset="idx_depth "/>
</bind>
</comp>

<comp id="1124" class="1005" name="s_fw_reg_1124">
<pin_list>
<pin id="1125" dir="0" index="0" bw="2" slack="0"/>
<pin id="1126" dir="1" index="1" bw="2" slack="0"/>
</pin_list>
<bind>
<opset="s_fw "/>
</bind>
</comp>

<comp id="1131" class="1005" name="indvar_flatten_reg_1131">
<pin_list>
<pin id="1132" dir="0" index="0" bw="4" slack="0"/>
<pin id="1133" dir="1" index="1" bw="4" slack="0"/>
</pin_list>
<bind>
<opset="indvar_flatten "/>
</bind>
</comp>

<comp id="1138" class="1005" name="s_fh_reg_1138">
<pin_list>
<pin id="1139" dir="0" index="0" bw="2" slack="0"/>
<pin id="1140" dir="1" index="1" bw="2" slack="0"/>
</pin_list>
<bind>
<opset="s_fh "/>
</bind>
</comp>

<comp id="1145" class="1005" name="indvar_flatten48_reg_1145">
<pin_list>
<pin id="1146" dir="0" index="0" bw="5" slack="0"/>
<pin id="1147" dir="1" index="1" bw="5" slack="0"/>
</pin_list>
<bind>
<opset="indvar_flatten48 "/>
</bind>
</comp>

<comp id="1152" class="1005" name="filter_mem_18_reg_1152">
<pin_list>
<pin id="1153" dir="0" index="0" bw="8" slack="0"/>
<pin id="1154" dir="1" index="1" bw="8" slack="0"/>
</pin_list>
<bind>
<opset="filter_mem_18 "/>
</bind>
</comp>

<comp id="1160" class="1005" name="filter_mem_19_reg_1160">
<pin_list>
<pin id="1161" dir="0" index="0" bw="8" slack="0"/>
<pin id="1162" dir="1" index="1" bw="8" slack="0"/>
</pin_list>
<bind>
<opset="filter_mem_19 "/>
</bind>
</comp>

<comp id="1168" class="1005" name="filter_mem_20_reg_1168">
<pin_list>
<pin id="1169" dir="0" index="0" bw="8" slack="0"/>
<pin id="1170" dir="1" index="1" bw="8" slack="0"/>
</pin_list>
<bind>
<opset="filter_mem_20 "/>
</bind>
</comp>

<comp id="1176" class="1005" name="filter_mem_21_reg_1176">
<pin_list>
<pin id="1177" dir="0" index="0" bw="8" slack="0"/>
<pin id="1178" dir="1" index="1" bw="8" slack="0"/>
</pin_list>
<bind>
<opset="filter_mem_21 "/>
</bind>
</comp>

<comp id="1184" class="1005" name="filter_mem_22_reg_1184">
<pin_list>
<pin id="1185" dir="0" index="0" bw="8" slack="0"/>
<pin id="1186" dir="1" index="1" bw="8" slack="0"/>
</pin_list>
<bind>
<opset="filter_mem_22 "/>
</bind>
</comp>

<comp id="1192" class="1005" name="filter_mem_23_reg_1192">
<pin_list>
<pin id="1193" dir="0" index="0" bw="8" slack="0"/>
<pin id="1194" dir="1" index="1" bw="8" slack="0"/>
</pin_list>
<bind>
<opset="filter_mem_23 "/>
</bind>
</comp>

<comp id="1200" class="1005" name="filter_mem_24_reg_1200">
<pin_list>
<pin id="1201" dir="0" index="0" bw="8" slack="0"/>
<pin id="1202" dir="1" index="1" bw="8" slack="0"/>
</pin_list>
<bind>
<opset="filter_mem_24 "/>
</bind>
</comp>

<comp id="1208" class="1005" name="filter_mem_25_reg_1208">
<pin_list>
<pin id="1209" dir="0" index="0" bw="8" slack="0"/>
<pin id="1210" dir="1" index="1" bw="8" slack="0"/>
</pin_list>
<bind>
<opset="filter_mem_25 "/>
</bind>
</comp>

<comp id="1216" class="1005" name="filter_mem_26_reg_1216">
<pin_list>
<pin id="1217" dir="0" index="0" bw="8" slack="0"/>
<pin id="1218" dir="1" index="1" bw="8" slack="0"/>
</pin_list>
<bind>
<opset="filter_mem_26 "/>
</bind>
</comp>

<comp id="1224" class="1005" name="filter_mem_27_reg_1224">
<pin_list>
<pin id="1225" dir="0" index="0" bw="8" slack="0"/>
<pin id="1226" dir="1" index="1" bw="8" slack="0"/>
</pin_list>
<bind>
<opset="filter_mem_27 "/>
</bind>
</comp>

<comp id="1232" class="1005" name="filter_mem_28_reg_1232">
<pin_list>
<pin id="1233" dir="0" index="0" bw="8" slack="0"/>
<pin id="1234" dir="1" index="1" bw="8" slack="0"/>
</pin_list>
<bind>
<opset="filter_mem_28 "/>
</bind>
</comp>

<comp id="1240" class="1005" name="filter_mem_29_reg_1240">
<pin_list>
<pin id="1241" dir="0" index="0" bw="8" slack="0"/>
<pin id="1242" dir="1" index="1" bw="8" slack="0"/>
</pin_list>
<bind>
<opset="filter_mem_29 "/>
</bind>
</comp>

<comp id="1248" class="1005" name="filter_mem_30_reg_1248">
<pin_list>
<pin id="1249" dir="0" index="0" bw="8" slack="0"/>
<pin id="1250" dir="1" index="1" bw="8" slack="0"/>
</pin_list>
<bind>
<opset="filter_mem_30 "/>
</bind>
</comp>

<comp id="1256" class="1005" name="filter_mem_31_reg_1256">
<pin_list>
<pin id="1257" dir="0" index="0" bw="8" slack="0"/>
<pin id="1258" dir="1" index="1" bw="8" slack="0"/>
</pin_list>
<bind>
<opset="filter_mem_31 "/>
</bind>
</comp>

<comp id="1264" class="1005" name="filter_mem_32_reg_1264">
<pin_list>
<pin id="1265" dir="0" index="0" bw="8" slack="0"/>
<pin id="1266" dir="1" index="1" bw="8" slack="0"/>
</pin_list>
<bind>
<opset="filter_mem_32 "/>
</bind>
</comp>

<comp id="1272" class="1005" name="filter_mem_33_reg_1272">
<pin_list>
<pin id="1273" dir="0" index="0" bw="8" slack="0"/>
<pin id="1274" dir="1" index="1" bw="8" slack="0"/>
</pin_list>
<bind>
<opset="filter_mem_33 "/>
</bind>
</comp>

<comp id="1280" class="1005" name="filter_mem_34_reg_1280">
<pin_list>
<pin id="1281" dir="0" index="0" bw="8" slack="0"/>
<pin id="1282" dir="1" index="1" bw="8" slack="0"/>
</pin_list>
<bind>
<opset="filter_mem_34 "/>
</bind>
</comp>

<comp id="1288" class="1005" name="filter_mem_35_reg_1288">
<pin_list>
<pin id="1289" dir="0" index="0" bw="8" slack="0"/>
<pin id="1290" dir="1" index="1" bw="8" slack="0"/>
</pin_list>
<bind>
<opset="filter_mem_35 "/>
</bind>
</comp>

<comp id="1299" class="1005" name="icmp_ln42_reg_1299">
<pin_list>
<pin id="1300" dir="0" index="0" bw="1" slack="1"/>
<pin id="1301" dir="1" index="1" bw="1" slack="1"/>
</pin_list>
<bind>
<opset="icmp_ln42 "/>
</bind>
</comp>

</comp_list>

<net_list>
<net id="137"><net_src comp="74" pin="0"/><net_sink comp="134" pin=0"/></net>

<net id="141"><net_src comp="74" pin="0"/><net_sink comp="138" pin=0"/></net>

<net id="145"><net_src comp="74" pin="0"/><net_sink comp="142" pin=0"/></net>

<net id="149"><net_src comp="74" pin="0"/><net_sink comp="146" pin=0"/></net>

<net id="153"><net_src comp="74" pin="0"/><net_sink comp="150" pin=0"/></net>

<net id="157"><net_src comp="74" pin="0"/><net_sink comp="154" pin=0"/></net>

<net id="161"><net_src comp="74" pin="0"/><net_sink comp="158" pin=0"/></net>

<net id="165"><net_src comp="74" pin="0"/><net_sink comp="162" pin=0"/></net>

<net id="169"><net_src comp="74" pin="0"/><net_sink comp="166" pin=0"/></net>

<net id="173"><net_src comp="74" pin="0"/><net_sink comp="170" pin=0"/></net>

<net id="177"><net_src comp="74" pin="0"/><net_sink comp="174" pin=0"/></net>

<net id="181"><net_src comp="74" pin="0"/><net_sink comp="178" pin=0"/></net>

<net id="185"><net_src comp="74" pin="0"/><net_sink comp="182" pin=0"/></net>

<net id="189"><net_src comp="74" pin="0"/><net_sink comp="186" pin=0"/></net>

<net id="193"><net_src comp="74" pin="0"/><net_sink comp="190" pin=0"/></net>

<net id="197"><net_src comp="74" pin="0"/><net_sink comp="194" pin=0"/></net>

<net id="201"><net_src comp="74" pin="0"/><net_sink comp="198" pin=0"/></net>

<net id="205"><net_src comp="74" pin="0"/><net_sink comp="202" pin=0"/></net>

<net id="209"><net_src comp="74" pin="0"/><net_sink comp="206" pin=0"/></net>

<net id="213"><net_src comp="74" pin="0"/><net_sink comp="210" pin=0"/></net>

<net id="217"><net_src comp="74" pin="0"/><net_sink comp="214" pin=0"/></net>

<net id="221"><net_src comp="74" pin="0"/><net_sink comp="218" pin=0"/></net>

<net id="225"><net_src comp="74" pin="0"/><net_sink comp="222" pin=0"/></net>

<net id="230"><net_src comp="86" pin="0"/><net_sink comp="226" pin=0"/></net>

<net id="231"><net_src comp="34" pin="0"/><net_sink comp="226" pin=1"/></net>

<net id="236"><net_src comp="86" pin="0"/><net_sink comp="232" pin=0"/></net>

<net id="237"><net_src comp="32" pin="0"/><net_sink comp="232" pin=1"/></net>

<net id="242"><net_src comp="86" pin="0"/><net_sink comp="238" pin=0"/></net>

<net id="243"><net_src comp="30" pin="0"/><net_sink comp="238" pin=1"/></net>

<net id="248"><net_src comp="86" pin="0"/><net_sink comp="244" pin=0"/></net>

<net id="249"><net_src comp="28" pin="0"/><net_sink comp="244" pin=1"/></net>

<net id="254"><net_src comp="86" pin="0"/><net_sink comp="250" pin=0"/></net>

<net id="255"><net_src comp="26" pin="0"/><net_sink comp="250" pin=1"/></net>

<net id="260"><net_src comp="86" pin="0"/><net_sink comp="256" pin=0"/></net>

<net id="261"><net_src comp="24" pin="0"/><net_sink comp="256" pin=1"/></net>

<net id="266"><net_src comp="86" pin="0"/><net_sink comp="262" pin=0"/></net>

<net id="267"><net_src comp="22" pin="0"/><net_sink comp="262" pin=1"/></net>

<net id="272"><net_src comp="86" pin="0"/><net_sink comp="268" pin=0"/></net>

<net id="273"><net_src comp="20" pin="0"/><net_sink comp="268" pin=1"/></net>

<net id="278"><net_src comp="86" pin="0"/><net_sink comp="274" pin=0"/></net>

<net id="279"><net_src comp="18" pin="0"/><net_sink comp="274" pin=1"/></net>

<net id="284"><net_src comp="86" pin="0"/><net_sink comp="280" pin=0"/></net>

<net id="285"><net_src comp="16" pin="0"/><net_sink comp="280" pin=1"/></net>

<net id="290"><net_src comp="86" pin="0"/><net_sink comp="286" pin=0"/></net>

<net id="291"><net_src comp="14" pin="0"/><net_sink comp="286" pin=1"/></net>

<net id="296"><net_src comp="86" pin="0"/><net_sink comp="292" pin=0"/></net>

<net id="297"><net_src comp="12" pin="0"/><net_sink comp="292" pin=1"/></net>

<net id="302"><net_src comp="86" pin="0"/><net_sink comp="298" pin=0"/></net>

<net id="303"><net_src comp="10" pin="0"/><net_sink comp="298" pin=1"/></net>

<net id="308"><net_src comp="86" pin="0"/><net_sink comp="304" pin=0"/></net>

<net id="309"><net_src comp="8" pin="0"/><net_sink comp="304" pin=1"/></net>

<net id="314"><net_src comp="86" pin="0"/><net_sink comp="310" pin=0"/></net>

<net id="315"><net_src comp="6" pin="0"/><net_sink comp="310" pin=1"/></net>

<net id="320"><net_src comp="86" pin="0"/><net_sink comp="316" pin=0"/></net>

<net id="321"><net_src comp="4" pin="0"/><net_sink comp="316" pin=1"/></net>

<net id="326"><net_src comp="86" pin="0"/><net_sink comp="322" pin=0"/></net>

<net id="327"><net_src comp="2" pin="0"/><net_sink comp="322" pin=1"/></net>

<net id="332"><net_src comp="86" pin="0"/><net_sink comp="328" pin=0"/></net>

<net id="333"><net_src comp="0" pin="0"/><net_sink comp="328" pin=1"/></net>

<net id="338"><net_src comp="120" pin="0"/><net_sink comp="334" pin=0"/></net>

<net id="339"><net_src comp="36" pin="0"/><net_sink comp="334" pin=1"/></net>

<net id="345"><net_src comp="132" pin="0"/><net_sink comp="340" pin=0"/></net>

<net id="346"><net_src comp="38" pin="0"/><net_sink comp="340" pin=1"/></net>

<net id="352"><net_src comp="132" pin="0"/><net_sink comp="347" pin=0"/></net>

<net id="353"><net_src comp="40" pin="0"/><net_sink comp="347" pin=1"/></net>

<net id="359"><net_src comp="132" pin="0"/><net_sink comp="354" pin=0"/></net>

<net id="360"><net_src comp="42" pin="0"/><net_sink comp="354" pin=1"/></net>

<net id="366"><net_src comp="132" pin="0"/><net_sink comp="361" pin=0"/></net>

<net id="367"><net_src comp="44" pin="0"/><net_sink comp="361" pin=1"/></net>

<net id="373"><net_src comp="132" pin="0"/><net_sink comp="368" pin=0"/></net>

<net id="374"><net_src comp="46" pin="0"/><net_sink comp="368" pin=1"/></net>

<net id="380"><net_src comp="132" pin="0"/><net_sink comp="375" pin=0"/></net>

<net id="381"><net_src comp="48" pin="0"/><net_sink comp="375" pin=1"/></net>

<net id="387"><net_src comp="132" pin="0"/><net_sink comp="382" pin=0"/></net>

<net id="388"><net_src comp="50" pin="0"/><net_sink comp="382" pin=1"/></net>

<net id="394"><net_src comp="132" pin="0"/><net_sink comp="389" pin=0"/></net>

<net id="395"><net_src comp="52" pin="0"/><net_sink comp="389" pin=1"/></net>

<net id="401"><net_src comp="132" pin="0"/><net_sink comp="396" pin=0"/></net>

<net id="402"><net_src comp="54" pin="0"/><net_sink comp="396" pin=1"/></net>

<net id="408"><net_src comp="132" pin="0"/><net_sink comp="403" pin=0"/></net>

<net id="409"><net_src comp="56" pin="0"/><net_sink comp="403" pin=1"/></net>

<net id="415"><net_src comp="132" pin="0"/><net_sink comp="410" pin=0"/></net>

<net id="416"><net_src comp="58" pin="0"/><net_sink comp="410" pin=1"/></net>

<net id="422"><net_src comp="132" pin="0"/><net_sink comp="417" pin=0"/></net>

<net id="423"><net_src comp="60" pin="0"/><net_sink comp="417" pin=1"/></net>

<net id="429"><net_src comp="132" pin="0"/><net_sink comp="424" pin=0"/></net>

<net id="430"><net_src comp="62" pin="0"/><net_sink comp="424" pin=1"/></net>

<net id="436"><net_src comp="132" pin="0"/><net_sink comp="431" pin=0"/></net>

<net id="437"><net_src comp="64" pin="0"/><net_sink comp="431" pin=1"/></net>

<net id="443"><net_src comp="132" pin="0"/><net_sink comp="438" pin=0"/></net>

<net id="444"><net_src comp="66" pin="0"/><net_sink comp="438" pin=1"/></net>

<net id="450"><net_src comp="132" pin="0"/><net_sink comp="445" pin=0"/></net>

<net id="451"><net_src comp="68" pin="0"/><net_sink comp="445" pin=1"/></net>

<net id="457"><net_src comp="132" pin="0"/><net_sink comp="452" pin=0"/></net>

<net id="458"><net_src comp="70" pin="0"/><net_sink comp="452" pin=1"/></net>

<net id="464"><net_src comp="132" pin="0"/><net_sink comp="459" pin=0"/></net>

<net id="465"><net_src comp="72" pin="0"/><net_sink comp="459" pin=1"/></net>

<net id="470"><net_src comp="328" pin="2"/><net_sink comp="466" pin=0"/></net>

<net id="475"><net_src comp="322" pin="2"/><net_sink comp="471" pin=0"/></net>

<net id="480"><net_src comp="316" pin="2"/><net_sink comp="476" pin=0"/></net>

<net id="485"><net_src comp="310" pin="2"/><net_sink comp="481" pin=0"/></net>

<net id="490"><net_src comp="304" pin="2"/><net_sink comp="486" pin=0"/></net>

<net id="495"><net_src comp="298" pin="2"/><net_sink comp="491" pin=0"/></net>

<net id="500"><net_src comp="292" pin="2"/><net_sink comp="496" pin=0"/></net>

<net id="505"><net_src comp="286" pin="2"/><net_sink comp="501" pin=0"/></net>

<net id="510"><net_src comp="280" pin="2"/><net_sink comp="506" pin=0"/></net>

<net id="515"><net_src comp="274" pin="2"/><net_sink comp="511" pin=0"/></net>

<net id="520"><net_src comp="268" pin="2"/><net_sink comp="516" pin=0"/></net>

<net id="525"><net_src comp="262" pin="2"/><net_sink comp="521" pin=0"/></net>

<net id="530"><net_src comp="256" pin="2"/><net_sink comp="526" pin=0"/></net>

<net id="535"><net_src comp="250" pin="2"/><net_sink comp="531" pin=0"/></net>

<net id="540"><net_src comp="244" pin="2"/><net_sink comp="536" pin=0"/></net>

<net id="545"><net_src comp="238" pin="2"/><net_sink comp="541" pin=0"/></net>

<net id="550"><net_src comp="232" pin="2"/><net_sink comp="546" pin=0"/></net>

<net id="555"><net_src comp="226" pin="2"/><net_sink comp="551" pin=0"/></net>

<net id="560"><net_src comp="88" pin="0"/><net_sink comp="556" pin=0"/></net>

<net id="565"><net_src comp="90" pin="0"/><net_sink comp="561" pin=0"/></net>

<net id="570"><net_src comp="92" pin="0"/><net_sink comp="566" pin=0"/></net>

<net id="575"><net_src comp="90" pin="0"/><net_sink comp="571" pin=0"/></net>

<net id="580"><net_src comp="90" pin="0"/><net_sink comp="576" pin=0"/></net>

<net id="591"><net_src comp="584" pin="1"/><net_sink comp="587" pin=0"/></net>

<net id="592"><net_src comp="94" pin="0"/><net_sink comp="587" pin=1"/></net>

<net id="597"><net_src comp="584" pin="1"/><net_sink comp="593" pin=0"/></net>

<net id="598"><net_src comp="96" pin="0"/><net_sink comp="593" pin=1"/></net>

<net id="603"><net_src comp="581" pin="1"/><net_sink comp="599" pin=0"/></net>

<net id="604"><net_src comp="98" pin="0"/><net_sink comp="599" pin=1"/></net>

<net id="609"><net_src comp="581" pin="1"/><net_sink comp="605" pin=0"/></net>

<net id="610"><net_src comp="100" pin="0"/><net_sink comp="605" pin=1"/></net>

<net id="616"><net_src comp="599" pin="2"/><net_sink comp="611" pin=0"/></net>

<net id="617"><net_src comp="100" pin="0"/><net_sink comp="611" pin=1"/></net>

<net id="618"><net_src comp="605" pin="2"/><net_sink comp="611" pin=2"/></net>

<net id="623"><net_src comp="593" pin="2"/><net_sink comp="619" pin=0"/></net>

<net id="628"><net_src comp="611" pin="3"/><net_sink comp="624" pin=0"/></net>

<net id="642"><net_src comp="635" pin="1"/><net_sink comp="638" pin=0"/></net>

<net id="643"><net_src comp="102" pin="0"/><net_sink comp="638" pin=1"/></net>

<net id="649"><net_src comp="90" pin="0"/><net_sink comp="644" pin=1"/></net>

<net id="650"><net_src comp="632" pin="1"/><net_sink comp="644" pin=2"/></net>

<net id="655"><net_src comp="112" pin="0"/><net_sink comp="651" pin=1"/></net>

<net id="660"><net_src comp="629" pin="1"/><net_sink comp="656" pin=0"/></net>

<net id="661"><net_src comp="114" pin="0"/><net_sink comp="656" pin=1"/></net>

<net id="666"><net_src comp="656" pin="2"/><net_sink comp="662" pin=0"/></net>

<net id="667"><net_src comp="651" pin="2"/><net_sink comp="662" pin=1"/></net>

<net id="673"><net_src comp="638" pin="2"/><net_sink comp="668" pin=1"/></net>

<net id="674"><net_src comp="635" pin="1"/><net_sink comp="668" pin=2"/></net>

<net id="679"><net_src comp="644" pin="3"/><net_sink comp="675" pin=0"/></net>

<net id="680"><net_src comp="102" pin="0"/><net_sink comp="675" pin=1"/></net>

<net id="685"><net_src comp="662" pin="2"/><net_sink comp="681" pin=0"/></net>

<net id="691"><net_src comp="681" pin="2"/><net_sink comp="686" pin=0"/></net>

<net id="692"><net_src comp="90" pin="0"/><net_sink comp="686" pin=1"/></net>

<net id="693"><net_src comp="629" pin="1"/><net_sink comp="686" pin=2"/></net>

<net id="699"><net_src comp="662" pin="2"/><net_sink comp="694" pin=0"/></net>

<net id="700"><net_src comp="675" pin="2"/><net_sink comp="694" pin=1"/></net>

<net id="701"><net_src comp="644" pin="3"/><net_sink comp="694" pin=2"/></net>

<net id="705"><net_src comp="668" pin="3"/><net_sink comp="702" pin=0"/></net>

<net id="711"><net_src comp="116" pin="0"/><net_sink comp="706" pin=0"/></net>

<net id="712"><net_src comp="668" pin="3"/><net_sink comp="706" pin=1"/></net>

<net id="713"><net_src comp="90" pin="0"/><net_sink comp="706" pin=2"/></net>

<net id="718"><net_src comp="706" pin="3"/><net_sink comp="714" pin=0"/></net>

<net id="719"><net_src comp="702" pin="1"/><net_sink comp="714" pin=1"/></net>

<net id="723"><net_src comp="694" pin="3"/><net_sink comp="720" pin=0"/></net>

<net id="728"><net_src comp="714" pin="2"/><net_sink comp="724" pin=0"/></net>

<net id="729"><net_src comp="720" pin="1"/><net_sink comp="724" pin=1"/></net>

<net id="734"><net_src comp="686" pin="3"/><net_sink comp="730" pin=0"/></net>

<net id="735"><net_src comp="90" pin="0"/><net_sink comp="730" pin=1"/></net>

<net id="747"><net_src comp="730" pin="2"/><net_sink comp="742" pin=0"/></net>

<net id="748"><net_src comp="739" pin="1"/><net_sink comp="742" pin=1"/></net>

<net id="749"><net_src comp="334" pin="2"/><net_sink comp="742" pin=2"/></net>

<net id="755"><net_src comp="730" pin="2"/><net_sink comp="750" pin=0"/></net>

<net id="756"><net_src comp="334" pin="2"/><net_sink comp="750" pin=1"/></net>

<net id="757"><net_src comp="736" pin="1"/><net_sink comp="750" pin=2"/></net>

<net id="762"><net_src comp="742" pin="3"/><net_sink comp="758" pin=0"/></net>

<net id="767"><net_src comp="750" pin="3"/><net_sink comp="763" pin=0"/></net>

<net id="779"><net_src comp="730" pin="2"/><net_sink comp="774" pin=0"/></net>

<net id="780"><net_src comp="771" pin="1"/><net_sink comp="774" pin=1"/></net>

<net id="781"><net_src comp="334" pin="2"/><net_sink comp="774" pin=2"/></net>

<net id="787"><net_src comp="730" pin="2"/><net_sink comp="782" pin=0"/></net>

<net id="788"><net_src comp="334" pin="2"/><net_sink comp="782" pin=1"/></net>

<net id="789"><net_src comp="768" pin="1"/><net_sink comp="782" pin=2"/></net>

<net id="794"><net_src comp="774" pin="3"/><net_sink comp="790" pin=0"/></net>

<net id="799"><net_src comp="782" pin="3"/><net_sink comp="795" pin=0"/></net>

<net id="811"><net_src comp="730" pin="2"/><net_sink comp="806" pin=0"/></net>

<net id="812"><net_src comp="803" pin="1"/><net_sink comp="806" pin=1"/></net>

<net id="813"><net_src comp="334" pin="2"/><net_sink comp="806" pin=2"/></net>

<net id="819"><net_src comp="730" pin="2"/><net_sink comp="814" pin=0"/></net>

<net id="820"><net_src comp="334" pin="2"/><net_sink comp="814" pin=1"/></net>

<net id="821"><net_src comp="800" pin="1"/><net_sink comp="814" pin=2"/></net>

<net id="826"><net_src comp="806" pin="3"/><net_sink comp="822" pin=0"/></net>

<net id="831"><net_src comp="814" pin="3"/><net_sink comp="827" pin=0"/></net>

<net id="843"><net_src comp="730" pin="2"/><net_sink comp="838" pin=0"/></net>

<net id="844"><net_src comp="835" pin="1"/><net_sink comp="838" pin=1"/></net>

<net id="845"><net_src comp="334" pin="2"/><net_sink comp="838" pin=2"/></net>

<net id="851"><net_src comp="730" pin="2"/><net_sink comp="846" pin=0"/></net>

<net id="852"><net_src comp="334" pin="2"/><net_sink comp="846" pin=1"/></net>

<net id="853"><net_src comp="832" pin="1"/><net_sink comp="846" pin=2"/></net>

<net id="858"><net_src comp="838" pin="3"/><net_sink comp="854" pin=0"/></net>

<net id="863"><net_src comp="846" pin="3"/><net_sink comp="859" pin=0"/></net>

<net id="875"><net_src comp="730" pin="2"/><net_sink comp="870" pin=0"/></net>

<net id="876"><net_src comp="867" pin="1"/><net_sink comp="870" pin=1"/></net>

<net id="877"><net_src comp="334" pin="2"/><net_sink comp="870" pin=2"/></net>

<net id="883"><net_src comp="730" pin="2"/><net_sink comp="878" pin=0"/></net>

<net id="884"><net_src comp="334" pin="2"/><net_sink comp="878" pin=1"/></net>

<net id="885"><net_src comp="864" pin="1"/><net_sink comp="878" pin=2"/></net>

<net id="890"><net_src comp="870" pin="3"/><net_sink comp="886" pin=0"/></net>

<net id="895"><net_src comp="878" pin="3"/><net_sink comp="891" pin=0"/></net>

<net id="907"><net_src comp="730" pin="2"/><net_sink comp="902" pin=0"/></net>

<net id="908"><net_src comp="899" pin="1"/><net_sink comp="902" pin=1"/></net>

<net id="909"><net_src comp="334" pin="2"/><net_sink comp="902" pin=2"/></net>

<net id="915"><net_src comp="730" pin="2"/><net_sink comp="910" pin=0"/></net>

<net id="916"><net_src comp="334" pin="2"/><net_sink comp="910" pin=1"/></net>

<net id="917"><net_src comp="896" pin="1"/><net_sink comp="910" pin=2"/></net>

<net id="922"><net_src comp="902" pin="3"/><net_sink comp="918" pin=0"/></net>

<net id="927"><net_src comp="910" pin="3"/><net_sink comp="923" pin=0"/></net>

<net id="939"><net_src comp="730" pin="2"/><net_sink comp="934" pin=0"/></net>

<net id="940"><net_src comp="931" pin="1"/><net_sink comp="934" pin=1"/></net>

<net id="941"><net_src comp="334" pin="2"/><net_sink comp="934" pin=2"/></net>

<net id="947"><net_src comp="730" pin="2"/><net_sink comp="942" pin=0"/></net>

<net id="948"><net_src comp="334" pin="2"/><net_sink comp="942" pin=1"/></net>

<net id="949"><net_src comp="928" pin="1"/><net_sink comp="942" pin=2"/></net>

<net id="954"><net_src comp="934" pin="3"/><net_sink comp="950" pin=0"/></net>

<net id="959"><net_src comp="942" pin="3"/><net_sink comp="955" pin=0"/></net>

<net id="971"><net_src comp="730" pin="2"/><net_sink comp="966" pin=0"/></net>

<net id="972"><net_src comp="963" pin="1"/><net_sink comp="966" pin=1"/></net>

<net id="973"><net_src comp="334" pin="2"/><net_sink comp="966" pin=2"/></net>

<net id="979"><net_src comp="730" pin="2"/><net_sink comp="974" pin=0"/></net>

<net id="980"><net_src comp="334" pin="2"/><net_sink comp="974" pin=1"/></net>

<net id="981"><net_src comp="960" pin="1"/><net_sink comp="974" pin=2"/></net>

<net id="986"><net_src comp="966" pin="3"/><net_sink comp="982" pin=0"/></net>

<net id="991"><net_src comp="974" pin="3"/><net_sink comp="987" pin=0"/></net>

<net id="1003"><net_src comp="730" pin="2"/><net_sink comp="998" pin=0"/></net>

<net id="1004"><net_src comp="995" pin="1"/><net_sink comp="998" pin=1"/></net>

<net id="1005"><net_src comp="334" pin="2"/><net_sink comp="998" pin=2"/></net>

<net id="1011"><net_src comp="730" pin="2"/><net_sink comp="1006" pin=0"/></net>

<net id="1012"><net_src comp="334" pin="2"/><net_sink comp="1006" pin=1"/></net>

<net id="1013"><net_src comp="992" pin="1"/><net_sink comp="1006" pin=2"/></net>

<net id="1018"><net_src comp="998" pin="3"/><net_sink comp="1014" pin=0"/></net>

<net id="1023"><net_src comp="1006" pin="3"/><net_sink comp="1019" pin=0"/></net>

<net id="1028"><net_src comp="686" pin="3"/><net_sink comp="1024" pin=0"/></net>

<net id="1029"><net_src comp="102" pin="0"/><net_sink comp="1024" pin=1"/></net>

<net id="1034"><net_src comp="668" pin="3"/><net_sink comp="1030" pin=0"/></net>

<net id="1039"><net_src comp="694" pin="3"/><net_sink comp="1035" pin=0"/></net>

<net id="1044"><net_src comp="1024" pin="2"/><net_sink comp="1040" pin=0"/></net>

<net id="1048"><net_src comp="1045" pin="1"/><net_sink comp="459" pin=2"/></net>

<net id="1052"><net_src comp="1049" pin="1"/><net_sink comp="452" pin=2"/></net>

<net id="1056"><net_src comp="1053" pin="1"/><net_sink comp="445" pin=2"/></net>

<net id="1060"><net_src comp="1057" pin="1"/><net_sink comp="438" pin=2"/></net>

<net id="1064"><net_src comp="1061" pin="1"/><net_sink comp="431" pin=2"/></net>

<net id="1068"><net_src comp="1065" pin="1"/><net_sink comp="424" pin=2"/></net>

<net id="1072"><net_src comp="1069" pin="1"/><net_sink comp="417" pin=2"/></net>

<net id="1076"><net_src comp="1073" pin="1"/><net_sink comp="410" pin=2"/></net>

<net id="1080"><net_src comp="1077" pin="1"/><net_sink comp="403" pin=2"/></net>

<net id="1084"><net_src comp="1081" pin="1"/><net_sink comp="396" pin=2"/></net>

<net id="1088"><net_src comp="1085" pin="1"/><net_sink comp="389" pin=2"/></net>

<net id="1092"><net_src comp="1089" pin="1"/><net_sink comp="382" pin=2"/></net>

<net id="1096"><net_src comp="1093" pin="1"/><net_sink comp="375" pin=2"/></net>

<net id="1100"><net_src comp="1097" pin="1"/><net_sink comp="368" pin=2"/></net>

<net id="1104"><net_src comp="1101" pin="1"/><net_sink comp="361" pin=2"/></net>

<net id="1108"><net_src comp="1105" pin="1"/><net_sink comp="354" pin=2"/></net>

<net id="1112"><net_src comp="1109" pin="1"/><net_sink comp="347" pin=2"/></net>

<net id="1116"><net_src comp="1113" pin="1"/><net_sink comp="340" pin=2"/></net>

<net id="1120"><net_src comp="134" pin="1"/><net_sink comp="1117" pin=0"/></net>

<net id="1121"><net_src comp="1117" pin="1"/><net_sink comp="576" pin=1"/></net>

<net id="1122"><net_src comp="1117" pin="1"/><net_sink comp="629" pin=0"/></net>

<net id="1123"><net_src comp="1117" pin="1"/><net_sink comp="1040" pin=1"/></net>

<net id="1127"><net_src comp="138" pin="1"/><net_sink comp="1124" pin=0"/></net>

<net id="1128"><net_src comp="1124" pin="1"/><net_sink comp="571" pin=1"/></net>

<net id="1129"><net_src comp="1124" pin="1"/><net_sink comp="632" pin=0"/></net>

<net id="1130"><net_src comp="1124" pin="1"/><net_sink comp="1035" pin=1"/></net>

<net id="1134"><net_src comp="142" pin="1"/><net_sink comp="1131" pin=0"/></net>

<net id="1135"><net_src comp="1131" pin="1"/><net_sink comp="566" pin=1"/></net>

<net id="1136"><net_src comp="1131" pin="1"/><net_sink comp="581" pin=0"/></net>

<net id="1137"><net_src comp="1131" pin="1"/><net_sink comp="624" pin=1"/></net>

<net id="1141"><net_src comp="146" pin="1"/><net_sink comp="1138" pin=0"/></net>

<net id="1142"><net_src comp="1138" pin="1"/><net_sink comp="561" pin=1"/></net>

<net id="1143"><net_src comp="1138" pin="1"/><net_sink comp="635" pin=0"/></net>

<net id="1144"><net_src comp="1138" pin="1"/><net_sink comp="1030" pin=1"/></net>

<net id="1148"><net_src comp="150" pin="1"/><net_sink comp="1145" pin=0"/></net>

<net id="1149"><net_src comp="1145" pin="1"/><net_sink comp="556" pin=1"/></net>

<net id="1150"><net_src comp="1145" pin="1"/><net_sink comp="584" pin=0"/></net>

<net id="1151"><net_src comp="1145" pin="1"/><net_sink comp="619" pin=1"/></net>

<net id="1155"><net_src comp="154" pin="1"/><net_sink comp="1152" pin=0"/></net>

<net id="1156"><net_src comp="1152" pin="1"/><net_sink comp="551" pin=1"/></net>

<net id="1157"><net_src comp="1152" pin="1"/><net_sink comp="960" pin=0"/></net>

<net id="1158"><net_src comp="1152" pin="1"/><net_sink comp="987" pin=1"/></net>

<net id="1159"><net_src comp="1152" pin="1"/><net_sink comp="1045" pin=0"/></net>

<net id="1163"><net_src comp="158" pin="1"/><net_sink comp="1160" pin=0"/></net>

<net id="1164"><net_src comp="1160" pin="1"/><net_sink comp="546" pin=1"/></net>

<net id="1165"><net_src comp="1160" pin="1"/><net_sink comp="963" pin=0"/></net>

<net id="1166"><net_src comp="1160" pin="1"/><net_sink comp="982" pin=1"/></net>

<net id="1167"><net_src comp="1160" pin="1"/><net_sink comp="1049" pin=0"/></net>

<net id="1171"><net_src comp="162" pin="1"/><net_sink comp="1168" pin=0"/></net>

<net id="1172"><net_src comp="1168" pin="1"/><net_sink comp="541" pin=1"/></net>

<net id="1173"><net_src comp="1168" pin="1"/><net_sink comp="928" pin=0"/></net>

<net id="1174"><net_src comp="1168" pin="1"/><net_sink comp="955" pin=1"/></net>

<net id="1175"><net_src comp="1168" pin="1"/><net_sink comp="1053" pin=0"/></net>

<net id="1179"><net_src comp="166" pin="1"/><net_sink comp="1176" pin=0"/></net>

<net id="1180"><net_src comp="1176" pin="1"/><net_sink comp="536" pin=1"/></net>

<net id="1181"><net_src comp="1176" pin="1"/><net_sink comp="931" pin=0"/></net>

<net id="1182"><net_src comp="1176" pin="1"/><net_sink comp="950" pin=1"/></net>

<net id="1183"><net_src comp="1176" pin="1"/><net_sink comp="1057" pin=0"/></net>

<net id="1187"><net_src comp="170" pin="1"/><net_sink comp="1184" pin=0"/></net>

<net id="1188"><net_src comp="1184" pin="1"/><net_sink comp="531" pin=1"/></net>

<net id="1189"><net_src comp="1184" pin="1"/><net_sink comp="896" pin=0"/></net>

<net id="1190"><net_src comp="1184" pin="1"/><net_sink comp="923" pin=1"/></net>

<net id="1191"><net_src comp="1184" pin="1"/><net_sink comp="1061" pin=0"/></net>

<net id="1195"><net_src comp="174" pin="1"/><net_sink comp="1192" pin=0"/></net>

<net id="1196"><net_src comp="1192" pin="1"/><net_sink comp="526" pin=1"/></net>

<net id="1197"><net_src comp="1192" pin="1"/><net_sink comp="899" pin=0"/></net>

<net id="1198"><net_src comp="1192" pin="1"/><net_sink comp="918" pin=1"/></net>

<net id="1199"><net_src comp="1192" pin="1"/><net_sink comp="1065" pin=0"/></net>

<net id="1203"><net_src comp="178" pin="1"/><net_sink comp="1200" pin=0"/></net>

<net id="1204"><net_src comp="1200" pin="1"/><net_sink comp="521" pin=1"/></net>

<net id="1205"><net_src comp="1200" pin="1"/><net_sink comp="864" pin=0"/></net>

<net id="1206"><net_src comp="1200" pin="1"/><net_sink comp="891" pin=1"/></net>

<net id="1207"><net_src comp="1200" pin="1"/><net_sink comp="1069" pin=0"/></net>

<net id="1211"><net_src comp="182" pin="1"/><net_sink comp="1208" pin=0"/></net>

<net id="1212"><net_src comp="1208" pin="1"/><net_sink comp="516" pin=1"/></net>

<net id="1213"><net_src comp="1208" pin="1"/><net_sink comp="867" pin=0"/></net>

<net id="1214"><net_src comp="1208" pin="1"/><net_sink comp="886" pin=1"/></net>

<net id="1215"><net_src comp="1208" pin="1"/><net_sink comp="1073" pin=0"/></net>

<net id="1219"><net_src comp="186" pin="1"/><net_sink comp="1216" pin=0"/></net>

<net id="1220"><net_src comp="1216" pin="1"/><net_sink comp="511" pin=1"/></net>

<net id="1221"><net_src comp="1216" pin="1"/><net_sink comp="832" pin=0"/></net>

<net id="1222"><net_src comp="1216" pin="1"/><net_sink comp="859" pin=1"/></net>

<net id="1223"><net_src comp="1216" pin="1"/><net_sink comp="1077" pin=0"/></net>

<net id="1227"><net_src comp="190" pin="1"/><net_sink comp="1224" pin=0"/></net>

<net id="1228"><net_src comp="1224" pin="1"/><net_sink comp="506" pin=1"/></net>

<net id="1229"><net_src comp="1224" pin="1"/><net_sink comp="835" pin=0"/></net>

<net id="1230"><net_src comp="1224" pin="1"/><net_sink comp="854" pin=1"/></net>

<net id="1231"><net_src comp="1224" pin="1"/><net_sink comp="1081" pin=0"/></net>

<net id="1235"><net_src comp="194" pin="1"/><net_sink comp="1232" pin=0"/></net>

<net id="1236"><net_src comp="1232" pin="1"/><net_sink comp="501" pin=1"/></net>

<net id="1237"><net_src comp="1232" pin="1"/><net_sink comp="800" pin=0"/></net>

<net id="1238"><net_src comp="1232" pin="1"/><net_sink comp="827" pin=1"/></net>

<net id="1239"><net_src comp="1232" pin="1"/><net_sink comp="1085" pin=0"/></net>

<net id="1243"><net_src comp="198" pin="1"/><net_sink comp="1240" pin=0"/></net>

<net id="1244"><net_src comp="1240" pin="1"/><net_sink comp="496" pin=1"/></net>

<net id="1245"><net_src comp="1240" pin="1"/><net_sink comp="803" pin=0"/></net>

<net id="1246"><net_src comp="1240" pin="1"/><net_sink comp="822" pin=1"/></net>

<net id="1247"><net_src comp="1240" pin="1"/><net_sink comp="1089" pin=0"/></net>

<net id="1251"><net_src comp="202" pin="1"/><net_sink comp="1248" pin=0"/></net>

<net id="1252"><net_src comp="1248" pin="1"/><net_sink comp="491" pin=1"/></net>

<net id="1253"><net_src comp="1248" pin="1"/><net_sink comp="768" pin=0"/></net>

<net id="1254"><net_src comp="1248" pin="1"/><net_sink comp="795" pin=1"/></net>

<net id="1255"><net_src comp="1248" pin="1"/><net_sink comp="1093" pin=0"/></net>

<net id="1259"><net_src comp="206" pin="1"/><net_sink comp="1256" pin=0"/></net>

<net id="1260"><net_src comp="1256" pin="1"/><net_sink comp="486" pin=1"/></net>

<net id="1261"><net_src comp="1256" pin="1"/><net_sink comp="771" pin=0"/></net>

<net id="1262"><net_src comp="1256" pin="1"/><net_sink comp="790" pin=1"/></net>

<net id="1263"><net_src comp="1256" pin="1"/><net_sink comp="1097" pin=0"/></net>

<net id="1267"><net_src comp="210" pin="1"/><net_sink comp="1264" pin=0"/></net>

<net id="1268"><net_src comp="1264" pin="1"/><net_sink comp="481" pin=1"/></net>

<net id="1269"><net_src comp="1264" pin="1"/><net_sink comp="736" pin=0"/></net>

<net id="1270"><net_src comp="1264" pin="1"/><net_sink comp="763" pin=1"/></net>

<net id="1271"><net_src comp="1264" pin="1"/><net_sink comp="1101" pin=0"/></net>

<net id="1275"><net_src comp="214" pin="1"/><net_sink comp="1272" pin=0"/></net>

<net id="1276"><net_src comp="1272" pin="1"/><net_sink comp="476" pin=1"/></net>

<net id="1277"><net_src comp="1272" pin="1"/><net_sink comp="739" pin=0"/></net>

<net id="1278"><net_src comp="1272" pin="1"/><net_sink comp="758" pin=1"/></net>

<net id="1279"><net_src comp="1272" pin="1"/><net_sink comp="1105" pin=0"/></net>

<net id="1283"><net_src comp="218" pin="1"/><net_sink comp="1280" pin=0"/></net>

<net id="1284"><net_src comp="1280" pin="1"/><net_sink comp="471" pin=1"/></net>

<net id="1285"><net_src comp="1280" pin="1"/><net_sink comp="992" pin=0"/></net>

<net id="1286"><net_src comp="1280" pin="1"/><net_sink comp="1019" pin=1"/></net>

<net id="1287"><net_src comp="1280" pin="1"/><net_sink comp="1109" pin=0"/></net>

<net id="1291"><net_src comp="222" pin="1"/><net_sink comp="1288" pin=0"/></net>

<net id="1292"><net_src comp="1288" pin="1"/><net_sink comp="466" pin=1"/></net>

<net id="1293"><net_src comp="1288" pin="1"/><net_sink comp="995" pin=0"/></net>

<net id="1294"><net_src comp="1288" pin="1"/><net_sink comp="1014" pin=1"/></net>

<net id="1295"><net_src comp="1288" pin="1"/><net_sink comp="1113" pin=0"/></net>

<net id="1302"><net_src comp="599" pin="2"/><net_sink comp="1299" pin=0"/></net>

<net id="1303"><net_src comp="1299" pin="1"/><net_sink comp="644" pin=0"/></net>

<net id="1304"><net_src comp="1299" pin="1"/><net_sink comp="651" pin=0"/></net>

<net id="1305"><net_src comp="1299" pin="1"/><net_sink comp="668" pin=0"/></net>

<net id="1306"><net_src comp="1299" pin="1"/><net_sink comp="681" pin=1"/></net>

</net_list>

</model> 
---------------- Datapath Model END ------------------

* FSMD analyzer results:
  - Output states:
	Port: filter_mem_35_out | {1 }
	Port: filter_mem_34_out | {1 }
	Port: filter_mem_33_out | {1 }
	Port: filter_mem_32_out | {1 }
	Port: filter_mem_31_out | {1 }
	Port: filter_mem_30_out | {1 }
	Port: filter_mem_29_out | {1 }
	Port: filter_mem_28_out | {1 }
	Port: filter_mem_27_out | {1 }
	Port: filter_mem_26_out | {1 }
	Port: filter_mem_25_out | {1 }
	Port: filter_mem_24_out | {1 }
	Port: filter_mem_23_out | {1 }
	Port: filter_mem_22_out | {1 }
	Port: filter_mem_21_out | {1 }
	Port: filter_mem_20_out | {1 }
	Port: filter_mem_19_out | {1 }
	Port: filter_mem_18_out | {1 }
 - Input state : 
	Port: conv_Pipeline_VITIS_LOOP_41_1_VITIS_LOOP_42_2_VITIS_LOOP_43_3 : filter_mem_17 | {1 }
	Port: conv_Pipeline_VITIS_LOOP_41_1_VITIS_LOOP_42_2_VITIS_LOOP_43_3 : filter_mem_16 | {1 }
	Port: conv_Pipeline_VITIS_LOOP_41_1_VITIS_LOOP_42_2_VITIS_LOOP_43_3 : filter_mem_15 | {1 }
	Port: conv_Pipeline_VITIS_LOOP_41_1_VITIS_LOOP_42_2_VITIS_LOOP_43_3 : filter_mem_14 | {1 }
	Port: conv_Pipeline_VITIS_LOOP_41_1_VITIS_LOOP_42_2_VITIS_LOOP_43_3 : filter_mem_13 | {1 }
	Port: conv_Pipeline_VITIS_LOOP_41_1_VITIS_LOOP_42_2_VITIS_LOOP_43_3 : filter_mem_12 | {1 }
	Port: conv_Pipeline_VITIS_LOOP_41_1_VITIS_LOOP_42_2_VITIS_LOOP_43_3 : filter_mem_11 | {1 }
	Port: conv_Pipeline_VITIS_LOOP_41_1_VITIS_LOOP_42_2_VITIS_LOOP_43_3 : filter_mem_10 | {1 }
	Port: conv_Pipeline_VITIS_LOOP_41_1_VITIS_LOOP_42_2_VITIS_LOOP_43_3 : filter_mem_9 | {1 }
	Port: conv_Pipeline_VITIS_LOOP_41_1_VITIS_LOOP_42_2_VITIS_LOOP_43_3 : filter_mem_8 | {1 }
	Port: conv_Pipeline_VITIS_LOOP_41_1_VITIS_LOOP_42_2_VITIS_LOOP_43_3 : filter_mem_7 | {1 }
	Port: conv_Pipeline_VITIS_LOOP_41_1_VITIS_LOOP_42_2_VITIS_LOOP_43_3 : filter_mem_6 | {1 }
	Port: conv_Pipeline_VITIS_LOOP_41_1_VITIS_LOOP_42_2_VITIS_LOOP_43_3 : filter_mem_5 | {1 }
	Port: conv_Pipeline_VITIS_LOOP_41_1_VITIS_LOOP_42_2_VITIS_LOOP_43_3 : filter_mem_4 | {1 }
	Port: conv_Pipeline_VITIS_LOOP_41_1_VITIS_LOOP_42_2_VITIS_LOOP_43_3 : filter_mem_3 | {1 }
	Port: conv_Pipeline_VITIS_LOOP_41_1_VITIS_LOOP_42_2_VITIS_LOOP_43_3 : filter_mem_2 | {1 }
	Port: conv_Pipeline_VITIS_LOOP_41_1_VITIS_LOOP_42_2_VITIS_LOOP_43_3 : filter_mem_1 | {1 }
	Port: conv_Pipeline_VITIS_LOOP_41_1_VITIS_LOOP_42_2_VITIS_LOOP_43_3 : filter_mem | {1 }
	Port: conv_Pipeline_VITIS_LOOP_41_1_VITIS_LOOP_42_2_VITIS_LOOP_43_3 : filter2conv | {2 }
  - Chain level:
	State 1
		store_ln0 : 1
		store_ln41 : 1
		store_ln0 : 1
		store_ln42 : 1
		store_ln47 : 1
		indvar_flatten_load : 1
		indvar_flatten48_load : 1
		icmp_ln41 : 2
		add_ln41_1 : 2
		br_ln41 : 3
		icmp_ln42 : 2
		add_ln42_3 : 2
		select_ln42_1 : 3
		store_ln41 : 3
		store_ln42 : 4
		filter_mem_18_load : 1
		filter_mem_19_load : 1
		filter_mem_20_load : 1
		filter_mem_21_load : 1
		filter_mem_22_load : 1
		filter_mem_23_load : 1
		filter_mem_24_load : 1
		filter_mem_25_load : 1
		filter_mem_26_load : 1
		filter_mem_27_load : 1
		filter_mem_28_load : 1
		filter_mem_29_load : 1
		filter_mem_30_load : 1
		filter_mem_31_load : 1
		filter_mem_32_load : 1
		filter_mem_33_load : 1
		filter_mem_34_load : 1
		filter_mem_35_load : 1
		write_ln0 : 2
		write_ln0 : 2
		write_ln0 : 2
		write_ln0 : 2
		write_ln0 : 2
		write_ln0 : 2
		write_ln0 : 2
		write_ln0 : 2
		write_ln0 : 2
		write_ln0 : 2
		write_ln0 : 2
		write_ln0 : 2
		write_ln0 : 2
		write_ln0 : 2
		write_ln0 : 2
		write_ln0 : 2
		write_ln0 : 2
		write_ln0 : 2
	State 2
		add_ln41 : 1
		select_ln36 : 1
		icmp_ln43 : 1
		and_ln36 : 2
		select_ln41 : 2
		add_ln42 : 2
		empty : 2
		s_ich_mid2 : 2
		select_ln42 : 3
		zext_ln41 : 3
		p_shl : 3
		empty_47 : 4
		zext_ln42 : 4
		empty_48 : 5
		icmp_ln48 : 3
		switch_ln48 : 6
		select_ln48_16 : 4
		select_ln48_17 : 4
		store_ln36 : 5
		store_ln36 : 5
		select_ln48_14 : 4
		select_ln48_15 : 4
		store_ln36 : 5
		store_ln36 : 5
		select_ln48_12 : 4
		select_ln48_13 : 4
		store_ln36 : 5
		store_ln36 : 5
		select_ln48_10 : 4
		select_ln48_11 : 4
		store_ln36 : 5
		store_ln36 : 5
		select_ln48_8 : 4
		select_ln48_9 : 4
		store_ln36 : 5
		store_ln36 : 5
		select_ln48_6 : 4
		select_ln48_7 : 4
		store_ln36 : 5
		store_ln36 : 5
		select_ln48_4 : 4
		select_ln48_5 : 4
		store_ln36 : 5
		store_ln36 : 5
		select_ln48_2 : 4
		select_ln48_3 : 4
		store_ln36 : 5
		store_ln36 : 5
		select_ln48 : 4
		select_ln48_1 : 4
		store_ln36 : 5
		store_ln36 : 5
		add_ln43 : 3
		store_ln41 : 3
		store_ln42 : 4
		store_ln47 : 4


============================================================
+ Verbose Summary: Datapath Resource usage 
============================================================

* Functional unit list:
|----------|--------------------------------|---------|---------|
| Operation|         Functional Unit        |    FF   |   LUT   |
|----------|--------------------------------|---------|---------|
|          |      select_ln42_1_fu_611      |    0    |    4    |
|          |       select_ln36_fu_644       |    0    |    2    |
|          |       select_ln41_fu_668       |    0    |    2    |
|          |        s_ich_mid2_fu_686       |    0    |    2    |
|          |       select_ln42_fu_694       |    0    |    2    |
|          |      select_ln48_16_fu_742     |    0    |    8    |
|          |      select_ln48_17_fu_750     |    0    |    8    |
|          |      select_ln48_14_fu_774     |    0    |    8    |
|          |      select_ln48_15_fu_782     |    0    |    8    |
|          |      select_ln48_12_fu_806     |    0    |    8    |
|          |      select_ln48_13_fu_814     |    0    |    8    |
|  select  |      select_ln48_10_fu_838     |    0    |    8    |
|          |      select_ln48_11_fu_846     |    0    |    8    |
|          |      select_ln48_8_fu_870      |    0    |    8    |
|          |      select_ln48_9_fu_878      |    0    |    8    |
|          |      select_ln48_6_fu_902      |    0    |    8    |
|          |      select_ln48_7_fu_910      |    0    |    8    |
|          |      select_ln48_4_fu_934      |    0    |    8    |
|          |      select_ln48_5_fu_942      |    0    |    8    |
|          |      select_ln48_2_fu_966      |    0    |    8    |
|          |      select_ln48_3_fu_974      |    0    |    8    |
|          |       select_ln48_fu_998       |    0    |    8    |
|          |      select_ln48_1_fu_1006     |    0    |    8    |
|----------|--------------------------------|---------|---------|
|          |        add_ln41_1_fu_593       |    0    |    12   |
|          |        add_ln42_3_fu_605       |    0    |    12   |
|    add   |         add_ln41_fu_638        |    0    |    9    |
|          |         add_ln42_fu_675        |    0    |    9    |
|          |         empty_48_fu_724        |    0    |    7    |
|          |        add_ln43_fu_1024        |    0    |    9    |
|----------|--------------------------------|---------|---------|
|          |        icmp_ln41_fu_587        |    0    |    12   |
|   icmp   |        icmp_ln42_fu_599        |    0    |    12   |
|          |        icmp_ln43_fu_656        |    0    |    9    |
|          |        icmp_ln48_fu_730        |    0    |    9    |
|----------|--------------------------------|---------|---------|
|    sub   |         empty_47_fu_714        |    0    |    7    |
|----------|--------------------------------|---------|---------|
|    xor   |         xor_ln36_fu_651        |    0    |    2    |
|----------|--------------------------------|---------|---------|
|    and   |         and_ln36_fu_662        |    0    |    2    |
|----------|--------------------------------|---------|---------|
|    or    |          empty_fu_681          |    0    |    2    |
|----------|--------------------------------|---------|---------|
|          |   filter_mem_read_read_fu_226  |    0    |    0    |
|          |  filter_mem_1_read_read_fu_232 |    0    |    0    |
|          |  filter_mem_2_read_read_fu_238 |    0    |    0    |
|          |  filter_mem_3_read_read_fu_244 |    0    |    0    |
|          |  filter_mem_4_read_read_fu_250 |    0    |    0    |
|          |  filter_mem_5_read_read_fu_256 |    0    |    0    |
|          |  filter_mem_6_read_read_fu_262 |    0    |    0    |
|          |  filter_mem_7_read_read_fu_268 |    0    |    0    |
|          |  filter_mem_8_read_read_fu_274 |    0    |    0    |
|   read   |  filter_mem_9_read_read_fu_280 |    0    |    0    |
|          | filter_mem_10_read_read_fu_286 |    0    |    0    |
|          | filter_mem_11_read_read_fu_292 |    0    |    0    |
|          | filter_mem_12_read_read_fu_298 |    0    |    0    |
|          | filter_mem_13_read_read_fu_304 |    0    |    0    |
|          | filter_mem_14_read_read_fu_310 |    0    |    0    |
|          | filter_mem_15_read_read_fu_316 |    0    |    0    |
|          | filter_mem_16_read_read_fu_322 |    0    |    0    |
|          | filter_mem_17_read_read_fu_328 |    0    |    0    |
|          |  filter2conv_read_read_fu_334  |    0    |    0    |
|----------|--------------------------------|---------|---------|
|          |     write_ln0_write_fu_340     |    0    |    0    |
|          |     write_ln0_write_fu_347     |    0    |    0    |
|          |     write_ln0_write_fu_354     |    0    |    0    |
|          |     write_ln0_write_fu_361     |    0    |    0    |
|          |     write_ln0_write_fu_368     |    0    |    0    |
|          |     write_ln0_write_fu_375     |    0    |    0    |
|          |     write_ln0_write_fu_382     |    0    |    0    |
|          |     write_ln0_write_fu_389     |    0    |    0    |
|   write  |     write_ln0_write_fu_396     |    0    |    0    |
|          |     write_ln0_write_fu_403     |    0    |    0    |
|          |     write_ln0_write_fu_410     |    0    |    0    |
|          |     write_ln0_write_fu_417     |    0    |    0    |
|          |     write_ln0_write_fu_424     |    0    |    0    |
|          |     write_ln0_write_fu_431     |    0    |    0    |
|          |     write_ln0_write_fu_438     |    0    |    0    |
|          |     write_ln0_write_fu_445     |    0    |    0    |
|          |     write_ln0_write_fu_452     |    0    |    0    |
|          |     write_ln0_write_fu_459     |    0    |    0    |
|----------|--------------------------------|---------|---------|
|   zext   |        zext_ln41_fu_702        |    0    |    0    |
|          |        zext_ln42_fu_720        |    0    |    0    |
|----------|--------------------------------|---------|---------|
|bitconcatenate|          p_shl_fu_706          |    0    |    0    |
|----------|--------------------------------|---------|---------|
|   Total  |                                |    0    |   269   |
|----------|--------------------------------|---------|---------|

Memories:
N/A

* Register list:
+-------------------------+--------+
|                         |   FF   |
+-------------------------+--------+
|  filter_mem_18_reg_1152 |    8   |
|  filter_mem_19_reg_1160 |    8   |
|  filter_mem_20_reg_1168 |    8   |
|  filter_mem_21_reg_1176 |    8   |
|  filter_mem_22_reg_1184 |    8   |
|  filter_mem_23_reg_1192 |    8   |
|  filter_mem_24_reg_1200 |    8   |
|  filter_mem_25_reg_1208 |    8   |
|  filter_mem_26_reg_1216 |    8   |
|  filter_mem_27_reg_1224 |    8   |
|  filter_mem_28_reg_1232 |    8   |
|  filter_mem_29_reg_1240 |    8   |
|  filter_mem_30_reg_1248 |    8   |
|  filter_mem_31_reg_1256 |    8   |
|  filter_mem_32_reg_1264 |    8   |
|  filter_mem_33_reg_1272 |    8   |
|  filter_mem_34_reg_1280 |    8   |
|  filter_mem_35_reg_1288 |    8   |
|    icmp_ln42_reg_1299   |    1   |
|    idx_depth_reg_1117   |    2   |
|indvar_flatten48_reg_1145|    5   |
| indvar_flatten_reg_1131 |    4   |
|      s_fh_reg_1138      |    2   |
|      s_fw_reg_1124      |    2   |
+-------------------------+--------+
|          Total          |   160  |
+-------------------------+--------+

* Multiplexer (MUX) list: 
|--------|------|------|------|--------|
|  Comp  |  Pin | Size |  BW  | S x BW |
|--------|------|------|------|--------|
|  Total |      |      |      |    0   |
|--------|------|------|------|--------|



* Summary:
+-----------+--------+--------+
|           |   FF   |   LUT  |
+-----------+--------+--------+
|  Function |    0   |   269  |
|   Memory  |    -   |    -   |
|Multiplexer|    -   |    -   |
|  Register |   160  |    -   |
+-----------+--------+--------+
|   Total   |   160  |   269  |
+-----------+--------+--------+
