

================================================================
== Vitis HLS Report for 'conv_2_13_13_3_3_2_11_11_1_1_5_1_5_5_2_3_s'
================================================================
* Date:           Tue May 27 16:09:48 2025

* Version:        2024.2 (Build 5238294 on Nov  8 2024)
* Project:        convolution
* Solution:       solution_0 (Vivado IP Flow Target)
* Product family: zynquplus
* Target device:  xck26-sfvc784-2LV-c


================================================================
== Performance Estimates
================================================================
+ Timing: 
    * Summary: 
    +--------+---------+----------+------------+
    |  Clock |  Target | Estimated| Uncertainty|
    +--------+---------+----------+------------+
    |ap_clk  |  5.00 ns|  3.606 ns|     1.35 ns|
    +--------+---------+----------+------------+

+ Latency: 
    * Summary: 
    +---------+---------+----------+----------+-----+-----+---------+
    |  Latency (cycles) |  Latency (absolute) |  Interval | Pipeline|
    |   min   |   max   |    min   |    max   | min | max |   Type  |
    +---------+---------+----------+----------+-----+-----+---------+
    |      561|      561|  2.805 us|  2.805 us|  561|  561|       no|
    +---------+---------+----------+----------+-----+-----+---------+

    + Detail: 
        * Instance: 
        N/A

        * Loop: 
        +----------+---------+---------+----------+-----------+-----------+------+----------+
        |          |  Latency (cycles) | Iteration|  Initiation Interval  | Trip |          |
        | Loop Name|   min   |   max   |  Latency |  achieved |   target  | Count| Pipelined|
        +----------+---------+---------+----------+-----------+-----------+------+----------+
        |- L6      |      560|      560|       280|          -|          -|     2|        no|
        +----------+---------+---------+----------+-----------+-----------+------+----------+

============================================================
+ Verbose Summary: Synthesis Manager
============================================================
InlineROM: 1
ExposeGlobal: 0
============================================================
+ Verbose Summary: CDFG Model
============================================================
IsTopModel: 0
ResetActiveHigh: 1
IsCombinational: 2
IsDatapathOnly: 0
HasWiredReturn: 1
HasMFsm: 0
HasVarLatency: 1
IsPipeline: 0
IsRtlPipelined: 0
IsInstanceOverlapped: 0
IsDontTouch: 0
HasImplIP: 0
IsGatedGlobalClock: 0


============================================================
+ Verbose Summary: Schedule
============================================================
* Number of FSM states : 5
* Pipeline : 0
* Dataflow Pipeline: 0

* FSM state transitions: 
1 --> 2 
2 --> 3 
3 --> 4 
4 --> 5 
5 --> 2 

* FSM state operations: 

State 1 <SV = 0> <Delay = 1.82>
ST_1 : Operation 6 [1/1] (0.00ns)   --->   "%s_och = alloca i32 1" [./conv.h:39->top_wrapper.cpp:123]   --->   Operation 6 'alloca' 's_och' <Predicate = true> <Delay = 0.00>
ST_1 : Operation 7 [1/1] (0.00ns)   --->   "%filter_mem = alloca i32 1" [./conv.h:36->top_wrapper.cpp:123]   --->   Operation 7 'alloca' 'filter_mem' <Predicate = true> <Delay = 0.00>
ST_1 : Operation 8 [1/1] (0.00ns)   --->   "%filter_mem_1 = alloca i32 1" [./conv.h:36->top_wrapper.cpp:123]   --->   Operation 8 'alloca' 'filter_mem_1' <Predicate = true> <Delay = 0.00>
ST_1 : Operation 9 [1/1] (0.00ns)   --->   "%filter_mem_2 = alloca i32 1" [./conv.h:36->top_wrapper.cpp:123]   --->   Operation 9 'alloca' 'filter_mem_2' <Predicate = true> <Delay = 0.00>
ST_1 : Operation 10 [1/1] (0.00ns)   --->   "%filter_mem_3 = alloca i32 1" [./conv.h:36->top_wrapper.cpp:123]   --->   Operation 10 'alloca' 'filter_mem_3' <Predicate = true> <Delay = 0.00>
ST_1 : Operation 11 [1/1] (0.00ns)   --->   "%filter_mem_4 = alloca i32 1" [./conv.h:36->top_wrapper.cpp:123]   --->   Operation 11 'alloca' 'filter_mem_4' <Predicate = true> <Delay = 0.00>
ST_1 : Operation 12 [1/1] (0.00ns)   --->   "%filter_mem_5 = alloca i32 1" [./conv.h:36->top_wrapper.cpp:123]   --->   Operation 12 'alloca' 'filter_mem_5' <Predicate = true> <Delay = 0.00>
ST_1 : Operation 13 [1/1] (0.00ns)   --->   "%filter_mem_6 = alloca i32 1" [./conv.h:36->top_wrapper.cpp:123]   --->   Operation 13 'alloca' 'filter_mem_6' <Predicate = true> <Delay = 0.00>
ST_1 : Operation 14 [1/1] (0.00ns)   --->   "%filter_mem_7 = alloca i32 1" [./conv.h:36->top_wrapper.cpp:123]   --->   Operation 14 'alloca' 'filter_mem_7' <Predicate = true> <Delay = 0.00>
ST_1 : Operation 15 [1/1] (0.00ns)   --->   "%filter_mem_8 = alloca i32 1" [./conv.h:36->top_wrapper.cpp:123]   --->   Operation 15 'alloca' 'filter_mem_8' <Predicate = true> <Delay = 0.00>
ST_1 : Operation 16 [1/1] (0.00ns)   --->   "%filter_mem_9 = alloca i32 1" [./conv.h:36->top_wrapper.cpp:123]   --->   Operation 16 'alloca' 'filter_mem_9' <Predicate = true> <Delay = 0.00>
ST_1 : Operation 17 [1/1] (0.00ns)   --->   "%filter_mem_10 = alloca i32 1" [./conv.h:36->top_wrapper.cpp:123]   --->   Operation 17 'alloca' 'filter_mem_10' <Predicate = true> <Delay = 0.00>
ST_1 : Operation 18 [1/1] (0.00ns)   --->   "%filter_mem_11 = alloca i32 1" [./conv.h:36->top_wrapper.cpp:123]   --->   Operation 18 'alloca' 'filter_mem_11' <Predicate = true> <Delay = 0.00>
ST_1 : Operation 19 [1/1] (0.00ns)   --->   "%filter_mem_12 = alloca i32 1" [./conv.h:36->top_wrapper.cpp:123]   --->   Operation 19 'alloca' 'filter_mem_12' <Predicate = true> <Delay = 0.00>
ST_1 : Operation 20 [1/1] (0.00ns)   --->   "%filter_mem_13 = alloca i32 1" [./conv.h:36->top_wrapper.cpp:123]   --->   Operation 20 'alloca' 'filter_mem_13' <Predicate = true> <Delay = 0.00>
ST_1 : Operation 21 [1/1] (0.00ns)   --->   "%filter_mem_14 = alloca i32 1" [./conv.h:36->top_wrapper.cpp:123]   --->   Operation 21 'alloca' 'filter_mem_14' <Predicate = true> <Delay = 0.00>
ST_1 : Operation 22 [1/1] (0.00ns)   --->   "%filter_mem_15 = alloca i32 1" [./conv.h:36->top_wrapper.cpp:123]   --->   Operation 22 'alloca' 'filter_mem_15' <Predicate = true> <Delay = 0.00>
ST_1 : Operation 23 [1/1] (0.00ns)   --->   "%filter_mem_16 = alloca i32 1" [./conv.h:36->top_wrapper.cpp:123]   --->   Operation 23 'alloca' 'filter_mem_16' <Predicate = true> <Delay = 0.00>
ST_1 : Operation 24 [1/1] (0.00ns)   --->   "%filter_mem_17 = alloca i32 1" [./conv.h:36->top_wrapper.cpp:123]   --->   Operation 24 'alloca' 'filter_mem_17' <Predicate = true> <Delay = 0.00>
ST_1 : Operation 25 [1/1] (1.82ns)   --->   "%p_read_881 = read i45 @_ssdm_op_Read.ap_auto.i45, i45 %p_read449"   --->   Operation 25 'read' 'p_read_881' <Predicate = true> <Delay = 1.82> <CoreInst = "FIFO_SRL">   --->   Core 80 'FIFO_SRL' <Latency = 0> <II = 1> <Delay = 1.83> <Storage> <Opcode : 'read' 'write' 'nbread' 'nbwrite'> <Ports = 0> <Width = -1> <Depth = -1> <FIFO>
ST_1 : Operation 26 [1/1] (1.82ns)   --->   "%p_read_882 = read i45 @_ssdm_op_Read.ap_auto.i45, i45 %p_read448"   --->   Operation 26 'read' 'p_read_882' <Predicate = true> <Delay = 1.82> <CoreInst = "FIFO_SRL">   --->   Core 80 'FIFO_SRL' <Latency = 0> <II = 1> <Delay = 1.83> <Storage> <Opcode : 'read' 'write' 'nbread' 'nbwrite'> <Ports = 0> <Width = -1> <Depth = -1> <FIFO>
ST_1 : Operation 27 [1/1] (1.82ns)   --->   "%p_read_883 = read i45 @_ssdm_op_Read.ap_auto.i45, i45 %p_read447"   --->   Operation 27 'read' 'p_read_883' <Predicate = true> <Delay = 1.82> <CoreInst = "FIFO_SRL">   --->   Core 80 'FIFO_SRL' <Latency = 0> <II = 1> <Delay = 1.83> <Storage> <Opcode : 'read' 'write' 'nbread' 'nbwrite'> <Ports = 0> <Width = -1> <Depth = -1> <FIFO>
ST_1 : Operation 28 [1/1] (1.82ns)   --->   "%p_read_884 = read i45 @_ssdm_op_Read.ap_auto.i45, i45 %p_read446"   --->   Operation 28 'read' 'p_read_884' <Predicate = true> <Delay = 1.82> <CoreInst = "FIFO_SRL">   --->   Core 80 'FIFO_SRL' <Latency = 0> <II = 1> <Delay = 1.83> <Storage> <Opcode : 'read' 'write' 'nbread' 'nbwrite'> <Ports = 0> <Width = -1> <Depth = -1> <FIFO>
ST_1 : Operation 29 [1/1] (1.82ns)   --->   "%p_read_885 = read i45 @_ssdm_op_Read.ap_auto.i45, i45 %p_read445"   --->   Operation 29 'read' 'p_read_885' <Predicate = true> <Delay = 1.82> <CoreInst = "FIFO_SRL">   --->   Core 80 'FIFO_SRL' <Latency = 0> <II = 1> <Delay = 1.83> <Storage> <Opcode : 'read' 'write' 'nbread' 'nbwrite'> <Ports = 0> <Width = -1> <Depth = -1> <FIFO>
ST_1 : Operation 30 [1/1] (1.82ns)   --->   "%p_read_886 = read i45 @_ssdm_op_Read.ap_auto.i45, i45 %p_read444"   --->   Operation 30 'read' 'p_read_886' <Predicate = true> <Delay = 1.82> <CoreInst = "FIFO_SRL">   --->   Core 80 'FIFO_SRL' <Latency = 0> <II = 1> <Delay = 1.83> <Storage> <Opcode : 'read' 'write' 'nbread' 'nbwrite'> <Ports = 0> <Width = -1> <Depth = -1> <FIFO>
ST_1 : Operation 31 [1/1] (1.82ns)   --->   "%p_read_887 = read i45 @_ssdm_op_Read.ap_auto.i45, i45 %p_read443"   --->   Operation 31 'read' 'p_read_887' <Predicate = true> <Delay = 1.82> <CoreInst = "FIFO_SRL">   --->   Core 80 'FIFO_SRL' <Latency = 0> <II = 1> <Delay = 1.83> <Storage> <Opcode : 'read' 'write' 'nbread' 'nbwrite'> <Ports = 0> <Width = -1> <Depth = -1> <FIFO>
ST_1 : Operation 32 [1/1] (1.82ns)   --->   "%p_read_888 = read i45 @_ssdm_op_Read.ap_auto.i45, i45 %p_read442"   --->   Operation 32 'read' 'p_read_888' <Predicate = true> <Delay = 1.82> <CoreInst = "FIFO_SRL">   --->   Core 80 'FIFO_SRL' <Latency = 0> <II = 1> <Delay = 1.83> <Storage> <Opcode : 'read' 'write' 'nbread' 'nbwrite'> <Ports = 0> <Width = -1> <Depth = -1> <FIFO>
ST_1 : Operation 33 [1/1] (1.82ns)   --->   "%p_read_889 = read i45 @_ssdm_op_Read.ap_auto.i45, i45 %p_read441"   --->   Operation 33 'read' 'p_read_889' <Predicate = true> <Delay = 1.82> <CoreInst = "FIFO_SRL">   --->   Core 80 'FIFO_SRL' <Latency = 0> <II = 1> <Delay = 1.83> <Storage> <Opcode : 'read' 'write' 'nbread' 'nbwrite'> <Ports = 0> <Width = -1> <Depth = -1> <FIFO>
ST_1 : Operation 34 [1/1] (1.82ns)   --->   "%p_read_890 = read i45 @_ssdm_op_Read.ap_auto.i45, i45 %p_read440"   --->   Operation 34 'read' 'p_read_890' <Predicate = true> <Delay = 1.82> <CoreInst = "FIFO_SRL">   --->   Core 80 'FIFO_SRL' <Latency = 0> <II = 1> <Delay = 1.83> <Storage> <Opcode : 'read' 'write' 'nbread' 'nbwrite'> <Ports = 0> <Width = -1> <Depth = -1> <FIFO>
ST_1 : Operation 35 [1/1] (1.82ns)   --->   "%p_read_891 = read i45 @_ssdm_op_Read.ap_auto.i45, i45 %p_read439"   --->   Operation 35 'read' 'p_read_891' <Predicate = true> <Delay = 1.82> <CoreInst = "FIFO_SRL">   --->   Core 80 'FIFO_SRL' <Latency = 0> <II = 1> <Delay = 1.83> <Storage> <Opcode : 'read' 'write' 'nbread' 'nbwrite'> <Ports = 0> <Width = -1> <Depth = -1> <FIFO>
ST_1 : Operation 36 [1/1] (1.82ns)   --->   "%p_read_892 = read i45 @_ssdm_op_Read.ap_auto.i45, i45 %p_read438"   --->   Operation 36 'read' 'p_read_892' <Predicate = true> <Delay = 1.82> <CoreInst = "FIFO_SRL">   --->   Core 80 'FIFO_SRL' <Latency = 0> <II = 1> <Delay = 1.83> <Storage> <Opcode : 'read' 'write' 'nbread' 'nbwrite'> <Ports = 0> <Width = -1> <Depth = -1> <FIFO>
ST_1 : Operation 37 [1/1] (1.82ns)   --->   "%p_read_893 = read i45 @_ssdm_op_Read.ap_auto.i45, i45 %p_read437"   --->   Operation 37 'read' 'p_read_893' <Predicate = true> <Delay = 1.82> <CoreInst = "FIFO_SRL">   --->   Core 80 'FIFO_SRL' <Latency = 0> <II = 1> <Delay = 1.83> <Storage> <Opcode : 'read' 'write' 'nbread' 'nbwrite'> <Ports = 0> <Width = -1> <Depth = -1> <FIFO>
ST_1 : Operation 38 [1/1] (1.82ns)   --->   "%p_read_894 = read i45 @_ssdm_op_Read.ap_auto.i45, i45 %p_read436"   --->   Operation 38 'read' 'p_read_894' <Predicate = true> <Delay = 1.82> <CoreInst = "FIFO_SRL">   --->   Core 80 'FIFO_SRL' <Latency = 0> <II = 1> <Delay = 1.83> <Storage> <Opcode : 'read' 'write' 'nbread' 'nbwrite'> <Ports = 0> <Width = -1> <Depth = -1> <FIFO>
ST_1 : Operation 39 [1/1] (1.82ns)   --->   "%p_read_895 = read i45 @_ssdm_op_Read.ap_auto.i45, i45 %p_read435"   --->   Operation 39 'read' 'p_read_895' <Predicate = true> <Delay = 1.82> <CoreInst = "FIFO_SRL">   --->   Core 80 'FIFO_SRL' <Latency = 0> <II = 1> <Delay = 1.83> <Storage> <Opcode : 'read' 'write' 'nbread' 'nbwrite'> <Ports = 0> <Width = -1> <Depth = -1> <FIFO>
ST_1 : Operation 40 [1/1] (1.82ns)   --->   "%p_read_896 = read i45 @_ssdm_op_Read.ap_auto.i45, i45 %p_read434"   --->   Operation 40 'read' 'p_read_896' <Predicate = true> <Delay = 1.82> <CoreInst = "FIFO_SRL">   --->   Core 80 'FIFO_SRL' <Latency = 0> <II = 1> <Delay = 1.83> <Storage> <Opcode : 'read' 'write' 'nbread' 'nbwrite'> <Ports = 0> <Width = -1> <Depth = -1> <FIFO>
ST_1 : Operation 41 [1/1] (1.82ns)   --->   "%p_read_897 = read i45 @_ssdm_op_Read.ap_auto.i45, i45 %p_read433"   --->   Operation 41 'read' 'p_read_897' <Predicate = true> <Delay = 1.82> <CoreInst = "FIFO_SRL">   --->   Core 80 'FIFO_SRL' <Latency = 0> <II = 1> <Delay = 1.83> <Storage> <Opcode : 'read' 'write' 'nbread' 'nbwrite'> <Ports = 0> <Width = -1> <Depth = -1> <FIFO>
ST_1 : Operation 42 [1/1] (1.82ns)   --->   "%p_read_898 = read i45 @_ssdm_op_Read.ap_auto.i45, i45 %p_read432"   --->   Operation 42 'read' 'p_read_898' <Predicate = true> <Delay = 1.82> <CoreInst = "FIFO_SRL">   --->   Core 80 'FIFO_SRL' <Latency = 0> <II = 1> <Delay = 1.83> <Storage> <Opcode : 'read' 'write' 'nbread' 'nbwrite'> <Ports = 0> <Width = -1> <Depth = -1> <FIFO>
ST_1 : Operation 43 [1/1] (1.82ns)   --->   "%p_read_899 = read i45 @_ssdm_op_Read.ap_auto.i45, i45 %p_read431"   --->   Operation 43 'read' 'p_read_899' <Predicate = true> <Delay = 1.82> <CoreInst = "FIFO_SRL">   --->   Core 80 'FIFO_SRL' <Latency = 0> <II = 1> <Delay = 1.83> <Storage> <Opcode : 'read' 'write' 'nbread' 'nbwrite'> <Ports = 0> <Width = -1> <Depth = -1> <FIFO>
ST_1 : Operation 44 [1/1] (1.82ns)   --->   "%p_read_900 = read i45 @_ssdm_op_Read.ap_auto.i45, i45 %p_read430"   --->   Operation 44 'read' 'p_read_900' <Predicate = true> <Delay = 1.82> <CoreInst = "FIFO_SRL">   --->   Core 80 'FIFO_SRL' <Latency = 0> <II = 1> <Delay = 1.83> <Storage> <Opcode : 'read' 'write' 'nbread' 'nbwrite'> <Ports = 0> <Width = -1> <Depth = -1> <FIFO>
ST_1 : Operation 45 [1/1] (1.82ns)   --->   "%p_read_901 = read i45 @_ssdm_op_Read.ap_auto.i45, i45 %p_read429"   --->   Operation 45 'read' 'p_read_901' <Predicate = true> <Delay = 1.82> <CoreInst = "FIFO_SRL">   --->   Core 80 'FIFO_SRL' <Latency = 0> <II = 1> <Delay = 1.83> <Storage> <Opcode : 'read' 'write' 'nbread' 'nbwrite'> <Ports = 0> <Width = -1> <Depth = -1> <FIFO>
ST_1 : Operation 46 [1/1] (1.82ns)   --->   "%p_read_902 = read i45 @_ssdm_op_Read.ap_auto.i45, i45 %p_read428"   --->   Operation 46 'read' 'p_read_902' <Predicate = true> <Delay = 1.82> <CoreInst = "FIFO_SRL">   --->   Core 80 'FIFO_SRL' <Latency = 0> <II = 1> <Delay = 1.83> <Storage> <Opcode : 'read' 'write' 'nbread' 'nbwrite'> <Ports = 0> <Width = -1> <Depth = -1> <FIFO>
ST_1 : Operation 47 [1/1] (1.82ns)   --->   "%p_read_903 = read i45 @_ssdm_op_Read.ap_auto.i45, i45 %p_read427"   --->   Operation 47 'read' 'p_read_903' <Predicate = true> <Delay = 1.82> <CoreInst = "FIFO_SRL">   --->   Core 80 'FIFO_SRL' <Latency = 0> <II = 1> <Delay = 1.83> <Storage> <Opcode : 'read' 'write' 'nbread' 'nbwrite'> <Ports = 0> <Width = -1> <Depth = -1> <FIFO>
ST_1 : Operation 48 [1/1] (1.82ns)   --->   "%p_read_904 = read i45 @_ssdm_op_Read.ap_auto.i45, i45 %p_read426"   --->   Operation 48 'read' 'p_read_904' <Predicate = true> <Delay = 1.82> <CoreInst = "FIFO_SRL">   --->   Core 80 'FIFO_SRL' <Latency = 0> <II = 1> <Delay = 1.83> <Storage> <Opcode : 'read' 'write' 'nbread' 'nbwrite'> <Ports = 0> <Width = -1> <Depth = -1> <FIFO>
ST_1 : Operation 49 [1/1] (1.82ns)   --->   "%p_read_905 = read i45 @_ssdm_op_Read.ap_auto.i45, i45 %p_read425"   --->   Operation 49 'read' 'p_read_905' <Predicate = true> <Delay = 1.82> <CoreInst = "FIFO_SRL">   --->   Core 80 'FIFO_SRL' <Latency = 0> <II = 1> <Delay = 1.83> <Storage> <Opcode : 'read' 'write' 'nbread' 'nbwrite'> <Ports = 0> <Width = -1> <Depth = -1> <FIFO>
ST_1 : Operation 50 [1/1] (1.82ns)   --->   "%p_read_906 = read i45 @_ssdm_op_Read.ap_auto.i45, i45 %p_read424"   --->   Operation 50 'read' 'p_read_906' <Predicate = true> <Delay = 1.82> <CoreInst = "FIFO_SRL">   --->   Core 80 'FIFO_SRL' <Latency = 0> <II = 1> <Delay = 1.83> <Storage> <Opcode : 'read' 'write' 'nbread' 'nbwrite'> <Ports = 0> <Width = -1> <Depth = -1> <FIFO>
ST_1 : Operation 51 [1/1] (1.82ns)   --->   "%p_read_907 = read i45 @_ssdm_op_Read.ap_auto.i45, i45 %p_read423"   --->   Operation 51 'read' 'p_read_907' <Predicate = true> <Delay = 1.82> <CoreInst = "FIFO_SRL">   --->   Core 80 'FIFO_SRL' <Latency = 0> <II = 1> <Delay = 1.83> <Storage> <Opcode : 'read' 'write' 'nbread' 'nbwrite'> <Ports = 0> <Width = -1> <Depth = -1> <FIFO>
ST_1 : Operation 52 [1/1] (1.82ns)   --->   "%p_read_908 = read i45 @_ssdm_op_Read.ap_auto.i45, i45 %p_read422"   --->   Operation 52 'read' 'p_read_908' <Predicate = true> <Delay = 1.82> <CoreInst = "FIFO_SRL">   --->   Core 80 'FIFO_SRL' <Latency = 0> <II = 1> <Delay = 1.83> <Storage> <Opcode : 'read' 'write' 'nbread' 'nbwrite'> <Ports = 0> <Width = -1> <Depth = -1> <FIFO>
ST_1 : Operation 53 [1/1] (1.82ns)   --->   "%p_read_909 = read i45 @_ssdm_op_Read.ap_auto.i45, i45 %p_read421"   --->   Operation 53 'read' 'p_read_909' <Predicate = true> <Delay = 1.82> <CoreInst = "FIFO_SRL">   --->   Core 80 'FIFO_SRL' <Latency = 0> <II = 1> <Delay = 1.83> <Storage> <Opcode : 'read' 'write' 'nbread' 'nbwrite'> <Ports = 0> <Width = -1> <Depth = -1> <FIFO>
ST_1 : Operation 54 [1/1] (1.82ns)   --->   "%p_read_910 = read i45 @_ssdm_op_Read.ap_auto.i45, i45 %p_read420"   --->   Operation 54 'read' 'p_read_910' <Predicate = true> <Delay = 1.82> <CoreInst = "FIFO_SRL">   --->   Core 80 'FIFO_SRL' <Latency = 0> <II = 1> <Delay = 1.83> <Storage> <Opcode : 'read' 'write' 'nbread' 'nbwrite'> <Ports = 0> <Width = -1> <Depth = -1> <FIFO>
ST_1 : Operation 55 [1/1] (1.82ns)   --->   "%p_read_911 = read i45 @_ssdm_op_Read.ap_auto.i45, i45 %p_read419"   --->   Operation 55 'read' 'p_read_911' <Predicate = true> <Delay = 1.82> <CoreInst = "FIFO_SRL">   --->   Core 80 'FIFO_SRL' <Latency = 0> <II = 1> <Delay = 1.83> <Storage> <Opcode : 'read' 'write' 'nbread' 'nbwrite'> <Ports = 0> <Width = -1> <Depth = -1> <FIFO>
ST_1 : Operation 56 [1/1] (1.82ns)   --->   "%p_read_912 = read i45 @_ssdm_op_Read.ap_auto.i45, i45 %p_read418"   --->   Operation 56 'read' 'p_read_912' <Predicate = true> <Delay = 1.82> <CoreInst = "FIFO_SRL">   --->   Core 80 'FIFO_SRL' <Latency = 0> <II = 1> <Delay = 1.83> <Storage> <Opcode : 'read' 'write' 'nbread' 'nbwrite'> <Ports = 0> <Width = -1> <Depth = -1> <FIFO>
ST_1 : Operation 57 [1/1] (1.82ns)   --->   "%p_read_913 = read i45 @_ssdm_op_Read.ap_auto.i45, i45 %p_read417"   --->   Operation 57 'read' 'p_read_913' <Predicate = true> <Delay = 1.82> <CoreInst = "FIFO_SRL">   --->   Core 80 'FIFO_SRL' <Latency = 0> <II = 1> <Delay = 1.83> <Storage> <Opcode : 'read' 'write' 'nbread' 'nbwrite'> <Ports = 0> <Width = -1> <Depth = -1> <FIFO>
ST_1 : Operation 58 [1/1] (1.82ns)   --->   "%p_read_914 = read i45 @_ssdm_op_Read.ap_auto.i45, i45 %p_read416"   --->   Operation 58 'read' 'p_read_914' <Predicate = true> <Delay = 1.82> <CoreInst = "FIFO_SRL">   --->   Core 80 'FIFO_SRL' <Latency = 0> <II = 1> <Delay = 1.83> <Storage> <Opcode : 'read' 'write' 'nbread' 'nbwrite'> <Ports = 0> <Width = -1> <Depth = -1> <FIFO>
ST_1 : Operation 59 [1/1] (1.82ns)   --->   "%p_read_915 = read i45 @_ssdm_op_Read.ap_auto.i45, i45 %p_read415"   --->   Operation 59 'read' 'p_read_915' <Predicate = true> <Delay = 1.82> <CoreInst = "FIFO_SRL">   --->   Core 80 'FIFO_SRL' <Latency = 0> <II = 1> <Delay = 1.83> <Storage> <Opcode : 'read' 'write' 'nbread' 'nbwrite'> <Ports = 0> <Width = -1> <Depth = -1> <FIFO>
ST_1 : Operation 60 [1/1] (1.82ns)   --->   "%p_read_916 = read i45 @_ssdm_op_Read.ap_auto.i45, i45 %p_read414"   --->   Operation 60 'read' 'p_read_916' <Predicate = true> <Delay = 1.82> <CoreInst = "FIFO_SRL">   --->   Core 80 'FIFO_SRL' <Latency = 0> <II = 1> <Delay = 1.83> <Storage> <Opcode : 'read' 'write' 'nbread' 'nbwrite'> <Ports = 0> <Width = -1> <Depth = -1> <FIFO>
ST_1 : Operation 61 [1/1] (1.82ns)   --->   "%p_read_917 = read i45 @_ssdm_op_Read.ap_auto.i45, i45 %p_read413"   --->   Operation 61 'read' 'p_read_917' <Predicate = true> <Delay = 1.82> <CoreInst = "FIFO_SRL">   --->   Core 80 'FIFO_SRL' <Latency = 0> <II = 1> <Delay = 1.83> <Storage> <Opcode : 'read' 'write' 'nbread' 'nbwrite'> <Ports = 0> <Width = -1> <Depth = -1> <FIFO>
ST_1 : Operation 62 [1/1] (1.82ns)   --->   "%p_read_918 = read i45 @_ssdm_op_Read.ap_auto.i45, i45 %p_read412"   --->   Operation 62 'read' 'p_read_918' <Predicate = true> <Delay = 1.82> <CoreInst = "FIFO_SRL">   --->   Core 80 'FIFO_SRL' <Latency = 0> <II = 1> <Delay = 1.83> <Storage> <Opcode : 'read' 'write' 'nbread' 'nbwrite'> <Ports = 0> <Width = -1> <Depth = -1> <FIFO>
ST_1 : Operation 63 [1/1] (1.82ns)   --->   "%p_read_919 = read i45 @_ssdm_op_Read.ap_auto.i45, i45 %p_read411"   --->   Operation 63 'read' 'p_read_919' <Predicate = true> <Delay = 1.82> <CoreInst = "FIFO_SRL">   --->   Core 80 'FIFO_SRL' <Latency = 0> <II = 1> <Delay = 1.83> <Storage> <Opcode : 'read' 'write' 'nbread' 'nbwrite'> <Ports = 0> <Width = -1> <Depth = -1> <FIFO>
ST_1 : Operation 64 [1/1] (1.82ns)   --->   "%p_read_920 = read i45 @_ssdm_op_Read.ap_auto.i45, i45 %p_read410"   --->   Operation 64 'read' 'p_read_920' <Predicate = true> <Delay = 1.82> <CoreInst = "FIFO_SRL">   --->   Core 80 'FIFO_SRL' <Latency = 0> <II = 1> <Delay = 1.83> <Storage> <Opcode : 'read' 'write' 'nbread' 'nbwrite'> <Ports = 0> <Width = -1> <Depth = -1> <FIFO>
ST_1 : Operation 65 [1/1] (1.82ns)   --->   "%p_read_921 = read i45 @_ssdm_op_Read.ap_auto.i45, i45 %p_read409"   --->   Operation 65 'read' 'p_read_921' <Predicate = true> <Delay = 1.82> <CoreInst = "FIFO_SRL">   --->   Core 80 'FIFO_SRL' <Latency = 0> <II = 1> <Delay = 1.83> <Storage> <Opcode : 'read' 'write' 'nbread' 'nbwrite'> <Ports = 0> <Width = -1> <Depth = -1> <FIFO>
ST_1 : Operation 66 [1/1] (1.82ns)   --->   "%p_read_922 = read i45 @_ssdm_op_Read.ap_auto.i45, i45 %p_read408"   --->   Operation 66 'read' 'p_read_922' <Predicate = true> <Delay = 1.82> <CoreInst = "FIFO_SRL">   --->   Core 80 'FIFO_SRL' <Latency = 0> <II = 1> <Delay = 1.83> <Storage> <Opcode : 'read' 'write' 'nbread' 'nbwrite'> <Ports = 0> <Width = -1> <Depth = -1> <FIFO>
ST_1 : Operation 67 [1/1] (1.82ns)   --->   "%p_read_923 = read i45 @_ssdm_op_Read.ap_auto.i45, i45 %p_read407"   --->   Operation 67 'read' 'p_read_923' <Predicate = true> <Delay = 1.82> <CoreInst = "FIFO_SRL">   --->   Core 80 'FIFO_SRL' <Latency = 0> <II = 1> <Delay = 1.83> <Storage> <Opcode : 'read' 'write' 'nbread' 'nbwrite'> <Ports = 0> <Width = -1> <Depth = -1> <FIFO>
ST_1 : Operation 68 [1/1] (1.82ns)   --->   "%p_read_924 = read i45 @_ssdm_op_Read.ap_auto.i45, i45 %p_read406"   --->   Operation 68 'read' 'p_read_924' <Predicate = true> <Delay = 1.82> <CoreInst = "FIFO_SRL">   --->   Core 80 'FIFO_SRL' <Latency = 0> <II = 1> <Delay = 1.83> <Storage> <Opcode : 'read' 'write' 'nbread' 'nbwrite'> <Ports = 0> <Width = -1> <Depth = -1> <FIFO>
ST_1 : Operation 69 [1/1] (1.82ns)   --->   "%p_read_925 = read i45 @_ssdm_op_Read.ap_auto.i45, i45 %p_read405"   --->   Operation 69 'read' 'p_read_925' <Predicate = true> <Delay = 1.82> <CoreInst = "FIFO_SRL">   --->   Core 80 'FIFO_SRL' <Latency = 0> <II = 1> <Delay = 1.83> <Storage> <Opcode : 'read' 'write' 'nbread' 'nbwrite'> <Ports = 0> <Width = -1> <Depth = -1> <FIFO>
ST_1 : Operation 70 [1/1] (1.82ns)   --->   "%p_read_926 = read i45 @_ssdm_op_Read.ap_auto.i45, i45 %p_read404"   --->   Operation 70 'read' 'p_read_926' <Predicate = true> <Delay = 1.82> <CoreInst = "FIFO_SRL">   --->   Core 80 'FIFO_SRL' <Latency = 0> <II = 1> <Delay = 1.83> <Storage> <Opcode : 'read' 'write' 'nbread' 'nbwrite'> <Ports = 0> <Width = -1> <Depth = -1> <FIFO>
ST_1 : Operation 71 [1/1] (1.82ns)   --->   "%p_read_927 = read i45 @_ssdm_op_Read.ap_auto.i45, i45 %p_read403"   --->   Operation 71 'read' 'p_read_927' <Predicate = true> <Delay = 1.82> <CoreInst = "FIFO_SRL">   --->   Core 80 'FIFO_SRL' <Latency = 0> <II = 1> <Delay = 1.83> <Storage> <Opcode : 'read' 'write' 'nbread' 'nbwrite'> <Ports = 0> <Width = -1> <Depth = -1> <FIFO>
ST_1 : Operation 72 [1/1] (1.82ns)   --->   "%p_read_928 = read i45 @_ssdm_op_Read.ap_auto.i45, i45 %p_read402"   --->   Operation 72 'read' 'p_read_928' <Predicate = true> <Delay = 1.82> <CoreInst = "FIFO_SRL">   --->   Core 80 'FIFO_SRL' <Latency = 0> <II = 1> <Delay = 1.83> <Storage> <Opcode : 'read' 'write' 'nbread' 'nbwrite'> <Ports = 0> <Width = -1> <Depth = -1> <FIFO>
ST_1 : Operation 73 [1/1] (1.82ns)   --->   "%p_read_929 = read i45 @_ssdm_op_Read.ap_auto.i45, i45 %p_read401"   --->   Operation 73 'read' 'p_read_929' <Predicate = true> <Delay = 1.82> <CoreInst = "FIFO_SRL">   --->   Core 80 'FIFO_SRL' <Latency = 0> <II = 1> <Delay = 1.83> <Storage> <Opcode : 'read' 'write' 'nbread' 'nbwrite'> <Ports = 0> <Width = -1> <Depth = -1> <FIFO>
ST_1 : Operation 74 [1/1] (1.82ns)   --->   "%p_read400850 = read i45 @_ssdm_op_Read.ap_auto.i45, i45 %p_read400"   --->   Operation 74 'read' 'p_read400850' <Predicate = true> <Delay = 1.82> <CoreInst = "FIFO_SRL">   --->   Core 80 'FIFO_SRL' <Latency = 0> <II = 1> <Delay = 1.83> <Storage> <Opcode : 'read' 'write' 'nbread' 'nbwrite'> <Ports = 0> <Width = -1> <Depth = -1> <FIFO>
ST_1 : Operation 75 [1/1] (1.82ns)   --->   "%p_read_930 = read i45 @_ssdm_op_Read.ap_auto.i45, i45 %p_read399"   --->   Operation 75 'read' 'p_read_930' <Predicate = true> <Delay = 1.82> <CoreInst = "FIFO_SRL">   --->   Core 80 'FIFO_SRL' <Latency = 0> <II = 1> <Delay = 1.83> <Storage> <Opcode : 'read' 'write' 'nbread' 'nbwrite'> <Ports = 0> <Width = -1> <Depth = -1> <FIFO>
ST_1 : Operation 76 [1/1] (1.82ns)   --->   "%p_read_931 = read i45 @_ssdm_op_Read.ap_auto.i45, i45 %p_read398"   --->   Operation 76 'read' 'p_read_931' <Predicate = true> <Delay = 1.82> <CoreInst = "FIFO_SRL">   --->   Core 80 'FIFO_SRL' <Latency = 0> <II = 1> <Delay = 1.83> <Storage> <Opcode : 'read' 'write' 'nbread' 'nbwrite'> <Ports = 0> <Width = -1> <Depth = -1> <FIFO>
ST_1 : Operation 77 [1/1] (1.82ns)   --->   "%p_read_932 = read i45 @_ssdm_op_Read.ap_auto.i45, i45 %p_read397"   --->   Operation 77 'read' 'p_read_932' <Predicate = true> <Delay = 1.82> <CoreInst = "FIFO_SRL">   --->   Core 80 'FIFO_SRL' <Latency = 0> <II = 1> <Delay = 1.83> <Storage> <Opcode : 'read' 'write' 'nbread' 'nbwrite'> <Ports = 0> <Width = -1> <Depth = -1> <FIFO>
ST_1 : Operation 78 [1/1] (1.82ns)   --->   "%p_read_933 = read i45 @_ssdm_op_Read.ap_auto.i45, i45 %p_read396"   --->   Operation 78 'read' 'p_read_933' <Predicate = true> <Delay = 1.82> <CoreInst = "FIFO_SRL">   --->   Core 80 'FIFO_SRL' <Latency = 0> <II = 1> <Delay = 1.83> <Storage> <Opcode : 'read' 'write' 'nbread' 'nbwrite'> <Ports = 0> <Width = -1> <Depth = -1> <FIFO>
ST_1 : Operation 79 [1/1] (1.82ns)   --->   "%p_read_934 = read i45 @_ssdm_op_Read.ap_auto.i45, i45 %p_read395"   --->   Operation 79 'read' 'p_read_934' <Predicate = true> <Delay = 1.82> <CoreInst = "FIFO_SRL">   --->   Core 80 'FIFO_SRL' <Latency = 0> <II = 1> <Delay = 1.83> <Storage> <Opcode : 'read' 'write' 'nbread' 'nbwrite'> <Ports = 0> <Width = -1> <Depth = -1> <FIFO>
ST_1 : Operation 80 [1/1] (1.82ns)   --->   "%p_read_935 = read i45 @_ssdm_op_Read.ap_auto.i45, i45 %p_read394"   --->   Operation 80 'read' 'p_read_935' <Predicate = true> <Delay = 1.82> <CoreInst = "FIFO_SRL">   --->   Core 80 'FIFO_SRL' <Latency = 0> <II = 1> <Delay = 1.83> <Storage> <Opcode : 'read' 'write' 'nbread' 'nbwrite'> <Ports = 0> <Width = -1> <Depth = -1> <FIFO>
ST_1 : Operation 81 [1/1] (1.82ns)   --->   "%p_read_936 = read i45 @_ssdm_op_Read.ap_auto.i45, i45 %p_read393"   --->   Operation 81 'read' 'p_read_936' <Predicate = true> <Delay = 1.82> <CoreInst = "FIFO_SRL">   --->   Core 80 'FIFO_SRL' <Latency = 0> <II = 1> <Delay = 1.83> <Storage> <Opcode : 'read' 'write' 'nbread' 'nbwrite'> <Ports = 0> <Width = -1> <Depth = -1> <FIFO>
ST_1 : Operation 82 [1/1] (1.82ns)   --->   "%p_read_937 = read i45 @_ssdm_op_Read.ap_auto.i45, i45 %p_read392"   --->   Operation 82 'read' 'p_read_937' <Predicate = true> <Delay = 1.82> <CoreInst = "FIFO_SRL">   --->   Core 80 'FIFO_SRL' <Latency = 0> <II = 1> <Delay = 1.83> <Storage> <Opcode : 'read' 'write' 'nbread' 'nbwrite'> <Ports = 0> <Width = -1> <Depth = -1> <FIFO>
ST_1 : Operation 83 [1/1] (1.82ns)   --->   "%p_read_938 = read i45 @_ssdm_op_Read.ap_auto.i45, i45 %p_read391"   --->   Operation 83 'read' 'p_read_938' <Predicate = true> <Delay = 1.82> <CoreInst = "FIFO_SRL">   --->   Core 80 'FIFO_SRL' <Latency = 0> <II = 1> <Delay = 1.83> <Storage> <Opcode : 'read' 'write' 'nbread' 'nbwrite'> <Ports = 0> <Width = -1> <Depth = -1> <FIFO>
ST_1 : Operation 84 [1/1] (1.82ns)   --->   "%p_read_939 = read i45 @_ssdm_op_Read.ap_auto.i45, i45 %p_read390"   --->   Operation 84 'read' 'p_read_939' <Predicate = true> <Delay = 1.82> <CoreInst = "FIFO_SRL">   --->   Core 80 'FIFO_SRL' <Latency = 0> <II = 1> <Delay = 1.83> <Storage> <Opcode : 'read' 'write' 'nbread' 'nbwrite'> <Ports = 0> <Width = -1> <Depth = -1> <FIFO>
ST_1 : Operation 85 [1/1] (1.82ns)   --->   "%p_read_940 = read i45 @_ssdm_op_Read.ap_auto.i45, i45 %p_read389"   --->   Operation 85 'read' 'p_read_940' <Predicate = true> <Delay = 1.82> <CoreInst = "FIFO_SRL">   --->   Core 80 'FIFO_SRL' <Latency = 0> <II = 1> <Delay = 1.83> <Storage> <Opcode : 'read' 'write' 'nbread' 'nbwrite'> <Ports = 0> <Width = -1> <Depth = -1> <FIFO>
ST_1 : Operation 86 [1/1] (1.82ns)   --->   "%p_read_941 = read i45 @_ssdm_op_Read.ap_auto.i45, i45 %p_read388"   --->   Operation 86 'read' 'p_read_941' <Predicate = true> <Delay = 1.82> <CoreInst = "FIFO_SRL">   --->   Core 80 'FIFO_SRL' <Latency = 0> <II = 1> <Delay = 1.83> <Storage> <Opcode : 'read' 'write' 'nbread' 'nbwrite'> <Ports = 0> <Width = -1> <Depth = -1> <FIFO>
ST_1 : Operation 87 [1/1] (1.82ns)   --->   "%p_read_942 = read i45 @_ssdm_op_Read.ap_auto.i45, i45 %p_read387"   --->   Operation 87 'read' 'p_read_942' <Predicate = true> <Delay = 1.82> <CoreInst = "FIFO_SRL">   --->   Core 80 'FIFO_SRL' <Latency = 0> <II = 1> <Delay = 1.83> <Storage> <Opcode : 'read' 'write' 'nbread' 'nbwrite'> <Ports = 0> <Width = -1> <Depth = -1> <FIFO>
ST_1 : Operation 88 [1/1] (1.82ns)   --->   "%p_read_943 = read i45 @_ssdm_op_Read.ap_auto.i45, i45 %p_read386"   --->   Operation 88 'read' 'p_read_943' <Predicate = true> <Delay = 1.82> <CoreInst = "FIFO_SRL">   --->   Core 80 'FIFO_SRL' <Latency = 0> <II = 1> <Delay = 1.83> <Storage> <Opcode : 'read' 'write' 'nbread' 'nbwrite'> <Ports = 0> <Width = -1> <Depth = -1> <FIFO>
ST_1 : Operation 89 [1/1] (1.82ns)   --->   "%p_read_944 = read i45 @_ssdm_op_Read.ap_auto.i45, i45 %p_read385"   --->   Operation 89 'read' 'p_read_944' <Predicate = true> <Delay = 1.82> <CoreInst = "FIFO_SRL">   --->   Core 80 'FIFO_SRL' <Latency = 0> <II = 1> <Delay = 1.83> <Storage> <Opcode : 'read' 'write' 'nbread' 'nbwrite'> <Ports = 0> <Width = -1> <Depth = -1> <FIFO>
ST_1 : Operation 90 [1/1] (1.82ns)   --->   "%p_read_945 = read i45 @_ssdm_op_Read.ap_auto.i45, i45 %p_read384"   --->   Operation 90 'read' 'p_read_945' <Predicate = true> <Delay = 1.82> <CoreInst = "FIFO_SRL">   --->   Core 80 'FIFO_SRL' <Latency = 0> <II = 1> <Delay = 1.83> <Storage> <Opcode : 'read' 'write' 'nbread' 'nbwrite'> <Ports = 0> <Width = -1> <Depth = -1> <FIFO>
ST_1 : Operation 91 [1/1] (1.82ns)   --->   "%p_read_946 = read i45 @_ssdm_op_Read.ap_auto.i45, i45 %p_read383"   --->   Operation 91 'read' 'p_read_946' <Predicate = true> <Delay = 1.82> <CoreInst = "FIFO_SRL">   --->   Core 80 'FIFO_SRL' <Latency = 0> <II = 1> <Delay = 1.83> <Storage> <Opcode : 'read' 'write' 'nbread' 'nbwrite'> <Ports = 0> <Width = -1> <Depth = -1> <FIFO>
ST_1 : Operation 92 [1/1] (1.82ns)   --->   "%p_read_947 = read i45 @_ssdm_op_Read.ap_auto.i45, i45 %p_read382"   --->   Operation 92 'read' 'p_read_947' <Predicate = true> <Delay = 1.82> <CoreInst = "FIFO_SRL">   --->   Core 80 'FIFO_SRL' <Latency = 0> <II = 1> <Delay = 1.83> <Storage> <Opcode : 'read' 'write' 'nbread' 'nbwrite'> <Ports = 0> <Width = -1> <Depth = -1> <FIFO>
ST_1 : Operation 93 [1/1] (1.82ns)   --->   "%p_read_948 = read i45 @_ssdm_op_Read.ap_auto.i45, i45 %p_read381"   --->   Operation 93 'read' 'p_read_948' <Predicate = true> <Delay = 1.82> <CoreInst = "FIFO_SRL">   --->   Core 80 'FIFO_SRL' <Latency = 0> <II = 1> <Delay = 1.83> <Storage> <Opcode : 'read' 'write' 'nbread' 'nbwrite'> <Ports = 0> <Width = -1> <Depth = -1> <FIFO>
ST_1 : Operation 94 [1/1] (1.82ns)   --->   "%p_read_949 = read i45 @_ssdm_op_Read.ap_auto.i45, i45 %p_read380"   --->   Operation 94 'read' 'p_read_949' <Predicate = true> <Delay = 1.82> <CoreInst = "FIFO_SRL">   --->   Core 80 'FIFO_SRL' <Latency = 0> <II = 1> <Delay = 1.83> <Storage> <Opcode : 'read' 'write' 'nbread' 'nbwrite'> <Ports = 0> <Width = -1> <Depth = -1> <FIFO>
ST_1 : Operation 95 [1/1] (1.82ns)   --->   "%p_read_950 = read i45 @_ssdm_op_Read.ap_auto.i45, i45 %p_read379"   --->   Operation 95 'read' 'p_read_950' <Predicate = true> <Delay = 1.82> <CoreInst = "FIFO_SRL">   --->   Core 80 'FIFO_SRL' <Latency = 0> <II = 1> <Delay = 1.83> <Storage> <Opcode : 'read' 'write' 'nbread' 'nbwrite'> <Ports = 0> <Width = -1> <Depth = -1> <FIFO>
ST_1 : Operation 96 [1/1] (1.82ns)   --->   "%p_read_951 = read i45 @_ssdm_op_Read.ap_auto.i45, i45 %p_read378"   --->   Operation 96 'read' 'p_read_951' <Predicate = true> <Delay = 1.82> <CoreInst = "FIFO_SRL">   --->   Core 80 'FIFO_SRL' <Latency = 0> <II = 1> <Delay = 1.83> <Storage> <Opcode : 'read' 'write' 'nbread' 'nbwrite'> <Ports = 0> <Width = -1> <Depth = -1> <FIFO>
ST_1 : Operation 97 [1/1] (1.82ns)   --->   "%p_read_952 = read i45 @_ssdm_op_Read.ap_auto.i45, i45 %p_read377"   --->   Operation 97 'read' 'p_read_952' <Predicate = true> <Delay = 1.82> <CoreInst = "FIFO_SRL">   --->   Core 80 'FIFO_SRL' <Latency = 0> <II = 1> <Delay = 1.83> <Storage> <Opcode : 'read' 'write' 'nbread' 'nbwrite'> <Ports = 0> <Width = -1> <Depth = -1> <FIFO>
ST_1 : Operation 98 [1/1] (1.82ns)   --->   "%p_read_953 = read i45 @_ssdm_op_Read.ap_auto.i45, i45 %p_read376"   --->   Operation 98 'read' 'p_read_953' <Predicate = true> <Delay = 1.82> <CoreInst = "FIFO_SRL">   --->   Core 80 'FIFO_SRL' <Latency = 0> <II = 1> <Delay = 1.83> <Storage> <Opcode : 'read' 'write' 'nbread' 'nbwrite'> <Ports = 0> <Width = -1> <Depth = -1> <FIFO>
ST_1 : Operation 99 [1/1] (1.82ns)   --->   "%p_read_954 = read i45 @_ssdm_op_Read.ap_auto.i45, i45 %p_read375"   --->   Operation 99 'read' 'p_read_954' <Predicate = true> <Delay = 1.82> <CoreInst = "FIFO_SRL">   --->   Core 80 'FIFO_SRL' <Latency = 0> <II = 1> <Delay = 1.83> <Storage> <Opcode : 'read' 'write' 'nbread' 'nbwrite'> <Ports = 0> <Width = -1> <Depth = -1> <FIFO>
ST_1 : Operation 100 [1/1] (1.82ns)   --->   "%p_read_955 = read i45 @_ssdm_op_Read.ap_auto.i45, i45 %p_read374"   --->   Operation 100 'read' 'p_read_955' <Predicate = true> <Delay = 1.82> <CoreInst = "FIFO_SRL">   --->   Core 80 'FIFO_SRL' <Latency = 0> <II = 1> <Delay = 1.83> <Storage> <Opcode : 'read' 'write' 'nbread' 'nbwrite'> <Ports = 0> <Width = -1> <Depth = -1> <FIFO>
ST_1 : Operation 101 [1/1] (1.82ns)   --->   "%p_read_956 = read i45 @_ssdm_op_Read.ap_auto.i45, i45 %p_read373"   --->   Operation 101 'read' 'p_read_956' <Predicate = true> <Delay = 1.82> <CoreInst = "FIFO_SRL">   --->   Core 80 'FIFO_SRL' <Latency = 0> <II = 1> <Delay = 1.83> <Storage> <Opcode : 'read' 'write' 'nbread' 'nbwrite'> <Ports = 0> <Width = -1> <Depth = -1> <FIFO>
ST_1 : Operation 102 [1/1] (1.82ns)   --->   "%p_read_957 = read i45 @_ssdm_op_Read.ap_auto.i45, i45 %p_read372"   --->   Operation 102 'read' 'p_read_957' <Predicate = true> <Delay = 1.82> <CoreInst = "FIFO_SRL">   --->   Core 80 'FIFO_SRL' <Latency = 0> <II = 1> <Delay = 1.83> <Storage> <Opcode : 'read' 'write' 'nbread' 'nbwrite'> <Ports = 0> <Width = -1> <Depth = -1> <FIFO>
ST_1 : Operation 103 [1/1] (1.82ns)   --->   "%p_read_958 = read i45 @_ssdm_op_Read.ap_auto.i45, i45 %p_read371"   --->   Operation 103 'read' 'p_read_958' <Predicate = true> <Delay = 1.82> <CoreInst = "FIFO_SRL">   --->   Core 80 'FIFO_SRL' <Latency = 0> <II = 1> <Delay = 1.83> <Storage> <Opcode : 'read' 'write' 'nbread' 'nbwrite'> <Ports = 0> <Width = -1> <Depth = -1> <FIFO>
ST_1 : Operation 104 [1/1] (1.82ns)   --->   "%p_read_959 = read i45 @_ssdm_op_Read.ap_auto.i45, i45 %p_read370"   --->   Operation 104 'read' 'p_read_959' <Predicate = true> <Delay = 1.82> <CoreInst = "FIFO_SRL">   --->   Core 80 'FIFO_SRL' <Latency = 0> <II = 1> <Delay = 1.83> <Storage> <Opcode : 'read' 'write' 'nbread' 'nbwrite'> <Ports = 0> <Width = -1> <Depth = -1> <FIFO>
ST_1 : Operation 105 [1/1] (1.82ns)   --->   "%p_read_960 = read i45 @_ssdm_op_Read.ap_auto.i45, i45 %p_read369"   --->   Operation 105 'read' 'p_read_960' <Predicate = true> <Delay = 1.82> <CoreInst = "FIFO_SRL">   --->   Core 80 'FIFO_SRL' <Latency = 0> <II = 1> <Delay = 1.83> <Storage> <Opcode : 'read' 'write' 'nbread' 'nbwrite'> <Ports = 0> <Width = -1> <Depth = -1> <FIFO>
ST_1 : Operation 106 [1/1] (1.82ns)   --->   "%p_read_961 = read i45 @_ssdm_op_Read.ap_auto.i45, i45 %p_read368"   --->   Operation 106 'read' 'p_read_961' <Predicate = true> <Delay = 1.82> <CoreInst = "FIFO_SRL">   --->   Core 80 'FIFO_SRL' <Latency = 0> <II = 1> <Delay = 1.83> <Storage> <Opcode : 'read' 'write' 'nbread' 'nbwrite'> <Ports = 0> <Width = -1> <Depth = -1> <FIFO>
ST_1 : Operation 107 [1/1] (1.82ns)   --->   "%p_read_962 = read i45 @_ssdm_op_Read.ap_auto.i45, i45 %p_read367"   --->   Operation 107 'read' 'p_read_962' <Predicate = true> <Delay = 1.82> <CoreInst = "FIFO_SRL">   --->   Core 80 'FIFO_SRL' <Latency = 0> <II = 1> <Delay = 1.83> <Storage> <Opcode : 'read' 'write' 'nbread' 'nbwrite'> <Ports = 0> <Width = -1> <Depth = -1> <FIFO>
ST_1 : Operation 108 [1/1] (1.82ns)   --->   "%p_read_963 = read i45 @_ssdm_op_Read.ap_auto.i45, i45 %p_read366"   --->   Operation 108 'read' 'p_read_963' <Predicate = true> <Delay = 1.82> <CoreInst = "FIFO_SRL">   --->   Core 80 'FIFO_SRL' <Latency = 0> <II = 1> <Delay = 1.83> <Storage> <Opcode : 'read' 'write' 'nbread' 'nbwrite'> <Ports = 0> <Width = -1> <Depth = -1> <FIFO>
ST_1 : Operation 109 [1/1] (1.82ns)   --->   "%p_read_964 = read i45 @_ssdm_op_Read.ap_auto.i45, i45 %p_read365"   --->   Operation 109 'read' 'p_read_964' <Predicate = true> <Delay = 1.82> <CoreInst = "FIFO_SRL">   --->   Core 80 'FIFO_SRL' <Latency = 0> <II = 1> <Delay = 1.83> <Storage> <Opcode : 'read' 'write' 'nbread' 'nbwrite'> <Ports = 0> <Width = -1> <Depth = -1> <FIFO>
ST_1 : Operation 110 [1/1] (1.82ns)   --->   "%p_read_965 = read i45 @_ssdm_op_Read.ap_auto.i45, i45 %p_read364"   --->   Operation 110 'read' 'p_read_965' <Predicate = true> <Delay = 1.82> <CoreInst = "FIFO_SRL">   --->   Core 80 'FIFO_SRL' <Latency = 0> <II = 1> <Delay = 1.83> <Storage> <Opcode : 'read' 'write' 'nbread' 'nbwrite'> <Ports = 0> <Width = -1> <Depth = -1> <FIFO>
ST_1 : Operation 111 [1/1] (1.82ns)   --->   "%p_read_966 = read i45 @_ssdm_op_Read.ap_auto.i45, i45 %p_read363"   --->   Operation 111 'read' 'p_read_966' <Predicate = true> <Delay = 1.82> <CoreInst = "FIFO_SRL">   --->   Core 80 'FIFO_SRL' <Latency = 0> <II = 1> <Delay = 1.83> <Storage> <Opcode : 'read' 'write' 'nbread' 'nbwrite'> <Ports = 0> <Width = -1> <Depth = -1> <FIFO>
ST_1 : Operation 112 [1/1] (1.82ns)   --->   "%p_read_967 = read i45 @_ssdm_op_Read.ap_auto.i45, i45 %p_read362"   --->   Operation 112 'read' 'p_read_967' <Predicate = true> <Delay = 1.82> <CoreInst = "FIFO_SRL">   --->   Core 80 'FIFO_SRL' <Latency = 0> <II = 1> <Delay = 1.83> <Storage> <Opcode : 'read' 'write' 'nbread' 'nbwrite'> <Ports = 0> <Width = -1> <Depth = -1> <FIFO>
ST_1 : Operation 113 [1/1] (1.82ns)   --->   "%p_read_968 = read i45 @_ssdm_op_Read.ap_auto.i45, i45 %p_read361"   --->   Operation 113 'read' 'p_read_968' <Predicate = true> <Delay = 1.82> <CoreInst = "FIFO_SRL">   --->   Core 80 'FIFO_SRL' <Latency = 0> <II = 1> <Delay = 1.83> <Storage> <Opcode : 'read' 'write' 'nbread' 'nbwrite'> <Ports = 0> <Width = -1> <Depth = -1> <FIFO>
ST_1 : Operation 114 [1/1] (1.82ns)   --->   "%p_read_969 = read i45 @_ssdm_op_Read.ap_auto.i45, i45 %p_read360"   --->   Operation 114 'read' 'p_read_969' <Predicate = true> <Delay = 1.82> <CoreInst = "FIFO_SRL">   --->   Core 80 'FIFO_SRL' <Latency = 0> <II = 1> <Delay = 1.83> <Storage> <Opcode : 'read' 'write' 'nbread' 'nbwrite'> <Ports = 0> <Width = -1> <Depth = -1> <FIFO>
ST_1 : Operation 115 [1/1] (1.82ns)   --->   "%p_read_970 = read i45 @_ssdm_op_Read.ap_auto.i45, i45 %p_read359"   --->   Operation 115 'read' 'p_read_970' <Predicate = true> <Delay = 1.82> <CoreInst = "FIFO_SRL">   --->   Core 80 'FIFO_SRL' <Latency = 0> <II = 1> <Delay = 1.83> <Storage> <Opcode : 'read' 'write' 'nbread' 'nbwrite'> <Ports = 0> <Width = -1> <Depth = -1> <FIFO>
ST_1 : Operation 116 [1/1] (1.82ns)   --->   "%p_read_971 = read i45 @_ssdm_op_Read.ap_auto.i45, i45 %p_read358"   --->   Operation 116 'read' 'p_read_971' <Predicate = true> <Delay = 1.82> <CoreInst = "FIFO_SRL">   --->   Core 80 'FIFO_SRL' <Latency = 0> <II = 1> <Delay = 1.83> <Storage> <Opcode : 'read' 'write' 'nbread' 'nbwrite'> <Ports = 0> <Width = -1> <Depth = -1> <FIFO>
ST_1 : Operation 117 [1/1] (1.82ns)   --->   "%p_read_972 = read i45 @_ssdm_op_Read.ap_auto.i45, i45 %p_read357"   --->   Operation 117 'read' 'p_read_972' <Predicate = true> <Delay = 1.82> <CoreInst = "FIFO_SRL">   --->   Core 80 'FIFO_SRL' <Latency = 0> <II = 1> <Delay = 1.83> <Storage> <Opcode : 'read' 'write' 'nbread' 'nbwrite'> <Ports = 0> <Width = -1> <Depth = -1> <FIFO>
ST_1 : Operation 118 [1/1] (1.82ns)   --->   "%p_read_973 = read i45 @_ssdm_op_Read.ap_auto.i45, i45 %p_read356"   --->   Operation 118 'read' 'p_read_973' <Predicate = true> <Delay = 1.82> <CoreInst = "FIFO_SRL">   --->   Core 80 'FIFO_SRL' <Latency = 0> <II = 1> <Delay = 1.83> <Storage> <Opcode : 'read' 'write' 'nbread' 'nbwrite'> <Ports = 0> <Width = -1> <Depth = -1> <FIFO>
ST_1 : Operation 119 [1/1] (1.82ns)   --->   "%p_read_974 = read i45 @_ssdm_op_Read.ap_auto.i45, i45 %p_read355"   --->   Operation 119 'read' 'p_read_974' <Predicate = true> <Delay = 1.82> <CoreInst = "FIFO_SRL">   --->   Core 80 'FIFO_SRL' <Latency = 0> <II = 1> <Delay = 1.83> <Storage> <Opcode : 'read' 'write' 'nbread' 'nbwrite'> <Ports = 0> <Width = -1> <Depth = -1> <FIFO>
ST_1 : Operation 120 [1/1] (1.82ns)   --->   "%p_read_975 = read i45 @_ssdm_op_Read.ap_auto.i45, i45 %p_read354"   --->   Operation 120 'read' 'p_read_975' <Predicate = true> <Delay = 1.82> <CoreInst = "FIFO_SRL">   --->   Core 80 'FIFO_SRL' <Latency = 0> <II = 1> <Delay = 1.83> <Storage> <Opcode : 'read' 'write' 'nbread' 'nbwrite'> <Ports = 0> <Width = -1> <Depth = -1> <FIFO>
ST_1 : Operation 121 [1/1] (1.82ns)   --->   "%p_read_976 = read i45 @_ssdm_op_Read.ap_auto.i45, i45 %p_read353"   --->   Operation 121 'read' 'p_read_976' <Predicate = true> <Delay = 1.82> <CoreInst = "FIFO_SRL">   --->   Core 80 'FIFO_SRL' <Latency = 0> <II = 1> <Delay = 1.83> <Storage> <Opcode : 'read' 'write' 'nbread' 'nbwrite'> <Ports = 0> <Width = -1> <Depth = -1> <FIFO>
ST_1 : Operation 122 [1/1] (1.82ns)   --->   "%p_read_977 = read i45 @_ssdm_op_Read.ap_auto.i45, i45 %p_read352"   --->   Operation 122 'read' 'p_read_977' <Predicate = true> <Delay = 1.82> <CoreInst = "FIFO_SRL">   --->   Core 80 'FIFO_SRL' <Latency = 0> <II = 1> <Delay = 1.83> <Storage> <Opcode : 'read' 'write' 'nbread' 'nbwrite'> <Ports = 0> <Width = -1> <Depth = -1> <FIFO>
ST_1 : Operation 123 [1/1] (1.82ns)   --->   "%p_read_978 = read i45 @_ssdm_op_Read.ap_auto.i45, i45 %p_read351"   --->   Operation 123 'read' 'p_read_978' <Predicate = true> <Delay = 1.82> <CoreInst = "FIFO_SRL">   --->   Core 80 'FIFO_SRL' <Latency = 0> <II = 1> <Delay = 1.83> <Storage> <Opcode : 'read' 'write' 'nbread' 'nbwrite'> <Ports = 0> <Width = -1> <Depth = -1> <FIFO>
ST_1 : Operation 124 [1/1] (1.82ns)   --->   "%p_read_979 = read i45 @_ssdm_op_Read.ap_auto.i45, i45 %p_read350"   --->   Operation 124 'read' 'p_read_979' <Predicate = true> <Delay = 1.82> <CoreInst = "FIFO_SRL">   --->   Core 80 'FIFO_SRL' <Latency = 0> <II = 1> <Delay = 1.83> <Storage> <Opcode : 'read' 'write' 'nbread' 'nbwrite'> <Ports = 0> <Width = -1> <Depth = -1> <FIFO>
ST_1 : Operation 125 [1/1] (1.82ns)   --->   "%p_read_980 = read i45 @_ssdm_op_Read.ap_auto.i45, i45 %p_read349"   --->   Operation 125 'read' 'p_read_980' <Predicate = true> <Delay = 1.82> <CoreInst = "FIFO_SRL">   --->   Core 80 'FIFO_SRL' <Latency = 0> <II = 1> <Delay = 1.83> <Storage> <Opcode : 'read' 'write' 'nbread' 'nbwrite'> <Ports = 0> <Width = -1> <Depth = -1> <FIFO>
ST_1 : Operation 126 [1/1] (1.82ns)   --->   "%p_read_981 = read i45 @_ssdm_op_Read.ap_auto.i45, i45 %p_read348"   --->   Operation 126 'read' 'p_read_981' <Predicate = true> <Delay = 1.82> <CoreInst = "FIFO_SRL">   --->   Core 80 'FIFO_SRL' <Latency = 0> <II = 1> <Delay = 1.83> <Storage> <Opcode : 'read' 'write' 'nbread' 'nbwrite'> <Ports = 0> <Width = -1> <Depth = -1> <FIFO>
ST_1 : Operation 127 [1/1] (1.82ns)   --->   "%p_read_982 = read i45 @_ssdm_op_Read.ap_auto.i45, i45 %p_read347"   --->   Operation 127 'read' 'p_read_982' <Predicate = true> <Delay = 1.82> <CoreInst = "FIFO_SRL">   --->   Core 80 'FIFO_SRL' <Latency = 0> <II = 1> <Delay = 1.83> <Storage> <Opcode : 'read' 'write' 'nbread' 'nbwrite'> <Ports = 0> <Width = -1> <Depth = -1> <FIFO>
ST_1 : Operation 128 [1/1] (1.82ns)   --->   "%p_read_983 = read i45 @_ssdm_op_Read.ap_auto.i45, i45 %p_read346"   --->   Operation 128 'read' 'p_read_983' <Predicate = true> <Delay = 1.82> <CoreInst = "FIFO_SRL">   --->   Core 80 'FIFO_SRL' <Latency = 0> <II = 1> <Delay = 1.83> <Storage> <Opcode : 'read' 'write' 'nbread' 'nbwrite'> <Ports = 0> <Width = -1> <Depth = -1> <FIFO>
ST_1 : Operation 129 [1/1] (1.82ns)   --->   "%p_read_984 = read i45 @_ssdm_op_Read.ap_auto.i45, i45 %p_read345"   --->   Operation 129 'read' 'p_read_984' <Predicate = true> <Delay = 1.82> <CoreInst = "FIFO_SRL">   --->   Core 80 'FIFO_SRL' <Latency = 0> <II = 1> <Delay = 1.83> <Storage> <Opcode : 'read' 'write' 'nbread' 'nbwrite'> <Ports = 0> <Width = -1> <Depth = -1> <FIFO>
ST_1 : Operation 130 [1/1] (1.82ns)   --->   "%p_read_985 = read i45 @_ssdm_op_Read.ap_auto.i45, i45 %p_read344"   --->   Operation 130 'read' 'p_read_985' <Predicate = true> <Delay = 1.82> <CoreInst = "FIFO_SRL">   --->   Core 80 'FIFO_SRL' <Latency = 0> <II = 1> <Delay = 1.83> <Storage> <Opcode : 'read' 'write' 'nbread' 'nbwrite'> <Ports = 0> <Width = -1> <Depth = -1> <FIFO>
ST_1 : Operation 131 [1/1] (1.82ns)   --->   "%p_read_986 = read i45 @_ssdm_op_Read.ap_auto.i45, i45 %p_read343"   --->   Operation 131 'read' 'p_read_986' <Predicate = true> <Delay = 1.82> <CoreInst = "FIFO_SRL">   --->   Core 80 'FIFO_SRL' <Latency = 0> <II = 1> <Delay = 1.83> <Storage> <Opcode : 'read' 'write' 'nbread' 'nbwrite'> <Ports = 0> <Width = -1> <Depth = -1> <FIFO>
ST_1 : Operation 132 [1/1] (1.82ns)   --->   "%p_read_987 = read i45 @_ssdm_op_Read.ap_auto.i45, i45 %p_read342"   --->   Operation 132 'read' 'p_read_987' <Predicate = true> <Delay = 1.82> <CoreInst = "FIFO_SRL">   --->   Core 80 'FIFO_SRL' <Latency = 0> <II = 1> <Delay = 1.83> <Storage> <Opcode : 'read' 'write' 'nbread' 'nbwrite'> <Ports = 0> <Width = -1> <Depth = -1> <FIFO>
ST_1 : Operation 133 [1/1] (1.82ns)   --->   "%p_read_988 = read i45 @_ssdm_op_Read.ap_auto.i45, i45 %p_read341"   --->   Operation 133 'read' 'p_read_988' <Predicate = true> <Delay = 1.82> <CoreInst = "FIFO_SRL">   --->   Core 80 'FIFO_SRL' <Latency = 0> <II = 1> <Delay = 1.83> <Storage> <Opcode : 'read' 'write' 'nbread' 'nbwrite'> <Ports = 0> <Width = -1> <Depth = -1> <FIFO>
ST_1 : Operation 134 [1/1] (1.82ns)   --->   "%p_read_989 = read i45 @_ssdm_op_Read.ap_auto.i45, i45 %p_read340"   --->   Operation 134 'read' 'p_read_989' <Predicate = true> <Delay = 1.82> <CoreInst = "FIFO_SRL">   --->   Core 80 'FIFO_SRL' <Latency = 0> <II = 1> <Delay = 1.83> <Storage> <Opcode : 'read' 'write' 'nbread' 'nbwrite'> <Ports = 0> <Width = -1> <Depth = -1> <FIFO>
ST_1 : Operation 135 [1/1] (1.82ns)   --->   "%p_read_990 = read i45 @_ssdm_op_Read.ap_auto.i45, i45 %p_read339"   --->   Operation 135 'read' 'p_read_990' <Predicate = true> <Delay = 1.82> <CoreInst = "FIFO_SRL">   --->   Core 80 'FIFO_SRL' <Latency = 0> <II = 1> <Delay = 1.83> <Storage> <Opcode : 'read' 'write' 'nbread' 'nbwrite'> <Ports = 0> <Width = -1> <Depth = -1> <FIFO>
ST_1 : Operation 136 [1/1] (1.82ns)   --->   "%p_read_991 = read i45 @_ssdm_op_Read.ap_auto.i45, i45 %p_read338"   --->   Operation 136 'read' 'p_read_991' <Predicate = true> <Delay = 1.82> <CoreInst = "FIFO_SRL">   --->   Core 80 'FIFO_SRL' <Latency = 0> <II = 1> <Delay = 1.83> <Storage> <Opcode : 'read' 'write' 'nbread' 'nbwrite'> <Ports = 0> <Width = -1> <Depth = -1> <FIFO>
ST_1 : Operation 137 [1/1] (1.82ns)   --->   "%p_read_992 = read i45 @_ssdm_op_Read.ap_auto.i45, i45 %p_read337"   --->   Operation 137 'read' 'p_read_992' <Predicate = true> <Delay = 1.82> <CoreInst = "FIFO_SRL">   --->   Core 80 'FIFO_SRL' <Latency = 0> <II = 1> <Delay = 1.83> <Storage> <Opcode : 'read' 'write' 'nbread' 'nbwrite'> <Ports = 0> <Width = -1> <Depth = -1> <FIFO>
ST_1 : Operation 138 [1/1] (1.82ns)   --->   "%p_read_993 = read i45 @_ssdm_op_Read.ap_auto.i45, i45 %p_read336"   --->   Operation 138 'read' 'p_read_993' <Predicate = true> <Delay = 1.82> <CoreInst = "FIFO_SRL">   --->   Core 80 'FIFO_SRL' <Latency = 0> <II = 1> <Delay = 1.83> <Storage> <Opcode : 'read' 'write' 'nbread' 'nbwrite'> <Ports = 0> <Width = -1> <Depth = -1> <FIFO>
ST_1 : Operation 139 [1/1] (1.82ns)   --->   "%p_read_994 = read i45 @_ssdm_op_Read.ap_auto.i45, i45 %p_read335"   --->   Operation 139 'read' 'p_read_994' <Predicate = true> <Delay = 1.82> <CoreInst = "FIFO_SRL">   --->   Core 80 'FIFO_SRL' <Latency = 0> <II = 1> <Delay = 1.83> <Storage> <Opcode : 'read' 'write' 'nbread' 'nbwrite'> <Ports = 0> <Width = -1> <Depth = -1> <FIFO>
ST_1 : Operation 140 [1/1] (1.82ns)   --->   "%p_read_995 = read i45 @_ssdm_op_Read.ap_auto.i45, i45 %p_read334"   --->   Operation 140 'read' 'p_read_995' <Predicate = true> <Delay = 1.82> <CoreInst = "FIFO_SRL">   --->   Core 80 'FIFO_SRL' <Latency = 0> <II = 1> <Delay = 1.83> <Storage> <Opcode : 'read' 'write' 'nbread' 'nbwrite'> <Ports = 0> <Width = -1> <Depth = -1> <FIFO>
ST_1 : Operation 141 [1/1] (1.82ns)   --->   "%p_read_996 = read i45 @_ssdm_op_Read.ap_auto.i45, i45 %p_read333"   --->   Operation 141 'read' 'p_read_996' <Predicate = true> <Delay = 1.82> <CoreInst = "FIFO_SRL">   --->   Core 80 'FIFO_SRL' <Latency = 0> <II = 1> <Delay = 1.83> <Storage> <Opcode : 'read' 'write' 'nbread' 'nbwrite'> <Ports = 0> <Width = -1> <Depth = -1> <FIFO>
ST_1 : Operation 142 [1/1] (1.82ns)   --->   "%p_read_997 = read i45 @_ssdm_op_Read.ap_auto.i45, i45 %p_read332"   --->   Operation 142 'read' 'p_read_997' <Predicate = true> <Delay = 1.82> <CoreInst = "FIFO_SRL">   --->   Core 80 'FIFO_SRL' <Latency = 0> <II = 1> <Delay = 1.83> <Storage> <Opcode : 'read' 'write' 'nbread' 'nbwrite'> <Ports = 0> <Width = -1> <Depth = -1> <FIFO>
ST_1 : Operation 143 [1/1] (1.82ns)   --->   "%p_read_998 = read i45 @_ssdm_op_Read.ap_auto.i45, i45 %p_read331"   --->   Operation 143 'read' 'p_read_998' <Predicate = true> <Delay = 1.82> <CoreInst = "FIFO_SRL">   --->   Core 80 'FIFO_SRL' <Latency = 0> <II = 1> <Delay = 1.83> <Storage> <Opcode : 'read' 'write' 'nbread' 'nbwrite'> <Ports = 0> <Width = -1> <Depth = -1> <FIFO>
ST_1 : Operation 144 [1/1] (1.82ns)   --->   "%p_read_999 = read i45 @_ssdm_op_Read.ap_auto.i45, i45 %p_read330"   --->   Operation 144 'read' 'p_read_999' <Predicate = true> <Delay = 1.82> <CoreInst = "FIFO_SRL">   --->   Core 80 'FIFO_SRL' <Latency = 0> <II = 1> <Delay = 1.83> <Storage> <Opcode : 'read' 'write' 'nbread' 'nbwrite'> <Ports = 0> <Width = -1> <Depth = -1> <FIFO>
ST_1 : Operation 145 [1/1] (1.82ns)   --->   "%p_read_1000 = read i45 @_ssdm_op_Read.ap_auto.i45, i45 %p_read329"   --->   Operation 145 'read' 'p_read_1000' <Predicate = true> <Delay = 1.82> <CoreInst = "FIFO_SRL">   --->   Core 80 'FIFO_SRL' <Latency = 0> <II = 1> <Delay = 1.83> <Storage> <Opcode : 'read' 'write' 'nbread' 'nbwrite'> <Ports = 0> <Width = -1> <Depth = -1> <FIFO>
ST_1 : Operation 146 [1/1] (1.82ns)   --->   "%p_read_1001 = read i45 @_ssdm_op_Read.ap_auto.i45, i45 %p_read328"   --->   Operation 146 'read' 'p_read_1001' <Predicate = true> <Delay = 1.82> <CoreInst = "FIFO_SRL">   --->   Core 80 'FIFO_SRL' <Latency = 0> <II = 1> <Delay = 1.83> <Storage> <Opcode : 'read' 'write' 'nbread' 'nbwrite'> <Ports = 0> <Width = -1> <Depth = -1> <FIFO>
ST_1 : Operation 147 [1/1] (1.82ns)   --->   "%p_read_1002 = read i45 @_ssdm_op_Read.ap_auto.i45, i45 %p_read327"   --->   Operation 147 'read' 'p_read_1002' <Predicate = true> <Delay = 1.82> <CoreInst = "FIFO_SRL">   --->   Core 80 'FIFO_SRL' <Latency = 0> <II = 1> <Delay = 1.83> <Storage> <Opcode : 'read' 'write' 'nbread' 'nbwrite'> <Ports = 0> <Width = -1> <Depth = -1> <FIFO>
ST_1 : Operation 148 [1/1] (1.82ns)   --->   "%p_read_1003 = read i45 @_ssdm_op_Read.ap_auto.i45, i45 %p_read326"   --->   Operation 148 'read' 'p_read_1003' <Predicate = true> <Delay = 1.82> <CoreInst = "FIFO_SRL">   --->   Core 80 'FIFO_SRL' <Latency = 0> <II = 1> <Delay = 1.83> <Storage> <Opcode : 'read' 'write' 'nbread' 'nbwrite'> <Ports = 0> <Width = -1> <Depth = -1> <FIFO>
ST_1 : Operation 149 [1/1] (1.82ns)   --->   "%p_read_1004 = read i45 @_ssdm_op_Read.ap_auto.i45, i45 %p_read325"   --->   Operation 149 'read' 'p_read_1004' <Predicate = true> <Delay = 1.82> <CoreInst = "FIFO_SRL">   --->   Core 80 'FIFO_SRL' <Latency = 0> <II = 1> <Delay = 1.83> <Storage> <Opcode : 'read' 'write' 'nbread' 'nbwrite'> <Ports = 0> <Width = -1> <Depth = -1> <FIFO>
ST_1 : Operation 150 [1/1] (1.82ns)   --->   "%p_read_1005 = read i45 @_ssdm_op_Read.ap_auto.i45, i45 %p_read324"   --->   Operation 150 'read' 'p_read_1005' <Predicate = true> <Delay = 1.82> <CoreInst = "FIFO_SRL">   --->   Core 80 'FIFO_SRL' <Latency = 0> <II = 1> <Delay = 1.83> <Storage> <Opcode : 'read' 'write' 'nbread' 'nbwrite'> <Ports = 0> <Width = -1> <Depth = -1> <FIFO>
ST_1 : Operation 151 [1/1] (1.82ns)   --->   "%p_read_1006 = read i45 @_ssdm_op_Read.ap_auto.i45, i45 %p_read323"   --->   Operation 151 'read' 'p_read_1006' <Predicate = true> <Delay = 1.82> <CoreInst = "FIFO_SRL">   --->   Core 80 'FIFO_SRL' <Latency = 0> <II = 1> <Delay = 1.83> <Storage> <Opcode : 'read' 'write' 'nbread' 'nbwrite'> <Ports = 0> <Width = -1> <Depth = -1> <FIFO>
ST_1 : Operation 152 [1/1] (1.82ns)   --->   "%p_read_1007 = read i45 @_ssdm_op_Read.ap_auto.i45, i45 %p_read322"   --->   Operation 152 'read' 'p_read_1007' <Predicate = true> <Delay = 1.82> <CoreInst = "FIFO_SRL">   --->   Core 80 'FIFO_SRL' <Latency = 0> <II = 1> <Delay = 1.83> <Storage> <Opcode : 'read' 'write' 'nbread' 'nbwrite'> <Ports = 0> <Width = -1> <Depth = -1> <FIFO>
ST_1 : Operation 153 [1/1] (1.82ns)   --->   "%p_read_1008 = read i45 @_ssdm_op_Read.ap_auto.i45, i45 %p_read321"   --->   Operation 153 'read' 'p_read_1008' <Predicate = true> <Delay = 1.82> <CoreInst = "FIFO_SRL">   --->   Core 80 'FIFO_SRL' <Latency = 0> <II = 1> <Delay = 1.83> <Storage> <Opcode : 'read' 'write' 'nbread' 'nbwrite'> <Ports = 0> <Width = -1> <Depth = -1> <FIFO>
ST_1 : Operation 154 [1/1] (1.82ns)   --->   "%p_read_1009 = read i45 @_ssdm_op_Read.ap_auto.i45, i45 %p_read320"   --->   Operation 154 'read' 'p_read_1009' <Predicate = true> <Delay = 1.82> <CoreInst = "FIFO_SRL">   --->   Core 80 'FIFO_SRL' <Latency = 0> <II = 1> <Delay = 1.83> <Storage> <Opcode : 'read' 'write' 'nbread' 'nbwrite'> <Ports = 0> <Width = -1> <Depth = -1> <FIFO>
ST_1 : Operation 155 [1/1] (1.82ns)   --->   "%p_read_1010 = read i45 @_ssdm_op_Read.ap_auto.i45, i45 %p_read319"   --->   Operation 155 'read' 'p_read_1010' <Predicate = true> <Delay = 1.82> <CoreInst = "FIFO_SRL">   --->   Core 80 'FIFO_SRL' <Latency = 0> <II = 1> <Delay = 1.83> <Storage> <Opcode : 'read' 'write' 'nbread' 'nbwrite'> <Ports = 0> <Width = -1> <Depth = -1> <FIFO>
ST_1 : Operation 156 [1/1] (1.82ns)   --->   "%p_read_1011 = read i45 @_ssdm_op_Read.ap_auto.i45, i45 %p_read318"   --->   Operation 156 'read' 'p_read_1011' <Predicate = true> <Delay = 1.82> <CoreInst = "FIFO_SRL">   --->   Core 80 'FIFO_SRL' <Latency = 0> <II = 1> <Delay = 1.83> <Storage> <Opcode : 'read' 'write' 'nbread' 'nbwrite'> <Ports = 0> <Width = -1> <Depth = -1> <FIFO>
ST_1 : Operation 157 [1/1] (1.82ns)   --->   "%p_read_1012 = read i45 @_ssdm_op_Read.ap_auto.i45, i45 %p_read317"   --->   Operation 157 'read' 'p_read_1012' <Predicate = true> <Delay = 1.82> <CoreInst = "FIFO_SRL">   --->   Core 80 'FIFO_SRL' <Latency = 0> <II = 1> <Delay = 1.83> <Storage> <Opcode : 'read' 'write' 'nbread' 'nbwrite'> <Ports = 0> <Width = -1> <Depth = -1> <FIFO>
ST_1 : Operation 158 [1/1] (1.82ns)   --->   "%p_read_1013 = read i45 @_ssdm_op_Read.ap_auto.i45, i45 %p_read316"   --->   Operation 158 'read' 'p_read_1013' <Predicate = true> <Delay = 1.82> <CoreInst = "FIFO_SRL">   --->   Core 80 'FIFO_SRL' <Latency = 0> <II = 1> <Delay = 1.83> <Storage> <Opcode : 'read' 'write' 'nbread' 'nbwrite'> <Ports = 0> <Width = -1> <Depth = -1> <FIFO>
ST_1 : Operation 159 [1/1] (1.82ns)   --->   "%p_read_1014 = read i45 @_ssdm_op_Read.ap_auto.i45, i45 %p_read315"   --->   Operation 159 'read' 'p_read_1014' <Predicate = true> <Delay = 1.82> <CoreInst = "FIFO_SRL">   --->   Core 80 'FIFO_SRL' <Latency = 0> <II = 1> <Delay = 1.83> <Storage> <Opcode : 'read' 'write' 'nbread' 'nbwrite'> <Ports = 0> <Width = -1> <Depth = -1> <FIFO>
ST_1 : Operation 160 [1/1] (1.82ns)   --->   "%p_read_1015 = read i45 @_ssdm_op_Read.ap_auto.i45, i45 %p_read314"   --->   Operation 160 'read' 'p_read_1015' <Predicate = true> <Delay = 1.82> <CoreInst = "FIFO_SRL">   --->   Core 80 'FIFO_SRL' <Latency = 0> <II = 1> <Delay = 1.83> <Storage> <Opcode : 'read' 'write' 'nbread' 'nbwrite'> <Ports = 0> <Width = -1> <Depth = -1> <FIFO>
ST_1 : Operation 161 [1/1] (1.82ns)   --->   "%p_read_1016 = read i45 @_ssdm_op_Read.ap_auto.i45, i45 %p_read313"   --->   Operation 161 'read' 'p_read_1016' <Predicate = true> <Delay = 1.82> <CoreInst = "FIFO_SRL">   --->   Core 80 'FIFO_SRL' <Latency = 0> <II = 1> <Delay = 1.83> <Storage> <Opcode : 'read' 'write' 'nbread' 'nbwrite'> <Ports = 0> <Width = -1> <Depth = -1> <FIFO>
ST_1 : Operation 162 [1/1] (1.82ns)   --->   "%p_read_1017 = read i45 @_ssdm_op_Read.ap_auto.i45, i45 %p_read312"   --->   Operation 162 'read' 'p_read_1017' <Predicate = true> <Delay = 1.82> <CoreInst = "FIFO_SRL">   --->   Core 80 'FIFO_SRL' <Latency = 0> <II = 1> <Delay = 1.83> <Storage> <Opcode : 'read' 'write' 'nbread' 'nbwrite'> <Ports = 0> <Width = -1> <Depth = -1> <FIFO>
ST_1 : Operation 163 [1/1] (1.82ns)   --->   "%p_read_1018 = read i45 @_ssdm_op_Read.ap_auto.i45, i45 %p_read311"   --->   Operation 163 'read' 'p_read_1018' <Predicate = true> <Delay = 1.82> <CoreInst = "FIFO_SRL">   --->   Core 80 'FIFO_SRL' <Latency = 0> <II = 1> <Delay = 1.83> <Storage> <Opcode : 'read' 'write' 'nbread' 'nbwrite'> <Ports = 0> <Width = -1> <Depth = -1> <FIFO>
ST_1 : Operation 164 [1/1] (1.82ns)   --->   "%p_read_1019 = read i45 @_ssdm_op_Read.ap_auto.i45, i45 %p_read310"   --->   Operation 164 'read' 'p_read_1019' <Predicate = true> <Delay = 1.82> <CoreInst = "FIFO_SRL">   --->   Core 80 'FIFO_SRL' <Latency = 0> <II = 1> <Delay = 1.83> <Storage> <Opcode : 'read' 'write' 'nbread' 'nbwrite'> <Ports = 0> <Width = -1> <Depth = -1> <FIFO>
ST_1 : Operation 165 [1/1] (1.82ns)   --->   "%p_read_1020 = read i45 @_ssdm_op_Read.ap_auto.i45, i45 %p_read309"   --->   Operation 165 'read' 'p_read_1020' <Predicate = true> <Delay = 1.82> <CoreInst = "FIFO_SRL">   --->   Core 80 'FIFO_SRL' <Latency = 0> <II = 1> <Delay = 1.83> <Storage> <Opcode : 'read' 'write' 'nbread' 'nbwrite'> <Ports = 0> <Width = -1> <Depth = -1> <FIFO>
ST_1 : Operation 166 [1/1] (1.82ns)   --->   "%p_read_1021 = read i45 @_ssdm_op_Read.ap_auto.i45, i45 %p_read308"   --->   Operation 166 'read' 'p_read_1021' <Predicate = true> <Delay = 1.82> <CoreInst = "FIFO_SRL">   --->   Core 80 'FIFO_SRL' <Latency = 0> <II = 1> <Delay = 1.83> <Storage> <Opcode : 'read' 'write' 'nbread' 'nbwrite'> <Ports = 0> <Width = -1> <Depth = -1> <FIFO>
ST_1 : Operation 167 [1/1] (1.82ns)   --->   "%p_read_1022 = read i45 @_ssdm_op_Read.ap_auto.i45, i45 %p_read307"   --->   Operation 167 'read' 'p_read_1022' <Predicate = true> <Delay = 1.82> <CoreInst = "FIFO_SRL">   --->   Core 80 'FIFO_SRL' <Latency = 0> <II = 1> <Delay = 1.83> <Storage> <Opcode : 'read' 'write' 'nbread' 'nbwrite'> <Ports = 0> <Width = -1> <Depth = -1> <FIFO>
ST_1 : Operation 168 [1/1] (1.82ns)   --->   "%p_read_1023 = read i45 @_ssdm_op_Read.ap_auto.i45, i45 %p_read306"   --->   Operation 168 'read' 'p_read_1023' <Predicate = true> <Delay = 1.82> <CoreInst = "FIFO_SRL">   --->   Core 80 'FIFO_SRL' <Latency = 0> <II = 1> <Delay = 1.83> <Storage> <Opcode : 'read' 'write' 'nbread' 'nbwrite'> <Ports = 0> <Width = -1> <Depth = -1> <FIFO>
ST_1 : Operation 169 [1/1] (1.82ns)   --->   "%p_read_1024 = read i45 @_ssdm_op_Read.ap_auto.i45, i45 %p_read305"   --->   Operation 169 'read' 'p_read_1024' <Predicate = true> <Delay = 1.82> <CoreInst = "FIFO_SRL">   --->   Core 80 'FIFO_SRL' <Latency = 0> <II = 1> <Delay = 1.83> <Storage> <Opcode : 'read' 'write' 'nbread' 'nbwrite'> <Ports = 0> <Width = -1> <Depth = -1> <FIFO>
ST_1 : Operation 170 [1/1] (1.82ns)   --->   "%p_read_1025 = read i45 @_ssdm_op_Read.ap_auto.i45, i45 %p_read304"   --->   Operation 170 'read' 'p_read_1025' <Predicate = true> <Delay = 1.82> <CoreInst = "FIFO_SRL">   --->   Core 80 'FIFO_SRL' <Latency = 0> <II = 1> <Delay = 1.83> <Storage> <Opcode : 'read' 'write' 'nbread' 'nbwrite'> <Ports = 0> <Width = -1> <Depth = -1> <FIFO>
ST_1 : Operation 171 [1/1] (1.82ns)   --->   "%p_read_1026 = read i45 @_ssdm_op_Read.ap_auto.i45, i45 %p_read303"   --->   Operation 171 'read' 'p_read_1026' <Predicate = true> <Delay = 1.82> <CoreInst = "FIFO_SRL">   --->   Core 80 'FIFO_SRL' <Latency = 0> <II = 1> <Delay = 1.83> <Storage> <Opcode : 'read' 'write' 'nbread' 'nbwrite'> <Ports = 0> <Width = -1> <Depth = -1> <FIFO>
ST_1 : Operation 172 [1/1] (1.82ns)   --->   "%p_read_1027 = read i45 @_ssdm_op_Read.ap_auto.i45, i45 %p_read302"   --->   Operation 172 'read' 'p_read_1027' <Predicate = true> <Delay = 1.82> <CoreInst = "FIFO_SRL">   --->   Core 80 'FIFO_SRL' <Latency = 0> <II = 1> <Delay = 1.83> <Storage> <Opcode : 'read' 'write' 'nbread' 'nbwrite'> <Ports = 0> <Width = -1> <Depth = -1> <FIFO>
ST_1 : Operation 173 [1/1] (1.82ns)   --->   "%p_read_1028 = read i45 @_ssdm_op_Read.ap_auto.i45, i45 %p_read301"   --->   Operation 173 'read' 'p_read_1028' <Predicate = true> <Delay = 1.82> <CoreInst = "FIFO_SRL">   --->   Core 80 'FIFO_SRL' <Latency = 0> <II = 1> <Delay = 1.83> <Storage> <Opcode : 'read' 'write' 'nbread' 'nbwrite'> <Ports = 0> <Width = -1> <Depth = -1> <FIFO>
ST_1 : Operation 174 [1/1] (1.82ns)   --->   "%p_read300750 = read i45 @_ssdm_op_Read.ap_auto.i45, i45 %p_read300"   --->   Operation 174 'read' 'p_read300750' <Predicate = true> <Delay = 1.82> <CoreInst = "FIFO_SRL">   --->   Core 80 'FIFO_SRL' <Latency = 0> <II = 1> <Delay = 1.83> <Storage> <Opcode : 'read' 'write' 'nbread' 'nbwrite'> <Ports = 0> <Width = -1> <Depth = -1> <FIFO>
ST_1 : Operation 175 [1/1] (1.82ns)   --->   "%p_read_1029 = read i45 @_ssdm_op_Read.ap_auto.i45, i45 %p_read299"   --->   Operation 175 'read' 'p_read_1029' <Predicate = true> <Delay = 1.82> <CoreInst = "FIFO_SRL">   --->   Core 80 'FIFO_SRL' <Latency = 0> <II = 1> <Delay = 1.83> <Storage> <Opcode : 'read' 'write' 'nbread' 'nbwrite'> <Ports = 0> <Width = -1> <Depth = -1> <FIFO>
ST_1 : Operation 176 [1/1] (1.82ns)   --->   "%p_read_1030 = read i45 @_ssdm_op_Read.ap_auto.i45, i45 %p_read298"   --->   Operation 176 'read' 'p_read_1030' <Predicate = true> <Delay = 1.82> <CoreInst = "FIFO_SRL">   --->   Core 80 'FIFO_SRL' <Latency = 0> <II = 1> <Delay = 1.83> <Storage> <Opcode : 'read' 'write' 'nbread' 'nbwrite'> <Ports = 0> <Width = -1> <Depth = -1> <FIFO>
ST_1 : Operation 177 [1/1] (1.82ns)   --->   "%p_read_1031 = read i45 @_ssdm_op_Read.ap_auto.i45, i45 %p_read297"   --->   Operation 177 'read' 'p_read_1031' <Predicate = true> <Delay = 1.82> <CoreInst = "FIFO_SRL">   --->   Core 80 'FIFO_SRL' <Latency = 0> <II = 1> <Delay = 1.83> <Storage> <Opcode : 'read' 'write' 'nbread' 'nbwrite'> <Ports = 0> <Width = -1> <Depth = -1> <FIFO>
ST_1 : Operation 178 [1/1] (1.82ns)   --->   "%p_read_1032 = read i45 @_ssdm_op_Read.ap_auto.i45, i45 %p_read296"   --->   Operation 178 'read' 'p_read_1032' <Predicate = true> <Delay = 1.82> <CoreInst = "FIFO_SRL">   --->   Core 80 'FIFO_SRL' <Latency = 0> <II = 1> <Delay = 1.83> <Storage> <Opcode : 'read' 'write' 'nbread' 'nbwrite'> <Ports = 0> <Width = -1> <Depth = -1> <FIFO>
ST_1 : Operation 179 [1/1] (1.82ns)   --->   "%p_read_1033 = read i45 @_ssdm_op_Read.ap_auto.i45, i45 %p_read295"   --->   Operation 179 'read' 'p_read_1033' <Predicate = true> <Delay = 1.82> <CoreInst = "FIFO_SRL">   --->   Core 80 'FIFO_SRL' <Latency = 0> <II = 1> <Delay = 1.83> <Storage> <Opcode : 'read' 'write' 'nbread' 'nbwrite'> <Ports = 0> <Width = -1> <Depth = -1> <FIFO>
ST_1 : Operation 180 [1/1] (1.82ns)   --->   "%p_read_1034 = read i45 @_ssdm_op_Read.ap_auto.i45, i45 %p_read294"   --->   Operation 180 'read' 'p_read_1034' <Predicate = true> <Delay = 1.82> <CoreInst = "FIFO_SRL">   --->   Core 80 'FIFO_SRL' <Latency = 0> <II = 1> <Delay = 1.83> <Storage> <Opcode : 'read' 'write' 'nbread' 'nbwrite'> <Ports = 0> <Width = -1> <Depth = -1> <FIFO>
ST_1 : Operation 181 [1/1] (1.82ns)   --->   "%p_read_1035 = read i45 @_ssdm_op_Read.ap_auto.i45, i45 %p_read293"   --->   Operation 181 'read' 'p_read_1035' <Predicate = true> <Delay = 1.82> <CoreInst = "FIFO_SRL">   --->   Core 80 'FIFO_SRL' <Latency = 0> <II = 1> <Delay = 1.83> <Storage> <Opcode : 'read' 'write' 'nbread' 'nbwrite'> <Ports = 0> <Width = -1> <Depth = -1> <FIFO>
ST_1 : Operation 182 [1/1] (1.82ns)   --->   "%p_read_1036 = read i45 @_ssdm_op_Read.ap_auto.i45, i45 %p_read292"   --->   Operation 182 'read' 'p_read_1036' <Predicate = true> <Delay = 1.82> <CoreInst = "FIFO_SRL">   --->   Core 80 'FIFO_SRL' <Latency = 0> <II = 1> <Delay = 1.83> <Storage> <Opcode : 'read' 'write' 'nbread' 'nbwrite'> <Ports = 0> <Width = -1> <Depth = -1> <FIFO>
ST_1 : Operation 183 [1/1] (1.82ns)   --->   "%p_read_1037 = read i45 @_ssdm_op_Read.ap_auto.i45, i45 %p_read291"   --->   Operation 183 'read' 'p_read_1037' <Predicate = true> <Delay = 1.82> <CoreInst = "FIFO_SRL">   --->   Core 80 'FIFO_SRL' <Latency = 0> <II = 1> <Delay = 1.83> <Storage> <Opcode : 'read' 'write' 'nbread' 'nbwrite'> <Ports = 0> <Width = -1> <Depth = -1> <FIFO>
ST_1 : Operation 184 [1/1] (1.82ns)   --->   "%p_read_1038 = read i45 @_ssdm_op_Read.ap_auto.i45, i45 %p_read290"   --->   Operation 184 'read' 'p_read_1038' <Predicate = true> <Delay = 1.82> <CoreInst = "FIFO_SRL">   --->   Core 80 'FIFO_SRL' <Latency = 0> <II = 1> <Delay = 1.83> <Storage> <Opcode : 'read' 'write' 'nbread' 'nbwrite'> <Ports = 0> <Width = -1> <Depth = -1> <FIFO>
ST_1 : Operation 185 [1/1] (1.82ns)   --->   "%p_read_1039 = read i45 @_ssdm_op_Read.ap_auto.i45, i45 %p_read289"   --->   Operation 185 'read' 'p_read_1039' <Predicate = true> <Delay = 1.82> <CoreInst = "FIFO_SRL">   --->   Core 80 'FIFO_SRL' <Latency = 0> <II = 1> <Delay = 1.83> <Storage> <Opcode : 'read' 'write' 'nbread' 'nbwrite'> <Ports = 0> <Width = -1> <Depth = -1> <FIFO>
ST_1 : Operation 186 [1/1] (1.82ns)   --->   "%p_read_1040 = read i45 @_ssdm_op_Read.ap_auto.i45, i45 %p_read288"   --->   Operation 186 'read' 'p_read_1040' <Predicate = true> <Delay = 1.82> <CoreInst = "FIFO_SRL">   --->   Core 80 'FIFO_SRL' <Latency = 0> <II = 1> <Delay = 1.83> <Storage> <Opcode : 'read' 'write' 'nbread' 'nbwrite'> <Ports = 0> <Width = -1> <Depth = -1> <FIFO>
ST_1 : Operation 187 [1/1] (1.82ns)   --->   "%p_read_1041 = read i45 @_ssdm_op_Read.ap_auto.i45, i45 %p_read287"   --->   Operation 187 'read' 'p_read_1041' <Predicate = true> <Delay = 1.82> <CoreInst = "FIFO_SRL">   --->   Core 80 'FIFO_SRL' <Latency = 0> <II = 1> <Delay = 1.83> <Storage> <Opcode : 'read' 'write' 'nbread' 'nbwrite'> <Ports = 0> <Width = -1> <Depth = -1> <FIFO>
ST_1 : Operation 188 [1/1] (1.82ns)   --->   "%p_read_1042 = read i45 @_ssdm_op_Read.ap_auto.i45, i45 %p_read286"   --->   Operation 188 'read' 'p_read_1042' <Predicate = true> <Delay = 1.82> <CoreInst = "FIFO_SRL">   --->   Core 80 'FIFO_SRL' <Latency = 0> <II = 1> <Delay = 1.83> <Storage> <Opcode : 'read' 'write' 'nbread' 'nbwrite'> <Ports = 0> <Width = -1> <Depth = -1> <FIFO>
ST_1 : Operation 189 [1/1] (1.82ns)   --->   "%p_read_1043 = read i45 @_ssdm_op_Read.ap_auto.i45, i45 %p_read285"   --->   Operation 189 'read' 'p_read_1043' <Predicate = true> <Delay = 1.82> <CoreInst = "FIFO_SRL">   --->   Core 80 'FIFO_SRL' <Latency = 0> <II = 1> <Delay = 1.83> <Storage> <Opcode : 'read' 'write' 'nbread' 'nbwrite'> <Ports = 0> <Width = -1> <Depth = -1> <FIFO>
ST_1 : Operation 190 [1/1] (1.82ns)   --->   "%p_read_1044 = read i45 @_ssdm_op_Read.ap_auto.i45, i45 %p_read284"   --->   Operation 190 'read' 'p_read_1044' <Predicate = true> <Delay = 1.82> <CoreInst = "FIFO_SRL">   --->   Core 80 'FIFO_SRL' <Latency = 0> <II = 1> <Delay = 1.83> <Storage> <Opcode : 'read' 'write' 'nbread' 'nbwrite'> <Ports = 0> <Width = -1> <Depth = -1> <FIFO>
ST_1 : Operation 191 [1/1] (1.82ns)   --->   "%p_read_1045 = read i45 @_ssdm_op_Read.ap_auto.i45, i45 %p_read283"   --->   Operation 191 'read' 'p_read_1045' <Predicate = true> <Delay = 1.82> <CoreInst = "FIFO_SRL">   --->   Core 80 'FIFO_SRL' <Latency = 0> <II = 1> <Delay = 1.83> <Storage> <Opcode : 'read' 'write' 'nbread' 'nbwrite'> <Ports = 0> <Width = -1> <Depth = -1> <FIFO>
ST_1 : Operation 192 [1/1] (1.82ns)   --->   "%p_read_1046 = read i45 @_ssdm_op_Read.ap_auto.i45, i45 %p_read282"   --->   Operation 192 'read' 'p_read_1046' <Predicate = true> <Delay = 1.82> <CoreInst = "FIFO_SRL">   --->   Core 80 'FIFO_SRL' <Latency = 0> <II = 1> <Delay = 1.83> <Storage> <Opcode : 'read' 'write' 'nbread' 'nbwrite'> <Ports = 0> <Width = -1> <Depth = -1> <FIFO>
ST_1 : Operation 193 [1/1] (1.82ns)   --->   "%p_read_1047 = read i45 @_ssdm_op_Read.ap_auto.i45, i45 %p_read281"   --->   Operation 193 'read' 'p_read_1047' <Predicate = true> <Delay = 1.82> <CoreInst = "FIFO_SRL">   --->   Core 80 'FIFO_SRL' <Latency = 0> <II = 1> <Delay = 1.83> <Storage> <Opcode : 'read' 'write' 'nbread' 'nbwrite'> <Ports = 0> <Width = -1> <Depth = -1> <FIFO>
ST_1 : Operation 194 [1/1] (1.82ns)   --->   "%p_read_1048 = read i45 @_ssdm_op_Read.ap_auto.i45, i45 %p_read280"   --->   Operation 194 'read' 'p_read_1048' <Predicate = true> <Delay = 1.82> <CoreInst = "FIFO_SRL">   --->   Core 80 'FIFO_SRL' <Latency = 0> <II = 1> <Delay = 1.83> <Storage> <Opcode : 'read' 'write' 'nbread' 'nbwrite'> <Ports = 0> <Width = -1> <Depth = -1> <FIFO>
ST_1 : Operation 195 [1/1] (1.82ns)   --->   "%p_read_1049 = read i45 @_ssdm_op_Read.ap_auto.i45, i45 %p_read279"   --->   Operation 195 'read' 'p_read_1049' <Predicate = true> <Delay = 1.82> <CoreInst = "FIFO_SRL">   --->   Core 80 'FIFO_SRL' <Latency = 0> <II = 1> <Delay = 1.83> <Storage> <Opcode : 'read' 'write' 'nbread' 'nbwrite'> <Ports = 0> <Width = -1> <Depth = -1> <FIFO>
ST_1 : Operation 196 [1/1] (1.82ns)   --->   "%p_read_1050 = read i45 @_ssdm_op_Read.ap_auto.i45, i45 %p_read278"   --->   Operation 196 'read' 'p_read_1050' <Predicate = true> <Delay = 1.82> <CoreInst = "FIFO_SRL">   --->   Core 80 'FIFO_SRL' <Latency = 0> <II = 1> <Delay = 1.83> <Storage> <Opcode : 'read' 'write' 'nbread' 'nbwrite'> <Ports = 0> <Width = -1> <Depth = -1> <FIFO>
ST_1 : Operation 197 [1/1] (1.82ns)   --->   "%p_read_1051 = read i45 @_ssdm_op_Read.ap_auto.i45, i45 %p_read277"   --->   Operation 197 'read' 'p_read_1051' <Predicate = true> <Delay = 1.82> <CoreInst = "FIFO_SRL">   --->   Core 80 'FIFO_SRL' <Latency = 0> <II = 1> <Delay = 1.83> <Storage> <Opcode : 'read' 'write' 'nbread' 'nbwrite'> <Ports = 0> <Width = -1> <Depth = -1> <FIFO>
ST_1 : Operation 198 [1/1] (1.82ns)   --->   "%p_read_1052 = read i45 @_ssdm_op_Read.ap_auto.i45, i45 %p_read276"   --->   Operation 198 'read' 'p_read_1052' <Predicate = true> <Delay = 1.82> <CoreInst = "FIFO_SRL">   --->   Core 80 'FIFO_SRL' <Latency = 0> <II = 1> <Delay = 1.83> <Storage> <Opcode : 'read' 'write' 'nbread' 'nbwrite'> <Ports = 0> <Width = -1> <Depth = -1> <FIFO>
ST_1 : Operation 199 [1/1] (1.82ns)   --->   "%p_read_1053 = read i45 @_ssdm_op_Read.ap_auto.i45, i45 %p_read275"   --->   Operation 199 'read' 'p_read_1053' <Predicate = true> <Delay = 1.82> <CoreInst = "FIFO_SRL">   --->   Core 80 'FIFO_SRL' <Latency = 0> <II = 1> <Delay = 1.83> <Storage> <Opcode : 'read' 'write' 'nbread' 'nbwrite'> <Ports = 0> <Width = -1> <Depth = -1> <FIFO>
ST_1 : Operation 200 [1/1] (1.82ns)   --->   "%p_read_1054 = read i45 @_ssdm_op_Read.ap_auto.i45, i45 %p_read274"   --->   Operation 200 'read' 'p_read_1054' <Predicate = true> <Delay = 1.82> <CoreInst = "FIFO_SRL">   --->   Core 80 'FIFO_SRL' <Latency = 0> <II = 1> <Delay = 1.83> <Storage> <Opcode : 'read' 'write' 'nbread' 'nbwrite'> <Ports = 0> <Width = -1> <Depth = -1> <FIFO>
ST_1 : Operation 201 [1/1] (1.82ns)   --->   "%p_read_1055 = read i45 @_ssdm_op_Read.ap_auto.i45, i45 %p_read273"   --->   Operation 201 'read' 'p_read_1055' <Predicate = true> <Delay = 1.82> <CoreInst = "FIFO_SRL">   --->   Core 80 'FIFO_SRL' <Latency = 0> <II = 1> <Delay = 1.83> <Storage> <Opcode : 'read' 'write' 'nbread' 'nbwrite'> <Ports = 0> <Width = -1> <Depth = -1> <FIFO>
ST_1 : Operation 202 [1/1] (1.82ns)   --->   "%p_read_1056 = read i45 @_ssdm_op_Read.ap_auto.i45, i45 %p_read272"   --->   Operation 202 'read' 'p_read_1056' <Predicate = true> <Delay = 1.82> <CoreInst = "FIFO_SRL">   --->   Core 80 'FIFO_SRL' <Latency = 0> <II = 1> <Delay = 1.83> <Storage> <Opcode : 'read' 'write' 'nbread' 'nbwrite'> <Ports = 0> <Width = -1> <Depth = -1> <FIFO>
ST_1 : Operation 203 [1/1] (1.82ns)   --->   "%p_read_1057 = read i45 @_ssdm_op_Read.ap_auto.i45, i45 %p_read271"   --->   Operation 203 'read' 'p_read_1057' <Predicate = true> <Delay = 1.82> <CoreInst = "FIFO_SRL">   --->   Core 80 'FIFO_SRL' <Latency = 0> <II = 1> <Delay = 1.83> <Storage> <Opcode : 'read' 'write' 'nbread' 'nbwrite'> <Ports = 0> <Width = -1> <Depth = -1> <FIFO>
ST_1 : Operation 204 [1/1] (1.82ns)   --->   "%p_read_1058 = read i45 @_ssdm_op_Read.ap_auto.i45, i45 %p_read270"   --->   Operation 204 'read' 'p_read_1058' <Predicate = true> <Delay = 1.82> <CoreInst = "FIFO_SRL">   --->   Core 80 'FIFO_SRL' <Latency = 0> <II = 1> <Delay = 1.83> <Storage> <Opcode : 'read' 'write' 'nbread' 'nbwrite'> <Ports = 0> <Width = -1> <Depth = -1> <FIFO>
ST_1 : Operation 205 [1/1] (1.82ns)   --->   "%p_read_1059 = read i45 @_ssdm_op_Read.ap_auto.i45, i45 %p_read269"   --->   Operation 205 'read' 'p_read_1059' <Predicate = true> <Delay = 1.82> <CoreInst = "FIFO_SRL">   --->   Core 80 'FIFO_SRL' <Latency = 0> <II = 1> <Delay = 1.83> <Storage> <Opcode : 'read' 'write' 'nbread' 'nbwrite'> <Ports = 0> <Width = -1> <Depth = -1> <FIFO>
ST_1 : Operation 206 [1/1] (1.82ns)   --->   "%p_read_1060 = read i45 @_ssdm_op_Read.ap_auto.i45, i45 %p_read268"   --->   Operation 206 'read' 'p_read_1060' <Predicate = true> <Delay = 1.82> <CoreInst = "FIFO_SRL">   --->   Core 80 'FIFO_SRL' <Latency = 0> <II = 1> <Delay = 1.83> <Storage> <Opcode : 'read' 'write' 'nbread' 'nbwrite'> <Ports = 0> <Width = -1> <Depth = -1> <FIFO>
ST_1 : Operation 207 [1/1] (1.82ns)   --->   "%p_read_1061 = read i45 @_ssdm_op_Read.ap_auto.i45, i45 %p_read267"   --->   Operation 207 'read' 'p_read_1061' <Predicate = true> <Delay = 1.82> <CoreInst = "FIFO_SRL">   --->   Core 80 'FIFO_SRL' <Latency = 0> <II = 1> <Delay = 1.83> <Storage> <Opcode : 'read' 'write' 'nbread' 'nbwrite'> <Ports = 0> <Width = -1> <Depth = -1> <FIFO>
ST_1 : Operation 208 [1/1] (1.82ns)   --->   "%p_read_1062 = read i45 @_ssdm_op_Read.ap_auto.i45, i45 %p_read266"   --->   Operation 208 'read' 'p_read_1062' <Predicate = true> <Delay = 1.82> <CoreInst = "FIFO_SRL">   --->   Core 80 'FIFO_SRL' <Latency = 0> <II = 1> <Delay = 1.83> <Storage> <Opcode : 'read' 'write' 'nbread' 'nbwrite'> <Ports = 0> <Width = -1> <Depth = -1> <FIFO>
ST_1 : Operation 209 [1/1] (1.82ns)   --->   "%p_read_1063 = read i45 @_ssdm_op_Read.ap_auto.i45, i45 %p_read265"   --->   Operation 209 'read' 'p_read_1063' <Predicate = true> <Delay = 1.82> <CoreInst = "FIFO_SRL">   --->   Core 80 'FIFO_SRL' <Latency = 0> <II = 1> <Delay = 1.83> <Storage> <Opcode : 'read' 'write' 'nbread' 'nbwrite'> <Ports = 0> <Width = -1> <Depth = -1> <FIFO>
ST_1 : Operation 210 [1/1] (1.82ns)   --->   "%p_read_1064 = read i45 @_ssdm_op_Read.ap_auto.i45, i45 %p_read264"   --->   Operation 210 'read' 'p_read_1064' <Predicate = true> <Delay = 1.82> <CoreInst = "FIFO_SRL">   --->   Core 80 'FIFO_SRL' <Latency = 0> <II = 1> <Delay = 1.83> <Storage> <Opcode : 'read' 'write' 'nbread' 'nbwrite'> <Ports = 0> <Width = -1> <Depth = -1> <FIFO>
ST_1 : Operation 211 [1/1] (1.82ns)   --->   "%p_read_1065 = read i45 @_ssdm_op_Read.ap_auto.i45, i45 %p_read263"   --->   Operation 211 'read' 'p_read_1065' <Predicate = true> <Delay = 1.82> <CoreInst = "FIFO_SRL">   --->   Core 80 'FIFO_SRL' <Latency = 0> <II = 1> <Delay = 1.83> <Storage> <Opcode : 'read' 'write' 'nbread' 'nbwrite'> <Ports = 0> <Width = -1> <Depth = -1> <FIFO>
ST_1 : Operation 212 [1/1] (1.82ns)   --->   "%p_read_1066 = read i45 @_ssdm_op_Read.ap_auto.i45, i45 %p_read262"   --->   Operation 212 'read' 'p_read_1066' <Predicate = true> <Delay = 1.82> <CoreInst = "FIFO_SRL">   --->   Core 80 'FIFO_SRL' <Latency = 0> <II = 1> <Delay = 1.83> <Storage> <Opcode : 'read' 'write' 'nbread' 'nbwrite'> <Ports = 0> <Width = -1> <Depth = -1> <FIFO>
ST_1 : Operation 213 [1/1] (1.82ns)   --->   "%p_read_1067 = read i45 @_ssdm_op_Read.ap_auto.i45, i45 %p_read261"   --->   Operation 213 'read' 'p_read_1067' <Predicate = true> <Delay = 1.82> <CoreInst = "FIFO_SRL">   --->   Core 80 'FIFO_SRL' <Latency = 0> <II = 1> <Delay = 1.83> <Storage> <Opcode : 'read' 'write' 'nbread' 'nbwrite'> <Ports = 0> <Width = -1> <Depth = -1> <FIFO>
ST_1 : Operation 214 [1/1] (1.82ns)   --->   "%p_read_1068 = read i45 @_ssdm_op_Read.ap_auto.i45, i45 %p_read260"   --->   Operation 214 'read' 'p_read_1068' <Predicate = true> <Delay = 1.82> <CoreInst = "FIFO_SRL">   --->   Core 80 'FIFO_SRL' <Latency = 0> <II = 1> <Delay = 1.83> <Storage> <Opcode : 'read' 'write' 'nbread' 'nbwrite'> <Ports = 0> <Width = -1> <Depth = -1> <FIFO>
ST_1 : Operation 215 [1/1] (1.82ns)   --->   "%p_read_1069 = read i45 @_ssdm_op_Read.ap_auto.i45, i45 %p_read259"   --->   Operation 215 'read' 'p_read_1069' <Predicate = true> <Delay = 1.82> <CoreInst = "FIFO_SRL">   --->   Core 80 'FIFO_SRL' <Latency = 0> <II = 1> <Delay = 1.83> <Storage> <Opcode : 'read' 'write' 'nbread' 'nbwrite'> <Ports = 0> <Width = -1> <Depth = -1> <FIFO>
ST_1 : Operation 216 [1/1] (1.82ns)   --->   "%p_read_1070 = read i45 @_ssdm_op_Read.ap_auto.i45, i45 %p_read258"   --->   Operation 216 'read' 'p_read_1070' <Predicate = true> <Delay = 1.82> <CoreInst = "FIFO_SRL">   --->   Core 80 'FIFO_SRL' <Latency = 0> <II = 1> <Delay = 1.83> <Storage> <Opcode : 'read' 'write' 'nbread' 'nbwrite'> <Ports = 0> <Width = -1> <Depth = -1> <FIFO>
ST_1 : Operation 217 [1/1] (1.82ns)   --->   "%p_read_1071 = read i45 @_ssdm_op_Read.ap_auto.i45, i45 %p_read257"   --->   Operation 217 'read' 'p_read_1071' <Predicate = true> <Delay = 1.82> <CoreInst = "FIFO_SRL">   --->   Core 80 'FIFO_SRL' <Latency = 0> <II = 1> <Delay = 1.83> <Storage> <Opcode : 'read' 'write' 'nbread' 'nbwrite'> <Ports = 0> <Width = -1> <Depth = -1> <FIFO>
ST_1 : Operation 218 [1/1] (1.82ns)   --->   "%p_read_1072 = read i45 @_ssdm_op_Read.ap_auto.i45, i45 %p_read256"   --->   Operation 218 'read' 'p_read_1072' <Predicate = true> <Delay = 1.82> <CoreInst = "FIFO_SRL">   --->   Core 80 'FIFO_SRL' <Latency = 0> <II = 1> <Delay = 1.83> <Storage> <Opcode : 'read' 'write' 'nbread' 'nbwrite'> <Ports = 0> <Width = -1> <Depth = -1> <FIFO>
ST_1 : Operation 219 [1/1] (1.82ns)   --->   "%p_read_1073 = read i45 @_ssdm_op_Read.ap_auto.i45, i45 %p_read255"   --->   Operation 219 'read' 'p_read_1073' <Predicate = true> <Delay = 1.82> <CoreInst = "FIFO_SRL">   --->   Core 80 'FIFO_SRL' <Latency = 0> <II = 1> <Delay = 1.83> <Storage> <Opcode : 'read' 'write' 'nbread' 'nbwrite'> <Ports = 0> <Width = -1> <Depth = -1> <FIFO>
ST_1 : Operation 220 [1/1] (1.82ns)   --->   "%p_read_1074 = read i45 @_ssdm_op_Read.ap_auto.i45, i45 %p_read254"   --->   Operation 220 'read' 'p_read_1074' <Predicate = true> <Delay = 1.82> <CoreInst = "FIFO_SRL">   --->   Core 80 'FIFO_SRL' <Latency = 0> <II = 1> <Delay = 1.83> <Storage> <Opcode : 'read' 'write' 'nbread' 'nbwrite'> <Ports = 0> <Width = -1> <Depth = -1> <FIFO>
ST_1 : Operation 221 [1/1] (1.82ns)   --->   "%p_read_1075 = read i45 @_ssdm_op_Read.ap_auto.i45, i45 %p_read253"   --->   Operation 221 'read' 'p_read_1075' <Predicate = true> <Delay = 1.82> <CoreInst = "FIFO_SRL">   --->   Core 80 'FIFO_SRL' <Latency = 0> <II = 1> <Delay = 1.83> <Storage> <Opcode : 'read' 'write' 'nbread' 'nbwrite'> <Ports = 0> <Width = -1> <Depth = -1> <FIFO>
ST_1 : Operation 222 [1/1] (1.82ns)   --->   "%p_read_1076 = read i45 @_ssdm_op_Read.ap_auto.i45, i45 %p_read252"   --->   Operation 222 'read' 'p_read_1076' <Predicate = true> <Delay = 1.82> <CoreInst = "FIFO_SRL">   --->   Core 80 'FIFO_SRL' <Latency = 0> <II = 1> <Delay = 1.83> <Storage> <Opcode : 'read' 'write' 'nbread' 'nbwrite'> <Ports = 0> <Width = -1> <Depth = -1> <FIFO>
ST_1 : Operation 223 [1/1] (1.82ns)   --->   "%p_read_1077 = read i45 @_ssdm_op_Read.ap_auto.i45, i45 %p_read251"   --->   Operation 223 'read' 'p_read_1077' <Predicate = true> <Delay = 1.82> <CoreInst = "FIFO_SRL">   --->   Core 80 'FIFO_SRL' <Latency = 0> <II = 1> <Delay = 1.83> <Storage> <Opcode : 'read' 'write' 'nbread' 'nbwrite'> <Ports = 0> <Width = -1> <Depth = -1> <FIFO>
ST_1 : Operation 224 [1/1] (1.82ns)   --->   "%p_read_1078 = read i45 @_ssdm_op_Read.ap_auto.i45, i45 %p_read250"   --->   Operation 224 'read' 'p_read_1078' <Predicate = true> <Delay = 1.82> <CoreInst = "FIFO_SRL">   --->   Core 80 'FIFO_SRL' <Latency = 0> <II = 1> <Delay = 1.83> <Storage> <Opcode : 'read' 'write' 'nbread' 'nbwrite'> <Ports = 0> <Width = -1> <Depth = -1> <FIFO>
ST_1 : Operation 225 [1/1] (1.82ns)   --->   "%p_read_1079 = read i45 @_ssdm_op_Read.ap_auto.i45, i45 %p_read249"   --->   Operation 225 'read' 'p_read_1079' <Predicate = true> <Delay = 1.82> <CoreInst = "FIFO_SRL">   --->   Core 80 'FIFO_SRL' <Latency = 0> <II = 1> <Delay = 1.83> <Storage> <Opcode : 'read' 'write' 'nbread' 'nbwrite'> <Ports = 0> <Width = -1> <Depth = -1> <FIFO>
ST_1 : Operation 226 [1/1] (1.82ns)   --->   "%p_read_1080 = read i45 @_ssdm_op_Read.ap_auto.i45, i45 %p_read248"   --->   Operation 226 'read' 'p_read_1080' <Predicate = true> <Delay = 1.82> <CoreInst = "FIFO_SRL">   --->   Core 80 'FIFO_SRL' <Latency = 0> <II = 1> <Delay = 1.83> <Storage> <Opcode : 'read' 'write' 'nbread' 'nbwrite'> <Ports = 0> <Width = -1> <Depth = -1> <FIFO>
ST_1 : Operation 227 [1/1] (1.82ns)   --->   "%p_read_1081 = read i45 @_ssdm_op_Read.ap_auto.i45, i45 %p_read247"   --->   Operation 227 'read' 'p_read_1081' <Predicate = true> <Delay = 1.82> <CoreInst = "FIFO_SRL">   --->   Core 80 'FIFO_SRL' <Latency = 0> <II = 1> <Delay = 1.83> <Storage> <Opcode : 'read' 'write' 'nbread' 'nbwrite'> <Ports = 0> <Width = -1> <Depth = -1> <FIFO>
ST_1 : Operation 228 [1/1] (1.82ns)   --->   "%p_read_1082 = read i45 @_ssdm_op_Read.ap_auto.i45, i45 %p_read246"   --->   Operation 228 'read' 'p_read_1082' <Predicate = true> <Delay = 1.82> <CoreInst = "FIFO_SRL">   --->   Core 80 'FIFO_SRL' <Latency = 0> <II = 1> <Delay = 1.83> <Storage> <Opcode : 'read' 'write' 'nbread' 'nbwrite'> <Ports = 0> <Width = -1> <Depth = -1> <FIFO>
ST_1 : Operation 229 [1/1] (1.82ns)   --->   "%p_read_1083 = read i45 @_ssdm_op_Read.ap_auto.i45, i45 %p_read245"   --->   Operation 229 'read' 'p_read_1083' <Predicate = true> <Delay = 1.82> <CoreInst = "FIFO_SRL">   --->   Core 80 'FIFO_SRL' <Latency = 0> <II = 1> <Delay = 1.83> <Storage> <Opcode : 'read' 'write' 'nbread' 'nbwrite'> <Ports = 0> <Width = -1> <Depth = -1> <FIFO>
ST_1 : Operation 230 [1/1] (1.82ns)   --->   "%p_read_1084 = read i45 @_ssdm_op_Read.ap_auto.i45, i45 %p_read244"   --->   Operation 230 'read' 'p_read_1084' <Predicate = true> <Delay = 1.82> <CoreInst = "FIFO_SRL">   --->   Core 80 'FIFO_SRL' <Latency = 0> <II = 1> <Delay = 1.83> <Storage> <Opcode : 'read' 'write' 'nbread' 'nbwrite'> <Ports = 0> <Width = -1> <Depth = -1> <FIFO>
ST_1 : Operation 231 [1/1] (1.82ns)   --->   "%p_read_1085 = read i45 @_ssdm_op_Read.ap_auto.i45, i45 %p_read243"   --->   Operation 231 'read' 'p_read_1085' <Predicate = true> <Delay = 1.82> <CoreInst = "FIFO_SRL">   --->   Core 80 'FIFO_SRL' <Latency = 0> <II = 1> <Delay = 1.83> <Storage> <Opcode : 'read' 'write' 'nbread' 'nbwrite'> <Ports = 0> <Width = -1> <Depth = -1> <FIFO>
ST_1 : Operation 232 [1/1] (1.82ns)   --->   "%p_read_1086 = read i45 @_ssdm_op_Read.ap_auto.i45, i45 %p_read242"   --->   Operation 232 'read' 'p_read_1086' <Predicate = true> <Delay = 1.82> <CoreInst = "FIFO_SRL">   --->   Core 80 'FIFO_SRL' <Latency = 0> <II = 1> <Delay = 1.83> <Storage> <Opcode : 'read' 'write' 'nbread' 'nbwrite'> <Ports = 0> <Width = -1> <Depth = -1> <FIFO>
ST_1 : Operation 233 [1/1] (1.82ns)   --->   "%p_read_1087 = read i45 @_ssdm_op_Read.ap_auto.i45, i45 %p_read241"   --->   Operation 233 'read' 'p_read_1087' <Predicate = true> <Delay = 1.82> <CoreInst = "FIFO_SRL">   --->   Core 80 'FIFO_SRL' <Latency = 0> <II = 1> <Delay = 1.83> <Storage> <Opcode : 'read' 'write' 'nbread' 'nbwrite'> <Ports = 0> <Width = -1> <Depth = -1> <FIFO>
ST_1 : Operation 234 [1/1] (1.82ns)   --->   "%p_read_1088 = read i45 @_ssdm_op_Read.ap_auto.i45, i45 %p_read240"   --->   Operation 234 'read' 'p_read_1088' <Predicate = true> <Delay = 1.82> <CoreInst = "FIFO_SRL">   --->   Core 80 'FIFO_SRL' <Latency = 0> <II = 1> <Delay = 1.83> <Storage> <Opcode : 'read' 'write' 'nbread' 'nbwrite'> <Ports = 0> <Width = -1> <Depth = -1> <FIFO>
ST_1 : Operation 235 [1/1] (1.82ns)   --->   "%p_read_1089 = read i45 @_ssdm_op_Read.ap_auto.i45, i45 %p_read239"   --->   Operation 235 'read' 'p_read_1089' <Predicate = true> <Delay = 1.82> <CoreInst = "FIFO_SRL">   --->   Core 80 'FIFO_SRL' <Latency = 0> <II = 1> <Delay = 1.83> <Storage> <Opcode : 'read' 'write' 'nbread' 'nbwrite'> <Ports = 0> <Width = -1> <Depth = -1> <FIFO>
ST_1 : Operation 236 [1/1] (1.82ns)   --->   "%p_read_1090 = read i45 @_ssdm_op_Read.ap_auto.i45, i45 %p_read238"   --->   Operation 236 'read' 'p_read_1090' <Predicate = true> <Delay = 1.82> <CoreInst = "FIFO_SRL">   --->   Core 80 'FIFO_SRL' <Latency = 0> <II = 1> <Delay = 1.83> <Storage> <Opcode : 'read' 'write' 'nbread' 'nbwrite'> <Ports = 0> <Width = -1> <Depth = -1> <FIFO>
ST_1 : Operation 237 [1/1] (1.82ns)   --->   "%p_read_1091 = read i45 @_ssdm_op_Read.ap_auto.i45, i45 %p_read237"   --->   Operation 237 'read' 'p_read_1091' <Predicate = true> <Delay = 1.82> <CoreInst = "FIFO_SRL">   --->   Core 80 'FIFO_SRL' <Latency = 0> <II = 1> <Delay = 1.83> <Storage> <Opcode : 'read' 'write' 'nbread' 'nbwrite'> <Ports = 0> <Width = -1> <Depth = -1> <FIFO>
ST_1 : Operation 238 [1/1] (1.82ns)   --->   "%p_read_1092 = read i45 @_ssdm_op_Read.ap_auto.i45, i45 %p_read236"   --->   Operation 238 'read' 'p_read_1092' <Predicate = true> <Delay = 1.82> <CoreInst = "FIFO_SRL">   --->   Core 80 'FIFO_SRL' <Latency = 0> <II = 1> <Delay = 1.83> <Storage> <Opcode : 'read' 'write' 'nbread' 'nbwrite'> <Ports = 0> <Width = -1> <Depth = -1> <FIFO>
ST_1 : Operation 239 [1/1] (1.82ns)   --->   "%p_read_1093 = read i45 @_ssdm_op_Read.ap_auto.i45, i45 %p_read235"   --->   Operation 239 'read' 'p_read_1093' <Predicate = true> <Delay = 1.82> <CoreInst = "FIFO_SRL">   --->   Core 80 'FIFO_SRL' <Latency = 0> <II = 1> <Delay = 1.83> <Storage> <Opcode : 'read' 'write' 'nbread' 'nbwrite'> <Ports = 0> <Width = -1> <Depth = -1> <FIFO>
ST_1 : Operation 240 [1/1] (1.82ns)   --->   "%p_read_1094 = read i45 @_ssdm_op_Read.ap_auto.i45, i45 %p_read234"   --->   Operation 240 'read' 'p_read_1094' <Predicate = true> <Delay = 1.82> <CoreInst = "FIFO_SRL">   --->   Core 80 'FIFO_SRL' <Latency = 0> <II = 1> <Delay = 1.83> <Storage> <Opcode : 'read' 'write' 'nbread' 'nbwrite'> <Ports = 0> <Width = -1> <Depth = -1> <FIFO>
ST_1 : Operation 241 [1/1] (1.82ns)   --->   "%p_read_1095 = read i45 @_ssdm_op_Read.ap_auto.i45, i45 %p_read233"   --->   Operation 241 'read' 'p_read_1095' <Predicate = true> <Delay = 1.82> <CoreInst = "FIFO_SRL">   --->   Core 80 'FIFO_SRL' <Latency = 0> <II = 1> <Delay = 1.83> <Storage> <Opcode : 'read' 'write' 'nbread' 'nbwrite'> <Ports = 0> <Width = -1> <Depth = -1> <FIFO>
ST_1 : Operation 242 [1/1] (1.82ns)   --->   "%p_read_1096 = read i45 @_ssdm_op_Read.ap_auto.i45, i45 %p_read232"   --->   Operation 242 'read' 'p_read_1096' <Predicate = true> <Delay = 1.82> <CoreInst = "FIFO_SRL">   --->   Core 80 'FIFO_SRL' <Latency = 0> <II = 1> <Delay = 1.83> <Storage> <Opcode : 'read' 'write' 'nbread' 'nbwrite'> <Ports = 0> <Width = -1> <Depth = -1> <FIFO>
ST_1 : Operation 243 [1/1] (1.82ns)   --->   "%p_read_1097 = read i45 @_ssdm_op_Read.ap_auto.i45, i45 %p_read231"   --->   Operation 243 'read' 'p_read_1097' <Predicate = true> <Delay = 1.82> <CoreInst = "FIFO_SRL">   --->   Core 80 'FIFO_SRL' <Latency = 0> <II = 1> <Delay = 1.83> <Storage> <Opcode : 'read' 'write' 'nbread' 'nbwrite'> <Ports = 0> <Width = -1> <Depth = -1> <FIFO>
ST_1 : Operation 244 [1/1] (1.82ns)   --->   "%p_read_1098 = read i45 @_ssdm_op_Read.ap_auto.i45, i45 %p_read230"   --->   Operation 244 'read' 'p_read_1098' <Predicate = true> <Delay = 1.82> <CoreInst = "FIFO_SRL">   --->   Core 80 'FIFO_SRL' <Latency = 0> <II = 1> <Delay = 1.83> <Storage> <Opcode : 'read' 'write' 'nbread' 'nbwrite'> <Ports = 0> <Width = -1> <Depth = -1> <FIFO>
ST_1 : Operation 245 [1/1] (1.82ns)   --->   "%p_read_1099 = read i45 @_ssdm_op_Read.ap_auto.i45, i45 %p_read229"   --->   Operation 245 'read' 'p_read_1099' <Predicate = true> <Delay = 1.82> <CoreInst = "FIFO_SRL">   --->   Core 80 'FIFO_SRL' <Latency = 0> <II = 1> <Delay = 1.83> <Storage> <Opcode : 'read' 'write' 'nbread' 'nbwrite'> <Ports = 0> <Width = -1> <Depth = -1> <FIFO>
ST_1 : Operation 246 [1/1] (1.82ns)   --->   "%p_read_1100 = read i45 @_ssdm_op_Read.ap_auto.i45, i45 %p_read228"   --->   Operation 246 'read' 'p_read_1100' <Predicate = true> <Delay = 1.82> <CoreInst = "FIFO_SRL">   --->   Core 80 'FIFO_SRL' <Latency = 0> <II = 1> <Delay = 1.83> <Storage> <Opcode : 'read' 'write' 'nbread' 'nbwrite'> <Ports = 0> <Width = -1> <Depth = -1> <FIFO>
ST_1 : Operation 247 [1/1] (1.82ns)   --->   "%p_read_1101 = read i45 @_ssdm_op_Read.ap_auto.i45, i45 %p_read227"   --->   Operation 247 'read' 'p_read_1101' <Predicate = true> <Delay = 1.82> <CoreInst = "FIFO_SRL">   --->   Core 80 'FIFO_SRL' <Latency = 0> <II = 1> <Delay = 1.83> <Storage> <Opcode : 'read' 'write' 'nbread' 'nbwrite'> <Ports = 0> <Width = -1> <Depth = -1> <FIFO>
ST_1 : Operation 248 [1/1] (1.82ns)   --->   "%p_read_1102 = read i45 @_ssdm_op_Read.ap_auto.i45, i45 %p_read226"   --->   Operation 248 'read' 'p_read_1102' <Predicate = true> <Delay = 1.82> <CoreInst = "FIFO_SRL">   --->   Core 80 'FIFO_SRL' <Latency = 0> <II = 1> <Delay = 1.83> <Storage> <Opcode : 'read' 'write' 'nbread' 'nbwrite'> <Ports = 0> <Width = -1> <Depth = -1> <FIFO>
ST_1 : Operation 249 [1/1] (1.82ns)   --->   "%p_read_1103 = read i45 @_ssdm_op_Read.ap_auto.i45, i45 %p_read225"   --->   Operation 249 'read' 'p_read_1103' <Predicate = true> <Delay = 1.82> <CoreInst = "FIFO_SRL">   --->   Core 80 'FIFO_SRL' <Latency = 0> <II = 1> <Delay = 1.83> <Storage> <Opcode : 'read' 'write' 'nbread' 'nbwrite'> <Ports = 0> <Width = -1> <Depth = -1> <FIFO>
ST_1 : Operation 250 [1/1] (1.82ns)   --->   "%p_read_1104 = read i45 @_ssdm_op_Read.ap_auto.i45, i45 %p_read224"   --->   Operation 250 'read' 'p_read_1104' <Predicate = true> <Delay = 1.82> <CoreInst = "FIFO_SRL">   --->   Core 80 'FIFO_SRL' <Latency = 0> <II = 1> <Delay = 1.83> <Storage> <Opcode : 'read' 'write' 'nbread' 'nbwrite'> <Ports = 0> <Width = -1> <Depth = -1> <FIFO>
ST_1 : Operation 251 [1/1] (1.82ns)   --->   "%p_read_1105 = read i45 @_ssdm_op_Read.ap_auto.i45, i45 %p_read223"   --->   Operation 251 'read' 'p_read_1105' <Predicate = true> <Delay = 1.82> <CoreInst = "FIFO_SRL">   --->   Core 80 'FIFO_SRL' <Latency = 0> <II = 1> <Delay = 1.83> <Storage> <Opcode : 'read' 'write' 'nbread' 'nbwrite'> <Ports = 0> <Width = -1> <Depth = -1> <FIFO>
ST_1 : Operation 252 [1/1] (1.82ns)   --->   "%p_read_1106 = read i45 @_ssdm_op_Read.ap_auto.i45, i45 %p_read222"   --->   Operation 252 'read' 'p_read_1106' <Predicate = true> <Delay = 1.82> <CoreInst = "FIFO_SRL">   --->   Core 80 'FIFO_SRL' <Latency = 0> <II = 1> <Delay = 1.83> <Storage> <Opcode : 'read' 'write' 'nbread' 'nbwrite'> <Ports = 0> <Width = -1> <Depth = -1> <FIFO>
ST_1 : Operation 253 [1/1] (1.82ns)   --->   "%p_read_1107 = read i45 @_ssdm_op_Read.ap_auto.i45, i45 %p_read221"   --->   Operation 253 'read' 'p_read_1107' <Predicate = true> <Delay = 1.82> <CoreInst = "FIFO_SRL">   --->   Core 80 'FIFO_SRL' <Latency = 0> <II = 1> <Delay = 1.83> <Storage> <Opcode : 'read' 'write' 'nbread' 'nbwrite'> <Ports = 0> <Width = -1> <Depth = -1> <FIFO>
ST_1 : Operation 254 [1/1] (1.82ns)   --->   "%p_read_1108 = read i45 @_ssdm_op_Read.ap_auto.i45, i45 %p_read220"   --->   Operation 254 'read' 'p_read_1108' <Predicate = true> <Delay = 1.82> <CoreInst = "FIFO_SRL">   --->   Core 80 'FIFO_SRL' <Latency = 0> <II = 1> <Delay = 1.83> <Storage> <Opcode : 'read' 'write' 'nbread' 'nbwrite'> <Ports = 0> <Width = -1> <Depth = -1> <FIFO>
ST_1 : Operation 255 [1/1] (1.82ns)   --->   "%p_read_1109 = read i45 @_ssdm_op_Read.ap_auto.i45, i45 %p_read219"   --->   Operation 255 'read' 'p_read_1109' <Predicate = true> <Delay = 1.82> <CoreInst = "FIFO_SRL">   --->   Core 80 'FIFO_SRL' <Latency = 0> <II = 1> <Delay = 1.83> <Storage> <Opcode : 'read' 'write' 'nbread' 'nbwrite'> <Ports = 0> <Width = -1> <Depth = -1> <FIFO>
ST_1 : Operation 256 [1/1] (1.82ns)   --->   "%p_read_1110 = read i45 @_ssdm_op_Read.ap_auto.i45, i45 %p_read218"   --->   Operation 256 'read' 'p_read_1110' <Predicate = true> <Delay = 1.82> <CoreInst = "FIFO_SRL">   --->   Core 80 'FIFO_SRL' <Latency = 0> <II = 1> <Delay = 1.83> <Storage> <Opcode : 'read' 'write' 'nbread' 'nbwrite'> <Ports = 0> <Width = -1> <Depth = -1> <FIFO>
ST_1 : Operation 257 [1/1] (1.82ns)   --->   "%p_read_1111 = read i45 @_ssdm_op_Read.ap_auto.i45, i45 %p_read217"   --->   Operation 257 'read' 'p_read_1111' <Predicate = true> <Delay = 1.82> <CoreInst = "FIFO_SRL">   --->   Core 80 'FIFO_SRL' <Latency = 0> <II = 1> <Delay = 1.83> <Storage> <Opcode : 'read' 'write' 'nbread' 'nbwrite'> <Ports = 0> <Width = -1> <Depth = -1> <FIFO>
ST_1 : Operation 258 [1/1] (1.82ns)   --->   "%p_read_1112 = read i45 @_ssdm_op_Read.ap_auto.i45, i45 %p_read216"   --->   Operation 258 'read' 'p_read_1112' <Predicate = true> <Delay = 1.82> <CoreInst = "FIFO_SRL">   --->   Core 80 'FIFO_SRL' <Latency = 0> <II = 1> <Delay = 1.83> <Storage> <Opcode : 'read' 'write' 'nbread' 'nbwrite'> <Ports = 0> <Width = -1> <Depth = -1> <FIFO>
ST_1 : Operation 259 [1/1] (1.82ns)   --->   "%p_read_1113 = read i45 @_ssdm_op_Read.ap_auto.i45, i45 %p_read215"   --->   Operation 259 'read' 'p_read_1113' <Predicate = true> <Delay = 1.82> <CoreInst = "FIFO_SRL">   --->   Core 80 'FIFO_SRL' <Latency = 0> <II = 1> <Delay = 1.83> <Storage> <Opcode : 'read' 'write' 'nbread' 'nbwrite'> <Ports = 0> <Width = -1> <Depth = -1> <FIFO>
ST_1 : Operation 260 [1/1] (1.82ns)   --->   "%p_read_1114 = read i45 @_ssdm_op_Read.ap_auto.i45, i45 %p_read214"   --->   Operation 260 'read' 'p_read_1114' <Predicate = true> <Delay = 1.82> <CoreInst = "FIFO_SRL">   --->   Core 80 'FIFO_SRL' <Latency = 0> <II = 1> <Delay = 1.83> <Storage> <Opcode : 'read' 'write' 'nbread' 'nbwrite'> <Ports = 0> <Width = -1> <Depth = -1> <FIFO>
ST_1 : Operation 261 [1/1] (1.82ns)   --->   "%p_read_1115 = read i45 @_ssdm_op_Read.ap_auto.i45, i45 %p_read213"   --->   Operation 261 'read' 'p_read_1115' <Predicate = true> <Delay = 1.82> <CoreInst = "FIFO_SRL">   --->   Core 80 'FIFO_SRL' <Latency = 0> <II = 1> <Delay = 1.83> <Storage> <Opcode : 'read' 'write' 'nbread' 'nbwrite'> <Ports = 0> <Width = -1> <Depth = -1> <FIFO>
ST_1 : Operation 262 [1/1] (1.82ns)   --->   "%p_read_1116 = read i45 @_ssdm_op_Read.ap_auto.i45, i45 %p_read212"   --->   Operation 262 'read' 'p_read_1116' <Predicate = true> <Delay = 1.82> <CoreInst = "FIFO_SRL">   --->   Core 80 'FIFO_SRL' <Latency = 0> <II = 1> <Delay = 1.83> <Storage> <Opcode : 'read' 'write' 'nbread' 'nbwrite'> <Ports = 0> <Width = -1> <Depth = -1> <FIFO>
ST_1 : Operation 263 [1/1] (1.82ns)   --->   "%p_read_1117 = read i45 @_ssdm_op_Read.ap_auto.i45, i45 %p_read211"   --->   Operation 263 'read' 'p_read_1117' <Predicate = true> <Delay = 1.82> <CoreInst = "FIFO_SRL">   --->   Core 80 'FIFO_SRL' <Latency = 0> <II = 1> <Delay = 1.83> <Storage> <Opcode : 'read' 'write' 'nbread' 'nbwrite'> <Ports = 0> <Width = -1> <Depth = -1> <FIFO>
ST_1 : Operation 264 [1/1] (1.82ns)   --->   "%p_read_1118 = read i45 @_ssdm_op_Read.ap_auto.i45, i45 %p_read210"   --->   Operation 264 'read' 'p_read_1118' <Predicate = true> <Delay = 1.82> <CoreInst = "FIFO_SRL">   --->   Core 80 'FIFO_SRL' <Latency = 0> <II = 1> <Delay = 1.83> <Storage> <Opcode : 'read' 'write' 'nbread' 'nbwrite'> <Ports = 0> <Width = -1> <Depth = -1> <FIFO>
ST_1 : Operation 265 [1/1] (1.82ns)   --->   "%p_read_1119 = read i45 @_ssdm_op_Read.ap_auto.i45, i45 %p_read209"   --->   Operation 265 'read' 'p_read_1119' <Predicate = true> <Delay = 1.82> <CoreInst = "FIFO_SRL">   --->   Core 80 'FIFO_SRL' <Latency = 0> <II = 1> <Delay = 1.83> <Storage> <Opcode : 'read' 'write' 'nbread' 'nbwrite'> <Ports = 0> <Width = -1> <Depth = -1> <FIFO>
ST_1 : Operation 266 [1/1] (1.82ns)   --->   "%p_read_1120 = read i45 @_ssdm_op_Read.ap_auto.i45, i45 %p_read208"   --->   Operation 266 'read' 'p_read_1120' <Predicate = true> <Delay = 1.82> <CoreInst = "FIFO_SRL">   --->   Core 80 'FIFO_SRL' <Latency = 0> <II = 1> <Delay = 1.83> <Storage> <Opcode : 'read' 'write' 'nbread' 'nbwrite'> <Ports = 0> <Width = -1> <Depth = -1> <FIFO>
ST_1 : Operation 267 [1/1] (1.82ns)   --->   "%p_read_1121 = read i45 @_ssdm_op_Read.ap_auto.i45, i45 %p_read207"   --->   Operation 267 'read' 'p_read_1121' <Predicate = true> <Delay = 1.82> <CoreInst = "FIFO_SRL">   --->   Core 80 'FIFO_SRL' <Latency = 0> <II = 1> <Delay = 1.83> <Storage> <Opcode : 'read' 'write' 'nbread' 'nbwrite'> <Ports = 0> <Width = -1> <Depth = -1> <FIFO>
ST_1 : Operation 268 [1/1] (1.82ns)   --->   "%p_read_1122 = read i45 @_ssdm_op_Read.ap_auto.i45, i45 %p_read206"   --->   Operation 268 'read' 'p_read_1122' <Predicate = true> <Delay = 1.82> <CoreInst = "FIFO_SRL">   --->   Core 80 'FIFO_SRL' <Latency = 0> <II = 1> <Delay = 1.83> <Storage> <Opcode : 'read' 'write' 'nbread' 'nbwrite'> <Ports = 0> <Width = -1> <Depth = -1> <FIFO>
ST_1 : Operation 269 [1/1] (1.82ns)   --->   "%p_read_1123 = read i45 @_ssdm_op_Read.ap_auto.i45, i45 %p_read205"   --->   Operation 269 'read' 'p_read_1123' <Predicate = true> <Delay = 1.82> <CoreInst = "FIFO_SRL">   --->   Core 80 'FIFO_SRL' <Latency = 0> <II = 1> <Delay = 1.83> <Storage> <Opcode : 'read' 'write' 'nbread' 'nbwrite'> <Ports = 0> <Width = -1> <Depth = -1> <FIFO>
ST_1 : Operation 270 [1/1] (1.82ns)   --->   "%p_read_1124 = read i45 @_ssdm_op_Read.ap_auto.i45, i45 %p_read204"   --->   Operation 270 'read' 'p_read_1124' <Predicate = true> <Delay = 1.82> <CoreInst = "FIFO_SRL">   --->   Core 80 'FIFO_SRL' <Latency = 0> <II = 1> <Delay = 1.83> <Storage> <Opcode : 'read' 'write' 'nbread' 'nbwrite'> <Ports = 0> <Width = -1> <Depth = -1> <FIFO>
ST_1 : Operation 271 [1/1] (1.82ns)   --->   "%p_read_1125 = read i45 @_ssdm_op_Read.ap_auto.i45, i45 %p_read203"   --->   Operation 271 'read' 'p_read_1125' <Predicate = true> <Delay = 1.82> <CoreInst = "FIFO_SRL">   --->   Core 80 'FIFO_SRL' <Latency = 0> <II = 1> <Delay = 1.83> <Storage> <Opcode : 'read' 'write' 'nbread' 'nbwrite'> <Ports = 0> <Width = -1> <Depth = -1> <FIFO>
ST_1 : Operation 272 [1/1] (1.82ns)   --->   "%p_read_1126 = read i45 @_ssdm_op_Read.ap_auto.i45, i45 %p_read202"   --->   Operation 272 'read' 'p_read_1126' <Predicate = true> <Delay = 1.82> <CoreInst = "FIFO_SRL">   --->   Core 80 'FIFO_SRL' <Latency = 0> <II = 1> <Delay = 1.83> <Storage> <Opcode : 'read' 'write' 'nbread' 'nbwrite'> <Ports = 0> <Width = -1> <Depth = -1> <FIFO>
ST_1 : Operation 273 [1/1] (1.82ns)   --->   "%p_read_1127 = read i45 @_ssdm_op_Read.ap_auto.i45, i45 %p_read201"   --->   Operation 273 'read' 'p_read_1127' <Predicate = true> <Delay = 1.82> <CoreInst = "FIFO_SRL">   --->   Core 80 'FIFO_SRL' <Latency = 0> <II = 1> <Delay = 1.83> <Storage> <Opcode : 'read' 'write' 'nbread' 'nbwrite'> <Ports = 0> <Width = -1> <Depth = -1> <FIFO>
ST_1 : Operation 274 [1/1] (1.82ns)   --->   "%p_read200650 = read i45 @_ssdm_op_Read.ap_auto.i45, i45 %p_read200"   --->   Operation 274 'read' 'p_read200650' <Predicate = true> <Delay = 1.82> <CoreInst = "FIFO_SRL">   --->   Core 80 'FIFO_SRL' <Latency = 0> <II = 1> <Delay = 1.83> <Storage> <Opcode : 'read' 'write' 'nbread' 'nbwrite'> <Ports = 0> <Width = -1> <Depth = -1> <FIFO>
ST_1 : Operation 275 [1/1] (1.82ns)   --->   "%p_read_1128 = read i45 @_ssdm_op_Read.ap_auto.i45, i45 %p_read199"   --->   Operation 275 'read' 'p_read_1128' <Predicate = true> <Delay = 1.82> <CoreInst = "FIFO_SRL">   --->   Core 80 'FIFO_SRL' <Latency = 0> <II = 1> <Delay = 1.83> <Storage> <Opcode : 'read' 'write' 'nbread' 'nbwrite'> <Ports = 0> <Width = -1> <Depth = -1> <FIFO>
ST_1 : Operation 276 [1/1] (1.82ns)   --->   "%p_read_1129 = read i45 @_ssdm_op_Read.ap_auto.i45, i45 %p_read198"   --->   Operation 276 'read' 'p_read_1129' <Predicate = true> <Delay = 1.82> <CoreInst = "FIFO_SRL">   --->   Core 80 'FIFO_SRL' <Latency = 0> <II = 1> <Delay = 1.83> <Storage> <Opcode : 'read' 'write' 'nbread' 'nbwrite'> <Ports = 0> <Width = -1> <Depth = -1> <FIFO>
ST_1 : Operation 277 [1/1] (1.82ns)   --->   "%p_read_1130 = read i45 @_ssdm_op_Read.ap_auto.i45, i45 %p_read197"   --->   Operation 277 'read' 'p_read_1130' <Predicate = true> <Delay = 1.82> <CoreInst = "FIFO_SRL">   --->   Core 80 'FIFO_SRL' <Latency = 0> <II = 1> <Delay = 1.83> <Storage> <Opcode : 'read' 'write' 'nbread' 'nbwrite'> <Ports = 0> <Width = -1> <Depth = -1> <FIFO>
ST_1 : Operation 278 [1/1] (1.82ns)   --->   "%p_read_1131 = read i45 @_ssdm_op_Read.ap_auto.i45, i45 %p_read196"   --->   Operation 278 'read' 'p_read_1131' <Predicate = true> <Delay = 1.82> <CoreInst = "FIFO_SRL">   --->   Core 80 'FIFO_SRL' <Latency = 0> <II = 1> <Delay = 1.83> <Storage> <Opcode : 'read' 'write' 'nbread' 'nbwrite'> <Ports = 0> <Width = -1> <Depth = -1> <FIFO>
ST_1 : Operation 279 [1/1] (1.82ns)   --->   "%p_read_1132 = read i45 @_ssdm_op_Read.ap_auto.i45, i45 %p_read195"   --->   Operation 279 'read' 'p_read_1132' <Predicate = true> <Delay = 1.82> <CoreInst = "FIFO_SRL">   --->   Core 80 'FIFO_SRL' <Latency = 0> <II = 1> <Delay = 1.83> <Storage> <Opcode : 'read' 'write' 'nbread' 'nbwrite'> <Ports = 0> <Width = -1> <Depth = -1> <FIFO>
ST_1 : Operation 280 [1/1] (1.82ns)   --->   "%p_read_1133 = read i45 @_ssdm_op_Read.ap_auto.i45, i45 %p_read194"   --->   Operation 280 'read' 'p_read_1133' <Predicate = true> <Delay = 1.82> <CoreInst = "FIFO_SRL">   --->   Core 80 'FIFO_SRL' <Latency = 0> <II = 1> <Delay = 1.83> <Storage> <Opcode : 'read' 'write' 'nbread' 'nbwrite'> <Ports = 0> <Width = -1> <Depth = -1> <FIFO>
ST_1 : Operation 281 [1/1] (1.82ns)   --->   "%p_read_1134 = read i45 @_ssdm_op_Read.ap_auto.i45, i45 %p_read193"   --->   Operation 281 'read' 'p_read_1134' <Predicate = true> <Delay = 1.82> <CoreInst = "FIFO_SRL">   --->   Core 80 'FIFO_SRL' <Latency = 0> <II = 1> <Delay = 1.83> <Storage> <Opcode : 'read' 'write' 'nbread' 'nbwrite'> <Ports = 0> <Width = -1> <Depth = -1> <FIFO>
ST_1 : Operation 282 [1/1] (1.82ns)   --->   "%p_read_1135 = read i45 @_ssdm_op_Read.ap_auto.i45, i45 %p_read192"   --->   Operation 282 'read' 'p_read_1135' <Predicate = true> <Delay = 1.82> <CoreInst = "FIFO_SRL">   --->   Core 80 'FIFO_SRL' <Latency = 0> <II = 1> <Delay = 1.83> <Storage> <Opcode : 'read' 'write' 'nbread' 'nbwrite'> <Ports = 0> <Width = -1> <Depth = -1> <FIFO>
ST_1 : Operation 283 [1/1] (1.82ns)   --->   "%p_read_1136 = read i45 @_ssdm_op_Read.ap_auto.i45, i45 %p_read191"   --->   Operation 283 'read' 'p_read_1136' <Predicate = true> <Delay = 1.82> <CoreInst = "FIFO_SRL">   --->   Core 80 'FIFO_SRL' <Latency = 0> <II = 1> <Delay = 1.83> <Storage> <Opcode : 'read' 'write' 'nbread' 'nbwrite'> <Ports = 0> <Width = -1> <Depth = -1> <FIFO>
ST_1 : Operation 284 [1/1] (1.82ns)   --->   "%p_read_1137 = read i45 @_ssdm_op_Read.ap_auto.i45, i45 %p_read190"   --->   Operation 284 'read' 'p_read_1137' <Predicate = true> <Delay = 1.82> <CoreInst = "FIFO_SRL">   --->   Core 80 'FIFO_SRL' <Latency = 0> <II = 1> <Delay = 1.83> <Storage> <Opcode : 'read' 'write' 'nbread' 'nbwrite'> <Ports = 0> <Width = -1> <Depth = -1> <FIFO>
ST_1 : Operation 285 [1/1] (1.82ns)   --->   "%p_read_1138 = read i45 @_ssdm_op_Read.ap_auto.i45, i45 %p_read189"   --->   Operation 285 'read' 'p_read_1138' <Predicate = true> <Delay = 1.82> <CoreInst = "FIFO_SRL">   --->   Core 80 'FIFO_SRL' <Latency = 0> <II = 1> <Delay = 1.83> <Storage> <Opcode : 'read' 'write' 'nbread' 'nbwrite'> <Ports = 0> <Width = -1> <Depth = -1> <FIFO>
ST_1 : Operation 286 [1/1] (1.82ns)   --->   "%p_read_1139 = read i45 @_ssdm_op_Read.ap_auto.i45, i45 %p_read188"   --->   Operation 286 'read' 'p_read_1139' <Predicate = true> <Delay = 1.82> <CoreInst = "FIFO_SRL">   --->   Core 80 'FIFO_SRL' <Latency = 0> <II = 1> <Delay = 1.83> <Storage> <Opcode : 'read' 'write' 'nbread' 'nbwrite'> <Ports = 0> <Width = -1> <Depth = -1> <FIFO>
ST_1 : Operation 287 [1/1] (1.82ns)   --->   "%p_read_1140 = read i45 @_ssdm_op_Read.ap_auto.i45, i45 %p_read187"   --->   Operation 287 'read' 'p_read_1140' <Predicate = true> <Delay = 1.82> <CoreInst = "FIFO_SRL">   --->   Core 80 'FIFO_SRL' <Latency = 0> <II = 1> <Delay = 1.83> <Storage> <Opcode : 'read' 'write' 'nbread' 'nbwrite'> <Ports = 0> <Width = -1> <Depth = -1> <FIFO>
ST_1 : Operation 288 [1/1] (1.82ns)   --->   "%p_read_1141 = read i45 @_ssdm_op_Read.ap_auto.i45, i45 %p_read186"   --->   Operation 288 'read' 'p_read_1141' <Predicate = true> <Delay = 1.82> <CoreInst = "FIFO_SRL">   --->   Core 80 'FIFO_SRL' <Latency = 0> <II = 1> <Delay = 1.83> <Storage> <Opcode : 'read' 'write' 'nbread' 'nbwrite'> <Ports = 0> <Width = -1> <Depth = -1> <FIFO>
ST_1 : Operation 289 [1/1] (1.82ns)   --->   "%p_read_1142 = read i45 @_ssdm_op_Read.ap_auto.i45, i45 %p_read185"   --->   Operation 289 'read' 'p_read_1142' <Predicate = true> <Delay = 1.82> <CoreInst = "FIFO_SRL">   --->   Core 80 'FIFO_SRL' <Latency = 0> <II = 1> <Delay = 1.83> <Storage> <Opcode : 'read' 'write' 'nbread' 'nbwrite'> <Ports = 0> <Width = -1> <Depth = -1> <FIFO>
ST_1 : Operation 290 [1/1] (1.82ns)   --->   "%p_read_1143 = read i45 @_ssdm_op_Read.ap_auto.i45, i45 %p_read184"   --->   Operation 290 'read' 'p_read_1143' <Predicate = true> <Delay = 1.82> <CoreInst = "FIFO_SRL">   --->   Core 80 'FIFO_SRL' <Latency = 0> <II = 1> <Delay = 1.83> <Storage> <Opcode : 'read' 'write' 'nbread' 'nbwrite'> <Ports = 0> <Width = -1> <Depth = -1> <FIFO>
ST_1 : Operation 291 [1/1] (1.82ns)   --->   "%p_read_1144 = read i45 @_ssdm_op_Read.ap_auto.i45, i45 %p_read183"   --->   Operation 291 'read' 'p_read_1144' <Predicate = true> <Delay = 1.82> <CoreInst = "FIFO_SRL">   --->   Core 80 'FIFO_SRL' <Latency = 0> <II = 1> <Delay = 1.83> <Storage> <Opcode : 'read' 'write' 'nbread' 'nbwrite'> <Ports = 0> <Width = -1> <Depth = -1> <FIFO>
ST_1 : Operation 292 [1/1] (1.82ns)   --->   "%p_read_1145 = read i45 @_ssdm_op_Read.ap_auto.i45, i45 %p_read182"   --->   Operation 292 'read' 'p_read_1145' <Predicate = true> <Delay = 1.82> <CoreInst = "FIFO_SRL">   --->   Core 80 'FIFO_SRL' <Latency = 0> <II = 1> <Delay = 1.83> <Storage> <Opcode : 'read' 'write' 'nbread' 'nbwrite'> <Ports = 0> <Width = -1> <Depth = -1> <FIFO>
ST_1 : Operation 293 [1/1] (1.82ns)   --->   "%p_read_1146 = read i45 @_ssdm_op_Read.ap_auto.i45, i45 %p_read181"   --->   Operation 293 'read' 'p_read_1146' <Predicate = true> <Delay = 1.82> <CoreInst = "FIFO_SRL">   --->   Core 80 'FIFO_SRL' <Latency = 0> <II = 1> <Delay = 1.83> <Storage> <Opcode : 'read' 'write' 'nbread' 'nbwrite'> <Ports = 0> <Width = -1> <Depth = -1> <FIFO>
ST_1 : Operation 294 [1/1] (1.82ns)   --->   "%p_read_1147 = read i45 @_ssdm_op_Read.ap_auto.i45, i45 %p_read180"   --->   Operation 294 'read' 'p_read_1147' <Predicate = true> <Delay = 1.82> <CoreInst = "FIFO_SRL">   --->   Core 80 'FIFO_SRL' <Latency = 0> <II = 1> <Delay = 1.83> <Storage> <Opcode : 'read' 'write' 'nbread' 'nbwrite'> <Ports = 0> <Width = -1> <Depth = -1> <FIFO>
ST_1 : Operation 295 [1/1] (1.82ns)   --->   "%p_read_1148 = read i45 @_ssdm_op_Read.ap_auto.i45, i45 %p_read179"   --->   Operation 295 'read' 'p_read_1148' <Predicate = true> <Delay = 1.82> <CoreInst = "FIFO_SRL">   --->   Core 80 'FIFO_SRL' <Latency = 0> <II = 1> <Delay = 1.83> <Storage> <Opcode : 'read' 'write' 'nbread' 'nbwrite'> <Ports = 0> <Width = -1> <Depth = -1> <FIFO>
ST_1 : Operation 296 [1/1] (1.82ns)   --->   "%p_read_1149 = read i45 @_ssdm_op_Read.ap_auto.i45, i45 %p_read178"   --->   Operation 296 'read' 'p_read_1149' <Predicate = true> <Delay = 1.82> <CoreInst = "FIFO_SRL">   --->   Core 80 'FIFO_SRL' <Latency = 0> <II = 1> <Delay = 1.83> <Storage> <Opcode : 'read' 'write' 'nbread' 'nbwrite'> <Ports = 0> <Width = -1> <Depth = -1> <FIFO>
ST_1 : Operation 297 [1/1] (1.82ns)   --->   "%p_read_1150 = read i45 @_ssdm_op_Read.ap_auto.i45, i45 %p_read177"   --->   Operation 297 'read' 'p_read_1150' <Predicate = true> <Delay = 1.82> <CoreInst = "FIFO_SRL">   --->   Core 80 'FIFO_SRL' <Latency = 0> <II = 1> <Delay = 1.83> <Storage> <Opcode : 'read' 'write' 'nbread' 'nbwrite'> <Ports = 0> <Width = -1> <Depth = -1> <FIFO>
ST_1 : Operation 298 [1/1] (1.82ns)   --->   "%p_read_1151 = read i45 @_ssdm_op_Read.ap_auto.i45, i45 %p_read176"   --->   Operation 298 'read' 'p_read_1151' <Predicate = true> <Delay = 1.82> <CoreInst = "FIFO_SRL">   --->   Core 80 'FIFO_SRL' <Latency = 0> <II = 1> <Delay = 1.83> <Storage> <Opcode : 'read' 'write' 'nbread' 'nbwrite'> <Ports = 0> <Width = -1> <Depth = -1> <FIFO>
ST_1 : Operation 299 [1/1] (1.82ns)   --->   "%p_read_1152 = read i45 @_ssdm_op_Read.ap_auto.i45, i45 %p_read175"   --->   Operation 299 'read' 'p_read_1152' <Predicate = true> <Delay = 1.82> <CoreInst = "FIFO_SRL">   --->   Core 80 'FIFO_SRL' <Latency = 0> <II = 1> <Delay = 1.83> <Storage> <Opcode : 'read' 'write' 'nbread' 'nbwrite'> <Ports = 0> <Width = -1> <Depth = -1> <FIFO>
ST_1 : Operation 300 [1/1] (1.82ns)   --->   "%p_read_1153 = read i45 @_ssdm_op_Read.ap_auto.i45, i45 %p_read174"   --->   Operation 300 'read' 'p_read_1153' <Predicate = true> <Delay = 1.82> <CoreInst = "FIFO_SRL">   --->   Core 80 'FIFO_SRL' <Latency = 0> <II = 1> <Delay = 1.83> <Storage> <Opcode : 'read' 'write' 'nbread' 'nbwrite'> <Ports = 0> <Width = -1> <Depth = -1> <FIFO>
ST_1 : Operation 301 [1/1] (1.82ns)   --->   "%p_read_1154 = read i45 @_ssdm_op_Read.ap_auto.i45, i45 %p_read173"   --->   Operation 301 'read' 'p_read_1154' <Predicate = true> <Delay = 1.82> <CoreInst = "FIFO_SRL">   --->   Core 80 'FIFO_SRL' <Latency = 0> <II = 1> <Delay = 1.83> <Storage> <Opcode : 'read' 'write' 'nbread' 'nbwrite'> <Ports = 0> <Width = -1> <Depth = -1> <FIFO>
ST_1 : Operation 302 [1/1] (1.82ns)   --->   "%p_read_1155 = read i45 @_ssdm_op_Read.ap_auto.i45, i45 %p_read172"   --->   Operation 302 'read' 'p_read_1155' <Predicate = true> <Delay = 1.82> <CoreInst = "FIFO_SRL">   --->   Core 80 'FIFO_SRL' <Latency = 0> <II = 1> <Delay = 1.83> <Storage> <Opcode : 'read' 'write' 'nbread' 'nbwrite'> <Ports = 0> <Width = -1> <Depth = -1> <FIFO>
ST_1 : Operation 303 [1/1] (1.82ns)   --->   "%p_read_1156 = read i45 @_ssdm_op_Read.ap_auto.i45, i45 %p_read171"   --->   Operation 303 'read' 'p_read_1156' <Predicate = true> <Delay = 1.82> <CoreInst = "FIFO_SRL">   --->   Core 80 'FIFO_SRL' <Latency = 0> <II = 1> <Delay = 1.83> <Storage> <Opcode : 'read' 'write' 'nbread' 'nbwrite'> <Ports = 0> <Width = -1> <Depth = -1> <FIFO>
ST_1 : Operation 304 [1/1] (1.82ns)   --->   "%p_read_1157 = read i45 @_ssdm_op_Read.ap_auto.i45, i45 %p_read170"   --->   Operation 304 'read' 'p_read_1157' <Predicate = true> <Delay = 1.82> <CoreInst = "FIFO_SRL">   --->   Core 80 'FIFO_SRL' <Latency = 0> <II = 1> <Delay = 1.83> <Storage> <Opcode : 'read' 'write' 'nbread' 'nbwrite'> <Ports = 0> <Width = -1> <Depth = -1> <FIFO>
ST_1 : Operation 305 [1/1] (1.82ns)   --->   "%p_read_1158 = read i45 @_ssdm_op_Read.ap_auto.i45, i45 %p_read169"   --->   Operation 305 'read' 'p_read_1158' <Predicate = true> <Delay = 1.82> <CoreInst = "FIFO_SRL">   --->   Core 80 'FIFO_SRL' <Latency = 0> <II = 1> <Delay = 1.83> <Storage> <Opcode : 'read' 'write' 'nbread' 'nbwrite'> <Ports = 0> <Width = -1> <Depth = -1> <FIFO>
ST_1 : Operation 306 [1/1] (1.82ns)   --->   "%p_read_1159 = read i45 @_ssdm_op_Read.ap_auto.i45, i45 %p_read168"   --->   Operation 306 'read' 'p_read_1159' <Predicate = true> <Delay = 1.82> <CoreInst = "FIFO_SRL">   --->   Core 80 'FIFO_SRL' <Latency = 0> <II = 1> <Delay = 1.83> <Storage> <Opcode : 'read' 'write' 'nbread' 'nbwrite'> <Ports = 0> <Width = -1> <Depth = -1> <FIFO>
ST_1 : Operation 307 [1/1] (1.82ns)   --->   "%p_read_1160 = read i45 @_ssdm_op_Read.ap_auto.i45, i45 %p_read167"   --->   Operation 307 'read' 'p_read_1160' <Predicate = true> <Delay = 1.82> <CoreInst = "FIFO_SRL">   --->   Core 80 'FIFO_SRL' <Latency = 0> <II = 1> <Delay = 1.83> <Storage> <Opcode : 'read' 'write' 'nbread' 'nbwrite'> <Ports = 0> <Width = -1> <Depth = -1> <FIFO>
ST_1 : Operation 308 [1/1] (1.82ns)   --->   "%p_read_1161 = read i45 @_ssdm_op_Read.ap_auto.i45, i45 %p_read166"   --->   Operation 308 'read' 'p_read_1161' <Predicate = true> <Delay = 1.82> <CoreInst = "FIFO_SRL">   --->   Core 80 'FIFO_SRL' <Latency = 0> <II = 1> <Delay = 1.83> <Storage> <Opcode : 'read' 'write' 'nbread' 'nbwrite'> <Ports = 0> <Width = -1> <Depth = -1> <FIFO>
ST_1 : Operation 309 [1/1] (1.82ns)   --->   "%p_read_1162 = read i45 @_ssdm_op_Read.ap_auto.i45, i45 %p_read165"   --->   Operation 309 'read' 'p_read_1162' <Predicate = true> <Delay = 1.82> <CoreInst = "FIFO_SRL">   --->   Core 80 'FIFO_SRL' <Latency = 0> <II = 1> <Delay = 1.83> <Storage> <Opcode : 'read' 'write' 'nbread' 'nbwrite'> <Ports = 0> <Width = -1> <Depth = -1> <FIFO>
ST_1 : Operation 310 [1/1] (1.82ns)   --->   "%p_read_1163 = read i45 @_ssdm_op_Read.ap_auto.i45, i45 %p_read164"   --->   Operation 310 'read' 'p_read_1163' <Predicate = true> <Delay = 1.82> <CoreInst = "FIFO_SRL">   --->   Core 80 'FIFO_SRL' <Latency = 0> <II = 1> <Delay = 1.83> <Storage> <Opcode : 'read' 'write' 'nbread' 'nbwrite'> <Ports = 0> <Width = -1> <Depth = -1> <FIFO>
ST_1 : Operation 311 [1/1] (1.82ns)   --->   "%p_read_1164 = read i45 @_ssdm_op_Read.ap_auto.i45, i45 %p_read163"   --->   Operation 311 'read' 'p_read_1164' <Predicate = true> <Delay = 1.82> <CoreInst = "FIFO_SRL">   --->   Core 80 'FIFO_SRL' <Latency = 0> <II = 1> <Delay = 1.83> <Storage> <Opcode : 'read' 'write' 'nbread' 'nbwrite'> <Ports = 0> <Width = -1> <Depth = -1> <FIFO>
ST_1 : Operation 312 [1/1] (1.82ns)   --->   "%p_read_1165 = read i45 @_ssdm_op_Read.ap_auto.i45, i45 %p_read162"   --->   Operation 312 'read' 'p_read_1165' <Predicate = true> <Delay = 1.82> <CoreInst = "FIFO_SRL">   --->   Core 80 'FIFO_SRL' <Latency = 0> <II = 1> <Delay = 1.83> <Storage> <Opcode : 'read' 'write' 'nbread' 'nbwrite'> <Ports = 0> <Width = -1> <Depth = -1> <FIFO>
ST_1 : Operation 313 [1/1] (1.82ns)   --->   "%p_read_1166 = read i45 @_ssdm_op_Read.ap_auto.i45, i45 %p_read161"   --->   Operation 313 'read' 'p_read_1166' <Predicate = true> <Delay = 1.82> <CoreInst = "FIFO_SRL">   --->   Core 80 'FIFO_SRL' <Latency = 0> <II = 1> <Delay = 1.83> <Storage> <Opcode : 'read' 'write' 'nbread' 'nbwrite'> <Ports = 0> <Width = -1> <Depth = -1> <FIFO>
ST_1 : Operation 314 [1/1] (1.82ns)   --->   "%p_read_1167 = read i45 @_ssdm_op_Read.ap_auto.i45, i45 %p_read160"   --->   Operation 314 'read' 'p_read_1167' <Predicate = true> <Delay = 1.82> <CoreInst = "FIFO_SRL">   --->   Core 80 'FIFO_SRL' <Latency = 0> <II = 1> <Delay = 1.83> <Storage> <Opcode : 'read' 'write' 'nbread' 'nbwrite'> <Ports = 0> <Width = -1> <Depth = -1> <FIFO>
ST_1 : Operation 315 [1/1] (1.82ns)   --->   "%p_read_1168 = read i45 @_ssdm_op_Read.ap_auto.i45, i45 %p_read159"   --->   Operation 315 'read' 'p_read_1168' <Predicate = true> <Delay = 1.82> <CoreInst = "FIFO_SRL">   --->   Core 80 'FIFO_SRL' <Latency = 0> <II = 1> <Delay = 1.83> <Storage> <Opcode : 'read' 'write' 'nbread' 'nbwrite'> <Ports = 0> <Width = -1> <Depth = -1> <FIFO>
ST_1 : Operation 316 [1/1] (1.82ns)   --->   "%p_read_1169 = read i45 @_ssdm_op_Read.ap_auto.i45, i45 %p_read158"   --->   Operation 316 'read' 'p_read_1169' <Predicate = true> <Delay = 1.82> <CoreInst = "FIFO_SRL">   --->   Core 80 'FIFO_SRL' <Latency = 0> <II = 1> <Delay = 1.83> <Storage> <Opcode : 'read' 'write' 'nbread' 'nbwrite'> <Ports = 0> <Width = -1> <Depth = -1> <FIFO>
ST_1 : Operation 317 [1/1] (1.82ns)   --->   "%p_read_1170 = read i45 @_ssdm_op_Read.ap_auto.i45, i45 %p_read157"   --->   Operation 317 'read' 'p_read_1170' <Predicate = true> <Delay = 1.82> <CoreInst = "FIFO_SRL">   --->   Core 80 'FIFO_SRL' <Latency = 0> <II = 1> <Delay = 1.83> <Storage> <Opcode : 'read' 'write' 'nbread' 'nbwrite'> <Ports = 0> <Width = -1> <Depth = -1> <FIFO>
ST_1 : Operation 318 [1/1] (1.82ns)   --->   "%p_read_1171 = read i45 @_ssdm_op_Read.ap_auto.i45, i45 %p_read156"   --->   Operation 318 'read' 'p_read_1171' <Predicate = true> <Delay = 1.82> <CoreInst = "FIFO_SRL">   --->   Core 80 'FIFO_SRL' <Latency = 0> <II = 1> <Delay = 1.83> <Storage> <Opcode : 'read' 'write' 'nbread' 'nbwrite'> <Ports = 0> <Width = -1> <Depth = -1> <FIFO>
ST_1 : Operation 319 [1/1] (1.82ns)   --->   "%p_read_1172 = read i45 @_ssdm_op_Read.ap_auto.i45, i45 %p_read155"   --->   Operation 319 'read' 'p_read_1172' <Predicate = true> <Delay = 1.82> <CoreInst = "FIFO_SRL">   --->   Core 80 'FIFO_SRL' <Latency = 0> <II = 1> <Delay = 1.83> <Storage> <Opcode : 'read' 'write' 'nbread' 'nbwrite'> <Ports = 0> <Width = -1> <Depth = -1> <FIFO>
ST_1 : Operation 320 [1/1] (1.82ns)   --->   "%p_read_1173 = read i45 @_ssdm_op_Read.ap_auto.i45, i45 %p_read154"   --->   Operation 320 'read' 'p_read_1173' <Predicate = true> <Delay = 1.82> <CoreInst = "FIFO_SRL">   --->   Core 80 'FIFO_SRL' <Latency = 0> <II = 1> <Delay = 1.83> <Storage> <Opcode : 'read' 'write' 'nbread' 'nbwrite'> <Ports = 0> <Width = -1> <Depth = -1> <FIFO>
ST_1 : Operation 321 [1/1] (1.82ns)   --->   "%p_read_1174 = read i45 @_ssdm_op_Read.ap_auto.i45, i45 %p_read153"   --->   Operation 321 'read' 'p_read_1174' <Predicate = true> <Delay = 1.82> <CoreInst = "FIFO_SRL">   --->   Core 80 'FIFO_SRL' <Latency = 0> <II = 1> <Delay = 1.83> <Storage> <Opcode : 'read' 'write' 'nbread' 'nbwrite'> <Ports = 0> <Width = -1> <Depth = -1> <FIFO>
ST_1 : Operation 322 [1/1] (1.82ns)   --->   "%p_read_1175 = read i45 @_ssdm_op_Read.ap_auto.i45, i45 %p_read152"   --->   Operation 322 'read' 'p_read_1175' <Predicate = true> <Delay = 1.82> <CoreInst = "FIFO_SRL">   --->   Core 80 'FIFO_SRL' <Latency = 0> <II = 1> <Delay = 1.83> <Storage> <Opcode : 'read' 'write' 'nbread' 'nbwrite'> <Ports = 0> <Width = -1> <Depth = -1> <FIFO>
ST_1 : Operation 323 [1/1] (1.82ns)   --->   "%p_read_1176 = read i45 @_ssdm_op_Read.ap_auto.i45, i45 %p_read151"   --->   Operation 323 'read' 'p_read_1176' <Predicate = true> <Delay = 1.82> <CoreInst = "FIFO_SRL">   --->   Core 80 'FIFO_SRL' <Latency = 0> <II = 1> <Delay = 1.83> <Storage> <Opcode : 'read' 'write' 'nbread' 'nbwrite'> <Ports = 0> <Width = -1> <Depth = -1> <FIFO>
ST_1 : Operation 324 [1/1] (1.82ns)   --->   "%p_read_1177 = read i45 @_ssdm_op_Read.ap_auto.i45, i45 %p_read150"   --->   Operation 324 'read' 'p_read_1177' <Predicate = true> <Delay = 1.82> <CoreInst = "FIFO_SRL">   --->   Core 80 'FIFO_SRL' <Latency = 0> <II = 1> <Delay = 1.83> <Storage> <Opcode : 'read' 'write' 'nbread' 'nbwrite'> <Ports = 0> <Width = -1> <Depth = -1> <FIFO>
ST_1 : Operation 325 [1/1] (1.82ns)   --->   "%p_read_1178 = read i45 @_ssdm_op_Read.ap_auto.i45, i45 %p_read149"   --->   Operation 325 'read' 'p_read_1178' <Predicate = true> <Delay = 1.82> <CoreInst = "FIFO_SRL">   --->   Core 80 'FIFO_SRL' <Latency = 0> <II = 1> <Delay = 1.83> <Storage> <Opcode : 'read' 'write' 'nbread' 'nbwrite'> <Ports = 0> <Width = -1> <Depth = -1> <FIFO>
ST_1 : Operation 326 [1/1] (1.82ns)   --->   "%p_read_1179 = read i45 @_ssdm_op_Read.ap_auto.i45, i45 %p_read148"   --->   Operation 326 'read' 'p_read_1179' <Predicate = true> <Delay = 1.82> <CoreInst = "FIFO_SRL">   --->   Core 80 'FIFO_SRL' <Latency = 0> <II = 1> <Delay = 1.83> <Storage> <Opcode : 'read' 'write' 'nbread' 'nbwrite'> <Ports = 0> <Width = -1> <Depth = -1> <FIFO>
ST_1 : Operation 327 [1/1] (1.82ns)   --->   "%p_read_1180 = read i45 @_ssdm_op_Read.ap_auto.i45, i45 %p_read147"   --->   Operation 327 'read' 'p_read_1180' <Predicate = true> <Delay = 1.82> <CoreInst = "FIFO_SRL">   --->   Core 80 'FIFO_SRL' <Latency = 0> <II = 1> <Delay = 1.83> <Storage> <Opcode : 'read' 'write' 'nbread' 'nbwrite'> <Ports = 0> <Width = -1> <Depth = -1> <FIFO>
ST_1 : Operation 328 [1/1] (1.82ns)   --->   "%p_read_1181 = read i45 @_ssdm_op_Read.ap_auto.i45, i45 %p_read146"   --->   Operation 328 'read' 'p_read_1181' <Predicate = true> <Delay = 1.82> <CoreInst = "FIFO_SRL">   --->   Core 80 'FIFO_SRL' <Latency = 0> <II = 1> <Delay = 1.83> <Storage> <Opcode : 'read' 'write' 'nbread' 'nbwrite'> <Ports = 0> <Width = -1> <Depth = -1> <FIFO>
ST_1 : Operation 329 [1/1] (1.82ns)   --->   "%p_read_1182 = read i45 @_ssdm_op_Read.ap_auto.i45, i45 %p_read145"   --->   Operation 329 'read' 'p_read_1182' <Predicate = true> <Delay = 1.82> <CoreInst = "FIFO_SRL">   --->   Core 80 'FIFO_SRL' <Latency = 0> <II = 1> <Delay = 1.83> <Storage> <Opcode : 'read' 'write' 'nbread' 'nbwrite'> <Ports = 0> <Width = -1> <Depth = -1> <FIFO>
ST_1 : Operation 330 [1/1] (1.82ns)   --->   "%p_read_1183 = read i45 @_ssdm_op_Read.ap_auto.i45, i45 %p_read144"   --->   Operation 330 'read' 'p_read_1183' <Predicate = true> <Delay = 1.82> <CoreInst = "FIFO_SRL">   --->   Core 80 'FIFO_SRL' <Latency = 0> <II = 1> <Delay = 1.83> <Storage> <Opcode : 'read' 'write' 'nbread' 'nbwrite'> <Ports = 0> <Width = -1> <Depth = -1> <FIFO>
ST_1 : Operation 331 [1/1] (1.82ns)   --->   "%p_read_1184 = read i45 @_ssdm_op_Read.ap_auto.i45, i45 %p_read143"   --->   Operation 331 'read' 'p_read_1184' <Predicate = true> <Delay = 1.82> <CoreInst = "FIFO_SRL">   --->   Core 80 'FIFO_SRL' <Latency = 0> <II = 1> <Delay = 1.83> <Storage> <Opcode : 'read' 'write' 'nbread' 'nbwrite'> <Ports = 0> <Width = -1> <Depth = -1> <FIFO>
ST_1 : Operation 332 [1/1] (1.82ns)   --->   "%p_read_1185 = read i45 @_ssdm_op_Read.ap_auto.i45, i45 %p_read142"   --->   Operation 332 'read' 'p_read_1185' <Predicate = true> <Delay = 1.82> <CoreInst = "FIFO_SRL">   --->   Core 80 'FIFO_SRL' <Latency = 0> <II = 1> <Delay = 1.83> <Storage> <Opcode : 'read' 'write' 'nbread' 'nbwrite'> <Ports = 0> <Width = -1> <Depth = -1> <FIFO>
ST_1 : Operation 333 [1/1] (1.82ns)   --->   "%p_read_1186 = read i45 @_ssdm_op_Read.ap_auto.i45, i45 %p_read141"   --->   Operation 333 'read' 'p_read_1186' <Predicate = true> <Delay = 1.82> <CoreInst = "FIFO_SRL">   --->   Core 80 'FIFO_SRL' <Latency = 0> <II = 1> <Delay = 1.83> <Storage> <Opcode : 'read' 'write' 'nbread' 'nbwrite'> <Ports = 0> <Width = -1> <Depth = -1> <FIFO>
ST_1 : Operation 334 [1/1] (1.82ns)   --->   "%p_read_1187 = read i45 @_ssdm_op_Read.ap_auto.i45, i45 %p_read140"   --->   Operation 334 'read' 'p_read_1187' <Predicate = true> <Delay = 1.82> <CoreInst = "FIFO_SRL">   --->   Core 80 'FIFO_SRL' <Latency = 0> <II = 1> <Delay = 1.83> <Storage> <Opcode : 'read' 'write' 'nbread' 'nbwrite'> <Ports = 0> <Width = -1> <Depth = -1> <FIFO>
ST_1 : Operation 335 [1/1] (1.82ns)   --->   "%p_read_1188 = read i45 @_ssdm_op_Read.ap_auto.i45, i45 %p_read139"   --->   Operation 335 'read' 'p_read_1188' <Predicate = true> <Delay = 1.82> <CoreInst = "FIFO_SRL">   --->   Core 80 'FIFO_SRL' <Latency = 0> <II = 1> <Delay = 1.83> <Storage> <Opcode : 'read' 'write' 'nbread' 'nbwrite'> <Ports = 0> <Width = -1> <Depth = -1> <FIFO>
ST_1 : Operation 336 [1/1] (1.82ns)   --->   "%p_read_1189 = read i45 @_ssdm_op_Read.ap_auto.i45, i45 %p_read138"   --->   Operation 336 'read' 'p_read_1189' <Predicate = true> <Delay = 1.82> <CoreInst = "FIFO_SRL">   --->   Core 80 'FIFO_SRL' <Latency = 0> <II = 1> <Delay = 1.83> <Storage> <Opcode : 'read' 'write' 'nbread' 'nbwrite'> <Ports = 0> <Width = -1> <Depth = -1> <FIFO>
ST_1 : Operation 337 [1/1] (1.82ns)   --->   "%p_read_1190 = read i45 @_ssdm_op_Read.ap_auto.i45, i45 %p_read137"   --->   Operation 337 'read' 'p_read_1190' <Predicate = true> <Delay = 1.82> <CoreInst = "FIFO_SRL">   --->   Core 80 'FIFO_SRL' <Latency = 0> <II = 1> <Delay = 1.83> <Storage> <Opcode : 'read' 'write' 'nbread' 'nbwrite'> <Ports = 0> <Width = -1> <Depth = -1> <FIFO>
ST_1 : Operation 338 [1/1] (1.82ns)   --->   "%p_read_1191 = read i45 @_ssdm_op_Read.ap_auto.i45, i45 %p_read136"   --->   Operation 338 'read' 'p_read_1191' <Predicate = true> <Delay = 1.82> <CoreInst = "FIFO_SRL">   --->   Core 80 'FIFO_SRL' <Latency = 0> <II = 1> <Delay = 1.83> <Storage> <Opcode : 'read' 'write' 'nbread' 'nbwrite'> <Ports = 0> <Width = -1> <Depth = -1> <FIFO>
ST_1 : Operation 339 [1/1] (1.82ns)   --->   "%p_read_1192 = read i45 @_ssdm_op_Read.ap_auto.i45, i45 %p_read135"   --->   Operation 339 'read' 'p_read_1192' <Predicate = true> <Delay = 1.82> <CoreInst = "FIFO_SRL">   --->   Core 80 'FIFO_SRL' <Latency = 0> <II = 1> <Delay = 1.83> <Storage> <Opcode : 'read' 'write' 'nbread' 'nbwrite'> <Ports = 0> <Width = -1> <Depth = -1> <FIFO>
ST_1 : Operation 340 [1/1] (1.82ns)   --->   "%p_read_1193 = read i45 @_ssdm_op_Read.ap_auto.i45, i45 %p_read134"   --->   Operation 340 'read' 'p_read_1193' <Predicate = true> <Delay = 1.82> <CoreInst = "FIFO_SRL">   --->   Core 80 'FIFO_SRL' <Latency = 0> <II = 1> <Delay = 1.83> <Storage> <Opcode : 'read' 'write' 'nbread' 'nbwrite'> <Ports = 0> <Width = -1> <Depth = -1> <FIFO>
ST_1 : Operation 341 [1/1] (1.82ns)   --->   "%p_read_1194 = read i45 @_ssdm_op_Read.ap_auto.i45, i45 %p_read133"   --->   Operation 341 'read' 'p_read_1194' <Predicate = true> <Delay = 1.82> <CoreInst = "FIFO_SRL">   --->   Core 80 'FIFO_SRL' <Latency = 0> <II = 1> <Delay = 1.83> <Storage> <Opcode : 'read' 'write' 'nbread' 'nbwrite'> <Ports = 0> <Width = -1> <Depth = -1> <FIFO>
ST_1 : Operation 342 [1/1] (1.82ns)   --->   "%p_read_1195 = read i45 @_ssdm_op_Read.ap_auto.i45, i45 %p_read132"   --->   Operation 342 'read' 'p_read_1195' <Predicate = true> <Delay = 1.82> <CoreInst = "FIFO_SRL">   --->   Core 80 'FIFO_SRL' <Latency = 0> <II = 1> <Delay = 1.83> <Storage> <Opcode : 'read' 'write' 'nbread' 'nbwrite'> <Ports = 0> <Width = -1> <Depth = -1> <FIFO>
ST_1 : Operation 343 [1/1] (1.82ns)   --->   "%p_read_1196 = read i45 @_ssdm_op_Read.ap_auto.i45, i45 %p_read131"   --->   Operation 343 'read' 'p_read_1196' <Predicate = true> <Delay = 1.82> <CoreInst = "FIFO_SRL">   --->   Core 80 'FIFO_SRL' <Latency = 0> <II = 1> <Delay = 1.83> <Storage> <Opcode : 'read' 'write' 'nbread' 'nbwrite'> <Ports = 0> <Width = -1> <Depth = -1> <FIFO>
ST_1 : Operation 344 [1/1] (1.82ns)   --->   "%p_read_1197 = read i45 @_ssdm_op_Read.ap_auto.i45, i45 %p_read130"   --->   Operation 344 'read' 'p_read_1197' <Predicate = true> <Delay = 1.82> <CoreInst = "FIFO_SRL">   --->   Core 80 'FIFO_SRL' <Latency = 0> <II = 1> <Delay = 1.83> <Storage> <Opcode : 'read' 'write' 'nbread' 'nbwrite'> <Ports = 0> <Width = -1> <Depth = -1> <FIFO>
ST_1 : Operation 345 [1/1] (1.82ns)   --->   "%p_read_1198 = read i45 @_ssdm_op_Read.ap_auto.i45, i45 %p_read129"   --->   Operation 345 'read' 'p_read_1198' <Predicate = true> <Delay = 1.82> <CoreInst = "FIFO_SRL">   --->   Core 80 'FIFO_SRL' <Latency = 0> <II = 1> <Delay = 1.83> <Storage> <Opcode : 'read' 'write' 'nbread' 'nbwrite'> <Ports = 0> <Width = -1> <Depth = -1> <FIFO>
ST_1 : Operation 346 [1/1] (1.82ns)   --->   "%p_read_1199 = read i45 @_ssdm_op_Read.ap_auto.i45, i45 %p_read128"   --->   Operation 346 'read' 'p_read_1199' <Predicate = true> <Delay = 1.82> <CoreInst = "FIFO_SRL">   --->   Core 80 'FIFO_SRL' <Latency = 0> <II = 1> <Delay = 1.83> <Storage> <Opcode : 'read' 'write' 'nbread' 'nbwrite'> <Ports = 0> <Width = -1> <Depth = -1> <FIFO>
ST_1 : Operation 347 [1/1] (1.82ns)   --->   "%p_read_1200 = read i45 @_ssdm_op_Read.ap_auto.i45, i45 %p_read127"   --->   Operation 347 'read' 'p_read_1200' <Predicate = true> <Delay = 1.82> <CoreInst = "FIFO_SRL">   --->   Core 80 'FIFO_SRL' <Latency = 0> <II = 1> <Delay = 1.83> <Storage> <Opcode : 'read' 'write' 'nbread' 'nbwrite'> <Ports = 0> <Width = -1> <Depth = -1> <FIFO>
ST_1 : Operation 348 [1/1] (1.82ns)   --->   "%p_read_1201 = read i45 @_ssdm_op_Read.ap_auto.i45, i45 %p_read126"   --->   Operation 348 'read' 'p_read_1201' <Predicate = true> <Delay = 1.82> <CoreInst = "FIFO_SRL">   --->   Core 80 'FIFO_SRL' <Latency = 0> <II = 1> <Delay = 1.83> <Storage> <Opcode : 'read' 'write' 'nbread' 'nbwrite'> <Ports = 0> <Width = -1> <Depth = -1> <FIFO>
ST_1 : Operation 349 [1/1] (1.82ns)   --->   "%p_read_1202 = read i45 @_ssdm_op_Read.ap_auto.i45, i45 %p_read125"   --->   Operation 349 'read' 'p_read_1202' <Predicate = true> <Delay = 1.82> <CoreInst = "FIFO_SRL">   --->   Core 80 'FIFO_SRL' <Latency = 0> <II = 1> <Delay = 1.83> <Storage> <Opcode : 'read' 'write' 'nbread' 'nbwrite'> <Ports = 0> <Width = -1> <Depth = -1> <FIFO>
ST_1 : Operation 350 [1/1] (1.82ns)   --->   "%p_read_1203 = read i45 @_ssdm_op_Read.ap_auto.i45, i45 %p_read124"   --->   Operation 350 'read' 'p_read_1203' <Predicate = true> <Delay = 1.82> <CoreInst = "FIFO_SRL">   --->   Core 80 'FIFO_SRL' <Latency = 0> <II = 1> <Delay = 1.83> <Storage> <Opcode : 'read' 'write' 'nbread' 'nbwrite'> <Ports = 0> <Width = -1> <Depth = -1> <FIFO>
ST_1 : Operation 351 [1/1] (1.82ns)   --->   "%p_read_1204 = read i45 @_ssdm_op_Read.ap_auto.i45, i45 %p_read123"   --->   Operation 351 'read' 'p_read_1204' <Predicate = true> <Delay = 1.82> <CoreInst = "FIFO_SRL">   --->   Core 80 'FIFO_SRL' <Latency = 0> <II = 1> <Delay = 1.83> <Storage> <Opcode : 'read' 'write' 'nbread' 'nbwrite'> <Ports = 0> <Width = -1> <Depth = -1> <FIFO>
ST_1 : Operation 352 [1/1] (1.82ns)   --->   "%p_read_1205 = read i45 @_ssdm_op_Read.ap_auto.i45, i45 %p_read122"   --->   Operation 352 'read' 'p_read_1205' <Predicate = true> <Delay = 1.82> <CoreInst = "FIFO_SRL">   --->   Core 80 'FIFO_SRL' <Latency = 0> <II = 1> <Delay = 1.83> <Storage> <Opcode : 'read' 'write' 'nbread' 'nbwrite'> <Ports = 0> <Width = -1> <Depth = -1> <FIFO>
ST_1 : Operation 353 [1/1] (1.82ns)   --->   "%p_read_1206 = read i45 @_ssdm_op_Read.ap_auto.i45, i45 %p_read121"   --->   Operation 353 'read' 'p_read_1206' <Predicate = true> <Delay = 1.82> <CoreInst = "FIFO_SRL">   --->   Core 80 'FIFO_SRL' <Latency = 0> <II = 1> <Delay = 1.83> <Storage> <Opcode : 'read' 'write' 'nbread' 'nbwrite'> <Ports = 0> <Width = -1> <Depth = -1> <FIFO>
ST_1 : Operation 354 [1/1] (1.82ns)   --->   "%p_read_1207 = read i45 @_ssdm_op_Read.ap_auto.i45, i45 %p_read120"   --->   Operation 354 'read' 'p_read_1207' <Predicate = true> <Delay = 1.82> <CoreInst = "FIFO_SRL">   --->   Core 80 'FIFO_SRL' <Latency = 0> <II = 1> <Delay = 1.83> <Storage> <Opcode : 'read' 'write' 'nbread' 'nbwrite'> <Ports = 0> <Width = -1> <Depth = -1> <FIFO>
ST_1 : Operation 355 [1/1] (1.82ns)   --->   "%p_read_1208 = read i45 @_ssdm_op_Read.ap_auto.i45, i45 %p_read119"   --->   Operation 355 'read' 'p_read_1208' <Predicate = true> <Delay = 1.82> <CoreInst = "FIFO_SRL">   --->   Core 80 'FIFO_SRL' <Latency = 0> <II = 1> <Delay = 1.83> <Storage> <Opcode : 'read' 'write' 'nbread' 'nbwrite'> <Ports = 0> <Width = -1> <Depth = -1> <FIFO>
ST_1 : Operation 356 [1/1] (1.82ns)   --->   "%p_read_1209 = read i45 @_ssdm_op_Read.ap_auto.i45, i45 %p_read118"   --->   Operation 356 'read' 'p_read_1209' <Predicate = true> <Delay = 1.82> <CoreInst = "FIFO_SRL">   --->   Core 80 'FIFO_SRL' <Latency = 0> <II = 1> <Delay = 1.83> <Storage> <Opcode : 'read' 'write' 'nbread' 'nbwrite'> <Ports = 0> <Width = -1> <Depth = -1> <FIFO>
ST_1 : Operation 357 [1/1] (1.82ns)   --->   "%p_read_1210 = read i45 @_ssdm_op_Read.ap_auto.i45, i45 %p_read117"   --->   Operation 357 'read' 'p_read_1210' <Predicate = true> <Delay = 1.82> <CoreInst = "FIFO_SRL">   --->   Core 80 'FIFO_SRL' <Latency = 0> <II = 1> <Delay = 1.83> <Storage> <Opcode : 'read' 'write' 'nbread' 'nbwrite'> <Ports = 0> <Width = -1> <Depth = -1> <FIFO>
ST_1 : Operation 358 [1/1] (1.82ns)   --->   "%p_read_1211 = read i45 @_ssdm_op_Read.ap_auto.i45, i45 %p_read116"   --->   Operation 358 'read' 'p_read_1211' <Predicate = true> <Delay = 1.82> <CoreInst = "FIFO_SRL">   --->   Core 80 'FIFO_SRL' <Latency = 0> <II = 1> <Delay = 1.83> <Storage> <Opcode : 'read' 'write' 'nbread' 'nbwrite'> <Ports = 0> <Width = -1> <Depth = -1> <FIFO>
ST_1 : Operation 359 [1/1] (1.82ns)   --->   "%p_read_1212 = read i45 @_ssdm_op_Read.ap_auto.i45, i45 %p_read115"   --->   Operation 359 'read' 'p_read_1212' <Predicate = true> <Delay = 1.82> <CoreInst = "FIFO_SRL">   --->   Core 80 'FIFO_SRL' <Latency = 0> <II = 1> <Delay = 1.83> <Storage> <Opcode : 'read' 'write' 'nbread' 'nbwrite'> <Ports = 0> <Width = -1> <Depth = -1> <FIFO>
ST_1 : Operation 360 [1/1] (1.82ns)   --->   "%p_read_1213 = read i45 @_ssdm_op_Read.ap_auto.i45, i45 %p_read114"   --->   Operation 360 'read' 'p_read_1213' <Predicate = true> <Delay = 1.82> <CoreInst = "FIFO_SRL">   --->   Core 80 'FIFO_SRL' <Latency = 0> <II = 1> <Delay = 1.83> <Storage> <Opcode : 'read' 'write' 'nbread' 'nbwrite'> <Ports = 0> <Width = -1> <Depth = -1> <FIFO>
ST_1 : Operation 361 [1/1] (1.82ns)   --->   "%p_read_1214 = read i45 @_ssdm_op_Read.ap_auto.i45, i45 %p_read113"   --->   Operation 361 'read' 'p_read_1214' <Predicate = true> <Delay = 1.82> <CoreInst = "FIFO_SRL">   --->   Core 80 'FIFO_SRL' <Latency = 0> <II = 1> <Delay = 1.83> <Storage> <Opcode : 'read' 'write' 'nbread' 'nbwrite'> <Ports = 0> <Width = -1> <Depth = -1> <FIFO>
ST_1 : Operation 362 [1/1] (1.82ns)   --->   "%p_read_1215 = read i45 @_ssdm_op_Read.ap_auto.i45, i45 %p_read112"   --->   Operation 362 'read' 'p_read_1215' <Predicate = true> <Delay = 1.82> <CoreInst = "FIFO_SRL">   --->   Core 80 'FIFO_SRL' <Latency = 0> <II = 1> <Delay = 1.83> <Storage> <Opcode : 'read' 'write' 'nbread' 'nbwrite'> <Ports = 0> <Width = -1> <Depth = -1> <FIFO>
ST_1 : Operation 363 [1/1] (1.82ns)   --->   "%p_read_1216 = read i45 @_ssdm_op_Read.ap_auto.i45, i45 %p_read111"   --->   Operation 363 'read' 'p_read_1216' <Predicate = true> <Delay = 1.82> <CoreInst = "FIFO_SRL">   --->   Core 80 'FIFO_SRL' <Latency = 0> <II = 1> <Delay = 1.83> <Storage> <Opcode : 'read' 'write' 'nbread' 'nbwrite'> <Ports = 0> <Width = -1> <Depth = -1> <FIFO>
ST_1 : Operation 364 [1/1] (1.82ns)   --->   "%p_read_1217 = read i45 @_ssdm_op_Read.ap_auto.i45, i45 %p_read110"   --->   Operation 364 'read' 'p_read_1217' <Predicate = true> <Delay = 1.82> <CoreInst = "FIFO_SRL">   --->   Core 80 'FIFO_SRL' <Latency = 0> <II = 1> <Delay = 1.83> <Storage> <Opcode : 'read' 'write' 'nbread' 'nbwrite'> <Ports = 0> <Width = -1> <Depth = -1> <FIFO>
ST_1 : Operation 365 [1/1] (1.82ns)   --->   "%p_read_1218 = read i45 @_ssdm_op_Read.ap_auto.i45, i45 %p_read109"   --->   Operation 365 'read' 'p_read_1218' <Predicate = true> <Delay = 1.82> <CoreInst = "FIFO_SRL">   --->   Core 80 'FIFO_SRL' <Latency = 0> <II = 1> <Delay = 1.83> <Storage> <Opcode : 'read' 'write' 'nbread' 'nbwrite'> <Ports = 0> <Width = -1> <Depth = -1> <FIFO>
ST_1 : Operation 366 [1/1] (1.82ns)   --->   "%p_read_1219 = read i45 @_ssdm_op_Read.ap_auto.i45, i45 %p_read108"   --->   Operation 366 'read' 'p_read_1219' <Predicate = true> <Delay = 1.82> <CoreInst = "FIFO_SRL">   --->   Core 80 'FIFO_SRL' <Latency = 0> <II = 1> <Delay = 1.83> <Storage> <Opcode : 'read' 'write' 'nbread' 'nbwrite'> <Ports = 0> <Width = -1> <Depth = -1> <FIFO>
ST_1 : Operation 367 [1/1] (1.82ns)   --->   "%p_read_1220 = read i45 @_ssdm_op_Read.ap_auto.i45, i45 %p_read107"   --->   Operation 367 'read' 'p_read_1220' <Predicate = true> <Delay = 1.82> <CoreInst = "FIFO_SRL">   --->   Core 80 'FIFO_SRL' <Latency = 0> <II = 1> <Delay = 1.83> <Storage> <Opcode : 'read' 'write' 'nbread' 'nbwrite'> <Ports = 0> <Width = -1> <Depth = -1> <FIFO>
ST_1 : Operation 368 [1/1] (1.82ns)   --->   "%p_read_1221 = read i45 @_ssdm_op_Read.ap_auto.i45, i45 %p_read106"   --->   Operation 368 'read' 'p_read_1221' <Predicate = true> <Delay = 1.82> <CoreInst = "FIFO_SRL">   --->   Core 80 'FIFO_SRL' <Latency = 0> <II = 1> <Delay = 1.83> <Storage> <Opcode : 'read' 'write' 'nbread' 'nbwrite'> <Ports = 0> <Width = -1> <Depth = -1> <FIFO>
ST_1 : Operation 369 [1/1] (1.82ns)   --->   "%p_read_1222 = read i45 @_ssdm_op_Read.ap_auto.i45, i45 %p_read105"   --->   Operation 369 'read' 'p_read_1222' <Predicate = true> <Delay = 1.82> <CoreInst = "FIFO_SRL">   --->   Core 80 'FIFO_SRL' <Latency = 0> <II = 1> <Delay = 1.83> <Storage> <Opcode : 'read' 'write' 'nbread' 'nbwrite'> <Ports = 0> <Width = -1> <Depth = -1> <FIFO>
ST_1 : Operation 370 [1/1] (1.82ns)   --->   "%p_read_1223 = read i45 @_ssdm_op_Read.ap_auto.i45, i45 %p_read104"   --->   Operation 370 'read' 'p_read_1223' <Predicate = true> <Delay = 1.82> <CoreInst = "FIFO_SRL">   --->   Core 80 'FIFO_SRL' <Latency = 0> <II = 1> <Delay = 1.83> <Storage> <Opcode : 'read' 'write' 'nbread' 'nbwrite'> <Ports = 0> <Width = -1> <Depth = -1> <FIFO>
ST_1 : Operation 371 [1/1] (1.82ns)   --->   "%p_read_1224 = read i45 @_ssdm_op_Read.ap_auto.i45, i45 %p_read103"   --->   Operation 371 'read' 'p_read_1224' <Predicate = true> <Delay = 1.82> <CoreInst = "FIFO_SRL">   --->   Core 80 'FIFO_SRL' <Latency = 0> <II = 1> <Delay = 1.83> <Storage> <Opcode : 'read' 'write' 'nbread' 'nbwrite'> <Ports = 0> <Width = -1> <Depth = -1> <FIFO>
ST_1 : Operation 372 [1/1] (1.82ns)   --->   "%p_read_1225 = read i45 @_ssdm_op_Read.ap_auto.i45, i45 %p_read102"   --->   Operation 372 'read' 'p_read_1225' <Predicate = true> <Delay = 1.82> <CoreInst = "FIFO_SRL">   --->   Core 80 'FIFO_SRL' <Latency = 0> <II = 1> <Delay = 1.83> <Storage> <Opcode : 'read' 'write' 'nbread' 'nbwrite'> <Ports = 0> <Width = -1> <Depth = -1> <FIFO>
ST_1 : Operation 373 [1/1] (1.82ns)   --->   "%p_read_1226 = read i45 @_ssdm_op_Read.ap_auto.i45, i45 %p_read101"   --->   Operation 373 'read' 'p_read_1226' <Predicate = true> <Delay = 1.82> <CoreInst = "FIFO_SRL">   --->   Core 80 'FIFO_SRL' <Latency = 0> <II = 1> <Delay = 1.83> <Storage> <Opcode : 'read' 'write' 'nbread' 'nbwrite'> <Ports = 0> <Width = -1> <Depth = -1> <FIFO>
ST_1 : Operation 374 [1/1] (1.82ns)   --->   "%p_read100550 = read i45 @_ssdm_op_Read.ap_auto.i45, i45 %p_read100"   --->   Operation 374 'read' 'p_read100550' <Predicate = true> <Delay = 1.82> <CoreInst = "FIFO_SRL">   --->   Core 80 'FIFO_SRL' <Latency = 0> <II = 1> <Delay = 1.83> <Storage> <Opcode : 'read' 'write' 'nbread' 'nbwrite'> <Ports = 0> <Width = -1> <Depth = -1> <FIFO>
ST_1 : Operation 375 [1/1] (1.82ns)   --->   "%p_read_1227 = read i45 @_ssdm_op_Read.ap_auto.i45, i45 %p_read99"   --->   Operation 375 'read' 'p_read_1227' <Predicate = true> <Delay = 1.82> <CoreInst = "FIFO_SRL">   --->   Core 80 'FIFO_SRL' <Latency = 0> <II = 1> <Delay = 1.83> <Storage> <Opcode : 'read' 'write' 'nbread' 'nbwrite'> <Ports = 0> <Width = -1> <Depth = -1> <FIFO>
ST_1 : Operation 376 [1/1] (1.82ns)   --->   "%p_read_1228 = read i45 @_ssdm_op_Read.ap_auto.i45, i45 %p_read98"   --->   Operation 376 'read' 'p_read_1228' <Predicate = true> <Delay = 1.82> <CoreInst = "FIFO_SRL">   --->   Core 80 'FIFO_SRL' <Latency = 0> <II = 1> <Delay = 1.83> <Storage> <Opcode : 'read' 'write' 'nbread' 'nbwrite'> <Ports = 0> <Width = -1> <Depth = -1> <FIFO>
ST_1 : Operation 377 [1/1] (1.82ns)   --->   "%p_read_1229 = read i45 @_ssdm_op_Read.ap_auto.i45, i45 %p_read97"   --->   Operation 377 'read' 'p_read_1229' <Predicate = true> <Delay = 1.82> <CoreInst = "FIFO_SRL">   --->   Core 80 'FIFO_SRL' <Latency = 0> <II = 1> <Delay = 1.83> <Storage> <Opcode : 'read' 'write' 'nbread' 'nbwrite'> <Ports = 0> <Width = -1> <Depth = -1> <FIFO>
ST_1 : Operation 378 [1/1] (1.82ns)   --->   "%p_read_1230 = read i45 @_ssdm_op_Read.ap_auto.i45, i45 %p_read96"   --->   Operation 378 'read' 'p_read_1230' <Predicate = true> <Delay = 1.82> <CoreInst = "FIFO_SRL">   --->   Core 80 'FIFO_SRL' <Latency = 0> <II = 1> <Delay = 1.83> <Storage> <Opcode : 'read' 'write' 'nbread' 'nbwrite'> <Ports = 0> <Width = -1> <Depth = -1> <FIFO>
ST_1 : Operation 379 [1/1] (1.82ns)   --->   "%p_read_1231 = read i45 @_ssdm_op_Read.ap_auto.i45, i45 %p_read95"   --->   Operation 379 'read' 'p_read_1231' <Predicate = true> <Delay = 1.82> <CoreInst = "FIFO_SRL">   --->   Core 80 'FIFO_SRL' <Latency = 0> <II = 1> <Delay = 1.83> <Storage> <Opcode : 'read' 'write' 'nbread' 'nbwrite'> <Ports = 0> <Width = -1> <Depth = -1> <FIFO>
ST_1 : Operation 380 [1/1] (1.82ns)   --->   "%p_read_1232 = read i45 @_ssdm_op_Read.ap_auto.i45, i45 %p_read94"   --->   Operation 380 'read' 'p_read_1232' <Predicate = true> <Delay = 1.82> <CoreInst = "FIFO_SRL">   --->   Core 80 'FIFO_SRL' <Latency = 0> <II = 1> <Delay = 1.83> <Storage> <Opcode : 'read' 'write' 'nbread' 'nbwrite'> <Ports = 0> <Width = -1> <Depth = -1> <FIFO>
ST_1 : Operation 381 [1/1] (1.82ns)   --->   "%p_read_1233 = read i45 @_ssdm_op_Read.ap_auto.i45, i45 %p_read93"   --->   Operation 381 'read' 'p_read_1233' <Predicate = true> <Delay = 1.82> <CoreInst = "FIFO_SRL">   --->   Core 80 'FIFO_SRL' <Latency = 0> <II = 1> <Delay = 1.83> <Storage> <Opcode : 'read' 'write' 'nbread' 'nbwrite'> <Ports = 0> <Width = -1> <Depth = -1> <FIFO>
ST_1 : Operation 382 [1/1] (1.82ns)   --->   "%p_read_1234 = read i45 @_ssdm_op_Read.ap_auto.i45, i45 %p_read92"   --->   Operation 382 'read' 'p_read_1234' <Predicate = true> <Delay = 1.82> <CoreInst = "FIFO_SRL">   --->   Core 80 'FIFO_SRL' <Latency = 0> <II = 1> <Delay = 1.83> <Storage> <Opcode : 'read' 'write' 'nbread' 'nbwrite'> <Ports = 0> <Width = -1> <Depth = -1> <FIFO>
ST_1 : Operation 383 [1/1] (1.82ns)   --->   "%p_read_1235 = read i45 @_ssdm_op_Read.ap_auto.i45, i45 %p_read91"   --->   Operation 383 'read' 'p_read_1235' <Predicate = true> <Delay = 1.82> <CoreInst = "FIFO_SRL">   --->   Core 80 'FIFO_SRL' <Latency = 0> <II = 1> <Delay = 1.83> <Storage> <Opcode : 'read' 'write' 'nbread' 'nbwrite'> <Ports = 0> <Width = -1> <Depth = -1> <FIFO>
ST_1 : Operation 384 [1/1] (1.82ns)   --->   "%p_read90540 = read i45 @_ssdm_op_Read.ap_auto.i45, i45 %p_read90"   --->   Operation 384 'read' 'p_read90540' <Predicate = true> <Delay = 1.82> <CoreInst = "FIFO_SRL">   --->   Core 80 'FIFO_SRL' <Latency = 0> <II = 1> <Delay = 1.83> <Storage> <Opcode : 'read' 'write' 'nbread' 'nbwrite'> <Ports = 0> <Width = -1> <Depth = -1> <FIFO>
ST_1 : Operation 385 [1/1] (1.82ns)   --->   "%p_read_1236 = read i45 @_ssdm_op_Read.ap_auto.i45, i45 %p_read89"   --->   Operation 385 'read' 'p_read_1236' <Predicate = true> <Delay = 1.82> <CoreInst = "FIFO_SRL">   --->   Core 80 'FIFO_SRL' <Latency = 0> <II = 1> <Delay = 1.83> <Storage> <Opcode : 'read' 'write' 'nbread' 'nbwrite'> <Ports = 0> <Width = -1> <Depth = -1> <FIFO>
ST_1 : Operation 386 [1/1] (1.82ns)   --->   "%p_read_1237 = read i45 @_ssdm_op_Read.ap_auto.i45, i45 %p_read88"   --->   Operation 386 'read' 'p_read_1237' <Predicate = true> <Delay = 1.82> <CoreInst = "FIFO_SRL">   --->   Core 80 'FIFO_SRL' <Latency = 0> <II = 1> <Delay = 1.83> <Storage> <Opcode : 'read' 'write' 'nbread' 'nbwrite'> <Ports = 0> <Width = -1> <Depth = -1> <FIFO>
ST_1 : Operation 387 [1/1] (1.82ns)   --->   "%p_read_1238 = read i45 @_ssdm_op_Read.ap_auto.i45, i45 %p_read87"   --->   Operation 387 'read' 'p_read_1238' <Predicate = true> <Delay = 1.82> <CoreInst = "FIFO_SRL">   --->   Core 80 'FIFO_SRL' <Latency = 0> <II = 1> <Delay = 1.83> <Storage> <Opcode : 'read' 'write' 'nbread' 'nbwrite'> <Ports = 0> <Width = -1> <Depth = -1> <FIFO>
ST_1 : Operation 388 [1/1] (1.82ns)   --->   "%p_read_1239 = read i45 @_ssdm_op_Read.ap_auto.i45, i45 %p_read86"   --->   Operation 388 'read' 'p_read_1239' <Predicate = true> <Delay = 1.82> <CoreInst = "FIFO_SRL">   --->   Core 80 'FIFO_SRL' <Latency = 0> <II = 1> <Delay = 1.83> <Storage> <Opcode : 'read' 'write' 'nbread' 'nbwrite'> <Ports = 0> <Width = -1> <Depth = -1> <FIFO>
ST_1 : Operation 389 [1/1] (1.82ns)   --->   "%p_read_1240 = read i45 @_ssdm_op_Read.ap_auto.i45, i45 %p_read85"   --->   Operation 389 'read' 'p_read_1240' <Predicate = true> <Delay = 1.82> <CoreInst = "FIFO_SRL">   --->   Core 80 'FIFO_SRL' <Latency = 0> <II = 1> <Delay = 1.83> <Storage> <Opcode : 'read' 'write' 'nbread' 'nbwrite'> <Ports = 0> <Width = -1> <Depth = -1> <FIFO>
ST_1 : Operation 390 [1/1] (1.82ns)   --->   "%p_read_1241 = read i45 @_ssdm_op_Read.ap_auto.i45, i45 %p_read84"   --->   Operation 390 'read' 'p_read_1241' <Predicate = true> <Delay = 1.82> <CoreInst = "FIFO_SRL">   --->   Core 80 'FIFO_SRL' <Latency = 0> <II = 1> <Delay = 1.83> <Storage> <Opcode : 'read' 'write' 'nbread' 'nbwrite'> <Ports = 0> <Width = -1> <Depth = -1> <FIFO>
ST_1 : Operation 391 [1/1] (1.82ns)   --->   "%p_read_1242 = read i45 @_ssdm_op_Read.ap_auto.i45, i45 %p_read83"   --->   Operation 391 'read' 'p_read_1242' <Predicate = true> <Delay = 1.82> <CoreInst = "FIFO_SRL">   --->   Core 80 'FIFO_SRL' <Latency = 0> <II = 1> <Delay = 1.83> <Storage> <Opcode : 'read' 'write' 'nbread' 'nbwrite'> <Ports = 0> <Width = -1> <Depth = -1> <FIFO>
ST_1 : Operation 392 [1/1] (1.82ns)   --->   "%p_read_1243 = read i45 @_ssdm_op_Read.ap_auto.i45, i45 %p_read82"   --->   Operation 392 'read' 'p_read_1243' <Predicate = true> <Delay = 1.82> <CoreInst = "FIFO_SRL">   --->   Core 80 'FIFO_SRL' <Latency = 0> <II = 1> <Delay = 1.83> <Storage> <Opcode : 'read' 'write' 'nbread' 'nbwrite'> <Ports = 0> <Width = -1> <Depth = -1> <FIFO>
ST_1 : Operation 393 [1/1] (1.82ns)   --->   "%p_read_1244 = read i45 @_ssdm_op_Read.ap_auto.i45, i45 %p_read81"   --->   Operation 393 'read' 'p_read_1244' <Predicate = true> <Delay = 1.82> <CoreInst = "FIFO_SRL">   --->   Core 80 'FIFO_SRL' <Latency = 0> <II = 1> <Delay = 1.83> <Storage> <Opcode : 'read' 'write' 'nbread' 'nbwrite'> <Ports = 0> <Width = -1> <Depth = -1> <FIFO>
ST_1 : Operation 394 [1/1] (1.82ns)   --->   "%p_read80530 = read i45 @_ssdm_op_Read.ap_auto.i45, i45 %p_read80"   --->   Operation 394 'read' 'p_read80530' <Predicate = true> <Delay = 1.82> <CoreInst = "FIFO_SRL">   --->   Core 80 'FIFO_SRL' <Latency = 0> <II = 1> <Delay = 1.83> <Storage> <Opcode : 'read' 'write' 'nbread' 'nbwrite'> <Ports = 0> <Width = -1> <Depth = -1> <FIFO>
ST_1 : Operation 395 [1/1] (1.82ns)   --->   "%p_read_1245 = read i45 @_ssdm_op_Read.ap_auto.i45, i45 %p_read79"   --->   Operation 395 'read' 'p_read_1245' <Predicate = true> <Delay = 1.82> <CoreInst = "FIFO_SRL">   --->   Core 80 'FIFO_SRL' <Latency = 0> <II = 1> <Delay = 1.83> <Storage> <Opcode : 'read' 'write' 'nbread' 'nbwrite'> <Ports = 0> <Width = -1> <Depth = -1> <FIFO>
ST_1 : Operation 396 [1/1] (1.82ns)   --->   "%p_read_1246 = read i45 @_ssdm_op_Read.ap_auto.i45, i45 %p_read78"   --->   Operation 396 'read' 'p_read_1246' <Predicate = true> <Delay = 1.82> <CoreInst = "FIFO_SRL">   --->   Core 80 'FIFO_SRL' <Latency = 0> <II = 1> <Delay = 1.83> <Storage> <Opcode : 'read' 'write' 'nbread' 'nbwrite'> <Ports = 0> <Width = -1> <Depth = -1> <FIFO>
ST_1 : Operation 397 [1/1] (1.82ns)   --->   "%p_read_1247 = read i45 @_ssdm_op_Read.ap_auto.i45, i45 %p_read77"   --->   Operation 397 'read' 'p_read_1247' <Predicate = true> <Delay = 1.82> <CoreInst = "FIFO_SRL">   --->   Core 80 'FIFO_SRL' <Latency = 0> <II = 1> <Delay = 1.83> <Storage> <Opcode : 'read' 'write' 'nbread' 'nbwrite'> <Ports = 0> <Width = -1> <Depth = -1> <FIFO>
ST_1 : Operation 398 [1/1] (1.82ns)   --->   "%p_read_1248 = read i45 @_ssdm_op_Read.ap_auto.i45, i45 %p_read76"   --->   Operation 398 'read' 'p_read_1248' <Predicate = true> <Delay = 1.82> <CoreInst = "FIFO_SRL">   --->   Core 80 'FIFO_SRL' <Latency = 0> <II = 1> <Delay = 1.83> <Storage> <Opcode : 'read' 'write' 'nbread' 'nbwrite'> <Ports = 0> <Width = -1> <Depth = -1> <FIFO>
ST_1 : Operation 399 [1/1] (1.82ns)   --->   "%p_read_1249 = read i45 @_ssdm_op_Read.ap_auto.i45, i45 %p_read75"   --->   Operation 399 'read' 'p_read_1249' <Predicate = true> <Delay = 1.82> <CoreInst = "FIFO_SRL">   --->   Core 80 'FIFO_SRL' <Latency = 0> <II = 1> <Delay = 1.83> <Storage> <Opcode : 'read' 'write' 'nbread' 'nbwrite'> <Ports = 0> <Width = -1> <Depth = -1> <FIFO>
ST_1 : Operation 400 [1/1] (1.82ns)   --->   "%p_read_1250 = read i45 @_ssdm_op_Read.ap_auto.i45, i45 %p_read74"   --->   Operation 400 'read' 'p_read_1250' <Predicate = true> <Delay = 1.82> <CoreInst = "FIFO_SRL">   --->   Core 80 'FIFO_SRL' <Latency = 0> <II = 1> <Delay = 1.83> <Storage> <Opcode : 'read' 'write' 'nbread' 'nbwrite'> <Ports = 0> <Width = -1> <Depth = -1> <FIFO>
ST_1 : Operation 401 [1/1] (1.82ns)   --->   "%p_read_1251 = read i45 @_ssdm_op_Read.ap_auto.i45, i45 %p_read73"   --->   Operation 401 'read' 'p_read_1251' <Predicate = true> <Delay = 1.82> <CoreInst = "FIFO_SRL">   --->   Core 80 'FIFO_SRL' <Latency = 0> <II = 1> <Delay = 1.83> <Storage> <Opcode : 'read' 'write' 'nbread' 'nbwrite'> <Ports = 0> <Width = -1> <Depth = -1> <FIFO>
ST_1 : Operation 402 [1/1] (1.82ns)   --->   "%p_read_1252 = read i45 @_ssdm_op_Read.ap_auto.i45, i45 %p_read72"   --->   Operation 402 'read' 'p_read_1252' <Predicate = true> <Delay = 1.82> <CoreInst = "FIFO_SRL">   --->   Core 80 'FIFO_SRL' <Latency = 0> <II = 1> <Delay = 1.83> <Storage> <Opcode : 'read' 'write' 'nbread' 'nbwrite'> <Ports = 0> <Width = -1> <Depth = -1> <FIFO>
ST_1 : Operation 403 [1/1] (1.82ns)   --->   "%p_read_1253 = read i45 @_ssdm_op_Read.ap_auto.i45, i45 %p_read71"   --->   Operation 403 'read' 'p_read_1253' <Predicate = true> <Delay = 1.82> <CoreInst = "FIFO_SRL">   --->   Core 80 'FIFO_SRL' <Latency = 0> <II = 1> <Delay = 1.83> <Storage> <Opcode : 'read' 'write' 'nbread' 'nbwrite'> <Ports = 0> <Width = -1> <Depth = -1> <FIFO>
ST_1 : Operation 404 [1/1] (1.82ns)   --->   "%p_read70520 = read i45 @_ssdm_op_Read.ap_auto.i45, i45 %p_read70"   --->   Operation 404 'read' 'p_read70520' <Predicate = true> <Delay = 1.82> <CoreInst = "FIFO_SRL">   --->   Core 80 'FIFO_SRL' <Latency = 0> <II = 1> <Delay = 1.83> <Storage> <Opcode : 'read' 'write' 'nbread' 'nbwrite'> <Ports = 0> <Width = -1> <Depth = -1> <FIFO>
ST_1 : Operation 405 [1/1] (1.82ns)   --->   "%p_read_1254 = read i45 @_ssdm_op_Read.ap_auto.i45, i45 %p_read69"   --->   Operation 405 'read' 'p_read_1254' <Predicate = true> <Delay = 1.82> <CoreInst = "FIFO_SRL">   --->   Core 80 'FIFO_SRL' <Latency = 0> <II = 1> <Delay = 1.83> <Storage> <Opcode : 'read' 'write' 'nbread' 'nbwrite'> <Ports = 0> <Width = -1> <Depth = -1> <FIFO>
ST_1 : Operation 406 [1/1] (1.82ns)   --->   "%p_read_1255 = read i45 @_ssdm_op_Read.ap_auto.i45, i45 %p_read68"   --->   Operation 406 'read' 'p_read_1255' <Predicate = true> <Delay = 1.82> <CoreInst = "FIFO_SRL">   --->   Core 80 'FIFO_SRL' <Latency = 0> <II = 1> <Delay = 1.83> <Storage> <Opcode : 'read' 'write' 'nbread' 'nbwrite'> <Ports = 0> <Width = -1> <Depth = -1> <FIFO>
ST_1 : Operation 407 [1/1] (1.82ns)   --->   "%p_read_1256 = read i45 @_ssdm_op_Read.ap_auto.i45, i45 %p_read67"   --->   Operation 407 'read' 'p_read_1256' <Predicate = true> <Delay = 1.82> <CoreInst = "FIFO_SRL">   --->   Core 80 'FIFO_SRL' <Latency = 0> <II = 1> <Delay = 1.83> <Storage> <Opcode : 'read' 'write' 'nbread' 'nbwrite'> <Ports = 0> <Width = -1> <Depth = -1> <FIFO>
ST_1 : Operation 408 [1/1] (1.82ns)   --->   "%p_read_1257 = read i45 @_ssdm_op_Read.ap_auto.i45, i45 %p_read66"   --->   Operation 408 'read' 'p_read_1257' <Predicate = true> <Delay = 1.82> <CoreInst = "FIFO_SRL">   --->   Core 80 'FIFO_SRL' <Latency = 0> <II = 1> <Delay = 1.83> <Storage> <Opcode : 'read' 'write' 'nbread' 'nbwrite'> <Ports = 0> <Width = -1> <Depth = -1> <FIFO>
ST_1 : Operation 409 [1/1] (1.82ns)   --->   "%p_read_1258 = read i45 @_ssdm_op_Read.ap_auto.i45, i45 %p_read65"   --->   Operation 409 'read' 'p_read_1258' <Predicate = true> <Delay = 1.82> <CoreInst = "FIFO_SRL">   --->   Core 80 'FIFO_SRL' <Latency = 0> <II = 1> <Delay = 1.83> <Storage> <Opcode : 'read' 'write' 'nbread' 'nbwrite'> <Ports = 0> <Width = -1> <Depth = -1> <FIFO>
ST_1 : Operation 410 [1/1] (1.82ns)   --->   "%p_read_1259 = read i45 @_ssdm_op_Read.ap_auto.i45, i45 %p_read64"   --->   Operation 410 'read' 'p_read_1259' <Predicate = true> <Delay = 1.82> <CoreInst = "FIFO_SRL">   --->   Core 80 'FIFO_SRL' <Latency = 0> <II = 1> <Delay = 1.83> <Storage> <Opcode : 'read' 'write' 'nbread' 'nbwrite'> <Ports = 0> <Width = -1> <Depth = -1> <FIFO>
ST_1 : Operation 411 [1/1] (1.82ns)   --->   "%p_read_1260 = read i45 @_ssdm_op_Read.ap_auto.i45, i45 %p_read63"   --->   Operation 411 'read' 'p_read_1260' <Predicate = true> <Delay = 1.82> <CoreInst = "FIFO_SRL">   --->   Core 80 'FIFO_SRL' <Latency = 0> <II = 1> <Delay = 1.83> <Storage> <Opcode : 'read' 'write' 'nbread' 'nbwrite'> <Ports = 0> <Width = -1> <Depth = -1> <FIFO>
ST_1 : Operation 412 [1/1] (1.82ns)   --->   "%p_read_1261 = read i45 @_ssdm_op_Read.ap_auto.i45, i45 %p_read62"   --->   Operation 412 'read' 'p_read_1261' <Predicate = true> <Delay = 1.82> <CoreInst = "FIFO_SRL">   --->   Core 80 'FIFO_SRL' <Latency = 0> <II = 1> <Delay = 1.83> <Storage> <Opcode : 'read' 'write' 'nbread' 'nbwrite'> <Ports = 0> <Width = -1> <Depth = -1> <FIFO>
ST_1 : Operation 413 [1/1] (1.82ns)   --->   "%p_read_1262 = read i45 @_ssdm_op_Read.ap_auto.i45, i45 %p_read61"   --->   Operation 413 'read' 'p_read_1262' <Predicate = true> <Delay = 1.82> <CoreInst = "FIFO_SRL">   --->   Core 80 'FIFO_SRL' <Latency = 0> <II = 1> <Delay = 1.83> <Storage> <Opcode : 'read' 'write' 'nbread' 'nbwrite'> <Ports = 0> <Width = -1> <Depth = -1> <FIFO>
ST_1 : Operation 414 [1/1] (1.82ns)   --->   "%p_read60510 = read i45 @_ssdm_op_Read.ap_auto.i45, i45 %p_read60"   --->   Operation 414 'read' 'p_read60510' <Predicate = true> <Delay = 1.82> <CoreInst = "FIFO_SRL">   --->   Core 80 'FIFO_SRL' <Latency = 0> <II = 1> <Delay = 1.83> <Storage> <Opcode : 'read' 'write' 'nbread' 'nbwrite'> <Ports = 0> <Width = -1> <Depth = -1> <FIFO>
ST_1 : Operation 415 [1/1] (1.82ns)   --->   "%p_read_1263 = read i45 @_ssdm_op_Read.ap_auto.i45, i45 %p_read59"   --->   Operation 415 'read' 'p_read_1263' <Predicate = true> <Delay = 1.82> <CoreInst = "FIFO_SRL">   --->   Core 80 'FIFO_SRL' <Latency = 0> <II = 1> <Delay = 1.83> <Storage> <Opcode : 'read' 'write' 'nbread' 'nbwrite'> <Ports = 0> <Width = -1> <Depth = -1> <FIFO>
ST_1 : Operation 416 [1/1] (1.82ns)   --->   "%p_read_1264 = read i45 @_ssdm_op_Read.ap_auto.i45, i45 %p_read58"   --->   Operation 416 'read' 'p_read_1264' <Predicate = true> <Delay = 1.82> <CoreInst = "FIFO_SRL">   --->   Core 80 'FIFO_SRL' <Latency = 0> <II = 1> <Delay = 1.83> <Storage> <Opcode : 'read' 'write' 'nbread' 'nbwrite'> <Ports = 0> <Width = -1> <Depth = -1> <FIFO>
ST_1 : Operation 417 [1/1] (1.82ns)   --->   "%p_read_1265 = read i45 @_ssdm_op_Read.ap_auto.i45, i45 %p_read57"   --->   Operation 417 'read' 'p_read_1265' <Predicate = true> <Delay = 1.82> <CoreInst = "FIFO_SRL">   --->   Core 80 'FIFO_SRL' <Latency = 0> <II = 1> <Delay = 1.83> <Storage> <Opcode : 'read' 'write' 'nbread' 'nbwrite'> <Ports = 0> <Width = -1> <Depth = -1> <FIFO>
ST_1 : Operation 418 [1/1] (1.82ns)   --->   "%p_read_1266 = read i45 @_ssdm_op_Read.ap_auto.i45, i45 %p_read56"   --->   Operation 418 'read' 'p_read_1266' <Predicate = true> <Delay = 1.82> <CoreInst = "FIFO_SRL">   --->   Core 80 'FIFO_SRL' <Latency = 0> <II = 1> <Delay = 1.83> <Storage> <Opcode : 'read' 'write' 'nbread' 'nbwrite'> <Ports = 0> <Width = -1> <Depth = -1> <FIFO>
ST_1 : Operation 419 [1/1] (1.82ns)   --->   "%p_read_1267 = read i45 @_ssdm_op_Read.ap_auto.i45, i45 %p_read55"   --->   Operation 419 'read' 'p_read_1267' <Predicate = true> <Delay = 1.82> <CoreInst = "FIFO_SRL">   --->   Core 80 'FIFO_SRL' <Latency = 0> <II = 1> <Delay = 1.83> <Storage> <Opcode : 'read' 'write' 'nbread' 'nbwrite'> <Ports = 0> <Width = -1> <Depth = -1> <FIFO>
ST_1 : Operation 420 [1/1] (1.82ns)   --->   "%p_read_1268 = read i45 @_ssdm_op_Read.ap_auto.i45, i45 %p_read54"   --->   Operation 420 'read' 'p_read_1268' <Predicate = true> <Delay = 1.82> <CoreInst = "FIFO_SRL">   --->   Core 80 'FIFO_SRL' <Latency = 0> <II = 1> <Delay = 1.83> <Storage> <Opcode : 'read' 'write' 'nbread' 'nbwrite'> <Ports = 0> <Width = -1> <Depth = -1> <FIFO>
ST_1 : Operation 421 [1/1] (1.82ns)   --->   "%p_read_1269 = read i45 @_ssdm_op_Read.ap_auto.i45, i45 %p_read53"   --->   Operation 421 'read' 'p_read_1269' <Predicate = true> <Delay = 1.82> <CoreInst = "FIFO_SRL">   --->   Core 80 'FIFO_SRL' <Latency = 0> <II = 1> <Delay = 1.83> <Storage> <Opcode : 'read' 'write' 'nbread' 'nbwrite'> <Ports = 0> <Width = -1> <Depth = -1> <FIFO>
ST_1 : Operation 422 [1/1] (1.82ns)   --->   "%p_read_1270 = read i45 @_ssdm_op_Read.ap_auto.i45, i45 %p_read52"   --->   Operation 422 'read' 'p_read_1270' <Predicate = true> <Delay = 1.82> <CoreInst = "FIFO_SRL">   --->   Core 80 'FIFO_SRL' <Latency = 0> <II = 1> <Delay = 1.83> <Storage> <Opcode : 'read' 'write' 'nbread' 'nbwrite'> <Ports = 0> <Width = -1> <Depth = -1> <FIFO>
ST_1 : Operation 423 [1/1] (1.82ns)   --->   "%p_read_1271 = read i45 @_ssdm_op_Read.ap_auto.i45, i45 %p_read51"   --->   Operation 423 'read' 'p_read_1271' <Predicate = true> <Delay = 1.82> <CoreInst = "FIFO_SRL">   --->   Core 80 'FIFO_SRL' <Latency = 0> <II = 1> <Delay = 1.83> <Storage> <Opcode : 'read' 'write' 'nbread' 'nbwrite'> <Ports = 0> <Width = -1> <Depth = -1> <FIFO>
ST_1 : Operation 424 [1/1] (1.82ns)   --->   "%p_read50500 = read i45 @_ssdm_op_Read.ap_auto.i45, i45 %p_read50"   --->   Operation 424 'read' 'p_read50500' <Predicate = true> <Delay = 1.82> <CoreInst = "FIFO_SRL">   --->   Core 80 'FIFO_SRL' <Latency = 0> <II = 1> <Delay = 1.83> <Storage> <Opcode : 'read' 'write' 'nbread' 'nbwrite'> <Ports = 0> <Width = -1> <Depth = -1> <FIFO>
ST_1 : Operation 425 [1/1] (1.82ns)   --->   "%p_read_1272 = read i45 @_ssdm_op_Read.ap_auto.i45, i45 %p_read49"   --->   Operation 425 'read' 'p_read_1272' <Predicate = true> <Delay = 1.82> <CoreInst = "FIFO_SRL">   --->   Core 80 'FIFO_SRL' <Latency = 0> <II = 1> <Delay = 1.83> <Storage> <Opcode : 'read' 'write' 'nbread' 'nbwrite'> <Ports = 0> <Width = -1> <Depth = -1> <FIFO>
ST_1 : Operation 426 [1/1] (1.82ns)   --->   "%p_read_1273 = read i45 @_ssdm_op_Read.ap_auto.i45, i45 %p_read48"   --->   Operation 426 'read' 'p_read_1273' <Predicate = true> <Delay = 1.82> <CoreInst = "FIFO_SRL">   --->   Core 80 'FIFO_SRL' <Latency = 0> <II = 1> <Delay = 1.83> <Storage> <Opcode : 'read' 'write' 'nbread' 'nbwrite'> <Ports = 0> <Width = -1> <Depth = -1> <FIFO>
ST_1 : Operation 427 [1/1] (1.82ns)   --->   "%p_read_1274 = read i45 @_ssdm_op_Read.ap_auto.i45, i45 %p_read47"   --->   Operation 427 'read' 'p_read_1274' <Predicate = true> <Delay = 1.82> <CoreInst = "FIFO_SRL">   --->   Core 80 'FIFO_SRL' <Latency = 0> <II = 1> <Delay = 1.83> <Storage> <Opcode : 'read' 'write' 'nbread' 'nbwrite'> <Ports = 0> <Width = -1> <Depth = -1> <FIFO>
ST_1 : Operation 428 [1/1] (1.82ns)   --->   "%p_read_1275 = read i45 @_ssdm_op_Read.ap_auto.i45, i45 %p_read46"   --->   Operation 428 'read' 'p_read_1275' <Predicate = true> <Delay = 1.82> <CoreInst = "FIFO_SRL">   --->   Core 80 'FIFO_SRL' <Latency = 0> <II = 1> <Delay = 1.83> <Storage> <Opcode : 'read' 'write' 'nbread' 'nbwrite'> <Ports = 0> <Width = -1> <Depth = -1> <FIFO>
ST_1 : Operation 429 [1/1] (1.82ns)   --->   "%p_read_1276 = read i45 @_ssdm_op_Read.ap_auto.i45, i45 %p_read45"   --->   Operation 429 'read' 'p_read_1276' <Predicate = true> <Delay = 1.82> <CoreInst = "FIFO_SRL">   --->   Core 80 'FIFO_SRL' <Latency = 0> <II = 1> <Delay = 1.83> <Storage> <Opcode : 'read' 'write' 'nbread' 'nbwrite'> <Ports = 0> <Width = -1> <Depth = -1> <FIFO>
ST_1 : Operation 430 [1/1] (1.82ns)   --->   "%p_read_1277 = read i45 @_ssdm_op_Read.ap_auto.i45, i45 %p_read44"   --->   Operation 430 'read' 'p_read_1277' <Predicate = true> <Delay = 1.82> <CoreInst = "FIFO_SRL">   --->   Core 80 'FIFO_SRL' <Latency = 0> <II = 1> <Delay = 1.83> <Storage> <Opcode : 'read' 'write' 'nbread' 'nbwrite'> <Ports = 0> <Width = -1> <Depth = -1> <FIFO>
ST_1 : Operation 431 [1/1] (1.82ns)   --->   "%p_read_1278 = read i45 @_ssdm_op_Read.ap_auto.i45, i45 %p_read43"   --->   Operation 431 'read' 'p_read_1278' <Predicate = true> <Delay = 1.82> <CoreInst = "FIFO_SRL">   --->   Core 80 'FIFO_SRL' <Latency = 0> <II = 1> <Delay = 1.83> <Storage> <Opcode : 'read' 'write' 'nbread' 'nbwrite'> <Ports = 0> <Width = -1> <Depth = -1> <FIFO>
ST_1 : Operation 432 [1/1] (1.82ns)   --->   "%p_read_1279 = read i45 @_ssdm_op_Read.ap_auto.i45, i45 %p_read42"   --->   Operation 432 'read' 'p_read_1279' <Predicate = true> <Delay = 1.82> <CoreInst = "FIFO_SRL">   --->   Core 80 'FIFO_SRL' <Latency = 0> <II = 1> <Delay = 1.83> <Storage> <Opcode : 'read' 'write' 'nbread' 'nbwrite'> <Ports = 0> <Width = -1> <Depth = -1> <FIFO>
ST_1 : Operation 433 [1/1] (1.82ns)   --->   "%p_read_1280 = read i45 @_ssdm_op_Read.ap_auto.i45, i45 %p_read41"   --->   Operation 433 'read' 'p_read_1280' <Predicate = true> <Delay = 1.82> <CoreInst = "FIFO_SRL">   --->   Core 80 'FIFO_SRL' <Latency = 0> <II = 1> <Delay = 1.83> <Storage> <Opcode : 'read' 'write' 'nbread' 'nbwrite'> <Ports = 0> <Width = -1> <Depth = -1> <FIFO>
ST_1 : Operation 434 [1/1] (1.82ns)   --->   "%p_read40490 = read i45 @_ssdm_op_Read.ap_auto.i45, i45 %p_read40"   --->   Operation 434 'read' 'p_read40490' <Predicate = true> <Delay = 1.82> <CoreInst = "FIFO_SRL">   --->   Core 80 'FIFO_SRL' <Latency = 0> <II = 1> <Delay = 1.83> <Storage> <Opcode : 'read' 'write' 'nbread' 'nbwrite'> <Ports = 0> <Width = -1> <Depth = -1> <FIFO>
ST_1 : Operation 435 [1/1] (1.82ns)   --->   "%p_read_1281 = read i45 @_ssdm_op_Read.ap_auto.i45, i45 %p_read39"   --->   Operation 435 'read' 'p_read_1281' <Predicate = true> <Delay = 1.82> <CoreInst = "FIFO_SRL">   --->   Core 80 'FIFO_SRL' <Latency = 0> <II = 1> <Delay = 1.83> <Storage> <Opcode : 'read' 'write' 'nbread' 'nbwrite'> <Ports = 0> <Width = -1> <Depth = -1> <FIFO>
ST_1 : Operation 436 [1/1] (1.82ns)   --->   "%p_read_1282 = read i45 @_ssdm_op_Read.ap_auto.i45, i45 %p_read38"   --->   Operation 436 'read' 'p_read_1282' <Predicate = true> <Delay = 1.82> <CoreInst = "FIFO_SRL">   --->   Core 80 'FIFO_SRL' <Latency = 0> <II = 1> <Delay = 1.83> <Storage> <Opcode : 'read' 'write' 'nbread' 'nbwrite'> <Ports = 0> <Width = -1> <Depth = -1> <FIFO>
ST_1 : Operation 437 [1/1] (1.82ns)   --->   "%p_read_1283 = read i45 @_ssdm_op_Read.ap_auto.i45, i45 %p_read37"   --->   Operation 437 'read' 'p_read_1283' <Predicate = true> <Delay = 1.82> <CoreInst = "FIFO_SRL">   --->   Core 80 'FIFO_SRL' <Latency = 0> <II = 1> <Delay = 1.83> <Storage> <Opcode : 'read' 'write' 'nbread' 'nbwrite'> <Ports = 0> <Width = -1> <Depth = -1> <FIFO>
ST_1 : Operation 438 [1/1] (1.82ns)   --->   "%p_read_1284 = read i45 @_ssdm_op_Read.ap_auto.i45, i45 %p_read36"   --->   Operation 438 'read' 'p_read_1284' <Predicate = true> <Delay = 1.82> <CoreInst = "FIFO_SRL">   --->   Core 80 'FIFO_SRL' <Latency = 0> <II = 1> <Delay = 1.83> <Storage> <Opcode : 'read' 'write' 'nbread' 'nbwrite'> <Ports = 0> <Width = -1> <Depth = -1> <FIFO>
ST_1 : Operation 439 [1/1] (1.82ns)   --->   "%p_read_1285 = read i45 @_ssdm_op_Read.ap_auto.i45, i45 %p_read35"   --->   Operation 439 'read' 'p_read_1285' <Predicate = true> <Delay = 1.82> <CoreInst = "FIFO_SRL">   --->   Core 80 'FIFO_SRL' <Latency = 0> <II = 1> <Delay = 1.83> <Storage> <Opcode : 'read' 'write' 'nbread' 'nbwrite'> <Ports = 0> <Width = -1> <Depth = -1> <FIFO>
ST_1 : Operation 440 [1/1] (1.82ns)   --->   "%p_read_1286 = read i45 @_ssdm_op_Read.ap_auto.i45, i45 %p_read34"   --->   Operation 440 'read' 'p_read_1286' <Predicate = true> <Delay = 1.82> <CoreInst = "FIFO_SRL">   --->   Core 80 'FIFO_SRL' <Latency = 0> <II = 1> <Delay = 1.83> <Storage> <Opcode : 'read' 'write' 'nbread' 'nbwrite'> <Ports = 0> <Width = -1> <Depth = -1> <FIFO>
ST_1 : Operation 441 [1/1] (1.82ns)   --->   "%p_read_1287 = read i45 @_ssdm_op_Read.ap_auto.i45, i45 %p_read33"   --->   Operation 441 'read' 'p_read_1287' <Predicate = true> <Delay = 1.82> <CoreInst = "FIFO_SRL">   --->   Core 80 'FIFO_SRL' <Latency = 0> <II = 1> <Delay = 1.83> <Storage> <Opcode : 'read' 'write' 'nbread' 'nbwrite'> <Ports = 0> <Width = -1> <Depth = -1> <FIFO>
ST_1 : Operation 442 [1/1] (1.82ns)   --->   "%p_read_1288 = read i45 @_ssdm_op_Read.ap_auto.i45, i45 %p_read32"   --->   Operation 442 'read' 'p_read_1288' <Predicate = true> <Delay = 1.82> <CoreInst = "FIFO_SRL">   --->   Core 80 'FIFO_SRL' <Latency = 0> <II = 1> <Delay = 1.83> <Storage> <Opcode : 'read' 'write' 'nbread' 'nbwrite'> <Ports = 0> <Width = -1> <Depth = -1> <FIFO>
ST_1 : Operation 443 [1/1] (1.82ns)   --->   "%p_read_1289 = read i45 @_ssdm_op_Read.ap_auto.i45, i45 %p_read31"   --->   Operation 443 'read' 'p_read_1289' <Predicate = true> <Delay = 1.82> <CoreInst = "FIFO_SRL">   --->   Core 80 'FIFO_SRL' <Latency = 0> <II = 1> <Delay = 1.83> <Storage> <Opcode : 'read' 'write' 'nbread' 'nbwrite'> <Ports = 0> <Width = -1> <Depth = -1> <FIFO>
ST_1 : Operation 444 [1/1] (1.82ns)   --->   "%p_read30480 = read i45 @_ssdm_op_Read.ap_auto.i45, i45 %p_read30"   --->   Operation 444 'read' 'p_read30480' <Predicate = true> <Delay = 1.82> <CoreInst = "FIFO_SRL">   --->   Core 80 'FIFO_SRL' <Latency = 0> <II = 1> <Delay = 1.83> <Storage> <Opcode : 'read' 'write' 'nbread' 'nbwrite'> <Ports = 0> <Width = -1> <Depth = -1> <FIFO>
ST_1 : Operation 445 [1/1] (1.82ns)   --->   "%p_read_1290 = read i45 @_ssdm_op_Read.ap_auto.i45, i45 %p_read29"   --->   Operation 445 'read' 'p_read_1290' <Predicate = true> <Delay = 1.82> <CoreInst = "FIFO_SRL">   --->   Core 80 'FIFO_SRL' <Latency = 0> <II = 1> <Delay = 1.83> <Storage> <Opcode : 'read' 'write' 'nbread' 'nbwrite'> <Ports = 0> <Width = -1> <Depth = -1> <FIFO>
ST_1 : Operation 446 [1/1] (1.82ns)   --->   "%p_read_1291 = read i45 @_ssdm_op_Read.ap_auto.i45, i45 %p_read28"   --->   Operation 446 'read' 'p_read_1291' <Predicate = true> <Delay = 1.82> <CoreInst = "FIFO_SRL">   --->   Core 80 'FIFO_SRL' <Latency = 0> <II = 1> <Delay = 1.83> <Storage> <Opcode : 'read' 'write' 'nbread' 'nbwrite'> <Ports = 0> <Width = -1> <Depth = -1> <FIFO>
ST_1 : Operation 447 [1/1] (1.82ns)   --->   "%p_read_1292 = read i45 @_ssdm_op_Read.ap_auto.i45, i45 %p_read27"   --->   Operation 447 'read' 'p_read_1292' <Predicate = true> <Delay = 1.82> <CoreInst = "FIFO_SRL">   --->   Core 80 'FIFO_SRL' <Latency = 0> <II = 1> <Delay = 1.83> <Storage> <Opcode : 'read' 'write' 'nbread' 'nbwrite'> <Ports = 0> <Width = -1> <Depth = -1> <FIFO>
ST_1 : Operation 448 [1/1] (1.82ns)   --->   "%p_read_1293 = read i45 @_ssdm_op_Read.ap_auto.i45, i45 %p_read26"   --->   Operation 448 'read' 'p_read_1293' <Predicate = true> <Delay = 1.82> <CoreInst = "FIFO_SRL">   --->   Core 80 'FIFO_SRL' <Latency = 0> <II = 1> <Delay = 1.83> <Storage> <Opcode : 'read' 'write' 'nbread' 'nbwrite'> <Ports = 0> <Width = -1> <Depth = -1> <FIFO>
ST_1 : Operation 449 [1/1] (1.82ns)   --->   "%p_read_1294 = read i45 @_ssdm_op_Read.ap_auto.i45, i45 %p_read25"   --->   Operation 449 'read' 'p_read_1294' <Predicate = true> <Delay = 1.82> <CoreInst = "FIFO_SRL">   --->   Core 80 'FIFO_SRL' <Latency = 0> <II = 1> <Delay = 1.83> <Storage> <Opcode : 'read' 'write' 'nbread' 'nbwrite'> <Ports = 0> <Width = -1> <Depth = -1> <FIFO>
ST_1 : Operation 450 [1/1] (1.82ns)   --->   "%p_read_1295 = read i45 @_ssdm_op_Read.ap_auto.i45, i45 %p_read24"   --->   Operation 450 'read' 'p_read_1295' <Predicate = true> <Delay = 1.82> <CoreInst = "FIFO_SRL">   --->   Core 80 'FIFO_SRL' <Latency = 0> <II = 1> <Delay = 1.83> <Storage> <Opcode : 'read' 'write' 'nbread' 'nbwrite'> <Ports = 0> <Width = -1> <Depth = -1> <FIFO>
ST_1 : Operation 451 [1/1] (1.82ns)   --->   "%p_read_1296 = read i45 @_ssdm_op_Read.ap_auto.i45, i45 %p_read23"   --->   Operation 451 'read' 'p_read_1296' <Predicate = true> <Delay = 1.82> <CoreInst = "FIFO_SRL">   --->   Core 80 'FIFO_SRL' <Latency = 0> <II = 1> <Delay = 1.83> <Storage> <Opcode : 'read' 'write' 'nbread' 'nbwrite'> <Ports = 0> <Width = -1> <Depth = -1> <FIFO>
ST_1 : Operation 452 [1/1] (1.82ns)   --->   "%p_read_1297 = read i45 @_ssdm_op_Read.ap_auto.i45, i45 %p_read22"   --->   Operation 452 'read' 'p_read_1297' <Predicate = true> <Delay = 1.82> <CoreInst = "FIFO_SRL">   --->   Core 80 'FIFO_SRL' <Latency = 0> <II = 1> <Delay = 1.83> <Storage> <Opcode : 'read' 'write' 'nbread' 'nbwrite'> <Ports = 0> <Width = -1> <Depth = -1> <FIFO>
ST_1 : Operation 453 [1/1] (1.82ns)   --->   "%p_read_1298 = read i45 @_ssdm_op_Read.ap_auto.i45, i45 %p_read21"   --->   Operation 453 'read' 'p_read_1298' <Predicate = true> <Delay = 1.82> <CoreInst = "FIFO_SRL">   --->   Core 80 'FIFO_SRL' <Latency = 0> <II = 1> <Delay = 1.83> <Storage> <Opcode : 'read' 'write' 'nbread' 'nbwrite'> <Ports = 0> <Width = -1> <Depth = -1> <FIFO>
ST_1 : Operation 454 [1/1] (1.82ns)   --->   "%p_read20470 = read i45 @_ssdm_op_Read.ap_auto.i45, i45 %p_read20"   --->   Operation 454 'read' 'p_read20470' <Predicate = true> <Delay = 1.82> <CoreInst = "FIFO_SRL">   --->   Core 80 'FIFO_SRL' <Latency = 0> <II = 1> <Delay = 1.83> <Storage> <Opcode : 'read' 'write' 'nbread' 'nbwrite'> <Ports = 0> <Width = -1> <Depth = -1> <FIFO>
ST_1 : Operation 455 [1/1] (1.82ns)   --->   "%p_read_1299 = read i45 @_ssdm_op_Read.ap_auto.i45, i45 %p_read19"   --->   Operation 455 'read' 'p_read_1299' <Predicate = true> <Delay = 1.82> <CoreInst = "FIFO_SRL">   --->   Core 80 'FIFO_SRL' <Latency = 0> <II = 1> <Delay = 1.83> <Storage> <Opcode : 'read' 'write' 'nbread' 'nbwrite'> <Ports = 0> <Width = -1> <Depth = -1> <FIFO>
ST_1 : Operation 456 [1/1] (1.82ns)   --->   "%p_read_1300 = read i45 @_ssdm_op_Read.ap_auto.i45, i45 %p_read18"   --->   Operation 456 'read' 'p_read_1300' <Predicate = true> <Delay = 1.82> <CoreInst = "FIFO_SRL">   --->   Core 80 'FIFO_SRL' <Latency = 0> <II = 1> <Delay = 1.83> <Storage> <Opcode : 'read' 'write' 'nbread' 'nbwrite'> <Ports = 0> <Width = -1> <Depth = -1> <FIFO>
ST_1 : Operation 457 [1/1] (1.82ns)   --->   "%p_read_1301 = read i45 @_ssdm_op_Read.ap_auto.i45, i45 %p_read17"   --->   Operation 457 'read' 'p_read_1301' <Predicate = true> <Delay = 1.82> <CoreInst = "FIFO_SRL">   --->   Core 80 'FIFO_SRL' <Latency = 0> <II = 1> <Delay = 1.83> <Storage> <Opcode : 'read' 'write' 'nbread' 'nbwrite'> <Ports = 0> <Width = -1> <Depth = -1> <FIFO>
ST_1 : Operation 458 [1/1] (1.82ns)   --->   "%p_read_1302 = read i45 @_ssdm_op_Read.ap_auto.i45, i45 %p_read16"   --->   Operation 458 'read' 'p_read_1302' <Predicate = true> <Delay = 1.82> <CoreInst = "FIFO_SRL">   --->   Core 80 'FIFO_SRL' <Latency = 0> <II = 1> <Delay = 1.83> <Storage> <Opcode : 'read' 'write' 'nbread' 'nbwrite'> <Ports = 0> <Width = -1> <Depth = -1> <FIFO>
ST_1 : Operation 459 [1/1] (1.82ns)   --->   "%p_read_1303 = read i45 @_ssdm_op_Read.ap_auto.i45, i45 %p_read15"   --->   Operation 459 'read' 'p_read_1303' <Predicate = true> <Delay = 1.82> <CoreInst = "FIFO_SRL">   --->   Core 80 'FIFO_SRL' <Latency = 0> <II = 1> <Delay = 1.83> <Storage> <Opcode : 'read' 'write' 'nbread' 'nbwrite'> <Ports = 0> <Width = -1> <Depth = -1> <FIFO>
ST_1 : Operation 460 [1/1] (1.82ns)   --->   "%p_read_1304 = read i45 @_ssdm_op_Read.ap_auto.i45, i45 %p_read14"   --->   Operation 460 'read' 'p_read_1304' <Predicate = true> <Delay = 1.82> <CoreInst = "FIFO_SRL">   --->   Core 80 'FIFO_SRL' <Latency = 0> <II = 1> <Delay = 1.83> <Storage> <Opcode : 'read' 'write' 'nbread' 'nbwrite'> <Ports = 0> <Width = -1> <Depth = -1> <FIFO>
ST_1 : Operation 461 [1/1] (1.82ns)   --->   "%p_read_1305 = read i45 @_ssdm_op_Read.ap_auto.i45, i45 %p_read13"   --->   Operation 461 'read' 'p_read_1305' <Predicate = true> <Delay = 1.82> <CoreInst = "FIFO_SRL">   --->   Core 80 'FIFO_SRL' <Latency = 0> <II = 1> <Delay = 1.83> <Storage> <Opcode : 'read' 'write' 'nbread' 'nbwrite'> <Ports = 0> <Width = -1> <Depth = -1> <FIFO>
ST_1 : Operation 462 [1/1] (1.82ns)   --->   "%p_read_1306 = read i45 @_ssdm_op_Read.ap_auto.i45, i45 %p_read12"   --->   Operation 462 'read' 'p_read_1306' <Predicate = true> <Delay = 1.82> <CoreInst = "FIFO_SRL">   --->   Core 80 'FIFO_SRL' <Latency = 0> <II = 1> <Delay = 1.83> <Storage> <Opcode : 'read' 'write' 'nbread' 'nbwrite'> <Ports = 0> <Width = -1> <Depth = -1> <FIFO>
ST_1 : Operation 463 [1/1] (1.82ns)   --->   "%p_read_1307 = read i45 @_ssdm_op_Read.ap_auto.i45, i45 %p_read11"   --->   Operation 463 'read' 'p_read_1307' <Predicate = true> <Delay = 1.82> <CoreInst = "FIFO_SRL">   --->   Core 80 'FIFO_SRL' <Latency = 0> <II = 1> <Delay = 1.83> <Storage> <Opcode : 'read' 'write' 'nbread' 'nbwrite'> <Ports = 0> <Width = -1> <Depth = -1> <FIFO>
ST_1 : Operation 464 [1/1] (1.82ns)   --->   "%p_read10460 = read i45 @_ssdm_op_Read.ap_auto.i45, i45 %p_read10"   --->   Operation 464 'read' 'p_read10460' <Predicate = true> <Delay = 1.82> <CoreInst = "FIFO_SRL">   --->   Core 80 'FIFO_SRL' <Latency = 0> <II = 1> <Delay = 1.83> <Storage> <Opcode : 'read' 'write' 'nbread' 'nbwrite'> <Ports = 0> <Width = -1> <Depth = -1> <FIFO>
ST_1 : Operation 465 [1/1] (1.82ns)   --->   "%p_read9459 = read i45 @_ssdm_op_Read.ap_auto.i45, i45 %p_read9"   --->   Operation 465 'read' 'p_read9459' <Predicate = true> <Delay = 1.82> <CoreInst = "FIFO_SRL">   --->   Core 80 'FIFO_SRL' <Latency = 0> <II = 1> <Delay = 1.83> <Storage> <Opcode : 'read' 'write' 'nbread' 'nbwrite'> <Ports = 0> <Width = -1> <Depth = -1> <FIFO>
ST_1 : Operation 466 [1/1] (1.82ns)   --->   "%p_read8458 = read i45 @_ssdm_op_Read.ap_auto.i45, i45 %p_read8"   --->   Operation 466 'read' 'p_read8458' <Predicate = true> <Delay = 1.82> <CoreInst = "FIFO_SRL">   --->   Core 80 'FIFO_SRL' <Latency = 0> <II = 1> <Delay = 1.83> <Storage> <Opcode : 'read' 'write' 'nbread' 'nbwrite'> <Ports = 0> <Width = -1> <Depth = -1> <FIFO>
ST_1 : Operation 467 [1/1] (1.82ns)   --->   "%p_read7457 = read i45 @_ssdm_op_Read.ap_auto.i45, i45 %p_read7"   --->   Operation 467 'read' 'p_read7457' <Predicate = true> <Delay = 1.82> <CoreInst = "FIFO_SRL">   --->   Core 80 'FIFO_SRL' <Latency = 0> <II = 1> <Delay = 1.83> <Storage> <Opcode : 'read' 'write' 'nbread' 'nbwrite'> <Ports = 0> <Width = -1> <Depth = -1> <FIFO>
ST_1 : Operation 468 [1/1] (1.82ns)   --->   "%p_read6456 = read i45 @_ssdm_op_Read.ap_auto.i45, i45 %p_read6"   --->   Operation 468 'read' 'p_read6456' <Predicate = true> <Delay = 1.82> <CoreInst = "FIFO_SRL">   --->   Core 80 'FIFO_SRL' <Latency = 0> <II = 1> <Delay = 1.83> <Storage> <Opcode : 'read' 'write' 'nbread' 'nbwrite'> <Ports = 0> <Width = -1> <Depth = -1> <FIFO>
ST_1 : Operation 469 [1/1] (1.82ns)   --->   "%p_read5455 = read i45 @_ssdm_op_Read.ap_auto.i45, i45 %p_read5"   --->   Operation 469 'read' 'p_read5455' <Predicate = true> <Delay = 1.82> <CoreInst = "FIFO_SRL">   --->   Core 80 'FIFO_SRL' <Latency = 0> <II = 1> <Delay = 1.83> <Storage> <Opcode : 'read' 'write' 'nbread' 'nbwrite'> <Ports = 0> <Width = -1> <Depth = -1> <FIFO>
ST_1 : Operation 470 [1/1] (1.82ns)   --->   "%p_read4454 = read i45 @_ssdm_op_Read.ap_auto.i45, i45 %p_read4"   --->   Operation 470 'read' 'p_read4454' <Predicate = true> <Delay = 1.82> <CoreInst = "FIFO_SRL">   --->   Core 80 'FIFO_SRL' <Latency = 0> <II = 1> <Delay = 1.83> <Storage> <Opcode : 'read' 'write' 'nbread' 'nbwrite'> <Ports = 0> <Width = -1> <Depth = -1> <FIFO>
ST_1 : Operation 471 [1/1] (1.82ns)   --->   "%p_read3453 = read i45 @_ssdm_op_Read.ap_auto.i45, i45 %p_read3"   --->   Operation 471 'read' 'p_read3453' <Predicate = true> <Delay = 1.82> <CoreInst = "FIFO_SRL">   --->   Core 80 'FIFO_SRL' <Latency = 0> <II = 1> <Delay = 1.83> <Storage> <Opcode : 'read' 'write' 'nbread' 'nbwrite'> <Ports = 0> <Width = -1> <Depth = -1> <FIFO>
ST_1 : Operation 472 [1/1] (1.82ns)   --->   "%p_read2452 = read i45 @_ssdm_op_Read.ap_auto.i45, i45 %p_read2"   --->   Operation 472 'read' 'p_read2452' <Predicate = true> <Delay = 1.82> <CoreInst = "FIFO_SRL">   --->   Core 80 'FIFO_SRL' <Latency = 0> <II = 1> <Delay = 1.83> <Storage> <Opcode : 'read' 'write' 'nbread' 'nbwrite'> <Ports = 0> <Width = -1> <Depth = -1> <FIFO>
ST_1 : Operation 473 [1/1] (1.82ns)   --->   "%p_read1451 = read i45 @_ssdm_op_Read.ap_auto.i45, i45 %p_read1"   --->   Operation 473 'read' 'p_read1451' <Predicate = true> <Delay = 1.82> <CoreInst = "FIFO_SRL">   --->   Core 80 'FIFO_SRL' <Latency = 0> <II = 1> <Delay = 1.83> <Storage> <Opcode : 'read' 'write' 'nbread' 'nbwrite'> <Ports = 0> <Width = -1> <Depth = -1> <FIFO>
ST_1 : Operation 474 [1/1] (1.82ns)   --->   "%p_read450 = read i45 @_ssdm_op_Read.ap_auto.i45, i45 %p_read"   --->   Operation 474 'read' 'p_read450' <Predicate = true> <Delay = 1.82> <CoreInst = "FIFO_SRL">   --->   Core 80 'FIFO_SRL' <Latency = 0> <II = 1> <Delay = 1.83> <Storage> <Opcode : 'read' 'write' 'nbread' 'nbwrite'> <Ports = 0> <Width = -1> <Depth = -1> <FIFO>
ST_1 : Operation 475 [1/1] (0.00ns)   --->   "%filter_mem_18_loc = alloca i64 1"   --->   Operation 475 'alloca' 'filter_mem_18_loc' <Predicate = true> <Delay = 0.00>
ST_1 : Operation 476 [1/1] (0.00ns)   --->   "%filter_mem_19_loc = alloca i64 1"   --->   Operation 476 'alloca' 'filter_mem_19_loc' <Predicate = true> <Delay = 0.00>
ST_1 : Operation 477 [1/1] (0.00ns)   --->   "%filter_mem_20_loc = alloca i64 1"   --->   Operation 477 'alloca' 'filter_mem_20_loc' <Predicate = true> <Delay = 0.00>
ST_1 : Operation 478 [1/1] (0.00ns)   --->   "%filter_mem_21_loc = alloca i64 1"   --->   Operation 478 'alloca' 'filter_mem_21_loc' <Predicate = true> <Delay = 0.00>
ST_1 : Operation 479 [1/1] (0.00ns)   --->   "%filter_mem_22_loc = alloca i64 1"   --->   Operation 479 'alloca' 'filter_mem_22_loc' <Predicate = true> <Delay = 0.00>
ST_1 : Operation 480 [1/1] (0.00ns)   --->   "%filter_mem_23_loc = alloca i64 1"   --->   Operation 480 'alloca' 'filter_mem_23_loc' <Predicate = true> <Delay = 0.00>
ST_1 : Operation 481 [1/1] (0.00ns)   --->   "%filter_mem_24_loc = alloca i64 1"   --->   Operation 481 'alloca' 'filter_mem_24_loc' <Predicate = true> <Delay = 0.00>
ST_1 : Operation 482 [1/1] (0.00ns)   --->   "%filter_mem_25_loc = alloca i64 1"   --->   Operation 482 'alloca' 'filter_mem_25_loc' <Predicate = true> <Delay = 0.00>
ST_1 : Operation 483 [1/1] (0.00ns)   --->   "%filter_mem_26_loc = alloca i64 1"   --->   Operation 483 'alloca' 'filter_mem_26_loc' <Predicate = true> <Delay = 0.00>
ST_1 : Operation 484 [1/1] (0.00ns)   --->   "%filter_mem_27_loc = alloca i64 1"   --->   Operation 484 'alloca' 'filter_mem_27_loc' <Predicate = true> <Delay = 0.00>
ST_1 : Operation 485 [1/1] (0.00ns)   --->   "%filter_mem_28_loc = alloca i64 1"   --->   Operation 485 'alloca' 'filter_mem_28_loc' <Predicate = true> <Delay = 0.00>
ST_1 : Operation 486 [1/1] (0.00ns)   --->   "%filter_mem_29_loc = alloca i64 1"   --->   Operation 486 'alloca' 'filter_mem_29_loc' <Predicate = true> <Delay = 0.00>
ST_1 : Operation 487 [1/1] (0.00ns)   --->   "%filter_mem_30_loc = alloca i64 1"   --->   Operation 487 'alloca' 'filter_mem_30_loc' <Predicate = true> <Delay = 0.00>
ST_1 : Operation 488 [1/1] (0.00ns)   --->   "%filter_mem_31_loc = alloca i64 1"   --->   Operation 488 'alloca' 'filter_mem_31_loc' <Predicate = true> <Delay = 0.00>
ST_1 : Operation 489 [1/1] (0.00ns)   --->   "%filter_mem_32_loc = alloca i64 1"   --->   Operation 489 'alloca' 'filter_mem_32_loc' <Predicate = true> <Delay = 0.00>
ST_1 : Operation 490 [1/1] (0.00ns)   --->   "%filter_mem_33_loc = alloca i64 1"   --->   Operation 490 'alloca' 'filter_mem_33_loc' <Predicate = true> <Delay = 0.00>
ST_1 : Operation 491 [1/1] (0.00ns)   --->   "%filter_mem_34_loc = alloca i64 1"   --->   Operation 491 'alloca' 'filter_mem_34_loc' <Predicate = true> <Delay = 0.00>
ST_1 : Operation 492 [1/1] (0.00ns)   --->   "%filter_mem_35_loc = alloca i64 1"   --->   Operation 492 'alloca' 'filter_mem_35_loc' <Predicate = true> <Delay = 0.00>
ST_1 : Operation 493 [1/1] (0.00ns)   --->   "%out_mem_898 = alloca i64 1" [./conv.h:21->top_wrapper.cpp:123]   --->   Operation 493 'alloca' 'out_mem_898' <Predicate = true> <Delay = 0.00>
ST_1 : Operation 494 [1/1] (0.00ns)   --->   "%out_mem_897 = alloca i64 1" [./conv.h:21->top_wrapper.cpp:123]   --->   Operation 494 'alloca' 'out_mem_897' <Predicate = true> <Delay = 0.00>
ST_1 : Operation 495 [1/1] (0.00ns)   --->   "%out_mem_896 = alloca i64 1" [./conv.h:21->top_wrapper.cpp:123]   --->   Operation 495 'alloca' 'out_mem_896' <Predicate = true> <Delay = 0.00>
ST_1 : Operation 496 [1/1] (0.00ns)   --->   "%out_mem_895 = alloca i64 1" [./conv.h:21->top_wrapper.cpp:123]   --->   Operation 496 'alloca' 'out_mem_895' <Predicate = true> <Delay = 0.00>
ST_1 : Operation 497 [1/1] (0.00ns)   --->   "%out_mem_894 = alloca i64 1" [./conv.h:21->top_wrapper.cpp:123]   --->   Operation 497 'alloca' 'out_mem_894' <Predicate = true> <Delay = 0.00>
ST_1 : Operation 498 [1/1] (0.00ns)   --->   "%out_mem_893 = alloca i64 1" [./conv.h:21->top_wrapper.cpp:123]   --->   Operation 498 'alloca' 'out_mem_893' <Predicate = true> <Delay = 0.00>
ST_1 : Operation 499 [1/1] (0.00ns)   --->   "%out_mem_892 = alloca i64 1" [./conv.h:21->top_wrapper.cpp:123]   --->   Operation 499 'alloca' 'out_mem_892' <Predicate = true> <Delay = 0.00>
ST_1 : Operation 500 [1/1] (0.00ns)   --->   "%out_mem_891 = alloca i64 1" [./conv.h:21->top_wrapper.cpp:123]   --->   Operation 500 'alloca' 'out_mem_891' <Predicate = true> <Delay = 0.00>
ST_1 : Operation 501 [1/1] (0.00ns)   --->   "%out_mem_890 = alloca i64 1" [./conv.h:21->top_wrapper.cpp:123]   --->   Operation 501 'alloca' 'out_mem_890' <Predicate = true> <Delay = 0.00>
ST_1 : Operation 502 [1/1] (0.00ns)   --->   "%out_mem_889 = alloca i64 1" [./conv.h:21->top_wrapper.cpp:123]   --->   Operation 502 'alloca' 'out_mem_889' <Predicate = true> <Delay = 0.00>
ST_1 : Operation 503 [1/1] (0.00ns)   --->   "%out_mem_888 = alloca i64 1" [./conv.h:21->top_wrapper.cpp:123]   --->   Operation 503 'alloca' 'out_mem_888' <Predicate = true> <Delay = 0.00>
ST_1 : Operation 504 [1/1] (0.00ns)   --->   "%out_mem_887 = alloca i64 1" [./conv.h:21->top_wrapper.cpp:123]   --->   Operation 504 'alloca' 'out_mem_887' <Predicate = true> <Delay = 0.00>
ST_1 : Operation 505 [1/1] (0.00ns)   --->   "%out_mem_886 = alloca i64 1" [./conv.h:21->top_wrapper.cpp:123]   --->   Operation 505 'alloca' 'out_mem_886' <Predicate = true> <Delay = 0.00>
ST_1 : Operation 506 [1/1] (0.00ns)   --->   "%out_mem_885 = alloca i64 1" [./conv.h:21->top_wrapper.cpp:123]   --->   Operation 506 'alloca' 'out_mem_885' <Predicate = true> <Delay = 0.00>
ST_1 : Operation 507 [1/1] (0.00ns)   --->   "%out_mem_884 = alloca i64 1" [./conv.h:21->top_wrapper.cpp:123]   --->   Operation 507 'alloca' 'out_mem_884' <Predicate = true> <Delay = 0.00>
ST_1 : Operation 508 [1/1] (0.00ns)   --->   "%out_mem_883 = alloca i64 1" [./conv.h:21->top_wrapper.cpp:123]   --->   Operation 508 'alloca' 'out_mem_883' <Predicate = true> <Delay = 0.00>
ST_1 : Operation 509 [1/1] (0.00ns)   --->   "%out_mem_882 = alloca i64 1" [./conv.h:21->top_wrapper.cpp:123]   --->   Operation 509 'alloca' 'out_mem_882' <Predicate = true> <Delay = 0.00>
ST_1 : Operation 510 [1/1] (0.00ns)   --->   "%out_mem_881 = alloca i64 1" [./conv.h:21->top_wrapper.cpp:123]   --->   Operation 510 'alloca' 'out_mem_881' <Predicate = true> <Delay = 0.00>
ST_1 : Operation 511 [1/1] (0.00ns)   --->   "%out_mem_880 = alloca i64 1" [./conv.h:21->top_wrapper.cpp:123]   --->   Operation 511 'alloca' 'out_mem_880' <Predicate = true> <Delay = 0.00>
ST_1 : Operation 512 [1/1] (0.00ns)   --->   "%out_mem_879 = alloca i64 1" [./conv.h:21->top_wrapper.cpp:123]   --->   Operation 512 'alloca' 'out_mem_879' <Predicate = true> <Delay = 0.00>
ST_1 : Operation 513 [1/1] (0.00ns)   --->   "%out_mem_878 = alloca i64 1" [./conv.h:21->top_wrapper.cpp:123]   --->   Operation 513 'alloca' 'out_mem_878' <Predicate = true> <Delay = 0.00>
ST_1 : Operation 514 [1/1] (0.00ns)   --->   "%out_mem_877 = alloca i64 1" [./conv.h:21->top_wrapper.cpp:123]   --->   Operation 514 'alloca' 'out_mem_877' <Predicate = true> <Delay = 0.00>
ST_1 : Operation 515 [1/1] (0.00ns)   --->   "%out_mem_876 = alloca i64 1" [./conv.h:21->top_wrapper.cpp:123]   --->   Operation 515 'alloca' 'out_mem_876' <Predicate = true> <Delay = 0.00>
ST_1 : Operation 516 [1/1] (0.00ns)   --->   "%out_mem_875 = alloca i64 1" [./conv.h:21->top_wrapper.cpp:123]   --->   Operation 516 'alloca' 'out_mem_875' <Predicate = true> <Delay = 0.00>
ST_1 : Operation 517 [1/1] (0.00ns)   --->   "%out_mem_874 = alloca i64 1" [./conv.h:21->top_wrapper.cpp:123]   --->   Operation 517 'alloca' 'out_mem_874' <Predicate = true> <Delay = 0.00>
ST_1 : Operation 518 [1/1] (0.00ns)   --->   "%out_mem_873 = alloca i64 1" [./conv.h:21->top_wrapper.cpp:123]   --->   Operation 518 'alloca' 'out_mem_873' <Predicate = true> <Delay = 0.00>
ST_1 : Operation 519 [1/1] (0.00ns)   --->   "%out_mem_872 = alloca i64 1" [./conv.h:21->top_wrapper.cpp:123]   --->   Operation 519 'alloca' 'out_mem_872' <Predicate = true> <Delay = 0.00>
ST_1 : Operation 520 [1/1] (0.00ns)   --->   "%out_mem_871 = alloca i64 1" [./conv.h:21->top_wrapper.cpp:123]   --->   Operation 520 'alloca' 'out_mem_871' <Predicate = true> <Delay = 0.00>
ST_1 : Operation 521 [1/1] (0.00ns)   --->   "%out_mem_870 = alloca i64 1" [./conv.h:21->top_wrapper.cpp:123]   --->   Operation 521 'alloca' 'out_mem_870' <Predicate = true> <Delay = 0.00>
ST_1 : Operation 522 [1/1] (0.00ns)   --->   "%out_mem_869 = alloca i64 1" [./conv.h:21->top_wrapper.cpp:123]   --->   Operation 522 'alloca' 'out_mem_869' <Predicate = true> <Delay = 0.00>
ST_1 : Operation 523 [1/1] (0.00ns)   --->   "%out_mem_868 = alloca i64 1" [./conv.h:21->top_wrapper.cpp:123]   --->   Operation 523 'alloca' 'out_mem_868' <Predicate = true> <Delay = 0.00>
ST_1 : Operation 524 [1/1] (0.00ns)   --->   "%out_mem_867 = alloca i64 1" [./conv.h:21->top_wrapper.cpp:123]   --->   Operation 524 'alloca' 'out_mem_867' <Predicate = true> <Delay = 0.00>
ST_1 : Operation 525 [1/1] (0.00ns)   --->   "%out_mem_866 = alloca i64 1" [./conv.h:21->top_wrapper.cpp:123]   --->   Operation 525 'alloca' 'out_mem_866' <Predicate = true> <Delay = 0.00>
ST_1 : Operation 526 [1/1] (0.00ns)   --->   "%out_mem_865 = alloca i64 1" [./conv.h:21->top_wrapper.cpp:123]   --->   Operation 526 'alloca' 'out_mem_865' <Predicate = true> <Delay = 0.00>
ST_1 : Operation 527 [1/1] (0.00ns)   --->   "%out_mem_864 = alloca i64 1" [./conv.h:21->top_wrapper.cpp:123]   --->   Operation 527 'alloca' 'out_mem_864' <Predicate = true> <Delay = 0.00>
ST_1 : Operation 528 [1/1] (0.00ns)   --->   "%out_mem_863 = alloca i64 1" [./conv.h:21->top_wrapper.cpp:123]   --->   Operation 528 'alloca' 'out_mem_863' <Predicate = true> <Delay = 0.00>
ST_1 : Operation 529 [1/1] (0.00ns)   --->   "%out_mem_862 = alloca i64 1" [./conv.h:21->top_wrapper.cpp:123]   --->   Operation 529 'alloca' 'out_mem_862' <Predicate = true> <Delay = 0.00>
ST_1 : Operation 530 [1/1] (0.00ns)   --->   "%out_mem_861 = alloca i64 1" [./conv.h:21->top_wrapper.cpp:123]   --->   Operation 530 'alloca' 'out_mem_861' <Predicate = true> <Delay = 0.00>
ST_1 : Operation 531 [1/1] (0.00ns)   --->   "%out_mem_860 = alloca i64 1" [./conv.h:21->top_wrapper.cpp:123]   --->   Operation 531 'alloca' 'out_mem_860' <Predicate = true> <Delay = 0.00>
ST_1 : Operation 532 [1/1] (0.00ns)   --->   "%out_mem_859 = alloca i64 1" [./conv.h:21->top_wrapper.cpp:123]   --->   Operation 532 'alloca' 'out_mem_859' <Predicate = true> <Delay = 0.00>
ST_1 : Operation 533 [1/1] (0.00ns)   --->   "%out_mem_858 = alloca i64 1" [./conv.h:21->top_wrapper.cpp:123]   --->   Operation 533 'alloca' 'out_mem_858' <Predicate = true> <Delay = 0.00>
ST_1 : Operation 534 [1/1] (0.00ns)   --->   "%out_mem_857 = alloca i64 1" [./conv.h:21->top_wrapper.cpp:123]   --->   Operation 534 'alloca' 'out_mem_857' <Predicate = true> <Delay = 0.00>
ST_1 : Operation 535 [1/1] (0.00ns)   --->   "%out_mem_856 = alloca i64 1" [./conv.h:21->top_wrapper.cpp:123]   --->   Operation 535 'alloca' 'out_mem_856' <Predicate = true> <Delay = 0.00>
ST_1 : Operation 536 [1/1] (0.00ns)   --->   "%out_mem_855 = alloca i64 1" [./conv.h:21->top_wrapper.cpp:123]   --->   Operation 536 'alloca' 'out_mem_855' <Predicate = true> <Delay = 0.00>
ST_1 : Operation 537 [1/1] (0.00ns)   --->   "%out_mem_854 = alloca i64 1" [./conv.h:21->top_wrapper.cpp:123]   --->   Operation 537 'alloca' 'out_mem_854' <Predicate = true> <Delay = 0.00>
ST_1 : Operation 538 [1/1] (0.00ns)   --->   "%out_mem_853 = alloca i64 1" [./conv.h:21->top_wrapper.cpp:123]   --->   Operation 538 'alloca' 'out_mem_853' <Predicate = true> <Delay = 0.00>
ST_1 : Operation 539 [1/1] (0.00ns)   --->   "%out_mem_852 = alloca i64 1" [./conv.h:21->top_wrapper.cpp:123]   --->   Operation 539 'alloca' 'out_mem_852' <Predicate = true> <Delay = 0.00>
ST_1 : Operation 540 [1/1] (0.00ns)   --->   "%out_mem_851 = alloca i64 1" [./conv.h:21->top_wrapper.cpp:123]   --->   Operation 540 'alloca' 'out_mem_851' <Predicate = true> <Delay = 0.00>
ST_1 : Operation 541 [1/1] (0.00ns)   --->   "%out_mem_850 = alloca i64 1" [./conv.h:21->top_wrapper.cpp:123]   --->   Operation 541 'alloca' 'out_mem_850' <Predicate = true> <Delay = 0.00>
ST_1 : Operation 542 [1/1] (0.00ns)   --->   "%out_mem_849 = alloca i64 1" [./conv.h:21->top_wrapper.cpp:123]   --->   Operation 542 'alloca' 'out_mem_849' <Predicate = true> <Delay = 0.00>
ST_1 : Operation 543 [1/1] (0.00ns)   --->   "%out_mem_848 = alloca i64 1" [./conv.h:21->top_wrapper.cpp:123]   --->   Operation 543 'alloca' 'out_mem_848' <Predicate = true> <Delay = 0.00>
ST_1 : Operation 544 [1/1] (0.00ns)   --->   "%out_mem_847 = alloca i64 1" [./conv.h:21->top_wrapper.cpp:123]   --->   Operation 544 'alloca' 'out_mem_847' <Predicate = true> <Delay = 0.00>
ST_1 : Operation 545 [1/1] (0.00ns)   --->   "%out_mem_846 = alloca i64 1" [./conv.h:21->top_wrapper.cpp:123]   --->   Operation 545 'alloca' 'out_mem_846' <Predicate = true> <Delay = 0.00>
ST_1 : Operation 546 [1/1] (0.00ns)   --->   "%out_mem_845 = alloca i64 1" [./conv.h:21->top_wrapper.cpp:123]   --->   Operation 546 'alloca' 'out_mem_845' <Predicate = true> <Delay = 0.00>
ST_1 : Operation 547 [1/1] (0.00ns)   --->   "%out_mem_844 = alloca i64 1" [./conv.h:21->top_wrapper.cpp:123]   --->   Operation 547 'alloca' 'out_mem_844' <Predicate = true> <Delay = 0.00>
ST_1 : Operation 548 [1/1] (0.00ns)   --->   "%out_mem_843 = alloca i64 1" [./conv.h:21->top_wrapper.cpp:123]   --->   Operation 548 'alloca' 'out_mem_843' <Predicate = true> <Delay = 0.00>
ST_1 : Operation 549 [1/1] (0.00ns)   --->   "%out_mem_842 = alloca i64 1" [./conv.h:21->top_wrapper.cpp:123]   --->   Operation 549 'alloca' 'out_mem_842' <Predicate = true> <Delay = 0.00>
ST_1 : Operation 550 [1/1] (0.00ns)   --->   "%out_mem_841 = alloca i64 1" [./conv.h:21->top_wrapper.cpp:123]   --->   Operation 550 'alloca' 'out_mem_841' <Predicate = true> <Delay = 0.00>
ST_1 : Operation 551 [1/1] (0.00ns)   --->   "%out_mem_840 = alloca i64 1" [./conv.h:21->top_wrapper.cpp:123]   --->   Operation 551 'alloca' 'out_mem_840' <Predicate = true> <Delay = 0.00>
ST_1 : Operation 552 [1/1] (0.00ns)   --->   "%out_mem_839 = alloca i64 1" [./conv.h:21->top_wrapper.cpp:123]   --->   Operation 552 'alloca' 'out_mem_839' <Predicate = true> <Delay = 0.00>
ST_1 : Operation 553 [1/1] (0.00ns)   --->   "%out_mem_838 = alloca i64 1" [./conv.h:21->top_wrapper.cpp:123]   --->   Operation 553 'alloca' 'out_mem_838' <Predicate = true> <Delay = 0.00>
ST_1 : Operation 554 [1/1] (0.00ns)   --->   "%out_mem_837 = alloca i64 1" [./conv.h:21->top_wrapper.cpp:123]   --->   Operation 554 'alloca' 'out_mem_837' <Predicate = true> <Delay = 0.00>
ST_1 : Operation 555 [1/1] (0.00ns)   --->   "%out_mem_836 = alloca i64 1" [./conv.h:21->top_wrapper.cpp:123]   --->   Operation 555 'alloca' 'out_mem_836' <Predicate = true> <Delay = 0.00>
ST_1 : Operation 556 [1/1] (0.00ns)   --->   "%out_mem_835 = alloca i64 1" [./conv.h:21->top_wrapper.cpp:123]   --->   Operation 556 'alloca' 'out_mem_835' <Predicate = true> <Delay = 0.00>
ST_1 : Operation 557 [1/1] (0.00ns)   --->   "%out_mem_834 = alloca i64 1" [./conv.h:21->top_wrapper.cpp:123]   --->   Operation 557 'alloca' 'out_mem_834' <Predicate = true> <Delay = 0.00>
ST_1 : Operation 558 [1/1] (0.00ns)   --->   "%out_mem_833 = alloca i64 1" [./conv.h:21->top_wrapper.cpp:123]   --->   Operation 558 'alloca' 'out_mem_833' <Predicate = true> <Delay = 0.00>
ST_1 : Operation 559 [1/1] (0.00ns)   --->   "%out_mem_832 = alloca i64 1" [./conv.h:21->top_wrapper.cpp:123]   --->   Operation 559 'alloca' 'out_mem_832' <Predicate = true> <Delay = 0.00>
ST_1 : Operation 560 [1/1] (0.00ns)   --->   "%out_mem_831 = alloca i64 1" [./conv.h:21->top_wrapper.cpp:123]   --->   Operation 560 'alloca' 'out_mem_831' <Predicate = true> <Delay = 0.00>
ST_1 : Operation 561 [1/1] (0.00ns)   --->   "%out_mem_830 = alloca i64 1" [./conv.h:21->top_wrapper.cpp:123]   --->   Operation 561 'alloca' 'out_mem_830' <Predicate = true> <Delay = 0.00>
ST_1 : Operation 562 [1/1] (0.00ns)   --->   "%out_mem_829 = alloca i64 1" [./conv.h:21->top_wrapper.cpp:123]   --->   Operation 562 'alloca' 'out_mem_829' <Predicate = true> <Delay = 0.00>
ST_1 : Operation 563 [1/1] (0.00ns)   --->   "%out_mem_828 = alloca i64 1" [./conv.h:21->top_wrapper.cpp:123]   --->   Operation 563 'alloca' 'out_mem_828' <Predicate = true> <Delay = 0.00>
ST_1 : Operation 564 [1/1] (0.00ns)   --->   "%out_mem_827 = alloca i64 1" [./conv.h:21->top_wrapper.cpp:123]   --->   Operation 564 'alloca' 'out_mem_827' <Predicate = true> <Delay = 0.00>
ST_1 : Operation 565 [1/1] (0.00ns)   --->   "%out_mem_826 = alloca i64 1" [./conv.h:21->top_wrapper.cpp:123]   --->   Operation 565 'alloca' 'out_mem_826' <Predicate = true> <Delay = 0.00>
ST_1 : Operation 566 [1/1] (0.00ns)   --->   "%out_mem_825 = alloca i64 1" [./conv.h:21->top_wrapper.cpp:123]   --->   Operation 566 'alloca' 'out_mem_825' <Predicate = true> <Delay = 0.00>
ST_1 : Operation 567 [1/1] (0.00ns)   --->   "%out_mem_824 = alloca i64 1" [./conv.h:21->top_wrapper.cpp:123]   --->   Operation 567 'alloca' 'out_mem_824' <Predicate = true> <Delay = 0.00>
ST_1 : Operation 568 [1/1] (0.00ns)   --->   "%out_mem_823 = alloca i64 1" [./conv.h:21->top_wrapper.cpp:123]   --->   Operation 568 'alloca' 'out_mem_823' <Predicate = true> <Delay = 0.00>
ST_1 : Operation 569 [1/1] (0.00ns)   --->   "%out_mem_822 = alloca i64 1" [./conv.h:21->top_wrapper.cpp:123]   --->   Operation 569 'alloca' 'out_mem_822' <Predicate = true> <Delay = 0.00>
ST_1 : Operation 570 [1/1] (0.00ns)   --->   "%out_mem_821 = alloca i64 1" [./conv.h:21->top_wrapper.cpp:123]   --->   Operation 570 'alloca' 'out_mem_821' <Predicate = true> <Delay = 0.00>
ST_1 : Operation 571 [1/1] (0.00ns)   --->   "%out_mem_820 = alloca i64 1" [./conv.h:21->top_wrapper.cpp:123]   --->   Operation 571 'alloca' 'out_mem_820' <Predicate = true> <Delay = 0.00>
ST_1 : Operation 572 [1/1] (0.00ns)   --->   "%out_mem_819 = alloca i64 1" [./conv.h:21->top_wrapper.cpp:123]   --->   Operation 572 'alloca' 'out_mem_819' <Predicate = true> <Delay = 0.00>
ST_1 : Operation 573 [1/1] (0.00ns)   --->   "%out_mem_818 = alloca i64 1" [./conv.h:21->top_wrapper.cpp:123]   --->   Operation 573 'alloca' 'out_mem_818' <Predicate = true> <Delay = 0.00>
ST_1 : Operation 574 [1/1] (0.00ns)   --->   "%out_mem_817 = alloca i64 1" [./conv.h:21->top_wrapper.cpp:123]   --->   Operation 574 'alloca' 'out_mem_817' <Predicate = true> <Delay = 0.00>
ST_1 : Operation 575 [1/1] (0.00ns)   --->   "%out_mem_816 = alloca i64 1" [./conv.h:21->top_wrapper.cpp:123]   --->   Operation 575 'alloca' 'out_mem_816' <Predicate = true> <Delay = 0.00>
ST_1 : Operation 576 [1/1] (0.00ns)   --->   "%out_mem_815 = alloca i64 1" [./conv.h:21->top_wrapper.cpp:123]   --->   Operation 576 'alloca' 'out_mem_815' <Predicate = true> <Delay = 0.00>
ST_1 : Operation 577 [1/1] (0.00ns)   --->   "%out_mem_814 = alloca i64 1" [./conv.h:21->top_wrapper.cpp:123]   --->   Operation 577 'alloca' 'out_mem_814' <Predicate = true> <Delay = 0.00>
ST_1 : Operation 578 [1/1] (0.00ns)   --->   "%out_mem_813 = alloca i64 1" [./conv.h:21->top_wrapper.cpp:123]   --->   Operation 578 'alloca' 'out_mem_813' <Predicate = true> <Delay = 0.00>
ST_1 : Operation 579 [1/1] (0.00ns)   --->   "%out_mem_812 = alloca i64 1" [./conv.h:21->top_wrapper.cpp:123]   --->   Operation 579 'alloca' 'out_mem_812' <Predicate = true> <Delay = 0.00>
ST_1 : Operation 580 [1/1] (0.00ns)   --->   "%out_mem_811 = alloca i64 1" [./conv.h:21->top_wrapper.cpp:123]   --->   Operation 580 'alloca' 'out_mem_811' <Predicate = true> <Delay = 0.00>
ST_1 : Operation 581 [1/1] (0.00ns)   --->   "%out_mem_810 = alloca i64 1" [./conv.h:21->top_wrapper.cpp:123]   --->   Operation 581 'alloca' 'out_mem_810' <Predicate = true> <Delay = 0.00>
ST_1 : Operation 582 [1/1] (0.00ns)   --->   "%out_mem_809 = alloca i64 1" [./conv.h:21->top_wrapper.cpp:123]   --->   Operation 582 'alloca' 'out_mem_809' <Predicate = true> <Delay = 0.00>
ST_1 : Operation 583 [1/1] (0.00ns)   --->   "%out_mem_808 = alloca i64 1" [./conv.h:21->top_wrapper.cpp:123]   --->   Operation 583 'alloca' 'out_mem_808' <Predicate = true> <Delay = 0.00>
ST_1 : Operation 584 [1/1] (0.00ns)   --->   "%out_mem_807 = alloca i64 1" [./conv.h:21->top_wrapper.cpp:123]   --->   Operation 584 'alloca' 'out_mem_807' <Predicate = true> <Delay = 0.00>
ST_1 : Operation 585 [1/1] (0.00ns)   --->   "%out_mem_806 = alloca i64 1" [./conv.h:21->top_wrapper.cpp:123]   --->   Operation 585 'alloca' 'out_mem_806' <Predicate = true> <Delay = 0.00>
ST_1 : Operation 586 [1/1] (0.00ns)   --->   "%out_mem_805 = alloca i64 1" [./conv.h:21->top_wrapper.cpp:123]   --->   Operation 586 'alloca' 'out_mem_805' <Predicate = true> <Delay = 0.00>
ST_1 : Operation 587 [1/1] (0.00ns)   --->   "%out_mem_804 = alloca i64 1" [./conv.h:21->top_wrapper.cpp:123]   --->   Operation 587 'alloca' 'out_mem_804' <Predicate = true> <Delay = 0.00>
ST_1 : Operation 588 [1/1] (0.00ns)   --->   "%out_mem_803 = alloca i64 1" [./conv.h:21->top_wrapper.cpp:123]   --->   Operation 588 'alloca' 'out_mem_803' <Predicate = true> <Delay = 0.00>
ST_1 : Operation 589 [1/1] (0.00ns)   --->   "%out_mem_802 = alloca i64 1" [./conv.h:21->top_wrapper.cpp:123]   --->   Operation 589 'alloca' 'out_mem_802' <Predicate = true> <Delay = 0.00>
ST_1 : Operation 590 [1/1] (0.00ns)   --->   "%out_mem_801 = alloca i64 1" [./conv.h:21->top_wrapper.cpp:123]   --->   Operation 590 'alloca' 'out_mem_801' <Predicate = true> <Delay = 0.00>
ST_1 : Operation 591 [1/1] (0.00ns)   --->   "%out_mem_800 = alloca i64 1" [./conv.h:21->top_wrapper.cpp:123]   --->   Operation 591 'alloca' 'out_mem_800' <Predicate = true> <Delay = 0.00>
ST_1 : Operation 592 [1/1] (0.00ns)   --->   "%out_mem_799 = alloca i64 1" [./conv.h:21->top_wrapper.cpp:123]   --->   Operation 592 'alloca' 'out_mem_799' <Predicate = true> <Delay = 0.00>
ST_1 : Operation 593 [1/1] (0.00ns)   --->   "%out_mem_798 = alloca i64 1" [./conv.h:21->top_wrapper.cpp:123]   --->   Operation 593 'alloca' 'out_mem_798' <Predicate = true> <Delay = 0.00>
ST_1 : Operation 594 [1/1] (0.00ns)   --->   "%out_mem_797 = alloca i64 1" [./conv.h:21->top_wrapper.cpp:123]   --->   Operation 594 'alloca' 'out_mem_797' <Predicate = true> <Delay = 0.00>
ST_1 : Operation 595 [1/1] (0.00ns)   --->   "%out_mem_796 = alloca i64 1" [./conv.h:21->top_wrapper.cpp:123]   --->   Operation 595 'alloca' 'out_mem_796' <Predicate = true> <Delay = 0.00>
ST_1 : Operation 596 [1/1] (0.00ns)   --->   "%out_mem_795 = alloca i64 1" [./conv.h:21->top_wrapper.cpp:123]   --->   Operation 596 'alloca' 'out_mem_795' <Predicate = true> <Delay = 0.00>
ST_1 : Operation 597 [1/1] (0.00ns)   --->   "%out_mem_794 = alloca i64 1" [./conv.h:21->top_wrapper.cpp:123]   --->   Operation 597 'alloca' 'out_mem_794' <Predicate = true> <Delay = 0.00>
ST_1 : Operation 598 [1/1] (0.00ns)   --->   "%out_mem_793 = alloca i64 1" [./conv.h:21->top_wrapper.cpp:123]   --->   Operation 598 'alloca' 'out_mem_793' <Predicate = true> <Delay = 0.00>
ST_1 : Operation 599 [1/1] (0.00ns)   --->   "%out_mem_792 = alloca i64 1" [./conv.h:21->top_wrapper.cpp:123]   --->   Operation 599 'alloca' 'out_mem_792' <Predicate = true> <Delay = 0.00>
ST_1 : Operation 600 [1/1] (0.00ns)   --->   "%out_mem_791 = alloca i64 1" [./conv.h:21->top_wrapper.cpp:123]   --->   Operation 600 'alloca' 'out_mem_791' <Predicate = true> <Delay = 0.00>
ST_1 : Operation 601 [1/1] (0.00ns)   --->   "%out_mem_790 = alloca i64 1" [./conv.h:21->top_wrapper.cpp:123]   --->   Operation 601 'alloca' 'out_mem_790' <Predicate = true> <Delay = 0.00>
ST_1 : Operation 602 [1/1] (0.00ns)   --->   "%out_mem_789 = alloca i64 1" [./conv.h:21->top_wrapper.cpp:123]   --->   Operation 602 'alloca' 'out_mem_789' <Predicate = true> <Delay = 0.00>
ST_1 : Operation 603 [1/1] (0.00ns)   --->   "%out_mem_788 = alloca i64 1" [./conv.h:21->top_wrapper.cpp:123]   --->   Operation 603 'alloca' 'out_mem_788' <Predicate = true> <Delay = 0.00>
ST_1 : Operation 604 [1/1] (0.00ns)   --->   "%out_mem_787 = alloca i64 1" [./conv.h:21->top_wrapper.cpp:123]   --->   Operation 604 'alloca' 'out_mem_787' <Predicate = true> <Delay = 0.00>
ST_1 : Operation 605 [1/1] (0.00ns)   --->   "%out_mem_786 = alloca i64 1" [./conv.h:21->top_wrapper.cpp:123]   --->   Operation 605 'alloca' 'out_mem_786' <Predicate = true> <Delay = 0.00>
ST_1 : Operation 606 [1/1] (0.00ns)   --->   "%out_mem_785 = alloca i64 1" [./conv.h:21->top_wrapper.cpp:123]   --->   Operation 606 'alloca' 'out_mem_785' <Predicate = true> <Delay = 0.00>
ST_1 : Operation 607 [1/1] (0.00ns)   --->   "%out_mem_784 = alloca i64 1" [./conv.h:21->top_wrapper.cpp:123]   --->   Operation 607 'alloca' 'out_mem_784' <Predicate = true> <Delay = 0.00>
ST_1 : Operation 608 [1/1] (0.00ns)   --->   "%out_mem_783 = alloca i64 1" [./conv.h:21->top_wrapper.cpp:123]   --->   Operation 608 'alloca' 'out_mem_783' <Predicate = true> <Delay = 0.00>
ST_1 : Operation 609 [1/1] (0.00ns)   --->   "%out_mem_782 = alloca i64 1" [./conv.h:21->top_wrapper.cpp:123]   --->   Operation 609 'alloca' 'out_mem_782' <Predicate = true> <Delay = 0.00>
ST_1 : Operation 610 [1/1] (0.00ns)   --->   "%out_mem_781 = alloca i64 1" [./conv.h:21->top_wrapper.cpp:123]   --->   Operation 610 'alloca' 'out_mem_781' <Predicate = true> <Delay = 0.00>
ST_1 : Operation 611 [1/1] (0.00ns)   --->   "%out_mem_780 = alloca i64 1" [./conv.h:21->top_wrapper.cpp:123]   --->   Operation 611 'alloca' 'out_mem_780' <Predicate = true> <Delay = 0.00>
ST_1 : Operation 612 [1/1] (0.00ns)   --->   "%out_mem_779 = alloca i64 1" [./conv.h:21->top_wrapper.cpp:123]   --->   Operation 612 'alloca' 'out_mem_779' <Predicate = true> <Delay = 0.00>
ST_1 : Operation 613 [1/1] (0.00ns)   --->   "%out_mem_778 = alloca i64 1" [./conv.h:21->top_wrapper.cpp:123]   --->   Operation 613 'alloca' 'out_mem_778' <Predicate = true> <Delay = 0.00>
ST_1 : Operation 614 [1/1] (0.00ns)   --->   "%out_mem_777 = alloca i64 1" [./conv.h:21->top_wrapper.cpp:123]   --->   Operation 614 'alloca' 'out_mem_777' <Predicate = true> <Delay = 0.00>
ST_1 : Operation 615 [1/1] (0.00ns)   --->   "%out_mem_776 = alloca i64 1" [./conv.h:21->top_wrapper.cpp:123]   --->   Operation 615 'alloca' 'out_mem_776' <Predicate = true> <Delay = 0.00>
ST_1 : Operation 616 [1/1] (0.00ns)   --->   "%out_mem_775 = alloca i64 1" [./conv.h:21->top_wrapper.cpp:123]   --->   Operation 616 'alloca' 'out_mem_775' <Predicate = true> <Delay = 0.00>
ST_1 : Operation 617 [1/1] (0.00ns)   --->   "%out_mem_774 = alloca i64 1" [./conv.h:21->top_wrapper.cpp:123]   --->   Operation 617 'alloca' 'out_mem_774' <Predicate = true> <Delay = 0.00>
ST_1 : Operation 618 [1/1] (0.00ns)   --->   "%out_mem_773 = alloca i64 1" [./conv.h:21->top_wrapper.cpp:123]   --->   Operation 618 'alloca' 'out_mem_773' <Predicate = true> <Delay = 0.00>
ST_1 : Operation 619 [1/1] (0.00ns)   --->   "%out_mem_772 = alloca i64 1" [./conv.h:21->top_wrapper.cpp:123]   --->   Operation 619 'alloca' 'out_mem_772' <Predicate = true> <Delay = 0.00>
ST_1 : Operation 620 [1/1] (0.00ns)   --->   "%out_mem_771 = alloca i64 1" [./conv.h:21->top_wrapper.cpp:123]   --->   Operation 620 'alloca' 'out_mem_771' <Predicate = true> <Delay = 0.00>
ST_1 : Operation 621 [1/1] (0.00ns)   --->   "%out_mem_770 = alloca i64 1" [./conv.h:21->top_wrapper.cpp:123]   --->   Operation 621 'alloca' 'out_mem_770' <Predicate = true> <Delay = 0.00>
ST_1 : Operation 622 [1/1] (0.00ns)   --->   "%out_mem_769 = alloca i64 1" [./conv.h:21->top_wrapper.cpp:123]   --->   Operation 622 'alloca' 'out_mem_769' <Predicate = true> <Delay = 0.00>
ST_1 : Operation 623 [1/1] (0.00ns)   --->   "%out_mem_768 = alloca i64 1" [./conv.h:21->top_wrapper.cpp:123]   --->   Operation 623 'alloca' 'out_mem_768' <Predicate = true> <Delay = 0.00>
ST_1 : Operation 624 [1/1] (0.00ns)   --->   "%out_mem_767 = alloca i64 1" [./conv.h:21->top_wrapper.cpp:123]   --->   Operation 624 'alloca' 'out_mem_767' <Predicate = true> <Delay = 0.00>
ST_1 : Operation 625 [1/1] (0.00ns)   --->   "%out_mem_766 = alloca i64 1" [./conv.h:21->top_wrapper.cpp:123]   --->   Operation 625 'alloca' 'out_mem_766' <Predicate = true> <Delay = 0.00>
ST_1 : Operation 626 [1/1] (0.00ns)   --->   "%out_mem_765 = alloca i64 1" [./conv.h:21->top_wrapper.cpp:123]   --->   Operation 626 'alloca' 'out_mem_765' <Predicate = true> <Delay = 0.00>
ST_1 : Operation 627 [1/1] (0.00ns)   --->   "%out_mem_764 = alloca i64 1" [./conv.h:21->top_wrapper.cpp:123]   --->   Operation 627 'alloca' 'out_mem_764' <Predicate = true> <Delay = 0.00>
ST_1 : Operation 628 [1/1] (0.00ns)   --->   "%out_mem_763 = alloca i64 1" [./conv.h:21->top_wrapper.cpp:123]   --->   Operation 628 'alloca' 'out_mem_763' <Predicate = true> <Delay = 0.00>
ST_1 : Operation 629 [1/1] (0.00ns)   --->   "%out_mem_762 = alloca i64 1" [./conv.h:21->top_wrapper.cpp:123]   --->   Operation 629 'alloca' 'out_mem_762' <Predicate = true> <Delay = 0.00>
ST_1 : Operation 630 [1/1] (0.00ns)   --->   "%out_mem_761 = alloca i64 1" [./conv.h:21->top_wrapper.cpp:123]   --->   Operation 630 'alloca' 'out_mem_761' <Predicate = true> <Delay = 0.00>
ST_1 : Operation 631 [1/1] (0.00ns)   --->   "%out_mem_760 = alloca i64 1" [./conv.h:21->top_wrapper.cpp:123]   --->   Operation 631 'alloca' 'out_mem_760' <Predicate = true> <Delay = 0.00>
ST_1 : Operation 632 [1/1] (0.00ns)   --->   "%out_mem_759 = alloca i64 1" [./conv.h:21->top_wrapper.cpp:123]   --->   Operation 632 'alloca' 'out_mem_759' <Predicate = true> <Delay = 0.00>
ST_1 : Operation 633 [1/1] (0.00ns)   --->   "%out_mem_758 = alloca i64 1" [./conv.h:21->top_wrapper.cpp:123]   --->   Operation 633 'alloca' 'out_mem_758' <Predicate = true> <Delay = 0.00>
ST_1 : Operation 634 [1/1] (0.00ns)   --->   "%out_mem_757 = alloca i64 1" [./conv.h:21->top_wrapper.cpp:123]   --->   Operation 634 'alloca' 'out_mem_757' <Predicate = true> <Delay = 0.00>
ST_1 : Operation 635 [1/1] (0.00ns)   --->   "%out_mem_756 = alloca i64 1" [./conv.h:21->top_wrapper.cpp:123]   --->   Operation 635 'alloca' 'out_mem_756' <Predicate = true> <Delay = 0.00>
ST_1 : Operation 636 [1/1] (0.00ns)   --->   "%out_mem_755 = alloca i64 1" [./conv.h:21->top_wrapper.cpp:123]   --->   Operation 636 'alloca' 'out_mem_755' <Predicate = true> <Delay = 0.00>
ST_1 : Operation 637 [1/1] (0.00ns)   --->   "%out_mem_754 = alloca i64 1" [./conv.h:21->top_wrapper.cpp:123]   --->   Operation 637 'alloca' 'out_mem_754' <Predicate = true> <Delay = 0.00>
ST_1 : Operation 638 [1/1] (0.00ns)   --->   "%out_mem_753 = alloca i64 1" [./conv.h:21->top_wrapper.cpp:123]   --->   Operation 638 'alloca' 'out_mem_753' <Predicate = true> <Delay = 0.00>
ST_1 : Operation 639 [1/1] (0.00ns)   --->   "%out_mem_752 = alloca i64 1" [./conv.h:21->top_wrapper.cpp:123]   --->   Operation 639 'alloca' 'out_mem_752' <Predicate = true> <Delay = 0.00>
ST_1 : Operation 640 [1/1] (0.00ns)   --->   "%out_mem_751 = alloca i64 1" [./conv.h:21->top_wrapper.cpp:123]   --->   Operation 640 'alloca' 'out_mem_751' <Predicate = true> <Delay = 0.00>
ST_1 : Operation 641 [1/1] (0.00ns)   --->   "%out_mem_750 = alloca i64 1" [./conv.h:21->top_wrapper.cpp:123]   --->   Operation 641 'alloca' 'out_mem_750' <Predicate = true> <Delay = 0.00>
ST_1 : Operation 642 [1/1] (0.00ns)   --->   "%out_mem_749 = alloca i64 1" [./conv.h:21->top_wrapper.cpp:123]   --->   Operation 642 'alloca' 'out_mem_749' <Predicate = true> <Delay = 0.00>
ST_1 : Operation 643 [1/1] (0.00ns)   --->   "%out_mem_748 = alloca i64 1" [./conv.h:21->top_wrapper.cpp:123]   --->   Operation 643 'alloca' 'out_mem_748' <Predicate = true> <Delay = 0.00>
ST_1 : Operation 644 [1/1] (0.00ns)   --->   "%out_mem_747 = alloca i64 1" [./conv.h:21->top_wrapper.cpp:123]   --->   Operation 644 'alloca' 'out_mem_747' <Predicate = true> <Delay = 0.00>
ST_1 : Operation 645 [1/1] (0.00ns)   --->   "%out_mem_746 = alloca i64 1" [./conv.h:21->top_wrapper.cpp:123]   --->   Operation 645 'alloca' 'out_mem_746' <Predicate = true> <Delay = 0.00>
ST_1 : Operation 646 [1/1] (0.00ns)   --->   "%out_mem_745 = alloca i64 1" [./conv.h:21->top_wrapper.cpp:123]   --->   Operation 646 'alloca' 'out_mem_745' <Predicate = true> <Delay = 0.00>
ST_1 : Operation 647 [1/1] (0.00ns)   --->   "%out_mem_744 = alloca i64 1" [./conv.h:21->top_wrapper.cpp:123]   --->   Operation 647 'alloca' 'out_mem_744' <Predicate = true> <Delay = 0.00>
ST_1 : Operation 648 [1/1] (0.00ns)   --->   "%out_mem_743 = alloca i64 1" [./conv.h:21->top_wrapper.cpp:123]   --->   Operation 648 'alloca' 'out_mem_743' <Predicate = true> <Delay = 0.00>
ST_1 : Operation 649 [1/1] (0.00ns)   --->   "%out_mem_742 = alloca i64 1" [./conv.h:21->top_wrapper.cpp:123]   --->   Operation 649 'alloca' 'out_mem_742' <Predicate = true> <Delay = 0.00>
ST_1 : Operation 650 [1/1] (0.00ns)   --->   "%out_mem_741 = alloca i64 1" [./conv.h:21->top_wrapper.cpp:123]   --->   Operation 650 'alloca' 'out_mem_741' <Predicate = true> <Delay = 0.00>
ST_1 : Operation 651 [1/1] (0.00ns)   --->   "%out_mem_740 = alloca i64 1" [./conv.h:21->top_wrapper.cpp:123]   --->   Operation 651 'alloca' 'out_mem_740' <Predicate = true> <Delay = 0.00>
ST_1 : Operation 652 [1/1] (0.00ns)   --->   "%out_mem_739 = alloca i64 1" [./conv.h:21->top_wrapper.cpp:123]   --->   Operation 652 'alloca' 'out_mem_739' <Predicate = true> <Delay = 0.00>
ST_1 : Operation 653 [1/1] (0.00ns)   --->   "%out_mem_738 = alloca i64 1" [./conv.h:21->top_wrapper.cpp:123]   --->   Operation 653 'alloca' 'out_mem_738' <Predicate = true> <Delay = 0.00>
ST_1 : Operation 654 [1/1] (0.00ns)   --->   "%out_mem_737 = alloca i64 1" [./conv.h:21->top_wrapper.cpp:123]   --->   Operation 654 'alloca' 'out_mem_737' <Predicate = true> <Delay = 0.00>
ST_1 : Operation 655 [1/1] (0.00ns)   --->   "%out_mem_736 = alloca i64 1" [./conv.h:21->top_wrapper.cpp:123]   --->   Operation 655 'alloca' 'out_mem_736' <Predicate = true> <Delay = 0.00>
ST_1 : Operation 656 [1/1] (0.00ns)   --->   "%out_mem_735 = alloca i64 1" [./conv.h:21->top_wrapper.cpp:123]   --->   Operation 656 'alloca' 'out_mem_735' <Predicate = true> <Delay = 0.00>
ST_1 : Operation 657 [1/1] (0.00ns)   --->   "%out_mem_734 = alloca i64 1" [./conv.h:21->top_wrapper.cpp:123]   --->   Operation 657 'alloca' 'out_mem_734' <Predicate = true> <Delay = 0.00>
ST_1 : Operation 658 [1/1] (0.00ns)   --->   "%out_mem_733 = alloca i64 1" [./conv.h:21->top_wrapper.cpp:123]   --->   Operation 658 'alloca' 'out_mem_733' <Predicate = true> <Delay = 0.00>
ST_1 : Operation 659 [1/1] (0.00ns)   --->   "%out_mem_732 = alloca i64 1" [./conv.h:21->top_wrapper.cpp:123]   --->   Operation 659 'alloca' 'out_mem_732' <Predicate = true> <Delay = 0.00>
ST_1 : Operation 660 [1/1] (0.00ns)   --->   "%out_mem_731 = alloca i64 1" [./conv.h:21->top_wrapper.cpp:123]   --->   Operation 660 'alloca' 'out_mem_731' <Predicate = true> <Delay = 0.00>
ST_1 : Operation 661 [1/1] (0.00ns)   --->   "%out_mem_730 = alloca i64 1" [./conv.h:21->top_wrapper.cpp:123]   --->   Operation 661 'alloca' 'out_mem_730' <Predicate = true> <Delay = 0.00>
ST_1 : Operation 662 [1/1] (0.00ns)   --->   "%out_mem_729 = alloca i64 1" [./conv.h:21->top_wrapper.cpp:123]   --->   Operation 662 'alloca' 'out_mem_729' <Predicate = true> <Delay = 0.00>
ST_1 : Operation 663 [1/1] (0.00ns)   --->   "%out_mem_728 = alloca i64 1" [./conv.h:21->top_wrapper.cpp:123]   --->   Operation 663 'alloca' 'out_mem_728' <Predicate = true> <Delay = 0.00>
ST_1 : Operation 664 [1/1] (0.00ns)   --->   "%out_mem_727 = alloca i64 1" [./conv.h:21->top_wrapper.cpp:123]   --->   Operation 664 'alloca' 'out_mem_727' <Predicate = true> <Delay = 0.00>
ST_1 : Operation 665 [1/1] (0.00ns)   --->   "%out_mem_726 = alloca i64 1" [./conv.h:21->top_wrapper.cpp:123]   --->   Operation 665 'alloca' 'out_mem_726' <Predicate = true> <Delay = 0.00>
ST_1 : Operation 666 [1/1] (0.00ns)   --->   "%out_mem_725 = alloca i64 1" [./conv.h:21->top_wrapper.cpp:123]   --->   Operation 666 'alloca' 'out_mem_725' <Predicate = true> <Delay = 0.00>
ST_1 : Operation 667 [1/1] (0.00ns)   --->   "%out_mem_724 = alloca i64 1" [./conv.h:21->top_wrapper.cpp:123]   --->   Operation 667 'alloca' 'out_mem_724' <Predicate = true> <Delay = 0.00>
ST_1 : Operation 668 [1/1] (0.00ns)   --->   "%out_mem_723 = alloca i64 1" [./conv.h:21->top_wrapper.cpp:123]   --->   Operation 668 'alloca' 'out_mem_723' <Predicate = true> <Delay = 0.00>
ST_1 : Operation 669 [1/1] (0.00ns)   --->   "%out_mem_722 = alloca i64 1" [./conv.h:21->top_wrapper.cpp:123]   --->   Operation 669 'alloca' 'out_mem_722' <Predicate = true> <Delay = 0.00>
ST_1 : Operation 670 [1/1] (0.00ns)   --->   "%out_mem_721 = alloca i64 1" [./conv.h:21->top_wrapper.cpp:123]   --->   Operation 670 'alloca' 'out_mem_721' <Predicate = true> <Delay = 0.00>
ST_1 : Operation 671 [1/1] (0.00ns)   --->   "%out_mem_720 = alloca i64 1" [./conv.h:21->top_wrapper.cpp:123]   --->   Operation 671 'alloca' 'out_mem_720' <Predicate = true> <Delay = 0.00>
ST_1 : Operation 672 [1/1] (0.00ns)   --->   "%out_mem_719 = alloca i64 1" [./conv.h:21->top_wrapper.cpp:123]   --->   Operation 672 'alloca' 'out_mem_719' <Predicate = true> <Delay = 0.00>
ST_1 : Operation 673 [1/1] (0.00ns)   --->   "%out_mem_718 = alloca i64 1" [./conv.h:21->top_wrapper.cpp:123]   --->   Operation 673 'alloca' 'out_mem_718' <Predicate = true> <Delay = 0.00>
ST_1 : Operation 674 [1/1] (0.00ns)   --->   "%out_mem_717 = alloca i64 1" [./conv.h:21->top_wrapper.cpp:123]   --->   Operation 674 'alloca' 'out_mem_717' <Predicate = true> <Delay = 0.00>
ST_1 : Operation 675 [1/1] (0.00ns)   --->   "%out_mem_716 = alloca i64 1" [./conv.h:21->top_wrapper.cpp:123]   --->   Operation 675 'alloca' 'out_mem_716' <Predicate = true> <Delay = 0.00>
ST_1 : Operation 676 [1/1] (0.00ns)   --->   "%out_mem_715 = alloca i64 1" [./conv.h:21->top_wrapper.cpp:123]   --->   Operation 676 'alloca' 'out_mem_715' <Predicate = true> <Delay = 0.00>
ST_1 : Operation 677 [1/1] (0.00ns)   --->   "%out_mem_714 = alloca i64 1" [./conv.h:21->top_wrapper.cpp:123]   --->   Operation 677 'alloca' 'out_mem_714' <Predicate = true> <Delay = 0.00>
ST_1 : Operation 678 [1/1] (0.00ns)   --->   "%out_mem_713 = alloca i64 1" [./conv.h:21->top_wrapper.cpp:123]   --->   Operation 678 'alloca' 'out_mem_713' <Predicate = true> <Delay = 0.00>
ST_1 : Operation 679 [1/1] (0.00ns)   --->   "%out_mem_712 = alloca i64 1" [./conv.h:21->top_wrapper.cpp:123]   --->   Operation 679 'alloca' 'out_mem_712' <Predicate = true> <Delay = 0.00>
ST_1 : Operation 680 [1/1] (0.00ns)   --->   "%out_mem_711 = alloca i64 1" [./conv.h:21->top_wrapper.cpp:123]   --->   Operation 680 'alloca' 'out_mem_711' <Predicate = true> <Delay = 0.00>
ST_1 : Operation 681 [1/1] (0.00ns)   --->   "%out_mem_710 = alloca i64 1" [./conv.h:21->top_wrapper.cpp:123]   --->   Operation 681 'alloca' 'out_mem_710' <Predicate = true> <Delay = 0.00>
ST_1 : Operation 682 [1/1] (0.00ns)   --->   "%out_mem_709 = alloca i64 1" [./conv.h:21->top_wrapper.cpp:123]   --->   Operation 682 'alloca' 'out_mem_709' <Predicate = true> <Delay = 0.00>
ST_1 : Operation 683 [1/1] (0.00ns)   --->   "%out_mem_708 = alloca i64 1" [./conv.h:21->top_wrapper.cpp:123]   --->   Operation 683 'alloca' 'out_mem_708' <Predicate = true> <Delay = 0.00>
ST_1 : Operation 684 [1/1] (0.00ns)   --->   "%out_mem_707 = alloca i64 1" [./conv.h:21->top_wrapper.cpp:123]   --->   Operation 684 'alloca' 'out_mem_707' <Predicate = true> <Delay = 0.00>
ST_1 : Operation 685 [1/1] (0.00ns)   --->   "%out_mem_706 = alloca i64 1" [./conv.h:21->top_wrapper.cpp:123]   --->   Operation 685 'alloca' 'out_mem_706' <Predicate = true> <Delay = 0.00>
ST_1 : Operation 686 [1/1] (0.00ns)   --->   "%out_mem_705 = alloca i64 1" [./conv.h:21->top_wrapper.cpp:123]   --->   Operation 686 'alloca' 'out_mem_705' <Predicate = true> <Delay = 0.00>
ST_1 : Operation 687 [1/1] (0.00ns)   --->   "%out_mem_704 = alloca i64 1" [./conv.h:21->top_wrapper.cpp:123]   --->   Operation 687 'alloca' 'out_mem_704' <Predicate = true> <Delay = 0.00>
ST_1 : Operation 688 [1/1] (0.00ns)   --->   "%out_mem_703 = alloca i64 1" [./conv.h:21->top_wrapper.cpp:123]   --->   Operation 688 'alloca' 'out_mem_703' <Predicate = true> <Delay = 0.00>
ST_1 : Operation 689 [1/1] (0.00ns)   --->   "%out_mem_702 = alloca i64 1" [./conv.h:21->top_wrapper.cpp:123]   --->   Operation 689 'alloca' 'out_mem_702' <Predicate = true> <Delay = 0.00>
ST_1 : Operation 690 [1/1] (0.00ns)   --->   "%out_mem_701 = alloca i64 1" [./conv.h:21->top_wrapper.cpp:123]   --->   Operation 690 'alloca' 'out_mem_701' <Predicate = true> <Delay = 0.00>
ST_1 : Operation 691 [1/1] (0.00ns)   --->   "%out_mem_700 = alloca i64 1" [./conv.h:21->top_wrapper.cpp:123]   --->   Operation 691 'alloca' 'out_mem_700' <Predicate = true> <Delay = 0.00>
ST_1 : Operation 692 [1/1] (0.00ns)   --->   "%out_mem_699 = alloca i64 1" [./conv.h:21->top_wrapper.cpp:123]   --->   Operation 692 'alloca' 'out_mem_699' <Predicate = true> <Delay = 0.00>
ST_1 : Operation 693 [1/1] (0.00ns)   --->   "%out_mem_698 = alloca i64 1" [./conv.h:21->top_wrapper.cpp:123]   --->   Operation 693 'alloca' 'out_mem_698' <Predicate = true> <Delay = 0.00>
ST_1 : Operation 694 [1/1] (0.00ns)   --->   "%out_mem_697 = alloca i64 1" [./conv.h:21->top_wrapper.cpp:123]   --->   Operation 694 'alloca' 'out_mem_697' <Predicate = true> <Delay = 0.00>
ST_1 : Operation 695 [1/1] (0.00ns)   --->   "%out_mem_696 = alloca i64 1" [./conv.h:21->top_wrapper.cpp:123]   --->   Operation 695 'alloca' 'out_mem_696' <Predicate = true> <Delay = 0.00>
ST_1 : Operation 696 [1/1] (0.00ns)   --->   "%out_mem_695 = alloca i64 1" [./conv.h:21->top_wrapper.cpp:123]   --->   Operation 696 'alloca' 'out_mem_695' <Predicate = true> <Delay = 0.00>
ST_1 : Operation 697 [1/1] (0.00ns)   --->   "%out_mem_694 = alloca i64 1" [./conv.h:21->top_wrapper.cpp:123]   --->   Operation 697 'alloca' 'out_mem_694' <Predicate = true> <Delay = 0.00>
ST_1 : Operation 698 [1/1] (0.00ns)   --->   "%out_mem_693 = alloca i64 1" [./conv.h:21->top_wrapper.cpp:123]   --->   Operation 698 'alloca' 'out_mem_693' <Predicate = true> <Delay = 0.00>
ST_1 : Operation 699 [1/1] (0.00ns)   --->   "%out_mem_692 = alloca i64 1" [./conv.h:21->top_wrapper.cpp:123]   --->   Operation 699 'alloca' 'out_mem_692' <Predicate = true> <Delay = 0.00>
ST_1 : Operation 700 [1/1] (0.00ns)   --->   "%out_mem_691 = alloca i64 1" [./conv.h:21->top_wrapper.cpp:123]   --->   Operation 700 'alloca' 'out_mem_691' <Predicate = true> <Delay = 0.00>
ST_1 : Operation 701 [1/1] (0.00ns)   --->   "%out_mem_690 = alloca i64 1" [./conv.h:21->top_wrapper.cpp:123]   --->   Operation 701 'alloca' 'out_mem_690' <Predicate = true> <Delay = 0.00>
ST_1 : Operation 702 [1/1] (0.00ns)   --->   "%out_mem_689 = alloca i64 1" [./conv.h:21->top_wrapper.cpp:123]   --->   Operation 702 'alloca' 'out_mem_689' <Predicate = true> <Delay = 0.00>
ST_1 : Operation 703 [1/1] (0.00ns)   --->   "%out_mem_688 = alloca i64 1" [./conv.h:21->top_wrapper.cpp:123]   --->   Operation 703 'alloca' 'out_mem_688' <Predicate = true> <Delay = 0.00>
ST_1 : Operation 704 [1/1] (0.00ns)   --->   "%out_mem_687 = alloca i64 1" [./conv.h:21->top_wrapper.cpp:123]   --->   Operation 704 'alloca' 'out_mem_687' <Predicate = true> <Delay = 0.00>
ST_1 : Operation 705 [1/1] (0.00ns)   --->   "%out_mem_686 = alloca i64 1" [./conv.h:21->top_wrapper.cpp:123]   --->   Operation 705 'alloca' 'out_mem_686' <Predicate = true> <Delay = 0.00>
ST_1 : Operation 706 [1/1] (0.00ns)   --->   "%out_mem_685 = alloca i64 1" [./conv.h:21->top_wrapper.cpp:123]   --->   Operation 706 'alloca' 'out_mem_685' <Predicate = true> <Delay = 0.00>
ST_1 : Operation 707 [1/1] (0.00ns)   --->   "%out_mem_684 = alloca i64 1" [./conv.h:21->top_wrapper.cpp:123]   --->   Operation 707 'alloca' 'out_mem_684' <Predicate = true> <Delay = 0.00>
ST_1 : Operation 708 [1/1] (0.00ns)   --->   "%out_mem_683 = alloca i64 1" [./conv.h:21->top_wrapper.cpp:123]   --->   Operation 708 'alloca' 'out_mem_683' <Predicate = true> <Delay = 0.00>
ST_1 : Operation 709 [1/1] (0.00ns)   --->   "%out_mem_682 = alloca i64 1" [./conv.h:21->top_wrapper.cpp:123]   --->   Operation 709 'alloca' 'out_mem_682' <Predicate = true> <Delay = 0.00>
ST_1 : Operation 710 [1/1] (0.00ns)   --->   "%out_mem_681 = alloca i64 1" [./conv.h:21->top_wrapper.cpp:123]   --->   Operation 710 'alloca' 'out_mem_681' <Predicate = true> <Delay = 0.00>
ST_1 : Operation 711 [1/1] (0.00ns)   --->   "%out_mem_680 = alloca i64 1" [./conv.h:21->top_wrapper.cpp:123]   --->   Operation 711 'alloca' 'out_mem_680' <Predicate = true> <Delay = 0.00>
ST_1 : Operation 712 [1/1] (0.00ns)   --->   "%out_mem_679 = alloca i64 1" [./conv.h:21->top_wrapper.cpp:123]   --->   Operation 712 'alloca' 'out_mem_679' <Predicate = true> <Delay = 0.00>
ST_1 : Operation 713 [1/1] (0.00ns)   --->   "%out_mem_678 = alloca i64 1" [./conv.h:21->top_wrapper.cpp:123]   --->   Operation 713 'alloca' 'out_mem_678' <Predicate = true> <Delay = 0.00>
ST_1 : Operation 714 [1/1] (0.00ns)   --->   "%out_mem_677 = alloca i64 1" [./conv.h:21->top_wrapper.cpp:123]   --->   Operation 714 'alloca' 'out_mem_677' <Predicate = true> <Delay = 0.00>
ST_1 : Operation 715 [1/1] (0.00ns)   --->   "%out_mem_676 = alloca i64 1" [./conv.h:21->top_wrapper.cpp:123]   --->   Operation 715 'alloca' 'out_mem_676' <Predicate = true> <Delay = 0.00>
ST_1 : Operation 716 [1/1] (0.00ns)   --->   "%out_mem_675 = alloca i64 1" [./conv.h:21->top_wrapper.cpp:123]   --->   Operation 716 'alloca' 'out_mem_675' <Predicate = true> <Delay = 0.00>
ST_1 : Operation 717 [1/1] (0.00ns)   --->   "%out_mem_674 = alloca i64 1" [./conv.h:21->top_wrapper.cpp:123]   --->   Operation 717 'alloca' 'out_mem_674' <Predicate = true> <Delay = 0.00>
ST_1 : Operation 718 [1/1] (0.00ns)   --->   "%out_mem_673 = alloca i64 1" [./conv.h:21->top_wrapper.cpp:123]   --->   Operation 718 'alloca' 'out_mem_673' <Predicate = true> <Delay = 0.00>
ST_1 : Operation 719 [1/1] (0.00ns)   --->   "%out_mem_672 = alloca i64 1" [./conv.h:21->top_wrapper.cpp:123]   --->   Operation 719 'alloca' 'out_mem_672' <Predicate = true> <Delay = 0.00>
ST_1 : Operation 720 [1/1] (0.00ns)   --->   "%out_mem_671 = alloca i64 1" [./conv.h:21->top_wrapper.cpp:123]   --->   Operation 720 'alloca' 'out_mem_671' <Predicate = true> <Delay = 0.00>
ST_1 : Operation 721 [1/1] (0.00ns)   --->   "%out_mem_670 = alloca i64 1" [./conv.h:21->top_wrapper.cpp:123]   --->   Operation 721 'alloca' 'out_mem_670' <Predicate = true> <Delay = 0.00>
ST_1 : Operation 722 [1/1] (0.00ns)   --->   "%out_mem_669 = alloca i64 1" [./conv.h:21->top_wrapper.cpp:123]   --->   Operation 722 'alloca' 'out_mem_669' <Predicate = true> <Delay = 0.00>
ST_1 : Operation 723 [1/1] (0.00ns)   --->   "%out_mem_668 = alloca i64 1" [./conv.h:21->top_wrapper.cpp:123]   --->   Operation 723 'alloca' 'out_mem_668' <Predicate = true> <Delay = 0.00>
ST_1 : Operation 724 [1/1] (0.00ns)   --->   "%out_mem_667 = alloca i64 1" [./conv.h:21->top_wrapper.cpp:123]   --->   Operation 724 'alloca' 'out_mem_667' <Predicate = true> <Delay = 0.00>
ST_1 : Operation 725 [1/1] (0.00ns)   --->   "%out_mem_666 = alloca i64 1" [./conv.h:21->top_wrapper.cpp:123]   --->   Operation 725 'alloca' 'out_mem_666' <Predicate = true> <Delay = 0.00>
ST_1 : Operation 726 [1/1] (0.00ns)   --->   "%out_mem_665 = alloca i64 1" [./conv.h:21->top_wrapper.cpp:123]   --->   Operation 726 'alloca' 'out_mem_665' <Predicate = true> <Delay = 0.00>
ST_1 : Operation 727 [1/1] (0.00ns)   --->   "%out_mem_664 = alloca i64 1" [./conv.h:21->top_wrapper.cpp:123]   --->   Operation 727 'alloca' 'out_mem_664' <Predicate = true> <Delay = 0.00>
ST_1 : Operation 728 [1/1] (0.00ns)   --->   "%out_mem_663 = alloca i64 1" [./conv.h:21->top_wrapper.cpp:123]   --->   Operation 728 'alloca' 'out_mem_663' <Predicate = true> <Delay = 0.00>
ST_1 : Operation 729 [1/1] (0.00ns)   --->   "%out_mem_662 = alloca i64 1" [./conv.h:21->top_wrapper.cpp:123]   --->   Operation 729 'alloca' 'out_mem_662' <Predicate = true> <Delay = 0.00>
ST_1 : Operation 730 [1/1] (0.00ns)   --->   "%out_mem_661 = alloca i64 1" [./conv.h:21->top_wrapper.cpp:123]   --->   Operation 730 'alloca' 'out_mem_661' <Predicate = true> <Delay = 0.00>
ST_1 : Operation 731 [1/1] (0.00ns)   --->   "%out_mem_660 = alloca i64 1" [./conv.h:21->top_wrapper.cpp:123]   --->   Operation 731 'alloca' 'out_mem_660' <Predicate = true> <Delay = 0.00>
ST_1 : Operation 732 [1/1] (0.00ns)   --->   "%out_mem_659 = alloca i64 1" [./conv.h:21->top_wrapper.cpp:123]   --->   Operation 732 'alloca' 'out_mem_659' <Predicate = true> <Delay = 0.00>
ST_1 : Operation 733 [1/1] (0.00ns)   --->   "%out_mem_658 = alloca i64 1" [./conv.h:21->top_wrapper.cpp:123]   --->   Operation 733 'alloca' 'out_mem_658' <Predicate = true> <Delay = 0.00>
ST_1 : Operation 734 [1/1] (0.00ns)   --->   "%out_mem_657 = alloca i64 1" [./conv.h:21->top_wrapper.cpp:123]   --->   Operation 734 'alloca' 'out_mem_657' <Predicate = true> <Delay = 0.00>
ST_1 : Operation 735 [1/1] (0.00ns)   --->   "%out_mem_656 = alloca i64 1" [./conv.h:21->top_wrapper.cpp:123]   --->   Operation 735 'alloca' 'out_mem_656' <Predicate = true> <Delay = 0.00>
ST_1 : Operation 736 [1/1] (0.00ns)   --->   "%out_mem_655 = alloca i64 1" [./conv.h:21->top_wrapper.cpp:123]   --->   Operation 736 'alloca' 'out_mem_655' <Predicate = true> <Delay = 0.00>
ST_1 : Operation 737 [1/1] (0.00ns)   --->   "%out_mem_654 = alloca i64 1" [./conv.h:21->top_wrapper.cpp:123]   --->   Operation 737 'alloca' 'out_mem_654' <Predicate = true> <Delay = 0.00>
ST_1 : Operation 738 [1/1] (0.00ns)   --->   "%out_mem_653 = alloca i64 1" [./conv.h:21->top_wrapper.cpp:123]   --->   Operation 738 'alloca' 'out_mem_653' <Predicate = true> <Delay = 0.00>
ST_1 : Operation 739 [1/1] (0.00ns)   --->   "%out_mem_652 = alloca i64 1" [./conv.h:21->top_wrapper.cpp:123]   --->   Operation 739 'alloca' 'out_mem_652' <Predicate = true> <Delay = 0.00>
ST_1 : Operation 740 [1/1] (0.00ns)   --->   "%out_mem_651 = alloca i64 1" [./conv.h:21->top_wrapper.cpp:123]   --->   Operation 740 'alloca' 'out_mem_651' <Predicate = true> <Delay = 0.00>
ST_1 : Operation 741 [1/1] (0.00ns)   --->   "%out_mem_650 = alloca i64 1" [./conv.h:21->top_wrapper.cpp:123]   --->   Operation 741 'alloca' 'out_mem_650' <Predicate = true> <Delay = 0.00>
ST_1 : Operation 742 [1/1] (0.00ns)   --->   "%out_mem_649 = alloca i64 1" [./conv.h:21->top_wrapper.cpp:123]   --->   Operation 742 'alloca' 'out_mem_649' <Predicate = true> <Delay = 0.00>
ST_1 : Operation 743 [1/1] (0.00ns)   --->   "%out_mem_648 = alloca i64 1" [./conv.h:21->top_wrapper.cpp:123]   --->   Operation 743 'alloca' 'out_mem_648' <Predicate = true> <Delay = 0.00>
ST_1 : Operation 744 [1/1] (0.00ns)   --->   "%out_mem_647 = alloca i64 1" [./conv.h:21->top_wrapper.cpp:123]   --->   Operation 744 'alloca' 'out_mem_647' <Predicate = true> <Delay = 0.00>
ST_1 : Operation 745 [1/1] (0.00ns)   --->   "%out_mem_646 = alloca i64 1" [./conv.h:21->top_wrapper.cpp:123]   --->   Operation 745 'alloca' 'out_mem_646' <Predicate = true> <Delay = 0.00>
ST_1 : Operation 746 [1/1] (0.00ns)   --->   "%out_mem_645 = alloca i64 1" [./conv.h:21->top_wrapper.cpp:123]   --->   Operation 746 'alloca' 'out_mem_645' <Predicate = true> <Delay = 0.00>
ST_1 : Operation 747 [1/1] (0.00ns)   --->   "%out_mem_644 = alloca i64 1" [./conv.h:21->top_wrapper.cpp:123]   --->   Operation 747 'alloca' 'out_mem_644' <Predicate = true> <Delay = 0.00>
ST_1 : Operation 748 [1/1] (0.00ns)   --->   "%out_mem_643 = alloca i64 1" [./conv.h:21->top_wrapper.cpp:123]   --->   Operation 748 'alloca' 'out_mem_643' <Predicate = true> <Delay = 0.00>
ST_1 : Operation 749 [1/1] (0.00ns)   --->   "%out_mem_642 = alloca i64 1" [./conv.h:21->top_wrapper.cpp:123]   --->   Operation 749 'alloca' 'out_mem_642' <Predicate = true> <Delay = 0.00>
ST_1 : Operation 750 [1/1] (0.00ns)   --->   "%out_mem_641 = alloca i64 1" [./conv.h:21->top_wrapper.cpp:123]   --->   Operation 750 'alloca' 'out_mem_641' <Predicate = true> <Delay = 0.00>
ST_1 : Operation 751 [1/1] (0.00ns)   --->   "%out_mem_640 = alloca i64 1" [./conv.h:21->top_wrapper.cpp:123]   --->   Operation 751 'alloca' 'out_mem_640' <Predicate = true> <Delay = 0.00>
ST_1 : Operation 752 [1/1] (0.00ns)   --->   "%out_mem_639 = alloca i64 1" [./conv.h:21->top_wrapper.cpp:123]   --->   Operation 752 'alloca' 'out_mem_639' <Predicate = true> <Delay = 0.00>
ST_1 : Operation 753 [1/1] (0.00ns)   --->   "%out_mem_638 = alloca i64 1" [./conv.h:21->top_wrapper.cpp:123]   --->   Operation 753 'alloca' 'out_mem_638' <Predicate = true> <Delay = 0.00>
ST_1 : Operation 754 [1/1] (0.00ns)   --->   "%out_mem_637 = alloca i64 1" [./conv.h:21->top_wrapper.cpp:123]   --->   Operation 754 'alloca' 'out_mem_637' <Predicate = true> <Delay = 0.00>
ST_1 : Operation 755 [1/1] (0.00ns)   --->   "%out_mem_636 = alloca i64 1" [./conv.h:21->top_wrapper.cpp:123]   --->   Operation 755 'alloca' 'out_mem_636' <Predicate = true> <Delay = 0.00>
ST_1 : Operation 756 [1/1] (0.00ns)   --->   "%out_mem_635 = alloca i64 1" [./conv.h:21->top_wrapper.cpp:123]   --->   Operation 756 'alloca' 'out_mem_635' <Predicate = true> <Delay = 0.00>
ST_1 : Operation 757 [1/1] (0.00ns)   --->   "%out_mem_634 = alloca i64 1" [./conv.h:21->top_wrapper.cpp:123]   --->   Operation 757 'alloca' 'out_mem_634' <Predicate = true> <Delay = 0.00>
ST_1 : Operation 758 [1/1] (0.00ns)   --->   "%out_mem_633 = alloca i64 1" [./conv.h:21->top_wrapper.cpp:123]   --->   Operation 758 'alloca' 'out_mem_633' <Predicate = true> <Delay = 0.00>
ST_1 : Operation 759 [1/1] (0.00ns)   --->   "%out_mem_632 = alloca i64 1" [./conv.h:21->top_wrapper.cpp:123]   --->   Operation 759 'alloca' 'out_mem_632' <Predicate = true> <Delay = 0.00>
ST_1 : Operation 760 [1/1] (0.00ns)   --->   "%out_mem_631 = alloca i64 1" [./conv.h:21->top_wrapper.cpp:123]   --->   Operation 760 'alloca' 'out_mem_631' <Predicate = true> <Delay = 0.00>
ST_1 : Operation 761 [1/1] (0.00ns)   --->   "%out_mem_630 = alloca i64 1" [./conv.h:21->top_wrapper.cpp:123]   --->   Operation 761 'alloca' 'out_mem_630' <Predicate = true> <Delay = 0.00>
ST_1 : Operation 762 [1/1] (0.00ns)   --->   "%out_mem_629 = alloca i64 1" [./conv.h:21->top_wrapper.cpp:123]   --->   Operation 762 'alloca' 'out_mem_629' <Predicate = true> <Delay = 0.00>
ST_1 : Operation 763 [1/1] (0.00ns)   --->   "%out_mem_628 = alloca i64 1" [./conv.h:21->top_wrapper.cpp:123]   --->   Operation 763 'alloca' 'out_mem_628' <Predicate = true> <Delay = 0.00>
ST_1 : Operation 764 [1/1] (0.00ns)   --->   "%out_mem_627 = alloca i64 1" [./conv.h:21->top_wrapper.cpp:123]   --->   Operation 764 'alloca' 'out_mem_627' <Predicate = true> <Delay = 0.00>
ST_1 : Operation 765 [1/1] (0.00ns)   --->   "%out_mem_626 = alloca i64 1" [./conv.h:21->top_wrapper.cpp:123]   --->   Operation 765 'alloca' 'out_mem_626' <Predicate = true> <Delay = 0.00>
ST_1 : Operation 766 [1/1] (0.00ns)   --->   "%out_mem_625 = alloca i64 1" [./conv.h:21->top_wrapper.cpp:123]   --->   Operation 766 'alloca' 'out_mem_625' <Predicate = true> <Delay = 0.00>
ST_1 : Operation 767 [1/1] (0.00ns)   --->   "%out_mem_624 = alloca i64 1" [./conv.h:21->top_wrapper.cpp:123]   --->   Operation 767 'alloca' 'out_mem_624' <Predicate = true> <Delay = 0.00>
ST_1 : Operation 768 [1/1] (0.00ns)   --->   "%out_mem_623 = alloca i64 1" [./conv.h:21->top_wrapper.cpp:123]   --->   Operation 768 'alloca' 'out_mem_623' <Predicate = true> <Delay = 0.00>
ST_1 : Operation 769 [1/1] (0.00ns)   --->   "%out_mem_622 = alloca i64 1" [./conv.h:21->top_wrapper.cpp:123]   --->   Operation 769 'alloca' 'out_mem_622' <Predicate = true> <Delay = 0.00>
ST_1 : Operation 770 [1/1] (0.00ns)   --->   "%out_mem_621 = alloca i64 1" [./conv.h:21->top_wrapper.cpp:123]   --->   Operation 770 'alloca' 'out_mem_621' <Predicate = true> <Delay = 0.00>
ST_1 : Operation 771 [1/1] (0.00ns)   --->   "%out_mem_620 = alloca i64 1" [./conv.h:21->top_wrapper.cpp:123]   --->   Operation 771 'alloca' 'out_mem_620' <Predicate = true> <Delay = 0.00>
ST_1 : Operation 772 [1/1] (0.00ns)   --->   "%out_mem_619 = alloca i64 1" [./conv.h:21->top_wrapper.cpp:123]   --->   Operation 772 'alloca' 'out_mem_619' <Predicate = true> <Delay = 0.00>
ST_1 : Operation 773 [1/1] (0.00ns)   --->   "%out_mem_618 = alloca i64 1" [./conv.h:21->top_wrapper.cpp:123]   --->   Operation 773 'alloca' 'out_mem_618' <Predicate = true> <Delay = 0.00>
ST_1 : Operation 774 [1/1] (0.00ns)   --->   "%out_mem_617 = alloca i64 1" [./conv.h:21->top_wrapper.cpp:123]   --->   Operation 774 'alloca' 'out_mem_617' <Predicate = true> <Delay = 0.00>
ST_1 : Operation 775 [1/1] (0.00ns)   --->   "%out_mem_616 = alloca i64 1" [./conv.h:21->top_wrapper.cpp:123]   --->   Operation 775 'alloca' 'out_mem_616' <Predicate = true> <Delay = 0.00>
ST_1 : Operation 776 [1/1] (0.00ns)   --->   "%out_mem_615 = alloca i64 1" [./conv.h:21->top_wrapper.cpp:123]   --->   Operation 776 'alloca' 'out_mem_615' <Predicate = true> <Delay = 0.00>
ST_1 : Operation 777 [1/1] (0.00ns)   --->   "%out_mem_614 = alloca i64 1" [./conv.h:21->top_wrapper.cpp:123]   --->   Operation 777 'alloca' 'out_mem_614' <Predicate = true> <Delay = 0.00>
ST_1 : Operation 778 [1/1] (0.00ns)   --->   "%out_mem_613 = alloca i64 1" [./conv.h:21->top_wrapper.cpp:123]   --->   Operation 778 'alloca' 'out_mem_613' <Predicate = true> <Delay = 0.00>
ST_1 : Operation 779 [1/1] (0.00ns)   --->   "%out_mem_612 = alloca i64 1" [./conv.h:21->top_wrapper.cpp:123]   --->   Operation 779 'alloca' 'out_mem_612' <Predicate = true> <Delay = 0.00>
ST_1 : Operation 780 [1/1] (0.00ns)   --->   "%out_mem_611 = alloca i64 1" [./conv.h:21->top_wrapper.cpp:123]   --->   Operation 780 'alloca' 'out_mem_611' <Predicate = true> <Delay = 0.00>
ST_1 : Operation 781 [1/1] (0.00ns)   --->   "%out_mem_610 = alloca i64 1" [./conv.h:21->top_wrapper.cpp:123]   --->   Operation 781 'alloca' 'out_mem_610' <Predicate = true> <Delay = 0.00>
ST_1 : Operation 782 [1/1] (0.00ns)   --->   "%out_mem_609 = alloca i64 1" [./conv.h:21->top_wrapper.cpp:123]   --->   Operation 782 'alloca' 'out_mem_609' <Predicate = true> <Delay = 0.00>
ST_1 : Operation 783 [1/1] (0.00ns)   --->   "%out_mem_608 = alloca i64 1" [./conv.h:21->top_wrapper.cpp:123]   --->   Operation 783 'alloca' 'out_mem_608' <Predicate = true> <Delay = 0.00>
ST_1 : Operation 784 [1/1] (0.00ns)   --->   "%out_mem_607 = alloca i64 1" [./conv.h:21->top_wrapper.cpp:123]   --->   Operation 784 'alloca' 'out_mem_607' <Predicate = true> <Delay = 0.00>
ST_1 : Operation 785 [1/1] (0.00ns)   --->   "%out_mem_606 = alloca i64 1" [./conv.h:21->top_wrapper.cpp:123]   --->   Operation 785 'alloca' 'out_mem_606' <Predicate = true> <Delay = 0.00>
ST_1 : Operation 786 [1/1] (0.00ns)   --->   "%out_mem_605 = alloca i64 1" [./conv.h:21->top_wrapper.cpp:123]   --->   Operation 786 'alloca' 'out_mem_605' <Predicate = true> <Delay = 0.00>
ST_1 : Operation 787 [1/1] (0.00ns)   --->   "%out_mem_604 = alloca i64 1" [./conv.h:21->top_wrapper.cpp:123]   --->   Operation 787 'alloca' 'out_mem_604' <Predicate = true> <Delay = 0.00>
ST_1 : Operation 788 [1/1] (0.00ns)   --->   "%out_mem_603 = alloca i64 1" [./conv.h:21->top_wrapper.cpp:123]   --->   Operation 788 'alloca' 'out_mem_603' <Predicate = true> <Delay = 0.00>
ST_1 : Operation 789 [1/1] (0.00ns)   --->   "%out_mem_602 = alloca i64 1" [./conv.h:21->top_wrapper.cpp:123]   --->   Operation 789 'alloca' 'out_mem_602' <Predicate = true> <Delay = 0.00>
ST_1 : Operation 790 [1/1] (0.00ns)   --->   "%out_mem_601 = alloca i64 1" [./conv.h:21->top_wrapper.cpp:123]   --->   Operation 790 'alloca' 'out_mem_601' <Predicate = true> <Delay = 0.00>
ST_1 : Operation 791 [1/1] (0.00ns)   --->   "%out_mem_600 = alloca i64 1" [./conv.h:21->top_wrapper.cpp:123]   --->   Operation 791 'alloca' 'out_mem_600' <Predicate = true> <Delay = 0.00>
ST_1 : Operation 792 [1/1] (0.00ns)   --->   "%out_mem_599 = alloca i64 1" [./conv.h:21->top_wrapper.cpp:123]   --->   Operation 792 'alloca' 'out_mem_599' <Predicate = true> <Delay = 0.00>
ST_1 : Operation 793 [1/1] (0.00ns)   --->   "%out_mem_598 = alloca i64 1" [./conv.h:21->top_wrapper.cpp:123]   --->   Operation 793 'alloca' 'out_mem_598' <Predicate = true> <Delay = 0.00>
ST_1 : Operation 794 [1/1] (0.00ns)   --->   "%out_mem_597 = alloca i64 1" [./conv.h:21->top_wrapper.cpp:123]   --->   Operation 794 'alloca' 'out_mem_597' <Predicate = true> <Delay = 0.00>
ST_1 : Operation 795 [1/1] (0.00ns)   --->   "%out_mem_596 = alloca i64 1" [./conv.h:21->top_wrapper.cpp:123]   --->   Operation 795 'alloca' 'out_mem_596' <Predicate = true> <Delay = 0.00>
ST_1 : Operation 796 [1/1] (0.00ns)   --->   "%out_mem_595 = alloca i64 1" [./conv.h:21->top_wrapper.cpp:123]   --->   Operation 796 'alloca' 'out_mem_595' <Predicate = true> <Delay = 0.00>
ST_1 : Operation 797 [1/1] (0.00ns)   --->   "%out_mem_594 = alloca i64 1" [./conv.h:21->top_wrapper.cpp:123]   --->   Operation 797 'alloca' 'out_mem_594' <Predicate = true> <Delay = 0.00>
ST_1 : Operation 798 [1/1] (0.00ns)   --->   "%out_mem_593 = alloca i64 1" [./conv.h:21->top_wrapper.cpp:123]   --->   Operation 798 'alloca' 'out_mem_593' <Predicate = true> <Delay = 0.00>
ST_1 : Operation 799 [1/1] (0.00ns)   --->   "%out_mem_592 = alloca i64 1" [./conv.h:21->top_wrapper.cpp:123]   --->   Operation 799 'alloca' 'out_mem_592' <Predicate = true> <Delay = 0.00>
ST_1 : Operation 800 [1/1] (0.00ns)   --->   "%out_mem_591 = alloca i64 1" [./conv.h:21->top_wrapper.cpp:123]   --->   Operation 800 'alloca' 'out_mem_591' <Predicate = true> <Delay = 0.00>
ST_1 : Operation 801 [1/1] (0.00ns)   --->   "%out_mem_590 = alloca i64 1" [./conv.h:21->top_wrapper.cpp:123]   --->   Operation 801 'alloca' 'out_mem_590' <Predicate = true> <Delay = 0.00>
ST_1 : Operation 802 [1/1] (0.00ns)   --->   "%out_mem_589 = alloca i64 1" [./conv.h:21->top_wrapper.cpp:123]   --->   Operation 802 'alloca' 'out_mem_589' <Predicate = true> <Delay = 0.00>
ST_1 : Operation 803 [1/1] (0.00ns)   --->   "%out_mem_588 = alloca i64 1" [./conv.h:21->top_wrapper.cpp:123]   --->   Operation 803 'alloca' 'out_mem_588' <Predicate = true> <Delay = 0.00>
ST_1 : Operation 804 [1/1] (0.00ns)   --->   "%out_mem_587 = alloca i64 1" [./conv.h:21->top_wrapper.cpp:123]   --->   Operation 804 'alloca' 'out_mem_587' <Predicate = true> <Delay = 0.00>
ST_1 : Operation 805 [1/1] (0.00ns)   --->   "%out_mem_586 = alloca i64 1" [./conv.h:21->top_wrapper.cpp:123]   --->   Operation 805 'alloca' 'out_mem_586' <Predicate = true> <Delay = 0.00>
ST_1 : Operation 806 [1/1] (0.00ns)   --->   "%out_mem_585 = alloca i64 1" [./conv.h:21->top_wrapper.cpp:123]   --->   Operation 806 'alloca' 'out_mem_585' <Predicate = true> <Delay = 0.00>
ST_1 : Operation 807 [1/1] (0.00ns)   --->   "%out_mem_584 = alloca i64 1" [./conv.h:21->top_wrapper.cpp:123]   --->   Operation 807 'alloca' 'out_mem_584' <Predicate = true> <Delay = 0.00>
ST_1 : Operation 808 [1/1] (0.00ns)   --->   "%out_mem_583 = alloca i64 1" [./conv.h:21->top_wrapper.cpp:123]   --->   Operation 808 'alloca' 'out_mem_583' <Predicate = true> <Delay = 0.00>
ST_1 : Operation 809 [1/1] (0.00ns)   --->   "%out_mem_582 = alloca i64 1" [./conv.h:21->top_wrapper.cpp:123]   --->   Operation 809 'alloca' 'out_mem_582' <Predicate = true> <Delay = 0.00>
ST_1 : Operation 810 [1/1] (0.00ns)   --->   "%out_mem_581 = alloca i64 1" [./conv.h:21->top_wrapper.cpp:123]   --->   Operation 810 'alloca' 'out_mem_581' <Predicate = true> <Delay = 0.00>
ST_1 : Operation 811 [1/1] (0.00ns)   --->   "%out_mem_580 = alloca i64 1" [./conv.h:21->top_wrapper.cpp:123]   --->   Operation 811 'alloca' 'out_mem_580' <Predicate = true> <Delay = 0.00>
ST_1 : Operation 812 [1/1] (0.00ns)   --->   "%out_mem_579 = alloca i64 1" [./conv.h:21->top_wrapper.cpp:123]   --->   Operation 812 'alloca' 'out_mem_579' <Predicate = true> <Delay = 0.00>
ST_1 : Operation 813 [1/1] (0.00ns)   --->   "%out_mem_578 = alloca i64 1" [./conv.h:21->top_wrapper.cpp:123]   --->   Operation 813 'alloca' 'out_mem_578' <Predicate = true> <Delay = 0.00>
ST_1 : Operation 814 [1/1] (0.00ns)   --->   "%out_mem_577 = alloca i64 1" [./conv.h:21->top_wrapper.cpp:123]   --->   Operation 814 'alloca' 'out_mem_577' <Predicate = true> <Delay = 0.00>
ST_1 : Operation 815 [1/1] (0.00ns)   --->   "%out_mem_576 = alloca i64 1" [./conv.h:21->top_wrapper.cpp:123]   --->   Operation 815 'alloca' 'out_mem_576' <Predicate = true> <Delay = 0.00>
ST_1 : Operation 816 [1/1] (0.00ns)   --->   "%out_mem_575 = alloca i64 1" [./conv.h:21->top_wrapper.cpp:123]   --->   Operation 816 'alloca' 'out_mem_575' <Predicate = true> <Delay = 0.00>
ST_1 : Operation 817 [1/1] (0.00ns)   --->   "%out_mem_574 = alloca i64 1" [./conv.h:21->top_wrapper.cpp:123]   --->   Operation 817 'alloca' 'out_mem_574' <Predicate = true> <Delay = 0.00>
ST_1 : Operation 818 [1/1] (0.00ns)   --->   "%out_mem_573 = alloca i64 1" [./conv.h:21->top_wrapper.cpp:123]   --->   Operation 818 'alloca' 'out_mem_573' <Predicate = true> <Delay = 0.00>
ST_1 : Operation 819 [1/1] (0.00ns)   --->   "%out_mem_572 = alloca i64 1" [./conv.h:21->top_wrapper.cpp:123]   --->   Operation 819 'alloca' 'out_mem_572' <Predicate = true> <Delay = 0.00>
ST_1 : Operation 820 [1/1] (0.00ns)   --->   "%out_mem_571 = alloca i64 1" [./conv.h:21->top_wrapper.cpp:123]   --->   Operation 820 'alloca' 'out_mem_571' <Predicate = true> <Delay = 0.00>
ST_1 : Operation 821 [1/1] (0.00ns)   --->   "%out_mem_570 = alloca i64 1" [./conv.h:21->top_wrapper.cpp:123]   --->   Operation 821 'alloca' 'out_mem_570' <Predicate = true> <Delay = 0.00>
ST_1 : Operation 822 [1/1] (0.00ns)   --->   "%out_mem_569 = alloca i64 1" [./conv.h:21->top_wrapper.cpp:123]   --->   Operation 822 'alloca' 'out_mem_569' <Predicate = true> <Delay = 0.00>
ST_1 : Operation 823 [1/1] (0.00ns)   --->   "%out_mem_568 = alloca i64 1" [./conv.h:21->top_wrapper.cpp:123]   --->   Operation 823 'alloca' 'out_mem_568' <Predicate = true> <Delay = 0.00>
ST_1 : Operation 824 [1/1] (0.00ns)   --->   "%out_mem_567 = alloca i64 1" [./conv.h:21->top_wrapper.cpp:123]   --->   Operation 824 'alloca' 'out_mem_567' <Predicate = true> <Delay = 0.00>
ST_1 : Operation 825 [1/1] (0.00ns)   --->   "%out_mem_566 = alloca i64 1" [./conv.h:21->top_wrapper.cpp:123]   --->   Operation 825 'alloca' 'out_mem_566' <Predicate = true> <Delay = 0.00>
ST_1 : Operation 826 [1/1] (0.00ns)   --->   "%out_mem_565 = alloca i64 1" [./conv.h:21->top_wrapper.cpp:123]   --->   Operation 826 'alloca' 'out_mem_565' <Predicate = true> <Delay = 0.00>
ST_1 : Operation 827 [1/1] (0.00ns)   --->   "%out_mem_564 = alloca i64 1" [./conv.h:21->top_wrapper.cpp:123]   --->   Operation 827 'alloca' 'out_mem_564' <Predicate = true> <Delay = 0.00>
ST_1 : Operation 828 [1/1] (0.00ns)   --->   "%out_mem_563 = alloca i64 1" [./conv.h:21->top_wrapper.cpp:123]   --->   Operation 828 'alloca' 'out_mem_563' <Predicate = true> <Delay = 0.00>
ST_1 : Operation 829 [1/1] (0.00ns)   --->   "%out_mem_562 = alloca i64 1" [./conv.h:21->top_wrapper.cpp:123]   --->   Operation 829 'alloca' 'out_mem_562' <Predicate = true> <Delay = 0.00>
ST_1 : Operation 830 [1/1] (0.00ns)   --->   "%out_mem_561 = alloca i64 1" [./conv.h:21->top_wrapper.cpp:123]   --->   Operation 830 'alloca' 'out_mem_561' <Predicate = true> <Delay = 0.00>
ST_1 : Operation 831 [1/1] (0.00ns)   --->   "%out_mem_560 = alloca i64 1" [./conv.h:21->top_wrapper.cpp:123]   --->   Operation 831 'alloca' 'out_mem_560' <Predicate = true> <Delay = 0.00>
ST_1 : Operation 832 [1/1] (0.00ns)   --->   "%out_mem_559 = alloca i64 1" [./conv.h:21->top_wrapper.cpp:123]   --->   Operation 832 'alloca' 'out_mem_559' <Predicate = true> <Delay = 0.00>
ST_1 : Operation 833 [1/1] (0.00ns)   --->   "%out_mem_558 = alloca i64 1" [./conv.h:21->top_wrapper.cpp:123]   --->   Operation 833 'alloca' 'out_mem_558' <Predicate = true> <Delay = 0.00>
ST_1 : Operation 834 [1/1] (0.00ns)   --->   "%out_mem_557 = alloca i64 1" [./conv.h:21->top_wrapper.cpp:123]   --->   Operation 834 'alloca' 'out_mem_557' <Predicate = true> <Delay = 0.00>
ST_1 : Operation 835 [1/1] (0.00ns)   --->   "%out_mem_556 = alloca i64 1" [./conv.h:21->top_wrapper.cpp:123]   --->   Operation 835 'alloca' 'out_mem_556' <Predicate = true> <Delay = 0.00>
ST_1 : Operation 836 [1/1] (0.00ns)   --->   "%out_mem_555 = alloca i64 1" [./conv.h:21->top_wrapper.cpp:123]   --->   Operation 836 'alloca' 'out_mem_555' <Predicate = true> <Delay = 0.00>
ST_1 : Operation 837 [1/1] (0.00ns)   --->   "%out_mem_554 = alloca i64 1" [./conv.h:21->top_wrapper.cpp:123]   --->   Operation 837 'alloca' 'out_mem_554' <Predicate = true> <Delay = 0.00>
ST_1 : Operation 838 [1/1] (0.00ns)   --->   "%out_mem_553 = alloca i64 1" [./conv.h:21->top_wrapper.cpp:123]   --->   Operation 838 'alloca' 'out_mem_553' <Predicate = true> <Delay = 0.00>
ST_1 : Operation 839 [1/1] (0.00ns)   --->   "%out_mem_552 = alloca i64 1" [./conv.h:21->top_wrapper.cpp:123]   --->   Operation 839 'alloca' 'out_mem_552' <Predicate = true> <Delay = 0.00>
ST_1 : Operation 840 [1/1] (0.00ns)   --->   "%out_mem_551 = alloca i64 1" [./conv.h:21->top_wrapper.cpp:123]   --->   Operation 840 'alloca' 'out_mem_551' <Predicate = true> <Delay = 0.00>
ST_1 : Operation 841 [1/1] (0.00ns)   --->   "%out_mem_550 = alloca i64 1" [./conv.h:21->top_wrapper.cpp:123]   --->   Operation 841 'alloca' 'out_mem_550' <Predicate = true> <Delay = 0.00>
ST_1 : Operation 842 [1/1] (0.00ns)   --->   "%out_mem_549 = alloca i64 1" [./conv.h:21->top_wrapper.cpp:123]   --->   Operation 842 'alloca' 'out_mem_549' <Predicate = true> <Delay = 0.00>
ST_1 : Operation 843 [1/1] (0.00ns)   --->   "%out_mem_548 = alloca i64 1" [./conv.h:21->top_wrapper.cpp:123]   --->   Operation 843 'alloca' 'out_mem_548' <Predicate = true> <Delay = 0.00>
ST_1 : Operation 844 [1/1] (0.00ns)   --->   "%out_mem_547 = alloca i64 1" [./conv.h:21->top_wrapper.cpp:123]   --->   Operation 844 'alloca' 'out_mem_547' <Predicate = true> <Delay = 0.00>
ST_1 : Operation 845 [1/1] (0.00ns)   --->   "%out_mem_546 = alloca i64 1" [./conv.h:21->top_wrapper.cpp:123]   --->   Operation 845 'alloca' 'out_mem_546' <Predicate = true> <Delay = 0.00>
ST_1 : Operation 846 [1/1] (0.00ns)   --->   "%out_mem_545 = alloca i64 1" [./conv.h:21->top_wrapper.cpp:123]   --->   Operation 846 'alloca' 'out_mem_545' <Predicate = true> <Delay = 0.00>
ST_1 : Operation 847 [1/1] (0.00ns)   --->   "%out_mem_544 = alloca i64 1" [./conv.h:21->top_wrapper.cpp:123]   --->   Operation 847 'alloca' 'out_mem_544' <Predicate = true> <Delay = 0.00>
ST_1 : Operation 848 [1/1] (0.00ns)   --->   "%out_mem_543 = alloca i64 1" [./conv.h:21->top_wrapper.cpp:123]   --->   Operation 848 'alloca' 'out_mem_543' <Predicate = true> <Delay = 0.00>
ST_1 : Operation 849 [1/1] (0.00ns)   --->   "%out_mem_542 = alloca i64 1" [./conv.h:21->top_wrapper.cpp:123]   --->   Operation 849 'alloca' 'out_mem_542' <Predicate = true> <Delay = 0.00>
ST_1 : Operation 850 [1/1] (0.00ns)   --->   "%out_mem_541 = alloca i64 1" [./conv.h:21->top_wrapper.cpp:123]   --->   Operation 850 'alloca' 'out_mem_541' <Predicate = true> <Delay = 0.00>
ST_1 : Operation 851 [1/1] (0.00ns)   --->   "%out_mem_540 = alloca i64 1" [./conv.h:21->top_wrapper.cpp:123]   --->   Operation 851 'alloca' 'out_mem_540' <Predicate = true> <Delay = 0.00>
ST_1 : Operation 852 [1/1] (0.00ns)   --->   "%out_mem_539 = alloca i64 1" [./conv.h:21->top_wrapper.cpp:123]   --->   Operation 852 'alloca' 'out_mem_539' <Predicate = true> <Delay = 0.00>
ST_1 : Operation 853 [1/1] (0.00ns)   --->   "%out_mem_538 = alloca i64 1" [./conv.h:21->top_wrapper.cpp:123]   --->   Operation 853 'alloca' 'out_mem_538' <Predicate = true> <Delay = 0.00>
ST_1 : Operation 854 [1/1] (0.00ns)   --->   "%out_mem_537 = alloca i64 1" [./conv.h:21->top_wrapper.cpp:123]   --->   Operation 854 'alloca' 'out_mem_537' <Predicate = true> <Delay = 0.00>
ST_1 : Operation 855 [1/1] (0.00ns)   --->   "%out_mem_536 = alloca i64 1" [./conv.h:21->top_wrapper.cpp:123]   --->   Operation 855 'alloca' 'out_mem_536' <Predicate = true> <Delay = 0.00>
ST_1 : Operation 856 [1/1] (0.00ns)   --->   "%out_mem_535 = alloca i64 1" [./conv.h:21->top_wrapper.cpp:123]   --->   Operation 856 'alloca' 'out_mem_535' <Predicate = true> <Delay = 0.00>
ST_1 : Operation 857 [1/1] (0.00ns)   --->   "%out_mem_534 = alloca i64 1" [./conv.h:21->top_wrapper.cpp:123]   --->   Operation 857 'alloca' 'out_mem_534' <Predicate = true> <Delay = 0.00>
ST_1 : Operation 858 [1/1] (0.00ns)   --->   "%out_mem_533 = alloca i64 1" [./conv.h:21->top_wrapper.cpp:123]   --->   Operation 858 'alloca' 'out_mem_533' <Predicate = true> <Delay = 0.00>
ST_1 : Operation 859 [1/1] (0.00ns)   --->   "%out_mem_532 = alloca i64 1" [./conv.h:21->top_wrapper.cpp:123]   --->   Operation 859 'alloca' 'out_mem_532' <Predicate = true> <Delay = 0.00>
ST_1 : Operation 860 [1/1] (0.00ns)   --->   "%out_mem_531 = alloca i64 1" [./conv.h:21->top_wrapper.cpp:123]   --->   Operation 860 'alloca' 'out_mem_531' <Predicate = true> <Delay = 0.00>
ST_1 : Operation 861 [1/1] (0.00ns)   --->   "%out_mem_530 = alloca i64 1" [./conv.h:21->top_wrapper.cpp:123]   --->   Operation 861 'alloca' 'out_mem_530' <Predicate = true> <Delay = 0.00>
ST_1 : Operation 862 [1/1] (0.00ns)   --->   "%out_mem_529 = alloca i64 1" [./conv.h:21->top_wrapper.cpp:123]   --->   Operation 862 'alloca' 'out_mem_529' <Predicate = true> <Delay = 0.00>
ST_1 : Operation 863 [1/1] (0.00ns)   --->   "%out_mem_528 = alloca i64 1" [./conv.h:21->top_wrapper.cpp:123]   --->   Operation 863 'alloca' 'out_mem_528' <Predicate = true> <Delay = 0.00>
ST_1 : Operation 864 [1/1] (0.00ns)   --->   "%out_mem_527 = alloca i64 1" [./conv.h:21->top_wrapper.cpp:123]   --->   Operation 864 'alloca' 'out_mem_527' <Predicate = true> <Delay = 0.00>
ST_1 : Operation 865 [1/1] (0.00ns)   --->   "%out_mem_526 = alloca i64 1" [./conv.h:21->top_wrapper.cpp:123]   --->   Operation 865 'alloca' 'out_mem_526' <Predicate = true> <Delay = 0.00>
ST_1 : Operation 866 [1/1] (0.00ns)   --->   "%out_mem_525 = alloca i64 1" [./conv.h:21->top_wrapper.cpp:123]   --->   Operation 866 'alloca' 'out_mem_525' <Predicate = true> <Delay = 0.00>
ST_1 : Operation 867 [1/1] (0.00ns)   --->   "%out_mem_524 = alloca i64 1" [./conv.h:21->top_wrapper.cpp:123]   --->   Operation 867 'alloca' 'out_mem_524' <Predicate = true> <Delay = 0.00>
ST_1 : Operation 868 [1/1] (0.00ns)   --->   "%out_mem_523 = alloca i64 1" [./conv.h:21->top_wrapper.cpp:123]   --->   Operation 868 'alloca' 'out_mem_523' <Predicate = true> <Delay = 0.00>
ST_1 : Operation 869 [1/1] (0.00ns)   --->   "%out_mem_522 = alloca i64 1" [./conv.h:21->top_wrapper.cpp:123]   --->   Operation 869 'alloca' 'out_mem_522' <Predicate = true> <Delay = 0.00>
ST_1 : Operation 870 [1/1] (0.00ns)   --->   "%out_mem_521 = alloca i64 1" [./conv.h:21->top_wrapper.cpp:123]   --->   Operation 870 'alloca' 'out_mem_521' <Predicate = true> <Delay = 0.00>
ST_1 : Operation 871 [1/1] (0.00ns)   --->   "%out_mem_520 = alloca i64 1" [./conv.h:21->top_wrapper.cpp:123]   --->   Operation 871 'alloca' 'out_mem_520' <Predicate = true> <Delay = 0.00>
ST_1 : Operation 872 [1/1] (0.00ns)   --->   "%out_mem_519 = alloca i64 1" [./conv.h:21->top_wrapper.cpp:123]   --->   Operation 872 'alloca' 'out_mem_519' <Predicate = true> <Delay = 0.00>
ST_1 : Operation 873 [1/1] (0.00ns)   --->   "%out_mem_518 = alloca i64 1" [./conv.h:21->top_wrapper.cpp:123]   --->   Operation 873 'alloca' 'out_mem_518' <Predicate = true> <Delay = 0.00>
ST_1 : Operation 874 [1/1] (0.00ns)   --->   "%out_mem_517 = alloca i64 1" [./conv.h:21->top_wrapper.cpp:123]   --->   Operation 874 'alloca' 'out_mem_517' <Predicate = true> <Delay = 0.00>
ST_1 : Operation 875 [1/1] (0.00ns)   --->   "%out_mem_516 = alloca i64 1" [./conv.h:21->top_wrapper.cpp:123]   --->   Operation 875 'alloca' 'out_mem_516' <Predicate = true> <Delay = 0.00>
ST_1 : Operation 876 [1/1] (0.00ns)   --->   "%out_mem_515 = alloca i64 1" [./conv.h:21->top_wrapper.cpp:123]   --->   Operation 876 'alloca' 'out_mem_515' <Predicate = true> <Delay = 0.00>
ST_1 : Operation 877 [1/1] (0.00ns)   --->   "%out_mem_514 = alloca i64 1" [./conv.h:21->top_wrapper.cpp:123]   --->   Operation 877 'alloca' 'out_mem_514' <Predicate = true> <Delay = 0.00>
ST_1 : Operation 878 [1/1] (0.00ns)   --->   "%out_mem_513 = alloca i64 1" [./conv.h:21->top_wrapper.cpp:123]   --->   Operation 878 'alloca' 'out_mem_513' <Predicate = true> <Delay = 0.00>
ST_1 : Operation 879 [1/1] (0.00ns)   --->   "%out_mem_512 = alloca i64 1" [./conv.h:21->top_wrapper.cpp:123]   --->   Operation 879 'alloca' 'out_mem_512' <Predicate = true> <Delay = 0.00>
ST_1 : Operation 880 [1/1] (0.00ns)   --->   "%out_mem_511 = alloca i64 1" [./conv.h:21->top_wrapper.cpp:123]   --->   Operation 880 'alloca' 'out_mem_511' <Predicate = true> <Delay = 0.00>
ST_1 : Operation 881 [1/1] (0.00ns)   --->   "%out_mem_510 = alloca i64 1" [./conv.h:21->top_wrapper.cpp:123]   --->   Operation 881 'alloca' 'out_mem_510' <Predicate = true> <Delay = 0.00>
ST_1 : Operation 882 [1/1] (0.00ns)   --->   "%out_mem_509 = alloca i64 1" [./conv.h:21->top_wrapper.cpp:123]   --->   Operation 882 'alloca' 'out_mem_509' <Predicate = true> <Delay = 0.00>
ST_1 : Operation 883 [1/1] (0.00ns)   --->   "%out_mem_508 = alloca i64 1" [./conv.h:21->top_wrapper.cpp:123]   --->   Operation 883 'alloca' 'out_mem_508' <Predicate = true> <Delay = 0.00>
ST_1 : Operation 884 [1/1] (0.00ns)   --->   "%out_mem_507 = alloca i64 1" [./conv.h:21->top_wrapper.cpp:123]   --->   Operation 884 'alloca' 'out_mem_507' <Predicate = true> <Delay = 0.00>
ST_1 : Operation 885 [1/1] (0.00ns)   --->   "%out_mem_506 = alloca i64 1" [./conv.h:21->top_wrapper.cpp:123]   --->   Operation 885 'alloca' 'out_mem_506' <Predicate = true> <Delay = 0.00>
ST_1 : Operation 886 [1/1] (0.00ns)   --->   "%out_mem_505 = alloca i64 1" [./conv.h:21->top_wrapper.cpp:123]   --->   Operation 886 'alloca' 'out_mem_505' <Predicate = true> <Delay = 0.00>
ST_1 : Operation 887 [1/1] (0.00ns)   --->   "%out_mem_504 = alloca i64 1" [./conv.h:21->top_wrapper.cpp:123]   --->   Operation 887 'alloca' 'out_mem_504' <Predicate = true> <Delay = 0.00>
ST_1 : Operation 888 [1/1] (0.00ns)   --->   "%out_mem_503 = alloca i64 1" [./conv.h:21->top_wrapper.cpp:123]   --->   Operation 888 'alloca' 'out_mem_503' <Predicate = true> <Delay = 0.00>
ST_1 : Operation 889 [1/1] (0.00ns)   --->   "%out_mem_502 = alloca i64 1" [./conv.h:21->top_wrapper.cpp:123]   --->   Operation 889 'alloca' 'out_mem_502' <Predicate = true> <Delay = 0.00>
ST_1 : Operation 890 [1/1] (0.00ns)   --->   "%out_mem_501 = alloca i64 1" [./conv.h:21->top_wrapper.cpp:123]   --->   Operation 890 'alloca' 'out_mem_501' <Predicate = true> <Delay = 0.00>
ST_1 : Operation 891 [1/1] (0.00ns)   --->   "%out_mem_500 = alloca i64 1" [./conv.h:21->top_wrapper.cpp:123]   --->   Operation 891 'alloca' 'out_mem_500' <Predicate = true> <Delay = 0.00>
ST_1 : Operation 892 [1/1] (0.00ns)   --->   "%out_mem_499 = alloca i64 1" [./conv.h:21->top_wrapper.cpp:123]   --->   Operation 892 'alloca' 'out_mem_499' <Predicate = true> <Delay = 0.00>
ST_1 : Operation 893 [1/1] (0.00ns)   --->   "%out_mem_498 = alloca i64 1" [./conv.h:21->top_wrapper.cpp:123]   --->   Operation 893 'alloca' 'out_mem_498' <Predicate = true> <Delay = 0.00>
ST_1 : Operation 894 [1/1] (0.00ns)   --->   "%out_mem_497 = alloca i64 1" [./conv.h:21->top_wrapper.cpp:123]   --->   Operation 894 'alloca' 'out_mem_497' <Predicate = true> <Delay = 0.00>
ST_1 : Operation 895 [1/1] (0.00ns)   --->   "%out_mem_496 = alloca i64 1" [./conv.h:21->top_wrapper.cpp:123]   --->   Operation 895 'alloca' 'out_mem_496' <Predicate = true> <Delay = 0.00>
ST_1 : Operation 896 [1/1] (0.00ns)   --->   "%out_mem_495 = alloca i64 1" [./conv.h:21->top_wrapper.cpp:123]   --->   Operation 896 'alloca' 'out_mem_495' <Predicate = true> <Delay = 0.00>
ST_1 : Operation 897 [1/1] (0.00ns)   --->   "%out_mem_494 = alloca i64 1" [./conv.h:21->top_wrapper.cpp:123]   --->   Operation 897 'alloca' 'out_mem_494' <Predicate = true> <Delay = 0.00>
ST_1 : Operation 898 [1/1] (0.00ns)   --->   "%out_mem_493 = alloca i64 1" [./conv.h:21->top_wrapper.cpp:123]   --->   Operation 898 'alloca' 'out_mem_493' <Predicate = true> <Delay = 0.00>
ST_1 : Operation 899 [1/1] (0.00ns)   --->   "%out_mem_492 = alloca i64 1" [./conv.h:21->top_wrapper.cpp:123]   --->   Operation 899 'alloca' 'out_mem_492' <Predicate = true> <Delay = 0.00>
ST_1 : Operation 900 [1/1] (0.00ns)   --->   "%out_mem_491 = alloca i64 1" [./conv.h:21->top_wrapper.cpp:123]   --->   Operation 900 'alloca' 'out_mem_491' <Predicate = true> <Delay = 0.00>
ST_1 : Operation 901 [1/1] (0.00ns)   --->   "%out_mem_490 = alloca i64 1" [./conv.h:21->top_wrapper.cpp:123]   --->   Operation 901 'alloca' 'out_mem_490' <Predicate = true> <Delay = 0.00>
ST_1 : Operation 902 [1/1] (0.00ns)   --->   "%out_mem_489 = alloca i64 1" [./conv.h:21->top_wrapper.cpp:123]   --->   Operation 902 'alloca' 'out_mem_489' <Predicate = true> <Delay = 0.00>
ST_1 : Operation 903 [1/1] (0.00ns)   --->   "%out_mem_488 = alloca i64 1" [./conv.h:21->top_wrapper.cpp:123]   --->   Operation 903 'alloca' 'out_mem_488' <Predicate = true> <Delay = 0.00>
ST_1 : Operation 904 [1/1] (0.00ns)   --->   "%out_mem_487 = alloca i64 1" [./conv.h:21->top_wrapper.cpp:123]   --->   Operation 904 'alloca' 'out_mem_487' <Predicate = true> <Delay = 0.00>
ST_1 : Operation 905 [1/1] (0.00ns)   --->   "%out_mem_486 = alloca i64 1" [./conv.h:21->top_wrapper.cpp:123]   --->   Operation 905 'alloca' 'out_mem_486' <Predicate = true> <Delay = 0.00>
ST_1 : Operation 906 [1/1] (0.00ns)   --->   "%out_mem_485 = alloca i64 1" [./conv.h:21->top_wrapper.cpp:123]   --->   Operation 906 'alloca' 'out_mem_485' <Predicate = true> <Delay = 0.00>
ST_1 : Operation 907 [1/1] (0.00ns)   --->   "%out_mem_484 = alloca i64 1" [./conv.h:21->top_wrapper.cpp:123]   --->   Operation 907 'alloca' 'out_mem_484' <Predicate = true> <Delay = 0.00>
ST_1 : Operation 908 [1/1] (0.00ns)   --->   "%out_mem_483 = alloca i64 1" [./conv.h:21->top_wrapper.cpp:123]   --->   Operation 908 'alloca' 'out_mem_483' <Predicate = true> <Delay = 0.00>
ST_1 : Operation 909 [1/1] (0.00ns)   --->   "%out_mem_482 = alloca i64 1" [./conv.h:21->top_wrapper.cpp:123]   --->   Operation 909 'alloca' 'out_mem_482' <Predicate = true> <Delay = 0.00>
ST_1 : Operation 910 [1/1] (0.00ns)   --->   "%out_mem_481 = alloca i64 1" [./conv.h:21->top_wrapper.cpp:123]   --->   Operation 910 'alloca' 'out_mem_481' <Predicate = true> <Delay = 0.00>
ST_1 : Operation 911 [1/1] (0.00ns)   --->   "%out_mem_480 = alloca i64 1" [./conv.h:21->top_wrapper.cpp:123]   --->   Operation 911 'alloca' 'out_mem_480' <Predicate = true> <Delay = 0.00>
ST_1 : Operation 912 [1/1] (0.00ns)   --->   "%out_mem_479 = alloca i64 1" [./conv.h:21->top_wrapper.cpp:123]   --->   Operation 912 'alloca' 'out_mem_479' <Predicate = true> <Delay = 0.00>
ST_1 : Operation 913 [1/1] (0.00ns)   --->   "%out_mem_478 = alloca i64 1" [./conv.h:21->top_wrapper.cpp:123]   --->   Operation 913 'alloca' 'out_mem_478' <Predicate = true> <Delay = 0.00>
ST_1 : Operation 914 [1/1] (0.00ns)   --->   "%out_mem_477 = alloca i64 1" [./conv.h:21->top_wrapper.cpp:123]   --->   Operation 914 'alloca' 'out_mem_477' <Predicate = true> <Delay = 0.00>
ST_1 : Operation 915 [1/1] (0.00ns)   --->   "%out_mem_476 = alloca i64 1" [./conv.h:21->top_wrapper.cpp:123]   --->   Operation 915 'alloca' 'out_mem_476' <Predicate = true> <Delay = 0.00>
ST_1 : Operation 916 [1/1] (0.00ns)   --->   "%out_mem_475 = alloca i64 1" [./conv.h:21->top_wrapper.cpp:123]   --->   Operation 916 'alloca' 'out_mem_475' <Predicate = true> <Delay = 0.00>
ST_1 : Operation 917 [1/1] (0.00ns)   --->   "%out_mem_474 = alloca i64 1" [./conv.h:21->top_wrapper.cpp:123]   --->   Operation 917 'alloca' 'out_mem_474' <Predicate = true> <Delay = 0.00>
ST_1 : Operation 918 [1/1] (0.00ns)   --->   "%out_mem_473 = alloca i64 1" [./conv.h:21->top_wrapper.cpp:123]   --->   Operation 918 'alloca' 'out_mem_473' <Predicate = true> <Delay = 0.00>
ST_1 : Operation 919 [1/1] (0.00ns)   --->   "%out_mem_472 = alloca i64 1" [./conv.h:21->top_wrapper.cpp:123]   --->   Operation 919 'alloca' 'out_mem_472' <Predicate = true> <Delay = 0.00>
ST_1 : Operation 920 [1/1] (0.00ns)   --->   "%out_mem_471 = alloca i64 1" [./conv.h:21->top_wrapper.cpp:123]   --->   Operation 920 'alloca' 'out_mem_471' <Predicate = true> <Delay = 0.00>
ST_1 : Operation 921 [1/1] (0.00ns)   --->   "%out_mem_470 = alloca i64 1" [./conv.h:21->top_wrapper.cpp:123]   --->   Operation 921 'alloca' 'out_mem_470' <Predicate = true> <Delay = 0.00>
ST_1 : Operation 922 [1/1] (0.00ns)   --->   "%out_mem_469 = alloca i64 1" [./conv.h:21->top_wrapper.cpp:123]   --->   Operation 922 'alloca' 'out_mem_469' <Predicate = true> <Delay = 0.00>
ST_1 : Operation 923 [1/1] (0.00ns)   --->   "%out_mem_468 = alloca i64 1" [./conv.h:21->top_wrapper.cpp:123]   --->   Operation 923 'alloca' 'out_mem_468' <Predicate = true> <Delay = 0.00>
ST_1 : Operation 924 [1/1] (0.00ns)   --->   "%out_mem_467 = alloca i64 1" [./conv.h:21->top_wrapper.cpp:123]   --->   Operation 924 'alloca' 'out_mem_467' <Predicate = true> <Delay = 0.00>
ST_1 : Operation 925 [1/1] (0.00ns)   --->   "%out_mem_466 = alloca i64 1" [./conv.h:21->top_wrapper.cpp:123]   --->   Operation 925 'alloca' 'out_mem_466' <Predicate = true> <Delay = 0.00>
ST_1 : Operation 926 [1/1] (0.00ns)   --->   "%out_mem_465 = alloca i64 1" [./conv.h:21->top_wrapper.cpp:123]   --->   Operation 926 'alloca' 'out_mem_465' <Predicate = true> <Delay = 0.00>
ST_1 : Operation 927 [1/1] (0.00ns)   --->   "%out_mem_464 = alloca i64 1" [./conv.h:21->top_wrapper.cpp:123]   --->   Operation 927 'alloca' 'out_mem_464' <Predicate = true> <Delay = 0.00>
ST_1 : Operation 928 [1/1] (0.00ns)   --->   "%out_mem_463 = alloca i64 1" [./conv.h:21->top_wrapper.cpp:123]   --->   Operation 928 'alloca' 'out_mem_463' <Predicate = true> <Delay = 0.00>
ST_1 : Operation 929 [1/1] (0.00ns)   --->   "%out_mem_462 = alloca i64 1" [./conv.h:21->top_wrapper.cpp:123]   --->   Operation 929 'alloca' 'out_mem_462' <Predicate = true> <Delay = 0.00>
ST_1 : Operation 930 [1/1] (0.00ns)   --->   "%out_mem_461 = alloca i64 1" [./conv.h:21->top_wrapper.cpp:123]   --->   Operation 930 'alloca' 'out_mem_461' <Predicate = true> <Delay = 0.00>
ST_1 : Operation 931 [1/1] (0.00ns)   --->   "%out_mem_460 = alloca i64 1" [./conv.h:21->top_wrapper.cpp:123]   --->   Operation 931 'alloca' 'out_mem_460' <Predicate = true> <Delay = 0.00>
ST_1 : Operation 932 [1/1] (0.00ns)   --->   "%out_mem_459 = alloca i64 1" [./conv.h:21->top_wrapper.cpp:123]   --->   Operation 932 'alloca' 'out_mem_459' <Predicate = true> <Delay = 0.00>
ST_1 : Operation 933 [1/1] (0.00ns)   --->   "%out_mem_458 = alloca i64 1" [./conv.h:21->top_wrapper.cpp:123]   --->   Operation 933 'alloca' 'out_mem_458' <Predicate = true> <Delay = 0.00>
ST_1 : Operation 934 [1/1] (0.00ns)   --->   "%out_mem_457 = alloca i64 1" [./conv.h:21->top_wrapper.cpp:123]   --->   Operation 934 'alloca' 'out_mem_457' <Predicate = true> <Delay = 0.00>
ST_1 : Operation 935 [1/1] (0.00ns)   --->   "%out_mem_456 = alloca i64 1" [./conv.h:21->top_wrapper.cpp:123]   --->   Operation 935 'alloca' 'out_mem_456' <Predicate = true> <Delay = 0.00>
ST_1 : Operation 936 [1/1] (0.00ns)   --->   "%out_mem_455 = alloca i64 1" [./conv.h:21->top_wrapper.cpp:123]   --->   Operation 936 'alloca' 'out_mem_455' <Predicate = true> <Delay = 0.00>
ST_1 : Operation 937 [1/1] (0.00ns)   --->   "%out_mem_454 = alloca i64 1" [./conv.h:21->top_wrapper.cpp:123]   --->   Operation 937 'alloca' 'out_mem_454' <Predicate = true> <Delay = 0.00>
ST_1 : Operation 938 [1/1] (0.00ns)   --->   "%out_mem_453 = alloca i64 1" [./conv.h:21->top_wrapper.cpp:123]   --->   Operation 938 'alloca' 'out_mem_453' <Predicate = true> <Delay = 0.00>
ST_1 : Operation 939 [1/1] (0.00ns)   --->   "%out_mem_452 = alloca i64 1" [./conv.h:21->top_wrapper.cpp:123]   --->   Operation 939 'alloca' 'out_mem_452' <Predicate = true> <Delay = 0.00>
ST_1 : Operation 940 [1/1] (0.00ns)   --->   "%out_mem_451 = alloca i64 1" [./conv.h:21->top_wrapper.cpp:123]   --->   Operation 940 'alloca' 'out_mem_451' <Predicate = true> <Delay = 0.00>
ST_1 : Operation 941 [1/1] (0.00ns)   --->   "%out_mem_450 = alloca i64 1" [./conv.h:21->top_wrapper.cpp:123]   --->   Operation 941 'alloca' 'out_mem_450' <Predicate = true> <Delay = 0.00>
ST_1 : Operation 942 [1/1] (0.00ns)   --->   "%out_mem = alloca i64 1" [./conv.h:21->top_wrapper.cpp:123]   --->   Operation 942 'alloca' 'out_mem' <Predicate = true> <Delay = 0.00>
ST_1 : Operation 943 [1/1] (0.00ns)   --->   "%specinterface_ln0 = specinterface void @_ssdm_op_SpecInterface, i8 %filter2conv, void @empty_22, i32 0, i32 0, void @empty_20, i32 0, i32 0, void @empty_20, void @empty_20, void @empty_20, i32 0, i32 0, i32 0, i32 0, void @empty_20, void @empty_20, i32 4294967295, i32 0, i32 0"   --->   Operation 943 'specinterface' 'specinterface_ln0' <Predicate = true> <Delay = 0.00>
ST_1 : Operation 944 [1/1] (0.42ns)   --->   "%store_ln36 = store i8 0, i8 %filter_mem_17" [./conv.h:36->top_wrapper.cpp:123]   --->   Operation 944 'store' 'store_ln36' <Predicate = true> <Delay = 0.42>
ST_1 : Operation 945 [1/1] (0.42ns)   --->   "%store_ln36 = store i8 0, i8 %filter_mem_16" [./conv.h:36->top_wrapper.cpp:123]   --->   Operation 945 'store' 'store_ln36' <Predicate = true> <Delay = 0.42>
ST_1 : Operation 946 [1/1] (0.42ns)   --->   "%store_ln36 = store i8 0, i8 %filter_mem_15" [./conv.h:36->top_wrapper.cpp:123]   --->   Operation 946 'store' 'store_ln36' <Predicate = true> <Delay = 0.42>
ST_1 : Operation 947 [1/1] (0.42ns)   --->   "%store_ln36 = store i8 0, i8 %filter_mem_14" [./conv.h:36->top_wrapper.cpp:123]   --->   Operation 947 'store' 'store_ln36' <Predicate = true> <Delay = 0.42>
ST_1 : Operation 948 [1/1] (0.42ns)   --->   "%store_ln36 = store i8 0, i8 %filter_mem_13" [./conv.h:36->top_wrapper.cpp:123]   --->   Operation 948 'store' 'store_ln36' <Predicate = true> <Delay = 0.42>
ST_1 : Operation 949 [1/1] (0.42ns)   --->   "%store_ln36 = store i8 0, i8 %filter_mem_12" [./conv.h:36->top_wrapper.cpp:123]   --->   Operation 949 'store' 'store_ln36' <Predicate = true> <Delay = 0.42>
ST_1 : Operation 950 [1/1] (0.42ns)   --->   "%store_ln36 = store i8 0, i8 %filter_mem_11" [./conv.h:36->top_wrapper.cpp:123]   --->   Operation 950 'store' 'store_ln36' <Predicate = true> <Delay = 0.42>
ST_1 : Operation 951 [1/1] (0.42ns)   --->   "%store_ln36 = store i8 0, i8 %filter_mem_10" [./conv.h:36->top_wrapper.cpp:123]   --->   Operation 951 'store' 'store_ln36' <Predicate = true> <Delay = 0.42>
ST_1 : Operation 952 [1/1] (0.42ns)   --->   "%store_ln36 = store i8 0, i8 %filter_mem_9" [./conv.h:36->top_wrapper.cpp:123]   --->   Operation 952 'store' 'store_ln36' <Predicate = true> <Delay = 0.42>
ST_1 : Operation 953 [1/1] (0.42ns)   --->   "%store_ln36 = store i8 0, i8 %filter_mem_8" [./conv.h:36->top_wrapper.cpp:123]   --->   Operation 953 'store' 'store_ln36' <Predicate = true> <Delay = 0.42>
ST_1 : Operation 954 [1/1] (0.42ns)   --->   "%store_ln36 = store i8 0, i8 %filter_mem_7" [./conv.h:36->top_wrapper.cpp:123]   --->   Operation 954 'store' 'store_ln36' <Predicate = true> <Delay = 0.42>
ST_1 : Operation 955 [1/1] (0.42ns)   --->   "%store_ln36 = store i8 0, i8 %filter_mem_6" [./conv.h:36->top_wrapper.cpp:123]   --->   Operation 955 'store' 'store_ln36' <Predicate = true> <Delay = 0.42>
ST_1 : Operation 956 [1/1] (0.42ns)   --->   "%store_ln36 = store i8 0, i8 %filter_mem_5" [./conv.h:36->top_wrapper.cpp:123]   --->   Operation 956 'store' 'store_ln36' <Predicate = true> <Delay = 0.42>
ST_1 : Operation 957 [1/1] (0.42ns)   --->   "%store_ln36 = store i8 0, i8 %filter_mem_4" [./conv.h:36->top_wrapper.cpp:123]   --->   Operation 957 'store' 'store_ln36' <Predicate = true> <Delay = 0.42>
ST_1 : Operation 958 [1/1] (0.42ns)   --->   "%store_ln36 = store i8 0, i8 %filter_mem_3" [./conv.h:36->top_wrapper.cpp:123]   --->   Operation 958 'store' 'store_ln36' <Predicate = true> <Delay = 0.42>
ST_1 : Operation 959 [1/1] (0.42ns)   --->   "%store_ln36 = store i8 0, i8 %filter_mem_2" [./conv.h:36->top_wrapper.cpp:123]   --->   Operation 959 'store' 'store_ln36' <Predicate = true> <Delay = 0.42>
ST_1 : Operation 960 [1/1] (0.42ns)   --->   "%store_ln36 = store i8 0, i8 %filter_mem_1" [./conv.h:36->top_wrapper.cpp:123]   --->   Operation 960 'store' 'store_ln36' <Predicate = true> <Delay = 0.42>
ST_1 : Operation 961 [1/1] (0.42ns)   --->   "%store_ln36 = store i8 0, i8 %filter_mem" [./conv.h:36->top_wrapper.cpp:123]   --->   Operation 961 'store' 'store_ln36' <Predicate = true> <Delay = 0.42>
ST_1 : Operation 962 [1/1] (0.42ns)   --->   "%store_ln39 = store i2 0, i2 %s_och" [./conv.h:39->top_wrapper.cpp:123]   --->   Operation 962 'store' 'store_ln39' <Predicate = true> <Delay = 0.42>
ST_1 : Operation 963 [1/1] (0.00ns)   --->   "%br_ln39 = br void %VITIS_LOOP_41_1.i" [./conv.h:39->top_wrapper.cpp:123]   --->   Operation 963 'br' 'br_ln39' <Predicate = true> <Delay = 0.00>

State 2 <SV = 1> <Delay = 0.97>
ST_2 : Operation 964 [1/1] (0.00ns)   --->   "%s_och_1 = load i2 %s_och" [./conv.h:36->top_wrapper.cpp:123]   --->   Operation 964 'load' 's_och_1' <Predicate = true> <Delay = 0.00>
ST_2 : Operation 965 [1/1] (0.54ns)   --->   "%icmp_ln39 = icmp_eq  i2 %s_och_1, i2 2" [./conv.h:39->top_wrapper.cpp:123]   --->   Operation 965 'icmp' 'icmp_ln39' <Predicate = true> <Delay = 0.54> <CoreInst = "Cmp">   --->   Core 9 'Cmp' <Latency = 0> <II = 1> <Delay = 0.54> <FuncUnit> <Opcode : 'seteq' 'setne' 'setle' 'setge' 'setlt' 'setgt'> <InPorts = 2> <OutPorts = 1>
ST_2 : Operation 966 [1/1] (0.54ns)   --->   "%s_och_2 = add i2 %s_och_1, i2 1" [./conv.h:39->top_wrapper.cpp:123]   --->   Operation 966 'add' 's_och_2' <Predicate = true> <Delay = 0.54> <CoreInst = "Adder">   --->   Core 1 'Adder' <Latency = 0> <II = 1> <Delay = 0.54> <FuncUnit> <Opcode : 'add' 'sub'> <InPorts = 2> <OutPorts = 1>
ST_2 : Operation 967 [1/1] (0.00ns)   --->   "%br_ln39 = br i1 %icmp_ln39, void %VITIS_LOOP_41_1.split.i, void %conv<2, 13, 13, 3, 3, 2, 11, 11, 1, 1, 5, 1, 5, 5, 2, 3>.exit" [./conv.h:39->top_wrapper.cpp:123]   --->   Operation 967 'br' 'br_ln39' <Predicate = true> <Delay = 0.00>
ST_2 : Operation 968 [1/1] (0.00ns)   --->   "%filter_mem_load = load i8 %filter_mem"   --->   Operation 968 'load' 'filter_mem_load' <Predicate = (!icmp_ln39)> <Delay = 0.00>
ST_2 : Operation 969 [1/1] (0.00ns)   --->   "%filter_mem_1_load = load i8 %filter_mem_1"   --->   Operation 969 'load' 'filter_mem_1_load' <Predicate = (!icmp_ln39)> <Delay = 0.00>
ST_2 : Operation 970 [1/1] (0.00ns)   --->   "%filter_mem_2_load = load i8 %filter_mem_2"   --->   Operation 970 'load' 'filter_mem_2_load' <Predicate = (!icmp_ln39)> <Delay = 0.00>
ST_2 : Operation 971 [1/1] (0.00ns)   --->   "%filter_mem_3_load = load i8 %filter_mem_3"   --->   Operation 971 'load' 'filter_mem_3_load' <Predicate = (!icmp_ln39)> <Delay = 0.00>
ST_2 : Operation 972 [1/1] (0.00ns)   --->   "%filter_mem_4_load = load i8 %filter_mem_4"   --->   Operation 972 'load' 'filter_mem_4_load' <Predicate = (!icmp_ln39)> <Delay = 0.00>
ST_2 : Operation 973 [1/1] (0.00ns)   --->   "%filter_mem_5_load = load i8 %filter_mem_5"   --->   Operation 973 'load' 'filter_mem_5_load' <Predicate = (!icmp_ln39)> <Delay = 0.00>
ST_2 : Operation 974 [1/1] (0.00ns)   --->   "%filter_mem_6_load = load i8 %filter_mem_6"   --->   Operation 974 'load' 'filter_mem_6_load' <Predicate = (!icmp_ln39)> <Delay = 0.00>
ST_2 : Operation 975 [1/1] (0.00ns)   --->   "%filter_mem_7_load = load i8 %filter_mem_7"   --->   Operation 975 'load' 'filter_mem_7_load' <Predicate = (!icmp_ln39)> <Delay = 0.00>
ST_2 : Operation 976 [1/1] (0.00ns)   --->   "%filter_mem_8_load = load i8 %filter_mem_8"   --->   Operation 976 'load' 'filter_mem_8_load' <Predicate = (!icmp_ln39)> <Delay = 0.00>
ST_2 : Operation 977 [1/1] (0.00ns)   --->   "%filter_mem_9_load = load i8 %filter_mem_9"   --->   Operation 977 'load' 'filter_mem_9_load' <Predicate = (!icmp_ln39)> <Delay = 0.00>
ST_2 : Operation 978 [1/1] (0.00ns)   --->   "%filter_mem_10_load = load i8 %filter_mem_10"   --->   Operation 978 'load' 'filter_mem_10_load' <Predicate = (!icmp_ln39)> <Delay = 0.00>
ST_2 : Operation 979 [1/1] (0.00ns)   --->   "%filter_mem_11_load = load i8 %filter_mem_11"   --->   Operation 979 'load' 'filter_mem_11_load' <Predicate = (!icmp_ln39)> <Delay = 0.00>
ST_2 : Operation 980 [1/1] (0.00ns)   --->   "%filter_mem_12_load = load i8 %filter_mem_12"   --->   Operation 980 'load' 'filter_mem_12_load' <Predicate = (!icmp_ln39)> <Delay = 0.00>
ST_2 : Operation 981 [1/1] (0.00ns)   --->   "%filter_mem_13_load = load i8 %filter_mem_13"   --->   Operation 981 'load' 'filter_mem_13_load' <Predicate = (!icmp_ln39)> <Delay = 0.00>
ST_2 : Operation 982 [1/1] (0.00ns)   --->   "%filter_mem_14_load = load i8 %filter_mem_14"   --->   Operation 982 'load' 'filter_mem_14_load' <Predicate = (!icmp_ln39)> <Delay = 0.00>
ST_2 : Operation 983 [1/1] (0.00ns)   --->   "%filter_mem_15_load = load i8 %filter_mem_15"   --->   Operation 983 'load' 'filter_mem_15_load' <Predicate = (!icmp_ln39)> <Delay = 0.00>
ST_2 : Operation 984 [1/1] (0.00ns)   --->   "%filter_mem_16_load = load i8 %filter_mem_16"   --->   Operation 984 'load' 'filter_mem_16_load' <Predicate = (!icmp_ln39)> <Delay = 0.00>
ST_2 : Operation 985 [1/1] (0.00ns)   --->   "%filter_mem_17_load = load i8 %filter_mem_17"   --->   Operation 985 'load' 'filter_mem_17_load' <Predicate = (!icmp_ln39)> <Delay = 0.00>
ST_2 : Operation 986 [1/1] (0.00ns)   --->   "%trunc_ln36 = trunc i2 %s_och_1" [./conv.h:36->top_wrapper.cpp:123]   --->   Operation 986 'trunc' 'trunc_ln36' <Predicate = (!icmp_ln39)> <Delay = 0.00>
ST_2 : Operation 987 [2/2] (0.42ns)   --->   "%call_ln0 = call void @conv_Pipeline_VITIS_LOOP_41_1_VITIS_LOOP_42_2_VITIS_LOOP_43_3, i8 %filter_mem_17_load, i8 %filter_mem_16_load, i8 %filter_mem_15_load, i8 %filter_mem_14_load, i8 %filter_mem_13_load, i8 %filter_mem_12_load, i8 %filter_mem_11_load, i8 %filter_mem_10_load, i8 %filter_mem_9_load, i8 %filter_mem_8_load, i8 %filter_mem_7_load, i8 %filter_mem_6_load, i8 %filter_mem_5_load, i8 %filter_mem_4_load, i8 %filter_mem_3_load, i8 %filter_mem_2_load, i8 %filter_mem_1_load, i8 %filter_mem_load, i8 %filter2conv, i8 %filter_mem_35_loc, i8 %filter_mem_34_loc, i8 %filter_mem_33_loc, i8 %filter_mem_32_loc, i8 %filter_mem_31_loc, i8 %filter_mem_30_loc, i8 %filter_mem_29_loc, i8 %filter_mem_28_loc, i8 %filter_mem_27_loc, i8 %filter_mem_26_loc, i8 %filter_mem_25_loc, i8 %filter_mem_24_loc, i8 %filter_mem_23_loc, i8 %filter_mem_22_loc, i8 %filter_mem_21_loc, i8 %filter_mem_20_loc, i8 %filter_mem_19_loc, i8 %filter_mem_18_loc"   --->   Operation 987 'call' 'call_ln0' <Predicate = (!icmp_ln39)> <Delay = 0.42> <CoreType = "Generic">   --->   Generic Core
ST_2 : Operation 988 [1/1] (0.42ns)   --->   "%store_ln39 = store i2 %s_och_2, i2 %s_och" [./conv.h:39->top_wrapper.cpp:123]   --->   Operation 988 'store' 'store_ln39' <Predicate = (!icmp_ln39)> <Delay = 0.42>
ST_2 : Operation 989 [1/1] (0.00ns)   --->   "%out_mem_898_load = load i32 %out_mem_898" [top_wrapper.cpp:123]   --->   Operation 989 'load' 'out_mem_898_load' <Predicate = (icmp_ln39)> <Delay = 0.00>
ST_2 : Operation 990 [1/1] (0.00ns)   --->   "%out_mem_897_load = load i32 %out_mem_897" [top_wrapper.cpp:123]   --->   Operation 990 'load' 'out_mem_897_load' <Predicate = (icmp_ln39)> <Delay = 0.00>
ST_2 : Operation 991 [1/1] (0.00ns)   --->   "%out_mem_896_load = load i32 %out_mem_896" [top_wrapper.cpp:123]   --->   Operation 991 'load' 'out_mem_896_load' <Predicate = (icmp_ln39)> <Delay = 0.00>
ST_2 : Operation 992 [1/1] (0.00ns)   --->   "%out_mem_895_load = load i32 %out_mem_895" [top_wrapper.cpp:123]   --->   Operation 992 'load' 'out_mem_895_load' <Predicate = (icmp_ln39)> <Delay = 0.00>
ST_2 : Operation 993 [1/1] (0.00ns)   --->   "%out_mem_894_load = load i32 %out_mem_894" [top_wrapper.cpp:123]   --->   Operation 993 'load' 'out_mem_894_load' <Predicate = (icmp_ln39)> <Delay = 0.00>
ST_2 : Operation 994 [1/1] (0.00ns)   --->   "%out_mem_893_load = load i32 %out_mem_893" [top_wrapper.cpp:123]   --->   Operation 994 'load' 'out_mem_893_load' <Predicate = (icmp_ln39)> <Delay = 0.00>
ST_2 : Operation 995 [1/1] (0.00ns)   --->   "%out_mem_892_load = load i32 %out_mem_892" [top_wrapper.cpp:123]   --->   Operation 995 'load' 'out_mem_892_load' <Predicate = (icmp_ln39)> <Delay = 0.00>
ST_2 : Operation 996 [1/1] (0.00ns)   --->   "%out_mem_891_load = load i32 %out_mem_891" [top_wrapper.cpp:123]   --->   Operation 996 'load' 'out_mem_891_load' <Predicate = (icmp_ln39)> <Delay = 0.00>
ST_2 : Operation 997 [1/1] (0.00ns)   --->   "%out_mem_890_load = load i32 %out_mem_890" [top_wrapper.cpp:123]   --->   Operation 997 'load' 'out_mem_890_load' <Predicate = (icmp_ln39)> <Delay = 0.00>
ST_2 : Operation 998 [1/1] (0.00ns)   --->   "%out_mem_889_load = load i32 %out_mem_889" [top_wrapper.cpp:123]   --->   Operation 998 'load' 'out_mem_889_load' <Predicate = (icmp_ln39)> <Delay = 0.00>
ST_2 : Operation 999 [1/1] (0.00ns)   --->   "%out_mem_888_load = load i32 %out_mem_888" [top_wrapper.cpp:123]   --->   Operation 999 'load' 'out_mem_888_load' <Predicate = (icmp_ln39)> <Delay = 0.00>
ST_2 : Operation 1000 [1/1] (0.00ns)   --->   "%out_mem_887_load = load i32 %out_mem_887" [top_wrapper.cpp:123]   --->   Operation 1000 'load' 'out_mem_887_load' <Predicate = (icmp_ln39)> <Delay = 0.00>
ST_2 : Operation 1001 [1/1] (0.00ns)   --->   "%out_mem_886_load = load i32 %out_mem_886" [top_wrapper.cpp:123]   --->   Operation 1001 'load' 'out_mem_886_load' <Predicate = (icmp_ln39)> <Delay = 0.00>
ST_2 : Operation 1002 [1/1] (0.00ns)   --->   "%out_mem_885_load = load i32 %out_mem_885" [top_wrapper.cpp:123]   --->   Operation 1002 'load' 'out_mem_885_load' <Predicate = (icmp_ln39)> <Delay = 0.00>
ST_2 : Operation 1003 [1/1] (0.00ns)   --->   "%out_mem_884_load = load i32 %out_mem_884" [top_wrapper.cpp:123]   --->   Operation 1003 'load' 'out_mem_884_load' <Predicate = (icmp_ln39)> <Delay = 0.00>
ST_2 : Operation 1004 [1/1] (0.00ns)   --->   "%out_mem_883_load = load i32 %out_mem_883" [top_wrapper.cpp:123]   --->   Operation 1004 'load' 'out_mem_883_load' <Predicate = (icmp_ln39)> <Delay = 0.00>
ST_2 : Operation 1005 [1/1] (0.00ns)   --->   "%out_mem_882_load = load i32 %out_mem_882" [top_wrapper.cpp:123]   --->   Operation 1005 'load' 'out_mem_882_load' <Predicate = (icmp_ln39)> <Delay = 0.00>
ST_2 : Operation 1006 [1/1] (0.00ns)   --->   "%out_mem_881_load = load i32 %out_mem_881" [top_wrapper.cpp:123]   --->   Operation 1006 'load' 'out_mem_881_load' <Predicate = (icmp_ln39)> <Delay = 0.00>
ST_2 : Operation 1007 [1/1] (0.00ns)   --->   "%out_mem_880_load = load i32 %out_mem_880" [top_wrapper.cpp:123]   --->   Operation 1007 'load' 'out_mem_880_load' <Predicate = (icmp_ln39)> <Delay = 0.00>
ST_2 : Operation 1008 [1/1] (0.00ns)   --->   "%out_mem_879_load = load i32 %out_mem_879" [top_wrapper.cpp:123]   --->   Operation 1008 'load' 'out_mem_879_load' <Predicate = (icmp_ln39)> <Delay = 0.00>
ST_2 : Operation 1009 [1/1] (0.00ns)   --->   "%out_mem_878_load = load i32 %out_mem_878" [top_wrapper.cpp:123]   --->   Operation 1009 'load' 'out_mem_878_load' <Predicate = (icmp_ln39)> <Delay = 0.00>
ST_2 : Operation 1010 [1/1] (0.00ns)   --->   "%out_mem_877_load = load i32 %out_mem_877" [top_wrapper.cpp:123]   --->   Operation 1010 'load' 'out_mem_877_load' <Predicate = (icmp_ln39)> <Delay = 0.00>
ST_2 : Operation 1011 [1/1] (0.00ns)   --->   "%out_mem_876_load = load i32 %out_mem_876" [top_wrapper.cpp:123]   --->   Operation 1011 'load' 'out_mem_876_load' <Predicate = (icmp_ln39)> <Delay = 0.00>
ST_2 : Operation 1012 [1/1] (0.00ns)   --->   "%out_mem_875_load = load i32 %out_mem_875" [top_wrapper.cpp:123]   --->   Operation 1012 'load' 'out_mem_875_load' <Predicate = (icmp_ln39)> <Delay = 0.00>
ST_2 : Operation 1013 [1/1] (0.00ns)   --->   "%out_mem_874_load = load i32 %out_mem_874" [top_wrapper.cpp:123]   --->   Operation 1013 'load' 'out_mem_874_load' <Predicate = (icmp_ln39)> <Delay = 0.00>
ST_2 : Operation 1014 [1/1] (0.00ns)   --->   "%out_mem_873_load = load i32 %out_mem_873" [top_wrapper.cpp:123]   --->   Operation 1014 'load' 'out_mem_873_load' <Predicate = (icmp_ln39)> <Delay = 0.00>
ST_2 : Operation 1015 [1/1] (0.00ns)   --->   "%out_mem_872_load = load i32 %out_mem_872" [top_wrapper.cpp:123]   --->   Operation 1015 'load' 'out_mem_872_load' <Predicate = (icmp_ln39)> <Delay = 0.00>
ST_2 : Operation 1016 [1/1] (0.00ns)   --->   "%out_mem_871_load = load i32 %out_mem_871" [top_wrapper.cpp:123]   --->   Operation 1016 'load' 'out_mem_871_load' <Predicate = (icmp_ln39)> <Delay = 0.00>
ST_2 : Operation 1017 [1/1] (0.00ns)   --->   "%out_mem_870_load = load i32 %out_mem_870" [top_wrapper.cpp:123]   --->   Operation 1017 'load' 'out_mem_870_load' <Predicate = (icmp_ln39)> <Delay = 0.00>
ST_2 : Operation 1018 [1/1] (0.00ns)   --->   "%out_mem_869_load = load i32 %out_mem_869" [top_wrapper.cpp:123]   --->   Operation 1018 'load' 'out_mem_869_load' <Predicate = (icmp_ln39)> <Delay = 0.00>
ST_2 : Operation 1019 [1/1] (0.00ns)   --->   "%out_mem_868_load = load i32 %out_mem_868" [top_wrapper.cpp:123]   --->   Operation 1019 'load' 'out_mem_868_load' <Predicate = (icmp_ln39)> <Delay = 0.00>
ST_2 : Operation 1020 [1/1] (0.00ns)   --->   "%out_mem_867_load = load i32 %out_mem_867" [top_wrapper.cpp:123]   --->   Operation 1020 'load' 'out_mem_867_load' <Predicate = (icmp_ln39)> <Delay = 0.00>
ST_2 : Operation 1021 [1/1] (0.00ns)   --->   "%out_mem_866_load = load i32 %out_mem_866" [top_wrapper.cpp:123]   --->   Operation 1021 'load' 'out_mem_866_load' <Predicate = (icmp_ln39)> <Delay = 0.00>
ST_2 : Operation 1022 [1/1] (0.00ns)   --->   "%out_mem_865_load = load i32 %out_mem_865" [top_wrapper.cpp:123]   --->   Operation 1022 'load' 'out_mem_865_load' <Predicate = (icmp_ln39)> <Delay = 0.00>
ST_2 : Operation 1023 [1/1] (0.00ns)   --->   "%out_mem_864_load = load i32 %out_mem_864" [top_wrapper.cpp:123]   --->   Operation 1023 'load' 'out_mem_864_load' <Predicate = (icmp_ln39)> <Delay = 0.00>
ST_2 : Operation 1024 [1/1] (0.00ns)   --->   "%out_mem_863_load = load i32 %out_mem_863" [top_wrapper.cpp:123]   --->   Operation 1024 'load' 'out_mem_863_load' <Predicate = (icmp_ln39)> <Delay = 0.00>
ST_2 : Operation 1025 [1/1] (0.00ns)   --->   "%out_mem_862_load = load i32 %out_mem_862" [top_wrapper.cpp:123]   --->   Operation 1025 'load' 'out_mem_862_load' <Predicate = (icmp_ln39)> <Delay = 0.00>
ST_2 : Operation 1026 [1/1] (0.00ns)   --->   "%out_mem_861_load = load i32 %out_mem_861" [top_wrapper.cpp:123]   --->   Operation 1026 'load' 'out_mem_861_load' <Predicate = (icmp_ln39)> <Delay = 0.00>
ST_2 : Operation 1027 [1/1] (0.00ns)   --->   "%out_mem_860_load = load i32 %out_mem_860" [top_wrapper.cpp:123]   --->   Operation 1027 'load' 'out_mem_860_load' <Predicate = (icmp_ln39)> <Delay = 0.00>
ST_2 : Operation 1028 [1/1] (0.00ns)   --->   "%out_mem_859_load = load i32 %out_mem_859" [top_wrapper.cpp:123]   --->   Operation 1028 'load' 'out_mem_859_load' <Predicate = (icmp_ln39)> <Delay = 0.00>
ST_2 : Operation 1029 [1/1] (0.00ns)   --->   "%out_mem_858_load = load i32 %out_mem_858" [top_wrapper.cpp:123]   --->   Operation 1029 'load' 'out_mem_858_load' <Predicate = (icmp_ln39)> <Delay = 0.00>
ST_2 : Operation 1030 [1/1] (0.00ns)   --->   "%out_mem_857_load = load i32 %out_mem_857" [top_wrapper.cpp:123]   --->   Operation 1030 'load' 'out_mem_857_load' <Predicate = (icmp_ln39)> <Delay = 0.00>
ST_2 : Operation 1031 [1/1] (0.00ns)   --->   "%out_mem_856_load = load i32 %out_mem_856" [top_wrapper.cpp:123]   --->   Operation 1031 'load' 'out_mem_856_load' <Predicate = (icmp_ln39)> <Delay = 0.00>
ST_2 : Operation 1032 [1/1] (0.00ns)   --->   "%out_mem_855_load = load i32 %out_mem_855" [top_wrapper.cpp:123]   --->   Operation 1032 'load' 'out_mem_855_load' <Predicate = (icmp_ln39)> <Delay = 0.00>
ST_2 : Operation 1033 [1/1] (0.00ns)   --->   "%out_mem_854_load = load i32 %out_mem_854" [top_wrapper.cpp:123]   --->   Operation 1033 'load' 'out_mem_854_load' <Predicate = (icmp_ln39)> <Delay = 0.00>
ST_2 : Operation 1034 [1/1] (0.00ns)   --->   "%out_mem_853_load = load i32 %out_mem_853" [top_wrapper.cpp:123]   --->   Operation 1034 'load' 'out_mem_853_load' <Predicate = (icmp_ln39)> <Delay = 0.00>
ST_2 : Operation 1035 [1/1] (0.00ns)   --->   "%out_mem_852_load = load i32 %out_mem_852" [top_wrapper.cpp:123]   --->   Operation 1035 'load' 'out_mem_852_load' <Predicate = (icmp_ln39)> <Delay = 0.00>
ST_2 : Operation 1036 [1/1] (0.00ns)   --->   "%out_mem_851_load = load i32 %out_mem_851" [top_wrapper.cpp:123]   --->   Operation 1036 'load' 'out_mem_851_load' <Predicate = (icmp_ln39)> <Delay = 0.00>
ST_2 : Operation 1037 [1/1] (0.00ns)   --->   "%out_mem_850_load = load i32 %out_mem_850" [top_wrapper.cpp:123]   --->   Operation 1037 'load' 'out_mem_850_load' <Predicate = (icmp_ln39)> <Delay = 0.00>
ST_2 : Operation 1038 [1/1] (0.00ns)   --->   "%out_mem_849_load = load i32 %out_mem_849" [top_wrapper.cpp:123]   --->   Operation 1038 'load' 'out_mem_849_load' <Predicate = (icmp_ln39)> <Delay = 0.00>
ST_2 : Operation 1039 [1/1] (0.00ns)   --->   "%out_mem_848_load = load i32 %out_mem_848" [top_wrapper.cpp:123]   --->   Operation 1039 'load' 'out_mem_848_load' <Predicate = (icmp_ln39)> <Delay = 0.00>
ST_2 : Operation 1040 [1/1] (0.00ns)   --->   "%out_mem_847_load = load i32 %out_mem_847" [top_wrapper.cpp:123]   --->   Operation 1040 'load' 'out_mem_847_load' <Predicate = (icmp_ln39)> <Delay = 0.00>
ST_2 : Operation 1041 [1/1] (0.00ns)   --->   "%out_mem_846_load = load i32 %out_mem_846" [top_wrapper.cpp:123]   --->   Operation 1041 'load' 'out_mem_846_load' <Predicate = (icmp_ln39)> <Delay = 0.00>
ST_2 : Operation 1042 [1/1] (0.00ns)   --->   "%out_mem_845_load = load i32 %out_mem_845" [top_wrapper.cpp:123]   --->   Operation 1042 'load' 'out_mem_845_load' <Predicate = (icmp_ln39)> <Delay = 0.00>
ST_2 : Operation 1043 [1/1] (0.00ns)   --->   "%out_mem_844_load = load i32 %out_mem_844" [top_wrapper.cpp:123]   --->   Operation 1043 'load' 'out_mem_844_load' <Predicate = (icmp_ln39)> <Delay = 0.00>
ST_2 : Operation 1044 [1/1] (0.00ns)   --->   "%out_mem_843_load = load i32 %out_mem_843" [top_wrapper.cpp:123]   --->   Operation 1044 'load' 'out_mem_843_load' <Predicate = (icmp_ln39)> <Delay = 0.00>
ST_2 : Operation 1045 [1/1] (0.00ns)   --->   "%out_mem_842_load = load i32 %out_mem_842" [top_wrapper.cpp:123]   --->   Operation 1045 'load' 'out_mem_842_load' <Predicate = (icmp_ln39)> <Delay = 0.00>
ST_2 : Operation 1046 [1/1] (0.00ns)   --->   "%out_mem_841_load = load i32 %out_mem_841" [top_wrapper.cpp:123]   --->   Operation 1046 'load' 'out_mem_841_load' <Predicate = (icmp_ln39)> <Delay = 0.00>
ST_2 : Operation 1047 [1/1] (0.00ns)   --->   "%out_mem_840_load = load i32 %out_mem_840" [top_wrapper.cpp:123]   --->   Operation 1047 'load' 'out_mem_840_load' <Predicate = (icmp_ln39)> <Delay = 0.00>
ST_2 : Operation 1048 [1/1] (0.00ns)   --->   "%out_mem_839_load = load i32 %out_mem_839" [top_wrapper.cpp:123]   --->   Operation 1048 'load' 'out_mem_839_load' <Predicate = (icmp_ln39)> <Delay = 0.00>
ST_2 : Operation 1049 [1/1] (0.00ns)   --->   "%out_mem_838_load = load i32 %out_mem_838" [top_wrapper.cpp:123]   --->   Operation 1049 'load' 'out_mem_838_load' <Predicate = (icmp_ln39)> <Delay = 0.00>
ST_2 : Operation 1050 [1/1] (0.00ns)   --->   "%out_mem_837_load = load i32 %out_mem_837" [top_wrapper.cpp:123]   --->   Operation 1050 'load' 'out_mem_837_load' <Predicate = (icmp_ln39)> <Delay = 0.00>
ST_2 : Operation 1051 [1/1] (0.00ns)   --->   "%out_mem_836_load = load i32 %out_mem_836" [top_wrapper.cpp:123]   --->   Operation 1051 'load' 'out_mem_836_load' <Predicate = (icmp_ln39)> <Delay = 0.00>
ST_2 : Operation 1052 [1/1] (0.00ns)   --->   "%out_mem_835_load = load i32 %out_mem_835" [top_wrapper.cpp:123]   --->   Operation 1052 'load' 'out_mem_835_load' <Predicate = (icmp_ln39)> <Delay = 0.00>
ST_2 : Operation 1053 [1/1] (0.00ns)   --->   "%out_mem_834_load = load i32 %out_mem_834" [top_wrapper.cpp:123]   --->   Operation 1053 'load' 'out_mem_834_load' <Predicate = (icmp_ln39)> <Delay = 0.00>
ST_2 : Operation 1054 [1/1] (0.00ns)   --->   "%out_mem_833_load = load i32 %out_mem_833" [top_wrapper.cpp:123]   --->   Operation 1054 'load' 'out_mem_833_load' <Predicate = (icmp_ln39)> <Delay = 0.00>
ST_2 : Operation 1055 [1/1] (0.00ns)   --->   "%out_mem_832_load = load i32 %out_mem_832" [top_wrapper.cpp:123]   --->   Operation 1055 'load' 'out_mem_832_load' <Predicate = (icmp_ln39)> <Delay = 0.00>
ST_2 : Operation 1056 [1/1] (0.00ns)   --->   "%out_mem_831_load = load i32 %out_mem_831" [top_wrapper.cpp:123]   --->   Operation 1056 'load' 'out_mem_831_load' <Predicate = (icmp_ln39)> <Delay = 0.00>
ST_2 : Operation 1057 [1/1] (0.00ns)   --->   "%out_mem_830_load = load i32 %out_mem_830" [top_wrapper.cpp:123]   --->   Operation 1057 'load' 'out_mem_830_load' <Predicate = (icmp_ln39)> <Delay = 0.00>
ST_2 : Operation 1058 [1/1] (0.00ns)   --->   "%out_mem_829_load = load i32 %out_mem_829" [top_wrapper.cpp:123]   --->   Operation 1058 'load' 'out_mem_829_load' <Predicate = (icmp_ln39)> <Delay = 0.00>
ST_2 : Operation 1059 [1/1] (0.00ns)   --->   "%out_mem_828_load = load i32 %out_mem_828" [top_wrapper.cpp:123]   --->   Operation 1059 'load' 'out_mem_828_load' <Predicate = (icmp_ln39)> <Delay = 0.00>
ST_2 : Operation 1060 [1/1] (0.00ns)   --->   "%out_mem_827_load = load i32 %out_mem_827" [top_wrapper.cpp:123]   --->   Operation 1060 'load' 'out_mem_827_load' <Predicate = (icmp_ln39)> <Delay = 0.00>
ST_2 : Operation 1061 [1/1] (0.00ns)   --->   "%out_mem_826_load = load i32 %out_mem_826" [top_wrapper.cpp:123]   --->   Operation 1061 'load' 'out_mem_826_load' <Predicate = (icmp_ln39)> <Delay = 0.00>
ST_2 : Operation 1062 [1/1] (0.00ns)   --->   "%out_mem_825_load = load i32 %out_mem_825" [top_wrapper.cpp:123]   --->   Operation 1062 'load' 'out_mem_825_load' <Predicate = (icmp_ln39)> <Delay = 0.00>
ST_2 : Operation 1063 [1/1] (0.00ns)   --->   "%out_mem_824_load = load i32 %out_mem_824" [top_wrapper.cpp:123]   --->   Operation 1063 'load' 'out_mem_824_load' <Predicate = (icmp_ln39)> <Delay = 0.00>
ST_2 : Operation 1064 [1/1] (0.00ns)   --->   "%out_mem_823_load = load i32 %out_mem_823" [top_wrapper.cpp:123]   --->   Operation 1064 'load' 'out_mem_823_load' <Predicate = (icmp_ln39)> <Delay = 0.00>
ST_2 : Operation 1065 [1/1] (0.00ns)   --->   "%out_mem_822_load = load i32 %out_mem_822" [top_wrapper.cpp:123]   --->   Operation 1065 'load' 'out_mem_822_load' <Predicate = (icmp_ln39)> <Delay = 0.00>
ST_2 : Operation 1066 [1/1] (0.00ns)   --->   "%out_mem_821_load = load i32 %out_mem_821" [top_wrapper.cpp:123]   --->   Operation 1066 'load' 'out_mem_821_load' <Predicate = (icmp_ln39)> <Delay = 0.00>
ST_2 : Operation 1067 [1/1] (0.00ns)   --->   "%out_mem_820_load = load i32 %out_mem_820" [top_wrapper.cpp:123]   --->   Operation 1067 'load' 'out_mem_820_load' <Predicate = (icmp_ln39)> <Delay = 0.00>
ST_2 : Operation 1068 [1/1] (0.00ns)   --->   "%out_mem_819_load = load i32 %out_mem_819" [top_wrapper.cpp:123]   --->   Operation 1068 'load' 'out_mem_819_load' <Predicate = (icmp_ln39)> <Delay = 0.00>
ST_2 : Operation 1069 [1/1] (0.00ns)   --->   "%out_mem_818_load = load i32 %out_mem_818" [top_wrapper.cpp:123]   --->   Operation 1069 'load' 'out_mem_818_load' <Predicate = (icmp_ln39)> <Delay = 0.00>
ST_2 : Operation 1070 [1/1] (0.00ns)   --->   "%out_mem_817_load = load i32 %out_mem_817" [top_wrapper.cpp:123]   --->   Operation 1070 'load' 'out_mem_817_load' <Predicate = (icmp_ln39)> <Delay = 0.00>
ST_2 : Operation 1071 [1/1] (0.00ns)   --->   "%out_mem_816_load = load i32 %out_mem_816" [top_wrapper.cpp:123]   --->   Operation 1071 'load' 'out_mem_816_load' <Predicate = (icmp_ln39)> <Delay = 0.00>
ST_2 : Operation 1072 [1/1] (0.00ns)   --->   "%out_mem_815_load = load i32 %out_mem_815" [top_wrapper.cpp:123]   --->   Operation 1072 'load' 'out_mem_815_load' <Predicate = (icmp_ln39)> <Delay = 0.00>
ST_2 : Operation 1073 [1/1] (0.00ns)   --->   "%out_mem_814_load = load i32 %out_mem_814" [top_wrapper.cpp:123]   --->   Operation 1073 'load' 'out_mem_814_load' <Predicate = (icmp_ln39)> <Delay = 0.00>
ST_2 : Operation 1074 [1/1] (0.00ns)   --->   "%out_mem_813_load = load i32 %out_mem_813" [top_wrapper.cpp:123]   --->   Operation 1074 'load' 'out_mem_813_load' <Predicate = (icmp_ln39)> <Delay = 0.00>
ST_2 : Operation 1075 [1/1] (0.00ns)   --->   "%out_mem_812_load = load i32 %out_mem_812" [top_wrapper.cpp:123]   --->   Operation 1075 'load' 'out_mem_812_load' <Predicate = (icmp_ln39)> <Delay = 0.00>
ST_2 : Operation 1076 [1/1] (0.00ns)   --->   "%out_mem_811_load = load i32 %out_mem_811" [top_wrapper.cpp:123]   --->   Operation 1076 'load' 'out_mem_811_load' <Predicate = (icmp_ln39)> <Delay = 0.00>
ST_2 : Operation 1077 [1/1] (0.00ns)   --->   "%out_mem_810_load = load i32 %out_mem_810" [top_wrapper.cpp:123]   --->   Operation 1077 'load' 'out_mem_810_load' <Predicate = (icmp_ln39)> <Delay = 0.00>
ST_2 : Operation 1078 [1/1] (0.00ns)   --->   "%out_mem_809_load = load i32 %out_mem_809" [top_wrapper.cpp:123]   --->   Operation 1078 'load' 'out_mem_809_load' <Predicate = (icmp_ln39)> <Delay = 0.00>
ST_2 : Operation 1079 [1/1] (0.00ns)   --->   "%out_mem_808_load = load i32 %out_mem_808" [top_wrapper.cpp:123]   --->   Operation 1079 'load' 'out_mem_808_load' <Predicate = (icmp_ln39)> <Delay = 0.00>
ST_2 : Operation 1080 [1/1] (0.00ns)   --->   "%out_mem_807_load = load i32 %out_mem_807" [top_wrapper.cpp:123]   --->   Operation 1080 'load' 'out_mem_807_load' <Predicate = (icmp_ln39)> <Delay = 0.00>
ST_2 : Operation 1081 [1/1] (0.00ns)   --->   "%out_mem_806_load = load i32 %out_mem_806" [top_wrapper.cpp:123]   --->   Operation 1081 'load' 'out_mem_806_load' <Predicate = (icmp_ln39)> <Delay = 0.00>
ST_2 : Operation 1082 [1/1] (0.00ns)   --->   "%out_mem_805_load = load i32 %out_mem_805" [top_wrapper.cpp:123]   --->   Operation 1082 'load' 'out_mem_805_load' <Predicate = (icmp_ln39)> <Delay = 0.00>
ST_2 : Operation 1083 [1/1] (0.00ns)   --->   "%out_mem_804_load = load i32 %out_mem_804" [top_wrapper.cpp:123]   --->   Operation 1083 'load' 'out_mem_804_load' <Predicate = (icmp_ln39)> <Delay = 0.00>
ST_2 : Operation 1084 [1/1] (0.00ns)   --->   "%out_mem_803_load = load i32 %out_mem_803" [top_wrapper.cpp:123]   --->   Operation 1084 'load' 'out_mem_803_load' <Predicate = (icmp_ln39)> <Delay = 0.00>
ST_2 : Operation 1085 [1/1] (0.00ns)   --->   "%out_mem_802_load = load i32 %out_mem_802" [top_wrapper.cpp:123]   --->   Operation 1085 'load' 'out_mem_802_load' <Predicate = (icmp_ln39)> <Delay = 0.00>
ST_2 : Operation 1086 [1/1] (0.00ns)   --->   "%out_mem_801_load = load i32 %out_mem_801" [top_wrapper.cpp:123]   --->   Operation 1086 'load' 'out_mem_801_load' <Predicate = (icmp_ln39)> <Delay = 0.00>
ST_2 : Operation 1087 [1/1] (0.00ns)   --->   "%out_mem_800_load = load i32 %out_mem_800" [top_wrapper.cpp:123]   --->   Operation 1087 'load' 'out_mem_800_load' <Predicate = (icmp_ln39)> <Delay = 0.00>
ST_2 : Operation 1088 [1/1] (0.00ns)   --->   "%out_mem_799_load = load i32 %out_mem_799" [top_wrapper.cpp:123]   --->   Operation 1088 'load' 'out_mem_799_load' <Predicate = (icmp_ln39)> <Delay = 0.00>
ST_2 : Operation 1089 [1/1] (0.00ns)   --->   "%out_mem_798_load = load i32 %out_mem_798" [top_wrapper.cpp:123]   --->   Operation 1089 'load' 'out_mem_798_load' <Predicate = (icmp_ln39)> <Delay = 0.00>
ST_2 : Operation 1090 [1/1] (0.00ns)   --->   "%out_mem_797_load = load i32 %out_mem_797" [top_wrapper.cpp:123]   --->   Operation 1090 'load' 'out_mem_797_load' <Predicate = (icmp_ln39)> <Delay = 0.00>
ST_2 : Operation 1091 [1/1] (0.00ns)   --->   "%out_mem_796_load = load i32 %out_mem_796" [top_wrapper.cpp:123]   --->   Operation 1091 'load' 'out_mem_796_load' <Predicate = (icmp_ln39)> <Delay = 0.00>
ST_2 : Operation 1092 [1/1] (0.00ns)   --->   "%out_mem_795_load = load i32 %out_mem_795" [top_wrapper.cpp:123]   --->   Operation 1092 'load' 'out_mem_795_load' <Predicate = (icmp_ln39)> <Delay = 0.00>
ST_2 : Operation 1093 [1/1] (0.00ns)   --->   "%out_mem_794_load = load i32 %out_mem_794" [top_wrapper.cpp:123]   --->   Operation 1093 'load' 'out_mem_794_load' <Predicate = (icmp_ln39)> <Delay = 0.00>
ST_2 : Operation 1094 [1/1] (0.00ns)   --->   "%out_mem_793_load = load i32 %out_mem_793" [top_wrapper.cpp:123]   --->   Operation 1094 'load' 'out_mem_793_load' <Predicate = (icmp_ln39)> <Delay = 0.00>
ST_2 : Operation 1095 [1/1] (0.00ns)   --->   "%out_mem_792_load = load i32 %out_mem_792" [top_wrapper.cpp:123]   --->   Operation 1095 'load' 'out_mem_792_load' <Predicate = (icmp_ln39)> <Delay = 0.00>
ST_2 : Operation 1096 [1/1] (0.00ns)   --->   "%out_mem_791_load = load i32 %out_mem_791" [top_wrapper.cpp:123]   --->   Operation 1096 'load' 'out_mem_791_load' <Predicate = (icmp_ln39)> <Delay = 0.00>
ST_2 : Operation 1097 [1/1] (0.00ns)   --->   "%out_mem_790_load = load i32 %out_mem_790" [top_wrapper.cpp:123]   --->   Operation 1097 'load' 'out_mem_790_load' <Predicate = (icmp_ln39)> <Delay = 0.00>
ST_2 : Operation 1098 [1/1] (0.00ns)   --->   "%out_mem_789_load = load i32 %out_mem_789" [top_wrapper.cpp:123]   --->   Operation 1098 'load' 'out_mem_789_load' <Predicate = (icmp_ln39)> <Delay = 0.00>
ST_2 : Operation 1099 [1/1] (0.00ns)   --->   "%out_mem_788_load = load i32 %out_mem_788" [top_wrapper.cpp:123]   --->   Operation 1099 'load' 'out_mem_788_load' <Predicate = (icmp_ln39)> <Delay = 0.00>
ST_2 : Operation 1100 [1/1] (0.00ns)   --->   "%out_mem_787_load = load i32 %out_mem_787" [top_wrapper.cpp:123]   --->   Operation 1100 'load' 'out_mem_787_load' <Predicate = (icmp_ln39)> <Delay = 0.00>
ST_2 : Operation 1101 [1/1] (0.00ns)   --->   "%out_mem_786_load = load i32 %out_mem_786" [top_wrapper.cpp:123]   --->   Operation 1101 'load' 'out_mem_786_load' <Predicate = (icmp_ln39)> <Delay = 0.00>
ST_2 : Operation 1102 [1/1] (0.00ns)   --->   "%out_mem_785_load = load i32 %out_mem_785" [top_wrapper.cpp:123]   --->   Operation 1102 'load' 'out_mem_785_load' <Predicate = (icmp_ln39)> <Delay = 0.00>
ST_2 : Operation 1103 [1/1] (0.00ns)   --->   "%out_mem_784_load = load i32 %out_mem_784" [top_wrapper.cpp:123]   --->   Operation 1103 'load' 'out_mem_784_load' <Predicate = (icmp_ln39)> <Delay = 0.00>
ST_2 : Operation 1104 [1/1] (0.00ns)   --->   "%out_mem_783_load = load i32 %out_mem_783" [top_wrapper.cpp:123]   --->   Operation 1104 'load' 'out_mem_783_load' <Predicate = (icmp_ln39)> <Delay = 0.00>
ST_2 : Operation 1105 [1/1] (0.00ns)   --->   "%out_mem_782_load = load i32 %out_mem_782" [top_wrapper.cpp:123]   --->   Operation 1105 'load' 'out_mem_782_load' <Predicate = (icmp_ln39)> <Delay = 0.00>
ST_2 : Operation 1106 [1/1] (0.00ns)   --->   "%out_mem_781_load = load i32 %out_mem_781" [top_wrapper.cpp:123]   --->   Operation 1106 'load' 'out_mem_781_load' <Predicate = (icmp_ln39)> <Delay = 0.00>
ST_2 : Operation 1107 [1/1] (0.00ns)   --->   "%out_mem_780_load = load i32 %out_mem_780" [top_wrapper.cpp:123]   --->   Operation 1107 'load' 'out_mem_780_load' <Predicate = (icmp_ln39)> <Delay = 0.00>
ST_2 : Operation 1108 [1/1] (0.00ns)   --->   "%out_mem_779_load = load i32 %out_mem_779" [top_wrapper.cpp:123]   --->   Operation 1108 'load' 'out_mem_779_load' <Predicate = (icmp_ln39)> <Delay = 0.00>
ST_2 : Operation 1109 [1/1] (0.00ns)   --->   "%out_mem_778_load = load i32 %out_mem_778" [top_wrapper.cpp:123]   --->   Operation 1109 'load' 'out_mem_778_load' <Predicate = (icmp_ln39)> <Delay = 0.00>
ST_2 : Operation 1110 [1/1] (0.00ns)   --->   "%out_mem_777_load = load i32 %out_mem_777" [top_wrapper.cpp:123]   --->   Operation 1110 'load' 'out_mem_777_load' <Predicate = (icmp_ln39)> <Delay = 0.00>
ST_2 : Operation 1111 [1/1] (0.00ns)   --->   "%out_mem_776_load = load i32 %out_mem_776" [top_wrapper.cpp:123]   --->   Operation 1111 'load' 'out_mem_776_load' <Predicate = (icmp_ln39)> <Delay = 0.00>
ST_2 : Operation 1112 [1/1] (0.00ns)   --->   "%out_mem_775_load = load i32 %out_mem_775" [top_wrapper.cpp:123]   --->   Operation 1112 'load' 'out_mem_775_load' <Predicate = (icmp_ln39)> <Delay = 0.00>
ST_2 : Operation 1113 [1/1] (0.00ns)   --->   "%out_mem_774_load = load i32 %out_mem_774" [top_wrapper.cpp:123]   --->   Operation 1113 'load' 'out_mem_774_load' <Predicate = (icmp_ln39)> <Delay = 0.00>
ST_2 : Operation 1114 [1/1] (0.00ns)   --->   "%out_mem_773_load = load i32 %out_mem_773" [top_wrapper.cpp:123]   --->   Operation 1114 'load' 'out_mem_773_load' <Predicate = (icmp_ln39)> <Delay = 0.00>
ST_2 : Operation 1115 [1/1] (0.00ns)   --->   "%out_mem_772_load = load i32 %out_mem_772" [top_wrapper.cpp:123]   --->   Operation 1115 'load' 'out_mem_772_load' <Predicate = (icmp_ln39)> <Delay = 0.00>
ST_2 : Operation 1116 [1/1] (0.00ns)   --->   "%out_mem_771_load = load i32 %out_mem_771" [top_wrapper.cpp:123]   --->   Operation 1116 'load' 'out_mem_771_load' <Predicate = (icmp_ln39)> <Delay = 0.00>
ST_2 : Operation 1117 [1/1] (0.00ns)   --->   "%out_mem_770_load = load i32 %out_mem_770" [top_wrapper.cpp:123]   --->   Operation 1117 'load' 'out_mem_770_load' <Predicate = (icmp_ln39)> <Delay = 0.00>
ST_2 : Operation 1118 [1/1] (0.00ns)   --->   "%out_mem_769_load = load i32 %out_mem_769" [top_wrapper.cpp:123]   --->   Operation 1118 'load' 'out_mem_769_load' <Predicate = (icmp_ln39)> <Delay = 0.00>
ST_2 : Operation 1119 [1/1] (0.00ns)   --->   "%out_mem_768_load = load i32 %out_mem_768" [top_wrapper.cpp:123]   --->   Operation 1119 'load' 'out_mem_768_load' <Predicate = (icmp_ln39)> <Delay = 0.00>
ST_2 : Operation 1120 [1/1] (0.00ns)   --->   "%out_mem_767_load = load i32 %out_mem_767" [top_wrapper.cpp:123]   --->   Operation 1120 'load' 'out_mem_767_load' <Predicate = (icmp_ln39)> <Delay = 0.00>
ST_2 : Operation 1121 [1/1] (0.00ns)   --->   "%out_mem_766_load = load i32 %out_mem_766" [top_wrapper.cpp:123]   --->   Operation 1121 'load' 'out_mem_766_load' <Predicate = (icmp_ln39)> <Delay = 0.00>
ST_2 : Operation 1122 [1/1] (0.00ns)   --->   "%out_mem_765_load = load i32 %out_mem_765" [top_wrapper.cpp:123]   --->   Operation 1122 'load' 'out_mem_765_load' <Predicate = (icmp_ln39)> <Delay = 0.00>
ST_2 : Operation 1123 [1/1] (0.00ns)   --->   "%out_mem_764_load = load i32 %out_mem_764" [top_wrapper.cpp:123]   --->   Operation 1123 'load' 'out_mem_764_load' <Predicate = (icmp_ln39)> <Delay = 0.00>
ST_2 : Operation 1124 [1/1] (0.00ns)   --->   "%out_mem_763_load = load i32 %out_mem_763" [top_wrapper.cpp:123]   --->   Operation 1124 'load' 'out_mem_763_load' <Predicate = (icmp_ln39)> <Delay = 0.00>
ST_2 : Operation 1125 [1/1] (0.00ns)   --->   "%out_mem_762_load = load i32 %out_mem_762" [top_wrapper.cpp:123]   --->   Operation 1125 'load' 'out_mem_762_load' <Predicate = (icmp_ln39)> <Delay = 0.00>
ST_2 : Operation 1126 [1/1] (0.00ns)   --->   "%out_mem_761_load = load i32 %out_mem_761" [top_wrapper.cpp:123]   --->   Operation 1126 'load' 'out_mem_761_load' <Predicate = (icmp_ln39)> <Delay = 0.00>
ST_2 : Operation 1127 [1/1] (0.00ns)   --->   "%out_mem_760_load = load i32 %out_mem_760" [top_wrapper.cpp:123]   --->   Operation 1127 'load' 'out_mem_760_load' <Predicate = (icmp_ln39)> <Delay = 0.00>
ST_2 : Operation 1128 [1/1] (0.00ns)   --->   "%out_mem_759_load = load i32 %out_mem_759" [top_wrapper.cpp:123]   --->   Operation 1128 'load' 'out_mem_759_load' <Predicate = (icmp_ln39)> <Delay = 0.00>
ST_2 : Operation 1129 [1/1] (0.00ns)   --->   "%out_mem_758_load = load i32 %out_mem_758" [top_wrapper.cpp:123]   --->   Operation 1129 'load' 'out_mem_758_load' <Predicate = (icmp_ln39)> <Delay = 0.00>
ST_2 : Operation 1130 [1/1] (0.00ns)   --->   "%out_mem_757_load = load i32 %out_mem_757" [top_wrapper.cpp:123]   --->   Operation 1130 'load' 'out_mem_757_load' <Predicate = (icmp_ln39)> <Delay = 0.00>
ST_2 : Operation 1131 [1/1] (0.00ns)   --->   "%out_mem_756_load = load i32 %out_mem_756" [top_wrapper.cpp:123]   --->   Operation 1131 'load' 'out_mem_756_load' <Predicate = (icmp_ln39)> <Delay = 0.00>
ST_2 : Operation 1132 [1/1] (0.00ns)   --->   "%out_mem_755_load = load i32 %out_mem_755" [top_wrapper.cpp:123]   --->   Operation 1132 'load' 'out_mem_755_load' <Predicate = (icmp_ln39)> <Delay = 0.00>
ST_2 : Operation 1133 [1/1] (0.00ns)   --->   "%out_mem_754_load = load i32 %out_mem_754" [top_wrapper.cpp:123]   --->   Operation 1133 'load' 'out_mem_754_load' <Predicate = (icmp_ln39)> <Delay = 0.00>
ST_2 : Operation 1134 [1/1] (0.00ns)   --->   "%out_mem_753_load = load i32 %out_mem_753" [top_wrapper.cpp:123]   --->   Operation 1134 'load' 'out_mem_753_load' <Predicate = (icmp_ln39)> <Delay = 0.00>
ST_2 : Operation 1135 [1/1] (0.00ns)   --->   "%out_mem_752_load = load i32 %out_mem_752" [top_wrapper.cpp:123]   --->   Operation 1135 'load' 'out_mem_752_load' <Predicate = (icmp_ln39)> <Delay = 0.00>
ST_2 : Operation 1136 [1/1] (0.00ns)   --->   "%out_mem_751_load = load i32 %out_mem_751" [top_wrapper.cpp:123]   --->   Operation 1136 'load' 'out_mem_751_load' <Predicate = (icmp_ln39)> <Delay = 0.00>
ST_2 : Operation 1137 [1/1] (0.00ns)   --->   "%out_mem_750_load = load i32 %out_mem_750" [top_wrapper.cpp:123]   --->   Operation 1137 'load' 'out_mem_750_load' <Predicate = (icmp_ln39)> <Delay = 0.00>
ST_2 : Operation 1138 [1/1] (0.00ns)   --->   "%out_mem_749_load = load i32 %out_mem_749" [top_wrapper.cpp:123]   --->   Operation 1138 'load' 'out_mem_749_load' <Predicate = (icmp_ln39)> <Delay = 0.00>
ST_2 : Operation 1139 [1/1] (0.00ns)   --->   "%out_mem_748_load = load i32 %out_mem_748" [top_wrapper.cpp:123]   --->   Operation 1139 'load' 'out_mem_748_load' <Predicate = (icmp_ln39)> <Delay = 0.00>
ST_2 : Operation 1140 [1/1] (0.00ns)   --->   "%out_mem_747_load = load i32 %out_mem_747" [top_wrapper.cpp:123]   --->   Operation 1140 'load' 'out_mem_747_load' <Predicate = (icmp_ln39)> <Delay = 0.00>
ST_2 : Operation 1141 [1/1] (0.00ns)   --->   "%out_mem_746_load = load i32 %out_mem_746" [top_wrapper.cpp:123]   --->   Operation 1141 'load' 'out_mem_746_load' <Predicate = (icmp_ln39)> <Delay = 0.00>
ST_2 : Operation 1142 [1/1] (0.00ns)   --->   "%out_mem_745_load = load i32 %out_mem_745" [top_wrapper.cpp:123]   --->   Operation 1142 'load' 'out_mem_745_load' <Predicate = (icmp_ln39)> <Delay = 0.00>
ST_2 : Operation 1143 [1/1] (0.00ns)   --->   "%out_mem_744_load = load i32 %out_mem_744" [top_wrapper.cpp:123]   --->   Operation 1143 'load' 'out_mem_744_load' <Predicate = (icmp_ln39)> <Delay = 0.00>
ST_2 : Operation 1144 [1/1] (0.00ns)   --->   "%out_mem_743_load = load i32 %out_mem_743" [top_wrapper.cpp:123]   --->   Operation 1144 'load' 'out_mem_743_load' <Predicate = (icmp_ln39)> <Delay = 0.00>
ST_2 : Operation 1145 [1/1] (0.00ns)   --->   "%out_mem_742_load = load i32 %out_mem_742" [top_wrapper.cpp:123]   --->   Operation 1145 'load' 'out_mem_742_load' <Predicate = (icmp_ln39)> <Delay = 0.00>
ST_2 : Operation 1146 [1/1] (0.00ns)   --->   "%out_mem_741_load = load i32 %out_mem_741" [top_wrapper.cpp:123]   --->   Operation 1146 'load' 'out_mem_741_load' <Predicate = (icmp_ln39)> <Delay = 0.00>
ST_2 : Operation 1147 [1/1] (0.00ns)   --->   "%out_mem_740_load = load i32 %out_mem_740" [top_wrapper.cpp:123]   --->   Operation 1147 'load' 'out_mem_740_load' <Predicate = (icmp_ln39)> <Delay = 0.00>
ST_2 : Operation 1148 [1/1] (0.00ns)   --->   "%out_mem_739_load = load i32 %out_mem_739" [top_wrapper.cpp:123]   --->   Operation 1148 'load' 'out_mem_739_load' <Predicate = (icmp_ln39)> <Delay = 0.00>
ST_2 : Operation 1149 [1/1] (0.00ns)   --->   "%out_mem_738_load = load i32 %out_mem_738" [top_wrapper.cpp:123]   --->   Operation 1149 'load' 'out_mem_738_load' <Predicate = (icmp_ln39)> <Delay = 0.00>
ST_2 : Operation 1150 [1/1] (0.00ns)   --->   "%out_mem_737_load = load i32 %out_mem_737" [top_wrapper.cpp:123]   --->   Operation 1150 'load' 'out_mem_737_load' <Predicate = (icmp_ln39)> <Delay = 0.00>
ST_2 : Operation 1151 [1/1] (0.00ns)   --->   "%out_mem_736_load = load i32 %out_mem_736" [top_wrapper.cpp:123]   --->   Operation 1151 'load' 'out_mem_736_load' <Predicate = (icmp_ln39)> <Delay = 0.00>
ST_2 : Operation 1152 [1/1] (0.00ns)   --->   "%out_mem_735_load = load i32 %out_mem_735" [top_wrapper.cpp:123]   --->   Operation 1152 'load' 'out_mem_735_load' <Predicate = (icmp_ln39)> <Delay = 0.00>
ST_2 : Operation 1153 [1/1] (0.00ns)   --->   "%out_mem_734_load = load i32 %out_mem_734" [top_wrapper.cpp:123]   --->   Operation 1153 'load' 'out_mem_734_load' <Predicate = (icmp_ln39)> <Delay = 0.00>
ST_2 : Operation 1154 [1/1] (0.00ns)   --->   "%out_mem_733_load = load i32 %out_mem_733" [top_wrapper.cpp:123]   --->   Operation 1154 'load' 'out_mem_733_load' <Predicate = (icmp_ln39)> <Delay = 0.00>
ST_2 : Operation 1155 [1/1] (0.00ns)   --->   "%out_mem_732_load = load i32 %out_mem_732" [top_wrapper.cpp:123]   --->   Operation 1155 'load' 'out_mem_732_load' <Predicate = (icmp_ln39)> <Delay = 0.00>
ST_2 : Operation 1156 [1/1] (0.00ns)   --->   "%out_mem_731_load = load i32 %out_mem_731" [top_wrapper.cpp:123]   --->   Operation 1156 'load' 'out_mem_731_load' <Predicate = (icmp_ln39)> <Delay = 0.00>
ST_2 : Operation 1157 [1/1] (0.00ns)   --->   "%out_mem_730_load = load i32 %out_mem_730" [top_wrapper.cpp:123]   --->   Operation 1157 'load' 'out_mem_730_load' <Predicate = (icmp_ln39)> <Delay = 0.00>
ST_2 : Operation 1158 [1/1] (0.00ns)   --->   "%out_mem_729_load = load i32 %out_mem_729" [top_wrapper.cpp:123]   --->   Operation 1158 'load' 'out_mem_729_load' <Predicate = (icmp_ln39)> <Delay = 0.00>
ST_2 : Operation 1159 [1/1] (0.00ns)   --->   "%out_mem_728_load = load i32 %out_mem_728" [top_wrapper.cpp:123]   --->   Operation 1159 'load' 'out_mem_728_load' <Predicate = (icmp_ln39)> <Delay = 0.00>
ST_2 : Operation 1160 [1/1] (0.00ns)   --->   "%out_mem_727_load = load i32 %out_mem_727" [top_wrapper.cpp:123]   --->   Operation 1160 'load' 'out_mem_727_load' <Predicate = (icmp_ln39)> <Delay = 0.00>
ST_2 : Operation 1161 [1/1] (0.00ns)   --->   "%out_mem_726_load = load i32 %out_mem_726" [top_wrapper.cpp:123]   --->   Operation 1161 'load' 'out_mem_726_load' <Predicate = (icmp_ln39)> <Delay = 0.00>
ST_2 : Operation 1162 [1/1] (0.00ns)   --->   "%out_mem_725_load = load i32 %out_mem_725" [top_wrapper.cpp:123]   --->   Operation 1162 'load' 'out_mem_725_load' <Predicate = (icmp_ln39)> <Delay = 0.00>
ST_2 : Operation 1163 [1/1] (0.00ns)   --->   "%out_mem_724_load = load i32 %out_mem_724" [top_wrapper.cpp:123]   --->   Operation 1163 'load' 'out_mem_724_load' <Predicate = (icmp_ln39)> <Delay = 0.00>
ST_2 : Operation 1164 [1/1] (0.00ns)   --->   "%out_mem_723_load = load i32 %out_mem_723" [top_wrapper.cpp:123]   --->   Operation 1164 'load' 'out_mem_723_load' <Predicate = (icmp_ln39)> <Delay = 0.00>
ST_2 : Operation 1165 [1/1] (0.00ns)   --->   "%out_mem_722_load = load i32 %out_mem_722" [top_wrapper.cpp:123]   --->   Operation 1165 'load' 'out_mem_722_load' <Predicate = (icmp_ln39)> <Delay = 0.00>
ST_2 : Operation 1166 [1/1] (0.00ns)   --->   "%out_mem_721_load = load i32 %out_mem_721" [top_wrapper.cpp:123]   --->   Operation 1166 'load' 'out_mem_721_load' <Predicate = (icmp_ln39)> <Delay = 0.00>
ST_2 : Operation 1167 [1/1] (0.00ns)   --->   "%out_mem_720_load = load i32 %out_mem_720" [top_wrapper.cpp:123]   --->   Operation 1167 'load' 'out_mem_720_load' <Predicate = (icmp_ln39)> <Delay = 0.00>
ST_2 : Operation 1168 [1/1] (0.00ns)   --->   "%out_mem_719_load = load i32 %out_mem_719" [top_wrapper.cpp:123]   --->   Operation 1168 'load' 'out_mem_719_load' <Predicate = (icmp_ln39)> <Delay = 0.00>
ST_2 : Operation 1169 [1/1] (0.00ns)   --->   "%out_mem_718_load = load i32 %out_mem_718" [top_wrapper.cpp:123]   --->   Operation 1169 'load' 'out_mem_718_load' <Predicate = (icmp_ln39)> <Delay = 0.00>
ST_2 : Operation 1170 [1/1] (0.00ns)   --->   "%out_mem_717_load = load i32 %out_mem_717" [top_wrapper.cpp:123]   --->   Operation 1170 'load' 'out_mem_717_load' <Predicate = (icmp_ln39)> <Delay = 0.00>
ST_2 : Operation 1171 [1/1] (0.00ns)   --->   "%out_mem_716_load = load i32 %out_mem_716" [top_wrapper.cpp:123]   --->   Operation 1171 'load' 'out_mem_716_load' <Predicate = (icmp_ln39)> <Delay = 0.00>
ST_2 : Operation 1172 [1/1] (0.00ns)   --->   "%out_mem_715_load = load i32 %out_mem_715" [top_wrapper.cpp:123]   --->   Operation 1172 'load' 'out_mem_715_load' <Predicate = (icmp_ln39)> <Delay = 0.00>
ST_2 : Operation 1173 [1/1] (0.00ns)   --->   "%out_mem_714_load = load i32 %out_mem_714" [top_wrapper.cpp:123]   --->   Operation 1173 'load' 'out_mem_714_load' <Predicate = (icmp_ln39)> <Delay = 0.00>
ST_2 : Operation 1174 [1/1] (0.00ns)   --->   "%out_mem_713_load = load i32 %out_mem_713" [top_wrapper.cpp:123]   --->   Operation 1174 'load' 'out_mem_713_load' <Predicate = (icmp_ln39)> <Delay = 0.00>
ST_2 : Operation 1175 [1/1] (0.00ns)   --->   "%out_mem_712_load = load i32 %out_mem_712" [top_wrapper.cpp:123]   --->   Operation 1175 'load' 'out_mem_712_load' <Predicate = (icmp_ln39)> <Delay = 0.00>
ST_2 : Operation 1176 [1/1] (0.00ns)   --->   "%out_mem_711_load = load i32 %out_mem_711" [top_wrapper.cpp:123]   --->   Operation 1176 'load' 'out_mem_711_load' <Predicate = (icmp_ln39)> <Delay = 0.00>
ST_2 : Operation 1177 [1/1] (0.00ns)   --->   "%out_mem_710_load = load i32 %out_mem_710" [top_wrapper.cpp:123]   --->   Operation 1177 'load' 'out_mem_710_load' <Predicate = (icmp_ln39)> <Delay = 0.00>
ST_2 : Operation 1178 [1/1] (0.00ns)   --->   "%out_mem_709_load = load i32 %out_mem_709" [top_wrapper.cpp:123]   --->   Operation 1178 'load' 'out_mem_709_load' <Predicate = (icmp_ln39)> <Delay = 0.00>
ST_2 : Operation 1179 [1/1] (0.00ns)   --->   "%out_mem_708_load = load i32 %out_mem_708" [top_wrapper.cpp:123]   --->   Operation 1179 'load' 'out_mem_708_load' <Predicate = (icmp_ln39)> <Delay = 0.00>
ST_2 : Operation 1180 [1/1] (0.00ns)   --->   "%out_mem_707_load = load i32 %out_mem_707" [top_wrapper.cpp:123]   --->   Operation 1180 'load' 'out_mem_707_load' <Predicate = (icmp_ln39)> <Delay = 0.00>
ST_2 : Operation 1181 [1/1] (0.00ns)   --->   "%out_mem_706_load = load i32 %out_mem_706" [top_wrapper.cpp:123]   --->   Operation 1181 'load' 'out_mem_706_load' <Predicate = (icmp_ln39)> <Delay = 0.00>
ST_2 : Operation 1182 [1/1] (0.00ns)   --->   "%out_mem_705_load = load i32 %out_mem_705" [top_wrapper.cpp:123]   --->   Operation 1182 'load' 'out_mem_705_load' <Predicate = (icmp_ln39)> <Delay = 0.00>
ST_2 : Operation 1183 [1/1] (0.00ns)   --->   "%out_mem_704_load = load i32 %out_mem_704" [top_wrapper.cpp:123]   --->   Operation 1183 'load' 'out_mem_704_load' <Predicate = (icmp_ln39)> <Delay = 0.00>
ST_2 : Operation 1184 [1/1] (0.00ns)   --->   "%out_mem_703_load = load i32 %out_mem_703" [top_wrapper.cpp:123]   --->   Operation 1184 'load' 'out_mem_703_load' <Predicate = (icmp_ln39)> <Delay = 0.00>
ST_2 : Operation 1185 [1/1] (0.00ns)   --->   "%out_mem_702_load = load i32 %out_mem_702" [top_wrapper.cpp:123]   --->   Operation 1185 'load' 'out_mem_702_load' <Predicate = (icmp_ln39)> <Delay = 0.00>
ST_2 : Operation 1186 [1/1] (0.00ns)   --->   "%out_mem_701_load = load i32 %out_mem_701" [top_wrapper.cpp:123]   --->   Operation 1186 'load' 'out_mem_701_load' <Predicate = (icmp_ln39)> <Delay = 0.00>
ST_2 : Operation 1187 [1/1] (0.00ns)   --->   "%out_mem_700_load = load i32 %out_mem_700" [top_wrapper.cpp:123]   --->   Operation 1187 'load' 'out_mem_700_load' <Predicate = (icmp_ln39)> <Delay = 0.00>
ST_2 : Operation 1188 [1/1] (0.00ns)   --->   "%out_mem_699_load = load i32 %out_mem_699" [top_wrapper.cpp:123]   --->   Operation 1188 'load' 'out_mem_699_load' <Predicate = (icmp_ln39)> <Delay = 0.00>
ST_2 : Operation 1189 [1/1] (0.00ns)   --->   "%out_mem_698_load = load i32 %out_mem_698" [top_wrapper.cpp:123]   --->   Operation 1189 'load' 'out_mem_698_load' <Predicate = (icmp_ln39)> <Delay = 0.00>
ST_2 : Operation 1190 [1/1] (0.00ns)   --->   "%out_mem_697_load = load i32 %out_mem_697" [top_wrapper.cpp:123]   --->   Operation 1190 'load' 'out_mem_697_load' <Predicate = (icmp_ln39)> <Delay = 0.00>
ST_2 : Operation 1191 [1/1] (0.00ns)   --->   "%out_mem_696_load = load i32 %out_mem_696" [top_wrapper.cpp:123]   --->   Operation 1191 'load' 'out_mem_696_load' <Predicate = (icmp_ln39)> <Delay = 0.00>
ST_2 : Operation 1192 [1/1] (0.00ns)   --->   "%out_mem_695_load = load i32 %out_mem_695" [top_wrapper.cpp:123]   --->   Operation 1192 'load' 'out_mem_695_load' <Predicate = (icmp_ln39)> <Delay = 0.00>
ST_2 : Operation 1193 [1/1] (0.00ns)   --->   "%out_mem_694_load = load i32 %out_mem_694" [top_wrapper.cpp:123]   --->   Operation 1193 'load' 'out_mem_694_load' <Predicate = (icmp_ln39)> <Delay = 0.00>
ST_2 : Operation 1194 [1/1] (0.00ns)   --->   "%out_mem_693_load = load i32 %out_mem_693" [top_wrapper.cpp:123]   --->   Operation 1194 'load' 'out_mem_693_load' <Predicate = (icmp_ln39)> <Delay = 0.00>
ST_2 : Operation 1195 [1/1] (0.00ns)   --->   "%out_mem_692_load = load i32 %out_mem_692" [top_wrapper.cpp:123]   --->   Operation 1195 'load' 'out_mem_692_load' <Predicate = (icmp_ln39)> <Delay = 0.00>
ST_2 : Operation 1196 [1/1] (0.00ns)   --->   "%out_mem_691_load = load i32 %out_mem_691" [top_wrapper.cpp:123]   --->   Operation 1196 'load' 'out_mem_691_load' <Predicate = (icmp_ln39)> <Delay = 0.00>
ST_2 : Operation 1197 [1/1] (0.00ns)   --->   "%out_mem_690_load = load i32 %out_mem_690" [top_wrapper.cpp:123]   --->   Operation 1197 'load' 'out_mem_690_load' <Predicate = (icmp_ln39)> <Delay = 0.00>
ST_2 : Operation 1198 [1/1] (0.00ns)   --->   "%out_mem_689_load = load i32 %out_mem_689" [top_wrapper.cpp:123]   --->   Operation 1198 'load' 'out_mem_689_load' <Predicate = (icmp_ln39)> <Delay = 0.00>
ST_2 : Operation 1199 [1/1] (0.00ns)   --->   "%out_mem_688_load = load i32 %out_mem_688" [top_wrapper.cpp:123]   --->   Operation 1199 'load' 'out_mem_688_load' <Predicate = (icmp_ln39)> <Delay = 0.00>
ST_2 : Operation 1200 [1/1] (0.00ns)   --->   "%out_mem_687_load = load i32 %out_mem_687" [top_wrapper.cpp:123]   --->   Operation 1200 'load' 'out_mem_687_load' <Predicate = (icmp_ln39)> <Delay = 0.00>
ST_2 : Operation 1201 [1/1] (0.00ns)   --->   "%out_mem_686_load = load i32 %out_mem_686" [top_wrapper.cpp:123]   --->   Operation 1201 'load' 'out_mem_686_load' <Predicate = (icmp_ln39)> <Delay = 0.00>
ST_2 : Operation 1202 [1/1] (0.00ns)   --->   "%out_mem_685_load = load i32 %out_mem_685" [top_wrapper.cpp:123]   --->   Operation 1202 'load' 'out_mem_685_load' <Predicate = (icmp_ln39)> <Delay = 0.00>
ST_2 : Operation 1203 [1/1] (0.00ns)   --->   "%out_mem_684_load = load i32 %out_mem_684" [top_wrapper.cpp:123]   --->   Operation 1203 'load' 'out_mem_684_load' <Predicate = (icmp_ln39)> <Delay = 0.00>
ST_2 : Operation 1204 [1/1] (0.00ns)   --->   "%out_mem_683_load = load i32 %out_mem_683" [top_wrapper.cpp:123]   --->   Operation 1204 'load' 'out_mem_683_load' <Predicate = (icmp_ln39)> <Delay = 0.00>
ST_2 : Operation 1205 [1/1] (0.00ns)   --->   "%out_mem_682_load = load i32 %out_mem_682" [top_wrapper.cpp:123]   --->   Operation 1205 'load' 'out_mem_682_load' <Predicate = (icmp_ln39)> <Delay = 0.00>
ST_2 : Operation 1206 [1/1] (0.00ns)   --->   "%out_mem_681_load = load i32 %out_mem_681" [top_wrapper.cpp:123]   --->   Operation 1206 'load' 'out_mem_681_load' <Predicate = (icmp_ln39)> <Delay = 0.00>
ST_2 : Operation 1207 [1/1] (0.00ns)   --->   "%out_mem_680_load = load i32 %out_mem_680" [top_wrapper.cpp:123]   --->   Operation 1207 'load' 'out_mem_680_load' <Predicate = (icmp_ln39)> <Delay = 0.00>
ST_2 : Operation 1208 [1/1] (0.00ns)   --->   "%out_mem_679_load = load i32 %out_mem_679" [top_wrapper.cpp:123]   --->   Operation 1208 'load' 'out_mem_679_load' <Predicate = (icmp_ln39)> <Delay = 0.00>
ST_2 : Operation 1209 [1/1] (0.00ns)   --->   "%out_mem_678_load = load i32 %out_mem_678" [top_wrapper.cpp:123]   --->   Operation 1209 'load' 'out_mem_678_load' <Predicate = (icmp_ln39)> <Delay = 0.00>
ST_2 : Operation 1210 [1/1] (0.00ns)   --->   "%out_mem_677_load = load i32 %out_mem_677" [top_wrapper.cpp:123]   --->   Operation 1210 'load' 'out_mem_677_load' <Predicate = (icmp_ln39)> <Delay = 0.00>
ST_2 : Operation 1211 [1/1] (0.00ns)   --->   "%out_mem_676_load = load i32 %out_mem_676" [top_wrapper.cpp:123]   --->   Operation 1211 'load' 'out_mem_676_load' <Predicate = (icmp_ln39)> <Delay = 0.00>
ST_2 : Operation 1212 [1/1] (0.00ns)   --->   "%out_mem_675_load = load i32 %out_mem_675" [top_wrapper.cpp:123]   --->   Operation 1212 'load' 'out_mem_675_load' <Predicate = (icmp_ln39)> <Delay = 0.00>
ST_2 : Operation 1213 [1/1] (0.00ns)   --->   "%out_mem_674_load = load i32 %out_mem_674" [top_wrapper.cpp:123]   --->   Operation 1213 'load' 'out_mem_674_load' <Predicate = (icmp_ln39)> <Delay = 0.00>
ST_2 : Operation 1214 [1/1] (0.00ns)   --->   "%out_mem_673_load = load i32 %out_mem_673" [top_wrapper.cpp:123]   --->   Operation 1214 'load' 'out_mem_673_load' <Predicate = (icmp_ln39)> <Delay = 0.00>
ST_2 : Operation 1215 [1/1] (0.00ns)   --->   "%out_mem_672_load = load i32 %out_mem_672" [top_wrapper.cpp:123]   --->   Operation 1215 'load' 'out_mem_672_load' <Predicate = (icmp_ln39)> <Delay = 0.00>
ST_2 : Operation 1216 [1/1] (0.00ns)   --->   "%out_mem_671_load = load i32 %out_mem_671" [top_wrapper.cpp:123]   --->   Operation 1216 'load' 'out_mem_671_load' <Predicate = (icmp_ln39)> <Delay = 0.00>
ST_2 : Operation 1217 [1/1] (0.00ns)   --->   "%out_mem_670_load = load i32 %out_mem_670" [top_wrapper.cpp:123]   --->   Operation 1217 'load' 'out_mem_670_load' <Predicate = (icmp_ln39)> <Delay = 0.00>
ST_2 : Operation 1218 [1/1] (0.00ns)   --->   "%out_mem_669_load = load i32 %out_mem_669" [top_wrapper.cpp:123]   --->   Operation 1218 'load' 'out_mem_669_load' <Predicate = (icmp_ln39)> <Delay = 0.00>
ST_2 : Operation 1219 [1/1] (0.00ns)   --->   "%out_mem_668_load = load i32 %out_mem_668" [top_wrapper.cpp:123]   --->   Operation 1219 'load' 'out_mem_668_load' <Predicate = (icmp_ln39)> <Delay = 0.00>
ST_2 : Operation 1220 [1/1] (0.00ns)   --->   "%out_mem_667_load = load i32 %out_mem_667" [top_wrapper.cpp:123]   --->   Operation 1220 'load' 'out_mem_667_load' <Predicate = (icmp_ln39)> <Delay = 0.00>
ST_2 : Operation 1221 [1/1] (0.00ns)   --->   "%out_mem_666_load = load i32 %out_mem_666" [top_wrapper.cpp:123]   --->   Operation 1221 'load' 'out_mem_666_load' <Predicate = (icmp_ln39)> <Delay = 0.00>
ST_2 : Operation 1222 [1/1] (0.00ns)   --->   "%out_mem_665_load = load i32 %out_mem_665" [top_wrapper.cpp:123]   --->   Operation 1222 'load' 'out_mem_665_load' <Predicate = (icmp_ln39)> <Delay = 0.00>
ST_2 : Operation 1223 [1/1] (0.00ns)   --->   "%out_mem_664_load = load i32 %out_mem_664" [top_wrapper.cpp:123]   --->   Operation 1223 'load' 'out_mem_664_load' <Predicate = (icmp_ln39)> <Delay = 0.00>
ST_2 : Operation 1224 [1/1] (0.00ns)   --->   "%out_mem_663_load = load i32 %out_mem_663" [top_wrapper.cpp:123]   --->   Operation 1224 'load' 'out_mem_663_load' <Predicate = (icmp_ln39)> <Delay = 0.00>
ST_2 : Operation 1225 [1/1] (0.00ns)   --->   "%out_mem_662_load = load i32 %out_mem_662" [top_wrapper.cpp:123]   --->   Operation 1225 'load' 'out_mem_662_load' <Predicate = (icmp_ln39)> <Delay = 0.00>
ST_2 : Operation 1226 [1/1] (0.00ns)   --->   "%out_mem_661_load = load i32 %out_mem_661" [top_wrapper.cpp:123]   --->   Operation 1226 'load' 'out_mem_661_load' <Predicate = (icmp_ln39)> <Delay = 0.00>
ST_2 : Operation 1227 [1/1] (0.00ns)   --->   "%out_mem_660_load = load i32 %out_mem_660" [top_wrapper.cpp:123]   --->   Operation 1227 'load' 'out_mem_660_load' <Predicate = (icmp_ln39)> <Delay = 0.00>
ST_2 : Operation 1228 [1/1] (0.00ns)   --->   "%out_mem_659_load = load i32 %out_mem_659" [top_wrapper.cpp:123]   --->   Operation 1228 'load' 'out_mem_659_load' <Predicate = (icmp_ln39)> <Delay = 0.00>
ST_2 : Operation 1229 [1/1] (0.00ns)   --->   "%out_mem_658_load = load i32 %out_mem_658" [top_wrapper.cpp:123]   --->   Operation 1229 'load' 'out_mem_658_load' <Predicate = (icmp_ln39)> <Delay = 0.00>
ST_2 : Operation 1230 [1/1] (0.00ns)   --->   "%out_mem_657_load = load i32 %out_mem_657" [top_wrapper.cpp:123]   --->   Operation 1230 'load' 'out_mem_657_load' <Predicate = (icmp_ln39)> <Delay = 0.00>
ST_2 : Operation 1231 [1/1] (0.00ns)   --->   "%out_mem_656_load = load i32 %out_mem_656" [top_wrapper.cpp:123]   --->   Operation 1231 'load' 'out_mem_656_load' <Predicate = (icmp_ln39)> <Delay = 0.00>
ST_2 : Operation 1232 [1/1] (0.00ns)   --->   "%out_mem_655_load = load i32 %out_mem_655" [top_wrapper.cpp:123]   --->   Operation 1232 'load' 'out_mem_655_load' <Predicate = (icmp_ln39)> <Delay = 0.00>
ST_2 : Operation 1233 [1/1] (0.00ns)   --->   "%out_mem_654_load = load i32 %out_mem_654" [top_wrapper.cpp:123]   --->   Operation 1233 'load' 'out_mem_654_load' <Predicate = (icmp_ln39)> <Delay = 0.00>
ST_2 : Operation 1234 [1/1] (0.00ns)   --->   "%out_mem_653_load = load i32 %out_mem_653" [top_wrapper.cpp:123]   --->   Operation 1234 'load' 'out_mem_653_load' <Predicate = (icmp_ln39)> <Delay = 0.00>
ST_2 : Operation 1235 [1/1] (0.00ns)   --->   "%out_mem_652_load = load i32 %out_mem_652" [top_wrapper.cpp:123]   --->   Operation 1235 'load' 'out_mem_652_load' <Predicate = (icmp_ln39)> <Delay = 0.00>
ST_2 : Operation 1236 [1/1] (0.00ns)   --->   "%out_mem_651_load = load i32 %out_mem_651" [top_wrapper.cpp:123]   --->   Operation 1236 'load' 'out_mem_651_load' <Predicate = (icmp_ln39)> <Delay = 0.00>
ST_2 : Operation 1237 [1/1] (0.00ns)   --->   "%out_mem_650_load = load i32 %out_mem_650" [top_wrapper.cpp:123]   --->   Operation 1237 'load' 'out_mem_650_load' <Predicate = (icmp_ln39)> <Delay = 0.00>
ST_2 : Operation 1238 [1/1] (0.00ns)   --->   "%out_mem_649_load = load i32 %out_mem_649" [top_wrapper.cpp:123]   --->   Operation 1238 'load' 'out_mem_649_load' <Predicate = (icmp_ln39)> <Delay = 0.00>
ST_2 : Operation 1239 [1/1] (0.00ns)   --->   "%out_mem_648_load = load i32 %out_mem_648" [top_wrapper.cpp:123]   --->   Operation 1239 'load' 'out_mem_648_load' <Predicate = (icmp_ln39)> <Delay = 0.00>
ST_2 : Operation 1240 [1/1] (0.00ns)   --->   "%out_mem_647_load = load i32 %out_mem_647" [top_wrapper.cpp:123]   --->   Operation 1240 'load' 'out_mem_647_load' <Predicate = (icmp_ln39)> <Delay = 0.00>
ST_2 : Operation 1241 [1/1] (0.00ns)   --->   "%out_mem_646_load = load i32 %out_mem_646" [top_wrapper.cpp:123]   --->   Operation 1241 'load' 'out_mem_646_load' <Predicate = (icmp_ln39)> <Delay = 0.00>
ST_2 : Operation 1242 [1/1] (0.00ns)   --->   "%out_mem_645_load = load i32 %out_mem_645" [top_wrapper.cpp:123]   --->   Operation 1242 'load' 'out_mem_645_load' <Predicate = (icmp_ln39)> <Delay = 0.00>
ST_2 : Operation 1243 [1/1] (0.00ns)   --->   "%out_mem_644_load = load i32 %out_mem_644" [top_wrapper.cpp:123]   --->   Operation 1243 'load' 'out_mem_644_load' <Predicate = (icmp_ln39)> <Delay = 0.00>
ST_2 : Operation 1244 [1/1] (0.00ns)   --->   "%out_mem_643_load = load i32 %out_mem_643" [top_wrapper.cpp:123]   --->   Operation 1244 'load' 'out_mem_643_load' <Predicate = (icmp_ln39)> <Delay = 0.00>
ST_2 : Operation 1245 [1/1] (0.00ns)   --->   "%out_mem_642_load = load i32 %out_mem_642" [top_wrapper.cpp:123]   --->   Operation 1245 'load' 'out_mem_642_load' <Predicate = (icmp_ln39)> <Delay = 0.00>
ST_2 : Operation 1246 [1/1] (0.00ns)   --->   "%out_mem_641_load = load i32 %out_mem_641" [top_wrapper.cpp:123]   --->   Operation 1246 'load' 'out_mem_641_load' <Predicate = (icmp_ln39)> <Delay = 0.00>
ST_2 : Operation 1247 [1/1] (0.00ns)   --->   "%out_mem_640_load = load i32 %out_mem_640" [top_wrapper.cpp:123]   --->   Operation 1247 'load' 'out_mem_640_load' <Predicate = (icmp_ln39)> <Delay = 0.00>
ST_2 : Operation 1248 [1/1] (0.00ns)   --->   "%out_mem_639_load = load i32 %out_mem_639" [top_wrapper.cpp:123]   --->   Operation 1248 'load' 'out_mem_639_load' <Predicate = (icmp_ln39)> <Delay = 0.00>
ST_2 : Operation 1249 [1/1] (0.00ns)   --->   "%out_mem_638_load = load i32 %out_mem_638" [top_wrapper.cpp:123]   --->   Operation 1249 'load' 'out_mem_638_load' <Predicate = (icmp_ln39)> <Delay = 0.00>
ST_2 : Operation 1250 [1/1] (0.00ns)   --->   "%out_mem_637_load = load i32 %out_mem_637" [top_wrapper.cpp:123]   --->   Operation 1250 'load' 'out_mem_637_load' <Predicate = (icmp_ln39)> <Delay = 0.00>
ST_2 : Operation 1251 [1/1] (0.00ns)   --->   "%out_mem_636_load = load i32 %out_mem_636" [top_wrapper.cpp:123]   --->   Operation 1251 'load' 'out_mem_636_load' <Predicate = (icmp_ln39)> <Delay = 0.00>
ST_2 : Operation 1252 [1/1] (0.00ns)   --->   "%out_mem_635_load = load i32 %out_mem_635" [top_wrapper.cpp:123]   --->   Operation 1252 'load' 'out_mem_635_load' <Predicate = (icmp_ln39)> <Delay = 0.00>
ST_2 : Operation 1253 [1/1] (0.00ns)   --->   "%out_mem_634_load = load i32 %out_mem_634" [top_wrapper.cpp:123]   --->   Operation 1253 'load' 'out_mem_634_load' <Predicate = (icmp_ln39)> <Delay = 0.00>
ST_2 : Operation 1254 [1/1] (0.00ns)   --->   "%out_mem_633_load = load i32 %out_mem_633" [top_wrapper.cpp:123]   --->   Operation 1254 'load' 'out_mem_633_load' <Predicate = (icmp_ln39)> <Delay = 0.00>
ST_2 : Operation 1255 [1/1] (0.00ns)   --->   "%out_mem_632_load = load i32 %out_mem_632" [top_wrapper.cpp:123]   --->   Operation 1255 'load' 'out_mem_632_load' <Predicate = (icmp_ln39)> <Delay = 0.00>
ST_2 : Operation 1256 [1/1] (0.00ns)   --->   "%out_mem_631_load = load i32 %out_mem_631" [top_wrapper.cpp:123]   --->   Operation 1256 'load' 'out_mem_631_load' <Predicate = (icmp_ln39)> <Delay = 0.00>
ST_2 : Operation 1257 [1/1] (0.00ns)   --->   "%out_mem_630_load = load i32 %out_mem_630" [top_wrapper.cpp:123]   --->   Operation 1257 'load' 'out_mem_630_load' <Predicate = (icmp_ln39)> <Delay = 0.00>
ST_2 : Operation 1258 [1/1] (0.00ns)   --->   "%out_mem_629_load = load i32 %out_mem_629" [top_wrapper.cpp:123]   --->   Operation 1258 'load' 'out_mem_629_load' <Predicate = (icmp_ln39)> <Delay = 0.00>
ST_2 : Operation 1259 [1/1] (0.00ns)   --->   "%out_mem_628_load = load i32 %out_mem_628" [top_wrapper.cpp:123]   --->   Operation 1259 'load' 'out_mem_628_load' <Predicate = (icmp_ln39)> <Delay = 0.00>
ST_2 : Operation 1260 [1/1] (0.00ns)   --->   "%out_mem_627_load = load i32 %out_mem_627" [top_wrapper.cpp:123]   --->   Operation 1260 'load' 'out_mem_627_load' <Predicate = (icmp_ln39)> <Delay = 0.00>
ST_2 : Operation 1261 [1/1] (0.00ns)   --->   "%out_mem_626_load = load i32 %out_mem_626" [top_wrapper.cpp:123]   --->   Operation 1261 'load' 'out_mem_626_load' <Predicate = (icmp_ln39)> <Delay = 0.00>
ST_2 : Operation 1262 [1/1] (0.00ns)   --->   "%out_mem_625_load = load i32 %out_mem_625" [top_wrapper.cpp:123]   --->   Operation 1262 'load' 'out_mem_625_load' <Predicate = (icmp_ln39)> <Delay = 0.00>
ST_2 : Operation 1263 [1/1] (0.00ns)   --->   "%out_mem_624_load = load i32 %out_mem_624" [top_wrapper.cpp:123]   --->   Operation 1263 'load' 'out_mem_624_load' <Predicate = (icmp_ln39)> <Delay = 0.00>
ST_2 : Operation 1264 [1/1] (0.00ns)   --->   "%out_mem_623_load = load i32 %out_mem_623" [top_wrapper.cpp:123]   --->   Operation 1264 'load' 'out_mem_623_load' <Predicate = (icmp_ln39)> <Delay = 0.00>
ST_2 : Operation 1265 [1/1] (0.00ns)   --->   "%out_mem_622_load = load i32 %out_mem_622" [top_wrapper.cpp:123]   --->   Operation 1265 'load' 'out_mem_622_load' <Predicate = (icmp_ln39)> <Delay = 0.00>
ST_2 : Operation 1266 [1/1] (0.00ns)   --->   "%out_mem_621_load = load i32 %out_mem_621" [top_wrapper.cpp:123]   --->   Operation 1266 'load' 'out_mem_621_load' <Predicate = (icmp_ln39)> <Delay = 0.00>
ST_2 : Operation 1267 [1/1] (0.00ns)   --->   "%out_mem_620_load = load i32 %out_mem_620" [top_wrapper.cpp:123]   --->   Operation 1267 'load' 'out_mem_620_load' <Predicate = (icmp_ln39)> <Delay = 0.00>
ST_2 : Operation 1268 [1/1] (0.00ns)   --->   "%out_mem_619_load = load i32 %out_mem_619" [top_wrapper.cpp:123]   --->   Operation 1268 'load' 'out_mem_619_load' <Predicate = (icmp_ln39)> <Delay = 0.00>
ST_2 : Operation 1269 [1/1] (0.00ns)   --->   "%out_mem_618_load = load i32 %out_mem_618" [top_wrapper.cpp:123]   --->   Operation 1269 'load' 'out_mem_618_load' <Predicate = (icmp_ln39)> <Delay = 0.00>
ST_2 : Operation 1270 [1/1] (0.00ns)   --->   "%out_mem_617_load = load i32 %out_mem_617" [top_wrapper.cpp:123]   --->   Operation 1270 'load' 'out_mem_617_load' <Predicate = (icmp_ln39)> <Delay = 0.00>
ST_2 : Operation 1271 [1/1] (0.00ns)   --->   "%out_mem_616_load = load i32 %out_mem_616" [top_wrapper.cpp:123]   --->   Operation 1271 'load' 'out_mem_616_load' <Predicate = (icmp_ln39)> <Delay = 0.00>
ST_2 : Operation 1272 [1/1] (0.00ns)   --->   "%out_mem_615_load = load i32 %out_mem_615" [top_wrapper.cpp:123]   --->   Operation 1272 'load' 'out_mem_615_load' <Predicate = (icmp_ln39)> <Delay = 0.00>
ST_2 : Operation 1273 [1/1] (0.00ns)   --->   "%out_mem_614_load = load i32 %out_mem_614" [top_wrapper.cpp:123]   --->   Operation 1273 'load' 'out_mem_614_load' <Predicate = (icmp_ln39)> <Delay = 0.00>
ST_2 : Operation 1274 [1/1] (0.00ns)   --->   "%out_mem_613_load = load i32 %out_mem_613" [top_wrapper.cpp:123]   --->   Operation 1274 'load' 'out_mem_613_load' <Predicate = (icmp_ln39)> <Delay = 0.00>
ST_2 : Operation 1275 [1/1] (0.00ns)   --->   "%out_mem_612_load = load i32 %out_mem_612" [top_wrapper.cpp:123]   --->   Operation 1275 'load' 'out_mem_612_load' <Predicate = (icmp_ln39)> <Delay = 0.00>
ST_2 : Operation 1276 [1/1] (0.00ns)   --->   "%out_mem_611_load = load i32 %out_mem_611" [top_wrapper.cpp:123]   --->   Operation 1276 'load' 'out_mem_611_load' <Predicate = (icmp_ln39)> <Delay = 0.00>
ST_2 : Operation 1277 [1/1] (0.00ns)   --->   "%out_mem_610_load = load i32 %out_mem_610" [top_wrapper.cpp:123]   --->   Operation 1277 'load' 'out_mem_610_load' <Predicate = (icmp_ln39)> <Delay = 0.00>
ST_2 : Operation 1278 [1/1] (0.00ns)   --->   "%out_mem_609_load = load i32 %out_mem_609" [top_wrapper.cpp:123]   --->   Operation 1278 'load' 'out_mem_609_load' <Predicate = (icmp_ln39)> <Delay = 0.00>
ST_2 : Operation 1279 [1/1] (0.00ns)   --->   "%out_mem_608_load = load i32 %out_mem_608" [top_wrapper.cpp:123]   --->   Operation 1279 'load' 'out_mem_608_load' <Predicate = (icmp_ln39)> <Delay = 0.00>
ST_2 : Operation 1280 [1/1] (0.00ns)   --->   "%out_mem_607_load = load i32 %out_mem_607" [top_wrapper.cpp:123]   --->   Operation 1280 'load' 'out_mem_607_load' <Predicate = (icmp_ln39)> <Delay = 0.00>
ST_2 : Operation 1281 [1/1] (0.00ns)   --->   "%out_mem_606_load = load i32 %out_mem_606" [top_wrapper.cpp:123]   --->   Operation 1281 'load' 'out_mem_606_load' <Predicate = (icmp_ln39)> <Delay = 0.00>
ST_2 : Operation 1282 [1/1] (0.00ns)   --->   "%out_mem_605_load = load i32 %out_mem_605" [top_wrapper.cpp:123]   --->   Operation 1282 'load' 'out_mem_605_load' <Predicate = (icmp_ln39)> <Delay = 0.00>
ST_2 : Operation 1283 [1/1] (0.00ns)   --->   "%out_mem_604_load = load i32 %out_mem_604" [top_wrapper.cpp:123]   --->   Operation 1283 'load' 'out_mem_604_load' <Predicate = (icmp_ln39)> <Delay = 0.00>
ST_2 : Operation 1284 [1/1] (0.00ns)   --->   "%out_mem_603_load = load i32 %out_mem_603" [top_wrapper.cpp:123]   --->   Operation 1284 'load' 'out_mem_603_load' <Predicate = (icmp_ln39)> <Delay = 0.00>
ST_2 : Operation 1285 [1/1] (0.00ns)   --->   "%out_mem_602_load = load i32 %out_mem_602" [top_wrapper.cpp:123]   --->   Operation 1285 'load' 'out_mem_602_load' <Predicate = (icmp_ln39)> <Delay = 0.00>
ST_2 : Operation 1286 [1/1] (0.00ns)   --->   "%out_mem_601_load = load i32 %out_mem_601" [top_wrapper.cpp:123]   --->   Operation 1286 'load' 'out_mem_601_load' <Predicate = (icmp_ln39)> <Delay = 0.00>
ST_2 : Operation 1287 [1/1] (0.00ns)   --->   "%out_mem_600_load = load i32 %out_mem_600" [top_wrapper.cpp:123]   --->   Operation 1287 'load' 'out_mem_600_load' <Predicate = (icmp_ln39)> <Delay = 0.00>
ST_2 : Operation 1288 [1/1] (0.00ns)   --->   "%out_mem_599_load = load i32 %out_mem_599" [top_wrapper.cpp:123]   --->   Operation 1288 'load' 'out_mem_599_load' <Predicate = (icmp_ln39)> <Delay = 0.00>
ST_2 : Operation 1289 [1/1] (0.00ns)   --->   "%out_mem_598_load = load i32 %out_mem_598" [top_wrapper.cpp:123]   --->   Operation 1289 'load' 'out_mem_598_load' <Predicate = (icmp_ln39)> <Delay = 0.00>
ST_2 : Operation 1290 [1/1] (0.00ns)   --->   "%out_mem_597_load = load i32 %out_mem_597" [top_wrapper.cpp:123]   --->   Operation 1290 'load' 'out_mem_597_load' <Predicate = (icmp_ln39)> <Delay = 0.00>
ST_2 : Operation 1291 [1/1] (0.00ns)   --->   "%out_mem_596_load = load i32 %out_mem_596" [top_wrapper.cpp:123]   --->   Operation 1291 'load' 'out_mem_596_load' <Predicate = (icmp_ln39)> <Delay = 0.00>
ST_2 : Operation 1292 [1/1] (0.00ns)   --->   "%out_mem_595_load = load i32 %out_mem_595" [top_wrapper.cpp:123]   --->   Operation 1292 'load' 'out_mem_595_load' <Predicate = (icmp_ln39)> <Delay = 0.00>
ST_2 : Operation 1293 [1/1] (0.00ns)   --->   "%out_mem_594_load = load i32 %out_mem_594" [top_wrapper.cpp:123]   --->   Operation 1293 'load' 'out_mem_594_load' <Predicate = (icmp_ln39)> <Delay = 0.00>
ST_2 : Operation 1294 [1/1] (0.00ns)   --->   "%out_mem_593_load = load i32 %out_mem_593" [top_wrapper.cpp:123]   --->   Operation 1294 'load' 'out_mem_593_load' <Predicate = (icmp_ln39)> <Delay = 0.00>
ST_2 : Operation 1295 [1/1] (0.00ns)   --->   "%out_mem_592_load = load i32 %out_mem_592" [top_wrapper.cpp:123]   --->   Operation 1295 'load' 'out_mem_592_load' <Predicate = (icmp_ln39)> <Delay = 0.00>
ST_2 : Operation 1296 [1/1] (0.00ns)   --->   "%out_mem_591_load = load i32 %out_mem_591" [top_wrapper.cpp:123]   --->   Operation 1296 'load' 'out_mem_591_load' <Predicate = (icmp_ln39)> <Delay = 0.00>
ST_2 : Operation 1297 [1/1] (0.00ns)   --->   "%out_mem_590_load = load i32 %out_mem_590" [top_wrapper.cpp:123]   --->   Operation 1297 'load' 'out_mem_590_load' <Predicate = (icmp_ln39)> <Delay = 0.00>
ST_2 : Operation 1298 [1/1] (0.00ns)   --->   "%out_mem_589_load = load i32 %out_mem_589" [top_wrapper.cpp:123]   --->   Operation 1298 'load' 'out_mem_589_load' <Predicate = (icmp_ln39)> <Delay = 0.00>
ST_2 : Operation 1299 [1/1] (0.00ns)   --->   "%out_mem_588_load = load i32 %out_mem_588" [top_wrapper.cpp:123]   --->   Operation 1299 'load' 'out_mem_588_load' <Predicate = (icmp_ln39)> <Delay = 0.00>
ST_2 : Operation 1300 [1/1] (0.00ns)   --->   "%out_mem_587_load = load i32 %out_mem_587" [top_wrapper.cpp:123]   --->   Operation 1300 'load' 'out_mem_587_load' <Predicate = (icmp_ln39)> <Delay = 0.00>
ST_2 : Operation 1301 [1/1] (0.00ns)   --->   "%out_mem_586_load = load i32 %out_mem_586" [top_wrapper.cpp:123]   --->   Operation 1301 'load' 'out_mem_586_load' <Predicate = (icmp_ln39)> <Delay = 0.00>
ST_2 : Operation 1302 [1/1] (0.00ns)   --->   "%out_mem_585_load = load i32 %out_mem_585" [top_wrapper.cpp:123]   --->   Operation 1302 'load' 'out_mem_585_load' <Predicate = (icmp_ln39)> <Delay = 0.00>
ST_2 : Operation 1303 [1/1] (0.00ns)   --->   "%out_mem_584_load = load i32 %out_mem_584" [top_wrapper.cpp:123]   --->   Operation 1303 'load' 'out_mem_584_load' <Predicate = (icmp_ln39)> <Delay = 0.00>
ST_2 : Operation 1304 [1/1] (0.00ns)   --->   "%out_mem_583_load = load i32 %out_mem_583" [top_wrapper.cpp:123]   --->   Operation 1304 'load' 'out_mem_583_load' <Predicate = (icmp_ln39)> <Delay = 0.00>
ST_2 : Operation 1305 [1/1] (0.00ns)   --->   "%out_mem_582_load = load i32 %out_mem_582" [top_wrapper.cpp:123]   --->   Operation 1305 'load' 'out_mem_582_load' <Predicate = (icmp_ln39)> <Delay = 0.00>
ST_2 : Operation 1306 [1/1] (0.00ns)   --->   "%out_mem_581_load = load i32 %out_mem_581" [top_wrapper.cpp:123]   --->   Operation 1306 'load' 'out_mem_581_load' <Predicate = (icmp_ln39)> <Delay = 0.00>
ST_2 : Operation 1307 [1/1] (0.00ns)   --->   "%out_mem_580_load = load i32 %out_mem_580" [top_wrapper.cpp:123]   --->   Operation 1307 'load' 'out_mem_580_load' <Predicate = (icmp_ln39)> <Delay = 0.00>
ST_2 : Operation 1308 [1/1] (0.00ns)   --->   "%out_mem_579_load = load i32 %out_mem_579" [top_wrapper.cpp:123]   --->   Operation 1308 'load' 'out_mem_579_load' <Predicate = (icmp_ln39)> <Delay = 0.00>
ST_2 : Operation 1309 [1/1] (0.00ns)   --->   "%out_mem_578_load = load i32 %out_mem_578" [top_wrapper.cpp:123]   --->   Operation 1309 'load' 'out_mem_578_load' <Predicate = (icmp_ln39)> <Delay = 0.00>
ST_2 : Operation 1310 [1/1] (0.00ns)   --->   "%out_mem_577_load = load i32 %out_mem_577" [top_wrapper.cpp:123]   --->   Operation 1310 'load' 'out_mem_577_load' <Predicate = (icmp_ln39)> <Delay = 0.00>
ST_2 : Operation 1311 [1/1] (0.00ns)   --->   "%out_mem_576_load = load i32 %out_mem_576" [top_wrapper.cpp:123]   --->   Operation 1311 'load' 'out_mem_576_load' <Predicate = (icmp_ln39)> <Delay = 0.00>
ST_2 : Operation 1312 [1/1] (0.00ns)   --->   "%out_mem_575_load = load i32 %out_mem_575" [top_wrapper.cpp:123]   --->   Operation 1312 'load' 'out_mem_575_load' <Predicate = (icmp_ln39)> <Delay = 0.00>
ST_2 : Operation 1313 [1/1] (0.00ns)   --->   "%out_mem_574_load = load i32 %out_mem_574" [top_wrapper.cpp:123]   --->   Operation 1313 'load' 'out_mem_574_load' <Predicate = (icmp_ln39)> <Delay = 0.00>
ST_2 : Operation 1314 [1/1] (0.00ns)   --->   "%out_mem_573_load = load i32 %out_mem_573" [top_wrapper.cpp:123]   --->   Operation 1314 'load' 'out_mem_573_load' <Predicate = (icmp_ln39)> <Delay = 0.00>
ST_2 : Operation 1315 [1/1] (0.00ns)   --->   "%out_mem_572_load = load i32 %out_mem_572" [top_wrapper.cpp:123]   --->   Operation 1315 'load' 'out_mem_572_load' <Predicate = (icmp_ln39)> <Delay = 0.00>
ST_2 : Operation 1316 [1/1] (0.00ns)   --->   "%out_mem_571_load = load i32 %out_mem_571" [top_wrapper.cpp:123]   --->   Operation 1316 'load' 'out_mem_571_load' <Predicate = (icmp_ln39)> <Delay = 0.00>
ST_2 : Operation 1317 [1/1] (0.00ns)   --->   "%out_mem_570_load = load i32 %out_mem_570" [top_wrapper.cpp:123]   --->   Operation 1317 'load' 'out_mem_570_load' <Predicate = (icmp_ln39)> <Delay = 0.00>
ST_2 : Operation 1318 [1/1] (0.00ns)   --->   "%out_mem_569_load = load i32 %out_mem_569" [top_wrapper.cpp:123]   --->   Operation 1318 'load' 'out_mem_569_load' <Predicate = (icmp_ln39)> <Delay = 0.00>
ST_2 : Operation 1319 [1/1] (0.00ns)   --->   "%out_mem_568_load = load i32 %out_mem_568" [top_wrapper.cpp:123]   --->   Operation 1319 'load' 'out_mem_568_load' <Predicate = (icmp_ln39)> <Delay = 0.00>
ST_2 : Operation 1320 [1/1] (0.00ns)   --->   "%out_mem_567_load = load i32 %out_mem_567" [top_wrapper.cpp:123]   --->   Operation 1320 'load' 'out_mem_567_load' <Predicate = (icmp_ln39)> <Delay = 0.00>
ST_2 : Operation 1321 [1/1] (0.00ns)   --->   "%out_mem_566_load = load i32 %out_mem_566" [top_wrapper.cpp:123]   --->   Operation 1321 'load' 'out_mem_566_load' <Predicate = (icmp_ln39)> <Delay = 0.00>
ST_2 : Operation 1322 [1/1] (0.00ns)   --->   "%out_mem_565_load = load i32 %out_mem_565" [top_wrapper.cpp:123]   --->   Operation 1322 'load' 'out_mem_565_load' <Predicate = (icmp_ln39)> <Delay = 0.00>
ST_2 : Operation 1323 [1/1] (0.00ns)   --->   "%out_mem_564_load = load i32 %out_mem_564" [top_wrapper.cpp:123]   --->   Operation 1323 'load' 'out_mem_564_load' <Predicate = (icmp_ln39)> <Delay = 0.00>
ST_2 : Operation 1324 [1/1] (0.00ns)   --->   "%out_mem_563_load = load i32 %out_mem_563" [top_wrapper.cpp:123]   --->   Operation 1324 'load' 'out_mem_563_load' <Predicate = (icmp_ln39)> <Delay = 0.00>
ST_2 : Operation 1325 [1/1] (0.00ns)   --->   "%out_mem_562_load = load i32 %out_mem_562" [top_wrapper.cpp:123]   --->   Operation 1325 'load' 'out_mem_562_load' <Predicate = (icmp_ln39)> <Delay = 0.00>
ST_2 : Operation 1326 [1/1] (0.00ns)   --->   "%out_mem_561_load = load i32 %out_mem_561" [top_wrapper.cpp:123]   --->   Operation 1326 'load' 'out_mem_561_load' <Predicate = (icmp_ln39)> <Delay = 0.00>
ST_2 : Operation 1327 [1/1] (0.00ns)   --->   "%out_mem_560_load = load i32 %out_mem_560" [top_wrapper.cpp:123]   --->   Operation 1327 'load' 'out_mem_560_load' <Predicate = (icmp_ln39)> <Delay = 0.00>
ST_2 : Operation 1328 [1/1] (0.00ns)   --->   "%out_mem_559_load = load i32 %out_mem_559" [top_wrapper.cpp:123]   --->   Operation 1328 'load' 'out_mem_559_load' <Predicate = (icmp_ln39)> <Delay = 0.00>
ST_2 : Operation 1329 [1/1] (0.00ns)   --->   "%out_mem_558_load = load i32 %out_mem_558" [top_wrapper.cpp:123]   --->   Operation 1329 'load' 'out_mem_558_load' <Predicate = (icmp_ln39)> <Delay = 0.00>
ST_2 : Operation 1330 [1/1] (0.00ns)   --->   "%out_mem_557_load = load i32 %out_mem_557" [top_wrapper.cpp:123]   --->   Operation 1330 'load' 'out_mem_557_load' <Predicate = (icmp_ln39)> <Delay = 0.00>
ST_2 : Operation 1331 [1/1] (0.00ns)   --->   "%out_mem_556_load = load i32 %out_mem_556" [top_wrapper.cpp:123]   --->   Operation 1331 'load' 'out_mem_556_load' <Predicate = (icmp_ln39)> <Delay = 0.00>
ST_2 : Operation 1332 [1/1] (0.00ns)   --->   "%out_mem_555_load = load i32 %out_mem_555" [top_wrapper.cpp:123]   --->   Operation 1332 'load' 'out_mem_555_load' <Predicate = (icmp_ln39)> <Delay = 0.00>
ST_2 : Operation 1333 [1/1] (0.00ns)   --->   "%out_mem_554_load = load i32 %out_mem_554" [top_wrapper.cpp:123]   --->   Operation 1333 'load' 'out_mem_554_load' <Predicate = (icmp_ln39)> <Delay = 0.00>
ST_2 : Operation 1334 [1/1] (0.00ns)   --->   "%out_mem_553_load = load i32 %out_mem_553" [top_wrapper.cpp:123]   --->   Operation 1334 'load' 'out_mem_553_load' <Predicate = (icmp_ln39)> <Delay = 0.00>
ST_2 : Operation 1335 [1/1] (0.00ns)   --->   "%out_mem_552_load = load i32 %out_mem_552" [top_wrapper.cpp:123]   --->   Operation 1335 'load' 'out_mem_552_load' <Predicate = (icmp_ln39)> <Delay = 0.00>
ST_2 : Operation 1336 [1/1] (0.00ns)   --->   "%out_mem_551_load = load i32 %out_mem_551" [top_wrapper.cpp:123]   --->   Operation 1336 'load' 'out_mem_551_load' <Predicate = (icmp_ln39)> <Delay = 0.00>
ST_2 : Operation 1337 [1/1] (0.00ns)   --->   "%out_mem_550_load = load i32 %out_mem_550" [top_wrapper.cpp:123]   --->   Operation 1337 'load' 'out_mem_550_load' <Predicate = (icmp_ln39)> <Delay = 0.00>
ST_2 : Operation 1338 [1/1] (0.00ns)   --->   "%out_mem_549_load = load i32 %out_mem_549" [top_wrapper.cpp:123]   --->   Operation 1338 'load' 'out_mem_549_load' <Predicate = (icmp_ln39)> <Delay = 0.00>
ST_2 : Operation 1339 [1/1] (0.00ns)   --->   "%out_mem_548_load = load i32 %out_mem_548" [top_wrapper.cpp:123]   --->   Operation 1339 'load' 'out_mem_548_load' <Predicate = (icmp_ln39)> <Delay = 0.00>
ST_2 : Operation 1340 [1/1] (0.00ns)   --->   "%out_mem_547_load = load i32 %out_mem_547" [top_wrapper.cpp:123]   --->   Operation 1340 'load' 'out_mem_547_load' <Predicate = (icmp_ln39)> <Delay = 0.00>
ST_2 : Operation 1341 [1/1] (0.00ns)   --->   "%out_mem_546_load = load i32 %out_mem_546" [top_wrapper.cpp:123]   --->   Operation 1341 'load' 'out_mem_546_load' <Predicate = (icmp_ln39)> <Delay = 0.00>
ST_2 : Operation 1342 [1/1] (0.00ns)   --->   "%out_mem_545_load = load i32 %out_mem_545" [top_wrapper.cpp:123]   --->   Operation 1342 'load' 'out_mem_545_load' <Predicate = (icmp_ln39)> <Delay = 0.00>
ST_2 : Operation 1343 [1/1] (0.00ns)   --->   "%out_mem_544_load = load i32 %out_mem_544" [top_wrapper.cpp:123]   --->   Operation 1343 'load' 'out_mem_544_load' <Predicate = (icmp_ln39)> <Delay = 0.00>
ST_2 : Operation 1344 [1/1] (0.00ns)   --->   "%out_mem_543_load = load i32 %out_mem_543" [top_wrapper.cpp:123]   --->   Operation 1344 'load' 'out_mem_543_load' <Predicate = (icmp_ln39)> <Delay = 0.00>
ST_2 : Operation 1345 [1/1] (0.00ns)   --->   "%out_mem_542_load = load i32 %out_mem_542" [top_wrapper.cpp:123]   --->   Operation 1345 'load' 'out_mem_542_load' <Predicate = (icmp_ln39)> <Delay = 0.00>
ST_2 : Operation 1346 [1/1] (0.00ns)   --->   "%out_mem_541_load = load i32 %out_mem_541" [top_wrapper.cpp:123]   --->   Operation 1346 'load' 'out_mem_541_load' <Predicate = (icmp_ln39)> <Delay = 0.00>
ST_2 : Operation 1347 [1/1] (0.00ns)   --->   "%out_mem_540_load = load i32 %out_mem_540" [top_wrapper.cpp:123]   --->   Operation 1347 'load' 'out_mem_540_load' <Predicate = (icmp_ln39)> <Delay = 0.00>
ST_2 : Operation 1348 [1/1] (0.00ns)   --->   "%out_mem_539_load = load i32 %out_mem_539" [top_wrapper.cpp:123]   --->   Operation 1348 'load' 'out_mem_539_load' <Predicate = (icmp_ln39)> <Delay = 0.00>
ST_2 : Operation 1349 [1/1] (0.00ns)   --->   "%out_mem_538_load = load i32 %out_mem_538" [top_wrapper.cpp:123]   --->   Operation 1349 'load' 'out_mem_538_load' <Predicate = (icmp_ln39)> <Delay = 0.00>
ST_2 : Operation 1350 [1/1] (0.00ns)   --->   "%out_mem_537_load = load i32 %out_mem_537" [top_wrapper.cpp:123]   --->   Operation 1350 'load' 'out_mem_537_load' <Predicate = (icmp_ln39)> <Delay = 0.00>
ST_2 : Operation 1351 [1/1] (0.00ns)   --->   "%out_mem_536_load = load i32 %out_mem_536" [top_wrapper.cpp:123]   --->   Operation 1351 'load' 'out_mem_536_load' <Predicate = (icmp_ln39)> <Delay = 0.00>
ST_2 : Operation 1352 [1/1] (0.00ns)   --->   "%out_mem_535_load = load i32 %out_mem_535" [top_wrapper.cpp:123]   --->   Operation 1352 'load' 'out_mem_535_load' <Predicate = (icmp_ln39)> <Delay = 0.00>
ST_2 : Operation 1353 [1/1] (0.00ns)   --->   "%out_mem_534_load = load i32 %out_mem_534" [top_wrapper.cpp:123]   --->   Operation 1353 'load' 'out_mem_534_load' <Predicate = (icmp_ln39)> <Delay = 0.00>
ST_2 : Operation 1354 [1/1] (0.00ns)   --->   "%out_mem_533_load = load i32 %out_mem_533" [top_wrapper.cpp:123]   --->   Operation 1354 'load' 'out_mem_533_load' <Predicate = (icmp_ln39)> <Delay = 0.00>
ST_2 : Operation 1355 [1/1] (0.00ns)   --->   "%out_mem_532_load = load i32 %out_mem_532" [top_wrapper.cpp:123]   --->   Operation 1355 'load' 'out_mem_532_load' <Predicate = (icmp_ln39)> <Delay = 0.00>
ST_2 : Operation 1356 [1/1] (0.00ns)   --->   "%out_mem_531_load = load i32 %out_mem_531" [top_wrapper.cpp:123]   --->   Operation 1356 'load' 'out_mem_531_load' <Predicate = (icmp_ln39)> <Delay = 0.00>
ST_2 : Operation 1357 [1/1] (0.00ns)   --->   "%out_mem_530_load = load i32 %out_mem_530" [top_wrapper.cpp:123]   --->   Operation 1357 'load' 'out_mem_530_load' <Predicate = (icmp_ln39)> <Delay = 0.00>
ST_2 : Operation 1358 [1/1] (0.00ns)   --->   "%out_mem_529_load = load i32 %out_mem_529" [top_wrapper.cpp:123]   --->   Operation 1358 'load' 'out_mem_529_load' <Predicate = (icmp_ln39)> <Delay = 0.00>
ST_2 : Operation 1359 [1/1] (0.00ns)   --->   "%out_mem_528_load = load i32 %out_mem_528" [top_wrapper.cpp:123]   --->   Operation 1359 'load' 'out_mem_528_load' <Predicate = (icmp_ln39)> <Delay = 0.00>
ST_2 : Operation 1360 [1/1] (0.00ns)   --->   "%out_mem_527_load = load i32 %out_mem_527" [top_wrapper.cpp:123]   --->   Operation 1360 'load' 'out_mem_527_load' <Predicate = (icmp_ln39)> <Delay = 0.00>
ST_2 : Operation 1361 [1/1] (0.00ns)   --->   "%out_mem_526_load = load i32 %out_mem_526" [top_wrapper.cpp:123]   --->   Operation 1361 'load' 'out_mem_526_load' <Predicate = (icmp_ln39)> <Delay = 0.00>
ST_2 : Operation 1362 [1/1] (0.00ns)   --->   "%out_mem_525_load = load i32 %out_mem_525" [top_wrapper.cpp:123]   --->   Operation 1362 'load' 'out_mem_525_load' <Predicate = (icmp_ln39)> <Delay = 0.00>
ST_2 : Operation 1363 [1/1] (0.00ns)   --->   "%out_mem_524_load = load i32 %out_mem_524" [top_wrapper.cpp:123]   --->   Operation 1363 'load' 'out_mem_524_load' <Predicate = (icmp_ln39)> <Delay = 0.00>
ST_2 : Operation 1364 [1/1] (0.00ns)   --->   "%out_mem_523_load = load i32 %out_mem_523" [top_wrapper.cpp:123]   --->   Operation 1364 'load' 'out_mem_523_load' <Predicate = (icmp_ln39)> <Delay = 0.00>
ST_2 : Operation 1365 [1/1] (0.00ns)   --->   "%out_mem_522_load = load i32 %out_mem_522" [top_wrapper.cpp:123]   --->   Operation 1365 'load' 'out_mem_522_load' <Predicate = (icmp_ln39)> <Delay = 0.00>
ST_2 : Operation 1366 [1/1] (0.00ns)   --->   "%out_mem_521_load = load i32 %out_mem_521" [top_wrapper.cpp:123]   --->   Operation 1366 'load' 'out_mem_521_load' <Predicate = (icmp_ln39)> <Delay = 0.00>
ST_2 : Operation 1367 [1/1] (0.00ns)   --->   "%out_mem_520_load = load i32 %out_mem_520" [top_wrapper.cpp:123]   --->   Operation 1367 'load' 'out_mem_520_load' <Predicate = (icmp_ln39)> <Delay = 0.00>
ST_2 : Operation 1368 [1/1] (0.00ns)   --->   "%out_mem_519_load = load i32 %out_mem_519" [top_wrapper.cpp:123]   --->   Operation 1368 'load' 'out_mem_519_load' <Predicate = (icmp_ln39)> <Delay = 0.00>
ST_2 : Operation 1369 [1/1] (0.00ns)   --->   "%out_mem_518_load = load i32 %out_mem_518" [top_wrapper.cpp:123]   --->   Operation 1369 'load' 'out_mem_518_load' <Predicate = (icmp_ln39)> <Delay = 0.00>
ST_2 : Operation 1370 [1/1] (0.00ns)   --->   "%out_mem_517_load = load i32 %out_mem_517" [top_wrapper.cpp:123]   --->   Operation 1370 'load' 'out_mem_517_load' <Predicate = (icmp_ln39)> <Delay = 0.00>
ST_2 : Operation 1371 [1/1] (0.00ns)   --->   "%out_mem_516_load = load i32 %out_mem_516" [top_wrapper.cpp:123]   --->   Operation 1371 'load' 'out_mem_516_load' <Predicate = (icmp_ln39)> <Delay = 0.00>
ST_2 : Operation 1372 [1/1] (0.00ns)   --->   "%out_mem_515_load = load i32 %out_mem_515" [top_wrapper.cpp:123]   --->   Operation 1372 'load' 'out_mem_515_load' <Predicate = (icmp_ln39)> <Delay = 0.00>
ST_2 : Operation 1373 [1/1] (0.00ns)   --->   "%out_mem_514_load = load i32 %out_mem_514" [top_wrapper.cpp:123]   --->   Operation 1373 'load' 'out_mem_514_load' <Predicate = (icmp_ln39)> <Delay = 0.00>
ST_2 : Operation 1374 [1/1] (0.00ns)   --->   "%out_mem_513_load = load i32 %out_mem_513" [top_wrapper.cpp:123]   --->   Operation 1374 'load' 'out_mem_513_load' <Predicate = (icmp_ln39)> <Delay = 0.00>
ST_2 : Operation 1375 [1/1] (0.00ns)   --->   "%out_mem_512_load = load i32 %out_mem_512" [top_wrapper.cpp:123]   --->   Operation 1375 'load' 'out_mem_512_load' <Predicate = (icmp_ln39)> <Delay = 0.00>
ST_2 : Operation 1376 [1/1] (0.00ns)   --->   "%out_mem_511_load = load i32 %out_mem_511" [top_wrapper.cpp:123]   --->   Operation 1376 'load' 'out_mem_511_load' <Predicate = (icmp_ln39)> <Delay = 0.00>
ST_2 : Operation 1377 [1/1] (0.00ns)   --->   "%out_mem_510_load = load i32 %out_mem_510" [top_wrapper.cpp:123]   --->   Operation 1377 'load' 'out_mem_510_load' <Predicate = (icmp_ln39)> <Delay = 0.00>
ST_2 : Operation 1378 [1/1] (0.00ns)   --->   "%out_mem_509_load = load i32 %out_mem_509" [top_wrapper.cpp:123]   --->   Operation 1378 'load' 'out_mem_509_load' <Predicate = (icmp_ln39)> <Delay = 0.00>
ST_2 : Operation 1379 [1/1] (0.00ns)   --->   "%out_mem_508_load = load i32 %out_mem_508" [top_wrapper.cpp:123]   --->   Operation 1379 'load' 'out_mem_508_load' <Predicate = (icmp_ln39)> <Delay = 0.00>
ST_2 : Operation 1380 [1/1] (0.00ns)   --->   "%out_mem_507_load = load i32 %out_mem_507" [top_wrapper.cpp:123]   --->   Operation 1380 'load' 'out_mem_507_load' <Predicate = (icmp_ln39)> <Delay = 0.00>
ST_2 : Operation 1381 [1/1] (0.00ns)   --->   "%out_mem_506_load = load i32 %out_mem_506" [top_wrapper.cpp:123]   --->   Operation 1381 'load' 'out_mem_506_load' <Predicate = (icmp_ln39)> <Delay = 0.00>
ST_2 : Operation 1382 [1/1] (0.00ns)   --->   "%out_mem_505_load = load i32 %out_mem_505" [top_wrapper.cpp:123]   --->   Operation 1382 'load' 'out_mem_505_load' <Predicate = (icmp_ln39)> <Delay = 0.00>
ST_2 : Operation 1383 [1/1] (0.00ns)   --->   "%out_mem_504_load = load i32 %out_mem_504" [top_wrapper.cpp:123]   --->   Operation 1383 'load' 'out_mem_504_load' <Predicate = (icmp_ln39)> <Delay = 0.00>
ST_2 : Operation 1384 [1/1] (0.00ns)   --->   "%out_mem_503_load = load i32 %out_mem_503" [top_wrapper.cpp:123]   --->   Operation 1384 'load' 'out_mem_503_load' <Predicate = (icmp_ln39)> <Delay = 0.00>
ST_2 : Operation 1385 [1/1] (0.00ns)   --->   "%out_mem_502_load = load i32 %out_mem_502" [top_wrapper.cpp:123]   --->   Operation 1385 'load' 'out_mem_502_load' <Predicate = (icmp_ln39)> <Delay = 0.00>
ST_2 : Operation 1386 [1/1] (0.00ns)   --->   "%out_mem_501_load = load i32 %out_mem_501" [top_wrapper.cpp:123]   --->   Operation 1386 'load' 'out_mem_501_load' <Predicate = (icmp_ln39)> <Delay = 0.00>
ST_2 : Operation 1387 [1/1] (0.00ns)   --->   "%out_mem_500_load = load i32 %out_mem_500" [top_wrapper.cpp:123]   --->   Operation 1387 'load' 'out_mem_500_load' <Predicate = (icmp_ln39)> <Delay = 0.00>
ST_2 : Operation 1388 [1/1] (0.00ns)   --->   "%out_mem_499_load = load i32 %out_mem_499" [top_wrapper.cpp:123]   --->   Operation 1388 'load' 'out_mem_499_load' <Predicate = (icmp_ln39)> <Delay = 0.00>
ST_2 : Operation 1389 [1/1] (0.00ns)   --->   "%out_mem_498_load = load i32 %out_mem_498" [top_wrapper.cpp:123]   --->   Operation 1389 'load' 'out_mem_498_load' <Predicate = (icmp_ln39)> <Delay = 0.00>
ST_2 : Operation 1390 [1/1] (0.00ns)   --->   "%out_mem_497_load = load i32 %out_mem_497" [top_wrapper.cpp:123]   --->   Operation 1390 'load' 'out_mem_497_load' <Predicate = (icmp_ln39)> <Delay = 0.00>
ST_2 : Operation 1391 [1/1] (0.00ns)   --->   "%out_mem_496_load = load i32 %out_mem_496" [top_wrapper.cpp:123]   --->   Operation 1391 'load' 'out_mem_496_load' <Predicate = (icmp_ln39)> <Delay = 0.00>
ST_2 : Operation 1392 [1/1] (0.00ns)   --->   "%out_mem_495_load = load i32 %out_mem_495" [top_wrapper.cpp:123]   --->   Operation 1392 'load' 'out_mem_495_load' <Predicate = (icmp_ln39)> <Delay = 0.00>
ST_2 : Operation 1393 [1/1] (0.00ns)   --->   "%out_mem_494_load = load i32 %out_mem_494" [top_wrapper.cpp:123]   --->   Operation 1393 'load' 'out_mem_494_load' <Predicate = (icmp_ln39)> <Delay = 0.00>
ST_2 : Operation 1394 [1/1] (0.00ns)   --->   "%out_mem_493_load = load i32 %out_mem_493" [top_wrapper.cpp:123]   --->   Operation 1394 'load' 'out_mem_493_load' <Predicate = (icmp_ln39)> <Delay = 0.00>
ST_2 : Operation 1395 [1/1] (0.00ns)   --->   "%out_mem_492_load = load i32 %out_mem_492" [top_wrapper.cpp:123]   --->   Operation 1395 'load' 'out_mem_492_load' <Predicate = (icmp_ln39)> <Delay = 0.00>
ST_2 : Operation 1396 [1/1] (0.00ns)   --->   "%out_mem_491_load = load i32 %out_mem_491" [top_wrapper.cpp:123]   --->   Operation 1396 'load' 'out_mem_491_load' <Predicate = (icmp_ln39)> <Delay = 0.00>
ST_2 : Operation 1397 [1/1] (0.00ns)   --->   "%out_mem_490_load = load i32 %out_mem_490" [top_wrapper.cpp:123]   --->   Operation 1397 'load' 'out_mem_490_load' <Predicate = (icmp_ln39)> <Delay = 0.00>
ST_2 : Operation 1398 [1/1] (0.00ns)   --->   "%out_mem_489_load = load i32 %out_mem_489" [top_wrapper.cpp:123]   --->   Operation 1398 'load' 'out_mem_489_load' <Predicate = (icmp_ln39)> <Delay = 0.00>
ST_2 : Operation 1399 [1/1] (0.00ns)   --->   "%out_mem_488_load = load i32 %out_mem_488" [top_wrapper.cpp:123]   --->   Operation 1399 'load' 'out_mem_488_load' <Predicate = (icmp_ln39)> <Delay = 0.00>
ST_2 : Operation 1400 [1/1] (0.00ns)   --->   "%out_mem_487_load = load i32 %out_mem_487" [top_wrapper.cpp:123]   --->   Operation 1400 'load' 'out_mem_487_load' <Predicate = (icmp_ln39)> <Delay = 0.00>
ST_2 : Operation 1401 [1/1] (0.00ns)   --->   "%out_mem_486_load = load i32 %out_mem_486" [top_wrapper.cpp:123]   --->   Operation 1401 'load' 'out_mem_486_load' <Predicate = (icmp_ln39)> <Delay = 0.00>
ST_2 : Operation 1402 [1/1] (0.00ns)   --->   "%out_mem_485_load = load i32 %out_mem_485" [top_wrapper.cpp:123]   --->   Operation 1402 'load' 'out_mem_485_load' <Predicate = (icmp_ln39)> <Delay = 0.00>
ST_2 : Operation 1403 [1/1] (0.00ns)   --->   "%out_mem_484_load = load i32 %out_mem_484" [top_wrapper.cpp:123]   --->   Operation 1403 'load' 'out_mem_484_load' <Predicate = (icmp_ln39)> <Delay = 0.00>
ST_2 : Operation 1404 [1/1] (0.00ns)   --->   "%out_mem_483_load = load i32 %out_mem_483" [top_wrapper.cpp:123]   --->   Operation 1404 'load' 'out_mem_483_load' <Predicate = (icmp_ln39)> <Delay = 0.00>
ST_2 : Operation 1405 [1/1] (0.00ns)   --->   "%out_mem_482_load = load i32 %out_mem_482" [top_wrapper.cpp:123]   --->   Operation 1405 'load' 'out_mem_482_load' <Predicate = (icmp_ln39)> <Delay = 0.00>
ST_2 : Operation 1406 [1/1] (0.00ns)   --->   "%out_mem_481_load = load i32 %out_mem_481" [top_wrapper.cpp:123]   --->   Operation 1406 'load' 'out_mem_481_load' <Predicate = (icmp_ln39)> <Delay = 0.00>
ST_2 : Operation 1407 [1/1] (0.00ns)   --->   "%out_mem_480_load = load i32 %out_mem_480" [top_wrapper.cpp:123]   --->   Operation 1407 'load' 'out_mem_480_load' <Predicate = (icmp_ln39)> <Delay = 0.00>
ST_2 : Operation 1408 [1/1] (0.00ns)   --->   "%out_mem_479_load = load i32 %out_mem_479" [top_wrapper.cpp:123]   --->   Operation 1408 'load' 'out_mem_479_load' <Predicate = (icmp_ln39)> <Delay = 0.00>
ST_2 : Operation 1409 [1/1] (0.00ns)   --->   "%out_mem_478_load = load i32 %out_mem_478" [top_wrapper.cpp:123]   --->   Operation 1409 'load' 'out_mem_478_load' <Predicate = (icmp_ln39)> <Delay = 0.00>
ST_2 : Operation 1410 [1/1] (0.00ns)   --->   "%out_mem_477_load = load i32 %out_mem_477" [top_wrapper.cpp:123]   --->   Operation 1410 'load' 'out_mem_477_load' <Predicate = (icmp_ln39)> <Delay = 0.00>
ST_2 : Operation 1411 [1/1] (0.00ns)   --->   "%out_mem_476_load = load i32 %out_mem_476" [top_wrapper.cpp:123]   --->   Operation 1411 'load' 'out_mem_476_load' <Predicate = (icmp_ln39)> <Delay = 0.00>
ST_2 : Operation 1412 [1/1] (0.00ns)   --->   "%out_mem_475_load = load i32 %out_mem_475" [top_wrapper.cpp:123]   --->   Operation 1412 'load' 'out_mem_475_load' <Predicate = (icmp_ln39)> <Delay = 0.00>
ST_2 : Operation 1413 [1/1] (0.00ns)   --->   "%out_mem_474_load = load i32 %out_mem_474" [top_wrapper.cpp:123]   --->   Operation 1413 'load' 'out_mem_474_load' <Predicate = (icmp_ln39)> <Delay = 0.00>
ST_2 : Operation 1414 [1/1] (0.00ns)   --->   "%out_mem_473_load = load i32 %out_mem_473" [top_wrapper.cpp:123]   --->   Operation 1414 'load' 'out_mem_473_load' <Predicate = (icmp_ln39)> <Delay = 0.00>
ST_2 : Operation 1415 [1/1] (0.00ns)   --->   "%out_mem_472_load = load i32 %out_mem_472" [top_wrapper.cpp:123]   --->   Operation 1415 'load' 'out_mem_472_load' <Predicate = (icmp_ln39)> <Delay = 0.00>
ST_2 : Operation 1416 [1/1] (0.00ns)   --->   "%out_mem_471_load = load i32 %out_mem_471" [top_wrapper.cpp:123]   --->   Operation 1416 'load' 'out_mem_471_load' <Predicate = (icmp_ln39)> <Delay = 0.00>
ST_2 : Operation 1417 [1/1] (0.00ns)   --->   "%out_mem_470_load = load i32 %out_mem_470" [top_wrapper.cpp:123]   --->   Operation 1417 'load' 'out_mem_470_load' <Predicate = (icmp_ln39)> <Delay = 0.00>
ST_2 : Operation 1418 [1/1] (0.00ns)   --->   "%out_mem_469_load = load i32 %out_mem_469" [top_wrapper.cpp:123]   --->   Operation 1418 'load' 'out_mem_469_load' <Predicate = (icmp_ln39)> <Delay = 0.00>
ST_2 : Operation 1419 [1/1] (0.00ns)   --->   "%out_mem_468_load = load i32 %out_mem_468" [top_wrapper.cpp:123]   --->   Operation 1419 'load' 'out_mem_468_load' <Predicate = (icmp_ln39)> <Delay = 0.00>
ST_2 : Operation 1420 [1/1] (0.00ns)   --->   "%out_mem_467_load = load i32 %out_mem_467" [top_wrapper.cpp:123]   --->   Operation 1420 'load' 'out_mem_467_load' <Predicate = (icmp_ln39)> <Delay = 0.00>
ST_2 : Operation 1421 [1/1] (0.00ns)   --->   "%out_mem_466_load = load i32 %out_mem_466" [top_wrapper.cpp:123]   --->   Operation 1421 'load' 'out_mem_466_load' <Predicate = (icmp_ln39)> <Delay = 0.00>
ST_2 : Operation 1422 [1/1] (0.00ns)   --->   "%out_mem_465_load = load i32 %out_mem_465" [top_wrapper.cpp:123]   --->   Operation 1422 'load' 'out_mem_465_load' <Predicate = (icmp_ln39)> <Delay = 0.00>
ST_2 : Operation 1423 [1/1] (0.00ns)   --->   "%out_mem_464_load = load i32 %out_mem_464" [top_wrapper.cpp:123]   --->   Operation 1423 'load' 'out_mem_464_load' <Predicate = (icmp_ln39)> <Delay = 0.00>
ST_2 : Operation 1424 [1/1] (0.00ns)   --->   "%out_mem_463_load = load i32 %out_mem_463" [top_wrapper.cpp:123]   --->   Operation 1424 'load' 'out_mem_463_load' <Predicate = (icmp_ln39)> <Delay = 0.00>
ST_2 : Operation 1425 [1/1] (0.00ns)   --->   "%out_mem_462_load = load i32 %out_mem_462" [top_wrapper.cpp:123]   --->   Operation 1425 'load' 'out_mem_462_load' <Predicate = (icmp_ln39)> <Delay = 0.00>
ST_2 : Operation 1426 [1/1] (0.00ns)   --->   "%out_mem_461_load = load i32 %out_mem_461" [top_wrapper.cpp:123]   --->   Operation 1426 'load' 'out_mem_461_load' <Predicate = (icmp_ln39)> <Delay = 0.00>
ST_2 : Operation 1427 [1/1] (0.00ns)   --->   "%out_mem_460_load = load i32 %out_mem_460" [top_wrapper.cpp:123]   --->   Operation 1427 'load' 'out_mem_460_load' <Predicate = (icmp_ln39)> <Delay = 0.00>
ST_2 : Operation 1428 [1/1] (0.00ns)   --->   "%out_mem_459_load = load i32 %out_mem_459" [top_wrapper.cpp:123]   --->   Operation 1428 'load' 'out_mem_459_load' <Predicate = (icmp_ln39)> <Delay = 0.00>
ST_2 : Operation 1429 [1/1] (0.00ns)   --->   "%out_mem_458_load = load i32 %out_mem_458" [top_wrapper.cpp:123]   --->   Operation 1429 'load' 'out_mem_458_load' <Predicate = (icmp_ln39)> <Delay = 0.00>
ST_2 : Operation 1430 [1/1] (0.00ns)   --->   "%out_mem_457_load = load i32 %out_mem_457" [top_wrapper.cpp:123]   --->   Operation 1430 'load' 'out_mem_457_load' <Predicate = (icmp_ln39)> <Delay = 0.00>
ST_2 : Operation 1431 [1/1] (0.00ns)   --->   "%out_mem_456_load = load i32 %out_mem_456" [top_wrapper.cpp:123]   --->   Operation 1431 'load' 'out_mem_456_load' <Predicate = (icmp_ln39)> <Delay = 0.00>
ST_2 : Operation 1432 [1/1] (0.00ns)   --->   "%out_mem_455_load = load i32 %out_mem_455" [top_wrapper.cpp:123]   --->   Operation 1432 'load' 'out_mem_455_load' <Predicate = (icmp_ln39)> <Delay = 0.00>
ST_2 : Operation 1433 [1/1] (0.00ns)   --->   "%out_mem_454_load = load i32 %out_mem_454" [top_wrapper.cpp:123]   --->   Operation 1433 'load' 'out_mem_454_load' <Predicate = (icmp_ln39)> <Delay = 0.00>
ST_2 : Operation 1434 [1/1] (0.00ns)   --->   "%out_mem_453_load = load i32 %out_mem_453" [top_wrapper.cpp:123]   --->   Operation 1434 'load' 'out_mem_453_load' <Predicate = (icmp_ln39)> <Delay = 0.00>
ST_2 : Operation 1435 [1/1] (0.00ns)   --->   "%out_mem_452_load = load i32 %out_mem_452" [top_wrapper.cpp:123]   --->   Operation 1435 'load' 'out_mem_452_load' <Predicate = (icmp_ln39)> <Delay = 0.00>
ST_2 : Operation 1436 [1/1] (0.00ns)   --->   "%out_mem_451_load = load i32 %out_mem_451" [top_wrapper.cpp:123]   --->   Operation 1436 'load' 'out_mem_451_load' <Predicate = (icmp_ln39)> <Delay = 0.00>
ST_2 : Operation 1437 [1/1] (0.00ns)   --->   "%out_mem_450_load = load i32 %out_mem_450" [top_wrapper.cpp:123]   --->   Operation 1437 'load' 'out_mem_450_load' <Predicate = (icmp_ln39)> <Delay = 0.00>
ST_2 : Operation 1438 [1/1] (0.00ns)   --->   "%out_mem_load = load i32 %out_mem" [top_wrapper.cpp:123]   --->   Operation 1438 'load' 'out_mem_load' <Predicate = (icmp_ln39)> <Delay = 0.00>
ST_2 : Operation 1439 [1/1] (0.00ns)   --->   "%mrv = insertvalue i14400 <undef>, i32 %out_mem_load" [top_wrapper.cpp:123]   --->   Operation 1439 'insertvalue' 'mrv' <Predicate = (icmp_ln39)> <Delay = 0.00>
ST_2 : Operation 1440 [1/1] (0.00ns)   --->   "%mrv_1 = insertvalue i14400 %mrv, i32 %out_mem_450_load" [top_wrapper.cpp:123]   --->   Operation 1440 'insertvalue' 'mrv_1' <Predicate = (icmp_ln39)> <Delay = 0.00>
ST_2 : Operation 1441 [1/1] (0.00ns)   --->   "%mrv_2 = insertvalue i14400 %mrv_1, i32 %out_mem_451_load" [top_wrapper.cpp:123]   --->   Operation 1441 'insertvalue' 'mrv_2' <Predicate = (icmp_ln39)> <Delay = 0.00>
ST_2 : Operation 1442 [1/1] (0.00ns)   --->   "%mrv_3 = insertvalue i14400 %mrv_2, i32 %out_mem_452_load" [top_wrapper.cpp:123]   --->   Operation 1442 'insertvalue' 'mrv_3' <Predicate = (icmp_ln39)> <Delay = 0.00>
ST_2 : Operation 1443 [1/1] (0.00ns)   --->   "%mrv_4 = insertvalue i14400 %mrv_3, i32 %out_mem_453_load" [top_wrapper.cpp:123]   --->   Operation 1443 'insertvalue' 'mrv_4' <Predicate = (icmp_ln39)> <Delay = 0.00>
ST_2 : Operation 1444 [1/1] (0.00ns)   --->   "%mrv_5 = insertvalue i14400 %mrv_4, i32 %out_mem_454_load" [top_wrapper.cpp:123]   --->   Operation 1444 'insertvalue' 'mrv_5' <Predicate = (icmp_ln39)> <Delay = 0.00>
ST_2 : Operation 1445 [1/1] (0.00ns)   --->   "%mrv_6 = insertvalue i14400 %mrv_5, i32 %out_mem_455_load" [top_wrapper.cpp:123]   --->   Operation 1445 'insertvalue' 'mrv_6' <Predicate = (icmp_ln39)> <Delay = 0.00>
ST_2 : Operation 1446 [1/1] (0.00ns)   --->   "%mrv_7 = insertvalue i14400 %mrv_6, i32 %out_mem_456_load" [top_wrapper.cpp:123]   --->   Operation 1446 'insertvalue' 'mrv_7' <Predicate = (icmp_ln39)> <Delay = 0.00>
ST_2 : Operation 1447 [1/1] (0.00ns)   --->   "%mrv_8 = insertvalue i14400 %mrv_7, i32 %out_mem_457_load" [top_wrapper.cpp:123]   --->   Operation 1447 'insertvalue' 'mrv_8' <Predicate = (icmp_ln39)> <Delay = 0.00>
ST_2 : Operation 1448 [1/1] (0.00ns)   --->   "%mrv_9 = insertvalue i14400 %mrv_8, i32 %out_mem_458_load" [top_wrapper.cpp:123]   --->   Operation 1448 'insertvalue' 'mrv_9' <Predicate = (icmp_ln39)> <Delay = 0.00>
ST_2 : Operation 1449 [1/1] (0.00ns)   --->   "%mrv_10 = insertvalue i14400 %mrv_9, i32 %out_mem_459_load" [top_wrapper.cpp:123]   --->   Operation 1449 'insertvalue' 'mrv_10' <Predicate = (icmp_ln39)> <Delay = 0.00>
ST_2 : Operation 1450 [1/1] (0.00ns)   --->   "%mrv_11 = insertvalue i14400 %mrv_10, i32 %out_mem_460_load" [top_wrapper.cpp:123]   --->   Operation 1450 'insertvalue' 'mrv_11' <Predicate = (icmp_ln39)> <Delay = 0.00>
ST_2 : Operation 1451 [1/1] (0.00ns)   --->   "%mrv_12 = insertvalue i14400 %mrv_11, i32 %out_mem_461_load" [top_wrapper.cpp:123]   --->   Operation 1451 'insertvalue' 'mrv_12' <Predicate = (icmp_ln39)> <Delay = 0.00>
ST_2 : Operation 1452 [1/1] (0.00ns)   --->   "%mrv_13 = insertvalue i14400 %mrv_12, i32 %out_mem_462_load" [top_wrapper.cpp:123]   --->   Operation 1452 'insertvalue' 'mrv_13' <Predicate = (icmp_ln39)> <Delay = 0.00>
ST_2 : Operation 1453 [1/1] (0.00ns)   --->   "%mrv_14 = insertvalue i14400 %mrv_13, i32 %out_mem_463_load" [top_wrapper.cpp:123]   --->   Operation 1453 'insertvalue' 'mrv_14' <Predicate = (icmp_ln39)> <Delay = 0.00>
ST_2 : Operation 1454 [1/1] (0.00ns)   --->   "%mrv_15 = insertvalue i14400 %mrv_14, i32 %out_mem_464_load" [top_wrapper.cpp:123]   --->   Operation 1454 'insertvalue' 'mrv_15' <Predicate = (icmp_ln39)> <Delay = 0.00>
ST_2 : Operation 1455 [1/1] (0.00ns)   --->   "%mrv_16 = insertvalue i14400 %mrv_15, i32 %out_mem_465_load" [top_wrapper.cpp:123]   --->   Operation 1455 'insertvalue' 'mrv_16' <Predicate = (icmp_ln39)> <Delay = 0.00>
ST_2 : Operation 1456 [1/1] (0.00ns)   --->   "%mrv_17 = insertvalue i14400 %mrv_16, i32 %out_mem_466_load" [top_wrapper.cpp:123]   --->   Operation 1456 'insertvalue' 'mrv_17' <Predicate = (icmp_ln39)> <Delay = 0.00>
ST_2 : Operation 1457 [1/1] (0.00ns)   --->   "%mrv_18 = insertvalue i14400 %mrv_17, i32 %out_mem_467_load" [top_wrapper.cpp:123]   --->   Operation 1457 'insertvalue' 'mrv_18' <Predicate = (icmp_ln39)> <Delay = 0.00>
ST_2 : Operation 1458 [1/1] (0.00ns)   --->   "%mrv_19 = insertvalue i14400 %mrv_18, i32 %out_mem_468_load" [top_wrapper.cpp:123]   --->   Operation 1458 'insertvalue' 'mrv_19' <Predicate = (icmp_ln39)> <Delay = 0.00>
ST_2 : Operation 1459 [1/1] (0.00ns)   --->   "%mrv_20 = insertvalue i14400 %mrv_19, i32 %out_mem_469_load" [top_wrapper.cpp:123]   --->   Operation 1459 'insertvalue' 'mrv_20' <Predicate = (icmp_ln39)> <Delay = 0.00>
ST_2 : Operation 1460 [1/1] (0.00ns)   --->   "%mrv_21 = insertvalue i14400 %mrv_20, i32 %out_mem_470_load" [top_wrapper.cpp:123]   --->   Operation 1460 'insertvalue' 'mrv_21' <Predicate = (icmp_ln39)> <Delay = 0.00>
ST_2 : Operation 1461 [1/1] (0.00ns)   --->   "%mrv_22 = insertvalue i14400 %mrv_21, i32 %out_mem_471_load" [top_wrapper.cpp:123]   --->   Operation 1461 'insertvalue' 'mrv_22' <Predicate = (icmp_ln39)> <Delay = 0.00>
ST_2 : Operation 1462 [1/1] (0.00ns)   --->   "%mrv_23 = insertvalue i14400 %mrv_22, i32 %out_mem_472_load" [top_wrapper.cpp:123]   --->   Operation 1462 'insertvalue' 'mrv_23' <Predicate = (icmp_ln39)> <Delay = 0.00>
ST_2 : Operation 1463 [1/1] (0.00ns)   --->   "%mrv_24 = insertvalue i14400 %mrv_23, i32 %out_mem_473_load" [top_wrapper.cpp:123]   --->   Operation 1463 'insertvalue' 'mrv_24' <Predicate = (icmp_ln39)> <Delay = 0.00>
ST_2 : Operation 1464 [1/1] (0.00ns)   --->   "%mrv_25 = insertvalue i14400 %mrv_24, i32 %out_mem_474_load" [top_wrapper.cpp:123]   --->   Operation 1464 'insertvalue' 'mrv_25' <Predicate = (icmp_ln39)> <Delay = 0.00>
ST_2 : Operation 1465 [1/1] (0.00ns)   --->   "%mrv_26 = insertvalue i14400 %mrv_25, i32 %out_mem_475_load" [top_wrapper.cpp:123]   --->   Operation 1465 'insertvalue' 'mrv_26' <Predicate = (icmp_ln39)> <Delay = 0.00>
ST_2 : Operation 1466 [1/1] (0.00ns)   --->   "%mrv_27 = insertvalue i14400 %mrv_26, i32 %out_mem_476_load" [top_wrapper.cpp:123]   --->   Operation 1466 'insertvalue' 'mrv_27' <Predicate = (icmp_ln39)> <Delay = 0.00>
ST_2 : Operation 1467 [1/1] (0.00ns)   --->   "%mrv_28 = insertvalue i14400 %mrv_27, i32 %out_mem_477_load" [top_wrapper.cpp:123]   --->   Operation 1467 'insertvalue' 'mrv_28' <Predicate = (icmp_ln39)> <Delay = 0.00>
ST_2 : Operation 1468 [1/1] (0.00ns)   --->   "%mrv_29 = insertvalue i14400 %mrv_28, i32 %out_mem_478_load" [top_wrapper.cpp:123]   --->   Operation 1468 'insertvalue' 'mrv_29' <Predicate = (icmp_ln39)> <Delay = 0.00>
ST_2 : Operation 1469 [1/1] (0.00ns)   --->   "%mrv_30 = insertvalue i14400 %mrv_29, i32 %out_mem_479_load" [top_wrapper.cpp:123]   --->   Operation 1469 'insertvalue' 'mrv_30' <Predicate = (icmp_ln39)> <Delay = 0.00>
ST_2 : Operation 1470 [1/1] (0.00ns)   --->   "%mrv_31 = insertvalue i14400 %mrv_30, i32 %out_mem_480_load" [top_wrapper.cpp:123]   --->   Operation 1470 'insertvalue' 'mrv_31' <Predicate = (icmp_ln39)> <Delay = 0.00>
ST_2 : Operation 1471 [1/1] (0.00ns)   --->   "%mrv_32 = insertvalue i14400 %mrv_31, i32 %out_mem_481_load" [top_wrapper.cpp:123]   --->   Operation 1471 'insertvalue' 'mrv_32' <Predicate = (icmp_ln39)> <Delay = 0.00>
ST_2 : Operation 1472 [1/1] (0.00ns)   --->   "%mrv_33 = insertvalue i14400 %mrv_32, i32 %out_mem_482_load" [top_wrapper.cpp:123]   --->   Operation 1472 'insertvalue' 'mrv_33' <Predicate = (icmp_ln39)> <Delay = 0.00>
ST_2 : Operation 1473 [1/1] (0.00ns)   --->   "%mrv_34 = insertvalue i14400 %mrv_33, i32 %out_mem_483_load" [top_wrapper.cpp:123]   --->   Operation 1473 'insertvalue' 'mrv_34' <Predicate = (icmp_ln39)> <Delay = 0.00>
ST_2 : Operation 1474 [1/1] (0.00ns)   --->   "%mrv_35 = insertvalue i14400 %mrv_34, i32 %out_mem_484_load" [top_wrapper.cpp:123]   --->   Operation 1474 'insertvalue' 'mrv_35' <Predicate = (icmp_ln39)> <Delay = 0.00>
ST_2 : Operation 1475 [1/1] (0.00ns)   --->   "%mrv_36 = insertvalue i14400 %mrv_35, i32 %out_mem_485_load" [top_wrapper.cpp:123]   --->   Operation 1475 'insertvalue' 'mrv_36' <Predicate = (icmp_ln39)> <Delay = 0.00>
ST_2 : Operation 1476 [1/1] (0.00ns)   --->   "%mrv_37 = insertvalue i14400 %mrv_36, i32 %out_mem_486_load" [top_wrapper.cpp:123]   --->   Operation 1476 'insertvalue' 'mrv_37' <Predicate = (icmp_ln39)> <Delay = 0.00>
ST_2 : Operation 1477 [1/1] (0.00ns)   --->   "%mrv_38 = insertvalue i14400 %mrv_37, i32 %out_mem_487_load" [top_wrapper.cpp:123]   --->   Operation 1477 'insertvalue' 'mrv_38' <Predicate = (icmp_ln39)> <Delay = 0.00>
ST_2 : Operation 1478 [1/1] (0.00ns)   --->   "%mrv_39 = insertvalue i14400 %mrv_38, i32 %out_mem_488_load" [top_wrapper.cpp:123]   --->   Operation 1478 'insertvalue' 'mrv_39' <Predicate = (icmp_ln39)> <Delay = 0.00>
ST_2 : Operation 1479 [1/1] (0.00ns)   --->   "%mrv_40 = insertvalue i14400 %mrv_39, i32 %out_mem_489_load" [top_wrapper.cpp:123]   --->   Operation 1479 'insertvalue' 'mrv_40' <Predicate = (icmp_ln39)> <Delay = 0.00>
ST_2 : Operation 1480 [1/1] (0.00ns)   --->   "%mrv_41 = insertvalue i14400 %mrv_40, i32 %out_mem_490_load" [top_wrapper.cpp:123]   --->   Operation 1480 'insertvalue' 'mrv_41' <Predicate = (icmp_ln39)> <Delay = 0.00>
ST_2 : Operation 1481 [1/1] (0.00ns)   --->   "%mrv_42 = insertvalue i14400 %mrv_41, i32 %out_mem_491_load" [top_wrapper.cpp:123]   --->   Operation 1481 'insertvalue' 'mrv_42' <Predicate = (icmp_ln39)> <Delay = 0.00>
ST_2 : Operation 1482 [1/1] (0.00ns)   --->   "%mrv_43 = insertvalue i14400 %mrv_42, i32 %out_mem_492_load" [top_wrapper.cpp:123]   --->   Operation 1482 'insertvalue' 'mrv_43' <Predicate = (icmp_ln39)> <Delay = 0.00>
ST_2 : Operation 1483 [1/1] (0.00ns)   --->   "%mrv_44 = insertvalue i14400 %mrv_43, i32 %out_mem_493_load" [top_wrapper.cpp:123]   --->   Operation 1483 'insertvalue' 'mrv_44' <Predicate = (icmp_ln39)> <Delay = 0.00>
ST_2 : Operation 1484 [1/1] (0.00ns)   --->   "%mrv_45 = insertvalue i14400 %mrv_44, i32 %out_mem_494_load" [top_wrapper.cpp:123]   --->   Operation 1484 'insertvalue' 'mrv_45' <Predicate = (icmp_ln39)> <Delay = 0.00>
ST_2 : Operation 1485 [1/1] (0.00ns)   --->   "%mrv_46 = insertvalue i14400 %mrv_45, i32 %out_mem_495_load" [top_wrapper.cpp:123]   --->   Operation 1485 'insertvalue' 'mrv_46' <Predicate = (icmp_ln39)> <Delay = 0.00>
ST_2 : Operation 1486 [1/1] (0.00ns)   --->   "%mrv_47 = insertvalue i14400 %mrv_46, i32 %out_mem_496_load" [top_wrapper.cpp:123]   --->   Operation 1486 'insertvalue' 'mrv_47' <Predicate = (icmp_ln39)> <Delay = 0.00>
ST_2 : Operation 1487 [1/1] (0.00ns)   --->   "%mrv_48 = insertvalue i14400 %mrv_47, i32 %out_mem_497_load" [top_wrapper.cpp:123]   --->   Operation 1487 'insertvalue' 'mrv_48' <Predicate = (icmp_ln39)> <Delay = 0.00>
ST_2 : Operation 1488 [1/1] (0.00ns)   --->   "%mrv_49 = insertvalue i14400 %mrv_48, i32 %out_mem_498_load" [top_wrapper.cpp:123]   --->   Operation 1488 'insertvalue' 'mrv_49' <Predicate = (icmp_ln39)> <Delay = 0.00>
ST_2 : Operation 1489 [1/1] (0.00ns)   --->   "%mrv_50 = insertvalue i14400 %mrv_49, i32 %out_mem_499_load" [top_wrapper.cpp:123]   --->   Operation 1489 'insertvalue' 'mrv_50' <Predicate = (icmp_ln39)> <Delay = 0.00>
ST_2 : Operation 1490 [1/1] (0.00ns)   --->   "%mrv_51 = insertvalue i14400 %mrv_50, i32 %out_mem_500_load" [top_wrapper.cpp:123]   --->   Operation 1490 'insertvalue' 'mrv_51' <Predicate = (icmp_ln39)> <Delay = 0.00>
ST_2 : Operation 1491 [1/1] (0.00ns)   --->   "%mrv_52 = insertvalue i14400 %mrv_51, i32 %out_mem_501_load" [top_wrapper.cpp:123]   --->   Operation 1491 'insertvalue' 'mrv_52' <Predicate = (icmp_ln39)> <Delay = 0.00>
ST_2 : Operation 1492 [1/1] (0.00ns)   --->   "%mrv_53 = insertvalue i14400 %mrv_52, i32 %out_mem_502_load" [top_wrapper.cpp:123]   --->   Operation 1492 'insertvalue' 'mrv_53' <Predicate = (icmp_ln39)> <Delay = 0.00>
ST_2 : Operation 1493 [1/1] (0.00ns)   --->   "%mrv_54 = insertvalue i14400 %mrv_53, i32 %out_mem_503_load" [top_wrapper.cpp:123]   --->   Operation 1493 'insertvalue' 'mrv_54' <Predicate = (icmp_ln39)> <Delay = 0.00>
ST_2 : Operation 1494 [1/1] (0.00ns)   --->   "%mrv_55 = insertvalue i14400 %mrv_54, i32 %out_mem_504_load" [top_wrapper.cpp:123]   --->   Operation 1494 'insertvalue' 'mrv_55' <Predicate = (icmp_ln39)> <Delay = 0.00>
ST_2 : Operation 1495 [1/1] (0.00ns)   --->   "%mrv_56 = insertvalue i14400 %mrv_55, i32 %out_mem_505_load" [top_wrapper.cpp:123]   --->   Operation 1495 'insertvalue' 'mrv_56' <Predicate = (icmp_ln39)> <Delay = 0.00>
ST_2 : Operation 1496 [1/1] (0.00ns)   --->   "%mrv_57 = insertvalue i14400 %mrv_56, i32 %out_mem_506_load" [top_wrapper.cpp:123]   --->   Operation 1496 'insertvalue' 'mrv_57' <Predicate = (icmp_ln39)> <Delay = 0.00>
ST_2 : Operation 1497 [1/1] (0.00ns)   --->   "%mrv_58 = insertvalue i14400 %mrv_57, i32 %out_mem_507_load" [top_wrapper.cpp:123]   --->   Operation 1497 'insertvalue' 'mrv_58' <Predicate = (icmp_ln39)> <Delay = 0.00>
ST_2 : Operation 1498 [1/1] (0.00ns)   --->   "%mrv_59 = insertvalue i14400 %mrv_58, i32 %out_mem_508_load" [top_wrapper.cpp:123]   --->   Operation 1498 'insertvalue' 'mrv_59' <Predicate = (icmp_ln39)> <Delay = 0.00>
ST_2 : Operation 1499 [1/1] (0.00ns)   --->   "%mrv_60 = insertvalue i14400 %mrv_59, i32 %out_mem_509_load" [top_wrapper.cpp:123]   --->   Operation 1499 'insertvalue' 'mrv_60' <Predicate = (icmp_ln39)> <Delay = 0.00>
ST_2 : Operation 1500 [1/1] (0.00ns)   --->   "%mrv_61 = insertvalue i14400 %mrv_60, i32 %out_mem_510_load" [top_wrapper.cpp:123]   --->   Operation 1500 'insertvalue' 'mrv_61' <Predicate = (icmp_ln39)> <Delay = 0.00>
ST_2 : Operation 1501 [1/1] (0.00ns)   --->   "%mrv_62 = insertvalue i14400 %mrv_61, i32 %out_mem_511_load" [top_wrapper.cpp:123]   --->   Operation 1501 'insertvalue' 'mrv_62' <Predicate = (icmp_ln39)> <Delay = 0.00>
ST_2 : Operation 1502 [1/1] (0.00ns)   --->   "%mrv_63 = insertvalue i14400 %mrv_62, i32 %out_mem_512_load" [top_wrapper.cpp:123]   --->   Operation 1502 'insertvalue' 'mrv_63' <Predicate = (icmp_ln39)> <Delay = 0.00>
ST_2 : Operation 1503 [1/1] (0.00ns)   --->   "%mrv_64 = insertvalue i14400 %mrv_63, i32 %out_mem_513_load" [top_wrapper.cpp:123]   --->   Operation 1503 'insertvalue' 'mrv_64' <Predicate = (icmp_ln39)> <Delay = 0.00>
ST_2 : Operation 1504 [1/1] (0.00ns)   --->   "%mrv_65 = insertvalue i14400 %mrv_64, i32 %out_mem_514_load" [top_wrapper.cpp:123]   --->   Operation 1504 'insertvalue' 'mrv_65' <Predicate = (icmp_ln39)> <Delay = 0.00>
ST_2 : Operation 1505 [1/1] (0.00ns)   --->   "%mrv_66 = insertvalue i14400 %mrv_65, i32 %out_mem_515_load" [top_wrapper.cpp:123]   --->   Operation 1505 'insertvalue' 'mrv_66' <Predicate = (icmp_ln39)> <Delay = 0.00>
ST_2 : Operation 1506 [1/1] (0.00ns)   --->   "%mrv_67 = insertvalue i14400 %mrv_66, i32 %out_mem_516_load" [top_wrapper.cpp:123]   --->   Operation 1506 'insertvalue' 'mrv_67' <Predicate = (icmp_ln39)> <Delay = 0.00>
ST_2 : Operation 1507 [1/1] (0.00ns)   --->   "%mrv_68 = insertvalue i14400 %mrv_67, i32 %out_mem_517_load" [top_wrapper.cpp:123]   --->   Operation 1507 'insertvalue' 'mrv_68' <Predicate = (icmp_ln39)> <Delay = 0.00>
ST_2 : Operation 1508 [1/1] (0.00ns)   --->   "%mrv_69 = insertvalue i14400 %mrv_68, i32 %out_mem_518_load" [top_wrapper.cpp:123]   --->   Operation 1508 'insertvalue' 'mrv_69' <Predicate = (icmp_ln39)> <Delay = 0.00>
ST_2 : Operation 1509 [1/1] (0.00ns)   --->   "%mrv_70 = insertvalue i14400 %mrv_69, i32 %out_mem_519_load" [top_wrapper.cpp:123]   --->   Operation 1509 'insertvalue' 'mrv_70' <Predicate = (icmp_ln39)> <Delay = 0.00>
ST_2 : Operation 1510 [1/1] (0.00ns)   --->   "%mrv_71 = insertvalue i14400 %mrv_70, i32 %out_mem_520_load" [top_wrapper.cpp:123]   --->   Operation 1510 'insertvalue' 'mrv_71' <Predicate = (icmp_ln39)> <Delay = 0.00>
ST_2 : Operation 1511 [1/1] (0.00ns)   --->   "%mrv_72 = insertvalue i14400 %mrv_71, i32 %out_mem_521_load" [top_wrapper.cpp:123]   --->   Operation 1511 'insertvalue' 'mrv_72' <Predicate = (icmp_ln39)> <Delay = 0.00>
ST_2 : Operation 1512 [1/1] (0.00ns)   --->   "%mrv_73 = insertvalue i14400 %mrv_72, i32 %out_mem_522_load" [top_wrapper.cpp:123]   --->   Operation 1512 'insertvalue' 'mrv_73' <Predicate = (icmp_ln39)> <Delay = 0.00>
ST_2 : Operation 1513 [1/1] (0.00ns)   --->   "%mrv_74 = insertvalue i14400 %mrv_73, i32 %out_mem_523_load" [top_wrapper.cpp:123]   --->   Operation 1513 'insertvalue' 'mrv_74' <Predicate = (icmp_ln39)> <Delay = 0.00>
ST_2 : Operation 1514 [1/1] (0.00ns)   --->   "%mrv_75 = insertvalue i14400 %mrv_74, i32 %out_mem_524_load" [top_wrapper.cpp:123]   --->   Operation 1514 'insertvalue' 'mrv_75' <Predicate = (icmp_ln39)> <Delay = 0.00>
ST_2 : Operation 1515 [1/1] (0.00ns)   --->   "%mrv_76 = insertvalue i14400 %mrv_75, i32 %out_mem_525_load" [top_wrapper.cpp:123]   --->   Operation 1515 'insertvalue' 'mrv_76' <Predicate = (icmp_ln39)> <Delay = 0.00>
ST_2 : Operation 1516 [1/1] (0.00ns)   --->   "%mrv_77 = insertvalue i14400 %mrv_76, i32 %out_mem_526_load" [top_wrapper.cpp:123]   --->   Operation 1516 'insertvalue' 'mrv_77' <Predicate = (icmp_ln39)> <Delay = 0.00>
ST_2 : Operation 1517 [1/1] (0.00ns)   --->   "%mrv_78 = insertvalue i14400 %mrv_77, i32 %out_mem_527_load" [top_wrapper.cpp:123]   --->   Operation 1517 'insertvalue' 'mrv_78' <Predicate = (icmp_ln39)> <Delay = 0.00>
ST_2 : Operation 1518 [1/1] (0.00ns)   --->   "%mrv_79 = insertvalue i14400 %mrv_78, i32 %out_mem_528_load" [top_wrapper.cpp:123]   --->   Operation 1518 'insertvalue' 'mrv_79' <Predicate = (icmp_ln39)> <Delay = 0.00>
ST_2 : Operation 1519 [1/1] (0.00ns)   --->   "%mrv_80 = insertvalue i14400 %mrv_79, i32 %out_mem_529_load" [top_wrapper.cpp:123]   --->   Operation 1519 'insertvalue' 'mrv_80' <Predicate = (icmp_ln39)> <Delay = 0.00>
ST_2 : Operation 1520 [1/1] (0.00ns)   --->   "%mrv_81 = insertvalue i14400 %mrv_80, i32 %out_mem_530_load" [top_wrapper.cpp:123]   --->   Operation 1520 'insertvalue' 'mrv_81' <Predicate = (icmp_ln39)> <Delay = 0.00>
ST_2 : Operation 1521 [1/1] (0.00ns)   --->   "%mrv_82 = insertvalue i14400 %mrv_81, i32 %out_mem_531_load" [top_wrapper.cpp:123]   --->   Operation 1521 'insertvalue' 'mrv_82' <Predicate = (icmp_ln39)> <Delay = 0.00>
ST_2 : Operation 1522 [1/1] (0.00ns)   --->   "%mrv_83 = insertvalue i14400 %mrv_82, i32 %out_mem_532_load" [top_wrapper.cpp:123]   --->   Operation 1522 'insertvalue' 'mrv_83' <Predicate = (icmp_ln39)> <Delay = 0.00>
ST_2 : Operation 1523 [1/1] (0.00ns)   --->   "%mrv_84 = insertvalue i14400 %mrv_83, i32 %out_mem_533_load" [top_wrapper.cpp:123]   --->   Operation 1523 'insertvalue' 'mrv_84' <Predicate = (icmp_ln39)> <Delay = 0.00>
ST_2 : Operation 1524 [1/1] (0.00ns)   --->   "%mrv_85 = insertvalue i14400 %mrv_84, i32 %out_mem_534_load" [top_wrapper.cpp:123]   --->   Operation 1524 'insertvalue' 'mrv_85' <Predicate = (icmp_ln39)> <Delay = 0.00>
ST_2 : Operation 1525 [1/1] (0.00ns)   --->   "%mrv_86 = insertvalue i14400 %mrv_85, i32 %out_mem_535_load" [top_wrapper.cpp:123]   --->   Operation 1525 'insertvalue' 'mrv_86' <Predicate = (icmp_ln39)> <Delay = 0.00>
ST_2 : Operation 1526 [1/1] (0.00ns)   --->   "%mrv_87 = insertvalue i14400 %mrv_86, i32 %out_mem_536_load" [top_wrapper.cpp:123]   --->   Operation 1526 'insertvalue' 'mrv_87' <Predicate = (icmp_ln39)> <Delay = 0.00>
ST_2 : Operation 1527 [1/1] (0.00ns)   --->   "%mrv_88 = insertvalue i14400 %mrv_87, i32 %out_mem_537_load" [top_wrapper.cpp:123]   --->   Operation 1527 'insertvalue' 'mrv_88' <Predicate = (icmp_ln39)> <Delay = 0.00>
ST_2 : Operation 1528 [1/1] (0.00ns)   --->   "%mrv_89 = insertvalue i14400 %mrv_88, i32 %out_mem_538_load" [top_wrapper.cpp:123]   --->   Operation 1528 'insertvalue' 'mrv_89' <Predicate = (icmp_ln39)> <Delay = 0.00>
ST_2 : Operation 1529 [1/1] (0.00ns)   --->   "%mrv_90 = insertvalue i14400 %mrv_89, i32 %out_mem_539_load" [top_wrapper.cpp:123]   --->   Operation 1529 'insertvalue' 'mrv_90' <Predicate = (icmp_ln39)> <Delay = 0.00>
ST_2 : Operation 1530 [1/1] (0.00ns)   --->   "%mrv_91 = insertvalue i14400 %mrv_90, i32 %out_mem_540_load" [top_wrapper.cpp:123]   --->   Operation 1530 'insertvalue' 'mrv_91' <Predicate = (icmp_ln39)> <Delay = 0.00>
ST_2 : Operation 1531 [1/1] (0.00ns)   --->   "%mrv_92 = insertvalue i14400 %mrv_91, i32 %out_mem_541_load" [top_wrapper.cpp:123]   --->   Operation 1531 'insertvalue' 'mrv_92' <Predicate = (icmp_ln39)> <Delay = 0.00>
ST_2 : Operation 1532 [1/1] (0.00ns)   --->   "%mrv_93 = insertvalue i14400 %mrv_92, i32 %out_mem_542_load" [top_wrapper.cpp:123]   --->   Operation 1532 'insertvalue' 'mrv_93' <Predicate = (icmp_ln39)> <Delay = 0.00>
ST_2 : Operation 1533 [1/1] (0.00ns)   --->   "%mrv_94 = insertvalue i14400 %mrv_93, i32 %out_mem_543_load" [top_wrapper.cpp:123]   --->   Operation 1533 'insertvalue' 'mrv_94' <Predicate = (icmp_ln39)> <Delay = 0.00>
ST_2 : Operation 1534 [1/1] (0.00ns)   --->   "%mrv_95 = insertvalue i14400 %mrv_94, i32 %out_mem_544_load" [top_wrapper.cpp:123]   --->   Operation 1534 'insertvalue' 'mrv_95' <Predicate = (icmp_ln39)> <Delay = 0.00>
ST_2 : Operation 1535 [1/1] (0.00ns)   --->   "%mrv_96 = insertvalue i14400 %mrv_95, i32 %out_mem_545_load" [top_wrapper.cpp:123]   --->   Operation 1535 'insertvalue' 'mrv_96' <Predicate = (icmp_ln39)> <Delay = 0.00>
ST_2 : Operation 1536 [1/1] (0.00ns)   --->   "%mrv_97 = insertvalue i14400 %mrv_96, i32 %out_mem_546_load" [top_wrapper.cpp:123]   --->   Operation 1536 'insertvalue' 'mrv_97' <Predicate = (icmp_ln39)> <Delay = 0.00>
ST_2 : Operation 1537 [1/1] (0.00ns)   --->   "%mrv_98 = insertvalue i14400 %mrv_97, i32 %out_mem_547_load" [top_wrapper.cpp:123]   --->   Operation 1537 'insertvalue' 'mrv_98' <Predicate = (icmp_ln39)> <Delay = 0.00>
ST_2 : Operation 1538 [1/1] (0.00ns)   --->   "%mrv_99 = insertvalue i14400 %mrv_98, i32 %out_mem_548_load" [top_wrapper.cpp:123]   --->   Operation 1538 'insertvalue' 'mrv_99' <Predicate = (icmp_ln39)> <Delay = 0.00>
ST_2 : Operation 1539 [1/1] (0.00ns)   --->   "%mrv_100 = insertvalue i14400 %mrv_99, i32 %out_mem_549_load" [top_wrapper.cpp:123]   --->   Operation 1539 'insertvalue' 'mrv_100' <Predicate = (icmp_ln39)> <Delay = 0.00>
ST_2 : Operation 1540 [1/1] (0.00ns)   --->   "%mrv_101 = insertvalue i14400 %mrv_100, i32 %out_mem_550_load" [top_wrapper.cpp:123]   --->   Operation 1540 'insertvalue' 'mrv_101' <Predicate = (icmp_ln39)> <Delay = 0.00>
ST_2 : Operation 1541 [1/1] (0.00ns)   --->   "%mrv_102 = insertvalue i14400 %mrv_101, i32 %out_mem_551_load" [top_wrapper.cpp:123]   --->   Operation 1541 'insertvalue' 'mrv_102' <Predicate = (icmp_ln39)> <Delay = 0.00>
ST_2 : Operation 1542 [1/1] (0.00ns)   --->   "%mrv_103 = insertvalue i14400 %mrv_102, i32 %out_mem_552_load" [top_wrapper.cpp:123]   --->   Operation 1542 'insertvalue' 'mrv_103' <Predicate = (icmp_ln39)> <Delay = 0.00>
ST_2 : Operation 1543 [1/1] (0.00ns)   --->   "%mrv_104 = insertvalue i14400 %mrv_103, i32 %out_mem_553_load" [top_wrapper.cpp:123]   --->   Operation 1543 'insertvalue' 'mrv_104' <Predicate = (icmp_ln39)> <Delay = 0.00>
ST_2 : Operation 1544 [1/1] (0.00ns)   --->   "%mrv_105 = insertvalue i14400 %mrv_104, i32 %out_mem_554_load" [top_wrapper.cpp:123]   --->   Operation 1544 'insertvalue' 'mrv_105' <Predicate = (icmp_ln39)> <Delay = 0.00>
ST_2 : Operation 1545 [1/1] (0.00ns)   --->   "%mrv_106 = insertvalue i14400 %mrv_105, i32 %out_mem_555_load" [top_wrapper.cpp:123]   --->   Operation 1545 'insertvalue' 'mrv_106' <Predicate = (icmp_ln39)> <Delay = 0.00>
ST_2 : Operation 1546 [1/1] (0.00ns)   --->   "%mrv_107 = insertvalue i14400 %mrv_106, i32 %out_mem_556_load" [top_wrapper.cpp:123]   --->   Operation 1546 'insertvalue' 'mrv_107' <Predicate = (icmp_ln39)> <Delay = 0.00>
ST_2 : Operation 1547 [1/1] (0.00ns)   --->   "%mrv_108 = insertvalue i14400 %mrv_107, i32 %out_mem_557_load" [top_wrapper.cpp:123]   --->   Operation 1547 'insertvalue' 'mrv_108' <Predicate = (icmp_ln39)> <Delay = 0.00>
ST_2 : Operation 1548 [1/1] (0.00ns)   --->   "%mrv_109 = insertvalue i14400 %mrv_108, i32 %out_mem_558_load" [top_wrapper.cpp:123]   --->   Operation 1548 'insertvalue' 'mrv_109' <Predicate = (icmp_ln39)> <Delay = 0.00>
ST_2 : Operation 1549 [1/1] (0.00ns)   --->   "%mrv_110 = insertvalue i14400 %mrv_109, i32 %out_mem_559_load" [top_wrapper.cpp:123]   --->   Operation 1549 'insertvalue' 'mrv_110' <Predicate = (icmp_ln39)> <Delay = 0.00>
ST_2 : Operation 1550 [1/1] (0.00ns)   --->   "%mrv_111 = insertvalue i14400 %mrv_110, i32 %out_mem_560_load" [top_wrapper.cpp:123]   --->   Operation 1550 'insertvalue' 'mrv_111' <Predicate = (icmp_ln39)> <Delay = 0.00>
ST_2 : Operation 1551 [1/1] (0.00ns)   --->   "%mrv_112 = insertvalue i14400 %mrv_111, i32 %out_mem_561_load" [top_wrapper.cpp:123]   --->   Operation 1551 'insertvalue' 'mrv_112' <Predicate = (icmp_ln39)> <Delay = 0.00>
ST_2 : Operation 1552 [1/1] (0.00ns)   --->   "%mrv_113 = insertvalue i14400 %mrv_112, i32 %out_mem_562_load" [top_wrapper.cpp:123]   --->   Operation 1552 'insertvalue' 'mrv_113' <Predicate = (icmp_ln39)> <Delay = 0.00>
ST_2 : Operation 1553 [1/1] (0.00ns)   --->   "%mrv_114 = insertvalue i14400 %mrv_113, i32 %out_mem_563_load" [top_wrapper.cpp:123]   --->   Operation 1553 'insertvalue' 'mrv_114' <Predicate = (icmp_ln39)> <Delay = 0.00>
ST_2 : Operation 1554 [1/1] (0.00ns)   --->   "%mrv_115 = insertvalue i14400 %mrv_114, i32 %out_mem_564_load" [top_wrapper.cpp:123]   --->   Operation 1554 'insertvalue' 'mrv_115' <Predicate = (icmp_ln39)> <Delay = 0.00>
ST_2 : Operation 1555 [1/1] (0.00ns)   --->   "%mrv_116 = insertvalue i14400 %mrv_115, i32 %out_mem_565_load" [top_wrapper.cpp:123]   --->   Operation 1555 'insertvalue' 'mrv_116' <Predicate = (icmp_ln39)> <Delay = 0.00>
ST_2 : Operation 1556 [1/1] (0.00ns)   --->   "%mrv_117 = insertvalue i14400 %mrv_116, i32 %out_mem_566_load" [top_wrapper.cpp:123]   --->   Operation 1556 'insertvalue' 'mrv_117' <Predicate = (icmp_ln39)> <Delay = 0.00>
ST_2 : Operation 1557 [1/1] (0.00ns)   --->   "%mrv_118 = insertvalue i14400 %mrv_117, i32 %out_mem_567_load" [top_wrapper.cpp:123]   --->   Operation 1557 'insertvalue' 'mrv_118' <Predicate = (icmp_ln39)> <Delay = 0.00>
ST_2 : Operation 1558 [1/1] (0.00ns)   --->   "%mrv_119 = insertvalue i14400 %mrv_118, i32 %out_mem_568_load" [top_wrapper.cpp:123]   --->   Operation 1558 'insertvalue' 'mrv_119' <Predicate = (icmp_ln39)> <Delay = 0.00>
ST_2 : Operation 1559 [1/1] (0.00ns)   --->   "%mrv_120 = insertvalue i14400 %mrv_119, i32 %out_mem_569_load" [top_wrapper.cpp:123]   --->   Operation 1559 'insertvalue' 'mrv_120' <Predicate = (icmp_ln39)> <Delay = 0.00>
ST_2 : Operation 1560 [1/1] (0.00ns)   --->   "%mrv_121 = insertvalue i14400 %mrv_120, i32 %out_mem_570_load" [top_wrapper.cpp:123]   --->   Operation 1560 'insertvalue' 'mrv_121' <Predicate = (icmp_ln39)> <Delay = 0.00>
ST_2 : Operation 1561 [1/1] (0.00ns)   --->   "%mrv_122 = insertvalue i14400 %mrv_121, i32 %out_mem_571_load" [top_wrapper.cpp:123]   --->   Operation 1561 'insertvalue' 'mrv_122' <Predicate = (icmp_ln39)> <Delay = 0.00>
ST_2 : Operation 1562 [1/1] (0.00ns)   --->   "%mrv_123 = insertvalue i14400 %mrv_122, i32 %out_mem_572_load" [top_wrapper.cpp:123]   --->   Operation 1562 'insertvalue' 'mrv_123' <Predicate = (icmp_ln39)> <Delay = 0.00>
ST_2 : Operation 1563 [1/1] (0.00ns)   --->   "%mrv_124 = insertvalue i14400 %mrv_123, i32 %out_mem_573_load" [top_wrapper.cpp:123]   --->   Operation 1563 'insertvalue' 'mrv_124' <Predicate = (icmp_ln39)> <Delay = 0.00>
ST_2 : Operation 1564 [1/1] (0.00ns)   --->   "%mrv_125 = insertvalue i14400 %mrv_124, i32 %out_mem_574_load" [top_wrapper.cpp:123]   --->   Operation 1564 'insertvalue' 'mrv_125' <Predicate = (icmp_ln39)> <Delay = 0.00>
ST_2 : Operation 1565 [1/1] (0.00ns)   --->   "%mrv_126 = insertvalue i14400 %mrv_125, i32 %out_mem_575_load" [top_wrapper.cpp:123]   --->   Operation 1565 'insertvalue' 'mrv_126' <Predicate = (icmp_ln39)> <Delay = 0.00>
ST_2 : Operation 1566 [1/1] (0.00ns)   --->   "%mrv_127 = insertvalue i14400 %mrv_126, i32 %out_mem_576_load" [top_wrapper.cpp:123]   --->   Operation 1566 'insertvalue' 'mrv_127' <Predicate = (icmp_ln39)> <Delay = 0.00>
ST_2 : Operation 1567 [1/1] (0.00ns)   --->   "%mrv_128 = insertvalue i14400 %mrv_127, i32 %out_mem_577_load" [top_wrapper.cpp:123]   --->   Operation 1567 'insertvalue' 'mrv_128' <Predicate = (icmp_ln39)> <Delay = 0.00>
ST_2 : Operation 1568 [1/1] (0.00ns)   --->   "%mrv_129 = insertvalue i14400 %mrv_128, i32 %out_mem_578_load" [top_wrapper.cpp:123]   --->   Operation 1568 'insertvalue' 'mrv_129' <Predicate = (icmp_ln39)> <Delay = 0.00>
ST_2 : Operation 1569 [1/1] (0.00ns)   --->   "%mrv_130 = insertvalue i14400 %mrv_129, i32 %out_mem_579_load" [top_wrapper.cpp:123]   --->   Operation 1569 'insertvalue' 'mrv_130' <Predicate = (icmp_ln39)> <Delay = 0.00>
ST_2 : Operation 1570 [1/1] (0.00ns)   --->   "%mrv_131 = insertvalue i14400 %mrv_130, i32 %out_mem_580_load" [top_wrapper.cpp:123]   --->   Operation 1570 'insertvalue' 'mrv_131' <Predicate = (icmp_ln39)> <Delay = 0.00>
ST_2 : Operation 1571 [1/1] (0.00ns)   --->   "%mrv_132 = insertvalue i14400 %mrv_131, i32 %out_mem_581_load" [top_wrapper.cpp:123]   --->   Operation 1571 'insertvalue' 'mrv_132' <Predicate = (icmp_ln39)> <Delay = 0.00>
ST_2 : Operation 1572 [1/1] (0.00ns)   --->   "%mrv_133 = insertvalue i14400 %mrv_132, i32 %out_mem_582_load" [top_wrapper.cpp:123]   --->   Operation 1572 'insertvalue' 'mrv_133' <Predicate = (icmp_ln39)> <Delay = 0.00>
ST_2 : Operation 1573 [1/1] (0.00ns)   --->   "%mrv_134 = insertvalue i14400 %mrv_133, i32 %out_mem_583_load" [top_wrapper.cpp:123]   --->   Operation 1573 'insertvalue' 'mrv_134' <Predicate = (icmp_ln39)> <Delay = 0.00>
ST_2 : Operation 1574 [1/1] (0.00ns)   --->   "%mrv_135 = insertvalue i14400 %mrv_134, i32 %out_mem_584_load" [top_wrapper.cpp:123]   --->   Operation 1574 'insertvalue' 'mrv_135' <Predicate = (icmp_ln39)> <Delay = 0.00>
ST_2 : Operation 1575 [1/1] (0.00ns)   --->   "%mrv_136 = insertvalue i14400 %mrv_135, i32 %out_mem_585_load" [top_wrapper.cpp:123]   --->   Operation 1575 'insertvalue' 'mrv_136' <Predicate = (icmp_ln39)> <Delay = 0.00>
ST_2 : Operation 1576 [1/1] (0.00ns)   --->   "%mrv_137 = insertvalue i14400 %mrv_136, i32 %out_mem_586_load" [top_wrapper.cpp:123]   --->   Operation 1576 'insertvalue' 'mrv_137' <Predicate = (icmp_ln39)> <Delay = 0.00>
ST_2 : Operation 1577 [1/1] (0.00ns)   --->   "%mrv_138 = insertvalue i14400 %mrv_137, i32 %out_mem_587_load" [top_wrapper.cpp:123]   --->   Operation 1577 'insertvalue' 'mrv_138' <Predicate = (icmp_ln39)> <Delay = 0.00>
ST_2 : Operation 1578 [1/1] (0.00ns)   --->   "%mrv_139 = insertvalue i14400 %mrv_138, i32 %out_mem_588_load" [top_wrapper.cpp:123]   --->   Operation 1578 'insertvalue' 'mrv_139' <Predicate = (icmp_ln39)> <Delay = 0.00>
ST_2 : Operation 1579 [1/1] (0.00ns)   --->   "%mrv_140 = insertvalue i14400 %mrv_139, i32 %out_mem_589_load" [top_wrapper.cpp:123]   --->   Operation 1579 'insertvalue' 'mrv_140' <Predicate = (icmp_ln39)> <Delay = 0.00>
ST_2 : Operation 1580 [1/1] (0.00ns)   --->   "%mrv_141 = insertvalue i14400 %mrv_140, i32 %out_mem_590_load" [top_wrapper.cpp:123]   --->   Operation 1580 'insertvalue' 'mrv_141' <Predicate = (icmp_ln39)> <Delay = 0.00>
ST_2 : Operation 1581 [1/1] (0.00ns)   --->   "%mrv_142 = insertvalue i14400 %mrv_141, i32 %out_mem_591_load" [top_wrapper.cpp:123]   --->   Operation 1581 'insertvalue' 'mrv_142' <Predicate = (icmp_ln39)> <Delay = 0.00>
ST_2 : Operation 1582 [1/1] (0.00ns)   --->   "%mrv_143 = insertvalue i14400 %mrv_142, i32 %out_mem_592_load" [top_wrapper.cpp:123]   --->   Operation 1582 'insertvalue' 'mrv_143' <Predicate = (icmp_ln39)> <Delay = 0.00>
ST_2 : Operation 1583 [1/1] (0.00ns)   --->   "%mrv_144 = insertvalue i14400 %mrv_143, i32 %out_mem_593_load" [top_wrapper.cpp:123]   --->   Operation 1583 'insertvalue' 'mrv_144' <Predicate = (icmp_ln39)> <Delay = 0.00>
ST_2 : Operation 1584 [1/1] (0.00ns)   --->   "%mrv_145 = insertvalue i14400 %mrv_144, i32 %out_mem_594_load" [top_wrapper.cpp:123]   --->   Operation 1584 'insertvalue' 'mrv_145' <Predicate = (icmp_ln39)> <Delay = 0.00>
ST_2 : Operation 1585 [1/1] (0.00ns)   --->   "%mrv_146 = insertvalue i14400 %mrv_145, i32 %out_mem_595_load" [top_wrapper.cpp:123]   --->   Operation 1585 'insertvalue' 'mrv_146' <Predicate = (icmp_ln39)> <Delay = 0.00>
ST_2 : Operation 1586 [1/1] (0.00ns)   --->   "%mrv_147 = insertvalue i14400 %mrv_146, i32 %out_mem_596_load" [top_wrapper.cpp:123]   --->   Operation 1586 'insertvalue' 'mrv_147' <Predicate = (icmp_ln39)> <Delay = 0.00>
ST_2 : Operation 1587 [1/1] (0.00ns)   --->   "%mrv_148 = insertvalue i14400 %mrv_147, i32 %out_mem_597_load" [top_wrapper.cpp:123]   --->   Operation 1587 'insertvalue' 'mrv_148' <Predicate = (icmp_ln39)> <Delay = 0.00>
ST_2 : Operation 1588 [1/1] (0.00ns)   --->   "%mrv_149 = insertvalue i14400 %mrv_148, i32 %out_mem_598_load" [top_wrapper.cpp:123]   --->   Operation 1588 'insertvalue' 'mrv_149' <Predicate = (icmp_ln39)> <Delay = 0.00>
ST_2 : Operation 1589 [1/1] (0.00ns)   --->   "%mrv_150 = insertvalue i14400 %mrv_149, i32 %out_mem_599_load" [top_wrapper.cpp:123]   --->   Operation 1589 'insertvalue' 'mrv_150' <Predicate = (icmp_ln39)> <Delay = 0.00>
ST_2 : Operation 1590 [1/1] (0.00ns)   --->   "%mrv_151 = insertvalue i14400 %mrv_150, i32 %out_mem_600_load" [top_wrapper.cpp:123]   --->   Operation 1590 'insertvalue' 'mrv_151' <Predicate = (icmp_ln39)> <Delay = 0.00>
ST_2 : Operation 1591 [1/1] (0.00ns)   --->   "%mrv_152 = insertvalue i14400 %mrv_151, i32 %out_mem_601_load" [top_wrapper.cpp:123]   --->   Operation 1591 'insertvalue' 'mrv_152' <Predicate = (icmp_ln39)> <Delay = 0.00>
ST_2 : Operation 1592 [1/1] (0.00ns)   --->   "%mrv_153 = insertvalue i14400 %mrv_152, i32 %out_mem_602_load" [top_wrapper.cpp:123]   --->   Operation 1592 'insertvalue' 'mrv_153' <Predicate = (icmp_ln39)> <Delay = 0.00>
ST_2 : Operation 1593 [1/1] (0.00ns)   --->   "%mrv_154 = insertvalue i14400 %mrv_153, i32 %out_mem_603_load" [top_wrapper.cpp:123]   --->   Operation 1593 'insertvalue' 'mrv_154' <Predicate = (icmp_ln39)> <Delay = 0.00>
ST_2 : Operation 1594 [1/1] (0.00ns)   --->   "%mrv_155 = insertvalue i14400 %mrv_154, i32 %out_mem_604_load" [top_wrapper.cpp:123]   --->   Operation 1594 'insertvalue' 'mrv_155' <Predicate = (icmp_ln39)> <Delay = 0.00>
ST_2 : Operation 1595 [1/1] (0.00ns)   --->   "%mrv_156 = insertvalue i14400 %mrv_155, i32 %out_mem_605_load" [top_wrapper.cpp:123]   --->   Operation 1595 'insertvalue' 'mrv_156' <Predicate = (icmp_ln39)> <Delay = 0.00>
ST_2 : Operation 1596 [1/1] (0.00ns)   --->   "%mrv_157 = insertvalue i14400 %mrv_156, i32 %out_mem_606_load" [top_wrapper.cpp:123]   --->   Operation 1596 'insertvalue' 'mrv_157' <Predicate = (icmp_ln39)> <Delay = 0.00>
ST_2 : Operation 1597 [1/1] (0.00ns)   --->   "%mrv_158 = insertvalue i14400 %mrv_157, i32 %out_mem_607_load" [top_wrapper.cpp:123]   --->   Operation 1597 'insertvalue' 'mrv_158' <Predicate = (icmp_ln39)> <Delay = 0.00>
ST_2 : Operation 1598 [1/1] (0.00ns)   --->   "%mrv_159 = insertvalue i14400 %mrv_158, i32 %out_mem_608_load" [top_wrapper.cpp:123]   --->   Operation 1598 'insertvalue' 'mrv_159' <Predicate = (icmp_ln39)> <Delay = 0.00>
ST_2 : Operation 1599 [1/1] (0.00ns)   --->   "%mrv_160 = insertvalue i14400 %mrv_159, i32 %out_mem_609_load" [top_wrapper.cpp:123]   --->   Operation 1599 'insertvalue' 'mrv_160' <Predicate = (icmp_ln39)> <Delay = 0.00>
ST_2 : Operation 1600 [1/1] (0.00ns)   --->   "%mrv_161 = insertvalue i14400 %mrv_160, i32 %out_mem_610_load" [top_wrapper.cpp:123]   --->   Operation 1600 'insertvalue' 'mrv_161' <Predicate = (icmp_ln39)> <Delay = 0.00>
ST_2 : Operation 1601 [1/1] (0.00ns)   --->   "%mrv_162 = insertvalue i14400 %mrv_161, i32 %out_mem_611_load" [top_wrapper.cpp:123]   --->   Operation 1601 'insertvalue' 'mrv_162' <Predicate = (icmp_ln39)> <Delay = 0.00>
ST_2 : Operation 1602 [1/1] (0.00ns)   --->   "%mrv_163 = insertvalue i14400 %mrv_162, i32 %out_mem_612_load" [top_wrapper.cpp:123]   --->   Operation 1602 'insertvalue' 'mrv_163' <Predicate = (icmp_ln39)> <Delay = 0.00>
ST_2 : Operation 1603 [1/1] (0.00ns)   --->   "%mrv_164 = insertvalue i14400 %mrv_163, i32 %out_mem_613_load" [top_wrapper.cpp:123]   --->   Operation 1603 'insertvalue' 'mrv_164' <Predicate = (icmp_ln39)> <Delay = 0.00>
ST_2 : Operation 1604 [1/1] (0.00ns)   --->   "%mrv_165 = insertvalue i14400 %mrv_164, i32 %out_mem_614_load" [top_wrapper.cpp:123]   --->   Operation 1604 'insertvalue' 'mrv_165' <Predicate = (icmp_ln39)> <Delay = 0.00>
ST_2 : Operation 1605 [1/1] (0.00ns)   --->   "%mrv_166 = insertvalue i14400 %mrv_165, i32 %out_mem_615_load" [top_wrapper.cpp:123]   --->   Operation 1605 'insertvalue' 'mrv_166' <Predicate = (icmp_ln39)> <Delay = 0.00>
ST_2 : Operation 1606 [1/1] (0.00ns)   --->   "%mrv_167 = insertvalue i14400 %mrv_166, i32 %out_mem_616_load" [top_wrapper.cpp:123]   --->   Operation 1606 'insertvalue' 'mrv_167' <Predicate = (icmp_ln39)> <Delay = 0.00>
ST_2 : Operation 1607 [1/1] (0.00ns)   --->   "%mrv_168 = insertvalue i14400 %mrv_167, i32 %out_mem_617_load" [top_wrapper.cpp:123]   --->   Operation 1607 'insertvalue' 'mrv_168' <Predicate = (icmp_ln39)> <Delay = 0.00>
ST_2 : Operation 1608 [1/1] (0.00ns)   --->   "%mrv_169 = insertvalue i14400 %mrv_168, i32 %out_mem_618_load" [top_wrapper.cpp:123]   --->   Operation 1608 'insertvalue' 'mrv_169' <Predicate = (icmp_ln39)> <Delay = 0.00>
ST_2 : Operation 1609 [1/1] (0.00ns)   --->   "%mrv_170 = insertvalue i14400 %mrv_169, i32 %out_mem_619_load" [top_wrapper.cpp:123]   --->   Operation 1609 'insertvalue' 'mrv_170' <Predicate = (icmp_ln39)> <Delay = 0.00>
ST_2 : Operation 1610 [1/1] (0.00ns)   --->   "%mrv_171 = insertvalue i14400 %mrv_170, i32 %out_mem_620_load" [top_wrapper.cpp:123]   --->   Operation 1610 'insertvalue' 'mrv_171' <Predicate = (icmp_ln39)> <Delay = 0.00>
ST_2 : Operation 1611 [1/1] (0.00ns)   --->   "%mrv_172 = insertvalue i14400 %mrv_171, i32 %out_mem_621_load" [top_wrapper.cpp:123]   --->   Operation 1611 'insertvalue' 'mrv_172' <Predicate = (icmp_ln39)> <Delay = 0.00>
ST_2 : Operation 1612 [1/1] (0.00ns)   --->   "%mrv_173 = insertvalue i14400 %mrv_172, i32 %out_mem_622_load" [top_wrapper.cpp:123]   --->   Operation 1612 'insertvalue' 'mrv_173' <Predicate = (icmp_ln39)> <Delay = 0.00>
ST_2 : Operation 1613 [1/1] (0.00ns)   --->   "%mrv_174 = insertvalue i14400 %mrv_173, i32 %out_mem_623_load" [top_wrapper.cpp:123]   --->   Operation 1613 'insertvalue' 'mrv_174' <Predicate = (icmp_ln39)> <Delay = 0.00>
ST_2 : Operation 1614 [1/1] (0.00ns)   --->   "%mrv_175 = insertvalue i14400 %mrv_174, i32 %out_mem_624_load" [top_wrapper.cpp:123]   --->   Operation 1614 'insertvalue' 'mrv_175' <Predicate = (icmp_ln39)> <Delay = 0.00>
ST_2 : Operation 1615 [1/1] (0.00ns)   --->   "%mrv_176 = insertvalue i14400 %mrv_175, i32 %out_mem_625_load" [top_wrapper.cpp:123]   --->   Operation 1615 'insertvalue' 'mrv_176' <Predicate = (icmp_ln39)> <Delay = 0.00>
ST_2 : Operation 1616 [1/1] (0.00ns)   --->   "%mrv_177 = insertvalue i14400 %mrv_176, i32 %out_mem_626_load" [top_wrapper.cpp:123]   --->   Operation 1616 'insertvalue' 'mrv_177' <Predicate = (icmp_ln39)> <Delay = 0.00>
ST_2 : Operation 1617 [1/1] (0.00ns)   --->   "%mrv_178 = insertvalue i14400 %mrv_177, i32 %out_mem_627_load" [top_wrapper.cpp:123]   --->   Operation 1617 'insertvalue' 'mrv_178' <Predicate = (icmp_ln39)> <Delay = 0.00>
ST_2 : Operation 1618 [1/1] (0.00ns)   --->   "%mrv_179 = insertvalue i14400 %mrv_178, i32 %out_mem_628_load" [top_wrapper.cpp:123]   --->   Operation 1618 'insertvalue' 'mrv_179' <Predicate = (icmp_ln39)> <Delay = 0.00>
ST_2 : Operation 1619 [1/1] (0.00ns)   --->   "%mrv_180 = insertvalue i14400 %mrv_179, i32 %out_mem_629_load" [top_wrapper.cpp:123]   --->   Operation 1619 'insertvalue' 'mrv_180' <Predicate = (icmp_ln39)> <Delay = 0.00>
ST_2 : Operation 1620 [1/1] (0.00ns)   --->   "%mrv_181 = insertvalue i14400 %mrv_180, i32 %out_mem_630_load" [top_wrapper.cpp:123]   --->   Operation 1620 'insertvalue' 'mrv_181' <Predicate = (icmp_ln39)> <Delay = 0.00>
ST_2 : Operation 1621 [1/1] (0.00ns)   --->   "%mrv_182 = insertvalue i14400 %mrv_181, i32 %out_mem_631_load" [top_wrapper.cpp:123]   --->   Operation 1621 'insertvalue' 'mrv_182' <Predicate = (icmp_ln39)> <Delay = 0.00>
ST_2 : Operation 1622 [1/1] (0.00ns)   --->   "%mrv_183 = insertvalue i14400 %mrv_182, i32 %out_mem_632_load" [top_wrapper.cpp:123]   --->   Operation 1622 'insertvalue' 'mrv_183' <Predicate = (icmp_ln39)> <Delay = 0.00>
ST_2 : Operation 1623 [1/1] (0.00ns)   --->   "%mrv_184 = insertvalue i14400 %mrv_183, i32 %out_mem_633_load" [top_wrapper.cpp:123]   --->   Operation 1623 'insertvalue' 'mrv_184' <Predicate = (icmp_ln39)> <Delay = 0.00>
ST_2 : Operation 1624 [1/1] (0.00ns)   --->   "%mrv_185 = insertvalue i14400 %mrv_184, i32 %out_mem_634_load" [top_wrapper.cpp:123]   --->   Operation 1624 'insertvalue' 'mrv_185' <Predicate = (icmp_ln39)> <Delay = 0.00>
ST_2 : Operation 1625 [1/1] (0.00ns)   --->   "%mrv_186 = insertvalue i14400 %mrv_185, i32 %out_mem_635_load" [top_wrapper.cpp:123]   --->   Operation 1625 'insertvalue' 'mrv_186' <Predicate = (icmp_ln39)> <Delay = 0.00>
ST_2 : Operation 1626 [1/1] (0.00ns)   --->   "%mrv_187 = insertvalue i14400 %mrv_186, i32 %out_mem_636_load" [top_wrapper.cpp:123]   --->   Operation 1626 'insertvalue' 'mrv_187' <Predicate = (icmp_ln39)> <Delay = 0.00>
ST_2 : Operation 1627 [1/1] (0.00ns)   --->   "%mrv_188 = insertvalue i14400 %mrv_187, i32 %out_mem_637_load" [top_wrapper.cpp:123]   --->   Operation 1627 'insertvalue' 'mrv_188' <Predicate = (icmp_ln39)> <Delay = 0.00>
ST_2 : Operation 1628 [1/1] (0.00ns)   --->   "%mrv_189 = insertvalue i14400 %mrv_188, i32 %out_mem_638_load" [top_wrapper.cpp:123]   --->   Operation 1628 'insertvalue' 'mrv_189' <Predicate = (icmp_ln39)> <Delay = 0.00>
ST_2 : Operation 1629 [1/1] (0.00ns)   --->   "%mrv_190 = insertvalue i14400 %mrv_189, i32 %out_mem_639_load" [top_wrapper.cpp:123]   --->   Operation 1629 'insertvalue' 'mrv_190' <Predicate = (icmp_ln39)> <Delay = 0.00>
ST_2 : Operation 1630 [1/1] (0.00ns)   --->   "%mrv_191 = insertvalue i14400 %mrv_190, i32 %out_mem_640_load" [top_wrapper.cpp:123]   --->   Operation 1630 'insertvalue' 'mrv_191' <Predicate = (icmp_ln39)> <Delay = 0.00>
ST_2 : Operation 1631 [1/1] (0.00ns)   --->   "%mrv_192 = insertvalue i14400 %mrv_191, i32 %out_mem_641_load" [top_wrapper.cpp:123]   --->   Operation 1631 'insertvalue' 'mrv_192' <Predicate = (icmp_ln39)> <Delay = 0.00>
ST_2 : Operation 1632 [1/1] (0.00ns)   --->   "%mrv_193 = insertvalue i14400 %mrv_192, i32 %out_mem_642_load" [top_wrapper.cpp:123]   --->   Operation 1632 'insertvalue' 'mrv_193' <Predicate = (icmp_ln39)> <Delay = 0.00>
ST_2 : Operation 1633 [1/1] (0.00ns)   --->   "%mrv_194 = insertvalue i14400 %mrv_193, i32 %out_mem_643_load" [top_wrapper.cpp:123]   --->   Operation 1633 'insertvalue' 'mrv_194' <Predicate = (icmp_ln39)> <Delay = 0.00>
ST_2 : Operation 1634 [1/1] (0.00ns)   --->   "%mrv_195 = insertvalue i14400 %mrv_194, i32 %out_mem_644_load" [top_wrapper.cpp:123]   --->   Operation 1634 'insertvalue' 'mrv_195' <Predicate = (icmp_ln39)> <Delay = 0.00>
ST_2 : Operation 1635 [1/1] (0.00ns)   --->   "%mrv_196 = insertvalue i14400 %mrv_195, i32 %out_mem_645_load" [top_wrapper.cpp:123]   --->   Operation 1635 'insertvalue' 'mrv_196' <Predicate = (icmp_ln39)> <Delay = 0.00>
ST_2 : Operation 1636 [1/1] (0.00ns)   --->   "%mrv_197 = insertvalue i14400 %mrv_196, i32 %out_mem_646_load" [top_wrapper.cpp:123]   --->   Operation 1636 'insertvalue' 'mrv_197' <Predicate = (icmp_ln39)> <Delay = 0.00>
ST_2 : Operation 1637 [1/1] (0.00ns)   --->   "%mrv_198 = insertvalue i14400 %mrv_197, i32 %out_mem_647_load" [top_wrapper.cpp:123]   --->   Operation 1637 'insertvalue' 'mrv_198' <Predicate = (icmp_ln39)> <Delay = 0.00>
ST_2 : Operation 1638 [1/1] (0.00ns)   --->   "%mrv_199 = insertvalue i14400 %mrv_198, i32 %out_mem_648_load" [top_wrapper.cpp:123]   --->   Operation 1638 'insertvalue' 'mrv_199' <Predicate = (icmp_ln39)> <Delay = 0.00>
ST_2 : Operation 1639 [1/1] (0.00ns)   --->   "%mrv_200 = insertvalue i14400 %mrv_199, i32 %out_mem_649_load" [top_wrapper.cpp:123]   --->   Operation 1639 'insertvalue' 'mrv_200' <Predicate = (icmp_ln39)> <Delay = 0.00>
ST_2 : Operation 1640 [1/1] (0.00ns)   --->   "%mrv_201 = insertvalue i14400 %mrv_200, i32 %out_mem_650_load" [top_wrapper.cpp:123]   --->   Operation 1640 'insertvalue' 'mrv_201' <Predicate = (icmp_ln39)> <Delay = 0.00>
ST_2 : Operation 1641 [1/1] (0.00ns)   --->   "%mrv_202 = insertvalue i14400 %mrv_201, i32 %out_mem_651_load" [top_wrapper.cpp:123]   --->   Operation 1641 'insertvalue' 'mrv_202' <Predicate = (icmp_ln39)> <Delay = 0.00>
ST_2 : Operation 1642 [1/1] (0.00ns)   --->   "%mrv_203 = insertvalue i14400 %mrv_202, i32 %out_mem_652_load" [top_wrapper.cpp:123]   --->   Operation 1642 'insertvalue' 'mrv_203' <Predicate = (icmp_ln39)> <Delay = 0.00>
ST_2 : Operation 1643 [1/1] (0.00ns)   --->   "%mrv_204 = insertvalue i14400 %mrv_203, i32 %out_mem_653_load" [top_wrapper.cpp:123]   --->   Operation 1643 'insertvalue' 'mrv_204' <Predicate = (icmp_ln39)> <Delay = 0.00>
ST_2 : Operation 1644 [1/1] (0.00ns)   --->   "%mrv_205 = insertvalue i14400 %mrv_204, i32 %out_mem_654_load" [top_wrapper.cpp:123]   --->   Operation 1644 'insertvalue' 'mrv_205' <Predicate = (icmp_ln39)> <Delay = 0.00>
ST_2 : Operation 1645 [1/1] (0.00ns)   --->   "%mrv_206 = insertvalue i14400 %mrv_205, i32 %out_mem_655_load" [top_wrapper.cpp:123]   --->   Operation 1645 'insertvalue' 'mrv_206' <Predicate = (icmp_ln39)> <Delay = 0.00>
ST_2 : Operation 1646 [1/1] (0.00ns)   --->   "%mrv_207 = insertvalue i14400 %mrv_206, i32 %out_mem_656_load" [top_wrapper.cpp:123]   --->   Operation 1646 'insertvalue' 'mrv_207' <Predicate = (icmp_ln39)> <Delay = 0.00>
ST_2 : Operation 1647 [1/1] (0.00ns)   --->   "%mrv_208 = insertvalue i14400 %mrv_207, i32 %out_mem_657_load" [top_wrapper.cpp:123]   --->   Operation 1647 'insertvalue' 'mrv_208' <Predicate = (icmp_ln39)> <Delay = 0.00>
ST_2 : Operation 1648 [1/1] (0.00ns)   --->   "%mrv_209 = insertvalue i14400 %mrv_208, i32 %out_mem_658_load" [top_wrapper.cpp:123]   --->   Operation 1648 'insertvalue' 'mrv_209' <Predicate = (icmp_ln39)> <Delay = 0.00>
ST_2 : Operation 1649 [1/1] (0.00ns)   --->   "%mrv_210 = insertvalue i14400 %mrv_209, i32 %out_mem_659_load" [top_wrapper.cpp:123]   --->   Operation 1649 'insertvalue' 'mrv_210' <Predicate = (icmp_ln39)> <Delay = 0.00>
ST_2 : Operation 1650 [1/1] (0.00ns)   --->   "%mrv_211 = insertvalue i14400 %mrv_210, i32 %out_mem_660_load" [top_wrapper.cpp:123]   --->   Operation 1650 'insertvalue' 'mrv_211' <Predicate = (icmp_ln39)> <Delay = 0.00>
ST_2 : Operation 1651 [1/1] (0.00ns)   --->   "%mrv_212 = insertvalue i14400 %mrv_211, i32 %out_mem_661_load" [top_wrapper.cpp:123]   --->   Operation 1651 'insertvalue' 'mrv_212' <Predicate = (icmp_ln39)> <Delay = 0.00>
ST_2 : Operation 1652 [1/1] (0.00ns)   --->   "%mrv_213 = insertvalue i14400 %mrv_212, i32 %out_mem_662_load" [top_wrapper.cpp:123]   --->   Operation 1652 'insertvalue' 'mrv_213' <Predicate = (icmp_ln39)> <Delay = 0.00>
ST_2 : Operation 1653 [1/1] (0.00ns)   --->   "%mrv_214 = insertvalue i14400 %mrv_213, i32 %out_mem_663_load" [top_wrapper.cpp:123]   --->   Operation 1653 'insertvalue' 'mrv_214' <Predicate = (icmp_ln39)> <Delay = 0.00>
ST_2 : Operation 1654 [1/1] (0.00ns)   --->   "%mrv_215 = insertvalue i14400 %mrv_214, i32 %out_mem_664_load" [top_wrapper.cpp:123]   --->   Operation 1654 'insertvalue' 'mrv_215' <Predicate = (icmp_ln39)> <Delay = 0.00>
ST_2 : Operation 1655 [1/1] (0.00ns)   --->   "%mrv_216 = insertvalue i14400 %mrv_215, i32 %out_mem_665_load" [top_wrapper.cpp:123]   --->   Operation 1655 'insertvalue' 'mrv_216' <Predicate = (icmp_ln39)> <Delay = 0.00>
ST_2 : Operation 1656 [1/1] (0.00ns)   --->   "%mrv_217 = insertvalue i14400 %mrv_216, i32 %out_mem_666_load" [top_wrapper.cpp:123]   --->   Operation 1656 'insertvalue' 'mrv_217' <Predicate = (icmp_ln39)> <Delay = 0.00>
ST_2 : Operation 1657 [1/1] (0.00ns)   --->   "%mrv_218 = insertvalue i14400 %mrv_217, i32 %out_mem_667_load" [top_wrapper.cpp:123]   --->   Operation 1657 'insertvalue' 'mrv_218' <Predicate = (icmp_ln39)> <Delay = 0.00>
ST_2 : Operation 1658 [1/1] (0.00ns)   --->   "%mrv_219 = insertvalue i14400 %mrv_218, i32 %out_mem_668_load" [top_wrapper.cpp:123]   --->   Operation 1658 'insertvalue' 'mrv_219' <Predicate = (icmp_ln39)> <Delay = 0.00>
ST_2 : Operation 1659 [1/1] (0.00ns)   --->   "%mrv_220 = insertvalue i14400 %mrv_219, i32 %out_mem_669_load" [top_wrapper.cpp:123]   --->   Operation 1659 'insertvalue' 'mrv_220' <Predicate = (icmp_ln39)> <Delay = 0.00>
ST_2 : Operation 1660 [1/1] (0.00ns)   --->   "%mrv_221 = insertvalue i14400 %mrv_220, i32 %out_mem_670_load" [top_wrapper.cpp:123]   --->   Operation 1660 'insertvalue' 'mrv_221' <Predicate = (icmp_ln39)> <Delay = 0.00>
ST_2 : Operation 1661 [1/1] (0.00ns)   --->   "%mrv_222 = insertvalue i14400 %mrv_221, i32 %out_mem_671_load" [top_wrapper.cpp:123]   --->   Operation 1661 'insertvalue' 'mrv_222' <Predicate = (icmp_ln39)> <Delay = 0.00>
ST_2 : Operation 1662 [1/1] (0.00ns)   --->   "%mrv_223 = insertvalue i14400 %mrv_222, i32 %out_mem_672_load" [top_wrapper.cpp:123]   --->   Operation 1662 'insertvalue' 'mrv_223' <Predicate = (icmp_ln39)> <Delay = 0.00>
ST_2 : Operation 1663 [1/1] (0.00ns)   --->   "%mrv_224 = insertvalue i14400 %mrv_223, i32 %out_mem_673_load" [top_wrapper.cpp:123]   --->   Operation 1663 'insertvalue' 'mrv_224' <Predicate = (icmp_ln39)> <Delay = 0.00>
ST_2 : Operation 1664 [1/1] (0.00ns)   --->   "%mrv_225 = insertvalue i14400 %mrv_224, i32 %out_mem_674_load" [top_wrapper.cpp:123]   --->   Operation 1664 'insertvalue' 'mrv_225' <Predicate = (icmp_ln39)> <Delay = 0.00>
ST_2 : Operation 1665 [1/1] (0.00ns)   --->   "%mrv_226 = insertvalue i14400 %mrv_225, i32 %out_mem_675_load" [top_wrapper.cpp:123]   --->   Operation 1665 'insertvalue' 'mrv_226' <Predicate = (icmp_ln39)> <Delay = 0.00>
ST_2 : Operation 1666 [1/1] (0.00ns)   --->   "%mrv_227 = insertvalue i14400 %mrv_226, i32 %out_mem_676_load" [top_wrapper.cpp:123]   --->   Operation 1666 'insertvalue' 'mrv_227' <Predicate = (icmp_ln39)> <Delay = 0.00>
ST_2 : Operation 1667 [1/1] (0.00ns)   --->   "%mrv_228 = insertvalue i14400 %mrv_227, i32 %out_mem_677_load" [top_wrapper.cpp:123]   --->   Operation 1667 'insertvalue' 'mrv_228' <Predicate = (icmp_ln39)> <Delay = 0.00>
ST_2 : Operation 1668 [1/1] (0.00ns)   --->   "%mrv_229 = insertvalue i14400 %mrv_228, i32 %out_mem_678_load" [top_wrapper.cpp:123]   --->   Operation 1668 'insertvalue' 'mrv_229' <Predicate = (icmp_ln39)> <Delay = 0.00>
ST_2 : Operation 1669 [1/1] (0.00ns)   --->   "%mrv_230 = insertvalue i14400 %mrv_229, i32 %out_mem_679_load" [top_wrapper.cpp:123]   --->   Operation 1669 'insertvalue' 'mrv_230' <Predicate = (icmp_ln39)> <Delay = 0.00>
ST_2 : Operation 1670 [1/1] (0.00ns)   --->   "%mrv_231 = insertvalue i14400 %mrv_230, i32 %out_mem_680_load" [top_wrapper.cpp:123]   --->   Operation 1670 'insertvalue' 'mrv_231' <Predicate = (icmp_ln39)> <Delay = 0.00>
ST_2 : Operation 1671 [1/1] (0.00ns)   --->   "%mrv_232 = insertvalue i14400 %mrv_231, i32 %out_mem_681_load" [top_wrapper.cpp:123]   --->   Operation 1671 'insertvalue' 'mrv_232' <Predicate = (icmp_ln39)> <Delay = 0.00>
ST_2 : Operation 1672 [1/1] (0.00ns)   --->   "%mrv_233 = insertvalue i14400 %mrv_232, i32 %out_mem_682_load" [top_wrapper.cpp:123]   --->   Operation 1672 'insertvalue' 'mrv_233' <Predicate = (icmp_ln39)> <Delay = 0.00>
ST_2 : Operation 1673 [1/1] (0.00ns)   --->   "%mrv_234 = insertvalue i14400 %mrv_233, i32 %out_mem_683_load" [top_wrapper.cpp:123]   --->   Operation 1673 'insertvalue' 'mrv_234' <Predicate = (icmp_ln39)> <Delay = 0.00>
ST_2 : Operation 1674 [1/1] (0.00ns)   --->   "%mrv_235 = insertvalue i14400 %mrv_234, i32 %out_mem_684_load" [top_wrapper.cpp:123]   --->   Operation 1674 'insertvalue' 'mrv_235' <Predicate = (icmp_ln39)> <Delay = 0.00>
ST_2 : Operation 1675 [1/1] (0.00ns)   --->   "%mrv_236 = insertvalue i14400 %mrv_235, i32 %out_mem_685_load" [top_wrapper.cpp:123]   --->   Operation 1675 'insertvalue' 'mrv_236' <Predicate = (icmp_ln39)> <Delay = 0.00>
ST_2 : Operation 1676 [1/1] (0.00ns)   --->   "%mrv_237 = insertvalue i14400 %mrv_236, i32 %out_mem_686_load" [top_wrapper.cpp:123]   --->   Operation 1676 'insertvalue' 'mrv_237' <Predicate = (icmp_ln39)> <Delay = 0.00>
ST_2 : Operation 1677 [1/1] (0.00ns)   --->   "%mrv_238 = insertvalue i14400 %mrv_237, i32 %out_mem_687_load" [top_wrapper.cpp:123]   --->   Operation 1677 'insertvalue' 'mrv_238' <Predicate = (icmp_ln39)> <Delay = 0.00>
ST_2 : Operation 1678 [1/1] (0.00ns)   --->   "%mrv_239 = insertvalue i14400 %mrv_238, i32 %out_mem_688_load" [top_wrapper.cpp:123]   --->   Operation 1678 'insertvalue' 'mrv_239' <Predicate = (icmp_ln39)> <Delay = 0.00>
ST_2 : Operation 1679 [1/1] (0.00ns)   --->   "%mrv_240 = insertvalue i14400 %mrv_239, i32 %out_mem_689_load" [top_wrapper.cpp:123]   --->   Operation 1679 'insertvalue' 'mrv_240' <Predicate = (icmp_ln39)> <Delay = 0.00>
ST_2 : Operation 1680 [1/1] (0.00ns)   --->   "%mrv_241 = insertvalue i14400 %mrv_240, i32 %out_mem_690_load" [top_wrapper.cpp:123]   --->   Operation 1680 'insertvalue' 'mrv_241' <Predicate = (icmp_ln39)> <Delay = 0.00>
ST_2 : Operation 1681 [1/1] (0.00ns)   --->   "%mrv_242 = insertvalue i14400 %mrv_241, i32 %out_mem_691_load" [top_wrapper.cpp:123]   --->   Operation 1681 'insertvalue' 'mrv_242' <Predicate = (icmp_ln39)> <Delay = 0.00>
ST_2 : Operation 1682 [1/1] (0.00ns)   --->   "%mrv_243 = insertvalue i14400 %mrv_242, i32 %out_mem_692_load" [top_wrapper.cpp:123]   --->   Operation 1682 'insertvalue' 'mrv_243' <Predicate = (icmp_ln39)> <Delay = 0.00>
ST_2 : Operation 1683 [1/1] (0.00ns)   --->   "%mrv_244 = insertvalue i14400 %mrv_243, i32 %out_mem_693_load" [top_wrapper.cpp:123]   --->   Operation 1683 'insertvalue' 'mrv_244' <Predicate = (icmp_ln39)> <Delay = 0.00>
ST_2 : Operation 1684 [1/1] (0.00ns)   --->   "%mrv_245 = insertvalue i14400 %mrv_244, i32 %out_mem_694_load" [top_wrapper.cpp:123]   --->   Operation 1684 'insertvalue' 'mrv_245' <Predicate = (icmp_ln39)> <Delay = 0.00>
ST_2 : Operation 1685 [1/1] (0.00ns)   --->   "%mrv_246 = insertvalue i14400 %mrv_245, i32 %out_mem_695_load" [top_wrapper.cpp:123]   --->   Operation 1685 'insertvalue' 'mrv_246' <Predicate = (icmp_ln39)> <Delay = 0.00>
ST_2 : Operation 1686 [1/1] (0.00ns)   --->   "%mrv_247 = insertvalue i14400 %mrv_246, i32 %out_mem_696_load" [top_wrapper.cpp:123]   --->   Operation 1686 'insertvalue' 'mrv_247' <Predicate = (icmp_ln39)> <Delay = 0.00>
ST_2 : Operation 1687 [1/1] (0.00ns)   --->   "%mrv_248 = insertvalue i14400 %mrv_247, i32 %out_mem_697_load" [top_wrapper.cpp:123]   --->   Operation 1687 'insertvalue' 'mrv_248' <Predicate = (icmp_ln39)> <Delay = 0.00>
ST_2 : Operation 1688 [1/1] (0.00ns)   --->   "%mrv_249 = insertvalue i14400 %mrv_248, i32 %out_mem_698_load" [top_wrapper.cpp:123]   --->   Operation 1688 'insertvalue' 'mrv_249' <Predicate = (icmp_ln39)> <Delay = 0.00>
ST_2 : Operation 1689 [1/1] (0.00ns)   --->   "%mrv_250 = insertvalue i14400 %mrv_249, i32 %out_mem_699_load" [top_wrapper.cpp:123]   --->   Operation 1689 'insertvalue' 'mrv_250' <Predicate = (icmp_ln39)> <Delay = 0.00>
ST_2 : Operation 1690 [1/1] (0.00ns)   --->   "%mrv_251 = insertvalue i14400 %mrv_250, i32 %out_mem_700_load" [top_wrapper.cpp:123]   --->   Operation 1690 'insertvalue' 'mrv_251' <Predicate = (icmp_ln39)> <Delay = 0.00>
ST_2 : Operation 1691 [1/1] (0.00ns)   --->   "%mrv_252 = insertvalue i14400 %mrv_251, i32 %out_mem_701_load" [top_wrapper.cpp:123]   --->   Operation 1691 'insertvalue' 'mrv_252' <Predicate = (icmp_ln39)> <Delay = 0.00>
ST_2 : Operation 1692 [1/1] (0.00ns)   --->   "%mrv_253 = insertvalue i14400 %mrv_252, i32 %out_mem_702_load" [top_wrapper.cpp:123]   --->   Operation 1692 'insertvalue' 'mrv_253' <Predicate = (icmp_ln39)> <Delay = 0.00>
ST_2 : Operation 1693 [1/1] (0.00ns)   --->   "%mrv_254 = insertvalue i14400 %mrv_253, i32 %out_mem_703_load" [top_wrapper.cpp:123]   --->   Operation 1693 'insertvalue' 'mrv_254' <Predicate = (icmp_ln39)> <Delay = 0.00>
ST_2 : Operation 1694 [1/1] (0.00ns)   --->   "%mrv_255 = insertvalue i14400 %mrv_254, i32 %out_mem_704_load" [top_wrapper.cpp:123]   --->   Operation 1694 'insertvalue' 'mrv_255' <Predicate = (icmp_ln39)> <Delay = 0.00>
ST_2 : Operation 1695 [1/1] (0.00ns)   --->   "%mrv_256 = insertvalue i14400 %mrv_255, i32 %out_mem_705_load" [top_wrapper.cpp:123]   --->   Operation 1695 'insertvalue' 'mrv_256' <Predicate = (icmp_ln39)> <Delay = 0.00>
ST_2 : Operation 1696 [1/1] (0.00ns)   --->   "%mrv_257 = insertvalue i14400 %mrv_256, i32 %out_mem_706_load" [top_wrapper.cpp:123]   --->   Operation 1696 'insertvalue' 'mrv_257' <Predicate = (icmp_ln39)> <Delay = 0.00>
ST_2 : Operation 1697 [1/1] (0.00ns)   --->   "%mrv_258 = insertvalue i14400 %mrv_257, i32 %out_mem_707_load" [top_wrapper.cpp:123]   --->   Operation 1697 'insertvalue' 'mrv_258' <Predicate = (icmp_ln39)> <Delay = 0.00>
ST_2 : Operation 1698 [1/1] (0.00ns)   --->   "%mrv_259 = insertvalue i14400 %mrv_258, i32 %out_mem_708_load" [top_wrapper.cpp:123]   --->   Operation 1698 'insertvalue' 'mrv_259' <Predicate = (icmp_ln39)> <Delay = 0.00>
ST_2 : Operation 1699 [1/1] (0.00ns)   --->   "%mrv_260 = insertvalue i14400 %mrv_259, i32 %out_mem_709_load" [top_wrapper.cpp:123]   --->   Operation 1699 'insertvalue' 'mrv_260' <Predicate = (icmp_ln39)> <Delay = 0.00>
ST_2 : Operation 1700 [1/1] (0.00ns)   --->   "%mrv_261 = insertvalue i14400 %mrv_260, i32 %out_mem_710_load" [top_wrapper.cpp:123]   --->   Operation 1700 'insertvalue' 'mrv_261' <Predicate = (icmp_ln39)> <Delay = 0.00>
ST_2 : Operation 1701 [1/1] (0.00ns)   --->   "%mrv_262 = insertvalue i14400 %mrv_261, i32 %out_mem_711_load" [top_wrapper.cpp:123]   --->   Operation 1701 'insertvalue' 'mrv_262' <Predicate = (icmp_ln39)> <Delay = 0.00>
ST_2 : Operation 1702 [1/1] (0.00ns)   --->   "%mrv_263 = insertvalue i14400 %mrv_262, i32 %out_mem_712_load" [top_wrapper.cpp:123]   --->   Operation 1702 'insertvalue' 'mrv_263' <Predicate = (icmp_ln39)> <Delay = 0.00>
ST_2 : Operation 1703 [1/1] (0.00ns)   --->   "%mrv_264 = insertvalue i14400 %mrv_263, i32 %out_mem_713_load" [top_wrapper.cpp:123]   --->   Operation 1703 'insertvalue' 'mrv_264' <Predicate = (icmp_ln39)> <Delay = 0.00>
ST_2 : Operation 1704 [1/1] (0.00ns)   --->   "%mrv_265 = insertvalue i14400 %mrv_264, i32 %out_mem_714_load" [top_wrapper.cpp:123]   --->   Operation 1704 'insertvalue' 'mrv_265' <Predicate = (icmp_ln39)> <Delay = 0.00>
ST_2 : Operation 1705 [1/1] (0.00ns)   --->   "%mrv_266 = insertvalue i14400 %mrv_265, i32 %out_mem_715_load" [top_wrapper.cpp:123]   --->   Operation 1705 'insertvalue' 'mrv_266' <Predicate = (icmp_ln39)> <Delay = 0.00>
ST_2 : Operation 1706 [1/1] (0.00ns)   --->   "%mrv_267 = insertvalue i14400 %mrv_266, i32 %out_mem_716_load" [top_wrapper.cpp:123]   --->   Operation 1706 'insertvalue' 'mrv_267' <Predicate = (icmp_ln39)> <Delay = 0.00>
ST_2 : Operation 1707 [1/1] (0.00ns)   --->   "%mrv_268 = insertvalue i14400 %mrv_267, i32 %out_mem_717_load" [top_wrapper.cpp:123]   --->   Operation 1707 'insertvalue' 'mrv_268' <Predicate = (icmp_ln39)> <Delay = 0.00>
ST_2 : Operation 1708 [1/1] (0.00ns)   --->   "%mrv_269 = insertvalue i14400 %mrv_268, i32 %out_mem_718_load" [top_wrapper.cpp:123]   --->   Operation 1708 'insertvalue' 'mrv_269' <Predicate = (icmp_ln39)> <Delay = 0.00>
ST_2 : Operation 1709 [1/1] (0.00ns)   --->   "%mrv_270 = insertvalue i14400 %mrv_269, i32 %out_mem_719_load" [top_wrapper.cpp:123]   --->   Operation 1709 'insertvalue' 'mrv_270' <Predicate = (icmp_ln39)> <Delay = 0.00>
ST_2 : Operation 1710 [1/1] (0.00ns)   --->   "%mrv_271 = insertvalue i14400 %mrv_270, i32 %out_mem_720_load" [top_wrapper.cpp:123]   --->   Operation 1710 'insertvalue' 'mrv_271' <Predicate = (icmp_ln39)> <Delay = 0.00>
ST_2 : Operation 1711 [1/1] (0.00ns)   --->   "%mrv_272 = insertvalue i14400 %mrv_271, i32 %out_mem_721_load" [top_wrapper.cpp:123]   --->   Operation 1711 'insertvalue' 'mrv_272' <Predicate = (icmp_ln39)> <Delay = 0.00>
ST_2 : Operation 1712 [1/1] (0.00ns)   --->   "%mrv_273 = insertvalue i14400 %mrv_272, i32 %out_mem_722_load" [top_wrapper.cpp:123]   --->   Operation 1712 'insertvalue' 'mrv_273' <Predicate = (icmp_ln39)> <Delay = 0.00>
ST_2 : Operation 1713 [1/1] (0.00ns)   --->   "%mrv_274 = insertvalue i14400 %mrv_273, i32 %out_mem_723_load" [top_wrapper.cpp:123]   --->   Operation 1713 'insertvalue' 'mrv_274' <Predicate = (icmp_ln39)> <Delay = 0.00>
ST_2 : Operation 1714 [1/1] (0.00ns)   --->   "%mrv_275 = insertvalue i14400 %mrv_274, i32 %out_mem_724_load" [top_wrapper.cpp:123]   --->   Operation 1714 'insertvalue' 'mrv_275' <Predicate = (icmp_ln39)> <Delay = 0.00>
ST_2 : Operation 1715 [1/1] (0.00ns)   --->   "%mrv_276 = insertvalue i14400 %mrv_275, i32 %out_mem_725_load" [top_wrapper.cpp:123]   --->   Operation 1715 'insertvalue' 'mrv_276' <Predicate = (icmp_ln39)> <Delay = 0.00>
ST_2 : Operation 1716 [1/1] (0.00ns)   --->   "%mrv_277 = insertvalue i14400 %mrv_276, i32 %out_mem_726_load" [top_wrapper.cpp:123]   --->   Operation 1716 'insertvalue' 'mrv_277' <Predicate = (icmp_ln39)> <Delay = 0.00>
ST_2 : Operation 1717 [1/1] (0.00ns)   --->   "%mrv_278 = insertvalue i14400 %mrv_277, i32 %out_mem_727_load" [top_wrapper.cpp:123]   --->   Operation 1717 'insertvalue' 'mrv_278' <Predicate = (icmp_ln39)> <Delay = 0.00>
ST_2 : Operation 1718 [1/1] (0.00ns)   --->   "%mrv_279 = insertvalue i14400 %mrv_278, i32 %out_mem_728_load" [top_wrapper.cpp:123]   --->   Operation 1718 'insertvalue' 'mrv_279' <Predicate = (icmp_ln39)> <Delay = 0.00>
ST_2 : Operation 1719 [1/1] (0.00ns)   --->   "%mrv_280 = insertvalue i14400 %mrv_279, i32 %out_mem_729_load" [top_wrapper.cpp:123]   --->   Operation 1719 'insertvalue' 'mrv_280' <Predicate = (icmp_ln39)> <Delay = 0.00>
ST_2 : Operation 1720 [1/1] (0.00ns)   --->   "%mrv_281 = insertvalue i14400 %mrv_280, i32 %out_mem_730_load" [top_wrapper.cpp:123]   --->   Operation 1720 'insertvalue' 'mrv_281' <Predicate = (icmp_ln39)> <Delay = 0.00>
ST_2 : Operation 1721 [1/1] (0.00ns)   --->   "%mrv_282 = insertvalue i14400 %mrv_281, i32 %out_mem_731_load" [top_wrapper.cpp:123]   --->   Operation 1721 'insertvalue' 'mrv_282' <Predicate = (icmp_ln39)> <Delay = 0.00>
ST_2 : Operation 1722 [1/1] (0.00ns)   --->   "%mrv_283 = insertvalue i14400 %mrv_282, i32 %out_mem_732_load" [top_wrapper.cpp:123]   --->   Operation 1722 'insertvalue' 'mrv_283' <Predicate = (icmp_ln39)> <Delay = 0.00>
ST_2 : Operation 1723 [1/1] (0.00ns)   --->   "%mrv_284 = insertvalue i14400 %mrv_283, i32 %out_mem_733_load" [top_wrapper.cpp:123]   --->   Operation 1723 'insertvalue' 'mrv_284' <Predicate = (icmp_ln39)> <Delay = 0.00>
ST_2 : Operation 1724 [1/1] (0.00ns)   --->   "%mrv_285 = insertvalue i14400 %mrv_284, i32 %out_mem_734_load" [top_wrapper.cpp:123]   --->   Operation 1724 'insertvalue' 'mrv_285' <Predicate = (icmp_ln39)> <Delay = 0.00>
ST_2 : Operation 1725 [1/1] (0.00ns)   --->   "%mrv_286 = insertvalue i14400 %mrv_285, i32 %out_mem_735_load" [top_wrapper.cpp:123]   --->   Operation 1725 'insertvalue' 'mrv_286' <Predicate = (icmp_ln39)> <Delay = 0.00>
ST_2 : Operation 1726 [1/1] (0.00ns)   --->   "%mrv_287 = insertvalue i14400 %mrv_286, i32 %out_mem_736_load" [top_wrapper.cpp:123]   --->   Operation 1726 'insertvalue' 'mrv_287' <Predicate = (icmp_ln39)> <Delay = 0.00>
ST_2 : Operation 1727 [1/1] (0.00ns)   --->   "%mrv_288 = insertvalue i14400 %mrv_287, i32 %out_mem_737_load" [top_wrapper.cpp:123]   --->   Operation 1727 'insertvalue' 'mrv_288' <Predicate = (icmp_ln39)> <Delay = 0.00>
ST_2 : Operation 1728 [1/1] (0.00ns)   --->   "%mrv_289 = insertvalue i14400 %mrv_288, i32 %out_mem_738_load" [top_wrapper.cpp:123]   --->   Operation 1728 'insertvalue' 'mrv_289' <Predicate = (icmp_ln39)> <Delay = 0.00>
ST_2 : Operation 1729 [1/1] (0.00ns)   --->   "%mrv_290 = insertvalue i14400 %mrv_289, i32 %out_mem_739_load" [top_wrapper.cpp:123]   --->   Operation 1729 'insertvalue' 'mrv_290' <Predicate = (icmp_ln39)> <Delay = 0.00>
ST_2 : Operation 1730 [1/1] (0.00ns)   --->   "%mrv_291 = insertvalue i14400 %mrv_290, i32 %out_mem_740_load" [top_wrapper.cpp:123]   --->   Operation 1730 'insertvalue' 'mrv_291' <Predicate = (icmp_ln39)> <Delay = 0.00>
ST_2 : Operation 1731 [1/1] (0.00ns)   --->   "%mrv_292 = insertvalue i14400 %mrv_291, i32 %out_mem_741_load" [top_wrapper.cpp:123]   --->   Operation 1731 'insertvalue' 'mrv_292' <Predicate = (icmp_ln39)> <Delay = 0.00>
ST_2 : Operation 1732 [1/1] (0.00ns)   --->   "%mrv_293 = insertvalue i14400 %mrv_292, i32 %out_mem_742_load" [top_wrapper.cpp:123]   --->   Operation 1732 'insertvalue' 'mrv_293' <Predicate = (icmp_ln39)> <Delay = 0.00>
ST_2 : Operation 1733 [1/1] (0.00ns)   --->   "%mrv_294 = insertvalue i14400 %mrv_293, i32 %out_mem_743_load" [top_wrapper.cpp:123]   --->   Operation 1733 'insertvalue' 'mrv_294' <Predicate = (icmp_ln39)> <Delay = 0.00>
ST_2 : Operation 1734 [1/1] (0.00ns)   --->   "%mrv_295 = insertvalue i14400 %mrv_294, i32 %out_mem_744_load" [top_wrapper.cpp:123]   --->   Operation 1734 'insertvalue' 'mrv_295' <Predicate = (icmp_ln39)> <Delay = 0.00>
ST_2 : Operation 1735 [1/1] (0.00ns)   --->   "%mrv_296 = insertvalue i14400 %mrv_295, i32 %out_mem_745_load" [top_wrapper.cpp:123]   --->   Operation 1735 'insertvalue' 'mrv_296' <Predicate = (icmp_ln39)> <Delay = 0.00>
ST_2 : Operation 1736 [1/1] (0.00ns)   --->   "%mrv_297 = insertvalue i14400 %mrv_296, i32 %out_mem_746_load" [top_wrapper.cpp:123]   --->   Operation 1736 'insertvalue' 'mrv_297' <Predicate = (icmp_ln39)> <Delay = 0.00>
ST_2 : Operation 1737 [1/1] (0.00ns)   --->   "%mrv_298 = insertvalue i14400 %mrv_297, i32 %out_mem_747_load" [top_wrapper.cpp:123]   --->   Operation 1737 'insertvalue' 'mrv_298' <Predicate = (icmp_ln39)> <Delay = 0.00>
ST_2 : Operation 1738 [1/1] (0.00ns)   --->   "%mrv_299 = insertvalue i14400 %mrv_298, i32 %out_mem_748_load" [top_wrapper.cpp:123]   --->   Operation 1738 'insertvalue' 'mrv_299' <Predicate = (icmp_ln39)> <Delay = 0.00>
ST_2 : Operation 1739 [1/1] (0.00ns)   --->   "%mrv_300 = insertvalue i14400 %mrv_299, i32 %out_mem_749_load" [top_wrapper.cpp:123]   --->   Operation 1739 'insertvalue' 'mrv_300' <Predicate = (icmp_ln39)> <Delay = 0.00>
ST_2 : Operation 1740 [1/1] (0.00ns)   --->   "%mrv_301 = insertvalue i14400 %mrv_300, i32 %out_mem_750_load" [top_wrapper.cpp:123]   --->   Operation 1740 'insertvalue' 'mrv_301' <Predicate = (icmp_ln39)> <Delay = 0.00>
ST_2 : Operation 1741 [1/1] (0.00ns)   --->   "%mrv_302 = insertvalue i14400 %mrv_301, i32 %out_mem_751_load" [top_wrapper.cpp:123]   --->   Operation 1741 'insertvalue' 'mrv_302' <Predicate = (icmp_ln39)> <Delay = 0.00>
ST_2 : Operation 1742 [1/1] (0.00ns)   --->   "%mrv_303 = insertvalue i14400 %mrv_302, i32 %out_mem_752_load" [top_wrapper.cpp:123]   --->   Operation 1742 'insertvalue' 'mrv_303' <Predicate = (icmp_ln39)> <Delay = 0.00>
ST_2 : Operation 1743 [1/1] (0.00ns)   --->   "%mrv_304 = insertvalue i14400 %mrv_303, i32 %out_mem_753_load" [top_wrapper.cpp:123]   --->   Operation 1743 'insertvalue' 'mrv_304' <Predicate = (icmp_ln39)> <Delay = 0.00>
ST_2 : Operation 1744 [1/1] (0.00ns)   --->   "%mrv_305 = insertvalue i14400 %mrv_304, i32 %out_mem_754_load" [top_wrapper.cpp:123]   --->   Operation 1744 'insertvalue' 'mrv_305' <Predicate = (icmp_ln39)> <Delay = 0.00>
ST_2 : Operation 1745 [1/1] (0.00ns)   --->   "%mrv_306 = insertvalue i14400 %mrv_305, i32 %out_mem_755_load" [top_wrapper.cpp:123]   --->   Operation 1745 'insertvalue' 'mrv_306' <Predicate = (icmp_ln39)> <Delay = 0.00>
ST_2 : Operation 1746 [1/1] (0.00ns)   --->   "%mrv_307 = insertvalue i14400 %mrv_306, i32 %out_mem_756_load" [top_wrapper.cpp:123]   --->   Operation 1746 'insertvalue' 'mrv_307' <Predicate = (icmp_ln39)> <Delay = 0.00>
ST_2 : Operation 1747 [1/1] (0.00ns)   --->   "%mrv_308 = insertvalue i14400 %mrv_307, i32 %out_mem_757_load" [top_wrapper.cpp:123]   --->   Operation 1747 'insertvalue' 'mrv_308' <Predicate = (icmp_ln39)> <Delay = 0.00>
ST_2 : Operation 1748 [1/1] (0.00ns)   --->   "%mrv_309 = insertvalue i14400 %mrv_308, i32 %out_mem_758_load" [top_wrapper.cpp:123]   --->   Operation 1748 'insertvalue' 'mrv_309' <Predicate = (icmp_ln39)> <Delay = 0.00>
ST_2 : Operation 1749 [1/1] (0.00ns)   --->   "%mrv_310 = insertvalue i14400 %mrv_309, i32 %out_mem_759_load" [top_wrapper.cpp:123]   --->   Operation 1749 'insertvalue' 'mrv_310' <Predicate = (icmp_ln39)> <Delay = 0.00>
ST_2 : Operation 1750 [1/1] (0.00ns)   --->   "%mrv_311 = insertvalue i14400 %mrv_310, i32 %out_mem_760_load" [top_wrapper.cpp:123]   --->   Operation 1750 'insertvalue' 'mrv_311' <Predicate = (icmp_ln39)> <Delay = 0.00>
ST_2 : Operation 1751 [1/1] (0.00ns)   --->   "%mrv_312 = insertvalue i14400 %mrv_311, i32 %out_mem_761_load" [top_wrapper.cpp:123]   --->   Operation 1751 'insertvalue' 'mrv_312' <Predicate = (icmp_ln39)> <Delay = 0.00>
ST_2 : Operation 1752 [1/1] (0.00ns)   --->   "%mrv_313 = insertvalue i14400 %mrv_312, i32 %out_mem_762_load" [top_wrapper.cpp:123]   --->   Operation 1752 'insertvalue' 'mrv_313' <Predicate = (icmp_ln39)> <Delay = 0.00>
ST_2 : Operation 1753 [1/1] (0.00ns)   --->   "%mrv_314 = insertvalue i14400 %mrv_313, i32 %out_mem_763_load" [top_wrapper.cpp:123]   --->   Operation 1753 'insertvalue' 'mrv_314' <Predicate = (icmp_ln39)> <Delay = 0.00>
ST_2 : Operation 1754 [1/1] (0.00ns)   --->   "%mrv_315 = insertvalue i14400 %mrv_314, i32 %out_mem_764_load" [top_wrapper.cpp:123]   --->   Operation 1754 'insertvalue' 'mrv_315' <Predicate = (icmp_ln39)> <Delay = 0.00>
ST_2 : Operation 1755 [1/1] (0.00ns)   --->   "%mrv_316 = insertvalue i14400 %mrv_315, i32 %out_mem_765_load" [top_wrapper.cpp:123]   --->   Operation 1755 'insertvalue' 'mrv_316' <Predicate = (icmp_ln39)> <Delay = 0.00>
ST_2 : Operation 1756 [1/1] (0.00ns)   --->   "%mrv_317 = insertvalue i14400 %mrv_316, i32 %out_mem_766_load" [top_wrapper.cpp:123]   --->   Operation 1756 'insertvalue' 'mrv_317' <Predicate = (icmp_ln39)> <Delay = 0.00>
ST_2 : Operation 1757 [1/1] (0.00ns)   --->   "%mrv_318 = insertvalue i14400 %mrv_317, i32 %out_mem_767_load" [top_wrapper.cpp:123]   --->   Operation 1757 'insertvalue' 'mrv_318' <Predicate = (icmp_ln39)> <Delay = 0.00>
ST_2 : Operation 1758 [1/1] (0.00ns)   --->   "%mrv_319 = insertvalue i14400 %mrv_318, i32 %out_mem_768_load" [top_wrapper.cpp:123]   --->   Operation 1758 'insertvalue' 'mrv_319' <Predicate = (icmp_ln39)> <Delay = 0.00>
ST_2 : Operation 1759 [1/1] (0.00ns)   --->   "%mrv_320 = insertvalue i14400 %mrv_319, i32 %out_mem_769_load" [top_wrapper.cpp:123]   --->   Operation 1759 'insertvalue' 'mrv_320' <Predicate = (icmp_ln39)> <Delay = 0.00>
ST_2 : Operation 1760 [1/1] (0.00ns)   --->   "%mrv_321 = insertvalue i14400 %mrv_320, i32 %out_mem_770_load" [top_wrapper.cpp:123]   --->   Operation 1760 'insertvalue' 'mrv_321' <Predicate = (icmp_ln39)> <Delay = 0.00>
ST_2 : Operation 1761 [1/1] (0.00ns)   --->   "%mrv_322 = insertvalue i14400 %mrv_321, i32 %out_mem_771_load" [top_wrapper.cpp:123]   --->   Operation 1761 'insertvalue' 'mrv_322' <Predicate = (icmp_ln39)> <Delay = 0.00>
ST_2 : Operation 1762 [1/1] (0.00ns)   --->   "%mrv_323 = insertvalue i14400 %mrv_322, i32 %out_mem_772_load" [top_wrapper.cpp:123]   --->   Operation 1762 'insertvalue' 'mrv_323' <Predicate = (icmp_ln39)> <Delay = 0.00>
ST_2 : Operation 1763 [1/1] (0.00ns)   --->   "%mrv_324 = insertvalue i14400 %mrv_323, i32 %out_mem_773_load" [top_wrapper.cpp:123]   --->   Operation 1763 'insertvalue' 'mrv_324' <Predicate = (icmp_ln39)> <Delay = 0.00>
ST_2 : Operation 1764 [1/1] (0.00ns)   --->   "%mrv_325 = insertvalue i14400 %mrv_324, i32 %out_mem_774_load" [top_wrapper.cpp:123]   --->   Operation 1764 'insertvalue' 'mrv_325' <Predicate = (icmp_ln39)> <Delay = 0.00>
ST_2 : Operation 1765 [1/1] (0.00ns)   --->   "%mrv_326 = insertvalue i14400 %mrv_325, i32 %out_mem_775_load" [top_wrapper.cpp:123]   --->   Operation 1765 'insertvalue' 'mrv_326' <Predicate = (icmp_ln39)> <Delay = 0.00>
ST_2 : Operation 1766 [1/1] (0.00ns)   --->   "%mrv_327 = insertvalue i14400 %mrv_326, i32 %out_mem_776_load" [top_wrapper.cpp:123]   --->   Operation 1766 'insertvalue' 'mrv_327' <Predicate = (icmp_ln39)> <Delay = 0.00>
ST_2 : Operation 1767 [1/1] (0.00ns)   --->   "%mrv_328 = insertvalue i14400 %mrv_327, i32 %out_mem_777_load" [top_wrapper.cpp:123]   --->   Operation 1767 'insertvalue' 'mrv_328' <Predicate = (icmp_ln39)> <Delay = 0.00>
ST_2 : Operation 1768 [1/1] (0.00ns)   --->   "%mrv_329 = insertvalue i14400 %mrv_328, i32 %out_mem_778_load" [top_wrapper.cpp:123]   --->   Operation 1768 'insertvalue' 'mrv_329' <Predicate = (icmp_ln39)> <Delay = 0.00>
ST_2 : Operation 1769 [1/1] (0.00ns)   --->   "%mrv_330 = insertvalue i14400 %mrv_329, i32 %out_mem_779_load" [top_wrapper.cpp:123]   --->   Operation 1769 'insertvalue' 'mrv_330' <Predicate = (icmp_ln39)> <Delay = 0.00>
ST_2 : Operation 1770 [1/1] (0.00ns)   --->   "%mrv_331 = insertvalue i14400 %mrv_330, i32 %out_mem_780_load" [top_wrapper.cpp:123]   --->   Operation 1770 'insertvalue' 'mrv_331' <Predicate = (icmp_ln39)> <Delay = 0.00>
ST_2 : Operation 1771 [1/1] (0.00ns)   --->   "%mrv_332 = insertvalue i14400 %mrv_331, i32 %out_mem_781_load" [top_wrapper.cpp:123]   --->   Operation 1771 'insertvalue' 'mrv_332' <Predicate = (icmp_ln39)> <Delay = 0.00>
ST_2 : Operation 1772 [1/1] (0.00ns)   --->   "%mrv_333 = insertvalue i14400 %mrv_332, i32 %out_mem_782_load" [top_wrapper.cpp:123]   --->   Operation 1772 'insertvalue' 'mrv_333' <Predicate = (icmp_ln39)> <Delay = 0.00>
ST_2 : Operation 1773 [1/1] (0.00ns)   --->   "%mrv_334 = insertvalue i14400 %mrv_333, i32 %out_mem_783_load" [top_wrapper.cpp:123]   --->   Operation 1773 'insertvalue' 'mrv_334' <Predicate = (icmp_ln39)> <Delay = 0.00>
ST_2 : Operation 1774 [1/1] (0.00ns)   --->   "%mrv_335 = insertvalue i14400 %mrv_334, i32 %out_mem_784_load" [top_wrapper.cpp:123]   --->   Operation 1774 'insertvalue' 'mrv_335' <Predicate = (icmp_ln39)> <Delay = 0.00>
ST_2 : Operation 1775 [1/1] (0.00ns)   --->   "%mrv_336 = insertvalue i14400 %mrv_335, i32 %out_mem_785_load" [top_wrapper.cpp:123]   --->   Operation 1775 'insertvalue' 'mrv_336' <Predicate = (icmp_ln39)> <Delay = 0.00>
ST_2 : Operation 1776 [1/1] (0.00ns)   --->   "%mrv_337 = insertvalue i14400 %mrv_336, i32 %out_mem_786_load" [top_wrapper.cpp:123]   --->   Operation 1776 'insertvalue' 'mrv_337' <Predicate = (icmp_ln39)> <Delay = 0.00>
ST_2 : Operation 1777 [1/1] (0.00ns)   --->   "%mrv_338 = insertvalue i14400 %mrv_337, i32 %out_mem_787_load" [top_wrapper.cpp:123]   --->   Operation 1777 'insertvalue' 'mrv_338' <Predicate = (icmp_ln39)> <Delay = 0.00>
ST_2 : Operation 1778 [1/1] (0.00ns)   --->   "%mrv_339 = insertvalue i14400 %mrv_338, i32 %out_mem_788_load" [top_wrapper.cpp:123]   --->   Operation 1778 'insertvalue' 'mrv_339' <Predicate = (icmp_ln39)> <Delay = 0.00>
ST_2 : Operation 1779 [1/1] (0.00ns)   --->   "%mrv_340 = insertvalue i14400 %mrv_339, i32 %out_mem_789_load" [top_wrapper.cpp:123]   --->   Operation 1779 'insertvalue' 'mrv_340' <Predicate = (icmp_ln39)> <Delay = 0.00>
ST_2 : Operation 1780 [1/1] (0.00ns)   --->   "%mrv_341 = insertvalue i14400 %mrv_340, i32 %out_mem_790_load" [top_wrapper.cpp:123]   --->   Operation 1780 'insertvalue' 'mrv_341' <Predicate = (icmp_ln39)> <Delay = 0.00>
ST_2 : Operation 1781 [1/1] (0.00ns)   --->   "%mrv_342 = insertvalue i14400 %mrv_341, i32 %out_mem_791_load" [top_wrapper.cpp:123]   --->   Operation 1781 'insertvalue' 'mrv_342' <Predicate = (icmp_ln39)> <Delay = 0.00>
ST_2 : Operation 1782 [1/1] (0.00ns)   --->   "%mrv_343 = insertvalue i14400 %mrv_342, i32 %out_mem_792_load" [top_wrapper.cpp:123]   --->   Operation 1782 'insertvalue' 'mrv_343' <Predicate = (icmp_ln39)> <Delay = 0.00>
ST_2 : Operation 1783 [1/1] (0.00ns)   --->   "%mrv_344 = insertvalue i14400 %mrv_343, i32 %out_mem_793_load" [top_wrapper.cpp:123]   --->   Operation 1783 'insertvalue' 'mrv_344' <Predicate = (icmp_ln39)> <Delay = 0.00>
ST_2 : Operation 1784 [1/1] (0.00ns)   --->   "%mrv_345 = insertvalue i14400 %mrv_344, i32 %out_mem_794_load" [top_wrapper.cpp:123]   --->   Operation 1784 'insertvalue' 'mrv_345' <Predicate = (icmp_ln39)> <Delay = 0.00>
ST_2 : Operation 1785 [1/1] (0.00ns)   --->   "%mrv_346 = insertvalue i14400 %mrv_345, i32 %out_mem_795_load" [top_wrapper.cpp:123]   --->   Operation 1785 'insertvalue' 'mrv_346' <Predicate = (icmp_ln39)> <Delay = 0.00>
ST_2 : Operation 1786 [1/1] (0.00ns)   --->   "%mrv_347 = insertvalue i14400 %mrv_346, i32 %out_mem_796_load" [top_wrapper.cpp:123]   --->   Operation 1786 'insertvalue' 'mrv_347' <Predicate = (icmp_ln39)> <Delay = 0.00>
ST_2 : Operation 1787 [1/1] (0.00ns)   --->   "%mrv_348 = insertvalue i14400 %mrv_347, i32 %out_mem_797_load" [top_wrapper.cpp:123]   --->   Operation 1787 'insertvalue' 'mrv_348' <Predicate = (icmp_ln39)> <Delay = 0.00>
ST_2 : Operation 1788 [1/1] (0.00ns)   --->   "%mrv_349 = insertvalue i14400 %mrv_348, i32 %out_mem_798_load" [top_wrapper.cpp:123]   --->   Operation 1788 'insertvalue' 'mrv_349' <Predicate = (icmp_ln39)> <Delay = 0.00>
ST_2 : Operation 1789 [1/1] (0.00ns)   --->   "%mrv_350 = insertvalue i14400 %mrv_349, i32 %out_mem_799_load" [top_wrapper.cpp:123]   --->   Operation 1789 'insertvalue' 'mrv_350' <Predicate = (icmp_ln39)> <Delay = 0.00>
ST_2 : Operation 1790 [1/1] (0.00ns)   --->   "%mrv_351 = insertvalue i14400 %mrv_350, i32 %out_mem_800_load" [top_wrapper.cpp:123]   --->   Operation 1790 'insertvalue' 'mrv_351' <Predicate = (icmp_ln39)> <Delay = 0.00>
ST_2 : Operation 1791 [1/1] (0.00ns)   --->   "%mrv_352 = insertvalue i14400 %mrv_351, i32 %out_mem_801_load" [top_wrapper.cpp:123]   --->   Operation 1791 'insertvalue' 'mrv_352' <Predicate = (icmp_ln39)> <Delay = 0.00>
ST_2 : Operation 1792 [1/1] (0.00ns)   --->   "%mrv_353 = insertvalue i14400 %mrv_352, i32 %out_mem_802_load" [top_wrapper.cpp:123]   --->   Operation 1792 'insertvalue' 'mrv_353' <Predicate = (icmp_ln39)> <Delay = 0.00>
ST_2 : Operation 1793 [1/1] (0.00ns)   --->   "%mrv_354 = insertvalue i14400 %mrv_353, i32 %out_mem_803_load" [top_wrapper.cpp:123]   --->   Operation 1793 'insertvalue' 'mrv_354' <Predicate = (icmp_ln39)> <Delay = 0.00>
ST_2 : Operation 1794 [1/1] (0.00ns)   --->   "%mrv_355 = insertvalue i14400 %mrv_354, i32 %out_mem_804_load" [top_wrapper.cpp:123]   --->   Operation 1794 'insertvalue' 'mrv_355' <Predicate = (icmp_ln39)> <Delay = 0.00>
ST_2 : Operation 1795 [1/1] (0.00ns)   --->   "%mrv_356 = insertvalue i14400 %mrv_355, i32 %out_mem_805_load" [top_wrapper.cpp:123]   --->   Operation 1795 'insertvalue' 'mrv_356' <Predicate = (icmp_ln39)> <Delay = 0.00>
ST_2 : Operation 1796 [1/1] (0.00ns)   --->   "%mrv_357 = insertvalue i14400 %mrv_356, i32 %out_mem_806_load" [top_wrapper.cpp:123]   --->   Operation 1796 'insertvalue' 'mrv_357' <Predicate = (icmp_ln39)> <Delay = 0.00>
ST_2 : Operation 1797 [1/1] (0.00ns)   --->   "%mrv_358 = insertvalue i14400 %mrv_357, i32 %out_mem_807_load" [top_wrapper.cpp:123]   --->   Operation 1797 'insertvalue' 'mrv_358' <Predicate = (icmp_ln39)> <Delay = 0.00>
ST_2 : Operation 1798 [1/1] (0.00ns)   --->   "%mrv_359 = insertvalue i14400 %mrv_358, i32 %out_mem_808_load" [top_wrapper.cpp:123]   --->   Operation 1798 'insertvalue' 'mrv_359' <Predicate = (icmp_ln39)> <Delay = 0.00>
ST_2 : Operation 1799 [1/1] (0.00ns)   --->   "%mrv_360 = insertvalue i14400 %mrv_359, i32 %out_mem_809_load" [top_wrapper.cpp:123]   --->   Operation 1799 'insertvalue' 'mrv_360' <Predicate = (icmp_ln39)> <Delay = 0.00>
ST_2 : Operation 1800 [1/1] (0.00ns)   --->   "%mrv_361 = insertvalue i14400 %mrv_360, i32 %out_mem_810_load" [top_wrapper.cpp:123]   --->   Operation 1800 'insertvalue' 'mrv_361' <Predicate = (icmp_ln39)> <Delay = 0.00>
ST_2 : Operation 1801 [1/1] (0.00ns)   --->   "%mrv_362 = insertvalue i14400 %mrv_361, i32 %out_mem_811_load" [top_wrapper.cpp:123]   --->   Operation 1801 'insertvalue' 'mrv_362' <Predicate = (icmp_ln39)> <Delay = 0.00>
ST_2 : Operation 1802 [1/1] (0.00ns)   --->   "%mrv_363 = insertvalue i14400 %mrv_362, i32 %out_mem_812_load" [top_wrapper.cpp:123]   --->   Operation 1802 'insertvalue' 'mrv_363' <Predicate = (icmp_ln39)> <Delay = 0.00>
ST_2 : Operation 1803 [1/1] (0.00ns)   --->   "%mrv_364 = insertvalue i14400 %mrv_363, i32 %out_mem_813_load" [top_wrapper.cpp:123]   --->   Operation 1803 'insertvalue' 'mrv_364' <Predicate = (icmp_ln39)> <Delay = 0.00>
ST_2 : Operation 1804 [1/1] (0.00ns)   --->   "%mrv_365 = insertvalue i14400 %mrv_364, i32 %out_mem_814_load" [top_wrapper.cpp:123]   --->   Operation 1804 'insertvalue' 'mrv_365' <Predicate = (icmp_ln39)> <Delay = 0.00>
ST_2 : Operation 1805 [1/1] (0.00ns)   --->   "%mrv_366 = insertvalue i14400 %mrv_365, i32 %out_mem_815_load" [top_wrapper.cpp:123]   --->   Operation 1805 'insertvalue' 'mrv_366' <Predicate = (icmp_ln39)> <Delay = 0.00>
ST_2 : Operation 1806 [1/1] (0.00ns)   --->   "%mrv_367 = insertvalue i14400 %mrv_366, i32 %out_mem_816_load" [top_wrapper.cpp:123]   --->   Operation 1806 'insertvalue' 'mrv_367' <Predicate = (icmp_ln39)> <Delay = 0.00>
ST_2 : Operation 1807 [1/1] (0.00ns)   --->   "%mrv_368 = insertvalue i14400 %mrv_367, i32 %out_mem_817_load" [top_wrapper.cpp:123]   --->   Operation 1807 'insertvalue' 'mrv_368' <Predicate = (icmp_ln39)> <Delay = 0.00>
ST_2 : Operation 1808 [1/1] (0.00ns)   --->   "%mrv_369 = insertvalue i14400 %mrv_368, i32 %out_mem_818_load" [top_wrapper.cpp:123]   --->   Operation 1808 'insertvalue' 'mrv_369' <Predicate = (icmp_ln39)> <Delay = 0.00>
ST_2 : Operation 1809 [1/1] (0.00ns)   --->   "%mrv_370 = insertvalue i14400 %mrv_369, i32 %out_mem_819_load" [top_wrapper.cpp:123]   --->   Operation 1809 'insertvalue' 'mrv_370' <Predicate = (icmp_ln39)> <Delay = 0.00>
ST_2 : Operation 1810 [1/1] (0.00ns)   --->   "%mrv_371 = insertvalue i14400 %mrv_370, i32 %out_mem_820_load" [top_wrapper.cpp:123]   --->   Operation 1810 'insertvalue' 'mrv_371' <Predicate = (icmp_ln39)> <Delay = 0.00>
ST_2 : Operation 1811 [1/1] (0.00ns)   --->   "%mrv_372 = insertvalue i14400 %mrv_371, i32 %out_mem_821_load" [top_wrapper.cpp:123]   --->   Operation 1811 'insertvalue' 'mrv_372' <Predicate = (icmp_ln39)> <Delay = 0.00>
ST_2 : Operation 1812 [1/1] (0.00ns)   --->   "%mrv_373 = insertvalue i14400 %mrv_372, i32 %out_mem_822_load" [top_wrapper.cpp:123]   --->   Operation 1812 'insertvalue' 'mrv_373' <Predicate = (icmp_ln39)> <Delay = 0.00>
ST_2 : Operation 1813 [1/1] (0.00ns)   --->   "%mrv_374 = insertvalue i14400 %mrv_373, i32 %out_mem_823_load" [top_wrapper.cpp:123]   --->   Operation 1813 'insertvalue' 'mrv_374' <Predicate = (icmp_ln39)> <Delay = 0.00>
ST_2 : Operation 1814 [1/1] (0.00ns)   --->   "%mrv_375 = insertvalue i14400 %mrv_374, i32 %out_mem_824_load" [top_wrapper.cpp:123]   --->   Operation 1814 'insertvalue' 'mrv_375' <Predicate = (icmp_ln39)> <Delay = 0.00>
ST_2 : Operation 1815 [1/1] (0.00ns)   --->   "%mrv_376 = insertvalue i14400 %mrv_375, i32 %out_mem_825_load" [top_wrapper.cpp:123]   --->   Operation 1815 'insertvalue' 'mrv_376' <Predicate = (icmp_ln39)> <Delay = 0.00>
ST_2 : Operation 1816 [1/1] (0.00ns)   --->   "%mrv_377 = insertvalue i14400 %mrv_376, i32 %out_mem_826_load" [top_wrapper.cpp:123]   --->   Operation 1816 'insertvalue' 'mrv_377' <Predicate = (icmp_ln39)> <Delay = 0.00>
ST_2 : Operation 1817 [1/1] (0.00ns)   --->   "%mrv_378 = insertvalue i14400 %mrv_377, i32 %out_mem_827_load" [top_wrapper.cpp:123]   --->   Operation 1817 'insertvalue' 'mrv_378' <Predicate = (icmp_ln39)> <Delay = 0.00>
ST_2 : Operation 1818 [1/1] (0.00ns)   --->   "%mrv_379 = insertvalue i14400 %mrv_378, i32 %out_mem_828_load" [top_wrapper.cpp:123]   --->   Operation 1818 'insertvalue' 'mrv_379' <Predicate = (icmp_ln39)> <Delay = 0.00>
ST_2 : Operation 1819 [1/1] (0.00ns)   --->   "%mrv_380 = insertvalue i14400 %mrv_379, i32 %out_mem_829_load" [top_wrapper.cpp:123]   --->   Operation 1819 'insertvalue' 'mrv_380' <Predicate = (icmp_ln39)> <Delay = 0.00>
ST_2 : Operation 1820 [1/1] (0.00ns)   --->   "%mrv_381 = insertvalue i14400 %mrv_380, i32 %out_mem_830_load" [top_wrapper.cpp:123]   --->   Operation 1820 'insertvalue' 'mrv_381' <Predicate = (icmp_ln39)> <Delay = 0.00>
ST_2 : Operation 1821 [1/1] (0.00ns)   --->   "%mrv_382 = insertvalue i14400 %mrv_381, i32 %out_mem_831_load" [top_wrapper.cpp:123]   --->   Operation 1821 'insertvalue' 'mrv_382' <Predicate = (icmp_ln39)> <Delay = 0.00>
ST_2 : Operation 1822 [1/1] (0.00ns)   --->   "%mrv_383 = insertvalue i14400 %mrv_382, i32 %out_mem_832_load" [top_wrapper.cpp:123]   --->   Operation 1822 'insertvalue' 'mrv_383' <Predicate = (icmp_ln39)> <Delay = 0.00>
ST_2 : Operation 1823 [1/1] (0.00ns)   --->   "%mrv_384 = insertvalue i14400 %mrv_383, i32 %out_mem_833_load" [top_wrapper.cpp:123]   --->   Operation 1823 'insertvalue' 'mrv_384' <Predicate = (icmp_ln39)> <Delay = 0.00>
ST_2 : Operation 1824 [1/1] (0.00ns)   --->   "%mrv_385 = insertvalue i14400 %mrv_384, i32 %out_mem_834_load" [top_wrapper.cpp:123]   --->   Operation 1824 'insertvalue' 'mrv_385' <Predicate = (icmp_ln39)> <Delay = 0.00>
ST_2 : Operation 1825 [1/1] (0.00ns)   --->   "%mrv_386 = insertvalue i14400 %mrv_385, i32 %out_mem_835_load" [top_wrapper.cpp:123]   --->   Operation 1825 'insertvalue' 'mrv_386' <Predicate = (icmp_ln39)> <Delay = 0.00>
ST_2 : Operation 1826 [1/1] (0.00ns)   --->   "%mrv_387 = insertvalue i14400 %mrv_386, i32 %out_mem_836_load" [top_wrapper.cpp:123]   --->   Operation 1826 'insertvalue' 'mrv_387' <Predicate = (icmp_ln39)> <Delay = 0.00>
ST_2 : Operation 1827 [1/1] (0.00ns)   --->   "%mrv_388 = insertvalue i14400 %mrv_387, i32 %out_mem_837_load" [top_wrapper.cpp:123]   --->   Operation 1827 'insertvalue' 'mrv_388' <Predicate = (icmp_ln39)> <Delay = 0.00>
ST_2 : Operation 1828 [1/1] (0.00ns)   --->   "%mrv_389 = insertvalue i14400 %mrv_388, i32 %out_mem_838_load" [top_wrapper.cpp:123]   --->   Operation 1828 'insertvalue' 'mrv_389' <Predicate = (icmp_ln39)> <Delay = 0.00>
ST_2 : Operation 1829 [1/1] (0.00ns)   --->   "%mrv_390 = insertvalue i14400 %mrv_389, i32 %out_mem_839_load" [top_wrapper.cpp:123]   --->   Operation 1829 'insertvalue' 'mrv_390' <Predicate = (icmp_ln39)> <Delay = 0.00>
ST_2 : Operation 1830 [1/1] (0.00ns)   --->   "%mrv_391 = insertvalue i14400 %mrv_390, i32 %out_mem_840_load" [top_wrapper.cpp:123]   --->   Operation 1830 'insertvalue' 'mrv_391' <Predicate = (icmp_ln39)> <Delay = 0.00>
ST_2 : Operation 1831 [1/1] (0.00ns)   --->   "%mrv_392 = insertvalue i14400 %mrv_391, i32 %out_mem_841_load" [top_wrapper.cpp:123]   --->   Operation 1831 'insertvalue' 'mrv_392' <Predicate = (icmp_ln39)> <Delay = 0.00>
ST_2 : Operation 1832 [1/1] (0.00ns)   --->   "%mrv_393 = insertvalue i14400 %mrv_392, i32 %out_mem_842_load" [top_wrapper.cpp:123]   --->   Operation 1832 'insertvalue' 'mrv_393' <Predicate = (icmp_ln39)> <Delay = 0.00>
ST_2 : Operation 1833 [1/1] (0.00ns)   --->   "%mrv_394 = insertvalue i14400 %mrv_393, i32 %out_mem_843_load" [top_wrapper.cpp:123]   --->   Operation 1833 'insertvalue' 'mrv_394' <Predicate = (icmp_ln39)> <Delay = 0.00>
ST_2 : Operation 1834 [1/1] (0.00ns)   --->   "%mrv_395 = insertvalue i14400 %mrv_394, i32 %out_mem_844_load" [top_wrapper.cpp:123]   --->   Operation 1834 'insertvalue' 'mrv_395' <Predicate = (icmp_ln39)> <Delay = 0.00>
ST_2 : Operation 1835 [1/1] (0.00ns)   --->   "%mrv_396 = insertvalue i14400 %mrv_395, i32 %out_mem_845_load" [top_wrapper.cpp:123]   --->   Operation 1835 'insertvalue' 'mrv_396' <Predicate = (icmp_ln39)> <Delay = 0.00>
ST_2 : Operation 1836 [1/1] (0.00ns)   --->   "%mrv_397 = insertvalue i14400 %mrv_396, i32 %out_mem_846_load" [top_wrapper.cpp:123]   --->   Operation 1836 'insertvalue' 'mrv_397' <Predicate = (icmp_ln39)> <Delay = 0.00>
ST_2 : Operation 1837 [1/1] (0.00ns)   --->   "%mrv_398 = insertvalue i14400 %mrv_397, i32 %out_mem_847_load" [top_wrapper.cpp:123]   --->   Operation 1837 'insertvalue' 'mrv_398' <Predicate = (icmp_ln39)> <Delay = 0.00>
ST_2 : Operation 1838 [1/1] (0.00ns)   --->   "%mrv_399 = insertvalue i14400 %mrv_398, i32 %out_mem_848_load" [top_wrapper.cpp:123]   --->   Operation 1838 'insertvalue' 'mrv_399' <Predicate = (icmp_ln39)> <Delay = 0.00>
ST_2 : Operation 1839 [1/1] (0.00ns)   --->   "%mrv_400 = insertvalue i14400 %mrv_399, i32 %out_mem_849_load" [top_wrapper.cpp:123]   --->   Operation 1839 'insertvalue' 'mrv_400' <Predicate = (icmp_ln39)> <Delay = 0.00>
ST_2 : Operation 1840 [1/1] (0.00ns)   --->   "%mrv_401 = insertvalue i14400 %mrv_400, i32 %out_mem_850_load" [top_wrapper.cpp:123]   --->   Operation 1840 'insertvalue' 'mrv_401' <Predicate = (icmp_ln39)> <Delay = 0.00>
ST_2 : Operation 1841 [1/1] (0.00ns)   --->   "%mrv_402 = insertvalue i14400 %mrv_401, i32 %out_mem_851_load" [top_wrapper.cpp:123]   --->   Operation 1841 'insertvalue' 'mrv_402' <Predicate = (icmp_ln39)> <Delay = 0.00>
ST_2 : Operation 1842 [1/1] (0.00ns)   --->   "%mrv_403 = insertvalue i14400 %mrv_402, i32 %out_mem_852_load" [top_wrapper.cpp:123]   --->   Operation 1842 'insertvalue' 'mrv_403' <Predicate = (icmp_ln39)> <Delay = 0.00>
ST_2 : Operation 1843 [1/1] (0.00ns)   --->   "%mrv_404 = insertvalue i14400 %mrv_403, i32 %out_mem_853_load" [top_wrapper.cpp:123]   --->   Operation 1843 'insertvalue' 'mrv_404' <Predicate = (icmp_ln39)> <Delay = 0.00>
ST_2 : Operation 1844 [1/1] (0.00ns)   --->   "%mrv_405 = insertvalue i14400 %mrv_404, i32 %out_mem_854_load" [top_wrapper.cpp:123]   --->   Operation 1844 'insertvalue' 'mrv_405' <Predicate = (icmp_ln39)> <Delay = 0.00>
ST_2 : Operation 1845 [1/1] (0.00ns)   --->   "%mrv_406 = insertvalue i14400 %mrv_405, i32 %out_mem_855_load" [top_wrapper.cpp:123]   --->   Operation 1845 'insertvalue' 'mrv_406' <Predicate = (icmp_ln39)> <Delay = 0.00>
ST_2 : Operation 1846 [1/1] (0.00ns)   --->   "%mrv_407 = insertvalue i14400 %mrv_406, i32 %out_mem_856_load" [top_wrapper.cpp:123]   --->   Operation 1846 'insertvalue' 'mrv_407' <Predicate = (icmp_ln39)> <Delay = 0.00>
ST_2 : Operation 1847 [1/1] (0.00ns)   --->   "%mrv_408 = insertvalue i14400 %mrv_407, i32 %out_mem_857_load" [top_wrapper.cpp:123]   --->   Operation 1847 'insertvalue' 'mrv_408' <Predicate = (icmp_ln39)> <Delay = 0.00>
ST_2 : Operation 1848 [1/1] (0.00ns)   --->   "%mrv_409 = insertvalue i14400 %mrv_408, i32 %out_mem_858_load" [top_wrapper.cpp:123]   --->   Operation 1848 'insertvalue' 'mrv_409' <Predicate = (icmp_ln39)> <Delay = 0.00>
ST_2 : Operation 1849 [1/1] (0.00ns)   --->   "%mrv_410 = insertvalue i14400 %mrv_409, i32 %out_mem_859_load" [top_wrapper.cpp:123]   --->   Operation 1849 'insertvalue' 'mrv_410' <Predicate = (icmp_ln39)> <Delay = 0.00>
ST_2 : Operation 1850 [1/1] (0.00ns)   --->   "%mrv_411 = insertvalue i14400 %mrv_410, i32 %out_mem_860_load" [top_wrapper.cpp:123]   --->   Operation 1850 'insertvalue' 'mrv_411' <Predicate = (icmp_ln39)> <Delay = 0.00>
ST_2 : Operation 1851 [1/1] (0.00ns)   --->   "%mrv_412 = insertvalue i14400 %mrv_411, i32 %out_mem_861_load" [top_wrapper.cpp:123]   --->   Operation 1851 'insertvalue' 'mrv_412' <Predicate = (icmp_ln39)> <Delay = 0.00>
ST_2 : Operation 1852 [1/1] (0.00ns)   --->   "%mrv_413 = insertvalue i14400 %mrv_412, i32 %out_mem_862_load" [top_wrapper.cpp:123]   --->   Operation 1852 'insertvalue' 'mrv_413' <Predicate = (icmp_ln39)> <Delay = 0.00>
ST_2 : Operation 1853 [1/1] (0.00ns)   --->   "%mrv_414 = insertvalue i14400 %mrv_413, i32 %out_mem_863_load" [top_wrapper.cpp:123]   --->   Operation 1853 'insertvalue' 'mrv_414' <Predicate = (icmp_ln39)> <Delay = 0.00>
ST_2 : Operation 1854 [1/1] (0.00ns)   --->   "%mrv_415 = insertvalue i14400 %mrv_414, i32 %out_mem_864_load" [top_wrapper.cpp:123]   --->   Operation 1854 'insertvalue' 'mrv_415' <Predicate = (icmp_ln39)> <Delay = 0.00>
ST_2 : Operation 1855 [1/1] (0.00ns)   --->   "%mrv_416 = insertvalue i14400 %mrv_415, i32 %out_mem_865_load" [top_wrapper.cpp:123]   --->   Operation 1855 'insertvalue' 'mrv_416' <Predicate = (icmp_ln39)> <Delay = 0.00>
ST_2 : Operation 1856 [1/1] (0.00ns)   --->   "%mrv_417 = insertvalue i14400 %mrv_416, i32 %out_mem_866_load" [top_wrapper.cpp:123]   --->   Operation 1856 'insertvalue' 'mrv_417' <Predicate = (icmp_ln39)> <Delay = 0.00>
ST_2 : Operation 1857 [1/1] (0.00ns)   --->   "%mrv_418 = insertvalue i14400 %mrv_417, i32 %out_mem_867_load" [top_wrapper.cpp:123]   --->   Operation 1857 'insertvalue' 'mrv_418' <Predicate = (icmp_ln39)> <Delay = 0.00>
ST_2 : Operation 1858 [1/1] (0.00ns)   --->   "%mrv_419 = insertvalue i14400 %mrv_418, i32 %out_mem_868_load" [top_wrapper.cpp:123]   --->   Operation 1858 'insertvalue' 'mrv_419' <Predicate = (icmp_ln39)> <Delay = 0.00>
ST_2 : Operation 1859 [1/1] (0.00ns)   --->   "%mrv_420 = insertvalue i14400 %mrv_419, i32 %out_mem_869_load" [top_wrapper.cpp:123]   --->   Operation 1859 'insertvalue' 'mrv_420' <Predicate = (icmp_ln39)> <Delay = 0.00>
ST_2 : Operation 1860 [1/1] (0.00ns)   --->   "%mrv_421 = insertvalue i14400 %mrv_420, i32 %out_mem_870_load" [top_wrapper.cpp:123]   --->   Operation 1860 'insertvalue' 'mrv_421' <Predicate = (icmp_ln39)> <Delay = 0.00>
ST_2 : Operation 1861 [1/1] (0.00ns)   --->   "%mrv_422 = insertvalue i14400 %mrv_421, i32 %out_mem_871_load" [top_wrapper.cpp:123]   --->   Operation 1861 'insertvalue' 'mrv_422' <Predicate = (icmp_ln39)> <Delay = 0.00>
ST_2 : Operation 1862 [1/1] (0.00ns)   --->   "%mrv_423 = insertvalue i14400 %mrv_422, i32 %out_mem_872_load" [top_wrapper.cpp:123]   --->   Operation 1862 'insertvalue' 'mrv_423' <Predicate = (icmp_ln39)> <Delay = 0.00>
ST_2 : Operation 1863 [1/1] (0.00ns)   --->   "%mrv_424 = insertvalue i14400 %mrv_423, i32 %out_mem_873_load" [top_wrapper.cpp:123]   --->   Operation 1863 'insertvalue' 'mrv_424' <Predicate = (icmp_ln39)> <Delay = 0.00>
ST_2 : Operation 1864 [1/1] (0.00ns)   --->   "%mrv_425 = insertvalue i14400 %mrv_424, i32 %out_mem_874_load" [top_wrapper.cpp:123]   --->   Operation 1864 'insertvalue' 'mrv_425' <Predicate = (icmp_ln39)> <Delay = 0.00>
ST_2 : Operation 1865 [1/1] (0.00ns)   --->   "%mrv_426 = insertvalue i14400 %mrv_425, i32 %out_mem_875_load" [top_wrapper.cpp:123]   --->   Operation 1865 'insertvalue' 'mrv_426' <Predicate = (icmp_ln39)> <Delay = 0.00>
ST_2 : Operation 1866 [1/1] (0.00ns)   --->   "%mrv_427 = insertvalue i14400 %mrv_426, i32 %out_mem_876_load" [top_wrapper.cpp:123]   --->   Operation 1866 'insertvalue' 'mrv_427' <Predicate = (icmp_ln39)> <Delay = 0.00>
ST_2 : Operation 1867 [1/1] (0.00ns)   --->   "%mrv_428 = insertvalue i14400 %mrv_427, i32 %out_mem_877_load" [top_wrapper.cpp:123]   --->   Operation 1867 'insertvalue' 'mrv_428' <Predicate = (icmp_ln39)> <Delay = 0.00>
ST_2 : Operation 1868 [1/1] (0.00ns)   --->   "%mrv_429 = insertvalue i14400 %mrv_428, i32 %out_mem_878_load" [top_wrapper.cpp:123]   --->   Operation 1868 'insertvalue' 'mrv_429' <Predicate = (icmp_ln39)> <Delay = 0.00>
ST_2 : Operation 1869 [1/1] (0.00ns)   --->   "%mrv_430 = insertvalue i14400 %mrv_429, i32 %out_mem_879_load" [top_wrapper.cpp:123]   --->   Operation 1869 'insertvalue' 'mrv_430' <Predicate = (icmp_ln39)> <Delay = 0.00>
ST_2 : Operation 1870 [1/1] (0.00ns)   --->   "%mrv_431 = insertvalue i14400 %mrv_430, i32 %out_mem_880_load" [top_wrapper.cpp:123]   --->   Operation 1870 'insertvalue' 'mrv_431' <Predicate = (icmp_ln39)> <Delay = 0.00>
ST_2 : Operation 1871 [1/1] (0.00ns)   --->   "%mrv_432 = insertvalue i14400 %mrv_431, i32 %out_mem_881_load" [top_wrapper.cpp:123]   --->   Operation 1871 'insertvalue' 'mrv_432' <Predicate = (icmp_ln39)> <Delay = 0.00>
ST_2 : Operation 1872 [1/1] (0.00ns)   --->   "%mrv_433 = insertvalue i14400 %mrv_432, i32 %out_mem_882_load" [top_wrapper.cpp:123]   --->   Operation 1872 'insertvalue' 'mrv_433' <Predicate = (icmp_ln39)> <Delay = 0.00>
ST_2 : Operation 1873 [1/1] (0.00ns)   --->   "%mrv_434 = insertvalue i14400 %mrv_433, i32 %out_mem_883_load" [top_wrapper.cpp:123]   --->   Operation 1873 'insertvalue' 'mrv_434' <Predicate = (icmp_ln39)> <Delay = 0.00>
ST_2 : Operation 1874 [1/1] (0.00ns)   --->   "%mrv_435 = insertvalue i14400 %mrv_434, i32 %out_mem_884_load" [top_wrapper.cpp:123]   --->   Operation 1874 'insertvalue' 'mrv_435' <Predicate = (icmp_ln39)> <Delay = 0.00>
ST_2 : Operation 1875 [1/1] (0.00ns)   --->   "%mrv_436 = insertvalue i14400 %mrv_435, i32 %out_mem_885_load" [top_wrapper.cpp:123]   --->   Operation 1875 'insertvalue' 'mrv_436' <Predicate = (icmp_ln39)> <Delay = 0.00>
ST_2 : Operation 1876 [1/1] (0.00ns)   --->   "%mrv_437 = insertvalue i14400 %mrv_436, i32 %out_mem_886_load" [top_wrapper.cpp:123]   --->   Operation 1876 'insertvalue' 'mrv_437' <Predicate = (icmp_ln39)> <Delay = 0.00>
ST_2 : Operation 1877 [1/1] (0.00ns)   --->   "%mrv_438 = insertvalue i14400 %mrv_437, i32 %out_mem_887_load" [top_wrapper.cpp:123]   --->   Operation 1877 'insertvalue' 'mrv_438' <Predicate = (icmp_ln39)> <Delay = 0.00>
ST_2 : Operation 1878 [1/1] (0.00ns)   --->   "%mrv_439 = insertvalue i14400 %mrv_438, i32 %out_mem_888_load" [top_wrapper.cpp:123]   --->   Operation 1878 'insertvalue' 'mrv_439' <Predicate = (icmp_ln39)> <Delay = 0.00>
ST_2 : Operation 1879 [1/1] (0.00ns)   --->   "%mrv_440 = insertvalue i14400 %mrv_439, i32 %out_mem_889_load" [top_wrapper.cpp:123]   --->   Operation 1879 'insertvalue' 'mrv_440' <Predicate = (icmp_ln39)> <Delay = 0.00>
ST_2 : Operation 1880 [1/1] (0.00ns)   --->   "%mrv_441 = insertvalue i14400 %mrv_440, i32 %out_mem_890_load" [top_wrapper.cpp:123]   --->   Operation 1880 'insertvalue' 'mrv_441' <Predicate = (icmp_ln39)> <Delay = 0.00>
ST_2 : Operation 1881 [1/1] (0.00ns)   --->   "%mrv_442 = insertvalue i14400 %mrv_441, i32 %out_mem_891_load" [top_wrapper.cpp:123]   --->   Operation 1881 'insertvalue' 'mrv_442' <Predicate = (icmp_ln39)> <Delay = 0.00>
ST_2 : Operation 1882 [1/1] (0.00ns)   --->   "%mrv_443 = insertvalue i14400 %mrv_442, i32 %out_mem_892_load" [top_wrapper.cpp:123]   --->   Operation 1882 'insertvalue' 'mrv_443' <Predicate = (icmp_ln39)> <Delay = 0.00>
ST_2 : Operation 1883 [1/1] (0.00ns)   --->   "%mrv_444 = insertvalue i14400 %mrv_443, i32 %out_mem_893_load" [top_wrapper.cpp:123]   --->   Operation 1883 'insertvalue' 'mrv_444' <Predicate = (icmp_ln39)> <Delay = 0.00>
ST_2 : Operation 1884 [1/1] (0.00ns)   --->   "%mrv_445 = insertvalue i14400 %mrv_444, i32 %out_mem_894_load" [top_wrapper.cpp:123]   --->   Operation 1884 'insertvalue' 'mrv_445' <Predicate = (icmp_ln39)> <Delay = 0.00>
ST_2 : Operation 1885 [1/1] (0.00ns)   --->   "%mrv_446 = insertvalue i14400 %mrv_445, i32 %out_mem_895_load" [top_wrapper.cpp:123]   --->   Operation 1885 'insertvalue' 'mrv_446' <Predicate = (icmp_ln39)> <Delay = 0.00>
ST_2 : Operation 1886 [1/1] (0.00ns)   --->   "%mrv_447 = insertvalue i14400 %mrv_446, i32 %out_mem_896_load" [top_wrapper.cpp:123]   --->   Operation 1886 'insertvalue' 'mrv_447' <Predicate = (icmp_ln39)> <Delay = 0.00>
ST_2 : Operation 1887 [1/1] (0.00ns)   --->   "%mrv_448 = insertvalue i14400 %mrv_447, i32 %out_mem_897_load" [top_wrapper.cpp:123]   --->   Operation 1887 'insertvalue' 'mrv_448' <Predicate = (icmp_ln39)> <Delay = 0.00>
ST_2 : Operation 1888 [1/1] (0.00ns)   --->   "%mrv_s = insertvalue i14400 %mrv_448, i32 %out_mem_898_load" [top_wrapper.cpp:123]   --->   Operation 1888 'insertvalue' 'mrv_s' <Predicate = (icmp_ln39)> <Delay = 0.00>
ST_2 : Operation 1889 [1/1] (0.00ns)   --->   "%ret_ln123 = ret i14400 %mrv_s" [top_wrapper.cpp:123]   --->   Operation 1889 'ret' 'ret_ln123' <Predicate = (icmp_ln39)> <Delay = 0.00>

State 3 <SV = 2> <Delay = 1.64>
ST_3 : Operation 1890 [1/2] (1.64ns)   --->   "%call_ln0 = call void @conv_Pipeline_VITIS_LOOP_41_1_VITIS_LOOP_42_2_VITIS_LOOP_43_3, i8 %filter_mem_17_load, i8 %filter_mem_16_load, i8 %filter_mem_15_load, i8 %filter_mem_14_load, i8 %filter_mem_13_load, i8 %filter_mem_12_load, i8 %filter_mem_11_load, i8 %filter_mem_10_load, i8 %filter_mem_9_load, i8 %filter_mem_8_load, i8 %filter_mem_7_load, i8 %filter_mem_6_load, i8 %filter_mem_5_load, i8 %filter_mem_4_load, i8 %filter_mem_3_load, i8 %filter_mem_2_load, i8 %filter_mem_1_load, i8 %filter_mem_load, i8 %filter2conv, i8 %filter_mem_35_loc, i8 %filter_mem_34_loc, i8 %filter_mem_33_loc, i8 %filter_mem_32_loc, i8 %filter_mem_31_loc, i8 %filter_mem_30_loc, i8 %filter_mem_29_loc, i8 %filter_mem_28_loc, i8 %filter_mem_27_loc, i8 %filter_mem_26_loc, i8 %filter_mem_25_loc, i8 %filter_mem_24_loc, i8 %filter_mem_23_loc, i8 %filter_mem_22_loc, i8 %filter_mem_21_loc, i8 %filter_mem_20_loc, i8 %filter_mem_19_loc, i8 %filter_mem_18_loc"   --->   Operation 1890 'call' 'call_ln0' <Predicate = true> <Delay = 1.64> <CoreType = "Generic">   --->   Generic Core

State 4 <SV = 3> <Delay = 0.42>
ST_4 : Operation 1891 [1/1] (0.00ns)   --->   "%filter_mem_35_loc_load = load i8 %filter_mem_35_loc"   --->   Operation 1891 'load' 'filter_mem_35_loc_load' <Predicate = true> <Delay = 0.00>
ST_4 : Operation 1892 [1/1] (0.00ns)   --->   "%filter_mem_34_loc_load = load i8 %filter_mem_34_loc"   --->   Operation 1892 'load' 'filter_mem_34_loc_load' <Predicate = true> <Delay = 0.00>
ST_4 : Operation 1893 [1/1] (0.00ns)   --->   "%filter_mem_33_loc_load = load i8 %filter_mem_33_loc"   --->   Operation 1893 'load' 'filter_mem_33_loc_load' <Predicate = true> <Delay = 0.00>
ST_4 : Operation 1894 [1/1] (0.00ns)   --->   "%filter_mem_32_loc_load = load i8 %filter_mem_32_loc"   --->   Operation 1894 'load' 'filter_mem_32_loc_load' <Predicate = true> <Delay = 0.00>
ST_4 : Operation 1895 [1/1] (0.00ns)   --->   "%filter_mem_31_loc_load = load i8 %filter_mem_31_loc"   --->   Operation 1895 'load' 'filter_mem_31_loc_load' <Predicate = true> <Delay = 0.00>
ST_4 : Operation 1896 [1/1] (0.00ns)   --->   "%filter_mem_30_loc_load = load i8 %filter_mem_30_loc"   --->   Operation 1896 'load' 'filter_mem_30_loc_load' <Predicate = true> <Delay = 0.00>
ST_4 : Operation 1897 [1/1] (0.00ns)   --->   "%filter_mem_29_loc_load = load i8 %filter_mem_29_loc"   --->   Operation 1897 'load' 'filter_mem_29_loc_load' <Predicate = true> <Delay = 0.00>
ST_4 : Operation 1898 [1/1] (0.00ns)   --->   "%filter_mem_28_loc_load = load i8 %filter_mem_28_loc"   --->   Operation 1898 'load' 'filter_mem_28_loc_load' <Predicate = true> <Delay = 0.00>
ST_4 : Operation 1899 [1/1] (0.00ns)   --->   "%filter_mem_27_loc_load = load i8 %filter_mem_27_loc"   --->   Operation 1899 'load' 'filter_mem_27_loc_load' <Predicate = true> <Delay = 0.00>
ST_4 : Operation 1900 [1/1] (0.00ns)   --->   "%filter_mem_26_loc_load = load i8 %filter_mem_26_loc"   --->   Operation 1900 'load' 'filter_mem_26_loc_load' <Predicate = true> <Delay = 0.00>
ST_4 : Operation 1901 [1/1] (0.00ns)   --->   "%filter_mem_25_loc_load = load i8 %filter_mem_25_loc"   --->   Operation 1901 'load' 'filter_mem_25_loc_load' <Predicate = true> <Delay = 0.00>
ST_4 : Operation 1902 [1/1] (0.00ns)   --->   "%filter_mem_24_loc_load = load i8 %filter_mem_24_loc"   --->   Operation 1902 'load' 'filter_mem_24_loc_load' <Predicate = true> <Delay = 0.00>
ST_4 : Operation 1903 [1/1] (0.00ns)   --->   "%filter_mem_23_loc_load = load i8 %filter_mem_23_loc"   --->   Operation 1903 'load' 'filter_mem_23_loc_load' <Predicate = true> <Delay = 0.00>
ST_4 : Operation 1904 [1/1] (0.00ns)   --->   "%filter_mem_22_loc_load = load i8 %filter_mem_22_loc"   --->   Operation 1904 'load' 'filter_mem_22_loc_load' <Predicate = true> <Delay = 0.00>
ST_4 : Operation 1905 [1/1] (0.00ns)   --->   "%filter_mem_21_loc_load = load i8 %filter_mem_21_loc"   --->   Operation 1905 'load' 'filter_mem_21_loc_load' <Predicate = true> <Delay = 0.00>
ST_4 : Operation 1906 [1/1] (0.00ns)   --->   "%filter_mem_20_loc_load = load i8 %filter_mem_20_loc"   --->   Operation 1906 'load' 'filter_mem_20_loc_load' <Predicate = true> <Delay = 0.00>
ST_4 : Operation 1907 [1/1] (0.00ns)   --->   "%filter_mem_19_loc_load = load i8 %filter_mem_19_loc"   --->   Operation 1907 'load' 'filter_mem_19_loc_load' <Predicate = true> <Delay = 0.00>
ST_4 : Operation 1908 [1/1] (0.00ns)   --->   "%filter_mem_18_loc_load = load i8 %filter_mem_18_loc"   --->   Operation 1908 'load' 'filter_mem_18_loc_load' <Predicate = true> <Delay = 0.00>
ST_4 : Operation 1909 [2/2] (0.00ns)   --->   "%call_ln21 = call void @conv<2, 13, 13, 3, 3, 2, 11, 11, 1, 1, 5, 1, 5, 5, 2, 3>_Pipeline_L5_L4_L3, i32 %out_mem, i1 %trunc_ln36, i45 %p_read450, i45 %p_read1451, i45 %p_read2452, i45 %p_read3453, i45 %p_read4454, i45 %p_read5455, i45 %p_read6456, i45 %p_read7457, i45 %p_read8458, i45 %p_read9459, i45 %p_read10460, i45 %p_read_1307, i45 %p_read_1306, i45 %p_read_1305, i45 %p_read_1304, i45 %p_read_1303, i45 %p_read_1302, i45 %p_read_1301, i45 %p_read_1300, i45 %p_read_1299, i45 %p_read20470, i45 %p_read_1298, i45 %p_read_1297, i45 %p_read_1296, i45 %p_read_1295, i45 %p_read_1294, i45 %p_read_1293, i45 %p_read_1292, i45 %p_read_1291, i45 %p_read_1290, i45 %p_read30480, i45 %p_read_1289, i45 %p_read_1288, i45 %p_read_1287, i45 %p_read_1286, i45 %p_read_1285, i45 %p_read_1284, i45 %p_read_1283, i45 %p_read50500, i45 %p_read_1271, i45 %p_read_1270, i45 %p_read_1269, i45 %p_read_1268, i45 %p_read_1267, i45 %p_read_1266, i45 %p_read_1265, i45 %p_read_1264, i45 %p_read_1263, i45 %p_read60510, i45 %p_read_1262, i45 %p_read_1261, i45 %p_read_1260, i45 %p_read_1259, i45 %p_read_1258, i45 %p_read_1257, i45 %p_read_1256, i45 %p_read_1255, i45 %p_read_1254, i45 %p_read70520, i45 %p_read_1253, i45 %p_read_1252, i45 %p_read_1251, i45 %p_read_1250, i45 %p_read_1249, i45 %p_read_1248, i45 %p_read_1247, i45 %p_read_1246, i45 %p_read_1245, i45 %p_read80530, i45 %p_read_1244, i45 %p_read_1243, i45 %p_read_1242, i45 %p_read_1241, i45 %p_read_1240, i45 %p_read_1239, i45 %p_read_1238, i45 %p_read100550, i45 %p_read_1226, i45 %p_read_1225, i45 %p_read_1224, i45 %p_read_1223, i45 %p_read_1222, i45 %p_read_1221, i45 %p_read_1220, i45 %p_read_1219, i45 %p_read_1218, i45 %p_read_1217, i45 %p_read_1216, i45 %p_read_1215, i45 %p_read_1214, i45 %p_read_1213, i45 %p_read_1212, i45 %p_read_1211, i45 %p_read_1210, i45 %p_read_1209, i45 %p_read_1208, i45 %p_read_1207, i45 %p_read_1206, i45 %p_read_1205, i45 %p_read_1204, i45 %p_read_1203, i45 %p_read_1202, i45 %p_read_1201, i45 %p_read_1200, i45 %p_read_1199, i45 %p_read_1198, i45 %p_read_1197, i45 %p_read_1196, i45 %p_read_1195, i45 %p_read_1194, i45 %p_read_1193, i45 %p_read_1192, i45 %p_read_1191, i45 %p_read_1190, i45 %p_read_1177, i45 %p_read_1176, i45 %p_read_1175, i45 %p_read_1174, i45 %p_read_1173, i45 %p_read_1172, i45 %p_read_1171, i45 %p_read_1170, i45 %p_read_1169, i45 %p_read_1168, i45 %p_read_1167, i45 %p_read_1166, i45 %p_read_1165, i45 %p_read_1164, i45 %p_read_1163, i45 %p_read_1162, i45 %p_read_1161, i45 %p_read_1160, i45 %p_read_1159, i45 %p_read_1158, i45 %p_read_1157, i45 %p_read_1156, i45 %p_read_1155, i45 %p_read_1154, i45 %p_read_1153, i45 %p_read_1152, i45 %p_read_1151, i45 %p_read_1150, i45 %p_read_1149, i45 %p_read_1148, i45 %p_read_1147, i45 %p_read_1146, i45 %p_read_1145, i45 %p_read_1144, i45 %p_read_1143, i45 %p_read_1142, i45 %p_read_1141, i45 %p_read_1140, i45 %p_read200650, i45 %p_read_1127, i45 %p_read_1126, i45 %p_read_1125, i45 %p_read_1124, i45 %p_read_1123, i45 %p_read_1122, i45 %p_read_1121, i45 %p_read_1120, i45 %p_read_1119, i45 %p_read_1118, i45 %p_read_1117, i45 %p_read_1116, i45 %p_read_1115, i45 %p_read_1114, i45 %p_read_1113, i45 %p_read_1112, i45 %p_read_1111, i45 %p_read_1110, i45 %p_read_1109, i45 %p_read_1108, i45 %p_read_1107, i45 %p_read_1106, i45 %p_read_1105, i45 %p_read_1104, i45 %p_read_1103, i45 %p_read_1102, i45 %p_read_1101, i45 %p_read_1100, i45 %p_read_1099, i45 %p_read_1098, i45 %p_read_1097, i45 %p_read_1096, i45 %p_read_1095, i45 %p_read_1094, i45 %p_read_1093, i45 %p_read_1092, i45 %p_read_1091, i45 %p_read_1078, i45 %p_read_1077, i45 %p_read_1076, i45 %p_read_1075, i45 %p_read_1074, i45 %p_read_1073, i45 %p_read_1072, i45 %p_read_1071, i45 %p_read_1070, i45 %p_read_1069, i45 %p_read_1068, i45 %p_read_1067, i45 %p_read_1066, i45 %p_read_1065, i45 %p_read_1064, i45 %p_read_1063, i45 %p_read_1062, i45 %p_read_1061, i45 %p_read_1060, i45 %p_read_1059, i45 %p_read_1058, i45 %p_read_1057, i45 %p_read_1056, i45 %p_read_1055, i45 %p_read_1054, i45 %p_read_1053, i45 %p_read_1052, i45 %p_read_1051, i45 %p_read_1050, i45 %p_read_1049, i45 %p_read_1048, i45 %p_read_1047, i45 %p_read_1046, i45 %p_read_1045, i45 %p_read_1044, i45 %p_read_1043, i45 %p_read_1042, i45 %p_read_1041, i45 %p_read300750, i45 %p_read_1028, i45 %p_read_1027, i45 %p_read_1026, i45 %p_read_1025, i45 %p_read_1024, i45 %p_read_1023, i45 %p_read_1022, i45 %p_read_1021, i45 %p_read_1020, i45 %p_read_1019, i45 %p_read_1018, i45 %p_read_1017, i45 %p_read_1016, i45 %p_read_1015, i45 %p_read_1014, i45 %p_read_1013, i45 %p_read_1012, i45 %p_read_1011, i45 %p_read_1010, i45 %p_read_1009, i45 %p_read_1008, i45 %p_read_1007, i45 %p_read_1006, i45 %p_read_1005, i45 %p_read_1004, i45 %p_read_1003, i45 %p_read_1002, i45 %p_read_1001, i45 %p_read_1000, i45 %p_read_999, i45 %p_read_998, i45 %p_read_997, i45 %p_read_996, i45 %p_read_995, i45 %p_read_994, i45 %p_read_993, i45 %p_read_992, i45 %p_read_979, i45 %p_read_978, i45 %p_read_977, i45 %p_read_976, i45 %p_read_975, i45 %p_read_974, i45 %p_read_973, i45 %p_read_972, i45 %p_read_971, i45 %p_read_970, i45 %p_read_969, i45 %p_read_968, i45 %p_read_967, i45 %p_read_966, i45 %p_read_965, i45 %p_read_964, i45 %p_read_963, i45 %p_read_962, i45 %p_read_961, i45 %p_read_960, i45 %p_read_959, i45 %p_read_958, i45 %p_read_957, i45 %p_read_956, i45 %p_read_955, i45 %p_read_954, i45 %p_read_953, i45 %p_read_952, i45 %p_read_951, i45 %p_read_950, i45 %p_read_949, i45 %p_read_948, i45 %p_read_947, i45 %p_read_946, i45 %p_read_945, i45 %p_read_944, i45 %p_read_943, i45 %p_read_942, i45 %p_read400850, i45 %p_read_929, i45 %p_read_928, i45 %p_read_927, i45 %p_read_926, i45 %p_read_925, i45 %p_read_924, i45 %p_read_923, i45 %p_read_922, i45 %p_read_921, i45 %p_read_920, i45 %p_read_919, i45 %p_read_918, i45 %p_read_917, i45 %p_read_916, i45 %p_read_915, i45 %p_read_914, i45 %p_read_913, i45 %p_read_912, i45 %p_read_911, i45 %p_read_910, i45 %p_read_909, i45 %p_read_908, i45 %p_read_907, i45 %p_read_906, i45 %p_read_905, i45 %p_read_904, i45 %p_read_903, i45 %p_read_902, i45 %p_read_901, i45 %p_read_900, i45 %p_read_899, i45 %p_read_898, i45 %p_read_897, i45 %p_read_896, i45 %p_read_895, i45 %p_read_894, i45 %p_read_893, i8 %filter_mem_19_loc_load, i8 %filter_mem_18_loc_load, i8 %filter_mem_21_loc_load, i8 %filter_mem_20_loc_load, i45 %p_read_1282, i45 %p_read_1281, i45 %p_read_1237, i45 %p_read_1236, i45 %p_read_1189, i45 %p_read_1188, i45 %p_read_1139, i45 %p_read_1138, i45 %p_read_1090, i45 %p_read_1089, i45 %p_read_1040, i45 %p_read_1039, i45 %p_read_991, i45 %p_read_990, i45 %p_read_941, i45 %p_read_940, i45 %p_read_892, i45 %p_read_891, i8 %filter_mem_23_loc_load, i8 %filter_mem_22_loc_load, i8 %filter_mem_25_loc_load, i8 %filter_mem_24_loc_load, i8 %filter_mem_27_loc_load, i8 %filter_mem_26_loc_load, i8 %filter_mem_29_loc_load, i8 %filter_mem_28_loc_load, i45 %p_read40490, i45 %p_read_1280, i45 %p_read_1279, i45 %p_read_1278, i45 %p_read_1277, i45 %p_read_1276, i45 %p_read_1275, i45 %p_read_1274, i45 %p_read90540, i45 %p_read_1235, i45 %p_read_1234, i45 %p_read_1233, i45 %p_read_1232, i45 %p_read_1231, i45 %p_read_1230, i45 %p_read_1229, i45 %p_read_1187, i45 %p_read_1186, i45 %p_read_1185, i45 %p_read_1184, i45 %p_read_1183, i45 %p_read_1182, i45 %p_read_1181, i45 %p_read_1180, i45 %p_read_1137, i45 %p_read_1136, i45 %p_read_1135, i45 %p_read_1134, i45 %p_read_1133, i45 %p_read_1132, i45 %p_read_1131, i45 %p_read_1130, i45 %p_read_1088, i45 %p_read_1087, i45 %p_read_1086, i45 %p_read_1085, i45 %p_read_1084, i45 %p_read_1083, i45 %p_read_1082, i45 %p_read_1081, i45 %p_read_1038, i45 %p_read_1037, i45 %p_read_1036, i45 %p_read_1035, i45 %p_read_1034, i45 %p_read_1033, i45 %p_read_1032, i45 %p_read_1031, i45 %p_read_989, i45 %p_read_988, i45 %p_read_987, i45 %p_read_986, i45 %p_read_985, i45 %p_read_984, i45 %p_read_983, i45 %p_read_982, i45 %p_read_939, i45 %p_read_938, i45 %p_read_937, i45 %p_read_936, i45 %p_read_935, i45 %p_read_934, i45 %p_read_933, i45 %p_read_932, i45 %p_read_890, i45 %p_read_889, i45 %p_read_888, i45 %p_read_887, i45 %p_read_886, i45 %p_read_885, i45 %p_read_884, i45 %p_read_883, i8 %filter_mem_31_loc_load, i8 %filter_mem_30_loc_load, i8 %filter_mem_33_loc_load, i8 %filter_mem_32_loc_load, i45 %p_read_1273, i45 %p_read_1272, i45 %p_read_1228, i45 %p_read_1227, i45 %p_read_1179, i45 %p_read_1178, i45 %p_read_1129, i45 %p_read_1128, i45 %p_read_1080, i45 %p_read_1079, i45 %p_read_1030, i45 %p_read_1029, i45 %p_read_981, i45 %p_read_980, i45 %p_read_931, i45 %p_read_930, i45 %p_read_882, i45 %p_read_881, i8 %filter_mem_35_loc_load, i8 %filter_mem_34_loc_load, i32 %out_mem_450, i32 %out_mem_451, i32 %out_mem_452, i32 %out_mem_453, i32 %out_mem_454, i32 %out_mem_455, i32 %out_mem_456, i32 %out_mem_457, i32 %out_mem_458, i32 %out_mem_459, i32 %out_mem_460, i32 %out_mem_461, i32 %out_mem_462, i32 %out_mem_463, i32 %out_mem_464, i32 %out_mem_465, i32 %out_mem_466, i32 %out_mem_467, i32 %out_mem_468, i32 %out_mem_469, i32 %out_mem_470, i32 %out_mem_471, i32 %out_mem_472, i32 %out_mem_473, i32 %out_mem_474, i32 %out_mem_475, i32 %out_mem_476, i32 %out_mem_477, i32 %out_mem_478, i32 %out_mem_479, i32 %out_mem_480, i32 %out_mem_481, i32 %out_mem_482, i32 %out_mem_483, i32 %out_mem_484, i32 %out_mem_485, i32 %out_mem_486, i32 %out_mem_487, i32 %out_mem_488, i32 %out_mem_489, i32 %out_mem_490, i32 %out_mem_491, i32 %out_mem_492, i32 %out_mem_493, i32 %out_mem_494, i32 %out_mem_495, i32 %out_mem_496, i32 %out_mem_497, i32 %out_mem_498, i32 %out_mem_499, i32 %out_mem_500, i32 %out_mem_501, i32 %out_mem_502, i32 %out_mem_503, i32 %out_mem_504, i32 %out_mem_505, i32 %out_mem_506, i32 %out_mem_507, i32 %out_mem_508, i32 %out_mem_509, i32 %out_mem_510, i32 %out_mem_511, i32 %out_mem_512, i32 %out_mem_513, i32 %out_mem_514, i32 %out_mem_515, i32 %out_mem_516, i32 %out_mem_517, i32 %out_mem_518, i32 %out_mem_519, i32 %out_mem_520, i32 %out_mem_521, i32 %out_mem_522, i32 %out_mem_523, i32 %out_mem_524, i32 %out_mem_525, i32 %out_mem_526, i32 %out_mem_527, i32 %out_mem_528, i32 %out_mem_529, i32 %out_mem_530, i32 %out_mem_531, i32 %out_mem_532, i32 %out_mem_533, i32 %out_mem_534, i32 %out_mem_535, i32 %out_mem_536, i32 %out_mem_537, i32 %out_mem_538, i32 %out_mem_539, i32 %out_mem_540, i32 %out_mem_541, i32 %out_mem_542, i32 %out_mem_543, i32 %out_mem_544, i32 %out_mem_545, i32 %out_mem_546, i32 %out_mem_547, i32 %out_mem_548, i32 %out_mem_549, i32 %out_mem_550, i32 %out_mem_551, i32 %out_mem_552, i32 %out_mem_553, i32 %out_mem_554, i32 %out_mem_555, i32 %out_mem_556, i32 %out_mem_557, i32 %out_mem_558, i32 %out_mem_559, i32 %out_mem_560, i32 %out_mem_561, i32 %out_mem_562, i32 %out_mem_563, i32 %out_mem_564, i32 %out_mem_565, i32 %out_mem_566, i32 %out_mem_567, i32 %out_mem_568, i32 %out_mem_569, i32 %out_mem_570, i32 %out_mem_571, i32 %out_mem_572, i32 %out_mem_573, i32 %out_mem_574, i32 %out_mem_575, i32 %out_mem_576, i32 %out_mem_577, i32 %out_mem_578, i32 %out_mem_579, i32 %out_mem_580, i32 %out_mem_581, i32 %out_mem_582, i32 %out_mem_583, i32 %out_mem_584, i32 %out_mem_585, i32 %out_mem_586, i32 %out_mem_587, i32 %out_mem_588, i32 %out_mem_589, i32 %out_mem_590, i32 %out_mem_591, i32 %out_mem_592, i32 %out_mem_593, i32 %out_mem_594, i32 %out_mem_595, i32 %out_mem_596, i32 %out_mem_597, i32 %out_mem_598, i32 %out_mem_599, i32 %out_mem_600, i32 %out_mem_601, i32 %out_mem_602, i32 %out_mem_603, i32 %out_mem_604, i32 %out_mem_605, i32 %out_mem_606, i32 %out_mem_607, i32 %out_mem_608, i32 %out_mem_609, i32 %out_mem_610, i32 %out_mem_611, i32 %out_mem_612, i32 %out_mem_613, i32 %out_mem_614, i32 %out_mem_615, i32 %out_mem_616, i32 %out_mem_617, i32 %out_mem_618, i32 %out_mem_619, i32 %out_mem_620, i32 %out_mem_621, i32 %out_mem_622, i32 %out_mem_623, i32 %out_mem_624, i32 %out_mem_625, i32 %out_mem_626, i32 %out_mem_627, i32 %out_mem_628, i32 %out_mem_629, i32 %out_mem_630, i32 %out_mem_631, i32 %out_mem_632, i32 %out_mem_633, i32 %out_mem_634, i32 %out_mem_635, i32 %out_mem_636, i32 %out_mem_637, i32 %out_mem_638, i32 %out_mem_639, i32 %out_mem_640, i32 %out_mem_641, i32 %out_mem_642, i32 %out_mem_643, i32 %out_mem_644, i32 %out_mem_645, i32 %out_mem_646, i32 %out_mem_647, i32 %out_mem_648, i32 %out_mem_649, i32 %out_mem_650, i32 %out_mem_651, i32 %out_mem_652, i32 %out_mem_653, i32 %out_mem_654, i32 %out_mem_655, i32 %out_mem_656, i32 %out_mem_657, i32 %out_mem_658, i32 %out_mem_659, i32 %out_mem_660, i32 %out_mem_661, i32 %out_mem_662, i32 %out_mem_663, i32 %out_mem_664, i32 %out_mem_665, i32 %out_mem_666, i32 %out_mem_667, i32 %out_mem_668, i32 %out_mem_669, i32 %out_mem_670, i32 %out_mem_671, i32 %out_mem_672, i32 %out_mem_673, i32 %out_mem_674, i32 %out_mem_675, i32 %out_mem_676, i32 %out_mem_677, i32 %out_mem_678, i32 %out_mem_679, i32 %out_mem_680, i32 %out_mem_681, i32 %out_mem_682, i32 %out_mem_683, i32 %out_mem_684, i32 %out_mem_685, i32 %out_mem_686, i32 %out_mem_687, i32 %out_mem_688, i32 %out_mem_689, i32 %out_mem_690, i32 %out_mem_691, i32 %out_mem_692, i32 %out_mem_693, i32 %out_mem_694, i32 %out_mem_695, i32 %out_mem_696, i32 %out_mem_697, i32 %out_mem_698, i32 %out_mem_699, i32 %out_mem_700, i32 %out_mem_701, i32 %out_mem_702, i32 %out_mem_703, i32 %out_mem_704, i32 %out_mem_705, i32 %out_mem_706, i32 %out_mem_707, i32 %out_mem_708, i32 %out_mem_709, i32 %out_mem_710, i32 %out_mem_711, i32 %out_mem_712, i32 %out_mem_713, i32 %out_mem_714, i32 %out_mem_715, i32 %out_mem_716, i32 %out_mem_717, i32 %out_mem_718, i32 %out_mem_719, i32 %out_mem_720, i32 %out_mem_721, i32 %out_mem_722, i32 %out_mem_723, i32 %out_mem_724, i32 %out_mem_725, i32 %out_mem_726, i32 %out_mem_727, i32 %out_mem_728, i32 %out_mem_729, i32 %out_mem_730, i32 %out_mem_731, i32 %out_mem_732, i32 %out_mem_733, i32 %out_mem_734, i32 %out_mem_735, i32 %out_mem_736, i32 %out_mem_737, i32 %out_mem_738, i32 %out_mem_739, i32 %out_mem_740, i32 %out_mem_741, i32 %out_mem_742, i32 %out_mem_743, i32 %out_mem_744, i32 %out_mem_745, i32 %out_mem_746, i32 %out_mem_747, i32 %out_mem_748, i32 %out_mem_749, i32 %out_mem_750, i32 %out_mem_751, i32 %out_mem_752, i32 %out_mem_753, i32 %out_mem_754, i32 %out_mem_755, i32 %out_mem_756, i32 %out_mem_757, i32 %out_mem_758, i32 %out_mem_759, i32 %out_mem_760, i32 %out_mem_761, i32 %out_mem_762, i32 %out_mem_763, i32 %out_mem_764, i32 %out_mem_765, i32 %out_mem_766, i32 %out_mem_767, i32 %out_mem_768, i32 %out_mem_769, i32 %out_mem_770, i32 %out_mem_771, i32 %out_mem_772, i32 %out_mem_773, i32 %out_mem_774, i32 %out_mem_775, i32 %out_mem_776, i32 %out_mem_777, i32 %out_mem_778, i32 %out_mem_779, i32 %out_mem_780, i32 %out_mem_781, i32 %out_mem_782, i32 %out_mem_783, i32 %out_mem_784, i32 %out_mem_785, i32 %out_mem_786, i32 %out_mem_787, i32 %out_mem_788, i32 %out_mem_789, i32 %out_mem_790, i32 %out_mem_791, i32 %out_mem_792, i32 %out_mem_793, i32 %out_mem_794, i32 %out_mem_795, i32 %out_mem_796, i32 %out_mem_797, i32 %out_mem_798, i32 %out_mem_799, i32 %out_mem_800, i32 %out_mem_801, i32 %out_mem_802, i32 %out_mem_803, i32 %out_mem_804, i32 %out_mem_805, i32 %out_mem_806, i32 %out_mem_807, i32 %out_mem_808, i32 %out_mem_809, i32 %out_mem_810, i32 %out_mem_811, i32 %out_mem_812, i32 %out_mem_813, i32 %out_mem_814, i32 %out_mem_815, i32 %out_mem_816, i32 %out_mem_817, i32 %out_mem_818, i32 %out_mem_819, i32 %out_mem_820, i32 %out_mem_821, i32 %out_mem_822, i32 %out_mem_823, i32 %out_mem_824, i32 %out_mem_825, i32 %out_mem_826, i32 %out_mem_827, i32 %out_mem_828, i32 %out_mem_829, i32 %out_mem_830, i32 %out_mem_831, i32 %out_mem_832, i32 %out_mem_833, i32 %out_mem_834, i32 %out_mem_835, i32 %out_mem_836, i32 %out_mem_837, i32 %out_mem_838, i32 %out_mem_839, i32 %out_mem_840, i32 %out_mem_841, i32 %out_mem_842, i32 %out_mem_843, i32 %out_mem_844, i32 %out_mem_845, i32 %out_mem_846, i32 %out_mem_847, i32 %out_mem_848, i32 %out_mem_849, i32 %out_mem_850, i32 %out_mem_851, i32 %out_mem_852, i32 %out_mem_853, i32 %out_mem_854, i32 %out_mem_855, i32 %out_mem_856, i32 %out_mem_857, i32 %out_mem_858, i32 %out_mem_859, i32 %out_mem_860, i32 %out_mem_861, i32 %out_mem_862, i32 %out_mem_863, i32 %out_mem_864, i32 %out_mem_865, i32 %out_mem_866, i32 %out_mem_867, i32 %out_mem_868, i32 %out_mem_869, i32 %out_mem_870, i32 %out_mem_871, i32 %out_mem_872, i32 %out_mem_873, i32 %out_mem_874, i32 %out_mem_875, i32 %out_mem_876, i32 %out_mem_877, i32 %out_mem_878, i32 %out_mem_879, i32 %out_mem_880, i32 %out_mem_881, i32 %out_mem_882, i32 %out_mem_883, i32 %out_mem_884, i32 %out_mem_885, i32 %out_mem_886, i32 %out_mem_887, i32 %out_mem_888, i32 %out_mem_889, i32 %out_mem_890, i32 %out_mem_891, i32 %out_mem_892, i32 %out_mem_893, i32 %out_mem_894, i32 %out_mem_895, i32 %out_mem_896, i32 %out_mem_897, i32 %out_mem_898" [./conv.h:21->top_wrapper.cpp:123]   --->   Operation 1909 'call' 'call_ln21' <Predicate = true> <Delay = 0.00> <CoreType = "Generic">   --->   Generic Core
ST_4 : Operation 1910 [1/1] (0.42ns)   --->   "%store_ln36 = store i8 %filter_mem_35_loc_load, i8 %filter_mem_17" [./conv.h:36->top_wrapper.cpp:123]   --->   Operation 1910 'store' 'store_ln36' <Predicate = true> <Delay = 0.42>
ST_4 : Operation 1911 [1/1] (0.42ns)   --->   "%store_ln36 = store i8 %filter_mem_34_loc_load, i8 %filter_mem_16" [./conv.h:36->top_wrapper.cpp:123]   --->   Operation 1911 'store' 'store_ln36' <Predicate = true> <Delay = 0.42>
ST_4 : Operation 1912 [1/1] (0.42ns)   --->   "%store_ln36 = store i8 %filter_mem_33_loc_load, i8 %filter_mem_15" [./conv.h:36->top_wrapper.cpp:123]   --->   Operation 1912 'store' 'store_ln36' <Predicate = true> <Delay = 0.42>
ST_4 : Operation 1913 [1/1] (0.42ns)   --->   "%store_ln36 = store i8 %filter_mem_32_loc_load, i8 %filter_mem_14" [./conv.h:36->top_wrapper.cpp:123]   --->   Operation 1913 'store' 'store_ln36' <Predicate = true> <Delay = 0.42>
ST_4 : Operation 1914 [1/1] (0.42ns)   --->   "%store_ln36 = store i8 %filter_mem_31_loc_load, i8 %filter_mem_13" [./conv.h:36->top_wrapper.cpp:123]   --->   Operation 1914 'store' 'store_ln36' <Predicate = true> <Delay = 0.42>
ST_4 : Operation 1915 [1/1] (0.42ns)   --->   "%store_ln36 = store i8 %filter_mem_30_loc_load, i8 %filter_mem_12" [./conv.h:36->top_wrapper.cpp:123]   --->   Operation 1915 'store' 'store_ln36' <Predicate = true> <Delay = 0.42>
ST_4 : Operation 1916 [1/1] (0.42ns)   --->   "%store_ln36 = store i8 %filter_mem_29_loc_load, i8 %filter_mem_11" [./conv.h:36->top_wrapper.cpp:123]   --->   Operation 1916 'store' 'store_ln36' <Predicate = true> <Delay = 0.42>
ST_4 : Operation 1917 [1/1] (0.42ns)   --->   "%store_ln36 = store i8 %filter_mem_28_loc_load, i8 %filter_mem_10" [./conv.h:36->top_wrapper.cpp:123]   --->   Operation 1917 'store' 'store_ln36' <Predicate = true> <Delay = 0.42>
ST_4 : Operation 1918 [1/1] (0.42ns)   --->   "%store_ln36 = store i8 %filter_mem_27_loc_load, i8 %filter_mem_9" [./conv.h:36->top_wrapper.cpp:123]   --->   Operation 1918 'store' 'store_ln36' <Predicate = true> <Delay = 0.42>
ST_4 : Operation 1919 [1/1] (0.42ns)   --->   "%store_ln36 = store i8 %filter_mem_26_loc_load, i8 %filter_mem_8" [./conv.h:36->top_wrapper.cpp:123]   --->   Operation 1919 'store' 'store_ln36' <Predicate = true> <Delay = 0.42>
ST_4 : Operation 1920 [1/1] (0.42ns)   --->   "%store_ln36 = store i8 %filter_mem_25_loc_load, i8 %filter_mem_7" [./conv.h:36->top_wrapper.cpp:123]   --->   Operation 1920 'store' 'store_ln36' <Predicate = true> <Delay = 0.42>
ST_4 : Operation 1921 [1/1] (0.42ns)   --->   "%store_ln36 = store i8 %filter_mem_24_loc_load, i8 %filter_mem_6" [./conv.h:36->top_wrapper.cpp:123]   --->   Operation 1921 'store' 'store_ln36' <Predicate = true> <Delay = 0.42>
ST_4 : Operation 1922 [1/1] (0.42ns)   --->   "%store_ln36 = store i8 %filter_mem_23_loc_load, i8 %filter_mem_5" [./conv.h:36->top_wrapper.cpp:123]   --->   Operation 1922 'store' 'store_ln36' <Predicate = true> <Delay = 0.42>
ST_4 : Operation 1923 [1/1] (0.42ns)   --->   "%store_ln36 = store i8 %filter_mem_22_loc_load, i8 %filter_mem_4" [./conv.h:36->top_wrapper.cpp:123]   --->   Operation 1923 'store' 'store_ln36' <Predicate = true> <Delay = 0.42>
ST_4 : Operation 1924 [1/1] (0.42ns)   --->   "%store_ln36 = store i8 %filter_mem_21_loc_load, i8 %filter_mem_3" [./conv.h:36->top_wrapper.cpp:123]   --->   Operation 1924 'store' 'store_ln36' <Predicate = true> <Delay = 0.42>
ST_4 : Operation 1925 [1/1] (0.42ns)   --->   "%store_ln36 = store i8 %filter_mem_20_loc_load, i8 %filter_mem_2" [./conv.h:36->top_wrapper.cpp:123]   --->   Operation 1925 'store' 'store_ln36' <Predicate = true> <Delay = 0.42>
ST_4 : Operation 1926 [1/1] (0.42ns)   --->   "%store_ln36 = store i8 %filter_mem_19_loc_load, i8 %filter_mem_1" [./conv.h:36->top_wrapper.cpp:123]   --->   Operation 1926 'store' 'store_ln36' <Predicate = true> <Delay = 0.42>
ST_4 : Operation 1927 [1/1] (0.42ns)   --->   "%store_ln36 = store i8 %filter_mem_18_loc_load, i8 %filter_mem" [./conv.h:36->top_wrapper.cpp:123]   --->   Operation 1927 'store' 'store_ln36' <Predicate = true> <Delay = 0.42>

State 5 <SV = 4> <Delay = 2.59>
ST_5 : Operation 1928 [1/1] (0.00ns)   --->   "%speclooptripcount_ln36 = speclooptripcount void @_ssdm_op_SpecLoopTripCount, i64 2, i64 2, i64 2" [./conv.h:36->top_wrapper.cpp:123]   --->   Operation 1928 'speclooptripcount' 'speclooptripcount_ln36' <Predicate = true> <Delay = 0.00>
ST_5 : Operation 1929 [1/1] (0.00ns)   --->   "%specloopname_ln39 = specloopname void @_ssdm_op_SpecLoopName, void @empty_7" [./conv.h:39->top_wrapper.cpp:123]   --->   Operation 1929 'specloopname' 'specloopname_ln39' <Predicate = true> <Delay = 0.00>
ST_5 : Operation 1930 [1/2] (2.59ns)   --->   "%call_ln21 = call void @conv<2, 13, 13, 3, 3, 2, 11, 11, 1, 1, 5, 1, 5, 5, 2, 3>_Pipeline_L5_L4_L3, i32 %out_mem, i1 %trunc_ln36, i45 %p_read450, i45 %p_read1451, i45 %p_read2452, i45 %p_read3453, i45 %p_read4454, i45 %p_read5455, i45 %p_read6456, i45 %p_read7457, i45 %p_read8458, i45 %p_read9459, i45 %p_read10460, i45 %p_read_1307, i45 %p_read_1306, i45 %p_read_1305, i45 %p_read_1304, i45 %p_read_1303, i45 %p_read_1302, i45 %p_read_1301, i45 %p_read_1300, i45 %p_read_1299, i45 %p_read20470, i45 %p_read_1298, i45 %p_read_1297, i45 %p_read_1296, i45 %p_read_1295, i45 %p_read_1294, i45 %p_read_1293, i45 %p_read_1292, i45 %p_read_1291, i45 %p_read_1290, i45 %p_read30480, i45 %p_read_1289, i45 %p_read_1288, i45 %p_read_1287, i45 %p_read_1286, i45 %p_read_1285, i45 %p_read_1284, i45 %p_read_1283, i45 %p_read50500, i45 %p_read_1271, i45 %p_read_1270, i45 %p_read_1269, i45 %p_read_1268, i45 %p_read_1267, i45 %p_read_1266, i45 %p_read_1265, i45 %p_read_1264, i45 %p_read_1263, i45 %p_read60510, i45 %p_read_1262, i45 %p_read_1261, i45 %p_read_1260, i45 %p_read_1259, i45 %p_read_1258, i45 %p_read_1257, i45 %p_read_1256, i45 %p_read_1255, i45 %p_read_1254, i45 %p_read70520, i45 %p_read_1253, i45 %p_read_1252, i45 %p_read_1251, i45 %p_read_1250, i45 %p_read_1249, i45 %p_read_1248, i45 %p_read_1247, i45 %p_read_1246, i45 %p_read_1245, i45 %p_read80530, i45 %p_read_1244, i45 %p_read_1243, i45 %p_read_1242, i45 %p_read_1241, i45 %p_read_1240, i45 %p_read_1239, i45 %p_read_1238, i45 %p_read100550, i45 %p_read_1226, i45 %p_read_1225, i45 %p_read_1224, i45 %p_read_1223, i45 %p_read_1222, i45 %p_read_1221, i45 %p_read_1220, i45 %p_read_1219, i45 %p_read_1218, i45 %p_read_1217, i45 %p_read_1216, i45 %p_read_1215, i45 %p_read_1214, i45 %p_read_1213, i45 %p_read_1212, i45 %p_read_1211, i45 %p_read_1210, i45 %p_read_1209, i45 %p_read_1208, i45 %p_read_1207, i45 %p_read_1206, i45 %p_read_1205, i45 %p_read_1204, i45 %p_read_1203, i45 %p_read_1202, i45 %p_read_1201, i45 %p_read_1200, i45 %p_read_1199, i45 %p_read_1198, i45 %p_read_1197, i45 %p_read_1196, i45 %p_read_1195, i45 %p_read_1194, i45 %p_read_1193, i45 %p_read_1192, i45 %p_read_1191, i45 %p_read_1190, i45 %p_read_1177, i45 %p_read_1176, i45 %p_read_1175, i45 %p_read_1174, i45 %p_read_1173, i45 %p_read_1172, i45 %p_read_1171, i45 %p_read_1170, i45 %p_read_1169, i45 %p_read_1168, i45 %p_read_1167, i45 %p_read_1166, i45 %p_read_1165, i45 %p_read_1164, i45 %p_read_1163, i45 %p_read_1162, i45 %p_read_1161, i45 %p_read_1160, i45 %p_read_1159, i45 %p_read_1158, i45 %p_read_1157, i45 %p_read_1156, i45 %p_read_1155, i45 %p_read_1154, i45 %p_read_1153, i45 %p_read_1152, i45 %p_read_1151, i45 %p_read_1150, i45 %p_read_1149, i45 %p_read_1148, i45 %p_read_1147, i45 %p_read_1146, i45 %p_read_1145, i45 %p_read_1144, i45 %p_read_1143, i45 %p_read_1142, i45 %p_read_1141, i45 %p_read_1140, i45 %p_read200650, i45 %p_read_1127, i45 %p_read_1126, i45 %p_read_1125, i45 %p_read_1124, i45 %p_read_1123, i45 %p_read_1122, i45 %p_read_1121, i45 %p_read_1120, i45 %p_read_1119, i45 %p_read_1118, i45 %p_read_1117, i45 %p_read_1116, i45 %p_read_1115, i45 %p_read_1114, i45 %p_read_1113, i45 %p_read_1112, i45 %p_read_1111, i45 %p_read_1110, i45 %p_read_1109, i45 %p_read_1108, i45 %p_read_1107, i45 %p_read_1106, i45 %p_read_1105, i45 %p_read_1104, i45 %p_read_1103, i45 %p_read_1102, i45 %p_read_1101, i45 %p_read_1100, i45 %p_read_1099, i45 %p_read_1098, i45 %p_read_1097, i45 %p_read_1096, i45 %p_read_1095, i45 %p_read_1094, i45 %p_read_1093, i45 %p_read_1092, i45 %p_read_1091, i45 %p_read_1078, i45 %p_read_1077, i45 %p_read_1076, i45 %p_read_1075, i45 %p_read_1074, i45 %p_read_1073, i45 %p_read_1072, i45 %p_read_1071, i45 %p_read_1070, i45 %p_read_1069, i45 %p_read_1068, i45 %p_read_1067, i45 %p_read_1066, i45 %p_read_1065, i45 %p_read_1064, i45 %p_read_1063, i45 %p_read_1062, i45 %p_read_1061, i45 %p_read_1060, i45 %p_read_1059, i45 %p_read_1058, i45 %p_read_1057, i45 %p_read_1056, i45 %p_read_1055, i45 %p_read_1054, i45 %p_read_1053, i45 %p_read_1052, i45 %p_read_1051, i45 %p_read_1050, i45 %p_read_1049, i45 %p_read_1048, i45 %p_read_1047, i45 %p_read_1046, i45 %p_read_1045, i45 %p_read_1044, i45 %p_read_1043, i45 %p_read_1042, i45 %p_read_1041, i45 %p_read300750, i45 %p_read_1028, i45 %p_read_1027, i45 %p_read_1026, i45 %p_read_1025, i45 %p_read_1024, i45 %p_read_1023, i45 %p_read_1022, i45 %p_read_1021, i45 %p_read_1020, i45 %p_read_1019, i45 %p_read_1018, i45 %p_read_1017, i45 %p_read_1016, i45 %p_read_1015, i45 %p_read_1014, i45 %p_read_1013, i45 %p_read_1012, i45 %p_read_1011, i45 %p_read_1010, i45 %p_read_1009, i45 %p_read_1008, i45 %p_read_1007, i45 %p_read_1006, i45 %p_read_1005, i45 %p_read_1004, i45 %p_read_1003, i45 %p_read_1002, i45 %p_read_1001, i45 %p_read_1000, i45 %p_read_999, i45 %p_read_998, i45 %p_read_997, i45 %p_read_996, i45 %p_read_995, i45 %p_read_994, i45 %p_read_993, i45 %p_read_992, i45 %p_read_979, i45 %p_read_978, i45 %p_read_977, i45 %p_read_976, i45 %p_read_975, i45 %p_read_974, i45 %p_read_973, i45 %p_read_972, i45 %p_read_971, i45 %p_read_970, i45 %p_read_969, i45 %p_read_968, i45 %p_read_967, i45 %p_read_966, i45 %p_read_965, i45 %p_read_964, i45 %p_read_963, i45 %p_read_962, i45 %p_read_961, i45 %p_read_960, i45 %p_read_959, i45 %p_read_958, i45 %p_read_957, i45 %p_read_956, i45 %p_read_955, i45 %p_read_954, i45 %p_read_953, i45 %p_read_952, i45 %p_read_951, i45 %p_read_950, i45 %p_read_949, i45 %p_read_948, i45 %p_read_947, i45 %p_read_946, i45 %p_read_945, i45 %p_read_944, i45 %p_read_943, i45 %p_read_942, i45 %p_read400850, i45 %p_read_929, i45 %p_read_928, i45 %p_read_927, i45 %p_read_926, i45 %p_read_925, i45 %p_read_924, i45 %p_read_923, i45 %p_read_922, i45 %p_read_921, i45 %p_read_920, i45 %p_read_919, i45 %p_read_918, i45 %p_read_917, i45 %p_read_916, i45 %p_read_915, i45 %p_read_914, i45 %p_read_913, i45 %p_read_912, i45 %p_read_911, i45 %p_read_910, i45 %p_read_909, i45 %p_read_908, i45 %p_read_907, i45 %p_read_906, i45 %p_read_905, i45 %p_read_904, i45 %p_read_903, i45 %p_read_902, i45 %p_read_901, i45 %p_read_900, i45 %p_read_899, i45 %p_read_898, i45 %p_read_897, i45 %p_read_896, i45 %p_read_895, i45 %p_read_894, i45 %p_read_893, i8 %filter_mem_19_loc_load, i8 %filter_mem_18_loc_load, i8 %filter_mem_21_loc_load, i8 %filter_mem_20_loc_load, i45 %p_read_1282, i45 %p_read_1281, i45 %p_read_1237, i45 %p_read_1236, i45 %p_read_1189, i45 %p_read_1188, i45 %p_read_1139, i45 %p_read_1138, i45 %p_read_1090, i45 %p_read_1089, i45 %p_read_1040, i45 %p_read_1039, i45 %p_read_991, i45 %p_read_990, i45 %p_read_941, i45 %p_read_940, i45 %p_read_892, i45 %p_read_891, i8 %filter_mem_23_loc_load, i8 %filter_mem_22_loc_load, i8 %filter_mem_25_loc_load, i8 %filter_mem_24_loc_load, i8 %filter_mem_27_loc_load, i8 %filter_mem_26_loc_load, i8 %filter_mem_29_loc_load, i8 %filter_mem_28_loc_load, i45 %p_read40490, i45 %p_read_1280, i45 %p_read_1279, i45 %p_read_1278, i45 %p_read_1277, i45 %p_read_1276, i45 %p_read_1275, i45 %p_read_1274, i45 %p_read90540, i45 %p_read_1235, i45 %p_read_1234, i45 %p_read_1233, i45 %p_read_1232, i45 %p_read_1231, i45 %p_read_1230, i45 %p_read_1229, i45 %p_read_1187, i45 %p_read_1186, i45 %p_read_1185, i45 %p_read_1184, i45 %p_read_1183, i45 %p_read_1182, i45 %p_read_1181, i45 %p_read_1180, i45 %p_read_1137, i45 %p_read_1136, i45 %p_read_1135, i45 %p_read_1134, i45 %p_read_1133, i45 %p_read_1132, i45 %p_read_1131, i45 %p_read_1130, i45 %p_read_1088, i45 %p_read_1087, i45 %p_read_1086, i45 %p_read_1085, i45 %p_read_1084, i45 %p_read_1083, i45 %p_read_1082, i45 %p_read_1081, i45 %p_read_1038, i45 %p_read_1037, i45 %p_read_1036, i45 %p_read_1035, i45 %p_read_1034, i45 %p_read_1033, i45 %p_read_1032, i45 %p_read_1031, i45 %p_read_989, i45 %p_read_988, i45 %p_read_987, i45 %p_read_986, i45 %p_read_985, i45 %p_read_984, i45 %p_read_983, i45 %p_read_982, i45 %p_read_939, i45 %p_read_938, i45 %p_read_937, i45 %p_read_936, i45 %p_read_935, i45 %p_read_934, i45 %p_read_933, i45 %p_read_932, i45 %p_read_890, i45 %p_read_889, i45 %p_read_888, i45 %p_read_887, i45 %p_read_886, i45 %p_read_885, i45 %p_read_884, i45 %p_read_883, i8 %filter_mem_31_loc_load, i8 %filter_mem_30_loc_load, i8 %filter_mem_33_loc_load, i8 %filter_mem_32_loc_load, i45 %p_read_1273, i45 %p_read_1272, i45 %p_read_1228, i45 %p_read_1227, i45 %p_read_1179, i45 %p_read_1178, i45 %p_read_1129, i45 %p_read_1128, i45 %p_read_1080, i45 %p_read_1079, i45 %p_read_1030, i45 %p_read_1029, i45 %p_read_981, i45 %p_read_980, i45 %p_read_931, i45 %p_read_930, i45 %p_read_882, i45 %p_read_881, i8 %filter_mem_35_loc_load, i8 %filter_mem_34_loc_load, i32 %out_mem_450, i32 %out_mem_451, i32 %out_mem_452, i32 %out_mem_453, i32 %out_mem_454, i32 %out_mem_455, i32 %out_mem_456, i32 %out_mem_457, i32 %out_mem_458, i32 %out_mem_459, i32 %out_mem_460, i32 %out_mem_461, i32 %out_mem_462, i32 %out_mem_463, i32 %out_mem_464, i32 %out_mem_465, i32 %out_mem_466, i32 %out_mem_467, i32 %out_mem_468, i32 %out_mem_469, i32 %out_mem_470, i32 %out_mem_471, i32 %out_mem_472, i32 %out_mem_473, i32 %out_mem_474, i32 %out_mem_475, i32 %out_mem_476, i32 %out_mem_477, i32 %out_mem_478, i32 %out_mem_479, i32 %out_mem_480, i32 %out_mem_481, i32 %out_mem_482, i32 %out_mem_483, i32 %out_mem_484, i32 %out_mem_485, i32 %out_mem_486, i32 %out_mem_487, i32 %out_mem_488, i32 %out_mem_489, i32 %out_mem_490, i32 %out_mem_491, i32 %out_mem_492, i32 %out_mem_493, i32 %out_mem_494, i32 %out_mem_495, i32 %out_mem_496, i32 %out_mem_497, i32 %out_mem_498, i32 %out_mem_499, i32 %out_mem_500, i32 %out_mem_501, i32 %out_mem_502, i32 %out_mem_503, i32 %out_mem_504, i32 %out_mem_505, i32 %out_mem_506, i32 %out_mem_507, i32 %out_mem_508, i32 %out_mem_509, i32 %out_mem_510, i32 %out_mem_511, i32 %out_mem_512, i32 %out_mem_513, i32 %out_mem_514, i32 %out_mem_515, i32 %out_mem_516, i32 %out_mem_517, i32 %out_mem_518, i32 %out_mem_519, i32 %out_mem_520, i32 %out_mem_521, i32 %out_mem_522, i32 %out_mem_523, i32 %out_mem_524, i32 %out_mem_525, i32 %out_mem_526, i32 %out_mem_527, i32 %out_mem_528, i32 %out_mem_529, i32 %out_mem_530, i32 %out_mem_531, i32 %out_mem_532, i32 %out_mem_533, i32 %out_mem_534, i32 %out_mem_535, i32 %out_mem_536, i32 %out_mem_537, i32 %out_mem_538, i32 %out_mem_539, i32 %out_mem_540, i32 %out_mem_541, i32 %out_mem_542, i32 %out_mem_543, i32 %out_mem_544, i32 %out_mem_545, i32 %out_mem_546, i32 %out_mem_547, i32 %out_mem_548, i32 %out_mem_549, i32 %out_mem_550, i32 %out_mem_551, i32 %out_mem_552, i32 %out_mem_553, i32 %out_mem_554, i32 %out_mem_555, i32 %out_mem_556, i32 %out_mem_557, i32 %out_mem_558, i32 %out_mem_559, i32 %out_mem_560, i32 %out_mem_561, i32 %out_mem_562, i32 %out_mem_563, i32 %out_mem_564, i32 %out_mem_565, i32 %out_mem_566, i32 %out_mem_567, i32 %out_mem_568, i32 %out_mem_569, i32 %out_mem_570, i32 %out_mem_571, i32 %out_mem_572, i32 %out_mem_573, i32 %out_mem_574, i32 %out_mem_575, i32 %out_mem_576, i32 %out_mem_577, i32 %out_mem_578, i32 %out_mem_579, i32 %out_mem_580, i32 %out_mem_581, i32 %out_mem_582, i32 %out_mem_583, i32 %out_mem_584, i32 %out_mem_585, i32 %out_mem_586, i32 %out_mem_587, i32 %out_mem_588, i32 %out_mem_589, i32 %out_mem_590, i32 %out_mem_591, i32 %out_mem_592, i32 %out_mem_593, i32 %out_mem_594, i32 %out_mem_595, i32 %out_mem_596, i32 %out_mem_597, i32 %out_mem_598, i32 %out_mem_599, i32 %out_mem_600, i32 %out_mem_601, i32 %out_mem_602, i32 %out_mem_603, i32 %out_mem_604, i32 %out_mem_605, i32 %out_mem_606, i32 %out_mem_607, i32 %out_mem_608, i32 %out_mem_609, i32 %out_mem_610, i32 %out_mem_611, i32 %out_mem_612, i32 %out_mem_613, i32 %out_mem_614, i32 %out_mem_615, i32 %out_mem_616, i32 %out_mem_617, i32 %out_mem_618, i32 %out_mem_619, i32 %out_mem_620, i32 %out_mem_621, i32 %out_mem_622, i32 %out_mem_623, i32 %out_mem_624, i32 %out_mem_625, i32 %out_mem_626, i32 %out_mem_627, i32 %out_mem_628, i32 %out_mem_629, i32 %out_mem_630, i32 %out_mem_631, i32 %out_mem_632, i32 %out_mem_633, i32 %out_mem_634, i32 %out_mem_635, i32 %out_mem_636, i32 %out_mem_637, i32 %out_mem_638, i32 %out_mem_639, i32 %out_mem_640, i32 %out_mem_641, i32 %out_mem_642, i32 %out_mem_643, i32 %out_mem_644, i32 %out_mem_645, i32 %out_mem_646, i32 %out_mem_647, i32 %out_mem_648, i32 %out_mem_649, i32 %out_mem_650, i32 %out_mem_651, i32 %out_mem_652, i32 %out_mem_653, i32 %out_mem_654, i32 %out_mem_655, i32 %out_mem_656, i32 %out_mem_657, i32 %out_mem_658, i32 %out_mem_659, i32 %out_mem_660, i32 %out_mem_661, i32 %out_mem_662, i32 %out_mem_663, i32 %out_mem_664, i32 %out_mem_665, i32 %out_mem_666, i32 %out_mem_667, i32 %out_mem_668, i32 %out_mem_669, i32 %out_mem_670, i32 %out_mem_671, i32 %out_mem_672, i32 %out_mem_673, i32 %out_mem_674, i32 %out_mem_675, i32 %out_mem_676, i32 %out_mem_677, i32 %out_mem_678, i32 %out_mem_679, i32 %out_mem_680, i32 %out_mem_681, i32 %out_mem_682, i32 %out_mem_683, i32 %out_mem_684, i32 %out_mem_685, i32 %out_mem_686, i32 %out_mem_687, i32 %out_mem_688, i32 %out_mem_689, i32 %out_mem_690, i32 %out_mem_691, i32 %out_mem_692, i32 %out_mem_693, i32 %out_mem_694, i32 %out_mem_695, i32 %out_mem_696, i32 %out_mem_697, i32 %out_mem_698, i32 %out_mem_699, i32 %out_mem_700, i32 %out_mem_701, i32 %out_mem_702, i32 %out_mem_703, i32 %out_mem_704, i32 %out_mem_705, i32 %out_mem_706, i32 %out_mem_707, i32 %out_mem_708, i32 %out_mem_709, i32 %out_mem_710, i32 %out_mem_711, i32 %out_mem_712, i32 %out_mem_713, i32 %out_mem_714, i32 %out_mem_715, i32 %out_mem_716, i32 %out_mem_717, i32 %out_mem_718, i32 %out_mem_719, i32 %out_mem_720, i32 %out_mem_721, i32 %out_mem_722, i32 %out_mem_723, i32 %out_mem_724, i32 %out_mem_725, i32 %out_mem_726, i32 %out_mem_727, i32 %out_mem_728, i32 %out_mem_729, i32 %out_mem_730, i32 %out_mem_731, i32 %out_mem_732, i32 %out_mem_733, i32 %out_mem_734, i32 %out_mem_735, i32 %out_mem_736, i32 %out_mem_737, i32 %out_mem_738, i32 %out_mem_739, i32 %out_mem_740, i32 %out_mem_741, i32 %out_mem_742, i32 %out_mem_743, i32 %out_mem_744, i32 %out_mem_745, i32 %out_mem_746, i32 %out_mem_747, i32 %out_mem_748, i32 %out_mem_749, i32 %out_mem_750, i32 %out_mem_751, i32 %out_mem_752, i32 %out_mem_753, i32 %out_mem_754, i32 %out_mem_755, i32 %out_mem_756, i32 %out_mem_757, i32 %out_mem_758, i32 %out_mem_759, i32 %out_mem_760, i32 %out_mem_761, i32 %out_mem_762, i32 %out_mem_763, i32 %out_mem_764, i32 %out_mem_765, i32 %out_mem_766, i32 %out_mem_767, i32 %out_mem_768, i32 %out_mem_769, i32 %out_mem_770, i32 %out_mem_771, i32 %out_mem_772, i32 %out_mem_773, i32 %out_mem_774, i32 %out_mem_775, i32 %out_mem_776, i32 %out_mem_777, i32 %out_mem_778, i32 %out_mem_779, i32 %out_mem_780, i32 %out_mem_781, i32 %out_mem_782, i32 %out_mem_783, i32 %out_mem_784, i32 %out_mem_785, i32 %out_mem_786, i32 %out_mem_787, i32 %out_mem_788, i32 %out_mem_789, i32 %out_mem_790, i32 %out_mem_791, i32 %out_mem_792, i32 %out_mem_793, i32 %out_mem_794, i32 %out_mem_795, i32 %out_mem_796, i32 %out_mem_797, i32 %out_mem_798, i32 %out_mem_799, i32 %out_mem_800, i32 %out_mem_801, i32 %out_mem_802, i32 %out_mem_803, i32 %out_mem_804, i32 %out_mem_805, i32 %out_mem_806, i32 %out_mem_807, i32 %out_mem_808, i32 %out_mem_809, i32 %out_mem_810, i32 %out_mem_811, i32 %out_mem_812, i32 %out_mem_813, i32 %out_mem_814, i32 %out_mem_815, i32 %out_mem_816, i32 %out_mem_817, i32 %out_mem_818, i32 %out_mem_819, i32 %out_mem_820, i32 %out_mem_821, i32 %out_mem_822, i32 %out_mem_823, i32 %out_mem_824, i32 %out_mem_825, i32 %out_mem_826, i32 %out_mem_827, i32 %out_mem_828, i32 %out_mem_829, i32 %out_mem_830, i32 %out_mem_831, i32 %out_mem_832, i32 %out_mem_833, i32 %out_mem_834, i32 %out_mem_835, i32 %out_mem_836, i32 %out_mem_837, i32 %out_mem_838, i32 %out_mem_839, i32 %out_mem_840, i32 %out_mem_841, i32 %out_mem_842, i32 %out_mem_843, i32 %out_mem_844, i32 %out_mem_845, i32 %out_mem_846, i32 %out_mem_847, i32 %out_mem_848, i32 %out_mem_849, i32 %out_mem_850, i32 %out_mem_851, i32 %out_mem_852, i32 %out_mem_853, i32 %out_mem_854, i32 %out_mem_855, i32 %out_mem_856, i32 %out_mem_857, i32 %out_mem_858, i32 %out_mem_859, i32 %out_mem_860, i32 %out_mem_861, i32 %out_mem_862, i32 %out_mem_863, i32 %out_mem_864, i32 %out_mem_865, i32 %out_mem_866, i32 %out_mem_867, i32 %out_mem_868, i32 %out_mem_869, i32 %out_mem_870, i32 %out_mem_871, i32 %out_mem_872, i32 %out_mem_873, i32 %out_mem_874, i32 %out_mem_875, i32 %out_mem_876, i32 %out_mem_877, i32 %out_mem_878, i32 %out_mem_879, i32 %out_mem_880, i32 %out_mem_881, i32 %out_mem_882, i32 %out_mem_883, i32 %out_mem_884, i32 %out_mem_885, i32 %out_mem_886, i32 %out_mem_887, i32 %out_mem_888, i32 %out_mem_889, i32 %out_mem_890, i32 %out_mem_891, i32 %out_mem_892, i32 %out_mem_893, i32 %out_mem_894, i32 %out_mem_895, i32 %out_mem_896, i32 %out_mem_897, i32 %out_mem_898" [./conv.h:21->top_wrapper.cpp:123]   --->   Operation 1930 'call' 'call_ln21' <Predicate = true> <Delay = 2.59> <CoreType = "Generic">   --->   Generic Core
ST_5 : Operation 1931 [1/1] (0.00ns)   --->   "%br_ln39 = br void %VITIS_LOOP_41_1.i" [./conv.h:39->top_wrapper.cpp:123]   --->   Operation 1931 'br' 'br_ln39' <Predicate = true> <Delay = 0.00>


============================================================
+ Verbose Summary: Timing violations
============================================================
Target clock period: 5.000ns, clock uncertainty: 1.350ns.

 <State 1>: 1.825ns
The critical path consists of the following:
	wire read operation ('p_read_881') on port 'p_read449' [471]  (1.825 ns)

 <State 2>: 0.975ns
The critical path consists of the following:
	'load' operation 2 bit ('s_och', ./conv.h:36->top_wrapper.cpp:123) on local variable 's_och', ./conv.h:39->top_wrapper.cpp:123 [1411]  (0.000 ns)
	'icmp' operation 1 bit ('icmp_ln39', ./conv.h:39->top_wrapper.cpp:123) [1412]  (0.548 ns)
	'call' operation 0 bit ('call_ln0') to 'conv_Pipeline_VITIS_LOOP_41_1_VITIS_LOOP_42_2_VITIS_LOOP_43_3' [1437]  (0.427 ns)

 <State 3>: 1.643ns
The critical path consists of the following:
	'call' operation 0 bit ('call_ln0') to 'conv_Pipeline_VITIS_LOOP_41_1_VITIS_LOOP_42_2_VITIS_LOOP_43_3' [1437]  (1.643 ns)

 <State 4>: 0.427ns
The critical path consists of the following:
	'load' operation 8 bit ('filter_mem_35_loc_load') on local variable 'filter_mem_35_loc' [1438]  (0.000 ns)
	'store' operation 0 bit ('store_ln36', ./conv.h:36->top_wrapper.cpp:123) of variable 'filter_mem_35_loc_load' on local variable 'filter_mem', ./conv.h:36->top_wrapper.cpp:123 [1457]  (0.427 ns)

 <State 5>: 2.597ns
The critical path consists of the following:
	'call' operation 0 bit ('call_ln21', ./conv.h:21->top_wrapper.cpp:123) to 'conv<2, 13, 13, 3, 3, 2, 11, 11, 1, 1, 5, 1, 5, 5, 2, 3>_Pipeline_L5_L4_L3' [1456]  (2.597 ns)


============================================================
+ Verbose Summary: Binding
============================================================
N/A
* FSMD analyzer results:
  - Output states:
 - Input state : 
  - Chain level:
	State 1
	State 2
	State 3
	State 4
	State 5


============================================================
+ Verbose Summary: Datapath Resource usage 
============================================================
N/A
