

================================================================
== Vitis HLS Report for 'conv_2_13_13_3_3_2_11_11_1_1_5_1_5_5_2_3_Pipeline_L5_L4_L3'
================================================================
* Date:           Tue May 27 16:09:46 2025

* Version:        2024.2 (Build 5238294 on Nov  8 2024)
* Project:        convolution
* Solution:       solution_0 (Vivado IP Flow Target)
* Product family: zynquplus
* Target device:  xck26-sfvc784-2LV-c


================================================================
== Performance Estimates
================================================================
+ Timing: 
    * Summary: 
    +--------+---------+----------+------------+
    |  Clock |  Target | Estimated| Uncertainty|
    +--------+---------+----------+------------+
    |ap_clk  |  5.00 ns|  3.606 ns|     1.35 ns|
    +--------+---------+----------+------------+

+ Latency: 
    * Summary: 
    +---------+---------+----------+----------+-----+-----+------------------------------------------------+
    |  Latency (cycles) |  Latency (absolute) |  Interval |                    Pipeline                    |
    |   min   |   max   |    min   |    max   | min | max |                      Type                      |
    +---------+---------+----------+----------+-----+-----+------------------------------------------------+
    |      256|      256|  1.280 us|  1.280 us|  243|  243|  loop auto-rewind stp (delay=0 clock cycles(s))|
    +---------+---------+----------+----------+-----+-----+------------------------------------------------+

    + Detail: 
        * Instance: 
        N/A

        * Loop: 
        +------------+---------+---------+----------+-----------+-----------+------+----------+
        |            |  Latency (cycles) | Iteration|  Initiation Interval  | Trip |          |
        |  Loop Name |   min   |   max   |  Latency |  achieved |   target  | Count| Pipelined|
        +------------+---------+---------+----------+-----------+-----------+------+----------+
        |- L5_L4_L3  |      254|      254|        14|          1|          1|   242|       yes|
        +------------+---------+---------+----------+-----------+-----------+------+----------+

============================================================
+ Verbose Summary: Synthesis Manager
============================================================
InlineROM: 1
ExposeGlobal: 0
============================================================
+ Verbose Summary: CDFG Model
============================================================
IsTopModel: 0
ResetActiveHigh: 1
IsCombinational: 0
IsDatapathOnly: 0
HasWiredReturn: 1
HasMFsm: 2
HasVarLatency: 1
IsPipeline: 0
IsRtlPipelined: 0
IsInstanceOverlapped: 0
IsDontTouch: 0
HasImplIP: 0
IsGatedGlobalClock: 0

+ Individual pipeline summary: 
  * Pipeline-0: initiation interval (II) = 1, depth = 14


============================================================
+ Verbose Summary: Schedule
============================================================
* Number of FSM states : 14
* Pipeline : 1
  Pipeline-0 : II = 1, D = 14, States = { 1 2 3 4 5 6 7 8 9 10 11 12 13 14 }
* Dataflow Pipeline: 0

* FSM state transitions: 
1 --> 2 
2 --> 3 
3 --> 4 
4 --> 5 
5 --> 6 
6 --> 7 
7 --> 8 
8 --> 9 
9 --> 10 
10 --> 11 
11 --> 12 
12 --> 13 
13 --> 14 
14 --> 

* FSM state operations: 

State 1 <SV = 0> <Delay = 2.84>
ST_1 : Operation 17 [1/1] (0.00ns)   --->   "%sum = alloca i32 1" [./conv.h:55->top_wrapper.cpp:123]   --->   Operation 17 'alloca' 'sum' <Predicate = true> <Delay = 0.00>
ST_1 : Operation 18 [1/1] (0.00ns)   --->   "%s_fil_i_depth = alloca i32 1" [./conv.h:27->top_wrapper.cpp:123]   --->   Operation 18 'alloca' 's_fil_i_depth' <Predicate = true> <Delay = 0.00>
ST_1 : Operation 19 [1/1] (0.00ns)   --->   "%s_ow = alloca i32 1" [./conv.h:54->top_wrapper.cpp:123]   --->   Operation 19 'alloca' 's_ow' <Predicate = true> <Delay = 0.00>
ST_1 : Operation 20 [1/1] (0.00ns)   --->   "%indvar_flatten55 = alloca i32 1"   --->   Operation 20 'alloca' 'indvar_flatten55' <Predicate = true> <Delay = 0.00>
ST_1 : Operation 21 [1/1] (0.00ns)   --->   "%s_oh = alloca i32 1" [./conv.h:53->top_wrapper.cpp:123]   --->   Operation 21 'alloca' 's_oh' <Predicate = true> <Delay = 0.00>
ST_1 : Operation 22 [1/1] (0.00ns)   --->   "%indvar_flatten71 = alloca i32 1"   --->   Operation 22 'alloca' 'indvar_flatten71' <Predicate = true> <Delay = 0.00>
ST_1 : Operation 23 [1/1] (0.00ns)   --->   "%filter_mem_34_reload_read = read i8 @_ssdm_op_Read.ap_auto.i8, i8 %filter_mem_34_reload"   --->   Operation 23 'read' 'filter_mem_34_reload_read' <Predicate = true> <Delay = 0.00>
ST_1 : Operation 24 [1/1] (0.00ns)   --->   "%filter_mem_35_reload_read = read i8 @_ssdm_op_Read.ap_auto.i8, i8 %filter_mem_35_reload"   --->   Operation 24 'read' 'filter_mem_35_reload_read' <Predicate = true> <Delay = 0.00>
ST_1 : Operation 25 [1/1] (0.00ns)   --->   "%p_read_450 = read i45 @_ssdm_op_Read.ap_auto.i45, i45 %p_read449"   --->   Operation 25 'read' 'p_read_450' <Predicate = true> <Delay = 0.00>
ST_1 : Operation 26 [1/1] (0.00ns)   --->   "%p_read_451 = read i45 @_ssdm_op_Read.ap_auto.i45, i45 %p_read448"   --->   Operation 26 'read' 'p_read_451' <Predicate = true> <Delay = 0.00>
ST_1 : Operation 27 [1/1] (0.00ns)   --->   "%p_read_452 = read i45 @_ssdm_op_Read.ap_auto.i45, i45 %p_read399"   --->   Operation 27 'read' 'p_read_452' <Predicate = true> <Delay = 0.00>
ST_1 : Operation 28 [1/1] (0.00ns)   --->   "%p_read_453 = read i45 @_ssdm_op_Read.ap_auto.i45, i45 %p_read398"   --->   Operation 28 'read' 'p_read_453' <Predicate = true> <Delay = 0.00>
ST_1 : Operation 29 [1/1] (0.00ns)   --->   "%p_read_454 = read i45 @_ssdm_op_Read.ap_auto.i45, i45 %p_read349"   --->   Operation 29 'read' 'p_read_454' <Predicate = true> <Delay = 0.00>
ST_1 : Operation 30 [1/1] (0.00ns)   --->   "%p_read_455 = read i45 @_ssdm_op_Read.ap_auto.i45, i45 %p_read348"   --->   Operation 30 'read' 'p_read_455' <Predicate = true> <Delay = 0.00>
ST_1 : Operation 31 [1/1] (0.00ns)   --->   "%p_read_456 = read i45 @_ssdm_op_Read.ap_auto.i45, i45 %p_read299"   --->   Operation 31 'read' 'p_read_456' <Predicate = true> <Delay = 0.00>
ST_1 : Operation 32 [1/1] (0.00ns)   --->   "%p_read_457 = read i45 @_ssdm_op_Read.ap_auto.i45, i45 %p_read298"   --->   Operation 32 'read' 'p_read_457' <Predicate = true> <Delay = 0.00>
ST_1 : Operation 33 [1/1] (0.00ns)   --->   "%p_read_458 = read i45 @_ssdm_op_Read.ap_auto.i45, i45 %p_read249"   --->   Operation 33 'read' 'p_read_458' <Predicate = true> <Delay = 0.00>
ST_1 : Operation 34 [1/1] (0.00ns)   --->   "%p_read_459 = read i45 @_ssdm_op_Read.ap_auto.i45, i45 %p_read248"   --->   Operation 34 'read' 'p_read_459' <Predicate = true> <Delay = 0.00>
ST_1 : Operation 35 [1/1] (0.00ns)   --->   "%p_read_460 = read i45 @_ssdm_op_Read.ap_auto.i45, i45 %p_read199"   --->   Operation 35 'read' 'p_read_460' <Predicate = true> <Delay = 0.00>
ST_1 : Operation 36 [1/1] (0.00ns)   --->   "%p_read_461 = read i45 @_ssdm_op_Read.ap_auto.i45, i45 %p_read198"   --->   Operation 36 'read' 'p_read_461' <Predicate = true> <Delay = 0.00>
ST_1 : Operation 37 [1/1] (0.00ns)   --->   "%p_read_462 = read i45 @_ssdm_op_Read.ap_auto.i45, i45 %p_read149"   --->   Operation 37 'read' 'p_read_462' <Predicate = true> <Delay = 0.00>
ST_1 : Operation 38 [1/1] (0.00ns)   --->   "%p_read_463 = read i45 @_ssdm_op_Read.ap_auto.i45, i45 %p_read148"   --->   Operation 38 'read' 'p_read_463' <Predicate = true> <Delay = 0.00>
ST_1 : Operation 39 [1/1] (0.00ns)   --->   "%p_read_464 = read i45 @_ssdm_op_Read.ap_auto.i45, i45 %p_read99"   --->   Operation 39 'read' 'p_read_464' <Predicate = true> <Delay = 0.00>
ST_1 : Operation 40 [1/1] (0.00ns)   --->   "%p_read_465 = read i45 @_ssdm_op_Read.ap_auto.i45, i45 %p_read98"   --->   Operation 40 'read' 'p_read_465' <Predicate = true> <Delay = 0.00>
ST_1 : Operation 41 [1/1] (0.00ns)   --->   "%p_read_466 = read i45 @_ssdm_op_Read.ap_auto.i45, i45 %p_read49"   --->   Operation 41 'read' 'p_read_466' <Predicate = true> <Delay = 0.00>
ST_1 : Operation 42 [1/1] (0.00ns)   --->   "%p_read_467 = read i45 @_ssdm_op_Read.ap_auto.i45, i45 %p_read48"   --->   Operation 42 'read' 'p_read_467' <Predicate = true> <Delay = 0.00>
ST_1 : Operation 43 [1/1] (0.00ns)   --->   "%filter_mem_32_reload_read = read i8 @_ssdm_op_Read.ap_auto.i8, i8 %filter_mem_32_reload"   --->   Operation 43 'read' 'filter_mem_32_reload_read' <Predicate = true> <Delay = 0.00>
ST_1 : Operation 44 [1/1] (0.00ns)   --->   "%filter_mem_33_reload_read = read i8 @_ssdm_op_Read.ap_auto.i8, i8 %filter_mem_33_reload"   --->   Operation 44 'read' 'filter_mem_33_reload_read' <Predicate = true> <Delay = 0.00>
ST_1 : Operation 45 [1/1] (0.00ns)   --->   "%filter_mem_30_reload_read = read i8 @_ssdm_op_Read.ap_auto.i8, i8 %filter_mem_30_reload"   --->   Operation 45 'read' 'filter_mem_30_reload_read' <Predicate = true> <Delay = 0.00>
ST_1 : Operation 46 [1/1] (0.00ns)   --->   "%filter_mem_31_reload_read = read i8 @_ssdm_op_Read.ap_auto.i8, i8 %filter_mem_31_reload"   --->   Operation 46 'read' 'filter_mem_31_reload_read' <Predicate = true> <Delay = 0.00>
ST_1 : Operation 47 [1/1] (0.00ns)   --->   "%p_read_468 = read i45 @_ssdm_op_Read.ap_auto.i45, i45 %p_read447"   --->   Operation 47 'read' 'p_read_468' <Predicate = true> <Delay = 0.00>
ST_1 : Operation 48 [1/1] (0.00ns)   --->   "%p_read_469 = read i45 @_ssdm_op_Read.ap_auto.i45, i45 %p_read446"   --->   Operation 48 'read' 'p_read_469' <Predicate = true> <Delay = 0.00>
ST_1 : Operation 49 [1/1] (0.00ns)   --->   "%p_read_470 = read i45 @_ssdm_op_Read.ap_auto.i45, i45 %p_read445"   --->   Operation 49 'read' 'p_read_470' <Predicate = true> <Delay = 0.00>
ST_1 : Operation 50 [1/1] (0.00ns)   --->   "%p_read_471 = read i45 @_ssdm_op_Read.ap_auto.i45, i45 %p_read444"   --->   Operation 50 'read' 'p_read_471' <Predicate = true> <Delay = 0.00>
ST_1 : Operation 51 [1/1] (0.00ns)   --->   "%p_read_472 = read i45 @_ssdm_op_Read.ap_auto.i45, i45 %p_read443"   --->   Operation 51 'read' 'p_read_472' <Predicate = true> <Delay = 0.00>
ST_1 : Operation 52 [1/1] (0.00ns)   --->   "%p_read_473 = read i45 @_ssdm_op_Read.ap_auto.i45, i45 %p_read442"   --->   Operation 52 'read' 'p_read_473' <Predicate = true> <Delay = 0.00>
ST_1 : Operation 53 [1/1] (0.00ns)   --->   "%p_read_474 = read i45 @_ssdm_op_Read.ap_auto.i45, i45 %p_read441"   --->   Operation 53 'read' 'p_read_474' <Predicate = true> <Delay = 0.00>
ST_1 : Operation 54 [1/1] (0.00ns)   --->   "%p_read_475 = read i45 @_ssdm_op_Read.ap_auto.i45, i45 %p_read440"   --->   Operation 54 'read' 'p_read_475' <Predicate = true> <Delay = 0.00>
ST_1 : Operation 55 [1/1] (0.00ns)   --->   "%p_read_476 = read i45 @_ssdm_op_Read.ap_auto.i45, i45 %p_read397"   --->   Operation 55 'read' 'p_read_476' <Predicate = true> <Delay = 0.00>
ST_1 : Operation 56 [1/1] (0.00ns)   --->   "%p_read_477 = read i45 @_ssdm_op_Read.ap_auto.i45, i45 %p_read396"   --->   Operation 56 'read' 'p_read_477' <Predicate = true> <Delay = 0.00>
ST_1 : Operation 57 [1/1] (0.00ns)   --->   "%p_read_478 = read i45 @_ssdm_op_Read.ap_auto.i45, i45 %p_read395"   --->   Operation 57 'read' 'p_read_478' <Predicate = true> <Delay = 0.00>
ST_1 : Operation 58 [1/1] (0.00ns)   --->   "%p_read_479 = read i45 @_ssdm_op_Read.ap_auto.i45, i45 %p_read394"   --->   Operation 58 'read' 'p_read_479' <Predicate = true> <Delay = 0.00>
ST_1 : Operation 59 [1/1] (0.00ns)   --->   "%p_read_480 = read i45 @_ssdm_op_Read.ap_auto.i45, i45 %p_read393"   --->   Operation 59 'read' 'p_read_480' <Predicate = true> <Delay = 0.00>
ST_1 : Operation 60 [1/1] (0.00ns)   --->   "%p_read_481 = read i45 @_ssdm_op_Read.ap_auto.i45, i45 %p_read392"   --->   Operation 60 'read' 'p_read_481' <Predicate = true> <Delay = 0.00>
ST_1 : Operation 61 [1/1] (0.00ns)   --->   "%p_read_482 = read i45 @_ssdm_op_Read.ap_auto.i45, i45 %p_read391"   --->   Operation 61 'read' 'p_read_482' <Predicate = true> <Delay = 0.00>
ST_1 : Operation 62 [1/1] (0.00ns)   --->   "%p_read_483 = read i45 @_ssdm_op_Read.ap_auto.i45, i45 %p_read390"   --->   Operation 62 'read' 'p_read_483' <Predicate = true> <Delay = 0.00>
ST_1 : Operation 63 [1/1] (0.00ns)   --->   "%p_read_484 = read i45 @_ssdm_op_Read.ap_auto.i45, i45 %p_read347"   --->   Operation 63 'read' 'p_read_484' <Predicate = true> <Delay = 0.00>
ST_1 : Operation 64 [1/1] (0.00ns)   --->   "%p_read_485 = read i45 @_ssdm_op_Read.ap_auto.i45, i45 %p_read346"   --->   Operation 64 'read' 'p_read_485' <Predicate = true> <Delay = 0.00>
ST_1 : Operation 65 [1/1] (0.00ns)   --->   "%p_read_486 = read i45 @_ssdm_op_Read.ap_auto.i45, i45 %p_read345"   --->   Operation 65 'read' 'p_read_486' <Predicate = true> <Delay = 0.00>
ST_1 : Operation 66 [1/1] (0.00ns)   --->   "%p_read_487 = read i45 @_ssdm_op_Read.ap_auto.i45, i45 %p_read344"   --->   Operation 66 'read' 'p_read_487' <Predicate = true> <Delay = 0.00>
ST_1 : Operation 67 [1/1] (0.00ns)   --->   "%p_read_488 = read i45 @_ssdm_op_Read.ap_auto.i45, i45 %p_read343"   --->   Operation 67 'read' 'p_read_488' <Predicate = true> <Delay = 0.00>
ST_1 : Operation 68 [1/1] (0.00ns)   --->   "%p_read_489 = read i45 @_ssdm_op_Read.ap_auto.i45, i45 %p_read342"   --->   Operation 68 'read' 'p_read_489' <Predicate = true> <Delay = 0.00>
ST_1 : Operation 69 [1/1] (0.00ns)   --->   "%p_read_490 = read i45 @_ssdm_op_Read.ap_auto.i45, i45 %p_read341"   --->   Operation 69 'read' 'p_read_490' <Predicate = true> <Delay = 0.00>
ST_1 : Operation 70 [1/1] (0.00ns)   --->   "%p_read_491 = read i45 @_ssdm_op_Read.ap_auto.i45, i45 %p_read340"   --->   Operation 70 'read' 'p_read_491' <Predicate = true> <Delay = 0.00>
ST_1 : Operation 71 [1/1] (0.00ns)   --->   "%p_read_492 = read i45 @_ssdm_op_Read.ap_auto.i45, i45 %p_read297"   --->   Operation 71 'read' 'p_read_492' <Predicate = true> <Delay = 0.00>
ST_1 : Operation 72 [1/1] (0.00ns)   --->   "%p_read_493 = read i45 @_ssdm_op_Read.ap_auto.i45, i45 %p_read296"   --->   Operation 72 'read' 'p_read_493' <Predicate = true> <Delay = 0.00>
ST_1 : Operation 73 [1/1] (0.00ns)   --->   "%p_read_494 = read i45 @_ssdm_op_Read.ap_auto.i45, i45 %p_read295"   --->   Operation 73 'read' 'p_read_494' <Predicate = true> <Delay = 0.00>
ST_1 : Operation 74 [1/1] (0.00ns)   --->   "%p_read_495 = read i45 @_ssdm_op_Read.ap_auto.i45, i45 %p_read294"   --->   Operation 74 'read' 'p_read_495' <Predicate = true> <Delay = 0.00>
ST_1 : Operation 75 [1/1] (0.00ns)   --->   "%p_read_496 = read i45 @_ssdm_op_Read.ap_auto.i45, i45 %p_read293"   --->   Operation 75 'read' 'p_read_496' <Predicate = true> <Delay = 0.00>
ST_1 : Operation 76 [1/1] (0.00ns)   --->   "%p_read_497 = read i45 @_ssdm_op_Read.ap_auto.i45, i45 %p_read292"   --->   Operation 76 'read' 'p_read_497' <Predicate = true> <Delay = 0.00>
ST_1 : Operation 77 [1/1] (0.00ns)   --->   "%p_read_498 = read i45 @_ssdm_op_Read.ap_auto.i45, i45 %p_read291"   --->   Operation 77 'read' 'p_read_498' <Predicate = true> <Delay = 0.00>
ST_1 : Operation 78 [1/1] (0.00ns)   --->   "%p_read_499 = read i45 @_ssdm_op_Read.ap_auto.i45, i45 %p_read290"   --->   Operation 78 'read' 'p_read_499' <Predicate = true> <Delay = 0.00>
ST_1 : Operation 79 [1/1] (0.00ns)   --->   "%p_read_500 = read i45 @_ssdm_op_Read.ap_auto.i45, i45 %p_read247"   --->   Operation 79 'read' 'p_read_500' <Predicate = true> <Delay = 0.00>
ST_1 : Operation 80 [1/1] (0.00ns)   --->   "%p_read_501 = read i45 @_ssdm_op_Read.ap_auto.i45, i45 %p_read246"   --->   Operation 80 'read' 'p_read_501' <Predicate = true> <Delay = 0.00>
ST_1 : Operation 81 [1/1] (0.00ns)   --->   "%p_read_502 = read i45 @_ssdm_op_Read.ap_auto.i45, i45 %p_read245"   --->   Operation 81 'read' 'p_read_502' <Predicate = true> <Delay = 0.00>
ST_1 : Operation 82 [1/1] (0.00ns)   --->   "%p_read_503 = read i45 @_ssdm_op_Read.ap_auto.i45, i45 %p_read244"   --->   Operation 82 'read' 'p_read_503' <Predicate = true> <Delay = 0.00>
ST_1 : Operation 83 [1/1] (0.00ns)   --->   "%p_read_504 = read i45 @_ssdm_op_Read.ap_auto.i45, i45 %p_read243"   --->   Operation 83 'read' 'p_read_504' <Predicate = true> <Delay = 0.00>
ST_1 : Operation 84 [1/1] (0.00ns)   --->   "%p_read_505 = read i45 @_ssdm_op_Read.ap_auto.i45, i45 %p_read242"   --->   Operation 84 'read' 'p_read_505' <Predicate = true> <Delay = 0.00>
ST_1 : Operation 85 [1/1] (0.00ns)   --->   "%p_read_506 = read i45 @_ssdm_op_Read.ap_auto.i45, i45 %p_read241"   --->   Operation 85 'read' 'p_read_506' <Predicate = true> <Delay = 0.00>
ST_1 : Operation 86 [1/1] (0.00ns)   --->   "%p_read_507 = read i45 @_ssdm_op_Read.ap_auto.i45, i45 %p_read240"   --->   Operation 86 'read' 'p_read_507' <Predicate = true> <Delay = 0.00>
ST_1 : Operation 87 [1/1] (0.00ns)   --->   "%p_read_508 = read i45 @_ssdm_op_Read.ap_auto.i45, i45 %p_read197"   --->   Operation 87 'read' 'p_read_508' <Predicate = true> <Delay = 0.00>
ST_1 : Operation 88 [1/1] (0.00ns)   --->   "%p_read_509 = read i45 @_ssdm_op_Read.ap_auto.i45, i45 %p_read196"   --->   Operation 88 'read' 'p_read_509' <Predicate = true> <Delay = 0.00>
ST_1 : Operation 89 [1/1] (0.00ns)   --->   "%p_read_510 = read i45 @_ssdm_op_Read.ap_auto.i45, i45 %p_read195"   --->   Operation 89 'read' 'p_read_510' <Predicate = true> <Delay = 0.00>
ST_1 : Operation 90 [1/1] (0.00ns)   --->   "%p_read_511 = read i45 @_ssdm_op_Read.ap_auto.i45, i45 %p_read194"   --->   Operation 90 'read' 'p_read_511' <Predicate = true> <Delay = 0.00>
ST_1 : Operation 91 [1/1] (0.00ns)   --->   "%p_read_512 = read i45 @_ssdm_op_Read.ap_auto.i45, i45 %p_read193"   --->   Operation 91 'read' 'p_read_512' <Predicate = true> <Delay = 0.00>
ST_1 : Operation 92 [1/1] (0.00ns)   --->   "%p_read_513 = read i45 @_ssdm_op_Read.ap_auto.i45, i45 %p_read192"   --->   Operation 92 'read' 'p_read_513' <Predicate = true> <Delay = 0.00>
ST_1 : Operation 93 [1/1] (0.00ns)   --->   "%p_read_514 = read i45 @_ssdm_op_Read.ap_auto.i45, i45 %p_read191"   --->   Operation 93 'read' 'p_read_514' <Predicate = true> <Delay = 0.00>
ST_1 : Operation 94 [1/1] (0.00ns)   --->   "%p_read_515 = read i45 @_ssdm_op_Read.ap_auto.i45, i45 %p_read190"   --->   Operation 94 'read' 'p_read_515' <Predicate = true> <Delay = 0.00>
ST_1 : Operation 95 [1/1] (0.00ns)   --->   "%p_read_516 = read i45 @_ssdm_op_Read.ap_auto.i45, i45 %p_read147"   --->   Operation 95 'read' 'p_read_516' <Predicate = true> <Delay = 0.00>
ST_1 : Operation 96 [1/1] (0.00ns)   --->   "%p_read_517 = read i45 @_ssdm_op_Read.ap_auto.i45, i45 %p_read146"   --->   Operation 96 'read' 'p_read_517' <Predicate = true> <Delay = 0.00>
ST_1 : Operation 97 [1/1] (0.00ns)   --->   "%p_read_518 = read i45 @_ssdm_op_Read.ap_auto.i45, i45 %p_read145"   --->   Operation 97 'read' 'p_read_518' <Predicate = true> <Delay = 0.00>
ST_1 : Operation 98 [1/1] (0.00ns)   --->   "%p_read_519 = read i45 @_ssdm_op_Read.ap_auto.i45, i45 %p_read144"   --->   Operation 98 'read' 'p_read_519' <Predicate = true> <Delay = 0.00>
ST_1 : Operation 99 [1/1] (0.00ns)   --->   "%p_read_520 = read i45 @_ssdm_op_Read.ap_auto.i45, i45 %p_read143"   --->   Operation 99 'read' 'p_read_520' <Predicate = true> <Delay = 0.00>
ST_1 : Operation 100 [1/1] (0.00ns)   --->   "%p_read_521 = read i45 @_ssdm_op_Read.ap_auto.i45, i45 %p_read142"   --->   Operation 100 'read' 'p_read_521' <Predicate = true> <Delay = 0.00>
ST_1 : Operation 101 [1/1] (0.00ns)   --->   "%p_read_522 = read i45 @_ssdm_op_Read.ap_auto.i45, i45 %p_read141"   --->   Operation 101 'read' 'p_read_522' <Predicate = true> <Delay = 0.00>
ST_1 : Operation 102 [1/1] (0.00ns)   --->   "%p_read_523 = read i45 @_ssdm_op_Read.ap_auto.i45, i45 %p_read140"   --->   Operation 102 'read' 'p_read_523' <Predicate = true> <Delay = 0.00>
ST_1 : Operation 103 [1/1] (0.00ns)   --->   "%p_read_524 = read i45 @_ssdm_op_Read.ap_auto.i45, i45 %p_read97"   --->   Operation 103 'read' 'p_read_524' <Predicate = true> <Delay = 0.00>
ST_1 : Operation 104 [1/1] (0.00ns)   --->   "%p_read_525 = read i45 @_ssdm_op_Read.ap_auto.i45, i45 %p_read96"   --->   Operation 104 'read' 'p_read_525' <Predicate = true> <Delay = 0.00>
ST_1 : Operation 105 [1/1] (0.00ns)   --->   "%p_read_526 = read i45 @_ssdm_op_Read.ap_auto.i45, i45 %p_read95"   --->   Operation 105 'read' 'p_read_526' <Predicate = true> <Delay = 0.00>
ST_1 : Operation 106 [1/1] (0.00ns)   --->   "%p_read_527 = read i45 @_ssdm_op_Read.ap_auto.i45, i45 %p_read94"   --->   Operation 106 'read' 'p_read_527' <Predicate = true> <Delay = 0.00>
ST_1 : Operation 107 [1/1] (0.00ns)   --->   "%p_read_528 = read i45 @_ssdm_op_Read.ap_auto.i45, i45 %p_read93"   --->   Operation 107 'read' 'p_read_528' <Predicate = true> <Delay = 0.00>
ST_1 : Operation 108 [1/1] (0.00ns)   --->   "%p_read_529 = read i45 @_ssdm_op_Read.ap_auto.i45, i45 %p_read92"   --->   Operation 108 'read' 'p_read_529' <Predicate = true> <Delay = 0.00>
ST_1 : Operation 109 [1/1] (0.00ns)   --->   "%p_read_530 = read i45 @_ssdm_op_Read.ap_auto.i45, i45 %p_read91"   --->   Operation 109 'read' 'p_read_530' <Predicate = true> <Delay = 0.00>
ST_1 : Operation 110 [1/1] (0.00ns)   --->   "%p_read_531 = read i45 @_ssdm_op_Read.ap_auto.i45, i45 %p_read90"   --->   Operation 110 'read' 'p_read_531' <Predicate = true> <Delay = 0.00>
ST_1 : Operation 111 [1/1] (0.00ns)   --->   "%p_read_532 = read i45 @_ssdm_op_Read.ap_auto.i45, i45 %p_read47"   --->   Operation 111 'read' 'p_read_532' <Predicate = true> <Delay = 0.00>
ST_1 : Operation 112 [1/1] (0.00ns)   --->   "%p_read_533 = read i45 @_ssdm_op_Read.ap_auto.i45, i45 %p_read46"   --->   Operation 112 'read' 'p_read_533' <Predicate = true> <Delay = 0.00>
ST_1 : Operation 113 [1/1] (0.00ns)   --->   "%p_read_534 = read i45 @_ssdm_op_Read.ap_auto.i45, i45 %p_read45"   --->   Operation 113 'read' 'p_read_534' <Predicate = true> <Delay = 0.00>
ST_1 : Operation 114 [1/1] (0.00ns)   --->   "%p_read_535 = read i45 @_ssdm_op_Read.ap_auto.i45, i45 %p_read44"   --->   Operation 114 'read' 'p_read_535' <Predicate = true> <Delay = 0.00>
ST_1 : Operation 115 [1/1] (0.00ns)   --->   "%p_read_536 = read i45 @_ssdm_op_Read.ap_auto.i45, i45 %p_read43"   --->   Operation 115 'read' 'p_read_536' <Predicate = true> <Delay = 0.00>
ST_1 : Operation 116 [1/1] (0.00ns)   --->   "%p_read_537 = read i45 @_ssdm_op_Read.ap_auto.i45, i45 %p_read42"   --->   Operation 116 'read' 'p_read_537' <Predicate = true> <Delay = 0.00>
ST_1 : Operation 117 [1/1] (0.00ns)   --->   "%p_read_538 = read i45 @_ssdm_op_Read.ap_auto.i45, i45 %p_read41"   --->   Operation 117 'read' 'p_read_538' <Predicate = true> <Delay = 0.00>
ST_1 : Operation 118 [1/1] (0.00ns)   --->   "%p_read_539 = read i45 @_ssdm_op_Read.ap_auto.i45, i45 %p_read40"   --->   Operation 118 'read' 'p_read_539' <Predicate = true> <Delay = 0.00>
ST_1 : Operation 119 [1/1] (0.00ns)   --->   "%filter_mem_28_reload_read = read i8 @_ssdm_op_Read.ap_auto.i8, i8 %filter_mem_28_reload"   --->   Operation 119 'read' 'filter_mem_28_reload_read' <Predicate = true> <Delay = 0.00>
ST_1 : Operation 120 [1/1] (0.00ns)   --->   "%filter_mem_29_reload_read = read i8 @_ssdm_op_Read.ap_auto.i8, i8 %filter_mem_29_reload"   --->   Operation 120 'read' 'filter_mem_29_reload_read' <Predicate = true> <Delay = 0.00>
ST_1 : Operation 121 [1/1] (0.00ns)   --->   "%filter_mem_26_reload_read = read i8 @_ssdm_op_Read.ap_auto.i8, i8 %filter_mem_26_reload"   --->   Operation 121 'read' 'filter_mem_26_reload_read' <Predicate = true> <Delay = 0.00>
ST_1 : Operation 122 [1/1] (0.00ns)   --->   "%filter_mem_27_reload_read = read i8 @_ssdm_op_Read.ap_auto.i8, i8 %filter_mem_27_reload"   --->   Operation 122 'read' 'filter_mem_27_reload_read' <Predicate = true> <Delay = 0.00>
ST_1 : Operation 123 [1/1] (0.00ns)   --->   "%filter_mem_24_reload_read = read i8 @_ssdm_op_Read.ap_auto.i8, i8 %filter_mem_24_reload"   --->   Operation 123 'read' 'filter_mem_24_reload_read' <Predicate = true> <Delay = 0.00>
ST_1 : Operation 124 [1/1] (0.00ns)   --->   "%filter_mem_25_reload_read = read i8 @_ssdm_op_Read.ap_auto.i8, i8 %filter_mem_25_reload"   --->   Operation 124 'read' 'filter_mem_25_reload_read' <Predicate = true> <Delay = 0.00>
ST_1 : Operation 125 [1/1] (0.00ns)   --->   "%filter_mem_22_reload_read = read i8 @_ssdm_op_Read.ap_auto.i8, i8 %filter_mem_22_reload"   --->   Operation 125 'read' 'filter_mem_22_reload_read' <Predicate = true> <Delay = 0.00>
ST_1 : Operation 126 [1/1] (0.00ns)   --->   "%filter_mem_23_reload_read = read i8 @_ssdm_op_Read.ap_auto.i8, i8 %filter_mem_23_reload"   --->   Operation 126 'read' 'filter_mem_23_reload_read' <Predicate = true> <Delay = 0.00>
ST_1 : Operation 127 [1/1] (0.00ns)   --->   "%p_read_540 = read i45 @_ssdm_op_Read.ap_auto.i45, i45 %p_read439"   --->   Operation 127 'read' 'p_read_540' <Predicate = true> <Delay = 0.00>
ST_1 : Operation 128 [1/1] (0.00ns)   --->   "%p_read_541 = read i45 @_ssdm_op_Read.ap_auto.i45, i45 %p_read438"   --->   Operation 128 'read' 'p_read_541' <Predicate = true> <Delay = 0.00>
ST_1 : Operation 129 [1/1] (0.00ns)   --->   "%p_read_542 = read i45 @_ssdm_op_Read.ap_auto.i45, i45 %p_read389"   --->   Operation 129 'read' 'p_read_542' <Predicate = true> <Delay = 0.00>
ST_1 : Operation 130 [1/1] (0.00ns)   --->   "%p_read_543 = read i45 @_ssdm_op_Read.ap_auto.i45, i45 %p_read388"   --->   Operation 130 'read' 'p_read_543' <Predicate = true> <Delay = 0.00>
ST_1 : Operation 131 [1/1] (0.00ns)   --->   "%p_read_544 = read i45 @_ssdm_op_Read.ap_auto.i45, i45 %p_read339"   --->   Operation 131 'read' 'p_read_544' <Predicate = true> <Delay = 0.00>
ST_1 : Operation 132 [1/1] (0.00ns)   --->   "%p_read_545 = read i45 @_ssdm_op_Read.ap_auto.i45, i45 %p_read338"   --->   Operation 132 'read' 'p_read_545' <Predicate = true> <Delay = 0.00>
ST_1 : Operation 133 [1/1] (0.00ns)   --->   "%p_read_546 = read i45 @_ssdm_op_Read.ap_auto.i45, i45 %p_read289"   --->   Operation 133 'read' 'p_read_546' <Predicate = true> <Delay = 0.00>
ST_1 : Operation 134 [1/1] (0.00ns)   --->   "%p_read_547 = read i45 @_ssdm_op_Read.ap_auto.i45, i45 %p_read288"   --->   Operation 134 'read' 'p_read_547' <Predicate = true> <Delay = 0.00>
ST_1 : Operation 135 [1/1] (0.00ns)   --->   "%p_read_548 = read i45 @_ssdm_op_Read.ap_auto.i45, i45 %p_read239"   --->   Operation 135 'read' 'p_read_548' <Predicate = true> <Delay = 0.00>
ST_1 : Operation 136 [1/1] (0.00ns)   --->   "%p_read_549 = read i45 @_ssdm_op_Read.ap_auto.i45, i45 %p_read238"   --->   Operation 136 'read' 'p_read_549' <Predicate = true> <Delay = 0.00>
ST_1 : Operation 137 [1/1] (0.00ns)   --->   "%p_read_550 = read i45 @_ssdm_op_Read.ap_auto.i45, i45 %p_read189"   --->   Operation 137 'read' 'p_read_550' <Predicate = true> <Delay = 0.00>
ST_1 : Operation 138 [1/1] (0.00ns)   --->   "%p_read_551 = read i45 @_ssdm_op_Read.ap_auto.i45, i45 %p_read188"   --->   Operation 138 'read' 'p_read_551' <Predicate = true> <Delay = 0.00>
ST_1 : Operation 139 [1/1] (0.00ns)   --->   "%p_read_552 = read i45 @_ssdm_op_Read.ap_auto.i45, i45 %p_read139"   --->   Operation 139 'read' 'p_read_552' <Predicate = true> <Delay = 0.00>
ST_1 : Operation 140 [1/1] (0.00ns)   --->   "%p_read_553 = read i45 @_ssdm_op_Read.ap_auto.i45, i45 %p_read138"   --->   Operation 140 'read' 'p_read_553' <Predicate = true> <Delay = 0.00>
ST_1 : Operation 141 [1/1] (0.00ns)   --->   "%p_read_554 = read i45 @_ssdm_op_Read.ap_auto.i45, i45 %p_read89"   --->   Operation 141 'read' 'p_read_554' <Predicate = true> <Delay = 0.00>
ST_1 : Operation 142 [1/1] (0.00ns)   --->   "%p_read_555 = read i45 @_ssdm_op_Read.ap_auto.i45, i45 %p_read88"   --->   Operation 142 'read' 'p_read_555' <Predicate = true> <Delay = 0.00>
ST_1 : Operation 143 [1/1] (0.00ns)   --->   "%p_read_556 = read i45 @_ssdm_op_Read.ap_auto.i45, i45 %p_read39"   --->   Operation 143 'read' 'p_read_556' <Predicate = true> <Delay = 0.00>
ST_1 : Operation 144 [1/1] (0.00ns)   --->   "%p_read_557 = read i45 @_ssdm_op_Read.ap_auto.i45, i45 %p_read38"   --->   Operation 144 'read' 'p_read_557' <Predicate = true> <Delay = 0.00>
ST_1 : Operation 145 [1/1] (0.00ns)   --->   "%filter_mem_20_reload_read = read i8 @_ssdm_op_Read.ap_auto.i8, i8 %filter_mem_20_reload"   --->   Operation 145 'read' 'filter_mem_20_reload_read' <Predicate = true> <Delay = 0.00>
ST_1 : Operation 146 [1/1] (0.00ns)   --->   "%filter_mem_21_reload_read = read i8 @_ssdm_op_Read.ap_auto.i8, i8 %filter_mem_21_reload"   --->   Operation 146 'read' 'filter_mem_21_reload_read' <Predicate = true> <Delay = 0.00>
ST_1 : Operation 147 [1/1] (0.00ns)   --->   "%filter_mem_18_reload_read = read i8 @_ssdm_op_Read.ap_auto.i8, i8 %filter_mem_18_reload"   --->   Operation 147 'read' 'filter_mem_18_reload_read' <Predicate = true> <Delay = 0.00>
ST_1 : Operation 148 [1/1] (0.00ns)   --->   "%filter_mem_19_reload_read = read i8 @_ssdm_op_Read.ap_auto.i8, i8 %filter_mem_19_reload"   --->   Operation 148 'read' 'filter_mem_19_reload_read' <Predicate = true> <Delay = 0.00>
ST_1 : Operation 149 [1/1] (0.00ns)   --->   "%p_read_558 = read i45 @_ssdm_op_Read.ap_auto.i45, i45 %p_read437"   --->   Operation 149 'read' 'p_read_558' <Predicate = true> <Delay = 0.00>
ST_1 : Operation 150 [1/1] (0.00ns)   --->   "%p_read_559 = read i45 @_ssdm_op_Read.ap_auto.i45, i45 %p_read436"   --->   Operation 150 'read' 'p_read_559' <Predicate = true> <Delay = 0.00>
ST_1 : Operation 151 [1/1] (0.00ns)   --->   "%p_read_560 = read i45 @_ssdm_op_Read.ap_auto.i45, i45 %p_read435"   --->   Operation 151 'read' 'p_read_560' <Predicate = true> <Delay = 0.00>
ST_1 : Operation 152 [1/1] (0.00ns)   --->   "%p_read_561 = read i45 @_ssdm_op_Read.ap_auto.i45, i45 %p_read434"   --->   Operation 152 'read' 'p_read_561' <Predicate = true> <Delay = 0.00>
ST_1 : Operation 153 [1/1] (0.00ns)   --->   "%p_read_562 = read i45 @_ssdm_op_Read.ap_auto.i45, i45 %p_read433"   --->   Operation 153 'read' 'p_read_562' <Predicate = true> <Delay = 0.00>
ST_1 : Operation 154 [1/1] (0.00ns)   --->   "%p_read_563 = read i45 @_ssdm_op_Read.ap_auto.i45, i45 %p_read432"   --->   Operation 154 'read' 'p_read_563' <Predicate = true> <Delay = 0.00>
ST_1 : Operation 155 [1/1] (0.00ns)   --->   "%p_read_564 = read i45 @_ssdm_op_Read.ap_auto.i45, i45 %p_read431"   --->   Operation 155 'read' 'p_read_564' <Predicate = true> <Delay = 0.00>
ST_1 : Operation 156 [1/1] (0.00ns)   --->   "%p_read_565 = read i45 @_ssdm_op_Read.ap_auto.i45, i45 %p_read430"   --->   Operation 156 'read' 'p_read_565' <Predicate = true> <Delay = 0.00>
ST_1 : Operation 157 [1/1] (0.00ns)   --->   "%p_read_566 = read i45 @_ssdm_op_Read.ap_auto.i45, i45 %p_read429"   --->   Operation 157 'read' 'p_read_566' <Predicate = true> <Delay = 0.00>
ST_1 : Operation 158 [1/1] (0.00ns)   --->   "%p_read_567 = read i45 @_ssdm_op_Read.ap_auto.i45, i45 %p_read428"   --->   Operation 158 'read' 'p_read_567' <Predicate = true> <Delay = 0.00>
ST_1 : Operation 159 [1/1] (0.00ns)   --->   "%p_read_568 = read i45 @_ssdm_op_Read.ap_auto.i45, i45 %p_read427"   --->   Operation 159 'read' 'p_read_568' <Predicate = true> <Delay = 0.00>
ST_1 : Operation 160 [1/1] (0.00ns)   --->   "%p_read_569 = read i45 @_ssdm_op_Read.ap_auto.i45, i45 %p_read426"   --->   Operation 160 'read' 'p_read_569' <Predicate = true> <Delay = 0.00>
ST_1 : Operation 161 [1/1] (0.00ns)   --->   "%p_read_570 = read i45 @_ssdm_op_Read.ap_auto.i45, i45 %p_read425"   --->   Operation 161 'read' 'p_read_570' <Predicate = true> <Delay = 0.00>
ST_1 : Operation 162 [1/1] (0.00ns)   --->   "%p_read_571 = read i45 @_ssdm_op_Read.ap_auto.i45, i45 %p_read424"   --->   Operation 162 'read' 'p_read_571' <Predicate = true> <Delay = 0.00>
ST_1 : Operation 163 [1/1] (0.00ns)   --->   "%p_read_572 = read i45 @_ssdm_op_Read.ap_auto.i45, i45 %p_read423"   --->   Operation 163 'read' 'p_read_572' <Predicate = true> <Delay = 0.00>
ST_1 : Operation 164 [1/1] (0.00ns)   --->   "%p_read_573 = read i45 @_ssdm_op_Read.ap_auto.i45, i45 %p_read422"   --->   Operation 164 'read' 'p_read_573' <Predicate = true> <Delay = 0.00>
ST_1 : Operation 165 [1/1] (0.00ns)   --->   "%p_read_574 = read i45 @_ssdm_op_Read.ap_auto.i45, i45 %p_read421"   --->   Operation 165 'read' 'p_read_574' <Predicate = true> <Delay = 0.00>
ST_1 : Operation 166 [1/1] (0.00ns)   --->   "%p_read_575 = read i45 @_ssdm_op_Read.ap_auto.i45, i45 %p_read420"   --->   Operation 166 'read' 'p_read_575' <Predicate = true> <Delay = 0.00>
ST_1 : Operation 167 [1/1] (0.00ns)   --->   "%p_read_576 = read i45 @_ssdm_op_Read.ap_auto.i45, i45 %p_read419"   --->   Operation 167 'read' 'p_read_576' <Predicate = true> <Delay = 0.00>
ST_1 : Operation 168 [1/1] (0.00ns)   --->   "%p_read_577 = read i45 @_ssdm_op_Read.ap_auto.i45, i45 %p_read418"   --->   Operation 168 'read' 'p_read_577' <Predicate = true> <Delay = 0.00>
ST_1 : Operation 169 [1/1] (0.00ns)   --->   "%p_read_578 = read i45 @_ssdm_op_Read.ap_auto.i45, i45 %p_read417"   --->   Operation 169 'read' 'p_read_578' <Predicate = true> <Delay = 0.00>
ST_1 : Operation 170 [1/1] (0.00ns)   --->   "%p_read_579 = read i45 @_ssdm_op_Read.ap_auto.i45, i45 %p_read416"   --->   Operation 170 'read' 'p_read_579' <Predicate = true> <Delay = 0.00>
ST_1 : Operation 171 [1/1] (0.00ns)   --->   "%p_read_580 = read i45 @_ssdm_op_Read.ap_auto.i45, i45 %p_read415"   --->   Operation 171 'read' 'p_read_580' <Predicate = true> <Delay = 0.00>
ST_1 : Operation 172 [1/1] (0.00ns)   --->   "%p_read_581 = read i45 @_ssdm_op_Read.ap_auto.i45, i45 %p_read414"   --->   Operation 172 'read' 'p_read_581' <Predicate = true> <Delay = 0.00>
ST_1 : Operation 173 [1/1] (0.00ns)   --->   "%p_read_582 = read i45 @_ssdm_op_Read.ap_auto.i45, i45 %p_read413"   --->   Operation 173 'read' 'p_read_582' <Predicate = true> <Delay = 0.00>
ST_1 : Operation 174 [1/1] (0.00ns)   --->   "%p_read_583 = read i45 @_ssdm_op_Read.ap_auto.i45, i45 %p_read412"   --->   Operation 174 'read' 'p_read_583' <Predicate = true> <Delay = 0.00>
ST_1 : Operation 175 [1/1] (0.00ns)   --->   "%p_read_584 = read i45 @_ssdm_op_Read.ap_auto.i45, i45 %p_read411"   --->   Operation 175 'read' 'p_read_584' <Predicate = true> <Delay = 0.00>
ST_1 : Operation 176 [1/1] (0.00ns)   --->   "%p_read_585 = read i45 @_ssdm_op_Read.ap_auto.i45, i45 %p_read410"   --->   Operation 176 'read' 'p_read_585' <Predicate = true> <Delay = 0.00>
ST_1 : Operation 177 [1/1] (0.00ns)   --->   "%p_read_586 = read i45 @_ssdm_op_Read.ap_auto.i45, i45 %p_read409"   --->   Operation 177 'read' 'p_read_586' <Predicate = true> <Delay = 0.00>
ST_1 : Operation 178 [1/1] (0.00ns)   --->   "%p_read_587 = read i45 @_ssdm_op_Read.ap_auto.i45, i45 %p_read408"   --->   Operation 178 'read' 'p_read_587' <Predicate = true> <Delay = 0.00>
ST_1 : Operation 179 [1/1] (0.00ns)   --->   "%p_read_588 = read i45 @_ssdm_op_Read.ap_auto.i45, i45 %p_read407"   --->   Operation 179 'read' 'p_read_588' <Predicate = true> <Delay = 0.00>
ST_1 : Operation 180 [1/1] (0.00ns)   --->   "%p_read_589 = read i45 @_ssdm_op_Read.ap_auto.i45, i45 %p_read406"   --->   Operation 180 'read' 'p_read_589' <Predicate = true> <Delay = 0.00>
ST_1 : Operation 181 [1/1] (0.00ns)   --->   "%p_read_590 = read i45 @_ssdm_op_Read.ap_auto.i45, i45 %p_read405"   --->   Operation 181 'read' 'p_read_590' <Predicate = true> <Delay = 0.00>
ST_1 : Operation 182 [1/1] (0.00ns)   --->   "%p_read_591 = read i45 @_ssdm_op_Read.ap_auto.i45, i45 %p_read404"   --->   Operation 182 'read' 'p_read_591' <Predicate = true> <Delay = 0.00>
ST_1 : Operation 183 [1/1] (0.00ns)   --->   "%p_read_592 = read i45 @_ssdm_op_Read.ap_auto.i45, i45 %p_read403"   --->   Operation 183 'read' 'p_read_592' <Predicate = true> <Delay = 0.00>
ST_1 : Operation 184 [1/1] (0.00ns)   --->   "%p_read_593 = read i45 @_ssdm_op_Read.ap_auto.i45, i45 %p_read402"   --->   Operation 184 'read' 'p_read_593' <Predicate = true> <Delay = 0.00>
ST_1 : Operation 185 [1/1] (0.00ns)   --->   "%p_read_594 = read i45 @_ssdm_op_Read.ap_auto.i45, i45 %p_read401"   --->   Operation 185 'read' 'p_read_594' <Predicate = true> <Delay = 0.00>
ST_1 : Operation 186 [1/1] (0.00ns)   --->   "%p_read_595 = read i45 @_ssdm_op_Read.ap_auto.i45, i45 %p_read400"   --->   Operation 186 'read' 'p_read_595' <Predicate = true> <Delay = 0.00>
ST_1 : Operation 187 [1/1] (0.00ns)   --->   "%p_read_596 = read i45 @_ssdm_op_Read.ap_auto.i45, i45 %p_read387"   --->   Operation 187 'read' 'p_read_596' <Predicate = true> <Delay = 0.00>
ST_1 : Operation 188 [1/1] (0.00ns)   --->   "%p_read_597 = read i45 @_ssdm_op_Read.ap_auto.i45, i45 %p_read386"   --->   Operation 188 'read' 'p_read_597' <Predicate = true> <Delay = 0.00>
ST_1 : Operation 189 [1/1] (0.00ns)   --->   "%p_read_598 = read i45 @_ssdm_op_Read.ap_auto.i45, i45 %p_read385"   --->   Operation 189 'read' 'p_read_598' <Predicate = true> <Delay = 0.00>
ST_1 : Operation 190 [1/1] (0.00ns)   --->   "%p_read_599 = read i45 @_ssdm_op_Read.ap_auto.i45, i45 %p_read384"   --->   Operation 190 'read' 'p_read_599' <Predicate = true> <Delay = 0.00>
ST_1 : Operation 191 [1/1] (0.00ns)   --->   "%p_read_600 = read i45 @_ssdm_op_Read.ap_auto.i45, i45 %p_read383"   --->   Operation 191 'read' 'p_read_600' <Predicate = true> <Delay = 0.00>
ST_1 : Operation 192 [1/1] (0.00ns)   --->   "%p_read_601 = read i45 @_ssdm_op_Read.ap_auto.i45, i45 %p_read382"   --->   Operation 192 'read' 'p_read_601' <Predicate = true> <Delay = 0.00>
ST_1 : Operation 193 [1/1] (0.00ns)   --->   "%p_read_602 = read i45 @_ssdm_op_Read.ap_auto.i45, i45 %p_read381"   --->   Operation 193 'read' 'p_read_602' <Predicate = true> <Delay = 0.00>
ST_1 : Operation 194 [1/1] (0.00ns)   --->   "%p_read_603 = read i45 @_ssdm_op_Read.ap_auto.i45, i45 %p_read380"   --->   Operation 194 'read' 'p_read_603' <Predicate = true> <Delay = 0.00>
ST_1 : Operation 195 [1/1] (0.00ns)   --->   "%p_read_604 = read i45 @_ssdm_op_Read.ap_auto.i45, i45 %p_read379"   --->   Operation 195 'read' 'p_read_604' <Predicate = true> <Delay = 0.00>
ST_1 : Operation 196 [1/1] (0.00ns)   --->   "%p_read_605 = read i45 @_ssdm_op_Read.ap_auto.i45, i45 %p_read378"   --->   Operation 196 'read' 'p_read_605' <Predicate = true> <Delay = 0.00>
ST_1 : Operation 197 [1/1] (0.00ns)   --->   "%p_read_606 = read i45 @_ssdm_op_Read.ap_auto.i45, i45 %p_read377"   --->   Operation 197 'read' 'p_read_606' <Predicate = true> <Delay = 0.00>
ST_1 : Operation 198 [1/1] (0.00ns)   --->   "%p_read_607 = read i45 @_ssdm_op_Read.ap_auto.i45, i45 %p_read376"   --->   Operation 198 'read' 'p_read_607' <Predicate = true> <Delay = 0.00>
ST_1 : Operation 199 [1/1] (0.00ns)   --->   "%p_read_608 = read i45 @_ssdm_op_Read.ap_auto.i45, i45 %p_read375"   --->   Operation 199 'read' 'p_read_608' <Predicate = true> <Delay = 0.00>
ST_1 : Operation 200 [1/1] (0.00ns)   --->   "%p_read_609 = read i45 @_ssdm_op_Read.ap_auto.i45, i45 %p_read374"   --->   Operation 200 'read' 'p_read_609' <Predicate = true> <Delay = 0.00>
ST_1 : Operation 201 [1/1] (0.00ns)   --->   "%p_read_610 = read i45 @_ssdm_op_Read.ap_auto.i45, i45 %p_read373"   --->   Operation 201 'read' 'p_read_610' <Predicate = true> <Delay = 0.00>
ST_1 : Operation 202 [1/1] (0.00ns)   --->   "%p_read_611 = read i45 @_ssdm_op_Read.ap_auto.i45, i45 %p_read372"   --->   Operation 202 'read' 'p_read_611' <Predicate = true> <Delay = 0.00>
ST_1 : Operation 203 [1/1] (0.00ns)   --->   "%p_read_612 = read i45 @_ssdm_op_Read.ap_auto.i45, i45 %p_read371"   --->   Operation 203 'read' 'p_read_612' <Predicate = true> <Delay = 0.00>
ST_1 : Operation 204 [1/1] (0.00ns)   --->   "%p_read_613 = read i45 @_ssdm_op_Read.ap_auto.i45, i45 %p_read370"   --->   Operation 204 'read' 'p_read_613' <Predicate = true> <Delay = 0.00>
ST_1 : Operation 205 [1/1] (0.00ns)   --->   "%p_read_614 = read i45 @_ssdm_op_Read.ap_auto.i45, i45 %p_read369"   --->   Operation 205 'read' 'p_read_614' <Predicate = true> <Delay = 0.00>
ST_1 : Operation 206 [1/1] (0.00ns)   --->   "%p_read_615 = read i45 @_ssdm_op_Read.ap_auto.i45, i45 %p_read368"   --->   Operation 206 'read' 'p_read_615' <Predicate = true> <Delay = 0.00>
ST_1 : Operation 207 [1/1] (0.00ns)   --->   "%p_read_616 = read i45 @_ssdm_op_Read.ap_auto.i45, i45 %p_read367"   --->   Operation 207 'read' 'p_read_616' <Predicate = true> <Delay = 0.00>
ST_1 : Operation 208 [1/1] (0.00ns)   --->   "%p_read_617 = read i45 @_ssdm_op_Read.ap_auto.i45, i45 %p_read366"   --->   Operation 208 'read' 'p_read_617' <Predicate = true> <Delay = 0.00>
ST_1 : Operation 209 [1/1] (0.00ns)   --->   "%p_read_618 = read i45 @_ssdm_op_Read.ap_auto.i45, i45 %p_read365"   --->   Operation 209 'read' 'p_read_618' <Predicate = true> <Delay = 0.00>
ST_1 : Operation 210 [1/1] (0.00ns)   --->   "%p_read_619 = read i45 @_ssdm_op_Read.ap_auto.i45, i45 %p_read364"   --->   Operation 210 'read' 'p_read_619' <Predicate = true> <Delay = 0.00>
ST_1 : Operation 211 [1/1] (0.00ns)   --->   "%p_read_620 = read i45 @_ssdm_op_Read.ap_auto.i45, i45 %p_read363"   --->   Operation 211 'read' 'p_read_620' <Predicate = true> <Delay = 0.00>
ST_1 : Operation 212 [1/1] (0.00ns)   --->   "%p_read_621 = read i45 @_ssdm_op_Read.ap_auto.i45, i45 %p_read362"   --->   Operation 212 'read' 'p_read_621' <Predicate = true> <Delay = 0.00>
ST_1 : Operation 213 [1/1] (0.00ns)   --->   "%p_read_622 = read i45 @_ssdm_op_Read.ap_auto.i45, i45 %p_read361"   --->   Operation 213 'read' 'p_read_622' <Predicate = true> <Delay = 0.00>
ST_1 : Operation 214 [1/1] (0.00ns)   --->   "%p_read_623 = read i45 @_ssdm_op_Read.ap_auto.i45, i45 %p_read360"   --->   Operation 214 'read' 'p_read_623' <Predicate = true> <Delay = 0.00>
ST_1 : Operation 215 [1/1] (0.00ns)   --->   "%p_read_624 = read i45 @_ssdm_op_Read.ap_auto.i45, i45 %p_read359"   --->   Operation 215 'read' 'p_read_624' <Predicate = true> <Delay = 0.00>
ST_1 : Operation 216 [1/1] (0.00ns)   --->   "%p_read_625 = read i45 @_ssdm_op_Read.ap_auto.i45, i45 %p_read358"   --->   Operation 216 'read' 'p_read_625' <Predicate = true> <Delay = 0.00>
ST_1 : Operation 217 [1/1] (0.00ns)   --->   "%p_read_626 = read i45 @_ssdm_op_Read.ap_auto.i45, i45 %p_read357"   --->   Operation 217 'read' 'p_read_626' <Predicate = true> <Delay = 0.00>
ST_1 : Operation 218 [1/1] (0.00ns)   --->   "%p_read_627 = read i45 @_ssdm_op_Read.ap_auto.i45, i45 %p_read356"   --->   Operation 218 'read' 'p_read_627' <Predicate = true> <Delay = 0.00>
ST_1 : Operation 219 [1/1] (0.00ns)   --->   "%p_read_628 = read i45 @_ssdm_op_Read.ap_auto.i45, i45 %p_read355"   --->   Operation 219 'read' 'p_read_628' <Predicate = true> <Delay = 0.00>
ST_1 : Operation 220 [1/1] (0.00ns)   --->   "%p_read_629 = read i45 @_ssdm_op_Read.ap_auto.i45, i45 %p_read354"   --->   Operation 220 'read' 'p_read_629' <Predicate = true> <Delay = 0.00>
ST_1 : Operation 221 [1/1] (0.00ns)   --->   "%p_read_630 = read i45 @_ssdm_op_Read.ap_auto.i45, i45 %p_read353"   --->   Operation 221 'read' 'p_read_630' <Predicate = true> <Delay = 0.00>
ST_1 : Operation 222 [1/1] (0.00ns)   --->   "%p_read_631 = read i45 @_ssdm_op_Read.ap_auto.i45, i45 %p_read352"   --->   Operation 222 'read' 'p_read_631' <Predicate = true> <Delay = 0.00>
ST_1 : Operation 223 [1/1] (0.00ns)   --->   "%p_read_632 = read i45 @_ssdm_op_Read.ap_auto.i45, i45 %p_read351"   --->   Operation 223 'read' 'p_read_632' <Predicate = true> <Delay = 0.00>
ST_1 : Operation 224 [1/1] (0.00ns)   --->   "%p_read_633 = read i45 @_ssdm_op_Read.ap_auto.i45, i45 %p_read350"   --->   Operation 224 'read' 'p_read_633' <Predicate = true> <Delay = 0.00>
ST_1 : Operation 225 [1/1] (0.00ns)   --->   "%p_read_634 = read i45 @_ssdm_op_Read.ap_auto.i45, i45 %p_read337"   --->   Operation 225 'read' 'p_read_634' <Predicate = true> <Delay = 0.00>
ST_1 : Operation 226 [1/1] (0.00ns)   --->   "%p_read_635 = read i45 @_ssdm_op_Read.ap_auto.i45, i45 %p_read336"   --->   Operation 226 'read' 'p_read_635' <Predicate = true> <Delay = 0.00>
ST_1 : Operation 227 [1/1] (0.00ns)   --->   "%p_read_636 = read i45 @_ssdm_op_Read.ap_auto.i45, i45 %p_read335"   --->   Operation 227 'read' 'p_read_636' <Predicate = true> <Delay = 0.00>
ST_1 : Operation 228 [1/1] (0.00ns)   --->   "%p_read_637 = read i45 @_ssdm_op_Read.ap_auto.i45, i45 %p_read334"   --->   Operation 228 'read' 'p_read_637' <Predicate = true> <Delay = 0.00>
ST_1 : Operation 229 [1/1] (0.00ns)   --->   "%p_read_638 = read i45 @_ssdm_op_Read.ap_auto.i45, i45 %p_read333"   --->   Operation 229 'read' 'p_read_638' <Predicate = true> <Delay = 0.00>
ST_1 : Operation 230 [1/1] (0.00ns)   --->   "%p_read_639 = read i45 @_ssdm_op_Read.ap_auto.i45, i45 %p_read332"   --->   Operation 230 'read' 'p_read_639' <Predicate = true> <Delay = 0.00>
ST_1 : Operation 231 [1/1] (0.00ns)   --->   "%p_read_640 = read i45 @_ssdm_op_Read.ap_auto.i45, i45 %p_read331"   --->   Operation 231 'read' 'p_read_640' <Predicate = true> <Delay = 0.00>
ST_1 : Operation 232 [1/1] (0.00ns)   --->   "%p_read_641 = read i45 @_ssdm_op_Read.ap_auto.i45, i45 %p_read330"   --->   Operation 232 'read' 'p_read_641' <Predicate = true> <Delay = 0.00>
ST_1 : Operation 233 [1/1] (0.00ns)   --->   "%p_read_642 = read i45 @_ssdm_op_Read.ap_auto.i45, i45 %p_read329"   --->   Operation 233 'read' 'p_read_642' <Predicate = true> <Delay = 0.00>
ST_1 : Operation 234 [1/1] (0.00ns)   --->   "%p_read_643 = read i45 @_ssdm_op_Read.ap_auto.i45, i45 %p_read328"   --->   Operation 234 'read' 'p_read_643' <Predicate = true> <Delay = 0.00>
ST_1 : Operation 235 [1/1] (0.00ns)   --->   "%p_read_644 = read i45 @_ssdm_op_Read.ap_auto.i45, i45 %p_read327"   --->   Operation 235 'read' 'p_read_644' <Predicate = true> <Delay = 0.00>
ST_1 : Operation 236 [1/1] (0.00ns)   --->   "%p_read_645 = read i45 @_ssdm_op_Read.ap_auto.i45, i45 %p_read326"   --->   Operation 236 'read' 'p_read_645' <Predicate = true> <Delay = 0.00>
ST_1 : Operation 237 [1/1] (0.00ns)   --->   "%p_read_646 = read i45 @_ssdm_op_Read.ap_auto.i45, i45 %p_read325"   --->   Operation 237 'read' 'p_read_646' <Predicate = true> <Delay = 0.00>
ST_1 : Operation 238 [1/1] (0.00ns)   --->   "%p_read_647 = read i45 @_ssdm_op_Read.ap_auto.i45, i45 %p_read324"   --->   Operation 238 'read' 'p_read_647' <Predicate = true> <Delay = 0.00>
ST_1 : Operation 239 [1/1] (0.00ns)   --->   "%p_read_648 = read i45 @_ssdm_op_Read.ap_auto.i45, i45 %p_read323"   --->   Operation 239 'read' 'p_read_648' <Predicate = true> <Delay = 0.00>
ST_1 : Operation 240 [1/1] (0.00ns)   --->   "%p_read_649 = read i45 @_ssdm_op_Read.ap_auto.i45, i45 %p_read322"   --->   Operation 240 'read' 'p_read_649' <Predicate = true> <Delay = 0.00>
ST_1 : Operation 241 [1/1] (0.00ns)   --->   "%p_read_650 = read i45 @_ssdm_op_Read.ap_auto.i45, i45 %p_read321"   --->   Operation 241 'read' 'p_read_650' <Predicate = true> <Delay = 0.00>
ST_1 : Operation 242 [1/1] (0.00ns)   --->   "%p_read_651 = read i45 @_ssdm_op_Read.ap_auto.i45, i45 %p_read320"   --->   Operation 242 'read' 'p_read_651' <Predicate = true> <Delay = 0.00>
ST_1 : Operation 243 [1/1] (0.00ns)   --->   "%p_read_652 = read i45 @_ssdm_op_Read.ap_auto.i45, i45 %p_read319"   --->   Operation 243 'read' 'p_read_652' <Predicate = true> <Delay = 0.00>
ST_1 : Operation 244 [1/1] (0.00ns)   --->   "%p_read_653 = read i45 @_ssdm_op_Read.ap_auto.i45, i45 %p_read318"   --->   Operation 244 'read' 'p_read_653' <Predicate = true> <Delay = 0.00>
ST_1 : Operation 245 [1/1] (0.00ns)   --->   "%p_read_654 = read i45 @_ssdm_op_Read.ap_auto.i45, i45 %p_read317"   --->   Operation 245 'read' 'p_read_654' <Predicate = true> <Delay = 0.00>
ST_1 : Operation 246 [1/1] (0.00ns)   --->   "%p_read_655 = read i45 @_ssdm_op_Read.ap_auto.i45, i45 %p_read316"   --->   Operation 246 'read' 'p_read_655' <Predicate = true> <Delay = 0.00>
ST_1 : Operation 247 [1/1] (0.00ns)   --->   "%p_read_656 = read i45 @_ssdm_op_Read.ap_auto.i45, i45 %p_read315"   --->   Operation 247 'read' 'p_read_656' <Predicate = true> <Delay = 0.00>
ST_1 : Operation 248 [1/1] (0.00ns)   --->   "%p_read_657 = read i45 @_ssdm_op_Read.ap_auto.i45, i45 %p_read314"   --->   Operation 248 'read' 'p_read_657' <Predicate = true> <Delay = 0.00>
ST_1 : Operation 249 [1/1] (0.00ns)   --->   "%p_read_658 = read i45 @_ssdm_op_Read.ap_auto.i45, i45 %p_read313"   --->   Operation 249 'read' 'p_read_658' <Predicate = true> <Delay = 0.00>
ST_1 : Operation 250 [1/1] (0.00ns)   --->   "%p_read_659 = read i45 @_ssdm_op_Read.ap_auto.i45, i45 %p_read312"   --->   Operation 250 'read' 'p_read_659' <Predicate = true> <Delay = 0.00>
ST_1 : Operation 251 [1/1] (0.00ns)   --->   "%p_read_660 = read i45 @_ssdm_op_Read.ap_auto.i45, i45 %p_read311"   --->   Operation 251 'read' 'p_read_660' <Predicate = true> <Delay = 0.00>
ST_1 : Operation 252 [1/1] (0.00ns)   --->   "%p_read_661 = read i45 @_ssdm_op_Read.ap_auto.i45, i45 %p_read310"   --->   Operation 252 'read' 'p_read_661' <Predicate = true> <Delay = 0.00>
ST_1 : Operation 253 [1/1] (0.00ns)   --->   "%p_read_662 = read i45 @_ssdm_op_Read.ap_auto.i45, i45 %p_read309"   --->   Operation 253 'read' 'p_read_662' <Predicate = true> <Delay = 0.00>
ST_1 : Operation 254 [1/1] (0.00ns)   --->   "%p_read_663 = read i45 @_ssdm_op_Read.ap_auto.i45, i45 %p_read308"   --->   Operation 254 'read' 'p_read_663' <Predicate = true> <Delay = 0.00>
ST_1 : Operation 255 [1/1] (0.00ns)   --->   "%p_read_664 = read i45 @_ssdm_op_Read.ap_auto.i45, i45 %p_read307"   --->   Operation 255 'read' 'p_read_664' <Predicate = true> <Delay = 0.00>
ST_1 : Operation 256 [1/1] (0.00ns)   --->   "%p_read_665 = read i45 @_ssdm_op_Read.ap_auto.i45, i45 %p_read306"   --->   Operation 256 'read' 'p_read_665' <Predicate = true> <Delay = 0.00>
ST_1 : Operation 257 [1/1] (0.00ns)   --->   "%p_read_666 = read i45 @_ssdm_op_Read.ap_auto.i45, i45 %p_read305"   --->   Operation 257 'read' 'p_read_666' <Predicate = true> <Delay = 0.00>
ST_1 : Operation 258 [1/1] (0.00ns)   --->   "%p_read_667 = read i45 @_ssdm_op_Read.ap_auto.i45, i45 %p_read304"   --->   Operation 258 'read' 'p_read_667' <Predicate = true> <Delay = 0.00>
ST_1 : Operation 259 [1/1] (0.00ns)   --->   "%p_read_668 = read i45 @_ssdm_op_Read.ap_auto.i45, i45 %p_read303"   --->   Operation 259 'read' 'p_read_668' <Predicate = true> <Delay = 0.00>
ST_1 : Operation 260 [1/1] (0.00ns)   --->   "%p_read_669 = read i45 @_ssdm_op_Read.ap_auto.i45, i45 %p_read302"   --->   Operation 260 'read' 'p_read_669' <Predicate = true> <Delay = 0.00>
ST_1 : Operation 261 [1/1] (0.00ns)   --->   "%p_read_670 = read i45 @_ssdm_op_Read.ap_auto.i45, i45 %p_read301"   --->   Operation 261 'read' 'p_read_670' <Predicate = true> <Delay = 0.00>
ST_1 : Operation 262 [1/1] (0.00ns)   --->   "%p_read_671 = read i45 @_ssdm_op_Read.ap_auto.i45, i45 %p_read300"   --->   Operation 262 'read' 'p_read_671' <Predicate = true> <Delay = 0.00>
ST_1 : Operation 263 [1/1] (0.00ns)   --->   "%p_read_672 = read i45 @_ssdm_op_Read.ap_auto.i45, i45 %p_read287"   --->   Operation 263 'read' 'p_read_672' <Predicate = true> <Delay = 0.00>
ST_1 : Operation 264 [1/1] (0.00ns)   --->   "%p_read_673 = read i45 @_ssdm_op_Read.ap_auto.i45, i45 %p_read286"   --->   Operation 264 'read' 'p_read_673' <Predicate = true> <Delay = 0.00>
ST_1 : Operation 265 [1/1] (0.00ns)   --->   "%p_read_674 = read i45 @_ssdm_op_Read.ap_auto.i45, i45 %p_read285"   --->   Operation 265 'read' 'p_read_674' <Predicate = true> <Delay = 0.00>
ST_1 : Operation 266 [1/1] (0.00ns)   --->   "%p_read_675 = read i45 @_ssdm_op_Read.ap_auto.i45, i45 %p_read284"   --->   Operation 266 'read' 'p_read_675' <Predicate = true> <Delay = 0.00>
ST_1 : Operation 267 [1/1] (0.00ns)   --->   "%p_read_676 = read i45 @_ssdm_op_Read.ap_auto.i45, i45 %p_read283"   --->   Operation 267 'read' 'p_read_676' <Predicate = true> <Delay = 0.00>
ST_1 : Operation 268 [1/1] (0.00ns)   --->   "%p_read_677 = read i45 @_ssdm_op_Read.ap_auto.i45, i45 %p_read282"   --->   Operation 268 'read' 'p_read_677' <Predicate = true> <Delay = 0.00>
ST_1 : Operation 269 [1/1] (0.00ns)   --->   "%p_read_678 = read i45 @_ssdm_op_Read.ap_auto.i45, i45 %p_read281"   --->   Operation 269 'read' 'p_read_678' <Predicate = true> <Delay = 0.00>
ST_1 : Operation 270 [1/1] (0.00ns)   --->   "%p_read_679 = read i45 @_ssdm_op_Read.ap_auto.i45, i45 %p_read280"   --->   Operation 270 'read' 'p_read_679' <Predicate = true> <Delay = 0.00>
ST_1 : Operation 271 [1/1] (0.00ns)   --->   "%p_read_680 = read i45 @_ssdm_op_Read.ap_auto.i45, i45 %p_read279"   --->   Operation 271 'read' 'p_read_680' <Predicate = true> <Delay = 0.00>
ST_1 : Operation 272 [1/1] (0.00ns)   --->   "%p_read_681 = read i45 @_ssdm_op_Read.ap_auto.i45, i45 %p_read278"   --->   Operation 272 'read' 'p_read_681' <Predicate = true> <Delay = 0.00>
ST_1 : Operation 273 [1/1] (0.00ns)   --->   "%p_read_682 = read i45 @_ssdm_op_Read.ap_auto.i45, i45 %p_read277"   --->   Operation 273 'read' 'p_read_682' <Predicate = true> <Delay = 0.00>
ST_1 : Operation 274 [1/1] (0.00ns)   --->   "%p_read_683 = read i45 @_ssdm_op_Read.ap_auto.i45, i45 %p_read276"   --->   Operation 274 'read' 'p_read_683' <Predicate = true> <Delay = 0.00>
ST_1 : Operation 275 [1/1] (0.00ns)   --->   "%p_read_684 = read i45 @_ssdm_op_Read.ap_auto.i45, i45 %p_read275"   --->   Operation 275 'read' 'p_read_684' <Predicate = true> <Delay = 0.00>
ST_1 : Operation 276 [1/1] (0.00ns)   --->   "%p_read_685 = read i45 @_ssdm_op_Read.ap_auto.i45, i45 %p_read274"   --->   Operation 276 'read' 'p_read_685' <Predicate = true> <Delay = 0.00>
ST_1 : Operation 277 [1/1] (0.00ns)   --->   "%p_read_686 = read i45 @_ssdm_op_Read.ap_auto.i45, i45 %p_read273"   --->   Operation 277 'read' 'p_read_686' <Predicate = true> <Delay = 0.00>
ST_1 : Operation 278 [1/1] (0.00ns)   --->   "%p_read_687 = read i45 @_ssdm_op_Read.ap_auto.i45, i45 %p_read272"   --->   Operation 278 'read' 'p_read_687' <Predicate = true> <Delay = 0.00>
ST_1 : Operation 279 [1/1] (0.00ns)   --->   "%p_read_688 = read i45 @_ssdm_op_Read.ap_auto.i45, i45 %p_read271"   --->   Operation 279 'read' 'p_read_688' <Predicate = true> <Delay = 0.00>
ST_1 : Operation 280 [1/1] (0.00ns)   --->   "%p_read_689 = read i45 @_ssdm_op_Read.ap_auto.i45, i45 %p_read270"   --->   Operation 280 'read' 'p_read_689' <Predicate = true> <Delay = 0.00>
ST_1 : Operation 281 [1/1] (0.00ns)   --->   "%p_read_690 = read i45 @_ssdm_op_Read.ap_auto.i45, i45 %p_read269"   --->   Operation 281 'read' 'p_read_690' <Predicate = true> <Delay = 0.00>
ST_1 : Operation 282 [1/1] (0.00ns)   --->   "%p_read_691 = read i45 @_ssdm_op_Read.ap_auto.i45, i45 %p_read268"   --->   Operation 282 'read' 'p_read_691' <Predicate = true> <Delay = 0.00>
ST_1 : Operation 283 [1/1] (0.00ns)   --->   "%p_read_692 = read i45 @_ssdm_op_Read.ap_auto.i45, i45 %p_read267"   --->   Operation 283 'read' 'p_read_692' <Predicate = true> <Delay = 0.00>
ST_1 : Operation 284 [1/1] (0.00ns)   --->   "%p_read_693 = read i45 @_ssdm_op_Read.ap_auto.i45, i45 %p_read266"   --->   Operation 284 'read' 'p_read_693' <Predicate = true> <Delay = 0.00>
ST_1 : Operation 285 [1/1] (0.00ns)   --->   "%p_read_694 = read i45 @_ssdm_op_Read.ap_auto.i45, i45 %p_read265"   --->   Operation 285 'read' 'p_read_694' <Predicate = true> <Delay = 0.00>
ST_1 : Operation 286 [1/1] (0.00ns)   --->   "%p_read_695 = read i45 @_ssdm_op_Read.ap_auto.i45, i45 %p_read264"   --->   Operation 286 'read' 'p_read_695' <Predicate = true> <Delay = 0.00>
ST_1 : Operation 287 [1/1] (0.00ns)   --->   "%p_read_696 = read i45 @_ssdm_op_Read.ap_auto.i45, i45 %p_read263"   --->   Operation 287 'read' 'p_read_696' <Predicate = true> <Delay = 0.00>
ST_1 : Operation 288 [1/1] (0.00ns)   --->   "%p_read_697 = read i45 @_ssdm_op_Read.ap_auto.i45, i45 %p_read262"   --->   Operation 288 'read' 'p_read_697' <Predicate = true> <Delay = 0.00>
ST_1 : Operation 289 [1/1] (0.00ns)   --->   "%p_read_698 = read i45 @_ssdm_op_Read.ap_auto.i45, i45 %p_read261"   --->   Operation 289 'read' 'p_read_698' <Predicate = true> <Delay = 0.00>
ST_1 : Operation 290 [1/1] (0.00ns)   --->   "%p_read_699 = read i45 @_ssdm_op_Read.ap_auto.i45, i45 %p_read260"   --->   Operation 290 'read' 'p_read_699' <Predicate = true> <Delay = 0.00>
ST_1 : Operation 291 [1/1] (0.00ns)   --->   "%p_read_700 = read i45 @_ssdm_op_Read.ap_auto.i45, i45 %p_read259"   --->   Operation 291 'read' 'p_read_700' <Predicate = true> <Delay = 0.00>
ST_1 : Operation 292 [1/1] (0.00ns)   --->   "%p_read_701 = read i45 @_ssdm_op_Read.ap_auto.i45, i45 %p_read258"   --->   Operation 292 'read' 'p_read_701' <Predicate = true> <Delay = 0.00>
ST_1 : Operation 293 [1/1] (0.00ns)   --->   "%p_read_702 = read i45 @_ssdm_op_Read.ap_auto.i45, i45 %p_read257"   --->   Operation 293 'read' 'p_read_702' <Predicate = true> <Delay = 0.00>
ST_1 : Operation 294 [1/1] (0.00ns)   --->   "%p_read_703 = read i45 @_ssdm_op_Read.ap_auto.i45, i45 %p_read256"   --->   Operation 294 'read' 'p_read_703' <Predicate = true> <Delay = 0.00>
ST_1 : Operation 295 [1/1] (0.00ns)   --->   "%p_read_704 = read i45 @_ssdm_op_Read.ap_auto.i45, i45 %p_read255"   --->   Operation 295 'read' 'p_read_704' <Predicate = true> <Delay = 0.00>
ST_1 : Operation 296 [1/1] (0.00ns)   --->   "%p_read_705 = read i45 @_ssdm_op_Read.ap_auto.i45, i45 %p_read254"   --->   Operation 296 'read' 'p_read_705' <Predicate = true> <Delay = 0.00>
ST_1 : Operation 297 [1/1] (0.00ns)   --->   "%p_read_706 = read i45 @_ssdm_op_Read.ap_auto.i45, i45 %p_read253"   --->   Operation 297 'read' 'p_read_706' <Predicate = true> <Delay = 0.00>
ST_1 : Operation 298 [1/1] (0.00ns)   --->   "%p_read_707 = read i45 @_ssdm_op_Read.ap_auto.i45, i45 %p_read252"   --->   Operation 298 'read' 'p_read_707' <Predicate = true> <Delay = 0.00>
ST_1 : Operation 299 [1/1] (0.00ns)   --->   "%p_read_708 = read i45 @_ssdm_op_Read.ap_auto.i45, i45 %p_read251"   --->   Operation 299 'read' 'p_read_708' <Predicate = true> <Delay = 0.00>
ST_1 : Operation 300 [1/1] (0.00ns)   --->   "%p_read_709 = read i45 @_ssdm_op_Read.ap_auto.i45, i45 %p_read250"   --->   Operation 300 'read' 'p_read_709' <Predicate = true> <Delay = 0.00>
ST_1 : Operation 301 [1/1] (0.00ns)   --->   "%p_read_710 = read i45 @_ssdm_op_Read.ap_auto.i45, i45 %p_read237"   --->   Operation 301 'read' 'p_read_710' <Predicate = true> <Delay = 0.00>
ST_1 : Operation 302 [1/1] (0.00ns)   --->   "%p_read_711 = read i45 @_ssdm_op_Read.ap_auto.i45, i45 %p_read236"   --->   Operation 302 'read' 'p_read_711' <Predicate = true> <Delay = 0.00>
ST_1 : Operation 303 [1/1] (0.00ns)   --->   "%p_read_712 = read i45 @_ssdm_op_Read.ap_auto.i45, i45 %p_read235"   --->   Operation 303 'read' 'p_read_712' <Predicate = true> <Delay = 0.00>
ST_1 : Operation 304 [1/1] (0.00ns)   --->   "%p_read_713 = read i45 @_ssdm_op_Read.ap_auto.i45, i45 %p_read234"   --->   Operation 304 'read' 'p_read_713' <Predicate = true> <Delay = 0.00>
ST_1 : Operation 305 [1/1] (0.00ns)   --->   "%p_read_714 = read i45 @_ssdm_op_Read.ap_auto.i45, i45 %p_read233"   --->   Operation 305 'read' 'p_read_714' <Predicate = true> <Delay = 0.00>
ST_1 : Operation 306 [1/1] (0.00ns)   --->   "%p_read_715 = read i45 @_ssdm_op_Read.ap_auto.i45, i45 %p_read232"   --->   Operation 306 'read' 'p_read_715' <Predicate = true> <Delay = 0.00>
ST_1 : Operation 307 [1/1] (0.00ns)   --->   "%p_read_716 = read i45 @_ssdm_op_Read.ap_auto.i45, i45 %p_read231"   --->   Operation 307 'read' 'p_read_716' <Predicate = true> <Delay = 0.00>
ST_1 : Operation 308 [1/1] (0.00ns)   --->   "%p_read_717 = read i45 @_ssdm_op_Read.ap_auto.i45, i45 %p_read230"   --->   Operation 308 'read' 'p_read_717' <Predicate = true> <Delay = 0.00>
ST_1 : Operation 309 [1/1] (0.00ns)   --->   "%p_read_718 = read i45 @_ssdm_op_Read.ap_auto.i45, i45 %p_read229"   --->   Operation 309 'read' 'p_read_718' <Predicate = true> <Delay = 0.00>
ST_1 : Operation 310 [1/1] (0.00ns)   --->   "%p_read_719 = read i45 @_ssdm_op_Read.ap_auto.i45, i45 %p_read228"   --->   Operation 310 'read' 'p_read_719' <Predicate = true> <Delay = 0.00>
ST_1 : Operation 311 [1/1] (0.00ns)   --->   "%p_read_720 = read i45 @_ssdm_op_Read.ap_auto.i45, i45 %p_read227"   --->   Operation 311 'read' 'p_read_720' <Predicate = true> <Delay = 0.00>
ST_1 : Operation 312 [1/1] (0.00ns)   --->   "%p_read_721 = read i45 @_ssdm_op_Read.ap_auto.i45, i45 %p_read226"   --->   Operation 312 'read' 'p_read_721' <Predicate = true> <Delay = 0.00>
ST_1 : Operation 313 [1/1] (0.00ns)   --->   "%p_read_722 = read i45 @_ssdm_op_Read.ap_auto.i45, i45 %p_read225"   --->   Operation 313 'read' 'p_read_722' <Predicate = true> <Delay = 0.00>
ST_1 : Operation 314 [1/1] (0.00ns)   --->   "%p_read_723 = read i45 @_ssdm_op_Read.ap_auto.i45, i45 %p_read224"   --->   Operation 314 'read' 'p_read_723' <Predicate = true> <Delay = 0.00>
ST_1 : Operation 315 [1/1] (0.00ns)   --->   "%p_read_724 = read i45 @_ssdm_op_Read.ap_auto.i45, i45 %p_read223"   --->   Operation 315 'read' 'p_read_724' <Predicate = true> <Delay = 0.00>
ST_1 : Operation 316 [1/1] (0.00ns)   --->   "%p_read_725 = read i45 @_ssdm_op_Read.ap_auto.i45, i45 %p_read222"   --->   Operation 316 'read' 'p_read_725' <Predicate = true> <Delay = 0.00>
ST_1 : Operation 317 [1/1] (0.00ns)   --->   "%p_read_726 = read i45 @_ssdm_op_Read.ap_auto.i45, i45 %p_read221"   --->   Operation 317 'read' 'p_read_726' <Predicate = true> <Delay = 0.00>
ST_1 : Operation 318 [1/1] (0.00ns)   --->   "%p_read_727 = read i45 @_ssdm_op_Read.ap_auto.i45, i45 %p_read220"   --->   Operation 318 'read' 'p_read_727' <Predicate = true> <Delay = 0.00>
ST_1 : Operation 319 [1/1] (0.00ns)   --->   "%p_read_728 = read i45 @_ssdm_op_Read.ap_auto.i45, i45 %p_read219"   --->   Operation 319 'read' 'p_read_728' <Predicate = true> <Delay = 0.00>
ST_1 : Operation 320 [1/1] (0.00ns)   --->   "%p_read_729 = read i45 @_ssdm_op_Read.ap_auto.i45, i45 %p_read218"   --->   Operation 320 'read' 'p_read_729' <Predicate = true> <Delay = 0.00>
ST_1 : Operation 321 [1/1] (0.00ns)   --->   "%p_read_730 = read i45 @_ssdm_op_Read.ap_auto.i45, i45 %p_read217"   --->   Operation 321 'read' 'p_read_730' <Predicate = true> <Delay = 0.00>
ST_1 : Operation 322 [1/1] (0.00ns)   --->   "%p_read_731 = read i45 @_ssdm_op_Read.ap_auto.i45, i45 %p_read216"   --->   Operation 322 'read' 'p_read_731' <Predicate = true> <Delay = 0.00>
ST_1 : Operation 323 [1/1] (0.00ns)   --->   "%p_read_732 = read i45 @_ssdm_op_Read.ap_auto.i45, i45 %p_read215"   --->   Operation 323 'read' 'p_read_732' <Predicate = true> <Delay = 0.00>
ST_1 : Operation 324 [1/1] (0.00ns)   --->   "%p_read_733 = read i45 @_ssdm_op_Read.ap_auto.i45, i45 %p_read214"   --->   Operation 324 'read' 'p_read_733' <Predicate = true> <Delay = 0.00>
ST_1 : Operation 325 [1/1] (0.00ns)   --->   "%p_read_734 = read i45 @_ssdm_op_Read.ap_auto.i45, i45 %p_read213"   --->   Operation 325 'read' 'p_read_734' <Predicate = true> <Delay = 0.00>
ST_1 : Operation 326 [1/1] (0.00ns)   --->   "%p_read_735 = read i45 @_ssdm_op_Read.ap_auto.i45, i45 %p_read212"   --->   Operation 326 'read' 'p_read_735' <Predicate = true> <Delay = 0.00>
ST_1 : Operation 327 [1/1] (0.00ns)   --->   "%p_read_736 = read i45 @_ssdm_op_Read.ap_auto.i45, i45 %p_read211"   --->   Operation 327 'read' 'p_read_736' <Predicate = true> <Delay = 0.00>
ST_1 : Operation 328 [1/1] (0.00ns)   --->   "%p_read_737 = read i45 @_ssdm_op_Read.ap_auto.i45, i45 %p_read210"   --->   Operation 328 'read' 'p_read_737' <Predicate = true> <Delay = 0.00>
ST_1 : Operation 329 [1/1] (0.00ns)   --->   "%p_read_738 = read i45 @_ssdm_op_Read.ap_auto.i45, i45 %p_read209"   --->   Operation 329 'read' 'p_read_738' <Predicate = true> <Delay = 0.00>
ST_1 : Operation 330 [1/1] (0.00ns)   --->   "%p_read_739 = read i45 @_ssdm_op_Read.ap_auto.i45, i45 %p_read208"   --->   Operation 330 'read' 'p_read_739' <Predicate = true> <Delay = 0.00>
ST_1 : Operation 331 [1/1] (0.00ns)   --->   "%p_read_740 = read i45 @_ssdm_op_Read.ap_auto.i45, i45 %p_read207"   --->   Operation 331 'read' 'p_read_740' <Predicate = true> <Delay = 0.00>
ST_1 : Operation 332 [1/1] (0.00ns)   --->   "%p_read_741 = read i45 @_ssdm_op_Read.ap_auto.i45, i45 %p_read206"   --->   Operation 332 'read' 'p_read_741' <Predicate = true> <Delay = 0.00>
ST_1 : Operation 333 [1/1] (0.00ns)   --->   "%p_read_742 = read i45 @_ssdm_op_Read.ap_auto.i45, i45 %p_read205"   --->   Operation 333 'read' 'p_read_742' <Predicate = true> <Delay = 0.00>
ST_1 : Operation 334 [1/1] (0.00ns)   --->   "%p_read_743 = read i45 @_ssdm_op_Read.ap_auto.i45, i45 %p_read204"   --->   Operation 334 'read' 'p_read_743' <Predicate = true> <Delay = 0.00>
ST_1 : Operation 335 [1/1] (0.00ns)   --->   "%p_read_744 = read i45 @_ssdm_op_Read.ap_auto.i45, i45 %p_read203"   --->   Operation 335 'read' 'p_read_744' <Predicate = true> <Delay = 0.00>
ST_1 : Operation 336 [1/1] (0.00ns)   --->   "%p_read_745 = read i45 @_ssdm_op_Read.ap_auto.i45, i45 %p_read202"   --->   Operation 336 'read' 'p_read_745' <Predicate = true> <Delay = 0.00>
ST_1 : Operation 337 [1/1] (0.00ns)   --->   "%p_read_746 = read i45 @_ssdm_op_Read.ap_auto.i45, i45 %p_read201"   --->   Operation 337 'read' 'p_read_746' <Predicate = true> <Delay = 0.00>
ST_1 : Operation 338 [1/1] (0.00ns)   --->   "%p_read200602 = read i45 @_ssdm_op_Read.ap_auto.i45, i45 %p_read200"   --->   Operation 338 'read' 'p_read200602' <Predicate = true> <Delay = 0.00>
ST_1 : Operation 339 [1/1] (0.00ns)   --->   "%p_read_747 = read i45 @_ssdm_op_Read.ap_auto.i45, i45 %p_read187"   --->   Operation 339 'read' 'p_read_747' <Predicate = true> <Delay = 0.00>
ST_1 : Operation 340 [1/1] (0.00ns)   --->   "%p_read_748 = read i45 @_ssdm_op_Read.ap_auto.i45, i45 %p_read186"   --->   Operation 340 'read' 'p_read_748' <Predicate = true> <Delay = 0.00>
ST_1 : Operation 341 [1/1] (0.00ns)   --->   "%p_read_749 = read i45 @_ssdm_op_Read.ap_auto.i45, i45 %p_read185"   --->   Operation 341 'read' 'p_read_749' <Predicate = true> <Delay = 0.00>
ST_1 : Operation 342 [1/1] (0.00ns)   --->   "%p_read_750 = read i45 @_ssdm_op_Read.ap_auto.i45, i45 %p_read184"   --->   Operation 342 'read' 'p_read_750' <Predicate = true> <Delay = 0.00>
ST_1 : Operation 343 [1/1] (0.00ns)   --->   "%p_read_751 = read i45 @_ssdm_op_Read.ap_auto.i45, i45 %p_read183"   --->   Operation 343 'read' 'p_read_751' <Predicate = true> <Delay = 0.00>
ST_1 : Operation 344 [1/1] (0.00ns)   --->   "%p_read_752 = read i45 @_ssdm_op_Read.ap_auto.i45, i45 %p_read182"   --->   Operation 344 'read' 'p_read_752' <Predicate = true> <Delay = 0.00>
ST_1 : Operation 345 [1/1] (0.00ns)   --->   "%p_read_753 = read i45 @_ssdm_op_Read.ap_auto.i45, i45 %p_read181"   --->   Operation 345 'read' 'p_read_753' <Predicate = true> <Delay = 0.00>
ST_1 : Operation 346 [1/1] (0.00ns)   --->   "%p_read_754 = read i45 @_ssdm_op_Read.ap_auto.i45, i45 %p_read180"   --->   Operation 346 'read' 'p_read_754' <Predicate = true> <Delay = 0.00>
ST_1 : Operation 347 [1/1] (0.00ns)   --->   "%p_read_755 = read i45 @_ssdm_op_Read.ap_auto.i45, i45 %p_read179"   --->   Operation 347 'read' 'p_read_755' <Predicate = true> <Delay = 0.00>
ST_1 : Operation 348 [1/1] (0.00ns)   --->   "%p_read_756 = read i45 @_ssdm_op_Read.ap_auto.i45, i45 %p_read178"   --->   Operation 348 'read' 'p_read_756' <Predicate = true> <Delay = 0.00>
ST_1 : Operation 349 [1/1] (0.00ns)   --->   "%p_read_757 = read i45 @_ssdm_op_Read.ap_auto.i45, i45 %p_read177"   --->   Operation 349 'read' 'p_read_757' <Predicate = true> <Delay = 0.00>
ST_1 : Operation 350 [1/1] (0.00ns)   --->   "%p_read_758 = read i45 @_ssdm_op_Read.ap_auto.i45, i45 %p_read176"   --->   Operation 350 'read' 'p_read_758' <Predicate = true> <Delay = 0.00>
ST_1 : Operation 351 [1/1] (0.00ns)   --->   "%p_read_759 = read i45 @_ssdm_op_Read.ap_auto.i45, i45 %p_read175"   --->   Operation 351 'read' 'p_read_759' <Predicate = true> <Delay = 0.00>
ST_1 : Operation 352 [1/1] (0.00ns)   --->   "%p_read_760 = read i45 @_ssdm_op_Read.ap_auto.i45, i45 %p_read174"   --->   Operation 352 'read' 'p_read_760' <Predicate = true> <Delay = 0.00>
ST_1 : Operation 353 [1/1] (0.00ns)   --->   "%p_read_761 = read i45 @_ssdm_op_Read.ap_auto.i45, i45 %p_read173"   --->   Operation 353 'read' 'p_read_761' <Predicate = true> <Delay = 0.00>
ST_1 : Operation 354 [1/1] (0.00ns)   --->   "%p_read_762 = read i45 @_ssdm_op_Read.ap_auto.i45, i45 %p_read172"   --->   Operation 354 'read' 'p_read_762' <Predicate = true> <Delay = 0.00>
ST_1 : Operation 355 [1/1] (0.00ns)   --->   "%p_read_763 = read i45 @_ssdm_op_Read.ap_auto.i45, i45 %p_read171"   --->   Operation 355 'read' 'p_read_763' <Predicate = true> <Delay = 0.00>
ST_1 : Operation 356 [1/1] (0.00ns)   --->   "%p_read_764 = read i45 @_ssdm_op_Read.ap_auto.i45, i45 %p_read170"   --->   Operation 356 'read' 'p_read_764' <Predicate = true> <Delay = 0.00>
ST_1 : Operation 357 [1/1] (0.00ns)   --->   "%p_read_765 = read i45 @_ssdm_op_Read.ap_auto.i45, i45 %p_read169"   --->   Operation 357 'read' 'p_read_765' <Predicate = true> <Delay = 0.00>
ST_1 : Operation 358 [1/1] (0.00ns)   --->   "%p_read_766 = read i45 @_ssdm_op_Read.ap_auto.i45, i45 %p_read168"   --->   Operation 358 'read' 'p_read_766' <Predicate = true> <Delay = 0.00>
ST_1 : Operation 359 [1/1] (0.00ns)   --->   "%p_read_767 = read i45 @_ssdm_op_Read.ap_auto.i45, i45 %p_read167"   --->   Operation 359 'read' 'p_read_767' <Predicate = true> <Delay = 0.00>
ST_1 : Operation 360 [1/1] (0.00ns)   --->   "%p_read_768 = read i45 @_ssdm_op_Read.ap_auto.i45, i45 %p_read166"   --->   Operation 360 'read' 'p_read_768' <Predicate = true> <Delay = 0.00>
ST_1 : Operation 361 [1/1] (0.00ns)   --->   "%p_read_769 = read i45 @_ssdm_op_Read.ap_auto.i45, i45 %p_read165"   --->   Operation 361 'read' 'p_read_769' <Predicate = true> <Delay = 0.00>
ST_1 : Operation 362 [1/1] (0.00ns)   --->   "%p_read_770 = read i45 @_ssdm_op_Read.ap_auto.i45, i45 %p_read164"   --->   Operation 362 'read' 'p_read_770' <Predicate = true> <Delay = 0.00>
ST_1 : Operation 363 [1/1] (0.00ns)   --->   "%p_read_771 = read i45 @_ssdm_op_Read.ap_auto.i45, i45 %p_read163"   --->   Operation 363 'read' 'p_read_771' <Predicate = true> <Delay = 0.00>
ST_1 : Operation 364 [1/1] (0.00ns)   --->   "%p_read_772 = read i45 @_ssdm_op_Read.ap_auto.i45, i45 %p_read162"   --->   Operation 364 'read' 'p_read_772' <Predicate = true> <Delay = 0.00>
ST_1 : Operation 365 [1/1] (0.00ns)   --->   "%p_read_773 = read i45 @_ssdm_op_Read.ap_auto.i45, i45 %p_read161"   --->   Operation 365 'read' 'p_read_773' <Predicate = true> <Delay = 0.00>
ST_1 : Operation 366 [1/1] (0.00ns)   --->   "%p_read_774 = read i45 @_ssdm_op_Read.ap_auto.i45, i45 %p_read160"   --->   Operation 366 'read' 'p_read_774' <Predicate = true> <Delay = 0.00>
ST_1 : Operation 367 [1/1] (0.00ns)   --->   "%p_read_775 = read i45 @_ssdm_op_Read.ap_auto.i45, i45 %p_read159"   --->   Operation 367 'read' 'p_read_775' <Predicate = true> <Delay = 0.00>
ST_1 : Operation 368 [1/1] (0.00ns)   --->   "%p_read_776 = read i45 @_ssdm_op_Read.ap_auto.i45, i45 %p_read158"   --->   Operation 368 'read' 'p_read_776' <Predicate = true> <Delay = 0.00>
ST_1 : Operation 369 [1/1] (0.00ns)   --->   "%p_read_777 = read i45 @_ssdm_op_Read.ap_auto.i45, i45 %p_read157"   --->   Operation 369 'read' 'p_read_777' <Predicate = true> <Delay = 0.00>
ST_1 : Operation 370 [1/1] (0.00ns)   --->   "%p_read_778 = read i45 @_ssdm_op_Read.ap_auto.i45, i45 %p_read156"   --->   Operation 370 'read' 'p_read_778' <Predicate = true> <Delay = 0.00>
ST_1 : Operation 371 [1/1] (0.00ns)   --->   "%p_read_779 = read i45 @_ssdm_op_Read.ap_auto.i45, i45 %p_read155"   --->   Operation 371 'read' 'p_read_779' <Predicate = true> <Delay = 0.00>
ST_1 : Operation 372 [1/1] (0.00ns)   --->   "%p_read_780 = read i45 @_ssdm_op_Read.ap_auto.i45, i45 %p_read154"   --->   Operation 372 'read' 'p_read_780' <Predicate = true> <Delay = 0.00>
ST_1 : Operation 373 [1/1] (0.00ns)   --->   "%p_read_781 = read i45 @_ssdm_op_Read.ap_auto.i45, i45 %p_read153"   --->   Operation 373 'read' 'p_read_781' <Predicate = true> <Delay = 0.00>
ST_1 : Operation 374 [1/1] (0.00ns)   --->   "%p_read_782 = read i45 @_ssdm_op_Read.ap_auto.i45, i45 %p_read152"   --->   Operation 374 'read' 'p_read_782' <Predicate = true> <Delay = 0.00>
ST_1 : Operation 375 [1/1] (0.00ns)   --->   "%p_read_783 = read i45 @_ssdm_op_Read.ap_auto.i45, i45 %p_read151"   --->   Operation 375 'read' 'p_read_783' <Predicate = true> <Delay = 0.00>
ST_1 : Operation 376 [1/1] (0.00ns)   --->   "%p_read_784 = read i45 @_ssdm_op_Read.ap_auto.i45, i45 %p_read150"   --->   Operation 376 'read' 'p_read_784' <Predicate = true> <Delay = 0.00>
ST_1 : Operation 377 [1/1] (0.00ns)   --->   "%p_read_785 = read i45 @_ssdm_op_Read.ap_auto.i45, i45 %p_read137"   --->   Operation 377 'read' 'p_read_785' <Predicate = true> <Delay = 0.00>
ST_1 : Operation 378 [1/1] (0.00ns)   --->   "%p_read_786 = read i45 @_ssdm_op_Read.ap_auto.i45, i45 %p_read136"   --->   Operation 378 'read' 'p_read_786' <Predicate = true> <Delay = 0.00>
ST_1 : Operation 379 [1/1] (0.00ns)   --->   "%p_read_787 = read i45 @_ssdm_op_Read.ap_auto.i45, i45 %p_read135"   --->   Operation 379 'read' 'p_read_787' <Predicate = true> <Delay = 0.00>
ST_1 : Operation 380 [1/1] (0.00ns)   --->   "%p_read_788 = read i45 @_ssdm_op_Read.ap_auto.i45, i45 %p_read134"   --->   Operation 380 'read' 'p_read_788' <Predicate = true> <Delay = 0.00>
ST_1 : Operation 381 [1/1] (0.00ns)   --->   "%p_read_789 = read i45 @_ssdm_op_Read.ap_auto.i45, i45 %p_read133"   --->   Operation 381 'read' 'p_read_789' <Predicate = true> <Delay = 0.00>
ST_1 : Operation 382 [1/1] (0.00ns)   --->   "%p_read_790 = read i45 @_ssdm_op_Read.ap_auto.i45, i45 %p_read132"   --->   Operation 382 'read' 'p_read_790' <Predicate = true> <Delay = 0.00>
ST_1 : Operation 383 [1/1] (0.00ns)   --->   "%p_read_791 = read i45 @_ssdm_op_Read.ap_auto.i45, i45 %p_read131"   --->   Operation 383 'read' 'p_read_791' <Predicate = true> <Delay = 0.00>
ST_1 : Operation 384 [1/1] (0.00ns)   --->   "%p_read_792 = read i45 @_ssdm_op_Read.ap_auto.i45, i45 %p_read130"   --->   Operation 384 'read' 'p_read_792' <Predicate = true> <Delay = 0.00>
ST_1 : Operation 385 [1/1] (0.00ns)   --->   "%p_read_793 = read i45 @_ssdm_op_Read.ap_auto.i45, i45 %p_read129"   --->   Operation 385 'read' 'p_read_793' <Predicate = true> <Delay = 0.00>
ST_1 : Operation 386 [1/1] (0.00ns)   --->   "%p_read_794 = read i45 @_ssdm_op_Read.ap_auto.i45, i45 %p_read128"   --->   Operation 386 'read' 'p_read_794' <Predicate = true> <Delay = 0.00>
ST_1 : Operation 387 [1/1] (0.00ns)   --->   "%p_read_795 = read i45 @_ssdm_op_Read.ap_auto.i45, i45 %p_read127"   --->   Operation 387 'read' 'p_read_795' <Predicate = true> <Delay = 0.00>
ST_1 : Operation 388 [1/1] (0.00ns)   --->   "%p_read_796 = read i45 @_ssdm_op_Read.ap_auto.i45, i45 %p_read126"   --->   Operation 388 'read' 'p_read_796' <Predicate = true> <Delay = 0.00>
ST_1 : Operation 389 [1/1] (0.00ns)   --->   "%p_read_797 = read i45 @_ssdm_op_Read.ap_auto.i45, i45 %p_read125"   --->   Operation 389 'read' 'p_read_797' <Predicate = true> <Delay = 0.00>
ST_1 : Operation 390 [1/1] (0.00ns)   --->   "%p_read_798 = read i45 @_ssdm_op_Read.ap_auto.i45, i45 %p_read124"   --->   Operation 390 'read' 'p_read_798' <Predicate = true> <Delay = 0.00>
ST_1 : Operation 391 [1/1] (0.00ns)   --->   "%p_read_799 = read i45 @_ssdm_op_Read.ap_auto.i45, i45 %p_read123"   --->   Operation 391 'read' 'p_read_799' <Predicate = true> <Delay = 0.00>
ST_1 : Operation 392 [1/1] (0.00ns)   --->   "%p_read_800 = read i45 @_ssdm_op_Read.ap_auto.i45, i45 %p_read122"   --->   Operation 392 'read' 'p_read_800' <Predicate = true> <Delay = 0.00>
ST_1 : Operation 393 [1/1] (0.00ns)   --->   "%p_read_801 = read i45 @_ssdm_op_Read.ap_auto.i45, i45 %p_read121"   --->   Operation 393 'read' 'p_read_801' <Predicate = true> <Delay = 0.00>
ST_1 : Operation 394 [1/1] (0.00ns)   --->   "%p_read_802 = read i45 @_ssdm_op_Read.ap_auto.i45, i45 %p_read120"   --->   Operation 394 'read' 'p_read_802' <Predicate = true> <Delay = 0.00>
ST_1 : Operation 395 [1/1] (0.00ns)   --->   "%p_read_803 = read i45 @_ssdm_op_Read.ap_auto.i45, i45 %p_read119"   --->   Operation 395 'read' 'p_read_803' <Predicate = true> <Delay = 0.00>
ST_1 : Operation 396 [1/1] (0.00ns)   --->   "%p_read_804 = read i45 @_ssdm_op_Read.ap_auto.i45, i45 %p_read118"   --->   Operation 396 'read' 'p_read_804' <Predicate = true> <Delay = 0.00>
ST_1 : Operation 397 [1/1] (0.00ns)   --->   "%p_read_805 = read i45 @_ssdm_op_Read.ap_auto.i45, i45 %p_read117"   --->   Operation 397 'read' 'p_read_805' <Predicate = true> <Delay = 0.00>
ST_1 : Operation 398 [1/1] (0.00ns)   --->   "%p_read_806 = read i45 @_ssdm_op_Read.ap_auto.i45, i45 %p_read116"   --->   Operation 398 'read' 'p_read_806' <Predicate = true> <Delay = 0.00>
ST_1 : Operation 399 [1/1] (0.00ns)   --->   "%p_read_807 = read i45 @_ssdm_op_Read.ap_auto.i45, i45 %p_read115"   --->   Operation 399 'read' 'p_read_807' <Predicate = true> <Delay = 0.00>
ST_1 : Operation 400 [1/1] (0.00ns)   --->   "%p_read_808 = read i45 @_ssdm_op_Read.ap_auto.i45, i45 %p_read114"   --->   Operation 400 'read' 'p_read_808' <Predicate = true> <Delay = 0.00>
ST_1 : Operation 401 [1/1] (0.00ns)   --->   "%p_read_809 = read i45 @_ssdm_op_Read.ap_auto.i45, i45 %p_read113"   --->   Operation 401 'read' 'p_read_809' <Predicate = true> <Delay = 0.00>
ST_1 : Operation 402 [1/1] (0.00ns)   --->   "%p_read_810 = read i45 @_ssdm_op_Read.ap_auto.i45, i45 %p_read112"   --->   Operation 402 'read' 'p_read_810' <Predicate = true> <Delay = 0.00>
ST_1 : Operation 403 [1/1] (0.00ns)   --->   "%p_read_811 = read i45 @_ssdm_op_Read.ap_auto.i45, i45 %p_read111"   --->   Operation 403 'read' 'p_read_811' <Predicate = true> <Delay = 0.00>
ST_1 : Operation 404 [1/1] (0.00ns)   --->   "%p_read_812 = read i45 @_ssdm_op_Read.ap_auto.i45, i45 %p_read110"   --->   Operation 404 'read' 'p_read_812' <Predicate = true> <Delay = 0.00>
ST_1 : Operation 405 [1/1] (0.00ns)   --->   "%p_read_813 = read i45 @_ssdm_op_Read.ap_auto.i45, i45 %p_read109"   --->   Operation 405 'read' 'p_read_813' <Predicate = true> <Delay = 0.00>
ST_1 : Operation 406 [1/1] (0.00ns)   --->   "%p_read_814 = read i45 @_ssdm_op_Read.ap_auto.i45, i45 %p_read108"   --->   Operation 406 'read' 'p_read_814' <Predicate = true> <Delay = 0.00>
ST_1 : Operation 407 [1/1] (0.00ns)   --->   "%p_read_815 = read i45 @_ssdm_op_Read.ap_auto.i45, i45 %p_read107"   --->   Operation 407 'read' 'p_read_815' <Predicate = true> <Delay = 0.00>
ST_1 : Operation 408 [1/1] (0.00ns)   --->   "%p_read_816 = read i45 @_ssdm_op_Read.ap_auto.i45, i45 %p_read106"   --->   Operation 408 'read' 'p_read_816' <Predicate = true> <Delay = 0.00>
ST_1 : Operation 409 [1/1] (0.00ns)   --->   "%p_read_817 = read i45 @_ssdm_op_Read.ap_auto.i45, i45 %p_read105"   --->   Operation 409 'read' 'p_read_817' <Predicate = true> <Delay = 0.00>
ST_1 : Operation 410 [1/1] (0.00ns)   --->   "%p_read_818 = read i45 @_ssdm_op_Read.ap_auto.i45, i45 %p_read104"   --->   Operation 410 'read' 'p_read_818' <Predicate = true> <Delay = 0.00>
ST_1 : Operation 411 [1/1] (0.00ns)   --->   "%p_read_819 = read i45 @_ssdm_op_Read.ap_auto.i45, i45 %p_read103"   --->   Operation 411 'read' 'p_read_819' <Predicate = true> <Delay = 0.00>
ST_1 : Operation 412 [1/1] (0.00ns)   --->   "%p_read_820 = read i45 @_ssdm_op_Read.ap_auto.i45, i45 %p_read102"   --->   Operation 412 'read' 'p_read_820' <Predicate = true> <Delay = 0.00>
ST_1 : Operation 413 [1/1] (0.00ns)   --->   "%p_read_821 = read i45 @_ssdm_op_Read.ap_auto.i45, i45 %p_read101"   --->   Operation 413 'read' 'p_read_821' <Predicate = true> <Delay = 0.00>
ST_1 : Operation 414 [1/1] (0.00ns)   --->   "%p_read100526 = read i45 @_ssdm_op_Read.ap_auto.i45, i45 %p_read100"   --->   Operation 414 'read' 'p_read100526' <Predicate = true> <Delay = 0.00>
ST_1 : Operation 415 [1/1] (0.00ns)   --->   "%p_read_822 = read i45 @_ssdm_op_Read.ap_auto.i45, i45 %p_read87"   --->   Operation 415 'read' 'p_read_822' <Predicate = true> <Delay = 0.00>
ST_1 : Operation 416 [1/1] (0.00ns)   --->   "%p_read_823 = read i45 @_ssdm_op_Read.ap_auto.i45, i45 %p_read86"   --->   Operation 416 'read' 'p_read_823' <Predicate = true> <Delay = 0.00>
ST_1 : Operation 417 [1/1] (0.00ns)   --->   "%p_read_824 = read i45 @_ssdm_op_Read.ap_auto.i45, i45 %p_read85"   --->   Operation 417 'read' 'p_read_824' <Predicate = true> <Delay = 0.00>
ST_1 : Operation 418 [1/1] (0.00ns)   --->   "%p_read_825 = read i45 @_ssdm_op_Read.ap_auto.i45, i45 %p_read84"   --->   Operation 418 'read' 'p_read_825' <Predicate = true> <Delay = 0.00>
ST_1 : Operation 419 [1/1] (0.00ns)   --->   "%p_read_826 = read i45 @_ssdm_op_Read.ap_auto.i45, i45 %p_read83"   --->   Operation 419 'read' 'p_read_826' <Predicate = true> <Delay = 0.00>
ST_1 : Operation 420 [1/1] (0.00ns)   --->   "%p_read_827 = read i45 @_ssdm_op_Read.ap_auto.i45, i45 %p_read82"   --->   Operation 420 'read' 'p_read_827' <Predicate = true> <Delay = 0.00>
ST_1 : Operation 421 [1/1] (0.00ns)   --->   "%p_read_828 = read i45 @_ssdm_op_Read.ap_auto.i45, i45 %p_read81"   --->   Operation 421 'read' 'p_read_828' <Predicate = true> <Delay = 0.00>
ST_1 : Operation 422 [1/1] (0.00ns)   --->   "%p_read80518 = read i45 @_ssdm_op_Read.ap_auto.i45, i45 %p_read80"   --->   Operation 422 'read' 'p_read80518' <Predicate = true> <Delay = 0.00>
ST_1 : Operation 423 [1/1] (0.00ns)   --->   "%p_read_829 = read i45 @_ssdm_op_Read.ap_auto.i45, i45 %p_read79"   --->   Operation 423 'read' 'p_read_829' <Predicate = true> <Delay = 0.00>
ST_1 : Operation 424 [1/1] (0.00ns)   --->   "%p_read_830 = read i45 @_ssdm_op_Read.ap_auto.i45, i45 %p_read78"   --->   Operation 424 'read' 'p_read_830' <Predicate = true> <Delay = 0.00>
ST_1 : Operation 425 [1/1] (0.00ns)   --->   "%p_read_831 = read i45 @_ssdm_op_Read.ap_auto.i45, i45 %p_read77"   --->   Operation 425 'read' 'p_read_831' <Predicate = true> <Delay = 0.00>
ST_1 : Operation 426 [1/1] (0.00ns)   --->   "%p_read_832 = read i45 @_ssdm_op_Read.ap_auto.i45, i45 %p_read76"   --->   Operation 426 'read' 'p_read_832' <Predicate = true> <Delay = 0.00>
ST_1 : Operation 427 [1/1] (0.00ns)   --->   "%p_read_833 = read i45 @_ssdm_op_Read.ap_auto.i45, i45 %p_read75"   --->   Operation 427 'read' 'p_read_833' <Predicate = true> <Delay = 0.00>
ST_1 : Operation 428 [1/1] (0.00ns)   --->   "%p_read_834 = read i45 @_ssdm_op_Read.ap_auto.i45, i45 %p_read74"   --->   Operation 428 'read' 'p_read_834' <Predicate = true> <Delay = 0.00>
ST_1 : Operation 429 [1/1] (0.00ns)   --->   "%p_read_835 = read i45 @_ssdm_op_Read.ap_auto.i45, i45 %p_read73"   --->   Operation 429 'read' 'p_read_835' <Predicate = true> <Delay = 0.00>
ST_1 : Operation 430 [1/1] (0.00ns)   --->   "%p_read_836 = read i45 @_ssdm_op_Read.ap_auto.i45, i45 %p_read72"   --->   Operation 430 'read' 'p_read_836' <Predicate = true> <Delay = 0.00>
ST_1 : Operation 431 [1/1] (0.00ns)   --->   "%p_read_837 = read i45 @_ssdm_op_Read.ap_auto.i45, i45 %p_read71"   --->   Operation 431 'read' 'p_read_837' <Predicate = true> <Delay = 0.00>
ST_1 : Operation 432 [1/1] (0.00ns)   --->   "%p_read70508 = read i45 @_ssdm_op_Read.ap_auto.i45, i45 %p_read70"   --->   Operation 432 'read' 'p_read70508' <Predicate = true> <Delay = 0.00>
ST_1 : Operation 433 [1/1] (0.00ns)   --->   "%p_read_838 = read i45 @_ssdm_op_Read.ap_auto.i45, i45 %p_read69"   --->   Operation 433 'read' 'p_read_838' <Predicate = true> <Delay = 0.00>
ST_1 : Operation 434 [1/1] (0.00ns)   --->   "%p_read_839 = read i45 @_ssdm_op_Read.ap_auto.i45, i45 %p_read68"   --->   Operation 434 'read' 'p_read_839' <Predicate = true> <Delay = 0.00>
ST_1 : Operation 435 [1/1] (0.00ns)   --->   "%p_read_840 = read i45 @_ssdm_op_Read.ap_auto.i45, i45 %p_read67"   --->   Operation 435 'read' 'p_read_840' <Predicate = true> <Delay = 0.00>
ST_1 : Operation 436 [1/1] (0.00ns)   --->   "%p_read_841 = read i45 @_ssdm_op_Read.ap_auto.i45, i45 %p_read66"   --->   Operation 436 'read' 'p_read_841' <Predicate = true> <Delay = 0.00>
ST_1 : Operation 437 [1/1] (0.00ns)   --->   "%p_read_842 = read i45 @_ssdm_op_Read.ap_auto.i45, i45 %p_read65"   --->   Operation 437 'read' 'p_read_842' <Predicate = true> <Delay = 0.00>
ST_1 : Operation 438 [1/1] (0.00ns)   --->   "%p_read_843 = read i45 @_ssdm_op_Read.ap_auto.i45, i45 %p_read64"   --->   Operation 438 'read' 'p_read_843' <Predicate = true> <Delay = 0.00>
ST_1 : Operation 439 [1/1] (0.00ns)   --->   "%p_read_844 = read i45 @_ssdm_op_Read.ap_auto.i45, i45 %p_read63"   --->   Operation 439 'read' 'p_read_844' <Predicate = true> <Delay = 0.00>
ST_1 : Operation 440 [1/1] (0.00ns)   --->   "%p_read_845 = read i45 @_ssdm_op_Read.ap_auto.i45, i45 %p_read62"   --->   Operation 440 'read' 'p_read_845' <Predicate = true> <Delay = 0.00>
ST_1 : Operation 441 [1/1] (0.00ns)   --->   "%p_read_846 = read i45 @_ssdm_op_Read.ap_auto.i45, i45 %p_read61"   --->   Operation 441 'read' 'p_read_846' <Predicate = true> <Delay = 0.00>
ST_1 : Operation 442 [1/1] (0.00ns)   --->   "%p_read60498 = read i45 @_ssdm_op_Read.ap_auto.i45, i45 %p_read60"   --->   Operation 442 'read' 'p_read60498' <Predicate = true> <Delay = 0.00>
ST_1 : Operation 443 [1/1] (0.00ns)   --->   "%p_read_847 = read i45 @_ssdm_op_Read.ap_auto.i45, i45 %p_read59"   --->   Operation 443 'read' 'p_read_847' <Predicate = true> <Delay = 0.00>
ST_1 : Operation 444 [1/1] (0.00ns)   --->   "%p_read_848 = read i45 @_ssdm_op_Read.ap_auto.i45, i45 %p_read58"   --->   Operation 444 'read' 'p_read_848' <Predicate = true> <Delay = 0.00>
ST_1 : Operation 445 [1/1] (0.00ns)   --->   "%p_read_849 = read i45 @_ssdm_op_Read.ap_auto.i45, i45 %p_read57"   --->   Operation 445 'read' 'p_read_849' <Predicate = true> <Delay = 0.00>
ST_1 : Operation 446 [1/1] (0.00ns)   --->   "%p_read_850 = read i45 @_ssdm_op_Read.ap_auto.i45, i45 %p_read56"   --->   Operation 446 'read' 'p_read_850' <Predicate = true> <Delay = 0.00>
ST_1 : Operation 447 [1/1] (0.00ns)   --->   "%p_read_851 = read i45 @_ssdm_op_Read.ap_auto.i45, i45 %p_read55"   --->   Operation 447 'read' 'p_read_851' <Predicate = true> <Delay = 0.00>
ST_1 : Operation 448 [1/1] (0.00ns)   --->   "%p_read_852 = read i45 @_ssdm_op_Read.ap_auto.i45, i45 %p_read54"   --->   Operation 448 'read' 'p_read_852' <Predicate = true> <Delay = 0.00>
ST_1 : Operation 449 [1/1] (0.00ns)   --->   "%p_read_853 = read i45 @_ssdm_op_Read.ap_auto.i45, i45 %p_read53"   --->   Operation 449 'read' 'p_read_853' <Predicate = true> <Delay = 0.00>
ST_1 : Operation 450 [1/1] (0.00ns)   --->   "%p_read_854 = read i45 @_ssdm_op_Read.ap_auto.i45, i45 %p_read52"   --->   Operation 450 'read' 'p_read_854' <Predicate = true> <Delay = 0.00>
ST_1 : Operation 451 [1/1] (0.00ns)   --->   "%p_read_855 = read i45 @_ssdm_op_Read.ap_auto.i45, i45 %p_read51"   --->   Operation 451 'read' 'p_read_855' <Predicate = true> <Delay = 0.00>
ST_1 : Operation 452 [1/1] (0.00ns)   --->   "%p_read50488 = read i45 @_ssdm_op_Read.ap_auto.i45, i45 %p_read50"   --->   Operation 452 'read' 'p_read50488' <Predicate = true> <Delay = 0.00>
ST_1 : Operation 453 [1/1] (0.00ns)   --->   "%p_read_856 = read i45 @_ssdm_op_Read.ap_auto.i45, i45 %p_read37"   --->   Operation 453 'read' 'p_read_856' <Predicate = true> <Delay = 0.00>
ST_1 : Operation 454 [1/1] (0.00ns)   --->   "%p_read_857 = read i45 @_ssdm_op_Read.ap_auto.i45, i45 %p_read36"   --->   Operation 454 'read' 'p_read_857' <Predicate = true> <Delay = 0.00>
ST_1 : Operation 455 [1/1] (0.00ns)   --->   "%p_read_858 = read i45 @_ssdm_op_Read.ap_auto.i45, i45 %p_read35"   --->   Operation 455 'read' 'p_read_858' <Predicate = true> <Delay = 0.00>
ST_1 : Operation 456 [1/1] (0.00ns)   --->   "%p_read_859 = read i45 @_ssdm_op_Read.ap_auto.i45, i45 %p_read34"   --->   Operation 456 'read' 'p_read_859' <Predicate = true> <Delay = 0.00>
ST_1 : Operation 457 [1/1] (0.00ns)   --->   "%p_read_860 = read i45 @_ssdm_op_Read.ap_auto.i45, i45 %p_read33"   --->   Operation 457 'read' 'p_read_860' <Predicate = true> <Delay = 0.00>
ST_1 : Operation 458 [1/1] (0.00ns)   --->   "%p_read_861 = read i45 @_ssdm_op_Read.ap_auto.i45, i45 %p_read32"   --->   Operation 458 'read' 'p_read_861' <Predicate = true> <Delay = 0.00>
ST_1 : Operation 459 [1/1] (0.00ns)   --->   "%p_read_862 = read i45 @_ssdm_op_Read.ap_auto.i45, i45 %p_read31"   --->   Operation 459 'read' 'p_read_862' <Predicate = true> <Delay = 0.00>
ST_1 : Operation 460 [1/1] (0.00ns)   --->   "%p_read30480 = read i45 @_ssdm_op_Read.ap_auto.i45, i45 %p_read30"   --->   Operation 460 'read' 'p_read30480' <Predicate = true> <Delay = 0.00>
ST_1 : Operation 461 [1/1] (0.00ns)   --->   "%p_read_863 = read i45 @_ssdm_op_Read.ap_auto.i45, i45 %p_read29"   --->   Operation 461 'read' 'p_read_863' <Predicate = true> <Delay = 0.00>
ST_1 : Operation 462 [1/1] (0.00ns)   --->   "%p_read_864 = read i45 @_ssdm_op_Read.ap_auto.i45, i45 %p_read28"   --->   Operation 462 'read' 'p_read_864' <Predicate = true> <Delay = 0.00>
ST_1 : Operation 463 [1/1] (0.00ns)   --->   "%p_read_865 = read i45 @_ssdm_op_Read.ap_auto.i45, i45 %p_read27"   --->   Operation 463 'read' 'p_read_865' <Predicate = true> <Delay = 0.00>
ST_1 : Operation 464 [1/1] (0.00ns)   --->   "%p_read_866 = read i45 @_ssdm_op_Read.ap_auto.i45, i45 %p_read26"   --->   Operation 464 'read' 'p_read_866' <Predicate = true> <Delay = 0.00>
ST_1 : Operation 465 [1/1] (0.00ns)   --->   "%p_read_867 = read i45 @_ssdm_op_Read.ap_auto.i45, i45 %p_read25"   --->   Operation 465 'read' 'p_read_867' <Predicate = true> <Delay = 0.00>
ST_1 : Operation 466 [1/1] (0.00ns)   --->   "%p_read_868 = read i45 @_ssdm_op_Read.ap_auto.i45, i45 %p_read24"   --->   Operation 466 'read' 'p_read_868' <Predicate = true> <Delay = 0.00>
ST_1 : Operation 467 [1/1] (0.00ns)   --->   "%p_read_869 = read i45 @_ssdm_op_Read.ap_auto.i45, i45 %p_read23"   --->   Operation 467 'read' 'p_read_869' <Predicate = true> <Delay = 0.00>
ST_1 : Operation 468 [1/1] (0.00ns)   --->   "%p_read_870 = read i45 @_ssdm_op_Read.ap_auto.i45, i45 %p_read22"   --->   Operation 468 'read' 'p_read_870' <Predicate = true> <Delay = 0.00>
ST_1 : Operation 469 [1/1] (0.00ns)   --->   "%p_read_871 = read i45 @_ssdm_op_Read.ap_auto.i45, i45 %p_read21"   --->   Operation 469 'read' 'p_read_871' <Predicate = true> <Delay = 0.00>
ST_1 : Operation 470 [1/1] (0.00ns)   --->   "%p_read20470 = read i45 @_ssdm_op_Read.ap_auto.i45, i45 %p_read20"   --->   Operation 470 'read' 'p_read20470' <Predicate = true> <Delay = 0.00>
ST_1 : Operation 471 [1/1] (0.00ns)   --->   "%p_read_872 = read i45 @_ssdm_op_Read.ap_auto.i45, i45 %p_read19"   --->   Operation 471 'read' 'p_read_872' <Predicate = true> <Delay = 0.00>
ST_1 : Operation 472 [1/1] (0.00ns)   --->   "%p_read_873 = read i45 @_ssdm_op_Read.ap_auto.i45, i45 %p_read18"   --->   Operation 472 'read' 'p_read_873' <Predicate = true> <Delay = 0.00>
ST_1 : Operation 473 [1/1] (0.00ns)   --->   "%p_read_874 = read i45 @_ssdm_op_Read.ap_auto.i45, i45 %p_read17"   --->   Operation 473 'read' 'p_read_874' <Predicate = true> <Delay = 0.00>
ST_1 : Operation 474 [1/1] (0.00ns)   --->   "%p_read_875 = read i45 @_ssdm_op_Read.ap_auto.i45, i45 %p_read16"   --->   Operation 474 'read' 'p_read_875' <Predicate = true> <Delay = 0.00>
ST_1 : Operation 475 [1/1] (0.00ns)   --->   "%p_read_876 = read i45 @_ssdm_op_Read.ap_auto.i45, i45 %p_read15"   --->   Operation 475 'read' 'p_read_876' <Predicate = true> <Delay = 0.00>
ST_1 : Operation 476 [1/1] (0.00ns)   --->   "%p_read_877 = read i45 @_ssdm_op_Read.ap_auto.i45, i45 %p_read14"   --->   Operation 476 'read' 'p_read_877' <Predicate = true> <Delay = 0.00>
ST_1 : Operation 477 [1/1] (0.00ns)   --->   "%p_read_878 = read i45 @_ssdm_op_Read.ap_auto.i45, i45 %p_read13"   --->   Operation 477 'read' 'p_read_878' <Predicate = true> <Delay = 0.00>
ST_1 : Operation 478 [1/1] (0.00ns)   --->   "%p_read_879 = read i45 @_ssdm_op_Read.ap_auto.i45, i45 %p_read12"   --->   Operation 478 'read' 'p_read_879' <Predicate = true> <Delay = 0.00>
ST_1 : Operation 479 [1/1] (0.00ns)   --->   "%p_read_880 = read i45 @_ssdm_op_Read.ap_auto.i45, i45 %p_read11"   --->   Operation 479 'read' 'p_read_880' <Predicate = true> <Delay = 0.00>
ST_1 : Operation 480 [1/1] (0.00ns)   --->   "%p_read10460 = read i45 @_ssdm_op_Read.ap_auto.i45, i45 %p_read10"   --->   Operation 480 'read' 'p_read10460' <Predicate = true> <Delay = 0.00>
ST_1 : Operation 481 [1/1] (0.00ns)   --->   "%p_read9459 = read i45 @_ssdm_op_Read.ap_auto.i45, i45 %p_read9"   --->   Operation 481 'read' 'p_read9459' <Predicate = true> <Delay = 0.00>
ST_1 : Operation 482 [1/1] (0.00ns)   --->   "%p_read8458 = read i45 @_ssdm_op_Read.ap_auto.i45, i45 %p_read8"   --->   Operation 482 'read' 'p_read8458' <Predicate = true> <Delay = 0.00>
ST_1 : Operation 483 [1/1] (0.00ns)   --->   "%p_read7457 = read i45 @_ssdm_op_Read.ap_auto.i45, i45 %p_read7"   --->   Operation 483 'read' 'p_read7457' <Predicate = true> <Delay = 0.00>
ST_1 : Operation 484 [1/1] (0.00ns)   --->   "%p_read6456 = read i45 @_ssdm_op_Read.ap_auto.i45, i45 %p_read6"   --->   Operation 484 'read' 'p_read6456' <Predicate = true> <Delay = 0.00>
ST_1 : Operation 485 [1/1] (0.00ns)   --->   "%p_read5455 = read i45 @_ssdm_op_Read.ap_auto.i45, i45 %p_read5"   --->   Operation 485 'read' 'p_read5455' <Predicate = true> <Delay = 0.00>
ST_1 : Operation 486 [1/1] (0.00ns)   --->   "%p_read4454 = read i45 @_ssdm_op_Read.ap_auto.i45, i45 %p_read4"   --->   Operation 486 'read' 'p_read4454' <Predicate = true> <Delay = 0.00>
ST_1 : Operation 487 [1/1] (0.00ns)   --->   "%p_read3453 = read i45 @_ssdm_op_Read.ap_auto.i45, i45 %p_read3"   --->   Operation 487 'read' 'p_read3453' <Predicate = true> <Delay = 0.00>
ST_1 : Operation 488 [1/1] (0.00ns)   --->   "%p_read2452 = read i45 @_ssdm_op_Read.ap_auto.i45, i45 %p_read2"   --->   Operation 488 'read' 'p_read2452' <Predicate = true> <Delay = 0.00>
ST_1 : Operation 489 [1/1] (0.00ns)   --->   "%p_read1451 = read i45 @_ssdm_op_Read.ap_auto.i45, i45 %p_read1"   --->   Operation 489 'read' 'p_read1451' <Predicate = true> <Delay = 0.00>
ST_1 : Operation 490 [1/1] (0.00ns)   --->   "%p_read450 = read i45 @_ssdm_op_Read.ap_auto.i45, i45 %p_read"   --->   Operation 490 'read' 'p_read450' <Predicate = true> <Delay = 0.00>
ST_1 : Operation 491 [1/1] (0.00ns)   --->   "%zext_ln39_read = read i1 @_ssdm_op_Read.ap_auto.i1, i1 %zext_ln39"   --->   Operation 491 'read' 'zext_ln39_read' <Predicate = true> <Delay = 0.00>
ST_1 : Operation 492 [1/1] (0.42ns)   --->   "%store_ln0 = store i8 0, i8 %indvar_flatten71"   --->   Operation 492 'store' 'store_ln0' <Predicate = true> <Delay = 0.42>
ST_1 : Operation 493 [1/1] (0.42ns)   --->   "%store_ln53 = store i4 0, i4 %s_oh" [./conv.h:53->top_wrapper.cpp:123]   --->   Operation 493 'store' 'store_ln53' <Predicate = true> <Delay = 0.42>
ST_1 : Operation 494 [1/1] (0.42ns)   --->   "%store_ln0 = store i6 0, i6 %indvar_flatten55"   --->   Operation 494 'store' 'store_ln0' <Predicate = true> <Delay = 0.42>
ST_1 : Operation 495 [1/1] (0.42ns)   --->   "%store_ln54 = store i4 0, i4 %s_ow" [./conv.h:54->top_wrapper.cpp:123]   --->   Operation 495 'store' 'store_ln54' <Predicate = true> <Delay = 0.42>
ST_1 : Operation 496 [1/1] (0.42ns)   --->   "%store_ln27 = store i2 0, i2 %s_fil_i_depth" [./conv.h:27->top_wrapper.cpp:123]   --->   Operation 496 'store' 'store_ln27' <Predicate = true> <Delay = 0.42>
ST_1 : Operation 497 [1/1] (0.42ns)   --->   "%store_ln55 = store i45 0, i45 %sum" [./conv.h:55->top_wrapper.cpp:123]   --->   Operation 497 'store' 'store_ln55' <Predicate = true> <Delay = 0.42>
ST_1 : Operation 498 [1/1] (0.00ns)   --->   "%br_ln0 = br void %L3_bis.i"   --->   Operation 498 'br' 'br_ln0' <Predicate = true> <Delay = 0.00>
ST_1 : Operation 499 [1/1] (0.00ns)   --->   "%indvar_flatten55_load = load i6 %indvar_flatten55" [./conv.h:54->top_wrapper.cpp:123]   --->   Operation 499 'load' 'indvar_flatten55_load' <Predicate = true> <Delay = 0.00>
ST_1 : Operation 500 [1/1] (0.00ns)   --->   "%indvar_flatten71_load = load i8 %indvar_flatten71" [./conv.h:53->top_wrapper.cpp:123]   --->   Operation 500 'load' 'indvar_flatten71_load' <Predicate = true> <Delay = 0.00>
ST_1 : Operation 501 [1/1] (0.76ns)   --->   "%icmp_ln53 = icmp_eq  i8 %indvar_flatten71_load, i8 242" [./conv.h:53->top_wrapper.cpp:123]   --->   Operation 501 'icmp' 'icmp_ln53' <Predicate = true> <Delay = 0.76> <CoreInst = "Cmp">   --->   Core 9 'Cmp' <Latency = 0> <II = 1> <Delay = 0.76> <FuncUnit> <Opcode : 'seteq' 'setne' 'setle' 'setge' 'setlt' 'setgt'> <InPorts = 2> <OutPorts = 1>
ST_1 : Operation 502 [1/1] (0.76ns)   --->   "%add_ln53 = add i8 %indvar_flatten71_load, i8 1" [./conv.h:53->top_wrapper.cpp:123]   --->   Operation 502 'add' 'add_ln53' <Predicate = true> <Delay = 0.76> <CoreInst = "Adder">   --->   Core 1 'Adder' <Latency = 0> <II = 1> <Delay = 0.76> <FuncUnit> <Opcode : 'add' 'sub'> <InPorts = 2> <OutPorts = 1>
ST_1 : Operation 503 [1/1] (0.00ns)   --->   "%br_ln53 = br i1 %icmp_ln53, void %for.inc159.i, void %for.inc162.i.exitStub" [./conv.h:53->top_wrapper.cpp:123]   --->   Operation 503 'br' 'br_ln53' <Predicate = true> <Delay = 0.00>
ST_1 : Operation 504 [1/1] (0.00ns)   --->   "%s_oh_load = load i4 %s_oh"   --->   Operation 504 'load' 's_oh_load' <Predicate = (!icmp_ln53)> <Delay = 0.00>
ST_1 : Operation 505 [1/1] (0.78ns)   --->   "%icmp_ln54 = icmp_eq  i6 %indvar_flatten55_load, i6 22" [./conv.h:54->top_wrapper.cpp:123]   --->   Operation 505 'icmp' 'icmp_ln54' <Predicate = (!icmp_ln53)> <Delay = 0.78> <CoreInst = "Cmp">   --->   Core 9 'Cmp' <Latency = 0> <II = 1> <Delay = 0.78> <FuncUnit> <Opcode : 'seteq' 'setne' 'setle' 'setge' 'setlt' 'setgt'> <InPorts = 2> <OutPorts = 1>
ST_1 : Operation 506 [1/1] (0.79ns)   --->   "%s_oh_1_mid1 = add i4 %s_oh_load, i4 2"   --->   Operation 506 'add' 's_oh_1_mid1' <Predicate = (!icmp_ln53)> <Delay = 0.79> <CoreInst = "Adder">   --->   Core 1 'Adder' <Latency = 0> <II = 1> <Delay = 0.79> <FuncUnit> <Opcode : 'add' 'sub'> <InPorts = 2> <OutPorts = 1>
ST_1 : Operation 507 [1/1] (0.79ns)   --->   "%s_oh_18 = add i4 %s_oh_load, i4 1"   --->   Operation 507 'add' 's_oh_18' <Predicate = (!icmp_ln53)> <Delay = 0.79> <CoreInst = "Adder">   --->   Core 1 'Adder' <Latency = 0> <II = 1> <Delay = 0.79> <FuncUnit> <Opcode : 'add' 'sub'> <InPorts = 2> <OutPorts = 1>
ST_1 : Operation 508 [1/1] (0.39ns)   --->   "%select_ln53_1 = select i1 %icmp_ln54, i4 %s_oh_1_mid1, i4 %s_oh_18" [./conv.h:53->top_wrapper.cpp:123]   --->   Operation 508 'select' 'select_ln53_1' <Predicate = (!icmp_ln53)> <Delay = 0.39> <CoreInst = "Sel">   --->   Core 73 'Sel' <Latency = 0> <II = 1> <Delay = 0.39> <FuncUnit> <Opcode : 'select'> <InPorts = 3> <OutPorts = 1>
ST_1 : Operation 509 [1/1] (0.39ns)   --->   "%select_ln53_3 = select i1 %icmp_ln54, i4 %s_oh_18, i4 %s_oh_load" [./conv.h:53->top_wrapper.cpp:123]   --->   Operation 509 'select' 'select_ln53_3' <Predicate = (!icmp_ln53)> <Delay = 0.39> <CoreInst = "Sel">   --->   Core 73 'Sel' <Latency = 0> <II = 1> <Delay = 0.39> <FuncUnit> <Opcode : 'select'> <InPorts = 3> <OutPorts = 1>
ST_1 : Operation 510 [1/1] (0.00ns)   --->   "%select_ln53_1_cast = zext i4 %select_ln53_1" [./conv.h:53->top_wrapper.cpp:123]   --->   Operation 510 'zext' 'select_ln53_1_cast' <Predicate = (!icmp_ln53)> <Delay = 0.00>
ST_1 : Operation 511 [1/1] (1.23ns)   --->   "%mul87 = mul i9 %select_ln53_1_cast, i9 22" [./conv.h:53->top_wrapper.cpp:123]   --->   Operation 511 'mul' 'mul87' <Predicate = (!icmp_ln53)> <Delay = 1.23> <CoreInst = "Multiplier">   --->   Core 3 'Multiplier' <Latency = 0> <II = 1> <Delay = 1.23> <FuncUnit> <Opcode : 'mul'> <InPorts = 2> <OutPorts = 1>
ST_1 : Operation 512 [1/1] (0.00ns)   --->   "%tmp_9 = partselect i3 @_ssdm_op_PartSelect.i3.i9.i32.i32, i9 %mul87, i32 6, i32 8" [./conv.h:53->top_wrapper.cpp:123]   --->   Operation 512 'partselect' 'tmp_9' <Predicate = (!icmp_ln53)> <Delay = 0.00>
ST_1 : Operation 513 [1/1] (0.78ns)   --->   "%add_ln54_4 = add i6 %indvar_flatten55_load, i6 1" [./conv.h:54->top_wrapper.cpp:123]   --->   Operation 513 'add' 'add_ln54_4' <Predicate = (!icmp_ln53)> <Delay = 0.78> <CoreInst = "Adder">   --->   Core 1 'Adder' <Latency = 0> <II = 1> <Delay = 0.78> <FuncUnit> <Opcode : 'add' 'sub'> <InPorts = 2> <OutPorts = 1>
ST_1 : Operation 514 [1/1] (0.38ns)   --->   "%select_ln54_1 = select i1 %icmp_ln54, i6 1, i6 %add_ln54_4" [./conv.h:54->top_wrapper.cpp:123]   --->   Operation 514 'select' 'select_ln54_1' <Predicate = (!icmp_ln53)> <Delay = 0.38> <CoreInst = "Sel">   --->   Core 73 'Sel' <Latency = 0> <II = 1> <Delay = 0.38> <FuncUnit> <Opcode : 'select'> <InPorts = 3> <OutPorts = 1>
ST_1 : Operation 515 [1/1] (0.42ns)   --->   "%store_ln53 = store i8 %add_ln53, i8 %indvar_flatten71" [./conv.h:53->top_wrapper.cpp:123]   --->   Operation 515 'store' 'store_ln53' <Predicate = (!icmp_ln53)> <Delay = 0.42>
ST_1 : Operation 516 [1/1] (0.42ns)   --->   "%store_ln53 = store i4 %select_ln53_3, i4 %s_oh" [./conv.h:53->top_wrapper.cpp:123]   --->   Operation 516 'store' 'store_ln53' <Predicate = (!icmp_ln53)> <Delay = 0.42>
ST_1 : Operation 517 [1/1] (0.42ns)   --->   "%store_ln54 = store i6 %select_ln54_1, i6 %indvar_flatten55" [./conv.h:54->top_wrapper.cpp:123]   --->   Operation 517 'store' 'store_ln54' <Predicate = (!icmp_ln53)> <Delay = 0.42>

State 2 <SV = 1> <Delay = 2.90>
ST_2 : Operation 518 [1/1] (0.00ns)   --->   "%zext_ln53 = zext i4 %select_ln53_3" [./conv.h:53->top_wrapper.cpp:123]   --->   Operation 518 'zext' 'zext_ln53' <Predicate = true> <Delay = 0.00>
ST_2 : Operation 519 [1/1] (0.00ns)   --->   "%p_shl2 = bitconcatenate i6 @_ssdm_op_BitConcatenate.i6.i4.i2, i4 %select_ln53_3, i2 0" [./conv.h:53->top_wrapper.cpp:123]   --->   Operation 519 'bitconcatenate' 'p_shl2' <Predicate = true> <Delay = 0.00>
ST_2 : Operation 520 [1/1] (0.78ns)   --->   "%mul89_i = sub i6 %p_shl2, i6 %zext_ln53" [./conv.h:53->top_wrapper.cpp:123]   --->   Operation 520 'sub' 'mul89_i' <Predicate = true> <Delay = 0.78> <CoreInst = "Adder">   --->   Core 1 'Adder' <Latency = 0> <II = 1> <Delay = 0.78> <FuncUnit> <Opcode : 'add' 'sub'> <InPorts = 2> <OutPorts = 1>
ST_2 : Operation 521 [1/1] (0.78ns)   --->   "%empty_50 = add i6 %mul89_i, i6 6" [./conv.h:53->top_wrapper.cpp:123]   --->   Operation 521 'add' 'empty_50' <Predicate = true> <Delay = 0.78> <CoreInst = "Adder">   --->   Core 1 'Adder' <Latency = 0> <II = 1> <Delay = 0.78> <FuncUnit> <Opcode : 'add' 'sub'> <InPorts = 2> <OutPorts = 1>
ST_2 : Operation 522 [1/1] (0.78ns)   --->   "%empty_51 = add i6 %mul89_i, i6 3" [./conv.h:53->top_wrapper.cpp:123]   --->   Operation 522 'add' 'empty_51' <Predicate = true> <Delay = 0.78> <CoreInst = "Adder">   --->   Core 1 'Adder' <Latency = 0> <II = 1> <Delay = 0.78> <FuncUnit> <Opcode : 'add' 'sub'> <InPorts = 2> <OutPorts = 1>
ST_2 : Operation 523 [10/10] (1.33ns)   --->   "%rem92_1104441_i = urem i6 %empty_51, i6 9" [./conv.h:53->top_wrapper.cpp:123]   --->   Operation 523 'urem' 'rem92_1104441_i' <Predicate = true> <Delay = 1.33> <CoreInst = "Divider">   --->   Core 6 'Divider' <Latency = 9> <II = 1> <Delay = 1.33> <FuncUnit> <Opcode : 'udiv' 'sdiv' 'urem' 'srem'> <InPorts = 2> <OutPorts = 1>
ST_2 : Operation 524 [10/10] (1.33ns)   --->   "%rem92_2212376_i = urem i6 %empty_50, i6 9" [./conv.h:53->top_wrapper.cpp:123]   --->   Operation 524 'urem' 'rem92_2212376_i' <Predicate = true> <Delay = 1.33> <CoreInst = "Divider">   --->   Core 6 'Divider' <Latency = 9> <II = 1> <Delay = 1.33> <FuncUnit> <Opcode : 'udiv' 'sdiv' 'urem' 'srem'> <InPorts = 2> <OutPorts = 1>

State 3 <SV = 2> <Delay = 1.33>
ST_3 : Operation 525 [9/10] (1.33ns)   --->   "%rem92_1104441_i = urem i6 %empty_51, i6 9" [./conv.h:53->top_wrapper.cpp:123]   --->   Operation 525 'urem' 'rem92_1104441_i' <Predicate = true> <Delay = 1.33> <CoreInst = "Divider">   --->   Core 6 'Divider' <Latency = 9> <II = 1> <Delay = 1.33> <FuncUnit> <Opcode : 'udiv' 'sdiv' 'urem' 'srem'> <InPorts = 2> <OutPorts = 1>
ST_3 : Operation 526 [9/10] (1.33ns)   --->   "%rem92_2212376_i = urem i6 %empty_50, i6 9" [./conv.h:53->top_wrapper.cpp:123]   --->   Operation 526 'urem' 'rem92_2212376_i' <Predicate = true> <Delay = 1.33> <CoreInst = "Divider">   --->   Core 6 'Divider' <Latency = 9> <II = 1> <Delay = 1.33> <FuncUnit> <Opcode : 'udiv' 'sdiv' 'urem' 'srem'> <InPorts = 2> <OutPorts = 1>

State 4 <SV = 3> <Delay = 3.60>
ST_4 : Operation 527 [1/1] (0.00ns)   --->   "%s_fil_i_depth_load = load i2 %s_fil_i_depth" [./conv.h:56->top_wrapper.cpp:123]   --->   Operation 527 'load' 's_fil_i_depth_load' <Predicate = true> <Delay = 0.00>
ST_4 : Operation 528 [1/1] (0.00ns)   --->   "%s_ow_load = load i4 %s_ow" [./conv.h:54->top_wrapper.cpp:123]   --->   Operation 528 'load' 's_ow_load' <Predicate = true> <Delay = 0.00>
ST_4 : Operation 529 [1/1] (0.39ns)   --->   "%select_ln53 = select i1 %icmp_ln54, i4 0, i4 %s_ow_load" [./conv.h:53->top_wrapper.cpp:123]   --->   Operation 529 'select' 'select_ln53' <Predicate = true> <Delay = 0.39> <CoreInst = "Sel">   --->   Core 73 'Sel' <Latency = 0> <II = 1> <Delay = 0.39> <FuncUnit> <Opcode : 'select'> <InPorts = 3> <OutPorts = 1>
ST_4 : Operation 530 [1/1] (0.79ns)   --->   "%add_ln54_1 = add i4 %s_ow_load, i4 1" [./conv.h:54->top_wrapper.cpp:123]   --->   Operation 530 'add' 'add_ln54_1' <Predicate = (!icmp_ln54)> <Delay = 0.79> <CoreInst = "Adder">   --->   Core 1 'Adder' <Latency = 0> <II = 1> <Delay = 0.79> <FuncUnit> <Opcode : 'add' 'sub'> <InPorts = 2> <OutPorts = 1>
ST_4 : Operation 531 [1/1] (0.00ns) (grouped into LUT with out node s_ow_1_mid2)   --->   "%select_ln53_2 = select i1 %icmp_ln54, i4 1, i4 %add_ln54_1" [./conv.h:53->top_wrapper.cpp:123]   --->   Operation 531 'select' 'select_ln53_2' <Predicate = true> <Delay = 0.00> <CoreInst = "Sel">   --->   Core 73 'Sel' <Latency = 0> <II = 1> <Delay = 0.39> <FuncUnit> <Opcode : 'select'> <InPorts = 3> <OutPorts = 1>
ST_4 : Operation 532 [1/1] (0.00ns) (grouped into LUT with out node and_ln53)   --->   "%xor_ln53 = xor i1 %icmp_ln54, i1 1" [./conv.h:53->top_wrapper.cpp:123]   --->   Operation 532 'xor' 'xor_ln53' <Predicate = true> <Delay = 0.00> <CoreInst = "LogicGate">   --->   Core 74 'LogicGate' <Latency = 0> <II = 1> <Delay = 0.28> <FuncUnit> <Opcode : 'and' 'or' 'xor'> <InPorts = 2> <OutPorts = 1>
ST_4 : Operation 533 [1/1] (0.54ns)   --->   "%icmp_ln56 = icmp_eq  i2 %s_fil_i_depth_load, i2 2" [./conv.h:56->top_wrapper.cpp:123]   --->   Operation 533 'icmp' 'icmp_ln56' <Predicate = true> <Delay = 0.54> <CoreInst = "Cmp">   --->   Core 9 'Cmp' <Latency = 0> <II = 1> <Delay = 0.54> <FuncUnit> <Opcode : 'seteq' 'setne' 'setle' 'setge' 'setlt' 'setgt'> <InPorts = 2> <OutPorts = 1>
ST_4 : Operation 534 [1/1] (0.28ns) (out node of the LUT)   --->   "%and_ln53 = and i1 %icmp_ln56, i1 %xor_ln53" [./conv.h:53->top_wrapper.cpp:123]   --->   Operation 534 'and' 'and_ln53' <Predicate = true> <Delay = 0.28> <CoreInst = "LogicGate">   --->   Core 74 'LogicGate' <Latency = 0> <II = 1> <Delay = 0.28> <FuncUnit> <Opcode : 'and' 'or' 'xor'> <InPorts = 2> <OutPorts = 1>
ST_4 : Operation 535 [1/1] (0.79ns)   --->   "%add_ln54_2 = add i4 %select_ln53, i4 1" [./conv.h:54->top_wrapper.cpp:123]   --->   Operation 535 'add' 'add_ln54_2' <Predicate = true> <Delay = 0.79> <CoreInst = "Adder">   --->   Core 1 'Adder' <Latency = 0> <II = 1> <Delay = 0.79> <FuncUnit> <Opcode : 'add' 'sub'> <InPorts = 2> <OutPorts = 1>
ST_4 : Operation 536 [1/1] (0.28ns)   --->   "%empty = or i1 %and_ln53, i1 %icmp_ln54" [./conv.h:53->top_wrapper.cpp:123]   --->   Operation 536 'or' 'empty' <Predicate = true> <Delay = 0.28> <CoreInst = "LogicGate">   --->   Core 74 'LogicGate' <Latency = 0> <II = 1> <Delay = 0.28> <FuncUnit> <Opcode : 'and' 'or' 'xor'> <InPorts = 2> <OutPorts = 1>
ST_4 : Operation 537 [1/1] (0.17ns)   --->   "%s_ich_1_mid2 = select i1 %empty, i2 0, i2 %s_fil_i_depth_load" [./conv.h:53->top_wrapper.cpp:123]   --->   Operation 537 'select' 's_ich_1_mid2' <Predicate = true> <Delay = 0.17> <CoreInst = "Sel">   --->   Core 73 'Sel' <Latency = 0> <II = 1> <Delay = 0.17> <FuncUnit> <Opcode : 'select'> <InPorts = 3> <OutPorts = 1>
ST_4 : Operation 538 [1/1] (0.79ns)   --->   "%add_ln54_3 = add i4 %select_ln53, i4 2" [./conv.h:54->top_wrapper.cpp:123]   --->   Operation 538 'add' 'add_ln54_3' <Predicate = true> <Delay = 0.79> <CoreInst = "Adder">   --->   Core 1 'Adder' <Latency = 0> <II = 1> <Delay = 0.79> <FuncUnit> <Opcode : 'add' 'sub'> <InPorts = 2> <OutPorts = 1>
ST_4 : Operation 539 [1/1] (0.39ns) (out node of the LUT)   --->   "%s_ow_1_mid2 = select i1 %and_ln53, i4 %add_ln54_3, i4 %select_ln53_2" [./conv.h:53->top_wrapper.cpp:123]   --->   Operation 539 'select' 's_ow_1_mid2' <Predicate = true> <Delay = 0.39> <CoreInst = "Sel">   --->   Core 73 'Sel' <Latency = 0> <II = 1> <Delay = 0.39> <FuncUnit> <Opcode : 'select'> <InPorts = 3> <OutPorts = 1>
ST_4 : Operation 540 [1/1] (0.39ns)   --->   "%select_ln54 = select i1 %and_ln53, i4 %add_ln54_2, i4 %select_ln53" [./conv.h:54->top_wrapper.cpp:123]   --->   Operation 540 'select' 'select_ln54' <Predicate = true> <Delay = 0.39> <CoreInst = "Sel">   --->   Core 73 'Sel' <Latency = 0> <II = 1> <Delay = 0.39> <FuncUnit> <Opcode : 'select'> <InPorts = 3> <OutPorts = 1>
ST_4 : Operation 541 [8/8] (0.78ns)   --->   "%rem11492_i = urem i4 %select_ln53_3, i4 5" [./conv.h:53->top_wrapper.cpp:123]   --->   Operation 541 'urem' 'rem11492_i' <Predicate = true> <Delay = 0.78> <CoreInst = "Divider">   --->   Core 6 'Divider' <Latency = 7> <II = 1> <Delay = 0.78> <FuncUnit> <Opcode : 'udiv' 'sdiv' 'urem' 'srem'> <InPorts = 2> <OutPorts = 1>
ST_4 : Operation 542 [8/8] (0.78ns)   --->   "%rem9295_i = urem i4 %select_ln53_3, i4 3" [./conv.h:53->top_wrapper.cpp:123]   --->   Operation 542 'urem' 'rem9295_i' <Predicate = true> <Delay = 0.78> <CoreInst = "Divider">   --->   Core 6 'Divider' <Latency = 7> <II = 1> <Delay = 0.78> <FuncUnit> <Opcode : 'udiv' 'sdiv' 'urem' 'srem'> <InPorts = 2> <OutPorts = 1>
ST_4 : Operation 543 [8/10] (1.33ns)   --->   "%rem92_1104441_i = urem i6 %empty_51, i6 9" [./conv.h:53->top_wrapper.cpp:123]   --->   Operation 543 'urem' 'rem92_1104441_i' <Predicate = true> <Delay = 1.33> <CoreInst = "Divider">   --->   Core 6 'Divider' <Latency = 9> <II = 1> <Delay = 1.33> <FuncUnit> <Opcode : 'udiv' 'sdiv' 'urem' 'srem'> <InPorts = 2> <OutPorts = 1>
ST_4 : Operation 544 [8/10] (1.33ns)   --->   "%rem92_2212376_i = urem i6 %empty_50, i6 9" [./conv.h:53->top_wrapper.cpp:123]   --->   Operation 544 'urem' 'rem92_2212376_i' <Predicate = true> <Delay = 1.33> <CoreInst = "Divider">   --->   Core 6 'Divider' <Latency = 9> <II = 1> <Delay = 1.33> <FuncUnit> <Opcode : 'udiv' 'sdiv' 'urem' 'srem'> <InPorts = 2> <OutPorts = 1>
ST_4 : Operation 545 [1/1] (0.79ns)   --->   "%add_ln54 = add i4 %select_ln54, i4 2" [./conv.h:54->top_wrapper.cpp:123]   --->   Operation 545 'add' 'add_ln54' <Predicate = true> <Delay = 0.79> <CoreInst = "Adder">   --->   Core 1 'Adder' <Latency = 0> <II = 1> <Delay = 0.79> <FuncUnit> <Opcode : 'add' 'sub'> <InPorts = 2> <OutPorts = 1>
ST_4 : Operation 546 [8/8] (0.78ns)   --->   "%rem_i = urem i4 %select_ln54, i4 3" [./conv.h:54->top_wrapper.cpp:123]   --->   Operation 546 'urem' 'rem_i' <Predicate = true> <Delay = 0.78> <CoreInst = "Divider">   --->   Core 6 'Divider' <Latency = 7> <II = 1> <Delay = 0.78> <FuncUnit> <Opcode : 'udiv' 'sdiv' 'urem' 'srem'> <InPorts = 2> <OutPorts = 1>
ST_4 : Operation 547 [1/1] (0.00ns)   --->   "%s_ow_1_mid2_cast = zext i4 %s_ow_1_mid2" [./conv.h:53->top_wrapper.cpp:123]   --->   Operation 547 'zext' 's_ow_1_mid2_cast' <Predicate = true> <Delay = 0.00>
ST_4 : Operation 548 [1/1] (1.23ns)   --->   "%mul78 = mul i9 %s_ow_1_mid2_cast, i9 22" [./conv.h:53->top_wrapper.cpp:123]   --->   Operation 548 'mul' 'mul78' <Predicate = true> <Delay = 1.23> <CoreInst = "Multiplier">   --->   Core 3 'Multiplier' <Latency = 0> <II = 1> <Delay = 1.23> <FuncUnit> <Opcode : 'mul'> <InPorts = 2> <OutPorts = 1>
ST_4 : Operation 549 [1/1] (0.00ns)   --->   "%tmp_1 = partselect i2 @_ssdm_op_PartSelect.i2.i9.i32.i32, i9 %mul78, i32 6, i32 7" [./conv.h:53->top_wrapper.cpp:123]   --->   Operation 549 'partselect' 'tmp_1' <Predicate = true> <Delay = 0.00>
ST_4 : Operation 550 [8/8] (0.78ns)   --->   "%rem_12032119_i = urem i4 %s_ow_1_mid2, i4 3" [./conv.h:53->top_wrapper.cpp:123]   --->   Operation 550 'urem' 'rem_12032119_i' <Predicate = true> <Delay = 0.78> <CoreInst = "Divider">   --->   Core 6 'Divider' <Latency = 7> <II = 1> <Delay = 0.78> <FuncUnit> <Opcode : 'udiv' 'sdiv' 'urem' 'srem'> <InPorts = 2> <OutPorts = 1>
ST_4 : Operation 551 [1/1] (0.00ns)   --->   "%add_ln54_cast = zext i4 %add_ln54" [./conv.h:54->top_wrapper.cpp:123]   --->   Operation 551 'zext' 'add_ln54_cast' <Predicate = true> <Delay = 0.00>
ST_4 : Operation 552 [1/1] (1.23ns)   --->   "%mul75 = mul i9 %add_ln54_cast, i9 22" [./conv.h:54->top_wrapper.cpp:123]   --->   Operation 552 'mul' 'mul75' <Predicate = true> <Delay = 1.23> <CoreInst = "Multiplier">   --->   Core 3 'Multiplier' <Latency = 0> <II = 1> <Delay = 1.23> <FuncUnit> <Opcode : 'mul'> <InPorts = 2> <OutPorts = 1>
ST_4 : Operation 553 [1/1] (0.00ns)   --->   "%tmp_2 = partselect i3 @_ssdm_op_PartSelect.i3.i9.i32.i32, i9 %mul75, i32 6, i32 8" [./conv.h:54->top_wrapper.cpp:123]   --->   Operation 553 'partselect' 'tmp_2' <Predicate = true> <Delay = 0.00>
ST_4 : Operation 554 [8/8] (0.78ns)   --->   "%rem_24667530_i = urem i4 %add_ln54, i4 3" [./conv.h:54->top_wrapper.cpp:123]   --->   Operation 554 'urem' 'rem_24667530_i' <Predicate = true> <Delay = 0.78> <CoreInst = "Divider">   --->   Core 6 'Divider' <Latency = 7> <II = 1> <Delay = 0.78> <FuncUnit> <Opcode : 'udiv' 'sdiv' 'urem' 'srem'> <InPorts = 2> <OutPorts = 1>
ST_4 : Operation 555 [1/1] (0.54ns)   --->   "%add_ln56 = add i2 %s_ich_1_mid2, i2 1" [./conv.h:56->top_wrapper.cpp:123]   --->   Operation 555 'add' 'add_ln56' <Predicate = true> <Delay = 0.54> <CoreInst = "Adder">   --->   Core 1 'Adder' <Latency = 0> <II = 1> <Delay = 0.54> <FuncUnit> <Opcode : 'add' 'sub'> <InPorts = 2> <OutPorts = 1>
ST_4 : Operation 556 [1/1] (0.54ns)   --->   "%icmp_ln56_1 = icmp_eq  i2 %add_ln56, i2 2" [./conv.h:56->top_wrapper.cpp:123]   --->   Operation 556 'icmp' 'icmp_ln56_1' <Predicate = true> <Delay = 0.54> <CoreInst = "Cmp">   --->   Core 9 'Cmp' <Latency = 0> <II = 1> <Delay = 0.54> <FuncUnit> <Opcode : 'seteq' 'setne' 'setle' 'setge' 'setlt' 'setgt'> <InPorts = 2> <OutPorts = 1>
ST_4 : Operation 557 [8/8] (0.78ns)   --->   "%rem112_i = urem i4 %select_ln54, i4 5" [./conv.h:54->top_wrapper.cpp:123]   --->   Operation 557 'urem' 'rem112_i' <Predicate = true> <Delay = 0.78> <CoreInst = "Divider">   --->   Core 6 'Divider' <Latency = 7> <II = 1> <Delay = 0.78> <FuncUnit> <Opcode : 'udiv' 'sdiv' 'urem' 'srem'> <InPorts = 2> <OutPorts = 1>
ST_4 : Operation 558 [1/1] (0.00ns)   --->   "%br_ln56 = br i1 %icmp_ln56_1, void %new.latch.L3_bis.split.i, void %last.iter.L3_bis.split.i" [./conv.h:56->top_wrapper.cpp:123]   --->   Operation 558 'br' 'br_ln56' <Predicate = true> <Delay = 0.00>
ST_4 : Operation 559 [1/1] (0.42ns)   --->   "%store_ln54 = store i4 %select_ln54, i4 %s_ow" [./conv.h:54->top_wrapper.cpp:123]   --->   Operation 559 'store' 'store_ln54' <Predicate = true> <Delay = 0.42>
ST_4 : Operation 560 [1/1] (0.42ns)   --->   "%store_ln27 = store i2 %add_ln56, i2 %s_fil_i_depth" [./conv.h:27->top_wrapper.cpp:123]   --->   Operation 560 'store' 'store_ln27' <Predicate = true> <Delay = 0.42>

State 5 <SV = 4> <Delay = 1.33>
ST_5 : Operation 561 [7/8] (0.78ns)   --->   "%rem11492_i = urem i4 %select_ln53_3, i4 5" [./conv.h:53->top_wrapper.cpp:123]   --->   Operation 561 'urem' 'rem11492_i' <Predicate = true> <Delay = 0.78> <CoreInst = "Divider">   --->   Core 6 'Divider' <Latency = 7> <II = 1> <Delay = 0.78> <FuncUnit> <Opcode : 'udiv' 'sdiv' 'urem' 'srem'> <InPorts = 2> <OutPorts = 1>
ST_5 : Operation 562 [7/8] (0.78ns)   --->   "%rem9295_i = urem i4 %select_ln53_3, i4 3" [./conv.h:53->top_wrapper.cpp:123]   --->   Operation 562 'urem' 'rem9295_i' <Predicate = true> <Delay = 0.78> <CoreInst = "Divider">   --->   Core 6 'Divider' <Latency = 7> <II = 1> <Delay = 0.78> <FuncUnit> <Opcode : 'udiv' 'sdiv' 'urem' 'srem'> <InPorts = 2> <OutPorts = 1>
ST_5 : Operation 563 [7/10] (1.33ns)   --->   "%rem92_1104441_i = urem i6 %empty_51, i6 9" [./conv.h:53->top_wrapper.cpp:123]   --->   Operation 563 'urem' 'rem92_1104441_i' <Predicate = true> <Delay = 1.33> <CoreInst = "Divider">   --->   Core 6 'Divider' <Latency = 9> <II = 1> <Delay = 1.33> <FuncUnit> <Opcode : 'udiv' 'sdiv' 'urem' 'srem'> <InPorts = 2> <OutPorts = 1>
ST_5 : Operation 564 [7/10] (1.33ns)   --->   "%rem92_2212376_i = urem i6 %empty_50, i6 9" [./conv.h:53->top_wrapper.cpp:123]   --->   Operation 564 'urem' 'rem92_2212376_i' <Predicate = true> <Delay = 1.33> <CoreInst = "Divider">   --->   Core 6 'Divider' <Latency = 9> <II = 1> <Delay = 1.33> <FuncUnit> <Opcode : 'udiv' 'sdiv' 'urem' 'srem'> <InPorts = 2> <OutPorts = 1>
ST_5 : Operation 565 [7/8] (0.78ns)   --->   "%rem_i = urem i4 %select_ln54, i4 3" [./conv.h:54->top_wrapper.cpp:123]   --->   Operation 565 'urem' 'rem_i' <Predicate = true> <Delay = 0.78> <CoreInst = "Divider">   --->   Core 6 'Divider' <Latency = 7> <II = 1> <Delay = 0.78> <FuncUnit> <Opcode : 'udiv' 'sdiv' 'urem' 'srem'> <InPorts = 2> <OutPorts = 1>
ST_5 : Operation 566 [7/8] (0.78ns)   --->   "%rem_12032119_i = urem i4 %s_ow_1_mid2, i4 3" [./conv.h:53->top_wrapper.cpp:123]   --->   Operation 566 'urem' 'rem_12032119_i' <Predicate = true> <Delay = 0.78> <CoreInst = "Divider">   --->   Core 6 'Divider' <Latency = 7> <II = 1> <Delay = 0.78> <FuncUnit> <Opcode : 'udiv' 'sdiv' 'urem' 'srem'> <InPorts = 2> <OutPorts = 1>
ST_5 : Operation 567 [7/8] (0.78ns)   --->   "%rem_24667530_i = urem i4 %add_ln54, i4 3" [./conv.h:54->top_wrapper.cpp:123]   --->   Operation 567 'urem' 'rem_24667530_i' <Predicate = true> <Delay = 0.78> <CoreInst = "Divider">   --->   Core 6 'Divider' <Latency = 7> <II = 1> <Delay = 0.78> <FuncUnit> <Opcode : 'udiv' 'sdiv' 'urem' 'srem'> <InPorts = 2> <OutPorts = 1>
ST_5 : Operation 568 [7/8] (0.78ns)   --->   "%rem112_i = urem i4 %select_ln54, i4 5" [./conv.h:54->top_wrapper.cpp:123]   --->   Operation 568 'urem' 'rem112_i' <Predicate = true> <Delay = 0.78> <CoreInst = "Divider">   --->   Core 6 'Divider' <Latency = 7> <II = 1> <Delay = 0.78> <FuncUnit> <Opcode : 'udiv' 'sdiv' 'urem' 'srem'> <InPorts = 2> <OutPorts = 1>

State 6 <SV = 5> <Delay = 1.33>
ST_6 : Operation 569 [6/8] (0.78ns)   --->   "%rem11492_i = urem i4 %select_ln53_3, i4 5" [./conv.h:53->top_wrapper.cpp:123]   --->   Operation 569 'urem' 'rem11492_i' <Predicate = true> <Delay = 0.78> <CoreInst = "Divider">   --->   Core 6 'Divider' <Latency = 7> <II = 1> <Delay = 0.78> <FuncUnit> <Opcode : 'udiv' 'sdiv' 'urem' 'srem'> <InPorts = 2> <OutPorts = 1>
ST_6 : Operation 570 [6/8] (0.78ns)   --->   "%rem9295_i = urem i4 %select_ln53_3, i4 3" [./conv.h:53->top_wrapper.cpp:123]   --->   Operation 570 'urem' 'rem9295_i' <Predicate = true> <Delay = 0.78> <CoreInst = "Divider">   --->   Core 6 'Divider' <Latency = 7> <II = 1> <Delay = 0.78> <FuncUnit> <Opcode : 'udiv' 'sdiv' 'urem' 'srem'> <InPorts = 2> <OutPorts = 1>
ST_6 : Operation 571 [6/10] (1.33ns)   --->   "%rem92_1104441_i = urem i6 %empty_51, i6 9" [./conv.h:53->top_wrapper.cpp:123]   --->   Operation 571 'urem' 'rem92_1104441_i' <Predicate = true> <Delay = 1.33> <CoreInst = "Divider">   --->   Core 6 'Divider' <Latency = 9> <II = 1> <Delay = 1.33> <FuncUnit> <Opcode : 'udiv' 'sdiv' 'urem' 'srem'> <InPorts = 2> <OutPorts = 1>
ST_6 : Operation 572 [6/10] (1.33ns)   --->   "%rem92_2212376_i = urem i6 %empty_50, i6 9" [./conv.h:53->top_wrapper.cpp:123]   --->   Operation 572 'urem' 'rem92_2212376_i' <Predicate = true> <Delay = 1.33> <CoreInst = "Divider">   --->   Core 6 'Divider' <Latency = 9> <II = 1> <Delay = 1.33> <FuncUnit> <Opcode : 'udiv' 'sdiv' 'urem' 'srem'> <InPorts = 2> <OutPorts = 1>
ST_6 : Operation 573 [6/8] (0.78ns)   --->   "%rem_i = urem i4 %select_ln54, i4 3" [./conv.h:54->top_wrapper.cpp:123]   --->   Operation 573 'urem' 'rem_i' <Predicate = true> <Delay = 0.78> <CoreInst = "Divider">   --->   Core 6 'Divider' <Latency = 7> <II = 1> <Delay = 0.78> <FuncUnit> <Opcode : 'udiv' 'sdiv' 'urem' 'srem'> <InPorts = 2> <OutPorts = 1>
ST_6 : Operation 574 [6/8] (0.78ns)   --->   "%rem_12032119_i = urem i4 %s_ow_1_mid2, i4 3" [./conv.h:53->top_wrapper.cpp:123]   --->   Operation 574 'urem' 'rem_12032119_i' <Predicate = true> <Delay = 0.78> <CoreInst = "Divider">   --->   Core 6 'Divider' <Latency = 7> <II = 1> <Delay = 0.78> <FuncUnit> <Opcode : 'udiv' 'sdiv' 'urem' 'srem'> <InPorts = 2> <OutPorts = 1>
ST_6 : Operation 575 [6/8] (0.78ns)   --->   "%rem_24667530_i = urem i4 %add_ln54, i4 3" [./conv.h:54->top_wrapper.cpp:123]   --->   Operation 575 'urem' 'rem_24667530_i' <Predicate = true> <Delay = 0.78> <CoreInst = "Divider">   --->   Core 6 'Divider' <Latency = 7> <II = 1> <Delay = 0.78> <FuncUnit> <Opcode : 'udiv' 'sdiv' 'urem' 'srem'> <InPorts = 2> <OutPorts = 1>
ST_6 : Operation 576 [6/8] (0.78ns)   --->   "%rem112_i = urem i4 %select_ln54, i4 5" [./conv.h:54->top_wrapper.cpp:123]   --->   Operation 576 'urem' 'rem112_i' <Predicate = true> <Delay = 0.78> <CoreInst = "Divider">   --->   Core 6 'Divider' <Latency = 7> <II = 1> <Delay = 0.78> <FuncUnit> <Opcode : 'udiv' 'sdiv' 'urem' 'srem'> <InPorts = 2> <OutPorts = 1>

State 7 <SV = 6> <Delay = 1.33>
ST_7 : Operation 577 [5/8] (0.78ns)   --->   "%rem11492_i = urem i4 %select_ln53_3, i4 5" [./conv.h:53->top_wrapper.cpp:123]   --->   Operation 577 'urem' 'rem11492_i' <Predicate = true> <Delay = 0.78> <CoreInst = "Divider">   --->   Core 6 'Divider' <Latency = 7> <II = 1> <Delay = 0.78> <FuncUnit> <Opcode : 'udiv' 'sdiv' 'urem' 'srem'> <InPorts = 2> <OutPorts = 1>
ST_7 : Operation 578 [5/8] (0.78ns)   --->   "%rem9295_i = urem i4 %select_ln53_3, i4 3" [./conv.h:53->top_wrapper.cpp:123]   --->   Operation 578 'urem' 'rem9295_i' <Predicate = true> <Delay = 0.78> <CoreInst = "Divider">   --->   Core 6 'Divider' <Latency = 7> <II = 1> <Delay = 0.78> <FuncUnit> <Opcode : 'udiv' 'sdiv' 'urem' 'srem'> <InPorts = 2> <OutPorts = 1>
ST_7 : Operation 579 [5/10] (1.33ns)   --->   "%rem92_1104441_i = urem i6 %empty_51, i6 9" [./conv.h:53->top_wrapper.cpp:123]   --->   Operation 579 'urem' 'rem92_1104441_i' <Predicate = true> <Delay = 1.33> <CoreInst = "Divider">   --->   Core 6 'Divider' <Latency = 9> <II = 1> <Delay = 1.33> <FuncUnit> <Opcode : 'udiv' 'sdiv' 'urem' 'srem'> <InPorts = 2> <OutPorts = 1>
ST_7 : Operation 580 [5/10] (1.33ns)   --->   "%rem92_2212376_i = urem i6 %empty_50, i6 9" [./conv.h:53->top_wrapper.cpp:123]   --->   Operation 580 'urem' 'rem92_2212376_i' <Predicate = true> <Delay = 1.33> <CoreInst = "Divider">   --->   Core 6 'Divider' <Latency = 9> <II = 1> <Delay = 1.33> <FuncUnit> <Opcode : 'udiv' 'sdiv' 'urem' 'srem'> <InPorts = 2> <OutPorts = 1>
ST_7 : Operation 581 [5/8] (0.78ns)   --->   "%rem_i = urem i4 %select_ln54, i4 3" [./conv.h:54->top_wrapper.cpp:123]   --->   Operation 581 'urem' 'rem_i' <Predicate = true> <Delay = 0.78> <CoreInst = "Divider">   --->   Core 6 'Divider' <Latency = 7> <II = 1> <Delay = 0.78> <FuncUnit> <Opcode : 'udiv' 'sdiv' 'urem' 'srem'> <InPorts = 2> <OutPorts = 1>
ST_7 : Operation 582 [5/8] (0.78ns)   --->   "%rem_12032119_i = urem i4 %s_ow_1_mid2, i4 3" [./conv.h:53->top_wrapper.cpp:123]   --->   Operation 582 'urem' 'rem_12032119_i' <Predicate = true> <Delay = 0.78> <CoreInst = "Divider">   --->   Core 6 'Divider' <Latency = 7> <II = 1> <Delay = 0.78> <FuncUnit> <Opcode : 'udiv' 'sdiv' 'urem' 'srem'> <InPorts = 2> <OutPorts = 1>
ST_7 : Operation 583 [5/8] (0.78ns)   --->   "%rem_24667530_i = urem i4 %add_ln54, i4 3" [./conv.h:54->top_wrapper.cpp:123]   --->   Operation 583 'urem' 'rem_24667530_i' <Predicate = true> <Delay = 0.78> <CoreInst = "Divider">   --->   Core 6 'Divider' <Latency = 7> <II = 1> <Delay = 0.78> <FuncUnit> <Opcode : 'udiv' 'sdiv' 'urem' 'srem'> <InPorts = 2> <OutPorts = 1>
ST_7 : Operation 584 [5/8] (0.78ns)   --->   "%rem112_i = urem i4 %select_ln54, i4 5" [./conv.h:54->top_wrapper.cpp:123]   --->   Operation 584 'urem' 'rem112_i' <Predicate = true> <Delay = 0.78> <CoreInst = "Divider">   --->   Core 6 'Divider' <Latency = 7> <II = 1> <Delay = 0.78> <FuncUnit> <Opcode : 'udiv' 'sdiv' 'urem' 'srem'> <InPorts = 2> <OutPorts = 1>

State 8 <SV = 7> <Delay = 1.33>
ST_8 : Operation 585 [4/8] (0.78ns)   --->   "%rem11492_i = urem i4 %select_ln53_3, i4 5" [./conv.h:53->top_wrapper.cpp:123]   --->   Operation 585 'urem' 'rem11492_i' <Predicate = true> <Delay = 0.78> <CoreInst = "Divider">   --->   Core 6 'Divider' <Latency = 7> <II = 1> <Delay = 0.78> <FuncUnit> <Opcode : 'udiv' 'sdiv' 'urem' 'srem'> <InPorts = 2> <OutPorts = 1>
ST_8 : Operation 586 [4/8] (0.78ns)   --->   "%rem9295_i = urem i4 %select_ln53_3, i4 3" [./conv.h:53->top_wrapper.cpp:123]   --->   Operation 586 'urem' 'rem9295_i' <Predicate = true> <Delay = 0.78> <CoreInst = "Divider">   --->   Core 6 'Divider' <Latency = 7> <II = 1> <Delay = 0.78> <FuncUnit> <Opcode : 'udiv' 'sdiv' 'urem' 'srem'> <InPorts = 2> <OutPorts = 1>
ST_8 : Operation 587 [4/10] (1.33ns)   --->   "%rem92_1104441_i = urem i6 %empty_51, i6 9" [./conv.h:53->top_wrapper.cpp:123]   --->   Operation 587 'urem' 'rem92_1104441_i' <Predicate = true> <Delay = 1.33> <CoreInst = "Divider">   --->   Core 6 'Divider' <Latency = 9> <II = 1> <Delay = 1.33> <FuncUnit> <Opcode : 'udiv' 'sdiv' 'urem' 'srem'> <InPorts = 2> <OutPorts = 1>
ST_8 : Operation 588 [4/10] (1.33ns)   --->   "%rem92_2212376_i = urem i6 %empty_50, i6 9" [./conv.h:53->top_wrapper.cpp:123]   --->   Operation 588 'urem' 'rem92_2212376_i' <Predicate = true> <Delay = 1.33> <CoreInst = "Divider">   --->   Core 6 'Divider' <Latency = 9> <II = 1> <Delay = 1.33> <FuncUnit> <Opcode : 'udiv' 'sdiv' 'urem' 'srem'> <InPorts = 2> <OutPorts = 1>
ST_8 : Operation 589 [4/8] (0.78ns)   --->   "%rem_i = urem i4 %select_ln54, i4 3" [./conv.h:54->top_wrapper.cpp:123]   --->   Operation 589 'urem' 'rem_i' <Predicate = true> <Delay = 0.78> <CoreInst = "Divider">   --->   Core 6 'Divider' <Latency = 7> <II = 1> <Delay = 0.78> <FuncUnit> <Opcode : 'udiv' 'sdiv' 'urem' 'srem'> <InPorts = 2> <OutPorts = 1>
ST_8 : Operation 590 [4/8] (0.78ns)   --->   "%rem_12032119_i = urem i4 %s_ow_1_mid2, i4 3" [./conv.h:53->top_wrapper.cpp:123]   --->   Operation 590 'urem' 'rem_12032119_i' <Predicate = true> <Delay = 0.78> <CoreInst = "Divider">   --->   Core 6 'Divider' <Latency = 7> <II = 1> <Delay = 0.78> <FuncUnit> <Opcode : 'udiv' 'sdiv' 'urem' 'srem'> <InPorts = 2> <OutPorts = 1>
ST_8 : Operation 591 [4/8] (0.78ns)   --->   "%rem_24667530_i = urem i4 %add_ln54, i4 3" [./conv.h:54->top_wrapper.cpp:123]   --->   Operation 591 'urem' 'rem_24667530_i' <Predicate = true> <Delay = 0.78> <CoreInst = "Divider">   --->   Core 6 'Divider' <Latency = 7> <II = 1> <Delay = 0.78> <FuncUnit> <Opcode : 'udiv' 'sdiv' 'urem' 'srem'> <InPorts = 2> <OutPorts = 1>
ST_8 : Operation 592 [4/8] (0.78ns)   --->   "%rem112_i = urem i4 %select_ln54, i4 5" [./conv.h:54->top_wrapper.cpp:123]   --->   Operation 592 'urem' 'rem112_i' <Predicate = true> <Delay = 0.78> <CoreInst = "Divider">   --->   Core 6 'Divider' <Latency = 7> <II = 1> <Delay = 0.78> <FuncUnit> <Opcode : 'udiv' 'sdiv' 'urem' 'srem'> <InPorts = 2> <OutPorts = 1>

State 9 <SV = 8> <Delay = 1.33>
ST_9 : Operation 593 [3/8] (0.78ns)   --->   "%rem11492_i = urem i4 %select_ln53_3, i4 5" [./conv.h:53->top_wrapper.cpp:123]   --->   Operation 593 'urem' 'rem11492_i' <Predicate = true> <Delay = 0.78> <CoreInst = "Divider">   --->   Core 6 'Divider' <Latency = 7> <II = 1> <Delay = 0.78> <FuncUnit> <Opcode : 'udiv' 'sdiv' 'urem' 'srem'> <InPorts = 2> <OutPorts = 1>
ST_9 : Operation 594 [3/8] (0.78ns)   --->   "%rem9295_i = urem i4 %select_ln53_3, i4 3" [./conv.h:53->top_wrapper.cpp:123]   --->   Operation 594 'urem' 'rem9295_i' <Predicate = true> <Delay = 0.78> <CoreInst = "Divider">   --->   Core 6 'Divider' <Latency = 7> <II = 1> <Delay = 0.78> <FuncUnit> <Opcode : 'udiv' 'sdiv' 'urem' 'srem'> <InPorts = 2> <OutPorts = 1>
ST_9 : Operation 595 [3/10] (1.33ns)   --->   "%rem92_1104441_i = urem i6 %empty_51, i6 9" [./conv.h:53->top_wrapper.cpp:123]   --->   Operation 595 'urem' 'rem92_1104441_i' <Predicate = true> <Delay = 1.33> <CoreInst = "Divider">   --->   Core 6 'Divider' <Latency = 9> <II = 1> <Delay = 1.33> <FuncUnit> <Opcode : 'udiv' 'sdiv' 'urem' 'srem'> <InPorts = 2> <OutPorts = 1>
ST_9 : Operation 596 [3/10] (1.33ns)   --->   "%rem92_2212376_i = urem i6 %empty_50, i6 9" [./conv.h:53->top_wrapper.cpp:123]   --->   Operation 596 'urem' 'rem92_2212376_i' <Predicate = true> <Delay = 1.33> <CoreInst = "Divider">   --->   Core 6 'Divider' <Latency = 9> <II = 1> <Delay = 1.33> <FuncUnit> <Opcode : 'udiv' 'sdiv' 'urem' 'srem'> <InPorts = 2> <OutPorts = 1>
ST_9 : Operation 597 [3/8] (0.78ns)   --->   "%rem_i = urem i4 %select_ln54, i4 3" [./conv.h:54->top_wrapper.cpp:123]   --->   Operation 597 'urem' 'rem_i' <Predicate = true> <Delay = 0.78> <CoreInst = "Divider">   --->   Core 6 'Divider' <Latency = 7> <II = 1> <Delay = 0.78> <FuncUnit> <Opcode : 'udiv' 'sdiv' 'urem' 'srem'> <InPorts = 2> <OutPorts = 1>
ST_9 : Operation 598 [3/8] (0.78ns)   --->   "%rem_12032119_i = urem i4 %s_ow_1_mid2, i4 3" [./conv.h:53->top_wrapper.cpp:123]   --->   Operation 598 'urem' 'rem_12032119_i' <Predicate = true> <Delay = 0.78> <CoreInst = "Divider">   --->   Core 6 'Divider' <Latency = 7> <II = 1> <Delay = 0.78> <FuncUnit> <Opcode : 'udiv' 'sdiv' 'urem' 'srem'> <InPorts = 2> <OutPorts = 1>
ST_9 : Operation 599 [3/8] (0.78ns)   --->   "%rem_24667530_i = urem i4 %add_ln54, i4 3" [./conv.h:54->top_wrapper.cpp:123]   --->   Operation 599 'urem' 'rem_24667530_i' <Predicate = true> <Delay = 0.78> <CoreInst = "Divider">   --->   Core 6 'Divider' <Latency = 7> <II = 1> <Delay = 0.78> <FuncUnit> <Opcode : 'udiv' 'sdiv' 'urem' 'srem'> <InPorts = 2> <OutPorts = 1>
ST_9 : Operation 600 [3/8] (0.78ns)   --->   "%rem112_i = urem i4 %select_ln54, i4 5" [./conv.h:54->top_wrapper.cpp:123]   --->   Operation 600 'urem' 'rem112_i' <Predicate = true> <Delay = 0.78> <CoreInst = "Divider">   --->   Core 6 'Divider' <Latency = 7> <II = 1> <Delay = 0.78> <FuncUnit> <Opcode : 'udiv' 'sdiv' 'urem' 'srem'> <InPorts = 2> <OutPorts = 1>

State 10 <SV = 9> <Delay = 2.82>
ST_10 : Operation 601 [2/8] (0.78ns)   --->   "%rem11492_i = urem i4 %select_ln53_3, i4 5" [./conv.h:53->top_wrapper.cpp:123]   --->   Operation 601 'urem' 'rem11492_i' <Predicate = true> <Delay = 0.78> <CoreInst = "Divider">   --->   Core 6 'Divider' <Latency = 7> <II = 1> <Delay = 0.78> <FuncUnit> <Opcode : 'udiv' 'sdiv' 'urem' 'srem'> <InPorts = 2> <OutPorts = 1>
ST_10 : Operation 602 [1/1] (0.00ns)   --->   "%select_ln53_3_cast = zext i4 %select_ln53_3" [./conv.h:53->top_wrapper.cpp:123]   --->   Operation 602 'zext' 'select_ln53_3_cast' <Predicate = true> <Delay = 0.00>
ST_10 : Operation 603 [1/1] (1.23ns)   --->   "%mul93 = mul i9 %select_ln53_3_cast, i9 26" [./conv.h:53->top_wrapper.cpp:123]   --->   Operation 603 'mul' 'mul93' <Predicate = true> <Delay = 1.23> <CoreInst = "Multiplier">   --->   Core 3 'Multiplier' <Latency = 0> <II = 1> <Delay = 1.23> <FuncUnit> <Opcode : 'mul'> <InPorts = 2> <OutPorts = 1>
ST_10 : Operation 604 [1/1] (0.00ns)   --->   "%tmp_4 = bitselect i1 @_ssdm_op_BitSelect.i1.i9.i32, i9 %mul93, i32 7" [./conv.h:53->top_wrapper.cpp:123]   --->   Operation 604 'bitselect' 'tmp_4' <Predicate = true> <Delay = 0.00>
ST_10 : Operation 605 [1/1] (0.00ns)   --->   "%p_shl4 = bitconcatenate i4 @_ssdm_op_BitConcatenate.i4.i1.i3, i1 %tmp_4, i3 0" [./conv.h:53->top_wrapper.cpp:123]   --->   Operation 605 'bitconcatenate' 'p_shl4' <Predicate = true> <Delay = 0.00>
ST_10 : Operation 606 [1/1] (0.00ns)   --->   "%tmp_5 = partselect i2 @_ssdm_op_PartSelect.i2.i9.i32.i32, i9 %mul93, i32 7, i32 8" [./conv.h:53->top_wrapper.cpp:123]   --->   Operation 606 'partselect' 'tmp_5' <Predicate = true> <Delay = 0.00>
ST_10 : Operation 607 [1/1] (0.00ns)   --->   "%tmp_6 = bitconcatenate i3 @_ssdm_op_BitConcatenate.i3.i2.i1, i2 %tmp_5, i1 0" [./conv.h:53->top_wrapper.cpp:123]   --->   Operation 607 'bitconcatenate' 'tmp_6' <Predicate = true> <Delay = 0.00>
ST_10 : Operation 608 [1/1] (0.00ns)   --->   "%p_shl925 = zext i3 %tmp_6" [./conv.h:53->top_wrapper.cpp:123]   --->   Operation 608 'zext' 'p_shl925' <Predicate = true> <Delay = 0.00>
ST_10 : Operation 609 [1/1] (0.79ns)   --->   "%mul120_i = sub i4 %p_shl4, i4 %p_shl925" [./conv.h:53->top_wrapper.cpp:123]   --->   Operation 609 'sub' 'mul120_i' <Predicate = true> <Delay = 0.79> <CoreInst = "Adder">   --->   Core 1 'Adder' <Latency = 0> <II = 1> <Delay = 0.79> <FuncUnit> <Opcode : 'add' 'sub'> <InPorts = 2> <OutPorts = 1>
ST_10 : Operation 610 [1/1] (1.23ns)   --->   "%mul90 = mul i9 %select_ln53_3_cast, i9 22" [./conv.h:53->top_wrapper.cpp:123]   --->   Operation 610 'mul' 'mul90' <Predicate = true> <Delay = 1.23> <CoreInst = "Multiplier">   --->   Core 3 'Multiplier' <Latency = 0> <II = 1> <Delay = 1.23> <FuncUnit> <Opcode : 'mul'> <InPorts = 2> <OutPorts = 1>
ST_10 : Operation 611 [1/1] (0.00ns)   --->   "%tmp_7 = partselect i3 @_ssdm_op_PartSelect.i3.i9.i32.i32, i9 %mul90, i32 6, i32 8" [./conv.h:53->top_wrapper.cpp:123]   --->   Operation 611 'partselect' 'tmp_7' <Predicate = true> <Delay = 0.00>
ST_10 : Operation 612 [2/8] (0.78ns)   --->   "%rem9295_i = urem i4 %select_ln53_3, i4 3" [./conv.h:53->top_wrapper.cpp:123]   --->   Operation 612 'urem' 'rem9295_i' <Predicate = true> <Delay = 0.78> <CoreInst = "Divider">   --->   Core 6 'Divider' <Latency = 7> <II = 1> <Delay = 0.78> <FuncUnit> <Opcode : 'udiv' 'sdiv' 'urem' 'srem'> <InPorts = 2> <OutPorts = 1>
ST_10 : Operation 613 [2/10] (1.33ns)   --->   "%rem92_1104441_i = urem i6 %empty_51, i6 9" [./conv.h:53->top_wrapper.cpp:123]   --->   Operation 613 'urem' 'rem92_1104441_i' <Predicate = true> <Delay = 1.33> <CoreInst = "Divider">   --->   Core 6 'Divider' <Latency = 9> <II = 1> <Delay = 1.33> <FuncUnit> <Opcode : 'udiv' 'sdiv' 'urem' 'srem'> <InPorts = 2> <OutPorts = 1>
ST_10 : Operation 614 [1/1] (0.79ns)   --->   "%add77_2_i = add i4 %select_ln53_3, i4 2" [./conv.h:53->top_wrapper.cpp:123]   --->   Operation 614 'add' 'add77_2_i' <Predicate = true> <Delay = 0.79> <CoreInst = "Adder">   --->   Core 1 'Adder' <Latency = 0> <II = 1> <Delay = 0.79> <FuncUnit> <Opcode : 'add' 'sub'> <InPorts = 2> <OutPorts = 1>
ST_10 : Operation 615 [1/1] (0.00ns)   --->   "%add77_2_i_cast = zext i4 %add77_2_i" [./conv.h:53->top_wrapper.cpp:123]   --->   Operation 615 'zext' 'add77_2_i_cast' <Predicate = true> <Delay = 0.00>
ST_10 : Operation 616 [1/1] (1.23ns)   --->   "%mul84 = mul i9 %add77_2_i_cast, i9 22" [./conv.h:53->top_wrapper.cpp:123]   --->   Operation 616 'mul' 'mul84' <Predicate = true> <Delay = 1.23> <CoreInst = "Multiplier">   --->   Core 3 'Multiplier' <Latency = 0> <II = 1> <Delay = 1.23> <FuncUnit> <Opcode : 'mul'> <InPorts = 2> <OutPorts = 1>
ST_10 : Operation 617 [1/1] (0.00ns)   --->   "%tmp_11 = partselect i3 @_ssdm_op_PartSelect.i3.i9.i32.i32, i9 %mul84, i32 6, i32 8" [./conv.h:53->top_wrapper.cpp:123]   --->   Operation 617 'partselect' 'tmp_11' <Predicate = true> <Delay = 0.00>
ST_10 : Operation 618 [2/10] (1.33ns)   --->   "%rem92_2212376_i = urem i6 %empty_50, i6 9" [./conv.h:53->top_wrapper.cpp:123]   --->   Operation 618 'urem' 'rem92_2212376_i' <Predicate = true> <Delay = 1.33> <CoreInst = "Divider">   --->   Core 6 'Divider' <Latency = 9> <II = 1> <Delay = 1.33> <FuncUnit> <Opcode : 'udiv' 'sdiv' 'urem' 'srem'> <InPorts = 2> <OutPorts = 1>
ST_10 : Operation 619 [1/1] (0.00ns)   --->   "%tmp_13 = partselect i3 @_ssdm_op_PartSelect.i3.i4.i32.i32, i4 %mul120_i, i32 1, i32 3" [./conv.h:53->top_wrapper.cpp:123]   --->   Operation 619 'partselect' 'tmp_13' <Predicate = true> <Delay = 0.00>
ST_10 : Operation 620 [1/1] (0.00ns)   --->   "%add121_i = bitconcatenate i4 @_ssdm_op_BitConcatenate.i4.i3.i1, i3 %tmp_13, i1 %zext_ln39_read" [./conv.h:53->top_wrapper.cpp:123]   --->   Operation 620 'bitconcatenate' 'add121_i' <Predicate = true> <Delay = 0.00>
ST_10 : Operation 621 [1/1] (0.00ns)   --->   "%zext_ln54 = zext i4 %add121_i" [./conv.h:54->top_wrapper.cpp:123]   --->   Operation 621 'zext' 'zext_ln54' <Predicate = true> <Delay = 0.00>
ST_10 : Operation 622 [1/1] (0.00ns)   --->   "%select_ln54_cast = zext i4 %select_ln54" [./conv.h:54->top_wrapper.cpp:123]   --->   Operation 622 'zext' 'select_ln54_cast' <Predicate = true> <Delay = 0.00>
ST_10 : Operation 623 [1/1] (1.23ns)   --->   "%mul81 = mul i9 %select_ln54_cast, i9 22" [./conv.h:54->top_wrapper.cpp:123]   --->   Operation 623 'mul' 'mul81' <Predicate = true> <Delay = 1.23> <CoreInst = "Multiplier">   --->   Core 3 'Multiplier' <Latency = 0> <II = 1> <Delay = 1.23> <FuncUnit> <Opcode : 'mul'> <InPorts = 2> <OutPorts = 1>
ST_10 : Operation 624 [1/1] (0.00ns)   --->   "%tmp = partselect i2 @_ssdm_op_PartSelect.i2.i9.i32.i32, i9 %mul81, i32 6, i32 7" [./conv.h:54->top_wrapper.cpp:123]   --->   Operation 624 'partselect' 'tmp' <Predicate = true> <Delay = 0.00>
ST_10 : Operation 625 [2/8] (0.78ns)   --->   "%rem_i = urem i4 %select_ln54, i4 3" [./conv.h:54->top_wrapper.cpp:123]   --->   Operation 625 'urem' 'rem_i' <Predicate = true> <Delay = 0.78> <CoreInst = "Divider">   --->   Core 6 'Divider' <Latency = 7> <II = 1> <Delay = 0.78> <FuncUnit> <Opcode : 'udiv' 'sdiv' 'urem' 'srem'> <InPorts = 2> <OutPorts = 1>
ST_10 : Operation 626 [2/8] (0.78ns)   --->   "%rem_12032119_i = urem i4 %s_ow_1_mid2, i4 3" [./conv.h:53->top_wrapper.cpp:123]   --->   Operation 626 'urem' 'rem_12032119_i' <Predicate = true> <Delay = 0.78> <CoreInst = "Divider">   --->   Core 6 'Divider' <Latency = 7> <II = 1> <Delay = 0.78> <FuncUnit> <Opcode : 'udiv' 'sdiv' 'urem' 'srem'> <InPorts = 2> <OutPorts = 1>
ST_10 : Operation 627 [2/8] (0.78ns)   --->   "%rem_24667530_i = urem i4 %add_ln54, i4 3" [./conv.h:54->top_wrapper.cpp:123]   --->   Operation 627 'urem' 'rem_24667530_i' <Predicate = true> <Delay = 0.78> <CoreInst = "Divider">   --->   Core 6 'Divider' <Latency = 7> <II = 1> <Delay = 0.78> <FuncUnit> <Opcode : 'udiv' 'sdiv' 'urem' 'srem'> <InPorts = 2> <OutPorts = 1>
ST_10 : Operation 628 [1/1] (1.23ns)   --->   "%mul = mul i9 %select_ln54_cast, i9 26" [./conv.h:54->top_wrapper.cpp:123]   --->   Operation 628 'mul' 'mul' <Predicate = true> <Delay = 1.23> <CoreInst = "Multiplier">   --->   Core 3 'Multiplier' <Latency = 0> <II = 1> <Delay = 1.23> <FuncUnit> <Opcode : 'mul'> <InPorts = 2> <OutPorts = 1>
ST_10 : Operation 629 [1/1] (0.00ns)   --->   "%tmp_3 = partselect i2 @_ssdm_op_PartSelect.i2.i9.i32.i32, i9 %mul, i32 7, i32 8" [./conv.h:54->top_wrapper.cpp:123]   --->   Operation 629 'partselect' 'tmp_3' <Predicate = true> <Delay = 0.00>
ST_10 : Operation 630 [1/1] (0.00ns)   --->   "%mul117_i = bitconcatenate i3 @_ssdm_op_BitConcatenate.i3.i2.i1, i2 %tmp_3, i1 0" [./conv.h:54->top_wrapper.cpp:123]   --->   Operation 630 'bitconcatenate' 'mul117_i' <Predicate = true> <Delay = 0.00>
ST_10 : Operation 631 [1/1] (0.00ns)   --->   "%mul117_cast_i = zext i3 %mul117_i" [./conv.h:54->top_wrapper.cpp:123]   --->   Operation 631 'zext' 'mul117_cast_i' <Predicate = true> <Delay = 0.00>
ST_10 : Operation 632 [1/1] (0.79ns)   --->   "%s_mem_o_depth_i = add i5 %zext_ln54, i5 %mul117_cast_i" [./conv.h:54->top_wrapper.cpp:123]   --->   Operation 632 'add' 's_mem_o_depth_i' <Predicate = true> <Delay = 0.79> <CoreInst = "Adder">   --->   Core 1 'Adder' <Latency = 0> <II = 1> <Delay = 0.79> <FuncUnit> <Opcode : 'add' 'sub'> <InPorts = 2> <OutPorts = 1>
ST_10 : Operation 633 [2/8] (0.78ns)   --->   "%rem112_i = urem i4 %select_ln54, i4 5" [./conv.h:54->top_wrapper.cpp:123]   --->   Operation 633 'urem' 'rem112_i' <Predicate = true> <Delay = 0.78> <CoreInst = "Divider">   --->   Core 6 'Divider' <Latency = 7> <II = 1> <Delay = 0.78> <FuncUnit> <Opcode : 'udiv' 'sdiv' 'urem' 'srem'> <InPorts = 2> <OutPorts = 1>

State 11 <SV = 10> <Delay = 3.36>
ST_11 : Operation 634 [1/8] (0.78ns)   --->   "%rem11492_i = urem i4 %select_ln53_3, i4 5" [./conv.h:53->top_wrapper.cpp:123]   --->   Operation 634 'urem' 'rem11492_i' <Predicate = true> <Delay = 0.78> <CoreInst = "Divider">   --->   Core 6 'Divider' <Latency = 7> <II = 1> <Delay = 0.78> <FuncUnit> <Opcode : 'udiv' 'sdiv' 'urem' 'srem'> <InPorts = 2> <OutPorts = 1>
ST_11 : Operation 635 [1/1] (0.00ns)   --->   "%rem11492_cast_i = zext i4 %rem11492_i" [./conv.h:53->top_wrapper.cpp:123]   --->   Operation 635 'zext' 'rem11492_cast_i' <Predicate = true> <Delay = 0.00>
ST_11 : Operation 636 [1/1] (0.00ns)   --->   "%empty_52 = trunc i4 %rem11492_i" [./conv.h:53->top_wrapper.cpp:123]   --->   Operation 636 'trunc' 'empty_52' <Predicate = true> <Delay = 0.00>
ST_11 : Operation 637 [1/1] (0.00ns)   --->   "%p_shl3 = bitconcatenate i5 @_ssdm_op_BitConcatenate.i5.i3.i2, i3 %empty_52, i2 0" [./conv.h:53->top_wrapper.cpp:123]   --->   Operation 637 'bitconcatenate' 'p_shl3' <Predicate = true> <Delay = 0.00>
ST_11 : Operation 638 [1/1] (0.00ns) (grouped into TernaryAdder)   --->   "%rem11493_i = add i5 %p_shl3, i5 %rem11492_cast_i" [./conv.h:53->top_wrapper.cpp:123]   --->   Operation 638 'add' 'rem11493_i' <Predicate = true> <Delay = 0.00> <CoreInst = "TAddSub">   --->   Core 10 'TAddSub' <Latency = 0> <II = 1> <Delay = 0.30> <IPBlock> <Opcode : '' 'add' 'sub'> <InPorts = 3> <OutPorts = 1> <Sync> <CReg>
ST_11 : Operation 639 [1/1] (0.00ns)   --->   "%p_shl5 = bitconcatenate i6 @_ssdm_op_BitConcatenate.i6.i3.i3, i3 %tmp_7, i3 0" [./conv.h:53->top_wrapper.cpp:123]   --->   Operation 639 'bitconcatenate' 'p_shl5' <Predicate = true> <Delay = 0.00>
ST_11 : Operation 640 [1/1] (0.00ns)   --->   "%tmp_8 = bitconcatenate i4 @_ssdm_op_BitConcatenate.i4.i3.i1, i3 %tmp_7, i1 0" [./conv.h:53->top_wrapper.cpp:123]   --->   Operation 640 'bitconcatenate' 'tmp_8' <Predicate = true> <Delay = 0.00>
ST_11 : Operation 641 [1/1] (0.00ns)   --->   "%p_shl923 = zext i4 %tmp_8" [./conv.h:53->top_wrapper.cpp:123]   --->   Operation 641 'zext' 'p_shl923' <Predicate = true> <Delay = 0.00>
ST_11 : Operation 642 [1/1] (0.78ns)   --->   "%mul81_i = add i6 %p_shl5, i6 %p_shl923" [./conv.h:53->top_wrapper.cpp:123]   --->   Operation 642 'add' 'mul81_i' <Predicate = true> <Delay = 0.78> <CoreInst = "Adder">   --->   Core 1 'Adder' <Latency = 0> <II = 1> <Delay = 0.78> <FuncUnit> <Opcode : 'add' 'sub'> <InPorts = 2> <OutPorts = 1>
ST_11 : Operation 643 [1/8] (0.78ns)   --->   "%rem9295_i = urem i4 %select_ln53_3, i4 3" [./conv.h:53->top_wrapper.cpp:123]   --->   Operation 643 'urem' 'rem9295_i' <Predicate = true> <Delay = 0.78> <CoreInst = "Divider">   --->   Core 6 'Divider' <Latency = 7> <II = 1> <Delay = 0.78> <FuncUnit> <Opcode : 'udiv' 'sdiv' 'urem' 'srem'> <InPorts = 2> <OutPorts = 1>
ST_11 : Operation 644 [1/1] (0.00ns) (grouped into LUT with out node rem9296_i)   --->   "%empty_53 = shl i4 %rem9295_i, i4 2" [./conv.h:53->top_wrapper.cpp:123]   --->   Operation 644 'shl' 'empty_53' <Predicate = true> <Delay = 0.00>
ST_11 : Operation 645 [1/1] (0.79ns) (out node of the LUT)   --->   "%rem9296_i = sub i4 %empty_53, i4 %rem9295_i" [./conv.h:53->top_wrapper.cpp:123]   --->   Operation 645 'sub' 'rem9296_i' <Predicate = true> <Delay = 0.79> <CoreInst = "Adder">   --->   Core 1 'Adder' <Latency = 0> <II = 1> <Delay = 0.79> <FuncUnit> <Opcode : 'add' 'sub'> <InPorts = 2> <OutPorts = 1>
ST_11 : Operation 646 [1/1] (0.00ns)   --->   "%p_shl6 = bitconcatenate i6 @_ssdm_op_BitConcatenate.i6.i3.i3, i3 %tmp_9, i3 0" [./conv.h:53->top_wrapper.cpp:123]   --->   Operation 646 'bitconcatenate' 'p_shl6' <Predicate = true> <Delay = 0.00>
ST_11 : Operation 647 [1/1] (0.00ns)   --->   "%tmp_10 = bitconcatenate i4 @_ssdm_op_BitConcatenate.i4.i3.i1, i3 %tmp_9, i1 0" [./conv.h:53->top_wrapper.cpp:123]   --->   Operation 647 'bitconcatenate' 'tmp_10' <Predicate = true> <Delay = 0.00>
ST_11 : Operation 648 [1/1] (0.00ns)   --->   "%p_shl920 = zext i4 %tmp_10" [./conv.h:53->top_wrapper.cpp:123]   --->   Operation 648 'zext' 'p_shl920' <Predicate = true> <Delay = 0.00>
ST_11 : Operation 649 [1/1] (0.78ns)   --->   "%mul81_1_i = add i6 %p_shl6, i6 %p_shl920" [./conv.h:53->top_wrapper.cpp:123]   --->   Operation 649 'add' 'mul81_1_i' <Predicate = true> <Delay = 0.78> <CoreInst = "Adder">   --->   Core 1 'Adder' <Latency = 0> <II = 1> <Delay = 0.78> <FuncUnit> <Opcode : 'add' 'sub'> <InPorts = 2> <OutPorts = 1>
ST_11 : Operation 650 [1/10] (1.33ns)   --->   "%rem92_1104441_i = urem i6 %empty_51, i6 9" [./conv.h:53->top_wrapper.cpp:123]   --->   Operation 650 'urem' 'rem92_1104441_i' <Predicate = true> <Delay = 1.33> <CoreInst = "Divider">   --->   Core 6 'Divider' <Latency = 9> <II = 1> <Delay = 1.33> <FuncUnit> <Opcode : 'udiv' 'sdiv' 'urem' 'srem'> <InPorts = 2> <OutPorts = 1>
ST_11 : Operation 651 [1/1] (0.00ns)   --->   "%empty_54 = trunc i4 %rem92_1104441_i" [./conv.h:53->top_wrapper.cpp:123]   --->   Operation 651 'trunc' 'empty_54' <Predicate = true> <Delay = 0.00>
ST_11 : Operation 652 [1/1] (0.00ns)   --->   "%p_shl = bitconcatenate i6 @_ssdm_op_BitConcatenate.i6.i3.i3, i3 %tmp_11, i3 0" [./conv.h:53->top_wrapper.cpp:123]   --->   Operation 652 'bitconcatenate' 'p_shl' <Predicate = true> <Delay = 0.00>
ST_11 : Operation 653 [1/1] (0.00ns)   --->   "%tmp_12 = bitconcatenate i4 @_ssdm_op_BitConcatenate.i4.i3.i1, i3 %tmp_11, i1 0" [./conv.h:53->top_wrapper.cpp:123]   --->   Operation 653 'bitconcatenate' 'tmp_12' <Predicate = true> <Delay = 0.00>
ST_11 : Operation 654 [1/1] (0.00ns)   --->   "%p_shl918 = zext i4 %tmp_12" [./conv.h:53->top_wrapper.cpp:123]   --->   Operation 654 'zext' 'p_shl918' <Predicate = true> <Delay = 0.00>
ST_11 : Operation 655 [1/1] (0.78ns)   --->   "%mul81_2_i = add i6 %p_shl, i6 %p_shl918" [./conv.h:53->top_wrapper.cpp:123]   --->   Operation 655 'add' 'mul81_2_i' <Predicate = true> <Delay = 0.78> <CoreInst = "Adder">   --->   Core 1 'Adder' <Latency = 0> <II = 1> <Delay = 0.78> <FuncUnit> <Opcode : 'add' 'sub'> <InPorts = 2> <OutPorts = 1>
ST_11 : Operation 656 [1/10] (1.33ns)   --->   "%rem92_2212376_i = urem i6 %empty_50, i6 9" [./conv.h:53->top_wrapper.cpp:123]   --->   Operation 656 'urem' 'rem92_2212376_i' <Predicate = true> <Delay = 1.33> <CoreInst = "Divider">   --->   Core 6 'Divider' <Latency = 9> <II = 1> <Delay = 1.33> <FuncUnit> <Opcode : 'udiv' 'sdiv' 'urem' 'srem'> <InPorts = 2> <OutPorts = 1>
ST_11 : Operation 657 [1/1] (0.00ns)   --->   "%empty_55 = trunc i4 %rem92_2212376_i" [./conv.h:53->top_wrapper.cpp:123]   --->   Operation 657 'trunc' 'empty_55' <Predicate = true> <Delay = 0.00>
ST_11 : Operation 658 [1/1] (0.00ns)   --->   "%mul76_i = bitconcatenate i3 @_ssdm_op_BitConcatenate.i3.i2.i1, i2 %tmp, i1 0" [./conv.h:54->top_wrapper.cpp:123]   --->   Operation 658 'bitconcatenate' 'mul76_i' <Predicate = true> <Delay = 0.00>
ST_11 : Operation 659 [1/8] (0.78ns)   --->   "%rem_i = urem i4 %select_ln54, i4 3" [./conv.h:54->top_wrapper.cpp:123]   --->   Operation 659 'urem' 'rem_i' <Predicate = true> <Delay = 0.78> <CoreInst = "Divider">   --->   Core 6 'Divider' <Latency = 7> <II = 1> <Delay = 0.78> <FuncUnit> <Opcode : 'udiv' 'sdiv' 'urem' 'srem'> <InPorts = 2> <OutPorts = 1>
ST_11 : Operation 660 [1/1] (0.79ns)   --->   "%s_mem_i = add i4 %rem_i, i4 %rem9296_i" [./conv.h:54->top_wrapper.cpp:123]   --->   Operation 660 'add' 's_mem_i' <Predicate = true> <Delay = 0.79> <CoreInst = "Adder">   --->   Core 1 'Adder' <Latency = 0> <II = 1> <Delay = 0.79> <FuncUnit> <Opcode : 'add' 'sub'> <InPorts = 2> <OutPorts = 1>
ST_11 : Operation 661 [1/1] (0.00ns)   --->   "%mul76_117_i = bitconcatenate i3 @_ssdm_op_BitConcatenate.i3.i2.i1, i2 %tmp_1, i1 0" [./conv.h:53->top_wrapper.cpp:123]   --->   Operation 661 'bitconcatenate' 'mul76_117_i' <Predicate = true> <Delay = 0.00>
ST_11 : Operation 662 [1/8] (0.78ns)   --->   "%rem_12032119_i = urem i4 %s_ow_1_mid2, i4 3" [./conv.h:53->top_wrapper.cpp:123]   --->   Operation 662 'urem' 'rem_12032119_i' <Predicate = true> <Delay = 0.78> <CoreInst = "Divider">   --->   Core 6 'Divider' <Latency = 7> <II = 1> <Delay = 0.78> <FuncUnit> <Opcode : 'udiv' 'sdiv' 'urem' 'srem'> <InPorts = 2> <OutPorts = 1>
ST_11 : Operation 663 [1/1] (0.79ns)   --->   "%add93_12132220_i = add i4 %rem_12032119_i, i4 %rem9296_i" [./conv.h:53->top_wrapper.cpp:123]   --->   Operation 663 'add' 'add93_12132220_i' <Predicate = true> <Delay = 0.79> <CoreInst = "Adder">   --->   Core 1 'Adder' <Latency = 0> <II = 1> <Delay = 0.79> <FuncUnit> <Opcode : 'add' 'sub'> <InPorts = 2> <OutPorts = 1>
ST_11 : Operation 664 [1/1] (0.00ns)   --->   "%mul76_243_i = bitconcatenate i4 @_ssdm_op_BitConcatenate.i4.i3.i1, i3 %tmp_2, i1 0" [./conv.h:54->top_wrapper.cpp:123]   --->   Operation 664 'bitconcatenate' 'mul76_243_i' <Predicate = true> <Delay = 0.00>
ST_11 : Operation 665 [1/8] (0.78ns)   --->   "%rem_24667530_i = urem i4 %add_ln54, i4 3" [./conv.h:54->top_wrapper.cpp:123]   --->   Operation 665 'urem' 'rem_24667530_i' <Predicate = true> <Delay = 0.78> <CoreInst = "Divider">   --->   Core 6 'Divider' <Latency = 7> <II = 1> <Delay = 0.78> <FuncUnit> <Opcode : 'udiv' 'sdiv' 'urem' 'srem'> <InPorts = 2> <OutPorts = 1>
ST_11 : Operation 666 [1/1] (0.79ns)   --->   "%add93_24767631_i = add i4 %rem_24667530_i, i4 %rem9296_i" [./conv.h:54->top_wrapper.cpp:123]   --->   Operation 666 'add' 'add93_24767631_i' <Predicate = true> <Delay = 0.79> <CoreInst = "Adder">   --->   Core 1 'Adder' <Latency = 0> <II = 1> <Delay = 0.79> <FuncUnit> <Opcode : 'add' 'sub'> <InPorts = 2> <OutPorts = 1>
ST_11 : Operation 667 [1/1] (0.79ns)   --->   "%add93_1104542_i = add i4 %rem_i, i4 %empty_54" [./conv.h:54->top_wrapper.cpp:123]   --->   Operation 667 'add' 'add93_1104542_i' <Predicate = true> <Delay = 0.79> <CoreInst = "Adder">   --->   Core 1 'Adder' <Latency = 0> <II = 1> <Delay = 0.79> <FuncUnit> <Opcode : 'add' 'sub'> <InPorts = 2> <OutPorts = 1>
ST_11 : Operation 668 [1/1] (0.79ns)   --->   "%add93_1_1139954_i = add i4 %rem_12032119_i, i4 %empty_54" [./conv.h:53->top_wrapper.cpp:123]   --->   Operation 668 'add' 'add93_1_1139954_i' <Predicate = true> <Delay = 0.79> <CoreInst = "Adder">   --->   Core 1 'Adder' <Latency = 0> <II = 1> <Delay = 0.79> <FuncUnit> <Opcode : 'add' 'sub'> <InPorts = 2> <OutPorts = 1>
ST_11 : Operation 669 [1/1] (0.79ns)   --->   "%add93_1_2175366_i = add i4 %rem_24667530_i, i4 %empty_54" [./conv.h:54->top_wrapper.cpp:123]   --->   Operation 669 'add' 'add93_1_2175366_i' <Predicate = true> <Delay = 0.79> <CoreInst = "Adder">   --->   Core 1 'Adder' <Latency = 0> <II = 1> <Delay = 0.79> <FuncUnit> <Opcode : 'add' 'sub'> <InPorts = 2> <OutPorts = 1>
ST_11 : Operation 670 [1/1] (0.79ns)   --->   "%add93_2212477_i = add i4 %rem_i, i4 %empty_55" [./conv.h:54->top_wrapper.cpp:123]   --->   Operation 670 'add' 'add93_2212477_i' <Predicate = true> <Delay = 0.79> <CoreInst = "Adder">   --->   Core 1 'Adder' <Latency = 0> <II = 1> <Delay = 0.79> <FuncUnit> <Opcode : 'add' 'sub'> <InPorts = 2> <OutPorts = 1>
ST_11 : Operation 671 [1/1] (0.79ns)   --->   "%add93_2_1256289_i = add i4 %rem_12032119_i, i4 %empty_55" [./conv.h:53->top_wrapper.cpp:123]   --->   Operation 671 'add' 'add93_2_1256289_i' <Predicate = true> <Delay = 0.79> <CoreInst = "Adder">   --->   Core 1 'Adder' <Latency = 0> <II = 1> <Delay = 0.79> <FuncUnit> <Opcode : 'add' 'sub'> <InPorts = 2> <OutPorts = 1>
ST_11 : Operation 672 [1/1] (0.79ns)   --->   "%add93_2_23006101_i = add i4 %rem_24667530_i, i4 %empty_55" [./conv.h:54->top_wrapper.cpp:123]   --->   Operation 672 'add' 'add93_2_23006101_i' <Predicate = true> <Delay = 0.79> <CoreInst = "Adder">   --->   Core 1 'Adder' <Latency = 0> <II = 1> <Delay = 0.79> <FuncUnit> <Opcode : 'add' 'sub'> <InPorts = 2> <OutPorts = 1>
ST_11 : Operation 673 [1/1] (0.00ns)   --->   "%zext_ln56 = zext i2 %s_ich_1_mid2" [./conv.h:56->top_wrapper.cpp:123]   --->   Operation 673 'zext' 'zext_ln56' <Predicate = true> <Delay = 0.00>
ST_11 : Operation 674 [1/1] (0.00ns)   --->   "%zext_ln56_1 = zext i2 %s_ich_1_mid2" [./conv.h:56->top_wrapper.cpp:123]   --->   Operation 674 'zext' 'zext_ln56_1' <Predicate = true> <Delay = 0.00>
ST_11 : Operation 675 [1/1] (0.67ns)   --->   "%add_ln61_9 = add i3 %mul76_i, i3 %zext_ln56_1" [./conv.h:61->top_wrapper.cpp:123]   --->   Operation 675 'add' 'add_ln61_9' <Predicate = true> <Delay = 0.67> <CoreInst = "Adder">   --->   Core 1 'Adder' <Latency = 0> <II = 1> <Delay = 0.67> <FuncUnit> <Opcode : 'add' 'sub'> <InPorts = 2> <OutPorts = 1>
ST_11 : Operation 676 [1/1] (0.00ns)   --->   "%zext_ln61 = zext i3 %add_ln61_9" [./conv.h:61->top_wrapper.cpp:123]   --->   Operation 676 'zext' 'zext_ln61' <Predicate = true> <Delay = 0.00>
ST_11 : Operation 677 [1/1] (0.78ns)   --->   "%add_ln61 = add i6 %zext_ln61, i6 %mul81_i" [./conv.h:61->top_wrapper.cpp:123]   --->   Operation 677 'add' 'add_ln61' <Predicate = true> <Delay = 0.78> <CoreInst = "Adder">   --->   Core 1 'Adder' <Latency = 0> <II = 1> <Delay = 0.78> <FuncUnit> <Opcode : 'add' 'sub'> <InPorts = 2> <OutPorts = 1>
ST_11 : Operation 678 [1/1] (0.83ns)   --->   "%tmp_i = sparsemux i45 @_ssdm_op_SparseMux.ap_auto.38i45.i45.i6, i6 0, i45 %p_read450, i6 1, i45 %p_read1451, i6 2, i45 %p_read2452, i6 3, i45 %p_read3453, i6 4, i45 %p_read4454, i6 5, i45 %p_read5455, i6 6, i45 %p_read6456, i6 7, i45 %p_read7457, i6 8, i45 %p_read8458, i6 9, i45 %p_read9459, i6 10, i45 %p_read10460, i6 11, i45 %p_read_880, i6 12, i45 %p_read_879, i6 13, i45 %p_read_878, i6 14, i45 %p_read_877, i6 15, i45 %p_read_876, i6 16, i45 %p_read_875, i6 17, i45 %p_read_874, i6 18, i45 %p_read_873, i6 19, i45 %p_read_872, i6 20, i45 %p_read20470, i6 21, i45 %p_read_871, i6 22, i45 %p_read_870, i6 23, i45 %p_read_869, i6 24, i45 %p_read_868, i6 25, i45 %p_read_867, i6 26, i45 %p_read_866, i6 27, i45 %p_read_865, i6 28, i45 %p_read_864, i6 29, i45 %p_read_863, i6 30, i45 %p_read30480, i6 31, i45 %p_read_862, i6 32, i45 %p_read_861, i6 33, i45 %p_read_860, i6 34, i45 %p_read_859, i6 35, i45 %p_read_858, i6 36, i45 %p_read_857, i6 37, i45 %p_read_856, i45 0, i6 %add_ln61" [./conv.h:66->top_wrapper.cpp:123]   --->   Operation 678 'sparsemux' 'tmp_i' <Predicate = true> <Delay = 0.83> <CoreInst = "BinarySparseMux_DontCare">   --->   Core 149 'BinarySparseMux_DontCare' <Latency = 0> <II = 1> <Delay = 0.83> <FuncUnit> <Opcode : 'sparsemux'> <InPorts = 2> <OutPorts = 1>
ST_11 : Operation 679 [1/1] (0.83ns)   --->   "%tmp_i_56 = sparsemux i45 @_ssdm_op_SparseMux.ap_auto.38i45.i45.i6, i6 0, i45 %p_read50488, i6 1, i45 %p_read_855, i6 2, i45 %p_read_854, i6 3, i45 %p_read_853, i6 4, i45 %p_read_852, i6 5, i45 %p_read_851, i6 6, i45 %p_read_850, i6 7, i45 %p_read_849, i6 8, i45 %p_read_848, i6 9, i45 %p_read_847, i6 10, i45 %p_read60498, i6 11, i45 %p_read_846, i6 12, i45 %p_read_845, i6 13, i45 %p_read_844, i6 14, i45 %p_read_843, i6 15, i45 %p_read_842, i6 16, i45 %p_read_841, i6 17, i45 %p_read_840, i6 18, i45 %p_read_839, i6 19, i45 %p_read_838, i6 20, i45 %p_read70508, i6 21, i45 %p_read_837, i6 22, i45 %p_read_836, i6 23, i45 %p_read_835, i6 24, i45 %p_read_834, i6 25, i45 %p_read_833, i6 26, i45 %p_read_832, i6 27, i45 %p_read_831, i6 28, i45 %p_read_830, i6 29, i45 %p_read_829, i6 30, i45 %p_read80518, i6 31, i45 %p_read_828, i6 32, i45 %p_read_827, i6 33, i45 %p_read_826, i6 34, i45 %p_read_825, i6 35, i45 %p_read_824, i6 36, i45 %p_read_823, i6 37, i45 %p_read_822, i45 0, i6 %add_ln61" [./conv.h:66->top_wrapper.cpp:123]   --->   Operation 679 'sparsemux' 'tmp_i_56' <Predicate = true> <Delay = 0.83> <CoreInst = "BinarySparseMux_DontCare">   --->   Core 149 'BinarySparseMux_DontCare' <Latency = 0> <II = 1> <Delay = 0.83> <FuncUnit> <Opcode : 'sparsemux'> <InPorts = 2> <OutPorts = 1>
ST_11 : Operation 680 [1/1] (0.83ns)   --->   "%tmp_51_i = sparsemux i45 @_ssdm_op_SparseMux.ap_auto.38i45.i45.i6, i6 0, i45 %p_read100526, i6 1, i45 %p_read_821, i6 2, i45 %p_read_820, i6 3, i45 %p_read_819, i6 4, i45 %p_read_818, i6 5, i45 %p_read_817, i6 6, i45 %p_read_816, i6 7, i45 %p_read_815, i6 8, i45 %p_read_814, i6 9, i45 %p_read_813, i6 10, i45 %p_read_812, i6 11, i45 %p_read_811, i6 12, i45 %p_read_810, i6 13, i45 %p_read_809, i6 14, i45 %p_read_808, i6 15, i45 %p_read_807, i6 16, i45 %p_read_806, i6 17, i45 %p_read_805, i6 18, i45 %p_read_804, i6 19, i45 %p_read_803, i6 20, i45 %p_read_802, i6 21, i45 %p_read_801, i6 22, i45 %p_read_800, i6 23, i45 %p_read_799, i6 24, i45 %p_read_798, i6 25, i45 %p_read_797, i6 26, i45 %p_read_796, i6 27, i45 %p_read_795, i6 28, i45 %p_read_794, i6 29, i45 %p_read_793, i6 30, i45 %p_read_792, i6 31, i45 %p_read_791, i6 32, i45 %p_read_790, i6 33, i45 %p_read_789, i6 34, i45 %p_read_788, i6 35, i45 %p_read_787, i6 36, i45 %p_read_786, i6 37, i45 %p_read_785, i45 0, i6 %add_ln61" [./conv.h:66->top_wrapper.cpp:123]   --->   Operation 680 'sparsemux' 'tmp_51_i' <Predicate = true> <Delay = 0.83> <CoreInst = "BinarySparseMux_DontCare">   --->   Core 149 'BinarySparseMux_DontCare' <Latency = 0> <II = 1> <Delay = 0.83> <FuncUnit> <Opcode : 'sparsemux'> <InPorts = 2> <OutPorts = 1>
ST_11 : Operation 681 [1/1] (0.83ns)   --->   "%tmp_52_i = sparsemux i45 @_ssdm_op_SparseMux.ap_auto.38i45.i45.i6, i6 0, i45 %p_read_784, i6 1, i45 %p_read_783, i6 2, i45 %p_read_782, i6 3, i45 %p_read_781, i6 4, i45 %p_read_780, i6 5, i45 %p_read_779, i6 6, i45 %p_read_778, i6 7, i45 %p_read_777, i6 8, i45 %p_read_776, i6 9, i45 %p_read_775, i6 10, i45 %p_read_774, i6 11, i45 %p_read_773, i6 12, i45 %p_read_772, i6 13, i45 %p_read_771, i6 14, i45 %p_read_770, i6 15, i45 %p_read_769, i6 16, i45 %p_read_768, i6 17, i45 %p_read_767, i6 18, i45 %p_read_766, i6 19, i45 %p_read_765, i6 20, i45 %p_read_764, i6 21, i45 %p_read_763, i6 22, i45 %p_read_762, i6 23, i45 %p_read_761, i6 24, i45 %p_read_760, i6 25, i45 %p_read_759, i6 26, i45 %p_read_758, i6 27, i45 %p_read_757, i6 28, i45 %p_read_756, i6 29, i45 %p_read_755, i6 30, i45 %p_read_754, i6 31, i45 %p_read_753, i6 32, i45 %p_read_752, i6 33, i45 %p_read_751, i6 34, i45 %p_read_750, i6 35, i45 %p_read_749, i6 36, i45 %p_read_748, i6 37, i45 %p_read_747, i45 0, i6 %add_ln61" [./conv.h:66->top_wrapper.cpp:123]   --->   Operation 681 'sparsemux' 'tmp_52_i' <Predicate = true> <Delay = 0.83> <CoreInst = "BinarySparseMux_DontCare">   --->   Core 149 'BinarySparseMux_DontCare' <Latency = 0> <II = 1> <Delay = 0.83> <FuncUnit> <Opcode : 'sparsemux'> <InPorts = 2> <OutPorts = 1>
ST_11 : Operation 682 [1/1] (0.83ns)   --->   "%tmp_53_i = sparsemux i45 @_ssdm_op_SparseMux.ap_auto.38i45.i45.i6, i6 0, i45 %p_read200602, i6 1, i45 %p_read_746, i6 2, i45 %p_read_745, i6 3, i45 %p_read_744, i6 4, i45 %p_read_743, i6 5, i45 %p_read_742, i6 6, i45 %p_read_741, i6 7, i45 %p_read_740, i6 8, i45 %p_read_739, i6 9, i45 %p_read_738, i6 10, i45 %p_read_737, i6 11, i45 %p_read_736, i6 12, i45 %p_read_735, i6 13, i45 %p_read_734, i6 14, i45 %p_read_733, i6 15, i45 %p_read_732, i6 16, i45 %p_read_731, i6 17, i45 %p_read_730, i6 18, i45 %p_read_729, i6 19, i45 %p_read_728, i6 20, i45 %p_read_727, i6 21, i45 %p_read_726, i6 22, i45 %p_read_725, i6 23, i45 %p_read_724, i6 24, i45 %p_read_723, i6 25, i45 %p_read_722, i6 26, i45 %p_read_721, i6 27, i45 %p_read_720, i6 28, i45 %p_read_719, i6 29, i45 %p_read_718, i6 30, i45 %p_read_717, i6 31, i45 %p_read_716, i6 32, i45 %p_read_715, i6 33, i45 %p_read_714, i6 34, i45 %p_read_713, i6 35, i45 %p_read_712, i6 36, i45 %p_read_711, i6 37, i45 %p_read_710, i45 0, i6 %add_ln61" [./conv.h:66->top_wrapper.cpp:123]   --->   Operation 682 'sparsemux' 'tmp_53_i' <Predicate = true> <Delay = 0.83> <CoreInst = "BinarySparseMux_DontCare">   --->   Core 149 'BinarySparseMux_DontCare' <Latency = 0> <II = 1> <Delay = 0.83> <FuncUnit> <Opcode : 'sparsemux'> <InPorts = 2> <OutPorts = 1>
ST_11 : Operation 683 [1/1] (0.83ns)   --->   "%tmp_54_i = sparsemux i45 @_ssdm_op_SparseMux.ap_auto.38i45.i45.i6, i6 0, i45 %p_read_709, i6 1, i45 %p_read_708, i6 2, i45 %p_read_707, i6 3, i45 %p_read_706, i6 4, i45 %p_read_705, i6 5, i45 %p_read_704, i6 6, i45 %p_read_703, i6 7, i45 %p_read_702, i6 8, i45 %p_read_701, i6 9, i45 %p_read_700, i6 10, i45 %p_read_699, i6 11, i45 %p_read_698, i6 12, i45 %p_read_697, i6 13, i45 %p_read_696, i6 14, i45 %p_read_695, i6 15, i45 %p_read_694, i6 16, i45 %p_read_693, i6 17, i45 %p_read_692, i6 18, i45 %p_read_691, i6 19, i45 %p_read_690, i6 20, i45 %p_read_689, i6 21, i45 %p_read_688, i6 22, i45 %p_read_687, i6 23, i45 %p_read_686, i6 24, i45 %p_read_685, i6 25, i45 %p_read_684, i6 26, i45 %p_read_683, i6 27, i45 %p_read_682, i6 28, i45 %p_read_681, i6 29, i45 %p_read_680, i6 30, i45 %p_read_679, i6 31, i45 %p_read_678, i6 32, i45 %p_read_677, i6 33, i45 %p_read_676, i6 34, i45 %p_read_675, i6 35, i45 %p_read_674, i6 36, i45 %p_read_673, i6 37, i45 %p_read_672, i45 0, i6 %add_ln61" [./conv.h:66->top_wrapper.cpp:123]   --->   Operation 683 'sparsemux' 'tmp_54_i' <Predicate = true> <Delay = 0.83> <CoreInst = "BinarySparseMux_DontCare">   --->   Core 149 'BinarySparseMux_DontCare' <Latency = 0> <II = 1> <Delay = 0.83> <FuncUnit> <Opcode : 'sparsemux'> <InPorts = 2> <OutPorts = 1>
ST_11 : Operation 684 [1/1] (0.83ns)   --->   "%tmp_55_i = sparsemux i45 @_ssdm_op_SparseMux.ap_auto.38i45.i45.i6, i6 0, i45 %p_read_671, i6 1, i45 %p_read_670, i6 2, i45 %p_read_669, i6 3, i45 %p_read_668, i6 4, i45 %p_read_667, i6 5, i45 %p_read_666, i6 6, i45 %p_read_665, i6 7, i45 %p_read_664, i6 8, i45 %p_read_663, i6 9, i45 %p_read_662, i6 10, i45 %p_read_661, i6 11, i45 %p_read_660, i6 12, i45 %p_read_659, i6 13, i45 %p_read_658, i6 14, i45 %p_read_657, i6 15, i45 %p_read_656, i6 16, i45 %p_read_655, i6 17, i45 %p_read_654, i6 18, i45 %p_read_653, i6 19, i45 %p_read_652, i6 20, i45 %p_read_651, i6 21, i45 %p_read_650, i6 22, i45 %p_read_649, i6 23, i45 %p_read_648, i6 24, i45 %p_read_647, i6 25, i45 %p_read_646, i6 26, i45 %p_read_645, i6 27, i45 %p_read_644, i6 28, i45 %p_read_643, i6 29, i45 %p_read_642, i6 30, i45 %p_read_641, i6 31, i45 %p_read_640, i6 32, i45 %p_read_639, i6 33, i45 %p_read_638, i6 34, i45 %p_read_637, i6 35, i45 %p_read_636, i6 36, i45 %p_read_635, i6 37, i45 %p_read_634, i45 0, i6 %add_ln61" [./conv.h:66->top_wrapper.cpp:123]   --->   Operation 684 'sparsemux' 'tmp_55_i' <Predicate = true> <Delay = 0.83> <CoreInst = "BinarySparseMux_DontCare">   --->   Core 149 'BinarySparseMux_DontCare' <Latency = 0> <II = 1> <Delay = 0.83> <FuncUnit> <Opcode : 'sparsemux'> <InPorts = 2> <OutPorts = 1>
ST_11 : Operation 685 [1/1] (0.83ns)   --->   "%tmp_56_i = sparsemux i45 @_ssdm_op_SparseMux.ap_auto.38i45.i45.i6, i6 0, i45 %p_read_633, i6 1, i45 %p_read_632, i6 2, i45 %p_read_631, i6 3, i45 %p_read_630, i6 4, i45 %p_read_629, i6 5, i45 %p_read_628, i6 6, i45 %p_read_627, i6 7, i45 %p_read_626, i6 8, i45 %p_read_625, i6 9, i45 %p_read_624, i6 10, i45 %p_read_623, i6 11, i45 %p_read_622, i6 12, i45 %p_read_621, i6 13, i45 %p_read_620, i6 14, i45 %p_read_619, i6 15, i45 %p_read_618, i6 16, i45 %p_read_617, i6 17, i45 %p_read_616, i6 18, i45 %p_read_615, i6 19, i45 %p_read_614, i6 20, i45 %p_read_613, i6 21, i45 %p_read_612, i6 22, i45 %p_read_611, i6 23, i45 %p_read_610, i6 24, i45 %p_read_609, i6 25, i45 %p_read_608, i6 26, i45 %p_read_607, i6 27, i45 %p_read_606, i6 28, i45 %p_read_605, i6 29, i45 %p_read_604, i6 30, i45 %p_read_603, i6 31, i45 %p_read_602, i6 32, i45 %p_read_601, i6 33, i45 %p_read_600, i6 34, i45 %p_read_599, i6 35, i45 %p_read_598, i6 36, i45 %p_read_597, i6 37, i45 %p_read_596, i45 0, i6 %add_ln61" [./conv.h:66->top_wrapper.cpp:123]   --->   Operation 685 'sparsemux' 'tmp_56_i' <Predicate = true> <Delay = 0.83> <CoreInst = "BinarySparseMux_DontCare">   --->   Core 149 'BinarySparseMux_DontCare' <Latency = 0> <II = 1> <Delay = 0.83> <FuncUnit> <Opcode : 'sparsemux'> <InPorts = 2> <OutPorts = 1>
ST_11 : Operation 686 [1/1] (0.83ns)   --->   "%tmp_57_i = sparsemux i45 @_ssdm_op_SparseMux.ap_auto.38i45.i45.i6, i6 0, i45 %p_read_595, i6 1, i45 %p_read_594, i6 2, i45 %p_read_593, i6 3, i45 %p_read_592, i6 4, i45 %p_read_591, i6 5, i45 %p_read_590, i6 6, i45 %p_read_589, i6 7, i45 %p_read_588, i6 8, i45 %p_read_587, i6 9, i45 %p_read_586, i6 10, i45 %p_read_585, i6 11, i45 %p_read_584, i6 12, i45 %p_read_583, i6 13, i45 %p_read_582, i6 14, i45 %p_read_581, i6 15, i45 %p_read_580, i6 16, i45 %p_read_579, i6 17, i45 %p_read_578, i6 18, i45 %p_read_577, i6 19, i45 %p_read_576, i6 20, i45 %p_read_575, i6 21, i45 %p_read_574, i6 22, i45 %p_read_573, i6 23, i45 %p_read_572, i6 24, i45 %p_read_571, i6 25, i45 %p_read_570, i6 26, i45 %p_read_569, i6 27, i45 %p_read_568, i6 28, i45 %p_read_567, i6 29, i45 %p_read_566, i6 30, i45 %p_read_565, i6 31, i45 %p_read_564, i6 32, i45 %p_read_563, i6 33, i45 %p_read_562, i6 34, i45 %p_read_561, i6 35, i45 %p_read_560, i6 36, i45 %p_read_559, i6 37, i45 %p_read_558, i45 0, i6 %add_ln61" [./conv.h:66->top_wrapper.cpp:123]   --->   Operation 686 'sparsemux' 'tmp_57_i' <Predicate = true> <Delay = 0.83> <CoreInst = "BinarySparseMux_DontCare">   --->   Core 149 'BinarySparseMux_DontCare' <Latency = 0> <II = 1> <Delay = 0.83> <FuncUnit> <Opcode : 'sparsemux'> <InPorts = 2> <OutPorts = 1>
ST_11 : Operation 687 [1/1] (0.77ns)   --->   "%tmp_58_i = sparsemux i45 @_ssdm_op_SparseMux.ap_auto.9i45.i45.i4, i4 0, i45 %tmp_i, i4 1, i45 %tmp_i_56, i4 2, i45 %tmp_51_i, i4 3, i45 %tmp_52_i, i4 4, i45 %tmp_53_i, i4 5, i45 %tmp_54_i, i4 6, i45 %tmp_55_i, i4 7, i45 %tmp_56_i, i4 8, i45 %tmp_57_i, i45 0, i4 %s_mem_i" [./conv.h:66->top_wrapper.cpp:123]   --->   Operation 687 'sparsemux' 'tmp_58_i' <Predicate = true> <Delay = 0.77> <CoreInst = "BinarySparseMux_DontCare">   --->   Core 149 'BinarySparseMux_DontCare' <Latency = 0> <II = 1> <Delay = 0.77> <FuncUnit> <Opcode : 'sparsemux'> <InPorts = 2> <OutPorts = 1>
ST_11 : Operation 688 [1/1] (0.54ns)   --->   "%icmp_ln66 = icmp_eq  i2 %s_ich_1_mid2, i2 1" [./conv.h:66->top_wrapper.cpp:123]   --->   Operation 688 'icmp' 'icmp_ln66' <Predicate = true> <Delay = 0.54> <CoreInst = "Cmp">   --->   Core 9 'Cmp' <Latency = 0> <II = 1> <Delay = 0.54> <FuncUnit> <Opcode : 'seteq' 'setne' 'setle' 'setge' 'setlt' 'setgt'> <InPorts = 2> <OutPorts = 1>
ST_11 : Operation 689 [1/1] (0.67ns)   --->   "%add_ln61_10 = add i3 %mul76_117_i, i3 %zext_ln56_1" [./conv.h:61->top_wrapper.cpp:123]   --->   Operation 689 'add' 'add_ln61_10' <Predicate = true> <Delay = 0.67> <CoreInst = "Adder">   --->   Core 1 'Adder' <Latency = 0> <II = 1> <Delay = 0.67> <FuncUnit> <Opcode : 'add' 'sub'> <InPorts = 2> <OutPorts = 1>
ST_11 : Operation 690 [1/1] (0.00ns)   --->   "%zext_ln61_1 = zext i3 %add_ln61_10" [./conv.h:61->top_wrapper.cpp:123]   --->   Operation 690 'zext' 'zext_ln61_1' <Predicate = true> <Delay = 0.00>
ST_11 : Operation 691 [1/1] (0.78ns)   --->   "%add_ln61_1 = add i6 %zext_ln61_1, i6 %mul81_i" [./conv.h:61->top_wrapper.cpp:123]   --->   Operation 691 'add' 'add_ln61_1' <Predicate = true> <Delay = 0.78> <CoreInst = "Adder">   --->   Core 1 'Adder' <Latency = 0> <II = 1> <Delay = 0.78> <FuncUnit> <Opcode : 'add' 'sub'> <InPorts = 2> <OutPorts = 1>
ST_11 : Operation 692 [1/1] (0.83ns)   --->   "%tmp_59_i = sparsemux i45 @_ssdm_op_SparseMux.ap_auto.38i45.i45.i6, i6 0, i45 %p_read450, i6 1, i45 %p_read1451, i6 2, i45 %p_read2452, i6 3, i45 %p_read3453, i6 4, i45 %p_read4454, i6 5, i45 %p_read5455, i6 6, i45 %p_read6456, i6 7, i45 %p_read7457, i6 8, i45 %p_read8458, i6 9, i45 %p_read9459, i6 10, i45 %p_read10460, i6 11, i45 %p_read_880, i6 12, i45 %p_read_879, i6 13, i45 %p_read_878, i6 14, i45 %p_read_877, i6 15, i45 %p_read_876, i6 16, i45 %p_read_875, i6 17, i45 %p_read_874, i6 18, i45 %p_read_873, i6 19, i45 %p_read_872, i6 20, i45 %p_read20470, i6 21, i45 %p_read_871, i6 22, i45 %p_read_870, i6 23, i45 %p_read_869, i6 24, i45 %p_read_868, i6 25, i45 %p_read_867, i6 26, i45 %p_read_866, i6 27, i45 %p_read_865, i6 28, i45 %p_read_864, i6 29, i45 %p_read_863, i6 30, i45 %p_read30480, i6 31, i45 %p_read_862, i6 32, i45 %p_read_861, i6 33, i45 %p_read_860, i6 34, i45 %p_read_859, i6 35, i45 %p_read_858, i6 36, i45 %p_read_857, i6 37, i45 %p_read_856, i45 0, i6 %add_ln61_1" [./conv.h:66->top_wrapper.cpp:123]   --->   Operation 692 'sparsemux' 'tmp_59_i' <Predicate = true> <Delay = 0.83> <CoreInst = "BinarySparseMux_DontCare">   --->   Core 149 'BinarySparseMux_DontCare' <Latency = 0> <II = 1> <Delay = 0.83> <FuncUnit> <Opcode : 'sparsemux'> <InPorts = 2> <OutPorts = 1>
ST_11 : Operation 693 [1/1] (0.83ns)   --->   "%tmp_60_i = sparsemux i45 @_ssdm_op_SparseMux.ap_auto.38i45.i45.i6, i6 0, i45 %p_read50488, i6 1, i45 %p_read_855, i6 2, i45 %p_read_854, i6 3, i45 %p_read_853, i6 4, i45 %p_read_852, i6 5, i45 %p_read_851, i6 6, i45 %p_read_850, i6 7, i45 %p_read_849, i6 8, i45 %p_read_848, i6 9, i45 %p_read_847, i6 10, i45 %p_read60498, i6 11, i45 %p_read_846, i6 12, i45 %p_read_845, i6 13, i45 %p_read_844, i6 14, i45 %p_read_843, i6 15, i45 %p_read_842, i6 16, i45 %p_read_841, i6 17, i45 %p_read_840, i6 18, i45 %p_read_839, i6 19, i45 %p_read_838, i6 20, i45 %p_read70508, i6 21, i45 %p_read_837, i6 22, i45 %p_read_836, i6 23, i45 %p_read_835, i6 24, i45 %p_read_834, i6 25, i45 %p_read_833, i6 26, i45 %p_read_832, i6 27, i45 %p_read_831, i6 28, i45 %p_read_830, i6 29, i45 %p_read_829, i6 30, i45 %p_read80518, i6 31, i45 %p_read_828, i6 32, i45 %p_read_827, i6 33, i45 %p_read_826, i6 34, i45 %p_read_825, i6 35, i45 %p_read_824, i6 36, i45 %p_read_823, i6 37, i45 %p_read_822, i45 0, i6 %add_ln61_1" [./conv.h:66->top_wrapper.cpp:123]   --->   Operation 693 'sparsemux' 'tmp_60_i' <Predicate = true> <Delay = 0.83> <CoreInst = "BinarySparseMux_DontCare">   --->   Core 149 'BinarySparseMux_DontCare' <Latency = 0> <II = 1> <Delay = 0.83> <FuncUnit> <Opcode : 'sparsemux'> <InPorts = 2> <OutPorts = 1>
ST_11 : Operation 694 [1/1] (0.83ns)   --->   "%tmp_61_i = sparsemux i45 @_ssdm_op_SparseMux.ap_auto.38i45.i45.i6, i6 0, i45 %p_read100526, i6 1, i45 %p_read_821, i6 2, i45 %p_read_820, i6 3, i45 %p_read_819, i6 4, i45 %p_read_818, i6 5, i45 %p_read_817, i6 6, i45 %p_read_816, i6 7, i45 %p_read_815, i6 8, i45 %p_read_814, i6 9, i45 %p_read_813, i6 10, i45 %p_read_812, i6 11, i45 %p_read_811, i6 12, i45 %p_read_810, i6 13, i45 %p_read_809, i6 14, i45 %p_read_808, i6 15, i45 %p_read_807, i6 16, i45 %p_read_806, i6 17, i45 %p_read_805, i6 18, i45 %p_read_804, i6 19, i45 %p_read_803, i6 20, i45 %p_read_802, i6 21, i45 %p_read_801, i6 22, i45 %p_read_800, i6 23, i45 %p_read_799, i6 24, i45 %p_read_798, i6 25, i45 %p_read_797, i6 26, i45 %p_read_796, i6 27, i45 %p_read_795, i6 28, i45 %p_read_794, i6 29, i45 %p_read_793, i6 30, i45 %p_read_792, i6 31, i45 %p_read_791, i6 32, i45 %p_read_790, i6 33, i45 %p_read_789, i6 34, i45 %p_read_788, i6 35, i45 %p_read_787, i6 36, i45 %p_read_786, i6 37, i45 %p_read_785, i45 0, i6 %add_ln61_1" [./conv.h:66->top_wrapper.cpp:123]   --->   Operation 694 'sparsemux' 'tmp_61_i' <Predicate = true> <Delay = 0.83> <CoreInst = "BinarySparseMux_DontCare">   --->   Core 149 'BinarySparseMux_DontCare' <Latency = 0> <II = 1> <Delay = 0.83> <FuncUnit> <Opcode : 'sparsemux'> <InPorts = 2> <OutPorts = 1>
ST_11 : Operation 695 [1/1] (0.83ns)   --->   "%tmp_62_i = sparsemux i45 @_ssdm_op_SparseMux.ap_auto.38i45.i45.i6, i6 0, i45 %p_read_784, i6 1, i45 %p_read_783, i6 2, i45 %p_read_782, i6 3, i45 %p_read_781, i6 4, i45 %p_read_780, i6 5, i45 %p_read_779, i6 6, i45 %p_read_778, i6 7, i45 %p_read_777, i6 8, i45 %p_read_776, i6 9, i45 %p_read_775, i6 10, i45 %p_read_774, i6 11, i45 %p_read_773, i6 12, i45 %p_read_772, i6 13, i45 %p_read_771, i6 14, i45 %p_read_770, i6 15, i45 %p_read_769, i6 16, i45 %p_read_768, i6 17, i45 %p_read_767, i6 18, i45 %p_read_766, i6 19, i45 %p_read_765, i6 20, i45 %p_read_764, i6 21, i45 %p_read_763, i6 22, i45 %p_read_762, i6 23, i45 %p_read_761, i6 24, i45 %p_read_760, i6 25, i45 %p_read_759, i6 26, i45 %p_read_758, i6 27, i45 %p_read_757, i6 28, i45 %p_read_756, i6 29, i45 %p_read_755, i6 30, i45 %p_read_754, i6 31, i45 %p_read_753, i6 32, i45 %p_read_752, i6 33, i45 %p_read_751, i6 34, i45 %p_read_750, i6 35, i45 %p_read_749, i6 36, i45 %p_read_748, i6 37, i45 %p_read_747, i45 0, i6 %add_ln61_1" [./conv.h:66->top_wrapper.cpp:123]   --->   Operation 695 'sparsemux' 'tmp_62_i' <Predicate = true> <Delay = 0.83> <CoreInst = "BinarySparseMux_DontCare">   --->   Core 149 'BinarySparseMux_DontCare' <Latency = 0> <II = 1> <Delay = 0.83> <FuncUnit> <Opcode : 'sparsemux'> <InPorts = 2> <OutPorts = 1>
ST_11 : Operation 696 [1/1] (0.83ns)   --->   "%tmp_63_i = sparsemux i45 @_ssdm_op_SparseMux.ap_auto.38i45.i45.i6, i6 0, i45 %p_read200602, i6 1, i45 %p_read_746, i6 2, i45 %p_read_745, i6 3, i45 %p_read_744, i6 4, i45 %p_read_743, i6 5, i45 %p_read_742, i6 6, i45 %p_read_741, i6 7, i45 %p_read_740, i6 8, i45 %p_read_739, i6 9, i45 %p_read_738, i6 10, i45 %p_read_737, i6 11, i45 %p_read_736, i6 12, i45 %p_read_735, i6 13, i45 %p_read_734, i6 14, i45 %p_read_733, i6 15, i45 %p_read_732, i6 16, i45 %p_read_731, i6 17, i45 %p_read_730, i6 18, i45 %p_read_729, i6 19, i45 %p_read_728, i6 20, i45 %p_read_727, i6 21, i45 %p_read_726, i6 22, i45 %p_read_725, i6 23, i45 %p_read_724, i6 24, i45 %p_read_723, i6 25, i45 %p_read_722, i6 26, i45 %p_read_721, i6 27, i45 %p_read_720, i6 28, i45 %p_read_719, i6 29, i45 %p_read_718, i6 30, i45 %p_read_717, i6 31, i45 %p_read_716, i6 32, i45 %p_read_715, i6 33, i45 %p_read_714, i6 34, i45 %p_read_713, i6 35, i45 %p_read_712, i6 36, i45 %p_read_711, i6 37, i45 %p_read_710, i45 0, i6 %add_ln61_1" [./conv.h:66->top_wrapper.cpp:123]   --->   Operation 696 'sparsemux' 'tmp_63_i' <Predicate = true> <Delay = 0.83> <CoreInst = "BinarySparseMux_DontCare">   --->   Core 149 'BinarySparseMux_DontCare' <Latency = 0> <II = 1> <Delay = 0.83> <FuncUnit> <Opcode : 'sparsemux'> <InPorts = 2> <OutPorts = 1>
ST_11 : Operation 697 [1/1] (0.83ns)   --->   "%tmp_64_i = sparsemux i45 @_ssdm_op_SparseMux.ap_auto.38i45.i45.i6, i6 0, i45 %p_read_709, i6 1, i45 %p_read_708, i6 2, i45 %p_read_707, i6 3, i45 %p_read_706, i6 4, i45 %p_read_705, i6 5, i45 %p_read_704, i6 6, i45 %p_read_703, i6 7, i45 %p_read_702, i6 8, i45 %p_read_701, i6 9, i45 %p_read_700, i6 10, i45 %p_read_699, i6 11, i45 %p_read_698, i6 12, i45 %p_read_697, i6 13, i45 %p_read_696, i6 14, i45 %p_read_695, i6 15, i45 %p_read_694, i6 16, i45 %p_read_693, i6 17, i45 %p_read_692, i6 18, i45 %p_read_691, i6 19, i45 %p_read_690, i6 20, i45 %p_read_689, i6 21, i45 %p_read_688, i6 22, i45 %p_read_687, i6 23, i45 %p_read_686, i6 24, i45 %p_read_685, i6 25, i45 %p_read_684, i6 26, i45 %p_read_683, i6 27, i45 %p_read_682, i6 28, i45 %p_read_681, i6 29, i45 %p_read_680, i6 30, i45 %p_read_679, i6 31, i45 %p_read_678, i6 32, i45 %p_read_677, i6 33, i45 %p_read_676, i6 34, i45 %p_read_675, i6 35, i45 %p_read_674, i6 36, i45 %p_read_673, i6 37, i45 %p_read_672, i45 0, i6 %add_ln61_1" [./conv.h:66->top_wrapper.cpp:123]   --->   Operation 697 'sparsemux' 'tmp_64_i' <Predicate = true> <Delay = 0.83> <CoreInst = "BinarySparseMux_DontCare">   --->   Core 149 'BinarySparseMux_DontCare' <Latency = 0> <II = 1> <Delay = 0.83> <FuncUnit> <Opcode : 'sparsemux'> <InPorts = 2> <OutPorts = 1>
ST_11 : Operation 698 [1/1] (0.83ns)   --->   "%tmp_65_i = sparsemux i45 @_ssdm_op_SparseMux.ap_auto.38i45.i45.i6, i6 0, i45 %p_read_671, i6 1, i45 %p_read_670, i6 2, i45 %p_read_669, i6 3, i45 %p_read_668, i6 4, i45 %p_read_667, i6 5, i45 %p_read_666, i6 6, i45 %p_read_665, i6 7, i45 %p_read_664, i6 8, i45 %p_read_663, i6 9, i45 %p_read_662, i6 10, i45 %p_read_661, i6 11, i45 %p_read_660, i6 12, i45 %p_read_659, i6 13, i45 %p_read_658, i6 14, i45 %p_read_657, i6 15, i45 %p_read_656, i6 16, i45 %p_read_655, i6 17, i45 %p_read_654, i6 18, i45 %p_read_653, i6 19, i45 %p_read_652, i6 20, i45 %p_read_651, i6 21, i45 %p_read_650, i6 22, i45 %p_read_649, i6 23, i45 %p_read_648, i6 24, i45 %p_read_647, i6 25, i45 %p_read_646, i6 26, i45 %p_read_645, i6 27, i45 %p_read_644, i6 28, i45 %p_read_643, i6 29, i45 %p_read_642, i6 30, i45 %p_read_641, i6 31, i45 %p_read_640, i6 32, i45 %p_read_639, i6 33, i45 %p_read_638, i6 34, i45 %p_read_637, i6 35, i45 %p_read_636, i6 36, i45 %p_read_635, i6 37, i45 %p_read_634, i45 0, i6 %add_ln61_1" [./conv.h:66->top_wrapper.cpp:123]   --->   Operation 698 'sparsemux' 'tmp_65_i' <Predicate = true> <Delay = 0.83> <CoreInst = "BinarySparseMux_DontCare">   --->   Core 149 'BinarySparseMux_DontCare' <Latency = 0> <II = 1> <Delay = 0.83> <FuncUnit> <Opcode : 'sparsemux'> <InPorts = 2> <OutPorts = 1>
ST_11 : Operation 699 [1/1] (0.83ns)   --->   "%tmp_66_i = sparsemux i45 @_ssdm_op_SparseMux.ap_auto.38i45.i45.i6, i6 0, i45 %p_read_633, i6 1, i45 %p_read_632, i6 2, i45 %p_read_631, i6 3, i45 %p_read_630, i6 4, i45 %p_read_629, i6 5, i45 %p_read_628, i6 6, i45 %p_read_627, i6 7, i45 %p_read_626, i6 8, i45 %p_read_625, i6 9, i45 %p_read_624, i6 10, i45 %p_read_623, i6 11, i45 %p_read_622, i6 12, i45 %p_read_621, i6 13, i45 %p_read_620, i6 14, i45 %p_read_619, i6 15, i45 %p_read_618, i6 16, i45 %p_read_617, i6 17, i45 %p_read_616, i6 18, i45 %p_read_615, i6 19, i45 %p_read_614, i6 20, i45 %p_read_613, i6 21, i45 %p_read_612, i6 22, i45 %p_read_611, i6 23, i45 %p_read_610, i6 24, i45 %p_read_609, i6 25, i45 %p_read_608, i6 26, i45 %p_read_607, i6 27, i45 %p_read_606, i6 28, i45 %p_read_605, i6 29, i45 %p_read_604, i6 30, i45 %p_read_603, i6 31, i45 %p_read_602, i6 32, i45 %p_read_601, i6 33, i45 %p_read_600, i6 34, i45 %p_read_599, i6 35, i45 %p_read_598, i6 36, i45 %p_read_597, i6 37, i45 %p_read_596, i45 0, i6 %add_ln61_1" [./conv.h:66->top_wrapper.cpp:123]   --->   Operation 699 'sparsemux' 'tmp_66_i' <Predicate = true> <Delay = 0.83> <CoreInst = "BinarySparseMux_DontCare">   --->   Core 149 'BinarySparseMux_DontCare' <Latency = 0> <II = 1> <Delay = 0.83> <FuncUnit> <Opcode : 'sparsemux'> <InPorts = 2> <OutPorts = 1>
ST_11 : Operation 700 [1/1] (0.83ns)   --->   "%tmp_67_i = sparsemux i45 @_ssdm_op_SparseMux.ap_auto.38i45.i45.i6, i6 0, i45 %p_read_595, i6 1, i45 %p_read_594, i6 2, i45 %p_read_593, i6 3, i45 %p_read_592, i6 4, i45 %p_read_591, i6 5, i45 %p_read_590, i6 6, i45 %p_read_589, i6 7, i45 %p_read_588, i6 8, i45 %p_read_587, i6 9, i45 %p_read_586, i6 10, i45 %p_read_585, i6 11, i45 %p_read_584, i6 12, i45 %p_read_583, i6 13, i45 %p_read_582, i6 14, i45 %p_read_581, i6 15, i45 %p_read_580, i6 16, i45 %p_read_579, i6 17, i45 %p_read_578, i6 18, i45 %p_read_577, i6 19, i45 %p_read_576, i6 20, i45 %p_read_575, i6 21, i45 %p_read_574, i6 22, i45 %p_read_573, i6 23, i45 %p_read_572, i6 24, i45 %p_read_571, i6 25, i45 %p_read_570, i6 26, i45 %p_read_569, i6 27, i45 %p_read_568, i6 28, i45 %p_read_567, i6 29, i45 %p_read_566, i6 30, i45 %p_read_565, i6 31, i45 %p_read_564, i6 32, i45 %p_read_563, i6 33, i45 %p_read_562, i6 34, i45 %p_read_561, i6 35, i45 %p_read_560, i6 36, i45 %p_read_559, i6 37, i45 %p_read_558, i45 0, i6 %add_ln61_1" [./conv.h:66->top_wrapper.cpp:123]   --->   Operation 700 'sparsemux' 'tmp_67_i' <Predicate = true> <Delay = 0.83> <CoreInst = "BinarySparseMux_DontCare">   --->   Core 149 'BinarySparseMux_DontCare' <Latency = 0> <II = 1> <Delay = 0.83> <FuncUnit> <Opcode : 'sparsemux'> <InPorts = 2> <OutPorts = 1>
ST_11 : Operation 701 [1/1] (0.77ns)   --->   "%tmp_68_i = sparsemux i45 @_ssdm_op_SparseMux.ap_auto.9i45.i45.i4, i4 0, i45 %tmp_59_i, i4 1, i45 %tmp_60_i, i4 2, i45 %tmp_61_i, i4 3, i45 %tmp_62_i, i4 4, i45 %tmp_63_i, i4 5, i45 %tmp_64_i, i4 6, i45 %tmp_65_i, i4 7, i45 %tmp_66_i, i4 8, i45 %tmp_67_i, i45 0, i4 %add93_12132220_i" [./conv.h:66->top_wrapper.cpp:123]   --->   Operation 701 'sparsemux' 'tmp_68_i' <Predicate = true> <Delay = 0.77> <CoreInst = "BinarySparseMux_DontCare">   --->   Core 149 'BinarySparseMux_DontCare' <Latency = 0> <II = 1> <Delay = 0.77> <FuncUnit> <Opcode : 'sparsemux'> <InPorts = 2> <OutPorts = 1>
ST_11 : Operation 702 [1/1] (0.79ns)   --->   "%add_ln61_11 = add i4 %mul76_243_i, i4 %zext_ln56" [./conv.h:61->top_wrapper.cpp:123]   --->   Operation 702 'add' 'add_ln61_11' <Predicate = true> <Delay = 0.79> <CoreInst = "Adder">   --->   Core 1 'Adder' <Latency = 0> <II = 1> <Delay = 0.79> <FuncUnit> <Opcode : 'add' 'sub'> <InPorts = 2> <OutPorts = 1>
ST_11 : Operation 703 [1/1] (0.00ns)   --->   "%zext_ln61_2 = zext i4 %add_ln61_11" [./conv.h:61->top_wrapper.cpp:123]   --->   Operation 703 'zext' 'zext_ln61_2' <Predicate = true> <Delay = 0.00>
ST_11 : Operation 704 [1/1] (0.78ns)   --->   "%add_ln61_2 = add i6 %zext_ln61_2, i6 %mul81_i" [./conv.h:61->top_wrapper.cpp:123]   --->   Operation 704 'add' 'add_ln61_2' <Predicate = true> <Delay = 0.78> <CoreInst = "Adder">   --->   Core 1 'Adder' <Latency = 0> <II = 1> <Delay = 0.78> <FuncUnit> <Opcode : 'add' 'sub'> <InPorts = 2> <OutPorts = 1>
ST_11 : Operation 705 [1/1] (0.84ns)   --->   "%tmp_69_i = sparsemux i45 @_ssdm_op_SparseMux.ap_auto.40i45.i45.i6, i6 0, i45 %p_read450, i6 1, i45 %p_read1451, i6 2, i45 %p_read2452, i6 3, i45 %p_read3453, i6 4, i45 %p_read4454, i6 5, i45 %p_read5455, i6 6, i45 %p_read6456, i6 7, i45 %p_read7457, i6 8, i45 %p_read8458, i6 9, i45 %p_read9459, i6 10, i45 %p_read10460, i6 11, i45 %p_read_880, i6 12, i45 %p_read_879, i6 13, i45 %p_read_878, i6 14, i45 %p_read_877, i6 15, i45 %p_read_876, i6 16, i45 %p_read_875, i6 17, i45 %p_read_874, i6 18, i45 %p_read_873, i6 19, i45 %p_read_872, i6 20, i45 %p_read20470, i6 21, i45 %p_read_871, i6 22, i45 %p_read_870, i6 23, i45 %p_read_869, i6 24, i45 %p_read_868, i6 25, i45 %p_read_867, i6 26, i45 %p_read_866, i6 27, i45 %p_read_865, i6 28, i45 %p_read_864, i6 29, i45 %p_read_863, i6 30, i45 %p_read30480, i6 31, i45 %p_read_862, i6 32, i45 %p_read_861, i6 33, i45 %p_read_860, i6 34, i45 %p_read_859, i6 35, i45 %p_read_858, i6 36, i45 %p_read_857, i6 37, i45 %p_read_856, i6 38, i45 %p_read_557, i6 39, i45 %p_read_556, i45 0, i6 %add_ln61_2" [./conv.h:66->top_wrapper.cpp:123]   --->   Operation 705 'sparsemux' 'tmp_69_i' <Predicate = true> <Delay = 0.84> <CoreInst = "BinarySparseMux_DontCare">   --->   Core 149 'BinarySparseMux_DontCare' <Latency = 0> <II = 1> <Delay = 0.84> <FuncUnit> <Opcode : 'sparsemux'> <InPorts = 2> <OutPorts = 1>
ST_11 : Operation 706 [1/1] (0.84ns)   --->   "%tmp_70_i = sparsemux i45 @_ssdm_op_SparseMux.ap_auto.40i45.i45.i6, i6 0, i45 %p_read50488, i6 1, i45 %p_read_855, i6 2, i45 %p_read_854, i6 3, i45 %p_read_853, i6 4, i45 %p_read_852, i6 5, i45 %p_read_851, i6 6, i45 %p_read_850, i6 7, i45 %p_read_849, i6 8, i45 %p_read_848, i6 9, i45 %p_read_847, i6 10, i45 %p_read60498, i6 11, i45 %p_read_846, i6 12, i45 %p_read_845, i6 13, i45 %p_read_844, i6 14, i45 %p_read_843, i6 15, i45 %p_read_842, i6 16, i45 %p_read_841, i6 17, i45 %p_read_840, i6 18, i45 %p_read_839, i6 19, i45 %p_read_838, i6 20, i45 %p_read70508, i6 21, i45 %p_read_837, i6 22, i45 %p_read_836, i6 23, i45 %p_read_835, i6 24, i45 %p_read_834, i6 25, i45 %p_read_833, i6 26, i45 %p_read_832, i6 27, i45 %p_read_831, i6 28, i45 %p_read_830, i6 29, i45 %p_read_829, i6 30, i45 %p_read80518, i6 31, i45 %p_read_828, i6 32, i45 %p_read_827, i6 33, i45 %p_read_826, i6 34, i45 %p_read_825, i6 35, i45 %p_read_824, i6 36, i45 %p_read_823, i6 37, i45 %p_read_822, i6 38, i45 %p_read_555, i6 39, i45 %p_read_554, i45 0, i6 %add_ln61_2" [./conv.h:66->top_wrapper.cpp:123]   --->   Operation 706 'sparsemux' 'tmp_70_i' <Predicate = true> <Delay = 0.84> <CoreInst = "BinarySparseMux_DontCare">   --->   Core 149 'BinarySparseMux_DontCare' <Latency = 0> <II = 1> <Delay = 0.84> <FuncUnit> <Opcode : 'sparsemux'> <InPorts = 2> <OutPorts = 1>
ST_11 : Operation 707 [1/1] (0.84ns)   --->   "%tmp_71_i = sparsemux i45 @_ssdm_op_SparseMux.ap_auto.40i45.i45.i6, i6 0, i45 %p_read100526, i6 1, i45 %p_read_821, i6 2, i45 %p_read_820, i6 3, i45 %p_read_819, i6 4, i45 %p_read_818, i6 5, i45 %p_read_817, i6 6, i45 %p_read_816, i6 7, i45 %p_read_815, i6 8, i45 %p_read_814, i6 9, i45 %p_read_813, i6 10, i45 %p_read_812, i6 11, i45 %p_read_811, i6 12, i45 %p_read_810, i6 13, i45 %p_read_809, i6 14, i45 %p_read_808, i6 15, i45 %p_read_807, i6 16, i45 %p_read_806, i6 17, i45 %p_read_805, i6 18, i45 %p_read_804, i6 19, i45 %p_read_803, i6 20, i45 %p_read_802, i6 21, i45 %p_read_801, i6 22, i45 %p_read_800, i6 23, i45 %p_read_799, i6 24, i45 %p_read_798, i6 25, i45 %p_read_797, i6 26, i45 %p_read_796, i6 27, i45 %p_read_795, i6 28, i45 %p_read_794, i6 29, i45 %p_read_793, i6 30, i45 %p_read_792, i6 31, i45 %p_read_791, i6 32, i45 %p_read_790, i6 33, i45 %p_read_789, i6 34, i45 %p_read_788, i6 35, i45 %p_read_787, i6 36, i45 %p_read_786, i6 37, i45 %p_read_785, i6 38, i45 %p_read_553, i6 39, i45 %p_read_552, i45 0, i6 %add_ln61_2" [./conv.h:66->top_wrapper.cpp:123]   --->   Operation 707 'sparsemux' 'tmp_71_i' <Predicate = true> <Delay = 0.84> <CoreInst = "BinarySparseMux_DontCare">   --->   Core 149 'BinarySparseMux_DontCare' <Latency = 0> <II = 1> <Delay = 0.84> <FuncUnit> <Opcode : 'sparsemux'> <InPorts = 2> <OutPorts = 1>
ST_11 : Operation 708 [1/1] (0.84ns)   --->   "%tmp_72_i = sparsemux i45 @_ssdm_op_SparseMux.ap_auto.40i45.i45.i6, i6 0, i45 %p_read_784, i6 1, i45 %p_read_783, i6 2, i45 %p_read_782, i6 3, i45 %p_read_781, i6 4, i45 %p_read_780, i6 5, i45 %p_read_779, i6 6, i45 %p_read_778, i6 7, i45 %p_read_777, i6 8, i45 %p_read_776, i6 9, i45 %p_read_775, i6 10, i45 %p_read_774, i6 11, i45 %p_read_773, i6 12, i45 %p_read_772, i6 13, i45 %p_read_771, i6 14, i45 %p_read_770, i6 15, i45 %p_read_769, i6 16, i45 %p_read_768, i6 17, i45 %p_read_767, i6 18, i45 %p_read_766, i6 19, i45 %p_read_765, i6 20, i45 %p_read_764, i6 21, i45 %p_read_763, i6 22, i45 %p_read_762, i6 23, i45 %p_read_761, i6 24, i45 %p_read_760, i6 25, i45 %p_read_759, i6 26, i45 %p_read_758, i6 27, i45 %p_read_757, i6 28, i45 %p_read_756, i6 29, i45 %p_read_755, i6 30, i45 %p_read_754, i6 31, i45 %p_read_753, i6 32, i45 %p_read_752, i6 33, i45 %p_read_751, i6 34, i45 %p_read_750, i6 35, i45 %p_read_749, i6 36, i45 %p_read_748, i6 37, i45 %p_read_747, i6 38, i45 %p_read_551, i6 39, i45 %p_read_550, i45 0, i6 %add_ln61_2" [./conv.h:66->top_wrapper.cpp:123]   --->   Operation 708 'sparsemux' 'tmp_72_i' <Predicate = true> <Delay = 0.84> <CoreInst = "BinarySparseMux_DontCare">   --->   Core 149 'BinarySparseMux_DontCare' <Latency = 0> <II = 1> <Delay = 0.84> <FuncUnit> <Opcode : 'sparsemux'> <InPorts = 2> <OutPorts = 1>
ST_11 : Operation 709 [1/1] (0.84ns)   --->   "%tmp_73_i = sparsemux i45 @_ssdm_op_SparseMux.ap_auto.40i45.i45.i6, i6 0, i45 %p_read200602, i6 1, i45 %p_read_746, i6 2, i45 %p_read_745, i6 3, i45 %p_read_744, i6 4, i45 %p_read_743, i6 5, i45 %p_read_742, i6 6, i45 %p_read_741, i6 7, i45 %p_read_740, i6 8, i45 %p_read_739, i6 9, i45 %p_read_738, i6 10, i45 %p_read_737, i6 11, i45 %p_read_736, i6 12, i45 %p_read_735, i6 13, i45 %p_read_734, i6 14, i45 %p_read_733, i6 15, i45 %p_read_732, i6 16, i45 %p_read_731, i6 17, i45 %p_read_730, i6 18, i45 %p_read_729, i6 19, i45 %p_read_728, i6 20, i45 %p_read_727, i6 21, i45 %p_read_726, i6 22, i45 %p_read_725, i6 23, i45 %p_read_724, i6 24, i45 %p_read_723, i6 25, i45 %p_read_722, i6 26, i45 %p_read_721, i6 27, i45 %p_read_720, i6 28, i45 %p_read_719, i6 29, i45 %p_read_718, i6 30, i45 %p_read_717, i6 31, i45 %p_read_716, i6 32, i45 %p_read_715, i6 33, i45 %p_read_714, i6 34, i45 %p_read_713, i6 35, i45 %p_read_712, i6 36, i45 %p_read_711, i6 37, i45 %p_read_710, i6 38, i45 %p_read_549, i6 39, i45 %p_read_548, i45 0, i6 %add_ln61_2" [./conv.h:66->top_wrapper.cpp:123]   --->   Operation 709 'sparsemux' 'tmp_73_i' <Predicate = true> <Delay = 0.84> <CoreInst = "BinarySparseMux_DontCare">   --->   Core 149 'BinarySparseMux_DontCare' <Latency = 0> <II = 1> <Delay = 0.84> <FuncUnit> <Opcode : 'sparsemux'> <InPorts = 2> <OutPorts = 1>
ST_11 : Operation 710 [1/1] (0.84ns)   --->   "%tmp_74_i = sparsemux i45 @_ssdm_op_SparseMux.ap_auto.40i45.i45.i6, i6 0, i45 %p_read_709, i6 1, i45 %p_read_708, i6 2, i45 %p_read_707, i6 3, i45 %p_read_706, i6 4, i45 %p_read_705, i6 5, i45 %p_read_704, i6 6, i45 %p_read_703, i6 7, i45 %p_read_702, i6 8, i45 %p_read_701, i6 9, i45 %p_read_700, i6 10, i45 %p_read_699, i6 11, i45 %p_read_698, i6 12, i45 %p_read_697, i6 13, i45 %p_read_696, i6 14, i45 %p_read_695, i6 15, i45 %p_read_694, i6 16, i45 %p_read_693, i6 17, i45 %p_read_692, i6 18, i45 %p_read_691, i6 19, i45 %p_read_690, i6 20, i45 %p_read_689, i6 21, i45 %p_read_688, i6 22, i45 %p_read_687, i6 23, i45 %p_read_686, i6 24, i45 %p_read_685, i6 25, i45 %p_read_684, i6 26, i45 %p_read_683, i6 27, i45 %p_read_682, i6 28, i45 %p_read_681, i6 29, i45 %p_read_680, i6 30, i45 %p_read_679, i6 31, i45 %p_read_678, i6 32, i45 %p_read_677, i6 33, i45 %p_read_676, i6 34, i45 %p_read_675, i6 35, i45 %p_read_674, i6 36, i45 %p_read_673, i6 37, i45 %p_read_672, i6 38, i45 %p_read_547, i6 39, i45 %p_read_546, i45 0, i6 %add_ln61_2" [./conv.h:66->top_wrapper.cpp:123]   --->   Operation 710 'sparsemux' 'tmp_74_i' <Predicate = true> <Delay = 0.84> <CoreInst = "BinarySparseMux_DontCare">   --->   Core 149 'BinarySparseMux_DontCare' <Latency = 0> <II = 1> <Delay = 0.84> <FuncUnit> <Opcode : 'sparsemux'> <InPorts = 2> <OutPorts = 1>
ST_11 : Operation 711 [1/1] (0.84ns)   --->   "%tmp_75_i = sparsemux i45 @_ssdm_op_SparseMux.ap_auto.40i45.i45.i6, i6 0, i45 %p_read_671, i6 1, i45 %p_read_670, i6 2, i45 %p_read_669, i6 3, i45 %p_read_668, i6 4, i45 %p_read_667, i6 5, i45 %p_read_666, i6 6, i45 %p_read_665, i6 7, i45 %p_read_664, i6 8, i45 %p_read_663, i6 9, i45 %p_read_662, i6 10, i45 %p_read_661, i6 11, i45 %p_read_660, i6 12, i45 %p_read_659, i6 13, i45 %p_read_658, i6 14, i45 %p_read_657, i6 15, i45 %p_read_656, i6 16, i45 %p_read_655, i6 17, i45 %p_read_654, i6 18, i45 %p_read_653, i6 19, i45 %p_read_652, i6 20, i45 %p_read_651, i6 21, i45 %p_read_650, i6 22, i45 %p_read_649, i6 23, i45 %p_read_648, i6 24, i45 %p_read_647, i6 25, i45 %p_read_646, i6 26, i45 %p_read_645, i6 27, i45 %p_read_644, i6 28, i45 %p_read_643, i6 29, i45 %p_read_642, i6 30, i45 %p_read_641, i6 31, i45 %p_read_640, i6 32, i45 %p_read_639, i6 33, i45 %p_read_638, i6 34, i45 %p_read_637, i6 35, i45 %p_read_636, i6 36, i45 %p_read_635, i6 37, i45 %p_read_634, i6 38, i45 %p_read_545, i6 39, i45 %p_read_544, i45 0, i6 %add_ln61_2" [./conv.h:66->top_wrapper.cpp:123]   --->   Operation 711 'sparsemux' 'tmp_75_i' <Predicate = true> <Delay = 0.84> <CoreInst = "BinarySparseMux_DontCare">   --->   Core 149 'BinarySparseMux_DontCare' <Latency = 0> <II = 1> <Delay = 0.84> <FuncUnit> <Opcode : 'sparsemux'> <InPorts = 2> <OutPorts = 1>
ST_11 : Operation 712 [1/1] (0.84ns)   --->   "%tmp_76_i = sparsemux i45 @_ssdm_op_SparseMux.ap_auto.40i45.i45.i6, i6 0, i45 %p_read_633, i6 1, i45 %p_read_632, i6 2, i45 %p_read_631, i6 3, i45 %p_read_630, i6 4, i45 %p_read_629, i6 5, i45 %p_read_628, i6 6, i45 %p_read_627, i6 7, i45 %p_read_626, i6 8, i45 %p_read_625, i6 9, i45 %p_read_624, i6 10, i45 %p_read_623, i6 11, i45 %p_read_622, i6 12, i45 %p_read_621, i6 13, i45 %p_read_620, i6 14, i45 %p_read_619, i6 15, i45 %p_read_618, i6 16, i45 %p_read_617, i6 17, i45 %p_read_616, i6 18, i45 %p_read_615, i6 19, i45 %p_read_614, i6 20, i45 %p_read_613, i6 21, i45 %p_read_612, i6 22, i45 %p_read_611, i6 23, i45 %p_read_610, i6 24, i45 %p_read_609, i6 25, i45 %p_read_608, i6 26, i45 %p_read_607, i6 27, i45 %p_read_606, i6 28, i45 %p_read_605, i6 29, i45 %p_read_604, i6 30, i45 %p_read_603, i6 31, i45 %p_read_602, i6 32, i45 %p_read_601, i6 33, i45 %p_read_600, i6 34, i45 %p_read_599, i6 35, i45 %p_read_598, i6 36, i45 %p_read_597, i6 37, i45 %p_read_596, i6 38, i45 %p_read_543, i6 39, i45 %p_read_542, i45 0, i6 %add_ln61_2" [./conv.h:66->top_wrapper.cpp:123]   --->   Operation 712 'sparsemux' 'tmp_76_i' <Predicate = true> <Delay = 0.84> <CoreInst = "BinarySparseMux_DontCare">   --->   Core 149 'BinarySparseMux_DontCare' <Latency = 0> <II = 1> <Delay = 0.84> <FuncUnit> <Opcode : 'sparsemux'> <InPorts = 2> <OutPorts = 1>
ST_11 : Operation 713 [1/1] (0.84ns)   --->   "%tmp_77_i = sparsemux i45 @_ssdm_op_SparseMux.ap_auto.40i45.i45.i6, i6 0, i45 %p_read_595, i6 1, i45 %p_read_594, i6 2, i45 %p_read_593, i6 3, i45 %p_read_592, i6 4, i45 %p_read_591, i6 5, i45 %p_read_590, i6 6, i45 %p_read_589, i6 7, i45 %p_read_588, i6 8, i45 %p_read_587, i6 9, i45 %p_read_586, i6 10, i45 %p_read_585, i6 11, i45 %p_read_584, i6 12, i45 %p_read_583, i6 13, i45 %p_read_582, i6 14, i45 %p_read_581, i6 15, i45 %p_read_580, i6 16, i45 %p_read_579, i6 17, i45 %p_read_578, i6 18, i45 %p_read_577, i6 19, i45 %p_read_576, i6 20, i45 %p_read_575, i6 21, i45 %p_read_574, i6 22, i45 %p_read_573, i6 23, i45 %p_read_572, i6 24, i45 %p_read_571, i6 25, i45 %p_read_570, i6 26, i45 %p_read_569, i6 27, i45 %p_read_568, i6 28, i45 %p_read_567, i6 29, i45 %p_read_566, i6 30, i45 %p_read_565, i6 31, i45 %p_read_564, i6 32, i45 %p_read_563, i6 33, i45 %p_read_562, i6 34, i45 %p_read_561, i6 35, i45 %p_read_560, i6 36, i45 %p_read_559, i6 37, i45 %p_read_558, i6 38, i45 %p_read_541, i6 39, i45 %p_read_540, i45 0, i6 %add_ln61_2" [./conv.h:66->top_wrapper.cpp:123]   --->   Operation 713 'sparsemux' 'tmp_77_i' <Predicate = true> <Delay = 0.84> <CoreInst = "BinarySparseMux_DontCare">   --->   Core 149 'BinarySparseMux_DontCare' <Latency = 0> <II = 1> <Delay = 0.84> <FuncUnit> <Opcode : 'sparsemux'> <InPorts = 2> <OutPorts = 1>
ST_11 : Operation 714 [1/1] (0.77ns)   --->   "%tmp_78_i = sparsemux i45 @_ssdm_op_SparseMux.ap_auto.9i45.i45.i4, i4 0, i45 %tmp_69_i, i4 1, i45 %tmp_70_i, i4 2, i45 %tmp_71_i, i4 3, i45 %tmp_72_i, i4 4, i45 %tmp_73_i, i4 5, i45 %tmp_74_i, i4 6, i45 %tmp_75_i, i4 7, i45 %tmp_76_i, i4 8, i45 %tmp_77_i, i45 0, i4 %add93_24767631_i" [./conv.h:66->top_wrapper.cpp:123]   --->   Operation 714 'sparsemux' 'tmp_78_i' <Predicate = true> <Delay = 0.77> <CoreInst = "BinarySparseMux_DontCare">   --->   Core 149 'BinarySparseMux_DontCare' <Latency = 0> <II = 1> <Delay = 0.77> <FuncUnit> <Opcode : 'sparsemux'> <InPorts = 2> <OutPorts = 1>
ST_11 : Operation 715 [1/1] (0.78ns)   --->   "%add_ln61_3 = add i6 %zext_ln61, i6 %mul81_1_i" [./conv.h:61->top_wrapper.cpp:123]   --->   Operation 715 'add' 'add_ln61_3' <Predicate = true> <Delay = 0.78> <CoreInst = "Adder">   --->   Core 1 'Adder' <Latency = 0> <II = 1> <Delay = 0.78> <FuncUnit> <Opcode : 'add' 'sub'> <InPorts = 2> <OutPorts = 1>
ST_11 : Operation 716 [1/1] (0.83ns)   --->   "%tmp_79_i = sparsemux i45 @_ssdm_op_SparseMux.ap_auto.38i45.i45.i6, i6 0, i45 %p_read450, i6 1, i45 %p_read1451, i6 2, i45 %p_read2452, i6 3, i45 %p_read3453, i6 4, i45 %p_read4454, i6 5, i45 %p_read5455, i6 6, i45 %p_read6456, i6 7, i45 %p_read7457, i6 8, i45 %p_read8458, i6 9, i45 %p_read9459, i6 10, i45 %p_read10460, i6 11, i45 %p_read_880, i6 12, i45 %p_read_879, i6 13, i45 %p_read_878, i6 14, i45 %p_read_877, i6 15, i45 %p_read_876, i6 16, i45 %p_read_875, i6 17, i45 %p_read_874, i6 18, i45 %p_read_873, i6 19, i45 %p_read_872, i6 20, i45 %p_read20470, i6 21, i45 %p_read_871, i6 22, i45 %p_read_870, i6 23, i45 %p_read_869, i6 24, i45 %p_read_868, i6 25, i45 %p_read_867, i6 26, i45 %p_read_866, i6 27, i45 %p_read_865, i6 28, i45 %p_read_864, i6 29, i45 %p_read_863, i6 30, i45 %p_read30480, i6 31, i45 %p_read_862, i6 32, i45 %p_read_861, i6 33, i45 %p_read_860, i6 34, i45 %p_read_859, i6 35, i45 %p_read_858, i6 36, i45 %p_read_857, i6 37, i45 %p_read_856, i45 0, i6 %add_ln61_3" [./conv.h:66->top_wrapper.cpp:123]   --->   Operation 716 'sparsemux' 'tmp_79_i' <Predicate = true> <Delay = 0.83> <CoreInst = "BinarySparseMux_DontCare">   --->   Core 149 'BinarySparseMux_DontCare' <Latency = 0> <II = 1> <Delay = 0.83> <FuncUnit> <Opcode : 'sparsemux'> <InPorts = 2> <OutPorts = 1>
ST_11 : Operation 717 [1/1] (0.83ns)   --->   "%tmp_80_i = sparsemux i45 @_ssdm_op_SparseMux.ap_auto.38i45.i45.i6, i6 0, i45 %p_read50488, i6 1, i45 %p_read_855, i6 2, i45 %p_read_854, i6 3, i45 %p_read_853, i6 4, i45 %p_read_852, i6 5, i45 %p_read_851, i6 6, i45 %p_read_850, i6 7, i45 %p_read_849, i6 8, i45 %p_read_848, i6 9, i45 %p_read_847, i6 10, i45 %p_read60498, i6 11, i45 %p_read_846, i6 12, i45 %p_read_845, i6 13, i45 %p_read_844, i6 14, i45 %p_read_843, i6 15, i45 %p_read_842, i6 16, i45 %p_read_841, i6 17, i45 %p_read_840, i6 18, i45 %p_read_839, i6 19, i45 %p_read_838, i6 20, i45 %p_read70508, i6 21, i45 %p_read_837, i6 22, i45 %p_read_836, i6 23, i45 %p_read_835, i6 24, i45 %p_read_834, i6 25, i45 %p_read_833, i6 26, i45 %p_read_832, i6 27, i45 %p_read_831, i6 28, i45 %p_read_830, i6 29, i45 %p_read_829, i6 30, i45 %p_read80518, i6 31, i45 %p_read_828, i6 32, i45 %p_read_827, i6 33, i45 %p_read_826, i6 34, i45 %p_read_825, i6 35, i45 %p_read_824, i6 36, i45 %p_read_823, i6 37, i45 %p_read_822, i45 0, i6 %add_ln61_3" [./conv.h:66->top_wrapper.cpp:123]   --->   Operation 717 'sparsemux' 'tmp_80_i' <Predicate = true> <Delay = 0.83> <CoreInst = "BinarySparseMux_DontCare">   --->   Core 149 'BinarySparseMux_DontCare' <Latency = 0> <II = 1> <Delay = 0.83> <FuncUnit> <Opcode : 'sparsemux'> <InPorts = 2> <OutPorts = 1>
ST_11 : Operation 718 [1/1] (0.83ns)   --->   "%tmp_81_i = sparsemux i45 @_ssdm_op_SparseMux.ap_auto.38i45.i45.i6, i6 0, i45 %p_read100526, i6 1, i45 %p_read_821, i6 2, i45 %p_read_820, i6 3, i45 %p_read_819, i6 4, i45 %p_read_818, i6 5, i45 %p_read_817, i6 6, i45 %p_read_816, i6 7, i45 %p_read_815, i6 8, i45 %p_read_814, i6 9, i45 %p_read_813, i6 10, i45 %p_read_812, i6 11, i45 %p_read_811, i6 12, i45 %p_read_810, i6 13, i45 %p_read_809, i6 14, i45 %p_read_808, i6 15, i45 %p_read_807, i6 16, i45 %p_read_806, i6 17, i45 %p_read_805, i6 18, i45 %p_read_804, i6 19, i45 %p_read_803, i6 20, i45 %p_read_802, i6 21, i45 %p_read_801, i6 22, i45 %p_read_800, i6 23, i45 %p_read_799, i6 24, i45 %p_read_798, i6 25, i45 %p_read_797, i6 26, i45 %p_read_796, i6 27, i45 %p_read_795, i6 28, i45 %p_read_794, i6 29, i45 %p_read_793, i6 30, i45 %p_read_792, i6 31, i45 %p_read_791, i6 32, i45 %p_read_790, i6 33, i45 %p_read_789, i6 34, i45 %p_read_788, i6 35, i45 %p_read_787, i6 36, i45 %p_read_786, i6 37, i45 %p_read_785, i45 0, i6 %add_ln61_3" [./conv.h:66->top_wrapper.cpp:123]   --->   Operation 718 'sparsemux' 'tmp_81_i' <Predicate = true> <Delay = 0.83> <CoreInst = "BinarySparseMux_DontCare">   --->   Core 149 'BinarySparseMux_DontCare' <Latency = 0> <II = 1> <Delay = 0.83> <FuncUnit> <Opcode : 'sparsemux'> <InPorts = 2> <OutPorts = 1>
ST_11 : Operation 719 [1/1] (0.83ns)   --->   "%tmp_82_i = sparsemux i45 @_ssdm_op_SparseMux.ap_auto.38i45.i45.i6, i6 0, i45 %p_read_784, i6 1, i45 %p_read_783, i6 2, i45 %p_read_782, i6 3, i45 %p_read_781, i6 4, i45 %p_read_780, i6 5, i45 %p_read_779, i6 6, i45 %p_read_778, i6 7, i45 %p_read_777, i6 8, i45 %p_read_776, i6 9, i45 %p_read_775, i6 10, i45 %p_read_774, i6 11, i45 %p_read_773, i6 12, i45 %p_read_772, i6 13, i45 %p_read_771, i6 14, i45 %p_read_770, i6 15, i45 %p_read_769, i6 16, i45 %p_read_768, i6 17, i45 %p_read_767, i6 18, i45 %p_read_766, i6 19, i45 %p_read_765, i6 20, i45 %p_read_764, i6 21, i45 %p_read_763, i6 22, i45 %p_read_762, i6 23, i45 %p_read_761, i6 24, i45 %p_read_760, i6 25, i45 %p_read_759, i6 26, i45 %p_read_758, i6 27, i45 %p_read_757, i6 28, i45 %p_read_756, i6 29, i45 %p_read_755, i6 30, i45 %p_read_754, i6 31, i45 %p_read_753, i6 32, i45 %p_read_752, i6 33, i45 %p_read_751, i6 34, i45 %p_read_750, i6 35, i45 %p_read_749, i6 36, i45 %p_read_748, i6 37, i45 %p_read_747, i45 0, i6 %add_ln61_3" [./conv.h:66->top_wrapper.cpp:123]   --->   Operation 719 'sparsemux' 'tmp_82_i' <Predicate = true> <Delay = 0.83> <CoreInst = "BinarySparseMux_DontCare">   --->   Core 149 'BinarySparseMux_DontCare' <Latency = 0> <II = 1> <Delay = 0.83> <FuncUnit> <Opcode : 'sparsemux'> <InPorts = 2> <OutPorts = 1>
ST_11 : Operation 720 [1/1] (0.83ns)   --->   "%tmp_83_i = sparsemux i45 @_ssdm_op_SparseMux.ap_auto.38i45.i45.i6, i6 0, i45 %p_read200602, i6 1, i45 %p_read_746, i6 2, i45 %p_read_745, i6 3, i45 %p_read_744, i6 4, i45 %p_read_743, i6 5, i45 %p_read_742, i6 6, i45 %p_read_741, i6 7, i45 %p_read_740, i6 8, i45 %p_read_739, i6 9, i45 %p_read_738, i6 10, i45 %p_read_737, i6 11, i45 %p_read_736, i6 12, i45 %p_read_735, i6 13, i45 %p_read_734, i6 14, i45 %p_read_733, i6 15, i45 %p_read_732, i6 16, i45 %p_read_731, i6 17, i45 %p_read_730, i6 18, i45 %p_read_729, i6 19, i45 %p_read_728, i6 20, i45 %p_read_727, i6 21, i45 %p_read_726, i6 22, i45 %p_read_725, i6 23, i45 %p_read_724, i6 24, i45 %p_read_723, i6 25, i45 %p_read_722, i6 26, i45 %p_read_721, i6 27, i45 %p_read_720, i6 28, i45 %p_read_719, i6 29, i45 %p_read_718, i6 30, i45 %p_read_717, i6 31, i45 %p_read_716, i6 32, i45 %p_read_715, i6 33, i45 %p_read_714, i6 34, i45 %p_read_713, i6 35, i45 %p_read_712, i6 36, i45 %p_read_711, i6 37, i45 %p_read_710, i45 0, i6 %add_ln61_3" [./conv.h:66->top_wrapper.cpp:123]   --->   Operation 720 'sparsemux' 'tmp_83_i' <Predicate = true> <Delay = 0.83> <CoreInst = "BinarySparseMux_DontCare">   --->   Core 149 'BinarySparseMux_DontCare' <Latency = 0> <II = 1> <Delay = 0.83> <FuncUnit> <Opcode : 'sparsemux'> <InPorts = 2> <OutPorts = 1>
ST_11 : Operation 721 [1/1] (0.83ns)   --->   "%tmp_84_i = sparsemux i45 @_ssdm_op_SparseMux.ap_auto.38i45.i45.i6, i6 0, i45 %p_read_709, i6 1, i45 %p_read_708, i6 2, i45 %p_read_707, i6 3, i45 %p_read_706, i6 4, i45 %p_read_705, i6 5, i45 %p_read_704, i6 6, i45 %p_read_703, i6 7, i45 %p_read_702, i6 8, i45 %p_read_701, i6 9, i45 %p_read_700, i6 10, i45 %p_read_699, i6 11, i45 %p_read_698, i6 12, i45 %p_read_697, i6 13, i45 %p_read_696, i6 14, i45 %p_read_695, i6 15, i45 %p_read_694, i6 16, i45 %p_read_693, i6 17, i45 %p_read_692, i6 18, i45 %p_read_691, i6 19, i45 %p_read_690, i6 20, i45 %p_read_689, i6 21, i45 %p_read_688, i6 22, i45 %p_read_687, i6 23, i45 %p_read_686, i6 24, i45 %p_read_685, i6 25, i45 %p_read_684, i6 26, i45 %p_read_683, i6 27, i45 %p_read_682, i6 28, i45 %p_read_681, i6 29, i45 %p_read_680, i6 30, i45 %p_read_679, i6 31, i45 %p_read_678, i6 32, i45 %p_read_677, i6 33, i45 %p_read_676, i6 34, i45 %p_read_675, i6 35, i45 %p_read_674, i6 36, i45 %p_read_673, i6 37, i45 %p_read_672, i45 0, i6 %add_ln61_3" [./conv.h:66->top_wrapper.cpp:123]   --->   Operation 721 'sparsemux' 'tmp_84_i' <Predicate = true> <Delay = 0.83> <CoreInst = "BinarySparseMux_DontCare">   --->   Core 149 'BinarySparseMux_DontCare' <Latency = 0> <II = 1> <Delay = 0.83> <FuncUnit> <Opcode : 'sparsemux'> <InPorts = 2> <OutPorts = 1>
ST_11 : Operation 722 [1/1] (0.83ns)   --->   "%tmp_85_i = sparsemux i45 @_ssdm_op_SparseMux.ap_auto.38i45.i45.i6, i6 0, i45 %p_read_671, i6 1, i45 %p_read_670, i6 2, i45 %p_read_669, i6 3, i45 %p_read_668, i6 4, i45 %p_read_667, i6 5, i45 %p_read_666, i6 6, i45 %p_read_665, i6 7, i45 %p_read_664, i6 8, i45 %p_read_663, i6 9, i45 %p_read_662, i6 10, i45 %p_read_661, i6 11, i45 %p_read_660, i6 12, i45 %p_read_659, i6 13, i45 %p_read_658, i6 14, i45 %p_read_657, i6 15, i45 %p_read_656, i6 16, i45 %p_read_655, i6 17, i45 %p_read_654, i6 18, i45 %p_read_653, i6 19, i45 %p_read_652, i6 20, i45 %p_read_651, i6 21, i45 %p_read_650, i6 22, i45 %p_read_649, i6 23, i45 %p_read_648, i6 24, i45 %p_read_647, i6 25, i45 %p_read_646, i6 26, i45 %p_read_645, i6 27, i45 %p_read_644, i6 28, i45 %p_read_643, i6 29, i45 %p_read_642, i6 30, i45 %p_read_641, i6 31, i45 %p_read_640, i6 32, i45 %p_read_639, i6 33, i45 %p_read_638, i6 34, i45 %p_read_637, i6 35, i45 %p_read_636, i6 36, i45 %p_read_635, i6 37, i45 %p_read_634, i45 0, i6 %add_ln61_3" [./conv.h:66->top_wrapper.cpp:123]   --->   Operation 722 'sparsemux' 'tmp_85_i' <Predicate = true> <Delay = 0.83> <CoreInst = "BinarySparseMux_DontCare">   --->   Core 149 'BinarySparseMux_DontCare' <Latency = 0> <II = 1> <Delay = 0.83> <FuncUnit> <Opcode : 'sparsemux'> <InPorts = 2> <OutPorts = 1>
ST_11 : Operation 723 [1/1] (0.83ns)   --->   "%tmp_86_i = sparsemux i45 @_ssdm_op_SparseMux.ap_auto.38i45.i45.i6, i6 0, i45 %p_read_633, i6 1, i45 %p_read_632, i6 2, i45 %p_read_631, i6 3, i45 %p_read_630, i6 4, i45 %p_read_629, i6 5, i45 %p_read_628, i6 6, i45 %p_read_627, i6 7, i45 %p_read_626, i6 8, i45 %p_read_625, i6 9, i45 %p_read_624, i6 10, i45 %p_read_623, i6 11, i45 %p_read_622, i6 12, i45 %p_read_621, i6 13, i45 %p_read_620, i6 14, i45 %p_read_619, i6 15, i45 %p_read_618, i6 16, i45 %p_read_617, i6 17, i45 %p_read_616, i6 18, i45 %p_read_615, i6 19, i45 %p_read_614, i6 20, i45 %p_read_613, i6 21, i45 %p_read_612, i6 22, i45 %p_read_611, i6 23, i45 %p_read_610, i6 24, i45 %p_read_609, i6 25, i45 %p_read_608, i6 26, i45 %p_read_607, i6 27, i45 %p_read_606, i6 28, i45 %p_read_605, i6 29, i45 %p_read_604, i6 30, i45 %p_read_603, i6 31, i45 %p_read_602, i6 32, i45 %p_read_601, i6 33, i45 %p_read_600, i6 34, i45 %p_read_599, i6 35, i45 %p_read_598, i6 36, i45 %p_read_597, i6 37, i45 %p_read_596, i45 0, i6 %add_ln61_3" [./conv.h:66->top_wrapper.cpp:123]   --->   Operation 723 'sparsemux' 'tmp_86_i' <Predicate = true> <Delay = 0.83> <CoreInst = "BinarySparseMux_DontCare">   --->   Core 149 'BinarySparseMux_DontCare' <Latency = 0> <II = 1> <Delay = 0.83> <FuncUnit> <Opcode : 'sparsemux'> <InPorts = 2> <OutPorts = 1>
ST_11 : Operation 724 [1/1] (0.83ns)   --->   "%tmp_87_i = sparsemux i45 @_ssdm_op_SparseMux.ap_auto.38i45.i45.i6, i6 0, i45 %p_read_595, i6 1, i45 %p_read_594, i6 2, i45 %p_read_593, i6 3, i45 %p_read_592, i6 4, i45 %p_read_591, i6 5, i45 %p_read_590, i6 6, i45 %p_read_589, i6 7, i45 %p_read_588, i6 8, i45 %p_read_587, i6 9, i45 %p_read_586, i6 10, i45 %p_read_585, i6 11, i45 %p_read_584, i6 12, i45 %p_read_583, i6 13, i45 %p_read_582, i6 14, i45 %p_read_581, i6 15, i45 %p_read_580, i6 16, i45 %p_read_579, i6 17, i45 %p_read_578, i6 18, i45 %p_read_577, i6 19, i45 %p_read_576, i6 20, i45 %p_read_575, i6 21, i45 %p_read_574, i6 22, i45 %p_read_573, i6 23, i45 %p_read_572, i6 24, i45 %p_read_571, i6 25, i45 %p_read_570, i6 26, i45 %p_read_569, i6 27, i45 %p_read_568, i6 28, i45 %p_read_567, i6 29, i45 %p_read_566, i6 30, i45 %p_read_565, i6 31, i45 %p_read_564, i6 32, i45 %p_read_563, i6 33, i45 %p_read_562, i6 34, i45 %p_read_561, i6 35, i45 %p_read_560, i6 36, i45 %p_read_559, i6 37, i45 %p_read_558, i45 0, i6 %add_ln61_3" [./conv.h:66->top_wrapper.cpp:123]   --->   Operation 724 'sparsemux' 'tmp_87_i' <Predicate = true> <Delay = 0.83> <CoreInst = "BinarySparseMux_DontCare">   --->   Core 149 'BinarySparseMux_DontCare' <Latency = 0> <II = 1> <Delay = 0.83> <FuncUnit> <Opcode : 'sparsemux'> <InPorts = 2> <OutPorts = 1>
ST_11 : Operation 725 [1/1] (0.77ns)   --->   "%tmp_88_i = sparsemux i45 @_ssdm_op_SparseMux.ap_auto.9i45.i45.i4, i4 0, i45 %tmp_79_i, i4 1, i45 %tmp_80_i, i4 2, i45 %tmp_81_i, i4 3, i45 %tmp_82_i, i4 4, i45 %tmp_83_i, i4 5, i45 %tmp_84_i, i4 6, i45 %tmp_85_i, i4 7, i45 %tmp_86_i, i4 8, i45 %tmp_87_i, i45 0, i4 %add93_1104542_i" [./conv.h:66->top_wrapper.cpp:123]   --->   Operation 725 'sparsemux' 'tmp_88_i' <Predicate = true> <Delay = 0.77> <CoreInst = "BinarySparseMux_DontCare">   --->   Core 149 'BinarySparseMux_DontCare' <Latency = 0> <II = 1> <Delay = 0.77> <FuncUnit> <Opcode : 'sparsemux'> <InPorts = 2> <OutPorts = 1>
ST_11 : Operation 726 [1/1] (0.78ns)   --->   "%add_ln61_4 = add i6 %zext_ln61_1, i6 %mul81_1_i" [./conv.h:61->top_wrapper.cpp:123]   --->   Operation 726 'add' 'add_ln61_4' <Predicate = true> <Delay = 0.78> <CoreInst = "Adder">   --->   Core 1 'Adder' <Latency = 0> <II = 1> <Delay = 0.78> <FuncUnit> <Opcode : 'add' 'sub'> <InPorts = 2> <OutPorts = 1>
ST_11 : Operation 727 [1/1] (0.83ns)   --->   "%tmp_89_i = sparsemux i45 @_ssdm_op_SparseMux.ap_auto.38i45.i45.i6, i6 0, i45 %p_read450, i6 1, i45 %p_read1451, i6 2, i45 %p_read2452, i6 3, i45 %p_read3453, i6 4, i45 %p_read4454, i6 5, i45 %p_read5455, i6 6, i45 %p_read6456, i6 7, i45 %p_read7457, i6 8, i45 %p_read8458, i6 9, i45 %p_read9459, i6 10, i45 %p_read10460, i6 11, i45 %p_read_880, i6 12, i45 %p_read_879, i6 13, i45 %p_read_878, i6 14, i45 %p_read_877, i6 15, i45 %p_read_876, i6 16, i45 %p_read_875, i6 17, i45 %p_read_874, i6 18, i45 %p_read_873, i6 19, i45 %p_read_872, i6 20, i45 %p_read20470, i6 21, i45 %p_read_871, i6 22, i45 %p_read_870, i6 23, i45 %p_read_869, i6 24, i45 %p_read_868, i6 25, i45 %p_read_867, i6 26, i45 %p_read_866, i6 27, i45 %p_read_865, i6 28, i45 %p_read_864, i6 29, i45 %p_read_863, i6 30, i45 %p_read30480, i6 31, i45 %p_read_862, i6 32, i45 %p_read_861, i6 33, i45 %p_read_860, i6 34, i45 %p_read_859, i6 35, i45 %p_read_858, i6 36, i45 %p_read_857, i6 37, i45 %p_read_856, i45 0, i6 %add_ln61_4" [./conv.h:66->top_wrapper.cpp:123]   --->   Operation 727 'sparsemux' 'tmp_89_i' <Predicate = true> <Delay = 0.83> <CoreInst = "BinarySparseMux_DontCare">   --->   Core 149 'BinarySparseMux_DontCare' <Latency = 0> <II = 1> <Delay = 0.83> <FuncUnit> <Opcode : 'sparsemux'> <InPorts = 2> <OutPorts = 1>
ST_11 : Operation 728 [1/1] (0.83ns)   --->   "%tmp_90_i = sparsemux i45 @_ssdm_op_SparseMux.ap_auto.38i45.i45.i6, i6 0, i45 %p_read50488, i6 1, i45 %p_read_855, i6 2, i45 %p_read_854, i6 3, i45 %p_read_853, i6 4, i45 %p_read_852, i6 5, i45 %p_read_851, i6 6, i45 %p_read_850, i6 7, i45 %p_read_849, i6 8, i45 %p_read_848, i6 9, i45 %p_read_847, i6 10, i45 %p_read60498, i6 11, i45 %p_read_846, i6 12, i45 %p_read_845, i6 13, i45 %p_read_844, i6 14, i45 %p_read_843, i6 15, i45 %p_read_842, i6 16, i45 %p_read_841, i6 17, i45 %p_read_840, i6 18, i45 %p_read_839, i6 19, i45 %p_read_838, i6 20, i45 %p_read70508, i6 21, i45 %p_read_837, i6 22, i45 %p_read_836, i6 23, i45 %p_read_835, i6 24, i45 %p_read_834, i6 25, i45 %p_read_833, i6 26, i45 %p_read_832, i6 27, i45 %p_read_831, i6 28, i45 %p_read_830, i6 29, i45 %p_read_829, i6 30, i45 %p_read80518, i6 31, i45 %p_read_828, i6 32, i45 %p_read_827, i6 33, i45 %p_read_826, i6 34, i45 %p_read_825, i6 35, i45 %p_read_824, i6 36, i45 %p_read_823, i6 37, i45 %p_read_822, i45 0, i6 %add_ln61_4" [./conv.h:66->top_wrapper.cpp:123]   --->   Operation 728 'sparsemux' 'tmp_90_i' <Predicate = true> <Delay = 0.83> <CoreInst = "BinarySparseMux_DontCare">   --->   Core 149 'BinarySparseMux_DontCare' <Latency = 0> <II = 1> <Delay = 0.83> <FuncUnit> <Opcode : 'sparsemux'> <InPorts = 2> <OutPorts = 1>
ST_11 : Operation 729 [1/1] (0.83ns)   --->   "%tmp_91_i = sparsemux i45 @_ssdm_op_SparseMux.ap_auto.38i45.i45.i6, i6 0, i45 %p_read100526, i6 1, i45 %p_read_821, i6 2, i45 %p_read_820, i6 3, i45 %p_read_819, i6 4, i45 %p_read_818, i6 5, i45 %p_read_817, i6 6, i45 %p_read_816, i6 7, i45 %p_read_815, i6 8, i45 %p_read_814, i6 9, i45 %p_read_813, i6 10, i45 %p_read_812, i6 11, i45 %p_read_811, i6 12, i45 %p_read_810, i6 13, i45 %p_read_809, i6 14, i45 %p_read_808, i6 15, i45 %p_read_807, i6 16, i45 %p_read_806, i6 17, i45 %p_read_805, i6 18, i45 %p_read_804, i6 19, i45 %p_read_803, i6 20, i45 %p_read_802, i6 21, i45 %p_read_801, i6 22, i45 %p_read_800, i6 23, i45 %p_read_799, i6 24, i45 %p_read_798, i6 25, i45 %p_read_797, i6 26, i45 %p_read_796, i6 27, i45 %p_read_795, i6 28, i45 %p_read_794, i6 29, i45 %p_read_793, i6 30, i45 %p_read_792, i6 31, i45 %p_read_791, i6 32, i45 %p_read_790, i6 33, i45 %p_read_789, i6 34, i45 %p_read_788, i6 35, i45 %p_read_787, i6 36, i45 %p_read_786, i6 37, i45 %p_read_785, i45 0, i6 %add_ln61_4" [./conv.h:66->top_wrapper.cpp:123]   --->   Operation 729 'sparsemux' 'tmp_91_i' <Predicate = true> <Delay = 0.83> <CoreInst = "BinarySparseMux_DontCare">   --->   Core 149 'BinarySparseMux_DontCare' <Latency = 0> <II = 1> <Delay = 0.83> <FuncUnit> <Opcode : 'sparsemux'> <InPorts = 2> <OutPorts = 1>
ST_11 : Operation 730 [1/1] (0.83ns)   --->   "%tmp_92_i = sparsemux i45 @_ssdm_op_SparseMux.ap_auto.38i45.i45.i6, i6 0, i45 %p_read_784, i6 1, i45 %p_read_783, i6 2, i45 %p_read_782, i6 3, i45 %p_read_781, i6 4, i45 %p_read_780, i6 5, i45 %p_read_779, i6 6, i45 %p_read_778, i6 7, i45 %p_read_777, i6 8, i45 %p_read_776, i6 9, i45 %p_read_775, i6 10, i45 %p_read_774, i6 11, i45 %p_read_773, i6 12, i45 %p_read_772, i6 13, i45 %p_read_771, i6 14, i45 %p_read_770, i6 15, i45 %p_read_769, i6 16, i45 %p_read_768, i6 17, i45 %p_read_767, i6 18, i45 %p_read_766, i6 19, i45 %p_read_765, i6 20, i45 %p_read_764, i6 21, i45 %p_read_763, i6 22, i45 %p_read_762, i6 23, i45 %p_read_761, i6 24, i45 %p_read_760, i6 25, i45 %p_read_759, i6 26, i45 %p_read_758, i6 27, i45 %p_read_757, i6 28, i45 %p_read_756, i6 29, i45 %p_read_755, i6 30, i45 %p_read_754, i6 31, i45 %p_read_753, i6 32, i45 %p_read_752, i6 33, i45 %p_read_751, i6 34, i45 %p_read_750, i6 35, i45 %p_read_749, i6 36, i45 %p_read_748, i6 37, i45 %p_read_747, i45 0, i6 %add_ln61_4" [./conv.h:66->top_wrapper.cpp:123]   --->   Operation 730 'sparsemux' 'tmp_92_i' <Predicate = true> <Delay = 0.83> <CoreInst = "BinarySparseMux_DontCare">   --->   Core 149 'BinarySparseMux_DontCare' <Latency = 0> <II = 1> <Delay = 0.83> <FuncUnit> <Opcode : 'sparsemux'> <InPorts = 2> <OutPorts = 1>
ST_11 : Operation 731 [1/1] (0.83ns)   --->   "%tmp_93_i = sparsemux i45 @_ssdm_op_SparseMux.ap_auto.38i45.i45.i6, i6 0, i45 %p_read200602, i6 1, i45 %p_read_746, i6 2, i45 %p_read_745, i6 3, i45 %p_read_744, i6 4, i45 %p_read_743, i6 5, i45 %p_read_742, i6 6, i45 %p_read_741, i6 7, i45 %p_read_740, i6 8, i45 %p_read_739, i6 9, i45 %p_read_738, i6 10, i45 %p_read_737, i6 11, i45 %p_read_736, i6 12, i45 %p_read_735, i6 13, i45 %p_read_734, i6 14, i45 %p_read_733, i6 15, i45 %p_read_732, i6 16, i45 %p_read_731, i6 17, i45 %p_read_730, i6 18, i45 %p_read_729, i6 19, i45 %p_read_728, i6 20, i45 %p_read_727, i6 21, i45 %p_read_726, i6 22, i45 %p_read_725, i6 23, i45 %p_read_724, i6 24, i45 %p_read_723, i6 25, i45 %p_read_722, i6 26, i45 %p_read_721, i6 27, i45 %p_read_720, i6 28, i45 %p_read_719, i6 29, i45 %p_read_718, i6 30, i45 %p_read_717, i6 31, i45 %p_read_716, i6 32, i45 %p_read_715, i6 33, i45 %p_read_714, i6 34, i45 %p_read_713, i6 35, i45 %p_read_712, i6 36, i45 %p_read_711, i6 37, i45 %p_read_710, i45 0, i6 %add_ln61_4" [./conv.h:66->top_wrapper.cpp:123]   --->   Operation 731 'sparsemux' 'tmp_93_i' <Predicate = true> <Delay = 0.83> <CoreInst = "BinarySparseMux_DontCare">   --->   Core 149 'BinarySparseMux_DontCare' <Latency = 0> <II = 1> <Delay = 0.83> <FuncUnit> <Opcode : 'sparsemux'> <InPorts = 2> <OutPorts = 1>
ST_11 : Operation 732 [1/1] (0.83ns)   --->   "%tmp_94_i = sparsemux i45 @_ssdm_op_SparseMux.ap_auto.38i45.i45.i6, i6 0, i45 %p_read_709, i6 1, i45 %p_read_708, i6 2, i45 %p_read_707, i6 3, i45 %p_read_706, i6 4, i45 %p_read_705, i6 5, i45 %p_read_704, i6 6, i45 %p_read_703, i6 7, i45 %p_read_702, i6 8, i45 %p_read_701, i6 9, i45 %p_read_700, i6 10, i45 %p_read_699, i6 11, i45 %p_read_698, i6 12, i45 %p_read_697, i6 13, i45 %p_read_696, i6 14, i45 %p_read_695, i6 15, i45 %p_read_694, i6 16, i45 %p_read_693, i6 17, i45 %p_read_692, i6 18, i45 %p_read_691, i6 19, i45 %p_read_690, i6 20, i45 %p_read_689, i6 21, i45 %p_read_688, i6 22, i45 %p_read_687, i6 23, i45 %p_read_686, i6 24, i45 %p_read_685, i6 25, i45 %p_read_684, i6 26, i45 %p_read_683, i6 27, i45 %p_read_682, i6 28, i45 %p_read_681, i6 29, i45 %p_read_680, i6 30, i45 %p_read_679, i6 31, i45 %p_read_678, i6 32, i45 %p_read_677, i6 33, i45 %p_read_676, i6 34, i45 %p_read_675, i6 35, i45 %p_read_674, i6 36, i45 %p_read_673, i6 37, i45 %p_read_672, i45 0, i6 %add_ln61_4" [./conv.h:66->top_wrapper.cpp:123]   --->   Operation 732 'sparsemux' 'tmp_94_i' <Predicate = true> <Delay = 0.83> <CoreInst = "BinarySparseMux_DontCare">   --->   Core 149 'BinarySparseMux_DontCare' <Latency = 0> <II = 1> <Delay = 0.83> <FuncUnit> <Opcode : 'sparsemux'> <InPorts = 2> <OutPorts = 1>
ST_11 : Operation 733 [1/1] (0.83ns)   --->   "%tmp_95_i = sparsemux i45 @_ssdm_op_SparseMux.ap_auto.38i45.i45.i6, i6 0, i45 %p_read_671, i6 1, i45 %p_read_670, i6 2, i45 %p_read_669, i6 3, i45 %p_read_668, i6 4, i45 %p_read_667, i6 5, i45 %p_read_666, i6 6, i45 %p_read_665, i6 7, i45 %p_read_664, i6 8, i45 %p_read_663, i6 9, i45 %p_read_662, i6 10, i45 %p_read_661, i6 11, i45 %p_read_660, i6 12, i45 %p_read_659, i6 13, i45 %p_read_658, i6 14, i45 %p_read_657, i6 15, i45 %p_read_656, i6 16, i45 %p_read_655, i6 17, i45 %p_read_654, i6 18, i45 %p_read_653, i6 19, i45 %p_read_652, i6 20, i45 %p_read_651, i6 21, i45 %p_read_650, i6 22, i45 %p_read_649, i6 23, i45 %p_read_648, i6 24, i45 %p_read_647, i6 25, i45 %p_read_646, i6 26, i45 %p_read_645, i6 27, i45 %p_read_644, i6 28, i45 %p_read_643, i6 29, i45 %p_read_642, i6 30, i45 %p_read_641, i6 31, i45 %p_read_640, i6 32, i45 %p_read_639, i6 33, i45 %p_read_638, i6 34, i45 %p_read_637, i6 35, i45 %p_read_636, i6 36, i45 %p_read_635, i6 37, i45 %p_read_634, i45 0, i6 %add_ln61_4" [./conv.h:66->top_wrapper.cpp:123]   --->   Operation 733 'sparsemux' 'tmp_95_i' <Predicate = true> <Delay = 0.83> <CoreInst = "BinarySparseMux_DontCare">   --->   Core 149 'BinarySparseMux_DontCare' <Latency = 0> <II = 1> <Delay = 0.83> <FuncUnit> <Opcode : 'sparsemux'> <InPorts = 2> <OutPorts = 1>
ST_11 : Operation 734 [1/1] (0.83ns)   --->   "%tmp_96_i = sparsemux i45 @_ssdm_op_SparseMux.ap_auto.38i45.i45.i6, i6 0, i45 %p_read_633, i6 1, i45 %p_read_632, i6 2, i45 %p_read_631, i6 3, i45 %p_read_630, i6 4, i45 %p_read_629, i6 5, i45 %p_read_628, i6 6, i45 %p_read_627, i6 7, i45 %p_read_626, i6 8, i45 %p_read_625, i6 9, i45 %p_read_624, i6 10, i45 %p_read_623, i6 11, i45 %p_read_622, i6 12, i45 %p_read_621, i6 13, i45 %p_read_620, i6 14, i45 %p_read_619, i6 15, i45 %p_read_618, i6 16, i45 %p_read_617, i6 17, i45 %p_read_616, i6 18, i45 %p_read_615, i6 19, i45 %p_read_614, i6 20, i45 %p_read_613, i6 21, i45 %p_read_612, i6 22, i45 %p_read_611, i6 23, i45 %p_read_610, i6 24, i45 %p_read_609, i6 25, i45 %p_read_608, i6 26, i45 %p_read_607, i6 27, i45 %p_read_606, i6 28, i45 %p_read_605, i6 29, i45 %p_read_604, i6 30, i45 %p_read_603, i6 31, i45 %p_read_602, i6 32, i45 %p_read_601, i6 33, i45 %p_read_600, i6 34, i45 %p_read_599, i6 35, i45 %p_read_598, i6 36, i45 %p_read_597, i6 37, i45 %p_read_596, i45 0, i6 %add_ln61_4" [./conv.h:66->top_wrapper.cpp:123]   --->   Operation 734 'sparsemux' 'tmp_96_i' <Predicate = true> <Delay = 0.83> <CoreInst = "BinarySparseMux_DontCare">   --->   Core 149 'BinarySparseMux_DontCare' <Latency = 0> <II = 1> <Delay = 0.83> <FuncUnit> <Opcode : 'sparsemux'> <InPorts = 2> <OutPorts = 1>
ST_11 : Operation 735 [1/1] (0.83ns)   --->   "%tmp_97_i = sparsemux i45 @_ssdm_op_SparseMux.ap_auto.38i45.i45.i6, i6 0, i45 %p_read_595, i6 1, i45 %p_read_594, i6 2, i45 %p_read_593, i6 3, i45 %p_read_592, i6 4, i45 %p_read_591, i6 5, i45 %p_read_590, i6 6, i45 %p_read_589, i6 7, i45 %p_read_588, i6 8, i45 %p_read_587, i6 9, i45 %p_read_586, i6 10, i45 %p_read_585, i6 11, i45 %p_read_584, i6 12, i45 %p_read_583, i6 13, i45 %p_read_582, i6 14, i45 %p_read_581, i6 15, i45 %p_read_580, i6 16, i45 %p_read_579, i6 17, i45 %p_read_578, i6 18, i45 %p_read_577, i6 19, i45 %p_read_576, i6 20, i45 %p_read_575, i6 21, i45 %p_read_574, i6 22, i45 %p_read_573, i6 23, i45 %p_read_572, i6 24, i45 %p_read_571, i6 25, i45 %p_read_570, i6 26, i45 %p_read_569, i6 27, i45 %p_read_568, i6 28, i45 %p_read_567, i6 29, i45 %p_read_566, i6 30, i45 %p_read_565, i6 31, i45 %p_read_564, i6 32, i45 %p_read_563, i6 33, i45 %p_read_562, i6 34, i45 %p_read_561, i6 35, i45 %p_read_560, i6 36, i45 %p_read_559, i6 37, i45 %p_read_558, i45 0, i6 %add_ln61_4" [./conv.h:66->top_wrapper.cpp:123]   --->   Operation 735 'sparsemux' 'tmp_97_i' <Predicate = true> <Delay = 0.83> <CoreInst = "BinarySparseMux_DontCare">   --->   Core 149 'BinarySparseMux_DontCare' <Latency = 0> <II = 1> <Delay = 0.83> <FuncUnit> <Opcode : 'sparsemux'> <InPorts = 2> <OutPorts = 1>
ST_11 : Operation 736 [1/1] (0.77ns)   --->   "%tmp_98_i = sparsemux i45 @_ssdm_op_SparseMux.ap_auto.9i45.i45.i4, i4 0, i45 %tmp_89_i, i4 1, i45 %tmp_90_i, i4 2, i45 %tmp_91_i, i4 3, i45 %tmp_92_i, i4 4, i45 %tmp_93_i, i4 5, i45 %tmp_94_i, i4 6, i45 %tmp_95_i, i4 7, i45 %tmp_96_i, i4 8, i45 %tmp_97_i, i45 0, i4 %add93_1_1139954_i" [./conv.h:66->top_wrapper.cpp:123]   --->   Operation 736 'sparsemux' 'tmp_98_i' <Predicate = true> <Delay = 0.77> <CoreInst = "BinarySparseMux_DontCare">   --->   Core 149 'BinarySparseMux_DontCare' <Latency = 0> <II = 1> <Delay = 0.77> <FuncUnit> <Opcode : 'sparsemux'> <InPorts = 2> <OutPorts = 1>
ST_11 : Operation 737 [1/1] (0.78ns)   --->   "%add_ln61_5 = add i6 %zext_ln61_2, i6 %mul81_1_i" [./conv.h:61->top_wrapper.cpp:123]   --->   Operation 737 'add' 'add_ln61_5' <Predicate = true> <Delay = 0.78> <CoreInst = "Adder">   --->   Core 1 'Adder' <Latency = 0> <II = 1> <Delay = 0.78> <FuncUnit> <Opcode : 'add' 'sub'> <InPorts = 2> <OutPorts = 1>
ST_11 : Operation 738 [1/1] (0.84ns)   --->   "%tmp_99_i = sparsemux i45 @_ssdm_op_SparseMux.ap_auto.40i45.i45.i6, i6 0, i45 %p_read450, i6 1, i45 %p_read1451, i6 2, i45 %p_read2452, i6 3, i45 %p_read3453, i6 4, i45 %p_read4454, i6 5, i45 %p_read5455, i6 6, i45 %p_read6456, i6 7, i45 %p_read7457, i6 8, i45 %p_read8458, i6 9, i45 %p_read9459, i6 10, i45 %p_read10460, i6 11, i45 %p_read_880, i6 12, i45 %p_read_879, i6 13, i45 %p_read_878, i6 14, i45 %p_read_877, i6 15, i45 %p_read_876, i6 16, i45 %p_read_875, i6 17, i45 %p_read_874, i6 18, i45 %p_read_873, i6 19, i45 %p_read_872, i6 20, i45 %p_read20470, i6 21, i45 %p_read_871, i6 22, i45 %p_read_870, i6 23, i45 %p_read_869, i6 24, i45 %p_read_868, i6 25, i45 %p_read_867, i6 26, i45 %p_read_866, i6 27, i45 %p_read_865, i6 28, i45 %p_read_864, i6 29, i45 %p_read_863, i6 30, i45 %p_read30480, i6 31, i45 %p_read_862, i6 32, i45 %p_read_861, i6 33, i45 %p_read_860, i6 34, i45 %p_read_859, i6 35, i45 %p_read_858, i6 36, i45 %p_read_857, i6 37, i45 %p_read_856, i6 38, i45 %p_read_557, i6 39, i45 %p_read_556, i45 0, i6 %add_ln61_5" [./conv.h:66->top_wrapper.cpp:123]   --->   Operation 738 'sparsemux' 'tmp_99_i' <Predicate = true> <Delay = 0.84> <CoreInst = "BinarySparseMux_DontCare">   --->   Core 149 'BinarySparseMux_DontCare' <Latency = 0> <II = 1> <Delay = 0.84> <FuncUnit> <Opcode : 'sparsemux'> <InPorts = 2> <OutPorts = 1>
ST_11 : Operation 739 [1/1] (0.84ns)   --->   "%tmp_100_i = sparsemux i45 @_ssdm_op_SparseMux.ap_auto.40i45.i45.i6, i6 0, i45 %p_read50488, i6 1, i45 %p_read_855, i6 2, i45 %p_read_854, i6 3, i45 %p_read_853, i6 4, i45 %p_read_852, i6 5, i45 %p_read_851, i6 6, i45 %p_read_850, i6 7, i45 %p_read_849, i6 8, i45 %p_read_848, i6 9, i45 %p_read_847, i6 10, i45 %p_read60498, i6 11, i45 %p_read_846, i6 12, i45 %p_read_845, i6 13, i45 %p_read_844, i6 14, i45 %p_read_843, i6 15, i45 %p_read_842, i6 16, i45 %p_read_841, i6 17, i45 %p_read_840, i6 18, i45 %p_read_839, i6 19, i45 %p_read_838, i6 20, i45 %p_read70508, i6 21, i45 %p_read_837, i6 22, i45 %p_read_836, i6 23, i45 %p_read_835, i6 24, i45 %p_read_834, i6 25, i45 %p_read_833, i6 26, i45 %p_read_832, i6 27, i45 %p_read_831, i6 28, i45 %p_read_830, i6 29, i45 %p_read_829, i6 30, i45 %p_read80518, i6 31, i45 %p_read_828, i6 32, i45 %p_read_827, i6 33, i45 %p_read_826, i6 34, i45 %p_read_825, i6 35, i45 %p_read_824, i6 36, i45 %p_read_823, i6 37, i45 %p_read_822, i6 38, i45 %p_read_555, i6 39, i45 %p_read_554, i45 0, i6 %add_ln61_5" [./conv.h:66->top_wrapper.cpp:123]   --->   Operation 739 'sparsemux' 'tmp_100_i' <Predicate = true> <Delay = 0.84> <CoreInst = "BinarySparseMux_DontCare">   --->   Core 149 'BinarySparseMux_DontCare' <Latency = 0> <II = 1> <Delay = 0.84> <FuncUnit> <Opcode : 'sparsemux'> <InPorts = 2> <OutPorts = 1>
ST_11 : Operation 740 [1/1] (0.84ns)   --->   "%tmp_101_i = sparsemux i45 @_ssdm_op_SparseMux.ap_auto.40i45.i45.i6, i6 0, i45 %p_read100526, i6 1, i45 %p_read_821, i6 2, i45 %p_read_820, i6 3, i45 %p_read_819, i6 4, i45 %p_read_818, i6 5, i45 %p_read_817, i6 6, i45 %p_read_816, i6 7, i45 %p_read_815, i6 8, i45 %p_read_814, i6 9, i45 %p_read_813, i6 10, i45 %p_read_812, i6 11, i45 %p_read_811, i6 12, i45 %p_read_810, i6 13, i45 %p_read_809, i6 14, i45 %p_read_808, i6 15, i45 %p_read_807, i6 16, i45 %p_read_806, i6 17, i45 %p_read_805, i6 18, i45 %p_read_804, i6 19, i45 %p_read_803, i6 20, i45 %p_read_802, i6 21, i45 %p_read_801, i6 22, i45 %p_read_800, i6 23, i45 %p_read_799, i6 24, i45 %p_read_798, i6 25, i45 %p_read_797, i6 26, i45 %p_read_796, i6 27, i45 %p_read_795, i6 28, i45 %p_read_794, i6 29, i45 %p_read_793, i6 30, i45 %p_read_792, i6 31, i45 %p_read_791, i6 32, i45 %p_read_790, i6 33, i45 %p_read_789, i6 34, i45 %p_read_788, i6 35, i45 %p_read_787, i6 36, i45 %p_read_786, i6 37, i45 %p_read_785, i6 38, i45 %p_read_553, i6 39, i45 %p_read_552, i45 0, i6 %add_ln61_5" [./conv.h:66->top_wrapper.cpp:123]   --->   Operation 740 'sparsemux' 'tmp_101_i' <Predicate = true> <Delay = 0.84> <CoreInst = "BinarySparseMux_DontCare">   --->   Core 149 'BinarySparseMux_DontCare' <Latency = 0> <II = 1> <Delay = 0.84> <FuncUnit> <Opcode : 'sparsemux'> <InPorts = 2> <OutPorts = 1>
ST_11 : Operation 741 [1/1] (0.84ns)   --->   "%tmp_102_i = sparsemux i45 @_ssdm_op_SparseMux.ap_auto.40i45.i45.i6, i6 0, i45 %p_read_784, i6 1, i45 %p_read_783, i6 2, i45 %p_read_782, i6 3, i45 %p_read_781, i6 4, i45 %p_read_780, i6 5, i45 %p_read_779, i6 6, i45 %p_read_778, i6 7, i45 %p_read_777, i6 8, i45 %p_read_776, i6 9, i45 %p_read_775, i6 10, i45 %p_read_774, i6 11, i45 %p_read_773, i6 12, i45 %p_read_772, i6 13, i45 %p_read_771, i6 14, i45 %p_read_770, i6 15, i45 %p_read_769, i6 16, i45 %p_read_768, i6 17, i45 %p_read_767, i6 18, i45 %p_read_766, i6 19, i45 %p_read_765, i6 20, i45 %p_read_764, i6 21, i45 %p_read_763, i6 22, i45 %p_read_762, i6 23, i45 %p_read_761, i6 24, i45 %p_read_760, i6 25, i45 %p_read_759, i6 26, i45 %p_read_758, i6 27, i45 %p_read_757, i6 28, i45 %p_read_756, i6 29, i45 %p_read_755, i6 30, i45 %p_read_754, i6 31, i45 %p_read_753, i6 32, i45 %p_read_752, i6 33, i45 %p_read_751, i6 34, i45 %p_read_750, i6 35, i45 %p_read_749, i6 36, i45 %p_read_748, i6 37, i45 %p_read_747, i6 38, i45 %p_read_551, i6 39, i45 %p_read_550, i45 0, i6 %add_ln61_5" [./conv.h:66->top_wrapper.cpp:123]   --->   Operation 741 'sparsemux' 'tmp_102_i' <Predicate = true> <Delay = 0.84> <CoreInst = "BinarySparseMux_DontCare">   --->   Core 149 'BinarySparseMux_DontCare' <Latency = 0> <II = 1> <Delay = 0.84> <FuncUnit> <Opcode : 'sparsemux'> <InPorts = 2> <OutPorts = 1>
ST_11 : Operation 742 [1/1] (0.84ns)   --->   "%tmp_103_i = sparsemux i45 @_ssdm_op_SparseMux.ap_auto.40i45.i45.i6, i6 0, i45 %p_read200602, i6 1, i45 %p_read_746, i6 2, i45 %p_read_745, i6 3, i45 %p_read_744, i6 4, i45 %p_read_743, i6 5, i45 %p_read_742, i6 6, i45 %p_read_741, i6 7, i45 %p_read_740, i6 8, i45 %p_read_739, i6 9, i45 %p_read_738, i6 10, i45 %p_read_737, i6 11, i45 %p_read_736, i6 12, i45 %p_read_735, i6 13, i45 %p_read_734, i6 14, i45 %p_read_733, i6 15, i45 %p_read_732, i6 16, i45 %p_read_731, i6 17, i45 %p_read_730, i6 18, i45 %p_read_729, i6 19, i45 %p_read_728, i6 20, i45 %p_read_727, i6 21, i45 %p_read_726, i6 22, i45 %p_read_725, i6 23, i45 %p_read_724, i6 24, i45 %p_read_723, i6 25, i45 %p_read_722, i6 26, i45 %p_read_721, i6 27, i45 %p_read_720, i6 28, i45 %p_read_719, i6 29, i45 %p_read_718, i6 30, i45 %p_read_717, i6 31, i45 %p_read_716, i6 32, i45 %p_read_715, i6 33, i45 %p_read_714, i6 34, i45 %p_read_713, i6 35, i45 %p_read_712, i6 36, i45 %p_read_711, i6 37, i45 %p_read_710, i6 38, i45 %p_read_549, i6 39, i45 %p_read_548, i45 0, i6 %add_ln61_5" [./conv.h:66->top_wrapper.cpp:123]   --->   Operation 742 'sparsemux' 'tmp_103_i' <Predicate = true> <Delay = 0.84> <CoreInst = "BinarySparseMux_DontCare">   --->   Core 149 'BinarySparseMux_DontCare' <Latency = 0> <II = 1> <Delay = 0.84> <FuncUnit> <Opcode : 'sparsemux'> <InPorts = 2> <OutPorts = 1>
ST_11 : Operation 743 [1/1] (0.84ns)   --->   "%tmp_104_i = sparsemux i45 @_ssdm_op_SparseMux.ap_auto.40i45.i45.i6, i6 0, i45 %p_read_709, i6 1, i45 %p_read_708, i6 2, i45 %p_read_707, i6 3, i45 %p_read_706, i6 4, i45 %p_read_705, i6 5, i45 %p_read_704, i6 6, i45 %p_read_703, i6 7, i45 %p_read_702, i6 8, i45 %p_read_701, i6 9, i45 %p_read_700, i6 10, i45 %p_read_699, i6 11, i45 %p_read_698, i6 12, i45 %p_read_697, i6 13, i45 %p_read_696, i6 14, i45 %p_read_695, i6 15, i45 %p_read_694, i6 16, i45 %p_read_693, i6 17, i45 %p_read_692, i6 18, i45 %p_read_691, i6 19, i45 %p_read_690, i6 20, i45 %p_read_689, i6 21, i45 %p_read_688, i6 22, i45 %p_read_687, i6 23, i45 %p_read_686, i6 24, i45 %p_read_685, i6 25, i45 %p_read_684, i6 26, i45 %p_read_683, i6 27, i45 %p_read_682, i6 28, i45 %p_read_681, i6 29, i45 %p_read_680, i6 30, i45 %p_read_679, i6 31, i45 %p_read_678, i6 32, i45 %p_read_677, i6 33, i45 %p_read_676, i6 34, i45 %p_read_675, i6 35, i45 %p_read_674, i6 36, i45 %p_read_673, i6 37, i45 %p_read_672, i6 38, i45 %p_read_547, i6 39, i45 %p_read_546, i45 0, i6 %add_ln61_5" [./conv.h:66->top_wrapper.cpp:123]   --->   Operation 743 'sparsemux' 'tmp_104_i' <Predicate = true> <Delay = 0.84> <CoreInst = "BinarySparseMux_DontCare">   --->   Core 149 'BinarySparseMux_DontCare' <Latency = 0> <II = 1> <Delay = 0.84> <FuncUnit> <Opcode : 'sparsemux'> <InPorts = 2> <OutPorts = 1>
ST_11 : Operation 744 [1/1] (0.84ns)   --->   "%tmp_105_i = sparsemux i45 @_ssdm_op_SparseMux.ap_auto.40i45.i45.i6, i6 0, i45 %p_read_671, i6 1, i45 %p_read_670, i6 2, i45 %p_read_669, i6 3, i45 %p_read_668, i6 4, i45 %p_read_667, i6 5, i45 %p_read_666, i6 6, i45 %p_read_665, i6 7, i45 %p_read_664, i6 8, i45 %p_read_663, i6 9, i45 %p_read_662, i6 10, i45 %p_read_661, i6 11, i45 %p_read_660, i6 12, i45 %p_read_659, i6 13, i45 %p_read_658, i6 14, i45 %p_read_657, i6 15, i45 %p_read_656, i6 16, i45 %p_read_655, i6 17, i45 %p_read_654, i6 18, i45 %p_read_653, i6 19, i45 %p_read_652, i6 20, i45 %p_read_651, i6 21, i45 %p_read_650, i6 22, i45 %p_read_649, i6 23, i45 %p_read_648, i6 24, i45 %p_read_647, i6 25, i45 %p_read_646, i6 26, i45 %p_read_645, i6 27, i45 %p_read_644, i6 28, i45 %p_read_643, i6 29, i45 %p_read_642, i6 30, i45 %p_read_641, i6 31, i45 %p_read_640, i6 32, i45 %p_read_639, i6 33, i45 %p_read_638, i6 34, i45 %p_read_637, i6 35, i45 %p_read_636, i6 36, i45 %p_read_635, i6 37, i45 %p_read_634, i6 38, i45 %p_read_545, i6 39, i45 %p_read_544, i45 0, i6 %add_ln61_5" [./conv.h:66->top_wrapper.cpp:123]   --->   Operation 744 'sparsemux' 'tmp_105_i' <Predicate = true> <Delay = 0.84> <CoreInst = "BinarySparseMux_DontCare">   --->   Core 149 'BinarySparseMux_DontCare' <Latency = 0> <II = 1> <Delay = 0.84> <FuncUnit> <Opcode : 'sparsemux'> <InPorts = 2> <OutPorts = 1>
ST_11 : Operation 745 [1/1] (0.84ns)   --->   "%tmp_106_i = sparsemux i45 @_ssdm_op_SparseMux.ap_auto.40i45.i45.i6, i6 0, i45 %p_read_633, i6 1, i45 %p_read_632, i6 2, i45 %p_read_631, i6 3, i45 %p_read_630, i6 4, i45 %p_read_629, i6 5, i45 %p_read_628, i6 6, i45 %p_read_627, i6 7, i45 %p_read_626, i6 8, i45 %p_read_625, i6 9, i45 %p_read_624, i6 10, i45 %p_read_623, i6 11, i45 %p_read_622, i6 12, i45 %p_read_621, i6 13, i45 %p_read_620, i6 14, i45 %p_read_619, i6 15, i45 %p_read_618, i6 16, i45 %p_read_617, i6 17, i45 %p_read_616, i6 18, i45 %p_read_615, i6 19, i45 %p_read_614, i6 20, i45 %p_read_613, i6 21, i45 %p_read_612, i6 22, i45 %p_read_611, i6 23, i45 %p_read_610, i6 24, i45 %p_read_609, i6 25, i45 %p_read_608, i6 26, i45 %p_read_607, i6 27, i45 %p_read_606, i6 28, i45 %p_read_605, i6 29, i45 %p_read_604, i6 30, i45 %p_read_603, i6 31, i45 %p_read_602, i6 32, i45 %p_read_601, i6 33, i45 %p_read_600, i6 34, i45 %p_read_599, i6 35, i45 %p_read_598, i6 36, i45 %p_read_597, i6 37, i45 %p_read_596, i6 38, i45 %p_read_543, i6 39, i45 %p_read_542, i45 0, i6 %add_ln61_5" [./conv.h:66->top_wrapper.cpp:123]   --->   Operation 745 'sparsemux' 'tmp_106_i' <Predicate = true> <Delay = 0.84> <CoreInst = "BinarySparseMux_DontCare">   --->   Core 149 'BinarySparseMux_DontCare' <Latency = 0> <II = 1> <Delay = 0.84> <FuncUnit> <Opcode : 'sparsemux'> <InPorts = 2> <OutPorts = 1>
ST_11 : Operation 746 [1/1] (0.84ns)   --->   "%tmp_107_i = sparsemux i45 @_ssdm_op_SparseMux.ap_auto.40i45.i45.i6, i6 0, i45 %p_read_595, i6 1, i45 %p_read_594, i6 2, i45 %p_read_593, i6 3, i45 %p_read_592, i6 4, i45 %p_read_591, i6 5, i45 %p_read_590, i6 6, i45 %p_read_589, i6 7, i45 %p_read_588, i6 8, i45 %p_read_587, i6 9, i45 %p_read_586, i6 10, i45 %p_read_585, i6 11, i45 %p_read_584, i6 12, i45 %p_read_583, i6 13, i45 %p_read_582, i6 14, i45 %p_read_581, i6 15, i45 %p_read_580, i6 16, i45 %p_read_579, i6 17, i45 %p_read_578, i6 18, i45 %p_read_577, i6 19, i45 %p_read_576, i6 20, i45 %p_read_575, i6 21, i45 %p_read_574, i6 22, i45 %p_read_573, i6 23, i45 %p_read_572, i6 24, i45 %p_read_571, i6 25, i45 %p_read_570, i6 26, i45 %p_read_569, i6 27, i45 %p_read_568, i6 28, i45 %p_read_567, i6 29, i45 %p_read_566, i6 30, i45 %p_read_565, i6 31, i45 %p_read_564, i6 32, i45 %p_read_563, i6 33, i45 %p_read_562, i6 34, i45 %p_read_561, i6 35, i45 %p_read_560, i6 36, i45 %p_read_559, i6 37, i45 %p_read_558, i6 38, i45 %p_read_541, i6 39, i45 %p_read_540, i45 0, i6 %add_ln61_5" [./conv.h:66->top_wrapper.cpp:123]   --->   Operation 746 'sparsemux' 'tmp_107_i' <Predicate = true> <Delay = 0.84> <CoreInst = "BinarySparseMux_DontCare">   --->   Core 149 'BinarySparseMux_DontCare' <Latency = 0> <II = 1> <Delay = 0.84> <FuncUnit> <Opcode : 'sparsemux'> <InPorts = 2> <OutPorts = 1>
ST_11 : Operation 747 [1/1] (0.77ns)   --->   "%tmp_108_i = sparsemux i45 @_ssdm_op_SparseMux.ap_auto.9i45.i45.i4, i4 0, i45 %tmp_99_i, i4 1, i45 %tmp_100_i, i4 2, i45 %tmp_101_i, i4 3, i45 %tmp_102_i, i4 4, i45 %tmp_103_i, i4 5, i45 %tmp_104_i, i4 6, i45 %tmp_105_i, i4 7, i45 %tmp_106_i, i4 8, i45 %tmp_107_i, i45 0, i4 %add93_1_2175366_i" [./conv.h:66->top_wrapper.cpp:123]   --->   Operation 747 'sparsemux' 'tmp_108_i' <Predicate = true> <Delay = 0.77> <CoreInst = "BinarySparseMux_DontCare">   --->   Core 149 'BinarySparseMux_DontCare' <Latency = 0> <II = 1> <Delay = 0.77> <FuncUnit> <Opcode : 'sparsemux'> <InPorts = 2> <OutPorts = 1>
ST_11 : Operation 748 [1/1] (0.78ns)   --->   "%add_ln61_6 = add i6 %zext_ln61, i6 %mul81_2_i" [./conv.h:61->top_wrapper.cpp:123]   --->   Operation 748 'add' 'add_ln61_6' <Predicate = true> <Delay = 0.78> <CoreInst = "Adder">   --->   Core 1 'Adder' <Latency = 0> <II = 1> <Delay = 0.78> <FuncUnit> <Opcode : 'add' 'sub'> <InPorts = 2> <OutPorts = 1>
ST_11 : Operation 749 [1/1] (1.03ns)   --->   "%tmp_109_i = sparsemux i45 @_ssdm_op_SparseMux.ap_auto.48i45.i45.i6, i6 0, i45 %p_read450, i6 1, i45 %p_read1451, i6 2, i45 %p_read2452, i6 3, i45 %p_read3453, i6 4, i45 %p_read4454, i6 5, i45 %p_read5455, i6 6, i45 %p_read6456, i6 7, i45 %p_read7457, i6 8, i45 %p_read8458, i6 9, i45 %p_read9459, i6 10, i45 %p_read10460, i6 11, i45 %p_read_880, i6 12, i45 %p_read_879, i6 13, i45 %p_read_878, i6 14, i45 %p_read_877, i6 15, i45 %p_read_876, i6 16, i45 %p_read_875, i6 17, i45 %p_read_874, i6 18, i45 %p_read_873, i6 19, i45 %p_read_872, i6 20, i45 %p_read20470, i6 21, i45 %p_read_871, i6 22, i45 %p_read_870, i6 23, i45 %p_read_869, i6 24, i45 %p_read_868, i6 25, i45 %p_read_867, i6 26, i45 %p_read_866, i6 27, i45 %p_read_865, i6 28, i45 %p_read_864, i6 29, i45 %p_read_863, i6 30, i45 %p_read30480, i6 31, i45 %p_read_862, i6 32, i45 %p_read_861, i6 33, i45 %p_read_860, i6 34, i45 %p_read_859, i6 35, i45 %p_read_858, i6 36, i45 %p_read_857, i6 37, i45 %p_read_856, i6 38, i45 %p_read_557, i6 39, i45 %p_read_556, i6 40, i45 %p_read_539, i6 41, i45 %p_read_538, i6 42, i45 %p_read_537, i6 43, i45 %p_read_536, i6 44, i45 %p_read_535, i6 45, i45 %p_read_534, i6 46, i45 %p_read_533, i6 47, i45 %p_read_532, i45 0, i6 %add_ln61_6" [./conv.h:66->top_wrapper.cpp:123]   --->   Operation 749 'sparsemux' 'tmp_109_i' <Predicate = true> <Delay = 1.03> <CoreInst = "BinarySparseMux_DontCare">   --->   Core 149 'BinarySparseMux_DontCare' <Latency = 0> <II = 1> <Delay = 1.03> <FuncUnit> <Opcode : 'sparsemux'> <InPorts = 2> <OutPorts = 1>
ST_11 : Operation 750 [1/1] (1.03ns)   --->   "%tmp_110_i = sparsemux i45 @_ssdm_op_SparseMux.ap_auto.48i45.i45.i6, i6 0, i45 %p_read50488, i6 1, i45 %p_read_855, i6 2, i45 %p_read_854, i6 3, i45 %p_read_853, i6 4, i45 %p_read_852, i6 5, i45 %p_read_851, i6 6, i45 %p_read_850, i6 7, i45 %p_read_849, i6 8, i45 %p_read_848, i6 9, i45 %p_read_847, i6 10, i45 %p_read60498, i6 11, i45 %p_read_846, i6 12, i45 %p_read_845, i6 13, i45 %p_read_844, i6 14, i45 %p_read_843, i6 15, i45 %p_read_842, i6 16, i45 %p_read_841, i6 17, i45 %p_read_840, i6 18, i45 %p_read_839, i6 19, i45 %p_read_838, i6 20, i45 %p_read70508, i6 21, i45 %p_read_837, i6 22, i45 %p_read_836, i6 23, i45 %p_read_835, i6 24, i45 %p_read_834, i6 25, i45 %p_read_833, i6 26, i45 %p_read_832, i6 27, i45 %p_read_831, i6 28, i45 %p_read_830, i6 29, i45 %p_read_829, i6 30, i45 %p_read80518, i6 31, i45 %p_read_828, i6 32, i45 %p_read_827, i6 33, i45 %p_read_826, i6 34, i45 %p_read_825, i6 35, i45 %p_read_824, i6 36, i45 %p_read_823, i6 37, i45 %p_read_822, i6 38, i45 %p_read_555, i6 39, i45 %p_read_554, i6 40, i45 %p_read_531, i6 41, i45 %p_read_530, i6 42, i45 %p_read_529, i6 43, i45 %p_read_528, i6 44, i45 %p_read_527, i6 45, i45 %p_read_526, i6 46, i45 %p_read_525, i6 47, i45 %p_read_524, i45 0, i6 %add_ln61_6" [./conv.h:66->top_wrapper.cpp:123]   --->   Operation 750 'sparsemux' 'tmp_110_i' <Predicate = true> <Delay = 1.03> <CoreInst = "BinarySparseMux_DontCare">   --->   Core 149 'BinarySparseMux_DontCare' <Latency = 0> <II = 1> <Delay = 1.03> <FuncUnit> <Opcode : 'sparsemux'> <InPorts = 2> <OutPorts = 1>
ST_11 : Operation 751 [1/1] (1.03ns)   --->   "%tmp_111_i = sparsemux i45 @_ssdm_op_SparseMux.ap_auto.48i45.i45.i6, i6 0, i45 %p_read100526, i6 1, i45 %p_read_821, i6 2, i45 %p_read_820, i6 3, i45 %p_read_819, i6 4, i45 %p_read_818, i6 5, i45 %p_read_817, i6 6, i45 %p_read_816, i6 7, i45 %p_read_815, i6 8, i45 %p_read_814, i6 9, i45 %p_read_813, i6 10, i45 %p_read_812, i6 11, i45 %p_read_811, i6 12, i45 %p_read_810, i6 13, i45 %p_read_809, i6 14, i45 %p_read_808, i6 15, i45 %p_read_807, i6 16, i45 %p_read_806, i6 17, i45 %p_read_805, i6 18, i45 %p_read_804, i6 19, i45 %p_read_803, i6 20, i45 %p_read_802, i6 21, i45 %p_read_801, i6 22, i45 %p_read_800, i6 23, i45 %p_read_799, i6 24, i45 %p_read_798, i6 25, i45 %p_read_797, i6 26, i45 %p_read_796, i6 27, i45 %p_read_795, i6 28, i45 %p_read_794, i6 29, i45 %p_read_793, i6 30, i45 %p_read_792, i6 31, i45 %p_read_791, i6 32, i45 %p_read_790, i6 33, i45 %p_read_789, i6 34, i45 %p_read_788, i6 35, i45 %p_read_787, i6 36, i45 %p_read_786, i6 37, i45 %p_read_785, i6 38, i45 %p_read_553, i6 39, i45 %p_read_552, i6 40, i45 %p_read_523, i6 41, i45 %p_read_522, i6 42, i45 %p_read_521, i6 43, i45 %p_read_520, i6 44, i45 %p_read_519, i6 45, i45 %p_read_518, i6 46, i45 %p_read_517, i6 47, i45 %p_read_516, i45 0, i6 %add_ln61_6" [./conv.h:66->top_wrapper.cpp:123]   --->   Operation 751 'sparsemux' 'tmp_111_i' <Predicate = true> <Delay = 1.03> <CoreInst = "BinarySparseMux_DontCare">   --->   Core 149 'BinarySparseMux_DontCare' <Latency = 0> <II = 1> <Delay = 1.03> <FuncUnit> <Opcode : 'sparsemux'> <InPorts = 2> <OutPorts = 1>
ST_11 : Operation 752 [1/1] (1.03ns)   --->   "%tmp_112_i = sparsemux i45 @_ssdm_op_SparseMux.ap_auto.48i45.i45.i6, i6 0, i45 %p_read_784, i6 1, i45 %p_read_783, i6 2, i45 %p_read_782, i6 3, i45 %p_read_781, i6 4, i45 %p_read_780, i6 5, i45 %p_read_779, i6 6, i45 %p_read_778, i6 7, i45 %p_read_777, i6 8, i45 %p_read_776, i6 9, i45 %p_read_775, i6 10, i45 %p_read_774, i6 11, i45 %p_read_773, i6 12, i45 %p_read_772, i6 13, i45 %p_read_771, i6 14, i45 %p_read_770, i6 15, i45 %p_read_769, i6 16, i45 %p_read_768, i6 17, i45 %p_read_767, i6 18, i45 %p_read_766, i6 19, i45 %p_read_765, i6 20, i45 %p_read_764, i6 21, i45 %p_read_763, i6 22, i45 %p_read_762, i6 23, i45 %p_read_761, i6 24, i45 %p_read_760, i6 25, i45 %p_read_759, i6 26, i45 %p_read_758, i6 27, i45 %p_read_757, i6 28, i45 %p_read_756, i6 29, i45 %p_read_755, i6 30, i45 %p_read_754, i6 31, i45 %p_read_753, i6 32, i45 %p_read_752, i6 33, i45 %p_read_751, i6 34, i45 %p_read_750, i6 35, i45 %p_read_749, i6 36, i45 %p_read_748, i6 37, i45 %p_read_747, i6 38, i45 %p_read_551, i6 39, i45 %p_read_550, i6 40, i45 %p_read_515, i6 41, i45 %p_read_514, i6 42, i45 %p_read_513, i6 43, i45 %p_read_512, i6 44, i45 %p_read_511, i6 45, i45 %p_read_510, i6 46, i45 %p_read_509, i6 47, i45 %p_read_508, i45 0, i6 %add_ln61_6" [./conv.h:66->top_wrapper.cpp:123]   --->   Operation 752 'sparsemux' 'tmp_112_i' <Predicate = true> <Delay = 1.03> <CoreInst = "BinarySparseMux_DontCare">   --->   Core 149 'BinarySparseMux_DontCare' <Latency = 0> <II = 1> <Delay = 1.03> <FuncUnit> <Opcode : 'sparsemux'> <InPorts = 2> <OutPorts = 1>
ST_11 : Operation 753 [1/1] (1.03ns)   --->   "%tmp_113_i = sparsemux i45 @_ssdm_op_SparseMux.ap_auto.48i45.i45.i6, i6 0, i45 %p_read200602, i6 1, i45 %p_read_746, i6 2, i45 %p_read_745, i6 3, i45 %p_read_744, i6 4, i45 %p_read_743, i6 5, i45 %p_read_742, i6 6, i45 %p_read_741, i6 7, i45 %p_read_740, i6 8, i45 %p_read_739, i6 9, i45 %p_read_738, i6 10, i45 %p_read_737, i6 11, i45 %p_read_736, i6 12, i45 %p_read_735, i6 13, i45 %p_read_734, i6 14, i45 %p_read_733, i6 15, i45 %p_read_732, i6 16, i45 %p_read_731, i6 17, i45 %p_read_730, i6 18, i45 %p_read_729, i6 19, i45 %p_read_728, i6 20, i45 %p_read_727, i6 21, i45 %p_read_726, i6 22, i45 %p_read_725, i6 23, i45 %p_read_724, i6 24, i45 %p_read_723, i6 25, i45 %p_read_722, i6 26, i45 %p_read_721, i6 27, i45 %p_read_720, i6 28, i45 %p_read_719, i6 29, i45 %p_read_718, i6 30, i45 %p_read_717, i6 31, i45 %p_read_716, i6 32, i45 %p_read_715, i6 33, i45 %p_read_714, i6 34, i45 %p_read_713, i6 35, i45 %p_read_712, i6 36, i45 %p_read_711, i6 37, i45 %p_read_710, i6 38, i45 %p_read_549, i6 39, i45 %p_read_548, i6 40, i45 %p_read_507, i6 41, i45 %p_read_506, i6 42, i45 %p_read_505, i6 43, i45 %p_read_504, i6 44, i45 %p_read_503, i6 45, i45 %p_read_502, i6 46, i45 %p_read_501, i6 47, i45 %p_read_500, i45 0, i6 %add_ln61_6" [./conv.h:66->top_wrapper.cpp:123]   --->   Operation 753 'sparsemux' 'tmp_113_i' <Predicate = true> <Delay = 1.03> <CoreInst = "BinarySparseMux_DontCare">   --->   Core 149 'BinarySparseMux_DontCare' <Latency = 0> <II = 1> <Delay = 1.03> <FuncUnit> <Opcode : 'sparsemux'> <InPorts = 2> <OutPorts = 1>
ST_11 : Operation 754 [1/1] (1.03ns)   --->   "%tmp_114_i = sparsemux i45 @_ssdm_op_SparseMux.ap_auto.48i45.i45.i6, i6 0, i45 %p_read_709, i6 1, i45 %p_read_708, i6 2, i45 %p_read_707, i6 3, i45 %p_read_706, i6 4, i45 %p_read_705, i6 5, i45 %p_read_704, i6 6, i45 %p_read_703, i6 7, i45 %p_read_702, i6 8, i45 %p_read_701, i6 9, i45 %p_read_700, i6 10, i45 %p_read_699, i6 11, i45 %p_read_698, i6 12, i45 %p_read_697, i6 13, i45 %p_read_696, i6 14, i45 %p_read_695, i6 15, i45 %p_read_694, i6 16, i45 %p_read_693, i6 17, i45 %p_read_692, i6 18, i45 %p_read_691, i6 19, i45 %p_read_690, i6 20, i45 %p_read_689, i6 21, i45 %p_read_688, i6 22, i45 %p_read_687, i6 23, i45 %p_read_686, i6 24, i45 %p_read_685, i6 25, i45 %p_read_684, i6 26, i45 %p_read_683, i6 27, i45 %p_read_682, i6 28, i45 %p_read_681, i6 29, i45 %p_read_680, i6 30, i45 %p_read_679, i6 31, i45 %p_read_678, i6 32, i45 %p_read_677, i6 33, i45 %p_read_676, i6 34, i45 %p_read_675, i6 35, i45 %p_read_674, i6 36, i45 %p_read_673, i6 37, i45 %p_read_672, i6 38, i45 %p_read_547, i6 39, i45 %p_read_546, i6 40, i45 %p_read_499, i6 41, i45 %p_read_498, i6 42, i45 %p_read_497, i6 43, i45 %p_read_496, i6 44, i45 %p_read_495, i6 45, i45 %p_read_494, i6 46, i45 %p_read_493, i6 47, i45 %p_read_492, i45 0, i6 %add_ln61_6" [./conv.h:66->top_wrapper.cpp:123]   --->   Operation 754 'sparsemux' 'tmp_114_i' <Predicate = true> <Delay = 1.03> <CoreInst = "BinarySparseMux_DontCare">   --->   Core 149 'BinarySparseMux_DontCare' <Latency = 0> <II = 1> <Delay = 1.03> <FuncUnit> <Opcode : 'sparsemux'> <InPorts = 2> <OutPorts = 1>
ST_11 : Operation 755 [1/1] (1.03ns)   --->   "%tmp_115_i = sparsemux i45 @_ssdm_op_SparseMux.ap_auto.48i45.i45.i6, i6 0, i45 %p_read_671, i6 1, i45 %p_read_670, i6 2, i45 %p_read_669, i6 3, i45 %p_read_668, i6 4, i45 %p_read_667, i6 5, i45 %p_read_666, i6 6, i45 %p_read_665, i6 7, i45 %p_read_664, i6 8, i45 %p_read_663, i6 9, i45 %p_read_662, i6 10, i45 %p_read_661, i6 11, i45 %p_read_660, i6 12, i45 %p_read_659, i6 13, i45 %p_read_658, i6 14, i45 %p_read_657, i6 15, i45 %p_read_656, i6 16, i45 %p_read_655, i6 17, i45 %p_read_654, i6 18, i45 %p_read_653, i6 19, i45 %p_read_652, i6 20, i45 %p_read_651, i6 21, i45 %p_read_650, i6 22, i45 %p_read_649, i6 23, i45 %p_read_648, i6 24, i45 %p_read_647, i6 25, i45 %p_read_646, i6 26, i45 %p_read_645, i6 27, i45 %p_read_644, i6 28, i45 %p_read_643, i6 29, i45 %p_read_642, i6 30, i45 %p_read_641, i6 31, i45 %p_read_640, i6 32, i45 %p_read_639, i6 33, i45 %p_read_638, i6 34, i45 %p_read_637, i6 35, i45 %p_read_636, i6 36, i45 %p_read_635, i6 37, i45 %p_read_634, i6 38, i45 %p_read_545, i6 39, i45 %p_read_544, i6 40, i45 %p_read_491, i6 41, i45 %p_read_490, i6 42, i45 %p_read_489, i6 43, i45 %p_read_488, i6 44, i45 %p_read_487, i6 45, i45 %p_read_486, i6 46, i45 %p_read_485, i6 47, i45 %p_read_484, i45 0, i6 %add_ln61_6" [./conv.h:66->top_wrapper.cpp:123]   --->   Operation 755 'sparsemux' 'tmp_115_i' <Predicate = true> <Delay = 1.03> <CoreInst = "BinarySparseMux_DontCare">   --->   Core 149 'BinarySparseMux_DontCare' <Latency = 0> <II = 1> <Delay = 1.03> <FuncUnit> <Opcode : 'sparsemux'> <InPorts = 2> <OutPorts = 1>
ST_11 : Operation 756 [1/1] (1.03ns)   --->   "%tmp_116_i = sparsemux i45 @_ssdm_op_SparseMux.ap_auto.48i45.i45.i6, i6 0, i45 %p_read_633, i6 1, i45 %p_read_632, i6 2, i45 %p_read_631, i6 3, i45 %p_read_630, i6 4, i45 %p_read_629, i6 5, i45 %p_read_628, i6 6, i45 %p_read_627, i6 7, i45 %p_read_626, i6 8, i45 %p_read_625, i6 9, i45 %p_read_624, i6 10, i45 %p_read_623, i6 11, i45 %p_read_622, i6 12, i45 %p_read_621, i6 13, i45 %p_read_620, i6 14, i45 %p_read_619, i6 15, i45 %p_read_618, i6 16, i45 %p_read_617, i6 17, i45 %p_read_616, i6 18, i45 %p_read_615, i6 19, i45 %p_read_614, i6 20, i45 %p_read_613, i6 21, i45 %p_read_612, i6 22, i45 %p_read_611, i6 23, i45 %p_read_610, i6 24, i45 %p_read_609, i6 25, i45 %p_read_608, i6 26, i45 %p_read_607, i6 27, i45 %p_read_606, i6 28, i45 %p_read_605, i6 29, i45 %p_read_604, i6 30, i45 %p_read_603, i6 31, i45 %p_read_602, i6 32, i45 %p_read_601, i6 33, i45 %p_read_600, i6 34, i45 %p_read_599, i6 35, i45 %p_read_598, i6 36, i45 %p_read_597, i6 37, i45 %p_read_596, i6 38, i45 %p_read_543, i6 39, i45 %p_read_542, i6 40, i45 %p_read_483, i6 41, i45 %p_read_482, i6 42, i45 %p_read_481, i6 43, i45 %p_read_480, i6 44, i45 %p_read_479, i6 45, i45 %p_read_478, i6 46, i45 %p_read_477, i6 47, i45 %p_read_476, i45 0, i6 %add_ln61_6" [./conv.h:66->top_wrapper.cpp:123]   --->   Operation 756 'sparsemux' 'tmp_116_i' <Predicate = true> <Delay = 1.03> <CoreInst = "BinarySparseMux_DontCare">   --->   Core 149 'BinarySparseMux_DontCare' <Latency = 0> <II = 1> <Delay = 1.03> <FuncUnit> <Opcode : 'sparsemux'> <InPorts = 2> <OutPorts = 1>
ST_11 : Operation 757 [1/1] (1.03ns)   --->   "%tmp_117_i = sparsemux i45 @_ssdm_op_SparseMux.ap_auto.48i45.i45.i6, i6 0, i45 %p_read_595, i6 1, i45 %p_read_594, i6 2, i45 %p_read_593, i6 3, i45 %p_read_592, i6 4, i45 %p_read_591, i6 5, i45 %p_read_590, i6 6, i45 %p_read_589, i6 7, i45 %p_read_588, i6 8, i45 %p_read_587, i6 9, i45 %p_read_586, i6 10, i45 %p_read_585, i6 11, i45 %p_read_584, i6 12, i45 %p_read_583, i6 13, i45 %p_read_582, i6 14, i45 %p_read_581, i6 15, i45 %p_read_580, i6 16, i45 %p_read_579, i6 17, i45 %p_read_578, i6 18, i45 %p_read_577, i6 19, i45 %p_read_576, i6 20, i45 %p_read_575, i6 21, i45 %p_read_574, i6 22, i45 %p_read_573, i6 23, i45 %p_read_572, i6 24, i45 %p_read_571, i6 25, i45 %p_read_570, i6 26, i45 %p_read_569, i6 27, i45 %p_read_568, i6 28, i45 %p_read_567, i6 29, i45 %p_read_566, i6 30, i45 %p_read_565, i6 31, i45 %p_read_564, i6 32, i45 %p_read_563, i6 33, i45 %p_read_562, i6 34, i45 %p_read_561, i6 35, i45 %p_read_560, i6 36, i45 %p_read_559, i6 37, i45 %p_read_558, i6 38, i45 %p_read_541, i6 39, i45 %p_read_540, i6 40, i45 %p_read_475, i6 41, i45 %p_read_474, i6 42, i45 %p_read_473, i6 43, i45 %p_read_472, i6 44, i45 %p_read_471, i6 45, i45 %p_read_470, i6 46, i45 %p_read_469, i6 47, i45 %p_read_468, i45 0, i6 %add_ln61_6" [./conv.h:66->top_wrapper.cpp:123]   --->   Operation 757 'sparsemux' 'tmp_117_i' <Predicate = true> <Delay = 1.03> <CoreInst = "BinarySparseMux_DontCare">   --->   Core 149 'BinarySparseMux_DontCare' <Latency = 0> <II = 1> <Delay = 1.03> <FuncUnit> <Opcode : 'sparsemux'> <InPorts = 2> <OutPorts = 1>
ST_11 : Operation 758 [1/1] (0.77ns)   --->   "%tmp_118_i = sparsemux i45 @_ssdm_op_SparseMux.ap_auto.9i45.i45.i4, i4 0, i45 %tmp_109_i, i4 1, i45 %tmp_110_i, i4 2, i45 %tmp_111_i, i4 3, i45 %tmp_112_i, i4 4, i45 %tmp_113_i, i4 5, i45 %tmp_114_i, i4 6, i45 %tmp_115_i, i4 7, i45 %tmp_116_i, i4 8, i45 %tmp_117_i, i45 0, i4 %add93_2212477_i" [./conv.h:66->top_wrapper.cpp:123]   --->   Operation 758 'sparsemux' 'tmp_118_i' <Predicate = true> <Delay = 0.77> <CoreInst = "BinarySparseMux_DontCare">   --->   Core 149 'BinarySparseMux_DontCare' <Latency = 0> <II = 1> <Delay = 0.77> <FuncUnit> <Opcode : 'sparsemux'> <InPorts = 2> <OutPorts = 1>
ST_11 : Operation 759 [1/1] (0.78ns)   --->   "%add_ln61_7 = add i6 %zext_ln61_1, i6 %mul81_2_i" [./conv.h:61->top_wrapper.cpp:123]   --->   Operation 759 'add' 'add_ln61_7' <Predicate = true> <Delay = 0.78> <CoreInst = "Adder">   --->   Core 1 'Adder' <Latency = 0> <II = 1> <Delay = 0.78> <FuncUnit> <Opcode : 'add' 'sub'> <InPorts = 2> <OutPorts = 1>
ST_11 : Operation 760 [1/1] (1.03ns)   --->   "%tmp_119_i = sparsemux i45 @_ssdm_op_SparseMux.ap_auto.48i45.i45.i6, i6 0, i45 %p_read450, i6 1, i45 %p_read1451, i6 2, i45 %p_read2452, i6 3, i45 %p_read3453, i6 4, i45 %p_read4454, i6 5, i45 %p_read5455, i6 6, i45 %p_read6456, i6 7, i45 %p_read7457, i6 8, i45 %p_read8458, i6 9, i45 %p_read9459, i6 10, i45 %p_read10460, i6 11, i45 %p_read_880, i6 12, i45 %p_read_879, i6 13, i45 %p_read_878, i6 14, i45 %p_read_877, i6 15, i45 %p_read_876, i6 16, i45 %p_read_875, i6 17, i45 %p_read_874, i6 18, i45 %p_read_873, i6 19, i45 %p_read_872, i6 20, i45 %p_read20470, i6 21, i45 %p_read_871, i6 22, i45 %p_read_870, i6 23, i45 %p_read_869, i6 24, i45 %p_read_868, i6 25, i45 %p_read_867, i6 26, i45 %p_read_866, i6 27, i45 %p_read_865, i6 28, i45 %p_read_864, i6 29, i45 %p_read_863, i6 30, i45 %p_read30480, i6 31, i45 %p_read_862, i6 32, i45 %p_read_861, i6 33, i45 %p_read_860, i6 34, i45 %p_read_859, i6 35, i45 %p_read_858, i6 36, i45 %p_read_857, i6 37, i45 %p_read_856, i6 38, i45 %p_read_557, i6 39, i45 %p_read_556, i6 40, i45 %p_read_539, i6 41, i45 %p_read_538, i6 42, i45 %p_read_537, i6 43, i45 %p_read_536, i6 44, i45 %p_read_535, i6 45, i45 %p_read_534, i6 46, i45 %p_read_533, i6 47, i45 %p_read_532, i45 0, i6 %add_ln61_7" [./conv.h:66->top_wrapper.cpp:123]   --->   Operation 760 'sparsemux' 'tmp_119_i' <Predicate = true> <Delay = 1.03> <CoreInst = "BinarySparseMux_DontCare">   --->   Core 149 'BinarySparseMux_DontCare' <Latency = 0> <II = 1> <Delay = 1.03> <FuncUnit> <Opcode : 'sparsemux'> <InPorts = 2> <OutPorts = 1>
ST_11 : Operation 761 [1/1] (1.03ns)   --->   "%tmp_120_i = sparsemux i45 @_ssdm_op_SparseMux.ap_auto.48i45.i45.i6, i6 0, i45 %p_read50488, i6 1, i45 %p_read_855, i6 2, i45 %p_read_854, i6 3, i45 %p_read_853, i6 4, i45 %p_read_852, i6 5, i45 %p_read_851, i6 6, i45 %p_read_850, i6 7, i45 %p_read_849, i6 8, i45 %p_read_848, i6 9, i45 %p_read_847, i6 10, i45 %p_read60498, i6 11, i45 %p_read_846, i6 12, i45 %p_read_845, i6 13, i45 %p_read_844, i6 14, i45 %p_read_843, i6 15, i45 %p_read_842, i6 16, i45 %p_read_841, i6 17, i45 %p_read_840, i6 18, i45 %p_read_839, i6 19, i45 %p_read_838, i6 20, i45 %p_read70508, i6 21, i45 %p_read_837, i6 22, i45 %p_read_836, i6 23, i45 %p_read_835, i6 24, i45 %p_read_834, i6 25, i45 %p_read_833, i6 26, i45 %p_read_832, i6 27, i45 %p_read_831, i6 28, i45 %p_read_830, i6 29, i45 %p_read_829, i6 30, i45 %p_read80518, i6 31, i45 %p_read_828, i6 32, i45 %p_read_827, i6 33, i45 %p_read_826, i6 34, i45 %p_read_825, i6 35, i45 %p_read_824, i6 36, i45 %p_read_823, i6 37, i45 %p_read_822, i6 38, i45 %p_read_555, i6 39, i45 %p_read_554, i6 40, i45 %p_read_531, i6 41, i45 %p_read_530, i6 42, i45 %p_read_529, i6 43, i45 %p_read_528, i6 44, i45 %p_read_527, i6 45, i45 %p_read_526, i6 46, i45 %p_read_525, i6 47, i45 %p_read_524, i45 0, i6 %add_ln61_7" [./conv.h:66->top_wrapper.cpp:123]   --->   Operation 761 'sparsemux' 'tmp_120_i' <Predicate = true> <Delay = 1.03> <CoreInst = "BinarySparseMux_DontCare">   --->   Core 149 'BinarySparseMux_DontCare' <Latency = 0> <II = 1> <Delay = 1.03> <FuncUnit> <Opcode : 'sparsemux'> <InPorts = 2> <OutPorts = 1>
ST_11 : Operation 762 [1/1] (1.03ns)   --->   "%tmp_121_i = sparsemux i45 @_ssdm_op_SparseMux.ap_auto.48i45.i45.i6, i6 0, i45 %p_read100526, i6 1, i45 %p_read_821, i6 2, i45 %p_read_820, i6 3, i45 %p_read_819, i6 4, i45 %p_read_818, i6 5, i45 %p_read_817, i6 6, i45 %p_read_816, i6 7, i45 %p_read_815, i6 8, i45 %p_read_814, i6 9, i45 %p_read_813, i6 10, i45 %p_read_812, i6 11, i45 %p_read_811, i6 12, i45 %p_read_810, i6 13, i45 %p_read_809, i6 14, i45 %p_read_808, i6 15, i45 %p_read_807, i6 16, i45 %p_read_806, i6 17, i45 %p_read_805, i6 18, i45 %p_read_804, i6 19, i45 %p_read_803, i6 20, i45 %p_read_802, i6 21, i45 %p_read_801, i6 22, i45 %p_read_800, i6 23, i45 %p_read_799, i6 24, i45 %p_read_798, i6 25, i45 %p_read_797, i6 26, i45 %p_read_796, i6 27, i45 %p_read_795, i6 28, i45 %p_read_794, i6 29, i45 %p_read_793, i6 30, i45 %p_read_792, i6 31, i45 %p_read_791, i6 32, i45 %p_read_790, i6 33, i45 %p_read_789, i6 34, i45 %p_read_788, i6 35, i45 %p_read_787, i6 36, i45 %p_read_786, i6 37, i45 %p_read_785, i6 38, i45 %p_read_553, i6 39, i45 %p_read_552, i6 40, i45 %p_read_523, i6 41, i45 %p_read_522, i6 42, i45 %p_read_521, i6 43, i45 %p_read_520, i6 44, i45 %p_read_519, i6 45, i45 %p_read_518, i6 46, i45 %p_read_517, i6 47, i45 %p_read_516, i45 0, i6 %add_ln61_7" [./conv.h:66->top_wrapper.cpp:123]   --->   Operation 762 'sparsemux' 'tmp_121_i' <Predicate = true> <Delay = 1.03> <CoreInst = "BinarySparseMux_DontCare">   --->   Core 149 'BinarySparseMux_DontCare' <Latency = 0> <II = 1> <Delay = 1.03> <FuncUnit> <Opcode : 'sparsemux'> <InPorts = 2> <OutPorts = 1>
ST_11 : Operation 763 [1/1] (1.03ns)   --->   "%tmp_122_i = sparsemux i45 @_ssdm_op_SparseMux.ap_auto.48i45.i45.i6, i6 0, i45 %p_read_784, i6 1, i45 %p_read_783, i6 2, i45 %p_read_782, i6 3, i45 %p_read_781, i6 4, i45 %p_read_780, i6 5, i45 %p_read_779, i6 6, i45 %p_read_778, i6 7, i45 %p_read_777, i6 8, i45 %p_read_776, i6 9, i45 %p_read_775, i6 10, i45 %p_read_774, i6 11, i45 %p_read_773, i6 12, i45 %p_read_772, i6 13, i45 %p_read_771, i6 14, i45 %p_read_770, i6 15, i45 %p_read_769, i6 16, i45 %p_read_768, i6 17, i45 %p_read_767, i6 18, i45 %p_read_766, i6 19, i45 %p_read_765, i6 20, i45 %p_read_764, i6 21, i45 %p_read_763, i6 22, i45 %p_read_762, i6 23, i45 %p_read_761, i6 24, i45 %p_read_760, i6 25, i45 %p_read_759, i6 26, i45 %p_read_758, i6 27, i45 %p_read_757, i6 28, i45 %p_read_756, i6 29, i45 %p_read_755, i6 30, i45 %p_read_754, i6 31, i45 %p_read_753, i6 32, i45 %p_read_752, i6 33, i45 %p_read_751, i6 34, i45 %p_read_750, i6 35, i45 %p_read_749, i6 36, i45 %p_read_748, i6 37, i45 %p_read_747, i6 38, i45 %p_read_551, i6 39, i45 %p_read_550, i6 40, i45 %p_read_515, i6 41, i45 %p_read_514, i6 42, i45 %p_read_513, i6 43, i45 %p_read_512, i6 44, i45 %p_read_511, i6 45, i45 %p_read_510, i6 46, i45 %p_read_509, i6 47, i45 %p_read_508, i45 0, i6 %add_ln61_7" [./conv.h:66->top_wrapper.cpp:123]   --->   Operation 763 'sparsemux' 'tmp_122_i' <Predicate = true> <Delay = 1.03> <CoreInst = "BinarySparseMux_DontCare">   --->   Core 149 'BinarySparseMux_DontCare' <Latency = 0> <II = 1> <Delay = 1.03> <FuncUnit> <Opcode : 'sparsemux'> <InPorts = 2> <OutPorts = 1>
ST_11 : Operation 764 [1/1] (1.03ns)   --->   "%tmp_123_i = sparsemux i45 @_ssdm_op_SparseMux.ap_auto.48i45.i45.i6, i6 0, i45 %p_read200602, i6 1, i45 %p_read_746, i6 2, i45 %p_read_745, i6 3, i45 %p_read_744, i6 4, i45 %p_read_743, i6 5, i45 %p_read_742, i6 6, i45 %p_read_741, i6 7, i45 %p_read_740, i6 8, i45 %p_read_739, i6 9, i45 %p_read_738, i6 10, i45 %p_read_737, i6 11, i45 %p_read_736, i6 12, i45 %p_read_735, i6 13, i45 %p_read_734, i6 14, i45 %p_read_733, i6 15, i45 %p_read_732, i6 16, i45 %p_read_731, i6 17, i45 %p_read_730, i6 18, i45 %p_read_729, i6 19, i45 %p_read_728, i6 20, i45 %p_read_727, i6 21, i45 %p_read_726, i6 22, i45 %p_read_725, i6 23, i45 %p_read_724, i6 24, i45 %p_read_723, i6 25, i45 %p_read_722, i6 26, i45 %p_read_721, i6 27, i45 %p_read_720, i6 28, i45 %p_read_719, i6 29, i45 %p_read_718, i6 30, i45 %p_read_717, i6 31, i45 %p_read_716, i6 32, i45 %p_read_715, i6 33, i45 %p_read_714, i6 34, i45 %p_read_713, i6 35, i45 %p_read_712, i6 36, i45 %p_read_711, i6 37, i45 %p_read_710, i6 38, i45 %p_read_549, i6 39, i45 %p_read_548, i6 40, i45 %p_read_507, i6 41, i45 %p_read_506, i6 42, i45 %p_read_505, i6 43, i45 %p_read_504, i6 44, i45 %p_read_503, i6 45, i45 %p_read_502, i6 46, i45 %p_read_501, i6 47, i45 %p_read_500, i45 0, i6 %add_ln61_7" [./conv.h:66->top_wrapper.cpp:123]   --->   Operation 764 'sparsemux' 'tmp_123_i' <Predicate = true> <Delay = 1.03> <CoreInst = "BinarySparseMux_DontCare">   --->   Core 149 'BinarySparseMux_DontCare' <Latency = 0> <II = 1> <Delay = 1.03> <FuncUnit> <Opcode : 'sparsemux'> <InPorts = 2> <OutPorts = 1>
ST_11 : Operation 765 [1/1] (1.03ns)   --->   "%tmp_124_i = sparsemux i45 @_ssdm_op_SparseMux.ap_auto.48i45.i45.i6, i6 0, i45 %p_read_709, i6 1, i45 %p_read_708, i6 2, i45 %p_read_707, i6 3, i45 %p_read_706, i6 4, i45 %p_read_705, i6 5, i45 %p_read_704, i6 6, i45 %p_read_703, i6 7, i45 %p_read_702, i6 8, i45 %p_read_701, i6 9, i45 %p_read_700, i6 10, i45 %p_read_699, i6 11, i45 %p_read_698, i6 12, i45 %p_read_697, i6 13, i45 %p_read_696, i6 14, i45 %p_read_695, i6 15, i45 %p_read_694, i6 16, i45 %p_read_693, i6 17, i45 %p_read_692, i6 18, i45 %p_read_691, i6 19, i45 %p_read_690, i6 20, i45 %p_read_689, i6 21, i45 %p_read_688, i6 22, i45 %p_read_687, i6 23, i45 %p_read_686, i6 24, i45 %p_read_685, i6 25, i45 %p_read_684, i6 26, i45 %p_read_683, i6 27, i45 %p_read_682, i6 28, i45 %p_read_681, i6 29, i45 %p_read_680, i6 30, i45 %p_read_679, i6 31, i45 %p_read_678, i6 32, i45 %p_read_677, i6 33, i45 %p_read_676, i6 34, i45 %p_read_675, i6 35, i45 %p_read_674, i6 36, i45 %p_read_673, i6 37, i45 %p_read_672, i6 38, i45 %p_read_547, i6 39, i45 %p_read_546, i6 40, i45 %p_read_499, i6 41, i45 %p_read_498, i6 42, i45 %p_read_497, i6 43, i45 %p_read_496, i6 44, i45 %p_read_495, i6 45, i45 %p_read_494, i6 46, i45 %p_read_493, i6 47, i45 %p_read_492, i45 0, i6 %add_ln61_7" [./conv.h:66->top_wrapper.cpp:123]   --->   Operation 765 'sparsemux' 'tmp_124_i' <Predicate = true> <Delay = 1.03> <CoreInst = "BinarySparseMux_DontCare">   --->   Core 149 'BinarySparseMux_DontCare' <Latency = 0> <II = 1> <Delay = 1.03> <FuncUnit> <Opcode : 'sparsemux'> <InPorts = 2> <OutPorts = 1>
ST_11 : Operation 766 [1/1] (1.03ns)   --->   "%tmp_125_i = sparsemux i45 @_ssdm_op_SparseMux.ap_auto.48i45.i45.i6, i6 0, i45 %p_read_671, i6 1, i45 %p_read_670, i6 2, i45 %p_read_669, i6 3, i45 %p_read_668, i6 4, i45 %p_read_667, i6 5, i45 %p_read_666, i6 6, i45 %p_read_665, i6 7, i45 %p_read_664, i6 8, i45 %p_read_663, i6 9, i45 %p_read_662, i6 10, i45 %p_read_661, i6 11, i45 %p_read_660, i6 12, i45 %p_read_659, i6 13, i45 %p_read_658, i6 14, i45 %p_read_657, i6 15, i45 %p_read_656, i6 16, i45 %p_read_655, i6 17, i45 %p_read_654, i6 18, i45 %p_read_653, i6 19, i45 %p_read_652, i6 20, i45 %p_read_651, i6 21, i45 %p_read_650, i6 22, i45 %p_read_649, i6 23, i45 %p_read_648, i6 24, i45 %p_read_647, i6 25, i45 %p_read_646, i6 26, i45 %p_read_645, i6 27, i45 %p_read_644, i6 28, i45 %p_read_643, i6 29, i45 %p_read_642, i6 30, i45 %p_read_641, i6 31, i45 %p_read_640, i6 32, i45 %p_read_639, i6 33, i45 %p_read_638, i6 34, i45 %p_read_637, i6 35, i45 %p_read_636, i6 36, i45 %p_read_635, i6 37, i45 %p_read_634, i6 38, i45 %p_read_545, i6 39, i45 %p_read_544, i6 40, i45 %p_read_491, i6 41, i45 %p_read_490, i6 42, i45 %p_read_489, i6 43, i45 %p_read_488, i6 44, i45 %p_read_487, i6 45, i45 %p_read_486, i6 46, i45 %p_read_485, i6 47, i45 %p_read_484, i45 0, i6 %add_ln61_7" [./conv.h:66->top_wrapper.cpp:123]   --->   Operation 766 'sparsemux' 'tmp_125_i' <Predicate = true> <Delay = 1.03> <CoreInst = "BinarySparseMux_DontCare">   --->   Core 149 'BinarySparseMux_DontCare' <Latency = 0> <II = 1> <Delay = 1.03> <FuncUnit> <Opcode : 'sparsemux'> <InPorts = 2> <OutPorts = 1>
ST_11 : Operation 767 [1/1] (1.03ns)   --->   "%tmp_126_i = sparsemux i45 @_ssdm_op_SparseMux.ap_auto.48i45.i45.i6, i6 0, i45 %p_read_633, i6 1, i45 %p_read_632, i6 2, i45 %p_read_631, i6 3, i45 %p_read_630, i6 4, i45 %p_read_629, i6 5, i45 %p_read_628, i6 6, i45 %p_read_627, i6 7, i45 %p_read_626, i6 8, i45 %p_read_625, i6 9, i45 %p_read_624, i6 10, i45 %p_read_623, i6 11, i45 %p_read_622, i6 12, i45 %p_read_621, i6 13, i45 %p_read_620, i6 14, i45 %p_read_619, i6 15, i45 %p_read_618, i6 16, i45 %p_read_617, i6 17, i45 %p_read_616, i6 18, i45 %p_read_615, i6 19, i45 %p_read_614, i6 20, i45 %p_read_613, i6 21, i45 %p_read_612, i6 22, i45 %p_read_611, i6 23, i45 %p_read_610, i6 24, i45 %p_read_609, i6 25, i45 %p_read_608, i6 26, i45 %p_read_607, i6 27, i45 %p_read_606, i6 28, i45 %p_read_605, i6 29, i45 %p_read_604, i6 30, i45 %p_read_603, i6 31, i45 %p_read_602, i6 32, i45 %p_read_601, i6 33, i45 %p_read_600, i6 34, i45 %p_read_599, i6 35, i45 %p_read_598, i6 36, i45 %p_read_597, i6 37, i45 %p_read_596, i6 38, i45 %p_read_543, i6 39, i45 %p_read_542, i6 40, i45 %p_read_483, i6 41, i45 %p_read_482, i6 42, i45 %p_read_481, i6 43, i45 %p_read_480, i6 44, i45 %p_read_479, i6 45, i45 %p_read_478, i6 46, i45 %p_read_477, i6 47, i45 %p_read_476, i45 0, i6 %add_ln61_7" [./conv.h:66->top_wrapper.cpp:123]   --->   Operation 767 'sparsemux' 'tmp_126_i' <Predicate = true> <Delay = 1.03> <CoreInst = "BinarySparseMux_DontCare">   --->   Core 149 'BinarySparseMux_DontCare' <Latency = 0> <II = 1> <Delay = 1.03> <FuncUnit> <Opcode : 'sparsemux'> <InPorts = 2> <OutPorts = 1>
ST_11 : Operation 768 [1/1] (1.03ns)   --->   "%tmp_127_i = sparsemux i45 @_ssdm_op_SparseMux.ap_auto.48i45.i45.i6, i6 0, i45 %p_read_595, i6 1, i45 %p_read_594, i6 2, i45 %p_read_593, i6 3, i45 %p_read_592, i6 4, i45 %p_read_591, i6 5, i45 %p_read_590, i6 6, i45 %p_read_589, i6 7, i45 %p_read_588, i6 8, i45 %p_read_587, i6 9, i45 %p_read_586, i6 10, i45 %p_read_585, i6 11, i45 %p_read_584, i6 12, i45 %p_read_583, i6 13, i45 %p_read_582, i6 14, i45 %p_read_581, i6 15, i45 %p_read_580, i6 16, i45 %p_read_579, i6 17, i45 %p_read_578, i6 18, i45 %p_read_577, i6 19, i45 %p_read_576, i6 20, i45 %p_read_575, i6 21, i45 %p_read_574, i6 22, i45 %p_read_573, i6 23, i45 %p_read_572, i6 24, i45 %p_read_571, i6 25, i45 %p_read_570, i6 26, i45 %p_read_569, i6 27, i45 %p_read_568, i6 28, i45 %p_read_567, i6 29, i45 %p_read_566, i6 30, i45 %p_read_565, i6 31, i45 %p_read_564, i6 32, i45 %p_read_563, i6 33, i45 %p_read_562, i6 34, i45 %p_read_561, i6 35, i45 %p_read_560, i6 36, i45 %p_read_559, i6 37, i45 %p_read_558, i6 38, i45 %p_read_541, i6 39, i45 %p_read_540, i6 40, i45 %p_read_475, i6 41, i45 %p_read_474, i6 42, i45 %p_read_473, i6 43, i45 %p_read_472, i6 44, i45 %p_read_471, i6 45, i45 %p_read_470, i6 46, i45 %p_read_469, i6 47, i45 %p_read_468, i45 0, i6 %add_ln61_7" [./conv.h:66->top_wrapper.cpp:123]   --->   Operation 768 'sparsemux' 'tmp_127_i' <Predicate = true> <Delay = 1.03> <CoreInst = "BinarySparseMux_DontCare">   --->   Core 149 'BinarySparseMux_DontCare' <Latency = 0> <II = 1> <Delay = 1.03> <FuncUnit> <Opcode : 'sparsemux'> <InPorts = 2> <OutPorts = 1>
ST_11 : Operation 769 [1/1] (0.77ns)   --->   "%tmp_128_i = sparsemux i45 @_ssdm_op_SparseMux.ap_auto.9i45.i45.i4, i4 0, i45 %tmp_119_i, i4 1, i45 %tmp_120_i, i4 2, i45 %tmp_121_i, i4 3, i45 %tmp_122_i, i4 4, i45 %tmp_123_i, i4 5, i45 %tmp_124_i, i4 6, i45 %tmp_125_i, i4 7, i45 %tmp_126_i, i4 8, i45 %tmp_127_i, i45 0, i4 %add93_2_1256289_i" [./conv.h:66->top_wrapper.cpp:123]   --->   Operation 769 'sparsemux' 'tmp_128_i' <Predicate = true> <Delay = 0.77> <CoreInst = "BinarySparseMux_DontCare">   --->   Core 149 'BinarySparseMux_DontCare' <Latency = 0> <II = 1> <Delay = 0.77> <FuncUnit> <Opcode : 'sparsemux'> <InPorts = 2> <OutPorts = 1>
ST_11 : Operation 770 [1/1] (0.78ns)   --->   "%add_ln61_8 = add i6 %zext_ln61_2, i6 %mul81_2_i" [./conv.h:61->top_wrapper.cpp:123]   --->   Operation 770 'add' 'add_ln61_8' <Predicate = true> <Delay = 0.78> <CoreInst = "Adder">   --->   Core 1 'Adder' <Latency = 0> <II = 1> <Delay = 0.78> <FuncUnit> <Opcode : 'add' 'sub'> <InPorts = 2> <OutPorts = 1>
ST_11 : Operation 771 [1/1] (1.01ns)   --->   "%tmp_129_i = sparsemux i45 @_ssdm_op_SparseMux.ap_auto.50i45.i45.i6, i6 0, i45 %p_read450, i6 1, i45 %p_read1451, i6 2, i45 %p_read2452, i6 3, i45 %p_read3453, i6 4, i45 %p_read4454, i6 5, i45 %p_read5455, i6 6, i45 %p_read6456, i6 7, i45 %p_read7457, i6 8, i45 %p_read8458, i6 9, i45 %p_read9459, i6 10, i45 %p_read10460, i6 11, i45 %p_read_880, i6 12, i45 %p_read_879, i6 13, i45 %p_read_878, i6 14, i45 %p_read_877, i6 15, i45 %p_read_876, i6 16, i45 %p_read_875, i6 17, i45 %p_read_874, i6 18, i45 %p_read_873, i6 19, i45 %p_read_872, i6 20, i45 %p_read20470, i6 21, i45 %p_read_871, i6 22, i45 %p_read_870, i6 23, i45 %p_read_869, i6 24, i45 %p_read_868, i6 25, i45 %p_read_867, i6 26, i45 %p_read_866, i6 27, i45 %p_read_865, i6 28, i45 %p_read_864, i6 29, i45 %p_read_863, i6 30, i45 %p_read30480, i6 31, i45 %p_read_862, i6 32, i45 %p_read_861, i6 33, i45 %p_read_860, i6 34, i45 %p_read_859, i6 35, i45 %p_read_858, i6 36, i45 %p_read_857, i6 37, i45 %p_read_856, i6 38, i45 %p_read_557, i6 39, i45 %p_read_556, i6 40, i45 %p_read_539, i6 41, i45 %p_read_538, i6 42, i45 %p_read_537, i6 43, i45 %p_read_536, i6 44, i45 %p_read_535, i6 45, i45 %p_read_534, i6 46, i45 %p_read_533, i6 47, i45 %p_read_532, i6 48, i45 %p_read_467, i6 49, i45 %p_read_466, i45 0, i6 %add_ln61_8" [./conv.h:66->top_wrapper.cpp:123]   --->   Operation 771 'sparsemux' 'tmp_129_i' <Predicate = true> <Delay = 1.01> <CoreInst = "BinarySparseMux_DontCare">   --->   Core 149 'BinarySparseMux_DontCare' <Latency = 0> <II = 1> <Delay = 1.01> <FuncUnit> <Opcode : 'sparsemux'> <InPorts = 2> <OutPorts = 1>
ST_11 : Operation 772 [1/1] (1.01ns)   --->   "%tmp_130_i = sparsemux i45 @_ssdm_op_SparseMux.ap_auto.50i45.i45.i6, i6 0, i45 %p_read50488, i6 1, i45 %p_read_855, i6 2, i45 %p_read_854, i6 3, i45 %p_read_853, i6 4, i45 %p_read_852, i6 5, i45 %p_read_851, i6 6, i45 %p_read_850, i6 7, i45 %p_read_849, i6 8, i45 %p_read_848, i6 9, i45 %p_read_847, i6 10, i45 %p_read60498, i6 11, i45 %p_read_846, i6 12, i45 %p_read_845, i6 13, i45 %p_read_844, i6 14, i45 %p_read_843, i6 15, i45 %p_read_842, i6 16, i45 %p_read_841, i6 17, i45 %p_read_840, i6 18, i45 %p_read_839, i6 19, i45 %p_read_838, i6 20, i45 %p_read70508, i6 21, i45 %p_read_837, i6 22, i45 %p_read_836, i6 23, i45 %p_read_835, i6 24, i45 %p_read_834, i6 25, i45 %p_read_833, i6 26, i45 %p_read_832, i6 27, i45 %p_read_831, i6 28, i45 %p_read_830, i6 29, i45 %p_read_829, i6 30, i45 %p_read80518, i6 31, i45 %p_read_828, i6 32, i45 %p_read_827, i6 33, i45 %p_read_826, i6 34, i45 %p_read_825, i6 35, i45 %p_read_824, i6 36, i45 %p_read_823, i6 37, i45 %p_read_822, i6 38, i45 %p_read_555, i6 39, i45 %p_read_554, i6 40, i45 %p_read_531, i6 41, i45 %p_read_530, i6 42, i45 %p_read_529, i6 43, i45 %p_read_528, i6 44, i45 %p_read_527, i6 45, i45 %p_read_526, i6 46, i45 %p_read_525, i6 47, i45 %p_read_524, i6 48, i45 %p_read_465, i6 49, i45 %p_read_464, i45 0, i6 %add_ln61_8" [./conv.h:66->top_wrapper.cpp:123]   --->   Operation 772 'sparsemux' 'tmp_130_i' <Predicate = true> <Delay = 1.01> <CoreInst = "BinarySparseMux_DontCare">   --->   Core 149 'BinarySparseMux_DontCare' <Latency = 0> <II = 1> <Delay = 1.01> <FuncUnit> <Opcode : 'sparsemux'> <InPorts = 2> <OutPorts = 1>
ST_11 : Operation 773 [1/1] (1.01ns)   --->   "%tmp_131_i = sparsemux i45 @_ssdm_op_SparseMux.ap_auto.50i45.i45.i6, i6 0, i45 %p_read100526, i6 1, i45 %p_read_821, i6 2, i45 %p_read_820, i6 3, i45 %p_read_819, i6 4, i45 %p_read_818, i6 5, i45 %p_read_817, i6 6, i45 %p_read_816, i6 7, i45 %p_read_815, i6 8, i45 %p_read_814, i6 9, i45 %p_read_813, i6 10, i45 %p_read_812, i6 11, i45 %p_read_811, i6 12, i45 %p_read_810, i6 13, i45 %p_read_809, i6 14, i45 %p_read_808, i6 15, i45 %p_read_807, i6 16, i45 %p_read_806, i6 17, i45 %p_read_805, i6 18, i45 %p_read_804, i6 19, i45 %p_read_803, i6 20, i45 %p_read_802, i6 21, i45 %p_read_801, i6 22, i45 %p_read_800, i6 23, i45 %p_read_799, i6 24, i45 %p_read_798, i6 25, i45 %p_read_797, i6 26, i45 %p_read_796, i6 27, i45 %p_read_795, i6 28, i45 %p_read_794, i6 29, i45 %p_read_793, i6 30, i45 %p_read_792, i6 31, i45 %p_read_791, i6 32, i45 %p_read_790, i6 33, i45 %p_read_789, i6 34, i45 %p_read_788, i6 35, i45 %p_read_787, i6 36, i45 %p_read_786, i6 37, i45 %p_read_785, i6 38, i45 %p_read_553, i6 39, i45 %p_read_552, i6 40, i45 %p_read_523, i6 41, i45 %p_read_522, i6 42, i45 %p_read_521, i6 43, i45 %p_read_520, i6 44, i45 %p_read_519, i6 45, i45 %p_read_518, i6 46, i45 %p_read_517, i6 47, i45 %p_read_516, i6 48, i45 %p_read_463, i6 49, i45 %p_read_462, i45 0, i6 %add_ln61_8" [./conv.h:66->top_wrapper.cpp:123]   --->   Operation 773 'sparsemux' 'tmp_131_i' <Predicate = true> <Delay = 1.01> <CoreInst = "BinarySparseMux_DontCare">   --->   Core 149 'BinarySparseMux_DontCare' <Latency = 0> <II = 1> <Delay = 1.01> <FuncUnit> <Opcode : 'sparsemux'> <InPorts = 2> <OutPorts = 1>
ST_11 : Operation 774 [1/1] (1.01ns)   --->   "%tmp_132_i = sparsemux i45 @_ssdm_op_SparseMux.ap_auto.50i45.i45.i6, i6 0, i45 %p_read_784, i6 1, i45 %p_read_783, i6 2, i45 %p_read_782, i6 3, i45 %p_read_781, i6 4, i45 %p_read_780, i6 5, i45 %p_read_779, i6 6, i45 %p_read_778, i6 7, i45 %p_read_777, i6 8, i45 %p_read_776, i6 9, i45 %p_read_775, i6 10, i45 %p_read_774, i6 11, i45 %p_read_773, i6 12, i45 %p_read_772, i6 13, i45 %p_read_771, i6 14, i45 %p_read_770, i6 15, i45 %p_read_769, i6 16, i45 %p_read_768, i6 17, i45 %p_read_767, i6 18, i45 %p_read_766, i6 19, i45 %p_read_765, i6 20, i45 %p_read_764, i6 21, i45 %p_read_763, i6 22, i45 %p_read_762, i6 23, i45 %p_read_761, i6 24, i45 %p_read_760, i6 25, i45 %p_read_759, i6 26, i45 %p_read_758, i6 27, i45 %p_read_757, i6 28, i45 %p_read_756, i6 29, i45 %p_read_755, i6 30, i45 %p_read_754, i6 31, i45 %p_read_753, i6 32, i45 %p_read_752, i6 33, i45 %p_read_751, i6 34, i45 %p_read_750, i6 35, i45 %p_read_749, i6 36, i45 %p_read_748, i6 37, i45 %p_read_747, i6 38, i45 %p_read_551, i6 39, i45 %p_read_550, i6 40, i45 %p_read_515, i6 41, i45 %p_read_514, i6 42, i45 %p_read_513, i6 43, i45 %p_read_512, i6 44, i45 %p_read_511, i6 45, i45 %p_read_510, i6 46, i45 %p_read_509, i6 47, i45 %p_read_508, i6 48, i45 %p_read_461, i6 49, i45 %p_read_460, i45 0, i6 %add_ln61_8" [./conv.h:66->top_wrapper.cpp:123]   --->   Operation 774 'sparsemux' 'tmp_132_i' <Predicate = true> <Delay = 1.01> <CoreInst = "BinarySparseMux_DontCare">   --->   Core 149 'BinarySparseMux_DontCare' <Latency = 0> <II = 1> <Delay = 1.01> <FuncUnit> <Opcode : 'sparsemux'> <InPorts = 2> <OutPorts = 1>
ST_11 : Operation 775 [1/1] (1.01ns)   --->   "%tmp_133_i = sparsemux i45 @_ssdm_op_SparseMux.ap_auto.50i45.i45.i6, i6 0, i45 %p_read200602, i6 1, i45 %p_read_746, i6 2, i45 %p_read_745, i6 3, i45 %p_read_744, i6 4, i45 %p_read_743, i6 5, i45 %p_read_742, i6 6, i45 %p_read_741, i6 7, i45 %p_read_740, i6 8, i45 %p_read_739, i6 9, i45 %p_read_738, i6 10, i45 %p_read_737, i6 11, i45 %p_read_736, i6 12, i45 %p_read_735, i6 13, i45 %p_read_734, i6 14, i45 %p_read_733, i6 15, i45 %p_read_732, i6 16, i45 %p_read_731, i6 17, i45 %p_read_730, i6 18, i45 %p_read_729, i6 19, i45 %p_read_728, i6 20, i45 %p_read_727, i6 21, i45 %p_read_726, i6 22, i45 %p_read_725, i6 23, i45 %p_read_724, i6 24, i45 %p_read_723, i6 25, i45 %p_read_722, i6 26, i45 %p_read_721, i6 27, i45 %p_read_720, i6 28, i45 %p_read_719, i6 29, i45 %p_read_718, i6 30, i45 %p_read_717, i6 31, i45 %p_read_716, i6 32, i45 %p_read_715, i6 33, i45 %p_read_714, i6 34, i45 %p_read_713, i6 35, i45 %p_read_712, i6 36, i45 %p_read_711, i6 37, i45 %p_read_710, i6 38, i45 %p_read_549, i6 39, i45 %p_read_548, i6 40, i45 %p_read_507, i6 41, i45 %p_read_506, i6 42, i45 %p_read_505, i6 43, i45 %p_read_504, i6 44, i45 %p_read_503, i6 45, i45 %p_read_502, i6 46, i45 %p_read_501, i6 47, i45 %p_read_500, i6 48, i45 %p_read_459, i6 49, i45 %p_read_458, i45 0, i6 %add_ln61_8" [./conv.h:66->top_wrapper.cpp:123]   --->   Operation 775 'sparsemux' 'tmp_133_i' <Predicate = true> <Delay = 1.01> <CoreInst = "BinarySparseMux_DontCare">   --->   Core 149 'BinarySparseMux_DontCare' <Latency = 0> <II = 1> <Delay = 1.01> <FuncUnit> <Opcode : 'sparsemux'> <InPorts = 2> <OutPorts = 1>
ST_11 : Operation 776 [1/1] (1.01ns)   --->   "%tmp_134_i = sparsemux i45 @_ssdm_op_SparseMux.ap_auto.50i45.i45.i6, i6 0, i45 %p_read_709, i6 1, i45 %p_read_708, i6 2, i45 %p_read_707, i6 3, i45 %p_read_706, i6 4, i45 %p_read_705, i6 5, i45 %p_read_704, i6 6, i45 %p_read_703, i6 7, i45 %p_read_702, i6 8, i45 %p_read_701, i6 9, i45 %p_read_700, i6 10, i45 %p_read_699, i6 11, i45 %p_read_698, i6 12, i45 %p_read_697, i6 13, i45 %p_read_696, i6 14, i45 %p_read_695, i6 15, i45 %p_read_694, i6 16, i45 %p_read_693, i6 17, i45 %p_read_692, i6 18, i45 %p_read_691, i6 19, i45 %p_read_690, i6 20, i45 %p_read_689, i6 21, i45 %p_read_688, i6 22, i45 %p_read_687, i6 23, i45 %p_read_686, i6 24, i45 %p_read_685, i6 25, i45 %p_read_684, i6 26, i45 %p_read_683, i6 27, i45 %p_read_682, i6 28, i45 %p_read_681, i6 29, i45 %p_read_680, i6 30, i45 %p_read_679, i6 31, i45 %p_read_678, i6 32, i45 %p_read_677, i6 33, i45 %p_read_676, i6 34, i45 %p_read_675, i6 35, i45 %p_read_674, i6 36, i45 %p_read_673, i6 37, i45 %p_read_672, i6 38, i45 %p_read_547, i6 39, i45 %p_read_546, i6 40, i45 %p_read_499, i6 41, i45 %p_read_498, i6 42, i45 %p_read_497, i6 43, i45 %p_read_496, i6 44, i45 %p_read_495, i6 45, i45 %p_read_494, i6 46, i45 %p_read_493, i6 47, i45 %p_read_492, i6 48, i45 %p_read_457, i6 49, i45 %p_read_456, i45 0, i6 %add_ln61_8" [./conv.h:66->top_wrapper.cpp:123]   --->   Operation 776 'sparsemux' 'tmp_134_i' <Predicate = true> <Delay = 1.01> <CoreInst = "BinarySparseMux_DontCare">   --->   Core 149 'BinarySparseMux_DontCare' <Latency = 0> <II = 1> <Delay = 1.01> <FuncUnit> <Opcode : 'sparsemux'> <InPorts = 2> <OutPorts = 1>
ST_11 : Operation 777 [1/1] (1.01ns)   --->   "%tmp_135_i = sparsemux i45 @_ssdm_op_SparseMux.ap_auto.50i45.i45.i6, i6 0, i45 %p_read_671, i6 1, i45 %p_read_670, i6 2, i45 %p_read_669, i6 3, i45 %p_read_668, i6 4, i45 %p_read_667, i6 5, i45 %p_read_666, i6 6, i45 %p_read_665, i6 7, i45 %p_read_664, i6 8, i45 %p_read_663, i6 9, i45 %p_read_662, i6 10, i45 %p_read_661, i6 11, i45 %p_read_660, i6 12, i45 %p_read_659, i6 13, i45 %p_read_658, i6 14, i45 %p_read_657, i6 15, i45 %p_read_656, i6 16, i45 %p_read_655, i6 17, i45 %p_read_654, i6 18, i45 %p_read_653, i6 19, i45 %p_read_652, i6 20, i45 %p_read_651, i6 21, i45 %p_read_650, i6 22, i45 %p_read_649, i6 23, i45 %p_read_648, i6 24, i45 %p_read_647, i6 25, i45 %p_read_646, i6 26, i45 %p_read_645, i6 27, i45 %p_read_644, i6 28, i45 %p_read_643, i6 29, i45 %p_read_642, i6 30, i45 %p_read_641, i6 31, i45 %p_read_640, i6 32, i45 %p_read_639, i6 33, i45 %p_read_638, i6 34, i45 %p_read_637, i6 35, i45 %p_read_636, i6 36, i45 %p_read_635, i6 37, i45 %p_read_634, i6 38, i45 %p_read_545, i6 39, i45 %p_read_544, i6 40, i45 %p_read_491, i6 41, i45 %p_read_490, i6 42, i45 %p_read_489, i6 43, i45 %p_read_488, i6 44, i45 %p_read_487, i6 45, i45 %p_read_486, i6 46, i45 %p_read_485, i6 47, i45 %p_read_484, i6 48, i45 %p_read_455, i6 49, i45 %p_read_454, i45 0, i6 %add_ln61_8" [./conv.h:66->top_wrapper.cpp:123]   --->   Operation 777 'sparsemux' 'tmp_135_i' <Predicate = true> <Delay = 1.01> <CoreInst = "BinarySparseMux_DontCare">   --->   Core 149 'BinarySparseMux_DontCare' <Latency = 0> <II = 1> <Delay = 1.01> <FuncUnit> <Opcode : 'sparsemux'> <InPorts = 2> <OutPorts = 1>
ST_11 : Operation 778 [1/1] (1.01ns)   --->   "%tmp_136_i = sparsemux i45 @_ssdm_op_SparseMux.ap_auto.50i45.i45.i6, i6 0, i45 %p_read_633, i6 1, i45 %p_read_632, i6 2, i45 %p_read_631, i6 3, i45 %p_read_630, i6 4, i45 %p_read_629, i6 5, i45 %p_read_628, i6 6, i45 %p_read_627, i6 7, i45 %p_read_626, i6 8, i45 %p_read_625, i6 9, i45 %p_read_624, i6 10, i45 %p_read_623, i6 11, i45 %p_read_622, i6 12, i45 %p_read_621, i6 13, i45 %p_read_620, i6 14, i45 %p_read_619, i6 15, i45 %p_read_618, i6 16, i45 %p_read_617, i6 17, i45 %p_read_616, i6 18, i45 %p_read_615, i6 19, i45 %p_read_614, i6 20, i45 %p_read_613, i6 21, i45 %p_read_612, i6 22, i45 %p_read_611, i6 23, i45 %p_read_610, i6 24, i45 %p_read_609, i6 25, i45 %p_read_608, i6 26, i45 %p_read_607, i6 27, i45 %p_read_606, i6 28, i45 %p_read_605, i6 29, i45 %p_read_604, i6 30, i45 %p_read_603, i6 31, i45 %p_read_602, i6 32, i45 %p_read_601, i6 33, i45 %p_read_600, i6 34, i45 %p_read_599, i6 35, i45 %p_read_598, i6 36, i45 %p_read_597, i6 37, i45 %p_read_596, i6 38, i45 %p_read_543, i6 39, i45 %p_read_542, i6 40, i45 %p_read_483, i6 41, i45 %p_read_482, i6 42, i45 %p_read_481, i6 43, i45 %p_read_480, i6 44, i45 %p_read_479, i6 45, i45 %p_read_478, i6 46, i45 %p_read_477, i6 47, i45 %p_read_476, i6 48, i45 %p_read_453, i6 49, i45 %p_read_452, i45 0, i6 %add_ln61_8" [./conv.h:66->top_wrapper.cpp:123]   --->   Operation 778 'sparsemux' 'tmp_136_i' <Predicate = true> <Delay = 1.01> <CoreInst = "BinarySparseMux_DontCare">   --->   Core 149 'BinarySparseMux_DontCare' <Latency = 0> <II = 1> <Delay = 1.01> <FuncUnit> <Opcode : 'sparsemux'> <InPorts = 2> <OutPorts = 1>
ST_11 : Operation 779 [1/1] (1.01ns)   --->   "%tmp_137_i = sparsemux i45 @_ssdm_op_SparseMux.ap_auto.50i45.i45.i6, i6 0, i45 %p_read_595, i6 1, i45 %p_read_594, i6 2, i45 %p_read_593, i6 3, i45 %p_read_592, i6 4, i45 %p_read_591, i6 5, i45 %p_read_590, i6 6, i45 %p_read_589, i6 7, i45 %p_read_588, i6 8, i45 %p_read_587, i6 9, i45 %p_read_586, i6 10, i45 %p_read_585, i6 11, i45 %p_read_584, i6 12, i45 %p_read_583, i6 13, i45 %p_read_582, i6 14, i45 %p_read_581, i6 15, i45 %p_read_580, i6 16, i45 %p_read_579, i6 17, i45 %p_read_578, i6 18, i45 %p_read_577, i6 19, i45 %p_read_576, i6 20, i45 %p_read_575, i6 21, i45 %p_read_574, i6 22, i45 %p_read_573, i6 23, i45 %p_read_572, i6 24, i45 %p_read_571, i6 25, i45 %p_read_570, i6 26, i45 %p_read_569, i6 27, i45 %p_read_568, i6 28, i45 %p_read_567, i6 29, i45 %p_read_566, i6 30, i45 %p_read_565, i6 31, i45 %p_read_564, i6 32, i45 %p_read_563, i6 33, i45 %p_read_562, i6 34, i45 %p_read_561, i6 35, i45 %p_read_560, i6 36, i45 %p_read_559, i6 37, i45 %p_read_558, i6 38, i45 %p_read_541, i6 39, i45 %p_read_540, i6 40, i45 %p_read_475, i6 41, i45 %p_read_474, i6 42, i45 %p_read_473, i6 43, i45 %p_read_472, i6 44, i45 %p_read_471, i6 45, i45 %p_read_470, i6 46, i45 %p_read_469, i6 47, i45 %p_read_468, i6 48, i45 %p_read_451, i6 49, i45 %p_read_450, i45 0, i6 %add_ln61_8" [./conv.h:66->top_wrapper.cpp:123]   --->   Operation 779 'sparsemux' 'tmp_137_i' <Predicate = true> <Delay = 1.01> <CoreInst = "BinarySparseMux_DontCare">   --->   Core 149 'BinarySparseMux_DontCare' <Latency = 0> <II = 1> <Delay = 1.01> <FuncUnit> <Opcode : 'sparsemux'> <InPorts = 2> <OutPorts = 1>
ST_11 : Operation 780 [1/1] (0.77ns)   --->   "%tmp_138_i = sparsemux i45 @_ssdm_op_SparseMux.ap_auto.9i45.i45.i4, i4 0, i45 %tmp_129_i, i4 1, i45 %tmp_130_i, i4 2, i45 %tmp_131_i, i4 3, i45 %tmp_132_i, i4 4, i45 %tmp_133_i, i4 5, i45 %tmp_134_i, i4 6, i45 %tmp_135_i, i4 7, i45 %tmp_136_i, i4 8, i45 %tmp_137_i, i45 0, i4 %add93_2_23006101_i" [./conv.h:66->top_wrapper.cpp:123]   --->   Operation 780 'sparsemux' 'tmp_138_i' <Predicate = true> <Delay = 0.77> <CoreInst = "BinarySparseMux_DontCare">   --->   Core 149 'BinarySparseMux_DontCare' <Latency = 0> <II = 1> <Delay = 0.77> <FuncUnit> <Opcode : 'sparsemux'> <InPorts = 2> <OutPorts = 1>
ST_11 : Operation 781 [1/8] (0.78ns)   --->   "%rem112_i = urem i4 %select_ln54, i4 5" [./conv.h:54->top_wrapper.cpp:123]   --->   Operation 781 'urem' 'rem112_i' <Predicate = true> <Delay = 0.78> <CoreInst = "Divider">   --->   Core 6 'Divider' <Latency = 7> <II = 1> <Delay = 0.78> <FuncUnit> <Opcode : 'udiv' 'sdiv' 'urem' 'srem'> <InPorts = 2> <OutPorts = 1>
ST_11 : Operation 782 [1/1] (0.00ns)   --->   "%rem112_cast_i = zext i4 %rem112_i" [./conv.h:54->top_wrapper.cpp:123]   --->   Operation 782 'zext' 'rem112_cast_i' <Predicate = true> <Delay = 0.00>
ST_11 : Operation 783 [1/1] (0.61ns) (root node of TernaryAdder)   --->   "%s_mem_o_i = add i5 %rem11493_i, i5 %rem112_cast_i" [./conv.h:53->top_wrapper.cpp:123]   --->   Operation 783 'add' 's_mem_o_i' <Predicate = true> <Delay = 0.61> <CoreInst = "TAddSub">   --->   Core 10 'TAddSub' <Latency = 0> <II = 1> <Delay = 0.30> <IPBlock> <Opcode : '' 'add' 'sub'> <InPorts = 3> <OutPorts = 1> <Sync> <CReg>
ST_11 : Operation 784 [1/1] (0.78ns)   --->   "%switch_ln70 = switch i5 %s_mem_o_i, void %arrayidx1266.case.24.i, i5 0, void %arrayidx1266.case.0.i, i5 1, void %arrayidx1266.case.1.i, i5 2, void %arrayidx1266.case.2.i, i5 3, void %arrayidx1266.case.3.i, i5 4, void %arrayidx1266.case.4.i, i5 5, void %arrayidx1266.case.5.i, i5 6, void %arrayidx1266.case.6.i, i5 7, void %arrayidx1266.case.7.i, i5 8, void %arrayidx1266.case.8.i, i5 9, void %arrayidx1266.case.9.i, i5 10, void %arrayidx1266.case.10.i, i5 11, void %arrayidx1266.case.11.i, i5 12, void %arrayidx1266.case.12.i, i5 13, void %arrayidx1266.case.13.i, i5 14, void %arrayidx1266.case.14.i, i5 15, void %arrayidx1266.case.15.i, i5 16, void %arrayidx1266.case.16.i, i5 17, void %arrayidx1266.case.17.i, i5 18, void %arrayidx1266.case.18.i, i5 19, void %arrayidx1266.case.19.i, i5 20, void %arrayidx1266.case.20.i, i5 21, void %arrayidx1266.case.21.i, i5 22, void %arrayidx1266.case.22.i, i5 23, void %arrayidx1266.case.23.i" [./conv.h:70->top_wrapper.cpp:123]   --->   Operation 784 'switch' 'switch_ln70' <Predicate = (icmp_ln56_1)> <Delay = 0.78>
ST_11 : Operation 785 [1/1] (0.78ns)   --->   "%switch_ln70 = switch i5 %s_mem_o_depth_i, void %arrayidx1266.case.173944.i, i5 0, void %arrayidx1266.case.03927.i, i5 1, void %arrayidx1266.case.13928.i, i5 2, void %arrayidx1266.case.23929.i, i5 3, void %arrayidx1266.case.33930.i, i5 4, void %arrayidx1266.case.43931.i, i5 5, void %arrayidx1266.case.53932.i, i5 6, void %arrayidx1266.case.63933.i, i5 7, void %arrayidx1266.case.73934.i, i5 8, void %arrayidx1266.case.83935.i, i5 9, void %arrayidx1266.case.93936.i, i5 10, void %arrayidx1266.case.103937.i, i5 11, void %arrayidx1266.case.113938.i, i5 12, void %arrayidx1266.case.123939.i, i5 13, void %arrayidx1266.case.133940.i, i5 14, void %arrayidx1266.case.143941.i, i5 15, void %arrayidx1266.case.153942.i, i5 16, void %arrayidx1266.case.163943.i" [./conv.h:70->top_wrapper.cpp:123]   --->   Operation 785 'switch' 'switch_ln70' <Predicate = (icmp_ln56_1 & s_mem_o_i == 23)> <Delay = 0.78>
ST_11 : Operation 786 [1/1] (0.78ns)   --->   "%switch_ln70 = switch i5 %s_mem_o_depth_i, void %arrayidx1266.case.173924.i, i5 0, void %arrayidx1266.case.03907.i, i5 1, void %arrayidx1266.case.13908.i, i5 2, void %arrayidx1266.case.23909.i, i5 3, void %arrayidx1266.case.33910.i, i5 4, void %arrayidx1266.case.43911.i, i5 5, void %arrayidx1266.case.53912.i, i5 6, void %arrayidx1266.case.63913.i, i5 7, void %arrayidx1266.case.73914.i, i5 8, void %arrayidx1266.case.83915.i, i5 9, void %arrayidx1266.case.93916.i, i5 10, void %arrayidx1266.case.103917.i, i5 11, void %arrayidx1266.case.113918.i, i5 12, void %arrayidx1266.case.123919.i, i5 13, void %arrayidx1266.case.133920.i, i5 14, void %arrayidx1266.case.143921.i, i5 15, void %arrayidx1266.case.153922.i, i5 16, void %arrayidx1266.case.163923.i" [./conv.h:70->top_wrapper.cpp:123]   --->   Operation 786 'switch' 'switch_ln70' <Predicate = (icmp_ln56_1 & s_mem_o_i == 22)> <Delay = 0.78>
ST_11 : Operation 787 [1/1] (0.78ns)   --->   "%switch_ln70 = switch i5 %s_mem_o_depth_i, void %arrayidx1266.case.173904.i, i5 0, void %arrayidx1266.case.03887.i, i5 1, void %arrayidx1266.case.13888.i, i5 2, void %arrayidx1266.case.23889.i, i5 3, void %arrayidx1266.case.33890.i, i5 4, void %arrayidx1266.case.43891.i, i5 5, void %arrayidx1266.case.53892.i, i5 6, void %arrayidx1266.case.63893.i, i5 7, void %arrayidx1266.case.73894.i, i5 8, void %arrayidx1266.case.83895.i, i5 9, void %arrayidx1266.case.93896.i, i5 10, void %arrayidx1266.case.103897.i, i5 11, void %arrayidx1266.case.113898.i, i5 12, void %arrayidx1266.case.123899.i, i5 13, void %arrayidx1266.case.133900.i, i5 14, void %arrayidx1266.case.143901.i, i5 15, void %arrayidx1266.case.153902.i, i5 16, void %arrayidx1266.case.163903.i" [./conv.h:70->top_wrapper.cpp:123]   --->   Operation 787 'switch' 'switch_ln70' <Predicate = (icmp_ln56_1 & s_mem_o_i == 21)> <Delay = 0.78>
ST_11 : Operation 788 [1/1] (0.78ns)   --->   "%switch_ln70 = switch i5 %s_mem_o_depth_i, void %arrayidx1266.case.173884.i, i5 0, void %arrayidx1266.case.03867.i, i5 1, void %arrayidx1266.case.13868.i, i5 2, void %arrayidx1266.case.23869.i, i5 3, void %arrayidx1266.case.33870.i, i5 4, void %arrayidx1266.case.43871.i, i5 5, void %arrayidx1266.case.53872.i, i5 6, void %arrayidx1266.case.63873.i, i5 7, void %arrayidx1266.case.73874.i, i5 8, void %arrayidx1266.case.83875.i, i5 9, void %arrayidx1266.case.93876.i, i5 10, void %arrayidx1266.case.103877.i, i5 11, void %arrayidx1266.case.113878.i, i5 12, void %arrayidx1266.case.123879.i, i5 13, void %arrayidx1266.case.133880.i, i5 14, void %arrayidx1266.case.143881.i, i5 15, void %arrayidx1266.case.153882.i, i5 16, void %arrayidx1266.case.163883.i" [./conv.h:70->top_wrapper.cpp:123]   --->   Operation 788 'switch' 'switch_ln70' <Predicate = (icmp_ln56_1 & s_mem_o_i == 20)> <Delay = 0.78>
ST_11 : Operation 789 [1/1] (0.78ns)   --->   "%switch_ln70 = switch i5 %s_mem_o_depth_i, void %arrayidx1266.case.173864.i, i5 0, void %arrayidx1266.case.03847.i, i5 1, void %arrayidx1266.case.13848.i, i5 2, void %arrayidx1266.case.23849.i, i5 3, void %arrayidx1266.case.33850.i, i5 4, void %arrayidx1266.case.43851.i, i5 5, void %arrayidx1266.case.53852.i, i5 6, void %arrayidx1266.case.63853.i, i5 7, void %arrayidx1266.case.73854.i, i5 8, void %arrayidx1266.case.83855.i, i5 9, void %arrayidx1266.case.93856.i, i5 10, void %arrayidx1266.case.103857.i, i5 11, void %arrayidx1266.case.113858.i, i5 12, void %arrayidx1266.case.123859.i, i5 13, void %arrayidx1266.case.133860.i, i5 14, void %arrayidx1266.case.143861.i, i5 15, void %arrayidx1266.case.153862.i, i5 16, void %arrayidx1266.case.163863.i" [./conv.h:70->top_wrapper.cpp:123]   --->   Operation 789 'switch' 'switch_ln70' <Predicate = (icmp_ln56_1 & s_mem_o_i == 19)> <Delay = 0.78>
ST_11 : Operation 790 [1/1] (0.78ns)   --->   "%switch_ln70 = switch i5 %s_mem_o_depth_i, void %arrayidx1266.case.173844.i, i5 0, void %arrayidx1266.case.03827.i, i5 1, void %arrayidx1266.case.13828.i, i5 2, void %arrayidx1266.case.23829.i, i5 3, void %arrayidx1266.case.33830.i, i5 4, void %arrayidx1266.case.43831.i, i5 5, void %arrayidx1266.case.53832.i, i5 6, void %arrayidx1266.case.63833.i, i5 7, void %arrayidx1266.case.73834.i, i5 8, void %arrayidx1266.case.83835.i, i5 9, void %arrayidx1266.case.93836.i, i5 10, void %arrayidx1266.case.103837.i, i5 11, void %arrayidx1266.case.113838.i, i5 12, void %arrayidx1266.case.123839.i, i5 13, void %arrayidx1266.case.133840.i, i5 14, void %arrayidx1266.case.143841.i, i5 15, void %arrayidx1266.case.153842.i, i5 16, void %arrayidx1266.case.163843.i" [./conv.h:70->top_wrapper.cpp:123]   --->   Operation 790 'switch' 'switch_ln70' <Predicate = (icmp_ln56_1 & s_mem_o_i == 18)> <Delay = 0.78>
ST_11 : Operation 791 [1/1] (0.78ns)   --->   "%switch_ln70 = switch i5 %s_mem_o_depth_i, void %arrayidx1266.case.173824.i, i5 0, void %arrayidx1266.case.03807.i, i5 1, void %arrayidx1266.case.13808.i, i5 2, void %arrayidx1266.case.23809.i, i5 3, void %arrayidx1266.case.33810.i, i5 4, void %arrayidx1266.case.43811.i, i5 5, void %arrayidx1266.case.53812.i, i5 6, void %arrayidx1266.case.63813.i, i5 7, void %arrayidx1266.case.73814.i, i5 8, void %arrayidx1266.case.83815.i, i5 9, void %arrayidx1266.case.93816.i, i5 10, void %arrayidx1266.case.103817.i, i5 11, void %arrayidx1266.case.113818.i, i5 12, void %arrayidx1266.case.123819.i, i5 13, void %arrayidx1266.case.133820.i, i5 14, void %arrayidx1266.case.143821.i, i5 15, void %arrayidx1266.case.153822.i, i5 16, void %arrayidx1266.case.163823.i" [./conv.h:70->top_wrapper.cpp:123]   --->   Operation 791 'switch' 'switch_ln70' <Predicate = (icmp_ln56_1 & s_mem_o_i == 17)> <Delay = 0.78>
ST_11 : Operation 792 [1/1] (0.78ns)   --->   "%switch_ln70 = switch i5 %s_mem_o_depth_i, void %arrayidx1266.case.173804.i, i5 0, void %arrayidx1266.case.03787.i, i5 1, void %arrayidx1266.case.13788.i, i5 2, void %arrayidx1266.case.23789.i, i5 3, void %arrayidx1266.case.33790.i, i5 4, void %arrayidx1266.case.43791.i, i5 5, void %arrayidx1266.case.53792.i, i5 6, void %arrayidx1266.case.63793.i, i5 7, void %arrayidx1266.case.73794.i, i5 8, void %arrayidx1266.case.83795.i, i5 9, void %arrayidx1266.case.93796.i, i5 10, void %arrayidx1266.case.103797.i, i5 11, void %arrayidx1266.case.113798.i, i5 12, void %arrayidx1266.case.123799.i, i5 13, void %arrayidx1266.case.133800.i, i5 14, void %arrayidx1266.case.143801.i, i5 15, void %arrayidx1266.case.153802.i, i5 16, void %arrayidx1266.case.163803.i" [./conv.h:70->top_wrapper.cpp:123]   --->   Operation 792 'switch' 'switch_ln70' <Predicate = (icmp_ln56_1 & s_mem_o_i == 16)> <Delay = 0.78>
ST_11 : Operation 793 [1/1] (0.78ns)   --->   "%switch_ln70 = switch i5 %s_mem_o_depth_i, void %arrayidx1266.case.173784.i, i5 0, void %arrayidx1266.case.03767.i, i5 1, void %arrayidx1266.case.13768.i, i5 2, void %arrayidx1266.case.23769.i, i5 3, void %arrayidx1266.case.33770.i, i5 4, void %arrayidx1266.case.43771.i, i5 5, void %arrayidx1266.case.53772.i, i5 6, void %arrayidx1266.case.63773.i, i5 7, void %arrayidx1266.case.73774.i, i5 8, void %arrayidx1266.case.83775.i, i5 9, void %arrayidx1266.case.93776.i, i5 10, void %arrayidx1266.case.103777.i, i5 11, void %arrayidx1266.case.113778.i, i5 12, void %arrayidx1266.case.123779.i, i5 13, void %arrayidx1266.case.133780.i, i5 14, void %arrayidx1266.case.143781.i, i5 15, void %arrayidx1266.case.153782.i, i5 16, void %arrayidx1266.case.163783.i" [./conv.h:70->top_wrapper.cpp:123]   --->   Operation 793 'switch' 'switch_ln70' <Predicate = (icmp_ln56_1 & s_mem_o_i == 15)> <Delay = 0.78>
ST_11 : Operation 794 [1/1] (0.78ns)   --->   "%switch_ln70 = switch i5 %s_mem_o_depth_i, void %arrayidx1266.case.173764.i, i5 0, void %arrayidx1266.case.03747.i, i5 1, void %arrayidx1266.case.13748.i, i5 2, void %arrayidx1266.case.23749.i, i5 3, void %arrayidx1266.case.33750.i, i5 4, void %arrayidx1266.case.43751.i, i5 5, void %arrayidx1266.case.53752.i, i5 6, void %arrayidx1266.case.63753.i, i5 7, void %arrayidx1266.case.73754.i, i5 8, void %arrayidx1266.case.83755.i, i5 9, void %arrayidx1266.case.93756.i, i5 10, void %arrayidx1266.case.103757.i, i5 11, void %arrayidx1266.case.113758.i, i5 12, void %arrayidx1266.case.123759.i, i5 13, void %arrayidx1266.case.133760.i, i5 14, void %arrayidx1266.case.143761.i, i5 15, void %arrayidx1266.case.153762.i, i5 16, void %arrayidx1266.case.163763.i" [./conv.h:70->top_wrapper.cpp:123]   --->   Operation 794 'switch' 'switch_ln70' <Predicate = (icmp_ln56_1 & s_mem_o_i == 14)> <Delay = 0.78>
ST_11 : Operation 795 [1/1] (0.78ns)   --->   "%switch_ln70 = switch i5 %s_mem_o_depth_i, void %arrayidx1266.case.173744.i, i5 0, void %arrayidx1266.case.03727.i, i5 1, void %arrayidx1266.case.13728.i, i5 2, void %arrayidx1266.case.23729.i, i5 3, void %arrayidx1266.case.33730.i, i5 4, void %arrayidx1266.case.43731.i, i5 5, void %arrayidx1266.case.53732.i, i5 6, void %arrayidx1266.case.63733.i, i5 7, void %arrayidx1266.case.73734.i, i5 8, void %arrayidx1266.case.83735.i, i5 9, void %arrayidx1266.case.93736.i, i5 10, void %arrayidx1266.case.103737.i, i5 11, void %arrayidx1266.case.113738.i, i5 12, void %arrayidx1266.case.123739.i, i5 13, void %arrayidx1266.case.133740.i, i5 14, void %arrayidx1266.case.143741.i, i5 15, void %arrayidx1266.case.153742.i, i5 16, void %arrayidx1266.case.163743.i" [./conv.h:70->top_wrapper.cpp:123]   --->   Operation 795 'switch' 'switch_ln70' <Predicate = (icmp_ln56_1 & s_mem_o_i == 13)> <Delay = 0.78>
ST_11 : Operation 796 [1/1] (0.78ns)   --->   "%switch_ln70 = switch i5 %s_mem_o_depth_i, void %arrayidx1266.case.173724.i, i5 0, void %arrayidx1266.case.03707.i, i5 1, void %arrayidx1266.case.13708.i, i5 2, void %arrayidx1266.case.23709.i, i5 3, void %arrayidx1266.case.33710.i, i5 4, void %arrayidx1266.case.43711.i, i5 5, void %arrayidx1266.case.53712.i, i5 6, void %arrayidx1266.case.63713.i, i5 7, void %arrayidx1266.case.73714.i, i5 8, void %arrayidx1266.case.83715.i, i5 9, void %arrayidx1266.case.93716.i, i5 10, void %arrayidx1266.case.103717.i, i5 11, void %arrayidx1266.case.113718.i, i5 12, void %arrayidx1266.case.123719.i, i5 13, void %arrayidx1266.case.133720.i, i5 14, void %arrayidx1266.case.143721.i, i5 15, void %arrayidx1266.case.153722.i, i5 16, void %arrayidx1266.case.163723.i" [./conv.h:70->top_wrapper.cpp:123]   --->   Operation 796 'switch' 'switch_ln70' <Predicate = (icmp_ln56_1 & s_mem_o_i == 12)> <Delay = 0.78>
ST_11 : Operation 797 [1/1] (0.78ns)   --->   "%switch_ln70 = switch i5 %s_mem_o_depth_i, void %arrayidx1266.case.173704.i, i5 0, void %arrayidx1266.case.03687.i, i5 1, void %arrayidx1266.case.13688.i, i5 2, void %arrayidx1266.case.23689.i, i5 3, void %arrayidx1266.case.33690.i, i5 4, void %arrayidx1266.case.43691.i, i5 5, void %arrayidx1266.case.53692.i, i5 6, void %arrayidx1266.case.63693.i, i5 7, void %arrayidx1266.case.73694.i, i5 8, void %arrayidx1266.case.83695.i, i5 9, void %arrayidx1266.case.93696.i, i5 10, void %arrayidx1266.case.103697.i, i5 11, void %arrayidx1266.case.113698.i, i5 12, void %arrayidx1266.case.123699.i, i5 13, void %arrayidx1266.case.133700.i, i5 14, void %arrayidx1266.case.143701.i, i5 15, void %arrayidx1266.case.153702.i, i5 16, void %arrayidx1266.case.163703.i" [./conv.h:70->top_wrapper.cpp:123]   --->   Operation 797 'switch' 'switch_ln70' <Predicate = (icmp_ln56_1 & s_mem_o_i == 11)> <Delay = 0.78>
ST_11 : Operation 798 [1/1] (0.78ns)   --->   "%switch_ln70 = switch i5 %s_mem_o_depth_i, void %arrayidx1266.case.173684.i, i5 0, void %arrayidx1266.case.03667.i, i5 1, void %arrayidx1266.case.13668.i, i5 2, void %arrayidx1266.case.23669.i, i5 3, void %arrayidx1266.case.33670.i, i5 4, void %arrayidx1266.case.43671.i, i5 5, void %arrayidx1266.case.53672.i, i5 6, void %arrayidx1266.case.63673.i, i5 7, void %arrayidx1266.case.73674.i, i5 8, void %arrayidx1266.case.83675.i, i5 9, void %arrayidx1266.case.93676.i, i5 10, void %arrayidx1266.case.103677.i, i5 11, void %arrayidx1266.case.113678.i, i5 12, void %arrayidx1266.case.123679.i, i5 13, void %arrayidx1266.case.133680.i, i5 14, void %arrayidx1266.case.143681.i, i5 15, void %arrayidx1266.case.153682.i, i5 16, void %arrayidx1266.case.163683.i" [./conv.h:70->top_wrapper.cpp:123]   --->   Operation 798 'switch' 'switch_ln70' <Predicate = (icmp_ln56_1 & s_mem_o_i == 10)> <Delay = 0.78>
ST_11 : Operation 799 [1/1] (0.78ns)   --->   "%switch_ln70 = switch i5 %s_mem_o_depth_i, void %arrayidx1266.case.173664.i, i5 0, void %arrayidx1266.case.03647.i, i5 1, void %arrayidx1266.case.13648.i, i5 2, void %arrayidx1266.case.23649.i, i5 3, void %arrayidx1266.case.33650.i, i5 4, void %arrayidx1266.case.43651.i, i5 5, void %arrayidx1266.case.53652.i, i5 6, void %arrayidx1266.case.63653.i, i5 7, void %arrayidx1266.case.73654.i, i5 8, void %arrayidx1266.case.83655.i, i5 9, void %arrayidx1266.case.93656.i, i5 10, void %arrayidx1266.case.103657.i, i5 11, void %arrayidx1266.case.113658.i, i5 12, void %arrayidx1266.case.123659.i, i5 13, void %arrayidx1266.case.133660.i, i5 14, void %arrayidx1266.case.143661.i, i5 15, void %arrayidx1266.case.153662.i, i5 16, void %arrayidx1266.case.163663.i" [./conv.h:70->top_wrapper.cpp:123]   --->   Operation 799 'switch' 'switch_ln70' <Predicate = (icmp_ln56_1 & s_mem_o_i == 9)> <Delay = 0.78>
ST_11 : Operation 800 [1/1] (0.78ns)   --->   "%switch_ln70 = switch i5 %s_mem_o_depth_i, void %arrayidx1266.case.173644.i, i5 0, void %arrayidx1266.case.03627.i, i5 1, void %arrayidx1266.case.13628.i, i5 2, void %arrayidx1266.case.23629.i, i5 3, void %arrayidx1266.case.33630.i, i5 4, void %arrayidx1266.case.43631.i, i5 5, void %arrayidx1266.case.53632.i, i5 6, void %arrayidx1266.case.63633.i, i5 7, void %arrayidx1266.case.73634.i, i5 8, void %arrayidx1266.case.83635.i, i5 9, void %arrayidx1266.case.93636.i, i5 10, void %arrayidx1266.case.103637.i, i5 11, void %arrayidx1266.case.113638.i, i5 12, void %arrayidx1266.case.123639.i, i5 13, void %arrayidx1266.case.133640.i, i5 14, void %arrayidx1266.case.143641.i, i5 15, void %arrayidx1266.case.153642.i, i5 16, void %arrayidx1266.case.163643.i" [./conv.h:70->top_wrapper.cpp:123]   --->   Operation 800 'switch' 'switch_ln70' <Predicate = (icmp_ln56_1 & s_mem_o_i == 8)> <Delay = 0.78>
ST_11 : Operation 801 [1/1] (0.78ns)   --->   "%switch_ln70 = switch i5 %s_mem_o_depth_i, void %arrayidx1266.case.173624.i, i5 0, void %arrayidx1266.case.03607.i, i5 1, void %arrayidx1266.case.13608.i, i5 2, void %arrayidx1266.case.23609.i, i5 3, void %arrayidx1266.case.33610.i, i5 4, void %arrayidx1266.case.43611.i, i5 5, void %arrayidx1266.case.53612.i, i5 6, void %arrayidx1266.case.63613.i, i5 7, void %arrayidx1266.case.73614.i, i5 8, void %arrayidx1266.case.83615.i, i5 9, void %arrayidx1266.case.93616.i, i5 10, void %arrayidx1266.case.103617.i, i5 11, void %arrayidx1266.case.113618.i, i5 12, void %arrayidx1266.case.123619.i, i5 13, void %arrayidx1266.case.133620.i, i5 14, void %arrayidx1266.case.143621.i, i5 15, void %arrayidx1266.case.153622.i, i5 16, void %arrayidx1266.case.163623.i" [./conv.h:70->top_wrapper.cpp:123]   --->   Operation 801 'switch' 'switch_ln70' <Predicate = (icmp_ln56_1 & s_mem_o_i == 7)> <Delay = 0.78>
ST_11 : Operation 802 [1/1] (0.78ns)   --->   "%switch_ln70 = switch i5 %s_mem_o_depth_i, void %arrayidx1266.case.173604.i, i5 0, void %arrayidx1266.case.03587.i, i5 1, void %arrayidx1266.case.13588.i, i5 2, void %arrayidx1266.case.23589.i, i5 3, void %arrayidx1266.case.33590.i, i5 4, void %arrayidx1266.case.43591.i, i5 5, void %arrayidx1266.case.53592.i, i5 6, void %arrayidx1266.case.63593.i, i5 7, void %arrayidx1266.case.73594.i, i5 8, void %arrayidx1266.case.83595.i, i5 9, void %arrayidx1266.case.93596.i, i5 10, void %arrayidx1266.case.103597.i, i5 11, void %arrayidx1266.case.113598.i, i5 12, void %arrayidx1266.case.123599.i, i5 13, void %arrayidx1266.case.133600.i, i5 14, void %arrayidx1266.case.143601.i, i5 15, void %arrayidx1266.case.153602.i, i5 16, void %arrayidx1266.case.163603.i" [./conv.h:70->top_wrapper.cpp:123]   --->   Operation 802 'switch' 'switch_ln70' <Predicate = (icmp_ln56_1 & s_mem_o_i == 6)> <Delay = 0.78>
ST_11 : Operation 803 [1/1] (0.78ns)   --->   "%switch_ln70 = switch i5 %s_mem_o_depth_i, void %arrayidx1266.case.173584.i, i5 0, void %arrayidx1266.case.03567.i, i5 1, void %arrayidx1266.case.13568.i, i5 2, void %arrayidx1266.case.23569.i, i5 3, void %arrayidx1266.case.33570.i, i5 4, void %arrayidx1266.case.43571.i, i5 5, void %arrayidx1266.case.53572.i, i5 6, void %arrayidx1266.case.63573.i, i5 7, void %arrayidx1266.case.73574.i, i5 8, void %arrayidx1266.case.83575.i, i5 9, void %arrayidx1266.case.93576.i, i5 10, void %arrayidx1266.case.103577.i, i5 11, void %arrayidx1266.case.113578.i, i5 12, void %arrayidx1266.case.123579.i, i5 13, void %arrayidx1266.case.133580.i, i5 14, void %arrayidx1266.case.143581.i, i5 15, void %arrayidx1266.case.153582.i, i5 16, void %arrayidx1266.case.163583.i" [./conv.h:70->top_wrapper.cpp:123]   --->   Operation 803 'switch' 'switch_ln70' <Predicate = (icmp_ln56_1 & s_mem_o_i == 5)> <Delay = 0.78>
ST_11 : Operation 804 [1/1] (0.78ns)   --->   "%switch_ln70 = switch i5 %s_mem_o_depth_i, void %arrayidx1266.case.173564.i, i5 0, void %arrayidx1266.case.03547.i, i5 1, void %arrayidx1266.case.13548.i, i5 2, void %arrayidx1266.case.23549.i, i5 3, void %arrayidx1266.case.33550.i, i5 4, void %arrayidx1266.case.43551.i, i5 5, void %arrayidx1266.case.53552.i, i5 6, void %arrayidx1266.case.63553.i, i5 7, void %arrayidx1266.case.73554.i, i5 8, void %arrayidx1266.case.83555.i, i5 9, void %arrayidx1266.case.93556.i, i5 10, void %arrayidx1266.case.103557.i, i5 11, void %arrayidx1266.case.113558.i, i5 12, void %arrayidx1266.case.123559.i, i5 13, void %arrayidx1266.case.133560.i, i5 14, void %arrayidx1266.case.143561.i, i5 15, void %arrayidx1266.case.153562.i, i5 16, void %arrayidx1266.case.163563.i" [./conv.h:70->top_wrapper.cpp:123]   --->   Operation 804 'switch' 'switch_ln70' <Predicate = (icmp_ln56_1 & s_mem_o_i == 4)> <Delay = 0.78>
ST_11 : Operation 805 [1/1] (0.78ns)   --->   "%switch_ln70 = switch i5 %s_mem_o_depth_i, void %arrayidx1266.case.173544.i, i5 0, void %arrayidx1266.case.03527.i, i5 1, void %arrayidx1266.case.13528.i, i5 2, void %arrayidx1266.case.23529.i, i5 3, void %arrayidx1266.case.33530.i, i5 4, void %arrayidx1266.case.43531.i, i5 5, void %arrayidx1266.case.53532.i, i5 6, void %arrayidx1266.case.63533.i, i5 7, void %arrayidx1266.case.73534.i, i5 8, void %arrayidx1266.case.83535.i, i5 9, void %arrayidx1266.case.93536.i, i5 10, void %arrayidx1266.case.103537.i, i5 11, void %arrayidx1266.case.113538.i, i5 12, void %arrayidx1266.case.123539.i, i5 13, void %arrayidx1266.case.133540.i, i5 14, void %arrayidx1266.case.143541.i, i5 15, void %arrayidx1266.case.153542.i, i5 16, void %arrayidx1266.case.163543.i" [./conv.h:70->top_wrapper.cpp:123]   --->   Operation 805 'switch' 'switch_ln70' <Predicate = (icmp_ln56_1 & s_mem_o_i == 3)> <Delay = 0.78>
ST_11 : Operation 806 [1/1] (0.78ns)   --->   "%switch_ln70 = switch i5 %s_mem_o_depth_i, void %arrayidx1266.case.173524.i, i5 0, void %arrayidx1266.case.03507.i, i5 1, void %arrayidx1266.case.13508.i, i5 2, void %arrayidx1266.case.23509.i, i5 3, void %arrayidx1266.case.33510.i, i5 4, void %arrayidx1266.case.43511.i, i5 5, void %arrayidx1266.case.53512.i, i5 6, void %arrayidx1266.case.63513.i, i5 7, void %arrayidx1266.case.73514.i, i5 8, void %arrayidx1266.case.83515.i, i5 9, void %arrayidx1266.case.93516.i, i5 10, void %arrayidx1266.case.103517.i, i5 11, void %arrayidx1266.case.113518.i, i5 12, void %arrayidx1266.case.123519.i, i5 13, void %arrayidx1266.case.133520.i, i5 14, void %arrayidx1266.case.143521.i, i5 15, void %arrayidx1266.case.153522.i, i5 16, void %arrayidx1266.case.163523.i" [./conv.h:70->top_wrapper.cpp:123]   --->   Operation 806 'switch' 'switch_ln70' <Predicate = (icmp_ln56_1 & s_mem_o_i == 2)> <Delay = 0.78>
ST_11 : Operation 807 [1/1] (0.78ns)   --->   "%switch_ln70 = switch i5 %s_mem_o_depth_i, void %arrayidx1266.case.173504.i, i5 0, void %arrayidx1266.case.03487.i, i5 1, void %arrayidx1266.case.13488.i, i5 2, void %arrayidx1266.case.23489.i, i5 3, void %arrayidx1266.case.33490.i, i5 4, void %arrayidx1266.case.43491.i, i5 5, void %arrayidx1266.case.53492.i, i5 6, void %arrayidx1266.case.63493.i, i5 7, void %arrayidx1266.case.73494.i, i5 8, void %arrayidx1266.case.83495.i, i5 9, void %arrayidx1266.case.93496.i, i5 10, void %arrayidx1266.case.103497.i, i5 11, void %arrayidx1266.case.113498.i, i5 12, void %arrayidx1266.case.123499.i, i5 13, void %arrayidx1266.case.133500.i, i5 14, void %arrayidx1266.case.143501.i, i5 15, void %arrayidx1266.case.153502.i, i5 16, void %arrayidx1266.case.163503.i" [./conv.h:70->top_wrapper.cpp:123]   --->   Operation 807 'switch' 'switch_ln70' <Predicate = (icmp_ln56_1 & s_mem_o_i == 1)> <Delay = 0.78>
ST_11 : Operation 808 [1/1] (0.78ns)   --->   "%switch_ln70 = switch i5 %s_mem_o_depth_i, void %arrayidx1266.case.173484.i, i5 0, void %arrayidx1266.case.03467.i, i5 1, void %arrayidx1266.case.13468.i, i5 2, void %arrayidx1266.case.23469.i, i5 3, void %arrayidx1266.case.33470.i, i5 4, void %arrayidx1266.case.43471.i, i5 5, void %arrayidx1266.case.53472.i, i5 6, void %arrayidx1266.case.63473.i, i5 7, void %arrayidx1266.case.73474.i, i5 8, void %arrayidx1266.case.83475.i, i5 9, void %arrayidx1266.case.93476.i, i5 10, void %arrayidx1266.case.103477.i, i5 11, void %arrayidx1266.case.113478.i, i5 12, void %arrayidx1266.case.123479.i, i5 13, void %arrayidx1266.case.133480.i, i5 14, void %arrayidx1266.case.143481.i, i5 15, void %arrayidx1266.case.153482.i, i5 16, void %arrayidx1266.case.163483.i" [./conv.h:70->top_wrapper.cpp:123]   --->   Operation 808 'switch' 'switch_ln70' <Predicate = (icmp_ln56_1 & s_mem_o_i == 0)> <Delay = 0.78>
ST_11 : Operation 809 [1/1] (0.78ns)   --->   "%switch_ln70 = switch i5 %s_mem_o_depth_i, void %arrayidx1266.case.173964.i, i5 0, void %arrayidx1266.case.03947.i, i5 1, void %arrayidx1266.case.13948.i, i5 2, void %arrayidx1266.case.23949.i, i5 3, void %arrayidx1266.case.33950.i, i5 4, void %arrayidx1266.case.43951.i, i5 5, void %arrayidx1266.case.53952.i, i5 6, void %arrayidx1266.case.63953.i, i5 7, void %arrayidx1266.case.73954.i, i5 8, void %arrayidx1266.case.83955.i, i5 9, void %arrayidx1266.case.93956.i, i5 10, void %arrayidx1266.case.103957.i, i5 11, void %arrayidx1266.case.113958.i, i5 12, void %arrayidx1266.case.123959.i, i5 13, void %arrayidx1266.case.133960.i, i5 14, void %arrayidx1266.case.143961.i, i5 15, void %arrayidx1266.case.153962.i, i5 16, void %arrayidx1266.case.163963.i" [./conv.h:70->top_wrapper.cpp:123]   --->   Operation 809 'switch' 'switch_ln70' <Predicate = (icmp_ln56_1 & s_mem_o_i == 31) | (icmp_ln56_1 & s_mem_o_i == 30) | (icmp_ln56_1 & s_mem_o_i == 29) | (icmp_ln56_1 & s_mem_o_i == 28) | (icmp_ln56_1 & s_mem_o_i == 27) | (icmp_ln56_1 & s_mem_o_i == 26) | (icmp_ln56_1 & s_mem_o_i == 25) | (icmp_ln56_1 & s_mem_o_i == 24)> <Delay = 0.78>

State 12 <SV = 11> <Delay = 3.41>
ST_12 : Operation 810 [1/1] (0.39ns)   --->   "%select_ln66 = select i1 %icmp_ln66, i8 %filter_mem_19_reload_read, i8 %filter_mem_18_reload_read" [./conv.h:66->top_wrapper.cpp:123]   --->   Operation 810 'select' 'select_ln66' <Predicate = true> <Delay = 0.39> <CoreInst = "Sel">   --->   Core 73 'Sel' <Latency = 0> <II = 1> <Delay = 0.39> <FuncUnit> <Opcode : 'select'> <InPorts = 3> <OutPorts = 1>
ST_12 : Operation 811 [1/1] (0.00ns)   --->   "%sext_ln66 = sext i8 %select_ln66" [./conv.h:66->top_wrapper.cpp:123]   --->   Operation 811 'sext' 'sext_ln66' <Predicate = true> <Delay = 0.00>
ST_12 : Operation 812 [1/1] (0.39ns)   --->   "%select_ln66_1 = select i1 %icmp_ln66, i8 %filter_mem_21_reload_read, i8 %filter_mem_20_reload_read" [./conv.h:66->top_wrapper.cpp:123]   --->   Operation 812 'select' 'select_ln66_1' <Predicate = true> <Delay = 0.39> <CoreInst = "Sel">   --->   Core 73 'Sel' <Latency = 0> <II = 1> <Delay = 0.39> <FuncUnit> <Opcode : 'select'> <InPorts = 3> <OutPorts = 1>
ST_12 : Operation 813 [1/1] (0.00ns)   --->   "%sext_ln66_1 = sext i8 %select_ln66_1" [./conv.h:66->top_wrapper.cpp:123]   --->   Operation 813 'sext' 'sext_ln66_1' <Predicate = true> <Delay = 0.00>
ST_12 : Operation 814 [1/1] (0.39ns)   --->   "%select_ln66_2 = select i1 %icmp_ln66, i8 %filter_mem_23_reload_read, i8 %filter_mem_22_reload_read" [./conv.h:66->top_wrapper.cpp:123]   --->   Operation 814 'select' 'select_ln66_2' <Predicate = true> <Delay = 0.39> <CoreInst = "Sel">   --->   Core 73 'Sel' <Latency = 0> <II = 1> <Delay = 0.39> <FuncUnit> <Opcode : 'select'> <InPorts = 3> <OutPorts = 1>
ST_12 : Operation 815 [1/1] (0.00ns)   --->   "%sext_ln66_2 = sext i8 %select_ln66_2" [./conv.h:66->top_wrapper.cpp:123]   --->   Operation 815 'sext' 'sext_ln66_2' <Predicate = true> <Delay = 0.00>
ST_12 : Operation 816 [1/1] (0.39ns)   --->   "%select_ln66_3 = select i1 %icmp_ln66, i8 %filter_mem_25_reload_read, i8 %filter_mem_24_reload_read" [./conv.h:66->top_wrapper.cpp:123]   --->   Operation 816 'select' 'select_ln66_3' <Predicate = true> <Delay = 0.39> <CoreInst = "Sel">   --->   Core 73 'Sel' <Latency = 0> <II = 1> <Delay = 0.39> <FuncUnit> <Opcode : 'select'> <InPorts = 3> <OutPorts = 1>
ST_12 : Operation 817 [1/1] (0.00ns)   --->   "%sext_ln66_3 = sext i8 %select_ln66_3" [./conv.h:66->top_wrapper.cpp:123]   --->   Operation 817 'sext' 'sext_ln66_3' <Predicate = true> <Delay = 0.00>
ST_12 : Operation 818 [1/1] (0.39ns)   --->   "%select_ln66_4 = select i1 %icmp_ln66, i8 %filter_mem_27_reload_read, i8 %filter_mem_26_reload_read" [./conv.h:66->top_wrapper.cpp:123]   --->   Operation 818 'select' 'select_ln66_4' <Predicate = true> <Delay = 0.39> <CoreInst = "Sel">   --->   Core 73 'Sel' <Latency = 0> <II = 1> <Delay = 0.39> <FuncUnit> <Opcode : 'select'> <InPorts = 3> <OutPorts = 1>
ST_12 : Operation 819 [1/1] (0.00ns)   --->   "%sext_ln66_4 = sext i8 %select_ln66_4" [./conv.h:66->top_wrapper.cpp:123]   --->   Operation 819 'sext' 'sext_ln66_4' <Predicate = true> <Delay = 0.00>
ST_12 : Operation 820 [1/1] (0.39ns)   --->   "%select_ln66_5 = select i1 %icmp_ln66, i8 %filter_mem_29_reload_read, i8 %filter_mem_28_reload_read" [./conv.h:66->top_wrapper.cpp:123]   --->   Operation 820 'select' 'select_ln66_5' <Predicate = true> <Delay = 0.39> <CoreInst = "Sel">   --->   Core 73 'Sel' <Latency = 0> <II = 1> <Delay = 0.39> <FuncUnit> <Opcode : 'select'> <InPorts = 3> <OutPorts = 1>
ST_12 : Operation 821 [1/1] (0.00ns)   --->   "%sext_ln66_5 = sext i8 %select_ln66_5" [./conv.h:66->top_wrapper.cpp:123]   --->   Operation 821 'sext' 'sext_ln66_5' <Predicate = true> <Delay = 0.00>
ST_12 : Operation 822 [1/1] (0.39ns)   --->   "%select_ln66_6 = select i1 %icmp_ln66, i8 %filter_mem_31_reload_read, i8 %filter_mem_30_reload_read" [./conv.h:66->top_wrapper.cpp:123]   --->   Operation 822 'select' 'select_ln66_6' <Predicate = true> <Delay = 0.39> <CoreInst = "Sel">   --->   Core 73 'Sel' <Latency = 0> <II = 1> <Delay = 0.39> <FuncUnit> <Opcode : 'select'> <InPorts = 3> <OutPorts = 1>
ST_12 : Operation 823 [1/1] (0.00ns)   --->   "%sext_ln66_6 = sext i8 %select_ln66_6" [./conv.h:66->top_wrapper.cpp:123]   --->   Operation 823 'sext' 'sext_ln66_6' <Predicate = true> <Delay = 0.00>
ST_12 : Operation 824 [1/1] (0.39ns)   --->   "%select_ln66_7 = select i1 %icmp_ln66, i8 %filter_mem_33_reload_read, i8 %filter_mem_32_reload_read" [./conv.h:66->top_wrapper.cpp:123]   --->   Operation 824 'select' 'select_ln66_7' <Predicate = true> <Delay = 0.39> <CoreInst = "Sel">   --->   Core 73 'Sel' <Latency = 0> <II = 1> <Delay = 0.39> <FuncUnit> <Opcode : 'select'> <InPorts = 3> <OutPorts = 1>
ST_12 : Operation 825 [1/1] (0.00ns)   --->   "%sext_ln66_7 = sext i8 %select_ln66_7" [./conv.h:66->top_wrapper.cpp:123]   --->   Operation 825 'sext' 'sext_ln66_7' <Predicate = true> <Delay = 0.00>
ST_12 : Operation 826 [1/1] (0.39ns)   --->   "%select_ln66_8 = select i1 %icmp_ln66, i8 %filter_mem_35_reload_read, i8 %filter_mem_34_reload_read" [./conv.h:66->top_wrapper.cpp:123]   --->   Operation 826 'select' 'select_ln66_8' <Predicate = true> <Delay = 0.39> <CoreInst = "Sel">   --->   Core 73 'Sel' <Latency = 0> <II = 1> <Delay = 0.39> <FuncUnit> <Opcode : 'select'> <InPorts = 3> <OutPorts = 1>
ST_12 : Operation 827 [1/1] (0.00ns)   --->   "%sext_ln66_8 = sext i8 %select_ln66_8" [./conv.h:66->top_wrapper.cpp:123]   --->   Operation 827 'sext' 'sext_ln66_8' <Predicate = true> <Delay = 0.00>
ST_12 : Operation 828 [2/2] (3.02ns)   --->   "%mul_ln66 = mul i45 %tmp_98_i, i45 %sext_ln66_4" [./conv.h:66->top_wrapper.cpp:123]   --->   Operation 828 'mul' 'mul_ln66' <Predicate = true> <Delay = 3.02> <CoreInst = "Multiplier">   --->   Core 3 'Multiplier' <Latency = 1> <II = 1> <Delay = 3.02> <FuncUnit> <Opcode : 'mul'> <InPorts = 2> <OutPorts = 1>
ST_12 : Operation 829 [2/2] (3.02ns)   --->   "%mul_ln66_1 = mul i45 %tmp_138_i, i45 %sext_ln66_8" [./conv.h:66->top_wrapper.cpp:123]   --->   Operation 829 'mul' 'mul_ln66_1' <Predicate = true> <Delay = 3.02> <CoreInst = "Multiplier">   --->   Core 3 'Multiplier' <Latency = 1> <II = 1> <Delay = 3.02> <FuncUnit> <Opcode : 'mul'> <InPorts = 2> <OutPorts = 1>
ST_12 : Operation 830 [2/2] (3.02ns)   --->   "%mul_ln66_2 = mul i45 %tmp_118_i, i45 %sext_ln66_6" [./conv.h:66->top_wrapper.cpp:123]   --->   Operation 830 'mul' 'mul_ln66_2' <Predicate = true> <Delay = 3.02> <CoreInst = "Multiplier">   --->   Core 3 'Multiplier' <Latency = 1> <II = 1> <Delay = 3.02> <FuncUnit> <Opcode : 'mul'> <InPorts = 2> <OutPorts = 1>
ST_12 : Operation 831 [2/2] (3.02ns)   --->   "%mul_ln66_3 = mul i45 %tmp_58_i, i45 %sext_ln66" [./conv.h:66->top_wrapper.cpp:123]   --->   Operation 831 'mul' 'mul_ln66_3' <Predicate = true> <Delay = 3.02> <CoreInst = "Multiplier">   --->   Core 3 'Multiplier' <Latency = 1> <II = 1> <Delay = 3.02> <FuncUnit> <Opcode : 'mul'> <InPorts = 2> <OutPorts = 1>
ST_12 : Operation 832 [2/2] (3.02ns)   --->   "%mul_ln66_4 = mul i45 %tmp_78_i, i45 %sext_ln66_2" [./conv.h:66->top_wrapper.cpp:123]   --->   Operation 832 'mul' 'mul_ln66_4' <Predicate = true> <Delay = 3.02> <CoreInst = "Multiplier">   --->   Core 3 'Multiplier' <Latency = 1> <II = 1> <Delay = 3.02> <FuncUnit> <Opcode : 'mul'> <InPorts = 2> <OutPorts = 1>
ST_12 : Operation 833 [2/2] (3.02ns)   --->   "%mul_ln66_5 = mul i45 %tmp_128_i, i45 %sext_ln66_7" [./conv.h:66->top_wrapper.cpp:123]   --->   Operation 833 'mul' 'mul_ln66_5' <Predicate = true> <Delay = 3.02> <CoreInst = "Multiplier">   --->   Core 3 'Multiplier' <Latency = 1> <II = 1> <Delay = 3.02> <FuncUnit> <Opcode : 'mul'> <InPorts = 2> <OutPorts = 1>
ST_12 : Operation 834 [2/2] (3.02ns)   --->   "%mul_ln66_6 = mul i45 %tmp_108_i, i45 %sext_ln66_5" [./conv.h:66->top_wrapper.cpp:123]   --->   Operation 834 'mul' 'mul_ln66_6' <Predicate = true> <Delay = 3.02> <CoreInst = "Multiplier">   --->   Core 3 'Multiplier' <Latency = 1> <II = 1> <Delay = 3.02> <FuncUnit> <Opcode : 'mul'> <InPorts = 2> <OutPorts = 1>
ST_12 : Operation 835 [2/2] (3.02ns)   --->   "%mul_ln66_7 = mul i45 %tmp_68_i, i45 %sext_ln66_1" [./conv.h:66->top_wrapper.cpp:123]   --->   Operation 835 'mul' 'mul_ln66_7' <Predicate = true> <Delay = 3.02> <CoreInst = "Multiplier">   --->   Core 3 'Multiplier' <Latency = 1> <II = 1> <Delay = 3.02> <FuncUnit> <Opcode : 'mul'> <InPorts = 2> <OutPorts = 1>
ST_12 : Operation 836 [2/2] (3.02ns)   --->   "%mul_ln66_8 = mul i45 %tmp_88_i, i45 %sext_ln66_3" [./conv.h:66->top_wrapper.cpp:123]   --->   Operation 836 'mul' 'mul_ln66_8' <Predicate = true> <Delay = 3.02> <CoreInst = "Multiplier">   --->   Core 3 'Multiplier' <Latency = 1> <II = 1> <Delay = 3.02> <FuncUnit> <Opcode : 'mul'> <InPorts = 2> <OutPorts = 1>
ST_12 : Operation 837 [1/1] (0.00ns)   --->   "%br_ln70 = br void %arrayidx1266.exit3926.i" [./conv.h:70->top_wrapper.cpp:123]   --->   Operation 837 'br' 'br_ln70' <Predicate = (icmp_ln56_1 & s_mem_o_i == 23 & s_mem_o_depth_i == 16)> <Delay = 0.00>
ST_12 : Operation 838 [1/1] (0.00ns)   --->   "%br_ln70 = br void %arrayidx1266.exit3926.i" [./conv.h:70->top_wrapper.cpp:123]   --->   Operation 838 'br' 'br_ln70' <Predicate = (icmp_ln56_1 & s_mem_o_i == 23 & s_mem_o_depth_i == 15)> <Delay = 0.00>
ST_12 : Operation 839 [1/1] (0.00ns)   --->   "%br_ln70 = br void %arrayidx1266.exit3926.i" [./conv.h:70->top_wrapper.cpp:123]   --->   Operation 839 'br' 'br_ln70' <Predicate = (icmp_ln56_1 & s_mem_o_i == 23 & s_mem_o_depth_i == 14)> <Delay = 0.00>
ST_12 : Operation 840 [1/1] (0.00ns)   --->   "%br_ln70 = br void %arrayidx1266.exit3926.i" [./conv.h:70->top_wrapper.cpp:123]   --->   Operation 840 'br' 'br_ln70' <Predicate = (icmp_ln56_1 & s_mem_o_i == 23 & s_mem_o_depth_i == 13)> <Delay = 0.00>
ST_12 : Operation 841 [1/1] (0.00ns)   --->   "%br_ln70 = br void %arrayidx1266.exit3926.i" [./conv.h:70->top_wrapper.cpp:123]   --->   Operation 841 'br' 'br_ln70' <Predicate = (icmp_ln56_1 & s_mem_o_i == 23 & s_mem_o_depth_i == 12)> <Delay = 0.00>
ST_12 : Operation 842 [1/1] (0.00ns)   --->   "%br_ln70 = br void %arrayidx1266.exit3926.i" [./conv.h:70->top_wrapper.cpp:123]   --->   Operation 842 'br' 'br_ln70' <Predicate = (icmp_ln56_1 & s_mem_o_i == 23 & s_mem_o_depth_i == 11)> <Delay = 0.00>
ST_12 : Operation 843 [1/1] (0.00ns)   --->   "%br_ln70 = br void %arrayidx1266.exit3926.i" [./conv.h:70->top_wrapper.cpp:123]   --->   Operation 843 'br' 'br_ln70' <Predicate = (icmp_ln56_1 & s_mem_o_i == 23 & s_mem_o_depth_i == 10)> <Delay = 0.00>
ST_12 : Operation 844 [1/1] (0.00ns)   --->   "%br_ln70 = br void %arrayidx1266.exit3926.i" [./conv.h:70->top_wrapper.cpp:123]   --->   Operation 844 'br' 'br_ln70' <Predicate = (icmp_ln56_1 & s_mem_o_i == 23 & s_mem_o_depth_i == 9)> <Delay = 0.00>
ST_12 : Operation 845 [1/1] (0.00ns)   --->   "%br_ln70 = br void %arrayidx1266.exit3926.i" [./conv.h:70->top_wrapper.cpp:123]   --->   Operation 845 'br' 'br_ln70' <Predicate = (icmp_ln56_1 & s_mem_o_i == 23 & s_mem_o_depth_i == 8)> <Delay = 0.00>
ST_12 : Operation 846 [1/1] (0.00ns)   --->   "%br_ln70 = br void %arrayidx1266.exit3926.i" [./conv.h:70->top_wrapper.cpp:123]   --->   Operation 846 'br' 'br_ln70' <Predicate = (icmp_ln56_1 & s_mem_o_i == 23 & s_mem_o_depth_i == 7)> <Delay = 0.00>
ST_12 : Operation 847 [1/1] (0.00ns)   --->   "%br_ln70 = br void %arrayidx1266.exit3926.i" [./conv.h:70->top_wrapper.cpp:123]   --->   Operation 847 'br' 'br_ln70' <Predicate = (icmp_ln56_1 & s_mem_o_i == 23 & s_mem_o_depth_i == 6)> <Delay = 0.00>
ST_12 : Operation 848 [1/1] (0.00ns)   --->   "%br_ln70 = br void %arrayidx1266.exit3926.i" [./conv.h:70->top_wrapper.cpp:123]   --->   Operation 848 'br' 'br_ln70' <Predicate = (icmp_ln56_1 & s_mem_o_i == 23 & s_mem_o_depth_i == 5)> <Delay = 0.00>
ST_12 : Operation 849 [1/1] (0.00ns)   --->   "%br_ln70 = br void %arrayidx1266.exit3926.i" [./conv.h:70->top_wrapper.cpp:123]   --->   Operation 849 'br' 'br_ln70' <Predicate = (icmp_ln56_1 & s_mem_o_i == 23 & s_mem_o_depth_i == 4)> <Delay = 0.00>
ST_12 : Operation 850 [1/1] (0.00ns)   --->   "%br_ln70 = br void %arrayidx1266.exit3926.i" [./conv.h:70->top_wrapper.cpp:123]   --->   Operation 850 'br' 'br_ln70' <Predicate = (icmp_ln56_1 & s_mem_o_i == 23 & s_mem_o_depth_i == 3)> <Delay = 0.00>
ST_12 : Operation 851 [1/1] (0.00ns)   --->   "%br_ln70 = br void %arrayidx1266.exit3926.i" [./conv.h:70->top_wrapper.cpp:123]   --->   Operation 851 'br' 'br_ln70' <Predicate = (icmp_ln56_1 & s_mem_o_i == 23 & s_mem_o_depth_i == 2)> <Delay = 0.00>
ST_12 : Operation 852 [1/1] (0.00ns)   --->   "%br_ln70 = br void %arrayidx1266.exit3926.i" [./conv.h:70->top_wrapper.cpp:123]   --->   Operation 852 'br' 'br_ln70' <Predicate = (icmp_ln56_1 & s_mem_o_i == 23 & s_mem_o_depth_i == 1)> <Delay = 0.00>
ST_12 : Operation 853 [1/1] (0.00ns)   --->   "%br_ln70 = br void %arrayidx1266.exit3926.i" [./conv.h:70->top_wrapper.cpp:123]   --->   Operation 853 'br' 'br_ln70' <Predicate = (icmp_ln56_1 & s_mem_o_i == 23 & s_mem_o_depth_i == 0)> <Delay = 0.00>
ST_12 : Operation 854 [1/1] (0.00ns)   --->   "%br_ln70 = br void %arrayidx1266.exit3926.i" [./conv.h:70->top_wrapper.cpp:123]   --->   Operation 854 'br' 'br_ln70' <Predicate = (icmp_ln56_1 & s_mem_o_i == 23 & s_mem_o_depth_i != 0 & s_mem_o_depth_i != 1 & s_mem_o_depth_i != 2 & s_mem_o_depth_i != 3 & s_mem_o_depth_i != 4 & s_mem_o_depth_i != 5 & s_mem_o_depth_i != 6 & s_mem_o_depth_i != 7 & s_mem_o_depth_i != 8 & s_mem_o_depth_i != 9 & s_mem_o_depth_i != 10 & s_mem_o_depth_i != 11 & s_mem_o_depth_i != 12 & s_mem_o_depth_i != 13 & s_mem_o_depth_i != 14 & s_mem_o_depth_i != 15 & s_mem_o_depth_i != 16)> <Delay = 0.00>
ST_12 : Operation 855 [1/1] (0.00ns)   --->   "%br_ln70 = br void %arrayidx1266.exit3906.i" [./conv.h:70->top_wrapper.cpp:123]   --->   Operation 855 'br' 'br_ln70' <Predicate = (icmp_ln56_1 & s_mem_o_i == 22 & s_mem_o_depth_i == 16)> <Delay = 0.00>
ST_12 : Operation 856 [1/1] (0.00ns)   --->   "%br_ln70 = br void %arrayidx1266.exit3906.i" [./conv.h:70->top_wrapper.cpp:123]   --->   Operation 856 'br' 'br_ln70' <Predicate = (icmp_ln56_1 & s_mem_o_i == 22 & s_mem_o_depth_i == 15)> <Delay = 0.00>
ST_12 : Operation 857 [1/1] (0.00ns)   --->   "%br_ln70 = br void %arrayidx1266.exit3906.i" [./conv.h:70->top_wrapper.cpp:123]   --->   Operation 857 'br' 'br_ln70' <Predicate = (icmp_ln56_1 & s_mem_o_i == 22 & s_mem_o_depth_i == 14)> <Delay = 0.00>
ST_12 : Operation 858 [1/1] (0.00ns)   --->   "%br_ln70 = br void %arrayidx1266.exit3906.i" [./conv.h:70->top_wrapper.cpp:123]   --->   Operation 858 'br' 'br_ln70' <Predicate = (icmp_ln56_1 & s_mem_o_i == 22 & s_mem_o_depth_i == 13)> <Delay = 0.00>
ST_12 : Operation 859 [1/1] (0.00ns)   --->   "%br_ln70 = br void %arrayidx1266.exit3906.i" [./conv.h:70->top_wrapper.cpp:123]   --->   Operation 859 'br' 'br_ln70' <Predicate = (icmp_ln56_1 & s_mem_o_i == 22 & s_mem_o_depth_i == 12)> <Delay = 0.00>
ST_12 : Operation 860 [1/1] (0.00ns)   --->   "%br_ln70 = br void %arrayidx1266.exit3906.i" [./conv.h:70->top_wrapper.cpp:123]   --->   Operation 860 'br' 'br_ln70' <Predicate = (icmp_ln56_1 & s_mem_o_i == 22 & s_mem_o_depth_i == 11)> <Delay = 0.00>
ST_12 : Operation 861 [1/1] (0.00ns)   --->   "%br_ln70 = br void %arrayidx1266.exit3906.i" [./conv.h:70->top_wrapper.cpp:123]   --->   Operation 861 'br' 'br_ln70' <Predicate = (icmp_ln56_1 & s_mem_o_i == 22 & s_mem_o_depth_i == 10)> <Delay = 0.00>
ST_12 : Operation 862 [1/1] (0.00ns)   --->   "%br_ln70 = br void %arrayidx1266.exit3906.i" [./conv.h:70->top_wrapper.cpp:123]   --->   Operation 862 'br' 'br_ln70' <Predicate = (icmp_ln56_1 & s_mem_o_i == 22 & s_mem_o_depth_i == 9)> <Delay = 0.00>
ST_12 : Operation 863 [1/1] (0.00ns)   --->   "%br_ln70 = br void %arrayidx1266.exit3906.i" [./conv.h:70->top_wrapper.cpp:123]   --->   Operation 863 'br' 'br_ln70' <Predicate = (icmp_ln56_1 & s_mem_o_i == 22 & s_mem_o_depth_i == 8)> <Delay = 0.00>
ST_12 : Operation 864 [1/1] (0.00ns)   --->   "%br_ln70 = br void %arrayidx1266.exit3906.i" [./conv.h:70->top_wrapper.cpp:123]   --->   Operation 864 'br' 'br_ln70' <Predicate = (icmp_ln56_1 & s_mem_o_i == 22 & s_mem_o_depth_i == 7)> <Delay = 0.00>
ST_12 : Operation 865 [1/1] (0.00ns)   --->   "%br_ln70 = br void %arrayidx1266.exit3906.i" [./conv.h:70->top_wrapper.cpp:123]   --->   Operation 865 'br' 'br_ln70' <Predicate = (icmp_ln56_1 & s_mem_o_i == 22 & s_mem_o_depth_i == 6)> <Delay = 0.00>
ST_12 : Operation 866 [1/1] (0.00ns)   --->   "%br_ln70 = br void %arrayidx1266.exit3906.i" [./conv.h:70->top_wrapper.cpp:123]   --->   Operation 866 'br' 'br_ln70' <Predicate = (icmp_ln56_1 & s_mem_o_i == 22 & s_mem_o_depth_i == 5)> <Delay = 0.00>
ST_12 : Operation 867 [1/1] (0.00ns)   --->   "%br_ln70 = br void %arrayidx1266.exit3906.i" [./conv.h:70->top_wrapper.cpp:123]   --->   Operation 867 'br' 'br_ln70' <Predicate = (icmp_ln56_1 & s_mem_o_i == 22 & s_mem_o_depth_i == 4)> <Delay = 0.00>
ST_12 : Operation 868 [1/1] (0.00ns)   --->   "%br_ln70 = br void %arrayidx1266.exit3906.i" [./conv.h:70->top_wrapper.cpp:123]   --->   Operation 868 'br' 'br_ln70' <Predicate = (icmp_ln56_1 & s_mem_o_i == 22 & s_mem_o_depth_i == 3)> <Delay = 0.00>
ST_12 : Operation 869 [1/1] (0.00ns)   --->   "%br_ln70 = br void %arrayidx1266.exit3906.i" [./conv.h:70->top_wrapper.cpp:123]   --->   Operation 869 'br' 'br_ln70' <Predicate = (icmp_ln56_1 & s_mem_o_i == 22 & s_mem_o_depth_i == 2)> <Delay = 0.00>
ST_12 : Operation 870 [1/1] (0.00ns)   --->   "%br_ln70 = br void %arrayidx1266.exit3906.i" [./conv.h:70->top_wrapper.cpp:123]   --->   Operation 870 'br' 'br_ln70' <Predicate = (icmp_ln56_1 & s_mem_o_i == 22 & s_mem_o_depth_i == 1)> <Delay = 0.00>
ST_12 : Operation 871 [1/1] (0.00ns)   --->   "%br_ln70 = br void %arrayidx1266.exit3906.i" [./conv.h:70->top_wrapper.cpp:123]   --->   Operation 871 'br' 'br_ln70' <Predicate = (icmp_ln56_1 & s_mem_o_i == 22 & s_mem_o_depth_i == 0)> <Delay = 0.00>
ST_12 : Operation 872 [1/1] (0.00ns)   --->   "%br_ln70 = br void %arrayidx1266.exit3906.i" [./conv.h:70->top_wrapper.cpp:123]   --->   Operation 872 'br' 'br_ln70' <Predicate = (icmp_ln56_1 & s_mem_o_i == 22 & s_mem_o_depth_i != 0 & s_mem_o_depth_i != 1 & s_mem_o_depth_i != 2 & s_mem_o_depth_i != 3 & s_mem_o_depth_i != 4 & s_mem_o_depth_i != 5 & s_mem_o_depth_i != 6 & s_mem_o_depth_i != 7 & s_mem_o_depth_i != 8 & s_mem_o_depth_i != 9 & s_mem_o_depth_i != 10 & s_mem_o_depth_i != 11 & s_mem_o_depth_i != 12 & s_mem_o_depth_i != 13 & s_mem_o_depth_i != 14 & s_mem_o_depth_i != 15 & s_mem_o_depth_i != 16)> <Delay = 0.00>
ST_12 : Operation 873 [1/1] (0.00ns)   --->   "%br_ln70 = br void %arrayidx1266.exit3886.i" [./conv.h:70->top_wrapper.cpp:123]   --->   Operation 873 'br' 'br_ln70' <Predicate = (icmp_ln56_1 & s_mem_o_i == 21 & s_mem_o_depth_i == 16)> <Delay = 0.00>
ST_12 : Operation 874 [1/1] (0.00ns)   --->   "%br_ln70 = br void %arrayidx1266.exit3886.i" [./conv.h:70->top_wrapper.cpp:123]   --->   Operation 874 'br' 'br_ln70' <Predicate = (icmp_ln56_1 & s_mem_o_i == 21 & s_mem_o_depth_i == 15)> <Delay = 0.00>
ST_12 : Operation 875 [1/1] (0.00ns)   --->   "%br_ln70 = br void %arrayidx1266.exit3886.i" [./conv.h:70->top_wrapper.cpp:123]   --->   Operation 875 'br' 'br_ln70' <Predicate = (icmp_ln56_1 & s_mem_o_i == 21 & s_mem_o_depth_i == 14)> <Delay = 0.00>
ST_12 : Operation 876 [1/1] (0.00ns)   --->   "%br_ln70 = br void %arrayidx1266.exit3886.i" [./conv.h:70->top_wrapper.cpp:123]   --->   Operation 876 'br' 'br_ln70' <Predicate = (icmp_ln56_1 & s_mem_o_i == 21 & s_mem_o_depth_i == 13)> <Delay = 0.00>
ST_12 : Operation 877 [1/1] (0.00ns)   --->   "%br_ln70 = br void %arrayidx1266.exit3886.i" [./conv.h:70->top_wrapper.cpp:123]   --->   Operation 877 'br' 'br_ln70' <Predicate = (icmp_ln56_1 & s_mem_o_i == 21 & s_mem_o_depth_i == 12)> <Delay = 0.00>
ST_12 : Operation 878 [1/1] (0.00ns)   --->   "%br_ln70 = br void %arrayidx1266.exit3886.i" [./conv.h:70->top_wrapper.cpp:123]   --->   Operation 878 'br' 'br_ln70' <Predicate = (icmp_ln56_1 & s_mem_o_i == 21 & s_mem_o_depth_i == 11)> <Delay = 0.00>
ST_12 : Operation 879 [1/1] (0.00ns)   --->   "%br_ln70 = br void %arrayidx1266.exit3886.i" [./conv.h:70->top_wrapper.cpp:123]   --->   Operation 879 'br' 'br_ln70' <Predicate = (icmp_ln56_1 & s_mem_o_i == 21 & s_mem_o_depth_i == 10)> <Delay = 0.00>
ST_12 : Operation 880 [1/1] (0.00ns)   --->   "%br_ln70 = br void %arrayidx1266.exit3886.i" [./conv.h:70->top_wrapper.cpp:123]   --->   Operation 880 'br' 'br_ln70' <Predicate = (icmp_ln56_1 & s_mem_o_i == 21 & s_mem_o_depth_i == 9)> <Delay = 0.00>
ST_12 : Operation 881 [1/1] (0.00ns)   --->   "%br_ln70 = br void %arrayidx1266.exit3886.i" [./conv.h:70->top_wrapper.cpp:123]   --->   Operation 881 'br' 'br_ln70' <Predicate = (icmp_ln56_1 & s_mem_o_i == 21 & s_mem_o_depth_i == 8)> <Delay = 0.00>
ST_12 : Operation 882 [1/1] (0.00ns)   --->   "%br_ln70 = br void %arrayidx1266.exit3886.i" [./conv.h:70->top_wrapper.cpp:123]   --->   Operation 882 'br' 'br_ln70' <Predicate = (icmp_ln56_1 & s_mem_o_i == 21 & s_mem_o_depth_i == 7)> <Delay = 0.00>
ST_12 : Operation 883 [1/1] (0.00ns)   --->   "%br_ln70 = br void %arrayidx1266.exit3886.i" [./conv.h:70->top_wrapper.cpp:123]   --->   Operation 883 'br' 'br_ln70' <Predicate = (icmp_ln56_1 & s_mem_o_i == 21 & s_mem_o_depth_i == 6)> <Delay = 0.00>
ST_12 : Operation 884 [1/1] (0.00ns)   --->   "%br_ln70 = br void %arrayidx1266.exit3886.i" [./conv.h:70->top_wrapper.cpp:123]   --->   Operation 884 'br' 'br_ln70' <Predicate = (icmp_ln56_1 & s_mem_o_i == 21 & s_mem_o_depth_i == 5)> <Delay = 0.00>
ST_12 : Operation 885 [1/1] (0.00ns)   --->   "%br_ln70 = br void %arrayidx1266.exit3886.i" [./conv.h:70->top_wrapper.cpp:123]   --->   Operation 885 'br' 'br_ln70' <Predicate = (icmp_ln56_1 & s_mem_o_i == 21 & s_mem_o_depth_i == 4)> <Delay = 0.00>
ST_12 : Operation 886 [1/1] (0.00ns)   --->   "%br_ln70 = br void %arrayidx1266.exit3886.i" [./conv.h:70->top_wrapper.cpp:123]   --->   Operation 886 'br' 'br_ln70' <Predicate = (icmp_ln56_1 & s_mem_o_i == 21 & s_mem_o_depth_i == 3)> <Delay = 0.00>
ST_12 : Operation 887 [1/1] (0.00ns)   --->   "%br_ln70 = br void %arrayidx1266.exit3886.i" [./conv.h:70->top_wrapper.cpp:123]   --->   Operation 887 'br' 'br_ln70' <Predicate = (icmp_ln56_1 & s_mem_o_i == 21 & s_mem_o_depth_i == 2)> <Delay = 0.00>
ST_12 : Operation 888 [1/1] (0.00ns)   --->   "%br_ln70 = br void %arrayidx1266.exit3886.i" [./conv.h:70->top_wrapper.cpp:123]   --->   Operation 888 'br' 'br_ln70' <Predicate = (icmp_ln56_1 & s_mem_o_i == 21 & s_mem_o_depth_i == 1)> <Delay = 0.00>
ST_12 : Operation 889 [1/1] (0.00ns)   --->   "%br_ln70 = br void %arrayidx1266.exit3886.i" [./conv.h:70->top_wrapper.cpp:123]   --->   Operation 889 'br' 'br_ln70' <Predicate = (icmp_ln56_1 & s_mem_o_i == 21 & s_mem_o_depth_i == 0)> <Delay = 0.00>
ST_12 : Operation 890 [1/1] (0.00ns)   --->   "%br_ln70 = br void %arrayidx1266.exit3886.i" [./conv.h:70->top_wrapper.cpp:123]   --->   Operation 890 'br' 'br_ln70' <Predicate = (icmp_ln56_1 & s_mem_o_i == 21 & s_mem_o_depth_i != 0 & s_mem_o_depth_i != 1 & s_mem_o_depth_i != 2 & s_mem_o_depth_i != 3 & s_mem_o_depth_i != 4 & s_mem_o_depth_i != 5 & s_mem_o_depth_i != 6 & s_mem_o_depth_i != 7 & s_mem_o_depth_i != 8 & s_mem_o_depth_i != 9 & s_mem_o_depth_i != 10 & s_mem_o_depth_i != 11 & s_mem_o_depth_i != 12 & s_mem_o_depth_i != 13 & s_mem_o_depth_i != 14 & s_mem_o_depth_i != 15 & s_mem_o_depth_i != 16)> <Delay = 0.00>
ST_12 : Operation 891 [1/1] (0.00ns)   --->   "%br_ln70 = br void %arrayidx1266.exit3866.i" [./conv.h:70->top_wrapper.cpp:123]   --->   Operation 891 'br' 'br_ln70' <Predicate = (icmp_ln56_1 & s_mem_o_i == 20 & s_mem_o_depth_i == 16)> <Delay = 0.00>
ST_12 : Operation 892 [1/1] (0.00ns)   --->   "%br_ln70 = br void %arrayidx1266.exit3866.i" [./conv.h:70->top_wrapper.cpp:123]   --->   Operation 892 'br' 'br_ln70' <Predicate = (icmp_ln56_1 & s_mem_o_i == 20 & s_mem_o_depth_i == 15)> <Delay = 0.00>
ST_12 : Operation 893 [1/1] (0.00ns)   --->   "%br_ln70 = br void %arrayidx1266.exit3866.i" [./conv.h:70->top_wrapper.cpp:123]   --->   Operation 893 'br' 'br_ln70' <Predicate = (icmp_ln56_1 & s_mem_o_i == 20 & s_mem_o_depth_i == 14)> <Delay = 0.00>
ST_12 : Operation 894 [1/1] (0.00ns)   --->   "%br_ln70 = br void %arrayidx1266.exit3866.i" [./conv.h:70->top_wrapper.cpp:123]   --->   Operation 894 'br' 'br_ln70' <Predicate = (icmp_ln56_1 & s_mem_o_i == 20 & s_mem_o_depth_i == 13)> <Delay = 0.00>
ST_12 : Operation 895 [1/1] (0.00ns)   --->   "%br_ln70 = br void %arrayidx1266.exit3866.i" [./conv.h:70->top_wrapper.cpp:123]   --->   Operation 895 'br' 'br_ln70' <Predicate = (icmp_ln56_1 & s_mem_o_i == 20 & s_mem_o_depth_i == 12)> <Delay = 0.00>
ST_12 : Operation 896 [1/1] (0.00ns)   --->   "%br_ln70 = br void %arrayidx1266.exit3866.i" [./conv.h:70->top_wrapper.cpp:123]   --->   Operation 896 'br' 'br_ln70' <Predicate = (icmp_ln56_1 & s_mem_o_i == 20 & s_mem_o_depth_i == 11)> <Delay = 0.00>
ST_12 : Operation 897 [1/1] (0.00ns)   --->   "%br_ln70 = br void %arrayidx1266.exit3866.i" [./conv.h:70->top_wrapper.cpp:123]   --->   Operation 897 'br' 'br_ln70' <Predicate = (icmp_ln56_1 & s_mem_o_i == 20 & s_mem_o_depth_i == 10)> <Delay = 0.00>
ST_12 : Operation 898 [1/1] (0.00ns)   --->   "%br_ln70 = br void %arrayidx1266.exit3866.i" [./conv.h:70->top_wrapper.cpp:123]   --->   Operation 898 'br' 'br_ln70' <Predicate = (icmp_ln56_1 & s_mem_o_i == 20 & s_mem_o_depth_i == 9)> <Delay = 0.00>
ST_12 : Operation 899 [1/1] (0.00ns)   --->   "%br_ln70 = br void %arrayidx1266.exit3866.i" [./conv.h:70->top_wrapper.cpp:123]   --->   Operation 899 'br' 'br_ln70' <Predicate = (icmp_ln56_1 & s_mem_o_i == 20 & s_mem_o_depth_i == 8)> <Delay = 0.00>
ST_12 : Operation 900 [1/1] (0.00ns)   --->   "%br_ln70 = br void %arrayidx1266.exit3866.i" [./conv.h:70->top_wrapper.cpp:123]   --->   Operation 900 'br' 'br_ln70' <Predicate = (icmp_ln56_1 & s_mem_o_i == 20 & s_mem_o_depth_i == 7)> <Delay = 0.00>
ST_12 : Operation 901 [1/1] (0.00ns)   --->   "%br_ln70 = br void %arrayidx1266.exit3866.i" [./conv.h:70->top_wrapper.cpp:123]   --->   Operation 901 'br' 'br_ln70' <Predicate = (icmp_ln56_1 & s_mem_o_i == 20 & s_mem_o_depth_i == 6)> <Delay = 0.00>
ST_12 : Operation 902 [1/1] (0.00ns)   --->   "%br_ln70 = br void %arrayidx1266.exit3866.i" [./conv.h:70->top_wrapper.cpp:123]   --->   Operation 902 'br' 'br_ln70' <Predicate = (icmp_ln56_1 & s_mem_o_i == 20 & s_mem_o_depth_i == 5)> <Delay = 0.00>
ST_12 : Operation 903 [1/1] (0.00ns)   --->   "%br_ln70 = br void %arrayidx1266.exit3866.i" [./conv.h:70->top_wrapper.cpp:123]   --->   Operation 903 'br' 'br_ln70' <Predicate = (icmp_ln56_1 & s_mem_o_i == 20 & s_mem_o_depth_i == 4)> <Delay = 0.00>
ST_12 : Operation 904 [1/1] (0.00ns)   --->   "%br_ln70 = br void %arrayidx1266.exit3866.i" [./conv.h:70->top_wrapper.cpp:123]   --->   Operation 904 'br' 'br_ln70' <Predicate = (icmp_ln56_1 & s_mem_o_i == 20 & s_mem_o_depth_i == 3)> <Delay = 0.00>
ST_12 : Operation 905 [1/1] (0.00ns)   --->   "%br_ln70 = br void %arrayidx1266.exit3866.i" [./conv.h:70->top_wrapper.cpp:123]   --->   Operation 905 'br' 'br_ln70' <Predicate = (icmp_ln56_1 & s_mem_o_i == 20 & s_mem_o_depth_i == 2)> <Delay = 0.00>
ST_12 : Operation 906 [1/1] (0.00ns)   --->   "%br_ln70 = br void %arrayidx1266.exit3866.i" [./conv.h:70->top_wrapper.cpp:123]   --->   Operation 906 'br' 'br_ln70' <Predicate = (icmp_ln56_1 & s_mem_o_i == 20 & s_mem_o_depth_i == 1)> <Delay = 0.00>
ST_12 : Operation 907 [1/1] (0.00ns)   --->   "%br_ln70 = br void %arrayidx1266.exit3866.i" [./conv.h:70->top_wrapper.cpp:123]   --->   Operation 907 'br' 'br_ln70' <Predicate = (icmp_ln56_1 & s_mem_o_i == 20 & s_mem_o_depth_i == 0)> <Delay = 0.00>
ST_12 : Operation 908 [1/1] (0.00ns)   --->   "%br_ln70 = br void %arrayidx1266.exit3866.i" [./conv.h:70->top_wrapper.cpp:123]   --->   Operation 908 'br' 'br_ln70' <Predicate = (icmp_ln56_1 & s_mem_o_i == 20 & s_mem_o_depth_i != 0 & s_mem_o_depth_i != 1 & s_mem_o_depth_i != 2 & s_mem_o_depth_i != 3 & s_mem_o_depth_i != 4 & s_mem_o_depth_i != 5 & s_mem_o_depth_i != 6 & s_mem_o_depth_i != 7 & s_mem_o_depth_i != 8 & s_mem_o_depth_i != 9 & s_mem_o_depth_i != 10 & s_mem_o_depth_i != 11 & s_mem_o_depth_i != 12 & s_mem_o_depth_i != 13 & s_mem_o_depth_i != 14 & s_mem_o_depth_i != 15 & s_mem_o_depth_i != 16)> <Delay = 0.00>
ST_12 : Operation 909 [1/1] (0.00ns)   --->   "%br_ln70 = br void %arrayidx1266.exit3846.i" [./conv.h:70->top_wrapper.cpp:123]   --->   Operation 909 'br' 'br_ln70' <Predicate = (icmp_ln56_1 & s_mem_o_i == 19 & s_mem_o_depth_i == 16)> <Delay = 0.00>
ST_12 : Operation 910 [1/1] (0.00ns)   --->   "%br_ln70 = br void %arrayidx1266.exit3846.i" [./conv.h:70->top_wrapper.cpp:123]   --->   Operation 910 'br' 'br_ln70' <Predicate = (icmp_ln56_1 & s_mem_o_i == 19 & s_mem_o_depth_i == 15)> <Delay = 0.00>
ST_12 : Operation 911 [1/1] (0.00ns)   --->   "%br_ln70 = br void %arrayidx1266.exit3846.i" [./conv.h:70->top_wrapper.cpp:123]   --->   Operation 911 'br' 'br_ln70' <Predicate = (icmp_ln56_1 & s_mem_o_i == 19 & s_mem_o_depth_i == 14)> <Delay = 0.00>
ST_12 : Operation 912 [1/1] (0.00ns)   --->   "%br_ln70 = br void %arrayidx1266.exit3846.i" [./conv.h:70->top_wrapper.cpp:123]   --->   Operation 912 'br' 'br_ln70' <Predicate = (icmp_ln56_1 & s_mem_o_i == 19 & s_mem_o_depth_i == 13)> <Delay = 0.00>
ST_12 : Operation 913 [1/1] (0.00ns)   --->   "%br_ln70 = br void %arrayidx1266.exit3846.i" [./conv.h:70->top_wrapper.cpp:123]   --->   Operation 913 'br' 'br_ln70' <Predicate = (icmp_ln56_1 & s_mem_o_i == 19 & s_mem_o_depth_i == 12)> <Delay = 0.00>
ST_12 : Operation 914 [1/1] (0.00ns)   --->   "%br_ln70 = br void %arrayidx1266.exit3846.i" [./conv.h:70->top_wrapper.cpp:123]   --->   Operation 914 'br' 'br_ln70' <Predicate = (icmp_ln56_1 & s_mem_o_i == 19 & s_mem_o_depth_i == 11)> <Delay = 0.00>
ST_12 : Operation 915 [1/1] (0.00ns)   --->   "%br_ln70 = br void %arrayidx1266.exit3846.i" [./conv.h:70->top_wrapper.cpp:123]   --->   Operation 915 'br' 'br_ln70' <Predicate = (icmp_ln56_1 & s_mem_o_i == 19 & s_mem_o_depth_i == 10)> <Delay = 0.00>
ST_12 : Operation 916 [1/1] (0.00ns)   --->   "%br_ln70 = br void %arrayidx1266.exit3846.i" [./conv.h:70->top_wrapper.cpp:123]   --->   Operation 916 'br' 'br_ln70' <Predicate = (icmp_ln56_1 & s_mem_o_i == 19 & s_mem_o_depth_i == 9)> <Delay = 0.00>
ST_12 : Operation 917 [1/1] (0.00ns)   --->   "%br_ln70 = br void %arrayidx1266.exit3846.i" [./conv.h:70->top_wrapper.cpp:123]   --->   Operation 917 'br' 'br_ln70' <Predicate = (icmp_ln56_1 & s_mem_o_i == 19 & s_mem_o_depth_i == 8)> <Delay = 0.00>
ST_12 : Operation 918 [1/1] (0.00ns)   --->   "%br_ln70 = br void %arrayidx1266.exit3846.i" [./conv.h:70->top_wrapper.cpp:123]   --->   Operation 918 'br' 'br_ln70' <Predicate = (icmp_ln56_1 & s_mem_o_i == 19 & s_mem_o_depth_i == 7)> <Delay = 0.00>
ST_12 : Operation 919 [1/1] (0.00ns)   --->   "%br_ln70 = br void %arrayidx1266.exit3846.i" [./conv.h:70->top_wrapper.cpp:123]   --->   Operation 919 'br' 'br_ln70' <Predicate = (icmp_ln56_1 & s_mem_o_i == 19 & s_mem_o_depth_i == 6)> <Delay = 0.00>
ST_12 : Operation 920 [1/1] (0.00ns)   --->   "%br_ln70 = br void %arrayidx1266.exit3846.i" [./conv.h:70->top_wrapper.cpp:123]   --->   Operation 920 'br' 'br_ln70' <Predicate = (icmp_ln56_1 & s_mem_o_i == 19 & s_mem_o_depth_i == 5)> <Delay = 0.00>
ST_12 : Operation 921 [1/1] (0.00ns)   --->   "%br_ln70 = br void %arrayidx1266.exit3846.i" [./conv.h:70->top_wrapper.cpp:123]   --->   Operation 921 'br' 'br_ln70' <Predicate = (icmp_ln56_1 & s_mem_o_i == 19 & s_mem_o_depth_i == 4)> <Delay = 0.00>
ST_12 : Operation 922 [1/1] (0.00ns)   --->   "%br_ln70 = br void %arrayidx1266.exit3846.i" [./conv.h:70->top_wrapper.cpp:123]   --->   Operation 922 'br' 'br_ln70' <Predicate = (icmp_ln56_1 & s_mem_o_i == 19 & s_mem_o_depth_i == 3)> <Delay = 0.00>
ST_12 : Operation 923 [1/1] (0.00ns)   --->   "%br_ln70 = br void %arrayidx1266.exit3846.i" [./conv.h:70->top_wrapper.cpp:123]   --->   Operation 923 'br' 'br_ln70' <Predicate = (icmp_ln56_1 & s_mem_o_i == 19 & s_mem_o_depth_i == 2)> <Delay = 0.00>
ST_12 : Operation 924 [1/1] (0.00ns)   --->   "%br_ln70 = br void %arrayidx1266.exit3846.i" [./conv.h:70->top_wrapper.cpp:123]   --->   Operation 924 'br' 'br_ln70' <Predicate = (icmp_ln56_1 & s_mem_o_i == 19 & s_mem_o_depth_i == 1)> <Delay = 0.00>
ST_12 : Operation 925 [1/1] (0.00ns)   --->   "%br_ln70 = br void %arrayidx1266.exit3846.i" [./conv.h:70->top_wrapper.cpp:123]   --->   Operation 925 'br' 'br_ln70' <Predicate = (icmp_ln56_1 & s_mem_o_i == 19 & s_mem_o_depth_i == 0)> <Delay = 0.00>
ST_12 : Operation 926 [1/1] (0.00ns)   --->   "%br_ln70 = br void %arrayidx1266.exit3846.i" [./conv.h:70->top_wrapper.cpp:123]   --->   Operation 926 'br' 'br_ln70' <Predicate = (icmp_ln56_1 & s_mem_o_i == 19 & s_mem_o_depth_i != 0 & s_mem_o_depth_i != 1 & s_mem_o_depth_i != 2 & s_mem_o_depth_i != 3 & s_mem_o_depth_i != 4 & s_mem_o_depth_i != 5 & s_mem_o_depth_i != 6 & s_mem_o_depth_i != 7 & s_mem_o_depth_i != 8 & s_mem_o_depth_i != 9 & s_mem_o_depth_i != 10 & s_mem_o_depth_i != 11 & s_mem_o_depth_i != 12 & s_mem_o_depth_i != 13 & s_mem_o_depth_i != 14 & s_mem_o_depth_i != 15 & s_mem_o_depth_i != 16)> <Delay = 0.00>
ST_12 : Operation 927 [1/1] (0.00ns)   --->   "%br_ln70 = br void %arrayidx1266.exit3826.i" [./conv.h:70->top_wrapper.cpp:123]   --->   Operation 927 'br' 'br_ln70' <Predicate = (icmp_ln56_1 & s_mem_o_i == 18 & s_mem_o_depth_i == 16)> <Delay = 0.00>
ST_12 : Operation 928 [1/1] (0.00ns)   --->   "%br_ln70 = br void %arrayidx1266.exit3826.i" [./conv.h:70->top_wrapper.cpp:123]   --->   Operation 928 'br' 'br_ln70' <Predicate = (icmp_ln56_1 & s_mem_o_i == 18 & s_mem_o_depth_i == 15)> <Delay = 0.00>
ST_12 : Operation 929 [1/1] (0.00ns)   --->   "%br_ln70 = br void %arrayidx1266.exit3826.i" [./conv.h:70->top_wrapper.cpp:123]   --->   Operation 929 'br' 'br_ln70' <Predicate = (icmp_ln56_1 & s_mem_o_i == 18 & s_mem_o_depth_i == 14)> <Delay = 0.00>
ST_12 : Operation 930 [1/1] (0.00ns)   --->   "%br_ln70 = br void %arrayidx1266.exit3826.i" [./conv.h:70->top_wrapper.cpp:123]   --->   Operation 930 'br' 'br_ln70' <Predicate = (icmp_ln56_1 & s_mem_o_i == 18 & s_mem_o_depth_i == 13)> <Delay = 0.00>
ST_12 : Operation 931 [1/1] (0.00ns)   --->   "%br_ln70 = br void %arrayidx1266.exit3826.i" [./conv.h:70->top_wrapper.cpp:123]   --->   Operation 931 'br' 'br_ln70' <Predicate = (icmp_ln56_1 & s_mem_o_i == 18 & s_mem_o_depth_i == 12)> <Delay = 0.00>
ST_12 : Operation 932 [1/1] (0.00ns)   --->   "%br_ln70 = br void %arrayidx1266.exit3826.i" [./conv.h:70->top_wrapper.cpp:123]   --->   Operation 932 'br' 'br_ln70' <Predicate = (icmp_ln56_1 & s_mem_o_i == 18 & s_mem_o_depth_i == 11)> <Delay = 0.00>
ST_12 : Operation 933 [1/1] (0.00ns)   --->   "%br_ln70 = br void %arrayidx1266.exit3826.i" [./conv.h:70->top_wrapper.cpp:123]   --->   Operation 933 'br' 'br_ln70' <Predicate = (icmp_ln56_1 & s_mem_o_i == 18 & s_mem_o_depth_i == 10)> <Delay = 0.00>
ST_12 : Operation 934 [1/1] (0.00ns)   --->   "%br_ln70 = br void %arrayidx1266.exit3826.i" [./conv.h:70->top_wrapper.cpp:123]   --->   Operation 934 'br' 'br_ln70' <Predicate = (icmp_ln56_1 & s_mem_o_i == 18 & s_mem_o_depth_i == 9)> <Delay = 0.00>
ST_12 : Operation 935 [1/1] (0.00ns)   --->   "%br_ln70 = br void %arrayidx1266.exit3826.i" [./conv.h:70->top_wrapper.cpp:123]   --->   Operation 935 'br' 'br_ln70' <Predicate = (icmp_ln56_1 & s_mem_o_i == 18 & s_mem_o_depth_i == 8)> <Delay = 0.00>
ST_12 : Operation 936 [1/1] (0.00ns)   --->   "%br_ln70 = br void %arrayidx1266.exit3826.i" [./conv.h:70->top_wrapper.cpp:123]   --->   Operation 936 'br' 'br_ln70' <Predicate = (icmp_ln56_1 & s_mem_o_i == 18 & s_mem_o_depth_i == 7)> <Delay = 0.00>
ST_12 : Operation 937 [1/1] (0.00ns)   --->   "%br_ln70 = br void %arrayidx1266.exit3826.i" [./conv.h:70->top_wrapper.cpp:123]   --->   Operation 937 'br' 'br_ln70' <Predicate = (icmp_ln56_1 & s_mem_o_i == 18 & s_mem_o_depth_i == 6)> <Delay = 0.00>
ST_12 : Operation 938 [1/1] (0.00ns)   --->   "%br_ln70 = br void %arrayidx1266.exit3826.i" [./conv.h:70->top_wrapper.cpp:123]   --->   Operation 938 'br' 'br_ln70' <Predicate = (icmp_ln56_1 & s_mem_o_i == 18 & s_mem_o_depth_i == 5)> <Delay = 0.00>
ST_12 : Operation 939 [1/1] (0.00ns)   --->   "%br_ln70 = br void %arrayidx1266.exit3826.i" [./conv.h:70->top_wrapper.cpp:123]   --->   Operation 939 'br' 'br_ln70' <Predicate = (icmp_ln56_1 & s_mem_o_i == 18 & s_mem_o_depth_i == 4)> <Delay = 0.00>
ST_12 : Operation 940 [1/1] (0.00ns)   --->   "%br_ln70 = br void %arrayidx1266.exit3826.i" [./conv.h:70->top_wrapper.cpp:123]   --->   Operation 940 'br' 'br_ln70' <Predicate = (icmp_ln56_1 & s_mem_o_i == 18 & s_mem_o_depth_i == 3)> <Delay = 0.00>
ST_12 : Operation 941 [1/1] (0.00ns)   --->   "%br_ln70 = br void %arrayidx1266.exit3826.i" [./conv.h:70->top_wrapper.cpp:123]   --->   Operation 941 'br' 'br_ln70' <Predicate = (icmp_ln56_1 & s_mem_o_i == 18 & s_mem_o_depth_i == 2)> <Delay = 0.00>
ST_12 : Operation 942 [1/1] (0.00ns)   --->   "%br_ln70 = br void %arrayidx1266.exit3826.i" [./conv.h:70->top_wrapper.cpp:123]   --->   Operation 942 'br' 'br_ln70' <Predicate = (icmp_ln56_1 & s_mem_o_i == 18 & s_mem_o_depth_i == 1)> <Delay = 0.00>
ST_12 : Operation 943 [1/1] (0.00ns)   --->   "%br_ln70 = br void %arrayidx1266.exit3826.i" [./conv.h:70->top_wrapper.cpp:123]   --->   Operation 943 'br' 'br_ln70' <Predicate = (icmp_ln56_1 & s_mem_o_i == 18 & s_mem_o_depth_i == 0)> <Delay = 0.00>
ST_12 : Operation 944 [1/1] (0.00ns)   --->   "%br_ln70 = br void %arrayidx1266.exit3826.i" [./conv.h:70->top_wrapper.cpp:123]   --->   Operation 944 'br' 'br_ln70' <Predicate = (icmp_ln56_1 & s_mem_o_i == 18 & s_mem_o_depth_i != 0 & s_mem_o_depth_i != 1 & s_mem_o_depth_i != 2 & s_mem_o_depth_i != 3 & s_mem_o_depth_i != 4 & s_mem_o_depth_i != 5 & s_mem_o_depth_i != 6 & s_mem_o_depth_i != 7 & s_mem_o_depth_i != 8 & s_mem_o_depth_i != 9 & s_mem_o_depth_i != 10 & s_mem_o_depth_i != 11 & s_mem_o_depth_i != 12 & s_mem_o_depth_i != 13 & s_mem_o_depth_i != 14 & s_mem_o_depth_i != 15 & s_mem_o_depth_i != 16)> <Delay = 0.00>
ST_12 : Operation 945 [1/1] (0.00ns)   --->   "%br_ln70 = br void %arrayidx1266.exit3806.i" [./conv.h:70->top_wrapper.cpp:123]   --->   Operation 945 'br' 'br_ln70' <Predicate = (icmp_ln56_1 & s_mem_o_i == 17 & s_mem_o_depth_i == 16)> <Delay = 0.00>
ST_12 : Operation 946 [1/1] (0.00ns)   --->   "%br_ln70 = br void %arrayidx1266.exit3806.i" [./conv.h:70->top_wrapper.cpp:123]   --->   Operation 946 'br' 'br_ln70' <Predicate = (icmp_ln56_1 & s_mem_o_i == 17 & s_mem_o_depth_i == 15)> <Delay = 0.00>
ST_12 : Operation 947 [1/1] (0.00ns)   --->   "%br_ln70 = br void %arrayidx1266.exit3806.i" [./conv.h:70->top_wrapper.cpp:123]   --->   Operation 947 'br' 'br_ln70' <Predicate = (icmp_ln56_1 & s_mem_o_i == 17 & s_mem_o_depth_i == 14)> <Delay = 0.00>
ST_12 : Operation 948 [1/1] (0.00ns)   --->   "%br_ln70 = br void %arrayidx1266.exit3806.i" [./conv.h:70->top_wrapper.cpp:123]   --->   Operation 948 'br' 'br_ln70' <Predicate = (icmp_ln56_1 & s_mem_o_i == 17 & s_mem_o_depth_i == 13)> <Delay = 0.00>
ST_12 : Operation 949 [1/1] (0.00ns)   --->   "%br_ln70 = br void %arrayidx1266.exit3806.i" [./conv.h:70->top_wrapper.cpp:123]   --->   Operation 949 'br' 'br_ln70' <Predicate = (icmp_ln56_1 & s_mem_o_i == 17 & s_mem_o_depth_i == 12)> <Delay = 0.00>
ST_12 : Operation 950 [1/1] (0.00ns)   --->   "%br_ln70 = br void %arrayidx1266.exit3806.i" [./conv.h:70->top_wrapper.cpp:123]   --->   Operation 950 'br' 'br_ln70' <Predicate = (icmp_ln56_1 & s_mem_o_i == 17 & s_mem_o_depth_i == 11)> <Delay = 0.00>
ST_12 : Operation 951 [1/1] (0.00ns)   --->   "%br_ln70 = br void %arrayidx1266.exit3806.i" [./conv.h:70->top_wrapper.cpp:123]   --->   Operation 951 'br' 'br_ln70' <Predicate = (icmp_ln56_1 & s_mem_o_i == 17 & s_mem_o_depth_i == 10)> <Delay = 0.00>
ST_12 : Operation 952 [1/1] (0.00ns)   --->   "%br_ln70 = br void %arrayidx1266.exit3806.i" [./conv.h:70->top_wrapper.cpp:123]   --->   Operation 952 'br' 'br_ln70' <Predicate = (icmp_ln56_1 & s_mem_o_i == 17 & s_mem_o_depth_i == 9)> <Delay = 0.00>
ST_12 : Operation 953 [1/1] (0.00ns)   --->   "%br_ln70 = br void %arrayidx1266.exit3806.i" [./conv.h:70->top_wrapper.cpp:123]   --->   Operation 953 'br' 'br_ln70' <Predicate = (icmp_ln56_1 & s_mem_o_i == 17 & s_mem_o_depth_i == 8)> <Delay = 0.00>
ST_12 : Operation 954 [1/1] (0.00ns)   --->   "%br_ln70 = br void %arrayidx1266.exit3806.i" [./conv.h:70->top_wrapper.cpp:123]   --->   Operation 954 'br' 'br_ln70' <Predicate = (icmp_ln56_1 & s_mem_o_i == 17 & s_mem_o_depth_i == 7)> <Delay = 0.00>
ST_12 : Operation 955 [1/1] (0.00ns)   --->   "%br_ln70 = br void %arrayidx1266.exit3806.i" [./conv.h:70->top_wrapper.cpp:123]   --->   Operation 955 'br' 'br_ln70' <Predicate = (icmp_ln56_1 & s_mem_o_i == 17 & s_mem_o_depth_i == 6)> <Delay = 0.00>
ST_12 : Operation 956 [1/1] (0.00ns)   --->   "%br_ln70 = br void %arrayidx1266.exit3806.i" [./conv.h:70->top_wrapper.cpp:123]   --->   Operation 956 'br' 'br_ln70' <Predicate = (icmp_ln56_1 & s_mem_o_i == 17 & s_mem_o_depth_i == 5)> <Delay = 0.00>
ST_12 : Operation 957 [1/1] (0.00ns)   --->   "%br_ln70 = br void %arrayidx1266.exit3806.i" [./conv.h:70->top_wrapper.cpp:123]   --->   Operation 957 'br' 'br_ln70' <Predicate = (icmp_ln56_1 & s_mem_o_i == 17 & s_mem_o_depth_i == 4)> <Delay = 0.00>
ST_12 : Operation 958 [1/1] (0.00ns)   --->   "%br_ln70 = br void %arrayidx1266.exit3806.i" [./conv.h:70->top_wrapper.cpp:123]   --->   Operation 958 'br' 'br_ln70' <Predicate = (icmp_ln56_1 & s_mem_o_i == 17 & s_mem_o_depth_i == 3)> <Delay = 0.00>
ST_12 : Operation 959 [1/1] (0.00ns)   --->   "%br_ln70 = br void %arrayidx1266.exit3806.i" [./conv.h:70->top_wrapper.cpp:123]   --->   Operation 959 'br' 'br_ln70' <Predicate = (icmp_ln56_1 & s_mem_o_i == 17 & s_mem_o_depth_i == 2)> <Delay = 0.00>
ST_12 : Operation 960 [1/1] (0.00ns)   --->   "%br_ln70 = br void %arrayidx1266.exit3806.i" [./conv.h:70->top_wrapper.cpp:123]   --->   Operation 960 'br' 'br_ln70' <Predicate = (icmp_ln56_1 & s_mem_o_i == 17 & s_mem_o_depth_i == 1)> <Delay = 0.00>
ST_12 : Operation 961 [1/1] (0.00ns)   --->   "%br_ln70 = br void %arrayidx1266.exit3806.i" [./conv.h:70->top_wrapper.cpp:123]   --->   Operation 961 'br' 'br_ln70' <Predicate = (icmp_ln56_1 & s_mem_o_i == 17 & s_mem_o_depth_i == 0)> <Delay = 0.00>
ST_12 : Operation 962 [1/1] (0.00ns)   --->   "%br_ln70 = br void %arrayidx1266.exit3806.i" [./conv.h:70->top_wrapper.cpp:123]   --->   Operation 962 'br' 'br_ln70' <Predicate = (icmp_ln56_1 & s_mem_o_i == 17 & s_mem_o_depth_i != 0 & s_mem_o_depth_i != 1 & s_mem_o_depth_i != 2 & s_mem_o_depth_i != 3 & s_mem_o_depth_i != 4 & s_mem_o_depth_i != 5 & s_mem_o_depth_i != 6 & s_mem_o_depth_i != 7 & s_mem_o_depth_i != 8 & s_mem_o_depth_i != 9 & s_mem_o_depth_i != 10 & s_mem_o_depth_i != 11 & s_mem_o_depth_i != 12 & s_mem_o_depth_i != 13 & s_mem_o_depth_i != 14 & s_mem_o_depth_i != 15 & s_mem_o_depth_i != 16)> <Delay = 0.00>
ST_12 : Operation 963 [1/1] (0.00ns)   --->   "%br_ln70 = br void %arrayidx1266.exit3786.i" [./conv.h:70->top_wrapper.cpp:123]   --->   Operation 963 'br' 'br_ln70' <Predicate = (icmp_ln56_1 & s_mem_o_i == 16 & s_mem_o_depth_i == 16)> <Delay = 0.00>
ST_12 : Operation 964 [1/1] (0.00ns)   --->   "%br_ln70 = br void %arrayidx1266.exit3786.i" [./conv.h:70->top_wrapper.cpp:123]   --->   Operation 964 'br' 'br_ln70' <Predicate = (icmp_ln56_1 & s_mem_o_i == 16 & s_mem_o_depth_i == 15)> <Delay = 0.00>
ST_12 : Operation 965 [1/1] (0.00ns)   --->   "%br_ln70 = br void %arrayidx1266.exit3786.i" [./conv.h:70->top_wrapper.cpp:123]   --->   Operation 965 'br' 'br_ln70' <Predicate = (icmp_ln56_1 & s_mem_o_i == 16 & s_mem_o_depth_i == 14)> <Delay = 0.00>
ST_12 : Operation 966 [1/1] (0.00ns)   --->   "%br_ln70 = br void %arrayidx1266.exit3786.i" [./conv.h:70->top_wrapper.cpp:123]   --->   Operation 966 'br' 'br_ln70' <Predicate = (icmp_ln56_1 & s_mem_o_i == 16 & s_mem_o_depth_i == 13)> <Delay = 0.00>
ST_12 : Operation 967 [1/1] (0.00ns)   --->   "%br_ln70 = br void %arrayidx1266.exit3786.i" [./conv.h:70->top_wrapper.cpp:123]   --->   Operation 967 'br' 'br_ln70' <Predicate = (icmp_ln56_1 & s_mem_o_i == 16 & s_mem_o_depth_i == 12)> <Delay = 0.00>
ST_12 : Operation 968 [1/1] (0.00ns)   --->   "%br_ln70 = br void %arrayidx1266.exit3786.i" [./conv.h:70->top_wrapper.cpp:123]   --->   Operation 968 'br' 'br_ln70' <Predicate = (icmp_ln56_1 & s_mem_o_i == 16 & s_mem_o_depth_i == 11)> <Delay = 0.00>
ST_12 : Operation 969 [1/1] (0.00ns)   --->   "%br_ln70 = br void %arrayidx1266.exit3786.i" [./conv.h:70->top_wrapper.cpp:123]   --->   Operation 969 'br' 'br_ln70' <Predicate = (icmp_ln56_1 & s_mem_o_i == 16 & s_mem_o_depth_i == 10)> <Delay = 0.00>
ST_12 : Operation 970 [1/1] (0.00ns)   --->   "%br_ln70 = br void %arrayidx1266.exit3786.i" [./conv.h:70->top_wrapper.cpp:123]   --->   Operation 970 'br' 'br_ln70' <Predicate = (icmp_ln56_1 & s_mem_o_i == 16 & s_mem_o_depth_i == 9)> <Delay = 0.00>
ST_12 : Operation 971 [1/1] (0.00ns)   --->   "%br_ln70 = br void %arrayidx1266.exit3786.i" [./conv.h:70->top_wrapper.cpp:123]   --->   Operation 971 'br' 'br_ln70' <Predicate = (icmp_ln56_1 & s_mem_o_i == 16 & s_mem_o_depth_i == 8)> <Delay = 0.00>
ST_12 : Operation 972 [1/1] (0.00ns)   --->   "%br_ln70 = br void %arrayidx1266.exit3786.i" [./conv.h:70->top_wrapper.cpp:123]   --->   Operation 972 'br' 'br_ln70' <Predicate = (icmp_ln56_1 & s_mem_o_i == 16 & s_mem_o_depth_i == 7)> <Delay = 0.00>
ST_12 : Operation 973 [1/1] (0.00ns)   --->   "%br_ln70 = br void %arrayidx1266.exit3786.i" [./conv.h:70->top_wrapper.cpp:123]   --->   Operation 973 'br' 'br_ln70' <Predicate = (icmp_ln56_1 & s_mem_o_i == 16 & s_mem_o_depth_i == 6)> <Delay = 0.00>
ST_12 : Operation 974 [1/1] (0.00ns)   --->   "%br_ln70 = br void %arrayidx1266.exit3786.i" [./conv.h:70->top_wrapper.cpp:123]   --->   Operation 974 'br' 'br_ln70' <Predicate = (icmp_ln56_1 & s_mem_o_i == 16 & s_mem_o_depth_i == 5)> <Delay = 0.00>
ST_12 : Operation 975 [1/1] (0.00ns)   --->   "%br_ln70 = br void %arrayidx1266.exit3786.i" [./conv.h:70->top_wrapper.cpp:123]   --->   Operation 975 'br' 'br_ln70' <Predicate = (icmp_ln56_1 & s_mem_o_i == 16 & s_mem_o_depth_i == 4)> <Delay = 0.00>
ST_12 : Operation 976 [1/1] (0.00ns)   --->   "%br_ln70 = br void %arrayidx1266.exit3786.i" [./conv.h:70->top_wrapper.cpp:123]   --->   Operation 976 'br' 'br_ln70' <Predicate = (icmp_ln56_1 & s_mem_o_i == 16 & s_mem_o_depth_i == 3)> <Delay = 0.00>
ST_12 : Operation 977 [1/1] (0.00ns)   --->   "%br_ln70 = br void %arrayidx1266.exit3786.i" [./conv.h:70->top_wrapper.cpp:123]   --->   Operation 977 'br' 'br_ln70' <Predicate = (icmp_ln56_1 & s_mem_o_i == 16 & s_mem_o_depth_i == 2)> <Delay = 0.00>
ST_12 : Operation 978 [1/1] (0.00ns)   --->   "%br_ln70 = br void %arrayidx1266.exit3786.i" [./conv.h:70->top_wrapper.cpp:123]   --->   Operation 978 'br' 'br_ln70' <Predicate = (icmp_ln56_1 & s_mem_o_i == 16 & s_mem_o_depth_i == 1)> <Delay = 0.00>
ST_12 : Operation 979 [1/1] (0.00ns)   --->   "%br_ln70 = br void %arrayidx1266.exit3786.i" [./conv.h:70->top_wrapper.cpp:123]   --->   Operation 979 'br' 'br_ln70' <Predicate = (icmp_ln56_1 & s_mem_o_i == 16 & s_mem_o_depth_i == 0)> <Delay = 0.00>
ST_12 : Operation 980 [1/1] (0.00ns)   --->   "%br_ln70 = br void %arrayidx1266.exit3786.i" [./conv.h:70->top_wrapper.cpp:123]   --->   Operation 980 'br' 'br_ln70' <Predicate = (icmp_ln56_1 & s_mem_o_i == 16 & s_mem_o_depth_i != 0 & s_mem_o_depth_i != 1 & s_mem_o_depth_i != 2 & s_mem_o_depth_i != 3 & s_mem_o_depth_i != 4 & s_mem_o_depth_i != 5 & s_mem_o_depth_i != 6 & s_mem_o_depth_i != 7 & s_mem_o_depth_i != 8 & s_mem_o_depth_i != 9 & s_mem_o_depth_i != 10 & s_mem_o_depth_i != 11 & s_mem_o_depth_i != 12 & s_mem_o_depth_i != 13 & s_mem_o_depth_i != 14 & s_mem_o_depth_i != 15 & s_mem_o_depth_i != 16)> <Delay = 0.00>
ST_12 : Operation 981 [1/1] (0.00ns)   --->   "%br_ln70 = br void %arrayidx1266.exit3766.i" [./conv.h:70->top_wrapper.cpp:123]   --->   Operation 981 'br' 'br_ln70' <Predicate = (icmp_ln56_1 & s_mem_o_i == 15 & s_mem_o_depth_i == 16)> <Delay = 0.00>
ST_12 : Operation 982 [1/1] (0.00ns)   --->   "%br_ln70 = br void %arrayidx1266.exit3766.i" [./conv.h:70->top_wrapper.cpp:123]   --->   Operation 982 'br' 'br_ln70' <Predicate = (icmp_ln56_1 & s_mem_o_i == 15 & s_mem_o_depth_i == 15)> <Delay = 0.00>
ST_12 : Operation 983 [1/1] (0.00ns)   --->   "%br_ln70 = br void %arrayidx1266.exit3766.i" [./conv.h:70->top_wrapper.cpp:123]   --->   Operation 983 'br' 'br_ln70' <Predicate = (icmp_ln56_1 & s_mem_o_i == 15 & s_mem_o_depth_i == 14)> <Delay = 0.00>
ST_12 : Operation 984 [1/1] (0.00ns)   --->   "%br_ln70 = br void %arrayidx1266.exit3766.i" [./conv.h:70->top_wrapper.cpp:123]   --->   Operation 984 'br' 'br_ln70' <Predicate = (icmp_ln56_1 & s_mem_o_i == 15 & s_mem_o_depth_i == 13)> <Delay = 0.00>
ST_12 : Operation 985 [1/1] (0.00ns)   --->   "%br_ln70 = br void %arrayidx1266.exit3766.i" [./conv.h:70->top_wrapper.cpp:123]   --->   Operation 985 'br' 'br_ln70' <Predicate = (icmp_ln56_1 & s_mem_o_i == 15 & s_mem_o_depth_i == 12)> <Delay = 0.00>
ST_12 : Operation 986 [1/1] (0.00ns)   --->   "%br_ln70 = br void %arrayidx1266.exit3766.i" [./conv.h:70->top_wrapper.cpp:123]   --->   Operation 986 'br' 'br_ln70' <Predicate = (icmp_ln56_1 & s_mem_o_i == 15 & s_mem_o_depth_i == 11)> <Delay = 0.00>
ST_12 : Operation 987 [1/1] (0.00ns)   --->   "%br_ln70 = br void %arrayidx1266.exit3766.i" [./conv.h:70->top_wrapper.cpp:123]   --->   Operation 987 'br' 'br_ln70' <Predicate = (icmp_ln56_1 & s_mem_o_i == 15 & s_mem_o_depth_i == 10)> <Delay = 0.00>
ST_12 : Operation 988 [1/1] (0.00ns)   --->   "%br_ln70 = br void %arrayidx1266.exit3766.i" [./conv.h:70->top_wrapper.cpp:123]   --->   Operation 988 'br' 'br_ln70' <Predicate = (icmp_ln56_1 & s_mem_o_i == 15 & s_mem_o_depth_i == 9)> <Delay = 0.00>
ST_12 : Operation 989 [1/1] (0.00ns)   --->   "%br_ln70 = br void %arrayidx1266.exit3766.i" [./conv.h:70->top_wrapper.cpp:123]   --->   Operation 989 'br' 'br_ln70' <Predicate = (icmp_ln56_1 & s_mem_o_i == 15 & s_mem_o_depth_i == 8)> <Delay = 0.00>
ST_12 : Operation 990 [1/1] (0.00ns)   --->   "%br_ln70 = br void %arrayidx1266.exit3766.i" [./conv.h:70->top_wrapper.cpp:123]   --->   Operation 990 'br' 'br_ln70' <Predicate = (icmp_ln56_1 & s_mem_o_i == 15 & s_mem_o_depth_i == 7)> <Delay = 0.00>
ST_12 : Operation 991 [1/1] (0.00ns)   --->   "%br_ln70 = br void %arrayidx1266.exit3766.i" [./conv.h:70->top_wrapper.cpp:123]   --->   Operation 991 'br' 'br_ln70' <Predicate = (icmp_ln56_1 & s_mem_o_i == 15 & s_mem_o_depth_i == 6)> <Delay = 0.00>
ST_12 : Operation 992 [1/1] (0.00ns)   --->   "%br_ln70 = br void %arrayidx1266.exit3766.i" [./conv.h:70->top_wrapper.cpp:123]   --->   Operation 992 'br' 'br_ln70' <Predicate = (icmp_ln56_1 & s_mem_o_i == 15 & s_mem_o_depth_i == 5)> <Delay = 0.00>
ST_12 : Operation 993 [1/1] (0.00ns)   --->   "%br_ln70 = br void %arrayidx1266.exit3766.i" [./conv.h:70->top_wrapper.cpp:123]   --->   Operation 993 'br' 'br_ln70' <Predicate = (icmp_ln56_1 & s_mem_o_i == 15 & s_mem_o_depth_i == 4)> <Delay = 0.00>
ST_12 : Operation 994 [1/1] (0.00ns)   --->   "%br_ln70 = br void %arrayidx1266.exit3766.i" [./conv.h:70->top_wrapper.cpp:123]   --->   Operation 994 'br' 'br_ln70' <Predicate = (icmp_ln56_1 & s_mem_o_i == 15 & s_mem_o_depth_i == 3)> <Delay = 0.00>
ST_12 : Operation 995 [1/1] (0.00ns)   --->   "%br_ln70 = br void %arrayidx1266.exit3766.i" [./conv.h:70->top_wrapper.cpp:123]   --->   Operation 995 'br' 'br_ln70' <Predicate = (icmp_ln56_1 & s_mem_o_i == 15 & s_mem_o_depth_i == 2)> <Delay = 0.00>
ST_12 : Operation 996 [1/1] (0.00ns)   --->   "%br_ln70 = br void %arrayidx1266.exit3766.i" [./conv.h:70->top_wrapper.cpp:123]   --->   Operation 996 'br' 'br_ln70' <Predicate = (icmp_ln56_1 & s_mem_o_i == 15 & s_mem_o_depth_i == 1)> <Delay = 0.00>
ST_12 : Operation 997 [1/1] (0.00ns)   --->   "%br_ln70 = br void %arrayidx1266.exit3766.i" [./conv.h:70->top_wrapper.cpp:123]   --->   Operation 997 'br' 'br_ln70' <Predicate = (icmp_ln56_1 & s_mem_o_i == 15 & s_mem_o_depth_i == 0)> <Delay = 0.00>
ST_12 : Operation 998 [1/1] (0.00ns)   --->   "%br_ln70 = br void %arrayidx1266.exit3766.i" [./conv.h:70->top_wrapper.cpp:123]   --->   Operation 998 'br' 'br_ln70' <Predicate = (icmp_ln56_1 & s_mem_o_i == 15 & s_mem_o_depth_i != 0 & s_mem_o_depth_i != 1 & s_mem_o_depth_i != 2 & s_mem_o_depth_i != 3 & s_mem_o_depth_i != 4 & s_mem_o_depth_i != 5 & s_mem_o_depth_i != 6 & s_mem_o_depth_i != 7 & s_mem_o_depth_i != 8 & s_mem_o_depth_i != 9 & s_mem_o_depth_i != 10 & s_mem_o_depth_i != 11 & s_mem_o_depth_i != 12 & s_mem_o_depth_i != 13 & s_mem_o_depth_i != 14 & s_mem_o_depth_i != 15 & s_mem_o_depth_i != 16)> <Delay = 0.00>
ST_12 : Operation 999 [1/1] (0.00ns)   --->   "%br_ln70 = br void %arrayidx1266.exit3746.i" [./conv.h:70->top_wrapper.cpp:123]   --->   Operation 999 'br' 'br_ln70' <Predicate = (icmp_ln56_1 & s_mem_o_i == 14 & s_mem_o_depth_i == 16)> <Delay = 0.00>
ST_12 : Operation 1000 [1/1] (0.00ns)   --->   "%br_ln70 = br void %arrayidx1266.exit3746.i" [./conv.h:70->top_wrapper.cpp:123]   --->   Operation 1000 'br' 'br_ln70' <Predicate = (icmp_ln56_1 & s_mem_o_i == 14 & s_mem_o_depth_i == 15)> <Delay = 0.00>
ST_12 : Operation 1001 [1/1] (0.00ns)   --->   "%br_ln70 = br void %arrayidx1266.exit3746.i" [./conv.h:70->top_wrapper.cpp:123]   --->   Operation 1001 'br' 'br_ln70' <Predicate = (icmp_ln56_1 & s_mem_o_i == 14 & s_mem_o_depth_i == 14)> <Delay = 0.00>
ST_12 : Operation 1002 [1/1] (0.00ns)   --->   "%br_ln70 = br void %arrayidx1266.exit3746.i" [./conv.h:70->top_wrapper.cpp:123]   --->   Operation 1002 'br' 'br_ln70' <Predicate = (icmp_ln56_1 & s_mem_o_i == 14 & s_mem_o_depth_i == 13)> <Delay = 0.00>
ST_12 : Operation 1003 [1/1] (0.00ns)   --->   "%br_ln70 = br void %arrayidx1266.exit3746.i" [./conv.h:70->top_wrapper.cpp:123]   --->   Operation 1003 'br' 'br_ln70' <Predicate = (icmp_ln56_1 & s_mem_o_i == 14 & s_mem_o_depth_i == 12)> <Delay = 0.00>
ST_12 : Operation 1004 [1/1] (0.00ns)   --->   "%br_ln70 = br void %arrayidx1266.exit3746.i" [./conv.h:70->top_wrapper.cpp:123]   --->   Operation 1004 'br' 'br_ln70' <Predicate = (icmp_ln56_1 & s_mem_o_i == 14 & s_mem_o_depth_i == 11)> <Delay = 0.00>
ST_12 : Operation 1005 [1/1] (0.00ns)   --->   "%br_ln70 = br void %arrayidx1266.exit3746.i" [./conv.h:70->top_wrapper.cpp:123]   --->   Operation 1005 'br' 'br_ln70' <Predicate = (icmp_ln56_1 & s_mem_o_i == 14 & s_mem_o_depth_i == 10)> <Delay = 0.00>
ST_12 : Operation 1006 [1/1] (0.00ns)   --->   "%br_ln70 = br void %arrayidx1266.exit3746.i" [./conv.h:70->top_wrapper.cpp:123]   --->   Operation 1006 'br' 'br_ln70' <Predicate = (icmp_ln56_1 & s_mem_o_i == 14 & s_mem_o_depth_i == 9)> <Delay = 0.00>
ST_12 : Operation 1007 [1/1] (0.00ns)   --->   "%br_ln70 = br void %arrayidx1266.exit3746.i" [./conv.h:70->top_wrapper.cpp:123]   --->   Operation 1007 'br' 'br_ln70' <Predicate = (icmp_ln56_1 & s_mem_o_i == 14 & s_mem_o_depth_i == 8)> <Delay = 0.00>
ST_12 : Operation 1008 [1/1] (0.00ns)   --->   "%br_ln70 = br void %arrayidx1266.exit3746.i" [./conv.h:70->top_wrapper.cpp:123]   --->   Operation 1008 'br' 'br_ln70' <Predicate = (icmp_ln56_1 & s_mem_o_i == 14 & s_mem_o_depth_i == 7)> <Delay = 0.00>
ST_12 : Operation 1009 [1/1] (0.00ns)   --->   "%br_ln70 = br void %arrayidx1266.exit3746.i" [./conv.h:70->top_wrapper.cpp:123]   --->   Operation 1009 'br' 'br_ln70' <Predicate = (icmp_ln56_1 & s_mem_o_i == 14 & s_mem_o_depth_i == 6)> <Delay = 0.00>
ST_12 : Operation 1010 [1/1] (0.00ns)   --->   "%br_ln70 = br void %arrayidx1266.exit3746.i" [./conv.h:70->top_wrapper.cpp:123]   --->   Operation 1010 'br' 'br_ln70' <Predicate = (icmp_ln56_1 & s_mem_o_i == 14 & s_mem_o_depth_i == 5)> <Delay = 0.00>
ST_12 : Operation 1011 [1/1] (0.00ns)   --->   "%br_ln70 = br void %arrayidx1266.exit3746.i" [./conv.h:70->top_wrapper.cpp:123]   --->   Operation 1011 'br' 'br_ln70' <Predicate = (icmp_ln56_1 & s_mem_o_i == 14 & s_mem_o_depth_i == 4)> <Delay = 0.00>
ST_12 : Operation 1012 [1/1] (0.00ns)   --->   "%br_ln70 = br void %arrayidx1266.exit3746.i" [./conv.h:70->top_wrapper.cpp:123]   --->   Operation 1012 'br' 'br_ln70' <Predicate = (icmp_ln56_1 & s_mem_o_i == 14 & s_mem_o_depth_i == 3)> <Delay = 0.00>
ST_12 : Operation 1013 [1/1] (0.00ns)   --->   "%br_ln70 = br void %arrayidx1266.exit3746.i" [./conv.h:70->top_wrapper.cpp:123]   --->   Operation 1013 'br' 'br_ln70' <Predicate = (icmp_ln56_1 & s_mem_o_i == 14 & s_mem_o_depth_i == 2)> <Delay = 0.00>
ST_12 : Operation 1014 [1/1] (0.00ns)   --->   "%br_ln70 = br void %arrayidx1266.exit3746.i" [./conv.h:70->top_wrapper.cpp:123]   --->   Operation 1014 'br' 'br_ln70' <Predicate = (icmp_ln56_1 & s_mem_o_i == 14 & s_mem_o_depth_i == 1)> <Delay = 0.00>
ST_12 : Operation 1015 [1/1] (0.00ns)   --->   "%br_ln70 = br void %arrayidx1266.exit3746.i" [./conv.h:70->top_wrapper.cpp:123]   --->   Operation 1015 'br' 'br_ln70' <Predicate = (icmp_ln56_1 & s_mem_o_i == 14 & s_mem_o_depth_i == 0)> <Delay = 0.00>
ST_12 : Operation 1016 [1/1] (0.00ns)   --->   "%br_ln70 = br void %arrayidx1266.exit3746.i" [./conv.h:70->top_wrapper.cpp:123]   --->   Operation 1016 'br' 'br_ln70' <Predicate = (icmp_ln56_1 & s_mem_o_i == 14 & s_mem_o_depth_i != 0 & s_mem_o_depth_i != 1 & s_mem_o_depth_i != 2 & s_mem_o_depth_i != 3 & s_mem_o_depth_i != 4 & s_mem_o_depth_i != 5 & s_mem_o_depth_i != 6 & s_mem_o_depth_i != 7 & s_mem_o_depth_i != 8 & s_mem_o_depth_i != 9 & s_mem_o_depth_i != 10 & s_mem_o_depth_i != 11 & s_mem_o_depth_i != 12 & s_mem_o_depth_i != 13 & s_mem_o_depth_i != 14 & s_mem_o_depth_i != 15 & s_mem_o_depth_i != 16)> <Delay = 0.00>
ST_12 : Operation 1017 [1/1] (0.00ns)   --->   "%br_ln70 = br void %arrayidx1266.exit3726.i" [./conv.h:70->top_wrapper.cpp:123]   --->   Operation 1017 'br' 'br_ln70' <Predicate = (icmp_ln56_1 & s_mem_o_i == 13 & s_mem_o_depth_i == 16)> <Delay = 0.00>
ST_12 : Operation 1018 [1/1] (0.00ns)   --->   "%br_ln70 = br void %arrayidx1266.exit3726.i" [./conv.h:70->top_wrapper.cpp:123]   --->   Operation 1018 'br' 'br_ln70' <Predicate = (icmp_ln56_1 & s_mem_o_i == 13 & s_mem_o_depth_i == 15)> <Delay = 0.00>
ST_12 : Operation 1019 [1/1] (0.00ns)   --->   "%br_ln70 = br void %arrayidx1266.exit3726.i" [./conv.h:70->top_wrapper.cpp:123]   --->   Operation 1019 'br' 'br_ln70' <Predicate = (icmp_ln56_1 & s_mem_o_i == 13 & s_mem_o_depth_i == 14)> <Delay = 0.00>
ST_12 : Operation 1020 [1/1] (0.00ns)   --->   "%br_ln70 = br void %arrayidx1266.exit3726.i" [./conv.h:70->top_wrapper.cpp:123]   --->   Operation 1020 'br' 'br_ln70' <Predicate = (icmp_ln56_1 & s_mem_o_i == 13 & s_mem_o_depth_i == 13)> <Delay = 0.00>
ST_12 : Operation 1021 [1/1] (0.00ns)   --->   "%br_ln70 = br void %arrayidx1266.exit3726.i" [./conv.h:70->top_wrapper.cpp:123]   --->   Operation 1021 'br' 'br_ln70' <Predicate = (icmp_ln56_1 & s_mem_o_i == 13 & s_mem_o_depth_i == 12)> <Delay = 0.00>
ST_12 : Operation 1022 [1/1] (0.00ns)   --->   "%br_ln70 = br void %arrayidx1266.exit3726.i" [./conv.h:70->top_wrapper.cpp:123]   --->   Operation 1022 'br' 'br_ln70' <Predicate = (icmp_ln56_1 & s_mem_o_i == 13 & s_mem_o_depth_i == 11)> <Delay = 0.00>
ST_12 : Operation 1023 [1/1] (0.00ns)   --->   "%br_ln70 = br void %arrayidx1266.exit3726.i" [./conv.h:70->top_wrapper.cpp:123]   --->   Operation 1023 'br' 'br_ln70' <Predicate = (icmp_ln56_1 & s_mem_o_i == 13 & s_mem_o_depth_i == 10)> <Delay = 0.00>
ST_12 : Operation 1024 [1/1] (0.00ns)   --->   "%br_ln70 = br void %arrayidx1266.exit3726.i" [./conv.h:70->top_wrapper.cpp:123]   --->   Operation 1024 'br' 'br_ln70' <Predicate = (icmp_ln56_1 & s_mem_o_i == 13 & s_mem_o_depth_i == 9)> <Delay = 0.00>
ST_12 : Operation 1025 [1/1] (0.00ns)   --->   "%br_ln70 = br void %arrayidx1266.exit3726.i" [./conv.h:70->top_wrapper.cpp:123]   --->   Operation 1025 'br' 'br_ln70' <Predicate = (icmp_ln56_1 & s_mem_o_i == 13 & s_mem_o_depth_i == 8)> <Delay = 0.00>
ST_12 : Operation 1026 [1/1] (0.00ns)   --->   "%br_ln70 = br void %arrayidx1266.exit3726.i" [./conv.h:70->top_wrapper.cpp:123]   --->   Operation 1026 'br' 'br_ln70' <Predicate = (icmp_ln56_1 & s_mem_o_i == 13 & s_mem_o_depth_i == 7)> <Delay = 0.00>
ST_12 : Operation 1027 [1/1] (0.00ns)   --->   "%br_ln70 = br void %arrayidx1266.exit3726.i" [./conv.h:70->top_wrapper.cpp:123]   --->   Operation 1027 'br' 'br_ln70' <Predicate = (icmp_ln56_1 & s_mem_o_i == 13 & s_mem_o_depth_i == 6)> <Delay = 0.00>
ST_12 : Operation 1028 [1/1] (0.00ns)   --->   "%br_ln70 = br void %arrayidx1266.exit3726.i" [./conv.h:70->top_wrapper.cpp:123]   --->   Operation 1028 'br' 'br_ln70' <Predicate = (icmp_ln56_1 & s_mem_o_i == 13 & s_mem_o_depth_i == 5)> <Delay = 0.00>
ST_12 : Operation 1029 [1/1] (0.00ns)   --->   "%br_ln70 = br void %arrayidx1266.exit3726.i" [./conv.h:70->top_wrapper.cpp:123]   --->   Operation 1029 'br' 'br_ln70' <Predicate = (icmp_ln56_1 & s_mem_o_i == 13 & s_mem_o_depth_i == 4)> <Delay = 0.00>
ST_12 : Operation 1030 [1/1] (0.00ns)   --->   "%br_ln70 = br void %arrayidx1266.exit3726.i" [./conv.h:70->top_wrapper.cpp:123]   --->   Operation 1030 'br' 'br_ln70' <Predicate = (icmp_ln56_1 & s_mem_o_i == 13 & s_mem_o_depth_i == 3)> <Delay = 0.00>
ST_12 : Operation 1031 [1/1] (0.00ns)   --->   "%br_ln70 = br void %arrayidx1266.exit3726.i" [./conv.h:70->top_wrapper.cpp:123]   --->   Operation 1031 'br' 'br_ln70' <Predicate = (icmp_ln56_1 & s_mem_o_i == 13 & s_mem_o_depth_i == 2)> <Delay = 0.00>
ST_12 : Operation 1032 [1/1] (0.00ns)   --->   "%br_ln70 = br void %arrayidx1266.exit3726.i" [./conv.h:70->top_wrapper.cpp:123]   --->   Operation 1032 'br' 'br_ln70' <Predicate = (icmp_ln56_1 & s_mem_o_i == 13 & s_mem_o_depth_i == 1)> <Delay = 0.00>
ST_12 : Operation 1033 [1/1] (0.00ns)   --->   "%br_ln70 = br void %arrayidx1266.exit3726.i" [./conv.h:70->top_wrapper.cpp:123]   --->   Operation 1033 'br' 'br_ln70' <Predicate = (icmp_ln56_1 & s_mem_o_i == 13 & s_mem_o_depth_i == 0)> <Delay = 0.00>
ST_12 : Operation 1034 [1/1] (0.00ns)   --->   "%br_ln70 = br void %arrayidx1266.exit3726.i" [./conv.h:70->top_wrapper.cpp:123]   --->   Operation 1034 'br' 'br_ln70' <Predicate = (icmp_ln56_1 & s_mem_o_i == 13 & s_mem_o_depth_i != 0 & s_mem_o_depth_i != 1 & s_mem_o_depth_i != 2 & s_mem_o_depth_i != 3 & s_mem_o_depth_i != 4 & s_mem_o_depth_i != 5 & s_mem_o_depth_i != 6 & s_mem_o_depth_i != 7 & s_mem_o_depth_i != 8 & s_mem_o_depth_i != 9 & s_mem_o_depth_i != 10 & s_mem_o_depth_i != 11 & s_mem_o_depth_i != 12 & s_mem_o_depth_i != 13 & s_mem_o_depth_i != 14 & s_mem_o_depth_i != 15 & s_mem_o_depth_i != 16)> <Delay = 0.00>
ST_12 : Operation 1035 [1/1] (0.00ns)   --->   "%br_ln70 = br void %arrayidx1266.exit3706.i" [./conv.h:70->top_wrapper.cpp:123]   --->   Operation 1035 'br' 'br_ln70' <Predicate = (icmp_ln56_1 & s_mem_o_i == 12 & s_mem_o_depth_i == 16)> <Delay = 0.00>
ST_12 : Operation 1036 [1/1] (0.00ns)   --->   "%br_ln70 = br void %arrayidx1266.exit3706.i" [./conv.h:70->top_wrapper.cpp:123]   --->   Operation 1036 'br' 'br_ln70' <Predicate = (icmp_ln56_1 & s_mem_o_i == 12 & s_mem_o_depth_i == 15)> <Delay = 0.00>
ST_12 : Operation 1037 [1/1] (0.00ns)   --->   "%br_ln70 = br void %arrayidx1266.exit3706.i" [./conv.h:70->top_wrapper.cpp:123]   --->   Operation 1037 'br' 'br_ln70' <Predicate = (icmp_ln56_1 & s_mem_o_i == 12 & s_mem_o_depth_i == 14)> <Delay = 0.00>
ST_12 : Operation 1038 [1/1] (0.00ns)   --->   "%br_ln70 = br void %arrayidx1266.exit3706.i" [./conv.h:70->top_wrapper.cpp:123]   --->   Operation 1038 'br' 'br_ln70' <Predicate = (icmp_ln56_1 & s_mem_o_i == 12 & s_mem_o_depth_i == 13)> <Delay = 0.00>
ST_12 : Operation 1039 [1/1] (0.00ns)   --->   "%br_ln70 = br void %arrayidx1266.exit3706.i" [./conv.h:70->top_wrapper.cpp:123]   --->   Operation 1039 'br' 'br_ln70' <Predicate = (icmp_ln56_1 & s_mem_o_i == 12 & s_mem_o_depth_i == 12)> <Delay = 0.00>
ST_12 : Operation 1040 [1/1] (0.00ns)   --->   "%br_ln70 = br void %arrayidx1266.exit3706.i" [./conv.h:70->top_wrapper.cpp:123]   --->   Operation 1040 'br' 'br_ln70' <Predicate = (icmp_ln56_1 & s_mem_o_i == 12 & s_mem_o_depth_i == 11)> <Delay = 0.00>
ST_12 : Operation 1041 [1/1] (0.00ns)   --->   "%br_ln70 = br void %arrayidx1266.exit3706.i" [./conv.h:70->top_wrapper.cpp:123]   --->   Operation 1041 'br' 'br_ln70' <Predicate = (icmp_ln56_1 & s_mem_o_i == 12 & s_mem_o_depth_i == 10)> <Delay = 0.00>
ST_12 : Operation 1042 [1/1] (0.00ns)   --->   "%br_ln70 = br void %arrayidx1266.exit3706.i" [./conv.h:70->top_wrapper.cpp:123]   --->   Operation 1042 'br' 'br_ln70' <Predicate = (icmp_ln56_1 & s_mem_o_i == 12 & s_mem_o_depth_i == 9)> <Delay = 0.00>
ST_12 : Operation 1043 [1/1] (0.00ns)   --->   "%br_ln70 = br void %arrayidx1266.exit3706.i" [./conv.h:70->top_wrapper.cpp:123]   --->   Operation 1043 'br' 'br_ln70' <Predicate = (icmp_ln56_1 & s_mem_o_i == 12 & s_mem_o_depth_i == 8)> <Delay = 0.00>
ST_12 : Operation 1044 [1/1] (0.00ns)   --->   "%br_ln70 = br void %arrayidx1266.exit3706.i" [./conv.h:70->top_wrapper.cpp:123]   --->   Operation 1044 'br' 'br_ln70' <Predicate = (icmp_ln56_1 & s_mem_o_i == 12 & s_mem_o_depth_i == 7)> <Delay = 0.00>
ST_12 : Operation 1045 [1/1] (0.00ns)   --->   "%br_ln70 = br void %arrayidx1266.exit3706.i" [./conv.h:70->top_wrapper.cpp:123]   --->   Operation 1045 'br' 'br_ln70' <Predicate = (icmp_ln56_1 & s_mem_o_i == 12 & s_mem_o_depth_i == 6)> <Delay = 0.00>
ST_12 : Operation 1046 [1/1] (0.00ns)   --->   "%br_ln70 = br void %arrayidx1266.exit3706.i" [./conv.h:70->top_wrapper.cpp:123]   --->   Operation 1046 'br' 'br_ln70' <Predicate = (icmp_ln56_1 & s_mem_o_i == 12 & s_mem_o_depth_i == 5)> <Delay = 0.00>
ST_12 : Operation 1047 [1/1] (0.00ns)   --->   "%br_ln70 = br void %arrayidx1266.exit3706.i" [./conv.h:70->top_wrapper.cpp:123]   --->   Operation 1047 'br' 'br_ln70' <Predicate = (icmp_ln56_1 & s_mem_o_i == 12 & s_mem_o_depth_i == 4)> <Delay = 0.00>
ST_12 : Operation 1048 [1/1] (0.00ns)   --->   "%br_ln70 = br void %arrayidx1266.exit3706.i" [./conv.h:70->top_wrapper.cpp:123]   --->   Operation 1048 'br' 'br_ln70' <Predicate = (icmp_ln56_1 & s_mem_o_i == 12 & s_mem_o_depth_i == 3)> <Delay = 0.00>
ST_12 : Operation 1049 [1/1] (0.00ns)   --->   "%br_ln70 = br void %arrayidx1266.exit3706.i" [./conv.h:70->top_wrapper.cpp:123]   --->   Operation 1049 'br' 'br_ln70' <Predicate = (icmp_ln56_1 & s_mem_o_i == 12 & s_mem_o_depth_i == 2)> <Delay = 0.00>
ST_12 : Operation 1050 [1/1] (0.00ns)   --->   "%br_ln70 = br void %arrayidx1266.exit3706.i" [./conv.h:70->top_wrapper.cpp:123]   --->   Operation 1050 'br' 'br_ln70' <Predicate = (icmp_ln56_1 & s_mem_o_i == 12 & s_mem_o_depth_i == 1)> <Delay = 0.00>
ST_12 : Operation 1051 [1/1] (0.00ns)   --->   "%br_ln70 = br void %arrayidx1266.exit3706.i" [./conv.h:70->top_wrapper.cpp:123]   --->   Operation 1051 'br' 'br_ln70' <Predicate = (icmp_ln56_1 & s_mem_o_i == 12 & s_mem_o_depth_i == 0)> <Delay = 0.00>
ST_12 : Operation 1052 [1/1] (0.00ns)   --->   "%br_ln70 = br void %arrayidx1266.exit3706.i" [./conv.h:70->top_wrapper.cpp:123]   --->   Operation 1052 'br' 'br_ln70' <Predicate = (icmp_ln56_1 & s_mem_o_i == 12 & s_mem_o_depth_i != 0 & s_mem_o_depth_i != 1 & s_mem_o_depth_i != 2 & s_mem_o_depth_i != 3 & s_mem_o_depth_i != 4 & s_mem_o_depth_i != 5 & s_mem_o_depth_i != 6 & s_mem_o_depth_i != 7 & s_mem_o_depth_i != 8 & s_mem_o_depth_i != 9 & s_mem_o_depth_i != 10 & s_mem_o_depth_i != 11 & s_mem_o_depth_i != 12 & s_mem_o_depth_i != 13 & s_mem_o_depth_i != 14 & s_mem_o_depth_i != 15 & s_mem_o_depth_i != 16)> <Delay = 0.00>
ST_12 : Operation 1053 [1/1] (0.00ns)   --->   "%br_ln70 = br void %arrayidx1266.exit3686.i" [./conv.h:70->top_wrapper.cpp:123]   --->   Operation 1053 'br' 'br_ln70' <Predicate = (icmp_ln56_1 & s_mem_o_i == 11 & s_mem_o_depth_i == 16)> <Delay = 0.00>
ST_12 : Operation 1054 [1/1] (0.00ns)   --->   "%br_ln70 = br void %arrayidx1266.exit3686.i" [./conv.h:70->top_wrapper.cpp:123]   --->   Operation 1054 'br' 'br_ln70' <Predicate = (icmp_ln56_1 & s_mem_o_i == 11 & s_mem_o_depth_i == 15)> <Delay = 0.00>
ST_12 : Operation 1055 [1/1] (0.00ns)   --->   "%br_ln70 = br void %arrayidx1266.exit3686.i" [./conv.h:70->top_wrapper.cpp:123]   --->   Operation 1055 'br' 'br_ln70' <Predicate = (icmp_ln56_1 & s_mem_o_i == 11 & s_mem_o_depth_i == 14)> <Delay = 0.00>
ST_12 : Operation 1056 [1/1] (0.00ns)   --->   "%br_ln70 = br void %arrayidx1266.exit3686.i" [./conv.h:70->top_wrapper.cpp:123]   --->   Operation 1056 'br' 'br_ln70' <Predicate = (icmp_ln56_1 & s_mem_o_i == 11 & s_mem_o_depth_i == 13)> <Delay = 0.00>
ST_12 : Operation 1057 [1/1] (0.00ns)   --->   "%br_ln70 = br void %arrayidx1266.exit3686.i" [./conv.h:70->top_wrapper.cpp:123]   --->   Operation 1057 'br' 'br_ln70' <Predicate = (icmp_ln56_1 & s_mem_o_i == 11 & s_mem_o_depth_i == 12)> <Delay = 0.00>
ST_12 : Operation 1058 [1/1] (0.00ns)   --->   "%br_ln70 = br void %arrayidx1266.exit3686.i" [./conv.h:70->top_wrapper.cpp:123]   --->   Operation 1058 'br' 'br_ln70' <Predicate = (icmp_ln56_1 & s_mem_o_i == 11 & s_mem_o_depth_i == 11)> <Delay = 0.00>
ST_12 : Operation 1059 [1/1] (0.00ns)   --->   "%br_ln70 = br void %arrayidx1266.exit3686.i" [./conv.h:70->top_wrapper.cpp:123]   --->   Operation 1059 'br' 'br_ln70' <Predicate = (icmp_ln56_1 & s_mem_o_i == 11 & s_mem_o_depth_i == 10)> <Delay = 0.00>
ST_12 : Operation 1060 [1/1] (0.00ns)   --->   "%br_ln70 = br void %arrayidx1266.exit3686.i" [./conv.h:70->top_wrapper.cpp:123]   --->   Operation 1060 'br' 'br_ln70' <Predicate = (icmp_ln56_1 & s_mem_o_i == 11 & s_mem_o_depth_i == 9)> <Delay = 0.00>
ST_12 : Operation 1061 [1/1] (0.00ns)   --->   "%br_ln70 = br void %arrayidx1266.exit3686.i" [./conv.h:70->top_wrapper.cpp:123]   --->   Operation 1061 'br' 'br_ln70' <Predicate = (icmp_ln56_1 & s_mem_o_i == 11 & s_mem_o_depth_i == 8)> <Delay = 0.00>
ST_12 : Operation 1062 [1/1] (0.00ns)   --->   "%br_ln70 = br void %arrayidx1266.exit3686.i" [./conv.h:70->top_wrapper.cpp:123]   --->   Operation 1062 'br' 'br_ln70' <Predicate = (icmp_ln56_1 & s_mem_o_i == 11 & s_mem_o_depth_i == 7)> <Delay = 0.00>
ST_12 : Operation 1063 [1/1] (0.00ns)   --->   "%br_ln70 = br void %arrayidx1266.exit3686.i" [./conv.h:70->top_wrapper.cpp:123]   --->   Operation 1063 'br' 'br_ln70' <Predicate = (icmp_ln56_1 & s_mem_o_i == 11 & s_mem_o_depth_i == 6)> <Delay = 0.00>
ST_12 : Operation 1064 [1/1] (0.00ns)   --->   "%br_ln70 = br void %arrayidx1266.exit3686.i" [./conv.h:70->top_wrapper.cpp:123]   --->   Operation 1064 'br' 'br_ln70' <Predicate = (icmp_ln56_1 & s_mem_o_i == 11 & s_mem_o_depth_i == 5)> <Delay = 0.00>
ST_12 : Operation 1065 [1/1] (0.00ns)   --->   "%br_ln70 = br void %arrayidx1266.exit3686.i" [./conv.h:70->top_wrapper.cpp:123]   --->   Operation 1065 'br' 'br_ln70' <Predicate = (icmp_ln56_1 & s_mem_o_i == 11 & s_mem_o_depth_i == 4)> <Delay = 0.00>
ST_12 : Operation 1066 [1/1] (0.00ns)   --->   "%br_ln70 = br void %arrayidx1266.exit3686.i" [./conv.h:70->top_wrapper.cpp:123]   --->   Operation 1066 'br' 'br_ln70' <Predicate = (icmp_ln56_1 & s_mem_o_i == 11 & s_mem_o_depth_i == 3)> <Delay = 0.00>
ST_12 : Operation 1067 [1/1] (0.00ns)   --->   "%br_ln70 = br void %arrayidx1266.exit3686.i" [./conv.h:70->top_wrapper.cpp:123]   --->   Operation 1067 'br' 'br_ln70' <Predicate = (icmp_ln56_1 & s_mem_o_i == 11 & s_mem_o_depth_i == 2)> <Delay = 0.00>
ST_12 : Operation 1068 [1/1] (0.00ns)   --->   "%br_ln70 = br void %arrayidx1266.exit3686.i" [./conv.h:70->top_wrapper.cpp:123]   --->   Operation 1068 'br' 'br_ln70' <Predicate = (icmp_ln56_1 & s_mem_o_i == 11 & s_mem_o_depth_i == 1)> <Delay = 0.00>
ST_12 : Operation 1069 [1/1] (0.00ns)   --->   "%br_ln70 = br void %arrayidx1266.exit3686.i" [./conv.h:70->top_wrapper.cpp:123]   --->   Operation 1069 'br' 'br_ln70' <Predicate = (icmp_ln56_1 & s_mem_o_i == 11 & s_mem_o_depth_i == 0)> <Delay = 0.00>
ST_12 : Operation 1070 [1/1] (0.00ns)   --->   "%br_ln70 = br void %arrayidx1266.exit3686.i" [./conv.h:70->top_wrapper.cpp:123]   --->   Operation 1070 'br' 'br_ln70' <Predicate = (icmp_ln56_1 & s_mem_o_i == 11 & s_mem_o_depth_i != 0 & s_mem_o_depth_i != 1 & s_mem_o_depth_i != 2 & s_mem_o_depth_i != 3 & s_mem_o_depth_i != 4 & s_mem_o_depth_i != 5 & s_mem_o_depth_i != 6 & s_mem_o_depth_i != 7 & s_mem_o_depth_i != 8 & s_mem_o_depth_i != 9 & s_mem_o_depth_i != 10 & s_mem_o_depth_i != 11 & s_mem_o_depth_i != 12 & s_mem_o_depth_i != 13 & s_mem_o_depth_i != 14 & s_mem_o_depth_i != 15 & s_mem_o_depth_i != 16)> <Delay = 0.00>
ST_12 : Operation 1071 [1/1] (0.00ns)   --->   "%br_ln70 = br void %arrayidx1266.exit3666.i" [./conv.h:70->top_wrapper.cpp:123]   --->   Operation 1071 'br' 'br_ln70' <Predicate = (icmp_ln56_1 & s_mem_o_i == 10 & s_mem_o_depth_i == 16)> <Delay = 0.00>
ST_12 : Operation 1072 [1/1] (0.00ns)   --->   "%br_ln70 = br void %arrayidx1266.exit3666.i" [./conv.h:70->top_wrapper.cpp:123]   --->   Operation 1072 'br' 'br_ln70' <Predicate = (icmp_ln56_1 & s_mem_o_i == 10 & s_mem_o_depth_i == 15)> <Delay = 0.00>
ST_12 : Operation 1073 [1/1] (0.00ns)   --->   "%br_ln70 = br void %arrayidx1266.exit3666.i" [./conv.h:70->top_wrapper.cpp:123]   --->   Operation 1073 'br' 'br_ln70' <Predicate = (icmp_ln56_1 & s_mem_o_i == 10 & s_mem_o_depth_i == 14)> <Delay = 0.00>
ST_12 : Operation 1074 [1/1] (0.00ns)   --->   "%br_ln70 = br void %arrayidx1266.exit3666.i" [./conv.h:70->top_wrapper.cpp:123]   --->   Operation 1074 'br' 'br_ln70' <Predicate = (icmp_ln56_1 & s_mem_o_i == 10 & s_mem_o_depth_i == 13)> <Delay = 0.00>
ST_12 : Operation 1075 [1/1] (0.00ns)   --->   "%br_ln70 = br void %arrayidx1266.exit3666.i" [./conv.h:70->top_wrapper.cpp:123]   --->   Operation 1075 'br' 'br_ln70' <Predicate = (icmp_ln56_1 & s_mem_o_i == 10 & s_mem_o_depth_i == 12)> <Delay = 0.00>
ST_12 : Operation 1076 [1/1] (0.00ns)   --->   "%br_ln70 = br void %arrayidx1266.exit3666.i" [./conv.h:70->top_wrapper.cpp:123]   --->   Operation 1076 'br' 'br_ln70' <Predicate = (icmp_ln56_1 & s_mem_o_i == 10 & s_mem_o_depth_i == 11)> <Delay = 0.00>
ST_12 : Operation 1077 [1/1] (0.00ns)   --->   "%br_ln70 = br void %arrayidx1266.exit3666.i" [./conv.h:70->top_wrapper.cpp:123]   --->   Operation 1077 'br' 'br_ln70' <Predicate = (icmp_ln56_1 & s_mem_o_i == 10 & s_mem_o_depth_i == 10)> <Delay = 0.00>
ST_12 : Operation 1078 [1/1] (0.00ns)   --->   "%br_ln70 = br void %arrayidx1266.exit3666.i" [./conv.h:70->top_wrapper.cpp:123]   --->   Operation 1078 'br' 'br_ln70' <Predicate = (icmp_ln56_1 & s_mem_o_i == 10 & s_mem_o_depth_i == 9)> <Delay = 0.00>
ST_12 : Operation 1079 [1/1] (0.00ns)   --->   "%br_ln70 = br void %arrayidx1266.exit3666.i" [./conv.h:70->top_wrapper.cpp:123]   --->   Operation 1079 'br' 'br_ln70' <Predicate = (icmp_ln56_1 & s_mem_o_i == 10 & s_mem_o_depth_i == 8)> <Delay = 0.00>
ST_12 : Operation 1080 [1/1] (0.00ns)   --->   "%br_ln70 = br void %arrayidx1266.exit3666.i" [./conv.h:70->top_wrapper.cpp:123]   --->   Operation 1080 'br' 'br_ln70' <Predicate = (icmp_ln56_1 & s_mem_o_i == 10 & s_mem_o_depth_i == 7)> <Delay = 0.00>
ST_12 : Operation 1081 [1/1] (0.00ns)   --->   "%br_ln70 = br void %arrayidx1266.exit3666.i" [./conv.h:70->top_wrapper.cpp:123]   --->   Operation 1081 'br' 'br_ln70' <Predicate = (icmp_ln56_1 & s_mem_o_i == 10 & s_mem_o_depth_i == 6)> <Delay = 0.00>
ST_12 : Operation 1082 [1/1] (0.00ns)   --->   "%br_ln70 = br void %arrayidx1266.exit3666.i" [./conv.h:70->top_wrapper.cpp:123]   --->   Operation 1082 'br' 'br_ln70' <Predicate = (icmp_ln56_1 & s_mem_o_i == 10 & s_mem_o_depth_i == 5)> <Delay = 0.00>
ST_12 : Operation 1083 [1/1] (0.00ns)   --->   "%br_ln70 = br void %arrayidx1266.exit3666.i" [./conv.h:70->top_wrapper.cpp:123]   --->   Operation 1083 'br' 'br_ln70' <Predicate = (icmp_ln56_1 & s_mem_o_i == 10 & s_mem_o_depth_i == 4)> <Delay = 0.00>
ST_12 : Operation 1084 [1/1] (0.00ns)   --->   "%br_ln70 = br void %arrayidx1266.exit3666.i" [./conv.h:70->top_wrapper.cpp:123]   --->   Operation 1084 'br' 'br_ln70' <Predicate = (icmp_ln56_1 & s_mem_o_i == 10 & s_mem_o_depth_i == 3)> <Delay = 0.00>
ST_12 : Operation 1085 [1/1] (0.00ns)   --->   "%br_ln70 = br void %arrayidx1266.exit3666.i" [./conv.h:70->top_wrapper.cpp:123]   --->   Operation 1085 'br' 'br_ln70' <Predicate = (icmp_ln56_1 & s_mem_o_i == 10 & s_mem_o_depth_i == 2)> <Delay = 0.00>
ST_12 : Operation 1086 [1/1] (0.00ns)   --->   "%br_ln70 = br void %arrayidx1266.exit3666.i" [./conv.h:70->top_wrapper.cpp:123]   --->   Operation 1086 'br' 'br_ln70' <Predicate = (icmp_ln56_1 & s_mem_o_i == 10 & s_mem_o_depth_i == 1)> <Delay = 0.00>
ST_12 : Operation 1087 [1/1] (0.00ns)   --->   "%br_ln70 = br void %arrayidx1266.exit3666.i" [./conv.h:70->top_wrapper.cpp:123]   --->   Operation 1087 'br' 'br_ln70' <Predicate = (icmp_ln56_1 & s_mem_o_i == 10 & s_mem_o_depth_i == 0)> <Delay = 0.00>
ST_12 : Operation 1088 [1/1] (0.00ns)   --->   "%br_ln70 = br void %arrayidx1266.exit3666.i" [./conv.h:70->top_wrapper.cpp:123]   --->   Operation 1088 'br' 'br_ln70' <Predicate = (icmp_ln56_1 & s_mem_o_i == 10 & s_mem_o_depth_i != 0 & s_mem_o_depth_i != 1 & s_mem_o_depth_i != 2 & s_mem_o_depth_i != 3 & s_mem_o_depth_i != 4 & s_mem_o_depth_i != 5 & s_mem_o_depth_i != 6 & s_mem_o_depth_i != 7 & s_mem_o_depth_i != 8 & s_mem_o_depth_i != 9 & s_mem_o_depth_i != 10 & s_mem_o_depth_i != 11 & s_mem_o_depth_i != 12 & s_mem_o_depth_i != 13 & s_mem_o_depth_i != 14 & s_mem_o_depth_i != 15 & s_mem_o_depth_i != 16)> <Delay = 0.00>
ST_12 : Operation 1089 [1/1] (0.00ns)   --->   "%br_ln70 = br void %arrayidx1266.exit3646.i" [./conv.h:70->top_wrapper.cpp:123]   --->   Operation 1089 'br' 'br_ln70' <Predicate = (icmp_ln56_1 & s_mem_o_i == 9 & s_mem_o_depth_i == 16)> <Delay = 0.00>
ST_12 : Operation 1090 [1/1] (0.00ns)   --->   "%br_ln70 = br void %arrayidx1266.exit3646.i" [./conv.h:70->top_wrapper.cpp:123]   --->   Operation 1090 'br' 'br_ln70' <Predicate = (icmp_ln56_1 & s_mem_o_i == 9 & s_mem_o_depth_i == 15)> <Delay = 0.00>
ST_12 : Operation 1091 [1/1] (0.00ns)   --->   "%br_ln70 = br void %arrayidx1266.exit3646.i" [./conv.h:70->top_wrapper.cpp:123]   --->   Operation 1091 'br' 'br_ln70' <Predicate = (icmp_ln56_1 & s_mem_o_i == 9 & s_mem_o_depth_i == 14)> <Delay = 0.00>
ST_12 : Operation 1092 [1/1] (0.00ns)   --->   "%br_ln70 = br void %arrayidx1266.exit3646.i" [./conv.h:70->top_wrapper.cpp:123]   --->   Operation 1092 'br' 'br_ln70' <Predicate = (icmp_ln56_1 & s_mem_o_i == 9 & s_mem_o_depth_i == 13)> <Delay = 0.00>
ST_12 : Operation 1093 [1/1] (0.00ns)   --->   "%br_ln70 = br void %arrayidx1266.exit3646.i" [./conv.h:70->top_wrapper.cpp:123]   --->   Operation 1093 'br' 'br_ln70' <Predicate = (icmp_ln56_1 & s_mem_o_i == 9 & s_mem_o_depth_i == 12)> <Delay = 0.00>
ST_12 : Operation 1094 [1/1] (0.00ns)   --->   "%br_ln70 = br void %arrayidx1266.exit3646.i" [./conv.h:70->top_wrapper.cpp:123]   --->   Operation 1094 'br' 'br_ln70' <Predicate = (icmp_ln56_1 & s_mem_o_i == 9 & s_mem_o_depth_i == 11)> <Delay = 0.00>
ST_12 : Operation 1095 [1/1] (0.00ns)   --->   "%br_ln70 = br void %arrayidx1266.exit3646.i" [./conv.h:70->top_wrapper.cpp:123]   --->   Operation 1095 'br' 'br_ln70' <Predicate = (icmp_ln56_1 & s_mem_o_i == 9 & s_mem_o_depth_i == 10)> <Delay = 0.00>
ST_12 : Operation 1096 [1/1] (0.00ns)   --->   "%br_ln70 = br void %arrayidx1266.exit3646.i" [./conv.h:70->top_wrapper.cpp:123]   --->   Operation 1096 'br' 'br_ln70' <Predicate = (icmp_ln56_1 & s_mem_o_i == 9 & s_mem_o_depth_i == 9)> <Delay = 0.00>
ST_12 : Operation 1097 [1/1] (0.00ns)   --->   "%br_ln70 = br void %arrayidx1266.exit3646.i" [./conv.h:70->top_wrapper.cpp:123]   --->   Operation 1097 'br' 'br_ln70' <Predicate = (icmp_ln56_1 & s_mem_o_i == 9 & s_mem_o_depth_i == 8)> <Delay = 0.00>
ST_12 : Operation 1098 [1/1] (0.00ns)   --->   "%br_ln70 = br void %arrayidx1266.exit3646.i" [./conv.h:70->top_wrapper.cpp:123]   --->   Operation 1098 'br' 'br_ln70' <Predicate = (icmp_ln56_1 & s_mem_o_i == 9 & s_mem_o_depth_i == 7)> <Delay = 0.00>
ST_12 : Operation 1099 [1/1] (0.00ns)   --->   "%br_ln70 = br void %arrayidx1266.exit3646.i" [./conv.h:70->top_wrapper.cpp:123]   --->   Operation 1099 'br' 'br_ln70' <Predicate = (icmp_ln56_1 & s_mem_o_i == 9 & s_mem_o_depth_i == 6)> <Delay = 0.00>
ST_12 : Operation 1100 [1/1] (0.00ns)   --->   "%br_ln70 = br void %arrayidx1266.exit3646.i" [./conv.h:70->top_wrapper.cpp:123]   --->   Operation 1100 'br' 'br_ln70' <Predicate = (icmp_ln56_1 & s_mem_o_i == 9 & s_mem_o_depth_i == 5)> <Delay = 0.00>
ST_12 : Operation 1101 [1/1] (0.00ns)   --->   "%br_ln70 = br void %arrayidx1266.exit3646.i" [./conv.h:70->top_wrapper.cpp:123]   --->   Operation 1101 'br' 'br_ln70' <Predicate = (icmp_ln56_1 & s_mem_o_i == 9 & s_mem_o_depth_i == 4)> <Delay = 0.00>
ST_12 : Operation 1102 [1/1] (0.00ns)   --->   "%br_ln70 = br void %arrayidx1266.exit3646.i" [./conv.h:70->top_wrapper.cpp:123]   --->   Operation 1102 'br' 'br_ln70' <Predicate = (icmp_ln56_1 & s_mem_o_i == 9 & s_mem_o_depth_i == 3)> <Delay = 0.00>
ST_12 : Operation 1103 [1/1] (0.00ns)   --->   "%br_ln70 = br void %arrayidx1266.exit3646.i" [./conv.h:70->top_wrapper.cpp:123]   --->   Operation 1103 'br' 'br_ln70' <Predicate = (icmp_ln56_1 & s_mem_o_i == 9 & s_mem_o_depth_i == 2)> <Delay = 0.00>
ST_12 : Operation 1104 [1/1] (0.00ns)   --->   "%br_ln70 = br void %arrayidx1266.exit3646.i" [./conv.h:70->top_wrapper.cpp:123]   --->   Operation 1104 'br' 'br_ln70' <Predicate = (icmp_ln56_1 & s_mem_o_i == 9 & s_mem_o_depth_i == 1)> <Delay = 0.00>
ST_12 : Operation 1105 [1/1] (0.00ns)   --->   "%br_ln70 = br void %arrayidx1266.exit3646.i" [./conv.h:70->top_wrapper.cpp:123]   --->   Operation 1105 'br' 'br_ln70' <Predicate = (icmp_ln56_1 & s_mem_o_i == 9 & s_mem_o_depth_i == 0)> <Delay = 0.00>
ST_12 : Operation 1106 [1/1] (0.00ns)   --->   "%br_ln70 = br void %arrayidx1266.exit3646.i" [./conv.h:70->top_wrapper.cpp:123]   --->   Operation 1106 'br' 'br_ln70' <Predicate = (icmp_ln56_1 & s_mem_o_i == 9 & s_mem_o_depth_i != 0 & s_mem_o_depth_i != 1 & s_mem_o_depth_i != 2 & s_mem_o_depth_i != 3 & s_mem_o_depth_i != 4 & s_mem_o_depth_i != 5 & s_mem_o_depth_i != 6 & s_mem_o_depth_i != 7 & s_mem_o_depth_i != 8 & s_mem_o_depth_i != 9 & s_mem_o_depth_i != 10 & s_mem_o_depth_i != 11 & s_mem_o_depth_i != 12 & s_mem_o_depth_i != 13 & s_mem_o_depth_i != 14 & s_mem_o_depth_i != 15 & s_mem_o_depth_i != 16)> <Delay = 0.00>
ST_12 : Operation 1107 [1/1] (0.00ns)   --->   "%br_ln70 = br void %arrayidx1266.exit3626.i" [./conv.h:70->top_wrapper.cpp:123]   --->   Operation 1107 'br' 'br_ln70' <Predicate = (icmp_ln56_1 & s_mem_o_i == 8 & s_mem_o_depth_i == 16)> <Delay = 0.00>
ST_12 : Operation 1108 [1/1] (0.00ns)   --->   "%br_ln70 = br void %arrayidx1266.exit3626.i" [./conv.h:70->top_wrapper.cpp:123]   --->   Operation 1108 'br' 'br_ln70' <Predicate = (icmp_ln56_1 & s_mem_o_i == 8 & s_mem_o_depth_i == 15)> <Delay = 0.00>
ST_12 : Operation 1109 [1/1] (0.00ns)   --->   "%br_ln70 = br void %arrayidx1266.exit3626.i" [./conv.h:70->top_wrapper.cpp:123]   --->   Operation 1109 'br' 'br_ln70' <Predicate = (icmp_ln56_1 & s_mem_o_i == 8 & s_mem_o_depth_i == 14)> <Delay = 0.00>
ST_12 : Operation 1110 [1/1] (0.00ns)   --->   "%br_ln70 = br void %arrayidx1266.exit3626.i" [./conv.h:70->top_wrapper.cpp:123]   --->   Operation 1110 'br' 'br_ln70' <Predicate = (icmp_ln56_1 & s_mem_o_i == 8 & s_mem_o_depth_i == 13)> <Delay = 0.00>
ST_12 : Operation 1111 [1/1] (0.00ns)   --->   "%br_ln70 = br void %arrayidx1266.exit3626.i" [./conv.h:70->top_wrapper.cpp:123]   --->   Operation 1111 'br' 'br_ln70' <Predicate = (icmp_ln56_1 & s_mem_o_i == 8 & s_mem_o_depth_i == 12)> <Delay = 0.00>
ST_12 : Operation 1112 [1/1] (0.00ns)   --->   "%br_ln70 = br void %arrayidx1266.exit3626.i" [./conv.h:70->top_wrapper.cpp:123]   --->   Operation 1112 'br' 'br_ln70' <Predicate = (icmp_ln56_1 & s_mem_o_i == 8 & s_mem_o_depth_i == 11)> <Delay = 0.00>
ST_12 : Operation 1113 [1/1] (0.00ns)   --->   "%br_ln70 = br void %arrayidx1266.exit3626.i" [./conv.h:70->top_wrapper.cpp:123]   --->   Operation 1113 'br' 'br_ln70' <Predicate = (icmp_ln56_1 & s_mem_o_i == 8 & s_mem_o_depth_i == 10)> <Delay = 0.00>
ST_12 : Operation 1114 [1/1] (0.00ns)   --->   "%br_ln70 = br void %arrayidx1266.exit3626.i" [./conv.h:70->top_wrapper.cpp:123]   --->   Operation 1114 'br' 'br_ln70' <Predicate = (icmp_ln56_1 & s_mem_o_i == 8 & s_mem_o_depth_i == 9)> <Delay = 0.00>
ST_12 : Operation 1115 [1/1] (0.00ns)   --->   "%br_ln70 = br void %arrayidx1266.exit3626.i" [./conv.h:70->top_wrapper.cpp:123]   --->   Operation 1115 'br' 'br_ln70' <Predicate = (icmp_ln56_1 & s_mem_o_i == 8 & s_mem_o_depth_i == 8)> <Delay = 0.00>
ST_12 : Operation 1116 [1/1] (0.00ns)   --->   "%br_ln70 = br void %arrayidx1266.exit3626.i" [./conv.h:70->top_wrapper.cpp:123]   --->   Operation 1116 'br' 'br_ln70' <Predicate = (icmp_ln56_1 & s_mem_o_i == 8 & s_mem_o_depth_i == 7)> <Delay = 0.00>
ST_12 : Operation 1117 [1/1] (0.00ns)   --->   "%br_ln70 = br void %arrayidx1266.exit3626.i" [./conv.h:70->top_wrapper.cpp:123]   --->   Operation 1117 'br' 'br_ln70' <Predicate = (icmp_ln56_1 & s_mem_o_i == 8 & s_mem_o_depth_i == 6)> <Delay = 0.00>
ST_12 : Operation 1118 [1/1] (0.00ns)   --->   "%br_ln70 = br void %arrayidx1266.exit3626.i" [./conv.h:70->top_wrapper.cpp:123]   --->   Operation 1118 'br' 'br_ln70' <Predicate = (icmp_ln56_1 & s_mem_o_i == 8 & s_mem_o_depth_i == 5)> <Delay = 0.00>
ST_12 : Operation 1119 [1/1] (0.00ns)   --->   "%br_ln70 = br void %arrayidx1266.exit3626.i" [./conv.h:70->top_wrapper.cpp:123]   --->   Operation 1119 'br' 'br_ln70' <Predicate = (icmp_ln56_1 & s_mem_o_i == 8 & s_mem_o_depth_i == 4)> <Delay = 0.00>
ST_12 : Operation 1120 [1/1] (0.00ns)   --->   "%br_ln70 = br void %arrayidx1266.exit3626.i" [./conv.h:70->top_wrapper.cpp:123]   --->   Operation 1120 'br' 'br_ln70' <Predicate = (icmp_ln56_1 & s_mem_o_i == 8 & s_mem_o_depth_i == 3)> <Delay = 0.00>
ST_12 : Operation 1121 [1/1] (0.00ns)   --->   "%br_ln70 = br void %arrayidx1266.exit3626.i" [./conv.h:70->top_wrapper.cpp:123]   --->   Operation 1121 'br' 'br_ln70' <Predicate = (icmp_ln56_1 & s_mem_o_i == 8 & s_mem_o_depth_i == 2)> <Delay = 0.00>
ST_12 : Operation 1122 [1/1] (0.00ns)   --->   "%br_ln70 = br void %arrayidx1266.exit3626.i" [./conv.h:70->top_wrapper.cpp:123]   --->   Operation 1122 'br' 'br_ln70' <Predicate = (icmp_ln56_1 & s_mem_o_i == 8 & s_mem_o_depth_i == 1)> <Delay = 0.00>
ST_12 : Operation 1123 [1/1] (0.00ns)   --->   "%br_ln70 = br void %arrayidx1266.exit3626.i" [./conv.h:70->top_wrapper.cpp:123]   --->   Operation 1123 'br' 'br_ln70' <Predicate = (icmp_ln56_1 & s_mem_o_i == 8 & s_mem_o_depth_i == 0)> <Delay = 0.00>
ST_12 : Operation 1124 [1/1] (0.00ns)   --->   "%br_ln70 = br void %arrayidx1266.exit3626.i" [./conv.h:70->top_wrapper.cpp:123]   --->   Operation 1124 'br' 'br_ln70' <Predicate = (icmp_ln56_1 & s_mem_o_i == 8 & s_mem_o_depth_i != 0 & s_mem_o_depth_i != 1 & s_mem_o_depth_i != 2 & s_mem_o_depth_i != 3 & s_mem_o_depth_i != 4 & s_mem_o_depth_i != 5 & s_mem_o_depth_i != 6 & s_mem_o_depth_i != 7 & s_mem_o_depth_i != 8 & s_mem_o_depth_i != 9 & s_mem_o_depth_i != 10 & s_mem_o_depth_i != 11 & s_mem_o_depth_i != 12 & s_mem_o_depth_i != 13 & s_mem_o_depth_i != 14 & s_mem_o_depth_i != 15 & s_mem_o_depth_i != 16)> <Delay = 0.00>
ST_12 : Operation 1125 [1/1] (0.00ns)   --->   "%br_ln70 = br void %arrayidx1266.exit3606.i" [./conv.h:70->top_wrapper.cpp:123]   --->   Operation 1125 'br' 'br_ln70' <Predicate = (icmp_ln56_1 & s_mem_o_i == 7 & s_mem_o_depth_i == 16)> <Delay = 0.00>
ST_12 : Operation 1126 [1/1] (0.00ns)   --->   "%br_ln70 = br void %arrayidx1266.exit3606.i" [./conv.h:70->top_wrapper.cpp:123]   --->   Operation 1126 'br' 'br_ln70' <Predicate = (icmp_ln56_1 & s_mem_o_i == 7 & s_mem_o_depth_i == 15)> <Delay = 0.00>
ST_12 : Operation 1127 [1/1] (0.00ns)   --->   "%br_ln70 = br void %arrayidx1266.exit3606.i" [./conv.h:70->top_wrapper.cpp:123]   --->   Operation 1127 'br' 'br_ln70' <Predicate = (icmp_ln56_1 & s_mem_o_i == 7 & s_mem_o_depth_i == 14)> <Delay = 0.00>
ST_12 : Operation 1128 [1/1] (0.00ns)   --->   "%br_ln70 = br void %arrayidx1266.exit3606.i" [./conv.h:70->top_wrapper.cpp:123]   --->   Operation 1128 'br' 'br_ln70' <Predicate = (icmp_ln56_1 & s_mem_o_i == 7 & s_mem_o_depth_i == 13)> <Delay = 0.00>
ST_12 : Operation 1129 [1/1] (0.00ns)   --->   "%br_ln70 = br void %arrayidx1266.exit3606.i" [./conv.h:70->top_wrapper.cpp:123]   --->   Operation 1129 'br' 'br_ln70' <Predicate = (icmp_ln56_1 & s_mem_o_i == 7 & s_mem_o_depth_i == 12)> <Delay = 0.00>
ST_12 : Operation 1130 [1/1] (0.00ns)   --->   "%br_ln70 = br void %arrayidx1266.exit3606.i" [./conv.h:70->top_wrapper.cpp:123]   --->   Operation 1130 'br' 'br_ln70' <Predicate = (icmp_ln56_1 & s_mem_o_i == 7 & s_mem_o_depth_i == 11)> <Delay = 0.00>
ST_12 : Operation 1131 [1/1] (0.00ns)   --->   "%br_ln70 = br void %arrayidx1266.exit3606.i" [./conv.h:70->top_wrapper.cpp:123]   --->   Operation 1131 'br' 'br_ln70' <Predicate = (icmp_ln56_1 & s_mem_o_i == 7 & s_mem_o_depth_i == 10)> <Delay = 0.00>
ST_12 : Operation 1132 [1/1] (0.00ns)   --->   "%br_ln70 = br void %arrayidx1266.exit3606.i" [./conv.h:70->top_wrapper.cpp:123]   --->   Operation 1132 'br' 'br_ln70' <Predicate = (icmp_ln56_1 & s_mem_o_i == 7 & s_mem_o_depth_i == 9)> <Delay = 0.00>
ST_12 : Operation 1133 [1/1] (0.00ns)   --->   "%br_ln70 = br void %arrayidx1266.exit3606.i" [./conv.h:70->top_wrapper.cpp:123]   --->   Operation 1133 'br' 'br_ln70' <Predicate = (icmp_ln56_1 & s_mem_o_i == 7 & s_mem_o_depth_i == 8)> <Delay = 0.00>
ST_12 : Operation 1134 [1/1] (0.00ns)   --->   "%br_ln70 = br void %arrayidx1266.exit3606.i" [./conv.h:70->top_wrapper.cpp:123]   --->   Operation 1134 'br' 'br_ln70' <Predicate = (icmp_ln56_1 & s_mem_o_i == 7 & s_mem_o_depth_i == 7)> <Delay = 0.00>
ST_12 : Operation 1135 [1/1] (0.00ns)   --->   "%br_ln70 = br void %arrayidx1266.exit3606.i" [./conv.h:70->top_wrapper.cpp:123]   --->   Operation 1135 'br' 'br_ln70' <Predicate = (icmp_ln56_1 & s_mem_o_i == 7 & s_mem_o_depth_i == 6)> <Delay = 0.00>
ST_12 : Operation 1136 [1/1] (0.00ns)   --->   "%br_ln70 = br void %arrayidx1266.exit3606.i" [./conv.h:70->top_wrapper.cpp:123]   --->   Operation 1136 'br' 'br_ln70' <Predicate = (icmp_ln56_1 & s_mem_o_i == 7 & s_mem_o_depth_i == 5)> <Delay = 0.00>
ST_12 : Operation 1137 [1/1] (0.00ns)   --->   "%br_ln70 = br void %arrayidx1266.exit3606.i" [./conv.h:70->top_wrapper.cpp:123]   --->   Operation 1137 'br' 'br_ln70' <Predicate = (icmp_ln56_1 & s_mem_o_i == 7 & s_mem_o_depth_i == 4)> <Delay = 0.00>
ST_12 : Operation 1138 [1/1] (0.00ns)   --->   "%br_ln70 = br void %arrayidx1266.exit3606.i" [./conv.h:70->top_wrapper.cpp:123]   --->   Operation 1138 'br' 'br_ln70' <Predicate = (icmp_ln56_1 & s_mem_o_i == 7 & s_mem_o_depth_i == 3)> <Delay = 0.00>
ST_12 : Operation 1139 [1/1] (0.00ns)   --->   "%br_ln70 = br void %arrayidx1266.exit3606.i" [./conv.h:70->top_wrapper.cpp:123]   --->   Operation 1139 'br' 'br_ln70' <Predicate = (icmp_ln56_1 & s_mem_o_i == 7 & s_mem_o_depth_i == 2)> <Delay = 0.00>
ST_12 : Operation 1140 [1/1] (0.00ns)   --->   "%br_ln70 = br void %arrayidx1266.exit3606.i" [./conv.h:70->top_wrapper.cpp:123]   --->   Operation 1140 'br' 'br_ln70' <Predicate = (icmp_ln56_1 & s_mem_o_i == 7 & s_mem_o_depth_i == 1)> <Delay = 0.00>
ST_12 : Operation 1141 [1/1] (0.00ns)   --->   "%br_ln70 = br void %arrayidx1266.exit3606.i" [./conv.h:70->top_wrapper.cpp:123]   --->   Operation 1141 'br' 'br_ln70' <Predicate = (icmp_ln56_1 & s_mem_o_i == 7 & s_mem_o_depth_i == 0)> <Delay = 0.00>
ST_12 : Operation 1142 [1/1] (0.00ns)   --->   "%br_ln70 = br void %arrayidx1266.exit3606.i" [./conv.h:70->top_wrapper.cpp:123]   --->   Operation 1142 'br' 'br_ln70' <Predicate = (icmp_ln56_1 & s_mem_o_i == 7 & s_mem_o_depth_i != 0 & s_mem_o_depth_i != 1 & s_mem_o_depth_i != 2 & s_mem_o_depth_i != 3 & s_mem_o_depth_i != 4 & s_mem_o_depth_i != 5 & s_mem_o_depth_i != 6 & s_mem_o_depth_i != 7 & s_mem_o_depth_i != 8 & s_mem_o_depth_i != 9 & s_mem_o_depth_i != 10 & s_mem_o_depth_i != 11 & s_mem_o_depth_i != 12 & s_mem_o_depth_i != 13 & s_mem_o_depth_i != 14 & s_mem_o_depth_i != 15 & s_mem_o_depth_i != 16)> <Delay = 0.00>
ST_12 : Operation 1143 [1/1] (0.00ns)   --->   "%br_ln70 = br void %arrayidx1266.exit3586.i" [./conv.h:70->top_wrapper.cpp:123]   --->   Operation 1143 'br' 'br_ln70' <Predicate = (icmp_ln56_1 & s_mem_o_i == 6 & s_mem_o_depth_i == 16)> <Delay = 0.00>
ST_12 : Operation 1144 [1/1] (0.00ns)   --->   "%br_ln70 = br void %arrayidx1266.exit3586.i" [./conv.h:70->top_wrapper.cpp:123]   --->   Operation 1144 'br' 'br_ln70' <Predicate = (icmp_ln56_1 & s_mem_o_i == 6 & s_mem_o_depth_i == 15)> <Delay = 0.00>
ST_12 : Operation 1145 [1/1] (0.00ns)   --->   "%br_ln70 = br void %arrayidx1266.exit3586.i" [./conv.h:70->top_wrapper.cpp:123]   --->   Operation 1145 'br' 'br_ln70' <Predicate = (icmp_ln56_1 & s_mem_o_i == 6 & s_mem_o_depth_i == 14)> <Delay = 0.00>
ST_12 : Operation 1146 [1/1] (0.00ns)   --->   "%br_ln70 = br void %arrayidx1266.exit3586.i" [./conv.h:70->top_wrapper.cpp:123]   --->   Operation 1146 'br' 'br_ln70' <Predicate = (icmp_ln56_1 & s_mem_o_i == 6 & s_mem_o_depth_i == 13)> <Delay = 0.00>
ST_12 : Operation 1147 [1/1] (0.00ns)   --->   "%br_ln70 = br void %arrayidx1266.exit3586.i" [./conv.h:70->top_wrapper.cpp:123]   --->   Operation 1147 'br' 'br_ln70' <Predicate = (icmp_ln56_1 & s_mem_o_i == 6 & s_mem_o_depth_i == 12)> <Delay = 0.00>
ST_12 : Operation 1148 [1/1] (0.00ns)   --->   "%br_ln70 = br void %arrayidx1266.exit3586.i" [./conv.h:70->top_wrapper.cpp:123]   --->   Operation 1148 'br' 'br_ln70' <Predicate = (icmp_ln56_1 & s_mem_o_i == 6 & s_mem_o_depth_i == 11)> <Delay = 0.00>
ST_12 : Operation 1149 [1/1] (0.00ns)   --->   "%br_ln70 = br void %arrayidx1266.exit3586.i" [./conv.h:70->top_wrapper.cpp:123]   --->   Operation 1149 'br' 'br_ln70' <Predicate = (icmp_ln56_1 & s_mem_o_i == 6 & s_mem_o_depth_i == 10)> <Delay = 0.00>
ST_12 : Operation 1150 [1/1] (0.00ns)   --->   "%br_ln70 = br void %arrayidx1266.exit3586.i" [./conv.h:70->top_wrapper.cpp:123]   --->   Operation 1150 'br' 'br_ln70' <Predicate = (icmp_ln56_1 & s_mem_o_i == 6 & s_mem_o_depth_i == 9)> <Delay = 0.00>
ST_12 : Operation 1151 [1/1] (0.00ns)   --->   "%br_ln70 = br void %arrayidx1266.exit3586.i" [./conv.h:70->top_wrapper.cpp:123]   --->   Operation 1151 'br' 'br_ln70' <Predicate = (icmp_ln56_1 & s_mem_o_i == 6 & s_mem_o_depth_i == 8)> <Delay = 0.00>
ST_12 : Operation 1152 [1/1] (0.00ns)   --->   "%br_ln70 = br void %arrayidx1266.exit3586.i" [./conv.h:70->top_wrapper.cpp:123]   --->   Operation 1152 'br' 'br_ln70' <Predicate = (icmp_ln56_1 & s_mem_o_i == 6 & s_mem_o_depth_i == 7)> <Delay = 0.00>
ST_12 : Operation 1153 [1/1] (0.00ns)   --->   "%br_ln70 = br void %arrayidx1266.exit3586.i" [./conv.h:70->top_wrapper.cpp:123]   --->   Operation 1153 'br' 'br_ln70' <Predicate = (icmp_ln56_1 & s_mem_o_i == 6 & s_mem_o_depth_i == 6)> <Delay = 0.00>
ST_12 : Operation 1154 [1/1] (0.00ns)   --->   "%br_ln70 = br void %arrayidx1266.exit3586.i" [./conv.h:70->top_wrapper.cpp:123]   --->   Operation 1154 'br' 'br_ln70' <Predicate = (icmp_ln56_1 & s_mem_o_i == 6 & s_mem_o_depth_i == 5)> <Delay = 0.00>
ST_12 : Operation 1155 [1/1] (0.00ns)   --->   "%br_ln70 = br void %arrayidx1266.exit3586.i" [./conv.h:70->top_wrapper.cpp:123]   --->   Operation 1155 'br' 'br_ln70' <Predicate = (icmp_ln56_1 & s_mem_o_i == 6 & s_mem_o_depth_i == 4)> <Delay = 0.00>
ST_12 : Operation 1156 [1/1] (0.00ns)   --->   "%br_ln70 = br void %arrayidx1266.exit3586.i" [./conv.h:70->top_wrapper.cpp:123]   --->   Operation 1156 'br' 'br_ln70' <Predicate = (icmp_ln56_1 & s_mem_o_i == 6 & s_mem_o_depth_i == 3)> <Delay = 0.00>
ST_12 : Operation 1157 [1/1] (0.00ns)   --->   "%br_ln70 = br void %arrayidx1266.exit3586.i" [./conv.h:70->top_wrapper.cpp:123]   --->   Operation 1157 'br' 'br_ln70' <Predicate = (icmp_ln56_1 & s_mem_o_i == 6 & s_mem_o_depth_i == 2)> <Delay = 0.00>
ST_12 : Operation 1158 [1/1] (0.00ns)   --->   "%br_ln70 = br void %arrayidx1266.exit3586.i" [./conv.h:70->top_wrapper.cpp:123]   --->   Operation 1158 'br' 'br_ln70' <Predicate = (icmp_ln56_1 & s_mem_o_i == 6 & s_mem_o_depth_i == 1)> <Delay = 0.00>
ST_12 : Operation 1159 [1/1] (0.00ns)   --->   "%br_ln70 = br void %arrayidx1266.exit3586.i" [./conv.h:70->top_wrapper.cpp:123]   --->   Operation 1159 'br' 'br_ln70' <Predicate = (icmp_ln56_1 & s_mem_o_i == 6 & s_mem_o_depth_i == 0)> <Delay = 0.00>
ST_12 : Operation 1160 [1/1] (0.00ns)   --->   "%br_ln70 = br void %arrayidx1266.exit3586.i" [./conv.h:70->top_wrapper.cpp:123]   --->   Operation 1160 'br' 'br_ln70' <Predicate = (icmp_ln56_1 & s_mem_o_i == 6 & s_mem_o_depth_i != 0 & s_mem_o_depth_i != 1 & s_mem_o_depth_i != 2 & s_mem_o_depth_i != 3 & s_mem_o_depth_i != 4 & s_mem_o_depth_i != 5 & s_mem_o_depth_i != 6 & s_mem_o_depth_i != 7 & s_mem_o_depth_i != 8 & s_mem_o_depth_i != 9 & s_mem_o_depth_i != 10 & s_mem_o_depth_i != 11 & s_mem_o_depth_i != 12 & s_mem_o_depth_i != 13 & s_mem_o_depth_i != 14 & s_mem_o_depth_i != 15 & s_mem_o_depth_i != 16)> <Delay = 0.00>
ST_12 : Operation 1161 [1/1] (0.00ns)   --->   "%br_ln70 = br void %arrayidx1266.exit3566.i" [./conv.h:70->top_wrapper.cpp:123]   --->   Operation 1161 'br' 'br_ln70' <Predicate = (icmp_ln56_1 & s_mem_o_i == 5 & s_mem_o_depth_i == 16)> <Delay = 0.00>
ST_12 : Operation 1162 [1/1] (0.00ns)   --->   "%br_ln70 = br void %arrayidx1266.exit3566.i" [./conv.h:70->top_wrapper.cpp:123]   --->   Operation 1162 'br' 'br_ln70' <Predicate = (icmp_ln56_1 & s_mem_o_i == 5 & s_mem_o_depth_i == 15)> <Delay = 0.00>
ST_12 : Operation 1163 [1/1] (0.00ns)   --->   "%br_ln70 = br void %arrayidx1266.exit3566.i" [./conv.h:70->top_wrapper.cpp:123]   --->   Operation 1163 'br' 'br_ln70' <Predicate = (icmp_ln56_1 & s_mem_o_i == 5 & s_mem_o_depth_i == 14)> <Delay = 0.00>
ST_12 : Operation 1164 [1/1] (0.00ns)   --->   "%br_ln70 = br void %arrayidx1266.exit3566.i" [./conv.h:70->top_wrapper.cpp:123]   --->   Operation 1164 'br' 'br_ln70' <Predicate = (icmp_ln56_1 & s_mem_o_i == 5 & s_mem_o_depth_i == 13)> <Delay = 0.00>
ST_12 : Operation 1165 [1/1] (0.00ns)   --->   "%br_ln70 = br void %arrayidx1266.exit3566.i" [./conv.h:70->top_wrapper.cpp:123]   --->   Operation 1165 'br' 'br_ln70' <Predicate = (icmp_ln56_1 & s_mem_o_i == 5 & s_mem_o_depth_i == 12)> <Delay = 0.00>
ST_12 : Operation 1166 [1/1] (0.00ns)   --->   "%br_ln70 = br void %arrayidx1266.exit3566.i" [./conv.h:70->top_wrapper.cpp:123]   --->   Operation 1166 'br' 'br_ln70' <Predicate = (icmp_ln56_1 & s_mem_o_i == 5 & s_mem_o_depth_i == 11)> <Delay = 0.00>
ST_12 : Operation 1167 [1/1] (0.00ns)   --->   "%br_ln70 = br void %arrayidx1266.exit3566.i" [./conv.h:70->top_wrapper.cpp:123]   --->   Operation 1167 'br' 'br_ln70' <Predicate = (icmp_ln56_1 & s_mem_o_i == 5 & s_mem_o_depth_i == 10)> <Delay = 0.00>
ST_12 : Operation 1168 [1/1] (0.00ns)   --->   "%br_ln70 = br void %arrayidx1266.exit3566.i" [./conv.h:70->top_wrapper.cpp:123]   --->   Operation 1168 'br' 'br_ln70' <Predicate = (icmp_ln56_1 & s_mem_o_i == 5 & s_mem_o_depth_i == 9)> <Delay = 0.00>
ST_12 : Operation 1169 [1/1] (0.00ns)   --->   "%br_ln70 = br void %arrayidx1266.exit3566.i" [./conv.h:70->top_wrapper.cpp:123]   --->   Operation 1169 'br' 'br_ln70' <Predicate = (icmp_ln56_1 & s_mem_o_i == 5 & s_mem_o_depth_i == 8)> <Delay = 0.00>
ST_12 : Operation 1170 [1/1] (0.00ns)   --->   "%br_ln70 = br void %arrayidx1266.exit3566.i" [./conv.h:70->top_wrapper.cpp:123]   --->   Operation 1170 'br' 'br_ln70' <Predicate = (icmp_ln56_1 & s_mem_o_i == 5 & s_mem_o_depth_i == 7)> <Delay = 0.00>
ST_12 : Operation 1171 [1/1] (0.00ns)   --->   "%br_ln70 = br void %arrayidx1266.exit3566.i" [./conv.h:70->top_wrapper.cpp:123]   --->   Operation 1171 'br' 'br_ln70' <Predicate = (icmp_ln56_1 & s_mem_o_i == 5 & s_mem_o_depth_i == 6)> <Delay = 0.00>
ST_12 : Operation 1172 [1/1] (0.00ns)   --->   "%br_ln70 = br void %arrayidx1266.exit3566.i" [./conv.h:70->top_wrapper.cpp:123]   --->   Operation 1172 'br' 'br_ln70' <Predicate = (icmp_ln56_1 & s_mem_o_i == 5 & s_mem_o_depth_i == 5)> <Delay = 0.00>
ST_12 : Operation 1173 [1/1] (0.00ns)   --->   "%br_ln70 = br void %arrayidx1266.exit3566.i" [./conv.h:70->top_wrapper.cpp:123]   --->   Operation 1173 'br' 'br_ln70' <Predicate = (icmp_ln56_1 & s_mem_o_i == 5 & s_mem_o_depth_i == 4)> <Delay = 0.00>
ST_12 : Operation 1174 [1/1] (0.00ns)   --->   "%br_ln70 = br void %arrayidx1266.exit3566.i" [./conv.h:70->top_wrapper.cpp:123]   --->   Operation 1174 'br' 'br_ln70' <Predicate = (icmp_ln56_1 & s_mem_o_i == 5 & s_mem_o_depth_i == 3)> <Delay = 0.00>
ST_12 : Operation 1175 [1/1] (0.00ns)   --->   "%br_ln70 = br void %arrayidx1266.exit3566.i" [./conv.h:70->top_wrapper.cpp:123]   --->   Operation 1175 'br' 'br_ln70' <Predicate = (icmp_ln56_1 & s_mem_o_i == 5 & s_mem_o_depth_i == 2)> <Delay = 0.00>
ST_12 : Operation 1176 [1/1] (0.00ns)   --->   "%br_ln70 = br void %arrayidx1266.exit3566.i" [./conv.h:70->top_wrapper.cpp:123]   --->   Operation 1176 'br' 'br_ln70' <Predicate = (icmp_ln56_1 & s_mem_o_i == 5 & s_mem_o_depth_i == 1)> <Delay = 0.00>
ST_12 : Operation 1177 [1/1] (0.00ns)   --->   "%br_ln70 = br void %arrayidx1266.exit3566.i" [./conv.h:70->top_wrapper.cpp:123]   --->   Operation 1177 'br' 'br_ln70' <Predicate = (icmp_ln56_1 & s_mem_o_i == 5 & s_mem_o_depth_i == 0)> <Delay = 0.00>
ST_12 : Operation 1178 [1/1] (0.00ns)   --->   "%br_ln70 = br void %arrayidx1266.exit3566.i" [./conv.h:70->top_wrapper.cpp:123]   --->   Operation 1178 'br' 'br_ln70' <Predicate = (icmp_ln56_1 & s_mem_o_i == 5 & s_mem_o_depth_i != 0 & s_mem_o_depth_i != 1 & s_mem_o_depth_i != 2 & s_mem_o_depth_i != 3 & s_mem_o_depth_i != 4 & s_mem_o_depth_i != 5 & s_mem_o_depth_i != 6 & s_mem_o_depth_i != 7 & s_mem_o_depth_i != 8 & s_mem_o_depth_i != 9 & s_mem_o_depth_i != 10 & s_mem_o_depth_i != 11 & s_mem_o_depth_i != 12 & s_mem_o_depth_i != 13 & s_mem_o_depth_i != 14 & s_mem_o_depth_i != 15 & s_mem_o_depth_i != 16)> <Delay = 0.00>
ST_12 : Operation 1179 [1/1] (0.00ns)   --->   "%br_ln70 = br void %arrayidx1266.exit3546.i" [./conv.h:70->top_wrapper.cpp:123]   --->   Operation 1179 'br' 'br_ln70' <Predicate = (icmp_ln56_1 & s_mem_o_i == 4 & s_mem_o_depth_i == 16)> <Delay = 0.00>
ST_12 : Operation 1180 [1/1] (0.00ns)   --->   "%br_ln70 = br void %arrayidx1266.exit3546.i" [./conv.h:70->top_wrapper.cpp:123]   --->   Operation 1180 'br' 'br_ln70' <Predicate = (icmp_ln56_1 & s_mem_o_i == 4 & s_mem_o_depth_i == 15)> <Delay = 0.00>
ST_12 : Operation 1181 [1/1] (0.00ns)   --->   "%br_ln70 = br void %arrayidx1266.exit3546.i" [./conv.h:70->top_wrapper.cpp:123]   --->   Operation 1181 'br' 'br_ln70' <Predicate = (icmp_ln56_1 & s_mem_o_i == 4 & s_mem_o_depth_i == 14)> <Delay = 0.00>
ST_12 : Operation 1182 [1/1] (0.00ns)   --->   "%br_ln70 = br void %arrayidx1266.exit3546.i" [./conv.h:70->top_wrapper.cpp:123]   --->   Operation 1182 'br' 'br_ln70' <Predicate = (icmp_ln56_1 & s_mem_o_i == 4 & s_mem_o_depth_i == 13)> <Delay = 0.00>
ST_12 : Operation 1183 [1/1] (0.00ns)   --->   "%br_ln70 = br void %arrayidx1266.exit3546.i" [./conv.h:70->top_wrapper.cpp:123]   --->   Operation 1183 'br' 'br_ln70' <Predicate = (icmp_ln56_1 & s_mem_o_i == 4 & s_mem_o_depth_i == 12)> <Delay = 0.00>
ST_12 : Operation 1184 [1/1] (0.00ns)   --->   "%br_ln70 = br void %arrayidx1266.exit3546.i" [./conv.h:70->top_wrapper.cpp:123]   --->   Operation 1184 'br' 'br_ln70' <Predicate = (icmp_ln56_1 & s_mem_o_i == 4 & s_mem_o_depth_i == 11)> <Delay = 0.00>
ST_12 : Operation 1185 [1/1] (0.00ns)   --->   "%br_ln70 = br void %arrayidx1266.exit3546.i" [./conv.h:70->top_wrapper.cpp:123]   --->   Operation 1185 'br' 'br_ln70' <Predicate = (icmp_ln56_1 & s_mem_o_i == 4 & s_mem_o_depth_i == 10)> <Delay = 0.00>
ST_12 : Operation 1186 [1/1] (0.00ns)   --->   "%br_ln70 = br void %arrayidx1266.exit3546.i" [./conv.h:70->top_wrapper.cpp:123]   --->   Operation 1186 'br' 'br_ln70' <Predicate = (icmp_ln56_1 & s_mem_o_i == 4 & s_mem_o_depth_i == 9)> <Delay = 0.00>
ST_12 : Operation 1187 [1/1] (0.00ns)   --->   "%br_ln70 = br void %arrayidx1266.exit3546.i" [./conv.h:70->top_wrapper.cpp:123]   --->   Operation 1187 'br' 'br_ln70' <Predicate = (icmp_ln56_1 & s_mem_o_i == 4 & s_mem_o_depth_i == 8)> <Delay = 0.00>
ST_12 : Operation 1188 [1/1] (0.00ns)   --->   "%br_ln70 = br void %arrayidx1266.exit3546.i" [./conv.h:70->top_wrapper.cpp:123]   --->   Operation 1188 'br' 'br_ln70' <Predicate = (icmp_ln56_1 & s_mem_o_i == 4 & s_mem_o_depth_i == 7)> <Delay = 0.00>
ST_12 : Operation 1189 [1/1] (0.00ns)   --->   "%br_ln70 = br void %arrayidx1266.exit3546.i" [./conv.h:70->top_wrapper.cpp:123]   --->   Operation 1189 'br' 'br_ln70' <Predicate = (icmp_ln56_1 & s_mem_o_i == 4 & s_mem_o_depth_i == 6)> <Delay = 0.00>
ST_12 : Operation 1190 [1/1] (0.00ns)   --->   "%br_ln70 = br void %arrayidx1266.exit3546.i" [./conv.h:70->top_wrapper.cpp:123]   --->   Operation 1190 'br' 'br_ln70' <Predicate = (icmp_ln56_1 & s_mem_o_i == 4 & s_mem_o_depth_i == 5)> <Delay = 0.00>
ST_12 : Operation 1191 [1/1] (0.00ns)   --->   "%br_ln70 = br void %arrayidx1266.exit3546.i" [./conv.h:70->top_wrapper.cpp:123]   --->   Operation 1191 'br' 'br_ln70' <Predicate = (icmp_ln56_1 & s_mem_o_i == 4 & s_mem_o_depth_i == 4)> <Delay = 0.00>
ST_12 : Operation 1192 [1/1] (0.00ns)   --->   "%br_ln70 = br void %arrayidx1266.exit3546.i" [./conv.h:70->top_wrapper.cpp:123]   --->   Operation 1192 'br' 'br_ln70' <Predicate = (icmp_ln56_1 & s_mem_o_i == 4 & s_mem_o_depth_i == 3)> <Delay = 0.00>
ST_12 : Operation 1193 [1/1] (0.00ns)   --->   "%br_ln70 = br void %arrayidx1266.exit3546.i" [./conv.h:70->top_wrapper.cpp:123]   --->   Operation 1193 'br' 'br_ln70' <Predicate = (icmp_ln56_1 & s_mem_o_i == 4 & s_mem_o_depth_i == 2)> <Delay = 0.00>
ST_12 : Operation 1194 [1/1] (0.00ns)   --->   "%br_ln70 = br void %arrayidx1266.exit3546.i" [./conv.h:70->top_wrapper.cpp:123]   --->   Operation 1194 'br' 'br_ln70' <Predicate = (icmp_ln56_1 & s_mem_o_i == 4 & s_mem_o_depth_i == 1)> <Delay = 0.00>
ST_12 : Operation 1195 [1/1] (0.00ns)   --->   "%br_ln70 = br void %arrayidx1266.exit3546.i" [./conv.h:70->top_wrapper.cpp:123]   --->   Operation 1195 'br' 'br_ln70' <Predicate = (icmp_ln56_1 & s_mem_o_i == 4 & s_mem_o_depth_i == 0)> <Delay = 0.00>
ST_12 : Operation 1196 [1/1] (0.00ns)   --->   "%br_ln70 = br void %arrayidx1266.exit3546.i" [./conv.h:70->top_wrapper.cpp:123]   --->   Operation 1196 'br' 'br_ln70' <Predicate = (icmp_ln56_1 & s_mem_o_i == 4 & s_mem_o_depth_i != 0 & s_mem_o_depth_i != 1 & s_mem_o_depth_i != 2 & s_mem_o_depth_i != 3 & s_mem_o_depth_i != 4 & s_mem_o_depth_i != 5 & s_mem_o_depth_i != 6 & s_mem_o_depth_i != 7 & s_mem_o_depth_i != 8 & s_mem_o_depth_i != 9 & s_mem_o_depth_i != 10 & s_mem_o_depth_i != 11 & s_mem_o_depth_i != 12 & s_mem_o_depth_i != 13 & s_mem_o_depth_i != 14 & s_mem_o_depth_i != 15 & s_mem_o_depth_i != 16)> <Delay = 0.00>
ST_12 : Operation 1197 [1/1] (0.00ns)   --->   "%br_ln70 = br void %arrayidx1266.exit3526.i" [./conv.h:70->top_wrapper.cpp:123]   --->   Operation 1197 'br' 'br_ln70' <Predicate = (icmp_ln56_1 & s_mem_o_i == 3 & s_mem_o_depth_i == 16)> <Delay = 0.00>
ST_12 : Operation 1198 [1/1] (0.00ns)   --->   "%br_ln70 = br void %arrayidx1266.exit3526.i" [./conv.h:70->top_wrapper.cpp:123]   --->   Operation 1198 'br' 'br_ln70' <Predicate = (icmp_ln56_1 & s_mem_o_i == 3 & s_mem_o_depth_i == 15)> <Delay = 0.00>
ST_12 : Operation 1199 [1/1] (0.00ns)   --->   "%br_ln70 = br void %arrayidx1266.exit3526.i" [./conv.h:70->top_wrapper.cpp:123]   --->   Operation 1199 'br' 'br_ln70' <Predicate = (icmp_ln56_1 & s_mem_o_i == 3 & s_mem_o_depth_i == 14)> <Delay = 0.00>
ST_12 : Operation 1200 [1/1] (0.00ns)   --->   "%br_ln70 = br void %arrayidx1266.exit3526.i" [./conv.h:70->top_wrapper.cpp:123]   --->   Operation 1200 'br' 'br_ln70' <Predicate = (icmp_ln56_1 & s_mem_o_i == 3 & s_mem_o_depth_i == 13)> <Delay = 0.00>
ST_12 : Operation 1201 [1/1] (0.00ns)   --->   "%br_ln70 = br void %arrayidx1266.exit3526.i" [./conv.h:70->top_wrapper.cpp:123]   --->   Operation 1201 'br' 'br_ln70' <Predicate = (icmp_ln56_1 & s_mem_o_i == 3 & s_mem_o_depth_i == 12)> <Delay = 0.00>
ST_12 : Operation 1202 [1/1] (0.00ns)   --->   "%br_ln70 = br void %arrayidx1266.exit3526.i" [./conv.h:70->top_wrapper.cpp:123]   --->   Operation 1202 'br' 'br_ln70' <Predicate = (icmp_ln56_1 & s_mem_o_i == 3 & s_mem_o_depth_i == 11)> <Delay = 0.00>
ST_12 : Operation 1203 [1/1] (0.00ns)   --->   "%br_ln70 = br void %arrayidx1266.exit3526.i" [./conv.h:70->top_wrapper.cpp:123]   --->   Operation 1203 'br' 'br_ln70' <Predicate = (icmp_ln56_1 & s_mem_o_i == 3 & s_mem_o_depth_i == 10)> <Delay = 0.00>
ST_12 : Operation 1204 [1/1] (0.00ns)   --->   "%br_ln70 = br void %arrayidx1266.exit3526.i" [./conv.h:70->top_wrapper.cpp:123]   --->   Operation 1204 'br' 'br_ln70' <Predicate = (icmp_ln56_1 & s_mem_o_i == 3 & s_mem_o_depth_i == 9)> <Delay = 0.00>
ST_12 : Operation 1205 [1/1] (0.00ns)   --->   "%br_ln70 = br void %arrayidx1266.exit3526.i" [./conv.h:70->top_wrapper.cpp:123]   --->   Operation 1205 'br' 'br_ln70' <Predicate = (icmp_ln56_1 & s_mem_o_i == 3 & s_mem_o_depth_i == 8)> <Delay = 0.00>
ST_12 : Operation 1206 [1/1] (0.00ns)   --->   "%br_ln70 = br void %arrayidx1266.exit3526.i" [./conv.h:70->top_wrapper.cpp:123]   --->   Operation 1206 'br' 'br_ln70' <Predicate = (icmp_ln56_1 & s_mem_o_i == 3 & s_mem_o_depth_i == 7)> <Delay = 0.00>
ST_12 : Operation 1207 [1/1] (0.00ns)   --->   "%br_ln70 = br void %arrayidx1266.exit3526.i" [./conv.h:70->top_wrapper.cpp:123]   --->   Operation 1207 'br' 'br_ln70' <Predicate = (icmp_ln56_1 & s_mem_o_i == 3 & s_mem_o_depth_i == 6)> <Delay = 0.00>
ST_12 : Operation 1208 [1/1] (0.00ns)   --->   "%br_ln70 = br void %arrayidx1266.exit3526.i" [./conv.h:70->top_wrapper.cpp:123]   --->   Operation 1208 'br' 'br_ln70' <Predicate = (icmp_ln56_1 & s_mem_o_i == 3 & s_mem_o_depth_i == 5)> <Delay = 0.00>
ST_12 : Operation 1209 [1/1] (0.00ns)   --->   "%br_ln70 = br void %arrayidx1266.exit3526.i" [./conv.h:70->top_wrapper.cpp:123]   --->   Operation 1209 'br' 'br_ln70' <Predicate = (icmp_ln56_1 & s_mem_o_i == 3 & s_mem_o_depth_i == 4)> <Delay = 0.00>
ST_12 : Operation 1210 [1/1] (0.00ns)   --->   "%br_ln70 = br void %arrayidx1266.exit3526.i" [./conv.h:70->top_wrapper.cpp:123]   --->   Operation 1210 'br' 'br_ln70' <Predicate = (icmp_ln56_1 & s_mem_o_i == 3 & s_mem_o_depth_i == 3)> <Delay = 0.00>
ST_12 : Operation 1211 [1/1] (0.00ns)   --->   "%br_ln70 = br void %arrayidx1266.exit3526.i" [./conv.h:70->top_wrapper.cpp:123]   --->   Operation 1211 'br' 'br_ln70' <Predicate = (icmp_ln56_1 & s_mem_o_i == 3 & s_mem_o_depth_i == 2)> <Delay = 0.00>
ST_12 : Operation 1212 [1/1] (0.00ns)   --->   "%br_ln70 = br void %arrayidx1266.exit3526.i" [./conv.h:70->top_wrapper.cpp:123]   --->   Operation 1212 'br' 'br_ln70' <Predicate = (icmp_ln56_1 & s_mem_o_i == 3 & s_mem_o_depth_i == 1)> <Delay = 0.00>
ST_12 : Operation 1213 [1/1] (0.00ns)   --->   "%br_ln70 = br void %arrayidx1266.exit3526.i" [./conv.h:70->top_wrapper.cpp:123]   --->   Operation 1213 'br' 'br_ln70' <Predicate = (icmp_ln56_1 & s_mem_o_i == 3 & s_mem_o_depth_i == 0)> <Delay = 0.00>
ST_12 : Operation 1214 [1/1] (0.00ns)   --->   "%br_ln70 = br void %arrayidx1266.exit3526.i" [./conv.h:70->top_wrapper.cpp:123]   --->   Operation 1214 'br' 'br_ln70' <Predicate = (icmp_ln56_1 & s_mem_o_i == 3 & s_mem_o_depth_i != 0 & s_mem_o_depth_i != 1 & s_mem_o_depth_i != 2 & s_mem_o_depth_i != 3 & s_mem_o_depth_i != 4 & s_mem_o_depth_i != 5 & s_mem_o_depth_i != 6 & s_mem_o_depth_i != 7 & s_mem_o_depth_i != 8 & s_mem_o_depth_i != 9 & s_mem_o_depth_i != 10 & s_mem_o_depth_i != 11 & s_mem_o_depth_i != 12 & s_mem_o_depth_i != 13 & s_mem_o_depth_i != 14 & s_mem_o_depth_i != 15 & s_mem_o_depth_i != 16)> <Delay = 0.00>
ST_12 : Operation 1215 [1/1] (0.00ns)   --->   "%br_ln70 = br void %arrayidx1266.exit3506.i" [./conv.h:70->top_wrapper.cpp:123]   --->   Operation 1215 'br' 'br_ln70' <Predicate = (icmp_ln56_1 & s_mem_o_i == 2 & s_mem_o_depth_i == 16)> <Delay = 0.00>
ST_12 : Operation 1216 [1/1] (0.00ns)   --->   "%br_ln70 = br void %arrayidx1266.exit3506.i" [./conv.h:70->top_wrapper.cpp:123]   --->   Operation 1216 'br' 'br_ln70' <Predicate = (icmp_ln56_1 & s_mem_o_i == 2 & s_mem_o_depth_i == 15)> <Delay = 0.00>
ST_12 : Operation 1217 [1/1] (0.00ns)   --->   "%br_ln70 = br void %arrayidx1266.exit3506.i" [./conv.h:70->top_wrapper.cpp:123]   --->   Operation 1217 'br' 'br_ln70' <Predicate = (icmp_ln56_1 & s_mem_o_i == 2 & s_mem_o_depth_i == 14)> <Delay = 0.00>
ST_12 : Operation 1218 [1/1] (0.00ns)   --->   "%br_ln70 = br void %arrayidx1266.exit3506.i" [./conv.h:70->top_wrapper.cpp:123]   --->   Operation 1218 'br' 'br_ln70' <Predicate = (icmp_ln56_1 & s_mem_o_i == 2 & s_mem_o_depth_i == 13)> <Delay = 0.00>
ST_12 : Operation 1219 [1/1] (0.00ns)   --->   "%br_ln70 = br void %arrayidx1266.exit3506.i" [./conv.h:70->top_wrapper.cpp:123]   --->   Operation 1219 'br' 'br_ln70' <Predicate = (icmp_ln56_1 & s_mem_o_i == 2 & s_mem_o_depth_i == 12)> <Delay = 0.00>
ST_12 : Operation 1220 [1/1] (0.00ns)   --->   "%br_ln70 = br void %arrayidx1266.exit3506.i" [./conv.h:70->top_wrapper.cpp:123]   --->   Operation 1220 'br' 'br_ln70' <Predicate = (icmp_ln56_1 & s_mem_o_i == 2 & s_mem_o_depth_i == 11)> <Delay = 0.00>
ST_12 : Operation 1221 [1/1] (0.00ns)   --->   "%br_ln70 = br void %arrayidx1266.exit3506.i" [./conv.h:70->top_wrapper.cpp:123]   --->   Operation 1221 'br' 'br_ln70' <Predicate = (icmp_ln56_1 & s_mem_o_i == 2 & s_mem_o_depth_i == 10)> <Delay = 0.00>
ST_12 : Operation 1222 [1/1] (0.00ns)   --->   "%br_ln70 = br void %arrayidx1266.exit3506.i" [./conv.h:70->top_wrapper.cpp:123]   --->   Operation 1222 'br' 'br_ln70' <Predicate = (icmp_ln56_1 & s_mem_o_i == 2 & s_mem_o_depth_i == 9)> <Delay = 0.00>
ST_12 : Operation 1223 [1/1] (0.00ns)   --->   "%br_ln70 = br void %arrayidx1266.exit3506.i" [./conv.h:70->top_wrapper.cpp:123]   --->   Operation 1223 'br' 'br_ln70' <Predicate = (icmp_ln56_1 & s_mem_o_i == 2 & s_mem_o_depth_i == 8)> <Delay = 0.00>
ST_12 : Operation 1224 [1/1] (0.00ns)   --->   "%br_ln70 = br void %arrayidx1266.exit3506.i" [./conv.h:70->top_wrapper.cpp:123]   --->   Operation 1224 'br' 'br_ln70' <Predicate = (icmp_ln56_1 & s_mem_o_i == 2 & s_mem_o_depth_i == 7)> <Delay = 0.00>
ST_12 : Operation 1225 [1/1] (0.00ns)   --->   "%br_ln70 = br void %arrayidx1266.exit3506.i" [./conv.h:70->top_wrapper.cpp:123]   --->   Operation 1225 'br' 'br_ln70' <Predicate = (icmp_ln56_1 & s_mem_o_i == 2 & s_mem_o_depth_i == 6)> <Delay = 0.00>
ST_12 : Operation 1226 [1/1] (0.00ns)   --->   "%br_ln70 = br void %arrayidx1266.exit3506.i" [./conv.h:70->top_wrapper.cpp:123]   --->   Operation 1226 'br' 'br_ln70' <Predicate = (icmp_ln56_1 & s_mem_o_i == 2 & s_mem_o_depth_i == 5)> <Delay = 0.00>
ST_12 : Operation 1227 [1/1] (0.00ns)   --->   "%br_ln70 = br void %arrayidx1266.exit3506.i" [./conv.h:70->top_wrapper.cpp:123]   --->   Operation 1227 'br' 'br_ln70' <Predicate = (icmp_ln56_1 & s_mem_o_i == 2 & s_mem_o_depth_i == 4)> <Delay = 0.00>
ST_12 : Operation 1228 [1/1] (0.00ns)   --->   "%br_ln70 = br void %arrayidx1266.exit3506.i" [./conv.h:70->top_wrapper.cpp:123]   --->   Operation 1228 'br' 'br_ln70' <Predicate = (icmp_ln56_1 & s_mem_o_i == 2 & s_mem_o_depth_i == 3)> <Delay = 0.00>
ST_12 : Operation 1229 [1/1] (0.00ns)   --->   "%br_ln70 = br void %arrayidx1266.exit3506.i" [./conv.h:70->top_wrapper.cpp:123]   --->   Operation 1229 'br' 'br_ln70' <Predicate = (icmp_ln56_1 & s_mem_o_i == 2 & s_mem_o_depth_i == 2)> <Delay = 0.00>
ST_12 : Operation 1230 [1/1] (0.00ns)   --->   "%br_ln70 = br void %arrayidx1266.exit3506.i" [./conv.h:70->top_wrapper.cpp:123]   --->   Operation 1230 'br' 'br_ln70' <Predicate = (icmp_ln56_1 & s_mem_o_i == 2 & s_mem_o_depth_i == 1)> <Delay = 0.00>
ST_12 : Operation 1231 [1/1] (0.00ns)   --->   "%br_ln70 = br void %arrayidx1266.exit3506.i" [./conv.h:70->top_wrapper.cpp:123]   --->   Operation 1231 'br' 'br_ln70' <Predicate = (icmp_ln56_1 & s_mem_o_i == 2 & s_mem_o_depth_i == 0)> <Delay = 0.00>
ST_12 : Operation 1232 [1/1] (0.00ns)   --->   "%br_ln70 = br void %arrayidx1266.exit3506.i" [./conv.h:70->top_wrapper.cpp:123]   --->   Operation 1232 'br' 'br_ln70' <Predicate = (icmp_ln56_1 & s_mem_o_i == 2 & s_mem_o_depth_i != 0 & s_mem_o_depth_i != 1 & s_mem_o_depth_i != 2 & s_mem_o_depth_i != 3 & s_mem_o_depth_i != 4 & s_mem_o_depth_i != 5 & s_mem_o_depth_i != 6 & s_mem_o_depth_i != 7 & s_mem_o_depth_i != 8 & s_mem_o_depth_i != 9 & s_mem_o_depth_i != 10 & s_mem_o_depth_i != 11 & s_mem_o_depth_i != 12 & s_mem_o_depth_i != 13 & s_mem_o_depth_i != 14 & s_mem_o_depth_i != 15 & s_mem_o_depth_i != 16)> <Delay = 0.00>
ST_12 : Operation 1233 [1/1] (0.00ns)   --->   "%br_ln70 = br void %arrayidx1266.exit3486.i" [./conv.h:70->top_wrapper.cpp:123]   --->   Operation 1233 'br' 'br_ln70' <Predicate = (icmp_ln56_1 & s_mem_o_i == 1 & s_mem_o_depth_i == 16)> <Delay = 0.00>
ST_12 : Operation 1234 [1/1] (0.00ns)   --->   "%br_ln70 = br void %arrayidx1266.exit3486.i" [./conv.h:70->top_wrapper.cpp:123]   --->   Operation 1234 'br' 'br_ln70' <Predicate = (icmp_ln56_1 & s_mem_o_i == 1 & s_mem_o_depth_i == 15)> <Delay = 0.00>
ST_12 : Operation 1235 [1/1] (0.00ns)   --->   "%br_ln70 = br void %arrayidx1266.exit3486.i" [./conv.h:70->top_wrapper.cpp:123]   --->   Operation 1235 'br' 'br_ln70' <Predicate = (icmp_ln56_1 & s_mem_o_i == 1 & s_mem_o_depth_i == 14)> <Delay = 0.00>
ST_12 : Operation 1236 [1/1] (0.00ns)   --->   "%br_ln70 = br void %arrayidx1266.exit3486.i" [./conv.h:70->top_wrapper.cpp:123]   --->   Operation 1236 'br' 'br_ln70' <Predicate = (icmp_ln56_1 & s_mem_o_i == 1 & s_mem_o_depth_i == 13)> <Delay = 0.00>
ST_12 : Operation 1237 [1/1] (0.00ns)   --->   "%br_ln70 = br void %arrayidx1266.exit3486.i" [./conv.h:70->top_wrapper.cpp:123]   --->   Operation 1237 'br' 'br_ln70' <Predicate = (icmp_ln56_1 & s_mem_o_i == 1 & s_mem_o_depth_i == 12)> <Delay = 0.00>
ST_12 : Operation 1238 [1/1] (0.00ns)   --->   "%br_ln70 = br void %arrayidx1266.exit3486.i" [./conv.h:70->top_wrapper.cpp:123]   --->   Operation 1238 'br' 'br_ln70' <Predicate = (icmp_ln56_1 & s_mem_o_i == 1 & s_mem_o_depth_i == 11)> <Delay = 0.00>
ST_12 : Operation 1239 [1/1] (0.00ns)   --->   "%br_ln70 = br void %arrayidx1266.exit3486.i" [./conv.h:70->top_wrapper.cpp:123]   --->   Operation 1239 'br' 'br_ln70' <Predicate = (icmp_ln56_1 & s_mem_o_i == 1 & s_mem_o_depth_i == 10)> <Delay = 0.00>
ST_12 : Operation 1240 [1/1] (0.00ns)   --->   "%br_ln70 = br void %arrayidx1266.exit3486.i" [./conv.h:70->top_wrapper.cpp:123]   --->   Operation 1240 'br' 'br_ln70' <Predicate = (icmp_ln56_1 & s_mem_o_i == 1 & s_mem_o_depth_i == 9)> <Delay = 0.00>
ST_12 : Operation 1241 [1/1] (0.00ns)   --->   "%br_ln70 = br void %arrayidx1266.exit3486.i" [./conv.h:70->top_wrapper.cpp:123]   --->   Operation 1241 'br' 'br_ln70' <Predicate = (icmp_ln56_1 & s_mem_o_i == 1 & s_mem_o_depth_i == 8)> <Delay = 0.00>
ST_12 : Operation 1242 [1/1] (0.00ns)   --->   "%br_ln70 = br void %arrayidx1266.exit3486.i" [./conv.h:70->top_wrapper.cpp:123]   --->   Operation 1242 'br' 'br_ln70' <Predicate = (icmp_ln56_1 & s_mem_o_i == 1 & s_mem_o_depth_i == 7)> <Delay = 0.00>
ST_12 : Operation 1243 [1/1] (0.00ns)   --->   "%br_ln70 = br void %arrayidx1266.exit3486.i" [./conv.h:70->top_wrapper.cpp:123]   --->   Operation 1243 'br' 'br_ln70' <Predicate = (icmp_ln56_1 & s_mem_o_i == 1 & s_mem_o_depth_i == 6)> <Delay = 0.00>
ST_12 : Operation 1244 [1/1] (0.00ns)   --->   "%br_ln70 = br void %arrayidx1266.exit3486.i" [./conv.h:70->top_wrapper.cpp:123]   --->   Operation 1244 'br' 'br_ln70' <Predicate = (icmp_ln56_1 & s_mem_o_i == 1 & s_mem_o_depth_i == 5)> <Delay = 0.00>
ST_12 : Operation 1245 [1/1] (0.00ns)   --->   "%br_ln70 = br void %arrayidx1266.exit3486.i" [./conv.h:70->top_wrapper.cpp:123]   --->   Operation 1245 'br' 'br_ln70' <Predicate = (icmp_ln56_1 & s_mem_o_i == 1 & s_mem_o_depth_i == 4)> <Delay = 0.00>
ST_12 : Operation 1246 [1/1] (0.00ns)   --->   "%br_ln70 = br void %arrayidx1266.exit3486.i" [./conv.h:70->top_wrapper.cpp:123]   --->   Operation 1246 'br' 'br_ln70' <Predicate = (icmp_ln56_1 & s_mem_o_i == 1 & s_mem_o_depth_i == 3)> <Delay = 0.00>
ST_12 : Operation 1247 [1/1] (0.00ns)   --->   "%br_ln70 = br void %arrayidx1266.exit3486.i" [./conv.h:70->top_wrapper.cpp:123]   --->   Operation 1247 'br' 'br_ln70' <Predicate = (icmp_ln56_1 & s_mem_o_i == 1 & s_mem_o_depth_i == 2)> <Delay = 0.00>
ST_12 : Operation 1248 [1/1] (0.00ns)   --->   "%br_ln70 = br void %arrayidx1266.exit3486.i" [./conv.h:70->top_wrapper.cpp:123]   --->   Operation 1248 'br' 'br_ln70' <Predicate = (icmp_ln56_1 & s_mem_o_i == 1 & s_mem_o_depth_i == 1)> <Delay = 0.00>
ST_12 : Operation 1249 [1/1] (0.00ns)   --->   "%br_ln70 = br void %arrayidx1266.exit3486.i" [./conv.h:70->top_wrapper.cpp:123]   --->   Operation 1249 'br' 'br_ln70' <Predicate = (icmp_ln56_1 & s_mem_o_i == 1 & s_mem_o_depth_i == 0)> <Delay = 0.00>
ST_12 : Operation 1250 [1/1] (0.00ns)   --->   "%br_ln70 = br void %arrayidx1266.exit3486.i" [./conv.h:70->top_wrapper.cpp:123]   --->   Operation 1250 'br' 'br_ln70' <Predicate = (icmp_ln56_1 & s_mem_o_i == 1 & s_mem_o_depth_i != 0 & s_mem_o_depth_i != 1 & s_mem_o_depth_i != 2 & s_mem_o_depth_i != 3 & s_mem_o_depth_i != 4 & s_mem_o_depth_i != 5 & s_mem_o_depth_i != 6 & s_mem_o_depth_i != 7 & s_mem_o_depth_i != 8 & s_mem_o_depth_i != 9 & s_mem_o_depth_i != 10 & s_mem_o_depth_i != 11 & s_mem_o_depth_i != 12 & s_mem_o_depth_i != 13 & s_mem_o_depth_i != 14 & s_mem_o_depth_i != 15 & s_mem_o_depth_i != 16)> <Delay = 0.00>
ST_12 : Operation 1251 [1/1] (0.00ns)   --->   "%br_ln70 = br void %arrayidx1266.exit3466.i" [./conv.h:70->top_wrapper.cpp:123]   --->   Operation 1251 'br' 'br_ln70' <Predicate = (icmp_ln56_1 & s_mem_o_i == 0 & s_mem_o_depth_i == 16)> <Delay = 0.00>
ST_12 : Operation 1252 [1/1] (0.00ns)   --->   "%br_ln70 = br void %arrayidx1266.exit3466.i" [./conv.h:70->top_wrapper.cpp:123]   --->   Operation 1252 'br' 'br_ln70' <Predicate = (icmp_ln56_1 & s_mem_o_i == 0 & s_mem_o_depth_i == 15)> <Delay = 0.00>
ST_12 : Operation 1253 [1/1] (0.00ns)   --->   "%br_ln70 = br void %arrayidx1266.exit3466.i" [./conv.h:70->top_wrapper.cpp:123]   --->   Operation 1253 'br' 'br_ln70' <Predicate = (icmp_ln56_1 & s_mem_o_i == 0 & s_mem_o_depth_i == 14)> <Delay = 0.00>
ST_12 : Operation 1254 [1/1] (0.00ns)   --->   "%br_ln70 = br void %arrayidx1266.exit3466.i" [./conv.h:70->top_wrapper.cpp:123]   --->   Operation 1254 'br' 'br_ln70' <Predicate = (icmp_ln56_1 & s_mem_o_i == 0 & s_mem_o_depth_i == 13)> <Delay = 0.00>
ST_12 : Operation 1255 [1/1] (0.00ns)   --->   "%br_ln70 = br void %arrayidx1266.exit3466.i" [./conv.h:70->top_wrapper.cpp:123]   --->   Operation 1255 'br' 'br_ln70' <Predicate = (icmp_ln56_1 & s_mem_o_i == 0 & s_mem_o_depth_i == 12)> <Delay = 0.00>
ST_12 : Operation 1256 [1/1] (0.00ns)   --->   "%br_ln70 = br void %arrayidx1266.exit3466.i" [./conv.h:70->top_wrapper.cpp:123]   --->   Operation 1256 'br' 'br_ln70' <Predicate = (icmp_ln56_1 & s_mem_o_i == 0 & s_mem_o_depth_i == 11)> <Delay = 0.00>
ST_12 : Operation 1257 [1/1] (0.00ns)   --->   "%br_ln70 = br void %arrayidx1266.exit3466.i" [./conv.h:70->top_wrapper.cpp:123]   --->   Operation 1257 'br' 'br_ln70' <Predicate = (icmp_ln56_1 & s_mem_o_i == 0 & s_mem_o_depth_i == 10)> <Delay = 0.00>
ST_12 : Operation 1258 [1/1] (0.00ns)   --->   "%br_ln70 = br void %arrayidx1266.exit3466.i" [./conv.h:70->top_wrapper.cpp:123]   --->   Operation 1258 'br' 'br_ln70' <Predicate = (icmp_ln56_1 & s_mem_o_i == 0 & s_mem_o_depth_i == 9)> <Delay = 0.00>
ST_12 : Operation 1259 [1/1] (0.00ns)   --->   "%br_ln70 = br void %arrayidx1266.exit3466.i" [./conv.h:70->top_wrapper.cpp:123]   --->   Operation 1259 'br' 'br_ln70' <Predicate = (icmp_ln56_1 & s_mem_o_i == 0 & s_mem_o_depth_i == 8)> <Delay = 0.00>
ST_12 : Operation 1260 [1/1] (0.00ns)   --->   "%br_ln70 = br void %arrayidx1266.exit3466.i" [./conv.h:70->top_wrapper.cpp:123]   --->   Operation 1260 'br' 'br_ln70' <Predicate = (icmp_ln56_1 & s_mem_o_i == 0 & s_mem_o_depth_i == 7)> <Delay = 0.00>
ST_12 : Operation 1261 [1/1] (0.00ns)   --->   "%br_ln70 = br void %arrayidx1266.exit3466.i" [./conv.h:70->top_wrapper.cpp:123]   --->   Operation 1261 'br' 'br_ln70' <Predicate = (icmp_ln56_1 & s_mem_o_i == 0 & s_mem_o_depth_i == 6)> <Delay = 0.00>
ST_12 : Operation 1262 [1/1] (0.00ns)   --->   "%br_ln70 = br void %arrayidx1266.exit3466.i" [./conv.h:70->top_wrapper.cpp:123]   --->   Operation 1262 'br' 'br_ln70' <Predicate = (icmp_ln56_1 & s_mem_o_i == 0 & s_mem_o_depth_i == 5)> <Delay = 0.00>
ST_12 : Operation 1263 [1/1] (0.00ns)   --->   "%br_ln70 = br void %arrayidx1266.exit3466.i" [./conv.h:70->top_wrapper.cpp:123]   --->   Operation 1263 'br' 'br_ln70' <Predicate = (icmp_ln56_1 & s_mem_o_i == 0 & s_mem_o_depth_i == 4)> <Delay = 0.00>
ST_12 : Operation 1264 [1/1] (0.00ns)   --->   "%br_ln70 = br void %arrayidx1266.exit3466.i" [./conv.h:70->top_wrapper.cpp:123]   --->   Operation 1264 'br' 'br_ln70' <Predicate = (icmp_ln56_1 & s_mem_o_i == 0 & s_mem_o_depth_i == 3)> <Delay = 0.00>
ST_12 : Operation 1265 [1/1] (0.00ns)   --->   "%br_ln70 = br void %arrayidx1266.exit3466.i" [./conv.h:70->top_wrapper.cpp:123]   --->   Operation 1265 'br' 'br_ln70' <Predicate = (icmp_ln56_1 & s_mem_o_i == 0 & s_mem_o_depth_i == 2)> <Delay = 0.00>
ST_12 : Operation 1266 [1/1] (0.00ns)   --->   "%br_ln70 = br void %arrayidx1266.exit3466.i" [./conv.h:70->top_wrapper.cpp:123]   --->   Operation 1266 'br' 'br_ln70' <Predicate = (icmp_ln56_1 & s_mem_o_i == 0 & s_mem_o_depth_i == 1)> <Delay = 0.00>
ST_12 : Operation 1267 [1/1] (0.00ns)   --->   "%br_ln70 = br void %arrayidx1266.exit3466.i" [./conv.h:70->top_wrapper.cpp:123]   --->   Operation 1267 'br' 'br_ln70' <Predicate = (icmp_ln56_1 & s_mem_o_i == 0 & s_mem_o_depth_i == 0)> <Delay = 0.00>
ST_12 : Operation 1268 [1/1] (0.00ns)   --->   "%br_ln70 = br void %arrayidx1266.exit3466.i" [./conv.h:70->top_wrapper.cpp:123]   --->   Operation 1268 'br' 'br_ln70' <Predicate = (icmp_ln56_1 & s_mem_o_i == 0 & s_mem_o_depth_i != 0 & s_mem_o_depth_i != 1 & s_mem_o_depth_i != 2 & s_mem_o_depth_i != 3 & s_mem_o_depth_i != 4 & s_mem_o_depth_i != 5 & s_mem_o_depth_i != 6 & s_mem_o_depth_i != 7 & s_mem_o_depth_i != 8 & s_mem_o_depth_i != 9 & s_mem_o_depth_i != 10 & s_mem_o_depth_i != 11 & s_mem_o_depth_i != 12 & s_mem_o_depth_i != 13 & s_mem_o_depth_i != 14 & s_mem_o_depth_i != 15 & s_mem_o_depth_i != 16)> <Delay = 0.00>
ST_12 : Operation 1269 [1/1] (0.00ns)   --->   "%br_ln70 = br void %arrayidx1266.exit3946.i" [./conv.h:70->top_wrapper.cpp:123]   --->   Operation 1269 'br' 'br_ln70' <Predicate = (icmp_ln56_1 & s_mem_o_i == 31 & s_mem_o_depth_i == 16) | (icmp_ln56_1 & s_mem_o_i == 30 & s_mem_o_depth_i == 16) | (icmp_ln56_1 & s_mem_o_i == 29 & s_mem_o_depth_i == 16) | (icmp_ln56_1 & s_mem_o_i == 28 & s_mem_o_depth_i == 16) | (icmp_ln56_1 & s_mem_o_i == 27 & s_mem_o_depth_i == 16) | (icmp_ln56_1 & s_mem_o_i == 26 & s_mem_o_depth_i == 16) | (icmp_ln56_1 & s_mem_o_i == 25 & s_mem_o_depth_i == 16) | (icmp_ln56_1 & s_mem_o_i == 24 & s_mem_o_depth_i == 16)> <Delay = 0.00>
ST_12 : Operation 1270 [1/1] (0.00ns)   --->   "%br_ln70 = br void %arrayidx1266.exit3946.i" [./conv.h:70->top_wrapper.cpp:123]   --->   Operation 1270 'br' 'br_ln70' <Predicate = (icmp_ln56_1 & s_mem_o_i == 31 & s_mem_o_depth_i == 15) | (icmp_ln56_1 & s_mem_o_i == 30 & s_mem_o_depth_i == 15) | (icmp_ln56_1 & s_mem_o_i == 29 & s_mem_o_depth_i == 15) | (icmp_ln56_1 & s_mem_o_i == 28 & s_mem_o_depth_i == 15) | (icmp_ln56_1 & s_mem_o_i == 27 & s_mem_o_depth_i == 15) | (icmp_ln56_1 & s_mem_o_i == 26 & s_mem_o_depth_i == 15) | (icmp_ln56_1 & s_mem_o_i == 25 & s_mem_o_depth_i == 15) | (icmp_ln56_1 & s_mem_o_i == 24 & s_mem_o_depth_i == 15)> <Delay = 0.00>
ST_12 : Operation 1271 [1/1] (0.00ns)   --->   "%br_ln70 = br void %arrayidx1266.exit3946.i" [./conv.h:70->top_wrapper.cpp:123]   --->   Operation 1271 'br' 'br_ln70' <Predicate = (icmp_ln56_1 & s_mem_o_i == 31 & s_mem_o_depth_i == 14) | (icmp_ln56_1 & s_mem_o_i == 30 & s_mem_o_depth_i == 14) | (icmp_ln56_1 & s_mem_o_i == 29 & s_mem_o_depth_i == 14) | (icmp_ln56_1 & s_mem_o_i == 28 & s_mem_o_depth_i == 14) | (icmp_ln56_1 & s_mem_o_i == 27 & s_mem_o_depth_i == 14) | (icmp_ln56_1 & s_mem_o_i == 26 & s_mem_o_depth_i == 14) | (icmp_ln56_1 & s_mem_o_i == 25 & s_mem_o_depth_i == 14) | (icmp_ln56_1 & s_mem_o_i == 24 & s_mem_o_depth_i == 14)> <Delay = 0.00>
ST_12 : Operation 1272 [1/1] (0.00ns)   --->   "%br_ln70 = br void %arrayidx1266.exit3946.i" [./conv.h:70->top_wrapper.cpp:123]   --->   Operation 1272 'br' 'br_ln70' <Predicate = (icmp_ln56_1 & s_mem_o_i == 31 & s_mem_o_depth_i == 13) | (icmp_ln56_1 & s_mem_o_i == 30 & s_mem_o_depth_i == 13) | (icmp_ln56_1 & s_mem_o_i == 29 & s_mem_o_depth_i == 13) | (icmp_ln56_1 & s_mem_o_i == 28 & s_mem_o_depth_i == 13) | (icmp_ln56_1 & s_mem_o_i == 27 & s_mem_o_depth_i == 13) | (icmp_ln56_1 & s_mem_o_i == 26 & s_mem_o_depth_i == 13) | (icmp_ln56_1 & s_mem_o_i == 25 & s_mem_o_depth_i == 13) | (icmp_ln56_1 & s_mem_o_i == 24 & s_mem_o_depth_i == 13)> <Delay = 0.00>
ST_12 : Operation 1273 [1/1] (0.00ns)   --->   "%br_ln70 = br void %arrayidx1266.exit3946.i" [./conv.h:70->top_wrapper.cpp:123]   --->   Operation 1273 'br' 'br_ln70' <Predicate = (icmp_ln56_1 & s_mem_o_i == 31 & s_mem_o_depth_i == 12) | (icmp_ln56_1 & s_mem_o_i == 30 & s_mem_o_depth_i == 12) | (icmp_ln56_1 & s_mem_o_i == 29 & s_mem_o_depth_i == 12) | (icmp_ln56_1 & s_mem_o_i == 28 & s_mem_o_depth_i == 12) | (icmp_ln56_1 & s_mem_o_i == 27 & s_mem_o_depth_i == 12) | (icmp_ln56_1 & s_mem_o_i == 26 & s_mem_o_depth_i == 12) | (icmp_ln56_1 & s_mem_o_i == 25 & s_mem_o_depth_i == 12) | (icmp_ln56_1 & s_mem_o_i == 24 & s_mem_o_depth_i == 12)> <Delay = 0.00>
ST_12 : Operation 1274 [1/1] (0.00ns)   --->   "%br_ln70 = br void %arrayidx1266.exit3946.i" [./conv.h:70->top_wrapper.cpp:123]   --->   Operation 1274 'br' 'br_ln70' <Predicate = (icmp_ln56_1 & s_mem_o_i == 31 & s_mem_o_depth_i == 11) | (icmp_ln56_1 & s_mem_o_i == 30 & s_mem_o_depth_i == 11) | (icmp_ln56_1 & s_mem_o_i == 29 & s_mem_o_depth_i == 11) | (icmp_ln56_1 & s_mem_o_i == 28 & s_mem_o_depth_i == 11) | (icmp_ln56_1 & s_mem_o_i == 27 & s_mem_o_depth_i == 11) | (icmp_ln56_1 & s_mem_o_i == 26 & s_mem_o_depth_i == 11) | (icmp_ln56_1 & s_mem_o_i == 25 & s_mem_o_depth_i == 11) | (icmp_ln56_1 & s_mem_o_i == 24 & s_mem_o_depth_i == 11)> <Delay = 0.00>
ST_12 : Operation 1275 [1/1] (0.00ns)   --->   "%br_ln70 = br void %arrayidx1266.exit3946.i" [./conv.h:70->top_wrapper.cpp:123]   --->   Operation 1275 'br' 'br_ln70' <Predicate = (icmp_ln56_1 & s_mem_o_i == 31 & s_mem_o_depth_i == 10) | (icmp_ln56_1 & s_mem_o_i == 30 & s_mem_o_depth_i == 10) | (icmp_ln56_1 & s_mem_o_i == 29 & s_mem_o_depth_i == 10) | (icmp_ln56_1 & s_mem_o_i == 28 & s_mem_o_depth_i == 10) | (icmp_ln56_1 & s_mem_o_i == 27 & s_mem_o_depth_i == 10) | (icmp_ln56_1 & s_mem_o_i == 26 & s_mem_o_depth_i == 10) | (icmp_ln56_1 & s_mem_o_i == 25 & s_mem_o_depth_i == 10) | (icmp_ln56_1 & s_mem_o_i == 24 & s_mem_o_depth_i == 10)> <Delay = 0.00>
ST_12 : Operation 1276 [1/1] (0.00ns)   --->   "%br_ln70 = br void %arrayidx1266.exit3946.i" [./conv.h:70->top_wrapper.cpp:123]   --->   Operation 1276 'br' 'br_ln70' <Predicate = (icmp_ln56_1 & s_mem_o_i == 31 & s_mem_o_depth_i == 9) | (icmp_ln56_1 & s_mem_o_i == 30 & s_mem_o_depth_i == 9) | (icmp_ln56_1 & s_mem_o_i == 29 & s_mem_o_depth_i == 9) | (icmp_ln56_1 & s_mem_o_i == 28 & s_mem_o_depth_i == 9) | (icmp_ln56_1 & s_mem_o_i == 27 & s_mem_o_depth_i == 9) | (icmp_ln56_1 & s_mem_o_i == 26 & s_mem_o_depth_i == 9) | (icmp_ln56_1 & s_mem_o_i == 25 & s_mem_o_depth_i == 9) | (icmp_ln56_1 & s_mem_o_i == 24 & s_mem_o_depth_i == 9)> <Delay = 0.00>
ST_12 : Operation 1277 [1/1] (0.00ns)   --->   "%br_ln70 = br void %arrayidx1266.exit3946.i" [./conv.h:70->top_wrapper.cpp:123]   --->   Operation 1277 'br' 'br_ln70' <Predicate = (icmp_ln56_1 & s_mem_o_i == 31 & s_mem_o_depth_i == 8) | (icmp_ln56_1 & s_mem_o_i == 30 & s_mem_o_depth_i == 8) | (icmp_ln56_1 & s_mem_o_i == 29 & s_mem_o_depth_i == 8) | (icmp_ln56_1 & s_mem_o_i == 28 & s_mem_o_depth_i == 8) | (icmp_ln56_1 & s_mem_o_i == 27 & s_mem_o_depth_i == 8) | (icmp_ln56_1 & s_mem_o_i == 26 & s_mem_o_depth_i == 8) | (icmp_ln56_1 & s_mem_o_i == 25 & s_mem_o_depth_i == 8) | (icmp_ln56_1 & s_mem_o_i == 24 & s_mem_o_depth_i == 8)> <Delay = 0.00>
ST_12 : Operation 1278 [1/1] (0.00ns)   --->   "%br_ln70 = br void %arrayidx1266.exit3946.i" [./conv.h:70->top_wrapper.cpp:123]   --->   Operation 1278 'br' 'br_ln70' <Predicate = (icmp_ln56_1 & s_mem_o_i == 31 & s_mem_o_depth_i == 7) | (icmp_ln56_1 & s_mem_o_i == 30 & s_mem_o_depth_i == 7) | (icmp_ln56_1 & s_mem_o_i == 29 & s_mem_o_depth_i == 7) | (icmp_ln56_1 & s_mem_o_i == 28 & s_mem_o_depth_i == 7) | (icmp_ln56_1 & s_mem_o_i == 27 & s_mem_o_depth_i == 7) | (icmp_ln56_1 & s_mem_o_i == 26 & s_mem_o_depth_i == 7) | (icmp_ln56_1 & s_mem_o_i == 25 & s_mem_o_depth_i == 7) | (icmp_ln56_1 & s_mem_o_i == 24 & s_mem_o_depth_i == 7)> <Delay = 0.00>
ST_12 : Operation 1279 [1/1] (0.00ns)   --->   "%br_ln70 = br void %arrayidx1266.exit3946.i" [./conv.h:70->top_wrapper.cpp:123]   --->   Operation 1279 'br' 'br_ln70' <Predicate = (icmp_ln56_1 & s_mem_o_i == 31 & s_mem_o_depth_i == 6) | (icmp_ln56_1 & s_mem_o_i == 30 & s_mem_o_depth_i == 6) | (icmp_ln56_1 & s_mem_o_i == 29 & s_mem_o_depth_i == 6) | (icmp_ln56_1 & s_mem_o_i == 28 & s_mem_o_depth_i == 6) | (icmp_ln56_1 & s_mem_o_i == 27 & s_mem_o_depth_i == 6) | (icmp_ln56_1 & s_mem_o_i == 26 & s_mem_o_depth_i == 6) | (icmp_ln56_1 & s_mem_o_i == 25 & s_mem_o_depth_i == 6) | (icmp_ln56_1 & s_mem_o_i == 24 & s_mem_o_depth_i == 6)> <Delay = 0.00>
ST_12 : Operation 1280 [1/1] (0.00ns)   --->   "%br_ln70 = br void %arrayidx1266.exit3946.i" [./conv.h:70->top_wrapper.cpp:123]   --->   Operation 1280 'br' 'br_ln70' <Predicate = (icmp_ln56_1 & s_mem_o_i == 31 & s_mem_o_depth_i == 5) | (icmp_ln56_1 & s_mem_o_i == 30 & s_mem_o_depth_i == 5) | (icmp_ln56_1 & s_mem_o_i == 29 & s_mem_o_depth_i == 5) | (icmp_ln56_1 & s_mem_o_i == 28 & s_mem_o_depth_i == 5) | (icmp_ln56_1 & s_mem_o_i == 27 & s_mem_o_depth_i == 5) | (icmp_ln56_1 & s_mem_o_i == 26 & s_mem_o_depth_i == 5) | (icmp_ln56_1 & s_mem_o_i == 25 & s_mem_o_depth_i == 5) | (icmp_ln56_1 & s_mem_o_i == 24 & s_mem_o_depth_i == 5)> <Delay = 0.00>
ST_12 : Operation 1281 [1/1] (0.00ns)   --->   "%br_ln70 = br void %arrayidx1266.exit3946.i" [./conv.h:70->top_wrapper.cpp:123]   --->   Operation 1281 'br' 'br_ln70' <Predicate = (icmp_ln56_1 & s_mem_o_i == 31 & s_mem_o_depth_i == 4) | (icmp_ln56_1 & s_mem_o_i == 30 & s_mem_o_depth_i == 4) | (icmp_ln56_1 & s_mem_o_i == 29 & s_mem_o_depth_i == 4) | (icmp_ln56_1 & s_mem_o_i == 28 & s_mem_o_depth_i == 4) | (icmp_ln56_1 & s_mem_o_i == 27 & s_mem_o_depth_i == 4) | (icmp_ln56_1 & s_mem_o_i == 26 & s_mem_o_depth_i == 4) | (icmp_ln56_1 & s_mem_o_i == 25 & s_mem_o_depth_i == 4) | (icmp_ln56_1 & s_mem_o_i == 24 & s_mem_o_depth_i == 4)> <Delay = 0.00>
ST_12 : Operation 1282 [1/1] (0.00ns)   --->   "%br_ln70 = br void %arrayidx1266.exit3946.i" [./conv.h:70->top_wrapper.cpp:123]   --->   Operation 1282 'br' 'br_ln70' <Predicate = (icmp_ln56_1 & s_mem_o_i == 31 & s_mem_o_depth_i == 3) | (icmp_ln56_1 & s_mem_o_i == 30 & s_mem_o_depth_i == 3) | (icmp_ln56_1 & s_mem_o_i == 29 & s_mem_o_depth_i == 3) | (icmp_ln56_1 & s_mem_o_i == 28 & s_mem_o_depth_i == 3) | (icmp_ln56_1 & s_mem_o_i == 27 & s_mem_o_depth_i == 3) | (icmp_ln56_1 & s_mem_o_i == 26 & s_mem_o_depth_i == 3) | (icmp_ln56_1 & s_mem_o_i == 25 & s_mem_o_depth_i == 3) | (icmp_ln56_1 & s_mem_o_i == 24 & s_mem_o_depth_i == 3)> <Delay = 0.00>
ST_12 : Operation 1283 [1/1] (0.00ns)   --->   "%br_ln70 = br void %arrayidx1266.exit3946.i" [./conv.h:70->top_wrapper.cpp:123]   --->   Operation 1283 'br' 'br_ln70' <Predicate = (icmp_ln56_1 & s_mem_o_i == 31 & s_mem_o_depth_i == 2) | (icmp_ln56_1 & s_mem_o_i == 30 & s_mem_o_depth_i == 2) | (icmp_ln56_1 & s_mem_o_i == 29 & s_mem_o_depth_i == 2) | (icmp_ln56_1 & s_mem_o_i == 28 & s_mem_o_depth_i == 2) | (icmp_ln56_1 & s_mem_o_i == 27 & s_mem_o_depth_i == 2) | (icmp_ln56_1 & s_mem_o_i == 26 & s_mem_o_depth_i == 2) | (icmp_ln56_1 & s_mem_o_i == 25 & s_mem_o_depth_i == 2) | (icmp_ln56_1 & s_mem_o_i == 24 & s_mem_o_depth_i == 2)> <Delay = 0.00>
ST_12 : Operation 1284 [1/1] (0.00ns)   --->   "%br_ln70 = br void %arrayidx1266.exit3946.i" [./conv.h:70->top_wrapper.cpp:123]   --->   Operation 1284 'br' 'br_ln70' <Predicate = (icmp_ln56_1 & s_mem_o_i == 31 & s_mem_o_depth_i == 1) | (icmp_ln56_1 & s_mem_o_i == 30 & s_mem_o_depth_i == 1) | (icmp_ln56_1 & s_mem_o_i == 29 & s_mem_o_depth_i == 1) | (icmp_ln56_1 & s_mem_o_i == 28 & s_mem_o_depth_i == 1) | (icmp_ln56_1 & s_mem_o_i == 27 & s_mem_o_depth_i == 1) | (icmp_ln56_1 & s_mem_o_i == 26 & s_mem_o_depth_i == 1) | (icmp_ln56_1 & s_mem_o_i == 25 & s_mem_o_depth_i == 1) | (icmp_ln56_1 & s_mem_o_i == 24 & s_mem_o_depth_i == 1)> <Delay = 0.00>
ST_12 : Operation 1285 [1/1] (0.00ns)   --->   "%br_ln70 = br void %arrayidx1266.exit3946.i" [./conv.h:70->top_wrapper.cpp:123]   --->   Operation 1285 'br' 'br_ln70' <Predicate = (icmp_ln56_1 & s_mem_o_i == 31 & s_mem_o_depth_i == 0) | (icmp_ln56_1 & s_mem_o_i == 30 & s_mem_o_depth_i == 0) | (icmp_ln56_1 & s_mem_o_i == 29 & s_mem_o_depth_i == 0) | (icmp_ln56_1 & s_mem_o_i == 28 & s_mem_o_depth_i == 0) | (icmp_ln56_1 & s_mem_o_i == 27 & s_mem_o_depth_i == 0) | (icmp_ln56_1 & s_mem_o_i == 26 & s_mem_o_depth_i == 0) | (icmp_ln56_1 & s_mem_o_i == 25 & s_mem_o_depth_i == 0) | (icmp_ln56_1 & s_mem_o_i == 24 & s_mem_o_depth_i == 0)> <Delay = 0.00>
ST_12 : Operation 1286 [1/1] (0.00ns)   --->   "%br_ln70 = br void %arrayidx1266.exit3946.i" [./conv.h:70->top_wrapper.cpp:123]   --->   Operation 1286 'br' 'br_ln70' <Predicate = (icmp_ln56_1 & s_mem_o_i == 31 & s_mem_o_depth_i != 0 & s_mem_o_depth_i != 1 & s_mem_o_depth_i != 2 & s_mem_o_depth_i != 3 & s_mem_o_depth_i != 4 & s_mem_o_depth_i != 5 & s_mem_o_depth_i != 6 & s_mem_o_depth_i != 7 & s_mem_o_depth_i != 8 & s_mem_o_depth_i != 9 & s_mem_o_depth_i != 10 & s_mem_o_depth_i != 11 & s_mem_o_depth_i != 12 & s_mem_o_depth_i != 13 & s_mem_o_depth_i != 14 & s_mem_o_depth_i != 15 & s_mem_o_depth_i != 16) | (icmp_ln56_1 & s_mem_o_i == 30 & s_mem_o_depth_i != 0 & s_mem_o_depth_i != 1 & s_mem_o_depth_i != 2 & s_mem_o_depth_i != 3 & s_mem_o_depth_i != 4 & s_mem_o_depth_i != 5 & s_mem_o_depth_i != 6 & s_mem_o_depth_i != 7 & s_mem_o_depth_i != 8 & s_mem_o_depth_i != 9 & s_mem_o_depth_i != 10 & s_mem_o_depth_i != 11 & s_mem_o_depth_i != 12 & s_mem_o_depth_i != 13 & s_mem_o_depth_i != 14 & s_mem_o_depth_i != 15 & s_mem_o_depth_i != 16) | (icmp_ln56_1 & s_mem_o_i == 29 & s_mem_o_depth_i != 0 & s_mem_o_depth_i != 1 & s_mem_o_depth_i != 2 & s_mem_o_depth_i != 3 & s_mem_o_depth_i != 4 & s_mem_o_depth_i != 5 & s_mem_o_depth_i != 6 & s_mem_o_depth_i != 7 & s_mem_o_depth_i != 8 & s_mem_o_depth_i != 9 & s_mem_o_depth_i != 10 & s_mem_o_depth_i != 11 & s_mem_o_depth_i != 12 & s_mem_o_depth_i != 13 & s_mem_o_depth_i != 14 & s_mem_o_depth_i != 15 & s_mem_o_depth_i != 16) | (icmp_ln56_1 & s_mem_o_i == 28 & s_mem_o_depth_i != 0 & s_mem_o_depth_i != 1 & s_mem_o_depth_i != 2 & s_mem_o_depth_i != 3 & s_mem_o_depth_i != 4 & s_mem_o_depth_i != 5 & s_mem_o_depth_i != 6 & s_mem_o_depth_i != 7 & s_mem_o_depth_i != 8 & s_mem_o_depth_i != 9 & s_mem_o_depth_i != 10 & s_mem_o_depth_i != 11 & s_mem_o_depth_i != 12 & s_mem_o_depth_i != 13 & s_mem_o_depth_i != 14 & s_mem_o_depth_i != 15 & s_mem_o_depth_i != 16) | (icmp_ln56_1 & s_mem_o_i == 27 & s_mem_o_depth_i != 0 & s_mem_o_depth_i != 1 & s_mem_o_depth_i != 2 & s_mem_o_depth_i != 3 & s_mem_o_depth_i != 4 & s_mem_o_depth_i != 5 & s_mem_o_depth_i != 6 & s_mem_o_depth_i != 7 & s_mem_o_depth_i != 8 & s_mem_o_depth_i != 9 & s_mem_o_depth_i != 10 & s_mem_o_depth_i != 11 & s_mem_o_depth_i != 12 & s_mem_o_depth_i != 13 & s_mem_o_depth_i != 14 & s_mem_o_depth_i != 15 & s_mem_o_depth_i != 16) | (icmp_ln56_1 & s_mem_o_i == 26 & s_mem_o_depth_i != 0 & s_mem_o_depth_i != 1 & s_mem_o_depth_i != 2 & s_mem_o_depth_i != 3 & s_mem_o_depth_i != 4 & s_mem_o_depth_i != 5 & s_mem_o_depth_i != 6 & s_mem_o_depth_i != 7 & s_mem_o_depth_i != 8 & s_mem_o_depth_i != 9 & s_mem_o_depth_i != 10 & s_mem_o_depth_i != 11 & s_mem_o_depth_i != 12 & s_mem_o_depth_i != 13 & s_mem_o_depth_i != 14 & s_mem_o_depth_i != 15 & s_mem_o_depth_i != 16) | (icmp_ln56_1 & s_mem_o_i == 25 & s_mem_o_depth_i != 0 & s_mem_o_depth_i != 1 & s_mem_o_depth_i != 2 & s_mem_o_depth_i != 3 & s_mem_o_depth_i != 4 & s_mem_o_depth_i != 5 & s_mem_o_depth_i != 6 & s_mem_o_depth_i != 7 & s_mem_o_depth_i != 8 & s_mem_o_depth_i != 9 & s_mem_o_depth_i != 10 & s_mem_o_depth_i != 11 & s_mem_o_depth_i != 12 & s_mem_o_depth_i != 13 & s_mem_o_depth_i != 14 & s_mem_o_depth_i != 15 & s_mem_o_depth_i != 16) | (icmp_ln56_1 & s_mem_o_i == 24 & s_mem_o_depth_i != 0 & s_mem_o_depth_i != 1 & s_mem_o_depth_i != 2 & s_mem_o_depth_i != 3 & s_mem_o_depth_i != 4 & s_mem_o_depth_i != 5 & s_mem_o_depth_i != 6 & s_mem_o_depth_i != 7 & s_mem_o_depth_i != 8 & s_mem_o_depth_i != 9 & s_mem_o_depth_i != 10 & s_mem_o_depth_i != 11 & s_mem_o_depth_i != 12 & s_mem_o_depth_i != 13 & s_mem_o_depth_i != 14 & s_mem_o_depth_i != 15 & s_mem_o_depth_i != 16)> <Delay = 0.00>

State 13 <SV = 12> <Delay = 3.02>
ST_13 : Operation 1287 [1/2] (3.02ns)   --->   "%mul_ln66 = mul i45 %tmp_98_i, i45 %sext_ln66_4" [./conv.h:66->top_wrapper.cpp:123]   --->   Operation 1287 'mul' 'mul_ln66' <Predicate = true> <Delay = 3.02> <CoreInst = "Multiplier">   --->   Core 3 'Multiplier' <Latency = 1> <II = 1> <Delay = 3.02> <FuncUnit> <Opcode : 'mul'> <InPorts = 2> <OutPorts = 1>
ST_13 : Operation 1288 [1/2] (3.02ns)   --->   "%mul_ln66_1 = mul i45 %tmp_138_i, i45 %sext_ln66_8" [./conv.h:66->top_wrapper.cpp:123]   --->   Operation 1288 'mul' 'mul_ln66_1' <Predicate = true> <Delay = 3.02> <CoreInst = "Multiplier">   --->   Core 3 'Multiplier' <Latency = 1> <II = 1> <Delay = 3.02> <FuncUnit> <Opcode : 'mul'> <InPorts = 2> <OutPorts = 1>
ST_13 : Operation 1289 [1/2] (3.02ns)   --->   "%mul_ln66_2 = mul i45 %tmp_118_i, i45 %sext_ln66_6" [./conv.h:66->top_wrapper.cpp:123]   --->   Operation 1289 'mul' 'mul_ln66_2' <Predicate = true> <Delay = 3.02> <CoreInst = "Multiplier">   --->   Core 3 'Multiplier' <Latency = 1> <II = 1> <Delay = 3.02> <FuncUnit> <Opcode : 'mul'> <InPorts = 2> <OutPorts = 1>
ST_13 : Operation 1290 [1/2] (3.02ns)   --->   "%mul_ln66_3 = mul i45 %tmp_58_i, i45 %sext_ln66" [./conv.h:66->top_wrapper.cpp:123]   --->   Operation 1290 'mul' 'mul_ln66_3' <Predicate = true> <Delay = 3.02> <CoreInst = "Multiplier">   --->   Core 3 'Multiplier' <Latency = 1> <II = 1> <Delay = 3.02> <FuncUnit> <Opcode : 'mul'> <InPorts = 2> <OutPorts = 1>
ST_13 : Operation 1291 [1/2] (3.02ns)   --->   "%mul_ln66_4 = mul i45 %tmp_78_i, i45 %sext_ln66_2" [./conv.h:66->top_wrapper.cpp:123]   --->   Operation 1291 'mul' 'mul_ln66_4' <Predicate = true> <Delay = 3.02> <CoreInst = "Multiplier">   --->   Core 3 'Multiplier' <Latency = 1> <II = 1> <Delay = 3.02> <FuncUnit> <Opcode : 'mul'> <InPorts = 2> <OutPorts = 1>
ST_13 : Operation 1292 [1/2] (3.02ns)   --->   "%mul_ln66_5 = mul i45 %tmp_128_i, i45 %sext_ln66_7" [./conv.h:66->top_wrapper.cpp:123]   --->   Operation 1292 'mul' 'mul_ln66_5' <Predicate = true> <Delay = 3.02> <CoreInst = "Multiplier">   --->   Core 3 'Multiplier' <Latency = 1> <II = 1> <Delay = 3.02> <FuncUnit> <Opcode : 'mul'> <InPorts = 2> <OutPorts = 1>
ST_13 : Operation 1293 [1/2] (3.02ns)   --->   "%mul_ln66_6 = mul i45 %tmp_108_i, i45 %sext_ln66_5" [./conv.h:66->top_wrapper.cpp:123]   --->   Operation 1293 'mul' 'mul_ln66_6' <Predicate = true> <Delay = 3.02> <CoreInst = "Multiplier">   --->   Core 3 'Multiplier' <Latency = 1> <II = 1> <Delay = 3.02> <FuncUnit> <Opcode : 'mul'> <InPorts = 2> <OutPorts = 1>
ST_13 : Operation 1294 [1/2] (3.02ns)   --->   "%mul_ln66_7 = mul i45 %tmp_68_i, i45 %sext_ln66_1" [./conv.h:66->top_wrapper.cpp:123]   --->   Operation 1294 'mul' 'mul_ln66_7' <Predicate = true> <Delay = 3.02> <CoreInst = "Multiplier">   --->   Core 3 'Multiplier' <Latency = 1> <II = 1> <Delay = 3.02> <FuncUnit> <Opcode : 'mul'> <InPorts = 2> <OutPorts = 1>
ST_13 : Operation 1295 [1/2] (3.02ns)   --->   "%mul_ln66_8 = mul i45 %tmp_88_i, i45 %sext_ln66_3" [./conv.h:66->top_wrapper.cpp:123]   --->   Operation 1295 'mul' 'mul_ln66_8' <Predicate = true> <Delay = 3.02> <CoreInst = "Multiplier">   --->   Core 3 'Multiplier' <Latency = 1> <II = 1> <Delay = 3.02> <FuncUnit> <Opcode : 'mul'> <InPorts = 2> <OutPorts = 1>
ST_13 : Operation 1296 [1/1] (0.00ns)   --->   "%br_ln70 = br void %arrayidx1266.exit.i" [./conv.h:70->top_wrapper.cpp:123]   --->   Operation 1296 'br' 'br_ln70' <Predicate = (icmp_ln56_1 & s_mem_o_i == 23)> <Delay = 0.00>
ST_13 : Operation 1297 [1/1] (0.00ns)   --->   "%br_ln70 = br void %arrayidx1266.exit.i" [./conv.h:70->top_wrapper.cpp:123]   --->   Operation 1297 'br' 'br_ln70' <Predicate = (icmp_ln56_1 & s_mem_o_i == 22)> <Delay = 0.00>
ST_13 : Operation 1298 [1/1] (0.00ns)   --->   "%br_ln70 = br void %arrayidx1266.exit.i" [./conv.h:70->top_wrapper.cpp:123]   --->   Operation 1298 'br' 'br_ln70' <Predicate = (icmp_ln56_1 & s_mem_o_i == 21)> <Delay = 0.00>
ST_13 : Operation 1299 [1/1] (0.00ns)   --->   "%br_ln70 = br void %arrayidx1266.exit.i" [./conv.h:70->top_wrapper.cpp:123]   --->   Operation 1299 'br' 'br_ln70' <Predicate = (icmp_ln56_1 & s_mem_o_i == 20)> <Delay = 0.00>
ST_13 : Operation 1300 [1/1] (0.00ns)   --->   "%br_ln70 = br void %arrayidx1266.exit.i" [./conv.h:70->top_wrapper.cpp:123]   --->   Operation 1300 'br' 'br_ln70' <Predicate = (icmp_ln56_1 & s_mem_o_i == 19)> <Delay = 0.00>
ST_13 : Operation 1301 [1/1] (0.00ns)   --->   "%br_ln70 = br void %arrayidx1266.exit.i" [./conv.h:70->top_wrapper.cpp:123]   --->   Operation 1301 'br' 'br_ln70' <Predicate = (icmp_ln56_1 & s_mem_o_i == 18)> <Delay = 0.00>
ST_13 : Operation 1302 [1/1] (0.00ns)   --->   "%br_ln70 = br void %arrayidx1266.exit.i" [./conv.h:70->top_wrapper.cpp:123]   --->   Operation 1302 'br' 'br_ln70' <Predicate = (icmp_ln56_1 & s_mem_o_i == 17)> <Delay = 0.00>
ST_13 : Operation 1303 [1/1] (0.00ns)   --->   "%br_ln70 = br void %arrayidx1266.exit.i" [./conv.h:70->top_wrapper.cpp:123]   --->   Operation 1303 'br' 'br_ln70' <Predicate = (icmp_ln56_1 & s_mem_o_i == 16)> <Delay = 0.00>
ST_13 : Operation 1304 [1/1] (0.00ns)   --->   "%br_ln70 = br void %arrayidx1266.exit.i" [./conv.h:70->top_wrapper.cpp:123]   --->   Operation 1304 'br' 'br_ln70' <Predicate = (icmp_ln56_1 & s_mem_o_i == 15)> <Delay = 0.00>
ST_13 : Operation 1305 [1/1] (0.00ns)   --->   "%br_ln70 = br void %arrayidx1266.exit.i" [./conv.h:70->top_wrapper.cpp:123]   --->   Operation 1305 'br' 'br_ln70' <Predicate = (icmp_ln56_1 & s_mem_o_i == 14)> <Delay = 0.00>
ST_13 : Operation 1306 [1/1] (0.00ns)   --->   "%br_ln70 = br void %arrayidx1266.exit.i" [./conv.h:70->top_wrapper.cpp:123]   --->   Operation 1306 'br' 'br_ln70' <Predicate = (icmp_ln56_1 & s_mem_o_i == 13)> <Delay = 0.00>
ST_13 : Operation 1307 [1/1] (0.00ns)   --->   "%br_ln70 = br void %arrayidx1266.exit.i" [./conv.h:70->top_wrapper.cpp:123]   --->   Operation 1307 'br' 'br_ln70' <Predicate = (icmp_ln56_1 & s_mem_o_i == 12)> <Delay = 0.00>
ST_13 : Operation 1308 [1/1] (0.00ns)   --->   "%br_ln70 = br void %arrayidx1266.exit.i" [./conv.h:70->top_wrapper.cpp:123]   --->   Operation 1308 'br' 'br_ln70' <Predicate = (icmp_ln56_1 & s_mem_o_i == 11)> <Delay = 0.00>
ST_13 : Operation 1309 [1/1] (0.00ns)   --->   "%br_ln70 = br void %arrayidx1266.exit.i" [./conv.h:70->top_wrapper.cpp:123]   --->   Operation 1309 'br' 'br_ln70' <Predicate = (icmp_ln56_1 & s_mem_o_i == 10)> <Delay = 0.00>
ST_13 : Operation 1310 [1/1] (0.00ns)   --->   "%br_ln70 = br void %arrayidx1266.exit.i" [./conv.h:70->top_wrapper.cpp:123]   --->   Operation 1310 'br' 'br_ln70' <Predicate = (icmp_ln56_1 & s_mem_o_i == 9)> <Delay = 0.00>
ST_13 : Operation 1311 [1/1] (0.00ns)   --->   "%br_ln70 = br void %arrayidx1266.exit.i" [./conv.h:70->top_wrapper.cpp:123]   --->   Operation 1311 'br' 'br_ln70' <Predicate = (icmp_ln56_1 & s_mem_o_i == 8)> <Delay = 0.00>
ST_13 : Operation 1312 [1/1] (0.00ns)   --->   "%br_ln70 = br void %arrayidx1266.exit.i" [./conv.h:70->top_wrapper.cpp:123]   --->   Operation 1312 'br' 'br_ln70' <Predicate = (icmp_ln56_1 & s_mem_o_i == 7)> <Delay = 0.00>
ST_13 : Operation 1313 [1/1] (0.00ns)   --->   "%br_ln70 = br void %arrayidx1266.exit.i" [./conv.h:70->top_wrapper.cpp:123]   --->   Operation 1313 'br' 'br_ln70' <Predicate = (icmp_ln56_1 & s_mem_o_i == 6)> <Delay = 0.00>
ST_13 : Operation 1314 [1/1] (0.00ns)   --->   "%br_ln70 = br void %arrayidx1266.exit.i" [./conv.h:70->top_wrapper.cpp:123]   --->   Operation 1314 'br' 'br_ln70' <Predicate = (icmp_ln56_1 & s_mem_o_i == 5)> <Delay = 0.00>
ST_13 : Operation 1315 [1/1] (0.00ns)   --->   "%br_ln70 = br void %arrayidx1266.exit.i" [./conv.h:70->top_wrapper.cpp:123]   --->   Operation 1315 'br' 'br_ln70' <Predicate = (icmp_ln56_1 & s_mem_o_i == 4)> <Delay = 0.00>
ST_13 : Operation 1316 [1/1] (0.00ns)   --->   "%br_ln70 = br void %arrayidx1266.exit.i" [./conv.h:70->top_wrapper.cpp:123]   --->   Operation 1316 'br' 'br_ln70' <Predicate = (icmp_ln56_1 & s_mem_o_i == 3)> <Delay = 0.00>
ST_13 : Operation 1317 [1/1] (0.00ns)   --->   "%br_ln70 = br void %arrayidx1266.exit.i" [./conv.h:70->top_wrapper.cpp:123]   --->   Operation 1317 'br' 'br_ln70' <Predicate = (icmp_ln56_1 & s_mem_o_i == 2)> <Delay = 0.00>
ST_13 : Operation 1318 [1/1] (0.00ns)   --->   "%br_ln70 = br void %arrayidx1266.exit.i" [./conv.h:70->top_wrapper.cpp:123]   --->   Operation 1318 'br' 'br_ln70' <Predicate = (icmp_ln56_1 & s_mem_o_i == 1)> <Delay = 0.00>
ST_13 : Operation 1319 [1/1] (0.00ns)   --->   "%br_ln70 = br void %arrayidx1266.exit.i" [./conv.h:70->top_wrapper.cpp:123]   --->   Operation 1319 'br' 'br_ln70' <Predicate = (icmp_ln56_1 & s_mem_o_i == 0)> <Delay = 0.00>
ST_13 : Operation 1320 [1/1] (0.00ns)   --->   "%br_ln70 = br void %arrayidx1266.exit.i" [./conv.h:70->top_wrapper.cpp:123]   --->   Operation 1320 'br' 'br_ln70' <Predicate = (icmp_ln56_1 & s_mem_o_i == 31) | (icmp_ln56_1 & s_mem_o_i == 30) | (icmp_ln56_1 & s_mem_o_i == 29) | (icmp_ln56_1 & s_mem_o_i == 28) | (icmp_ln56_1 & s_mem_o_i == 27) | (icmp_ln56_1 & s_mem_o_i == 26) | (icmp_ln56_1 & s_mem_o_i == 25) | (icmp_ln56_1 & s_mem_o_i == 24)> <Delay = 0.00>
ST_13 : Operation 1789 [1/1] (0.42ns)   --->   "%ret_ln0 = ret"   --->   Operation 1789 'ret' 'ret_ln0' <Predicate = (icmp_ln53)> <Delay = 0.42>

State 14 <SV = 13> <Delay = 3.02>
ST_14 : Operation 1321 [1/1] (0.00ns)   --->   "%sum_load = load i45 %sum"   --->   Operation 1321 'load' 'sum_load' <Predicate = (!empty)> <Delay = 0.00>
ST_14 : Operation 1322 [1/1] (0.00ns)   --->   "%specloopname_ln0 = specloopname void @_ssdm_op_SpecLoopName, void @L5_L4_L3_str"   --->   Operation 1322 'specloopname' 'specloopname_ln0' <Predicate = true> <Delay = 0.00>
ST_14 : Operation 1323 [1/1] (0.00ns)   --->   "%speclooptripcount_ln0 = speclooptripcount void @_ssdm_op_SpecLoopTripCount, i64 242, i64 242, i64 242"   --->   Operation 1323 'speclooptripcount' 'speclooptripcount_ln0' <Predicate = true> <Delay = 0.00>
ST_14 : Operation 1324 [1/1] (0.44ns)   --->   "%sum_mid2 = select i1 %empty, i45 0, i45 %sum_load" [./conv.h:53->top_wrapper.cpp:123]   --->   Operation 1324 'select' 'sum_mid2' <Predicate = true> <Delay = 0.44> <CoreInst = "Sel">   --->   Core 73 'Sel' <Latency = 0> <II = 1> <Delay = 0.44> <FuncUnit> <Opcode : 'select'> <InPorts = 3> <OutPorts = 1>
ST_14 : Operation 1325 [1/1] (0.00ns)   --->   "%specpipeline_ln57 = specpipeline void @_ssdm_op_SpecPipeline, i32 1, i32 0, i32 0, i32 0, void @empty_20" [./conv.h:57->top_wrapper.cpp:123]   --->   Operation 1325 'specpipeline' 'specpipeline_ln57' <Predicate = true> <Delay = 0.00>
ST_14 : Operation 1326 [1/1] (0.00ns) (grouped into TernaryAdder)   --->   "%add_ln66 = add i45 %mul_ln66_3, i45 %mul_ln66_7" [./conv.h:66->top_wrapper.cpp:123]   --->   Operation 1326 'add' 'add_ln66' <Predicate = true> <Delay = 0.00> <CoreInst = "TAddSub">   --->   Core 10 'TAddSub' <Latency = 0> <II = 1> <Delay = 0.30> <IPBlock> <Opcode : '' 'add' 'sub'> <InPorts = 3> <OutPorts = 1> <Sync> <CReg>
ST_14 : Operation 1327 [1/1] (1.06ns)   --->   "%add_ln66_1 = add i45 %mul_ln66_4, i45 %mul_ln66_8" [./conv.h:66->top_wrapper.cpp:123]   --->   Operation 1327 'add' 'add_ln66_1' <Predicate = true> <Delay = 1.06> <CoreInst = "Adder">   --->   Core 1 'Adder' <Latency = 0> <II = 1> <Delay = 1.06> <FuncUnit> <Opcode : 'add' 'sub'> <InPorts = 2> <OutPorts = 1>
ST_14 : Operation 1328 [1/1] (0.76ns) (root node of TernaryAdder)   --->   "%add_ln66_2 = add i45 %add_ln66_1, i45 %add_ln66" [./conv.h:66->top_wrapper.cpp:123]   --->   Operation 1328 'add' 'add_ln66_2' <Predicate = true> <Delay = 0.76> <CoreInst = "TAddSub">   --->   Core 10 'TAddSub' <Latency = 0> <II = 1> <Delay = 0.30> <IPBlock> <Opcode : '' 'add' 'sub'> <InPorts = 3> <OutPorts = 1> <Sync> <CReg>
ST_14 : Operation 1329 [1/1] (0.00ns) (grouped into TernaryAdder)   --->   "%add_ln66_3 = add i45 %mul_ln66, i45 %mul_ln66_6" [./conv.h:66->top_wrapper.cpp:123]   --->   Operation 1329 'add' 'add_ln66_3' <Predicate = true> <Delay = 0.00> <CoreInst = "TAddSub">   --->   Core 10 'TAddSub' <Latency = 0> <II = 1> <Delay = 0.30> <IPBlock> <Opcode : '' 'add' 'sub'> <InPorts = 3> <OutPorts = 1> <Sync> <CReg>
ST_14 : Operation 1330 [1/1] (0.00ns) (grouped into TernaryAdder)   --->   "%add_ln66_4 = add i45 %mul_ln66_5, i45 %mul_ln66_1" [./conv.h:66->top_wrapper.cpp:123]   --->   Operation 1330 'add' 'add_ln66_4' <Predicate = true> <Delay = 0.00> <CoreInst = "TAddSub">   --->   Core 10 'TAddSub' <Latency = 0> <II = 1> <Delay = 0.30> <IPBlock> <Opcode : '' 'add' 'sub'> <InPorts = 3> <OutPorts = 1> <Sync> <CReg>
ST_14 : Operation 1331 [1/1] (0.76ns) (root node of TernaryAdder)   --->   "%add_ln66_5 = add i45 %add_ln66_4, i45 %mul_ln66_2" [./conv.h:66->top_wrapper.cpp:123]   --->   Operation 1331 'add' 'add_ln66_5' <Predicate = true> <Delay = 0.76> <CoreInst = "TAddSub">   --->   Core 10 'TAddSub' <Latency = 0> <II = 1> <Delay = 0.30> <IPBlock> <Opcode : '' 'add' 'sub'> <InPorts = 3> <OutPorts = 1> <Sync> <CReg>
ST_14 : Operation 1332 [1/1] (0.76ns) (root node of TernaryAdder)   --->   "%add_ln66_6 = add i45 %add_ln66_5, i45 %add_ln66_3" [./conv.h:66->top_wrapper.cpp:123]   --->   Operation 1332 'add' 'add_ln66_6' <Predicate = true> <Delay = 0.76> <CoreInst = "TAddSub">   --->   Core 10 'TAddSub' <Latency = 0> <II = 1> <Delay = 0.30> <IPBlock> <Opcode : '' 'add' 'sub'> <InPorts = 3> <OutPorts = 1> <Sync> <CReg>
ST_14 : Operation 1333 [1/1] (0.00ns) (grouped into TernaryAdder)   --->   "%add_ln66_7 = add i45 %add_ln66_6, i45 %add_ln66_2" [./conv.h:66->top_wrapper.cpp:123]   --->   Operation 1333 'add' 'add_ln66_7' <Predicate = true> <Delay = 0.00> <CoreInst = "TAddSub">   --->   Core 10 'TAddSub' <Latency = 0> <II = 1> <Delay = 0.30> <IPBlock> <Opcode : '' 'add' 'sub'> <InPorts = 3> <OutPorts = 1> <Sync> <CReg>
ST_14 : Operation 1334 [1/1] (0.76ns) (root node of TernaryAdder)   --->   "%sum_1 = add i45 %sum_mid2, i45 %add_ln66_7" [./conv.h:66->top_wrapper.cpp:123]   --->   Operation 1334 'add' 'sum_1' <Predicate = true> <Delay = 0.76> <CoreInst = "TAddSub">   --->   Core 10 'TAddSub' <Latency = 0> <II = 1> <Delay = 0.30> <IPBlock> <Opcode : '' 'add' 'sub'> <InPorts = 3> <OutPorts = 1> <Sync> <CReg>
ST_14 : Operation 1335 [1/1] (0.00ns)   --->   "%trunc_ln56 = trunc i45 %sum_1" [./conv.h:56->top_wrapper.cpp:123]   --->   Operation 1335 'trunc' 'trunc_ln56' <Predicate = true> <Delay = 0.00>
ST_14 : Operation 1336 [1/1] (0.00ns)   --->   "%write_ln70 = write void @_ssdm_op_Write.ap_auto.i32P0A, i32 %out_mem_879, i32 %trunc_ln56" [./conv.h:70->top_wrapper.cpp:123]   --->   Operation 1336 'write' 'write_ln70' <Predicate = (icmp_ln56_1 & s_mem_o_i == 23 & s_mem_o_depth_i == 16)> <Delay = 0.00>
ST_14 : Operation 1337 [1/1] (0.00ns)   --->   "%write_ln70 = write void @_ssdm_op_Write.ap_auto.i32P0A, i32 %out_mem_878, i32 %trunc_ln56" [./conv.h:70->top_wrapper.cpp:123]   --->   Operation 1337 'write' 'write_ln70' <Predicate = (icmp_ln56_1 & s_mem_o_i == 23 & s_mem_o_depth_i == 15)> <Delay = 0.00>
ST_14 : Operation 1338 [1/1] (0.00ns)   --->   "%write_ln70 = write void @_ssdm_op_Write.ap_auto.i32P0A, i32 %out_mem_877, i32 %trunc_ln56" [./conv.h:70->top_wrapper.cpp:123]   --->   Operation 1338 'write' 'write_ln70' <Predicate = (icmp_ln56_1 & s_mem_o_i == 23 & s_mem_o_depth_i == 14)> <Delay = 0.00>
ST_14 : Operation 1339 [1/1] (0.00ns)   --->   "%write_ln70 = write void @_ssdm_op_Write.ap_auto.i32P0A, i32 %out_mem_876, i32 %trunc_ln56" [./conv.h:70->top_wrapper.cpp:123]   --->   Operation 1339 'write' 'write_ln70' <Predicate = (icmp_ln56_1 & s_mem_o_i == 23 & s_mem_o_depth_i == 13)> <Delay = 0.00>
ST_14 : Operation 1340 [1/1] (0.00ns)   --->   "%write_ln70 = write void @_ssdm_op_Write.ap_auto.i32P0A, i32 %out_mem_875, i32 %trunc_ln56" [./conv.h:70->top_wrapper.cpp:123]   --->   Operation 1340 'write' 'write_ln70' <Predicate = (icmp_ln56_1 & s_mem_o_i == 23 & s_mem_o_depth_i == 12)> <Delay = 0.00>
ST_14 : Operation 1341 [1/1] (0.00ns)   --->   "%write_ln70 = write void @_ssdm_op_Write.ap_auto.i32P0A, i32 %out_mem_874, i32 %trunc_ln56" [./conv.h:70->top_wrapper.cpp:123]   --->   Operation 1341 'write' 'write_ln70' <Predicate = (icmp_ln56_1 & s_mem_o_i == 23 & s_mem_o_depth_i == 11)> <Delay = 0.00>
ST_14 : Operation 1342 [1/1] (0.00ns)   --->   "%write_ln70 = write void @_ssdm_op_Write.ap_auto.i32P0A, i32 %out_mem_873, i32 %trunc_ln56" [./conv.h:70->top_wrapper.cpp:123]   --->   Operation 1342 'write' 'write_ln70' <Predicate = (icmp_ln56_1 & s_mem_o_i == 23 & s_mem_o_depth_i == 10)> <Delay = 0.00>
ST_14 : Operation 1343 [1/1] (0.00ns)   --->   "%write_ln70 = write void @_ssdm_op_Write.ap_auto.i32P0A, i32 %out_mem_872, i32 %trunc_ln56" [./conv.h:70->top_wrapper.cpp:123]   --->   Operation 1343 'write' 'write_ln70' <Predicate = (icmp_ln56_1 & s_mem_o_i == 23 & s_mem_o_depth_i == 9)> <Delay = 0.00>
ST_14 : Operation 1344 [1/1] (0.00ns)   --->   "%write_ln70 = write void @_ssdm_op_Write.ap_auto.i32P0A, i32 %out_mem_871, i32 %trunc_ln56" [./conv.h:70->top_wrapper.cpp:123]   --->   Operation 1344 'write' 'write_ln70' <Predicate = (icmp_ln56_1 & s_mem_o_i == 23 & s_mem_o_depth_i == 8)> <Delay = 0.00>
ST_14 : Operation 1345 [1/1] (0.00ns)   --->   "%write_ln70 = write void @_ssdm_op_Write.ap_auto.i32P0A, i32 %out_mem_870, i32 %trunc_ln56" [./conv.h:70->top_wrapper.cpp:123]   --->   Operation 1345 'write' 'write_ln70' <Predicate = (icmp_ln56_1 & s_mem_o_i == 23 & s_mem_o_depth_i == 7)> <Delay = 0.00>
ST_14 : Operation 1346 [1/1] (0.00ns)   --->   "%write_ln70 = write void @_ssdm_op_Write.ap_auto.i32P0A, i32 %out_mem_869, i32 %trunc_ln56" [./conv.h:70->top_wrapper.cpp:123]   --->   Operation 1346 'write' 'write_ln70' <Predicate = (icmp_ln56_1 & s_mem_o_i == 23 & s_mem_o_depth_i == 6)> <Delay = 0.00>
ST_14 : Operation 1347 [1/1] (0.00ns)   --->   "%write_ln70 = write void @_ssdm_op_Write.ap_auto.i32P0A, i32 %out_mem_868, i32 %trunc_ln56" [./conv.h:70->top_wrapper.cpp:123]   --->   Operation 1347 'write' 'write_ln70' <Predicate = (icmp_ln56_1 & s_mem_o_i == 23 & s_mem_o_depth_i == 5)> <Delay = 0.00>
ST_14 : Operation 1348 [1/1] (0.00ns)   --->   "%write_ln70 = write void @_ssdm_op_Write.ap_auto.i32P0A, i32 %out_mem_867, i32 %trunc_ln56" [./conv.h:70->top_wrapper.cpp:123]   --->   Operation 1348 'write' 'write_ln70' <Predicate = (icmp_ln56_1 & s_mem_o_i == 23 & s_mem_o_depth_i == 4)> <Delay = 0.00>
ST_14 : Operation 1349 [1/1] (0.00ns)   --->   "%write_ln70 = write void @_ssdm_op_Write.ap_auto.i32P0A, i32 %out_mem_866, i32 %trunc_ln56" [./conv.h:70->top_wrapper.cpp:123]   --->   Operation 1349 'write' 'write_ln70' <Predicate = (icmp_ln56_1 & s_mem_o_i == 23 & s_mem_o_depth_i == 3)> <Delay = 0.00>
ST_14 : Operation 1350 [1/1] (0.00ns)   --->   "%write_ln70 = write void @_ssdm_op_Write.ap_auto.i32P0A, i32 %out_mem_865, i32 %trunc_ln56" [./conv.h:70->top_wrapper.cpp:123]   --->   Operation 1350 'write' 'write_ln70' <Predicate = (icmp_ln56_1 & s_mem_o_i == 23 & s_mem_o_depth_i == 2)> <Delay = 0.00>
ST_14 : Operation 1351 [1/1] (0.00ns)   --->   "%write_ln70 = write void @_ssdm_op_Write.ap_auto.i32P0A, i32 %out_mem_864, i32 %trunc_ln56" [./conv.h:70->top_wrapper.cpp:123]   --->   Operation 1351 'write' 'write_ln70' <Predicate = (icmp_ln56_1 & s_mem_o_i == 23 & s_mem_o_depth_i == 1)> <Delay = 0.00>
ST_14 : Operation 1352 [1/1] (0.00ns)   --->   "%write_ln70 = write void @_ssdm_op_Write.ap_auto.i32P0A, i32 %out_mem_863, i32 %trunc_ln56" [./conv.h:70->top_wrapper.cpp:123]   --->   Operation 1352 'write' 'write_ln70' <Predicate = (icmp_ln56_1 & s_mem_o_i == 23 & s_mem_o_depth_i == 0)> <Delay = 0.00>
ST_14 : Operation 1353 [1/1] (0.00ns)   --->   "%write_ln70 = write void @_ssdm_op_Write.ap_auto.i32P0A, i32 %out_mem_880, i32 %trunc_ln56" [./conv.h:70->top_wrapper.cpp:123]   --->   Operation 1353 'write' 'write_ln70' <Predicate = (icmp_ln56_1 & s_mem_o_i == 23 & s_mem_o_depth_i != 0 & s_mem_o_depth_i != 1 & s_mem_o_depth_i != 2 & s_mem_o_depth_i != 3 & s_mem_o_depth_i != 4 & s_mem_o_depth_i != 5 & s_mem_o_depth_i != 6 & s_mem_o_depth_i != 7 & s_mem_o_depth_i != 8 & s_mem_o_depth_i != 9 & s_mem_o_depth_i != 10 & s_mem_o_depth_i != 11 & s_mem_o_depth_i != 12 & s_mem_o_depth_i != 13 & s_mem_o_depth_i != 14 & s_mem_o_depth_i != 15 & s_mem_o_depth_i != 16)> <Delay = 0.00>
ST_14 : Operation 1354 [1/1] (0.00ns)   --->   "%write_ln70 = write void @_ssdm_op_Write.ap_auto.i32P0A, i32 %out_mem_861, i32 %trunc_ln56" [./conv.h:70->top_wrapper.cpp:123]   --->   Operation 1354 'write' 'write_ln70' <Predicate = (icmp_ln56_1 & s_mem_o_i == 22 & s_mem_o_depth_i == 16)> <Delay = 0.00>
ST_14 : Operation 1355 [1/1] (0.00ns)   --->   "%write_ln70 = write void @_ssdm_op_Write.ap_auto.i32P0A, i32 %out_mem_860, i32 %trunc_ln56" [./conv.h:70->top_wrapper.cpp:123]   --->   Operation 1355 'write' 'write_ln70' <Predicate = (icmp_ln56_1 & s_mem_o_i == 22 & s_mem_o_depth_i == 15)> <Delay = 0.00>
ST_14 : Operation 1356 [1/1] (0.00ns)   --->   "%write_ln70 = write void @_ssdm_op_Write.ap_auto.i32P0A, i32 %out_mem_859, i32 %trunc_ln56" [./conv.h:70->top_wrapper.cpp:123]   --->   Operation 1356 'write' 'write_ln70' <Predicate = (icmp_ln56_1 & s_mem_o_i == 22 & s_mem_o_depth_i == 14)> <Delay = 0.00>
ST_14 : Operation 1357 [1/1] (0.00ns)   --->   "%write_ln70 = write void @_ssdm_op_Write.ap_auto.i32P0A, i32 %out_mem_858, i32 %trunc_ln56" [./conv.h:70->top_wrapper.cpp:123]   --->   Operation 1357 'write' 'write_ln70' <Predicate = (icmp_ln56_1 & s_mem_o_i == 22 & s_mem_o_depth_i == 13)> <Delay = 0.00>
ST_14 : Operation 1358 [1/1] (0.00ns)   --->   "%write_ln70 = write void @_ssdm_op_Write.ap_auto.i32P0A, i32 %out_mem_857, i32 %trunc_ln56" [./conv.h:70->top_wrapper.cpp:123]   --->   Operation 1358 'write' 'write_ln70' <Predicate = (icmp_ln56_1 & s_mem_o_i == 22 & s_mem_o_depth_i == 12)> <Delay = 0.00>
ST_14 : Operation 1359 [1/1] (0.00ns)   --->   "%write_ln70 = write void @_ssdm_op_Write.ap_auto.i32P0A, i32 %out_mem_856, i32 %trunc_ln56" [./conv.h:70->top_wrapper.cpp:123]   --->   Operation 1359 'write' 'write_ln70' <Predicate = (icmp_ln56_1 & s_mem_o_i == 22 & s_mem_o_depth_i == 11)> <Delay = 0.00>
ST_14 : Operation 1360 [1/1] (0.00ns)   --->   "%write_ln70 = write void @_ssdm_op_Write.ap_auto.i32P0A, i32 %out_mem_855, i32 %trunc_ln56" [./conv.h:70->top_wrapper.cpp:123]   --->   Operation 1360 'write' 'write_ln70' <Predicate = (icmp_ln56_1 & s_mem_o_i == 22 & s_mem_o_depth_i == 10)> <Delay = 0.00>
ST_14 : Operation 1361 [1/1] (0.00ns)   --->   "%write_ln70 = write void @_ssdm_op_Write.ap_auto.i32P0A, i32 %out_mem_854, i32 %trunc_ln56" [./conv.h:70->top_wrapper.cpp:123]   --->   Operation 1361 'write' 'write_ln70' <Predicate = (icmp_ln56_1 & s_mem_o_i == 22 & s_mem_o_depth_i == 9)> <Delay = 0.00>
ST_14 : Operation 1362 [1/1] (0.00ns)   --->   "%write_ln70 = write void @_ssdm_op_Write.ap_auto.i32P0A, i32 %out_mem_853, i32 %trunc_ln56" [./conv.h:70->top_wrapper.cpp:123]   --->   Operation 1362 'write' 'write_ln70' <Predicate = (icmp_ln56_1 & s_mem_o_i == 22 & s_mem_o_depth_i == 8)> <Delay = 0.00>
ST_14 : Operation 1363 [1/1] (0.00ns)   --->   "%write_ln70 = write void @_ssdm_op_Write.ap_auto.i32P0A, i32 %out_mem_852, i32 %trunc_ln56" [./conv.h:70->top_wrapper.cpp:123]   --->   Operation 1363 'write' 'write_ln70' <Predicate = (icmp_ln56_1 & s_mem_o_i == 22 & s_mem_o_depth_i == 7)> <Delay = 0.00>
ST_14 : Operation 1364 [1/1] (0.00ns)   --->   "%write_ln70 = write void @_ssdm_op_Write.ap_auto.i32P0A, i32 %out_mem_851, i32 %trunc_ln56" [./conv.h:70->top_wrapper.cpp:123]   --->   Operation 1364 'write' 'write_ln70' <Predicate = (icmp_ln56_1 & s_mem_o_i == 22 & s_mem_o_depth_i == 6)> <Delay = 0.00>
ST_14 : Operation 1365 [1/1] (0.00ns)   --->   "%write_ln70 = write void @_ssdm_op_Write.ap_auto.i32P0A, i32 %out_mem_850, i32 %trunc_ln56" [./conv.h:70->top_wrapper.cpp:123]   --->   Operation 1365 'write' 'write_ln70' <Predicate = (icmp_ln56_1 & s_mem_o_i == 22 & s_mem_o_depth_i == 5)> <Delay = 0.00>
ST_14 : Operation 1366 [1/1] (0.00ns)   --->   "%write_ln70 = write void @_ssdm_op_Write.ap_auto.i32P0A, i32 %out_mem_849, i32 %trunc_ln56" [./conv.h:70->top_wrapper.cpp:123]   --->   Operation 1366 'write' 'write_ln70' <Predicate = (icmp_ln56_1 & s_mem_o_i == 22 & s_mem_o_depth_i == 4)> <Delay = 0.00>
ST_14 : Operation 1367 [1/1] (0.00ns)   --->   "%write_ln70 = write void @_ssdm_op_Write.ap_auto.i32P0A, i32 %out_mem_848, i32 %trunc_ln56" [./conv.h:70->top_wrapper.cpp:123]   --->   Operation 1367 'write' 'write_ln70' <Predicate = (icmp_ln56_1 & s_mem_o_i == 22 & s_mem_o_depth_i == 3)> <Delay = 0.00>
ST_14 : Operation 1368 [1/1] (0.00ns)   --->   "%write_ln70 = write void @_ssdm_op_Write.ap_auto.i32P0A, i32 %out_mem_847, i32 %trunc_ln56" [./conv.h:70->top_wrapper.cpp:123]   --->   Operation 1368 'write' 'write_ln70' <Predicate = (icmp_ln56_1 & s_mem_o_i == 22 & s_mem_o_depth_i == 2)> <Delay = 0.00>
ST_14 : Operation 1369 [1/1] (0.00ns)   --->   "%write_ln70 = write void @_ssdm_op_Write.ap_auto.i32P0A, i32 %out_mem_846, i32 %trunc_ln56" [./conv.h:70->top_wrapper.cpp:123]   --->   Operation 1369 'write' 'write_ln70' <Predicate = (icmp_ln56_1 & s_mem_o_i == 22 & s_mem_o_depth_i == 1)> <Delay = 0.00>
ST_14 : Operation 1370 [1/1] (0.00ns)   --->   "%write_ln70 = write void @_ssdm_op_Write.ap_auto.i32P0A, i32 %out_mem_845, i32 %trunc_ln56" [./conv.h:70->top_wrapper.cpp:123]   --->   Operation 1370 'write' 'write_ln70' <Predicate = (icmp_ln56_1 & s_mem_o_i == 22 & s_mem_o_depth_i == 0)> <Delay = 0.00>
ST_14 : Operation 1371 [1/1] (0.00ns)   --->   "%write_ln70 = write void @_ssdm_op_Write.ap_auto.i32P0A, i32 %out_mem_862, i32 %trunc_ln56" [./conv.h:70->top_wrapper.cpp:123]   --->   Operation 1371 'write' 'write_ln70' <Predicate = (icmp_ln56_1 & s_mem_o_i == 22 & s_mem_o_depth_i != 0 & s_mem_o_depth_i != 1 & s_mem_o_depth_i != 2 & s_mem_o_depth_i != 3 & s_mem_o_depth_i != 4 & s_mem_o_depth_i != 5 & s_mem_o_depth_i != 6 & s_mem_o_depth_i != 7 & s_mem_o_depth_i != 8 & s_mem_o_depth_i != 9 & s_mem_o_depth_i != 10 & s_mem_o_depth_i != 11 & s_mem_o_depth_i != 12 & s_mem_o_depth_i != 13 & s_mem_o_depth_i != 14 & s_mem_o_depth_i != 15 & s_mem_o_depth_i != 16)> <Delay = 0.00>
ST_14 : Operation 1372 [1/1] (0.00ns)   --->   "%write_ln70 = write void @_ssdm_op_Write.ap_auto.i32P0A, i32 %out_mem_843, i32 %trunc_ln56" [./conv.h:70->top_wrapper.cpp:123]   --->   Operation 1372 'write' 'write_ln70' <Predicate = (icmp_ln56_1 & s_mem_o_i == 21 & s_mem_o_depth_i == 16)> <Delay = 0.00>
ST_14 : Operation 1373 [1/1] (0.00ns)   --->   "%write_ln70 = write void @_ssdm_op_Write.ap_auto.i32P0A, i32 %out_mem_842, i32 %trunc_ln56" [./conv.h:70->top_wrapper.cpp:123]   --->   Operation 1373 'write' 'write_ln70' <Predicate = (icmp_ln56_1 & s_mem_o_i == 21 & s_mem_o_depth_i == 15)> <Delay = 0.00>
ST_14 : Operation 1374 [1/1] (0.00ns)   --->   "%write_ln70 = write void @_ssdm_op_Write.ap_auto.i32P0A, i32 %out_mem_841, i32 %trunc_ln56" [./conv.h:70->top_wrapper.cpp:123]   --->   Operation 1374 'write' 'write_ln70' <Predicate = (icmp_ln56_1 & s_mem_o_i == 21 & s_mem_o_depth_i == 14)> <Delay = 0.00>
ST_14 : Operation 1375 [1/1] (0.00ns)   --->   "%write_ln70 = write void @_ssdm_op_Write.ap_auto.i32P0A, i32 %out_mem_840, i32 %trunc_ln56" [./conv.h:70->top_wrapper.cpp:123]   --->   Operation 1375 'write' 'write_ln70' <Predicate = (icmp_ln56_1 & s_mem_o_i == 21 & s_mem_o_depth_i == 13)> <Delay = 0.00>
ST_14 : Operation 1376 [1/1] (0.00ns)   --->   "%write_ln70 = write void @_ssdm_op_Write.ap_auto.i32P0A, i32 %out_mem_839, i32 %trunc_ln56" [./conv.h:70->top_wrapper.cpp:123]   --->   Operation 1376 'write' 'write_ln70' <Predicate = (icmp_ln56_1 & s_mem_o_i == 21 & s_mem_o_depth_i == 12)> <Delay = 0.00>
ST_14 : Operation 1377 [1/1] (0.00ns)   --->   "%write_ln70 = write void @_ssdm_op_Write.ap_auto.i32P0A, i32 %out_mem_838, i32 %trunc_ln56" [./conv.h:70->top_wrapper.cpp:123]   --->   Operation 1377 'write' 'write_ln70' <Predicate = (icmp_ln56_1 & s_mem_o_i == 21 & s_mem_o_depth_i == 11)> <Delay = 0.00>
ST_14 : Operation 1378 [1/1] (0.00ns)   --->   "%write_ln70 = write void @_ssdm_op_Write.ap_auto.i32P0A, i32 %out_mem_837, i32 %trunc_ln56" [./conv.h:70->top_wrapper.cpp:123]   --->   Operation 1378 'write' 'write_ln70' <Predicate = (icmp_ln56_1 & s_mem_o_i == 21 & s_mem_o_depth_i == 10)> <Delay = 0.00>
ST_14 : Operation 1379 [1/1] (0.00ns)   --->   "%write_ln70 = write void @_ssdm_op_Write.ap_auto.i32P0A, i32 %out_mem_836, i32 %trunc_ln56" [./conv.h:70->top_wrapper.cpp:123]   --->   Operation 1379 'write' 'write_ln70' <Predicate = (icmp_ln56_1 & s_mem_o_i == 21 & s_mem_o_depth_i == 9)> <Delay = 0.00>
ST_14 : Operation 1380 [1/1] (0.00ns)   --->   "%write_ln70 = write void @_ssdm_op_Write.ap_auto.i32P0A, i32 %out_mem_835, i32 %trunc_ln56" [./conv.h:70->top_wrapper.cpp:123]   --->   Operation 1380 'write' 'write_ln70' <Predicate = (icmp_ln56_1 & s_mem_o_i == 21 & s_mem_o_depth_i == 8)> <Delay = 0.00>
ST_14 : Operation 1381 [1/1] (0.00ns)   --->   "%write_ln70 = write void @_ssdm_op_Write.ap_auto.i32P0A, i32 %out_mem_834, i32 %trunc_ln56" [./conv.h:70->top_wrapper.cpp:123]   --->   Operation 1381 'write' 'write_ln70' <Predicate = (icmp_ln56_1 & s_mem_o_i == 21 & s_mem_o_depth_i == 7)> <Delay = 0.00>
ST_14 : Operation 1382 [1/1] (0.00ns)   --->   "%write_ln70 = write void @_ssdm_op_Write.ap_auto.i32P0A, i32 %out_mem_833, i32 %trunc_ln56" [./conv.h:70->top_wrapper.cpp:123]   --->   Operation 1382 'write' 'write_ln70' <Predicate = (icmp_ln56_1 & s_mem_o_i == 21 & s_mem_o_depth_i == 6)> <Delay = 0.00>
ST_14 : Operation 1383 [1/1] (0.00ns)   --->   "%write_ln70 = write void @_ssdm_op_Write.ap_auto.i32P0A, i32 %out_mem_832, i32 %trunc_ln56" [./conv.h:70->top_wrapper.cpp:123]   --->   Operation 1383 'write' 'write_ln70' <Predicate = (icmp_ln56_1 & s_mem_o_i == 21 & s_mem_o_depth_i == 5)> <Delay = 0.00>
ST_14 : Operation 1384 [1/1] (0.00ns)   --->   "%write_ln70 = write void @_ssdm_op_Write.ap_auto.i32P0A, i32 %out_mem_831, i32 %trunc_ln56" [./conv.h:70->top_wrapper.cpp:123]   --->   Operation 1384 'write' 'write_ln70' <Predicate = (icmp_ln56_1 & s_mem_o_i == 21 & s_mem_o_depth_i == 4)> <Delay = 0.00>
ST_14 : Operation 1385 [1/1] (0.00ns)   --->   "%write_ln70 = write void @_ssdm_op_Write.ap_auto.i32P0A, i32 %out_mem_830, i32 %trunc_ln56" [./conv.h:70->top_wrapper.cpp:123]   --->   Operation 1385 'write' 'write_ln70' <Predicate = (icmp_ln56_1 & s_mem_o_i == 21 & s_mem_o_depth_i == 3)> <Delay = 0.00>
ST_14 : Operation 1386 [1/1] (0.00ns)   --->   "%write_ln70 = write void @_ssdm_op_Write.ap_auto.i32P0A, i32 %out_mem_829, i32 %trunc_ln56" [./conv.h:70->top_wrapper.cpp:123]   --->   Operation 1386 'write' 'write_ln70' <Predicate = (icmp_ln56_1 & s_mem_o_i == 21 & s_mem_o_depth_i == 2)> <Delay = 0.00>
ST_14 : Operation 1387 [1/1] (0.00ns)   --->   "%write_ln70 = write void @_ssdm_op_Write.ap_auto.i32P0A, i32 %out_mem_828, i32 %trunc_ln56" [./conv.h:70->top_wrapper.cpp:123]   --->   Operation 1387 'write' 'write_ln70' <Predicate = (icmp_ln56_1 & s_mem_o_i == 21 & s_mem_o_depth_i == 1)> <Delay = 0.00>
ST_14 : Operation 1388 [1/1] (0.00ns)   --->   "%write_ln70 = write void @_ssdm_op_Write.ap_auto.i32P0A, i32 %out_mem_827, i32 %trunc_ln56" [./conv.h:70->top_wrapper.cpp:123]   --->   Operation 1388 'write' 'write_ln70' <Predicate = (icmp_ln56_1 & s_mem_o_i == 21 & s_mem_o_depth_i == 0)> <Delay = 0.00>
ST_14 : Operation 1389 [1/1] (0.00ns)   --->   "%write_ln70 = write void @_ssdm_op_Write.ap_auto.i32P0A, i32 %out_mem_844, i32 %trunc_ln56" [./conv.h:70->top_wrapper.cpp:123]   --->   Operation 1389 'write' 'write_ln70' <Predicate = (icmp_ln56_1 & s_mem_o_i == 21 & s_mem_o_depth_i != 0 & s_mem_o_depth_i != 1 & s_mem_o_depth_i != 2 & s_mem_o_depth_i != 3 & s_mem_o_depth_i != 4 & s_mem_o_depth_i != 5 & s_mem_o_depth_i != 6 & s_mem_o_depth_i != 7 & s_mem_o_depth_i != 8 & s_mem_o_depth_i != 9 & s_mem_o_depth_i != 10 & s_mem_o_depth_i != 11 & s_mem_o_depth_i != 12 & s_mem_o_depth_i != 13 & s_mem_o_depth_i != 14 & s_mem_o_depth_i != 15 & s_mem_o_depth_i != 16)> <Delay = 0.00>
ST_14 : Operation 1390 [1/1] (0.00ns)   --->   "%write_ln70 = write void @_ssdm_op_Write.ap_auto.i32P0A, i32 %out_mem_825, i32 %trunc_ln56" [./conv.h:70->top_wrapper.cpp:123]   --->   Operation 1390 'write' 'write_ln70' <Predicate = (icmp_ln56_1 & s_mem_o_i == 20 & s_mem_o_depth_i == 16)> <Delay = 0.00>
ST_14 : Operation 1391 [1/1] (0.00ns)   --->   "%write_ln70 = write void @_ssdm_op_Write.ap_auto.i32P0A, i32 %out_mem_824, i32 %trunc_ln56" [./conv.h:70->top_wrapper.cpp:123]   --->   Operation 1391 'write' 'write_ln70' <Predicate = (icmp_ln56_1 & s_mem_o_i == 20 & s_mem_o_depth_i == 15)> <Delay = 0.00>
ST_14 : Operation 1392 [1/1] (0.00ns)   --->   "%write_ln70 = write void @_ssdm_op_Write.ap_auto.i32P0A, i32 %out_mem_823, i32 %trunc_ln56" [./conv.h:70->top_wrapper.cpp:123]   --->   Operation 1392 'write' 'write_ln70' <Predicate = (icmp_ln56_1 & s_mem_o_i == 20 & s_mem_o_depth_i == 14)> <Delay = 0.00>
ST_14 : Operation 1393 [1/1] (0.00ns)   --->   "%write_ln70 = write void @_ssdm_op_Write.ap_auto.i32P0A, i32 %out_mem_822, i32 %trunc_ln56" [./conv.h:70->top_wrapper.cpp:123]   --->   Operation 1393 'write' 'write_ln70' <Predicate = (icmp_ln56_1 & s_mem_o_i == 20 & s_mem_o_depth_i == 13)> <Delay = 0.00>
ST_14 : Operation 1394 [1/1] (0.00ns)   --->   "%write_ln70 = write void @_ssdm_op_Write.ap_auto.i32P0A, i32 %out_mem_821, i32 %trunc_ln56" [./conv.h:70->top_wrapper.cpp:123]   --->   Operation 1394 'write' 'write_ln70' <Predicate = (icmp_ln56_1 & s_mem_o_i == 20 & s_mem_o_depth_i == 12)> <Delay = 0.00>
ST_14 : Operation 1395 [1/1] (0.00ns)   --->   "%write_ln70 = write void @_ssdm_op_Write.ap_auto.i32P0A, i32 %out_mem_820, i32 %trunc_ln56" [./conv.h:70->top_wrapper.cpp:123]   --->   Operation 1395 'write' 'write_ln70' <Predicate = (icmp_ln56_1 & s_mem_o_i == 20 & s_mem_o_depth_i == 11)> <Delay = 0.00>
ST_14 : Operation 1396 [1/1] (0.00ns)   --->   "%write_ln70 = write void @_ssdm_op_Write.ap_auto.i32P0A, i32 %out_mem_819, i32 %trunc_ln56" [./conv.h:70->top_wrapper.cpp:123]   --->   Operation 1396 'write' 'write_ln70' <Predicate = (icmp_ln56_1 & s_mem_o_i == 20 & s_mem_o_depth_i == 10)> <Delay = 0.00>
ST_14 : Operation 1397 [1/1] (0.00ns)   --->   "%write_ln70 = write void @_ssdm_op_Write.ap_auto.i32P0A, i32 %out_mem_818, i32 %trunc_ln56" [./conv.h:70->top_wrapper.cpp:123]   --->   Operation 1397 'write' 'write_ln70' <Predicate = (icmp_ln56_1 & s_mem_o_i == 20 & s_mem_o_depth_i == 9)> <Delay = 0.00>
ST_14 : Operation 1398 [1/1] (0.00ns)   --->   "%write_ln70 = write void @_ssdm_op_Write.ap_auto.i32P0A, i32 %out_mem_817, i32 %trunc_ln56" [./conv.h:70->top_wrapper.cpp:123]   --->   Operation 1398 'write' 'write_ln70' <Predicate = (icmp_ln56_1 & s_mem_o_i == 20 & s_mem_o_depth_i == 8)> <Delay = 0.00>
ST_14 : Operation 1399 [1/1] (0.00ns)   --->   "%write_ln70 = write void @_ssdm_op_Write.ap_auto.i32P0A, i32 %out_mem_816, i32 %trunc_ln56" [./conv.h:70->top_wrapper.cpp:123]   --->   Operation 1399 'write' 'write_ln70' <Predicate = (icmp_ln56_1 & s_mem_o_i == 20 & s_mem_o_depth_i == 7)> <Delay = 0.00>
ST_14 : Operation 1400 [1/1] (0.00ns)   --->   "%write_ln70 = write void @_ssdm_op_Write.ap_auto.i32P0A, i32 %out_mem_815, i32 %trunc_ln56" [./conv.h:70->top_wrapper.cpp:123]   --->   Operation 1400 'write' 'write_ln70' <Predicate = (icmp_ln56_1 & s_mem_o_i == 20 & s_mem_o_depth_i == 6)> <Delay = 0.00>
ST_14 : Operation 1401 [1/1] (0.00ns)   --->   "%write_ln70 = write void @_ssdm_op_Write.ap_auto.i32P0A, i32 %out_mem_814, i32 %trunc_ln56" [./conv.h:70->top_wrapper.cpp:123]   --->   Operation 1401 'write' 'write_ln70' <Predicate = (icmp_ln56_1 & s_mem_o_i == 20 & s_mem_o_depth_i == 5)> <Delay = 0.00>
ST_14 : Operation 1402 [1/1] (0.00ns)   --->   "%write_ln70 = write void @_ssdm_op_Write.ap_auto.i32P0A, i32 %out_mem_813, i32 %trunc_ln56" [./conv.h:70->top_wrapper.cpp:123]   --->   Operation 1402 'write' 'write_ln70' <Predicate = (icmp_ln56_1 & s_mem_o_i == 20 & s_mem_o_depth_i == 4)> <Delay = 0.00>
ST_14 : Operation 1403 [1/1] (0.00ns)   --->   "%write_ln70 = write void @_ssdm_op_Write.ap_auto.i32P0A, i32 %out_mem_812, i32 %trunc_ln56" [./conv.h:70->top_wrapper.cpp:123]   --->   Operation 1403 'write' 'write_ln70' <Predicate = (icmp_ln56_1 & s_mem_o_i == 20 & s_mem_o_depth_i == 3)> <Delay = 0.00>
ST_14 : Operation 1404 [1/1] (0.00ns)   --->   "%write_ln70 = write void @_ssdm_op_Write.ap_auto.i32P0A, i32 %out_mem_811, i32 %trunc_ln56" [./conv.h:70->top_wrapper.cpp:123]   --->   Operation 1404 'write' 'write_ln70' <Predicate = (icmp_ln56_1 & s_mem_o_i == 20 & s_mem_o_depth_i == 2)> <Delay = 0.00>
ST_14 : Operation 1405 [1/1] (0.00ns)   --->   "%write_ln70 = write void @_ssdm_op_Write.ap_auto.i32P0A, i32 %out_mem_810, i32 %trunc_ln56" [./conv.h:70->top_wrapper.cpp:123]   --->   Operation 1405 'write' 'write_ln70' <Predicate = (icmp_ln56_1 & s_mem_o_i == 20 & s_mem_o_depth_i == 1)> <Delay = 0.00>
ST_14 : Operation 1406 [1/1] (0.00ns)   --->   "%write_ln70 = write void @_ssdm_op_Write.ap_auto.i32P0A, i32 %out_mem_809, i32 %trunc_ln56" [./conv.h:70->top_wrapper.cpp:123]   --->   Operation 1406 'write' 'write_ln70' <Predicate = (icmp_ln56_1 & s_mem_o_i == 20 & s_mem_o_depth_i == 0)> <Delay = 0.00>
ST_14 : Operation 1407 [1/1] (0.00ns)   --->   "%write_ln70 = write void @_ssdm_op_Write.ap_auto.i32P0A, i32 %out_mem_826, i32 %trunc_ln56" [./conv.h:70->top_wrapper.cpp:123]   --->   Operation 1407 'write' 'write_ln70' <Predicate = (icmp_ln56_1 & s_mem_o_i == 20 & s_mem_o_depth_i != 0 & s_mem_o_depth_i != 1 & s_mem_o_depth_i != 2 & s_mem_o_depth_i != 3 & s_mem_o_depth_i != 4 & s_mem_o_depth_i != 5 & s_mem_o_depth_i != 6 & s_mem_o_depth_i != 7 & s_mem_o_depth_i != 8 & s_mem_o_depth_i != 9 & s_mem_o_depth_i != 10 & s_mem_o_depth_i != 11 & s_mem_o_depth_i != 12 & s_mem_o_depth_i != 13 & s_mem_o_depth_i != 14 & s_mem_o_depth_i != 15 & s_mem_o_depth_i != 16)> <Delay = 0.00>
ST_14 : Operation 1408 [1/1] (0.00ns)   --->   "%write_ln70 = write void @_ssdm_op_Write.ap_auto.i32P0A, i32 %out_mem_807, i32 %trunc_ln56" [./conv.h:70->top_wrapper.cpp:123]   --->   Operation 1408 'write' 'write_ln70' <Predicate = (icmp_ln56_1 & s_mem_o_i == 19 & s_mem_o_depth_i == 16)> <Delay = 0.00>
ST_14 : Operation 1409 [1/1] (0.00ns)   --->   "%write_ln70 = write void @_ssdm_op_Write.ap_auto.i32P0A, i32 %out_mem_806, i32 %trunc_ln56" [./conv.h:70->top_wrapper.cpp:123]   --->   Operation 1409 'write' 'write_ln70' <Predicate = (icmp_ln56_1 & s_mem_o_i == 19 & s_mem_o_depth_i == 15)> <Delay = 0.00>
ST_14 : Operation 1410 [1/1] (0.00ns)   --->   "%write_ln70 = write void @_ssdm_op_Write.ap_auto.i32P0A, i32 %out_mem_805, i32 %trunc_ln56" [./conv.h:70->top_wrapper.cpp:123]   --->   Operation 1410 'write' 'write_ln70' <Predicate = (icmp_ln56_1 & s_mem_o_i == 19 & s_mem_o_depth_i == 14)> <Delay = 0.00>
ST_14 : Operation 1411 [1/1] (0.00ns)   --->   "%write_ln70 = write void @_ssdm_op_Write.ap_auto.i32P0A, i32 %out_mem_804, i32 %trunc_ln56" [./conv.h:70->top_wrapper.cpp:123]   --->   Operation 1411 'write' 'write_ln70' <Predicate = (icmp_ln56_1 & s_mem_o_i == 19 & s_mem_o_depth_i == 13)> <Delay = 0.00>
ST_14 : Operation 1412 [1/1] (0.00ns)   --->   "%write_ln70 = write void @_ssdm_op_Write.ap_auto.i32P0A, i32 %out_mem_803, i32 %trunc_ln56" [./conv.h:70->top_wrapper.cpp:123]   --->   Operation 1412 'write' 'write_ln70' <Predicate = (icmp_ln56_1 & s_mem_o_i == 19 & s_mem_o_depth_i == 12)> <Delay = 0.00>
ST_14 : Operation 1413 [1/1] (0.00ns)   --->   "%write_ln70 = write void @_ssdm_op_Write.ap_auto.i32P0A, i32 %out_mem_802, i32 %trunc_ln56" [./conv.h:70->top_wrapper.cpp:123]   --->   Operation 1413 'write' 'write_ln70' <Predicate = (icmp_ln56_1 & s_mem_o_i == 19 & s_mem_o_depth_i == 11)> <Delay = 0.00>
ST_14 : Operation 1414 [1/1] (0.00ns)   --->   "%write_ln70 = write void @_ssdm_op_Write.ap_auto.i32P0A, i32 %out_mem_801, i32 %trunc_ln56" [./conv.h:70->top_wrapper.cpp:123]   --->   Operation 1414 'write' 'write_ln70' <Predicate = (icmp_ln56_1 & s_mem_o_i == 19 & s_mem_o_depth_i == 10)> <Delay = 0.00>
ST_14 : Operation 1415 [1/1] (0.00ns)   --->   "%write_ln70 = write void @_ssdm_op_Write.ap_auto.i32P0A, i32 %out_mem_800, i32 %trunc_ln56" [./conv.h:70->top_wrapper.cpp:123]   --->   Operation 1415 'write' 'write_ln70' <Predicate = (icmp_ln56_1 & s_mem_o_i == 19 & s_mem_o_depth_i == 9)> <Delay = 0.00>
ST_14 : Operation 1416 [1/1] (0.00ns)   --->   "%write_ln70 = write void @_ssdm_op_Write.ap_auto.i32P0A, i32 %out_mem_799, i32 %trunc_ln56" [./conv.h:70->top_wrapper.cpp:123]   --->   Operation 1416 'write' 'write_ln70' <Predicate = (icmp_ln56_1 & s_mem_o_i == 19 & s_mem_o_depth_i == 8)> <Delay = 0.00>
ST_14 : Operation 1417 [1/1] (0.00ns)   --->   "%write_ln70 = write void @_ssdm_op_Write.ap_auto.i32P0A, i32 %out_mem_798, i32 %trunc_ln56" [./conv.h:70->top_wrapper.cpp:123]   --->   Operation 1417 'write' 'write_ln70' <Predicate = (icmp_ln56_1 & s_mem_o_i == 19 & s_mem_o_depth_i == 7)> <Delay = 0.00>
ST_14 : Operation 1418 [1/1] (0.00ns)   --->   "%write_ln70 = write void @_ssdm_op_Write.ap_auto.i32P0A, i32 %out_mem_797, i32 %trunc_ln56" [./conv.h:70->top_wrapper.cpp:123]   --->   Operation 1418 'write' 'write_ln70' <Predicate = (icmp_ln56_1 & s_mem_o_i == 19 & s_mem_o_depth_i == 6)> <Delay = 0.00>
ST_14 : Operation 1419 [1/1] (0.00ns)   --->   "%write_ln70 = write void @_ssdm_op_Write.ap_auto.i32P0A, i32 %out_mem_796, i32 %trunc_ln56" [./conv.h:70->top_wrapper.cpp:123]   --->   Operation 1419 'write' 'write_ln70' <Predicate = (icmp_ln56_1 & s_mem_o_i == 19 & s_mem_o_depth_i == 5)> <Delay = 0.00>
ST_14 : Operation 1420 [1/1] (0.00ns)   --->   "%write_ln70 = write void @_ssdm_op_Write.ap_auto.i32P0A, i32 %out_mem_795, i32 %trunc_ln56" [./conv.h:70->top_wrapper.cpp:123]   --->   Operation 1420 'write' 'write_ln70' <Predicate = (icmp_ln56_1 & s_mem_o_i == 19 & s_mem_o_depth_i == 4)> <Delay = 0.00>
ST_14 : Operation 1421 [1/1] (0.00ns)   --->   "%write_ln70 = write void @_ssdm_op_Write.ap_auto.i32P0A, i32 %out_mem_794, i32 %trunc_ln56" [./conv.h:70->top_wrapper.cpp:123]   --->   Operation 1421 'write' 'write_ln70' <Predicate = (icmp_ln56_1 & s_mem_o_i == 19 & s_mem_o_depth_i == 3)> <Delay = 0.00>
ST_14 : Operation 1422 [1/1] (0.00ns)   --->   "%write_ln70 = write void @_ssdm_op_Write.ap_auto.i32P0A, i32 %out_mem_793, i32 %trunc_ln56" [./conv.h:70->top_wrapper.cpp:123]   --->   Operation 1422 'write' 'write_ln70' <Predicate = (icmp_ln56_1 & s_mem_o_i == 19 & s_mem_o_depth_i == 2)> <Delay = 0.00>
ST_14 : Operation 1423 [1/1] (0.00ns)   --->   "%write_ln70 = write void @_ssdm_op_Write.ap_auto.i32P0A, i32 %out_mem_792, i32 %trunc_ln56" [./conv.h:70->top_wrapper.cpp:123]   --->   Operation 1423 'write' 'write_ln70' <Predicate = (icmp_ln56_1 & s_mem_o_i == 19 & s_mem_o_depth_i == 1)> <Delay = 0.00>
ST_14 : Operation 1424 [1/1] (0.00ns)   --->   "%write_ln70 = write void @_ssdm_op_Write.ap_auto.i32P0A, i32 %out_mem_791, i32 %trunc_ln56" [./conv.h:70->top_wrapper.cpp:123]   --->   Operation 1424 'write' 'write_ln70' <Predicate = (icmp_ln56_1 & s_mem_o_i == 19 & s_mem_o_depth_i == 0)> <Delay = 0.00>
ST_14 : Operation 1425 [1/1] (0.00ns)   --->   "%write_ln70 = write void @_ssdm_op_Write.ap_auto.i32P0A, i32 %out_mem_808, i32 %trunc_ln56" [./conv.h:70->top_wrapper.cpp:123]   --->   Operation 1425 'write' 'write_ln70' <Predicate = (icmp_ln56_1 & s_mem_o_i == 19 & s_mem_o_depth_i != 0 & s_mem_o_depth_i != 1 & s_mem_o_depth_i != 2 & s_mem_o_depth_i != 3 & s_mem_o_depth_i != 4 & s_mem_o_depth_i != 5 & s_mem_o_depth_i != 6 & s_mem_o_depth_i != 7 & s_mem_o_depth_i != 8 & s_mem_o_depth_i != 9 & s_mem_o_depth_i != 10 & s_mem_o_depth_i != 11 & s_mem_o_depth_i != 12 & s_mem_o_depth_i != 13 & s_mem_o_depth_i != 14 & s_mem_o_depth_i != 15 & s_mem_o_depth_i != 16)> <Delay = 0.00>
ST_14 : Operation 1426 [1/1] (0.00ns)   --->   "%write_ln70 = write void @_ssdm_op_Write.ap_auto.i32P0A, i32 %out_mem_789, i32 %trunc_ln56" [./conv.h:70->top_wrapper.cpp:123]   --->   Operation 1426 'write' 'write_ln70' <Predicate = (icmp_ln56_1 & s_mem_o_i == 18 & s_mem_o_depth_i == 16)> <Delay = 0.00>
ST_14 : Operation 1427 [1/1] (0.00ns)   --->   "%write_ln70 = write void @_ssdm_op_Write.ap_auto.i32P0A, i32 %out_mem_788, i32 %trunc_ln56" [./conv.h:70->top_wrapper.cpp:123]   --->   Operation 1427 'write' 'write_ln70' <Predicate = (icmp_ln56_1 & s_mem_o_i == 18 & s_mem_o_depth_i == 15)> <Delay = 0.00>
ST_14 : Operation 1428 [1/1] (0.00ns)   --->   "%write_ln70 = write void @_ssdm_op_Write.ap_auto.i32P0A, i32 %out_mem_787, i32 %trunc_ln56" [./conv.h:70->top_wrapper.cpp:123]   --->   Operation 1428 'write' 'write_ln70' <Predicate = (icmp_ln56_1 & s_mem_o_i == 18 & s_mem_o_depth_i == 14)> <Delay = 0.00>
ST_14 : Operation 1429 [1/1] (0.00ns)   --->   "%write_ln70 = write void @_ssdm_op_Write.ap_auto.i32P0A, i32 %out_mem_786, i32 %trunc_ln56" [./conv.h:70->top_wrapper.cpp:123]   --->   Operation 1429 'write' 'write_ln70' <Predicate = (icmp_ln56_1 & s_mem_o_i == 18 & s_mem_o_depth_i == 13)> <Delay = 0.00>
ST_14 : Operation 1430 [1/1] (0.00ns)   --->   "%write_ln70 = write void @_ssdm_op_Write.ap_auto.i32P0A, i32 %out_mem_785, i32 %trunc_ln56" [./conv.h:70->top_wrapper.cpp:123]   --->   Operation 1430 'write' 'write_ln70' <Predicate = (icmp_ln56_1 & s_mem_o_i == 18 & s_mem_o_depth_i == 12)> <Delay = 0.00>
ST_14 : Operation 1431 [1/1] (0.00ns)   --->   "%write_ln70 = write void @_ssdm_op_Write.ap_auto.i32P0A, i32 %out_mem_784, i32 %trunc_ln56" [./conv.h:70->top_wrapper.cpp:123]   --->   Operation 1431 'write' 'write_ln70' <Predicate = (icmp_ln56_1 & s_mem_o_i == 18 & s_mem_o_depth_i == 11)> <Delay = 0.00>
ST_14 : Operation 1432 [1/1] (0.00ns)   --->   "%write_ln70 = write void @_ssdm_op_Write.ap_auto.i32P0A, i32 %out_mem_783, i32 %trunc_ln56" [./conv.h:70->top_wrapper.cpp:123]   --->   Operation 1432 'write' 'write_ln70' <Predicate = (icmp_ln56_1 & s_mem_o_i == 18 & s_mem_o_depth_i == 10)> <Delay = 0.00>
ST_14 : Operation 1433 [1/1] (0.00ns)   --->   "%write_ln70 = write void @_ssdm_op_Write.ap_auto.i32P0A, i32 %out_mem_782, i32 %trunc_ln56" [./conv.h:70->top_wrapper.cpp:123]   --->   Operation 1433 'write' 'write_ln70' <Predicate = (icmp_ln56_1 & s_mem_o_i == 18 & s_mem_o_depth_i == 9)> <Delay = 0.00>
ST_14 : Operation 1434 [1/1] (0.00ns)   --->   "%write_ln70 = write void @_ssdm_op_Write.ap_auto.i32P0A, i32 %out_mem_781, i32 %trunc_ln56" [./conv.h:70->top_wrapper.cpp:123]   --->   Operation 1434 'write' 'write_ln70' <Predicate = (icmp_ln56_1 & s_mem_o_i == 18 & s_mem_o_depth_i == 8)> <Delay = 0.00>
ST_14 : Operation 1435 [1/1] (0.00ns)   --->   "%write_ln70 = write void @_ssdm_op_Write.ap_auto.i32P0A, i32 %out_mem_780, i32 %trunc_ln56" [./conv.h:70->top_wrapper.cpp:123]   --->   Operation 1435 'write' 'write_ln70' <Predicate = (icmp_ln56_1 & s_mem_o_i == 18 & s_mem_o_depth_i == 7)> <Delay = 0.00>
ST_14 : Operation 1436 [1/1] (0.00ns)   --->   "%write_ln70 = write void @_ssdm_op_Write.ap_auto.i32P0A, i32 %out_mem_779, i32 %trunc_ln56" [./conv.h:70->top_wrapper.cpp:123]   --->   Operation 1436 'write' 'write_ln70' <Predicate = (icmp_ln56_1 & s_mem_o_i == 18 & s_mem_o_depth_i == 6)> <Delay = 0.00>
ST_14 : Operation 1437 [1/1] (0.00ns)   --->   "%write_ln70 = write void @_ssdm_op_Write.ap_auto.i32P0A, i32 %out_mem_778, i32 %trunc_ln56" [./conv.h:70->top_wrapper.cpp:123]   --->   Operation 1437 'write' 'write_ln70' <Predicate = (icmp_ln56_1 & s_mem_o_i == 18 & s_mem_o_depth_i == 5)> <Delay = 0.00>
ST_14 : Operation 1438 [1/1] (0.00ns)   --->   "%write_ln70 = write void @_ssdm_op_Write.ap_auto.i32P0A, i32 %out_mem_777, i32 %trunc_ln56" [./conv.h:70->top_wrapper.cpp:123]   --->   Operation 1438 'write' 'write_ln70' <Predicate = (icmp_ln56_1 & s_mem_o_i == 18 & s_mem_o_depth_i == 4)> <Delay = 0.00>
ST_14 : Operation 1439 [1/1] (0.00ns)   --->   "%write_ln70 = write void @_ssdm_op_Write.ap_auto.i32P0A, i32 %out_mem_776, i32 %trunc_ln56" [./conv.h:70->top_wrapper.cpp:123]   --->   Operation 1439 'write' 'write_ln70' <Predicate = (icmp_ln56_1 & s_mem_o_i == 18 & s_mem_o_depth_i == 3)> <Delay = 0.00>
ST_14 : Operation 1440 [1/1] (0.00ns)   --->   "%write_ln70 = write void @_ssdm_op_Write.ap_auto.i32P0A, i32 %out_mem_775, i32 %trunc_ln56" [./conv.h:70->top_wrapper.cpp:123]   --->   Operation 1440 'write' 'write_ln70' <Predicate = (icmp_ln56_1 & s_mem_o_i == 18 & s_mem_o_depth_i == 2)> <Delay = 0.00>
ST_14 : Operation 1441 [1/1] (0.00ns)   --->   "%write_ln70 = write void @_ssdm_op_Write.ap_auto.i32P0A, i32 %out_mem_774, i32 %trunc_ln56" [./conv.h:70->top_wrapper.cpp:123]   --->   Operation 1441 'write' 'write_ln70' <Predicate = (icmp_ln56_1 & s_mem_o_i == 18 & s_mem_o_depth_i == 1)> <Delay = 0.00>
ST_14 : Operation 1442 [1/1] (0.00ns)   --->   "%write_ln70 = write void @_ssdm_op_Write.ap_auto.i32P0A, i32 %out_mem_773, i32 %trunc_ln56" [./conv.h:70->top_wrapper.cpp:123]   --->   Operation 1442 'write' 'write_ln70' <Predicate = (icmp_ln56_1 & s_mem_o_i == 18 & s_mem_o_depth_i == 0)> <Delay = 0.00>
ST_14 : Operation 1443 [1/1] (0.00ns)   --->   "%write_ln70 = write void @_ssdm_op_Write.ap_auto.i32P0A, i32 %out_mem_790, i32 %trunc_ln56" [./conv.h:70->top_wrapper.cpp:123]   --->   Operation 1443 'write' 'write_ln70' <Predicate = (icmp_ln56_1 & s_mem_o_i == 18 & s_mem_o_depth_i != 0 & s_mem_o_depth_i != 1 & s_mem_o_depth_i != 2 & s_mem_o_depth_i != 3 & s_mem_o_depth_i != 4 & s_mem_o_depth_i != 5 & s_mem_o_depth_i != 6 & s_mem_o_depth_i != 7 & s_mem_o_depth_i != 8 & s_mem_o_depth_i != 9 & s_mem_o_depth_i != 10 & s_mem_o_depth_i != 11 & s_mem_o_depth_i != 12 & s_mem_o_depth_i != 13 & s_mem_o_depth_i != 14 & s_mem_o_depth_i != 15 & s_mem_o_depth_i != 16)> <Delay = 0.00>
ST_14 : Operation 1444 [1/1] (0.00ns)   --->   "%write_ln70 = write void @_ssdm_op_Write.ap_auto.i32P0A, i32 %out_mem_771, i32 %trunc_ln56" [./conv.h:70->top_wrapper.cpp:123]   --->   Operation 1444 'write' 'write_ln70' <Predicate = (icmp_ln56_1 & s_mem_o_i == 17 & s_mem_o_depth_i == 16)> <Delay = 0.00>
ST_14 : Operation 1445 [1/1] (0.00ns)   --->   "%write_ln70 = write void @_ssdm_op_Write.ap_auto.i32P0A, i32 %out_mem_770, i32 %trunc_ln56" [./conv.h:70->top_wrapper.cpp:123]   --->   Operation 1445 'write' 'write_ln70' <Predicate = (icmp_ln56_1 & s_mem_o_i == 17 & s_mem_o_depth_i == 15)> <Delay = 0.00>
ST_14 : Operation 1446 [1/1] (0.00ns)   --->   "%write_ln70 = write void @_ssdm_op_Write.ap_auto.i32P0A, i32 %out_mem_769, i32 %trunc_ln56" [./conv.h:70->top_wrapper.cpp:123]   --->   Operation 1446 'write' 'write_ln70' <Predicate = (icmp_ln56_1 & s_mem_o_i == 17 & s_mem_o_depth_i == 14)> <Delay = 0.00>
ST_14 : Operation 1447 [1/1] (0.00ns)   --->   "%write_ln70 = write void @_ssdm_op_Write.ap_auto.i32P0A, i32 %out_mem_768, i32 %trunc_ln56" [./conv.h:70->top_wrapper.cpp:123]   --->   Operation 1447 'write' 'write_ln70' <Predicate = (icmp_ln56_1 & s_mem_o_i == 17 & s_mem_o_depth_i == 13)> <Delay = 0.00>
ST_14 : Operation 1448 [1/1] (0.00ns)   --->   "%write_ln70 = write void @_ssdm_op_Write.ap_auto.i32P0A, i32 %out_mem_767, i32 %trunc_ln56" [./conv.h:70->top_wrapper.cpp:123]   --->   Operation 1448 'write' 'write_ln70' <Predicate = (icmp_ln56_1 & s_mem_o_i == 17 & s_mem_o_depth_i == 12)> <Delay = 0.00>
ST_14 : Operation 1449 [1/1] (0.00ns)   --->   "%write_ln70 = write void @_ssdm_op_Write.ap_auto.i32P0A, i32 %out_mem_766, i32 %trunc_ln56" [./conv.h:70->top_wrapper.cpp:123]   --->   Operation 1449 'write' 'write_ln70' <Predicate = (icmp_ln56_1 & s_mem_o_i == 17 & s_mem_o_depth_i == 11)> <Delay = 0.00>
ST_14 : Operation 1450 [1/1] (0.00ns)   --->   "%write_ln70 = write void @_ssdm_op_Write.ap_auto.i32P0A, i32 %out_mem_765, i32 %trunc_ln56" [./conv.h:70->top_wrapper.cpp:123]   --->   Operation 1450 'write' 'write_ln70' <Predicate = (icmp_ln56_1 & s_mem_o_i == 17 & s_mem_o_depth_i == 10)> <Delay = 0.00>
ST_14 : Operation 1451 [1/1] (0.00ns)   --->   "%write_ln70 = write void @_ssdm_op_Write.ap_auto.i32P0A, i32 %out_mem_764, i32 %trunc_ln56" [./conv.h:70->top_wrapper.cpp:123]   --->   Operation 1451 'write' 'write_ln70' <Predicate = (icmp_ln56_1 & s_mem_o_i == 17 & s_mem_o_depth_i == 9)> <Delay = 0.00>
ST_14 : Operation 1452 [1/1] (0.00ns)   --->   "%write_ln70 = write void @_ssdm_op_Write.ap_auto.i32P0A, i32 %out_mem_763, i32 %trunc_ln56" [./conv.h:70->top_wrapper.cpp:123]   --->   Operation 1452 'write' 'write_ln70' <Predicate = (icmp_ln56_1 & s_mem_o_i == 17 & s_mem_o_depth_i == 8)> <Delay = 0.00>
ST_14 : Operation 1453 [1/1] (0.00ns)   --->   "%write_ln70 = write void @_ssdm_op_Write.ap_auto.i32P0A, i32 %out_mem_762, i32 %trunc_ln56" [./conv.h:70->top_wrapper.cpp:123]   --->   Operation 1453 'write' 'write_ln70' <Predicate = (icmp_ln56_1 & s_mem_o_i == 17 & s_mem_o_depth_i == 7)> <Delay = 0.00>
ST_14 : Operation 1454 [1/1] (0.00ns)   --->   "%write_ln70 = write void @_ssdm_op_Write.ap_auto.i32P0A, i32 %out_mem_761, i32 %trunc_ln56" [./conv.h:70->top_wrapper.cpp:123]   --->   Operation 1454 'write' 'write_ln70' <Predicate = (icmp_ln56_1 & s_mem_o_i == 17 & s_mem_o_depth_i == 6)> <Delay = 0.00>
ST_14 : Operation 1455 [1/1] (0.00ns)   --->   "%write_ln70 = write void @_ssdm_op_Write.ap_auto.i32P0A, i32 %out_mem_760, i32 %trunc_ln56" [./conv.h:70->top_wrapper.cpp:123]   --->   Operation 1455 'write' 'write_ln70' <Predicate = (icmp_ln56_1 & s_mem_o_i == 17 & s_mem_o_depth_i == 5)> <Delay = 0.00>
ST_14 : Operation 1456 [1/1] (0.00ns)   --->   "%write_ln70 = write void @_ssdm_op_Write.ap_auto.i32P0A, i32 %out_mem_759, i32 %trunc_ln56" [./conv.h:70->top_wrapper.cpp:123]   --->   Operation 1456 'write' 'write_ln70' <Predicate = (icmp_ln56_1 & s_mem_o_i == 17 & s_mem_o_depth_i == 4)> <Delay = 0.00>
ST_14 : Operation 1457 [1/1] (0.00ns)   --->   "%write_ln70 = write void @_ssdm_op_Write.ap_auto.i32P0A, i32 %out_mem_758, i32 %trunc_ln56" [./conv.h:70->top_wrapper.cpp:123]   --->   Operation 1457 'write' 'write_ln70' <Predicate = (icmp_ln56_1 & s_mem_o_i == 17 & s_mem_o_depth_i == 3)> <Delay = 0.00>
ST_14 : Operation 1458 [1/1] (0.00ns)   --->   "%write_ln70 = write void @_ssdm_op_Write.ap_auto.i32P0A, i32 %out_mem_757, i32 %trunc_ln56" [./conv.h:70->top_wrapper.cpp:123]   --->   Operation 1458 'write' 'write_ln70' <Predicate = (icmp_ln56_1 & s_mem_o_i == 17 & s_mem_o_depth_i == 2)> <Delay = 0.00>
ST_14 : Operation 1459 [1/1] (0.00ns)   --->   "%write_ln70 = write void @_ssdm_op_Write.ap_auto.i32P0A, i32 %out_mem_756, i32 %trunc_ln56" [./conv.h:70->top_wrapper.cpp:123]   --->   Operation 1459 'write' 'write_ln70' <Predicate = (icmp_ln56_1 & s_mem_o_i == 17 & s_mem_o_depth_i == 1)> <Delay = 0.00>
ST_14 : Operation 1460 [1/1] (0.00ns)   --->   "%write_ln70 = write void @_ssdm_op_Write.ap_auto.i32P0A, i32 %out_mem_755, i32 %trunc_ln56" [./conv.h:70->top_wrapper.cpp:123]   --->   Operation 1460 'write' 'write_ln70' <Predicate = (icmp_ln56_1 & s_mem_o_i == 17 & s_mem_o_depth_i == 0)> <Delay = 0.00>
ST_14 : Operation 1461 [1/1] (0.00ns)   --->   "%write_ln70 = write void @_ssdm_op_Write.ap_auto.i32P0A, i32 %out_mem_772, i32 %trunc_ln56" [./conv.h:70->top_wrapper.cpp:123]   --->   Operation 1461 'write' 'write_ln70' <Predicate = (icmp_ln56_1 & s_mem_o_i == 17 & s_mem_o_depth_i != 0 & s_mem_o_depth_i != 1 & s_mem_o_depth_i != 2 & s_mem_o_depth_i != 3 & s_mem_o_depth_i != 4 & s_mem_o_depth_i != 5 & s_mem_o_depth_i != 6 & s_mem_o_depth_i != 7 & s_mem_o_depth_i != 8 & s_mem_o_depth_i != 9 & s_mem_o_depth_i != 10 & s_mem_o_depth_i != 11 & s_mem_o_depth_i != 12 & s_mem_o_depth_i != 13 & s_mem_o_depth_i != 14 & s_mem_o_depth_i != 15 & s_mem_o_depth_i != 16)> <Delay = 0.00>
ST_14 : Operation 1462 [1/1] (0.00ns)   --->   "%write_ln70 = write void @_ssdm_op_Write.ap_auto.i32P0A, i32 %out_mem_753, i32 %trunc_ln56" [./conv.h:70->top_wrapper.cpp:123]   --->   Operation 1462 'write' 'write_ln70' <Predicate = (icmp_ln56_1 & s_mem_o_i == 16 & s_mem_o_depth_i == 16)> <Delay = 0.00>
ST_14 : Operation 1463 [1/1] (0.00ns)   --->   "%write_ln70 = write void @_ssdm_op_Write.ap_auto.i32P0A, i32 %out_mem_752, i32 %trunc_ln56" [./conv.h:70->top_wrapper.cpp:123]   --->   Operation 1463 'write' 'write_ln70' <Predicate = (icmp_ln56_1 & s_mem_o_i == 16 & s_mem_o_depth_i == 15)> <Delay = 0.00>
ST_14 : Operation 1464 [1/1] (0.00ns)   --->   "%write_ln70 = write void @_ssdm_op_Write.ap_auto.i32P0A, i32 %out_mem_751, i32 %trunc_ln56" [./conv.h:70->top_wrapper.cpp:123]   --->   Operation 1464 'write' 'write_ln70' <Predicate = (icmp_ln56_1 & s_mem_o_i == 16 & s_mem_o_depth_i == 14)> <Delay = 0.00>
ST_14 : Operation 1465 [1/1] (0.00ns)   --->   "%write_ln70 = write void @_ssdm_op_Write.ap_auto.i32P0A, i32 %out_mem_750, i32 %trunc_ln56" [./conv.h:70->top_wrapper.cpp:123]   --->   Operation 1465 'write' 'write_ln70' <Predicate = (icmp_ln56_1 & s_mem_o_i == 16 & s_mem_o_depth_i == 13)> <Delay = 0.00>
ST_14 : Operation 1466 [1/1] (0.00ns)   --->   "%write_ln70 = write void @_ssdm_op_Write.ap_auto.i32P0A, i32 %out_mem_749, i32 %trunc_ln56" [./conv.h:70->top_wrapper.cpp:123]   --->   Operation 1466 'write' 'write_ln70' <Predicate = (icmp_ln56_1 & s_mem_o_i == 16 & s_mem_o_depth_i == 12)> <Delay = 0.00>
ST_14 : Operation 1467 [1/1] (0.00ns)   --->   "%write_ln70 = write void @_ssdm_op_Write.ap_auto.i32P0A, i32 %out_mem_748, i32 %trunc_ln56" [./conv.h:70->top_wrapper.cpp:123]   --->   Operation 1467 'write' 'write_ln70' <Predicate = (icmp_ln56_1 & s_mem_o_i == 16 & s_mem_o_depth_i == 11)> <Delay = 0.00>
ST_14 : Operation 1468 [1/1] (0.00ns)   --->   "%write_ln70 = write void @_ssdm_op_Write.ap_auto.i32P0A, i32 %out_mem_747, i32 %trunc_ln56" [./conv.h:70->top_wrapper.cpp:123]   --->   Operation 1468 'write' 'write_ln70' <Predicate = (icmp_ln56_1 & s_mem_o_i == 16 & s_mem_o_depth_i == 10)> <Delay = 0.00>
ST_14 : Operation 1469 [1/1] (0.00ns)   --->   "%write_ln70 = write void @_ssdm_op_Write.ap_auto.i32P0A, i32 %out_mem_746, i32 %trunc_ln56" [./conv.h:70->top_wrapper.cpp:123]   --->   Operation 1469 'write' 'write_ln70' <Predicate = (icmp_ln56_1 & s_mem_o_i == 16 & s_mem_o_depth_i == 9)> <Delay = 0.00>
ST_14 : Operation 1470 [1/1] (0.00ns)   --->   "%write_ln70 = write void @_ssdm_op_Write.ap_auto.i32P0A, i32 %out_mem_745, i32 %trunc_ln56" [./conv.h:70->top_wrapper.cpp:123]   --->   Operation 1470 'write' 'write_ln70' <Predicate = (icmp_ln56_1 & s_mem_o_i == 16 & s_mem_o_depth_i == 8)> <Delay = 0.00>
ST_14 : Operation 1471 [1/1] (0.00ns)   --->   "%write_ln70 = write void @_ssdm_op_Write.ap_auto.i32P0A, i32 %out_mem_744, i32 %trunc_ln56" [./conv.h:70->top_wrapper.cpp:123]   --->   Operation 1471 'write' 'write_ln70' <Predicate = (icmp_ln56_1 & s_mem_o_i == 16 & s_mem_o_depth_i == 7)> <Delay = 0.00>
ST_14 : Operation 1472 [1/1] (0.00ns)   --->   "%write_ln70 = write void @_ssdm_op_Write.ap_auto.i32P0A, i32 %out_mem_743, i32 %trunc_ln56" [./conv.h:70->top_wrapper.cpp:123]   --->   Operation 1472 'write' 'write_ln70' <Predicate = (icmp_ln56_1 & s_mem_o_i == 16 & s_mem_o_depth_i == 6)> <Delay = 0.00>
ST_14 : Operation 1473 [1/1] (0.00ns)   --->   "%write_ln70 = write void @_ssdm_op_Write.ap_auto.i32P0A, i32 %out_mem_742, i32 %trunc_ln56" [./conv.h:70->top_wrapper.cpp:123]   --->   Operation 1473 'write' 'write_ln70' <Predicate = (icmp_ln56_1 & s_mem_o_i == 16 & s_mem_o_depth_i == 5)> <Delay = 0.00>
ST_14 : Operation 1474 [1/1] (0.00ns)   --->   "%write_ln70 = write void @_ssdm_op_Write.ap_auto.i32P0A, i32 %out_mem_741, i32 %trunc_ln56" [./conv.h:70->top_wrapper.cpp:123]   --->   Operation 1474 'write' 'write_ln70' <Predicate = (icmp_ln56_1 & s_mem_o_i == 16 & s_mem_o_depth_i == 4)> <Delay = 0.00>
ST_14 : Operation 1475 [1/1] (0.00ns)   --->   "%write_ln70 = write void @_ssdm_op_Write.ap_auto.i32P0A, i32 %out_mem_740, i32 %trunc_ln56" [./conv.h:70->top_wrapper.cpp:123]   --->   Operation 1475 'write' 'write_ln70' <Predicate = (icmp_ln56_1 & s_mem_o_i == 16 & s_mem_o_depth_i == 3)> <Delay = 0.00>
ST_14 : Operation 1476 [1/1] (0.00ns)   --->   "%write_ln70 = write void @_ssdm_op_Write.ap_auto.i32P0A, i32 %out_mem_739, i32 %trunc_ln56" [./conv.h:70->top_wrapper.cpp:123]   --->   Operation 1476 'write' 'write_ln70' <Predicate = (icmp_ln56_1 & s_mem_o_i == 16 & s_mem_o_depth_i == 2)> <Delay = 0.00>
ST_14 : Operation 1477 [1/1] (0.00ns)   --->   "%write_ln70 = write void @_ssdm_op_Write.ap_auto.i32P0A, i32 %out_mem_738, i32 %trunc_ln56" [./conv.h:70->top_wrapper.cpp:123]   --->   Operation 1477 'write' 'write_ln70' <Predicate = (icmp_ln56_1 & s_mem_o_i == 16 & s_mem_o_depth_i == 1)> <Delay = 0.00>
ST_14 : Operation 1478 [1/1] (0.00ns)   --->   "%write_ln70 = write void @_ssdm_op_Write.ap_auto.i32P0A, i32 %out_mem_737, i32 %trunc_ln56" [./conv.h:70->top_wrapper.cpp:123]   --->   Operation 1478 'write' 'write_ln70' <Predicate = (icmp_ln56_1 & s_mem_o_i == 16 & s_mem_o_depth_i == 0)> <Delay = 0.00>
ST_14 : Operation 1479 [1/1] (0.00ns)   --->   "%write_ln70 = write void @_ssdm_op_Write.ap_auto.i32P0A, i32 %out_mem_754, i32 %trunc_ln56" [./conv.h:70->top_wrapper.cpp:123]   --->   Operation 1479 'write' 'write_ln70' <Predicate = (icmp_ln56_1 & s_mem_o_i == 16 & s_mem_o_depth_i != 0 & s_mem_o_depth_i != 1 & s_mem_o_depth_i != 2 & s_mem_o_depth_i != 3 & s_mem_o_depth_i != 4 & s_mem_o_depth_i != 5 & s_mem_o_depth_i != 6 & s_mem_o_depth_i != 7 & s_mem_o_depth_i != 8 & s_mem_o_depth_i != 9 & s_mem_o_depth_i != 10 & s_mem_o_depth_i != 11 & s_mem_o_depth_i != 12 & s_mem_o_depth_i != 13 & s_mem_o_depth_i != 14 & s_mem_o_depth_i != 15 & s_mem_o_depth_i != 16)> <Delay = 0.00>
ST_14 : Operation 1480 [1/1] (0.00ns)   --->   "%write_ln70 = write void @_ssdm_op_Write.ap_auto.i32P0A, i32 %out_mem_735, i32 %trunc_ln56" [./conv.h:70->top_wrapper.cpp:123]   --->   Operation 1480 'write' 'write_ln70' <Predicate = (icmp_ln56_1 & s_mem_o_i == 15 & s_mem_o_depth_i == 16)> <Delay = 0.00>
ST_14 : Operation 1481 [1/1] (0.00ns)   --->   "%write_ln70 = write void @_ssdm_op_Write.ap_auto.i32P0A, i32 %out_mem_734, i32 %trunc_ln56" [./conv.h:70->top_wrapper.cpp:123]   --->   Operation 1481 'write' 'write_ln70' <Predicate = (icmp_ln56_1 & s_mem_o_i == 15 & s_mem_o_depth_i == 15)> <Delay = 0.00>
ST_14 : Operation 1482 [1/1] (0.00ns)   --->   "%write_ln70 = write void @_ssdm_op_Write.ap_auto.i32P0A, i32 %out_mem_733, i32 %trunc_ln56" [./conv.h:70->top_wrapper.cpp:123]   --->   Operation 1482 'write' 'write_ln70' <Predicate = (icmp_ln56_1 & s_mem_o_i == 15 & s_mem_o_depth_i == 14)> <Delay = 0.00>
ST_14 : Operation 1483 [1/1] (0.00ns)   --->   "%write_ln70 = write void @_ssdm_op_Write.ap_auto.i32P0A, i32 %out_mem_732, i32 %trunc_ln56" [./conv.h:70->top_wrapper.cpp:123]   --->   Operation 1483 'write' 'write_ln70' <Predicate = (icmp_ln56_1 & s_mem_o_i == 15 & s_mem_o_depth_i == 13)> <Delay = 0.00>
ST_14 : Operation 1484 [1/1] (0.00ns)   --->   "%write_ln70 = write void @_ssdm_op_Write.ap_auto.i32P0A, i32 %out_mem_731, i32 %trunc_ln56" [./conv.h:70->top_wrapper.cpp:123]   --->   Operation 1484 'write' 'write_ln70' <Predicate = (icmp_ln56_1 & s_mem_o_i == 15 & s_mem_o_depth_i == 12)> <Delay = 0.00>
ST_14 : Operation 1485 [1/1] (0.00ns)   --->   "%write_ln70 = write void @_ssdm_op_Write.ap_auto.i32P0A, i32 %out_mem_730, i32 %trunc_ln56" [./conv.h:70->top_wrapper.cpp:123]   --->   Operation 1485 'write' 'write_ln70' <Predicate = (icmp_ln56_1 & s_mem_o_i == 15 & s_mem_o_depth_i == 11)> <Delay = 0.00>
ST_14 : Operation 1486 [1/1] (0.00ns)   --->   "%write_ln70 = write void @_ssdm_op_Write.ap_auto.i32P0A, i32 %out_mem_729, i32 %trunc_ln56" [./conv.h:70->top_wrapper.cpp:123]   --->   Operation 1486 'write' 'write_ln70' <Predicate = (icmp_ln56_1 & s_mem_o_i == 15 & s_mem_o_depth_i == 10)> <Delay = 0.00>
ST_14 : Operation 1487 [1/1] (0.00ns)   --->   "%write_ln70 = write void @_ssdm_op_Write.ap_auto.i32P0A, i32 %out_mem_728, i32 %trunc_ln56" [./conv.h:70->top_wrapper.cpp:123]   --->   Operation 1487 'write' 'write_ln70' <Predicate = (icmp_ln56_1 & s_mem_o_i == 15 & s_mem_o_depth_i == 9)> <Delay = 0.00>
ST_14 : Operation 1488 [1/1] (0.00ns)   --->   "%write_ln70 = write void @_ssdm_op_Write.ap_auto.i32P0A, i32 %out_mem_727, i32 %trunc_ln56" [./conv.h:70->top_wrapper.cpp:123]   --->   Operation 1488 'write' 'write_ln70' <Predicate = (icmp_ln56_1 & s_mem_o_i == 15 & s_mem_o_depth_i == 8)> <Delay = 0.00>
ST_14 : Operation 1489 [1/1] (0.00ns)   --->   "%write_ln70 = write void @_ssdm_op_Write.ap_auto.i32P0A, i32 %out_mem_726, i32 %trunc_ln56" [./conv.h:70->top_wrapper.cpp:123]   --->   Operation 1489 'write' 'write_ln70' <Predicate = (icmp_ln56_1 & s_mem_o_i == 15 & s_mem_o_depth_i == 7)> <Delay = 0.00>
ST_14 : Operation 1490 [1/1] (0.00ns)   --->   "%write_ln70 = write void @_ssdm_op_Write.ap_auto.i32P0A, i32 %out_mem_725, i32 %trunc_ln56" [./conv.h:70->top_wrapper.cpp:123]   --->   Operation 1490 'write' 'write_ln70' <Predicate = (icmp_ln56_1 & s_mem_o_i == 15 & s_mem_o_depth_i == 6)> <Delay = 0.00>
ST_14 : Operation 1491 [1/1] (0.00ns)   --->   "%write_ln70 = write void @_ssdm_op_Write.ap_auto.i32P0A, i32 %out_mem_724, i32 %trunc_ln56" [./conv.h:70->top_wrapper.cpp:123]   --->   Operation 1491 'write' 'write_ln70' <Predicate = (icmp_ln56_1 & s_mem_o_i == 15 & s_mem_o_depth_i == 5)> <Delay = 0.00>
ST_14 : Operation 1492 [1/1] (0.00ns)   --->   "%write_ln70 = write void @_ssdm_op_Write.ap_auto.i32P0A, i32 %out_mem_723, i32 %trunc_ln56" [./conv.h:70->top_wrapper.cpp:123]   --->   Operation 1492 'write' 'write_ln70' <Predicate = (icmp_ln56_1 & s_mem_o_i == 15 & s_mem_o_depth_i == 4)> <Delay = 0.00>
ST_14 : Operation 1493 [1/1] (0.00ns)   --->   "%write_ln70 = write void @_ssdm_op_Write.ap_auto.i32P0A, i32 %out_mem_722, i32 %trunc_ln56" [./conv.h:70->top_wrapper.cpp:123]   --->   Operation 1493 'write' 'write_ln70' <Predicate = (icmp_ln56_1 & s_mem_o_i == 15 & s_mem_o_depth_i == 3)> <Delay = 0.00>
ST_14 : Operation 1494 [1/1] (0.00ns)   --->   "%write_ln70 = write void @_ssdm_op_Write.ap_auto.i32P0A, i32 %out_mem_721, i32 %trunc_ln56" [./conv.h:70->top_wrapper.cpp:123]   --->   Operation 1494 'write' 'write_ln70' <Predicate = (icmp_ln56_1 & s_mem_o_i == 15 & s_mem_o_depth_i == 2)> <Delay = 0.00>
ST_14 : Operation 1495 [1/1] (0.00ns)   --->   "%write_ln70 = write void @_ssdm_op_Write.ap_auto.i32P0A, i32 %out_mem_720, i32 %trunc_ln56" [./conv.h:70->top_wrapper.cpp:123]   --->   Operation 1495 'write' 'write_ln70' <Predicate = (icmp_ln56_1 & s_mem_o_i == 15 & s_mem_o_depth_i == 1)> <Delay = 0.00>
ST_14 : Operation 1496 [1/1] (0.00ns)   --->   "%write_ln70 = write void @_ssdm_op_Write.ap_auto.i32P0A, i32 %out_mem_719, i32 %trunc_ln56" [./conv.h:70->top_wrapper.cpp:123]   --->   Operation 1496 'write' 'write_ln70' <Predicate = (icmp_ln56_1 & s_mem_o_i == 15 & s_mem_o_depth_i == 0)> <Delay = 0.00>
ST_14 : Operation 1497 [1/1] (0.00ns)   --->   "%write_ln70 = write void @_ssdm_op_Write.ap_auto.i32P0A, i32 %out_mem_736, i32 %trunc_ln56" [./conv.h:70->top_wrapper.cpp:123]   --->   Operation 1497 'write' 'write_ln70' <Predicate = (icmp_ln56_1 & s_mem_o_i == 15 & s_mem_o_depth_i != 0 & s_mem_o_depth_i != 1 & s_mem_o_depth_i != 2 & s_mem_o_depth_i != 3 & s_mem_o_depth_i != 4 & s_mem_o_depth_i != 5 & s_mem_o_depth_i != 6 & s_mem_o_depth_i != 7 & s_mem_o_depth_i != 8 & s_mem_o_depth_i != 9 & s_mem_o_depth_i != 10 & s_mem_o_depth_i != 11 & s_mem_o_depth_i != 12 & s_mem_o_depth_i != 13 & s_mem_o_depth_i != 14 & s_mem_o_depth_i != 15 & s_mem_o_depth_i != 16)> <Delay = 0.00>
ST_14 : Operation 1498 [1/1] (0.00ns)   --->   "%write_ln70 = write void @_ssdm_op_Write.ap_auto.i32P0A, i32 %out_mem_717, i32 %trunc_ln56" [./conv.h:70->top_wrapper.cpp:123]   --->   Operation 1498 'write' 'write_ln70' <Predicate = (icmp_ln56_1 & s_mem_o_i == 14 & s_mem_o_depth_i == 16)> <Delay = 0.00>
ST_14 : Operation 1499 [1/1] (0.00ns)   --->   "%write_ln70 = write void @_ssdm_op_Write.ap_auto.i32P0A, i32 %out_mem_716, i32 %trunc_ln56" [./conv.h:70->top_wrapper.cpp:123]   --->   Operation 1499 'write' 'write_ln70' <Predicate = (icmp_ln56_1 & s_mem_o_i == 14 & s_mem_o_depth_i == 15)> <Delay = 0.00>
ST_14 : Operation 1500 [1/1] (0.00ns)   --->   "%write_ln70 = write void @_ssdm_op_Write.ap_auto.i32P0A, i32 %out_mem_715, i32 %trunc_ln56" [./conv.h:70->top_wrapper.cpp:123]   --->   Operation 1500 'write' 'write_ln70' <Predicate = (icmp_ln56_1 & s_mem_o_i == 14 & s_mem_o_depth_i == 14)> <Delay = 0.00>
ST_14 : Operation 1501 [1/1] (0.00ns)   --->   "%write_ln70 = write void @_ssdm_op_Write.ap_auto.i32P0A, i32 %out_mem_714, i32 %trunc_ln56" [./conv.h:70->top_wrapper.cpp:123]   --->   Operation 1501 'write' 'write_ln70' <Predicate = (icmp_ln56_1 & s_mem_o_i == 14 & s_mem_o_depth_i == 13)> <Delay = 0.00>
ST_14 : Operation 1502 [1/1] (0.00ns)   --->   "%write_ln70 = write void @_ssdm_op_Write.ap_auto.i32P0A, i32 %out_mem_713, i32 %trunc_ln56" [./conv.h:70->top_wrapper.cpp:123]   --->   Operation 1502 'write' 'write_ln70' <Predicate = (icmp_ln56_1 & s_mem_o_i == 14 & s_mem_o_depth_i == 12)> <Delay = 0.00>
ST_14 : Operation 1503 [1/1] (0.00ns)   --->   "%write_ln70 = write void @_ssdm_op_Write.ap_auto.i32P0A, i32 %out_mem_712, i32 %trunc_ln56" [./conv.h:70->top_wrapper.cpp:123]   --->   Operation 1503 'write' 'write_ln70' <Predicate = (icmp_ln56_1 & s_mem_o_i == 14 & s_mem_o_depth_i == 11)> <Delay = 0.00>
ST_14 : Operation 1504 [1/1] (0.00ns)   --->   "%write_ln70 = write void @_ssdm_op_Write.ap_auto.i32P0A, i32 %out_mem_711, i32 %trunc_ln56" [./conv.h:70->top_wrapper.cpp:123]   --->   Operation 1504 'write' 'write_ln70' <Predicate = (icmp_ln56_1 & s_mem_o_i == 14 & s_mem_o_depth_i == 10)> <Delay = 0.00>
ST_14 : Operation 1505 [1/1] (0.00ns)   --->   "%write_ln70 = write void @_ssdm_op_Write.ap_auto.i32P0A, i32 %out_mem_710, i32 %trunc_ln56" [./conv.h:70->top_wrapper.cpp:123]   --->   Operation 1505 'write' 'write_ln70' <Predicate = (icmp_ln56_1 & s_mem_o_i == 14 & s_mem_o_depth_i == 9)> <Delay = 0.00>
ST_14 : Operation 1506 [1/1] (0.00ns)   --->   "%write_ln70 = write void @_ssdm_op_Write.ap_auto.i32P0A, i32 %out_mem_709, i32 %trunc_ln56" [./conv.h:70->top_wrapper.cpp:123]   --->   Operation 1506 'write' 'write_ln70' <Predicate = (icmp_ln56_1 & s_mem_o_i == 14 & s_mem_o_depth_i == 8)> <Delay = 0.00>
ST_14 : Operation 1507 [1/1] (0.00ns)   --->   "%write_ln70 = write void @_ssdm_op_Write.ap_auto.i32P0A, i32 %out_mem_708, i32 %trunc_ln56" [./conv.h:70->top_wrapper.cpp:123]   --->   Operation 1507 'write' 'write_ln70' <Predicate = (icmp_ln56_1 & s_mem_o_i == 14 & s_mem_o_depth_i == 7)> <Delay = 0.00>
ST_14 : Operation 1508 [1/1] (0.00ns)   --->   "%write_ln70 = write void @_ssdm_op_Write.ap_auto.i32P0A, i32 %out_mem_707, i32 %trunc_ln56" [./conv.h:70->top_wrapper.cpp:123]   --->   Operation 1508 'write' 'write_ln70' <Predicate = (icmp_ln56_1 & s_mem_o_i == 14 & s_mem_o_depth_i == 6)> <Delay = 0.00>
ST_14 : Operation 1509 [1/1] (0.00ns)   --->   "%write_ln70 = write void @_ssdm_op_Write.ap_auto.i32P0A, i32 %out_mem_706, i32 %trunc_ln56" [./conv.h:70->top_wrapper.cpp:123]   --->   Operation 1509 'write' 'write_ln70' <Predicate = (icmp_ln56_1 & s_mem_o_i == 14 & s_mem_o_depth_i == 5)> <Delay = 0.00>
ST_14 : Operation 1510 [1/1] (0.00ns)   --->   "%write_ln70 = write void @_ssdm_op_Write.ap_auto.i32P0A, i32 %out_mem_705, i32 %trunc_ln56" [./conv.h:70->top_wrapper.cpp:123]   --->   Operation 1510 'write' 'write_ln70' <Predicate = (icmp_ln56_1 & s_mem_o_i == 14 & s_mem_o_depth_i == 4)> <Delay = 0.00>
ST_14 : Operation 1511 [1/1] (0.00ns)   --->   "%write_ln70 = write void @_ssdm_op_Write.ap_auto.i32P0A, i32 %out_mem_704, i32 %trunc_ln56" [./conv.h:70->top_wrapper.cpp:123]   --->   Operation 1511 'write' 'write_ln70' <Predicate = (icmp_ln56_1 & s_mem_o_i == 14 & s_mem_o_depth_i == 3)> <Delay = 0.00>
ST_14 : Operation 1512 [1/1] (0.00ns)   --->   "%write_ln70 = write void @_ssdm_op_Write.ap_auto.i32P0A, i32 %out_mem_703, i32 %trunc_ln56" [./conv.h:70->top_wrapper.cpp:123]   --->   Operation 1512 'write' 'write_ln70' <Predicate = (icmp_ln56_1 & s_mem_o_i == 14 & s_mem_o_depth_i == 2)> <Delay = 0.00>
ST_14 : Operation 1513 [1/1] (0.00ns)   --->   "%write_ln70 = write void @_ssdm_op_Write.ap_auto.i32P0A, i32 %out_mem_702, i32 %trunc_ln56" [./conv.h:70->top_wrapper.cpp:123]   --->   Operation 1513 'write' 'write_ln70' <Predicate = (icmp_ln56_1 & s_mem_o_i == 14 & s_mem_o_depth_i == 1)> <Delay = 0.00>
ST_14 : Operation 1514 [1/1] (0.00ns)   --->   "%write_ln70 = write void @_ssdm_op_Write.ap_auto.i32P0A, i32 %out_mem_701, i32 %trunc_ln56" [./conv.h:70->top_wrapper.cpp:123]   --->   Operation 1514 'write' 'write_ln70' <Predicate = (icmp_ln56_1 & s_mem_o_i == 14 & s_mem_o_depth_i == 0)> <Delay = 0.00>
ST_14 : Operation 1515 [1/1] (0.00ns)   --->   "%write_ln70 = write void @_ssdm_op_Write.ap_auto.i32P0A, i32 %out_mem_718, i32 %trunc_ln56" [./conv.h:70->top_wrapper.cpp:123]   --->   Operation 1515 'write' 'write_ln70' <Predicate = (icmp_ln56_1 & s_mem_o_i == 14 & s_mem_o_depth_i != 0 & s_mem_o_depth_i != 1 & s_mem_o_depth_i != 2 & s_mem_o_depth_i != 3 & s_mem_o_depth_i != 4 & s_mem_o_depth_i != 5 & s_mem_o_depth_i != 6 & s_mem_o_depth_i != 7 & s_mem_o_depth_i != 8 & s_mem_o_depth_i != 9 & s_mem_o_depth_i != 10 & s_mem_o_depth_i != 11 & s_mem_o_depth_i != 12 & s_mem_o_depth_i != 13 & s_mem_o_depth_i != 14 & s_mem_o_depth_i != 15 & s_mem_o_depth_i != 16)> <Delay = 0.00>
ST_14 : Operation 1516 [1/1] (0.00ns)   --->   "%write_ln70 = write void @_ssdm_op_Write.ap_auto.i32P0A, i32 %out_mem_699, i32 %trunc_ln56" [./conv.h:70->top_wrapper.cpp:123]   --->   Operation 1516 'write' 'write_ln70' <Predicate = (icmp_ln56_1 & s_mem_o_i == 13 & s_mem_o_depth_i == 16)> <Delay = 0.00>
ST_14 : Operation 1517 [1/1] (0.00ns)   --->   "%write_ln70 = write void @_ssdm_op_Write.ap_auto.i32P0A, i32 %out_mem_698, i32 %trunc_ln56" [./conv.h:70->top_wrapper.cpp:123]   --->   Operation 1517 'write' 'write_ln70' <Predicate = (icmp_ln56_1 & s_mem_o_i == 13 & s_mem_o_depth_i == 15)> <Delay = 0.00>
ST_14 : Operation 1518 [1/1] (0.00ns)   --->   "%write_ln70 = write void @_ssdm_op_Write.ap_auto.i32P0A, i32 %out_mem_697, i32 %trunc_ln56" [./conv.h:70->top_wrapper.cpp:123]   --->   Operation 1518 'write' 'write_ln70' <Predicate = (icmp_ln56_1 & s_mem_o_i == 13 & s_mem_o_depth_i == 14)> <Delay = 0.00>
ST_14 : Operation 1519 [1/1] (0.00ns)   --->   "%write_ln70 = write void @_ssdm_op_Write.ap_auto.i32P0A, i32 %out_mem_696, i32 %trunc_ln56" [./conv.h:70->top_wrapper.cpp:123]   --->   Operation 1519 'write' 'write_ln70' <Predicate = (icmp_ln56_1 & s_mem_o_i == 13 & s_mem_o_depth_i == 13)> <Delay = 0.00>
ST_14 : Operation 1520 [1/1] (0.00ns)   --->   "%write_ln70 = write void @_ssdm_op_Write.ap_auto.i32P0A, i32 %out_mem_695, i32 %trunc_ln56" [./conv.h:70->top_wrapper.cpp:123]   --->   Operation 1520 'write' 'write_ln70' <Predicate = (icmp_ln56_1 & s_mem_o_i == 13 & s_mem_o_depth_i == 12)> <Delay = 0.00>
ST_14 : Operation 1521 [1/1] (0.00ns)   --->   "%write_ln70 = write void @_ssdm_op_Write.ap_auto.i32P0A, i32 %out_mem_694, i32 %trunc_ln56" [./conv.h:70->top_wrapper.cpp:123]   --->   Operation 1521 'write' 'write_ln70' <Predicate = (icmp_ln56_1 & s_mem_o_i == 13 & s_mem_o_depth_i == 11)> <Delay = 0.00>
ST_14 : Operation 1522 [1/1] (0.00ns)   --->   "%write_ln70 = write void @_ssdm_op_Write.ap_auto.i32P0A, i32 %out_mem_693, i32 %trunc_ln56" [./conv.h:70->top_wrapper.cpp:123]   --->   Operation 1522 'write' 'write_ln70' <Predicate = (icmp_ln56_1 & s_mem_o_i == 13 & s_mem_o_depth_i == 10)> <Delay = 0.00>
ST_14 : Operation 1523 [1/1] (0.00ns)   --->   "%write_ln70 = write void @_ssdm_op_Write.ap_auto.i32P0A, i32 %out_mem_692, i32 %trunc_ln56" [./conv.h:70->top_wrapper.cpp:123]   --->   Operation 1523 'write' 'write_ln70' <Predicate = (icmp_ln56_1 & s_mem_o_i == 13 & s_mem_o_depth_i == 9)> <Delay = 0.00>
ST_14 : Operation 1524 [1/1] (0.00ns)   --->   "%write_ln70 = write void @_ssdm_op_Write.ap_auto.i32P0A, i32 %out_mem_691, i32 %trunc_ln56" [./conv.h:70->top_wrapper.cpp:123]   --->   Operation 1524 'write' 'write_ln70' <Predicate = (icmp_ln56_1 & s_mem_o_i == 13 & s_mem_o_depth_i == 8)> <Delay = 0.00>
ST_14 : Operation 1525 [1/1] (0.00ns)   --->   "%write_ln70 = write void @_ssdm_op_Write.ap_auto.i32P0A, i32 %out_mem_690, i32 %trunc_ln56" [./conv.h:70->top_wrapper.cpp:123]   --->   Operation 1525 'write' 'write_ln70' <Predicate = (icmp_ln56_1 & s_mem_o_i == 13 & s_mem_o_depth_i == 7)> <Delay = 0.00>
ST_14 : Operation 1526 [1/1] (0.00ns)   --->   "%write_ln70 = write void @_ssdm_op_Write.ap_auto.i32P0A, i32 %out_mem_689, i32 %trunc_ln56" [./conv.h:70->top_wrapper.cpp:123]   --->   Operation 1526 'write' 'write_ln70' <Predicate = (icmp_ln56_1 & s_mem_o_i == 13 & s_mem_o_depth_i == 6)> <Delay = 0.00>
ST_14 : Operation 1527 [1/1] (0.00ns)   --->   "%write_ln70 = write void @_ssdm_op_Write.ap_auto.i32P0A, i32 %out_mem_688, i32 %trunc_ln56" [./conv.h:70->top_wrapper.cpp:123]   --->   Operation 1527 'write' 'write_ln70' <Predicate = (icmp_ln56_1 & s_mem_o_i == 13 & s_mem_o_depth_i == 5)> <Delay = 0.00>
ST_14 : Operation 1528 [1/1] (0.00ns)   --->   "%write_ln70 = write void @_ssdm_op_Write.ap_auto.i32P0A, i32 %out_mem_687, i32 %trunc_ln56" [./conv.h:70->top_wrapper.cpp:123]   --->   Operation 1528 'write' 'write_ln70' <Predicate = (icmp_ln56_1 & s_mem_o_i == 13 & s_mem_o_depth_i == 4)> <Delay = 0.00>
ST_14 : Operation 1529 [1/1] (0.00ns)   --->   "%write_ln70 = write void @_ssdm_op_Write.ap_auto.i32P0A, i32 %out_mem_686, i32 %trunc_ln56" [./conv.h:70->top_wrapper.cpp:123]   --->   Operation 1529 'write' 'write_ln70' <Predicate = (icmp_ln56_1 & s_mem_o_i == 13 & s_mem_o_depth_i == 3)> <Delay = 0.00>
ST_14 : Operation 1530 [1/1] (0.00ns)   --->   "%write_ln70 = write void @_ssdm_op_Write.ap_auto.i32P0A, i32 %out_mem_685, i32 %trunc_ln56" [./conv.h:70->top_wrapper.cpp:123]   --->   Operation 1530 'write' 'write_ln70' <Predicate = (icmp_ln56_1 & s_mem_o_i == 13 & s_mem_o_depth_i == 2)> <Delay = 0.00>
ST_14 : Operation 1531 [1/1] (0.00ns)   --->   "%write_ln70 = write void @_ssdm_op_Write.ap_auto.i32P0A, i32 %out_mem_684, i32 %trunc_ln56" [./conv.h:70->top_wrapper.cpp:123]   --->   Operation 1531 'write' 'write_ln70' <Predicate = (icmp_ln56_1 & s_mem_o_i == 13 & s_mem_o_depth_i == 1)> <Delay = 0.00>
ST_14 : Operation 1532 [1/1] (0.00ns)   --->   "%write_ln70 = write void @_ssdm_op_Write.ap_auto.i32P0A, i32 %out_mem_683, i32 %trunc_ln56" [./conv.h:70->top_wrapper.cpp:123]   --->   Operation 1532 'write' 'write_ln70' <Predicate = (icmp_ln56_1 & s_mem_o_i == 13 & s_mem_o_depth_i == 0)> <Delay = 0.00>
ST_14 : Operation 1533 [1/1] (0.00ns)   --->   "%write_ln70 = write void @_ssdm_op_Write.ap_auto.i32P0A, i32 %out_mem_700, i32 %trunc_ln56" [./conv.h:70->top_wrapper.cpp:123]   --->   Operation 1533 'write' 'write_ln70' <Predicate = (icmp_ln56_1 & s_mem_o_i == 13 & s_mem_o_depth_i != 0 & s_mem_o_depth_i != 1 & s_mem_o_depth_i != 2 & s_mem_o_depth_i != 3 & s_mem_o_depth_i != 4 & s_mem_o_depth_i != 5 & s_mem_o_depth_i != 6 & s_mem_o_depth_i != 7 & s_mem_o_depth_i != 8 & s_mem_o_depth_i != 9 & s_mem_o_depth_i != 10 & s_mem_o_depth_i != 11 & s_mem_o_depth_i != 12 & s_mem_o_depth_i != 13 & s_mem_o_depth_i != 14 & s_mem_o_depth_i != 15 & s_mem_o_depth_i != 16)> <Delay = 0.00>
ST_14 : Operation 1534 [1/1] (0.00ns)   --->   "%write_ln70 = write void @_ssdm_op_Write.ap_auto.i32P0A, i32 %out_mem_681, i32 %trunc_ln56" [./conv.h:70->top_wrapper.cpp:123]   --->   Operation 1534 'write' 'write_ln70' <Predicate = (icmp_ln56_1 & s_mem_o_i == 12 & s_mem_o_depth_i == 16)> <Delay = 0.00>
ST_14 : Operation 1535 [1/1] (0.00ns)   --->   "%write_ln70 = write void @_ssdm_op_Write.ap_auto.i32P0A, i32 %out_mem_680, i32 %trunc_ln56" [./conv.h:70->top_wrapper.cpp:123]   --->   Operation 1535 'write' 'write_ln70' <Predicate = (icmp_ln56_1 & s_mem_o_i == 12 & s_mem_o_depth_i == 15)> <Delay = 0.00>
ST_14 : Operation 1536 [1/1] (0.00ns)   --->   "%write_ln70 = write void @_ssdm_op_Write.ap_auto.i32P0A, i32 %out_mem_679, i32 %trunc_ln56" [./conv.h:70->top_wrapper.cpp:123]   --->   Operation 1536 'write' 'write_ln70' <Predicate = (icmp_ln56_1 & s_mem_o_i == 12 & s_mem_o_depth_i == 14)> <Delay = 0.00>
ST_14 : Operation 1537 [1/1] (0.00ns)   --->   "%write_ln70 = write void @_ssdm_op_Write.ap_auto.i32P0A, i32 %out_mem_678, i32 %trunc_ln56" [./conv.h:70->top_wrapper.cpp:123]   --->   Operation 1537 'write' 'write_ln70' <Predicate = (icmp_ln56_1 & s_mem_o_i == 12 & s_mem_o_depth_i == 13)> <Delay = 0.00>
ST_14 : Operation 1538 [1/1] (0.00ns)   --->   "%write_ln70 = write void @_ssdm_op_Write.ap_auto.i32P0A, i32 %out_mem_677, i32 %trunc_ln56" [./conv.h:70->top_wrapper.cpp:123]   --->   Operation 1538 'write' 'write_ln70' <Predicate = (icmp_ln56_1 & s_mem_o_i == 12 & s_mem_o_depth_i == 12)> <Delay = 0.00>
ST_14 : Operation 1539 [1/1] (0.00ns)   --->   "%write_ln70 = write void @_ssdm_op_Write.ap_auto.i32P0A, i32 %out_mem_676, i32 %trunc_ln56" [./conv.h:70->top_wrapper.cpp:123]   --->   Operation 1539 'write' 'write_ln70' <Predicate = (icmp_ln56_1 & s_mem_o_i == 12 & s_mem_o_depth_i == 11)> <Delay = 0.00>
ST_14 : Operation 1540 [1/1] (0.00ns)   --->   "%write_ln70 = write void @_ssdm_op_Write.ap_auto.i32P0A, i32 %out_mem_675, i32 %trunc_ln56" [./conv.h:70->top_wrapper.cpp:123]   --->   Operation 1540 'write' 'write_ln70' <Predicate = (icmp_ln56_1 & s_mem_o_i == 12 & s_mem_o_depth_i == 10)> <Delay = 0.00>
ST_14 : Operation 1541 [1/1] (0.00ns)   --->   "%write_ln70 = write void @_ssdm_op_Write.ap_auto.i32P0A, i32 %out_mem_674, i32 %trunc_ln56" [./conv.h:70->top_wrapper.cpp:123]   --->   Operation 1541 'write' 'write_ln70' <Predicate = (icmp_ln56_1 & s_mem_o_i == 12 & s_mem_o_depth_i == 9)> <Delay = 0.00>
ST_14 : Operation 1542 [1/1] (0.00ns)   --->   "%write_ln70 = write void @_ssdm_op_Write.ap_auto.i32P0A, i32 %out_mem_673, i32 %trunc_ln56" [./conv.h:70->top_wrapper.cpp:123]   --->   Operation 1542 'write' 'write_ln70' <Predicate = (icmp_ln56_1 & s_mem_o_i == 12 & s_mem_o_depth_i == 8)> <Delay = 0.00>
ST_14 : Operation 1543 [1/1] (0.00ns)   --->   "%write_ln70 = write void @_ssdm_op_Write.ap_auto.i32P0A, i32 %out_mem_672, i32 %trunc_ln56" [./conv.h:70->top_wrapper.cpp:123]   --->   Operation 1543 'write' 'write_ln70' <Predicate = (icmp_ln56_1 & s_mem_o_i == 12 & s_mem_o_depth_i == 7)> <Delay = 0.00>
ST_14 : Operation 1544 [1/1] (0.00ns)   --->   "%write_ln70 = write void @_ssdm_op_Write.ap_auto.i32P0A, i32 %out_mem_671, i32 %trunc_ln56" [./conv.h:70->top_wrapper.cpp:123]   --->   Operation 1544 'write' 'write_ln70' <Predicate = (icmp_ln56_1 & s_mem_o_i == 12 & s_mem_o_depth_i == 6)> <Delay = 0.00>
ST_14 : Operation 1545 [1/1] (0.00ns)   --->   "%write_ln70 = write void @_ssdm_op_Write.ap_auto.i32P0A, i32 %out_mem_670, i32 %trunc_ln56" [./conv.h:70->top_wrapper.cpp:123]   --->   Operation 1545 'write' 'write_ln70' <Predicate = (icmp_ln56_1 & s_mem_o_i == 12 & s_mem_o_depth_i == 5)> <Delay = 0.00>
ST_14 : Operation 1546 [1/1] (0.00ns)   --->   "%write_ln70 = write void @_ssdm_op_Write.ap_auto.i32P0A, i32 %out_mem_669, i32 %trunc_ln56" [./conv.h:70->top_wrapper.cpp:123]   --->   Operation 1546 'write' 'write_ln70' <Predicate = (icmp_ln56_1 & s_mem_o_i == 12 & s_mem_o_depth_i == 4)> <Delay = 0.00>
ST_14 : Operation 1547 [1/1] (0.00ns)   --->   "%write_ln70 = write void @_ssdm_op_Write.ap_auto.i32P0A, i32 %out_mem_668, i32 %trunc_ln56" [./conv.h:70->top_wrapper.cpp:123]   --->   Operation 1547 'write' 'write_ln70' <Predicate = (icmp_ln56_1 & s_mem_o_i == 12 & s_mem_o_depth_i == 3)> <Delay = 0.00>
ST_14 : Operation 1548 [1/1] (0.00ns)   --->   "%write_ln70 = write void @_ssdm_op_Write.ap_auto.i32P0A, i32 %out_mem_667, i32 %trunc_ln56" [./conv.h:70->top_wrapper.cpp:123]   --->   Operation 1548 'write' 'write_ln70' <Predicate = (icmp_ln56_1 & s_mem_o_i == 12 & s_mem_o_depth_i == 2)> <Delay = 0.00>
ST_14 : Operation 1549 [1/1] (0.00ns)   --->   "%write_ln70 = write void @_ssdm_op_Write.ap_auto.i32P0A, i32 %out_mem_666, i32 %trunc_ln56" [./conv.h:70->top_wrapper.cpp:123]   --->   Operation 1549 'write' 'write_ln70' <Predicate = (icmp_ln56_1 & s_mem_o_i == 12 & s_mem_o_depth_i == 1)> <Delay = 0.00>
ST_14 : Operation 1550 [1/1] (0.00ns)   --->   "%write_ln70 = write void @_ssdm_op_Write.ap_auto.i32P0A, i32 %out_mem_665, i32 %trunc_ln56" [./conv.h:70->top_wrapper.cpp:123]   --->   Operation 1550 'write' 'write_ln70' <Predicate = (icmp_ln56_1 & s_mem_o_i == 12 & s_mem_o_depth_i == 0)> <Delay = 0.00>
ST_14 : Operation 1551 [1/1] (0.00ns)   --->   "%write_ln70 = write void @_ssdm_op_Write.ap_auto.i32P0A, i32 %out_mem_682, i32 %trunc_ln56" [./conv.h:70->top_wrapper.cpp:123]   --->   Operation 1551 'write' 'write_ln70' <Predicate = (icmp_ln56_1 & s_mem_o_i == 12 & s_mem_o_depth_i != 0 & s_mem_o_depth_i != 1 & s_mem_o_depth_i != 2 & s_mem_o_depth_i != 3 & s_mem_o_depth_i != 4 & s_mem_o_depth_i != 5 & s_mem_o_depth_i != 6 & s_mem_o_depth_i != 7 & s_mem_o_depth_i != 8 & s_mem_o_depth_i != 9 & s_mem_o_depth_i != 10 & s_mem_o_depth_i != 11 & s_mem_o_depth_i != 12 & s_mem_o_depth_i != 13 & s_mem_o_depth_i != 14 & s_mem_o_depth_i != 15 & s_mem_o_depth_i != 16)> <Delay = 0.00>
ST_14 : Operation 1552 [1/1] (0.00ns)   --->   "%write_ln70 = write void @_ssdm_op_Write.ap_auto.i32P0A, i32 %out_mem_663, i32 %trunc_ln56" [./conv.h:70->top_wrapper.cpp:123]   --->   Operation 1552 'write' 'write_ln70' <Predicate = (icmp_ln56_1 & s_mem_o_i == 11 & s_mem_o_depth_i == 16)> <Delay = 0.00>
ST_14 : Operation 1553 [1/1] (0.00ns)   --->   "%write_ln70 = write void @_ssdm_op_Write.ap_auto.i32P0A, i32 %out_mem_662, i32 %trunc_ln56" [./conv.h:70->top_wrapper.cpp:123]   --->   Operation 1553 'write' 'write_ln70' <Predicate = (icmp_ln56_1 & s_mem_o_i == 11 & s_mem_o_depth_i == 15)> <Delay = 0.00>
ST_14 : Operation 1554 [1/1] (0.00ns)   --->   "%write_ln70 = write void @_ssdm_op_Write.ap_auto.i32P0A, i32 %out_mem_661, i32 %trunc_ln56" [./conv.h:70->top_wrapper.cpp:123]   --->   Operation 1554 'write' 'write_ln70' <Predicate = (icmp_ln56_1 & s_mem_o_i == 11 & s_mem_o_depth_i == 14)> <Delay = 0.00>
ST_14 : Operation 1555 [1/1] (0.00ns)   --->   "%write_ln70 = write void @_ssdm_op_Write.ap_auto.i32P0A, i32 %out_mem_660, i32 %trunc_ln56" [./conv.h:70->top_wrapper.cpp:123]   --->   Operation 1555 'write' 'write_ln70' <Predicate = (icmp_ln56_1 & s_mem_o_i == 11 & s_mem_o_depth_i == 13)> <Delay = 0.00>
ST_14 : Operation 1556 [1/1] (0.00ns)   --->   "%write_ln70 = write void @_ssdm_op_Write.ap_auto.i32P0A, i32 %out_mem_659, i32 %trunc_ln56" [./conv.h:70->top_wrapper.cpp:123]   --->   Operation 1556 'write' 'write_ln70' <Predicate = (icmp_ln56_1 & s_mem_o_i == 11 & s_mem_o_depth_i == 12)> <Delay = 0.00>
ST_14 : Operation 1557 [1/1] (0.00ns)   --->   "%write_ln70 = write void @_ssdm_op_Write.ap_auto.i32P0A, i32 %out_mem_658, i32 %trunc_ln56" [./conv.h:70->top_wrapper.cpp:123]   --->   Operation 1557 'write' 'write_ln70' <Predicate = (icmp_ln56_1 & s_mem_o_i == 11 & s_mem_o_depth_i == 11)> <Delay = 0.00>
ST_14 : Operation 1558 [1/1] (0.00ns)   --->   "%write_ln70 = write void @_ssdm_op_Write.ap_auto.i32P0A, i32 %out_mem_657, i32 %trunc_ln56" [./conv.h:70->top_wrapper.cpp:123]   --->   Operation 1558 'write' 'write_ln70' <Predicate = (icmp_ln56_1 & s_mem_o_i == 11 & s_mem_o_depth_i == 10)> <Delay = 0.00>
ST_14 : Operation 1559 [1/1] (0.00ns)   --->   "%write_ln70 = write void @_ssdm_op_Write.ap_auto.i32P0A, i32 %out_mem_656, i32 %trunc_ln56" [./conv.h:70->top_wrapper.cpp:123]   --->   Operation 1559 'write' 'write_ln70' <Predicate = (icmp_ln56_1 & s_mem_o_i == 11 & s_mem_o_depth_i == 9)> <Delay = 0.00>
ST_14 : Operation 1560 [1/1] (0.00ns)   --->   "%write_ln70 = write void @_ssdm_op_Write.ap_auto.i32P0A, i32 %out_mem_655, i32 %trunc_ln56" [./conv.h:70->top_wrapper.cpp:123]   --->   Operation 1560 'write' 'write_ln70' <Predicate = (icmp_ln56_1 & s_mem_o_i == 11 & s_mem_o_depth_i == 8)> <Delay = 0.00>
ST_14 : Operation 1561 [1/1] (0.00ns)   --->   "%write_ln70 = write void @_ssdm_op_Write.ap_auto.i32P0A, i32 %out_mem_654, i32 %trunc_ln56" [./conv.h:70->top_wrapper.cpp:123]   --->   Operation 1561 'write' 'write_ln70' <Predicate = (icmp_ln56_1 & s_mem_o_i == 11 & s_mem_o_depth_i == 7)> <Delay = 0.00>
ST_14 : Operation 1562 [1/1] (0.00ns)   --->   "%write_ln70 = write void @_ssdm_op_Write.ap_auto.i32P0A, i32 %out_mem_653, i32 %trunc_ln56" [./conv.h:70->top_wrapper.cpp:123]   --->   Operation 1562 'write' 'write_ln70' <Predicate = (icmp_ln56_1 & s_mem_o_i == 11 & s_mem_o_depth_i == 6)> <Delay = 0.00>
ST_14 : Operation 1563 [1/1] (0.00ns)   --->   "%write_ln70 = write void @_ssdm_op_Write.ap_auto.i32P0A, i32 %out_mem_652, i32 %trunc_ln56" [./conv.h:70->top_wrapper.cpp:123]   --->   Operation 1563 'write' 'write_ln70' <Predicate = (icmp_ln56_1 & s_mem_o_i == 11 & s_mem_o_depth_i == 5)> <Delay = 0.00>
ST_14 : Operation 1564 [1/1] (0.00ns)   --->   "%write_ln70 = write void @_ssdm_op_Write.ap_auto.i32P0A, i32 %out_mem_651, i32 %trunc_ln56" [./conv.h:70->top_wrapper.cpp:123]   --->   Operation 1564 'write' 'write_ln70' <Predicate = (icmp_ln56_1 & s_mem_o_i == 11 & s_mem_o_depth_i == 4)> <Delay = 0.00>
ST_14 : Operation 1565 [1/1] (0.00ns)   --->   "%write_ln70 = write void @_ssdm_op_Write.ap_auto.i32P0A, i32 %out_mem_650, i32 %trunc_ln56" [./conv.h:70->top_wrapper.cpp:123]   --->   Operation 1565 'write' 'write_ln70' <Predicate = (icmp_ln56_1 & s_mem_o_i == 11 & s_mem_o_depth_i == 3)> <Delay = 0.00>
ST_14 : Operation 1566 [1/1] (0.00ns)   --->   "%write_ln70 = write void @_ssdm_op_Write.ap_auto.i32P0A, i32 %out_mem_649, i32 %trunc_ln56" [./conv.h:70->top_wrapper.cpp:123]   --->   Operation 1566 'write' 'write_ln70' <Predicate = (icmp_ln56_1 & s_mem_o_i == 11 & s_mem_o_depth_i == 2)> <Delay = 0.00>
ST_14 : Operation 1567 [1/1] (0.00ns)   --->   "%write_ln70 = write void @_ssdm_op_Write.ap_auto.i32P0A, i32 %out_mem_648, i32 %trunc_ln56" [./conv.h:70->top_wrapper.cpp:123]   --->   Operation 1567 'write' 'write_ln70' <Predicate = (icmp_ln56_1 & s_mem_o_i == 11 & s_mem_o_depth_i == 1)> <Delay = 0.00>
ST_14 : Operation 1568 [1/1] (0.00ns)   --->   "%write_ln70 = write void @_ssdm_op_Write.ap_auto.i32P0A, i32 %out_mem_647, i32 %trunc_ln56" [./conv.h:70->top_wrapper.cpp:123]   --->   Operation 1568 'write' 'write_ln70' <Predicate = (icmp_ln56_1 & s_mem_o_i == 11 & s_mem_o_depth_i == 0)> <Delay = 0.00>
ST_14 : Operation 1569 [1/1] (0.00ns)   --->   "%write_ln70 = write void @_ssdm_op_Write.ap_auto.i32P0A, i32 %out_mem_664, i32 %trunc_ln56" [./conv.h:70->top_wrapper.cpp:123]   --->   Operation 1569 'write' 'write_ln70' <Predicate = (icmp_ln56_1 & s_mem_o_i == 11 & s_mem_o_depth_i != 0 & s_mem_o_depth_i != 1 & s_mem_o_depth_i != 2 & s_mem_o_depth_i != 3 & s_mem_o_depth_i != 4 & s_mem_o_depth_i != 5 & s_mem_o_depth_i != 6 & s_mem_o_depth_i != 7 & s_mem_o_depth_i != 8 & s_mem_o_depth_i != 9 & s_mem_o_depth_i != 10 & s_mem_o_depth_i != 11 & s_mem_o_depth_i != 12 & s_mem_o_depth_i != 13 & s_mem_o_depth_i != 14 & s_mem_o_depth_i != 15 & s_mem_o_depth_i != 16)> <Delay = 0.00>
ST_14 : Operation 1570 [1/1] (0.00ns)   --->   "%write_ln70 = write void @_ssdm_op_Write.ap_auto.i32P0A, i32 %out_mem_645, i32 %trunc_ln56" [./conv.h:70->top_wrapper.cpp:123]   --->   Operation 1570 'write' 'write_ln70' <Predicate = (icmp_ln56_1 & s_mem_o_i == 10 & s_mem_o_depth_i == 16)> <Delay = 0.00>
ST_14 : Operation 1571 [1/1] (0.00ns)   --->   "%write_ln70 = write void @_ssdm_op_Write.ap_auto.i32P0A, i32 %out_mem_644, i32 %trunc_ln56" [./conv.h:70->top_wrapper.cpp:123]   --->   Operation 1571 'write' 'write_ln70' <Predicate = (icmp_ln56_1 & s_mem_o_i == 10 & s_mem_o_depth_i == 15)> <Delay = 0.00>
ST_14 : Operation 1572 [1/1] (0.00ns)   --->   "%write_ln70 = write void @_ssdm_op_Write.ap_auto.i32P0A, i32 %out_mem_643, i32 %trunc_ln56" [./conv.h:70->top_wrapper.cpp:123]   --->   Operation 1572 'write' 'write_ln70' <Predicate = (icmp_ln56_1 & s_mem_o_i == 10 & s_mem_o_depth_i == 14)> <Delay = 0.00>
ST_14 : Operation 1573 [1/1] (0.00ns)   --->   "%write_ln70 = write void @_ssdm_op_Write.ap_auto.i32P0A, i32 %out_mem_642, i32 %trunc_ln56" [./conv.h:70->top_wrapper.cpp:123]   --->   Operation 1573 'write' 'write_ln70' <Predicate = (icmp_ln56_1 & s_mem_o_i == 10 & s_mem_o_depth_i == 13)> <Delay = 0.00>
ST_14 : Operation 1574 [1/1] (0.00ns)   --->   "%write_ln70 = write void @_ssdm_op_Write.ap_auto.i32P0A, i32 %out_mem_641, i32 %trunc_ln56" [./conv.h:70->top_wrapper.cpp:123]   --->   Operation 1574 'write' 'write_ln70' <Predicate = (icmp_ln56_1 & s_mem_o_i == 10 & s_mem_o_depth_i == 12)> <Delay = 0.00>
ST_14 : Operation 1575 [1/1] (0.00ns)   --->   "%write_ln70 = write void @_ssdm_op_Write.ap_auto.i32P0A, i32 %out_mem_640, i32 %trunc_ln56" [./conv.h:70->top_wrapper.cpp:123]   --->   Operation 1575 'write' 'write_ln70' <Predicate = (icmp_ln56_1 & s_mem_o_i == 10 & s_mem_o_depth_i == 11)> <Delay = 0.00>
ST_14 : Operation 1576 [1/1] (0.00ns)   --->   "%write_ln70 = write void @_ssdm_op_Write.ap_auto.i32P0A, i32 %out_mem_639, i32 %trunc_ln56" [./conv.h:70->top_wrapper.cpp:123]   --->   Operation 1576 'write' 'write_ln70' <Predicate = (icmp_ln56_1 & s_mem_o_i == 10 & s_mem_o_depth_i == 10)> <Delay = 0.00>
ST_14 : Operation 1577 [1/1] (0.00ns)   --->   "%write_ln70 = write void @_ssdm_op_Write.ap_auto.i32P0A, i32 %out_mem_638, i32 %trunc_ln56" [./conv.h:70->top_wrapper.cpp:123]   --->   Operation 1577 'write' 'write_ln70' <Predicate = (icmp_ln56_1 & s_mem_o_i == 10 & s_mem_o_depth_i == 9)> <Delay = 0.00>
ST_14 : Operation 1578 [1/1] (0.00ns)   --->   "%write_ln70 = write void @_ssdm_op_Write.ap_auto.i32P0A, i32 %out_mem_637, i32 %trunc_ln56" [./conv.h:70->top_wrapper.cpp:123]   --->   Operation 1578 'write' 'write_ln70' <Predicate = (icmp_ln56_1 & s_mem_o_i == 10 & s_mem_o_depth_i == 8)> <Delay = 0.00>
ST_14 : Operation 1579 [1/1] (0.00ns)   --->   "%write_ln70 = write void @_ssdm_op_Write.ap_auto.i32P0A, i32 %out_mem_636, i32 %trunc_ln56" [./conv.h:70->top_wrapper.cpp:123]   --->   Operation 1579 'write' 'write_ln70' <Predicate = (icmp_ln56_1 & s_mem_o_i == 10 & s_mem_o_depth_i == 7)> <Delay = 0.00>
ST_14 : Operation 1580 [1/1] (0.00ns)   --->   "%write_ln70 = write void @_ssdm_op_Write.ap_auto.i32P0A, i32 %out_mem_635, i32 %trunc_ln56" [./conv.h:70->top_wrapper.cpp:123]   --->   Operation 1580 'write' 'write_ln70' <Predicate = (icmp_ln56_1 & s_mem_o_i == 10 & s_mem_o_depth_i == 6)> <Delay = 0.00>
ST_14 : Operation 1581 [1/1] (0.00ns)   --->   "%write_ln70 = write void @_ssdm_op_Write.ap_auto.i32P0A, i32 %out_mem_634, i32 %trunc_ln56" [./conv.h:70->top_wrapper.cpp:123]   --->   Operation 1581 'write' 'write_ln70' <Predicate = (icmp_ln56_1 & s_mem_o_i == 10 & s_mem_o_depth_i == 5)> <Delay = 0.00>
ST_14 : Operation 1582 [1/1] (0.00ns)   --->   "%write_ln70 = write void @_ssdm_op_Write.ap_auto.i32P0A, i32 %out_mem_633, i32 %trunc_ln56" [./conv.h:70->top_wrapper.cpp:123]   --->   Operation 1582 'write' 'write_ln70' <Predicate = (icmp_ln56_1 & s_mem_o_i == 10 & s_mem_o_depth_i == 4)> <Delay = 0.00>
ST_14 : Operation 1583 [1/1] (0.00ns)   --->   "%write_ln70 = write void @_ssdm_op_Write.ap_auto.i32P0A, i32 %out_mem_632, i32 %trunc_ln56" [./conv.h:70->top_wrapper.cpp:123]   --->   Operation 1583 'write' 'write_ln70' <Predicate = (icmp_ln56_1 & s_mem_o_i == 10 & s_mem_o_depth_i == 3)> <Delay = 0.00>
ST_14 : Operation 1584 [1/1] (0.00ns)   --->   "%write_ln70 = write void @_ssdm_op_Write.ap_auto.i32P0A, i32 %out_mem_631, i32 %trunc_ln56" [./conv.h:70->top_wrapper.cpp:123]   --->   Operation 1584 'write' 'write_ln70' <Predicate = (icmp_ln56_1 & s_mem_o_i == 10 & s_mem_o_depth_i == 2)> <Delay = 0.00>
ST_14 : Operation 1585 [1/1] (0.00ns)   --->   "%write_ln70 = write void @_ssdm_op_Write.ap_auto.i32P0A, i32 %out_mem_630, i32 %trunc_ln56" [./conv.h:70->top_wrapper.cpp:123]   --->   Operation 1585 'write' 'write_ln70' <Predicate = (icmp_ln56_1 & s_mem_o_i == 10 & s_mem_o_depth_i == 1)> <Delay = 0.00>
ST_14 : Operation 1586 [1/1] (0.00ns)   --->   "%write_ln70 = write void @_ssdm_op_Write.ap_auto.i32P0A, i32 %out_mem_629, i32 %trunc_ln56" [./conv.h:70->top_wrapper.cpp:123]   --->   Operation 1586 'write' 'write_ln70' <Predicate = (icmp_ln56_1 & s_mem_o_i == 10 & s_mem_o_depth_i == 0)> <Delay = 0.00>
ST_14 : Operation 1587 [1/1] (0.00ns)   --->   "%write_ln70 = write void @_ssdm_op_Write.ap_auto.i32P0A, i32 %out_mem_646, i32 %trunc_ln56" [./conv.h:70->top_wrapper.cpp:123]   --->   Operation 1587 'write' 'write_ln70' <Predicate = (icmp_ln56_1 & s_mem_o_i == 10 & s_mem_o_depth_i != 0 & s_mem_o_depth_i != 1 & s_mem_o_depth_i != 2 & s_mem_o_depth_i != 3 & s_mem_o_depth_i != 4 & s_mem_o_depth_i != 5 & s_mem_o_depth_i != 6 & s_mem_o_depth_i != 7 & s_mem_o_depth_i != 8 & s_mem_o_depth_i != 9 & s_mem_o_depth_i != 10 & s_mem_o_depth_i != 11 & s_mem_o_depth_i != 12 & s_mem_o_depth_i != 13 & s_mem_o_depth_i != 14 & s_mem_o_depth_i != 15 & s_mem_o_depth_i != 16)> <Delay = 0.00>
ST_14 : Operation 1588 [1/1] (0.00ns)   --->   "%write_ln70 = write void @_ssdm_op_Write.ap_auto.i32P0A, i32 %out_mem_627, i32 %trunc_ln56" [./conv.h:70->top_wrapper.cpp:123]   --->   Operation 1588 'write' 'write_ln70' <Predicate = (icmp_ln56_1 & s_mem_o_i == 9 & s_mem_o_depth_i == 16)> <Delay = 0.00>
ST_14 : Operation 1589 [1/1] (0.00ns)   --->   "%write_ln70 = write void @_ssdm_op_Write.ap_auto.i32P0A, i32 %out_mem_626, i32 %trunc_ln56" [./conv.h:70->top_wrapper.cpp:123]   --->   Operation 1589 'write' 'write_ln70' <Predicate = (icmp_ln56_1 & s_mem_o_i == 9 & s_mem_o_depth_i == 15)> <Delay = 0.00>
ST_14 : Operation 1590 [1/1] (0.00ns)   --->   "%write_ln70 = write void @_ssdm_op_Write.ap_auto.i32P0A, i32 %out_mem_625, i32 %trunc_ln56" [./conv.h:70->top_wrapper.cpp:123]   --->   Operation 1590 'write' 'write_ln70' <Predicate = (icmp_ln56_1 & s_mem_o_i == 9 & s_mem_o_depth_i == 14)> <Delay = 0.00>
ST_14 : Operation 1591 [1/1] (0.00ns)   --->   "%write_ln70 = write void @_ssdm_op_Write.ap_auto.i32P0A, i32 %out_mem_624, i32 %trunc_ln56" [./conv.h:70->top_wrapper.cpp:123]   --->   Operation 1591 'write' 'write_ln70' <Predicate = (icmp_ln56_1 & s_mem_o_i == 9 & s_mem_o_depth_i == 13)> <Delay = 0.00>
ST_14 : Operation 1592 [1/1] (0.00ns)   --->   "%write_ln70 = write void @_ssdm_op_Write.ap_auto.i32P0A, i32 %out_mem_623, i32 %trunc_ln56" [./conv.h:70->top_wrapper.cpp:123]   --->   Operation 1592 'write' 'write_ln70' <Predicate = (icmp_ln56_1 & s_mem_o_i == 9 & s_mem_o_depth_i == 12)> <Delay = 0.00>
ST_14 : Operation 1593 [1/1] (0.00ns)   --->   "%write_ln70 = write void @_ssdm_op_Write.ap_auto.i32P0A, i32 %out_mem_622, i32 %trunc_ln56" [./conv.h:70->top_wrapper.cpp:123]   --->   Operation 1593 'write' 'write_ln70' <Predicate = (icmp_ln56_1 & s_mem_o_i == 9 & s_mem_o_depth_i == 11)> <Delay = 0.00>
ST_14 : Operation 1594 [1/1] (0.00ns)   --->   "%write_ln70 = write void @_ssdm_op_Write.ap_auto.i32P0A, i32 %out_mem_621, i32 %trunc_ln56" [./conv.h:70->top_wrapper.cpp:123]   --->   Operation 1594 'write' 'write_ln70' <Predicate = (icmp_ln56_1 & s_mem_o_i == 9 & s_mem_o_depth_i == 10)> <Delay = 0.00>
ST_14 : Operation 1595 [1/1] (0.00ns)   --->   "%write_ln70 = write void @_ssdm_op_Write.ap_auto.i32P0A, i32 %out_mem_620, i32 %trunc_ln56" [./conv.h:70->top_wrapper.cpp:123]   --->   Operation 1595 'write' 'write_ln70' <Predicate = (icmp_ln56_1 & s_mem_o_i == 9 & s_mem_o_depth_i == 9)> <Delay = 0.00>
ST_14 : Operation 1596 [1/1] (0.00ns)   --->   "%write_ln70 = write void @_ssdm_op_Write.ap_auto.i32P0A, i32 %out_mem_619, i32 %trunc_ln56" [./conv.h:70->top_wrapper.cpp:123]   --->   Operation 1596 'write' 'write_ln70' <Predicate = (icmp_ln56_1 & s_mem_o_i == 9 & s_mem_o_depth_i == 8)> <Delay = 0.00>
ST_14 : Operation 1597 [1/1] (0.00ns)   --->   "%write_ln70 = write void @_ssdm_op_Write.ap_auto.i32P0A, i32 %out_mem_618, i32 %trunc_ln56" [./conv.h:70->top_wrapper.cpp:123]   --->   Operation 1597 'write' 'write_ln70' <Predicate = (icmp_ln56_1 & s_mem_o_i == 9 & s_mem_o_depth_i == 7)> <Delay = 0.00>
ST_14 : Operation 1598 [1/1] (0.00ns)   --->   "%write_ln70 = write void @_ssdm_op_Write.ap_auto.i32P0A, i32 %out_mem_617, i32 %trunc_ln56" [./conv.h:70->top_wrapper.cpp:123]   --->   Operation 1598 'write' 'write_ln70' <Predicate = (icmp_ln56_1 & s_mem_o_i == 9 & s_mem_o_depth_i == 6)> <Delay = 0.00>
ST_14 : Operation 1599 [1/1] (0.00ns)   --->   "%write_ln70 = write void @_ssdm_op_Write.ap_auto.i32P0A, i32 %out_mem_616, i32 %trunc_ln56" [./conv.h:70->top_wrapper.cpp:123]   --->   Operation 1599 'write' 'write_ln70' <Predicate = (icmp_ln56_1 & s_mem_o_i == 9 & s_mem_o_depth_i == 5)> <Delay = 0.00>
ST_14 : Operation 1600 [1/1] (0.00ns)   --->   "%write_ln70 = write void @_ssdm_op_Write.ap_auto.i32P0A, i32 %out_mem_615, i32 %trunc_ln56" [./conv.h:70->top_wrapper.cpp:123]   --->   Operation 1600 'write' 'write_ln70' <Predicate = (icmp_ln56_1 & s_mem_o_i == 9 & s_mem_o_depth_i == 4)> <Delay = 0.00>
ST_14 : Operation 1601 [1/1] (0.00ns)   --->   "%write_ln70 = write void @_ssdm_op_Write.ap_auto.i32P0A, i32 %out_mem_614, i32 %trunc_ln56" [./conv.h:70->top_wrapper.cpp:123]   --->   Operation 1601 'write' 'write_ln70' <Predicate = (icmp_ln56_1 & s_mem_o_i == 9 & s_mem_o_depth_i == 3)> <Delay = 0.00>
ST_14 : Operation 1602 [1/1] (0.00ns)   --->   "%write_ln70 = write void @_ssdm_op_Write.ap_auto.i32P0A, i32 %out_mem_613, i32 %trunc_ln56" [./conv.h:70->top_wrapper.cpp:123]   --->   Operation 1602 'write' 'write_ln70' <Predicate = (icmp_ln56_1 & s_mem_o_i == 9 & s_mem_o_depth_i == 2)> <Delay = 0.00>
ST_14 : Operation 1603 [1/1] (0.00ns)   --->   "%write_ln70 = write void @_ssdm_op_Write.ap_auto.i32P0A, i32 %out_mem_612, i32 %trunc_ln56" [./conv.h:70->top_wrapper.cpp:123]   --->   Operation 1603 'write' 'write_ln70' <Predicate = (icmp_ln56_1 & s_mem_o_i == 9 & s_mem_o_depth_i == 1)> <Delay = 0.00>
ST_14 : Operation 1604 [1/1] (0.00ns)   --->   "%write_ln70 = write void @_ssdm_op_Write.ap_auto.i32P0A, i32 %out_mem_611, i32 %trunc_ln56" [./conv.h:70->top_wrapper.cpp:123]   --->   Operation 1604 'write' 'write_ln70' <Predicate = (icmp_ln56_1 & s_mem_o_i == 9 & s_mem_o_depth_i == 0)> <Delay = 0.00>
ST_14 : Operation 1605 [1/1] (0.00ns)   --->   "%write_ln70 = write void @_ssdm_op_Write.ap_auto.i32P0A, i32 %out_mem_628, i32 %trunc_ln56" [./conv.h:70->top_wrapper.cpp:123]   --->   Operation 1605 'write' 'write_ln70' <Predicate = (icmp_ln56_1 & s_mem_o_i == 9 & s_mem_o_depth_i != 0 & s_mem_o_depth_i != 1 & s_mem_o_depth_i != 2 & s_mem_o_depth_i != 3 & s_mem_o_depth_i != 4 & s_mem_o_depth_i != 5 & s_mem_o_depth_i != 6 & s_mem_o_depth_i != 7 & s_mem_o_depth_i != 8 & s_mem_o_depth_i != 9 & s_mem_o_depth_i != 10 & s_mem_o_depth_i != 11 & s_mem_o_depth_i != 12 & s_mem_o_depth_i != 13 & s_mem_o_depth_i != 14 & s_mem_o_depth_i != 15 & s_mem_o_depth_i != 16)> <Delay = 0.00>
ST_14 : Operation 1606 [1/1] (0.00ns)   --->   "%write_ln70 = write void @_ssdm_op_Write.ap_auto.i32P0A, i32 %out_mem_609, i32 %trunc_ln56" [./conv.h:70->top_wrapper.cpp:123]   --->   Operation 1606 'write' 'write_ln70' <Predicate = (icmp_ln56_1 & s_mem_o_i == 8 & s_mem_o_depth_i == 16)> <Delay = 0.00>
ST_14 : Operation 1607 [1/1] (0.00ns)   --->   "%write_ln70 = write void @_ssdm_op_Write.ap_auto.i32P0A, i32 %out_mem_608, i32 %trunc_ln56" [./conv.h:70->top_wrapper.cpp:123]   --->   Operation 1607 'write' 'write_ln70' <Predicate = (icmp_ln56_1 & s_mem_o_i == 8 & s_mem_o_depth_i == 15)> <Delay = 0.00>
ST_14 : Operation 1608 [1/1] (0.00ns)   --->   "%write_ln70 = write void @_ssdm_op_Write.ap_auto.i32P0A, i32 %out_mem_607, i32 %trunc_ln56" [./conv.h:70->top_wrapper.cpp:123]   --->   Operation 1608 'write' 'write_ln70' <Predicate = (icmp_ln56_1 & s_mem_o_i == 8 & s_mem_o_depth_i == 14)> <Delay = 0.00>
ST_14 : Operation 1609 [1/1] (0.00ns)   --->   "%write_ln70 = write void @_ssdm_op_Write.ap_auto.i32P0A, i32 %out_mem_606, i32 %trunc_ln56" [./conv.h:70->top_wrapper.cpp:123]   --->   Operation 1609 'write' 'write_ln70' <Predicate = (icmp_ln56_1 & s_mem_o_i == 8 & s_mem_o_depth_i == 13)> <Delay = 0.00>
ST_14 : Operation 1610 [1/1] (0.00ns)   --->   "%write_ln70 = write void @_ssdm_op_Write.ap_auto.i32P0A, i32 %out_mem_605, i32 %trunc_ln56" [./conv.h:70->top_wrapper.cpp:123]   --->   Operation 1610 'write' 'write_ln70' <Predicate = (icmp_ln56_1 & s_mem_o_i == 8 & s_mem_o_depth_i == 12)> <Delay = 0.00>
ST_14 : Operation 1611 [1/1] (0.00ns)   --->   "%write_ln70 = write void @_ssdm_op_Write.ap_auto.i32P0A, i32 %out_mem_604, i32 %trunc_ln56" [./conv.h:70->top_wrapper.cpp:123]   --->   Operation 1611 'write' 'write_ln70' <Predicate = (icmp_ln56_1 & s_mem_o_i == 8 & s_mem_o_depth_i == 11)> <Delay = 0.00>
ST_14 : Operation 1612 [1/1] (0.00ns)   --->   "%write_ln70 = write void @_ssdm_op_Write.ap_auto.i32P0A, i32 %out_mem_603, i32 %trunc_ln56" [./conv.h:70->top_wrapper.cpp:123]   --->   Operation 1612 'write' 'write_ln70' <Predicate = (icmp_ln56_1 & s_mem_o_i == 8 & s_mem_o_depth_i == 10)> <Delay = 0.00>
ST_14 : Operation 1613 [1/1] (0.00ns)   --->   "%write_ln70 = write void @_ssdm_op_Write.ap_auto.i32P0A, i32 %out_mem_602, i32 %trunc_ln56" [./conv.h:70->top_wrapper.cpp:123]   --->   Operation 1613 'write' 'write_ln70' <Predicate = (icmp_ln56_1 & s_mem_o_i == 8 & s_mem_o_depth_i == 9)> <Delay = 0.00>
ST_14 : Operation 1614 [1/1] (0.00ns)   --->   "%write_ln70 = write void @_ssdm_op_Write.ap_auto.i32P0A, i32 %out_mem_601, i32 %trunc_ln56" [./conv.h:70->top_wrapper.cpp:123]   --->   Operation 1614 'write' 'write_ln70' <Predicate = (icmp_ln56_1 & s_mem_o_i == 8 & s_mem_o_depth_i == 8)> <Delay = 0.00>
ST_14 : Operation 1615 [1/1] (0.00ns)   --->   "%write_ln70 = write void @_ssdm_op_Write.ap_auto.i32P0A, i32 %out_mem_600, i32 %trunc_ln56" [./conv.h:70->top_wrapper.cpp:123]   --->   Operation 1615 'write' 'write_ln70' <Predicate = (icmp_ln56_1 & s_mem_o_i == 8 & s_mem_o_depth_i == 7)> <Delay = 0.00>
ST_14 : Operation 1616 [1/1] (0.00ns)   --->   "%write_ln70 = write void @_ssdm_op_Write.ap_auto.i32P0A, i32 %out_mem_599, i32 %trunc_ln56" [./conv.h:70->top_wrapper.cpp:123]   --->   Operation 1616 'write' 'write_ln70' <Predicate = (icmp_ln56_1 & s_mem_o_i == 8 & s_mem_o_depth_i == 6)> <Delay = 0.00>
ST_14 : Operation 1617 [1/1] (0.00ns)   --->   "%write_ln70 = write void @_ssdm_op_Write.ap_auto.i32P0A, i32 %out_mem_598, i32 %trunc_ln56" [./conv.h:70->top_wrapper.cpp:123]   --->   Operation 1617 'write' 'write_ln70' <Predicate = (icmp_ln56_1 & s_mem_o_i == 8 & s_mem_o_depth_i == 5)> <Delay = 0.00>
ST_14 : Operation 1618 [1/1] (0.00ns)   --->   "%write_ln70 = write void @_ssdm_op_Write.ap_auto.i32P0A, i32 %out_mem_597, i32 %trunc_ln56" [./conv.h:70->top_wrapper.cpp:123]   --->   Operation 1618 'write' 'write_ln70' <Predicate = (icmp_ln56_1 & s_mem_o_i == 8 & s_mem_o_depth_i == 4)> <Delay = 0.00>
ST_14 : Operation 1619 [1/1] (0.00ns)   --->   "%write_ln70 = write void @_ssdm_op_Write.ap_auto.i32P0A, i32 %out_mem_596, i32 %trunc_ln56" [./conv.h:70->top_wrapper.cpp:123]   --->   Operation 1619 'write' 'write_ln70' <Predicate = (icmp_ln56_1 & s_mem_o_i == 8 & s_mem_o_depth_i == 3)> <Delay = 0.00>
ST_14 : Operation 1620 [1/1] (0.00ns)   --->   "%write_ln70 = write void @_ssdm_op_Write.ap_auto.i32P0A, i32 %out_mem_595, i32 %trunc_ln56" [./conv.h:70->top_wrapper.cpp:123]   --->   Operation 1620 'write' 'write_ln70' <Predicate = (icmp_ln56_1 & s_mem_o_i == 8 & s_mem_o_depth_i == 2)> <Delay = 0.00>
ST_14 : Operation 1621 [1/1] (0.00ns)   --->   "%write_ln70 = write void @_ssdm_op_Write.ap_auto.i32P0A, i32 %out_mem_594, i32 %trunc_ln56" [./conv.h:70->top_wrapper.cpp:123]   --->   Operation 1621 'write' 'write_ln70' <Predicate = (icmp_ln56_1 & s_mem_o_i == 8 & s_mem_o_depth_i == 1)> <Delay = 0.00>
ST_14 : Operation 1622 [1/1] (0.00ns)   --->   "%write_ln70 = write void @_ssdm_op_Write.ap_auto.i32P0A, i32 %out_mem_593, i32 %trunc_ln56" [./conv.h:70->top_wrapper.cpp:123]   --->   Operation 1622 'write' 'write_ln70' <Predicate = (icmp_ln56_1 & s_mem_o_i == 8 & s_mem_o_depth_i == 0)> <Delay = 0.00>
ST_14 : Operation 1623 [1/1] (0.00ns)   --->   "%write_ln70 = write void @_ssdm_op_Write.ap_auto.i32P0A, i32 %out_mem_610, i32 %trunc_ln56" [./conv.h:70->top_wrapper.cpp:123]   --->   Operation 1623 'write' 'write_ln70' <Predicate = (icmp_ln56_1 & s_mem_o_i == 8 & s_mem_o_depth_i != 0 & s_mem_o_depth_i != 1 & s_mem_o_depth_i != 2 & s_mem_o_depth_i != 3 & s_mem_o_depth_i != 4 & s_mem_o_depth_i != 5 & s_mem_o_depth_i != 6 & s_mem_o_depth_i != 7 & s_mem_o_depth_i != 8 & s_mem_o_depth_i != 9 & s_mem_o_depth_i != 10 & s_mem_o_depth_i != 11 & s_mem_o_depth_i != 12 & s_mem_o_depth_i != 13 & s_mem_o_depth_i != 14 & s_mem_o_depth_i != 15 & s_mem_o_depth_i != 16)> <Delay = 0.00>
ST_14 : Operation 1624 [1/1] (0.00ns)   --->   "%write_ln70 = write void @_ssdm_op_Write.ap_auto.i32P0A, i32 %out_mem_591, i32 %trunc_ln56" [./conv.h:70->top_wrapper.cpp:123]   --->   Operation 1624 'write' 'write_ln70' <Predicate = (icmp_ln56_1 & s_mem_o_i == 7 & s_mem_o_depth_i == 16)> <Delay = 0.00>
ST_14 : Operation 1625 [1/1] (0.00ns)   --->   "%write_ln70 = write void @_ssdm_op_Write.ap_auto.i32P0A, i32 %out_mem_590, i32 %trunc_ln56" [./conv.h:70->top_wrapper.cpp:123]   --->   Operation 1625 'write' 'write_ln70' <Predicate = (icmp_ln56_1 & s_mem_o_i == 7 & s_mem_o_depth_i == 15)> <Delay = 0.00>
ST_14 : Operation 1626 [1/1] (0.00ns)   --->   "%write_ln70 = write void @_ssdm_op_Write.ap_auto.i32P0A, i32 %out_mem_589, i32 %trunc_ln56" [./conv.h:70->top_wrapper.cpp:123]   --->   Operation 1626 'write' 'write_ln70' <Predicate = (icmp_ln56_1 & s_mem_o_i == 7 & s_mem_o_depth_i == 14)> <Delay = 0.00>
ST_14 : Operation 1627 [1/1] (0.00ns)   --->   "%write_ln70 = write void @_ssdm_op_Write.ap_auto.i32P0A, i32 %out_mem_588, i32 %trunc_ln56" [./conv.h:70->top_wrapper.cpp:123]   --->   Operation 1627 'write' 'write_ln70' <Predicate = (icmp_ln56_1 & s_mem_o_i == 7 & s_mem_o_depth_i == 13)> <Delay = 0.00>
ST_14 : Operation 1628 [1/1] (0.00ns)   --->   "%write_ln70 = write void @_ssdm_op_Write.ap_auto.i32P0A, i32 %out_mem_587, i32 %trunc_ln56" [./conv.h:70->top_wrapper.cpp:123]   --->   Operation 1628 'write' 'write_ln70' <Predicate = (icmp_ln56_1 & s_mem_o_i == 7 & s_mem_o_depth_i == 12)> <Delay = 0.00>
ST_14 : Operation 1629 [1/1] (0.00ns)   --->   "%write_ln70 = write void @_ssdm_op_Write.ap_auto.i32P0A, i32 %out_mem_586, i32 %trunc_ln56" [./conv.h:70->top_wrapper.cpp:123]   --->   Operation 1629 'write' 'write_ln70' <Predicate = (icmp_ln56_1 & s_mem_o_i == 7 & s_mem_o_depth_i == 11)> <Delay = 0.00>
ST_14 : Operation 1630 [1/1] (0.00ns)   --->   "%write_ln70 = write void @_ssdm_op_Write.ap_auto.i32P0A, i32 %out_mem_585, i32 %trunc_ln56" [./conv.h:70->top_wrapper.cpp:123]   --->   Operation 1630 'write' 'write_ln70' <Predicate = (icmp_ln56_1 & s_mem_o_i == 7 & s_mem_o_depth_i == 10)> <Delay = 0.00>
ST_14 : Operation 1631 [1/1] (0.00ns)   --->   "%write_ln70 = write void @_ssdm_op_Write.ap_auto.i32P0A, i32 %out_mem_584, i32 %trunc_ln56" [./conv.h:70->top_wrapper.cpp:123]   --->   Operation 1631 'write' 'write_ln70' <Predicate = (icmp_ln56_1 & s_mem_o_i == 7 & s_mem_o_depth_i == 9)> <Delay = 0.00>
ST_14 : Operation 1632 [1/1] (0.00ns)   --->   "%write_ln70 = write void @_ssdm_op_Write.ap_auto.i32P0A, i32 %out_mem_583, i32 %trunc_ln56" [./conv.h:70->top_wrapper.cpp:123]   --->   Operation 1632 'write' 'write_ln70' <Predicate = (icmp_ln56_1 & s_mem_o_i == 7 & s_mem_o_depth_i == 8)> <Delay = 0.00>
ST_14 : Operation 1633 [1/1] (0.00ns)   --->   "%write_ln70 = write void @_ssdm_op_Write.ap_auto.i32P0A, i32 %out_mem_582, i32 %trunc_ln56" [./conv.h:70->top_wrapper.cpp:123]   --->   Operation 1633 'write' 'write_ln70' <Predicate = (icmp_ln56_1 & s_mem_o_i == 7 & s_mem_o_depth_i == 7)> <Delay = 0.00>
ST_14 : Operation 1634 [1/1] (0.00ns)   --->   "%write_ln70 = write void @_ssdm_op_Write.ap_auto.i32P0A, i32 %out_mem_581, i32 %trunc_ln56" [./conv.h:70->top_wrapper.cpp:123]   --->   Operation 1634 'write' 'write_ln70' <Predicate = (icmp_ln56_1 & s_mem_o_i == 7 & s_mem_o_depth_i == 6)> <Delay = 0.00>
ST_14 : Operation 1635 [1/1] (0.00ns)   --->   "%write_ln70 = write void @_ssdm_op_Write.ap_auto.i32P0A, i32 %out_mem_580, i32 %trunc_ln56" [./conv.h:70->top_wrapper.cpp:123]   --->   Operation 1635 'write' 'write_ln70' <Predicate = (icmp_ln56_1 & s_mem_o_i == 7 & s_mem_o_depth_i == 5)> <Delay = 0.00>
ST_14 : Operation 1636 [1/1] (0.00ns)   --->   "%write_ln70 = write void @_ssdm_op_Write.ap_auto.i32P0A, i32 %out_mem_579, i32 %trunc_ln56" [./conv.h:70->top_wrapper.cpp:123]   --->   Operation 1636 'write' 'write_ln70' <Predicate = (icmp_ln56_1 & s_mem_o_i == 7 & s_mem_o_depth_i == 4)> <Delay = 0.00>
ST_14 : Operation 1637 [1/1] (0.00ns)   --->   "%write_ln70 = write void @_ssdm_op_Write.ap_auto.i32P0A, i32 %out_mem_578, i32 %trunc_ln56" [./conv.h:70->top_wrapper.cpp:123]   --->   Operation 1637 'write' 'write_ln70' <Predicate = (icmp_ln56_1 & s_mem_o_i == 7 & s_mem_o_depth_i == 3)> <Delay = 0.00>
ST_14 : Operation 1638 [1/1] (0.00ns)   --->   "%write_ln70 = write void @_ssdm_op_Write.ap_auto.i32P0A, i32 %out_mem_577, i32 %trunc_ln56" [./conv.h:70->top_wrapper.cpp:123]   --->   Operation 1638 'write' 'write_ln70' <Predicate = (icmp_ln56_1 & s_mem_o_i == 7 & s_mem_o_depth_i == 2)> <Delay = 0.00>
ST_14 : Operation 1639 [1/1] (0.00ns)   --->   "%write_ln70 = write void @_ssdm_op_Write.ap_auto.i32P0A, i32 %out_mem_576, i32 %trunc_ln56" [./conv.h:70->top_wrapper.cpp:123]   --->   Operation 1639 'write' 'write_ln70' <Predicate = (icmp_ln56_1 & s_mem_o_i == 7 & s_mem_o_depth_i == 1)> <Delay = 0.00>
ST_14 : Operation 1640 [1/1] (0.00ns)   --->   "%write_ln70 = write void @_ssdm_op_Write.ap_auto.i32P0A, i32 %out_mem_575, i32 %trunc_ln56" [./conv.h:70->top_wrapper.cpp:123]   --->   Operation 1640 'write' 'write_ln70' <Predicate = (icmp_ln56_1 & s_mem_o_i == 7 & s_mem_o_depth_i == 0)> <Delay = 0.00>
ST_14 : Operation 1641 [1/1] (0.00ns)   --->   "%write_ln70 = write void @_ssdm_op_Write.ap_auto.i32P0A, i32 %out_mem_592, i32 %trunc_ln56" [./conv.h:70->top_wrapper.cpp:123]   --->   Operation 1641 'write' 'write_ln70' <Predicate = (icmp_ln56_1 & s_mem_o_i == 7 & s_mem_o_depth_i != 0 & s_mem_o_depth_i != 1 & s_mem_o_depth_i != 2 & s_mem_o_depth_i != 3 & s_mem_o_depth_i != 4 & s_mem_o_depth_i != 5 & s_mem_o_depth_i != 6 & s_mem_o_depth_i != 7 & s_mem_o_depth_i != 8 & s_mem_o_depth_i != 9 & s_mem_o_depth_i != 10 & s_mem_o_depth_i != 11 & s_mem_o_depth_i != 12 & s_mem_o_depth_i != 13 & s_mem_o_depth_i != 14 & s_mem_o_depth_i != 15 & s_mem_o_depth_i != 16)> <Delay = 0.00>
ST_14 : Operation 1642 [1/1] (0.00ns)   --->   "%write_ln70 = write void @_ssdm_op_Write.ap_auto.i32P0A, i32 %out_mem_573, i32 %trunc_ln56" [./conv.h:70->top_wrapper.cpp:123]   --->   Operation 1642 'write' 'write_ln70' <Predicate = (icmp_ln56_1 & s_mem_o_i == 6 & s_mem_o_depth_i == 16)> <Delay = 0.00>
ST_14 : Operation 1643 [1/1] (0.00ns)   --->   "%write_ln70 = write void @_ssdm_op_Write.ap_auto.i32P0A, i32 %out_mem_572, i32 %trunc_ln56" [./conv.h:70->top_wrapper.cpp:123]   --->   Operation 1643 'write' 'write_ln70' <Predicate = (icmp_ln56_1 & s_mem_o_i == 6 & s_mem_o_depth_i == 15)> <Delay = 0.00>
ST_14 : Operation 1644 [1/1] (0.00ns)   --->   "%write_ln70 = write void @_ssdm_op_Write.ap_auto.i32P0A, i32 %out_mem_571, i32 %trunc_ln56" [./conv.h:70->top_wrapper.cpp:123]   --->   Operation 1644 'write' 'write_ln70' <Predicate = (icmp_ln56_1 & s_mem_o_i == 6 & s_mem_o_depth_i == 14)> <Delay = 0.00>
ST_14 : Operation 1645 [1/1] (0.00ns)   --->   "%write_ln70 = write void @_ssdm_op_Write.ap_auto.i32P0A, i32 %out_mem_570, i32 %trunc_ln56" [./conv.h:70->top_wrapper.cpp:123]   --->   Operation 1645 'write' 'write_ln70' <Predicate = (icmp_ln56_1 & s_mem_o_i == 6 & s_mem_o_depth_i == 13)> <Delay = 0.00>
ST_14 : Operation 1646 [1/1] (0.00ns)   --->   "%write_ln70 = write void @_ssdm_op_Write.ap_auto.i32P0A, i32 %out_mem_569, i32 %trunc_ln56" [./conv.h:70->top_wrapper.cpp:123]   --->   Operation 1646 'write' 'write_ln70' <Predicate = (icmp_ln56_1 & s_mem_o_i == 6 & s_mem_o_depth_i == 12)> <Delay = 0.00>
ST_14 : Operation 1647 [1/1] (0.00ns)   --->   "%write_ln70 = write void @_ssdm_op_Write.ap_auto.i32P0A, i32 %out_mem_568, i32 %trunc_ln56" [./conv.h:70->top_wrapper.cpp:123]   --->   Operation 1647 'write' 'write_ln70' <Predicate = (icmp_ln56_1 & s_mem_o_i == 6 & s_mem_o_depth_i == 11)> <Delay = 0.00>
ST_14 : Operation 1648 [1/1] (0.00ns)   --->   "%write_ln70 = write void @_ssdm_op_Write.ap_auto.i32P0A, i32 %out_mem_567, i32 %trunc_ln56" [./conv.h:70->top_wrapper.cpp:123]   --->   Operation 1648 'write' 'write_ln70' <Predicate = (icmp_ln56_1 & s_mem_o_i == 6 & s_mem_o_depth_i == 10)> <Delay = 0.00>
ST_14 : Operation 1649 [1/1] (0.00ns)   --->   "%write_ln70 = write void @_ssdm_op_Write.ap_auto.i32P0A, i32 %out_mem_566, i32 %trunc_ln56" [./conv.h:70->top_wrapper.cpp:123]   --->   Operation 1649 'write' 'write_ln70' <Predicate = (icmp_ln56_1 & s_mem_o_i == 6 & s_mem_o_depth_i == 9)> <Delay = 0.00>
ST_14 : Operation 1650 [1/1] (0.00ns)   --->   "%write_ln70 = write void @_ssdm_op_Write.ap_auto.i32P0A, i32 %out_mem_565, i32 %trunc_ln56" [./conv.h:70->top_wrapper.cpp:123]   --->   Operation 1650 'write' 'write_ln70' <Predicate = (icmp_ln56_1 & s_mem_o_i == 6 & s_mem_o_depth_i == 8)> <Delay = 0.00>
ST_14 : Operation 1651 [1/1] (0.00ns)   --->   "%write_ln70 = write void @_ssdm_op_Write.ap_auto.i32P0A, i32 %out_mem_564, i32 %trunc_ln56" [./conv.h:70->top_wrapper.cpp:123]   --->   Operation 1651 'write' 'write_ln70' <Predicate = (icmp_ln56_1 & s_mem_o_i == 6 & s_mem_o_depth_i == 7)> <Delay = 0.00>
ST_14 : Operation 1652 [1/1] (0.00ns)   --->   "%write_ln70 = write void @_ssdm_op_Write.ap_auto.i32P0A, i32 %out_mem_563, i32 %trunc_ln56" [./conv.h:70->top_wrapper.cpp:123]   --->   Operation 1652 'write' 'write_ln70' <Predicate = (icmp_ln56_1 & s_mem_o_i == 6 & s_mem_o_depth_i == 6)> <Delay = 0.00>
ST_14 : Operation 1653 [1/1] (0.00ns)   --->   "%write_ln70 = write void @_ssdm_op_Write.ap_auto.i32P0A, i32 %out_mem_562, i32 %trunc_ln56" [./conv.h:70->top_wrapper.cpp:123]   --->   Operation 1653 'write' 'write_ln70' <Predicate = (icmp_ln56_1 & s_mem_o_i == 6 & s_mem_o_depth_i == 5)> <Delay = 0.00>
ST_14 : Operation 1654 [1/1] (0.00ns)   --->   "%write_ln70 = write void @_ssdm_op_Write.ap_auto.i32P0A, i32 %out_mem_561, i32 %trunc_ln56" [./conv.h:70->top_wrapper.cpp:123]   --->   Operation 1654 'write' 'write_ln70' <Predicate = (icmp_ln56_1 & s_mem_o_i == 6 & s_mem_o_depth_i == 4)> <Delay = 0.00>
ST_14 : Operation 1655 [1/1] (0.00ns)   --->   "%write_ln70 = write void @_ssdm_op_Write.ap_auto.i32P0A, i32 %out_mem_560, i32 %trunc_ln56" [./conv.h:70->top_wrapper.cpp:123]   --->   Operation 1655 'write' 'write_ln70' <Predicate = (icmp_ln56_1 & s_mem_o_i == 6 & s_mem_o_depth_i == 3)> <Delay = 0.00>
ST_14 : Operation 1656 [1/1] (0.00ns)   --->   "%write_ln70 = write void @_ssdm_op_Write.ap_auto.i32P0A, i32 %out_mem_559, i32 %trunc_ln56" [./conv.h:70->top_wrapper.cpp:123]   --->   Operation 1656 'write' 'write_ln70' <Predicate = (icmp_ln56_1 & s_mem_o_i == 6 & s_mem_o_depth_i == 2)> <Delay = 0.00>
ST_14 : Operation 1657 [1/1] (0.00ns)   --->   "%write_ln70 = write void @_ssdm_op_Write.ap_auto.i32P0A, i32 %out_mem_558, i32 %trunc_ln56" [./conv.h:70->top_wrapper.cpp:123]   --->   Operation 1657 'write' 'write_ln70' <Predicate = (icmp_ln56_1 & s_mem_o_i == 6 & s_mem_o_depth_i == 1)> <Delay = 0.00>
ST_14 : Operation 1658 [1/1] (0.00ns)   --->   "%write_ln70 = write void @_ssdm_op_Write.ap_auto.i32P0A, i32 %out_mem_557, i32 %trunc_ln56" [./conv.h:70->top_wrapper.cpp:123]   --->   Operation 1658 'write' 'write_ln70' <Predicate = (icmp_ln56_1 & s_mem_o_i == 6 & s_mem_o_depth_i == 0)> <Delay = 0.00>
ST_14 : Operation 1659 [1/1] (0.00ns)   --->   "%write_ln70 = write void @_ssdm_op_Write.ap_auto.i32P0A, i32 %out_mem_574, i32 %trunc_ln56" [./conv.h:70->top_wrapper.cpp:123]   --->   Operation 1659 'write' 'write_ln70' <Predicate = (icmp_ln56_1 & s_mem_o_i == 6 & s_mem_o_depth_i != 0 & s_mem_o_depth_i != 1 & s_mem_o_depth_i != 2 & s_mem_o_depth_i != 3 & s_mem_o_depth_i != 4 & s_mem_o_depth_i != 5 & s_mem_o_depth_i != 6 & s_mem_o_depth_i != 7 & s_mem_o_depth_i != 8 & s_mem_o_depth_i != 9 & s_mem_o_depth_i != 10 & s_mem_o_depth_i != 11 & s_mem_o_depth_i != 12 & s_mem_o_depth_i != 13 & s_mem_o_depth_i != 14 & s_mem_o_depth_i != 15 & s_mem_o_depth_i != 16)> <Delay = 0.00>
ST_14 : Operation 1660 [1/1] (0.00ns)   --->   "%write_ln70 = write void @_ssdm_op_Write.ap_auto.i32P0A, i32 %out_mem_555, i32 %trunc_ln56" [./conv.h:70->top_wrapper.cpp:123]   --->   Operation 1660 'write' 'write_ln70' <Predicate = (icmp_ln56_1 & s_mem_o_i == 5 & s_mem_o_depth_i == 16)> <Delay = 0.00>
ST_14 : Operation 1661 [1/1] (0.00ns)   --->   "%write_ln70 = write void @_ssdm_op_Write.ap_auto.i32P0A, i32 %out_mem_554, i32 %trunc_ln56" [./conv.h:70->top_wrapper.cpp:123]   --->   Operation 1661 'write' 'write_ln70' <Predicate = (icmp_ln56_1 & s_mem_o_i == 5 & s_mem_o_depth_i == 15)> <Delay = 0.00>
ST_14 : Operation 1662 [1/1] (0.00ns)   --->   "%write_ln70 = write void @_ssdm_op_Write.ap_auto.i32P0A, i32 %out_mem_553, i32 %trunc_ln56" [./conv.h:70->top_wrapper.cpp:123]   --->   Operation 1662 'write' 'write_ln70' <Predicate = (icmp_ln56_1 & s_mem_o_i == 5 & s_mem_o_depth_i == 14)> <Delay = 0.00>
ST_14 : Operation 1663 [1/1] (0.00ns)   --->   "%write_ln70 = write void @_ssdm_op_Write.ap_auto.i32P0A, i32 %out_mem_552, i32 %trunc_ln56" [./conv.h:70->top_wrapper.cpp:123]   --->   Operation 1663 'write' 'write_ln70' <Predicate = (icmp_ln56_1 & s_mem_o_i == 5 & s_mem_o_depth_i == 13)> <Delay = 0.00>
ST_14 : Operation 1664 [1/1] (0.00ns)   --->   "%write_ln70 = write void @_ssdm_op_Write.ap_auto.i32P0A, i32 %out_mem_551, i32 %trunc_ln56" [./conv.h:70->top_wrapper.cpp:123]   --->   Operation 1664 'write' 'write_ln70' <Predicate = (icmp_ln56_1 & s_mem_o_i == 5 & s_mem_o_depth_i == 12)> <Delay = 0.00>
ST_14 : Operation 1665 [1/1] (0.00ns)   --->   "%write_ln70 = write void @_ssdm_op_Write.ap_auto.i32P0A, i32 %out_mem_550, i32 %trunc_ln56" [./conv.h:70->top_wrapper.cpp:123]   --->   Operation 1665 'write' 'write_ln70' <Predicate = (icmp_ln56_1 & s_mem_o_i == 5 & s_mem_o_depth_i == 11)> <Delay = 0.00>
ST_14 : Operation 1666 [1/1] (0.00ns)   --->   "%write_ln70 = write void @_ssdm_op_Write.ap_auto.i32P0A, i32 %out_mem_549, i32 %trunc_ln56" [./conv.h:70->top_wrapper.cpp:123]   --->   Operation 1666 'write' 'write_ln70' <Predicate = (icmp_ln56_1 & s_mem_o_i == 5 & s_mem_o_depth_i == 10)> <Delay = 0.00>
ST_14 : Operation 1667 [1/1] (0.00ns)   --->   "%write_ln70 = write void @_ssdm_op_Write.ap_auto.i32P0A, i32 %out_mem_548, i32 %trunc_ln56" [./conv.h:70->top_wrapper.cpp:123]   --->   Operation 1667 'write' 'write_ln70' <Predicate = (icmp_ln56_1 & s_mem_o_i == 5 & s_mem_o_depth_i == 9)> <Delay = 0.00>
ST_14 : Operation 1668 [1/1] (0.00ns)   --->   "%write_ln70 = write void @_ssdm_op_Write.ap_auto.i32P0A, i32 %out_mem_547, i32 %trunc_ln56" [./conv.h:70->top_wrapper.cpp:123]   --->   Operation 1668 'write' 'write_ln70' <Predicate = (icmp_ln56_1 & s_mem_o_i == 5 & s_mem_o_depth_i == 8)> <Delay = 0.00>
ST_14 : Operation 1669 [1/1] (0.00ns)   --->   "%write_ln70 = write void @_ssdm_op_Write.ap_auto.i32P0A, i32 %out_mem_546, i32 %trunc_ln56" [./conv.h:70->top_wrapper.cpp:123]   --->   Operation 1669 'write' 'write_ln70' <Predicate = (icmp_ln56_1 & s_mem_o_i == 5 & s_mem_o_depth_i == 7)> <Delay = 0.00>
ST_14 : Operation 1670 [1/1] (0.00ns)   --->   "%write_ln70 = write void @_ssdm_op_Write.ap_auto.i32P0A, i32 %out_mem_545, i32 %trunc_ln56" [./conv.h:70->top_wrapper.cpp:123]   --->   Operation 1670 'write' 'write_ln70' <Predicate = (icmp_ln56_1 & s_mem_o_i == 5 & s_mem_o_depth_i == 6)> <Delay = 0.00>
ST_14 : Operation 1671 [1/1] (0.00ns)   --->   "%write_ln70 = write void @_ssdm_op_Write.ap_auto.i32P0A, i32 %out_mem_544, i32 %trunc_ln56" [./conv.h:70->top_wrapper.cpp:123]   --->   Operation 1671 'write' 'write_ln70' <Predicate = (icmp_ln56_1 & s_mem_o_i == 5 & s_mem_o_depth_i == 5)> <Delay = 0.00>
ST_14 : Operation 1672 [1/1] (0.00ns)   --->   "%write_ln70 = write void @_ssdm_op_Write.ap_auto.i32P0A, i32 %out_mem_543, i32 %trunc_ln56" [./conv.h:70->top_wrapper.cpp:123]   --->   Operation 1672 'write' 'write_ln70' <Predicate = (icmp_ln56_1 & s_mem_o_i == 5 & s_mem_o_depth_i == 4)> <Delay = 0.00>
ST_14 : Operation 1673 [1/1] (0.00ns)   --->   "%write_ln70 = write void @_ssdm_op_Write.ap_auto.i32P0A, i32 %out_mem_542, i32 %trunc_ln56" [./conv.h:70->top_wrapper.cpp:123]   --->   Operation 1673 'write' 'write_ln70' <Predicate = (icmp_ln56_1 & s_mem_o_i == 5 & s_mem_o_depth_i == 3)> <Delay = 0.00>
ST_14 : Operation 1674 [1/1] (0.00ns)   --->   "%write_ln70 = write void @_ssdm_op_Write.ap_auto.i32P0A, i32 %out_mem_541, i32 %trunc_ln56" [./conv.h:70->top_wrapper.cpp:123]   --->   Operation 1674 'write' 'write_ln70' <Predicate = (icmp_ln56_1 & s_mem_o_i == 5 & s_mem_o_depth_i == 2)> <Delay = 0.00>
ST_14 : Operation 1675 [1/1] (0.00ns)   --->   "%write_ln70 = write void @_ssdm_op_Write.ap_auto.i32P0A, i32 %out_mem_540, i32 %trunc_ln56" [./conv.h:70->top_wrapper.cpp:123]   --->   Operation 1675 'write' 'write_ln70' <Predicate = (icmp_ln56_1 & s_mem_o_i == 5 & s_mem_o_depth_i == 1)> <Delay = 0.00>
ST_14 : Operation 1676 [1/1] (0.00ns)   --->   "%write_ln70 = write void @_ssdm_op_Write.ap_auto.i32P0A, i32 %out_mem_539, i32 %trunc_ln56" [./conv.h:70->top_wrapper.cpp:123]   --->   Operation 1676 'write' 'write_ln70' <Predicate = (icmp_ln56_1 & s_mem_o_i == 5 & s_mem_o_depth_i == 0)> <Delay = 0.00>
ST_14 : Operation 1677 [1/1] (0.00ns)   --->   "%write_ln70 = write void @_ssdm_op_Write.ap_auto.i32P0A, i32 %out_mem_556, i32 %trunc_ln56" [./conv.h:70->top_wrapper.cpp:123]   --->   Operation 1677 'write' 'write_ln70' <Predicate = (icmp_ln56_1 & s_mem_o_i == 5 & s_mem_o_depth_i != 0 & s_mem_o_depth_i != 1 & s_mem_o_depth_i != 2 & s_mem_o_depth_i != 3 & s_mem_o_depth_i != 4 & s_mem_o_depth_i != 5 & s_mem_o_depth_i != 6 & s_mem_o_depth_i != 7 & s_mem_o_depth_i != 8 & s_mem_o_depth_i != 9 & s_mem_o_depth_i != 10 & s_mem_o_depth_i != 11 & s_mem_o_depth_i != 12 & s_mem_o_depth_i != 13 & s_mem_o_depth_i != 14 & s_mem_o_depth_i != 15 & s_mem_o_depth_i != 16)> <Delay = 0.00>
ST_14 : Operation 1678 [1/1] (0.00ns)   --->   "%write_ln70 = write void @_ssdm_op_Write.ap_auto.i32P0A, i32 %out_mem_537, i32 %trunc_ln56" [./conv.h:70->top_wrapper.cpp:123]   --->   Operation 1678 'write' 'write_ln70' <Predicate = (icmp_ln56_1 & s_mem_o_i == 4 & s_mem_o_depth_i == 16)> <Delay = 0.00>
ST_14 : Operation 1679 [1/1] (0.00ns)   --->   "%write_ln70 = write void @_ssdm_op_Write.ap_auto.i32P0A, i32 %out_mem_536, i32 %trunc_ln56" [./conv.h:70->top_wrapper.cpp:123]   --->   Operation 1679 'write' 'write_ln70' <Predicate = (icmp_ln56_1 & s_mem_o_i == 4 & s_mem_o_depth_i == 15)> <Delay = 0.00>
ST_14 : Operation 1680 [1/1] (0.00ns)   --->   "%write_ln70 = write void @_ssdm_op_Write.ap_auto.i32P0A, i32 %out_mem_535, i32 %trunc_ln56" [./conv.h:70->top_wrapper.cpp:123]   --->   Operation 1680 'write' 'write_ln70' <Predicate = (icmp_ln56_1 & s_mem_o_i == 4 & s_mem_o_depth_i == 14)> <Delay = 0.00>
ST_14 : Operation 1681 [1/1] (0.00ns)   --->   "%write_ln70 = write void @_ssdm_op_Write.ap_auto.i32P0A, i32 %out_mem_534, i32 %trunc_ln56" [./conv.h:70->top_wrapper.cpp:123]   --->   Operation 1681 'write' 'write_ln70' <Predicate = (icmp_ln56_1 & s_mem_o_i == 4 & s_mem_o_depth_i == 13)> <Delay = 0.00>
ST_14 : Operation 1682 [1/1] (0.00ns)   --->   "%write_ln70 = write void @_ssdm_op_Write.ap_auto.i32P0A, i32 %out_mem_533, i32 %trunc_ln56" [./conv.h:70->top_wrapper.cpp:123]   --->   Operation 1682 'write' 'write_ln70' <Predicate = (icmp_ln56_1 & s_mem_o_i == 4 & s_mem_o_depth_i == 12)> <Delay = 0.00>
ST_14 : Operation 1683 [1/1] (0.00ns)   --->   "%write_ln70 = write void @_ssdm_op_Write.ap_auto.i32P0A, i32 %out_mem_532, i32 %trunc_ln56" [./conv.h:70->top_wrapper.cpp:123]   --->   Operation 1683 'write' 'write_ln70' <Predicate = (icmp_ln56_1 & s_mem_o_i == 4 & s_mem_o_depth_i == 11)> <Delay = 0.00>
ST_14 : Operation 1684 [1/1] (0.00ns)   --->   "%write_ln70 = write void @_ssdm_op_Write.ap_auto.i32P0A, i32 %out_mem_531, i32 %trunc_ln56" [./conv.h:70->top_wrapper.cpp:123]   --->   Operation 1684 'write' 'write_ln70' <Predicate = (icmp_ln56_1 & s_mem_o_i == 4 & s_mem_o_depth_i == 10)> <Delay = 0.00>
ST_14 : Operation 1685 [1/1] (0.00ns)   --->   "%write_ln70 = write void @_ssdm_op_Write.ap_auto.i32P0A, i32 %out_mem_530, i32 %trunc_ln56" [./conv.h:70->top_wrapper.cpp:123]   --->   Operation 1685 'write' 'write_ln70' <Predicate = (icmp_ln56_1 & s_mem_o_i == 4 & s_mem_o_depth_i == 9)> <Delay = 0.00>
ST_14 : Operation 1686 [1/1] (0.00ns)   --->   "%write_ln70 = write void @_ssdm_op_Write.ap_auto.i32P0A, i32 %out_mem_529, i32 %trunc_ln56" [./conv.h:70->top_wrapper.cpp:123]   --->   Operation 1686 'write' 'write_ln70' <Predicate = (icmp_ln56_1 & s_mem_o_i == 4 & s_mem_o_depth_i == 8)> <Delay = 0.00>
ST_14 : Operation 1687 [1/1] (0.00ns)   --->   "%write_ln70 = write void @_ssdm_op_Write.ap_auto.i32P0A, i32 %out_mem_528, i32 %trunc_ln56" [./conv.h:70->top_wrapper.cpp:123]   --->   Operation 1687 'write' 'write_ln70' <Predicate = (icmp_ln56_1 & s_mem_o_i == 4 & s_mem_o_depth_i == 7)> <Delay = 0.00>
ST_14 : Operation 1688 [1/1] (0.00ns)   --->   "%write_ln70 = write void @_ssdm_op_Write.ap_auto.i32P0A, i32 %out_mem_527, i32 %trunc_ln56" [./conv.h:70->top_wrapper.cpp:123]   --->   Operation 1688 'write' 'write_ln70' <Predicate = (icmp_ln56_1 & s_mem_o_i == 4 & s_mem_o_depth_i == 6)> <Delay = 0.00>
ST_14 : Operation 1689 [1/1] (0.00ns)   --->   "%write_ln70 = write void @_ssdm_op_Write.ap_auto.i32P0A, i32 %out_mem_526, i32 %trunc_ln56" [./conv.h:70->top_wrapper.cpp:123]   --->   Operation 1689 'write' 'write_ln70' <Predicate = (icmp_ln56_1 & s_mem_o_i == 4 & s_mem_o_depth_i == 5)> <Delay = 0.00>
ST_14 : Operation 1690 [1/1] (0.00ns)   --->   "%write_ln70 = write void @_ssdm_op_Write.ap_auto.i32P0A, i32 %out_mem_525, i32 %trunc_ln56" [./conv.h:70->top_wrapper.cpp:123]   --->   Operation 1690 'write' 'write_ln70' <Predicate = (icmp_ln56_1 & s_mem_o_i == 4 & s_mem_o_depth_i == 4)> <Delay = 0.00>
ST_14 : Operation 1691 [1/1] (0.00ns)   --->   "%write_ln70 = write void @_ssdm_op_Write.ap_auto.i32P0A, i32 %out_mem_524, i32 %trunc_ln56" [./conv.h:70->top_wrapper.cpp:123]   --->   Operation 1691 'write' 'write_ln70' <Predicate = (icmp_ln56_1 & s_mem_o_i == 4 & s_mem_o_depth_i == 3)> <Delay = 0.00>
ST_14 : Operation 1692 [1/1] (0.00ns)   --->   "%write_ln70 = write void @_ssdm_op_Write.ap_auto.i32P0A, i32 %out_mem_523, i32 %trunc_ln56" [./conv.h:70->top_wrapper.cpp:123]   --->   Operation 1692 'write' 'write_ln70' <Predicate = (icmp_ln56_1 & s_mem_o_i == 4 & s_mem_o_depth_i == 2)> <Delay = 0.00>
ST_14 : Operation 1693 [1/1] (0.00ns)   --->   "%write_ln70 = write void @_ssdm_op_Write.ap_auto.i32P0A, i32 %out_mem_522, i32 %trunc_ln56" [./conv.h:70->top_wrapper.cpp:123]   --->   Operation 1693 'write' 'write_ln70' <Predicate = (icmp_ln56_1 & s_mem_o_i == 4 & s_mem_o_depth_i == 1)> <Delay = 0.00>
ST_14 : Operation 1694 [1/1] (0.00ns)   --->   "%write_ln70 = write void @_ssdm_op_Write.ap_auto.i32P0A, i32 %out_mem_521, i32 %trunc_ln56" [./conv.h:70->top_wrapper.cpp:123]   --->   Operation 1694 'write' 'write_ln70' <Predicate = (icmp_ln56_1 & s_mem_o_i == 4 & s_mem_o_depth_i == 0)> <Delay = 0.00>
ST_14 : Operation 1695 [1/1] (0.00ns)   --->   "%write_ln70 = write void @_ssdm_op_Write.ap_auto.i32P0A, i32 %out_mem_538, i32 %trunc_ln56" [./conv.h:70->top_wrapper.cpp:123]   --->   Operation 1695 'write' 'write_ln70' <Predicate = (icmp_ln56_1 & s_mem_o_i == 4 & s_mem_o_depth_i != 0 & s_mem_o_depth_i != 1 & s_mem_o_depth_i != 2 & s_mem_o_depth_i != 3 & s_mem_o_depth_i != 4 & s_mem_o_depth_i != 5 & s_mem_o_depth_i != 6 & s_mem_o_depth_i != 7 & s_mem_o_depth_i != 8 & s_mem_o_depth_i != 9 & s_mem_o_depth_i != 10 & s_mem_o_depth_i != 11 & s_mem_o_depth_i != 12 & s_mem_o_depth_i != 13 & s_mem_o_depth_i != 14 & s_mem_o_depth_i != 15 & s_mem_o_depth_i != 16)> <Delay = 0.00>
ST_14 : Operation 1696 [1/1] (0.00ns)   --->   "%write_ln70 = write void @_ssdm_op_Write.ap_auto.i32P0A, i32 %out_mem_519, i32 %trunc_ln56" [./conv.h:70->top_wrapper.cpp:123]   --->   Operation 1696 'write' 'write_ln70' <Predicate = (icmp_ln56_1 & s_mem_o_i == 3 & s_mem_o_depth_i == 16)> <Delay = 0.00>
ST_14 : Operation 1697 [1/1] (0.00ns)   --->   "%write_ln70 = write void @_ssdm_op_Write.ap_auto.i32P0A, i32 %out_mem_518, i32 %trunc_ln56" [./conv.h:70->top_wrapper.cpp:123]   --->   Operation 1697 'write' 'write_ln70' <Predicate = (icmp_ln56_1 & s_mem_o_i == 3 & s_mem_o_depth_i == 15)> <Delay = 0.00>
ST_14 : Operation 1698 [1/1] (0.00ns)   --->   "%write_ln70 = write void @_ssdm_op_Write.ap_auto.i32P0A, i32 %out_mem_517, i32 %trunc_ln56" [./conv.h:70->top_wrapper.cpp:123]   --->   Operation 1698 'write' 'write_ln70' <Predicate = (icmp_ln56_1 & s_mem_o_i == 3 & s_mem_o_depth_i == 14)> <Delay = 0.00>
ST_14 : Operation 1699 [1/1] (0.00ns)   --->   "%write_ln70 = write void @_ssdm_op_Write.ap_auto.i32P0A, i32 %out_mem_516, i32 %trunc_ln56" [./conv.h:70->top_wrapper.cpp:123]   --->   Operation 1699 'write' 'write_ln70' <Predicate = (icmp_ln56_1 & s_mem_o_i == 3 & s_mem_o_depth_i == 13)> <Delay = 0.00>
ST_14 : Operation 1700 [1/1] (0.00ns)   --->   "%write_ln70 = write void @_ssdm_op_Write.ap_auto.i32P0A, i32 %out_mem_515, i32 %trunc_ln56" [./conv.h:70->top_wrapper.cpp:123]   --->   Operation 1700 'write' 'write_ln70' <Predicate = (icmp_ln56_1 & s_mem_o_i == 3 & s_mem_o_depth_i == 12)> <Delay = 0.00>
ST_14 : Operation 1701 [1/1] (0.00ns)   --->   "%write_ln70 = write void @_ssdm_op_Write.ap_auto.i32P0A, i32 %out_mem_514, i32 %trunc_ln56" [./conv.h:70->top_wrapper.cpp:123]   --->   Operation 1701 'write' 'write_ln70' <Predicate = (icmp_ln56_1 & s_mem_o_i == 3 & s_mem_o_depth_i == 11)> <Delay = 0.00>
ST_14 : Operation 1702 [1/1] (0.00ns)   --->   "%write_ln70 = write void @_ssdm_op_Write.ap_auto.i32P0A, i32 %out_mem_513, i32 %trunc_ln56" [./conv.h:70->top_wrapper.cpp:123]   --->   Operation 1702 'write' 'write_ln70' <Predicate = (icmp_ln56_1 & s_mem_o_i == 3 & s_mem_o_depth_i == 10)> <Delay = 0.00>
ST_14 : Operation 1703 [1/1] (0.00ns)   --->   "%write_ln70 = write void @_ssdm_op_Write.ap_auto.i32P0A, i32 %out_mem_512, i32 %trunc_ln56" [./conv.h:70->top_wrapper.cpp:123]   --->   Operation 1703 'write' 'write_ln70' <Predicate = (icmp_ln56_1 & s_mem_o_i == 3 & s_mem_o_depth_i == 9)> <Delay = 0.00>
ST_14 : Operation 1704 [1/1] (0.00ns)   --->   "%write_ln70 = write void @_ssdm_op_Write.ap_auto.i32P0A, i32 %out_mem_511, i32 %trunc_ln56" [./conv.h:70->top_wrapper.cpp:123]   --->   Operation 1704 'write' 'write_ln70' <Predicate = (icmp_ln56_1 & s_mem_o_i == 3 & s_mem_o_depth_i == 8)> <Delay = 0.00>
ST_14 : Operation 1705 [1/1] (0.00ns)   --->   "%write_ln70 = write void @_ssdm_op_Write.ap_auto.i32P0A, i32 %out_mem_510, i32 %trunc_ln56" [./conv.h:70->top_wrapper.cpp:123]   --->   Operation 1705 'write' 'write_ln70' <Predicate = (icmp_ln56_1 & s_mem_o_i == 3 & s_mem_o_depth_i == 7)> <Delay = 0.00>
ST_14 : Operation 1706 [1/1] (0.00ns)   --->   "%write_ln70 = write void @_ssdm_op_Write.ap_auto.i32P0A, i32 %out_mem_509, i32 %trunc_ln56" [./conv.h:70->top_wrapper.cpp:123]   --->   Operation 1706 'write' 'write_ln70' <Predicate = (icmp_ln56_1 & s_mem_o_i == 3 & s_mem_o_depth_i == 6)> <Delay = 0.00>
ST_14 : Operation 1707 [1/1] (0.00ns)   --->   "%write_ln70 = write void @_ssdm_op_Write.ap_auto.i32P0A, i32 %out_mem_508, i32 %trunc_ln56" [./conv.h:70->top_wrapper.cpp:123]   --->   Operation 1707 'write' 'write_ln70' <Predicate = (icmp_ln56_1 & s_mem_o_i == 3 & s_mem_o_depth_i == 5)> <Delay = 0.00>
ST_14 : Operation 1708 [1/1] (0.00ns)   --->   "%write_ln70 = write void @_ssdm_op_Write.ap_auto.i32P0A, i32 %out_mem_507, i32 %trunc_ln56" [./conv.h:70->top_wrapper.cpp:123]   --->   Operation 1708 'write' 'write_ln70' <Predicate = (icmp_ln56_1 & s_mem_o_i == 3 & s_mem_o_depth_i == 4)> <Delay = 0.00>
ST_14 : Operation 1709 [1/1] (0.00ns)   --->   "%write_ln70 = write void @_ssdm_op_Write.ap_auto.i32P0A, i32 %out_mem_506, i32 %trunc_ln56" [./conv.h:70->top_wrapper.cpp:123]   --->   Operation 1709 'write' 'write_ln70' <Predicate = (icmp_ln56_1 & s_mem_o_i == 3 & s_mem_o_depth_i == 3)> <Delay = 0.00>
ST_14 : Operation 1710 [1/1] (0.00ns)   --->   "%write_ln70 = write void @_ssdm_op_Write.ap_auto.i32P0A, i32 %out_mem_505, i32 %trunc_ln56" [./conv.h:70->top_wrapper.cpp:123]   --->   Operation 1710 'write' 'write_ln70' <Predicate = (icmp_ln56_1 & s_mem_o_i == 3 & s_mem_o_depth_i == 2)> <Delay = 0.00>
ST_14 : Operation 1711 [1/1] (0.00ns)   --->   "%write_ln70 = write void @_ssdm_op_Write.ap_auto.i32P0A, i32 %out_mem_504, i32 %trunc_ln56" [./conv.h:70->top_wrapper.cpp:123]   --->   Operation 1711 'write' 'write_ln70' <Predicate = (icmp_ln56_1 & s_mem_o_i == 3 & s_mem_o_depth_i == 1)> <Delay = 0.00>
ST_14 : Operation 1712 [1/1] (0.00ns)   --->   "%write_ln70 = write void @_ssdm_op_Write.ap_auto.i32P0A, i32 %out_mem_503, i32 %trunc_ln56" [./conv.h:70->top_wrapper.cpp:123]   --->   Operation 1712 'write' 'write_ln70' <Predicate = (icmp_ln56_1 & s_mem_o_i == 3 & s_mem_o_depth_i == 0)> <Delay = 0.00>
ST_14 : Operation 1713 [1/1] (0.00ns)   --->   "%write_ln70 = write void @_ssdm_op_Write.ap_auto.i32P0A, i32 %out_mem_520, i32 %trunc_ln56" [./conv.h:70->top_wrapper.cpp:123]   --->   Operation 1713 'write' 'write_ln70' <Predicate = (icmp_ln56_1 & s_mem_o_i == 3 & s_mem_o_depth_i != 0 & s_mem_o_depth_i != 1 & s_mem_o_depth_i != 2 & s_mem_o_depth_i != 3 & s_mem_o_depth_i != 4 & s_mem_o_depth_i != 5 & s_mem_o_depth_i != 6 & s_mem_o_depth_i != 7 & s_mem_o_depth_i != 8 & s_mem_o_depth_i != 9 & s_mem_o_depth_i != 10 & s_mem_o_depth_i != 11 & s_mem_o_depth_i != 12 & s_mem_o_depth_i != 13 & s_mem_o_depth_i != 14 & s_mem_o_depth_i != 15 & s_mem_o_depth_i != 16)> <Delay = 0.00>
ST_14 : Operation 1714 [1/1] (0.00ns)   --->   "%write_ln70 = write void @_ssdm_op_Write.ap_auto.i32P0A, i32 %out_mem_501, i32 %trunc_ln56" [./conv.h:70->top_wrapper.cpp:123]   --->   Operation 1714 'write' 'write_ln70' <Predicate = (icmp_ln56_1 & s_mem_o_i == 2 & s_mem_o_depth_i == 16)> <Delay = 0.00>
ST_14 : Operation 1715 [1/1] (0.00ns)   --->   "%write_ln70 = write void @_ssdm_op_Write.ap_auto.i32P0A, i32 %out_mem_500, i32 %trunc_ln56" [./conv.h:70->top_wrapper.cpp:123]   --->   Operation 1715 'write' 'write_ln70' <Predicate = (icmp_ln56_1 & s_mem_o_i == 2 & s_mem_o_depth_i == 15)> <Delay = 0.00>
ST_14 : Operation 1716 [1/1] (0.00ns)   --->   "%write_ln70 = write void @_ssdm_op_Write.ap_auto.i32P0A, i32 %out_mem_499, i32 %trunc_ln56" [./conv.h:70->top_wrapper.cpp:123]   --->   Operation 1716 'write' 'write_ln70' <Predicate = (icmp_ln56_1 & s_mem_o_i == 2 & s_mem_o_depth_i == 14)> <Delay = 0.00>
ST_14 : Operation 1717 [1/1] (0.00ns)   --->   "%write_ln70 = write void @_ssdm_op_Write.ap_auto.i32P0A, i32 %out_mem_498, i32 %trunc_ln56" [./conv.h:70->top_wrapper.cpp:123]   --->   Operation 1717 'write' 'write_ln70' <Predicate = (icmp_ln56_1 & s_mem_o_i == 2 & s_mem_o_depth_i == 13)> <Delay = 0.00>
ST_14 : Operation 1718 [1/1] (0.00ns)   --->   "%write_ln70 = write void @_ssdm_op_Write.ap_auto.i32P0A, i32 %out_mem_497, i32 %trunc_ln56" [./conv.h:70->top_wrapper.cpp:123]   --->   Operation 1718 'write' 'write_ln70' <Predicate = (icmp_ln56_1 & s_mem_o_i == 2 & s_mem_o_depth_i == 12)> <Delay = 0.00>
ST_14 : Operation 1719 [1/1] (0.00ns)   --->   "%write_ln70 = write void @_ssdm_op_Write.ap_auto.i32P0A, i32 %out_mem_496, i32 %trunc_ln56" [./conv.h:70->top_wrapper.cpp:123]   --->   Operation 1719 'write' 'write_ln70' <Predicate = (icmp_ln56_1 & s_mem_o_i == 2 & s_mem_o_depth_i == 11)> <Delay = 0.00>
ST_14 : Operation 1720 [1/1] (0.00ns)   --->   "%write_ln70 = write void @_ssdm_op_Write.ap_auto.i32P0A, i32 %out_mem_495, i32 %trunc_ln56" [./conv.h:70->top_wrapper.cpp:123]   --->   Operation 1720 'write' 'write_ln70' <Predicate = (icmp_ln56_1 & s_mem_o_i == 2 & s_mem_o_depth_i == 10)> <Delay = 0.00>
ST_14 : Operation 1721 [1/1] (0.00ns)   --->   "%write_ln70 = write void @_ssdm_op_Write.ap_auto.i32P0A, i32 %out_mem_494, i32 %trunc_ln56" [./conv.h:70->top_wrapper.cpp:123]   --->   Operation 1721 'write' 'write_ln70' <Predicate = (icmp_ln56_1 & s_mem_o_i == 2 & s_mem_o_depth_i == 9)> <Delay = 0.00>
ST_14 : Operation 1722 [1/1] (0.00ns)   --->   "%write_ln70 = write void @_ssdm_op_Write.ap_auto.i32P0A, i32 %out_mem_493, i32 %trunc_ln56" [./conv.h:70->top_wrapper.cpp:123]   --->   Operation 1722 'write' 'write_ln70' <Predicate = (icmp_ln56_1 & s_mem_o_i == 2 & s_mem_o_depth_i == 8)> <Delay = 0.00>
ST_14 : Operation 1723 [1/1] (0.00ns)   --->   "%write_ln70 = write void @_ssdm_op_Write.ap_auto.i32P0A, i32 %out_mem_492, i32 %trunc_ln56" [./conv.h:70->top_wrapper.cpp:123]   --->   Operation 1723 'write' 'write_ln70' <Predicate = (icmp_ln56_1 & s_mem_o_i == 2 & s_mem_o_depth_i == 7)> <Delay = 0.00>
ST_14 : Operation 1724 [1/1] (0.00ns)   --->   "%write_ln70 = write void @_ssdm_op_Write.ap_auto.i32P0A, i32 %out_mem_491, i32 %trunc_ln56" [./conv.h:70->top_wrapper.cpp:123]   --->   Operation 1724 'write' 'write_ln70' <Predicate = (icmp_ln56_1 & s_mem_o_i == 2 & s_mem_o_depth_i == 6)> <Delay = 0.00>
ST_14 : Operation 1725 [1/1] (0.00ns)   --->   "%write_ln70 = write void @_ssdm_op_Write.ap_auto.i32P0A, i32 %out_mem_490, i32 %trunc_ln56" [./conv.h:70->top_wrapper.cpp:123]   --->   Operation 1725 'write' 'write_ln70' <Predicate = (icmp_ln56_1 & s_mem_o_i == 2 & s_mem_o_depth_i == 5)> <Delay = 0.00>
ST_14 : Operation 1726 [1/1] (0.00ns)   --->   "%write_ln70 = write void @_ssdm_op_Write.ap_auto.i32P0A, i32 %out_mem_489, i32 %trunc_ln56" [./conv.h:70->top_wrapper.cpp:123]   --->   Operation 1726 'write' 'write_ln70' <Predicate = (icmp_ln56_1 & s_mem_o_i == 2 & s_mem_o_depth_i == 4)> <Delay = 0.00>
ST_14 : Operation 1727 [1/1] (0.00ns)   --->   "%write_ln70 = write void @_ssdm_op_Write.ap_auto.i32P0A, i32 %out_mem_488, i32 %trunc_ln56" [./conv.h:70->top_wrapper.cpp:123]   --->   Operation 1727 'write' 'write_ln70' <Predicate = (icmp_ln56_1 & s_mem_o_i == 2 & s_mem_o_depth_i == 3)> <Delay = 0.00>
ST_14 : Operation 1728 [1/1] (0.00ns)   --->   "%write_ln70 = write void @_ssdm_op_Write.ap_auto.i32P0A, i32 %out_mem_487, i32 %trunc_ln56" [./conv.h:70->top_wrapper.cpp:123]   --->   Operation 1728 'write' 'write_ln70' <Predicate = (icmp_ln56_1 & s_mem_o_i == 2 & s_mem_o_depth_i == 2)> <Delay = 0.00>
ST_14 : Operation 1729 [1/1] (0.00ns)   --->   "%write_ln70 = write void @_ssdm_op_Write.ap_auto.i32P0A, i32 %out_mem_486, i32 %trunc_ln56" [./conv.h:70->top_wrapper.cpp:123]   --->   Operation 1729 'write' 'write_ln70' <Predicate = (icmp_ln56_1 & s_mem_o_i == 2 & s_mem_o_depth_i == 1)> <Delay = 0.00>
ST_14 : Operation 1730 [1/1] (0.00ns)   --->   "%write_ln70 = write void @_ssdm_op_Write.ap_auto.i32P0A, i32 %out_mem_485, i32 %trunc_ln56" [./conv.h:70->top_wrapper.cpp:123]   --->   Operation 1730 'write' 'write_ln70' <Predicate = (icmp_ln56_1 & s_mem_o_i == 2 & s_mem_o_depth_i == 0)> <Delay = 0.00>
ST_14 : Operation 1731 [1/1] (0.00ns)   --->   "%write_ln70 = write void @_ssdm_op_Write.ap_auto.i32P0A, i32 %out_mem_502, i32 %trunc_ln56" [./conv.h:70->top_wrapper.cpp:123]   --->   Operation 1731 'write' 'write_ln70' <Predicate = (icmp_ln56_1 & s_mem_o_i == 2 & s_mem_o_depth_i != 0 & s_mem_o_depth_i != 1 & s_mem_o_depth_i != 2 & s_mem_o_depth_i != 3 & s_mem_o_depth_i != 4 & s_mem_o_depth_i != 5 & s_mem_o_depth_i != 6 & s_mem_o_depth_i != 7 & s_mem_o_depth_i != 8 & s_mem_o_depth_i != 9 & s_mem_o_depth_i != 10 & s_mem_o_depth_i != 11 & s_mem_o_depth_i != 12 & s_mem_o_depth_i != 13 & s_mem_o_depth_i != 14 & s_mem_o_depth_i != 15 & s_mem_o_depth_i != 16)> <Delay = 0.00>
ST_14 : Operation 1732 [1/1] (0.00ns)   --->   "%write_ln70 = write void @_ssdm_op_Write.ap_auto.i32P0A, i32 %out_mem_483, i32 %trunc_ln56" [./conv.h:70->top_wrapper.cpp:123]   --->   Operation 1732 'write' 'write_ln70' <Predicate = (icmp_ln56_1 & s_mem_o_i == 1 & s_mem_o_depth_i == 16)> <Delay = 0.00>
ST_14 : Operation 1733 [1/1] (0.00ns)   --->   "%write_ln70 = write void @_ssdm_op_Write.ap_auto.i32P0A, i32 %out_mem_482, i32 %trunc_ln56" [./conv.h:70->top_wrapper.cpp:123]   --->   Operation 1733 'write' 'write_ln70' <Predicate = (icmp_ln56_1 & s_mem_o_i == 1 & s_mem_o_depth_i == 15)> <Delay = 0.00>
ST_14 : Operation 1734 [1/1] (0.00ns)   --->   "%write_ln70 = write void @_ssdm_op_Write.ap_auto.i32P0A, i32 %out_mem_481, i32 %trunc_ln56" [./conv.h:70->top_wrapper.cpp:123]   --->   Operation 1734 'write' 'write_ln70' <Predicate = (icmp_ln56_1 & s_mem_o_i == 1 & s_mem_o_depth_i == 14)> <Delay = 0.00>
ST_14 : Operation 1735 [1/1] (0.00ns)   --->   "%write_ln70 = write void @_ssdm_op_Write.ap_auto.i32P0A, i32 %out_mem_480, i32 %trunc_ln56" [./conv.h:70->top_wrapper.cpp:123]   --->   Operation 1735 'write' 'write_ln70' <Predicate = (icmp_ln56_1 & s_mem_o_i == 1 & s_mem_o_depth_i == 13)> <Delay = 0.00>
ST_14 : Operation 1736 [1/1] (0.00ns)   --->   "%write_ln70 = write void @_ssdm_op_Write.ap_auto.i32P0A, i32 %out_mem_479, i32 %trunc_ln56" [./conv.h:70->top_wrapper.cpp:123]   --->   Operation 1736 'write' 'write_ln70' <Predicate = (icmp_ln56_1 & s_mem_o_i == 1 & s_mem_o_depth_i == 12)> <Delay = 0.00>
ST_14 : Operation 1737 [1/1] (0.00ns)   --->   "%write_ln70 = write void @_ssdm_op_Write.ap_auto.i32P0A, i32 %out_mem_478, i32 %trunc_ln56" [./conv.h:70->top_wrapper.cpp:123]   --->   Operation 1737 'write' 'write_ln70' <Predicate = (icmp_ln56_1 & s_mem_o_i == 1 & s_mem_o_depth_i == 11)> <Delay = 0.00>
ST_14 : Operation 1738 [1/1] (0.00ns)   --->   "%write_ln70 = write void @_ssdm_op_Write.ap_auto.i32P0A, i32 %out_mem_477, i32 %trunc_ln56" [./conv.h:70->top_wrapper.cpp:123]   --->   Operation 1738 'write' 'write_ln70' <Predicate = (icmp_ln56_1 & s_mem_o_i == 1 & s_mem_o_depth_i == 10)> <Delay = 0.00>
ST_14 : Operation 1739 [1/1] (0.00ns)   --->   "%write_ln70 = write void @_ssdm_op_Write.ap_auto.i32P0A, i32 %out_mem_476, i32 %trunc_ln56" [./conv.h:70->top_wrapper.cpp:123]   --->   Operation 1739 'write' 'write_ln70' <Predicate = (icmp_ln56_1 & s_mem_o_i == 1 & s_mem_o_depth_i == 9)> <Delay = 0.00>
ST_14 : Operation 1740 [1/1] (0.00ns)   --->   "%write_ln70 = write void @_ssdm_op_Write.ap_auto.i32P0A, i32 %out_mem_475, i32 %trunc_ln56" [./conv.h:70->top_wrapper.cpp:123]   --->   Operation 1740 'write' 'write_ln70' <Predicate = (icmp_ln56_1 & s_mem_o_i == 1 & s_mem_o_depth_i == 8)> <Delay = 0.00>
ST_14 : Operation 1741 [1/1] (0.00ns)   --->   "%write_ln70 = write void @_ssdm_op_Write.ap_auto.i32P0A, i32 %out_mem_474, i32 %trunc_ln56" [./conv.h:70->top_wrapper.cpp:123]   --->   Operation 1741 'write' 'write_ln70' <Predicate = (icmp_ln56_1 & s_mem_o_i == 1 & s_mem_o_depth_i == 7)> <Delay = 0.00>
ST_14 : Operation 1742 [1/1] (0.00ns)   --->   "%write_ln70 = write void @_ssdm_op_Write.ap_auto.i32P0A, i32 %out_mem_473, i32 %trunc_ln56" [./conv.h:70->top_wrapper.cpp:123]   --->   Operation 1742 'write' 'write_ln70' <Predicate = (icmp_ln56_1 & s_mem_o_i == 1 & s_mem_o_depth_i == 6)> <Delay = 0.00>
ST_14 : Operation 1743 [1/1] (0.00ns)   --->   "%write_ln70 = write void @_ssdm_op_Write.ap_auto.i32P0A, i32 %out_mem_472, i32 %trunc_ln56" [./conv.h:70->top_wrapper.cpp:123]   --->   Operation 1743 'write' 'write_ln70' <Predicate = (icmp_ln56_1 & s_mem_o_i == 1 & s_mem_o_depth_i == 5)> <Delay = 0.00>
ST_14 : Operation 1744 [1/1] (0.00ns)   --->   "%write_ln70 = write void @_ssdm_op_Write.ap_auto.i32P0A, i32 %out_mem_471, i32 %trunc_ln56" [./conv.h:70->top_wrapper.cpp:123]   --->   Operation 1744 'write' 'write_ln70' <Predicate = (icmp_ln56_1 & s_mem_o_i == 1 & s_mem_o_depth_i == 4)> <Delay = 0.00>
ST_14 : Operation 1745 [1/1] (0.00ns)   --->   "%write_ln70 = write void @_ssdm_op_Write.ap_auto.i32P0A, i32 %out_mem_470, i32 %trunc_ln56" [./conv.h:70->top_wrapper.cpp:123]   --->   Operation 1745 'write' 'write_ln70' <Predicate = (icmp_ln56_1 & s_mem_o_i == 1 & s_mem_o_depth_i == 3)> <Delay = 0.00>
ST_14 : Operation 1746 [1/1] (0.00ns)   --->   "%write_ln70 = write void @_ssdm_op_Write.ap_auto.i32P0A, i32 %out_mem_469, i32 %trunc_ln56" [./conv.h:70->top_wrapper.cpp:123]   --->   Operation 1746 'write' 'write_ln70' <Predicate = (icmp_ln56_1 & s_mem_o_i == 1 & s_mem_o_depth_i == 2)> <Delay = 0.00>
ST_14 : Operation 1747 [1/1] (0.00ns)   --->   "%write_ln70 = write void @_ssdm_op_Write.ap_auto.i32P0A, i32 %out_mem_468, i32 %trunc_ln56" [./conv.h:70->top_wrapper.cpp:123]   --->   Operation 1747 'write' 'write_ln70' <Predicate = (icmp_ln56_1 & s_mem_o_i == 1 & s_mem_o_depth_i == 1)> <Delay = 0.00>
ST_14 : Operation 1748 [1/1] (0.00ns)   --->   "%write_ln70 = write void @_ssdm_op_Write.ap_auto.i32P0A, i32 %out_mem_467, i32 %trunc_ln56" [./conv.h:70->top_wrapper.cpp:123]   --->   Operation 1748 'write' 'write_ln70' <Predicate = (icmp_ln56_1 & s_mem_o_i == 1 & s_mem_o_depth_i == 0)> <Delay = 0.00>
ST_14 : Operation 1749 [1/1] (0.00ns)   --->   "%write_ln70 = write void @_ssdm_op_Write.ap_auto.i32P0A, i32 %out_mem_484, i32 %trunc_ln56" [./conv.h:70->top_wrapper.cpp:123]   --->   Operation 1749 'write' 'write_ln70' <Predicate = (icmp_ln56_1 & s_mem_o_i == 1 & s_mem_o_depth_i != 0 & s_mem_o_depth_i != 1 & s_mem_o_depth_i != 2 & s_mem_o_depth_i != 3 & s_mem_o_depth_i != 4 & s_mem_o_depth_i != 5 & s_mem_o_depth_i != 6 & s_mem_o_depth_i != 7 & s_mem_o_depth_i != 8 & s_mem_o_depth_i != 9 & s_mem_o_depth_i != 10 & s_mem_o_depth_i != 11 & s_mem_o_depth_i != 12 & s_mem_o_depth_i != 13 & s_mem_o_depth_i != 14 & s_mem_o_depth_i != 15 & s_mem_o_depth_i != 16)> <Delay = 0.00>
ST_14 : Operation 1750 [1/1] (0.00ns)   --->   "%write_ln70 = write void @_ssdm_op_Write.ap_auto.i32P0A, i32 %out_mem_465, i32 %trunc_ln56" [./conv.h:70->top_wrapper.cpp:123]   --->   Operation 1750 'write' 'write_ln70' <Predicate = (icmp_ln56_1 & s_mem_o_i == 0 & s_mem_o_depth_i == 16)> <Delay = 0.00>
ST_14 : Operation 1751 [1/1] (0.00ns)   --->   "%write_ln70 = write void @_ssdm_op_Write.ap_auto.i32P0A, i32 %out_mem_464, i32 %trunc_ln56" [./conv.h:70->top_wrapper.cpp:123]   --->   Operation 1751 'write' 'write_ln70' <Predicate = (icmp_ln56_1 & s_mem_o_i == 0 & s_mem_o_depth_i == 15)> <Delay = 0.00>
ST_14 : Operation 1752 [1/1] (0.00ns)   --->   "%write_ln70 = write void @_ssdm_op_Write.ap_auto.i32P0A, i32 %out_mem_463, i32 %trunc_ln56" [./conv.h:70->top_wrapper.cpp:123]   --->   Operation 1752 'write' 'write_ln70' <Predicate = (icmp_ln56_1 & s_mem_o_i == 0 & s_mem_o_depth_i == 14)> <Delay = 0.00>
ST_14 : Operation 1753 [1/1] (0.00ns)   --->   "%write_ln70 = write void @_ssdm_op_Write.ap_auto.i32P0A, i32 %out_mem_462, i32 %trunc_ln56" [./conv.h:70->top_wrapper.cpp:123]   --->   Operation 1753 'write' 'write_ln70' <Predicate = (icmp_ln56_1 & s_mem_o_i == 0 & s_mem_o_depth_i == 13)> <Delay = 0.00>
ST_14 : Operation 1754 [1/1] (0.00ns)   --->   "%write_ln70 = write void @_ssdm_op_Write.ap_auto.i32P0A, i32 %out_mem_461, i32 %trunc_ln56" [./conv.h:70->top_wrapper.cpp:123]   --->   Operation 1754 'write' 'write_ln70' <Predicate = (icmp_ln56_1 & s_mem_o_i == 0 & s_mem_o_depth_i == 12)> <Delay = 0.00>
ST_14 : Operation 1755 [1/1] (0.00ns)   --->   "%write_ln70 = write void @_ssdm_op_Write.ap_auto.i32P0A, i32 %out_mem_460, i32 %trunc_ln56" [./conv.h:70->top_wrapper.cpp:123]   --->   Operation 1755 'write' 'write_ln70' <Predicate = (icmp_ln56_1 & s_mem_o_i == 0 & s_mem_o_depth_i == 11)> <Delay = 0.00>
ST_14 : Operation 1756 [1/1] (0.00ns)   --->   "%write_ln70 = write void @_ssdm_op_Write.ap_auto.i32P0A, i32 %out_mem_459, i32 %trunc_ln56" [./conv.h:70->top_wrapper.cpp:123]   --->   Operation 1756 'write' 'write_ln70' <Predicate = (icmp_ln56_1 & s_mem_o_i == 0 & s_mem_o_depth_i == 10)> <Delay = 0.00>
ST_14 : Operation 1757 [1/1] (0.00ns)   --->   "%write_ln70 = write void @_ssdm_op_Write.ap_auto.i32P0A, i32 %out_mem_458, i32 %trunc_ln56" [./conv.h:70->top_wrapper.cpp:123]   --->   Operation 1757 'write' 'write_ln70' <Predicate = (icmp_ln56_1 & s_mem_o_i == 0 & s_mem_o_depth_i == 9)> <Delay = 0.00>
ST_14 : Operation 1758 [1/1] (0.00ns)   --->   "%write_ln70 = write void @_ssdm_op_Write.ap_auto.i32P0A, i32 %out_mem_457, i32 %trunc_ln56" [./conv.h:70->top_wrapper.cpp:123]   --->   Operation 1758 'write' 'write_ln70' <Predicate = (icmp_ln56_1 & s_mem_o_i == 0 & s_mem_o_depth_i == 8)> <Delay = 0.00>
ST_14 : Operation 1759 [1/1] (0.00ns)   --->   "%write_ln70 = write void @_ssdm_op_Write.ap_auto.i32P0A, i32 %out_mem_456, i32 %trunc_ln56" [./conv.h:70->top_wrapper.cpp:123]   --->   Operation 1759 'write' 'write_ln70' <Predicate = (icmp_ln56_1 & s_mem_o_i == 0 & s_mem_o_depth_i == 7)> <Delay = 0.00>
ST_14 : Operation 1760 [1/1] (0.00ns)   --->   "%write_ln70 = write void @_ssdm_op_Write.ap_auto.i32P0A, i32 %out_mem_455, i32 %trunc_ln56" [./conv.h:70->top_wrapper.cpp:123]   --->   Operation 1760 'write' 'write_ln70' <Predicate = (icmp_ln56_1 & s_mem_o_i == 0 & s_mem_o_depth_i == 6)> <Delay = 0.00>
ST_14 : Operation 1761 [1/1] (0.00ns)   --->   "%write_ln70 = write void @_ssdm_op_Write.ap_auto.i32P0A, i32 %out_mem_454, i32 %trunc_ln56" [./conv.h:70->top_wrapper.cpp:123]   --->   Operation 1761 'write' 'write_ln70' <Predicate = (icmp_ln56_1 & s_mem_o_i == 0 & s_mem_o_depth_i == 5)> <Delay = 0.00>
ST_14 : Operation 1762 [1/1] (0.00ns)   --->   "%write_ln70 = write void @_ssdm_op_Write.ap_auto.i32P0A, i32 %out_mem_453, i32 %trunc_ln56" [./conv.h:70->top_wrapper.cpp:123]   --->   Operation 1762 'write' 'write_ln70' <Predicate = (icmp_ln56_1 & s_mem_o_i == 0 & s_mem_o_depth_i == 4)> <Delay = 0.00>
ST_14 : Operation 1763 [1/1] (0.00ns)   --->   "%write_ln70 = write void @_ssdm_op_Write.ap_auto.i32P0A, i32 %out_mem_452, i32 %trunc_ln56" [./conv.h:70->top_wrapper.cpp:123]   --->   Operation 1763 'write' 'write_ln70' <Predicate = (icmp_ln56_1 & s_mem_o_i == 0 & s_mem_o_depth_i == 3)> <Delay = 0.00>
ST_14 : Operation 1764 [1/1] (0.00ns)   --->   "%write_ln70 = write void @_ssdm_op_Write.ap_auto.i32P0A, i32 %out_mem_451, i32 %trunc_ln56" [./conv.h:70->top_wrapper.cpp:123]   --->   Operation 1764 'write' 'write_ln70' <Predicate = (icmp_ln56_1 & s_mem_o_i == 0 & s_mem_o_depth_i == 2)> <Delay = 0.00>
ST_14 : Operation 1765 [1/1] (0.00ns)   --->   "%write_ln70 = write void @_ssdm_op_Write.ap_auto.i32P0A, i32 %out_mem_450, i32 %trunc_ln56" [./conv.h:70->top_wrapper.cpp:123]   --->   Operation 1765 'write' 'write_ln70' <Predicate = (icmp_ln56_1 & s_mem_o_i == 0 & s_mem_o_depth_i == 1)> <Delay = 0.00>
ST_14 : Operation 1766 [1/1] (0.00ns)   --->   "%write_ln70 = write void @_ssdm_op_Write.ap_auto.i32P0A, i32 %out_mem, i32 %trunc_ln56" [./conv.h:70->top_wrapper.cpp:123]   --->   Operation 1766 'write' 'write_ln70' <Predicate = (icmp_ln56_1 & s_mem_o_i == 0 & s_mem_o_depth_i == 0)> <Delay = 0.00>
ST_14 : Operation 1767 [1/1] (0.00ns)   --->   "%write_ln70 = write void @_ssdm_op_Write.ap_auto.i32P0A, i32 %out_mem_466, i32 %trunc_ln56" [./conv.h:70->top_wrapper.cpp:123]   --->   Operation 1767 'write' 'write_ln70' <Predicate = (icmp_ln56_1 & s_mem_o_i == 0 & s_mem_o_depth_i != 0 & s_mem_o_depth_i != 1 & s_mem_o_depth_i != 2 & s_mem_o_depth_i != 3 & s_mem_o_depth_i != 4 & s_mem_o_depth_i != 5 & s_mem_o_depth_i != 6 & s_mem_o_depth_i != 7 & s_mem_o_depth_i != 8 & s_mem_o_depth_i != 9 & s_mem_o_depth_i != 10 & s_mem_o_depth_i != 11 & s_mem_o_depth_i != 12 & s_mem_o_depth_i != 13 & s_mem_o_depth_i != 14 & s_mem_o_depth_i != 15 & s_mem_o_depth_i != 16)> <Delay = 0.00>
ST_14 : Operation 1768 [1/1] (0.00ns)   --->   "%write_ln70 = write void @_ssdm_op_Write.ap_auto.i32P0A, i32 %out_mem_897, i32 %trunc_ln56" [./conv.h:70->top_wrapper.cpp:123]   --->   Operation 1768 'write' 'write_ln70' <Predicate = (icmp_ln56_1 & s_mem_o_i == 31 & s_mem_o_depth_i == 16) | (icmp_ln56_1 & s_mem_o_i == 30 & s_mem_o_depth_i == 16) | (icmp_ln56_1 & s_mem_o_i == 29 & s_mem_o_depth_i == 16) | (icmp_ln56_1 & s_mem_o_i == 28 & s_mem_o_depth_i == 16) | (icmp_ln56_1 & s_mem_o_i == 27 & s_mem_o_depth_i == 16) | (icmp_ln56_1 & s_mem_o_i == 26 & s_mem_o_depth_i == 16) | (icmp_ln56_1 & s_mem_o_i == 25 & s_mem_o_depth_i == 16) | (icmp_ln56_1 & s_mem_o_i == 24 & s_mem_o_depth_i == 16)> <Delay = 0.00>
ST_14 : Operation 1769 [1/1] (0.00ns)   --->   "%write_ln70 = write void @_ssdm_op_Write.ap_auto.i32P0A, i32 %out_mem_896, i32 %trunc_ln56" [./conv.h:70->top_wrapper.cpp:123]   --->   Operation 1769 'write' 'write_ln70' <Predicate = (icmp_ln56_1 & s_mem_o_i == 31 & s_mem_o_depth_i == 15) | (icmp_ln56_1 & s_mem_o_i == 30 & s_mem_o_depth_i == 15) | (icmp_ln56_1 & s_mem_o_i == 29 & s_mem_o_depth_i == 15) | (icmp_ln56_1 & s_mem_o_i == 28 & s_mem_o_depth_i == 15) | (icmp_ln56_1 & s_mem_o_i == 27 & s_mem_o_depth_i == 15) | (icmp_ln56_1 & s_mem_o_i == 26 & s_mem_o_depth_i == 15) | (icmp_ln56_1 & s_mem_o_i == 25 & s_mem_o_depth_i == 15) | (icmp_ln56_1 & s_mem_o_i == 24 & s_mem_o_depth_i == 15)> <Delay = 0.00>
ST_14 : Operation 1770 [1/1] (0.00ns)   --->   "%write_ln70 = write void @_ssdm_op_Write.ap_auto.i32P0A, i32 %out_mem_895, i32 %trunc_ln56" [./conv.h:70->top_wrapper.cpp:123]   --->   Operation 1770 'write' 'write_ln70' <Predicate = (icmp_ln56_1 & s_mem_o_i == 31 & s_mem_o_depth_i == 14) | (icmp_ln56_1 & s_mem_o_i == 30 & s_mem_o_depth_i == 14) | (icmp_ln56_1 & s_mem_o_i == 29 & s_mem_o_depth_i == 14) | (icmp_ln56_1 & s_mem_o_i == 28 & s_mem_o_depth_i == 14) | (icmp_ln56_1 & s_mem_o_i == 27 & s_mem_o_depth_i == 14) | (icmp_ln56_1 & s_mem_o_i == 26 & s_mem_o_depth_i == 14) | (icmp_ln56_1 & s_mem_o_i == 25 & s_mem_o_depth_i == 14) | (icmp_ln56_1 & s_mem_o_i == 24 & s_mem_o_depth_i == 14)> <Delay = 0.00>
ST_14 : Operation 1771 [1/1] (0.00ns)   --->   "%write_ln70 = write void @_ssdm_op_Write.ap_auto.i32P0A, i32 %out_mem_894, i32 %trunc_ln56" [./conv.h:70->top_wrapper.cpp:123]   --->   Operation 1771 'write' 'write_ln70' <Predicate = (icmp_ln56_1 & s_mem_o_i == 31 & s_mem_o_depth_i == 13) | (icmp_ln56_1 & s_mem_o_i == 30 & s_mem_o_depth_i == 13) | (icmp_ln56_1 & s_mem_o_i == 29 & s_mem_o_depth_i == 13) | (icmp_ln56_1 & s_mem_o_i == 28 & s_mem_o_depth_i == 13) | (icmp_ln56_1 & s_mem_o_i == 27 & s_mem_o_depth_i == 13) | (icmp_ln56_1 & s_mem_o_i == 26 & s_mem_o_depth_i == 13) | (icmp_ln56_1 & s_mem_o_i == 25 & s_mem_o_depth_i == 13) | (icmp_ln56_1 & s_mem_o_i == 24 & s_mem_o_depth_i == 13)> <Delay = 0.00>
ST_14 : Operation 1772 [1/1] (0.00ns)   --->   "%write_ln70 = write void @_ssdm_op_Write.ap_auto.i32P0A, i32 %out_mem_893, i32 %trunc_ln56" [./conv.h:70->top_wrapper.cpp:123]   --->   Operation 1772 'write' 'write_ln70' <Predicate = (icmp_ln56_1 & s_mem_o_i == 31 & s_mem_o_depth_i == 12) | (icmp_ln56_1 & s_mem_o_i == 30 & s_mem_o_depth_i == 12) | (icmp_ln56_1 & s_mem_o_i == 29 & s_mem_o_depth_i == 12) | (icmp_ln56_1 & s_mem_o_i == 28 & s_mem_o_depth_i == 12) | (icmp_ln56_1 & s_mem_o_i == 27 & s_mem_o_depth_i == 12) | (icmp_ln56_1 & s_mem_o_i == 26 & s_mem_o_depth_i == 12) | (icmp_ln56_1 & s_mem_o_i == 25 & s_mem_o_depth_i == 12) | (icmp_ln56_1 & s_mem_o_i == 24 & s_mem_o_depth_i == 12)> <Delay = 0.00>
ST_14 : Operation 1773 [1/1] (0.00ns)   --->   "%write_ln70 = write void @_ssdm_op_Write.ap_auto.i32P0A, i32 %out_mem_892, i32 %trunc_ln56" [./conv.h:70->top_wrapper.cpp:123]   --->   Operation 1773 'write' 'write_ln70' <Predicate = (icmp_ln56_1 & s_mem_o_i == 31 & s_mem_o_depth_i == 11) | (icmp_ln56_1 & s_mem_o_i == 30 & s_mem_o_depth_i == 11) | (icmp_ln56_1 & s_mem_o_i == 29 & s_mem_o_depth_i == 11) | (icmp_ln56_1 & s_mem_o_i == 28 & s_mem_o_depth_i == 11) | (icmp_ln56_1 & s_mem_o_i == 27 & s_mem_o_depth_i == 11) | (icmp_ln56_1 & s_mem_o_i == 26 & s_mem_o_depth_i == 11) | (icmp_ln56_1 & s_mem_o_i == 25 & s_mem_o_depth_i == 11) | (icmp_ln56_1 & s_mem_o_i == 24 & s_mem_o_depth_i == 11)> <Delay = 0.00>
ST_14 : Operation 1774 [1/1] (0.00ns)   --->   "%write_ln70 = write void @_ssdm_op_Write.ap_auto.i32P0A, i32 %out_mem_891, i32 %trunc_ln56" [./conv.h:70->top_wrapper.cpp:123]   --->   Operation 1774 'write' 'write_ln70' <Predicate = (icmp_ln56_1 & s_mem_o_i == 31 & s_mem_o_depth_i == 10) | (icmp_ln56_1 & s_mem_o_i == 30 & s_mem_o_depth_i == 10) | (icmp_ln56_1 & s_mem_o_i == 29 & s_mem_o_depth_i == 10) | (icmp_ln56_1 & s_mem_o_i == 28 & s_mem_o_depth_i == 10) | (icmp_ln56_1 & s_mem_o_i == 27 & s_mem_o_depth_i == 10) | (icmp_ln56_1 & s_mem_o_i == 26 & s_mem_o_depth_i == 10) | (icmp_ln56_1 & s_mem_o_i == 25 & s_mem_o_depth_i == 10) | (icmp_ln56_1 & s_mem_o_i == 24 & s_mem_o_depth_i == 10)> <Delay = 0.00>
ST_14 : Operation 1775 [1/1] (0.00ns)   --->   "%write_ln70 = write void @_ssdm_op_Write.ap_auto.i32P0A, i32 %out_mem_890, i32 %trunc_ln56" [./conv.h:70->top_wrapper.cpp:123]   --->   Operation 1775 'write' 'write_ln70' <Predicate = (icmp_ln56_1 & s_mem_o_i == 31 & s_mem_o_depth_i == 9) | (icmp_ln56_1 & s_mem_o_i == 30 & s_mem_o_depth_i == 9) | (icmp_ln56_1 & s_mem_o_i == 29 & s_mem_o_depth_i == 9) | (icmp_ln56_1 & s_mem_o_i == 28 & s_mem_o_depth_i == 9) | (icmp_ln56_1 & s_mem_o_i == 27 & s_mem_o_depth_i == 9) | (icmp_ln56_1 & s_mem_o_i == 26 & s_mem_o_depth_i == 9) | (icmp_ln56_1 & s_mem_o_i == 25 & s_mem_o_depth_i == 9) | (icmp_ln56_1 & s_mem_o_i == 24 & s_mem_o_depth_i == 9)> <Delay = 0.00>
ST_14 : Operation 1776 [1/1] (0.00ns)   --->   "%write_ln70 = write void @_ssdm_op_Write.ap_auto.i32P0A, i32 %out_mem_889, i32 %trunc_ln56" [./conv.h:70->top_wrapper.cpp:123]   --->   Operation 1776 'write' 'write_ln70' <Predicate = (icmp_ln56_1 & s_mem_o_i == 31 & s_mem_o_depth_i == 8) | (icmp_ln56_1 & s_mem_o_i == 30 & s_mem_o_depth_i == 8) | (icmp_ln56_1 & s_mem_o_i == 29 & s_mem_o_depth_i == 8) | (icmp_ln56_1 & s_mem_o_i == 28 & s_mem_o_depth_i == 8) | (icmp_ln56_1 & s_mem_o_i == 27 & s_mem_o_depth_i == 8) | (icmp_ln56_1 & s_mem_o_i == 26 & s_mem_o_depth_i == 8) | (icmp_ln56_1 & s_mem_o_i == 25 & s_mem_o_depth_i == 8) | (icmp_ln56_1 & s_mem_o_i == 24 & s_mem_o_depth_i == 8)> <Delay = 0.00>
ST_14 : Operation 1777 [1/1] (0.00ns)   --->   "%write_ln70 = write void @_ssdm_op_Write.ap_auto.i32P0A, i32 %out_mem_888, i32 %trunc_ln56" [./conv.h:70->top_wrapper.cpp:123]   --->   Operation 1777 'write' 'write_ln70' <Predicate = (icmp_ln56_1 & s_mem_o_i == 31 & s_mem_o_depth_i == 7) | (icmp_ln56_1 & s_mem_o_i == 30 & s_mem_o_depth_i == 7) | (icmp_ln56_1 & s_mem_o_i == 29 & s_mem_o_depth_i == 7) | (icmp_ln56_1 & s_mem_o_i == 28 & s_mem_o_depth_i == 7) | (icmp_ln56_1 & s_mem_o_i == 27 & s_mem_o_depth_i == 7) | (icmp_ln56_1 & s_mem_o_i == 26 & s_mem_o_depth_i == 7) | (icmp_ln56_1 & s_mem_o_i == 25 & s_mem_o_depth_i == 7) | (icmp_ln56_1 & s_mem_o_i == 24 & s_mem_o_depth_i == 7)> <Delay = 0.00>
ST_14 : Operation 1778 [1/1] (0.00ns)   --->   "%write_ln70 = write void @_ssdm_op_Write.ap_auto.i32P0A, i32 %out_mem_887, i32 %trunc_ln56" [./conv.h:70->top_wrapper.cpp:123]   --->   Operation 1778 'write' 'write_ln70' <Predicate = (icmp_ln56_1 & s_mem_o_i == 31 & s_mem_o_depth_i == 6) | (icmp_ln56_1 & s_mem_o_i == 30 & s_mem_o_depth_i == 6) | (icmp_ln56_1 & s_mem_o_i == 29 & s_mem_o_depth_i == 6) | (icmp_ln56_1 & s_mem_o_i == 28 & s_mem_o_depth_i == 6) | (icmp_ln56_1 & s_mem_o_i == 27 & s_mem_o_depth_i == 6) | (icmp_ln56_1 & s_mem_o_i == 26 & s_mem_o_depth_i == 6) | (icmp_ln56_1 & s_mem_o_i == 25 & s_mem_o_depth_i == 6) | (icmp_ln56_1 & s_mem_o_i == 24 & s_mem_o_depth_i == 6)> <Delay = 0.00>
ST_14 : Operation 1779 [1/1] (0.00ns)   --->   "%write_ln70 = write void @_ssdm_op_Write.ap_auto.i32P0A, i32 %out_mem_886, i32 %trunc_ln56" [./conv.h:70->top_wrapper.cpp:123]   --->   Operation 1779 'write' 'write_ln70' <Predicate = (icmp_ln56_1 & s_mem_o_i == 31 & s_mem_o_depth_i == 5) | (icmp_ln56_1 & s_mem_o_i == 30 & s_mem_o_depth_i == 5) | (icmp_ln56_1 & s_mem_o_i == 29 & s_mem_o_depth_i == 5) | (icmp_ln56_1 & s_mem_o_i == 28 & s_mem_o_depth_i == 5) | (icmp_ln56_1 & s_mem_o_i == 27 & s_mem_o_depth_i == 5) | (icmp_ln56_1 & s_mem_o_i == 26 & s_mem_o_depth_i == 5) | (icmp_ln56_1 & s_mem_o_i == 25 & s_mem_o_depth_i == 5) | (icmp_ln56_1 & s_mem_o_i == 24 & s_mem_o_depth_i == 5)> <Delay = 0.00>
ST_14 : Operation 1780 [1/1] (0.00ns)   --->   "%write_ln70 = write void @_ssdm_op_Write.ap_auto.i32P0A, i32 %out_mem_885, i32 %trunc_ln56" [./conv.h:70->top_wrapper.cpp:123]   --->   Operation 1780 'write' 'write_ln70' <Predicate = (icmp_ln56_1 & s_mem_o_i == 31 & s_mem_o_depth_i == 4) | (icmp_ln56_1 & s_mem_o_i == 30 & s_mem_o_depth_i == 4) | (icmp_ln56_1 & s_mem_o_i == 29 & s_mem_o_depth_i == 4) | (icmp_ln56_1 & s_mem_o_i == 28 & s_mem_o_depth_i == 4) | (icmp_ln56_1 & s_mem_o_i == 27 & s_mem_o_depth_i == 4) | (icmp_ln56_1 & s_mem_o_i == 26 & s_mem_o_depth_i == 4) | (icmp_ln56_1 & s_mem_o_i == 25 & s_mem_o_depth_i == 4) | (icmp_ln56_1 & s_mem_o_i == 24 & s_mem_o_depth_i == 4)> <Delay = 0.00>
ST_14 : Operation 1781 [1/1] (0.00ns)   --->   "%write_ln70 = write void @_ssdm_op_Write.ap_auto.i32P0A, i32 %out_mem_884, i32 %trunc_ln56" [./conv.h:70->top_wrapper.cpp:123]   --->   Operation 1781 'write' 'write_ln70' <Predicate = (icmp_ln56_1 & s_mem_o_i == 31 & s_mem_o_depth_i == 3) | (icmp_ln56_1 & s_mem_o_i == 30 & s_mem_o_depth_i == 3) | (icmp_ln56_1 & s_mem_o_i == 29 & s_mem_o_depth_i == 3) | (icmp_ln56_1 & s_mem_o_i == 28 & s_mem_o_depth_i == 3) | (icmp_ln56_1 & s_mem_o_i == 27 & s_mem_o_depth_i == 3) | (icmp_ln56_1 & s_mem_o_i == 26 & s_mem_o_depth_i == 3) | (icmp_ln56_1 & s_mem_o_i == 25 & s_mem_o_depth_i == 3) | (icmp_ln56_1 & s_mem_o_i == 24 & s_mem_o_depth_i == 3)> <Delay = 0.00>
ST_14 : Operation 1782 [1/1] (0.00ns)   --->   "%write_ln70 = write void @_ssdm_op_Write.ap_auto.i32P0A, i32 %out_mem_883, i32 %trunc_ln56" [./conv.h:70->top_wrapper.cpp:123]   --->   Operation 1782 'write' 'write_ln70' <Predicate = (icmp_ln56_1 & s_mem_o_i == 31 & s_mem_o_depth_i == 2) | (icmp_ln56_1 & s_mem_o_i == 30 & s_mem_o_depth_i == 2) | (icmp_ln56_1 & s_mem_o_i == 29 & s_mem_o_depth_i == 2) | (icmp_ln56_1 & s_mem_o_i == 28 & s_mem_o_depth_i == 2) | (icmp_ln56_1 & s_mem_o_i == 27 & s_mem_o_depth_i == 2) | (icmp_ln56_1 & s_mem_o_i == 26 & s_mem_o_depth_i == 2) | (icmp_ln56_1 & s_mem_o_i == 25 & s_mem_o_depth_i == 2) | (icmp_ln56_1 & s_mem_o_i == 24 & s_mem_o_depth_i == 2)> <Delay = 0.00>
ST_14 : Operation 1783 [1/1] (0.00ns)   --->   "%write_ln70 = write void @_ssdm_op_Write.ap_auto.i32P0A, i32 %out_mem_882, i32 %trunc_ln56" [./conv.h:70->top_wrapper.cpp:123]   --->   Operation 1783 'write' 'write_ln70' <Predicate = (icmp_ln56_1 & s_mem_o_i == 31 & s_mem_o_depth_i == 1) | (icmp_ln56_1 & s_mem_o_i == 30 & s_mem_o_depth_i == 1) | (icmp_ln56_1 & s_mem_o_i == 29 & s_mem_o_depth_i == 1) | (icmp_ln56_1 & s_mem_o_i == 28 & s_mem_o_depth_i == 1) | (icmp_ln56_1 & s_mem_o_i == 27 & s_mem_o_depth_i == 1) | (icmp_ln56_1 & s_mem_o_i == 26 & s_mem_o_depth_i == 1) | (icmp_ln56_1 & s_mem_o_i == 25 & s_mem_o_depth_i == 1) | (icmp_ln56_1 & s_mem_o_i == 24 & s_mem_o_depth_i == 1)> <Delay = 0.00>
ST_14 : Operation 1784 [1/1] (0.00ns)   --->   "%write_ln70 = write void @_ssdm_op_Write.ap_auto.i32P0A, i32 %out_mem_881, i32 %trunc_ln56" [./conv.h:70->top_wrapper.cpp:123]   --->   Operation 1784 'write' 'write_ln70' <Predicate = (icmp_ln56_1 & s_mem_o_i == 31 & s_mem_o_depth_i == 0) | (icmp_ln56_1 & s_mem_o_i == 30 & s_mem_o_depth_i == 0) | (icmp_ln56_1 & s_mem_o_i == 29 & s_mem_o_depth_i == 0) | (icmp_ln56_1 & s_mem_o_i == 28 & s_mem_o_depth_i == 0) | (icmp_ln56_1 & s_mem_o_i == 27 & s_mem_o_depth_i == 0) | (icmp_ln56_1 & s_mem_o_i == 26 & s_mem_o_depth_i == 0) | (icmp_ln56_1 & s_mem_o_i == 25 & s_mem_o_depth_i == 0) | (icmp_ln56_1 & s_mem_o_i == 24 & s_mem_o_depth_i == 0)> <Delay = 0.00>
ST_14 : Operation 1785 [1/1] (0.00ns)   --->   "%write_ln70 = write void @_ssdm_op_Write.ap_auto.i32P0A, i32 %out_mem_898, i32 %trunc_ln56" [./conv.h:70->top_wrapper.cpp:123]   --->   Operation 1785 'write' 'write_ln70' <Predicate = (icmp_ln56_1 & s_mem_o_i == 31 & s_mem_o_depth_i != 0 & s_mem_o_depth_i != 1 & s_mem_o_depth_i != 2 & s_mem_o_depth_i != 3 & s_mem_o_depth_i != 4 & s_mem_o_depth_i != 5 & s_mem_o_depth_i != 6 & s_mem_o_depth_i != 7 & s_mem_o_depth_i != 8 & s_mem_o_depth_i != 9 & s_mem_o_depth_i != 10 & s_mem_o_depth_i != 11 & s_mem_o_depth_i != 12 & s_mem_o_depth_i != 13 & s_mem_o_depth_i != 14 & s_mem_o_depth_i != 15 & s_mem_o_depth_i != 16) | (icmp_ln56_1 & s_mem_o_i == 30 & s_mem_o_depth_i != 0 & s_mem_o_depth_i != 1 & s_mem_o_depth_i != 2 & s_mem_o_depth_i != 3 & s_mem_o_depth_i != 4 & s_mem_o_depth_i != 5 & s_mem_o_depth_i != 6 & s_mem_o_depth_i != 7 & s_mem_o_depth_i != 8 & s_mem_o_depth_i != 9 & s_mem_o_depth_i != 10 & s_mem_o_depth_i != 11 & s_mem_o_depth_i != 12 & s_mem_o_depth_i != 13 & s_mem_o_depth_i != 14 & s_mem_o_depth_i != 15 & s_mem_o_depth_i != 16) | (icmp_ln56_1 & s_mem_o_i == 29 & s_mem_o_depth_i != 0 & s_mem_o_depth_i != 1 & s_mem_o_depth_i != 2 & s_mem_o_depth_i != 3 & s_mem_o_depth_i != 4 & s_mem_o_depth_i != 5 & s_mem_o_depth_i != 6 & s_mem_o_depth_i != 7 & s_mem_o_depth_i != 8 & s_mem_o_depth_i != 9 & s_mem_o_depth_i != 10 & s_mem_o_depth_i != 11 & s_mem_o_depth_i != 12 & s_mem_o_depth_i != 13 & s_mem_o_depth_i != 14 & s_mem_o_depth_i != 15 & s_mem_o_depth_i != 16) | (icmp_ln56_1 & s_mem_o_i == 28 & s_mem_o_depth_i != 0 & s_mem_o_depth_i != 1 & s_mem_o_depth_i != 2 & s_mem_o_depth_i != 3 & s_mem_o_depth_i != 4 & s_mem_o_depth_i != 5 & s_mem_o_depth_i != 6 & s_mem_o_depth_i != 7 & s_mem_o_depth_i != 8 & s_mem_o_depth_i != 9 & s_mem_o_depth_i != 10 & s_mem_o_depth_i != 11 & s_mem_o_depth_i != 12 & s_mem_o_depth_i != 13 & s_mem_o_depth_i != 14 & s_mem_o_depth_i != 15 & s_mem_o_depth_i != 16) | (icmp_ln56_1 & s_mem_o_i == 27 & s_mem_o_depth_i != 0 & s_mem_o_depth_i != 1 & s_mem_o_depth_i != 2 & s_mem_o_depth_i != 3 & s_mem_o_depth_i != 4 & s_mem_o_depth_i != 5 & s_mem_o_depth_i != 6 & s_mem_o_depth_i != 7 & s_mem_o_depth_i != 8 & s_mem_o_depth_i != 9 & s_mem_o_depth_i != 10 & s_mem_o_depth_i != 11 & s_mem_o_depth_i != 12 & s_mem_o_depth_i != 13 & s_mem_o_depth_i != 14 & s_mem_o_depth_i != 15 & s_mem_o_depth_i != 16) | (icmp_ln56_1 & s_mem_o_i == 26 & s_mem_o_depth_i != 0 & s_mem_o_depth_i != 1 & s_mem_o_depth_i != 2 & s_mem_o_depth_i != 3 & s_mem_o_depth_i != 4 & s_mem_o_depth_i != 5 & s_mem_o_depth_i != 6 & s_mem_o_depth_i != 7 & s_mem_o_depth_i != 8 & s_mem_o_depth_i != 9 & s_mem_o_depth_i != 10 & s_mem_o_depth_i != 11 & s_mem_o_depth_i != 12 & s_mem_o_depth_i != 13 & s_mem_o_depth_i != 14 & s_mem_o_depth_i != 15 & s_mem_o_depth_i != 16) | (icmp_ln56_1 & s_mem_o_i == 25 & s_mem_o_depth_i != 0 & s_mem_o_depth_i != 1 & s_mem_o_depth_i != 2 & s_mem_o_depth_i != 3 & s_mem_o_depth_i != 4 & s_mem_o_depth_i != 5 & s_mem_o_depth_i != 6 & s_mem_o_depth_i != 7 & s_mem_o_depth_i != 8 & s_mem_o_depth_i != 9 & s_mem_o_depth_i != 10 & s_mem_o_depth_i != 11 & s_mem_o_depth_i != 12 & s_mem_o_depth_i != 13 & s_mem_o_depth_i != 14 & s_mem_o_depth_i != 15 & s_mem_o_depth_i != 16) | (icmp_ln56_1 & s_mem_o_i == 24 & s_mem_o_depth_i != 0 & s_mem_o_depth_i != 1 & s_mem_o_depth_i != 2 & s_mem_o_depth_i != 3 & s_mem_o_depth_i != 4 & s_mem_o_depth_i != 5 & s_mem_o_depth_i != 6 & s_mem_o_depth_i != 7 & s_mem_o_depth_i != 8 & s_mem_o_depth_i != 9 & s_mem_o_depth_i != 10 & s_mem_o_depth_i != 11 & s_mem_o_depth_i != 12 & s_mem_o_depth_i != 13 & s_mem_o_depth_i != 14 & s_mem_o_depth_i != 15 & s_mem_o_depth_i != 16)> <Delay = 0.00>
ST_14 : Operation 1786 [1/1] (0.00ns)   --->   "%br_ln56 = br void %new.latch.L3_bis.split.i" [./conv.h:56->top_wrapper.cpp:123]   --->   Operation 1786 'br' 'br_ln56' <Predicate = (icmp_ln56_1)> <Delay = 0.00>
ST_14 : Operation 1787 [1/1] (0.42ns)   --->   "%store_ln55 = store i45 %sum_1, i45 %sum" [./conv.h:55->top_wrapper.cpp:123]   --->   Operation 1787 'store' 'store_ln55' <Predicate = true> <Delay = 0.42>
ST_14 : Operation 1788 [1/1] (0.00ns)   --->   "%br_ln56 = br void %L3_bis.i" [./conv.h:56->top_wrapper.cpp:123]   --->   Operation 1788 'br' 'br_ln56' <Predicate = true> <Delay = 0.00>


============================================================
+ Verbose Summary: Timing violations
============================================================
Target clock period: 5.000ns, clock uncertainty: 1.350ns.

 <State 1>: 2.845ns
The critical path consists of the following:
	'store' operation 0 bit ('store_ln53', ./conv.h:53->top_wrapper.cpp:123) of constant 0 on local variable 's_oh', ./conv.h:53->top_wrapper.cpp:123 [1396]  (0.427 ns)
	'load' operation 4 bit ('s_oh_load') on local variable 's_oh', ./conv.h:53->top_wrapper.cpp:123 [1412]  (0.000 ns)
	'add' operation 4 bit ('s_oh_1_mid1') [1417]  (0.797 ns)
	'select' operation 4 bit ('select_ln53_1', ./conv.h:53->top_wrapper.cpp:123) [1419]  (0.391 ns)
	'mul' operation 9 bit ('mul87', ./conv.h:53->top_wrapper.cpp:123) [1461]  (1.230 ns)

 <State 2>: 2.902ns
The critical path consists of the following:
	'sub' operation 6 bit ('mul89_i', ./conv.h:53->top_wrapper.cpp:123) [1435]  (0.781 ns)
	'add' operation 6 bit ('empty_51', ./conv.h:53->top_wrapper.cpp:123) [1437]  (0.781 ns)
	'urem' operation 4 bit ('rem92_1104441_i', ./conv.h:53->top_wrapper.cpp:123) [1467]  (1.340 ns)

 <State 3>: 1.340ns
The critical path consists of the following:
	'urem' operation 4 bit ('rem92_1104441_i', ./conv.h:53->top_wrapper.cpp:123) [1467]  (1.340 ns)

 <State 4>: 3.606ns
The critical path consists of the following:
	'load' operation 4 bit ('s_ow_load', ./conv.h:54->top_wrapper.cpp:123) on local variable 's_ow', ./conv.h:54->top_wrapper.cpp:123 [1411]  (0.000 ns)
	'select' operation 4 bit ('select_ln53', ./conv.h:53->top_wrapper.cpp:123) [1416]  (0.391 ns)
	'add' operation 4 bit ('add_ln54_2', ./conv.h:54->top_wrapper.cpp:123) [1426]  (0.797 ns)
	'select' operation 4 bit ('select_ln54', ./conv.h:54->top_wrapper.cpp:123) [1432]  (0.391 ns)
	'add' operation 4 bit ('add_ln54', ./conv.h:54->top_wrapper.cpp:123) [1482]  (0.797 ns)
	'mul' operation 9 bit ('mul75', ./conv.h:54->top_wrapper.cpp:123) [1496]  (1.230 ns)

 <State 5>: 1.340ns
The critical path consists of the following:
	'urem' operation 4 bit ('rem92_1104441_i', ./conv.h:53->top_wrapper.cpp:123) [1467]  (1.340 ns)

 <State 6>: 1.340ns
The critical path consists of the following:
	'urem' operation 4 bit ('rem92_1104441_i', ./conv.h:53->top_wrapper.cpp:123) [1467]  (1.340 ns)

 <State 7>: 1.340ns
The critical path consists of the following:
	'urem' operation 4 bit ('rem92_1104441_i', ./conv.h:53->top_wrapper.cpp:123) [1467]  (1.340 ns)

 <State 8>: 1.340ns
The critical path consists of the following:
	'urem' operation 4 bit ('rem92_1104441_i', ./conv.h:53->top_wrapper.cpp:123) [1467]  (1.340 ns)

 <State 9>: 1.340ns
The critical path consists of the following:
	'urem' operation 4 bit ('rem92_1104441_i', ./conv.h:53->top_wrapper.cpp:123) [1467]  (1.340 ns)

 <State 10>: 2.824ns
The critical path consists of the following:
	'mul' operation 9 bit ('mul93', ./conv.h:53->top_wrapper.cpp:123) [1444]  (1.230 ns)
	'sub' operation 4 bit ('mul120_i', ./conv.h:53->top_wrapper.cpp:123) [1450]  (0.797 ns)
	'add' operation 5 bit ('s_mem_o_depth_i', ./conv.h:54->top_wrapper.cpp:123) [1659]  (0.797 ns)

 <State 11>: 3.368ns
The critical path consists of the following:
	'add' operation 6 bit ('mul81_2_i', ./conv.h:53->top_wrapper.cpp:123) [1476]  (0.781 ns)
	'add' operation 6 bit ('add_ln61_6', ./conv.h:61->top_wrapper.cpp:123) [1595]  (0.781 ns)
	'sparsemux' operation 45 bit ('tmp_112_i', ./conv.h:66->top_wrapper.cpp:123) [1599]  (1.036 ns)
	'sparsemux' operation 45 bit ('tmp_118_i', ./conv.h:66->top_wrapper.cpp:123) [1605]  (0.770 ns)

 <State 12>: 3.414ns
The critical path consists of the following:
	'select' operation 8 bit ('select_ln66_4', ./conv.h:66->top_wrapper.cpp:123) [1580]  (0.393 ns)
	'mul' operation 45 bit ('mul_ln66', ./conv.h:66->top_wrapper.cpp:123) [1634]  (3.021 ns)

 <State 13>: 3.021ns
The critical path consists of the following:
	'mul' operation 45 bit ('mul_ln66', ./conv.h:66->top_wrapper.cpp:123) [1634]  (3.021 ns)

 <State 14>: 3.024ns
The critical path consists of the following:
	'add' operation 45 bit ('add_ln66_1', ./conv.h:66->top_wrapper.cpp:123) [1644]  (1.069 ns)
	'add' operation 45 bit ('add_ln66_2', ./conv.h:66->top_wrapper.cpp:123) [1645]  (0.764 ns)
	'add' operation 45 bit ('add_ln66_7', ./conv.h:66->top_wrapper.cpp:123) [1650]  (0.000 ns)
	'add' operation 45 bit ('sum', ./conv.h:66->top_wrapper.cpp:123) [1651]  (0.764 ns)
	'store' operation 0 bit ('store_ln55', ./conv.h:55->top_wrapper.cpp:123) of variable 'sum', ./conv.h:66->top_wrapper.cpp:123 on local variable 'sum', ./conv.h:55->top_wrapper.cpp:123 [3126]  (0.427 ns)


============================================================
+ Verbose Summary: Binding
============================================================
N/A
* FSMD analyzer results:
  - Output states:
 - Input state : 
  - Chain level:
	State 1
	State 2
	State 3
	State 4
	State 5
	State 6
	State 7
	State 8
	State 9
	State 10
	State 11
	State 12
	State 13
	State 14


============================================================
+ Verbose Summary: Datapath Resource usage 
============================================================
N/A
