

================================================================
== Vitis HLS Report for 'dataflow_in_loop_VITIS_LOOP_92_1_1'
================================================================
* Date:           Tue May 27 16:09:49 2025

* Version:        2024.2 (Build 5238294 on Nov  8 2024)
* Project:        convolution
* Solution:       solution_0 (Vivado IP Flow Target)
* Product family: zynquplus
* Target device:  xck26-sfvc784-2LV-c


================================================================
== Performance Estimates
================================================================
+ Timing: 
    * Summary: 
    +--------+---------+----------+------------+
    |  Clock |  Target | Estimated| Uncertainty|
    +--------+---------+----------+------------+
    |ap_clk  |  5.00 ns|  3.650 ns|     1.35 ns|
    +--------+---------+----------+------------+

+ Latency: 
    * Summary: 
    +---------+---------+----------+----------+-----+-----+----------+
    |  Latency (cycles) |  Latency (absolute) |  Interval | Pipeline |
    |   min   |   max   |    min   |    max   | min | max |   Type   |
    +---------+---------+----------+----------+-----+-----+----------+
    |        ?|        ?|         ?|         ?|    ?|    ?|  dataflow|
    +---------+---------+----------+----------+-----+-----+----------+

    + Detail: 
        * Instance: 
        N/A

        * Loop: 
        N/A

============================================================
+ Verbose Summary: Synthesis Manager
============================================================
InlineROM: 1
ExposeGlobal: 0
============================================================
+ Verbose Summary: CDFG Model
============================================================
IsTopModel: 0
ResetActiveHigh: 1
IsCombinational: 2
IsDatapathOnly: 0
HasWiredReturn: 1
HasMFsm: 0
HasVarLatency: 1
IsPipeline: 0
IsRtlPipelined: 0
IsInstanceOverlapped: 0
IsDontTouch: 0
HasImplIP: 0
IsGatedGlobalClock: 0


============================================================
+ Verbose Summary: Schedule
============================================================
* Number of FSM states : 5
* Pipeline : 0
* Dataflow Pipeline: 1
  DF-Pipeline-0: Size = 5, States = { 1 2 3 4 5 }

* FSM state transitions: 
1 --> 2 
2 --> 3 
3 --> 4 
4 --> 5 
5 --> 

* FSM state operations: 

State 1 <SV = 0> <Delay = 2.23>
ST_1 : Operation 6 [1/1] (0.00ns)   --->   "%memory_read = read i64 @_ssdm_op_Read.ap_auto.i64, i64 %memory"   --->   Operation 6 'read' 'memory_read' <Predicate = true> <Delay = 0.00>
ST_1 : Operation 7 [1/1] (0.00ns)   --->   "%img_0_read = read i3 @_ssdm_op_Read.ap_auto.i3, i3 %img_0"   --->   Operation 7 'read' 'img_0_read' <Predicate = true> <Delay = 0.00>
ST_1 : Operation 8 [1/1] (0.00ns)   --->   "%filter_val1_read = read i64 @_ssdm_op_Read.ap_auto.i64, i64 %filter_val1"   --->   Operation 8 'read' 'filter_val1_read' <Predicate = true> <Delay = 0.00>
ST_1 : Operation 9 [1/1] (0.00ns)   --->   "%memory_c = alloca i64 1"   --->   Operation 9 'alloca' 'memory_c' <Predicate = true> <Delay = 0.00> <CoreInst = "FIFO_SRL">   --->   Core 80 'FIFO_SRL' <Latency = 0> <II = 1> <Delay = 1.83> <Storage> <Opcode : 'read' 'write' 'nbread' 'nbwrite'> <Ports = 0> <Width = 64> <Depth = 4> <FIFO>
ST_1 : Operation 10 [1/1] (0.00ns)   --->   "%img_0_c = alloca i64 1"   --->   Operation 10 'alloca' 'img_0_c' <Predicate = true> <Delay = 0.00> <CoreInst = "FIFO_SRL">   --->   Core 80 'FIFO_SRL' <Latency = 0> <II = 1> <Delay = 1.83> <Storage> <Opcode : 'read' 'write' 'nbread' 'nbwrite'> <Ports = 0> <Width = 3> <Depth = 3> <FIFO>
ST_1 : Operation 11 [1/1] (0.00ns)   --->   "%filter2conv = alloca i64 1" [top_wrapper.cpp:93]   --->   Operation 11 'alloca' 'filter2conv' <Predicate = true> <Delay = 0.00> <CoreInst = "FIFO_SRL">   --->   Core 80 'FIFO_SRL' <Latency = 0> <II = 1> <Delay = 2.50> <Storage> <Opcode : 'read' 'write' 'nbread' 'nbwrite'> <Ports = 0> <Width = 8> <Depth = 100> <FIFO>
ST_1 : Operation 12 [1/1] (1.82ns)   --->   "%call_ln0 = call void @entry_proc, i64 %memory_read, i64 %memory_c"   --->   Operation 12 'call' 'call_ln0' <Predicate = true> <Delay = 1.82> <CoreType = "Generic">   --->   Generic Core
ST_1 : Operation 13 [2/2] (0.00ns)   --->   "%call_ln99 = call void @dataflow_in_loop_VITIS_LOOP_92_1.1_Loop_VITIS_LOOP_99_2_proc, i64 %filter_val1_read, i32 %gmem2, i8 %filter2conv" [top_wrapper.cpp:99]   --->   Operation 13 'call' 'call_ln99' <Predicate = true> <Delay = 0.00> <CoreType = "Generic">   --->   Generic Core
ST_1 : Operation 14 [2/2] (2.23ns)   --->   "%call_ret2 = call i20250 @load_input, i45 %memory_in, i3 %img_0_read, i3 %img_0_c" [top_wrapper.cpp:121]   --->   Operation 14 'call' 'call_ret2' <Predicate = true> <Delay = 2.23> <CoreType = "Generic">   --->   Generic Core

State 2 <SV = 1> <Delay = 0.00>
ST_2 : Operation 15 [1/2] (0.00ns)   --->   "%call_ln99 = call void @dataflow_in_loop_VITIS_LOOP_92_1.1_Loop_VITIS_LOOP_99_2_proc, i64 %filter_val1_read, i32 %gmem2, i8 %filter2conv" [top_wrapper.cpp:99]   --->   Operation 15 'call' 'call_ln99' <Predicate = true> <Delay = 0.00> <CoreType = "Generic">   --->   Generic Core
ST_2 : Operation 16 [1/2] (0.00ns)   --->   "%call_ret2 = call i20250 @load_input, i45 %memory_in, i3 %img_0_read, i3 %img_0_c" [top_wrapper.cpp:121]   --->   Operation 16 'call' 'call_ret2' <Predicate = true> <Delay = 0.00> <CoreType = "Generic">   --->   Generic Core
ST_2 : Operation 17 [1/1] (0.00ns)   --->   "%memory_in_local = extractvalue i20250 %call_ret2" [top_wrapper.cpp:121]   --->   Operation 17 'extractvalue' 'memory_in_local' <Predicate = true> <Delay = 0.00> <CoreInst = "FIFO_SRL">   --->   Core 80 'FIFO_SRL' <Latency = 0> <II = 1> <Delay = 1.83> <Storage> <Opcode : 'read' 'write' 'nbread' 'nbwrite'> <Ports = 0> <Width = 45> <Depth = 2> <FIFO>
ST_2 : Operation 18 [1/1] (0.00ns)   --->   "%memory_in_local_450 = extractvalue i20250 %call_ret2" [top_wrapper.cpp:121]   --->   Operation 18 'extractvalue' 'memory_in_local_450' <Predicate = true> <Delay = 0.00> <CoreInst = "FIFO_SRL">   --->   Core 80 'FIFO_SRL' <Latency = 0> <II = 1> <Delay = 1.83> <Storage> <Opcode : 'read' 'write' 'nbread' 'nbwrite'> <Ports = 0> <Width = 45> <Depth = 2> <FIFO>
ST_2 : Operation 19 [1/1] (0.00ns)   --->   "%memory_in_local_451 = extractvalue i20250 %call_ret2" [top_wrapper.cpp:121]   --->   Operation 19 'extractvalue' 'memory_in_local_451' <Predicate = true> <Delay = 0.00> <CoreInst = "FIFO_SRL">   --->   Core 80 'FIFO_SRL' <Latency = 0> <II = 1> <Delay = 1.83> <Storage> <Opcode : 'read' 'write' 'nbread' 'nbwrite'> <Ports = 0> <Width = 45> <Depth = 2> <FIFO>
ST_2 : Operation 20 [1/1] (0.00ns)   --->   "%memory_in_local_452 = extractvalue i20250 %call_ret2" [top_wrapper.cpp:121]   --->   Operation 20 'extractvalue' 'memory_in_local_452' <Predicate = true> <Delay = 0.00> <CoreInst = "FIFO_SRL">   --->   Core 80 'FIFO_SRL' <Latency = 0> <II = 1> <Delay = 1.83> <Storage> <Opcode : 'read' 'write' 'nbread' 'nbwrite'> <Ports = 0> <Width = 45> <Depth = 2> <FIFO>
ST_2 : Operation 21 [1/1] (0.00ns)   --->   "%memory_in_local_453 = extractvalue i20250 %call_ret2" [top_wrapper.cpp:121]   --->   Operation 21 'extractvalue' 'memory_in_local_453' <Predicate = true> <Delay = 0.00> <CoreInst = "FIFO_SRL">   --->   Core 80 'FIFO_SRL' <Latency = 0> <II = 1> <Delay = 1.83> <Storage> <Opcode : 'read' 'write' 'nbread' 'nbwrite'> <Ports = 0> <Width = 45> <Depth = 2> <FIFO>
ST_2 : Operation 22 [1/1] (0.00ns)   --->   "%memory_in_local_454 = extractvalue i20250 %call_ret2" [top_wrapper.cpp:121]   --->   Operation 22 'extractvalue' 'memory_in_local_454' <Predicate = true> <Delay = 0.00> <CoreInst = "FIFO_SRL">   --->   Core 80 'FIFO_SRL' <Latency = 0> <II = 1> <Delay = 1.83> <Storage> <Opcode : 'read' 'write' 'nbread' 'nbwrite'> <Ports = 0> <Width = 45> <Depth = 2> <FIFO>
ST_2 : Operation 23 [1/1] (0.00ns)   --->   "%memory_in_local_455 = extractvalue i20250 %call_ret2" [top_wrapper.cpp:121]   --->   Operation 23 'extractvalue' 'memory_in_local_455' <Predicate = true> <Delay = 0.00> <CoreInst = "FIFO_SRL">   --->   Core 80 'FIFO_SRL' <Latency = 0> <II = 1> <Delay = 1.83> <Storage> <Opcode : 'read' 'write' 'nbread' 'nbwrite'> <Ports = 0> <Width = 45> <Depth = 2> <FIFO>
ST_2 : Operation 24 [1/1] (0.00ns)   --->   "%memory_in_local_456 = extractvalue i20250 %call_ret2" [top_wrapper.cpp:121]   --->   Operation 24 'extractvalue' 'memory_in_local_456' <Predicate = true> <Delay = 0.00> <CoreInst = "FIFO_SRL">   --->   Core 80 'FIFO_SRL' <Latency = 0> <II = 1> <Delay = 1.83> <Storage> <Opcode : 'read' 'write' 'nbread' 'nbwrite'> <Ports = 0> <Width = 45> <Depth = 2> <FIFO>
ST_2 : Operation 25 [1/1] (0.00ns)   --->   "%memory_in_local_457 = extractvalue i20250 %call_ret2" [top_wrapper.cpp:121]   --->   Operation 25 'extractvalue' 'memory_in_local_457' <Predicate = true> <Delay = 0.00> <CoreInst = "FIFO_SRL">   --->   Core 80 'FIFO_SRL' <Latency = 0> <II = 1> <Delay = 1.83> <Storage> <Opcode : 'read' 'write' 'nbread' 'nbwrite'> <Ports = 0> <Width = 45> <Depth = 2> <FIFO>
ST_2 : Operation 26 [1/1] (0.00ns)   --->   "%memory_in_local_458 = extractvalue i20250 %call_ret2" [top_wrapper.cpp:121]   --->   Operation 26 'extractvalue' 'memory_in_local_458' <Predicate = true> <Delay = 0.00> <CoreInst = "FIFO_SRL">   --->   Core 80 'FIFO_SRL' <Latency = 0> <II = 1> <Delay = 1.83> <Storage> <Opcode : 'read' 'write' 'nbread' 'nbwrite'> <Ports = 0> <Width = 45> <Depth = 2> <FIFO>
ST_2 : Operation 27 [1/1] (0.00ns)   --->   "%memory_in_local_459 = extractvalue i20250 %call_ret2" [top_wrapper.cpp:121]   --->   Operation 27 'extractvalue' 'memory_in_local_459' <Predicate = true> <Delay = 0.00> <CoreInst = "FIFO_SRL">   --->   Core 80 'FIFO_SRL' <Latency = 0> <II = 1> <Delay = 1.83> <Storage> <Opcode : 'read' 'write' 'nbread' 'nbwrite'> <Ports = 0> <Width = 45> <Depth = 2> <FIFO>
ST_2 : Operation 28 [1/1] (0.00ns)   --->   "%memory_in_local_460 = extractvalue i20250 %call_ret2" [top_wrapper.cpp:121]   --->   Operation 28 'extractvalue' 'memory_in_local_460' <Predicate = true> <Delay = 0.00> <CoreInst = "FIFO_SRL">   --->   Core 80 'FIFO_SRL' <Latency = 0> <II = 1> <Delay = 1.83> <Storage> <Opcode : 'read' 'write' 'nbread' 'nbwrite'> <Ports = 0> <Width = 45> <Depth = 2> <FIFO>
ST_2 : Operation 29 [1/1] (0.00ns)   --->   "%memory_in_local_461 = extractvalue i20250 %call_ret2" [top_wrapper.cpp:121]   --->   Operation 29 'extractvalue' 'memory_in_local_461' <Predicate = true> <Delay = 0.00> <CoreInst = "FIFO_SRL">   --->   Core 80 'FIFO_SRL' <Latency = 0> <II = 1> <Delay = 1.83> <Storage> <Opcode : 'read' 'write' 'nbread' 'nbwrite'> <Ports = 0> <Width = 45> <Depth = 2> <FIFO>
ST_2 : Operation 30 [1/1] (0.00ns)   --->   "%memory_in_local_462 = extractvalue i20250 %call_ret2" [top_wrapper.cpp:121]   --->   Operation 30 'extractvalue' 'memory_in_local_462' <Predicate = true> <Delay = 0.00> <CoreInst = "FIFO_SRL">   --->   Core 80 'FIFO_SRL' <Latency = 0> <II = 1> <Delay = 1.83> <Storage> <Opcode : 'read' 'write' 'nbread' 'nbwrite'> <Ports = 0> <Width = 45> <Depth = 2> <FIFO>
ST_2 : Operation 31 [1/1] (0.00ns)   --->   "%memory_in_local_463 = extractvalue i20250 %call_ret2" [top_wrapper.cpp:121]   --->   Operation 31 'extractvalue' 'memory_in_local_463' <Predicate = true> <Delay = 0.00> <CoreInst = "FIFO_SRL">   --->   Core 80 'FIFO_SRL' <Latency = 0> <II = 1> <Delay = 1.83> <Storage> <Opcode : 'read' 'write' 'nbread' 'nbwrite'> <Ports = 0> <Width = 45> <Depth = 2> <FIFO>
ST_2 : Operation 32 [1/1] (0.00ns)   --->   "%memory_in_local_464 = extractvalue i20250 %call_ret2" [top_wrapper.cpp:121]   --->   Operation 32 'extractvalue' 'memory_in_local_464' <Predicate = true> <Delay = 0.00> <CoreInst = "FIFO_SRL">   --->   Core 80 'FIFO_SRL' <Latency = 0> <II = 1> <Delay = 1.83> <Storage> <Opcode : 'read' 'write' 'nbread' 'nbwrite'> <Ports = 0> <Width = 45> <Depth = 2> <FIFO>
ST_2 : Operation 33 [1/1] (0.00ns)   --->   "%memory_in_local_465 = extractvalue i20250 %call_ret2" [top_wrapper.cpp:121]   --->   Operation 33 'extractvalue' 'memory_in_local_465' <Predicate = true> <Delay = 0.00> <CoreInst = "FIFO_SRL">   --->   Core 80 'FIFO_SRL' <Latency = 0> <II = 1> <Delay = 1.83> <Storage> <Opcode : 'read' 'write' 'nbread' 'nbwrite'> <Ports = 0> <Width = 45> <Depth = 2> <FIFO>
ST_2 : Operation 34 [1/1] (0.00ns)   --->   "%memory_in_local_466 = extractvalue i20250 %call_ret2" [top_wrapper.cpp:121]   --->   Operation 34 'extractvalue' 'memory_in_local_466' <Predicate = true> <Delay = 0.00> <CoreInst = "FIFO_SRL">   --->   Core 80 'FIFO_SRL' <Latency = 0> <II = 1> <Delay = 1.83> <Storage> <Opcode : 'read' 'write' 'nbread' 'nbwrite'> <Ports = 0> <Width = 45> <Depth = 2> <FIFO>
ST_2 : Operation 35 [1/1] (0.00ns)   --->   "%memory_in_local_467 = extractvalue i20250 %call_ret2" [top_wrapper.cpp:121]   --->   Operation 35 'extractvalue' 'memory_in_local_467' <Predicate = true> <Delay = 0.00> <CoreInst = "FIFO_SRL">   --->   Core 80 'FIFO_SRL' <Latency = 0> <II = 1> <Delay = 1.83> <Storage> <Opcode : 'read' 'write' 'nbread' 'nbwrite'> <Ports = 0> <Width = 45> <Depth = 2> <FIFO>
ST_2 : Operation 36 [1/1] (0.00ns)   --->   "%memory_in_local_468 = extractvalue i20250 %call_ret2" [top_wrapper.cpp:121]   --->   Operation 36 'extractvalue' 'memory_in_local_468' <Predicate = true> <Delay = 0.00> <CoreInst = "FIFO_SRL">   --->   Core 80 'FIFO_SRL' <Latency = 0> <II = 1> <Delay = 1.83> <Storage> <Opcode : 'read' 'write' 'nbread' 'nbwrite'> <Ports = 0> <Width = 45> <Depth = 2> <FIFO>
ST_2 : Operation 37 [1/1] (0.00ns)   --->   "%memory_in_local_469 = extractvalue i20250 %call_ret2" [top_wrapper.cpp:121]   --->   Operation 37 'extractvalue' 'memory_in_local_469' <Predicate = true> <Delay = 0.00> <CoreInst = "FIFO_SRL">   --->   Core 80 'FIFO_SRL' <Latency = 0> <II = 1> <Delay = 1.83> <Storage> <Opcode : 'read' 'write' 'nbread' 'nbwrite'> <Ports = 0> <Width = 45> <Depth = 2> <FIFO>
ST_2 : Operation 38 [1/1] (0.00ns)   --->   "%memory_in_local_470 = extractvalue i20250 %call_ret2" [top_wrapper.cpp:121]   --->   Operation 38 'extractvalue' 'memory_in_local_470' <Predicate = true> <Delay = 0.00> <CoreInst = "FIFO_SRL">   --->   Core 80 'FIFO_SRL' <Latency = 0> <II = 1> <Delay = 1.83> <Storage> <Opcode : 'read' 'write' 'nbread' 'nbwrite'> <Ports = 0> <Width = 45> <Depth = 2> <FIFO>
ST_2 : Operation 39 [1/1] (0.00ns)   --->   "%memory_in_local_471 = extractvalue i20250 %call_ret2" [top_wrapper.cpp:121]   --->   Operation 39 'extractvalue' 'memory_in_local_471' <Predicate = true> <Delay = 0.00> <CoreInst = "FIFO_SRL">   --->   Core 80 'FIFO_SRL' <Latency = 0> <II = 1> <Delay = 1.83> <Storage> <Opcode : 'read' 'write' 'nbread' 'nbwrite'> <Ports = 0> <Width = 45> <Depth = 2> <FIFO>
ST_2 : Operation 40 [1/1] (0.00ns)   --->   "%memory_in_local_472 = extractvalue i20250 %call_ret2" [top_wrapper.cpp:121]   --->   Operation 40 'extractvalue' 'memory_in_local_472' <Predicate = true> <Delay = 0.00> <CoreInst = "FIFO_SRL">   --->   Core 80 'FIFO_SRL' <Latency = 0> <II = 1> <Delay = 1.83> <Storage> <Opcode : 'read' 'write' 'nbread' 'nbwrite'> <Ports = 0> <Width = 45> <Depth = 2> <FIFO>
ST_2 : Operation 41 [1/1] (0.00ns)   --->   "%memory_in_local_473 = extractvalue i20250 %call_ret2" [top_wrapper.cpp:121]   --->   Operation 41 'extractvalue' 'memory_in_local_473' <Predicate = true> <Delay = 0.00> <CoreInst = "FIFO_SRL">   --->   Core 80 'FIFO_SRL' <Latency = 0> <II = 1> <Delay = 1.83> <Storage> <Opcode : 'read' 'write' 'nbread' 'nbwrite'> <Ports = 0> <Width = 45> <Depth = 2> <FIFO>
ST_2 : Operation 42 [1/1] (0.00ns)   --->   "%memory_in_local_474 = extractvalue i20250 %call_ret2" [top_wrapper.cpp:121]   --->   Operation 42 'extractvalue' 'memory_in_local_474' <Predicate = true> <Delay = 0.00> <CoreInst = "FIFO_SRL">   --->   Core 80 'FIFO_SRL' <Latency = 0> <II = 1> <Delay = 1.83> <Storage> <Opcode : 'read' 'write' 'nbread' 'nbwrite'> <Ports = 0> <Width = 45> <Depth = 2> <FIFO>
ST_2 : Operation 43 [1/1] (0.00ns)   --->   "%memory_in_local_475 = extractvalue i20250 %call_ret2" [top_wrapper.cpp:121]   --->   Operation 43 'extractvalue' 'memory_in_local_475' <Predicate = true> <Delay = 0.00> <CoreInst = "FIFO_SRL">   --->   Core 80 'FIFO_SRL' <Latency = 0> <II = 1> <Delay = 1.83> <Storage> <Opcode : 'read' 'write' 'nbread' 'nbwrite'> <Ports = 0> <Width = 45> <Depth = 2> <FIFO>
ST_2 : Operation 44 [1/1] (0.00ns)   --->   "%memory_in_local_476 = extractvalue i20250 %call_ret2" [top_wrapper.cpp:121]   --->   Operation 44 'extractvalue' 'memory_in_local_476' <Predicate = true> <Delay = 0.00> <CoreInst = "FIFO_SRL">   --->   Core 80 'FIFO_SRL' <Latency = 0> <II = 1> <Delay = 1.83> <Storage> <Opcode : 'read' 'write' 'nbread' 'nbwrite'> <Ports = 0> <Width = 45> <Depth = 2> <FIFO>
ST_2 : Operation 45 [1/1] (0.00ns)   --->   "%memory_in_local_477 = extractvalue i20250 %call_ret2" [top_wrapper.cpp:121]   --->   Operation 45 'extractvalue' 'memory_in_local_477' <Predicate = true> <Delay = 0.00> <CoreInst = "FIFO_SRL">   --->   Core 80 'FIFO_SRL' <Latency = 0> <II = 1> <Delay = 1.83> <Storage> <Opcode : 'read' 'write' 'nbread' 'nbwrite'> <Ports = 0> <Width = 45> <Depth = 2> <FIFO>
ST_2 : Operation 46 [1/1] (0.00ns)   --->   "%memory_in_local_478 = extractvalue i20250 %call_ret2" [top_wrapper.cpp:121]   --->   Operation 46 'extractvalue' 'memory_in_local_478' <Predicate = true> <Delay = 0.00> <CoreInst = "FIFO_SRL">   --->   Core 80 'FIFO_SRL' <Latency = 0> <II = 1> <Delay = 1.83> <Storage> <Opcode : 'read' 'write' 'nbread' 'nbwrite'> <Ports = 0> <Width = 45> <Depth = 2> <FIFO>
ST_2 : Operation 47 [1/1] (0.00ns)   --->   "%memory_in_local_479 = extractvalue i20250 %call_ret2" [top_wrapper.cpp:121]   --->   Operation 47 'extractvalue' 'memory_in_local_479' <Predicate = true> <Delay = 0.00> <CoreInst = "FIFO_SRL">   --->   Core 80 'FIFO_SRL' <Latency = 0> <II = 1> <Delay = 1.83> <Storage> <Opcode : 'read' 'write' 'nbread' 'nbwrite'> <Ports = 0> <Width = 45> <Depth = 2> <FIFO>
ST_2 : Operation 48 [1/1] (0.00ns)   --->   "%memory_in_local_480 = extractvalue i20250 %call_ret2" [top_wrapper.cpp:121]   --->   Operation 48 'extractvalue' 'memory_in_local_480' <Predicate = true> <Delay = 0.00> <CoreInst = "FIFO_SRL">   --->   Core 80 'FIFO_SRL' <Latency = 0> <II = 1> <Delay = 1.83> <Storage> <Opcode : 'read' 'write' 'nbread' 'nbwrite'> <Ports = 0> <Width = 45> <Depth = 2> <FIFO>
ST_2 : Operation 49 [1/1] (0.00ns)   --->   "%memory_in_local_481 = extractvalue i20250 %call_ret2" [top_wrapper.cpp:121]   --->   Operation 49 'extractvalue' 'memory_in_local_481' <Predicate = true> <Delay = 0.00> <CoreInst = "FIFO_SRL">   --->   Core 80 'FIFO_SRL' <Latency = 0> <II = 1> <Delay = 1.83> <Storage> <Opcode : 'read' 'write' 'nbread' 'nbwrite'> <Ports = 0> <Width = 45> <Depth = 2> <FIFO>
ST_2 : Operation 50 [1/1] (0.00ns)   --->   "%memory_in_local_482 = extractvalue i20250 %call_ret2" [top_wrapper.cpp:121]   --->   Operation 50 'extractvalue' 'memory_in_local_482' <Predicate = true> <Delay = 0.00> <CoreInst = "FIFO_SRL">   --->   Core 80 'FIFO_SRL' <Latency = 0> <II = 1> <Delay = 1.83> <Storage> <Opcode : 'read' 'write' 'nbread' 'nbwrite'> <Ports = 0> <Width = 45> <Depth = 2> <FIFO>
ST_2 : Operation 51 [1/1] (0.00ns)   --->   "%memory_in_local_483 = extractvalue i20250 %call_ret2" [top_wrapper.cpp:121]   --->   Operation 51 'extractvalue' 'memory_in_local_483' <Predicate = true> <Delay = 0.00> <CoreInst = "FIFO_SRL">   --->   Core 80 'FIFO_SRL' <Latency = 0> <II = 1> <Delay = 1.83> <Storage> <Opcode : 'read' 'write' 'nbread' 'nbwrite'> <Ports = 0> <Width = 45> <Depth = 2> <FIFO>
ST_2 : Operation 52 [1/1] (0.00ns)   --->   "%memory_in_local_484 = extractvalue i20250 %call_ret2" [top_wrapper.cpp:121]   --->   Operation 52 'extractvalue' 'memory_in_local_484' <Predicate = true> <Delay = 0.00> <CoreInst = "FIFO_SRL">   --->   Core 80 'FIFO_SRL' <Latency = 0> <II = 1> <Delay = 1.83> <Storage> <Opcode : 'read' 'write' 'nbread' 'nbwrite'> <Ports = 0> <Width = 45> <Depth = 2> <FIFO>
ST_2 : Operation 53 [1/1] (0.00ns)   --->   "%memory_in_local_485 = extractvalue i20250 %call_ret2" [top_wrapper.cpp:121]   --->   Operation 53 'extractvalue' 'memory_in_local_485' <Predicate = true> <Delay = 0.00> <CoreInst = "FIFO_SRL">   --->   Core 80 'FIFO_SRL' <Latency = 0> <II = 1> <Delay = 1.83> <Storage> <Opcode : 'read' 'write' 'nbread' 'nbwrite'> <Ports = 0> <Width = 45> <Depth = 2> <FIFO>
ST_2 : Operation 54 [1/1] (0.00ns)   --->   "%memory_in_local_486 = extractvalue i20250 %call_ret2" [top_wrapper.cpp:121]   --->   Operation 54 'extractvalue' 'memory_in_local_486' <Predicate = true> <Delay = 0.00> <CoreInst = "FIFO_SRL">   --->   Core 80 'FIFO_SRL' <Latency = 0> <II = 1> <Delay = 1.83> <Storage> <Opcode : 'read' 'write' 'nbread' 'nbwrite'> <Ports = 0> <Width = 45> <Depth = 2> <FIFO>
ST_2 : Operation 55 [1/1] (0.00ns)   --->   "%memory_in_local_487 = extractvalue i20250 %call_ret2" [top_wrapper.cpp:121]   --->   Operation 55 'extractvalue' 'memory_in_local_487' <Predicate = true> <Delay = 0.00> <CoreInst = "FIFO_SRL">   --->   Core 80 'FIFO_SRL' <Latency = 0> <II = 1> <Delay = 1.83> <Storage> <Opcode : 'read' 'write' 'nbread' 'nbwrite'> <Ports = 0> <Width = 45> <Depth = 2> <FIFO>
ST_2 : Operation 56 [1/1] (0.00ns)   --->   "%memory_in_local_488 = extractvalue i20250 %call_ret2" [top_wrapper.cpp:121]   --->   Operation 56 'extractvalue' 'memory_in_local_488' <Predicate = true> <Delay = 0.00> <CoreInst = "FIFO_SRL">   --->   Core 80 'FIFO_SRL' <Latency = 0> <II = 1> <Delay = 1.83> <Storage> <Opcode : 'read' 'write' 'nbread' 'nbwrite'> <Ports = 0> <Width = 45> <Depth = 2> <FIFO>
ST_2 : Operation 57 [1/1] (0.00ns)   --->   "%memory_in_local_489 = extractvalue i20250 %call_ret2" [top_wrapper.cpp:121]   --->   Operation 57 'extractvalue' 'memory_in_local_489' <Predicate = true> <Delay = 0.00> <CoreInst = "FIFO_SRL">   --->   Core 80 'FIFO_SRL' <Latency = 0> <II = 1> <Delay = 1.83> <Storage> <Opcode : 'read' 'write' 'nbread' 'nbwrite'> <Ports = 0> <Width = 45> <Depth = 2> <FIFO>
ST_2 : Operation 58 [1/1] (0.00ns)   --->   "%memory_in_local_490 = extractvalue i20250 %call_ret2" [top_wrapper.cpp:121]   --->   Operation 58 'extractvalue' 'memory_in_local_490' <Predicate = true> <Delay = 0.00> <CoreInst = "FIFO_SRL">   --->   Core 80 'FIFO_SRL' <Latency = 0> <II = 1> <Delay = 1.83> <Storage> <Opcode : 'read' 'write' 'nbread' 'nbwrite'> <Ports = 0> <Width = 45> <Depth = 2> <FIFO>
ST_2 : Operation 59 [1/1] (0.00ns)   --->   "%memory_in_local_491 = extractvalue i20250 %call_ret2" [top_wrapper.cpp:121]   --->   Operation 59 'extractvalue' 'memory_in_local_491' <Predicate = true> <Delay = 0.00> <CoreInst = "FIFO_SRL">   --->   Core 80 'FIFO_SRL' <Latency = 0> <II = 1> <Delay = 1.83> <Storage> <Opcode : 'read' 'write' 'nbread' 'nbwrite'> <Ports = 0> <Width = 45> <Depth = 2> <FIFO>
ST_2 : Operation 60 [1/1] (0.00ns)   --->   "%memory_in_local_492 = extractvalue i20250 %call_ret2" [top_wrapper.cpp:121]   --->   Operation 60 'extractvalue' 'memory_in_local_492' <Predicate = true> <Delay = 0.00> <CoreInst = "FIFO_SRL">   --->   Core 80 'FIFO_SRL' <Latency = 0> <II = 1> <Delay = 1.83> <Storage> <Opcode : 'read' 'write' 'nbread' 'nbwrite'> <Ports = 0> <Width = 45> <Depth = 2> <FIFO>
ST_2 : Operation 61 [1/1] (0.00ns)   --->   "%memory_in_local_493 = extractvalue i20250 %call_ret2" [top_wrapper.cpp:121]   --->   Operation 61 'extractvalue' 'memory_in_local_493' <Predicate = true> <Delay = 0.00> <CoreInst = "FIFO_SRL">   --->   Core 80 'FIFO_SRL' <Latency = 0> <II = 1> <Delay = 1.83> <Storage> <Opcode : 'read' 'write' 'nbread' 'nbwrite'> <Ports = 0> <Width = 45> <Depth = 2> <FIFO>
ST_2 : Operation 62 [1/1] (0.00ns)   --->   "%memory_in_local_494 = extractvalue i20250 %call_ret2" [top_wrapper.cpp:121]   --->   Operation 62 'extractvalue' 'memory_in_local_494' <Predicate = true> <Delay = 0.00> <CoreInst = "FIFO_SRL">   --->   Core 80 'FIFO_SRL' <Latency = 0> <II = 1> <Delay = 1.83> <Storage> <Opcode : 'read' 'write' 'nbread' 'nbwrite'> <Ports = 0> <Width = 45> <Depth = 2> <FIFO>
ST_2 : Operation 63 [1/1] (0.00ns)   --->   "%memory_in_local_495 = extractvalue i20250 %call_ret2" [top_wrapper.cpp:121]   --->   Operation 63 'extractvalue' 'memory_in_local_495' <Predicate = true> <Delay = 0.00> <CoreInst = "FIFO_SRL">   --->   Core 80 'FIFO_SRL' <Latency = 0> <II = 1> <Delay = 1.83> <Storage> <Opcode : 'read' 'write' 'nbread' 'nbwrite'> <Ports = 0> <Width = 45> <Depth = 2> <FIFO>
ST_2 : Operation 64 [1/1] (0.00ns)   --->   "%memory_in_local_496 = extractvalue i20250 %call_ret2" [top_wrapper.cpp:121]   --->   Operation 64 'extractvalue' 'memory_in_local_496' <Predicate = true> <Delay = 0.00> <CoreInst = "FIFO_SRL">   --->   Core 80 'FIFO_SRL' <Latency = 0> <II = 1> <Delay = 1.83> <Storage> <Opcode : 'read' 'write' 'nbread' 'nbwrite'> <Ports = 0> <Width = 45> <Depth = 2> <FIFO>
ST_2 : Operation 65 [1/1] (0.00ns)   --->   "%memory_in_local_497 = extractvalue i20250 %call_ret2" [top_wrapper.cpp:121]   --->   Operation 65 'extractvalue' 'memory_in_local_497' <Predicate = true> <Delay = 0.00> <CoreInst = "FIFO_SRL">   --->   Core 80 'FIFO_SRL' <Latency = 0> <II = 1> <Delay = 1.83> <Storage> <Opcode : 'read' 'write' 'nbread' 'nbwrite'> <Ports = 0> <Width = 45> <Depth = 2> <FIFO>
ST_2 : Operation 66 [1/1] (0.00ns)   --->   "%memory_in_local_498 = extractvalue i20250 %call_ret2" [top_wrapper.cpp:121]   --->   Operation 66 'extractvalue' 'memory_in_local_498' <Predicate = true> <Delay = 0.00> <CoreInst = "FIFO_SRL">   --->   Core 80 'FIFO_SRL' <Latency = 0> <II = 1> <Delay = 1.83> <Storage> <Opcode : 'read' 'write' 'nbread' 'nbwrite'> <Ports = 0> <Width = 45> <Depth = 2> <FIFO>
ST_2 : Operation 67 [1/1] (0.00ns)   --->   "%memory_in_local_499 = extractvalue i20250 %call_ret2" [top_wrapper.cpp:121]   --->   Operation 67 'extractvalue' 'memory_in_local_499' <Predicate = true> <Delay = 0.00> <CoreInst = "FIFO_SRL">   --->   Core 80 'FIFO_SRL' <Latency = 0> <II = 1> <Delay = 1.83> <Storage> <Opcode : 'read' 'write' 'nbread' 'nbwrite'> <Ports = 0> <Width = 45> <Depth = 2> <FIFO>
ST_2 : Operation 68 [1/1] (0.00ns)   --->   "%memory_in_local_500 = extractvalue i20250 %call_ret2" [top_wrapper.cpp:121]   --->   Operation 68 'extractvalue' 'memory_in_local_500' <Predicate = true> <Delay = 0.00> <CoreInst = "FIFO_SRL">   --->   Core 80 'FIFO_SRL' <Latency = 0> <II = 1> <Delay = 1.83> <Storage> <Opcode : 'read' 'write' 'nbread' 'nbwrite'> <Ports = 0> <Width = 45> <Depth = 2> <FIFO>
ST_2 : Operation 69 [1/1] (0.00ns)   --->   "%memory_in_local_501 = extractvalue i20250 %call_ret2" [top_wrapper.cpp:121]   --->   Operation 69 'extractvalue' 'memory_in_local_501' <Predicate = true> <Delay = 0.00> <CoreInst = "FIFO_SRL">   --->   Core 80 'FIFO_SRL' <Latency = 0> <II = 1> <Delay = 1.83> <Storage> <Opcode : 'read' 'write' 'nbread' 'nbwrite'> <Ports = 0> <Width = 45> <Depth = 2> <FIFO>
ST_2 : Operation 70 [1/1] (0.00ns)   --->   "%memory_in_local_502 = extractvalue i20250 %call_ret2" [top_wrapper.cpp:121]   --->   Operation 70 'extractvalue' 'memory_in_local_502' <Predicate = true> <Delay = 0.00> <CoreInst = "FIFO_SRL">   --->   Core 80 'FIFO_SRL' <Latency = 0> <II = 1> <Delay = 1.83> <Storage> <Opcode : 'read' 'write' 'nbread' 'nbwrite'> <Ports = 0> <Width = 45> <Depth = 2> <FIFO>
ST_2 : Operation 71 [1/1] (0.00ns)   --->   "%memory_in_local_503 = extractvalue i20250 %call_ret2" [top_wrapper.cpp:121]   --->   Operation 71 'extractvalue' 'memory_in_local_503' <Predicate = true> <Delay = 0.00> <CoreInst = "FIFO_SRL">   --->   Core 80 'FIFO_SRL' <Latency = 0> <II = 1> <Delay = 1.83> <Storage> <Opcode : 'read' 'write' 'nbread' 'nbwrite'> <Ports = 0> <Width = 45> <Depth = 2> <FIFO>
ST_2 : Operation 72 [1/1] (0.00ns)   --->   "%memory_in_local_504 = extractvalue i20250 %call_ret2" [top_wrapper.cpp:121]   --->   Operation 72 'extractvalue' 'memory_in_local_504' <Predicate = true> <Delay = 0.00> <CoreInst = "FIFO_SRL">   --->   Core 80 'FIFO_SRL' <Latency = 0> <II = 1> <Delay = 1.83> <Storage> <Opcode : 'read' 'write' 'nbread' 'nbwrite'> <Ports = 0> <Width = 45> <Depth = 2> <FIFO>
ST_2 : Operation 73 [1/1] (0.00ns)   --->   "%memory_in_local_505 = extractvalue i20250 %call_ret2" [top_wrapper.cpp:121]   --->   Operation 73 'extractvalue' 'memory_in_local_505' <Predicate = true> <Delay = 0.00> <CoreInst = "FIFO_SRL">   --->   Core 80 'FIFO_SRL' <Latency = 0> <II = 1> <Delay = 1.83> <Storage> <Opcode : 'read' 'write' 'nbread' 'nbwrite'> <Ports = 0> <Width = 45> <Depth = 2> <FIFO>
ST_2 : Operation 74 [1/1] (0.00ns)   --->   "%memory_in_local_506 = extractvalue i20250 %call_ret2" [top_wrapper.cpp:121]   --->   Operation 74 'extractvalue' 'memory_in_local_506' <Predicate = true> <Delay = 0.00> <CoreInst = "FIFO_SRL">   --->   Core 80 'FIFO_SRL' <Latency = 0> <II = 1> <Delay = 1.83> <Storage> <Opcode : 'read' 'write' 'nbread' 'nbwrite'> <Ports = 0> <Width = 45> <Depth = 2> <FIFO>
ST_2 : Operation 75 [1/1] (0.00ns)   --->   "%memory_in_local_507 = extractvalue i20250 %call_ret2" [top_wrapper.cpp:121]   --->   Operation 75 'extractvalue' 'memory_in_local_507' <Predicate = true> <Delay = 0.00> <CoreInst = "FIFO_SRL">   --->   Core 80 'FIFO_SRL' <Latency = 0> <II = 1> <Delay = 1.83> <Storage> <Opcode : 'read' 'write' 'nbread' 'nbwrite'> <Ports = 0> <Width = 45> <Depth = 2> <FIFO>
ST_2 : Operation 76 [1/1] (0.00ns)   --->   "%memory_in_local_508 = extractvalue i20250 %call_ret2" [top_wrapper.cpp:121]   --->   Operation 76 'extractvalue' 'memory_in_local_508' <Predicate = true> <Delay = 0.00> <CoreInst = "FIFO_SRL">   --->   Core 80 'FIFO_SRL' <Latency = 0> <II = 1> <Delay = 1.83> <Storage> <Opcode : 'read' 'write' 'nbread' 'nbwrite'> <Ports = 0> <Width = 45> <Depth = 2> <FIFO>
ST_2 : Operation 77 [1/1] (0.00ns)   --->   "%memory_in_local_509 = extractvalue i20250 %call_ret2" [top_wrapper.cpp:121]   --->   Operation 77 'extractvalue' 'memory_in_local_509' <Predicate = true> <Delay = 0.00> <CoreInst = "FIFO_SRL">   --->   Core 80 'FIFO_SRL' <Latency = 0> <II = 1> <Delay = 1.83> <Storage> <Opcode : 'read' 'write' 'nbread' 'nbwrite'> <Ports = 0> <Width = 45> <Depth = 2> <FIFO>
ST_2 : Operation 78 [1/1] (0.00ns)   --->   "%memory_in_local_510 = extractvalue i20250 %call_ret2" [top_wrapper.cpp:121]   --->   Operation 78 'extractvalue' 'memory_in_local_510' <Predicate = true> <Delay = 0.00> <CoreInst = "FIFO_SRL">   --->   Core 80 'FIFO_SRL' <Latency = 0> <II = 1> <Delay = 1.83> <Storage> <Opcode : 'read' 'write' 'nbread' 'nbwrite'> <Ports = 0> <Width = 45> <Depth = 2> <FIFO>
ST_2 : Operation 79 [1/1] (0.00ns)   --->   "%memory_in_local_511 = extractvalue i20250 %call_ret2" [top_wrapper.cpp:121]   --->   Operation 79 'extractvalue' 'memory_in_local_511' <Predicate = true> <Delay = 0.00> <CoreInst = "FIFO_SRL">   --->   Core 80 'FIFO_SRL' <Latency = 0> <II = 1> <Delay = 1.83> <Storage> <Opcode : 'read' 'write' 'nbread' 'nbwrite'> <Ports = 0> <Width = 45> <Depth = 2> <FIFO>
ST_2 : Operation 80 [1/1] (0.00ns)   --->   "%memory_in_local_512 = extractvalue i20250 %call_ret2" [top_wrapper.cpp:121]   --->   Operation 80 'extractvalue' 'memory_in_local_512' <Predicate = true> <Delay = 0.00> <CoreInst = "FIFO_SRL">   --->   Core 80 'FIFO_SRL' <Latency = 0> <II = 1> <Delay = 1.83> <Storage> <Opcode : 'read' 'write' 'nbread' 'nbwrite'> <Ports = 0> <Width = 45> <Depth = 2> <FIFO>
ST_2 : Operation 81 [1/1] (0.00ns)   --->   "%memory_in_local_513 = extractvalue i20250 %call_ret2" [top_wrapper.cpp:121]   --->   Operation 81 'extractvalue' 'memory_in_local_513' <Predicate = true> <Delay = 0.00> <CoreInst = "FIFO_SRL">   --->   Core 80 'FIFO_SRL' <Latency = 0> <II = 1> <Delay = 1.83> <Storage> <Opcode : 'read' 'write' 'nbread' 'nbwrite'> <Ports = 0> <Width = 45> <Depth = 2> <FIFO>
ST_2 : Operation 82 [1/1] (0.00ns)   --->   "%memory_in_local_514 = extractvalue i20250 %call_ret2" [top_wrapper.cpp:121]   --->   Operation 82 'extractvalue' 'memory_in_local_514' <Predicate = true> <Delay = 0.00> <CoreInst = "FIFO_SRL">   --->   Core 80 'FIFO_SRL' <Latency = 0> <II = 1> <Delay = 1.83> <Storage> <Opcode : 'read' 'write' 'nbread' 'nbwrite'> <Ports = 0> <Width = 45> <Depth = 2> <FIFO>
ST_2 : Operation 83 [1/1] (0.00ns)   --->   "%memory_in_local_515 = extractvalue i20250 %call_ret2" [top_wrapper.cpp:121]   --->   Operation 83 'extractvalue' 'memory_in_local_515' <Predicate = true> <Delay = 0.00> <CoreInst = "FIFO_SRL">   --->   Core 80 'FIFO_SRL' <Latency = 0> <II = 1> <Delay = 1.83> <Storage> <Opcode : 'read' 'write' 'nbread' 'nbwrite'> <Ports = 0> <Width = 45> <Depth = 2> <FIFO>
ST_2 : Operation 84 [1/1] (0.00ns)   --->   "%memory_in_local_516 = extractvalue i20250 %call_ret2" [top_wrapper.cpp:121]   --->   Operation 84 'extractvalue' 'memory_in_local_516' <Predicate = true> <Delay = 0.00> <CoreInst = "FIFO_SRL">   --->   Core 80 'FIFO_SRL' <Latency = 0> <II = 1> <Delay = 1.83> <Storage> <Opcode : 'read' 'write' 'nbread' 'nbwrite'> <Ports = 0> <Width = 45> <Depth = 2> <FIFO>
ST_2 : Operation 85 [1/1] (0.00ns)   --->   "%memory_in_local_517 = extractvalue i20250 %call_ret2" [top_wrapper.cpp:121]   --->   Operation 85 'extractvalue' 'memory_in_local_517' <Predicate = true> <Delay = 0.00> <CoreInst = "FIFO_SRL">   --->   Core 80 'FIFO_SRL' <Latency = 0> <II = 1> <Delay = 1.83> <Storage> <Opcode : 'read' 'write' 'nbread' 'nbwrite'> <Ports = 0> <Width = 45> <Depth = 2> <FIFO>
ST_2 : Operation 86 [1/1] (0.00ns)   --->   "%memory_in_local_518 = extractvalue i20250 %call_ret2" [top_wrapper.cpp:121]   --->   Operation 86 'extractvalue' 'memory_in_local_518' <Predicate = true> <Delay = 0.00> <CoreInst = "FIFO_SRL">   --->   Core 80 'FIFO_SRL' <Latency = 0> <II = 1> <Delay = 1.83> <Storage> <Opcode : 'read' 'write' 'nbread' 'nbwrite'> <Ports = 0> <Width = 45> <Depth = 2> <FIFO>
ST_2 : Operation 87 [1/1] (0.00ns)   --->   "%memory_in_local_519 = extractvalue i20250 %call_ret2" [top_wrapper.cpp:121]   --->   Operation 87 'extractvalue' 'memory_in_local_519' <Predicate = true> <Delay = 0.00> <CoreInst = "FIFO_SRL">   --->   Core 80 'FIFO_SRL' <Latency = 0> <II = 1> <Delay = 1.83> <Storage> <Opcode : 'read' 'write' 'nbread' 'nbwrite'> <Ports = 0> <Width = 45> <Depth = 2> <FIFO>
ST_2 : Operation 88 [1/1] (0.00ns)   --->   "%memory_in_local_520 = extractvalue i20250 %call_ret2" [top_wrapper.cpp:121]   --->   Operation 88 'extractvalue' 'memory_in_local_520' <Predicate = true> <Delay = 0.00> <CoreInst = "FIFO_SRL">   --->   Core 80 'FIFO_SRL' <Latency = 0> <II = 1> <Delay = 1.83> <Storage> <Opcode : 'read' 'write' 'nbread' 'nbwrite'> <Ports = 0> <Width = 45> <Depth = 2> <FIFO>
ST_2 : Operation 89 [1/1] (0.00ns)   --->   "%memory_in_local_521 = extractvalue i20250 %call_ret2" [top_wrapper.cpp:121]   --->   Operation 89 'extractvalue' 'memory_in_local_521' <Predicate = true> <Delay = 0.00> <CoreInst = "FIFO_SRL">   --->   Core 80 'FIFO_SRL' <Latency = 0> <II = 1> <Delay = 1.83> <Storage> <Opcode : 'read' 'write' 'nbread' 'nbwrite'> <Ports = 0> <Width = 45> <Depth = 2> <FIFO>
ST_2 : Operation 90 [1/1] (0.00ns)   --->   "%memory_in_local_522 = extractvalue i20250 %call_ret2" [top_wrapper.cpp:121]   --->   Operation 90 'extractvalue' 'memory_in_local_522' <Predicate = true> <Delay = 0.00> <CoreInst = "FIFO_SRL">   --->   Core 80 'FIFO_SRL' <Latency = 0> <II = 1> <Delay = 1.83> <Storage> <Opcode : 'read' 'write' 'nbread' 'nbwrite'> <Ports = 0> <Width = 45> <Depth = 2> <FIFO>
ST_2 : Operation 91 [1/1] (0.00ns)   --->   "%memory_in_local_523 = extractvalue i20250 %call_ret2" [top_wrapper.cpp:121]   --->   Operation 91 'extractvalue' 'memory_in_local_523' <Predicate = true> <Delay = 0.00> <CoreInst = "FIFO_SRL">   --->   Core 80 'FIFO_SRL' <Latency = 0> <II = 1> <Delay = 1.83> <Storage> <Opcode : 'read' 'write' 'nbread' 'nbwrite'> <Ports = 0> <Width = 45> <Depth = 2> <FIFO>
ST_2 : Operation 92 [1/1] (0.00ns)   --->   "%memory_in_local_524 = extractvalue i20250 %call_ret2" [top_wrapper.cpp:121]   --->   Operation 92 'extractvalue' 'memory_in_local_524' <Predicate = true> <Delay = 0.00> <CoreInst = "FIFO_SRL">   --->   Core 80 'FIFO_SRL' <Latency = 0> <II = 1> <Delay = 1.83> <Storage> <Opcode : 'read' 'write' 'nbread' 'nbwrite'> <Ports = 0> <Width = 45> <Depth = 2> <FIFO>
ST_2 : Operation 93 [1/1] (0.00ns)   --->   "%memory_in_local_525 = extractvalue i20250 %call_ret2" [top_wrapper.cpp:121]   --->   Operation 93 'extractvalue' 'memory_in_local_525' <Predicate = true> <Delay = 0.00> <CoreInst = "FIFO_SRL">   --->   Core 80 'FIFO_SRL' <Latency = 0> <II = 1> <Delay = 1.83> <Storage> <Opcode : 'read' 'write' 'nbread' 'nbwrite'> <Ports = 0> <Width = 45> <Depth = 2> <FIFO>
ST_2 : Operation 94 [1/1] (0.00ns)   --->   "%memory_in_local_526 = extractvalue i20250 %call_ret2" [top_wrapper.cpp:121]   --->   Operation 94 'extractvalue' 'memory_in_local_526' <Predicate = true> <Delay = 0.00> <CoreInst = "FIFO_SRL">   --->   Core 80 'FIFO_SRL' <Latency = 0> <II = 1> <Delay = 1.83> <Storage> <Opcode : 'read' 'write' 'nbread' 'nbwrite'> <Ports = 0> <Width = 45> <Depth = 2> <FIFO>
ST_2 : Operation 95 [1/1] (0.00ns)   --->   "%memory_in_local_527 = extractvalue i20250 %call_ret2" [top_wrapper.cpp:121]   --->   Operation 95 'extractvalue' 'memory_in_local_527' <Predicate = true> <Delay = 0.00> <CoreInst = "FIFO_SRL">   --->   Core 80 'FIFO_SRL' <Latency = 0> <II = 1> <Delay = 1.83> <Storage> <Opcode : 'read' 'write' 'nbread' 'nbwrite'> <Ports = 0> <Width = 45> <Depth = 2> <FIFO>
ST_2 : Operation 96 [1/1] (0.00ns)   --->   "%memory_in_local_528 = extractvalue i20250 %call_ret2" [top_wrapper.cpp:121]   --->   Operation 96 'extractvalue' 'memory_in_local_528' <Predicate = true> <Delay = 0.00> <CoreInst = "FIFO_SRL">   --->   Core 80 'FIFO_SRL' <Latency = 0> <II = 1> <Delay = 1.83> <Storage> <Opcode : 'read' 'write' 'nbread' 'nbwrite'> <Ports = 0> <Width = 45> <Depth = 2> <FIFO>
ST_2 : Operation 97 [1/1] (0.00ns)   --->   "%memory_in_local_529 = extractvalue i20250 %call_ret2" [top_wrapper.cpp:121]   --->   Operation 97 'extractvalue' 'memory_in_local_529' <Predicate = true> <Delay = 0.00> <CoreInst = "FIFO_SRL">   --->   Core 80 'FIFO_SRL' <Latency = 0> <II = 1> <Delay = 1.83> <Storage> <Opcode : 'read' 'write' 'nbread' 'nbwrite'> <Ports = 0> <Width = 45> <Depth = 2> <FIFO>
ST_2 : Operation 98 [1/1] (0.00ns)   --->   "%memory_in_local_530 = extractvalue i20250 %call_ret2" [top_wrapper.cpp:121]   --->   Operation 98 'extractvalue' 'memory_in_local_530' <Predicate = true> <Delay = 0.00> <CoreInst = "FIFO_SRL">   --->   Core 80 'FIFO_SRL' <Latency = 0> <II = 1> <Delay = 1.83> <Storage> <Opcode : 'read' 'write' 'nbread' 'nbwrite'> <Ports = 0> <Width = 45> <Depth = 2> <FIFO>
ST_2 : Operation 99 [1/1] (0.00ns)   --->   "%memory_in_local_531 = extractvalue i20250 %call_ret2" [top_wrapper.cpp:121]   --->   Operation 99 'extractvalue' 'memory_in_local_531' <Predicate = true> <Delay = 0.00> <CoreInst = "FIFO_SRL">   --->   Core 80 'FIFO_SRL' <Latency = 0> <II = 1> <Delay = 1.83> <Storage> <Opcode : 'read' 'write' 'nbread' 'nbwrite'> <Ports = 0> <Width = 45> <Depth = 2> <FIFO>
ST_2 : Operation 100 [1/1] (0.00ns)   --->   "%memory_in_local_532 = extractvalue i20250 %call_ret2" [top_wrapper.cpp:121]   --->   Operation 100 'extractvalue' 'memory_in_local_532' <Predicate = true> <Delay = 0.00> <CoreInst = "FIFO_SRL">   --->   Core 80 'FIFO_SRL' <Latency = 0> <II = 1> <Delay = 1.83> <Storage> <Opcode : 'read' 'write' 'nbread' 'nbwrite'> <Ports = 0> <Width = 45> <Depth = 2> <FIFO>
ST_2 : Operation 101 [1/1] (0.00ns)   --->   "%memory_in_local_533 = extractvalue i20250 %call_ret2" [top_wrapper.cpp:121]   --->   Operation 101 'extractvalue' 'memory_in_local_533' <Predicate = true> <Delay = 0.00> <CoreInst = "FIFO_SRL">   --->   Core 80 'FIFO_SRL' <Latency = 0> <II = 1> <Delay = 1.83> <Storage> <Opcode : 'read' 'write' 'nbread' 'nbwrite'> <Ports = 0> <Width = 45> <Depth = 2> <FIFO>
ST_2 : Operation 102 [1/1] (0.00ns)   --->   "%memory_in_local_534 = extractvalue i20250 %call_ret2" [top_wrapper.cpp:121]   --->   Operation 102 'extractvalue' 'memory_in_local_534' <Predicate = true> <Delay = 0.00> <CoreInst = "FIFO_SRL">   --->   Core 80 'FIFO_SRL' <Latency = 0> <II = 1> <Delay = 1.83> <Storage> <Opcode : 'read' 'write' 'nbread' 'nbwrite'> <Ports = 0> <Width = 45> <Depth = 2> <FIFO>
ST_2 : Operation 103 [1/1] (0.00ns)   --->   "%memory_in_local_535 = extractvalue i20250 %call_ret2" [top_wrapper.cpp:121]   --->   Operation 103 'extractvalue' 'memory_in_local_535' <Predicate = true> <Delay = 0.00> <CoreInst = "FIFO_SRL">   --->   Core 80 'FIFO_SRL' <Latency = 0> <II = 1> <Delay = 1.83> <Storage> <Opcode : 'read' 'write' 'nbread' 'nbwrite'> <Ports = 0> <Width = 45> <Depth = 2> <FIFO>
ST_2 : Operation 104 [1/1] (0.00ns)   --->   "%memory_in_local_536 = extractvalue i20250 %call_ret2" [top_wrapper.cpp:121]   --->   Operation 104 'extractvalue' 'memory_in_local_536' <Predicate = true> <Delay = 0.00> <CoreInst = "FIFO_SRL">   --->   Core 80 'FIFO_SRL' <Latency = 0> <II = 1> <Delay = 1.83> <Storage> <Opcode : 'read' 'write' 'nbread' 'nbwrite'> <Ports = 0> <Width = 45> <Depth = 2> <FIFO>
ST_2 : Operation 105 [1/1] (0.00ns)   --->   "%memory_in_local_537 = extractvalue i20250 %call_ret2" [top_wrapper.cpp:121]   --->   Operation 105 'extractvalue' 'memory_in_local_537' <Predicate = true> <Delay = 0.00> <CoreInst = "FIFO_SRL">   --->   Core 80 'FIFO_SRL' <Latency = 0> <II = 1> <Delay = 1.83> <Storage> <Opcode : 'read' 'write' 'nbread' 'nbwrite'> <Ports = 0> <Width = 45> <Depth = 2> <FIFO>
ST_2 : Operation 106 [1/1] (0.00ns)   --->   "%memory_in_local_538 = extractvalue i20250 %call_ret2" [top_wrapper.cpp:121]   --->   Operation 106 'extractvalue' 'memory_in_local_538' <Predicate = true> <Delay = 0.00> <CoreInst = "FIFO_SRL">   --->   Core 80 'FIFO_SRL' <Latency = 0> <II = 1> <Delay = 1.83> <Storage> <Opcode : 'read' 'write' 'nbread' 'nbwrite'> <Ports = 0> <Width = 45> <Depth = 2> <FIFO>
ST_2 : Operation 107 [1/1] (0.00ns)   --->   "%memory_in_local_539 = extractvalue i20250 %call_ret2" [top_wrapper.cpp:121]   --->   Operation 107 'extractvalue' 'memory_in_local_539' <Predicate = true> <Delay = 0.00> <CoreInst = "FIFO_SRL">   --->   Core 80 'FIFO_SRL' <Latency = 0> <II = 1> <Delay = 1.83> <Storage> <Opcode : 'read' 'write' 'nbread' 'nbwrite'> <Ports = 0> <Width = 45> <Depth = 2> <FIFO>
ST_2 : Operation 108 [1/1] (0.00ns)   --->   "%memory_in_local_540 = extractvalue i20250 %call_ret2" [top_wrapper.cpp:121]   --->   Operation 108 'extractvalue' 'memory_in_local_540' <Predicate = true> <Delay = 0.00> <CoreInst = "FIFO_SRL">   --->   Core 80 'FIFO_SRL' <Latency = 0> <II = 1> <Delay = 1.83> <Storage> <Opcode : 'read' 'write' 'nbread' 'nbwrite'> <Ports = 0> <Width = 45> <Depth = 2> <FIFO>
ST_2 : Operation 109 [1/1] (0.00ns)   --->   "%memory_in_local_541 = extractvalue i20250 %call_ret2" [top_wrapper.cpp:121]   --->   Operation 109 'extractvalue' 'memory_in_local_541' <Predicate = true> <Delay = 0.00> <CoreInst = "FIFO_SRL">   --->   Core 80 'FIFO_SRL' <Latency = 0> <II = 1> <Delay = 1.83> <Storage> <Opcode : 'read' 'write' 'nbread' 'nbwrite'> <Ports = 0> <Width = 45> <Depth = 2> <FIFO>
ST_2 : Operation 110 [1/1] (0.00ns)   --->   "%memory_in_local_542 = extractvalue i20250 %call_ret2" [top_wrapper.cpp:121]   --->   Operation 110 'extractvalue' 'memory_in_local_542' <Predicate = true> <Delay = 0.00> <CoreInst = "FIFO_SRL">   --->   Core 80 'FIFO_SRL' <Latency = 0> <II = 1> <Delay = 1.83> <Storage> <Opcode : 'read' 'write' 'nbread' 'nbwrite'> <Ports = 0> <Width = 45> <Depth = 2> <FIFO>
ST_2 : Operation 111 [1/1] (0.00ns)   --->   "%memory_in_local_543 = extractvalue i20250 %call_ret2" [top_wrapper.cpp:121]   --->   Operation 111 'extractvalue' 'memory_in_local_543' <Predicate = true> <Delay = 0.00> <CoreInst = "FIFO_SRL">   --->   Core 80 'FIFO_SRL' <Latency = 0> <II = 1> <Delay = 1.83> <Storage> <Opcode : 'read' 'write' 'nbread' 'nbwrite'> <Ports = 0> <Width = 45> <Depth = 2> <FIFO>
ST_2 : Operation 112 [1/1] (0.00ns)   --->   "%memory_in_local_544 = extractvalue i20250 %call_ret2" [top_wrapper.cpp:121]   --->   Operation 112 'extractvalue' 'memory_in_local_544' <Predicate = true> <Delay = 0.00> <CoreInst = "FIFO_SRL">   --->   Core 80 'FIFO_SRL' <Latency = 0> <II = 1> <Delay = 1.83> <Storage> <Opcode : 'read' 'write' 'nbread' 'nbwrite'> <Ports = 0> <Width = 45> <Depth = 2> <FIFO>
ST_2 : Operation 113 [1/1] (0.00ns)   --->   "%memory_in_local_545 = extractvalue i20250 %call_ret2" [top_wrapper.cpp:121]   --->   Operation 113 'extractvalue' 'memory_in_local_545' <Predicate = true> <Delay = 0.00> <CoreInst = "FIFO_SRL">   --->   Core 80 'FIFO_SRL' <Latency = 0> <II = 1> <Delay = 1.83> <Storage> <Opcode : 'read' 'write' 'nbread' 'nbwrite'> <Ports = 0> <Width = 45> <Depth = 2> <FIFO>
ST_2 : Operation 114 [1/1] (0.00ns)   --->   "%memory_in_local_546 = extractvalue i20250 %call_ret2" [top_wrapper.cpp:121]   --->   Operation 114 'extractvalue' 'memory_in_local_546' <Predicate = true> <Delay = 0.00> <CoreInst = "FIFO_SRL">   --->   Core 80 'FIFO_SRL' <Latency = 0> <II = 1> <Delay = 1.83> <Storage> <Opcode : 'read' 'write' 'nbread' 'nbwrite'> <Ports = 0> <Width = 45> <Depth = 2> <FIFO>
ST_2 : Operation 115 [1/1] (0.00ns)   --->   "%memory_in_local_547 = extractvalue i20250 %call_ret2" [top_wrapper.cpp:121]   --->   Operation 115 'extractvalue' 'memory_in_local_547' <Predicate = true> <Delay = 0.00> <CoreInst = "FIFO_SRL">   --->   Core 80 'FIFO_SRL' <Latency = 0> <II = 1> <Delay = 1.83> <Storage> <Opcode : 'read' 'write' 'nbread' 'nbwrite'> <Ports = 0> <Width = 45> <Depth = 2> <FIFO>
ST_2 : Operation 116 [1/1] (0.00ns)   --->   "%memory_in_local_548 = extractvalue i20250 %call_ret2" [top_wrapper.cpp:121]   --->   Operation 116 'extractvalue' 'memory_in_local_548' <Predicate = true> <Delay = 0.00> <CoreInst = "FIFO_SRL">   --->   Core 80 'FIFO_SRL' <Latency = 0> <II = 1> <Delay = 1.83> <Storage> <Opcode : 'read' 'write' 'nbread' 'nbwrite'> <Ports = 0> <Width = 45> <Depth = 2> <FIFO>
ST_2 : Operation 117 [1/1] (0.00ns)   --->   "%memory_in_local_549 = extractvalue i20250 %call_ret2" [top_wrapper.cpp:121]   --->   Operation 117 'extractvalue' 'memory_in_local_549' <Predicate = true> <Delay = 0.00> <CoreInst = "FIFO_SRL">   --->   Core 80 'FIFO_SRL' <Latency = 0> <II = 1> <Delay = 1.83> <Storage> <Opcode : 'read' 'write' 'nbread' 'nbwrite'> <Ports = 0> <Width = 45> <Depth = 2> <FIFO>
ST_2 : Operation 118 [1/1] (0.00ns)   --->   "%memory_in_local_550 = extractvalue i20250 %call_ret2" [top_wrapper.cpp:121]   --->   Operation 118 'extractvalue' 'memory_in_local_550' <Predicate = true> <Delay = 0.00> <CoreInst = "FIFO_SRL">   --->   Core 80 'FIFO_SRL' <Latency = 0> <II = 1> <Delay = 1.83> <Storage> <Opcode : 'read' 'write' 'nbread' 'nbwrite'> <Ports = 0> <Width = 45> <Depth = 2> <FIFO>
ST_2 : Operation 119 [1/1] (0.00ns)   --->   "%memory_in_local_551 = extractvalue i20250 %call_ret2" [top_wrapper.cpp:121]   --->   Operation 119 'extractvalue' 'memory_in_local_551' <Predicate = true> <Delay = 0.00> <CoreInst = "FIFO_SRL">   --->   Core 80 'FIFO_SRL' <Latency = 0> <II = 1> <Delay = 1.83> <Storage> <Opcode : 'read' 'write' 'nbread' 'nbwrite'> <Ports = 0> <Width = 45> <Depth = 2> <FIFO>
ST_2 : Operation 120 [1/1] (0.00ns)   --->   "%memory_in_local_552 = extractvalue i20250 %call_ret2" [top_wrapper.cpp:121]   --->   Operation 120 'extractvalue' 'memory_in_local_552' <Predicate = true> <Delay = 0.00> <CoreInst = "FIFO_SRL">   --->   Core 80 'FIFO_SRL' <Latency = 0> <II = 1> <Delay = 1.83> <Storage> <Opcode : 'read' 'write' 'nbread' 'nbwrite'> <Ports = 0> <Width = 45> <Depth = 2> <FIFO>
ST_2 : Operation 121 [1/1] (0.00ns)   --->   "%memory_in_local_553 = extractvalue i20250 %call_ret2" [top_wrapper.cpp:121]   --->   Operation 121 'extractvalue' 'memory_in_local_553' <Predicate = true> <Delay = 0.00> <CoreInst = "FIFO_SRL">   --->   Core 80 'FIFO_SRL' <Latency = 0> <II = 1> <Delay = 1.83> <Storage> <Opcode : 'read' 'write' 'nbread' 'nbwrite'> <Ports = 0> <Width = 45> <Depth = 2> <FIFO>
ST_2 : Operation 122 [1/1] (0.00ns)   --->   "%memory_in_local_554 = extractvalue i20250 %call_ret2" [top_wrapper.cpp:121]   --->   Operation 122 'extractvalue' 'memory_in_local_554' <Predicate = true> <Delay = 0.00> <CoreInst = "FIFO_SRL">   --->   Core 80 'FIFO_SRL' <Latency = 0> <II = 1> <Delay = 1.83> <Storage> <Opcode : 'read' 'write' 'nbread' 'nbwrite'> <Ports = 0> <Width = 45> <Depth = 2> <FIFO>
ST_2 : Operation 123 [1/1] (0.00ns)   --->   "%memory_in_local_555 = extractvalue i20250 %call_ret2" [top_wrapper.cpp:121]   --->   Operation 123 'extractvalue' 'memory_in_local_555' <Predicate = true> <Delay = 0.00> <CoreInst = "FIFO_SRL">   --->   Core 80 'FIFO_SRL' <Latency = 0> <II = 1> <Delay = 1.83> <Storage> <Opcode : 'read' 'write' 'nbread' 'nbwrite'> <Ports = 0> <Width = 45> <Depth = 2> <FIFO>
ST_2 : Operation 124 [1/1] (0.00ns)   --->   "%memory_in_local_556 = extractvalue i20250 %call_ret2" [top_wrapper.cpp:121]   --->   Operation 124 'extractvalue' 'memory_in_local_556' <Predicate = true> <Delay = 0.00> <CoreInst = "FIFO_SRL">   --->   Core 80 'FIFO_SRL' <Latency = 0> <II = 1> <Delay = 1.83> <Storage> <Opcode : 'read' 'write' 'nbread' 'nbwrite'> <Ports = 0> <Width = 45> <Depth = 2> <FIFO>
ST_2 : Operation 125 [1/1] (0.00ns)   --->   "%memory_in_local_557 = extractvalue i20250 %call_ret2" [top_wrapper.cpp:121]   --->   Operation 125 'extractvalue' 'memory_in_local_557' <Predicate = true> <Delay = 0.00> <CoreInst = "FIFO_SRL">   --->   Core 80 'FIFO_SRL' <Latency = 0> <II = 1> <Delay = 1.83> <Storage> <Opcode : 'read' 'write' 'nbread' 'nbwrite'> <Ports = 0> <Width = 45> <Depth = 2> <FIFO>
ST_2 : Operation 126 [1/1] (0.00ns)   --->   "%memory_in_local_558 = extractvalue i20250 %call_ret2" [top_wrapper.cpp:121]   --->   Operation 126 'extractvalue' 'memory_in_local_558' <Predicate = true> <Delay = 0.00> <CoreInst = "FIFO_SRL">   --->   Core 80 'FIFO_SRL' <Latency = 0> <II = 1> <Delay = 1.83> <Storage> <Opcode : 'read' 'write' 'nbread' 'nbwrite'> <Ports = 0> <Width = 45> <Depth = 2> <FIFO>
ST_2 : Operation 127 [1/1] (0.00ns)   --->   "%memory_in_local_559 = extractvalue i20250 %call_ret2" [top_wrapper.cpp:121]   --->   Operation 127 'extractvalue' 'memory_in_local_559' <Predicate = true> <Delay = 0.00> <CoreInst = "FIFO_SRL">   --->   Core 80 'FIFO_SRL' <Latency = 0> <II = 1> <Delay = 1.83> <Storage> <Opcode : 'read' 'write' 'nbread' 'nbwrite'> <Ports = 0> <Width = 45> <Depth = 2> <FIFO>
ST_2 : Operation 128 [1/1] (0.00ns)   --->   "%memory_in_local_560 = extractvalue i20250 %call_ret2" [top_wrapper.cpp:121]   --->   Operation 128 'extractvalue' 'memory_in_local_560' <Predicate = true> <Delay = 0.00> <CoreInst = "FIFO_SRL">   --->   Core 80 'FIFO_SRL' <Latency = 0> <II = 1> <Delay = 1.83> <Storage> <Opcode : 'read' 'write' 'nbread' 'nbwrite'> <Ports = 0> <Width = 45> <Depth = 2> <FIFO>
ST_2 : Operation 129 [1/1] (0.00ns)   --->   "%memory_in_local_561 = extractvalue i20250 %call_ret2" [top_wrapper.cpp:121]   --->   Operation 129 'extractvalue' 'memory_in_local_561' <Predicate = true> <Delay = 0.00> <CoreInst = "FIFO_SRL">   --->   Core 80 'FIFO_SRL' <Latency = 0> <II = 1> <Delay = 1.83> <Storage> <Opcode : 'read' 'write' 'nbread' 'nbwrite'> <Ports = 0> <Width = 45> <Depth = 2> <FIFO>
ST_2 : Operation 130 [1/1] (0.00ns)   --->   "%memory_in_local_562 = extractvalue i20250 %call_ret2" [top_wrapper.cpp:121]   --->   Operation 130 'extractvalue' 'memory_in_local_562' <Predicate = true> <Delay = 0.00> <CoreInst = "FIFO_SRL">   --->   Core 80 'FIFO_SRL' <Latency = 0> <II = 1> <Delay = 1.83> <Storage> <Opcode : 'read' 'write' 'nbread' 'nbwrite'> <Ports = 0> <Width = 45> <Depth = 2> <FIFO>
ST_2 : Operation 131 [1/1] (0.00ns)   --->   "%memory_in_local_563 = extractvalue i20250 %call_ret2" [top_wrapper.cpp:121]   --->   Operation 131 'extractvalue' 'memory_in_local_563' <Predicate = true> <Delay = 0.00> <CoreInst = "FIFO_SRL">   --->   Core 80 'FIFO_SRL' <Latency = 0> <II = 1> <Delay = 1.83> <Storage> <Opcode : 'read' 'write' 'nbread' 'nbwrite'> <Ports = 0> <Width = 45> <Depth = 2> <FIFO>
ST_2 : Operation 132 [1/1] (0.00ns)   --->   "%memory_in_local_564 = extractvalue i20250 %call_ret2" [top_wrapper.cpp:121]   --->   Operation 132 'extractvalue' 'memory_in_local_564' <Predicate = true> <Delay = 0.00> <CoreInst = "FIFO_SRL">   --->   Core 80 'FIFO_SRL' <Latency = 0> <II = 1> <Delay = 1.83> <Storage> <Opcode : 'read' 'write' 'nbread' 'nbwrite'> <Ports = 0> <Width = 45> <Depth = 2> <FIFO>
ST_2 : Operation 133 [1/1] (0.00ns)   --->   "%memory_in_local_565 = extractvalue i20250 %call_ret2" [top_wrapper.cpp:121]   --->   Operation 133 'extractvalue' 'memory_in_local_565' <Predicate = true> <Delay = 0.00> <CoreInst = "FIFO_SRL">   --->   Core 80 'FIFO_SRL' <Latency = 0> <II = 1> <Delay = 1.83> <Storage> <Opcode : 'read' 'write' 'nbread' 'nbwrite'> <Ports = 0> <Width = 45> <Depth = 2> <FIFO>
ST_2 : Operation 134 [1/1] (0.00ns)   --->   "%memory_in_local_566 = extractvalue i20250 %call_ret2" [top_wrapper.cpp:121]   --->   Operation 134 'extractvalue' 'memory_in_local_566' <Predicate = true> <Delay = 0.00> <CoreInst = "FIFO_SRL">   --->   Core 80 'FIFO_SRL' <Latency = 0> <II = 1> <Delay = 1.83> <Storage> <Opcode : 'read' 'write' 'nbread' 'nbwrite'> <Ports = 0> <Width = 45> <Depth = 2> <FIFO>
ST_2 : Operation 135 [1/1] (0.00ns)   --->   "%memory_in_local_567 = extractvalue i20250 %call_ret2" [top_wrapper.cpp:121]   --->   Operation 135 'extractvalue' 'memory_in_local_567' <Predicate = true> <Delay = 0.00> <CoreInst = "FIFO_SRL">   --->   Core 80 'FIFO_SRL' <Latency = 0> <II = 1> <Delay = 1.83> <Storage> <Opcode : 'read' 'write' 'nbread' 'nbwrite'> <Ports = 0> <Width = 45> <Depth = 2> <FIFO>
ST_2 : Operation 136 [1/1] (0.00ns)   --->   "%memory_in_local_568 = extractvalue i20250 %call_ret2" [top_wrapper.cpp:121]   --->   Operation 136 'extractvalue' 'memory_in_local_568' <Predicate = true> <Delay = 0.00> <CoreInst = "FIFO_SRL">   --->   Core 80 'FIFO_SRL' <Latency = 0> <II = 1> <Delay = 1.83> <Storage> <Opcode : 'read' 'write' 'nbread' 'nbwrite'> <Ports = 0> <Width = 45> <Depth = 2> <FIFO>
ST_2 : Operation 137 [1/1] (0.00ns)   --->   "%memory_in_local_569 = extractvalue i20250 %call_ret2" [top_wrapper.cpp:121]   --->   Operation 137 'extractvalue' 'memory_in_local_569' <Predicate = true> <Delay = 0.00> <CoreInst = "FIFO_SRL">   --->   Core 80 'FIFO_SRL' <Latency = 0> <II = 1> <Delay = 1.83> <Storage> <Opcode : 'read' 'write' 'nbread' 'nbwrite'> <Ports = 0> <Width = 45> <Depth = 2> <FIFO>
ST_2 : Operation 138 [1/1] (0.00ns)   --->   "%memory_in_local_570 = extractvalue i20250 %call_ret2" [top_wrapper.cpp:121]   --->   Operation 138 'extractvalue' 'memory_in_local_570' <Predicate = true> <Delay = 0.00> <CoreInst = "FIFO_SRL">   --->   Core 80 'FIFO_SRL' <Latency = 0> <II = 1> <Delay = 1.83> <Storage> <Opcode : 'read' 'write' 'nbread' 'nbwrite'> <Ports = 0> <Width = 45> <Depth = 2> <FIFO>
ST_2 : Operation 139 [1/1] (0.00ns)   --->   "%memory_in_local_571 = extractvalue i20250 %call_ret2" [top_wrapper.cpp:121]   --->   Operation 139 'extractvalue' 'memory_in_local_571' <Predicate = true> <Delay = 0.00> <CoreInst = "FIFO_SRL">   --->   Core 80 'FIFO_SRL' <Latency = 0> <II = 1> <Delay = 1.83> <Storage> <Opcode : 'read' 'write' 'nbread' 'nbwrite'> <Ports = 0> <Width = 45> <Depth = 2> <FIFO>
ST_2 : Operation 140 [1/1] (0.00ns)   --->   "%memory_in_local_572 = extractvalue i20250 %call_ret2" [top_wrapper.cpp:121]   --->   Operation 140 'extractvalue' 'memory_in_local_572' <Predicate = true> <Delay = 0.00> <CoreInst = "FIFO_SRL">   --->   Core 80 'FIFO_SRL' <Latency = 0> <II = 1> <Delay = 1.83> <Storage> <Opcode : 'read' 'write' 'nbread' 'nbwrite'> <Ports = 0> <Width = 45> <Depth = 2> <FIFO>
ST_2 : Operation 141 [1/1] (0.00ns)   --->   "%memory_in_local_573 = extractvalue i20250 %call_ret2" [top_wrapper.cpp:121]   --->   Operation 141 'extractvalue' 'memory_in_local_573' <Predicate = true> <Delay = 0.00> <CoreInst = "FIFO_SRL">   --->   Core 80 'FIFO_SRL' <Latency = 0> <II = 1> <Delay = 1.83> <Storage> <Opcode : 'read' 'write' 'nbread' 'nbwrite'> <Ports = 0> <Width = 45> <Depth = 2> <FIFO>
ST_2 : Operation 142 [1/1] (0.00ns)   --->   "%memory_in_local_574 = extractvalue i20250 %call_ret2" [top_wrapper.cpp:121]   --->   Operation 142 'extractvalue' 'memory_in_local_574' <Predicate = true> <Delay = 0.00> <CoreInst = "FIFO_SRL">   --->   Core 80 'FIFO_SRL' <Latency = 0> <II = 1> <Delay = 1.83> <Storage> <Opcode : 'read' 'write' 'nbread' 'nbwrite'> <Ports = 0> <Width = 45> <Depth = 2> <FIFO>
ST_2 : Operation 143 [1/1] (0.00ns)   --->   "%memory_in_local_575 = extractvalue i20250 %call_ret2" [top_wrapper.cpp:121]   --->   Operation 143 'extractvalue' 'memory_in_local_575' <Predicate = true> <Delay = 0.00> <CoreInst = "FIFO_SRL">   --->   Core 80 'FIFO_SRL' <Latency = 0> <II = 1> <Delay = 1.83> <Storage> <Opcode : 'read' 'write' 'nbread' 'nbwrite'> <Ports = 0> <Width = 45> <Depth = 2> <FIFO>
ST_2 : Operation 144 [1/1] (0.00ns)   --->   "%memory_in_local_576 = extractvalue i20250 %call_ret2" [top_wrapper.cpp:121]   --->   Operation 144 'extractvalue' 'memory_in_local_576' <Predicate = true> <Delay = 0.00> <CoreInst = "FIFO_SRL">   --->   Core 80 'FIFO_SRL' <Latency = 0> <II = 1> <Delay = 1.83> <Storage> <Opcode : 'read' 'write' 'nbread' 'nbwrite'> <Ports = 0> <Width = 45> <Depth = 2> <FIFO>
ST_2 : Operation 145 [1/1] (0.00ns)   --->   "%memory_in_local_577 = extractvalue i20250 %call_ret2" [top_wrapper.cpp:121]   --->   Operation 145 'extractvalue' 'memory_in_local_577' <Predicate = true> <Delay = 0.00> <CoreInst = "FIFO_SRL">   --->   Core 80 'FIFO_SRL' <Latency = 0> <II = 1> <Delay = 1.83> <Storage> <Opcode : 'read' 'write' 'nbread' 'nbwrite'> <Ports = 0> <Width = 45> <Depth = 2> <FIFO>
ST_2 : Operation 146 [1/1] (0.00ns)   --->   "%memory_in_local_578 = extractvalue i20250 %call_ret2" [top_wrapper.cpp:121]   --->   Operation 146 'extractvalue' 'memory_in_local_578' <Predicate = true> <Delay = 0.00> <CoreInst = "FIFO_SRL">   --->   Core 80 'FIFO_SRL' <Latency = 0> <II = 1> <Delay = 1.83> <Storage> <Opcode : 'read' 'write' 'nbread' 'nbwrite'> <Ports = 0> <Width = 45> <Depth = 2> <FIFO>
ST_2 : Operation 147 [1/1] (0.00ns)   --->   "%memory_in_local_579 = extractvalue i20250 %call_ret2" [top_wrapper.cpp:121]   --->   Operation 147 'extractvalue' 'memory_in_local_579' <Predicate = true> <Delay = 0.00> <CoreInst = "FIFO_SRL">   --->   Core 80 'FIFO_SRL' <Latency = 0> <II = 1> <Delay = 1.83> <Storage> <Opcode : 'read' 'write' 'nbread' 'nbwrite'> <Ports = 0> <Width = 45> <Depth = 2> <FIFO>
ST_2 : Operation 148 [1/1] (0.00ns)   --->   "%memory_in_local_580 = extractvalue i20250 %call_ret2" [top_wrapper.cpp:121]   --->   Operation 148 'extractvalue' 'memory_in_local_580' <Predicate = true> <Delay = 0.00> <CoreInst = "FIFO_SRL">   --->   Core 80 'FIFO_SRL' <Latency = 0> <II = 1> <Delay = 1.83> <Storage> <Opcode : 'read' 'write' 'nbread' 'nbwrite'> <Ports = 0> <Width = 45> <Depth = 2> <FIFO>
ST_2 : Operation 149 [1/1] (0.00ns)   --->   "%memory_in_local_581 = extractvalue i20250 %call_ret2" [top_wrapper.cpp:121]   --->   Operation 149 'extractvalue' 'memory_in_local_581' <Predicate = true> <Delay = 0.00> <CoreInst = "FIFO_SRL">   --->   Core 80 'FIFO_SRL' <Latency = 0> <II = 1> <Delay = 1.83> <Storage> <Opcode : 'read' 'write' 'nbread' 'nbwrite'> <Ports = 0> <Width = 45> <Depth = 2> <FIFO>
ST_2 : Operation 150 [1/1] (0.00ns)   --->   "%memory_in_local_582 = extractvalue i20250 %call_ret2" [top_wrapper.cpp:121]   --->   Operation 150 'extractvalue' 'memory_in_local_582' <Predicate = true> <Delay = 0.00> <CoreInst = "FIFO_SRL">   --->   Core 80 'FIFO_SRL' <Latency = 0> <II = 1> <Delay = 1.83> <Storage> <Opcode : 'read' 'write' 'nbread' 'nbwrite'> <Ports = 0> <Width = 45> <Depth = 2> <FIFO>
ST_2 : Operation 151 [1/1] (0.00ns)   --->   "%memory_in_local_583 = extractvalue i20250 %call_ret2" [top_wrapper.cpp:121]   --->   Operation 151 'extractvalue' 'memory_in_local_583' <Predicate = true> <Delay = 0.00> <CoreInst = "FIFO_SRL">   --->   Core 80 'FIFO_SRL' <Latency = 0> <II = 1> <Delay = 1.83> <Storage> <Opcode : 'read' 'write' 'nbread' 'nbwrite'> <Ports = 0> <Width = 45> <Depth = 2> <FIFO>
ST_2 : Operation 152 [1/1] (0.00ns)   --->   "%memory_in_local_584 = extractvalue i20250 %call_ret2" [top_wrapper.cpp:121]   --->   Operation 152 'extractvalue' 'memory_in_local_584' <Predicate = true> <Delay = 0.00> <CoreInst = "FIFO_SRL">   --->   Core 80 'FIFO_SRL' <Latency = 0> <II = 1> <Delay = 1.83> <Storage> <Opcode : 'read' 'write' 'nbread' 'nbwrite'> <Ports = 0> <Width = 45> <Depth = 2> <FIFO>
ST_2 : Operation 153 [1/1] (0.00ns)   --->   "%memory_in_local_585 = extractvalue i20250 %call_ret2" [top_wrapper.cpp:121]   --->   Operation 153 'extractvalue' 'memory_in_local_585' <Predicate = true> <Delay = 0.00> <CoreInst = "FIFO_SRL">   --->   Core 80 'FIFO_SRL' <Latency = 0> <II = 1> <Delay = 1.83> <Storage> <Opcode : 'read' 'write' 'nbread' 'nbwrite'> <Ports = 0> <Width = 45> <Depth = 2> <FIFO>
ST_2 : Operation 154 [1/1] (0.00ns)   --->   "%memory_in_local_586 = extractvalue i20250 %call_ret2" [top_wrapper.cpp:121]   --->   Operation 154 'extractvalue' 'memory_in_local_586' <Predicate = true> <Delay = 0.00> <CoreInst = "FIFO_SRL">   --->   Core 80 'FIFO_SRL' <Latency = 0> <II = 1> <Delay = 1.83> <Storage> <Opcode : 'read' 'write' 'nbread' 'nbwrite'> <Ports = 0> <Width = 45> <Depth = 2> <FIFO>
ST_2 : Operation 155 [1/1] (0.00ns)   --->   "%memory_in_local_587 = extractvalue i20250 %call_ret2" [top_wrapper.cpp:121]   --->   Operation 155 'extractvalue' 'memory_in_local_587' <Predicate = true> <Delay = 0.00> <CoreInst = "FIFO_SRL">   --->   Core 80 'FIFO_SRL' <Latency = 0> <II = 1> <Delay = 1.83> <Storage> <Opcode : 'read' 'write' 'nbread' 'nbwrite'> <Ports = 0> <Width = 45> <Depth = 2> <FIFO>
ST_2 : Operation 156 [1/1] (0.00ns)   --->   "%memory_in_local_588 = extractvalue i20250 %call_ret2" [top_wrapper.cpp:121]   --->   Operation 156 'extractvalue' 'memory_in_local_588' <Predicate = true> <Delay = 0.00> <CoreInst = "FIFO_SRL">   --->   Core 80 'FIFO_SRL' <Latency = 0> <II = 1> <Delay = 1.83> <Storage> <Opcode : 'read' 'write' 'nbread' 'nbwrite'> <Ports = 0> <Width = 45> <Depth = 2> <FIFO>
ST_2 : Operation 157 [1/1] (0.00ns)   --->   "%memory_in_local_589 = extractvalue i20250 %call_ret2" [top_wrapper.cpp:121]   --->   Operation 157 'extractvalue' 'memory_in_local_589' <Predicate = true> <Delay = 0.00> <CoreInst = "FIFO_SRL">   --->   Core 80 'FIFO_SRL' <Latency = 0> <II = 1> <Delay = 1.83> <Storage> <Opcode : 'read' 'write' 'nbread' 'nbwrite'> <Ports = 0> <Width = 45> <Depth = 2> <FIFO>
ST_2 : Operation 158 [1/1] (0.00ns)   --->   "%memory_in_local_590 = extractvalue i20250 %call_ret2" [top_wrapper.cpp:121]   --->   Operation 158 'extractvalue' 'memory_in_local_590' <Predicate = true> <Delay = 0.00> <CoreInst = "FIFO_SRL">   --->   Core 80 'FIFO_SRL' <Latency = 0> <II = 1> <Delay = 1.83> <Storage> <Opcode : 'read' 'write' 'nbread' 'nbwrite'> <Ports = 0> <Width = 45> <Depth = 2> <FIFO>
ST_2 : Operation 159 [1/1] (0.00ns)   --->   "%memory_in_local_591 = extractvalue i20250 %call_ret2" [top_wrapper.cpp:121]   --->   Operation 159 'extractvalue' 'memory_in_local_591' <Predicate = true> <Delay = 0.00> <CoreInst = "FIFO_SRL">   --->   Core 80 'FIFO_SRL' <Latency = 0> <II = 1> <Delay = 1.83> <Storage> <Opcode : 'read' 'write' 'nbread' 'nbwrite'> <Ports = 0> <Width = 45> <Depth = 2> <FIFO>
ST_2 : Operation 160 [1/1] (0.00ns)   --->   "%memory_in_local_592 = extractvalue i20250 %call_ret2" [top_wrapper.cpp:121]   --->   Operation 160 'extractvalue' 'memory_in_local_592' <Predicate = true> <Delay = 0.00> <CoreInst = "FIFO_SRL">   --->   Core 80 'FIFO_SRL' <Latency = 0> <II = 1> <Delay = 1.83> <Storage> <Opcode : 'read' 'write' 'nbread' 'nbwrite'> <Ports = 0> <Width = 45> <Depth = 2> <FIFO>
ST_2 : Operation 161 [1/1] (0.00ns)   --->   "%memory_in_local_593 = extractvalue i20250 %call_ret2" [top_wrapper.cpp:121]   --->   Operation 161 'extractvalue' 'memory_in_local_593' <Predicate = true> <Delay = 0.00> <CoreInst = "FIFO_SRL">   --->   Core 80 'FIFO_SRL' <Latency = 0> <II = 1> <Delay = 1.83> <Storage> <Opcode : 'read' 'write' 'nbread' 'nbwrite'> <Ports = 0> <Width = 45> <Depth = 2> <FIFO>
ST_2 : Operation 162 [1/1] (0.00ns)   --->   "%memory_in_local_594 = extractvalue i20250 %call_ret2" [top_wrapper.cpp:121]   --->   Operation 162 'extractvalue' 'memory_in_local_594' <Predicate = true> <Delay = 0.00> <CoreInst = "FIFO_SRL">   --->   Core 80 'FIFO_SRL' <Latency = 0> <II = 1> <Delay = 1.83> <Storage> <Opcode : 'read' 'write' 'nbread' 'nbwrite'> <Ports = 0> <Width = 45> <Depth = 2> <FIFO>
ST_2 : Operation 163 [1/1] (0.00ns)   --->   "%memory_in_local_595 = extractvalue i20250 %call_ret2" [top_wrapper.cpp:121]   --->   Operation 163 'extractvalue' 'memory_in_local_595' <Predicate = true> <Delay = 0.00> <CoreInst = "FIFO_SRL">   --->   Core 80 'FIFO_SRL' <Latency = 0> <II = 1> <Delay = 1.83> <Storage> <Opcode : 'read' 'write' 'nbread' 'nbwrite'> <Ports = 0> <Width = 45> <Depth = 2> <FIFO>
ST_2 : Operation 164 [1/1] (0.00ns)   --->   "%memory_in_local_596 = extractvalue i20250 %call_ret2" [top_wrapper.cpp:121]   --->   Operation 164 'extractvalue' 'memory_in_local_596' <Predicate = true> <Delay = 0.00> <CoreInst = "FIFO_SRL">   --->   Core 80 'FIFO_SRL' <Latency = 0> <II = 1> <Delay = 1.83> <Storage> <Opcode : 'read' 'write' 'nbread' 'nbwrite'> <Ports = 0> <Width = 45> <Depth = 2> <FIFO>
ST_2 : Operation 165 [1/1] (0.00ns)   --->   "%memory_in_local_597 = extractvalue i20250 %call_ret2" [top_wrapper.cpp:121]   --->   Operation 165 'extractvalue' 'memory_in_local_597' <Predicate = true> <Delay = 0.00> <CoreInst = "FIFO_SRL">   --->   Core 80 'FIFO_SRL' <Latency = 0> <II = 1> <Delay = 1.83> <Storage> <Opcode : 'read' 'write' 'nbread' 'nbwrite'> <Ports = 0> <Width = 45> <Depth = 2> <FIFO>
ST_2 : Operation 166 [1/1] (0.00ns)   --->   "%memory_in_local_598 = extractvalue i20250 %call_ret2" [top_wrapper.cpp:121]   --->   Operation 166 'extractvalue' 'memory_in_local_598' <Predicate = true> <Delay = 0.00> <CoreInst = "FIFO_SRL">   --->   Core 80 'FIFO_SRL' <Latency = 0> <II = 1> <Delay = 1.83> <Storage> <Opcode : 'read' 'write' 'nbread' 'nbwrite'> <Ports = 0> <Width = 45> <Depth = 2> <FIFO>
ST_2 : Operation 167 [1/1] (0.00ns)   --->   "%memory_in_local_599 = extractvalue i20250 %call_ret2" [top_wrapper.cpp:121]   --->   Operation 167 'extractvalue' 'memory_in_local_599' <Predicate = true> <Delay = 0.00> <CoreInst = "FIFO_SRL">   --->   Core 80 'FIFO_SRL' <Latency = 0> <II = 1> <Delay = 1.83> <Storage> <Opcode : 'read' 'write' 'nbread' 'nbwrite'> <Ports = 0> <Width = 45> <Depth = 2> <FIFO>
ST_2 : Operation 168 [1/1] (0.00ns)   --->   "%memory_in_local_600 = extractvalue i20250 %call_ret2" [top_wrapper.cpp:121]   --->   Operation 168 'extractvalue' 'memory_in_local_600' <Predicate = true> <Delay = 0.00> <CoreInst = "FIFO_SRL">   --->   Core 80 'FIFO_SRL' <Latency = 0> <II = 1> <Delay = 1.83> <Storage> <Opcode : 'read' 'write' 'nbread' 'nbwrite'> <Ports = 0> <Width = 45> <Depth = 2> <FIFO>
ST_2 : Operation 169 [1/1] (0.00ns)   --->   "%memory_in_local_601 = extractvalue i20250 %call_ret2" [top_wrapper.cpp:121]   --->   Operation 169 'extractvalue' 'memory_in_local_601' <Predicate = true> <Delay = 0.00> <CoreInst = "FIFO_SRL">   --->   Core 80 'FIFO_SRL' <Latency = 0> <II = 1> <Delay = 1.83> <Storage> <Opcode : 'read' 'write' 'nbread' 'nbwrite'> <Ports = 0> <Width = 45> <Depth = 2> <FIFO>
ST_2 : Operation 170 [1/1] (0.00ns)   --->   "%memory_in_local_602 = extractvalue i20250 %call_ret2" [top_wrapper.cpp:121]   --->   Operation 170 'extractvalue' 'memory_in_local_602' <Predicate = true> <Delay = 0.00> <CoreInst = "FIFO_SRL">   --->   Core 80 'FIFO_SRL' <Latency = 0> <II = 1> <Delay = 1.83> <Storage> <Opcode : 'read' 'write' 'nbread' 'nbwrite'> <Ports = 0> <Width = 45> <Depth = 2> <FIFO>
ST_2 : Operation 171 [1/1] (0.00ns)   --->   "%memory_in_local_603 = extractvalue i20250 %call_ret2" [top_wrapper.cpp:121]   --->   Operation 171 'extractvalue' 'memory_in_local_603' <Predicate = true> <Delay = 0.00> <CoreInst = "FIFO_SRL">   --->   Core 80 'FIFO_SRL' <Latency = 0> <II = 1> <Delay = 1.83> <Storage> <Opcode : 'read' 'write' 'nbread' 'nbwrite'> <Ports = 0> <Width = 45> <Depth = 2> <FIFO>
ST_2 : Operation 172 [1/1] (0.00ns)   --->   "%memory_in_local_604 = extractvalue i20250 %call_ret2" [top_wrapper.cpp:121]   --->   Operation 172 'extractvalue' 'memory_in_local_604' <Predicate = true> <Delay = 0.00> <CoreInst = "FIFO_SRL">   --->   Core 80 'FIFO_SRL' <Latency = 0> <II = 1> <Delay = 1.83> <Storage> <Opcode : 'read' 'write' 'nbread' 'nbwrite'> <Ports = 0> <Width = 45> <Depth = 2> <FIFO>
ST_2 : Operation 173 [1/1] (0.00ns)   --->   "%memory_in_local_605 = extractvalue i20250 %call_ret2" [top_wrapper.cpp:121]   --->   Operation 173 'extractvalue' 'memory_in_local_605' <Predicate = true> <Delay = 0.00> <CoreInst = "FIFO_SRL">   --->   Core 80 'FIFO_SRL' <Latency = 0> <II = 1> <Delay = 1.83> <Storage> <Opcode : 'read' 'write' 'nbread' 'nbwrite'> <Ports = 0> <Width = 45> <Depth = 2> <FIFO>
ST_2 : Operation 174 [1/1] (0.00ns)   --->   "%memory_in_local_606 = extractvalue i20250 %call_ret2" [top_wrapper.cpp:121]   --->   Operation 174 'extractvalue' 'memory_in_local_606' <Predicate = true> <Delay = 0.00> <CoreInst = "FIFO_SRL">   --->   Core 80 'FIFO_SRL' <Latency = 0> <II = 1> <Delay = 1.83> <Storage> <Opcode : 'read' 'write' 'nbread' 'nbwrite'> <Ports = 0> <Width = 45> <Depth = 2> <FIFO>
ST_2 : Operation 175 [1/1] (0.00ns)   --->   "%memory_in_local_607 = extractvalue i20250 %call_ret2" [top_wrapper.cpp:121]   --->   Operation 175 'extractvalue' 'memory_in_local_607' <Predicate = true> <Delay = 0.00> <CoreInst = "FIFO_SRL">   --->   Core 80 'FIFO_SRL' <Latency = 0> <II = 1> <Delay = 1.83> <Storage> <Opcode : 'read' 'write' 'nbread' 'nbwrite'> <Ports = 0> <Width = 45> <Depth = 2> <FIFO>
ST_2 : Operation 176 [1/1] (0.00ns)   --->   "%memory_in_local_608 = extractvalue i20250 %call_ret2" [top_wrapper.cpp:121]   --->   Operation 176 'extractvalue' 'memory_in_local_608' <Predicate = true> <Delay = 0.00> <CoreInst = "FIFO_SRL">   --->   Core 80 'FIFO_SRL' <Latency = 0> <II = 1> <Delay = 1.83> <Storage> <Opcode : 'read' 'write' 'nbread' 'nbwrite'> <Ports = 0> <Width = 45> <Depth = 2> <FIFO>
ST_2 : Operation 177 [1/1] (0.00ns)   --->   "%memory_in_local_609 = extractvalue i20250 %call_ret2" [top_wrapper.cpp:121]   --->   Operation 177 'extractvalue' 'memory_in_local_609' <Predicate = true> <Delay = 0.00> <CoreInst = "FIFO_SRL">   --->   Core 80 'FIFO_SRL' <Latency = 0> <II = 1> <Delay = 1.83> <Storage> <Opcode : 'read' 'write' 'nbread' 'nbwrite'> <Ports = 0> <Width = 45> <Depth = 2> <FIFO>
ST_2 : Operation 178 [1/1] (0.00ns)   --->   "%memory_in_local_610 = extractvalue i20250 %call_ret2" [top_wrapper.cpp:121]   --->   Operation 178 'extractvalue' 'memory_in_local_610' <Predicate = true> <Delay = 0.00> <CoreInst = "FIFO_SRL">   --->   Core 80 'FIFO_SRL' <Latency = 0> <II = 1> <Delay = 1.83> <Storage> <Opcode : 'read' 'write' 'nbread' 'nbwrite'> <Ports = 0> <Width = 45> <Depth = 2> <FIFO>
ST_2 : Operation 179 [1/1] (0.00ns)   --->   "%memory_in_local_611 = extractvalue i20250 %call_ret2" [top_wrapper.cpp:121]   --->   Operation 179 'extractvalue' 'memory_in_local_611' <Predicate = true> <Delay = 0.00> <CoreInst = "FIFO_SRL">   --->   Core 80 'FIFO_SRL' <Latency = 0> <II = 1> <Delay = 1.83> <Storage> <Opcode : 'read' 'write' 'nbread' 'nbwrite'> <Ports = 0> <Width = 45> <Depth = 2> <FIFO>
ST_2 : Operation 180 [1/1] (0.00ns)   --->   "%memory_in_local_612 = extractvalue i20250 %call_ret2" [top_wrapper.cpp:121]   --->   Operation 180 'extractvalue' 'memory_in_local_612' <Predicate = true> <Delay = 0.00> <CoreInst = "FIFO_SRL">   --->   Core 80 'FIFO_SRL' <Latency = 0> <II = 1> <Delay = 1.83> <Storage> <Opcode : 'read' 'write' 'nbread' 'nbwrite'> <Ports = 0> <Width = 45> <Depth = 2> <FIFO>
ST_2 : Operation 181 [1/1] (0.00ns)   --->   "%memory_in_local_613 = extractvalue i20250 %call_ret2" [top_wrapper.cpp:121]   --->   Operation 181 'extractvalue' 'memory_in_local_613' <Predicate = true> <Delay = 0.00> <CoreInst = "FIFO_SRL">   --->   Core 80 'FIFO_SRL' <Latency = 0> <II = 1> <Delay = 1.83> <Storage> <Opcode : 'read' 'write' 'nbread' 'nbwrite'> <Ports = 0> <Width = 45> <Depth = 2> <FIFO>
ST_2 : Operation 182 [1/1] (0.00ns)   --->   "%memory_in_local_614 = extractvalue i20250 %call_ret2" [top_wrapper.cpp:121]   --->   Operation 182 'extractvalue' 'memory_in_local_614' <Predicate = true> <Delay = 0.00> <CoreInst = "FIFO_SRL">   --->   Core 80 'FIFO_SRL' <Latency = 0> <II = 1> <Delay = 1.83> <Storage> <Opcode : 'read' 'write' 'nbread' 'nbwrite'> <Ports = 0> <Width = 45> <Depth = 2> <FIFO>
ST_2 : Operation 183 [1/1] (0.00ns)   --->   "%memory_in_local_615 = extractvalue i20250 %call_ret2" [top_wrapper.cpp:121]   --->   Operation 183 'extractvalue' 'memory_in_local_615' <Predicate = true> <Delay = 0.00> <CoreInst = "FIFO_SRL">   --->   Core 80 'FIFO_SRL' <Latency = 0> <II = 1> <Delay = 1.83> <Storage> <Opcode : 'read' 'write' 'nbread' 'nbwrite'> <Ports = 0> <Width = 45> <Depth = 2> <FIFO>
ST_2 : Operation 184 [1/1] (0.00ns)   --->   "%memory_in_local_616 = extractvalue i20250 %call_ret2" [top_wrapper.cpp:121]   --->   Operation 184 'extractvalue' 'memory_in_local_616' <Predicate = true> <Delay = 0.00> <CoreInst = "FIFO_SRL">   --->   Core 80 'FIFO_SRL' <Latency = 0> <II = 1> <Delay = 1.83> <Storage> <Opcode : 'read' 'write' 'nbread' 'nbwrite'> <Ports = 0> <Width = 45> <Depth = 2> <FIFO>
ST_2 : Operation 185 [1/1] (0.00ns)   --->   "%memory_in_local_617 = extractvalue i20250 %call_ret2" [top_wrapper.cpp:121]   --->   Operation 185 'extractvalue' 'memory_in_local_617' <Predicate = true> <Delay = 0.00> <CoreInst = "FIFO_SRL">   --->   Core 80 'FIFO_SRL' <Latency = 0> <II = 1> <Delay = 1.83> <Storage> <Opcode : 'read' 'write' 'nbread' 'nbwrite'> <Ports = 0> <Width = 45> <Depth = 2> <FIFO>
ST_2 : Operation 186 [1/1] (0.00ns)   --->   "%memory_in_local_618 = extractvalue i20250 %call_ret2" [top_wrapper.cpp:121]   --->   Operation 186 'extractvalue' 'memory_in_local_618' <Predicate = true> <Delay = 0.00> <CoreInst = "FIFO_SRL">   --->   Core 80 'FIFO_SRL' <Latency = 0> <II = 1> <Delay = 1.83> <Storage> <Opcode : 'read' 'write' 'nbread' 'nbwrite'> <Ports = 0> <Width = 45> <Depth = 2> <FIFO>
ST_2 : Operation 187 [1/1] (0.00ns)   --->   "%memory_in_local_619 = extractvalue i20250 %call_ret2" [top_wrapper.cpp:121]   --->   Operation 187 'extractvalue' 'memory_in_local_619' <Predicate = true> <Delay = 0.00> <CoreInst = "FIFO_SRL">   --->   Core 80 'FIFO_SRL' <Latency = 0> <II = 1> <Delay = 1.83> <Storage> <Opcode : 'read' 'write' 'nbread' 'nbwrite'> <Ports = 0> <Width = 45> <Depth = 2> <FIFO>
ST_2 : Operation 188 [1/1] (0.00ns)   --->   "%memory_in_local_620 = extractvalue i20250 %call_ret2" [top_wrapper.cpp:121]   --->   Operation 188 'extractvalue' 'memory_in_local_620' <Predicate = true> <Delay = 0.00> <CoreInst = "FIFO_SRL">   --->   Core 80 'FIFO_SRL' <Latency = 0> <II = 1> <Delay = 1.83> <Storage> <Opcode : 'read' 'write' 'nbread' 'nbwrite'> <Ports = 0> <Width = 45> <Depth = 2> <FIFO>
ST_2 : Operation 189 [1/1] (0.00ns)   --->   "%memory_in_local_621 = extractvalue i20250 %call_ret2" [top_wrapper.cpp:121]   --->   Operation 189 'extractvalue' 'memory_in_local_621' <Predicate = true> <Delay = 0.00> <CoreInst = "FIFO_SRL">   --->   Core 80 'FIFO_SRL' <Latency = 0> <II = 1> <Delay = 1.83> <Storage> <Opcode : 'read' 'write' 'nbread' 'nbwrite'> <Ports = 0> <Width = 45> <Depth = 2> <FIFO>
ST_2 : Operation 190 [1/1] (0.00ns)   --->   "%memory_in_local_622 = extractvalue i20250 %call_ret2" [top_wrapper.cpp:121]   --->   Operation 190 'extractvalue' 'memory_in_local_622' <Predicate = true> <Delay = 0.00> <CoreInst = "FIFO_SRL">   --->   Core 80 'FIFO_SRL' <Latency = 0> <II = 1> <Delay = 1.83> <Storage> <Opcode : 'read' 'write' 'nbread' 'nbwrite'> <Ports = 0> <Width = 45> <Depth = 2> <FIFO>
ST_2 : Operation 191 [1/1] (0.00ns)   --->   "%memory_in_local_623 = extractvalue i20250 %call_ret2" [top_wrapper.cpp:121]   --->   Operation 191 'extractvalue' 'memory_in_local_623' <Predicate = true> <Delay = 0.00> <CoreInst = "FIFO_SRL">   --->   Core 80 'FIFO_SRL' <Latency = 0> <II = 1> <Delay = 1.83> <Storage> <Opcode : 'read' 'write' 'nbread' 'nbwrite'> <Ports = 0> <Width = 45> <Depth = 2> <FIFO>
ST_2 : Operation 192 [1/1] (0.00ns)   --->   "%memory_in_local_624 = extractvalue i20250 %call_ret2" [top_wrapper.cpp:121]   --->   Operation 192 'extractvalue' 'memory_in_local_624' <Predicate = true> <Delay = 0.00> <CoreInst = "FIFO_SRL">   --->   Core 80 'FIFO_SRL' <Latency = 0> <II = 1> <Delay = 1.83> <Storage> <Opcode : 'read' 'write' 'nbread' 'nbwrite'> <Ports = 0> <Width = 45> <Depth = 2> <FIFO>
ST_2 : Operation 193 [1/1] (0.00ns)   --->   "%memory_in_local_625 = extractvalue i20250 %call_ret2" [top_wrapper.cpp:121]   --->   Operation 193 'extractvalue' 'memory_in_local_625' <Predicate = true> <Delay = 0.00> <CoreInst = "FIFO_SRL">   --->   Core 80 'FIFO_SRL' <Latency = 0> <II = 1> <Delay = 1.83> <Storage> <Opcode : 'read' 'write' 'nbread' 'nbwrite'> <Ports = 0> <Width = 45> <Depth = 2> <FIFO>
ST_2 : Operation 194 [1/1] (0.00ns)   --->   "%memory_in_local_626 = extractvalue i20250 %call_ret2" [top_wrapper.cpp:121]   --->   Operation 194 'extractvalue' 'memory_in_local_626' <Predicate = true> <Delay = 0.00> <CoreInst = "FIFO_SRL">   --->   Core 80 'FIFO_SRL' <Latency = 0> <II = 1> <Delay = 1.83> <Storage> <Opcode : 'read' 'write' 'nbread' 'nbwrite'> <Ports = 0> <Width = 45> <Depth = 2> <FIFO>
ST_2 : Operation 195 [1/1] (0.00ns)   --->   "%memory_in_local_627 = extractvalue i20250 %call_ret2" [top_wrapper.cpp:121]   --->   Operation 195 'extractvalue' 'memory_in_local_627' <Predicate = true> <Delay = 0.00> <CoreInst = "FIFO_SRL">   --->   Core 80 'FIFO_SRL' <Latency = 0> <II = 1> <Delay = 1.83> <Storage> <Opcode : 'read' 'write' 'nbread' 'nbwrite'> <Ports = 0> <Width = 45> <Depth = 2> <FIFO>
ST_2 : Operation 196 [1/1] (0.00ns)   --->   "%memory_in_local_628 = extractvalue i20250 %call_ret2" [top_wrapper.cpp:121]   --->   Operation 196 'extractvalue' 'memory_in_local_628' <Predicate = true> <Delay = 0.00> <CoreInst = "FIFO_SRL">   --->   Core 80 'FIFO_SRL' <Latency = 0> <II = 1> <Delay = 1.83> <Storage> <Opcode : 'read' 'write' 'nbread' 'nbwrite'> <Ports = 0> <Width = 45> <Depth = 2> <FIFO>
ST_2 : Operation 197 [1/1] (0.00ns)   --->   "%memory_in_local_629 = extractvalue i20250 %call_ret2" [top_wrapper.cpp:121]   --->   Operation 197 'extractvalue' 'memory_in_local_629' <Predicate = true> <Delay = 0.00> <CoreInst = "FIFO_SRL">   --->   Core 80 'FIFO_SRL' <Latency = 0> <II = 1> <Delay = 1.83> <Storage> <Opcode : 'read' 'write' 'nbread' 'nbwrite'> <Ports = 0> <Width = 45> <Depth = 2> <FIFO>
ST_2 : Operation 198 [1/1] (0.00ns)   --->   "%memory_in_local_630 = extractvalue i20250 %call_ret2" [top_wrapper.cpp:121]   --->   Operation 198 'extractvalue' 'memory_in_local_630' <Predicate = true> <Delay = 0.00> <CoreInst = "FIFO_SRL">   --->   Core 80 'FIFO_SRL' <Latency = 0> <II = 1> <Delay = 1.83> <Storage> <Opcode : 'read' 'write' 'nbread' 'nbwrite'> <Ports = 0> <Width = 45> <Depth = 2> <FIFO>
ST_2 : Operation 199 [1/1] (0.00ns)   --->   "%memory_in_local_631 = extractvalue i20250 %call_ret2" [top_wrapper.cpp:121]   --->   Operation 199 'extractvalue' 'memory_in_local_631' <Predicate = true> <Delay = 0.00> <CoreInst = "FIFO_SRL">   --->   Core 80 'FIFO_SRL' <Latency = 0> <II = 1> <Delay = 1.83> <Storage> <Opcode : 'read' 'write' 'nbread' 'nbwrite'> <Ports = 0> <Width = 45> <Depth = 2> <FIFO>
ST_2 : Operation 200 [1/1] (0.00ns)   --->   "%memory_in_local_632 = extractvalue i20250 %call_ret2" [top_wrapper.cpp:121]   --->   Operation 200 'extractvalue' 'memory_in_local_632' <Predicate = true> <Delay = 0.00> <CoreInst = "FIFO_SRL">   --->   Core 80 'FIFO_SRL' <Latency = 0> <II = 1> <Delay = 1.83> <Storage> <Opcode : 'read' 'write' 'nbread' 'nbwrite'> <Ports = 0> <Width = 45> <Depth = 2> <FIFO>
ST_2 : Operation 201 [1/1] (0.00ns)   --->   "%memory_in_local_633 = extractvalue i20250 %call_ret2" [top_wrapper.cpp:121]   --->   Operation 201 'extractvalue' 'memory_in_local_633' <Predicate = true> <Delay = 0.00> <CoreInst = "FIFO_SRL">   --->   Core 80 'FIFO_SRL' <Latency = 0> <II = 1> <Delay = 1.83> <Storage> <Opcode : 'read' 'write' 'nbread' 'nbwrite'> <Ports = 0> <Width = 45> <Depth = 2> <FIFO>
ST_2 : Operation 202 [1/1] (0.00ns)   --->   "%memory_in_local_634 = extractvalue i20250 %call_ret2" [top_wrapper.cpp:121]   --->   Operation 202 'extractvalue' 'memory_in_local_634' <Predicate = true> <Delay = 0.00> <CoreInst = "FIFO_SRL">   --->   Core 80 'FIFO_SRL' <Latency = 0> <II = 1> <Delay = 1.83> <Storage> <Opcode : 'read' 'write' 'nbread' 'nbwrite'> <Ports = 0> <Width = 45> <Depth = 2> <FIFO>
ST_2 : Operation 203 [1/1] (0.00ns)   --->   "%memory_in_local_635 = extractvalue i20250 %call_ret2" [top_wrapper.cpp:121]   --->   Operation 203 'extractvalue' 'memory_in_local_635' <Predicate = true> <Delay = 0.00> <CoreInst = "FIFO_SRL">   --->   Core 80 'FIFO_SRL' <Latency = 0> <II = 1> <Delay = 1.83> <Storage> <Opcode : 'read' 'write' 'nbread' 'nbwrite'> <Ports = 0> <Width = 45> <Depth = 2> <FIFO>
ST_2 : Operation 204 [1/1] (0.00ns)   --->   "%memory_in_local_636 = extractvalue i20250 %call_ret2" [top_wrapper.cpp:121]   --->   Operation 204 'extractvalue' 'memory_in_local_636' <Predicate = true> <Delay = 0.00> <CoreInst = "FIFO_SRL">   --->   Core 80 'FIFO_SRL' <Latency = 0> <II = 1> <Delay = 1.83> <Storage> <Opcode : 'read' 'write' 'nbread' 'nbwrite'> <Ports = 0> <Width = 45> <Depth = 2> <FIFO>
ST_2 : Operation 205 [1/1] (0.00ns)   --->   "%memory_in_local_637 = extractvalue i20250 %call_ret2" [top_wrapper.cpp:121]   --->   Operation 205 'extractvalue' 'memory_in_local_637' <Predicate = true> <Delay = 0.00> <CoreInst = "FIFO_SRL">   --->   Core 80 'FIFO_SRL' <Latency = 0> <II = 1> <Delay = 1.83> <Storage> <Opcode : 'read' 'write' 'nbread' 'nbwrite'> <Ports = 0> <Width = 45> <Depth = 2> <FIFO>
ST_2 : Operation 206 [1/1] (0.00ns)   --->   "%memory_in_local_638 = extractvalue i20250 %call_ret2" [top_wrapper.cpp:121]   --->   Operation 206 'extractvalue' 'memory_in_local_638' <Predicate = true> <Delay = 0.00> <CoreInst = "FIFO_SRL">   --->   Core 80 'FIFO_SRL' <Latency = 0> <II = 1> <Delay = 1.83> <Storage> <Opcode : 'read' 'write' 'nbread' 'nbwrite'> <Ports = 0> <Width = 45> <Depth = 2> <FIFO>
ST_2 : Operation 207 [1/1] (0.00ns)   --->   "%memory_in_local_639 = extractvalue i20250 %call_ret2" [top_wrapper.cpp:121]   --->   Operation 207 'extractvalue' 'memory_in_local_639' <Predicate = true> <Delay = 0.00> <CoreInst = "FIFO_SRL">   --->   Core 80 'FIFO_SRL' <Latency = 0> <II = 1> <Delay = 1.83> <Storage> <Opcode : 'read' 'write' 'nbread' 'nbwrite'> <Ports = 0> <Width = 45> <Depth = 2> <FIFO>
ST_2 : Operation 208 [1/1] (0.00ns)   --->   "%memory_in_local_640 = extractvalue i20250 %call_ret2" [top_wrapper.cpp:121]   --->   Operation 208 'extractvalue' 'memory_in_local_640' <Predicate = true> <Delay = 0.00> <CoreInst = "FIFO_SRL">   --->   Core 80 'FIFO_SRL' <Latency = 0> <II = 1> <Delay = 1.83> <Storage> <Opcode : 'read' 'write' 'nbread' 'nbwrite'> <Ports = 0> <Width = 45> <Depth = 2> <FIFO>
ST_2 : Operation 209 [1/1] (0.00ns)   --->   "%memory_in_local_641 = extractvalue i20250 %call_ret2" [top_wrapper.cpp:121]   --->   Operation 209 'extractvalue' 'memory_in_local_641' <Predicate = true> <Delay = 0.00> <CoreInst = "FIFO_SRL">   --->   Core 80 'FIFO_SRL' <Latency = 0> <II = 1> <Delay = 1.83> <Storage> <Opcode : 'read' 'write' 'nbread' 'nbwrite'> <Ports = 0> <Width = 45> <Depth = 2> <FIFO>
ST_2 : Operation 210 [1/1] (0.00ns)   --->   "%memory_in_local_642 = extractvalue i20250 %call_ret2" [top_wrapper.cpp:121]   --->   Operation 210 'extractvalue' 'memory_in_local_642' <Predicate = true> <Delay = 0.00> <CoreInst = "FIFO_SRL">   --->   Core 80 'FIFO_SRL' <Latency = 0> <II = 1> <Delay = 1.83> <Storage> <Opcode : 'read' 'write' 'nbread' 'nbwrite'> <Ports = 0> <Width = 45> <Depth = 2> <FIFO>
ST_2 : Operation 211 [1/1] (0.00ns)   --->   "%memory_in_local_643 = extractvalue i20250 %call_ret2" [top_wrapper.cpp:121]   --->   Operation 211 'extractvalue' 'memory_in_local_643' <Predicate = true> <Delay = 0.00> <CoreInst = "FIFO_SRL">   --->   Core 80 'FIFO_SRL' <Latency = 0> <II = 1> <Delay = 1.83> <Storage> <Opcode : 'read' 'write' 'nbread' 'nbwrite'> <Ports = 0> <Width = 45> <Depth = 2> <FIFO>
ST_2 : Operation 212 [1/1] (0.00ns)   --->   "%memory_in_local_644 = extractvalue i20250 %call_ret2" [top_wrapper.cpp:121]   --->   Operation 212 'extractvalue' 'memory_in_local_644' <Predicate = true> <Delay = 0.00> <CoreInst = "FIFO_SRL">   --->   Core 80 'FIFO_SRL' <Latency = 0> <II = 1> <Delay = 1.83> <Storage> <Opcode : 'read' 'write' 'nbread' 'nbwrite'> <Ports = 0> <Width = 45> <Depth = 2> <FIFO>
ST_2 : Operation 213 [1/1] (0.00ns)   --->   "%memory_in_local_645 = extractvalue i20250 %call_ret2" [top_wrapper.cpp:121]   --->   Operation 213 'extractvalue' 'memory_in_local_645' <Predicate = true> <Delay = 0.00> <CoreInst = "FIFO_SRL">   --->   Core 80 'FIFO_SRL' <Latency = 0> <II = 1> <Delay = 1.83> <Storage> <Opcode : 'read' 'write' 'nbread' 'nbwrite'> <Ports = 0> <Width = 45> <Depth = 2> <FIFO>
ST_2 : Operation 214 [1/1] (0.00ns)   --->   "%memory_in_local_646 = extractvalue i20250 %call_ret2" [top_wrapper.cpp:121]   --->   Operation 214 'extractvalue' 'memory_in_local_646' <Predicate = true> <Delay = 0.00> <CoreInst = "FIFO_SRL">   --->   Core 80 'FIFO_SRL' <Latency = 0> <II = 1> <Delay = 1.83> <Storage> <Opcode : 'read' 'write' 'nbread' 'nbwrite'> <Ports = 0> <Width = 45> <Depth = 2> <FIFO>
ST_2 : Operation 215 [1/1] (0.00ns)   --->   "%memory_in_local_647 = extractvalue i20250 %call_ret2" [top_wrapper.cpp:121]   --->   Operation 215 'extractvalue' 'memory_in_local_647' <Predicate = true> <Delay = 0.00> <CoreInst = "FIFO_SRL">   --->   Core 80 'FIFO_SRL' <Latency = 0> <II = 1> <Delay = 1.83> <Storage> <Opcode : 'read' 'write' 'nbread' 'nbwrite'> <Ports = 0> <Width = 45> <Depth = 2> <FIFO>
ST_2 : Operation 216 [1/1] (0.00ns)   --->   "%memory_in_local_648 = extractvalue i20250 %call_ret2" [top_wrapper.cpp:121]   --->   Operation 216 'extractvalue' 'memory_in_local_648' <Predicate = true> <Delay = 0.00> <CoreInst = "FIFO_SRL">   --->   Core 80 'FIFO_SRL' <Latency = 0> <II = 1> <Delay = 1.83> <Storage> <Opcode : 'read' 'write' 'nbread' 'nbwrite'> <Ports = 0> <Width = 45> <Depth = 2> <FIFO>
ST_2 : Operation 217 [1/1] (0.00ns)   --->   "%memory_in_local_649 = extractvalue i20250 %call_ret2" [top_wrapper.cpp:121]   --->   Operation 217 'extractvalue' 'memory_in_local_649' <Predicate = true> <Delay = 0.00> <CoreInst = "FIFO_SRL">   --->   Core 80 'FIFO_SRL' <Latency = 0> <II = 1> <Delay = 1.83> <Storage> <Opcode : 'read' 'write' 'nbread' 'nbwrite'> <Ports = 0> <Width = 45> <Depth = 2> <FIFO>
ST_2 : Operation 218 [1/1] (0.00ns)   --->   "%memory_in_local_650 = extractvalue i20250 %call_ret2" [top_wrapper.cpp:121]   --->   Operation 218 'extractvalue' 'memory_in_local_650' <Predicate = true> <Delay = 0.00> <CoreInst = "FIFO_SRL">   --->   Core 80 'FIFO_SRL' <Latency = 0> <II = 1> <Delay = 1.83> <Storage> <Opcode : 'read' 'write' 'nbread' 'nbwrite'> <Ports = 0> <Width = 45> <Depth = 2> <FIFO>
ST_2 : Operation 219 [1/1] (0.00ns)   --->   "%memory_in_local_651 = extractvalue i20250 %call_ret2" [top_wrapper.cpp:121]   --->   Operation 219 'extractvalue' 'memory_in_local_651' <Predicate = true> <Delay = 0.00> <CoreInst = "FIFO_SRL">   --->   Core 80 'FIFO_SRL' <Latency = 0> <II = 1> <Delay = 1.83> <Storage> <Opcode : 'read' 'write' 'nbread' 'nbwrite'> <Ports = 0> <Width = 45> <Depth = 2> <FIFO>
ST_2 : Operation 220 [1/1] (0.00ns)   --->   "%memory_in_local_652 = extractvalue i20250 %call_ret2" [top_wrapper.cpp:121]   --->   Operation 220 'extractvalue' 'memory_in_local_652' <Predicate = true> <Delay = 0.00> <CoreInst = "FIFO_SRL">   --->   Core 80 'FIFO_SRL' <Latency = 0> <II = 1> <Delay = 1.83> <Storage> <Opcode : 'read' 'write' 'nbread' 'nbwrite'> <Ports = 0> <Width = 45> <Depth = 2> <FIFO>
ST_2 : Operation 221 [1/1] (0.00ns)   --->   "%memory_in_local_653 = extractvalue i20250 %call_ret2" [top_wrapper.cpp:121]   --->   Operation 221 'extractvalue' 'memory_in_local_653' <Predicate = true> <Delay = 0.00> <CoreInst = "FIFO_SRL">   --->   Core 80 'FIFO_SRL' <Latency = 0> <II = 1> <Delay = 1.83> <Storage> <Opcode : 'read' 'write' 'nbread' 'nbwrite'> <Ports = 0> <Width = 45> <Depth = 2> <FIFO>
ST_2 : Operation 222 [1/1] (0.00ns)   --->   "%memory_in_local_654 = extractvalue i20250 %call_ret2" [top_wrapper.cpp:121]   --->   Operation 222 'extractvalue' 'memory_in_local_654' <Predicate = true> <Delay = 0.00> <CoreInst = "FIFO_SRL">   --->   Core 80 'FIFO_SRL' <Latency = 0> <II = 1> <Delay = 1.83> <Storage> <Opcode : 'read' 'write' 'nbread' 'nbwrite'> <Ports = 0> <Width = 45> <Depth = 2> <FIFO>
ST_2 : Operation 223 [1/1] (0.00ns)   --->   "%memory_in_local_655 = extractvalue i20250 %call_ret2" [top_wrapper.cpp:121]   --->   Operation 223 'extractvalue' 'memory_in_local_655' <Predicate = true> <Delay = 0.00> <CoreInst = "FIFO_SRL">   --->   Core 80 'FIFO_SRL' <Latency = 0> <II = 1> <Delay = 1.83> <Storage> <Opcode : 'read' 'write' 'nbread' 'nbwrite'> <Ports = 0> <Width = 45> <Depth = 2> <FIFO>
ST_2 : Operation 224 [1/1] (0.00ns)   --->   "%memory_in_local_656 = extractvalue i20250 %call_ret2" [top_wrapper.cpp:121]   --->   Operation 224 'extractvalue' 'memory_in_local_656' <Predicate = true> <Delay = 0.00> <CoreInst = "FIFO_SRL">   --->   Core 80 'FIFO_SRL' <Latency = 0> <II = 1> <Delay = 1.83> <Storage> <Opcode : 'read' 'write' 'nbread' 'nbwrite'> <Ports = 0> <Width = 45> <Depth = 2> <FIFO>
ST_2 : Operation 225 [1/1] (0.00ns)   --->   "%memory_in_local_657 = extractvalue i20250 %call_ret2" [top_wrapper.cpp:121]   --->   Operation 225 'extractvalue' 'memory_in_local_657' <Predicate = true> <Delay = 0.00> <CoreInst = "FIFO_SRL">   --->   Core 80 'FIFO_SRL' <Latency = 0> <II = 1> <Delay = 1.83> <Storage> <Opcode : 'read' 'write' 'nbread' 'nbwrite'> <Ports = 0> <Width = 45> <Depth = 2> <FIFO>
ST_2 : Operation 226 [1/1] (0.00ns)   --->   "%memory_in_local_658 = extractvalue i20250 %call_ret2" [top_wrapper.cpp:121]   --->   Operation 226 'extractvalue' 'memory_in_local_658' <Predicate = true> <Delay = 0.00> <CoreInst = "FIFO_SRL">   --->   Core 80 'FIFO_SRL' <Latency = 0> <II = 1> <Delay = 1.83> <Storage> <Opcode : 'read' 'write' 'nbread' 'nbwrite'> <Ports = 0> <Width = 45> <Depth = 2> <FIFO>
ST_2 : Operation 227 [1/1] (0.00ns)   --->   "%memory_in_local_659 = extractvalue i20250 %call_ret2" [top_wrapper.cpp:121]   --->   Operation 227 'extractvalue' 'memory_in_local_659' <Predicate = true> <Delay = 0.00> <CoreInst = "FIFO_SRL">   --->   Core 80 'FIFO_SRL' <Latency = 0> <II = 1> <Delay = 1.83> <Storage> <Opcode : 'read' 'write' 'nbread' 'nbwrite'> <Ports = 0> <Width = 45> <Depth = 2> <FIFO>
ST_2 : Operation 228 [1/1] (0.00ns)   --->   "%memory_in_local_660 = extractvalue i20250 %call_ret2" [top_wrapper.cpp:121]   --->   Operation 228 'extractvalue' 'memory_in_local_660' <Predicate = true> <Delay = 0.00> <CoreInst = "FIFO_SRL">   --->   Core 80 'FIFO_SRL' <Latency = 0> <II = 1> <Delay = 1.83> <Storage> <Opcode : 'read' 'write' 'nbread' 'nbwrite'> <Ports = 0> <Width = 45> <Depth = 2> <FIFO>
ST_2 : Operation 229 [1/1] (0.00ns)   --->   "%memory_in_local_661 = extractvalue i20250 %call_ret2" [top_wrapper.cpp:121]   --->   Operation 229 'extractvalue' 'memory_in_local_661' <Predicate = true> <Delay = 0.00> <CoreInst = "FIFO_SRL">   --->   Core 80 'FIFO_SRL' <Latency = 0> <II = 1> <Delay = 1.83> <Storage> <Opcode : 'read' 'write' 'nbread' 'nbwrite'> <Ports = 0> <Width = 45> <Depth = 2> <FIFO>
ST_2 : Operation 230 [1/1] (0.00ns)   --->   "%memory_in_local_662 = extractvalue i20250 %call_ret2" [top_wrapper.cpp:121]   --->   Operation 230 'extractvalue' 'memory_in_local_662' <Predicate = true> <Delay = 0.00> <CoreInst = "FIFO_SRL">   --->   Core 80 'FIFO_SRL' <Latency = 0> <II = 1> <Delay = 1.83> <Storage> <Opcode : 'read' 'write' 'nbread' 'nbwrite'> <Ports = 0> <Width = 45> <Depth = 2> <FIFO>
ST_2 : Operation 231 [1/1] (0.00ns)   --->   "%memory_in_local_663 = extractvalue i20250 %call_ret2" [top_wrapper.cpp:121]   --->   Operation 231 'extractvalue' 'memory_in_local_663' <Predicate = true> <Delay = 0.00> <CoreInst = "FIFO_SRL">   --->   Core 80 'FIFO_SRL' <Latency = 0> <II = 1> <Delay = 1.83> <Storage> <Opcode : 'read' 'write' 'nbread' 'nbwrite'> <Ports = 0> <Width = 45> <Depth = 2> <FIFO>
ST_2 : Operation 232 [1/1] (0.00ns)   --->   "%memory_in_local_664 = extractvalue i20250 %call_ret2" [top_wrapper.cpp:121]   --->   Operation 232 'extractvalue' 'memory_in_local_664' <Predicate = true> <Delay = 0.00> <CoreInst = "FIFO_SRL">   --->   Core 80 'FIFO_SRL' <Latency = 0> <II = 1> <Delay = 1.83> <Storage> <Opcode : 'read' 'write' 'nbread' 'nbwrite'> <Ports = 0> <Width = 45> <Depth = 2> <FIFO>
ST_2 : Operation 233 [1/1] (0.00ns)   --->   "%memory_in_local_665 = extractvalue i20250 %call_ret2" [top_wrapper.cpp:121]   --->   Operation 233 'extractvalue' 'memory_in_local_665' <Predicate = true> <Delay = 0.00> <CoreInst = "FIFO_SRL">   --->   Core 80 'FIFO_SRL' <Latency = 0> <II = 1> <Delay = 1.83> <Storage> <Opcode : 'read' 'write' 'nbread' 'nbwrite'> <Ports = 0> <Width = 45> <Depth = 2> <FIFO>
ST_2 : Operation 234 [1/1] (0.00ns)   --->   "%memory_in_local_666 = extractvalue i20250 %call_ret2" [top_wrapper.cpp:121]   --->   Operation 234 'extractvalue' 'memory_in_local_666' <Predicate = true> <Delay = 0.00> <CoreInst = "FIFO_SRL">   --->   Core 80 'FIFO_SRL' <Latency = 0> <II = 1> <Delay = 1.83> <Storage> <Opcode : 'read' 'write' 'nbread' 'nbwrite'> <Ports = 0> <Width = 45> <Depth = 2> <FIFO>
ST_2 : Operation 235 [1/1] (0.00ns)   --->   "%memory_in_local_667 = extractvalue i20250 %call_ret2" [top_wrapper.cpp:121]   --->   Operation 235 'extractvalue' 'memory_in_local_667' <Predicate = true> <Delay = 0.00> <CoreInst = "FIFO_SRL">   --->   Core 80 'FIFO_SRL' <Latency = 0> <II = 1> <Delay = 1.83> <Storage> <Opcode : 'read' 'write' 'nbread' 'nbwrite'> <Ports = 0> <Width = 45> <Depth = 2> <FIFO>
ST_2 : Operation 236 [1/1] (0.00ns)   --->   "%memory_in_local_668 = extractvalue i20250 %call_ret2" [top_wrapper.cpp:121]   --->   Operation 236 'extractvalue' 'memory_in_local_668' <Predicate = true> <Delay = 0.00> <CoreInst = "FIFO_SRL">   --->   Core 80 'FIFO_SRL' <Latency = 0> <II = 1> <Delay = 1.83> <Storage> <Opcode : 'read' 'write' 'nbread' 'nbwrite'> <Ports = 0> <Width = 45> <Depth = 2> <FIFO>
ST_2 : Operation 237 [1/1] (0.00ns)   --->   "%memory_in_local_669 = extractvalue i20250 %call_ret2" [top_wrapper.cpp:121]   --->   Operation 237 'extractvalue' 'memory_in_local_669' <Predicate = true> <Delay = 0.00> <CoreInst = "FIFO_SRL">   --->   Core 80 'FIFO_SRL' <Latency = 0> <II = 1> <Delay = 1.83> <Storage> <Opcode : 'read' 'write' 'nbread' 'nbwrite'> <Ports = 0> <Width = 45> <Depth = 2> <FIFO>
ST_2 : Operation 238 [1/1] (0.00ns)   --->   "%memory_in_local_670 = extractvalue i20250 %call_ret2" [top_wrapper.cpp:121]   --->   Operation 238 'extractvalue' 'memory_in_local_670' <Predicate = true> <Delay = 0.00> <CoreInst = "FIFO_SRL">   --->   Core 80 'FIFO_SRL' <Latency = 0> <II = 1> <Delay = 1.83> <Storage> <Opcode : 'read' 'write' 'nbread' 'nbwrite'> <Ports = 0> <Width = 45> <Depth = 2> <FIFO>
ST_2 : Operation 239 [1/1] (0.00ns)   --->   "%memory_in_local_671 = extractvalue i20250 %call_ret2" [top_wrapper.cpp:121]   --->   Operation 239 'extractvalue' 'memory_in_local_671' <Predicate = true> <Delay = 0.00> <CoreInst = "FIFO_SRL">   --->   Core 80 'FIFO_SRL' <Latency = 0> <II = 1> <Delay = 1.83> <Storage> <Opcode : 'read' 'write' 'nbread' 'nbwrite'> <Ports = 0> <Width = 45> <Depth = 2> <FIFO>
ST_2 : Operation 240 [1/1] (0.00ns)   --->   "%memory_in_local_672 = extractvalue i20250 %call_ret2" [top_wrapper.cpp:121]   --->   Operation 240 'extractvalue' 'memory_in_local_672' <Predicate = true> <Delay = 0.00> <CoreInst = "FIFO_SRL">   --->   Core 80 'FIFO_SRL' <Latency = 0> <II = 1> <Delay = 1.83> <Storage> <Opcode : 'read' 'write' 'nbread' 'nbwrite'> <Ports = 0> <Width = 45> <Depth = 2> <FIFO>
ST_2 : Operation 241 [1/1] (0.00ns)   --->   "%memory_in_local_673 = extractvalue i20250 %call_ret2" [top_wrapper.cpp:121]   --->   Operation 241 'extractvalue' 'memory_in_local_673' <Predicate = true> <Delay = 0.00> <CoreInst = "FIFO_SRL">   --->   Core 80 'FIFO_SRL' <Latency = 0> <II = 1> <Delay = 1.83> <Storage> <Opcode : 'read' 'write' 'nbread' 'nbwrite'> <Ports = 0> <Width = 45> <Depth = 2> <FIFO>
ST_2 : Operation 242 [1/1] (0.00ns)   --->   "%memory_in_local_674 = extractvalue i20250 %call_ret2" [top_wrapper.cpp:121]   --->   Operation 242 'extractvalue' 'memory_in_local_674' <Predicate = true> <Delay = 0.00> <CoreInst = "FIFO_SRL">   --->   Core 80 'FIFO_SRL' <Latency = 0> <II = 1> <Delay = 1.83> <Storage> <Opcode : 'read' 'write' 'nbread' 'nbwrite'> <Ports = 0> <Width = 45> <Depth = 2> <FIFO>
ST_2 : Operation 243 [1/1] (0.00ns)   --->   "%memory_in_local_675 = extractvalue i20250 %call_ret2" [top_wrapper.cpp:121]   --->   Operation 243 'extractvalue' 'memory_in_local_675' <Predicate = true> <Delay = 0.00> <CoreInst = "FIFO_SRL">   --->   Core 80 'FIFO_SRL' <Latency = 0> <II = 1> <Delay = 1.83> <Storage> <Opcode : 'read' 'write' 'nbread' 'nbwrite'> <Ports = 0> <Width = 45> <Depth = 2> <FIFO>
ST_2 : Operation 244 [1/1] (0.00ns)   --->   "%memory_in_local_676 = extractvalue i20250 %call_ret2" [top_wrapper.cpp:121]   --->   Operation 244 'extractvalue' 'memory_in_local_676' <Predicate = true> <Delay = 0.00> <CoreInst = "FIFO_SRL">   --->   Core 80 'FIFO_SRL' <Latency = 0> <II = 1> <Delay = 1.83> <Storage> <Opcode : 'read' 'write' 'nbread' 'nbwrite'> <Ports = 0> <Width = 45> <Depth = 2> <FIFO>
ST_2 : Operation 245 [1/1] (0.00ns)   --->   "%memory_in_local_677 = extractvalue i20250 %call_ret2" [top_wrapper.cpp:121]   --->   Operation 245 'extractvalue' 'memory_in_local_677' <Predicate = true> <Delay = 0.00> <CoreInst = "FIFO_SRL">   --->   Core 80 'FIFO_SRL' <Latency = 0> <II = 1> <Delay = 1.83> <Storage> <Opcode : 'read' 'write' 'nbread' 'nbwrite'> <Ports = 0> <Width = 45> <Depth = 2> <FIFO>
ST_2 : Operation 246 [1/1] (0.00ns)   --->   "%memory_in_local_678 = extractvalue i20250 %call_ret2" [top_wrapper.cpp:121]   --->   Operation 246 'extractvalue' 'memory_in_local_678' <Predicate = true> <Delay = 0.00> <CoreInst = "FIFO_SRL">   --->   Core 80 'FIFO_SRL' <Latency = 0> <II = 1> <Delay = 1.83> <Storage> <Opcode : 'read' 'write' 'nbread' 'nbwrite'> <Ports = 0> <Width = 45> <Depth = 2> <FIFO>
ST_2 : Operation 247 [1/1] (0.00ns)   --->   "%memory_in_local_679 = extractvalue i20250 %call_ret2" [top_wrapper.cpp:121]   --->   Operation 247 'extractvalue' 'memory_in_local_679' <Predicate = true> <Delay = 0.00> <CoreInst = "FIFO_SRL">   --->   Core 80 'FIFO_SRL' <Latency = 0> <II = 1> <Delay = 1.83> <Storage> <Opcode : 'read' 'write' 'nbread' 'nbwrite'> <Ports = 0> <Width = 45> <Depth = 2> <FIFO>
ST_2 : Operation 248 [1/1] (0.00ns)   --->   "%memory_in_local_680 = extractvalue i20250 %call_ret2" [top_wrapper.cpp:121]   --->   Operation 248 'extractvalue' 'memory_in_local_680' <Predicate = true> <Delay = 0.00> <CoreInst = "FIFO_SRL">   --->   Core 80 'FIFO_SRL' <Latency = 0> <II = 1> <Delay = 1.83> <Storage> <Opcode : 'read' 'write' 'nbread' 'nbwrite'> <Ports = 0> <Width = 45> <Depth = 2> <FIFO>
ST_2 : Operation 249 [1/1] (0.00ns)   --->   "%memory_in_local_681 = extractvalue i20250 %call_ret2" [top_wrapper.cpp:121]   --->   Operation 249 'extractvalue' 'memory_in_local_681' <Predicate = true> <Delay = 0.00> <CoreInst = "FIFO_SRL">   --->   Core 80 'FIFO_SRL' <Latency = 0> <II = 1> <Delay = 1.83> <Storage> <Opcode : 'read' 'write' 'nbread' 'nbwrite'> <Ports = 0> <Width = 45> <Depth = 2> <FIFO>
ST_2 : Operation 250 [1/1] (0.00ns)   --->   "%memory_in_local_682 = extractvalue i20250 %call_ret2" [top_wrapper.cpp:121]   --->   Operation 250 'extractvalue' 'memory_in_local_682' <Predicate = true> <Delay = 0.00> <CoreInst = "FIFO_SRL">   --->   Core 80 'FIFO_SRL' <Latency = 0> <II = 1> <Delay = 1.83> <Storage> <Opcode : 'read' 'write' 'nbread' 'nbwrite'> <Ports = 0> <Width = 45> <Depth = 2> <FIFO>
ST_2 : Operation 251 [1/1] (0.00ns)   --->   "%memory_in_local_683 = extractvalue i20250 %call_ret2" [top_wrapper.cpp:121]   --->   Operation 251 'extractvalue' 'memory_in_local_683' <Predicate = true> <Delay = 0.00> <CoreInst = "FIFO_SRL">   --->   Core 80 'FIFO_SRL' <Latency = 0> <II = 1> <Delay = 1.83> <Storage> <Opcode : 'read' 'write' 'nbread' 'nbwrite'> <Ports = 0> <Width = 45> <Depth = 2> <FIFO>
ST_2 : Operation 252 [1/1] (0.00ns)   --->   "%memory_in_local_684 = extractvalue i20250 %call_ret2" [top_wrapper.cpp:121]   --->   Operation 252 'extractvalue' 'memory_in_local_684' <Predicate = true> <Delay = 0.00> <CoreInst = "FIFO_SRL">   --->   Core 80 'FIFO_SRL' <Latency = 0> <II = 1> <Delay = 1.83> <Storage> <Opcode : 'read' 'write' 'nbread' 'nbwrite'> <Ports = 0> <Width = 45> <Depth = 2> <FIFO>
ST_2 : Operation 253 [1/1] (0.00ns)   --->   "%memory_in_local_685 = extractvalue i20250 %call_ret2" [top_wrapper.cpp:121]   --->   Operation 253 'extractvalue' 'memory_in_local_685' <Predicate = true> <Delay = 0.00> <CoreInst = "FIFO_SRL">   --->   Core 80 'FIFO_SRL' <Latency = 0> <II = 1> <Delay = 1.83> <Storage> <Opcode : 'read' 'write' 'nbread' 'nbwrite'> <Ports = 0> <Width = 45> <Depth = 2> <FIFO>
ST_2 : Operation 254 [1/1] (0.00ns)   --->   "%memory_in_local_686 = extractvalue i20250 %call_ret2" [top_wrapper.cpp:121]   --->   Operation 254 'extractvalue' 'memory_in_local_686' <Predicate = true> <Delay = 0.00> <CoreInst = "FIFO_SRL">   --->   Core 80 'FIFO_SRL' <Latency = 0> <II = 1> <Delay = 1.83> <Storage> <Opcode : 'read' 'write' 'nbread' 'nbwrite'> <Ports = 0> <Width = 45> <Depth = 2> <FIFO>
ST_2 : Operation 255 [1/1] (0.00ns)   --->   "%memory_in_local_687 = extractvalue i20250 %call_ret2" [top_wrapper.cpp:121]   --->   Operation 255 'extractvalue' 'memory_in_local_687' <Predicate = true> <Delay = 0.00> <CoreInst = "FIFO_SRL">   --->   Core 80 'FIFO_SRL' <Latency = 0> <II = 1> <Delay = 1.83> <Storage> <Opcode : 'read' 'write' 'nbread' 'nbwrite'> <Ports = 0> <Width = 45> <Depth = 2> <FIFO>
ST_2 : Operation 256 [1/1] (0.00ns)   --->   "%memory_in_local_688 = extractvalue i20250 %call_ret2" [top_wrapper.cpp:121]   --->   Operation 256 'extractvalue' 'memory_in_local_688' <Predicate = true> <Delay = 0.00> <CoreInst = "FIFO_SRL">   --->   Core 80 'FIFO_SRL' <Latency = 0> <II = 1> <Delay = 1.83> <Storage> <Opcode : 'read' 'write' 'nbread' 'nbwrite'> <Ports = 0> <Width = 45> <Depth = 2> <FIFO>
ST_2 : Operation 257 [1/1] (0.00ns)   --->   "%memory_in_local_689 = extractvalue i20250 %call_ret2" [top_wrapper.cpp:121]   --->   Operation 257 'extractvalue' 'memory_in_local_689' <Predicate = true> <Delay = 0.00> <CoreInst = "FIFO_SRL">   --->   Core 80 'FIFO_SRL' <Latency = 0> <II = 1> <Delay = 1.83> <Storage> <Opcode : 'read' 'write' 'nbread' 'nbwrite'> <Ports = 0> <Width = 45> <Depth = 2> <FIFO>
ST_2 : Operation 258 [1/1] (0.00ns)   --->   "%memory_in_local_690 = extractvalue i20250 %call_ret2" [top_wrapper.cpp:121]   --->   Operation 258 'extractvalue' 'memory_in_local_690' <Predicate = true> <Delay = 0.00> <CoreInst = "FIFO_SRL">   --->   Core 80 'FIFO_SRL' <Latency = 0> <II = 1> <Delay = 1.83> <Storage> <Opcode : 'read' 'write' 'nbread' 'nbwrite'> <Ports = 0> <Width = 45> <Depth = 2> <FIFO>
ST_2 : Operation 259 [1/1] (0.00ns)   --->   "%memory_in_local_691 = extractvalue i20250 %call_ret2" [top_wrapper.cpp:121]   --->   Operation 259 'extractvalue' 'memory_in_local_691' <Predicate = true> <Delay = 0.00> <CoreInst = "FIFO_SRL">   --->   Core 80 'FIFO_SRL' <Latency = 0> <II = 1> <Delay = 1.83> <Storage> <Opcode : 'read' 'write' 'nbread' 'nbwrite'> <Ports = 0> <Width = 45> <Depth = 2> <FIFO>
ST_2 : Operation 260 [1/1] (0.00ns)   --->   "%memory_in_local_692 = extractvalue i20250 %call_ret2" [top_wrapper.cpp:121]   --->   Operation 260 'extractvalue' 'memory_in_local_692' <Predicate = true> <Delay = 0.00> <CoreInst = "FIFO_SRL">   --->   Core 80 'FIFO_SRL' <Latency = 0> <II = 1> <Delay = 1.83> <Storage> <Opcode : 'read' 'write' 'nbread' 'nbwrite'> <Ports = 0> <Width = 45> <Depth = 2> <FIFO>
ST_2 : Operation 261 [1/1] (0.00ns)   --->   "%memory_in_local_693 = extractvalue i20250 %call_ret2" [top_wrapper.cpp:121]   --->   Operation 261 'extractvalue' 'memory_in_local_693' <Predicate = true> <Delay = 0.00> <CoreInst = "FIFO_SRL">   --->   Core 80 'FIFO_SRL' <Latency = 0> <II = 1> <Delay = 1.83> <Storage> <Opcode : 'read' 'write' 'nbread' 'nbwrite'> <Ports = 0> <Width = 45> <Depth = 2> <FIFO>
ST_2 : Operation 262 [1/1] (0.00ns)   --->   "%memory_in_local_694 = extractvalue i20250 %call_ret2" [top_wrapper.cpp:121]   --->   Operation 262 'extractvalue' 'memory_in_local_694' <Predicate = true> <Delay = 0.00> <CoreInst = "FIFO_SRL">   --->   Core 80 'FIFO_SRL' <Latency = 0> <II = 1> <Delay = 1.83> <Storage> <Opcode : 'read' 'write' 'nbread' 'nbwrite'> <Ports = 0> <Width = 45> <Depth = 2> <FIFO>
ST_2 : Operation 263 [1/1] (0.00ns)   --->   "%memory_in_local_695 = extractvalue i20250 %call_ret2" [top_wrapper.cpp:121]   --->   Operation 263 'extractvalue' 'memory_in_local_695' <Predicate = true> <Delay = 0.00> <CoreInst = "FIFO_SRL">   --->   Core 80 'FIFO_SRL' <Latency = 0> <II = 1> <Delay = 1.83> <Storage> <Opcode : 'read' 'write' 'nbread' 'nbwrite'> <Ports = 0> <Width = 45> <Depth = 2> <FIFO>
ST_2 : Operation 264 [1/1] (0.00ns)   --->   "%memory_in_local_696 = extractvalue i20250 %call_ret2" [top_wrapper.cpp:121]   --->   Operation 264 'extractvalue' 'memory_in_local_696' <Predicate = true> <Delay = 0.00> <CoreInst = "FIFO_SRL">   --->   Core 80 'FIFO_SRL' <Latency = 0> <II = 1> <Delay = 1.83> <Storage> <Opcode : 'read' 'write' 'nbread' 'nbwrite'> <Ports = 0> <Width = 45> <Depth = 2> <FIFO>
ST_2 : Operation 265 [1/1] (0.00ns)   --->   "%memory_in_local_697 = extractvalue i20250 %call_ret2" [top_wrapper.cpp:121]   --->   Operation 265 'extractvalue' 'memory_in_local_697' <Predicate = true> <Delay = 0.00> <CoreInst = "FIFO_SRL">   --->   Core 80 'FIFO_SRL' <Latency = 0> <II = 1> <Delay = 1.83> <Storage> <Opcode : 'read' 'write' 'nbread' 'nbwrite'> <Ports = 0> <Width = 45> <Depth = 2> <FIFO>
ST_2 : Operation 266 [1/1] (0.00ns)   --->   "%memory_in_local_698 = extractvalue i20250 %call_ret2" [top_wrapper.cpp:121]   --->   Operation 266 'extractvalue' 'memory_in_local_698' <Predicate = true> <Delay = 0.00> <CoreInst = "FIFO_SRL">   --->   Core 80 'FIFO_SRL' <Latency = 0> <II = 1> <Delay = 1.83> <Storage> <Opcode : 'read' 'write' 'nbread' 'nbwrite'> <Ports = 0> <Width = 45> <Depth = 2> <FIFO>
ST_2 : Operation 267 [1/1] (0.00ns)   --->   "%memory_in_local_699 = extractvalue i20250 %call_ret2" [top_wrapper.cpp:121]   --->   Operation 267 'extractvalue' 'memory_in_local_699' <Predicate = true> <Delay = 0.00> <CoreInst = "FIFO_SRL">   --->   Core 80 'FIFO_SRL' <Latency = 0> <II = 1> <Delay = 1.83> <Storage> <Opcode : 'read' 'write' 'nbread' 'nbwrite'> <Ports = 0> <Width = 45> <Depth = 2> <FIFO>
ST_2 : Operation 268 [1/1] (0.00ns)   --->   "%memory_in_local_700 = extractvalue i20250 %call_ret2" [top_wrapper.cpp:121]   --->   Operation 268 'extractvalue' 'memory_in_local_700' <Predicate = true> <Delay = 0.00> <CoreInst = "FIFO_SRL">   --->   Core 80 'FIFO_SRL' <Latency = 0> <II = 1> <Delay = 1.83> <Storage> <Opcode : 'read' 'write' 'nbread' 'nbwrite'> <Ports = 0> <Width = 45> <Depth = 2> <FIFO>
ST_2 : Operation 269 [1/1] (0.00ns)   --->   "%memory_in_local_701 = extractvalue i20250 %call_ret2" [top_wrapper.cpp:121]   --->   Operation 269 'extractvalue' 'memory_in_local_701' <Predicate = true> <Delay = 0.00> <CoreInst = "FIFO_SRL">   --->   Core 80 'FIFO_SRL' <Latency = 0> <II = 1> <Delay = 1.83> <Storage> <Opcode : 'read' 'write' 'nbread' 'nbwrite'> <Ports = 0> <Width = 45> <Depth = 2> <FIFO>
ST_2 : Operation 270 [1/1] (0.00ns)   --->   "%memory_in_local_702 = extractvalue i20250 %call_ret2" [top_wrapper.cpp:121]   --->   Operation 270 'extractvalue' 'memory_in_local_702' <Predicate = true> <Delay = 0.00> <CoreInst = "FIFO_SRL">   --->   Core 80 'FIFO_SRL' <Latency = 0> <II = 1> <Delay = 1.83> <Storage> <Opcode : 'read' 'write' 'nbread' 'nbwrite'> <Ports = 0> <Width = 45> <Depth = 2> <FIFO>
ST_2 : Operation 271 [1/1] (0.00ns)   --->   "%memory_in_local_703 = extractvalue i20250 %call_ret2" [top_wrapper.cpp:121]   --->   Operation 271 'extractvalue' 'memory_in_local_703' <Predicate = true> <Delay = 0.00> <CoreInst = "FIFO_SRL">   --->   Core 80 'FIFO_SRL' <Latency = 0> <II = 1> <Delay = 1.83> <Storage> <Opcode : 'read' 'write' 'nbread' 'nbwrite'> <Ports = 0> <Width = 45> <Depth = 2> <FIFO>
ST_2 : Operation 272 [1/1] (0.00ns)   --->   "%memory_in_local_704 = extractvalue i20250 %call_ret2" [top_wrapper.cpp:121]   --->   Operation 272 'extractvalue' 'memory_in_local_704' <Predicate = true> <Delay = 0.00> <CoreInst = "FIFO_SRL">   --->   Core 80 'FIFO_SRL' <Latency = 0> <II = 1> <Delay = 1.83> <Storage> <Opcode : 'read' 'write' 'nbread' 'nbwrite'> <Ports = 0> <Width = 45> <Depth = 2> <FIFO>
ST_2 : Operation 273 [1/1] (0.00ns)   --->   "%memory_in_local_705 = extractvalue i20250 %call_ret2" [top_wrapper.cpp:121]   --->   Operation 273 'extractvalue' 'memory_in_local_705' <Predicate = true> <Delay = 0.00> <CoreInst = "FIFO_SRL">   --->   Core 80 'FIFO_SRL' <Latency = 0> <II = 1> <Delay = 1.83> <Storage> <Opcode : 'read' 'write' 'nbread' 'nbwrite'> <Ports = 0> <Width = 45> <Depth = 2> <FIFO>
ST_2 : Operation 274 [1/1] (0.00ns)   --->   "%memory_in_local_706 = extractvalue i20250 %call_ret2" [top_wrapper.cpp:121]   --->   Operation 274 'extractvalue' 'memory_in_local_706' <Predicate = true> <Delay = 0.00> <CoreInst = "FIFO_SRL">   --->   Core 80 'FIFO_SRL' <Latency = 0> <II = 1> <Delay = 1.83> <Storage> <Opcode : 'read' 'write' 'nbread' 'nbwrite'> <Ports = 0> <Width = 45> <Depth = 2> <FIFO>
ST_2 : Operation 275 [1/1] (0.00ns)   --->   "%memory_in_local_707 = extractvalue i20250 %call_ret2" [top_wrapper.cpp:121]   --->   Operation 275 'extractvalue' 'memory_in_local_707' <Predicate = true> <Delay = 0.00> <CoreInst = "FIFO_SRL">   --->   Core 80 'FIFO_SRL' <Latency = 0> <II = 1> <Delay = 1.83> <Storage> <Opcode : 'read' 'write' 'nbread' 'nbwrite'> <Ports = 0> <Width = 45> <Depth = 2> <FIFO>
ST_2 : Operation 276 [1/1] (0.00ns)   --->   "%memory_in_local_708 = extractvalue i20250 %call_ret2" [top_wrapper.cpp:121]   --->   Operation 276 'extractvalue' 'memory_in_local_708' <Predicate = true> <Delay = 0.00> <CoreInst = "FIFO_SRL">   --->   Core 80 'FIFO_SRL' <Latency = 0> <II = 1> <Delay = 1.83> <Storage> <Opcode : 'read' 'write' 'nbread' 'nbwrite'> <Ports = 0> <Width = 45> <Depth = 2> <FIFO>
ST_2 : Operation 277 [1/1] (0.00ns)   --->   "%memory_in_local_709 = extractvalue i20250 %call_ret2" [top_wrapper.cpp:121]   --->   Operation 277 'extractvalue' 'memory_in_local_709' <Predicate = true> <Delay = 0.00> <CoreInst = "FIFO_SRL">   --->   Core 80 'FIFO_SRL' <Latency = 0> <II = 1> <Delay = 1.83> <Storage> <Opcode : 'read' 'write' 'nbread' 'nbwrite'> <Ports = 0> <Width = 45> <Depth = 2> <FIFO>
ST_2 : Operation 278 [1/1] (0.00ns)   --->   "%memory_in_local_710 = extractvalue i20250 %call_ret2" [top_wrapper.cpp:121]   --->   Operation 278 'extractvalue' 'memory_in_local_710' <Predicate = true> <Delay = 0.00> <CoreInst = "FIFO_SRL">   --->   Core 80 'FIFO_SRL' <Latency = 0> <II = 1> <Delay = 1.83> <Storage> <Opcode : 'read' 'write' 'nbread' 'nbwrite'> <Ports = 0> <Width = 45> <Depth = 2> <FIFO>
ST_2 : Operation 279 [1/1] (0.00ns)   --->   "%memory_in_local_711 = extractvalue i20250 %call_ret2" [top_wrapper.cpp:121]   --->   Operation 279 'extractvalue' 'memory_in_local_711' <Predicate = true> <Delay = 0.00> <CoreInst = "FIFO_SRL">   --->   Core 80 'FIFO_SRL' <Latency = 0> <II = 1> <Delay = 1.83> <Storage> <Opcode : 'read' 'write' 'nbread' 'nbwrite'> <Ports = 0> <Width = 45> <Depth = 2> <FIFO>
ST_2 : Operation 280 [1/1] (0.00ns)   --->   "%memory_in_local_712 = extractvalue i20250 %call_ret2" [top_wrapper.cpp:121]   --->   Operation 280 'extractvalue' 'memory_in_local_712' <Predicate = true> <Delay = 0.00> <CoreInst = "FIFO_SRL">   --->   Core 80 'FIFO_SRL' <Latency = 0> <II = 1> <Delay = 1.83> <Storage> <Opcode : 'read' 'write' 'nbread' 'nbwrite'> <Ports = 0> <Width = 45> <Depth = 2> <FIFO>
ST_2 : Operation 281 [1/1] (0.00ns)   --->   "%memory_in_local_713 = extractvalue i20250 %call_ret2" [top_wrapper.cpp:121]   --->   Operation 281 'extractvalue' 'memory_in_local_713' <Predicate = true> <Delay = 0.00> <CoreInst = "FIFO_SRL">   --->   Core 80 'FIFO_SRL' <Latency = 0> <II = 1> <Delay = 1.83> <Storage> <Opcode : 'read' 'write' 'nbread' 'nbwrite'> <Ports = 0> <Width = 45> <Depth = 2> <FIFO>
ST_2 : Operation 282 [1/1] (0.00ns)   --->   "%memory_in_local_714 = extractvalue i20250 %call_ret2" [top_wrapper.cpp:121]   --->   Operation 282 'extractvalue' 'memory_in_local_714' <Predicate = true> <Delay = 0.00> <CoreInst = "FIFO_SRL">   --->   Core 80 'FIFO_SRL' <Latency = 0> <II = 1> <Delay = 1.83> <Storage> <Opcode : 'read' 'write' 'nbread' 'nbwrite'> <Ports = 0> <Width = 45> <Depth = 2> <FIFO>
ST_2 : Operation 283 [1/1] (0.00ns)   --->   "%memory_in_local_715 = extractvalue i20250 %call_ret2" [top_wrapper.cpp:121]   --->   Operation 283 'extractvalue' 'memory_in_local_715' <Predicate = true> <Delay = 0.00> <CoreInst = "FIFO_SRL">   --->   Core 80 'FIFO_SRL' <Latency = 0> <II = 1> <Delay = 1.83> <Storage> <Opcode : 'read' 'write' 'nbread' 'nbwrite'> <Ports = 0> <Width = 45> <Depth = 2> <FIFO>
ST_2 : Operation 284 [1/1] (0.00ns)   --->   "%memory_in_local_716 = extractvalue i20250 %call_ret2" [top_wrapper.cpp:121]   --->   Operation 284 'extractvalue' 'memory_in_local_716' <Predicate = true> <Delay = 0.00> <CoreInst = "FIFO_SRL">   --->   Core 80 'FIFO_SRL' <Latency = 0> <II = 1> <Delay = 1.83> <Storage> <Opcode : 'read' 'write' 'nbread' 'nbwrite'> <Ports = 0> <Width = 45> <Depth = 2> <FIFO>
ST_2 : Operation 285 [1/1] (0.00ns)   --->   "%memory_in_local_717 = extractvalue i20250 %call_ret2" [top_wrapper.cpp:121]   --->   Operation 285 'extractvalue' 'memory_in_local_717' <Predicate = true> <Delay = 0.00> <CoreInst = "FIFO_SRL">   --->   Core 80 'FIFO_SRL' <Latency = 0> <II = 1> <Delay = 1.83> <Storage> <Opcode : 'read' 'write' 'nbread' 'nbwrite'> <Ports = 0> <Width = 45> <Depth = 2> <FIFO>
ST_2 : Operation 286 [1/1] (0.00ns)   --->   "%memory_in_local_718 = extractvalue i20250 %call_ret2" [top_wrapper.cpp:121]   --->   Operation 286 'extractvalue' 'memory_in_local_718' <Predicate = true> <Delay = 0.00> <CoreInst = "FIFO_SRL">   --->   Core 80 'FIFO_SRL' <Latency = 0> <II = 1> <Delay = 1.83> <Storage> <Opcode : 'read' 'write' 'nbread' 'nbwrite'> <Ports = 0> <Width = 45> <Depth = 2> <FIFO>
ST_2 : Operation 287 [1/1] (0.00ns)   --->   "%memory_in_local_719 = extractvalue i20250 %call_ret2" [top_wrapper.cpp:121]   --->   Operation 287 'extractvalue' 'memory_in_local_719' <Predicate = true> <Delay = 0.00> <CoreInst = "FIFO_SRL">   --->   Core 80 'FIFO_SRL' <Latency = 0> <II = 1> <Delay = 1.83> <Storage> <Opcode : 'read' 'write' 'nbread' 'nbwrite'> <Ports = 0> <Width = 45> <Depth = 2> <FIFO>
ST_2 : Operation 288 [1/1] (0.00ns)   --->   "%memory_in_local_720 = extractvalue i20250 %call_ret2" [top_wrapper.cpp:121]   --->   Operation 288 'extractvalue' 'memory_in_local_720' <Predicate = true> <Delay = 0.00> <CoreInst = "FIFO_SRL">   --->   Core 80 'FIFO_SRL' <Latency = 0> <II = 1> <Delay = 1.83> <Storage> <Opcode : 'read' 'write' 'nbread' 'nbwrite'> <Ports = 0> <Width = 45> <Depth = 2> <FIFO>
ST_2 : Operation 289 [1/1] (0.00ns)   --->   "%memory_in_local_721 = extractvalue i20250 %call_ret2" [top_wrapper.cpp:121]   --->   Operation 289 'extractvalue' 'memory_in_local_721' <Predicate = true> <Delay = 0.00> <CoreInst = "FIFO_SRL">   --->   Core 80 'FIFO_SRL' <Latency = 0> <II = 1> <Delay = 1.83> <Storage> <Opcode : 'read' 'write' 'nbread' 'nbwrite'> <Ports = 0> <Width = 45> <Depth = 2> <FIFO>
ST_2 : Operation 290 [1/1] (0.00ns)   --->   "%memory_in_local_722 = extractvalue i20250 %call_ret2" [top_wrapper.cpp:121]   --->   Operation 290 'extractvalue' 'memory_in_local_722' <Predicate = true> <Delay = 0.00> <CoreInst = "FIFO_SRL">   --->   Core 80 'FIFO_SRL' <Latency = 0> <II = 1> <Delay = 1.83> <Storage> <Opcode : 'read' 'write' 'nbread' 'nbwrite'> <Ports = 0> <Width = 45> <Depth = 2> <FIFO>
ST_2 : Operation 291 [1/1] (0.00ns)   --->   "%memory_in_local_723 = extractvalue i20250 %call_ret2" [top_wrapper.cpp:121]   --->   Operation 291 'extractvalue' 'memory_in_local_723' <Predicate = true> <Delay = 0.00> <CoreInst = "FIFO_SRL">   --->   Core 80 'FIFO_SRL' <Latency = 0> <II = 1> <Delay = 1.83> <Storage> <Opcode : 'read' 'write' 'nbread' 'nbwrite'> <Ports = 0> <Width = 45> <Depth = 2> <FIFO>
ST_2 : Operation 292 [1/1] (0.00ns)   --->   "%memory_in_local_724 = extractvalue i20250 %call_ret2" [top_wrapper.cpp:121]   --->   Operation 292 'extractvalue' 'memory_in_local_724' <Predicate = true> <Delay = 0.00> <CoreInst = "FIFO_SRL">   --->   Core 80 'FIFO_SRL' <Latency = 0> <II = 1> <Delay = 1.83> <Storage> <Opcode : 'read' 'write' 'nbread' 'nbwrite'> <Ports = 0> <Width = 45> <Depth = 2> <FIFO>
ST_2 : Operation 293 [1/1] (0.00ns)   --->   "%memory_in_local_725 = extractvalue i20250 %call_ret2" [top_wrapper.cpp:121]   --->   Operation 293 'extractvalue' 'memory_in_local_725' <Predicate = true> <Delay = 0.00> <CoreInst = "FIFO_SRL">   --->   Core 80 'FIFO_SRL' <Latency = 0> <II = 1> <Delay = 1.83> <Storage> <Opcode : 'read' 'write' 'nbread' 'nbwrite'> <Ports = 0> <Width = 45> <Depth = 2> <FIFO>
ST_2 : Operation 294 [1/1] (0.00ns)   --->   "%memory_in_local_726 = extractvalue i20250 %call_ret2" [top_wrapper.cpp:121]   --->   Operation 294 'extractvalue' 'memory_in_local_726' <Predicate = true> <Delay = 0.00> <CoreInst = "FIFO_SRL">   --->   Core 80 'FIFO_SRL' <Latency = 0> <II = 1> <Delay = 1.83> <Storage> <Opcode : 'read' 'write' 'nbread' 'nbwrite'> <Ports = 0> <Width = 45> <Depth = 2> <FIFO>
ST_2 : Operation 295 [1/1] (0.00ns)   --->   "%memory_in_local_727 = extractvalue i20250 %call_ret2" [top_wrapper.cpp:121]   --->   Operation 295 'extractvalue' 'memory_in_local_727' <Predicate = true> <Delay = 0.00> <CoreInst = "FIFO_SRL">   --->   Core 80 'FIFO_SRL' <Latency = 0> <II = 1> <Delay = 1.83> <Storage> <Opcode : 'read' 'write' 'nbread' 'nbwrite'> <Ports = 0> <Width = 45> <Depth = 2> <FIFO>
ST_2 : Operation 296 [1/1] (0.00ns)   --->   "%memory_in_local_728 = extractvalue i20250 %call_ret2" [top_wrapper.cpp:121]   --->   Operation 296 'extractvalue' 'memory_in_local_728' <Predicate = true> <Delay = 0.00> <CoreInst = "FIFO_SRL">   --->   Core 80 'FIFO_SRL' <Latency = 0> <II = 1> <Delay = 1.83> <Storage> <Opcode : 'read' 'write' 'nbread' 'nbwrite'> <Ports = 0> <Width = 45> <Depth = 2> <FIFO>
ST_2 : Operation 297 [1/1] (0.00ns)   --->   "%memory_in_local_729 = extractvalue i20250 %call_ret2" [top_wrapper.cpp:121]   --->   Operation 297 'extractvalue' 'memory_in_local_729' <Predicate = true> <Delay = 0.00> <CoreInst = "FIFO_SRL">   --->   Core 80 'FIFO_SRL' <Latency = 0> <II = 1> <Delay = 1.83> <Storage> <Opcode : 'read' 'write' 'nbread' 'nbwrite'> <Ports = 0> <Width = 45> <Depth = 2> <FIFO>
ST_2 : Operation 298 [1/1] (0.00ns)   --->   "%memory_in_local_730 = extractvalue i20250 %call_ret2" [top_wrapper.cpp:121]   --->   Operation 298 'extractvalue' 'memory_in_local_730' <Predicate = true> <Delay = 0.00> <CoreInst = "FIFO_SRL">   --->   Core 80 'FIFO_SRL' <Latency = 0> <II = 1> <Delay = 1.83> <Storage> <Opcode : 'read' 'write' 'nbread' 'nbwrite'> <Ports = 0> <Width = 45> <Depth = 2> <FIFO>
ST_2 : Operation 299 [1/1] (0.00ns)   --->   "%memory_in_local_731 = extractvalue i20250 %call_ret2" [top_wrapper.cpp:121]   --->   Operation 299 'extractvalue' 'memory_in_local_731' <Predicate = true> <Delay = 0.00> <CoreInst = "FIFO_SRL">   --->   Core 80 'FIFO_SRL' <Latency = 0> <II = 1> <Delay = 1.83> <Storage> <Opcode : 'read' 'write' 'nbread' 'nbwrite'> <Ports = 0> <Width = 45> <Depth = 2> <FIFO>
ST_2 : Operation 300 [1/1] (0.00ns)   --->   "%memory_in_local_732 = extractvalue i20250 %call_ret2" [top_wrapper.cpp:121]   --->   Operation 300 'extractvalue' 'memory_in_local_732' <Predicate = true> <Delay = 0.00> <CoreInst = "FIFO_SRL">   --->   Core 80 'FIFO_SRL' <Latency = 0> <II = 1> <Delay = 1.83> <Storage> <Opcode : 'read' 'write' 'nbread' 'nbwrite'> <Ports = 0> <Width = 45> <Depth = 2> <FIFO>
ST_2 : Operation 301 [1/1] (0.00ns)   --->   "%memory_in_local_733 = extractvalue i20250 %call_ret2" [top_wrapper.cpp:121]   --->   Operation 301 'extractvalue' 'memory_in_local_733' <Predicate = true> <Delay = 0.00> <CoreInst = "FIFO_SRL">   --->   Core 80 'FIFO_SRL' <Latency = 0> <II = 1> <Delay = 1.83> <Storage> <Opcode : 'read' 'write' 'nbread' 'nbwrite'> <Ports = 0> <Width = 45> <Depth = 2> <FIFO>
ST_2 : Operation 302 [1/1] (0.00ns)   --->   "%memory_in_local_734 = extractvalue i20250 %call_ret2" [top_wrapper.cpp:121]   --->   Operation 302 'extractvalue' 'memory_in_local_734' <Predicate = true> <Delay = 0.00> <CoreInst = "FIFO_SRL">   --->   Core 80 'FIFO_SRL' <Latency = 0> <II = 1> <Delay = 1.83> <Storage> <Opcode : 'read' 'write' 'nbread' 'nbwrite'> <Ports = 0> <Width = 45> <Depth = 2> <FIFO>
ST_2 : Operation 303 [1/1] (0.00ns)   --->   "%memory_in_local_735 = extractvalue i20250 %call_ret2" [top_wrapper.cpp:121]   --->   Operation 303 'extractvalue' 'memory_in_local_735' <Predicate = true> <Delay = 0.00> <CoreInst = "FIFO_SRL">   --->   Core 80 'FIFO_SRL' <Latency = 0> <II = 1> <Delay = 1.83> <Storage> <Opcode : 'read' 'write' 'nbread' 'nbwrite'> <Ports = 0> <Width = 45> <Depth = 2> <FIFO>
ST_2 : Operation 304 [1/1] (0.00ns)   --->   "%memory_in_local_736 = extractvalue i20250 %call_ret2" [top_wrapper.cpp:121]   --->   Operation 304 'extractvalue' 'memory_in_local_736' <Predicate = true> <Delay = 0.00> <CoreInst = "FIFO_SRL">   --->   Core 80 'FIFO_SRL' <Latency = 0> <II = 1> <Delay = 1.83> <Storage> <Opcode : 'read' 'write' 'nbread' 'nbwrite'> <Ports = 0> <Width = 45> <Depth = 2> <FIFO>
ST_2 : Operation 305 [1/1] (0.00ns)   --->   "%memory_in_local_737 = extractvalue i20250 %call_ret2" [top_wrapper.cpp:121]   --->   Operation 305 'extractvalue' 'memory_in_local_737' <Predicate = true> <Delay = 0.00> <CoreInst = "FIFO_SRL">   --->   Core 80 'FIFO_SRL' <Latency = 0> <II = 1> <Delay = 1.83> <Storage> <Opcode : 'read' 'write' 'nbread' 'nbwrite'> <Ports = 0> <Width = 45> <Depth = 2> <FIFO>
ST_2 : Operation 306 [1/1] (0.00ns)   --->   "%memory_in_local_738 = extractvalue i20250 %call_ret2" [top_wrapper.cpp:121]   --->   Operation 306 'extractvalue' 'memory_in_local_738' <Predicate = true> <Delay = 0.00> <CoreInst = "FIFO_SRL">   --->   Core 80 'FIFO_SRL' <Latency = 0> <II = 1> <Delay = 1.83> <Storage> <Opcode : 'read' 'write' 'nbread' 'nbwrite'> <Ports = 0> <Width = 45> <Depth = 2> <FIFO>
ST_2 : Operation 307 [1/1] (0.00ns)   --->   "%memory_in_local_739 = extractvalue i20250 %call_ret2" [top_wrapper.cpp:121]   --->   Operation 307 'extractvalue' 'memory_in_local_739' <Predicate = true> <Delay = 0.00> <CoreInst = "FIFO_SRL">   --->   Core 80 'FIFO_SRL' <Latency = 0> <II = 1> <Delay = 1.83> <Storage> <Opcode : 'read' 'write' 'nbread' 'nbwrite'> <Ports = 0> <Width = 45> <Depth = 2> <FIFO>
ST_2 : Operation 308 [1/1] (0.00ns)   --->   "%memory_in_local_740 = extractvalue i20250 %call_ret2" [top_wrapper.cpp:121]   --->   Operation 308 'extractvalue' 'memory_in_local_740' <Predicate = true> <Delay = 0.00> <CoreInst = "FIFO_SRL">   --->   Core 80 'FIFO_SRL' <Latency = 0> <II = 1> <Delay = 1.83> <Storage> <Opcode : 'read' 'write' 'nbread' 'nbwrite'> <Ports = 0> <Width = 45> <Depth = 2> <FIFO>
ST_2 : Operation 309 [1/1] (0.00ns)   --->   "%memory_in_local_741 = extractvalue i20250 %call_ret2" [top_wrapper.cpp:121]   --->   Operation 309 'extractvalue' 'memory_in_local_741' <Predicate = true> <Delay = 0.00> <CoreInst = "FIFO_SRL">   --->   Core 80 'FIFO_SRL' <Latency = 0> <II = 1> <Delay = 1.83> <Storage> <Opcode : 'read' 'write' 'nbread' 'nbwrite'> <Ports = 0> <Width = 45> <Depth = 2> <FIFO>
ST_2 : Operation 310 [1/1] (0.00ns)   --->   "%memory_in_local_742 = extractvalue i20250 %call_ret2" [top_wrapper.cpp:121]   --->   Operation 310 'extractvalue' 'memory_in_local_742' <Predicate = true> <Delay = 0.00> <CoreInst = "FIFO_SRL">   --->   Core 80 'FIFO_SRL' <Latency = 0> <II = 1> <Delay = 1.83> <Storage> <Opcode : 'read' 'write' 'nbread' 'nbwrite'> <Ports = 0> <Width = 45> <Depth = 2> <FIFO>
ST_2 : Operation 311 [1/1] (0.00ns)   --->   "%memory_in_local_743 = extractvalue i20250 %call_ret2" [top_wrapper.cpp:121]   --->   Operation 311 'extractvalue' 'memory_in_local_743' <Predicate = true> <Delay = 0.00> <CoreInst = "FIFO_SRL">   --->   Core 80 'FIFO_SRL' <Latency = 0> <II = 1> <Delay = 1.83> <Storage> <Opcode : 'read' 'write' 'nbread' 'nbwrite'> <Ports = 0> <Width = 45> <Depth = 2> <FIFO>
ST_2 : Operation 312 [1/1] (0.00ns)   --->   "%memory_in_local_744 = extractvalue i20250 %call_ret2" [top_wrapper.cpp:121]   --->   Operation 312 'extractvalue' 'memory_in_local_744' <Predicate = true> <Delay = 0.00> <CoreInst = "FIFO_SRL">   --->   Core 80 'FIFO_SRL' <Latency = 0> <II = 1> <Delay = 1.83> <Storage> <Opcode : 'read' 'write' 'nbread' 'nbwrite'> <Ports = 0> <Width = 45> <Depth = 2> <FIFO>
ST_2 : Operation 313 [1/1] (0.00ns)   --->   "%memory_in_local_745 = extractvalue i20250 %call_ret2" [top_wrapper.cpp:121]   --->   Operation 313 'extractvalue' 'memory_in_local_745' <Predicate = true> <Delay = 0.00> <CoreInst = "FIFO_SRL">   --->   Core 80 'FIFO_SRL' <Latency = 0> <II = 1> <Delay = 1.83> <Storage> <Opcode : 'read' 'write' 'nbread' 'nbwrite'> <Ports = 0> <Width = 45> <Depth = 2> <FIFO>
ST_2 : Operation 314 [1/1] (0.00ns)   --->   "%memory_in_local_746 = extractvalue i20250 %call_ret2" [top_wrapper.cpp:121]   --->   Operation 314 'extractvalue' 'memory_in_local_746' <Predicate = true> <Delay = 0.00> <CoreInst = "FIFO_SRL">   --->   Core 80 'FIFO_SRL' <Latency = 0> <II = 1> <Delay = 1.83> <Storage> <Opcode : 'read' 'write' 'nbread' 'nbwrite'> <Ports = 0> <Width = 45> <Depth = 2> <FIFO>
ST_2 : Operation 315 [1/1] (0.00ns)   --->   "%memory_in_local_747 = extractvalue i20250 %call_ret2" [top_wrapper.cpp:121]   --->   Operation 315 'extractvalue' 'memory_in_local_747' <Predicate = true> <Delay = 0.00> <CoreInst = "FIFO_SRL">   --->   Core 80 'FIFO_SRL' <Latency = 0> <II = 1> <Delay = 1.83> <Storage> <Opcode : 'read' 'write' 'nbread' 'nbwrite'> <Ports = 0> <Width = 45> <Depth = 2> <FIFO>
ST_2 : Operation 316 [1/1] (0.00ns)   --->   "%memory_in_local_748 = extractvalue i20250 %call_ret2" [top_wrapper.cpp:121]   --->   Operation 316 'extractvalue' 'memory_in_local_748' <Predicate = true> <Delay = 0.00> <CoreInst = "FIFO_SRL">   --->   Core 80 'FIFO_SRL' <Latency = 0> <II = 1> <Delay = 1.83> <Storage> <Opcode : 'read' 'write' 'nbread' 'nbwrite'> <Ports = 0> <Width = 45> <Depth = 2> <FIFO>
ST_2 : Operation 317 [1/1] (0.00ns)   --->   "%memory_in_local_749 = extractvalue i20250 %call_ret2" [top_wrapper.cpp:121]   --->   Operation 317 'extractvalue' 'memory_in_local_749' <Predicate = true> <Delay = 0.00> <CoreInst = "FIFO_SRL">   --->   Core 80 'FIFO_SRL' <Latency = 0> <II = 1> <Delay = 1.83> <Storage> <Opcode : 'read' 'write' 'nbread' 'nbwrite'> <Ports = 0> <Width = 45> <Depth = 2> <FIFO>
ST_2 : Operation 318 [1/1] (0.00ns)   --->   "%memory_in_local_750 = extractvalue i20250 %call_ret2" [top_wrapper.cpp:121]   --->   Operation 318 'extractvalue' 'memory_in_local_750' <Predicate = true> <Delay = 0.00> <CoreInst = "FIFO_SRL">   --->   Core 80 'FIFO_SRL' <Latency = 0> <II = 1> <Delay = 1.83> <Storage> <Opcode : 'read' 'write' 'nbread' 'nbwrite'> <Ports = 0> <Width = 45> <Depth = 2> <FIFO>
ST_2 : Operation 319 [1/1] (0.00ns)   --->   "%memory_in_local_751 = extractvalue i20250 %call_ret2" [top_wrapper.cpp:121]   --->   Operation 319 'extractvalue' 'memory_in_local_751' <Predicate = true> <Delay = 0.00> <CoreInst = "FIFO_SRL">   --->   Core 80 'FIFO_SRL' <Latency = 0> <II = 1> <Delay = 1.83> <Storage> <Opcode : 'read' 'write' 'nbread' 'nbwrite'> <Ports = 0> <Width = 45> <Depth = 2> <FIFO>
ST_2 : Operation 320 [1/1] (0.00ns)   --->   "%memory_in_local_752 = extractvalue i20250 %call_ret2" [top_wrapper.cpp:121]   --->   Operation 320 'extractvalue' 'memory_in_local_752' <Predicate = true> <Delay = 0.00> <CoreInst = "FIFO_SRL">   --->   Core 80 'FIFO_SRL' <Latency = 0> <II = 1> <Delay = 1.83> <Storage> <Opcode : 'read' 'write' 'nbread' 'nbwrite'> <Ports = 0> <Width = 45> <Depth = 2> <FIFO>
ST_2 : Operation 321 [1/1] (0.00ns)   --->   "%memory_in_local_753 = extractvalue i20250 %call_ret2" [top_wrapper.cpp:121]   --->   Operation 321 'extractvalue' 'memory_in_local_753' <Predicate = true> <Delay = 0.00> <CoreInst = "FIFO_SRL">   --->   Core 80 'FIFO_SRL' <Latency = 0> <II = 1> <Delay = 1.83> <Storage> <Opcode : 'read' 'write' 'nbread' 'nbwrite'> <Ports = 0> <Width = 45> <Depth = 2> <FIFO>
ST_2 : Operation 322 [1/1] (0.00ns)   --->   "%memory_in_local_754 = extractvalue i20250 %call_ret2" [top_wrapper.cpp:121]   --->   Operation 322 'extractvalue' 'memory_in_local_754' <Predicate = true> <Delay = 0.00> <CoreInst = "FIFO_SRL">   --->   Core 80 'FIFO_SRL' <Latency = 0> <II = 1> <Delay = 1.83> <Storage> <Opcode : 'read' 'write' 'nbread' 'nbwrite'> <Ports = 0> <Width = 45> <Depth = 2> <FIFO>
ST_2 : Operation 323 [1/1] (0.00ns)   --->   "%memory_in_local_755 = extractvalue i20250 %call_ret2" [top_wrapper.cpp:121]   --->   Operation 323 'extractvalue' 'memory_in_local_755' <Predicate = true> <Delay = 0.00> <CoreInst = "FIFO_SRL">   --->   Core 80 'FIFO_SRL' <Latency = 0> <II = 1> <Delay = 1.83> <Storage> <Opcode : 'read' 'write' 'nbread' 'nbwrite'> <Ports = 0> <Width = 45> <Depth = 2> <FIFO>
ST_2 : Operation 324 [1/1] (0.00ns)   --->   "%memory_in_local_756 = extractvalue i20250 %call_ret2" [top_wrapper.cpp:121]   --->   Operation 324 'extractvalue' 'memory_in_local_756' <Predicate = true> <Delay = 0.00> <CoreInst = "FIFO_SRL">   --->   Core 80 'FIFO_SRL' <Latency = 0> <II = 1> <Delay = 1.83> <Storage> <Opcode : 'read' 'write' 'nbread' 'nbwrite'> <Ports = 0> <Width = 45> <Depth = 2> <FIFO>
ST_2 : Operation 325 [1/1] (0.00ns)   --->   "%memory_in_local_757 = extractvalue i20250 %call_ret2" [top_wrapper.cpp:121]   --->   Operation 325 'extractvalue' 'memory_in_local_757' <Predicate = true> <Delay = 0.00> <CoreInst = "FIFO_SRL">   --->   Core 80 'FIFO_SRL' <Latency = 0> <II = 1> <Delay = 1.83> <Storage> <Opcode : 'read' 'write' 'nbread' 'nbwrite'> <Ports = 0> <Width = 45> <Depth = 2> <FIFO>
ST_2 : Operation 326 [1/1] (0.00ns)   --->   "%memory_in_local_758 = extractvalue i20250 %call_ret2" [top_wrapper.cpp:121]   --->   Operation 326 'extractvalue' 'memory_in_local_758' <Predicate = true> <Delay = 0.00> <CoreInst = "FIFO_SRL">   --->   Core 80 'FIFO_SRL' <Latency = 0> <II = 1> <Delay = 1.83> <Storage> <Opcode : 'read' 'write' 'nbread' 'nbwrite'> <Ports = 0> <Width = 45> <Depth = 2> <FIFO>
ST_2 : Operation 327 [1/1] (0.00ns)   --->   "%memory_in_local_759 = extractvalue i20250 %call_ret2" [top_wrapper.cpp:121]   --->   Operation 327 'extractvalue' 'memory_in_local_759' <Predicate = true> <Delay = 0.00> <CoreInst = "FIFO_SRL">   --->   Core 80 'FIFO_SRL' <Latency = 0> <II = 1> <Delay = 1.83> <Storage> <Opcode : 'read' 'write' 'nbread' 'nbwrite'> <Ports = 0> <Width = 45> <Depth = 2> <FIFO>
ST_2 : Operation 328 [1/1] (0.00ns)   --->   "%memory_in_local_760 = extractvalue i20250 %call_ret2" [top_wrapper.cpp:121]   --->   Operation 328 'extractvalue' 'memory_in_local_760' <Predicate = true> <Delay = 0.00> <CoreInst = "FIFO_SRL">   --->   Core 80 'FIFO_SRL' <Latency = 0> <II = 1> <Delay = 1.83> <Storage> <Opcode : 'read' 'write' 'nbread' 'nbwrite'> <Ports = 0> <Width = 45> <Depth = 2> <FIFO>
ST_2 : Operation 329 [1/1] (0.00ns)   --->   "%memory_in_local_761 = extractvalue i20250 %call_ret2" [top_wrapper.cpp:121]   --->   Operation 329 'extractvalue' 'memory_in_local_761' <Predicate = true> <Delay = 0.00> <CoreInst = "FIFO_SRL">   --->   Core 80 'FIFO_SRL' <Latency = 0> <II = 1> <Delay = 1.83> <Storage> <Opcode : 'read' 'write' 'nbread' 'nbwrite'> <Ports = 0> <Width = 45> <Depth = 2> <FIFO>
ST_2 : Operation 330 [1/1] (0.00ns)   --->   "%memory_in_local_762 = extractvalue i20250 %call_ret2" [top_wrapper.cpp:121]   --->   Operation 330 'extractvalue' 'memory_in_local_762' <Predicate = true> <Delay = 0.00> <CoreInst = "FIFO_SRL">   --->   Core 80 'FIFO_SRL' <Latency = 0> <II = 1> <Delay = 1.83> <Storage> <Opcode : 'read' 'write' 'nbread' 'nbwrite'> <Ports = 0> <Width = 45> <Depth = 2> <FIFO>
ST_2 : Operation 331 [1/1] (0.00ns)   --->   "%memory_in_local_763 = extractvalue i20250 %call_ret2" [top_wrapper.cpp:121]   --->   Operation 331 'extractvalue' 'memory_in_local_763' <Predicate = true> <Delay = 0.00> <CoreInst = "FIFO_SRL">   --->   Core 80 'FIFO_SRL' <Latency = 0> <II = 1> <Delay = 1.83> <Storage> <Opcode : 'read' 'write' 'nbread' 'nbwrite'> <Ports = 0> <Width = 45> <Depth = 2> <FIFO>
ST_2 : Operation 332 [1/1] (0.00ns)   --->   "%memory_in_local_764 = extractvalue i20250 %call_ret2" [top_wrapper.cpp:121]   --->   Operation 332 'extractvalue' 'memory_in_local_764' <Predicate = true> <Delay = 0.00> <CoreInst = "FIFO_SRL">   --->   Core 80 'FIFO_SRL' <Latency = 0> <II = 1> <Delay = 1.83> <Storage> <Opcode : 'read' 'write' 'nbread' 'nbwrite'> <Ports = 0> <Width = 45> <Depth = 2> <FIFO>
ST_2 : Operation 333 [1/1] (0.00ns)   --->   "%memory_in_local_765 = extractvalue i20250 %call_ret2" [top_wrapper.cpp:121]   --->   Operation 333 'extractvalue' 'memory_in_local_765' <Predicate = true> <Delay = 0.00> <CoreInst = "FIFO_SRL">   --->   Core 80 'FIFO_SRL' <Latency = 0> <II = 1> <Delay = 1.83> <Storage> <Opcode : 'read' 'write' 'nbread' 'nbwrite'> <Ports = 0> <Width = 45> <Depth = 2> <FIFO>
ST_2 : Operation 334 [1/1] (0.00ns)   --->   "%memory_in_local_766 = extractvalue i20250 %call_ret2" [top_wrapper.cpp:121]   --->   Operation 334 'extractvalue' 'memory_in_local_766' <Predicate = true> <Delay = 0.00> <CoreInst = "FIFO_SRL">   --->   Core 80 'FIFO_SRL' <Latency = 0> <II = 1> <Delay = 1.83> <Storage> <Opcode : 'read' 'write' 'nbread' 'nbwrite'> <Ports = 0> <Width = 45> <Depth = 2> <FIFO>
ST_2 : Operation 335 [1/1] (0.00ns)   --->   "%memory_in_local_767 = extractvalue i20250 %call_ret2" [top_wrapper.cpp:121]   --->   Operation 335 'extractvalue' 'memory_in_local_767' <Predicate = true> <Delay = 0.00> <CoreInst = "FIFO_SRL">   --->   Core 80 'FIFO_SRL' <Latency = 0> <II = 1> <Delay = 1.83> <Storage> <Opcode : 'read' 'write' 'nbread' 'nbwrite'> <Ports = 0> <Width = 45> <Depth = 2> <FIFO>
ST_2 : Operation 336 [1/1] (0.00ns)   --->   "%memory_in_local_768 = extractvalue i20250 %call_ret2" [top_wrapper.cpp:121]   --->   Operation 336 'extractvalue' 'memory_in_local_768' <Predicate = true> <Delay = 0.00> <CoreInst = "FIFO_SRL">   --->   Core 80 'FIFO_SRL' <Latency = 0> <II = 1> <Delay = 1.83> <Storage> <Opcode : 'read' 'write' 'nbread' 'nbwrite'> <Ports = 0> <Width = 45> <Depth = 2> <FIFO>
ST_2 : Operation 337 [1/1] (0.00ns)   --->   "%memory_in_local_769 = extractvalue i20250 %call_ret2" [top_wrapper.cpp:121]   --->   Operation 337 'extractvalue' 'memory_in_local_769' <Predicate = true> <Delay = 0.00> <CoreInst = "FIFO_SRL">   --->   Core 80 'FIFO_SRL' <Latency = 0> <II = 1> <Delay = 1.83> <Storage> <Opcode : 'read' 'write' 'nbread' 'nbwrite'> <Ports = 0> <Width = 45> <Depth = 2> <FIFO>
ST_2 : Operation 338 [1/1] (0.00ns)   --->   "%memory_in_local_770 = extractvalue i20250 %call_ret2" [top_wrapper.cpp:121]   --->   Operation 338 'extractvalue' 'memory_in_local_770' <Predicate = true> <Delay = 0.00> <CoreInst = "FIFO_SRL">   --->   Core 80 'FIFO_SRL' <Latency = 0> <II = 1> <Delay = 1.83> <Storage> <Opcode : 'read' 'write' 'nbread' 'nbwrite'> <Ports = 0> <Width = 45> <Depth = 2> <FIFO>
ST_2 : Operation 339 [1/1] (0.00ns)   --->   "%memory_in_local_771 = extractvalue i20250 %call_ret2" [top_wrapper.cpp:121]   --->   Operation 339 'extractvalue' 'memory_in_local_771' <Predicate = true> <Delay = 0.00> <CoreInst = "FIFO_SRL">   --->   Core 80 'FIFO_SRL' <Latency = 0> <II = 1> <Delay = 1.83> <Storage> <Opcode : 'read' 'write' 'nbread' 'nbwrite'> <Ports = 0> <Width = 45> <Depth = 2> <FIFO>
ST_2 : Operation 340 [1/1] (0.00ns)   --->   "%memory_in_local_772 = extractvalue i20250 %call_ret2" [top_wrapper.cpp:121]   --->   Operation 340 'extractvalue' 'memory_in_local_772' <Predicate = true> <Delay = 0.00> <CoreInst = "FIFO_SRL">   --->   Core 80 'FIFO_SRL' <Latency = 0> <II = 1> <Delay = 1.83> <Storage> <Opcode : 'read' 'write' 'nbread' 'nbwrite'> <Ports = 0> <Width = 45> <Depth = 2> <FIFO>
ST_2 : Operation 341 [1/1] (0.00ns)   --->   "%memory_in_local_773 = extractvalue i20250 %call_ret2" [top_wrapper.cpp:121]   --->   Operation 341 'extractvalue' 'memory_in_local_773' <Predicate = true> <Delay = 0.00> <CoreInst = "FIFO_SRL">   --->   Core 80 'FIFO_SRL' <Latency = 0> <II = 1> <Delay = 1.83> <Storage> <Opcode : 'read' 'write' 'nbread' 'nbwrite'> <Ports = 0> <Width = 45> <Depth = 2> <FIFO>
ST_2 : Operation 342 [1/1] (0.00ns)   --->   "%memory_in_local_774 = extractvalue i20250 %call_ret2" [top_wrapper.cpp:121]   --->   Operation 342 'extractvalue' 'memory_in_local_774' <Predicate = true> <Delay = 0.00> <CoreInst = "FIFO_SRL">   --->   Core 80 'FIFO_SRL' <Latency = 0> <II = 1> <Delay = 1.83> <Storage> <Opcode : 'read' 'write' 'nbread' 'nbwrite'> <Ports = 0> <Width = 45> <Depth = 2> <FIFO>
ST_2 : Operation 343 [1/1] (0.00ns)   --->   "%memory_in_local_775 = extractvalue i20250 %call_ret2" [top_wrapper.cpp:121]   --->   Operation 343 'extractvalue' 'memory_in_local_775' <Predicate = true> <Delay = 0.00> <CoreInst = "FIFO_SRL">   --->   Core 80 'FIFO_SRL' <Latency = 0> <II = 1> <Delay = 1.83> <Storage> <Opcode : 'read' 'write' 'nbread' 'nbwrite'> <Ports = 0> <Width = 45> <Depth = 2> <FIFO>
ST_2 : Operation 344 [1/1] (0.00ns)   --->   "%memory_in_local_776 = extractvalue i20250 %call_ret2" [top_wrapper.cpp:121]   --->   Operation 344 'extractvalue' 'memory_in_local_776' <Predicate = true> <Delay = 0.00> <CoreInst = "FIFO_SRL">   --->   Core 80 'FIFO_SRL' <Latency = 0> <II = 1> <Delay = 1.83> <Storage> <Opcode : 'read' 'write' 'nbread' 'nbwrite'> <Ports = 0> <Width = 45> <Depth = 2> <FIFO>
ST_2 : Operation 345 [1/1] (0.00ns)   --->   "%memory_in_local_777 = extractvalue i20250 %call_ret2" [top_wrapper.cpp:121]   --->   Operation 345 'extractvalue' 'memory_in_local_777' <Predicate = true> <Delay = 0.00> <CoreInst = "FIFO_SRL">   --->   Core 80 'FIFO_SRL' <Latency = 0> <II = 1> <Delay = 1.83> <Storage> <Opcode : 'read' 'write' 'nbread' 'nbwrite'> <Ports = 0> <Width = 45> <Depth = 2> <FIFO>
ST_2 : Operation 346 [1/1] (0.00ns)   --->   "%memory_in_local_778 = extractvalue i20250 %call_ret2" [top_wrapper.cpp:121]   --->   Operation 346 'extractvalue' 'memory_in_local_778' <Predicate = true> <Delay = 0.00> <CoreInst = "FIFO_SRL">   --->   Core 80 'FIFO_SRL' <Latency = 0> <II = 1> <Delay = 1.83> <Storage> <Opcode : 'read' 'write' 'nbread' 'nbwrite'> <Ports = 0> <Width = 45> <Depth = 2> <FIFO>
ST_2 : Operation 347 [1/1] (0.00ns)   --->   "%memory_in_local_779 = extractvalue i20250 %call_ret2" [top_wrapper.cpp:121]   --->   Operation 347 'extractvalue' 'memory_in_local_779' <Predicate = true> <Delay = 0.00> <CoreInst = "FIFO_SRL">   --->   Core 80 'FIFO_SRL' <Latency = 0> <II = 1> <Delay = 1.83> <Storage> <Opcode : 'read' 'write' 'nbread' 'nbwrite'> <Ports = 0> <Width = 45> <Depth = 2> <FIFO>
ST_2 : Operation 348 [1/1] (0.00ns)   --->   "%memory_in_local_780 = extractvalue i20250 %call_ret2" [top_wrapper.cpp:121]   --->   Operation 348 'extractvalue' 'memory_in_local_780' <Predicate = true> <Delay = 0.00> <CoreInst = "FIFO_SRL">   --->   Core 80 'FIFO_SRL' <Latency = 0> <II = 1> <Delay = 1.83> <Storage> <Opcode : 'read' 'write' 'nbread' 'nbwrite'> <Ports = 0> <Width = 45> <Depth = 2> <FIFO>
ST_2 : Operation 349 [1/1] (0.00ns)   --->   "%memory_in_local_781 = extractvalue i20250 %call_ret2" [top_wrapper.cpp:121]   --->   Operation 349 'extractvalue' 'memory_in_local_781' <Predicate = true> <Delay = 0.00> <CoreInst = "FIFO_SRL">   --->   Core 80 'FIFO_SRL' <Latency = 0> <II = 1> <Delay = 1.83> <Storage> <Opcode : 'read' 'write' 'nbread' 'nbwrite'> <Ports = 0> <Width = 45> <Depth = 2> <FIFO>
ST_2 : Operation 350 [1/1] (0.00ns)   --->   "%memory_in_local_782 = extractvalue i20250 %call_ret2" [top_wrapper.cpp:121]   --->   Operation 350 'extractvalue' 'memory_in_local_782' <Predicate = true> <Delay = 0.00> <CoreInst = "FIFO_SRL">   --->   Core 80 'FIFO_SRL' <Latency = 0> <II = 1> <Delay = 1.83> <Storage> <Opcode : 'read' 'write' 'nbread' 'nbwrite'> <Ports = 0> <Width = 45> <Depth = 2> <FIFO>
ST_2 : Operation 351 [1/1] (0.00ns)   --->   "%memory_in_local_783 = extractvalue i20250 %call_ret2" [top_wrapper.cpp:121]   --->   Operation 351 'extractvalue' 'memory_in_local_783' <Predicate = true> <Delay = 0.00> <CoreInst = "FIFO_SRL">   --->   Core 80 'FIFO_SRL' <Latency = 0> <II = 1> <Delay = 1.83> <Storage> <Opcode : 'read' 'write' 'nbread' 'nbwrite'> <Ports = 0> <Width = 45> <Depth = 2> <FIFO>
ST_2 : Operation 352 [1/1] (0.00ns)   --->   "%memory_in_local_784 = extractvalue i20250 %call_ret2" [top_wrapper.cpp:121]   --->   Operation 352 'extractvalue' 'memory_in_local_784' <Predicate = true> <Delay = 0.00> <CoreInst = "FIFO_SRL">   --->   Core 80 'FIFO_SRL' <Latency = 0> <II = 1> <Delay = 1.83> <Storage> <Opcode : 'read' 'write' 'nbread' 'nbwrite'> <Ports = 0> <Width = 45> <Depth = 2> <FIFO>
ST_2 : Operation 353 [1/1] (0.00ns)   --->   "%memory_in_local_785 = extractvalue i20250 %call_ret2" [top_wrapper.cpp:121]   --->   Operation 353 'extractvalue' 'memory_in_local_785' <Predicate = true> <Delay = 0.00> <CoreInst = "FIFO_SRL">   --->   Core 80 'FIFO_SRL' <Latency = 0> <II = 1> <Delay = 1.83> <Storage> <Opcode : 'read' 'write' 'nbread' 'nbwrite'> <Ports = 0> <Width = 45> <Depth = 2> <FIFO>
ST_2 : Operation 354 [1/1] (0.00ns)   --->   "%memory_in_local_786 = extractvalue i20250 %call_ret2" [top_wrapper.cpp:121]   --->   Operation 354 'extractvalue' 'memory_in_local_786' <Predicate = true> <Delay = 0.00> <CoreInst = "FIFO_SRL">   --->   Core 80 'FIFO_SRL' <Latency = 0> <II = 1> <Delay = 1.83> <Storage> <Opcode : 'read' 'write' 'nbread' 'nbwrite'> <Ports = 0> <Width = 45> <Depth = 2> <FIFO>
ST_2 : Operation 355 [1/1] (0.00ns)   --->   "%memory_in_local_787 = extractvalue i20250 %call_ret2" [top_wrapper.cpp:121]   --->   Operation 355 'extractvalue' 'memory_in_local_787' <Predicate = true> <Delay = 0.00> <CoreInst = "FIFO_SRL">   --->   Core 80 'FIFO_SRL' <Latency = 0> <II = 1> <Delay = 1.83> <Storage> <Opcode : 'read' 'write' 'nbread' 'nbwrite'> <Ports = 0> <Width = 45> <Depth = 2> <FIFO>
ST_2 : Operation 356 [1/1] (0.00ns)   --->   "%memory_in_local_788 = extractvalue i20250 %call_ret2" [top_wrapper.cpp:121]   --->   Operation 356 'extractvalue' 'memory_in_local_788' <Predicate = true> <Delay = 0.00> <CoreInst = "FIFO_SRL">   --->   Core 80 'FIFO_SRL' <Latency = 0> <II = 1> <Delay = 1.83> <Storage> <Opcode : 'read' 'write' 'nbread' 'nbwrite'> <Ports = 0> <Width = 45> <Depth = 2> <FIFO>
ST_2 : Operation 357 [1/1] (0.00ns)   --->   "%memory_in_local_789 = extractvalue i20250 %call_ret2" [top_wrapper.cpp:121]   --->   Operation 357 'extractvalue' 'memory_in_local_789' <Predicate = true> <Delay = 0.00> <CoreInst = "FIFO_SRL">   --->   Core 80 'FIFO_SRL' <Latency = 0> <II = 1> <Delay = 1.83> <Storage> <Opcode : 'read' 'write' 'nbread' 'nbwrite'> <Ports = 0> <Width = 45> <Depth = 2> <FIFO>
ST_2 : Operation 358 [1/1] (0.00ns)   --->   "%memory_in_local_790 = extractvalue i20250 %call_ret2" [top_wrapper.cpp:121]   --->   Operation 358 'extractvalue' 'memory_in_local_790' <Predicate = true> <Delay = 0.00> <CoreInst = "FIFO_SRL">   --->   Core 80 'FIFO_SRL' <Latency = 0> <II = 1> <Delay = 1.83> <Storage> <Opcode : 'read' 'write' 'nbread' 'nbwrite'> <Ports = 0> <Width = 45> <Depth = 2> <FIFO>
ST_2 : Operation 359 [1/1] (0.00ns)   --->   "%memory_in_local_791 = extractvalue i20250 %call_ret2" [top_wrapper.cpp:121]   --->   Operation 359 'extractvalue' 'memory_in_local_791' <Predicate = true> <Delay = 0.00> <CoreInst = "FIFO_SRL">   --->   Core 80 'FIFO_SRL' <Latency = 0> <II = 1> <Delay = 1.83> <Storage> <Opcode : 'read' 'write' 'nbread' 'nbwrite'> <Ports = 0> <Width = 45> <Depth = 2> <FIFO>
ST_2 : Operation 360 [1/1] (0.00ns)   --->   "%memory_in_local_792 = extractvalue i20250 %call_ret2" [top_wrapper.cpp:121]   --->   Operation 360 'extractvalue' 'memory_in_local_792' <Predicate = true> <Delay = 0.00> <CoreInst = "FIFO_SRL">   --->   Core 80 'FIFO_SRL' <Latency = 0> <II = 1> <Delay = 1.83> <Storage> <Opcode : 'read' 'write' 'nbread' 'nbwrite'> <Ports = 0> <Width = 45> <Depth = 2> <FIFO>
ST_2 : Operation 361 [1/1] (0.00ns)   --->   "%memory_in_local_793 = extractvalue i20250 %call_ret2" [top_wrapper.cpp:121]   --->   Operation 361 'extractvalue' 'memory_in_local_793' <Predicate = true> <Delay = 0.00> <CoreInst = "FIFO_SRL">   --->   Core 80 'FIFO_SRL' <Latency = 0> <II = 1> <Delay = 1.83> <Storage> <Opcode : 'read' 'write' 'nbread' 'nbwrite'> <Ports = 0> <Width = 45> <Depth = 2> <FIFO>
ST_2 : Operation 362 [1/1] (0.00ns)   --->   "%memory_in_local_794 = extractvalue i20250 %call_ret2" [top_wrapper.cpp:121]   --->   Operation 362 'extractvalue' 'memory_in_local_794' <Predicate = true> <Delay = 0.00> <CoreInst = "FIFO_SRL">   --->   Core 80 'FIFO_SRL' <Latency = 0> <II = 1> <Delay = 1.83> <Storage> <Opcode : 'read' 'write' 'nbread' 'nbwrite'> <Ports = 0> <Width = 45> <Depth = 2> <FIFO>
ST_2 : Operation 363 [1/1] (0.00ns)   --->   "%memory_in_local_795 = extractvalue i20250 %call_ret2" [top_wrapper.cpp:121]   --->   Operation 363 'extractvalue' 'memory_in_local_795' <Predicate = true> <Delay = 0.00> <CoreInst = "FIFO_SRL">   --->   Core 80 'FIFO_SRL' <Latency = 0> <II = 1> <Delay = 1.83> <Storage> <Opcode : 'read' 'write' 'nbread' 'nbwrite'> <Ports = 0> <Width = 45> <Depth = 2> <FIFO>
ST_2 : Operation 364 [1/1] (0.00ns)   --->   "%memory_in_local_796 = extractvalue i20250 %call_ret2" [top_wrapper.cpp:121]   --->   Operation 364 'extractvalue' 'memory_in_local_796' <Predicate = true> <Delay = 0.00> <CoreInst = "FIFO_SRL">   --->   Core 80 'FIFO_SRL' <Latency = 0> <II = 1> <Delay = 1.83> <Storage> <Opcode : 'read' 'write' 'nbread' 'nbwrite'> <Ports = 0> <Width = 45> <Depth = 2> <FIFO>
ST_2 : Operation 365 [1/1] (0.00ns)   --->   "%memory_in_local_797 = extractvalue i20250 %call_ret2" [top_wrapper.cpp:121]   --->   Operation 365 'extractvalue' 'memory_in_local_797' <Predicate = true> <Delay = 0.00> <CoreInst = "FIFO_SRL">   --->   Core 80 'FIFO_SRL' <Latency = 0> <II = 1> <Delay = 1.83> <Storage> <Opcode : 'read' 'write' 'nbread' 'nbwrite'> <Ports = 0> <Width = 45> <Depth = 2> <FIFO>
ST_2 : Operation 366 [1/1] (0.00ns)   --->   "%memory_in_local_798 = extractvalue i20250 %call_ret2" [top_wrapper.cpp:121]   --->   Operation 366 'extractvalue' 'memory_in_local_798' <Predicate = true> <Delay = 0.00> <CoreInst = "FIFO_SRL">   --->   Core 80 'FIFO_SRL' <Latency = 0> <II = 1> <Delay = 1.83> <Storage> <Opcode : 'read' 'write' 'nbread' 'nbwrite'> <Ports = 0> <Width = 45> <Depth = 2> <FIFO>
ST_2 : Operation 367 [1/1] (0.00ns)   --->   "%memory_in_local_799 = extractvalue i20250 %call_ret2" [top_wrapper.cpp:121]   --->   Operation 367 'extractvalue' 'memory_in_local_799' <Predicate = true> <Delay = 0.00> <CoreInst = "FIFO_SRL">   --->   Core 80 'FIFO_SRL' <Latency = 0> <II = 1> <Delay = 1.83> <Storage> <Opcode : 'read' 'write' 'nbread' 'nbwrite'> <Ports = 0> <Width = 45> <Depth = 2> <FIFO>
ST_2 : Operation 368 [1/1] (0.00ns)   --->   "%memory_in_local_800 = extractvalue i20250 %call_ret2" [top_wrapper.cpp:121]   --->   Operation 368 'extractvalue' 'memory_in_local_800' <Predicate = true> <Delay = 0.00> <CoreInst = "FIFO_SRL">   --->   Core 80 'FIFO_SRL' <Latency = 0> <II = 1> <Delay = 1.83> <Storage> <Opcode : 'read' 'write' 'nbread' 'nbwrite'> <Ports = 0> <Width = 45> <Depth = 2> <FIFO>
ST_2 : Operation 369 [1/1] (0.00ns)   --->   "%memory_in_local_801 = extractvalue i20250 %call_ret2" [top_wrapper.cpp:121]   --->   Operation 369 'extractvalue' 'memory_in_local_801' <Predicate = true> <Delay = 0.00> <CoreInst = "FIFO_SRL">   --->   Core 80 'FIFO_SRL' <Latency = 0> <II = 1> <Delay = 1.83> <Storage> <Opcode : 'read' 'write' 'nbread' 'nbwrite'> <Ports = 0> <Width = 45> <Depth = 2> <FIFO>
ST_2 : Operation 370 [1/1] (0.00ns)   --->   "%memory_in_local_802 = extractvalue i20250 %call_ret2" [top_wrapper.cpp:121]   --->   Operation 370 'extractvalue' 'memory_in_local_802' <Predicate = true> <Delay = 0.00> <CoreInst = "FIFO_SRL">   --->   Core 80 'FIFO_SRL' <Latency = 0> <II = 1> <Delay = 1.83> <Storage> <Opcode : 'read' 'write' 'nbread' 'nbwrite'> <Ports = 0> <Width = 45> <Depth = 2> <FIFO>
ST_2 : Operation 371 [1/1] (0.00ns)   --->   "%memory_in_local_803 = extractvalue i20250 %call_ret2" [top_wrapper.cpp:121]   --->   Operation 371 'extractvalue' 'memory_in_local_803' <Predicate = true> <Delay = 0.00> <CoreInst = "FIFO_SRL">   --->   Core 80 'FIFO_SRL' <Latency = 0> <II = 1> <Delay = 1.83> <Storage> <Opcode : 'read' 'write' 'nbread' 'nbwrite'> <Ports = 0> <Width = 45> <Depth = 2> <FIFO>
ST_2 : Operation 372 [1/1] (0.00ns)   --->   "%memory_in_local_804 = extractvalue i20250 %call_ret2" [top_wrapper.cpp:121]   --->   Operation 372 'extractvalue' 'memory_in_local_804' <Predicate = true> <Delay = 0.00> <CoreInst = "FIFO_SRL">   --->   Core 80 'FIFO_SRL' <Latency = 0> <II = 1> <Delay = 1.83> <Storage> <Opcode : 'read' 'write' 'nbread' 'nbwrite'> <Ports = 0> <Width = 45> <Depth = 2> <FIFO>
ST_2 : Operation 373 [1/1] (0.00ns)   --->   "%memory_in_local_805 = extractvalue i20250 %call_ret2" [top_wrapper.cpp:121]   --->   Operation 373 'extractvalue' 'memory_in_local_805' <Predicate = true> <Delay = 0.00> <CoreInst = "FIFO_SRL">   --->   Core 80 'FIFO_SRL' <Latency = 0> <II = 1> <Delay = 1.83> <Storage> <Opcode : 'read' 'write' 'nbread' 'nbwrite'> <Ports = 0> <Width = 45> <Depth = 2> <FIFO>
ST_2 : Operation 374 [1/1] (0.00ns)   --->   "%memory_in_local_806 = extractvalue i20250 %call_ret2" [top_wrapper.cpp:121]   --->   Operation 374 'extractvalue' 'memory_in_local_806' <Predicate = true> <Delay = 0.00> <CoreInst = "FIFO_SRL">   --->   Core 80 'FIFO_SRL' <Latency = 0> <II = 1> <Delay = 1.83> <Storage> <Opcode : 'read' 'write' 'nbread' 'nbwrite'> <Ports = 0> <Width = 45> <Depth = 2> <FIFO>
ST_2 : Operation 375 [1/1] (0.00ns)   --->   "%memory_in_local_807 = extractvalue i20250 %call_ret2" [top_wrapper.cpp:121]   --->   Operation 375 'extractvalue' 'memory_in_local_807' <Predicate = true> <Delay = 0.00> <CoreInst = "FIFO_SRL">   --->   Core 80 'FIFO_SRL' <Latency = 0> <II = 1> <Delay = 1.83> <Storage> <Opcode : 'read' 'write' 'nbread' 'nbwrite'> <Ports = 0> <Width = 45> <Depth = 2> <FIFO>
ST_2 : Operation 376 [1/1] (0.00ns)   --->   "%memory_in_local_808 = extractvalue i20250 %call_ret2" [top_wrapper.cpp:121]   --->   Operation 376 'extractvalue' 'memory_in_local_808' <Predicate = true> <Delay = 0.00> <CoreInst = "FIFO_SRL">   --->   Core 80 'FIFO_SRL' <Latency = 0> <II = 1> <Delay = 1.83> <Storage> <Opcode : 'read' 'write' 'nbread' 'nbwrite'> <Ports = 0> <Width = 45> <Depth = 2> <FIFO>
ST_2 : Operation 377 [1/1] (0.00ns)   --->   "%memory_in_local_809 = extractvalue i20250 %call_ret2" [top_wrapper.cpp:121]   --->   Operation 377 'extractvalue' 'memory_in_local_809' <Predicate = true> <Delay = 0.00> <CoreInst = "FIFO_SRL">   --->   Core 80 'FIFO_SRL' <Latency = 0> <II = 1> <Delay = 1.83> <Storage> <Opcode : 'read' 'write' 'nbread' 'nbwrite'> <Ports = 0> <Width = 45> <Depth = 2> <FIFO>
ST_2 : Operation 378 [1/1] (0.00ns)   --->   "%memory_in_local_810 = extractvalue i20250 %call_ret2" [top_wrapper.cpp:121]   --->   Operation 378 'extractvalue' 'memory_in_local_810' <Predicate = true> <Delay = 0.00> <CoreInst = "FIFO_SRL">   --->   Core 80 'FIFO_SRL' <Latency = 0> <II = 1> <Delay = 1.83> <Storage> <Opcode : 'read' 'write' 'nbread' 'nbwrite'> <Ports = 0> <Width = 45> <Depth = 2> <FIFO>
ST_2 : Operation 379 [1/1] (0.00ns)   --->   "%memory_in_local_811 = extractvalue i20250 %call_ret2" [top_wrapper.cpp:121]   --->   Operation 379 'extractvalue' 'memory_in_local_811' <Predicate = true> <Delay = 0.00> <CoreInst = "FIFO_SRL">   --->   Core 80 'FIFO_SRL' <Latency = 0> <II = 1> <Delay = 1.83> <Storage> <Opcode : 'read' 'write' 'nbread' 'nbwrite'> <Ports = 0> <Width = 45> <Depth = 2> <FIFO>
ST_2 : Operation 380 [1/1] (0.00ns)   --->   "%memory_in_local_812 = extractvalue i20250 %call_ret2" [top_wrapper.cpp:121]   --->   Operation 380 'extractvalue' 'memory_in_local_812' <Predicate = true> <Delay = 0.00> <CoreInst = "FIFO_SRL">   --->   Core 80 'FIFO_SRL' <Latency = 0> <II = 1> <Delay = 1.83> <Storage> <Opcode : 'read' 'write' 'nbread' 'nbwrite'> <Ports = 0> <Width = 45> <Depth = 2> <FIFO>
ST_2 : Operation 381 [1/1] (0.00ns)   --->   "%memory_in_local_813 = extractvalue i20250 %call_ret2" [top_wrapper.cpp:121]   --->   Operation 381 'extractvalue' 'memory_in_local_813' <Predicate = true> <Delay = 0.00> <CoreInst = "FIFO_SRL">   --->   Core 80 'FIFO_SRL' <Latency = 0> <II = 1> <Delay = 1.83> <Storage> <Opcode : 'read' 'write' 'nbread' 'nbwrite'> <Ports = 0> <Width = 45> <Depth = 2> <FIFO>
ST_2 : Operation 382 [1/1] (0.00ns)   --->   "%memory_in_local_814 = extractvalue i20250 %call_ret2" [top_wrapper.cpp:121]   --->   Operation 382 'extractvalue' 'memory_in_local_814' <Predicate = true> <Delay = 0.00> <CoreInst = "FIFO_SRL">   --->   Core 80 'FIFO_SRL' <Latency = 0> <II = 1> <Delay = 1.83> <Storage> <Opcode : 'read' 'write' 'nbread' 'nbwrite'> <Ports = 0> <Width = 45> <Depth = 2> <FIFO>
ST_2 : Operation 383 [1/1] (0.00ns)   --->   "%memory_in_local_815 = extractvalue i20250 %call_ret2" [top_wrapper.cpp:121]   --->   Operation 383 'extractvalue' 'memory_in_local_815' <Predicate = true> <Delay = 0.00> <CoreInst = "FIFO_SRL">   --->   Core 80 'FIFO_SRL' <Latency = 0> <II = 1> <Delay = 1.83> <Storage> <Opcode : 'read' 'write' 'nbread' 'nbwrite'> <Ports = 0> <Width = 45> <Depth = 2> <FIFO>
ST_2 : Operation 384 [1/1] (0.00ns)   --->   "%memory_in_local_816 = extractvalue i20250 %call_ret2" [top_wrapper.cpp:121]   --->   Operation 384 'extractvalue' 'memory_in_local_816' <Predicate = true> <Delay = 0.00> <CoreInst = "FIFO_SRL">   --->   Core 80 'FIFO_SRL' <Latency = 0> <II = 1> <Delay = 1.83> <Storage> <Opcode : 'read' 'write' 'nbread' 'nbwrite'> <Ports = 0> <Width = 45> <Depth = 2> <FIFO>
ST_2 : Operation 385 [1/1] (0.00ns)   --->   "%memory_in_local_817 = extractvalue i20250 %call_ret2" [top_wrapper.cpp:121]   --->   Operation 385 'extractvalue' 'memory_in_local_817' <Predicate = true> <Delay = 0.00> <CoreInst = "FIFO_SRL">   --->   Core 80 'FIFO_SRL' <Latency = 0> <II = 1> <Delay = 1.83> <Storage> <Opcode : 'read' 'write' 'nbread' 'nbwrite'> <Ports = 0> <Width = 45> <Depth = 2> <FIFO>
ST_2 : Operation 386 [1/1] (0.00ns)   --->   "%memory_in_local_818 = extractvalue i20250 %call_ret2" [top_wrapper.cpp:121]   --->   Operation 386 'extractvalue' 'memory_in_local_818' <Predicate = true> <Delay = 0.00> <CoreInst = "FIFO_SRL">   --->   Core 80 'FIFO_SRL' <Latency = 0> <II = 1> <Delay = 1.83> <Storage> <Opcode : 'read' 'write' 'nbread' 'nbwrite'> <Ports = 0> <Width = 45> <Depth = 2> <FIFO>
ST_2 : Operation 387 [1/1] (0.00ns)   --->   "%memory_in_local_819 = extractvalue i20250 %call_ret2" [top_wrapper.cpp:121]   --->   Operation 387 'extractvalue' 'memory_in_local_819' <Predicate = true> <Delay = 0.00> <CoreInst = "FIFO_SRL">   --->   Core 80 'FIFO_SRL' <Latency = 0> <II = 1> <Delay = 1.83> <Storage> <Opcode : 'read' 'write' 'nbread' 'nbwrite'> <Ports = 0> <Width = 45> <Depth = 2> <FIFO>
ST_2 : Operation 388 [1/1] (0.00ns)   --->   "%memory_in_local_820 = extractvalue i20250 %call_ret2" [top_wrapper.cpp:121]   --->   Operation 388 'extractvalue' 'memory_in_local_820' <Predicate = true> <Delay = 0.00> <CoreInst = "FIFO_SRL">   --->   Core 80 'FIFO_SRL' <Latency = 0> <II = 1> <Delay = 1.83> <Storage> <Opcode : 'read' 'write' 'nbread' 'nbwrite'> <Ports = 0> <Width = 45> <Depth = 2> <FIFO>
ST_2 : Operation 389 [1/1] (0.00ns)   --->   "%memory_in_local_821 = extractvalue i20250 %call_ret2" [top_wrapper.cpp:121]   --->   Operation 389 'extractvalue' 'memory_in_local_821' <Predicate = true> <Delay = 0.00> <CoreInst = "FIFO_SRL">   --->   Core 80 'FIFO_SRL' <Latency = 0> <II = 1> <Delay = 1.83> <Storage> <Opcode : 'read' 'write' 'nbread' 'nbwrite'> <Ports = 0> <Width = 45> <Depth = 2> <FIFO>
ST_2 : Operation 390 [1/1] (0.00ns)   --->   "%memory_in_local_822 = extractvalue i20250 %call_ret2" [top_wrapper.cpp:121]   --->   Operation 390 'extractvalue' 'memory_in_local_822' <Predicate = true> <Delay = 0.00> <CoreInst = "FIFO_SRL">   --->   Core 80 'FIFO_SRL' <Latency = 0> <II = 1> <Delay = 1.83> <Storage> <Opcode : 'read' 'write' 'nbread' 'nbwrite'> <Ports = 0> <Width = 45> <Depth = 2> <FIFO>
ST_2 : Operation 391 [1/1] (0.00ns)   --->   "%memory_in_local_823 = extractvalue i20250 %call_ret2" [top_wrapper.cpp:121]   --->   Operation 391 'extractvalue' 'memory_in_local_823' <Predicate = true> <Delay = 0.00> <CoreInst = "FIFO_SRL">   --->   Core 80 'FIFO_SRL' <Latency = 0> <II = 1> <Delay = 1.83> <Storage> <Opcode : 'read' 'write' 'nbread' 'nbwrite'> <Ports = 0> <Width = 45> <Depth = 2> <FIFO>
ST_2 : Operation 392 [1/1] (0.00ns)   --->   "%memory_in_local_824 = extractvalue i20250 %call_ret2" [top_wrapper.cpp:121]   --->   Operation 392 'extractvalue' 'memory_in_local_824' <Predicate = true> <Delay = 0.00> <CoreInst = "FIFO_SRL">   --->   Core 80 'FIFO_SRL' <Latency = 0> <II = 1> <Delay = 1.83> <Storage> <Opcode : 'read' 'write' 'nbread' 'nbwrite'> <Ports = 0> <Width = 45> <Depth = 2> <FIFO>
ST_2 : Operation 393 [1/1] (0.00ns)   --->   "%memory_in_local_825 = extractvalue i20250 %call_ret2" [top_wrapper.cpp:121]   --->   Operation 393 'extractvalue' 'memory_in_local_825' <Predicate = true> <Delay = 0.00> <CoreInst = "FIFO_SRL">   --->   Core 80 'FIFO_SRL' <Latency = 0> <II = 1> <Delay = 1.83> <Storage> <Opcode : 'read' 'write' 'nbread' 'nbwrite'> <Ports = 0> <Width = 45> <Depth = 2> <FIFO>
ST_2 : Operation 394 [1/1] (0.00ns)   --->   "%memory_in_local_826 = extractvalue i20250 %call_ret2" [top_wrapper.cpp:121]   --->   Operation 394 'extractvalue' 'memory_in_local_826' <Predicate = true> <Delay = 0.00> <CoreInst = "FIFO_SRL">   --->   Core 80 'FIFO_SRL' <Latency = 0> <II = 1> <Delay = 1.83> <Storage> <Opcode : 'read' 'write' 'nbread' 'nbwrite'> <Ports = 0> <Width = 45> <Depth = 2> <FIFO>
ST_2 : Operation 395 [1/1] (0.00ns)   --->   "%memory_in_local_827 = extractvalue i20250 %call_ret2" [top_wrapper.cpp:121]   --->   Operation 395 'extractvalue' 'memory_in_local_827' <Predicate = true> <Delay = 0.00> <CoreInst = "FIFO_SRL">   --->   Core 80 'FIFO_SRL' <Latency = 0> <II = 1> <Delay = 1.83> <Storage> <Opcode : 'read' 'write' 'nbread' 'nbwrite'> <Ports = 0> <Width = 45> <Depth = 2> <FIFO>
ST_2 : Operation 396 [1/1] (0.00ns)   --->   "%memory_in_local_828 = extractvalue i20250 %call_ret2" [top_wrapper.cpp:121]   --->   Operation 396 'extractvalue' 'memory_in_local_828' <Predicate = true> <Delay = 0.00> <CoreInst = "FIFO_SRL">   --->   Core 80 'FIFO_SRL' <Latency = 0> <II = 1> <Delay = 1.83> <Storage> <Opcode : 'read' 'write' 'nbread' 'nbwrite'> <Ports = 0> <Width = 45> <Depth = 2> <FIFO>
ST_2 : Operation 397 [1/1] (0.00ns)   --->   "%memory_in_local_829 = extractvalue i20250 %call_ret2" [top_wrapper.cpp:121]   --->   Operation 397 'extractvalue' 'memory_in_local_829' <Predicate = true> <Delay = 0.00> <CoreInst = "FIFO_SRL">   --->   Core 80 'FIFO_SRL' <Latency = 0> <II = 1> <Delay = 1.83> <Storage> <Opcode : 'read' 'write' 'nbread' 'nbwrite'> <Ports = 0> <Width = 45> <Depth = 2> <FIFO>
ST_2 : Operation 398 [1/1] (0.00ns)   --->   "%memory_in_local_830 = extractvalue i20250 %call_ret2" [top_wrapper.cpp:121]   --->   Operation 398 'extractvalue' 'memory_in_local_830' <Predicate = true> <Delay = 0.00> <CoreInst = "FIFO_SRL">   --->   Core 80 'FIFO_SRL' <Latency = 0> <II = 1> <Delay = 1.83> <Storage> <Opcode : 'read' 'write' 'nbread' 'nbwrite'> <Ports = 0> <Width = 45> <Depth = 2> <FIFO>
ST_2 : Operation 399 [1/1] (0.00ns)   --->   "%memory_in_local_831 = extractvalue i20250 %call_ret2" [top_wrapper.cpp:121]   --->   Operation 399 'extractvalue' 'memory_in_local_831' <Predicate = true> <Delay = 0.00> <CoreInst = "FIFO_SRL">   --->   Core 80 'FIFO_SRL' <Latency = 0> <II = 1> <Delay = 1.83> <Storage> <Opcode : 'read' 'write' 'nbread' 'nbwrite'> <Ports = 0> <Width = 45> <Depth = 2> <FIFO>
ST_2 : Operation 400 [1/1] (0.00ns)   --->   "%memory_in_local_832 = extractvalue i20250 %call_ret2" [top_wrapper.cpp:121]   --->   Operation 400 'extractvalue' 'memory_in_local_832' <Predicate = true> <Delay = 0.00> <CoreInst = "FIFO_SRL">   --->   Core 80 'FIFO_SRL' <Latency = 0> <II = 1> <Delay = 1.83> <Storage> <Opcode : 'read' 'write' 'nbread' 'nbwrite'> <Ports = 0> <Width = 45> <Depth = 2> <FIFO>
ST_2 : Operation 401 [1/1] (0.00ns)   --->   "%memory_in_local_833 = extractvalue i20250 %call_ret2" [top_wrapper.cpp:121]   --->   Operation 401 'extractvalue' 'memory_in_local_833' <Predicate = true> <Delay = 0.00> <CoreInst = "FIFO_SRL">   --->   Core 80 'FIFO_SRL' <Latency = 0> <II = 1> <Delay = 1.83> <Storage> <Opcode : 'read' 'write' 'nbread' 'nbwrite'> <Ports = 0> <Width = 45> <Depth = 2> <FIFO>
ST_2 : Operation 402 [1/1] (0.00ns)   --->   "%memory_in_local_834 = extractvalue i20250 %call_ret2" [top_wrapper.cpp:121]   --->   Operation 402 'extractvalue' 'memory_in_local_834' <Predicate = true> <Delay = 0.00> <CoreInst = "FIFO_SRL">   --->   Core 80 'FIFO_SRL' <Latency = 0> <II = 1> <Delay = 1.83> <Storage> <Opcode : 'read' 'write' 'nbread' 'nbwrite'> <Ports = 0> <Width = 45> <Depth = 2> <FIFO>
ST_2 : Operation 403 [1/1] (0.00ns)   --->   "%memory_in_local_835 = extractvalue i20250 %call_ret2" [top_wrapper.cpp:121]   --->   Operation 403 'extractvalue' 'memory_in_local_835' <Predicate = true> <Delay = 0.00> <CoreInst = "FIFO_SRL">   --->   Core 80 'FIFO_SRL' <Latency = 0> <II = 1> <Delay = 1.83> <Storage> <Opcode : 'read' 'write' 'nbread' 'nbwrite'> <Ports = 0> <Width = 45> <Depth = 2> <FIFO>
ST_2 : Operation 404 [1/1] (0.00ns)   --->   "%memory_in_local_836 = extractvalue i20250 %call_ret2" [top_wrapper.cpp:121]   --->   Operation 404 'extractvalue' 'memory_in_local_836' <Predicate = true> <Delay = 0.00> <CoreInst = "FIFO_SRL">   --->   Core 80 'FIFO_SRL' <Latency = 0> <II = 1> <Delay = 1.83> <Storage> <Opcode : 'read' 'write' 'nbread' 'nbwrite'> <Ports = 0> <Width = 45> <Depth = 2> <FIFO>
ST_2 : Operation 405 [1/1] (0.00ns)   --->   "%memory_in_local_837 = extractvalue i20250 %call_ret2" [top_wrapper.cpp:121]   --->   Operation 405 'extractvalue' 'memory_in_local_837' <Predicate = true> <Delay = 0.00> <CoreInst = "FIFO_SRL">   --->   Core 80 'FIFO_SRL' <Latency = 0> <II = 1> <Delay = 1.83> <Storage> <Opcode : 'read' 'write' 'nbread' 'nbwrite'> <Ports = 0> <Width = 45> <Depth = 2> <FIFO>
ST_2 : Operation 406 [1/1] (0.00ns)   --->   "%memory_in_local_838 = extractvalue i20250 %call_ret2" [top_wrapper.cpp:121]   --->   Operation 406 'extractvalue' 'memory_in_local_838' <Predicate = true> <Delay = 0.00> <CoreInst = "FIFO_SRL">   --->   Core 80 'FIFO_SRL' <Latency = 0> <II = 1> <Delay = 1.83> <Storage> <Opcode : 'read' 'write' 'nbread' 'nbwrite'> <Ports = 0> <Width = 45> <Depth = 2> <FIFO>
ST_2 : Operation 407 [1/1] (0.00ns)   --->   "%memory_in_local_839 = extractvalue i20250 %call_ret2" [top_wrapper.cpp:121]   --->   Operation 407 'extractvalue' 'memory_in_local_839' <Predicate = true> <Delay = 0.00> <CoreInst = "FIFO_SRL">   --->   Core 80 'FIFO_SRL' <Latency = 0> <II = 1> <Delay = 1.83> <Storage> <Opcode : 'read' 'write' 'nbread' 'nbwrite'> <Ports = 0> <Width = 45> <Depth = 2> <FIFO>
ST_2 : Operation 408 [1/1] (0.00ns)   --->   "%memory_in_local_840 = extractvalue i20250 %call_ret2" [top_wrapper.cpp:121]   --->   Operation 408 'extractvalue' 'memory_in_local_840' <Predicate = true> <Delay = 0.00> <CoreInst = "FIFO_SRL">   --->   Core 80 'FIFO_SRL' <Latency = 0> <II = 1> <Delay = 1.83> <Storage> <Opcode : 'read' 'write' 'nbread' 'nbwrite'> <Ports = 0> <Width = 45> <Depth = 2> <FIFO>
ST_2 : Operation 409 [1/1] (0.00ns)   --->   "%memory_in_local_841 = extractvalue i20250 %call_ret2" [top_wrapper.cpp:121]   --->   Operation 409 'extractvalue' 'memory_in_local_841' <Predicate = true> <Delay = 0.00> <CoreInst = "FIFO_SRL">   --->   Core 80 'FIFO_SRL' <Latency = 0> <II = 1> <Delay = 1.83> <Storage> <Opcode : 'read' 'write' 'nbread' 'nbwrite'> <Ports = 0> <Width = 45> <Depth = 2> <FIFO>
ST_2 : Operation 410 [1/1] (0.00ns)   --->   "%memory_in_local_842 = extractvalue i20250 %call_ret2" [top_wrapper.cpp:121]   --->   Operation 410 'extractvalue' 'memory_in_local_842' <Predicate = true> <Delay = 0.00> <CoreInst = "FIFO_SRL">   --->   Core 80 'FIFO_SRL' <Latency = 0> <II = 1> <Delay = 1.83> <Storage> <Opcode : 'read' 'write' 'nbread' 'nbwrite'> <Ports = 0> <Width = 45> <Depth = 2> <FIFO>
ST_2 : Operation 411 [1/1] (0.00ns)   --->   "%memory_in_local_843 = extractvalue i20250 %call_ret2" [top_wrapper.cpp:121]   --->   Operation 411 'extractvalue' 'memory_in_local_843' <Predicate = true> <Delay = 0.00> <CoreInst = "FIFO_SRL">   --->   Core 80 'FIFO_SRL' <Latency = 0> <II = 1> <Delay = 1.83> <Storage> <Opcode : 'read' 'write' 'nbread' 'nbwrite'> <Ports = 0> <Width = 45> <Depth = 2> <FIFO>
ST_2 : Operation 412 [1/1] (0.00ns)   --->   "%memory_in_local_844 = extractvalue i20250 %call_ret2" [top_wrapper.cpp:121]   --->   Operation 412 'extractvalue' 'memory_in_local_844' <Predicate = true> <Delay = 0.00> <CoreInst = "FIFO_SRL">   --->   Core 80 'FIFO_SRL' <Latency = 0> <II = 1> <Delay = 1.83> <Storage> <Opcode : 'read' 'write' 'nbread' 'nbwrite'> <Ports = 0> <Width = 45> <Depth = 2> <FIFO>
ST_2 : Operation 413 [1/1] (0.00ns)   --->   "%memory_in_local_845 = extractvalue i20250 %call_ret2" [top_wrapper.cpp:121]   --->   Operation 413 'extractvalue' 'memory_in_local_845' <Predicate = true> <Delay = 0.00> <CoreInst = "FIFO_SRL">   --->   Core 80 'FIFO_SRL' <Latency = 0> <II = 1> <Delay = 1.83> <Storage> <Opcode : 'read' 'write' 'nbread' 'nbwrite'> <Ports = 0> <Width = 45> <Depth = 2> <FIFO>
ST_2 : Operation 414 [1/1] (0.00ns)   --->   "%memory_in_local_846 = extractvalue i20250 %call_ret2" [top_wrapper.cpp:121]   --->   Operation 414 'extractvalue' 'memory_in_local_846' <Predicate = true> <Delay = 0.00> <CoreInst = "FIFO_SRL">   --->   Core 80 'FIFO_SRL' <Latency = 0> <II = 1> <Delay = 1.83> <Storage> <Opcode : 'read' 'write' 'nbread' 'nbwrite'> <Ports = 0> <Width = 45> <Depth = 2> <FIFO>
ST_2 : Operation 415 [1/1] (0.00ns)   --->   "%memory_in_local_847 = extractvalue i20250 %call_ret2" [top_wrapper.cpp:121]   --->   Operation 415 'extractvalue' 'memory_in_local_847' <Predicate = true> <Delay = 0.00> <CoreInst = "FIFO_SRL">   --->   Core 80 'FIFO_SRL' <Latency = 0> <II = 1> <Delay = 1.83> <Storage> <Opcode : 'read' 'write' 'nbread' 'nbwrite'> <Ports = 0> <Width = 45> <Depth = 2> <FIFO>
ST_2 : Operation 416 [1/1] (0.00ns)   --->   "%memory_in_local_848 = extractvalue i20250 %call_ret2" [top_wrapper.cpp:121]   --->   Operation 416 'extractvalue' 'memory_in_local_848' <Predicate = true> <Delay = 0.00> <CoreInst = "FIFO_SRL">   --->   Core 80 'FIFO_SRL' <Latency = 0> <II = 1> <Delay = 1.83> <Storage> <Opcode : 'read' 'write' 'nbread' 'nbwrite'> <Ports = 0> <Width = 45> <Depth = 2> <FIFO>
ST_2 : Operation 417 [1/1] (0.00ns)   --->   "%memory_in_local_849 = extractvalue i20250 %call_ret2" [top_wrapper.cpp:121]   --->   Operation 417 'extractvalue' 'memory_in_local_849' <Predicate = true> <Delay = 0.00> <CoreInst = "FIFO_SRL">   --->   Core 80 'FIFO_SRL' <Latency = 0> <II = 1> <Delay = 1.83> <Storage> <Opcode : 'read' 'write' 'nbread' 'nbwrite'> <Ports = 0> <Width = 45> <Depth = 2> <FIFO>
ST_2 : Operation 418 [1/1] (0.00ns)   --->   "%memory_in_local_850 = extractvalue i20250 %call_ret2" [top_wrapper.cpp:121]   --->   Operation 418 'extractvalue' 'memory_in_local_850' <Predicate = true> <Delay = 0.00> <CoreInst = "FIFO_SRL">   --->   Core 80 'FIFO_SRL' <Latency = 0> <II = 1> <Delay = 1.83> <Storage> <Opcode : 'read' 'write' 'nbread' 'nbwrite'> <Ports = 0> <Width = 45> <Depth = 2> <FIFO>
ST_2 : Operation 419 [1/1] (0.00ns)   --->   "%memory_in_local_851 = extractvalue i20250 %call_ret2" [top_wrapper.cpp:121]   --->   Operation 419 'extractvalue' 'memory_in_local_851' <Predicate = true> <Delay = 0.00> <CoreInst = "FIFO_SRL">   --->   Core 80 'FIFO_SRL' <Latency = 0> <II = 1> <Delay = 1.83> <Storage> <Opcode : 'read' 'write' 'nbread' 'nbwrite'> <Ports = 0> <Width = 45> <Depth = 2> <FIFO>
ST_2 : Operation 420 [1/1] (0.00ns)   --->   "%memory_in_local_852 = extractvalue i20250 %call_ret2" [top_wrapper.cpp:121]   --->   Operation 420 'extractvalue' 'memory_in_local_852' <Predicate = true> <Delay = 0.00> <CoreInst = "FIFO_SRL">   --->   Core 80 'FIFO_SRL' <Latency = 0> <II = 1> <Delay = 1.83> <Storage> <Opcode : 'read' 'write' 'nbread' 'nbwrite'> <Ports = 0> <Width = 45> <Depth = 2> <FIFO>
ST_2 : Operation 421 [1/1] (0.00ns)   --->   "%memory_in_local_853 = extractvalue i20250 %call_ret2" [top_wrapper.cpp:121]   --->   Operation 421 'extractvalue' 'memory_in_local_853' <Predicate = true> <Delay = 0.00> <CoreInst = "FIFO_SRL">   --->   Core 80 'FIFO_SRL' <Latency = 0> <II = 1> <Delay = 1.83> <Storage> <Opcode : 'read' 'write' 'nbread' 'nbwrite'> <Ports = 0> <Width = 45> <Depth = 2> <FIFO>
ST_2 : Operation 422 [1/1] (0.00ns)   --->   "%memory_in_local_854 = extractvalue i20250 %call_ret2" [top_wrapper.cpp:121]   --->   Operation 422 'extractvalue' 'memory_in_local_854' <Predicate = true> <Delay = 0.00> <CoreInst = "FIFO_SRL">   --->   Core 80 'FIFO_SRL' <Latency = 0> <II = 1> <Delay = 1.83> <Storage> <Opcode : 'read' 'write' 'nbread' 'nbwrite'> <Ports = 0> <Width = 45> <Depth = 2> <FIFO>
ST_2 : Operation 423 [1/1] (0.00ns)   --->   "%memory_in_local_855 = extractvalue i20250 %call_ret2" [top_wrapper.cpp:121]   --->   Operation 423 'extractvalue' 'memory_in_local_855' <Predicate = true> <Delay = 0.00> <CoreInst = "FIFO_SRL">   --->   Core 80 'FIFO_SRL' <Latency = 0> <II = 1> <Delay = 1.83> <Storage> <Opcode : 'read' 'write' 'nbread' 'nbwrite'> <Ports = 0> <Width = 45> <Depth = 2> <FIFO>
ST_2 : Operation 424 [1/1] (0.00ns)   --->   "%memory_in_local_856 = extractvalue i20250 %call_ret2" [top_wrapper.cpp:121]   --->   Operation 424 'extractvalue' 'memory_in_local_856' <Predicate = true> <Delay = 0.00> <CoreInst = "FIFO_SRL">   --->   Core 80 'FIFO_SRL' <Latency = 0> <II = 1> <Delay = 1.83> <Storage> <Opcode : 'read' 'write' 'nbread' 'nbwrite'> <Ports = 0> <Width = 45> <Depth = 2> <FIFO>
ST_2 : Operation 425 [1/1] (0.00ns)   --->   "%memory_in_local_857 = extractvalue i20250 %call_ret2" [top_wrapper.cpp:121]   --->   Operation 425 'extractvalue' 'memory_in_local_857' <Predicate = true> <Delay = 0.00> <CoreInst = "FIFO_SRL">   --->   Core 80 'FIFO_SRL' <Latency = 0> <II = 1> <Delay = 1.83> <Storage> <Opcode : 'read' 'write' 'nbread' 'nbwrite'> <Ports = 0> <Width = 45> <Depth = 2> <FIFO>
ST_2 : Operation 426 [1/1] (0.00ns)   --->   "%memory_in_local_858 = extractvalue i20250 %call_ret2" [top_wrapper.cpp:121]   --->   Operation 426 'extractvalue' 'memory_in_local_858' <Predicate = true> <Delay = 0.00> <CoreInst = "FIFO_SRL">   --->   Core 80 'FIFO_SRL' <Latency = 0> <II = 1> <Delay = 1.83> <Storage> <Opcode : 'read' 'write' 'nbread' 'nbwrite'> <Ports = 0> <Width = 45> <Depth = 2> <FIFO>
ST_2 : Operation 427 [1/1] (0.00ns)   --->   "%memory_in_local_859 = extractvalue i20250 %call_ret2" [top_wrapper.cpp:121]   --->   Operation 427 'extractvalue' 'memory_in_local_859' <Predicate = true> <Delay = 0.00> <CoreInst = "FIFO_SRL">   --->   Core 80 'FIFO_SRL' <Latency = 0> <II = 1> <Delay = 1.83> <Storage> <Opcode : 'read' 'write' 'nbread' 'nbwrite'> <Ports = 0> <Width = 45> <Depth = 2> <FIFO>
ST_2 : Operation 428 [1/1] (0.00ns)   --->   "%memory_in_local_860 = extractvalue i20250 %call_ret2" [top_wrapper.cpp:121]   --->   Operation 428 'extractvalue' 'memory_in_local_860' <Predicate = true> <Delay = 0.00> <CoreInst = "FIFO_SRL">   --->   Core 80 'FIFO_SRL' <Latency = 0> <II = 1> <Delay = 1.83> <Storage> <Opcode : 'read' 'write' 'nbread' 'nbwrite'> <Ports = 0> <Width = 45> <Depth = 2> <FIFO>
ST_2 : Operation 429 [1/1] (0.00ns)   --->   "%memory_in_local_861 = extractvalue i20250 %call_ret2" [top_wrapper.cpp:121]   --->   Operation 429 'extractvalue' 'memory_in_local_861' <Predicate = true> <Delay = 0.00> <CoreInst = "FIFO_SRL">   --->   Core 80 'FIFO_SRL' <Latency = 0> <II = 1> <Delay = 1.83> <Storage> <Opcode : 'read' 'write' 'nbread' 'nbwrite'> <Ports = 0> <Width = 45> <Depth = 2> <FIFO>
ST_2 : Operation 430 [1/1] (0.00ns)   --->   "%memory_in_local_862 = extractvalue i20250 %call_ret2" [top_wrapper.cpp:121]   --->   Operation 430 'extractvalue' 'memory_in_local_862' <Predicate = true> <Delay = 0.00> <CoreInst = "FIFO_SRL">   --->   Core 80 'FIFO_SRL' <Latency = 0> <II = 1> <Delay = 1.83> <Storage> <Opcode : 'read' 'write' 'nbread' 'nbwrite'> <Ports = 0> <Width = 45> <Depth = 2> <FIFO>
ST_2 : Operation 431 [1/1] (0.00ns)   --->   "%memory_in_local_863 = extractvalue i20250 %call_ret2" [top_wrapper.cpp:121]   --->   Operation 431 'extractvalue' 'memory_in_local_863' <Predicate = true> <Delay = 0.00> <CoreInst = "FIFO_SRL">   --->   Core 80 'FIFO_SRL' <Latency = 0> <II = 1> <Delay = 1.83> <Storage> <Opcode : 'read' 'write' 'nbread' 'nbwrite'> <Ports = 0> <Width = 45> <Depth = 2> <FIFO>
ST_2 : Operation 432 [1/1] (0.00ns)   --->   "%memory_in_local_864 = extractvalue i20250 %call_ret2" [top_wrapper.cpp:121]   --->   Operation 432 'extractvalue' 'memory_in_local_864' <Predicate = true> <Delay = 0.00> <CoreInst = "FIFO_SRL">   --->   Core 80 'FIFO_SRL' <Latency = 0> <II = 1> <Delay = 1.83> <Storage> <Opcode : 'read' 'write' 'nbread' 'nbwrite'> <Ports = 0> <Width = 45> <Depth = 2> <FIFO>
ST_2 : Operation 433 [1/1] (0.00ns)   --->   "%memory_in_local_865 = extractvalue i20250 %call_ret2" [top_wrapper.cpp:121]   --->   Operation 433 'extractvalue' 'memory_in_local_865' <Predicate = true> <Delay = 0.00> <CoreInst = "FIFO_SRL">   --->   Core 80 'FIFO_SRL' <Latency = 0> <II = 1> <Delay = 1.83> <Storage> <Opcode : 'read' 'write' 'nbread' 'nbwrite'> <Ports = 0> <Width = 45> <Depth = 2> <FIFO>
ST_2 : Operation 434 [1/1] (0.00ns)   --->   "%memory_in_local_866 = extractvalue i20250 %call_ret2" [top_wrapper.cpp:121]   --->   Operation 434 'extractvalue' 'memory_in_local_866' <Predicate = true> <Delay = 0.00> <CoreInst = "FIFO_SRL">   --->   Core 80 'FIFO_SRL' <Latency = 0> <II = 1> <Delay = 1.83> <Storage> <Opcode : 'read' 'write' 'nbread' 'nbwrite'> <Ports = 0> <Width = 45> <Depth = 2> <FIFO>
ST_2 : Operation 435 [1/1] (0.00ns)   --->   "%memory_in_local_867 = extractvalue i20250 %call_ret2" [top_wrapper.cpp:121]   --->   Operation 435 'extractvalue' 'memory_in_local_867' <Predicate = true> <Delay = 0.00> <CoreInst = "FIFO_SRL">   --->   Core 80 'FIFO_SRL' <Latency = 0> <II = 1> <Delay = 1.83> <Storage> <Opcode : 'read' 'write' 'nbread' 'nbwrite'> <Ports = 0> <Width = 45> <Depth = 2> <FIFO>
ST_2 : Operation 436 [1/1] (0.00ns)   --->   "%memory_in_local_868 = extractvalue i20250 %call_ret2" [top_wrapper.cpp:121]   --->   Operation 436 'extractvalue' 'memory_in_local_868' <Predicate = true> <Delay = 0.00> <CoreInst = "FIFO_SRL">   --->   Core 80 'FIFO_SRL' <Latency = 0> <II = 1> <Delay = 1.83> <Storage> <Opcode : 'read' 'write' 'nbread' 'nbwrite'> <Ports = 0> <Width = 45> <Depth = 2> <FIFO>
ST_2 : Operation 437 [1/1] (0.00ns)   --->   "%memory_in_local_869 = extractvalue i20250 %call_ret2" [top_wrapper.cpp:121]   --->   Operation 437 'extractvalue' 'memory_in_local_869' <Predicate = true> <Delay = 0.00> <CoreInst = "FIFO_SRL">   --->   Core 80 'FIFO_SRL' <Latency = 0> <II = 1> <Delay = 1.83> <Storage> <Opcode : 'read' 'write' 'nbread' 'nbwrite'> <Ports = 0> <Width = 45> <Depth = 2> <FIFO>
ST_2 : Operation 438 [1/1] (0.00ns)   --->   "%memory_in_local_870 = extractvalue i20250 %call_ret2" [top_wrapper.cpp:121]   --->   Operation 438 'extractvalue' 'memory_in_local_870' <Predicate = true> <Delay = 0.00> <CoreInst = "FIFO_SRL">   --->   Core 80 'FIFO_SRL' <Latency = 0> <II = 1> <Delay = 1.83> <Storage> <Opcode : 'read' 'write' 'nbread' 'nbwrite'> <Ports = 0> <Width = 45> <Depth = 2> <FIFO>
ST_2 : Operation 439 [1/1] (0.00ns)   --->   "%memory_in_local_871 = extractvalue i20250 %call_ret2" [top_wrapper.cpp:121]   --->   Operation 439 'extractvalue' 'memory_in_local_871' <Predicate = true> <Delay = 0.00> <CoreInst = "FIFO_SRL">   --->   Core 80 'FIFO_SRL' <Latency = 0> <II = 1> <Delay = 1.83> <Storage> <Opcode : 'read' 'write' 'nbread' 'nbwrite'> <Ports = 0> <Width = 45> <Depth = 2> <FIFO>
ST_2 : Operation 440 [1/1] (0.00ns)   --->   "%memory_in_local_872 = extractvalue i20250 %call_ret2" [top_wrapper.cpp:121]   --->   Operation 440 'extractvalue' 'memory_in_local_872' <Predicate = true> <Delay = 0.00> <CoreInst = "FIFO_SRL">   --->   Core 80 'FIFO_SRL' <Latency = 0> <II = 1> <Delay = 1.83> <Storage> <Opcode : 'read' 'write' 'nbread' 'nbwrite'> <Ports = 0> <Width = 45> <Depth = 2> <FIFO>
ST_2 : Operation 441 [1/1] (0.00ns)   --->   "%memory_in_local_873 = extractvalue i20250 %call_ret2" [top_wrapper.cpp:121]   --->   Operation 441 'extractvalue' 'memory_in_local_873' <Predicate = true> <Delay = 0.00> <CoreInst = "FIFO_SRL">   --->   Core 80 'FIFO_SRL' <Latency = 0> <II = 1> <Delay = 1.83> <Storage> <Opcode : 'read' 'write' 'nbread' 'nbwrite'> <Ports = 0> <Width = 45> <Depth = 2> <FIFO>
ST_2 : Operation 442 [1/1] (0.00ns)   --->   "%memory_in_local_874 = extractvalue i20250 %call_ret2" [top_wrapper.cpp:121]   --->   Operation 442 'extractvalue' 'memory_in_local_874' <Predicate = true> <Delay = 0.00> <CoreInst = "FIFO_SRL">   --->   Core 80 'FIFO_SRL' <Latency = 0> <II = 1> <Delay = 1.83> <Storage> <Opcode : 'read' 'write' 'nbread' 'nbwrite'> <Ports = 0> <Width = 45> <Depth = 2> <FIFO>
ST_2 : Operation 443 [1/1] (0.00ns)   --->   "%memory_in_local_875 = extractvalue i20250 %call_ret2" [top_wrapper.cpp:121]   --->   Operation 443 'extractvalue' 'memory_in_local_875' <Predicate = true> <Delay = 0.00> <CoreInst = "FIFO_SRL">   --->   Core 80 'FIFO_SRL' <Latency = 0> <II = 1> <Delay = 1.83> <Storage> <Opcode : 'read' 'write' 'nbread' 'nbwrite'> <Ports = 0> <Width = 45> <Depth = 2> <FIFO>
ST_2 : Operation 444 [1/1] (0.00ns)   --->   "%memory_in_local_876 = extractvalue i20250 %call_ret2" [top_wrapper.cpp:121]   --->   Operation 444 'extractvalue' 'memory_in_local_876' <Predicate = true> <Delay = 0.00> <CoreInst = "FIFO_SRL">   --->   Core 80 'FIFO_SRL' <Latency = 0> <II = 1> <Delay = 1.83> <Storage> <Opcode : 'read' 'write' 'nbread' 'nbwrite'> <Ports = 0> <Width = 45> <Depth = 2> <FIFO>
ST_2 : Operation 445 [1/1] (0.00ns)   --->   "%memory_in_local_877 = extractvalue i20250 %call_ret2" [top_wrapper.cpp:121]   --->   Operation 445 'extractvalue' 'memory_in_local_877' <Predicate = true> <Delay = 0.00> <CoreInst = "FIFO_SRL">   --->   Core 80 'FIFO_SRL' <Latency = 0> <II = 1> <Delay = 1.83> <Storage> <Opcode : 'read' 'write' 'nbread' 'nbwrite'> <Ports = 0> <Width = 45> <Depth = 2> <FIFO>
ST_2 : Operation 446 [1/1] (0.00ns)   --->   "%memory_in_local_878 = extractvalue i20250 %call_ret2" [top_wrapper.cpp:121]   --->   Operation 446 'extractvalue' 'memory_in_local_878' <Predicate = true> <Delay = 0.00> <CoreInst = "FIFO_SRL">   --->   Core 80 'FIFO_SRL' <Latency = 0> <II = 1> <Delay = 1.83> <Storage> <Opcode : 'read' 'write' 'nbread' 'nbwrite'> <Ports = 0> <Width = 45> <Depth = 2> <FIFO>
ST_2 : Operation 447 [1/1] (0.00ns)   --->   "%memory_in_local_879 = extractvalue i20250 %call_ret2" [top_wrapper.cpp:121]   --->   Operation 447 'extractvalue' 'memory_in_local_879' <Predicate = true> <Delay = 0.00> <CoreInst = "FIFO_SRL">   --->   Core 80 'FIFO_SRL' <Latency = 0> <II = 1> <Delay = 1.83> <Storage> <Opcode : 'read' 'write' 'nbread' 'nbwrite'> <Ports = 0> <Width = 45> <Depth = 2> <FIFO>
ST_2 : Operation 448 [1/1] (0.00ns)   --->   "%memory_in_local_880 = extractvalue i20250 %call_ret2" [top_wrapper.cpp:121]   --->   Operation 448 'extractvalue' 'memory_in_local_880' <Predicate = true> <Delay = 0.00> <CoreInst = "FIFO_SRL">   --->   Core 80 'FIFO_SRL' <Latency = 0> <II = 1> <Delay = 1.83> <Storage> <Opcode : 'read' 'write' 'nbread' 'nbwrite'> <Ports = 0> <Width = 45> <Depth = 2> <FIFO>
ST_2 : Operation 449 [1/1] (0.00ns)   --->   "%memory_in_local_881 = extractvalue i20250 %call_ret2" [top_wrapper.cpp:121]   --->   Operation 449 'extractvalue' 'memory_in_local_881' <Predicate = true> <Delay = 0.00> <CoreInst = "FIFO_SRL">   --->   Core 80 'FIFO_SRL' <Latency = 0> <II = 1> <Delay = 1.83> <Storage> <Opcode : 'read' 'write' 'nbread' 'nbwrite'> <Ports = 0> <Width = 45> <Depth = 2> <FIFO>
ST_2 : Operation 450 [1/1] (0.00ns)   --->   "%memory_in_local_882 = extractvalue i20250 %call_ret2" [top_wrapper.cpp:121]   --->   Operation 450 'extractvalue' 'memory_in_local_882' <Predicate = true> <Delay = 0.00> <CoreInst = "FIFO_SRL">   --->   Core 80 'FIFO_SRL' <Latency = 0> <II = 1> <Delay = 1.83> <Storage> <Opcode : 'read' 'write' 'nbread' 'nbwrite'> <Ports = 0> <Width = 45> <Depth = 2> <FIFO>
ST_2 : Operation 451 [1/1] (0.00ns)   --->   "%memory_in_local_883 = extractvalue i20250 %call_ret2" [top_wrapper.cpp:121]   --->   Operation 451 'extractvalue' 'memory_in_local_883' <Predicate = true> <Delay = 0.00> <CoreInst = "FIFO_SRL">   --->   Core 80 'FIFO_SRL' <Latency = 0> <II = 1> <Delay = 1.83> <Storage> <Opcode : 'read' 'write' 'nbread' 'nbwrite'> <Ports = 0> <Width = 45> <Depth = 2> <FIFO>
ST_2 : Operation 452 [1/1] (0.00ns)   --->   "%memory_in_local_884 = extractvalue i20250 %call_ret2" [top_wrapper.cpp:121]   --->   Operation 452 'extractvalue' 'memory_in_local_884' <Predicate = true> <Delay = 0.00> <CoreInst = "FIFO_SRL">   --->   Core 80 'FIFO_SRL' <Latency = 0> <II = 1> <Delay = 1.83> <Storage> <Opcode : 'read' 'write' 'nbread' 'nbwrite'> <Ports = 0> <Width = 45> <Depth = 2> <FIFO>
ST_2 : Operation 453 [1/1] (0.00ns)   --->   "%memory_in_local_885 = extractvalue i20250 %call_ret2" [top_wrapper.cpp:121]   --->   Operation 453 'extractvalue' 'memory_in_local_885' <Predicate = true> <Delay = 0.00> <CoreInst = "FIFO_SRL">   --->   Core 80 'FIFO_SRL' <Latency = 0> <II = 1> <Delay = 1.83> <Storage> <Opcode : 'read' 'write' 'nbread' 'nbwrite'> <Ports = 0> <Width = 45> <Depth = 2> <FIFO>
ST_2 : Operation 454 [1/1] (0.00ns)   --->   "%memory_in_local_886 = extractvalue i20250 %call_ret2" [top_wrapper.cpp:121]   --->   Operation 454 'extractvalue' 'memory_in_local_886' <Predicate = true> <Delay = 0.00> <CoreInst = "FIFO_SRL">   --->   Core 80 'FIFO_SRL' <Latency = 0> <II = 1> <Delay = 1.83> <Storage> <Opcode : 'read' 'write' 'nbread' 'nbwrite'> <Ports = 0> <Width = 45> <Depth = 2> <FIFO>
ST_2 : Operation 455 [1/1] (0.00ns)   --->   "%memory_in_local_887 = extractvalue i20250 %call_ret2" [top_wrapper.cpp:121]   --->   Operation 455 'extractvalue' 'memory_in_local_887' <Predicate = true> <Delay = 0.00> <CoreInst = "FIFO_SRL">   --->   Core 80 'FIFO_SRL' <Latency = 0> <II = 1> <Delay = 1.83> <Storage> <Opcode : 'read' 'write' 'nbread' 'nbwrite'> <Ports = 0> <Width = 45> <Depth = 2> <FIFO>
ST_2 : Operation 456 [1/1] (0.00ns)   --->   "%memory_in_local_888 = extractvalue i20250 %call_ret2" [top_wrapper.cpp:121]   --->   Operation 456 'extractvalue' 'memory_in_local_888' <Predicate = true> <Delay = 0.00> <CoreInst = "FIFO_SRL">   --->   Core 80 'FIFO_SRL' <Latency = 0> <II = 1> <Delay = 1.83> <Storage> <Opcode : 'read' 'write' 'nbread' 'nbwrite'> <Ports = 0> <Width = 45> <Depth = 2> <FIFO>
ST_2 : Operation 457 [1/1] (0.00ns)   --->   "%memory_in_local_889 = extractvalue i20250 %call_ret2" [top_wrapper.cpp:121]   --->   Operation 457 'extractvalue' 'memory_in_local_889' <Predicate = true> <Delay = 0.00> <CoreInst = "FIFO_SRL">   --->   Core 80 'FIFO_SRL' <Latency = 0> <II = 1> <Delay = 1.83> <Storage> <Opcode : 'read' 'write' 'nbread' 'nbwrite'> <Ports = 0> <Width = 45> <Depth = 2> <FIFO>
ST_2 : Operation 458 [1/1] (0.00ns)   --->   "%memory_in_local_890 = extractvalue i20250 %call_ret2" [top_wrapper.cpp:121]   --->   Operation 458 'extractvalue' 'memory_in_local_890' <Predicate = true> <Delay = 0.00> <CoreInst = "FIFO_SRL">   --->   Core 80 'FIFO_SRL' <Latency = 0> <II = 1> <Delay = 1.83> <Storage> <Opcode : 'read' 'write' 'nbread' 'nbwrite'> <Ports = 0> <Width = 45> <Depth = 2> <FIFO>
ST_2 : Operation 459 [1/1] (0.00ns)   --->   "%memory_in_local_891 = extractvalue i20250 %call_ret2" [top_wrapper.cpp:121]   --->   Operation 459 'extractvalue' 'memory_in_local_891' <Predicate = true> <Delay = 0.00> <CoreInst = "FIFO_SRL">   --->   Core 80 'FIFO_SRL' <Latency = 0> <II = 1> <Delay = 1.83> <Storage> <Opcode : 'read' 'write' 'nbread' 'nbwrite'> <Ports = 0> <Width = 45> <Depth = 2> <FIFO>
ST_2 : Operation 460 [1/1] (0.00ns)   --->   "%memory_in_local_892 = extractvalue i20250 %call_ret2" [top_wrapper.cpp:121]   --->   Operation 460 'extractvalue' 'memory_in_local_892' <Predicate = true> <Delay = 0.00> <CoreInst = "FIFO_SRL">   --->   Core 80 'FIFO_SRL' <Latency = 0> <II = 1> <Delay = 1.83> <Storage> <Opcode : 'read' 'write' 'nbread' 'nbwrite'> <Ports = 0> <Width = 45> <Depth = 2> <FIFO>
ST_2 : Operation 461 [1/1] (0.00ns)   --->   "%memory_in_local_893 = extractvalue i20250 %call_ret2" [top_wrapper.cpp:121]   --->   Operation 461 'extractvalue' 'memory_in_local_893' <Predicate = true> <Delay = 0.00> <CoreInst = "FIFO_SRL">   --->   Core 80 'FIFO_SRL' <Latency = 0> <II = 1> <Delay = 1.83> <Storage> <Opcode : 'read' 'write' 'nbread' 'nbwrite'> <Ports = 0> <Width = 45> <Depth = 2> <FIFO>
ST_2 : Operation 462 [1/1] (0.00ns)   --->   "%memory_in_local_894 = extractvalue i20250 %call_ret2" [top_wrapper.cpp:121]   --->   Operation 462 'extractvalue' 'memory_in_local_894' <Predicate = true> <Delay = 0.00> <CoreInst = "FIFO_SRL">   --->   Core 80 'FIFO_SRL' <Latency = 0> <II = 1> <Delay = 1.83> <Storage> <Opcode : 'read' 'write' 'nbread' 'nbwrite'> <Ports = 0> <Width = 45> <Depth = 2> <FIFO>
ST_2 : Operation 463 [1/1] (0.00ns)   --->   "%memory_in_local_895 = extractvalue i20250 %call_ret2" [top_wrapper.cpp:121]   --->   Operation 463 'extractvalue' 'memory_in_local_895' <Predicate = true> <Delay = 0.00> <CoreInst = "FIFO_SRL">   --->   Core 80 'FIFO_SRL' <Latency = 0> <II = 1> <Delay = 1.83> <Storage> <Opcode : 'read' 'write' 'nbread' 'nbwrite'> <Ports = 0> <Width = 45> <Depth = 2> <FIFO>
ST_2 : Operation 464 [1/1] (0.00ns)   --->   "%memory_in_local_896 = extractvalue i20250 %call_ret2" [top_wrapper.cpp:121]   --->   Operation 464 'extractvalue' 'memory_in_local_896' <Predicate = true> <Delay = 0.00> <CoreInst = "FIFO_SRL">   --->   Core 80 'FIFO_SRL' <Latency = 0> <II = 1> <Delay = 1.83> <Storage> <Opcode : 'read' 'write' 'nbread' 'nbwrite'> <Ports = 0> <Width = 45> <Depth = 2> <FIFO>
ST_2 : Operation 465 [1/1] (0.00ns)   --->   "%memory_in_local_897 = extractvalue i20250 %call_ret2" [top_wrapper.cpp:121]   --->   Operation 465 'extractvalue' 'memory_in_local_897' <Predicate = true> <Delay = 0.00> <CoreInst = "FIFO_SRL">   --->   Core 80 'FIFO_SRL' <Latency = 0> <II = 1> <Delay = 1.83> <Storage> <Opcode : 'read' 'write' 'nbread' 'nbwrite'> <Ports = 0> <Width = 45> <Depth = 2> <FIFO>
ST_2 : Operation 466 [1/1] (0.00ns)   --->   "%memory_in_local898 = extractvalue i20250 %call_ret2" [top_wrapper.cpp:121]   --->   Operation 466 'extractvalue' 'memory_in_local898' <Predicate = true> <Delay = 0.00> <CoreInst = "FIFO_SRL">   --->   Core 80 'FIFO_SRL' <Latency = 0> <II = 1> <Delay = 1.83> <Storage> <Opcode : 'read' 'write' 'nbread' 'nbwrite'> <Ports = 0> <Width = 45> <Depth = 2> <FIFO>

State 3 <SV = 2> <Delay = 1.82>
ST_3 : Operation 467 [2/2] (1.82ns)   --->   "%call_ret1 = call i14400 @conv<2, 13, 13, 3, 3, 2, 11, 11, 1, 1, 5, 1, 5, 5, 2, 3>, i45 %memory_in_local, i45 %memory_in_local_450, i45 %memory_in_local_451, i45 %memory_in_local_452, i45 %memory_in_local_453, i45 %memory_in_local_454, i45 %memory_in_local_455, i45 %memory_in_local_456, i45 %memory_in_local_457, i45 %memory_in_local_458, i45 %memory_in_local_459, i45 %memory_in_local_460, i45 %memory_in_local_461, i45 %memory_in_local_462, i45 %memory_in_local_463, i45 %memory_in_local_464, i45 %memory_in_local_465, i45 %memory_in_local_466, i45 %memory_in_local_467, i45 %memory_in_local_468, i45 %memory_in_local_469, i45 %memory_in_local_470, i45 %memory_in_local_471, i45 %memory_in_local_472, i45 %memory_in_local_473, i45 %memory_in_local_474, i45 %memory_in_local_475, i45 %memory_in_local_476, i45 %memory_in_local_477, i45 %memory_in_local_478, i45 %memory_in_local_479, i45 %memory_in_local_480, i45 %memory_in_local_481, i45 %memory_in_local_482, i45 %memory_in_local_483, i45 %memory_in_local_484, i45 %memory_in_local_485, i45 %memory_in_local_486, i45 %memory_in_local_487, i45 %memory_in_local_488, i45 %memory_in_local_489, i45 %memory_in_local_490, i45 %memory_in_local_491, i45 %memory_in_local_492, i45 %memory_in_local_493, i45 %memory_in_local_494, i45 %memory_in_local_495, i45 %memory_in_local_496, i45 %memory_in_local_497, i45 %memory_in_local_498, i45 %memory_in_local_499, i45 %memory_in_local_500, i45 %memory_in_local_501, i45 %memory_in_local_502, i45 %memory_in_local_503, i45 %memory_in_local_504, i45 %memory_in_local_505, i45 %memory_in_local_506, i45 %memory_in_local_507, i45 %memory_in_local_508, i45 %memory_in_local_509, i45 %memory_in_local_510, i45 %memory_in_local_511, i45 %memory_in_local_512, i45 %memory_in_local_513, i45 %memory_in_local_514, i45 %memory_in_local_515, i45 %memory_in_local_516, i45 %memory_in_local_517, i45 %memory_in_local_518, i45 %memory_in_local_519, i45 %memory_in_local_520, i45 %memory_in_local_521, i45 %memory_in_local_522, i45 %memory_in_local_523, i45 %memory_in_local_524, i45 %memory_in_local_525, i45 %memory_in_local_526, i45 %memory_in_local_527, i45 %memory_in_local_528, i45 %memory_in_local_529, i45 %memory_in_local_530, i45 %memory_in_local_531, i45 %memory_in_local_532, i45 %memory_in_local_533, i45 %memory_in_local_534, i45 %memory_in_local_535, i45 %memory_in_local_536, i45 %memory_in_local_537, i45 %memory_in_local_538, i45 %memory_in_local_539, i45 %memory_in_local_540, i45 %memory_in_local_541, i45 %memory_in_local_542, i45 %memory_in_local_543, i45 %memory_in_local_544, i45 %memory_in_local_545, i45 %memory_in_local_546, i45 %memory_in_local_547, i45 %memory_in_local_548, i45 %memory_in_local_549, i45 %memory_in_local_550, i45 %memory_in_local_551, i45 %memory_in_local_552, i45 %memory_in_local_553, i45 %memory_in_local_554, i45 %memory_in_local_555, i45 %memory_in_local_556, i45 %memory_in_local_557, i45 %memory_in_local_558, i45 %memory_in_local_559, i45 %memory_in_local_560, i45 %memory_in_local_561, i45 %memory_in_local_562, i45 %memory_in_local_563, i45 %memory_in_local_564, i45 %memory_in_local_565, i45 %memory_in_local_566, i45 %memory_in_local_567, i45 %memory_in_local_568, i45 %memory_in_local_569, i45 %memory_in_local_570, i45 %memory_in_local_571, i45 %memory_in_local_572, i45 %memory_in_local_573, i45 %memory_in_local_574, i45 %memory_in_local_575, i45 %memory_in_local_576, i45 %memory_in_local_577, i45 %memory_in_local_578, i45 %memory_in_local_579, i45 %memory_in_local_580, i45 %memory_in_local_581, i45 %memory_in_local_582, i45 %memory_in_local_583, i45 %memory_in_local_584, i45 %memory_in_local_585, i45 %memory_in_local_586, i45 %memory_in_local_587, i45 %memory_in_local_588, i45 %memory_in_local_589, i45 %memory_in_local_590, i45 %memory_in_local_591, i45 %memory_in_local_592, i45 %memory_in_local_593, i45 %memory_in_local_594, i45 %memory_in_local_595, i45 %memory_in_local_596, i45 %memory_in_local_597, i45 %memory_in_local_598, i45 %memory_in_local_599, i45 %memory_in_local_600, i45 %memory_in_local_601, i45 %memory_in_local_602, i45 %memory_in_local_603, i45 %memory_in_local_604, i45 %memory_in_local_605, i45 %memory_in_local_606, i45 %memory_in_local_607, i45 %memory_in_local_608, i45 %memory_in_local_609, i45 %memory_in_local_610, i45 %memory_in_local_611, i45 %memory_in_local_612, i45 %memory_in_local_613, i45 %memory_in_local_614, i45 %memory_in_local_615, i45 %memory_in_local_616, i45 %memory_in_local_617, i45 %memory_in_local_618, i45 %memory_in_local_619, i45 %memory_in_local_620, i45 %memory_in_local_621, i45 %memory_in_local_622, i45 %memory_in_local_623, i45 %memory_in_local_624, i45 %memory_in_local_625, i45 %memory_in_local_626, i45 %memory_in_local_627, i45 %memory_in_local_628, i45 %memory_in_local_629, i45 %memory_in_local_630, i45 %memory_in_local_631, i45 %memory_in_local_632, i45 %memory_in_local_633, i45 %memory_in_local_634, i45 %memory_in_local_635, i45 %memory_in_local_636, i45 %memory_in_local_637, i45 %memory_in_local_638, i45 %memory_in_local_639, i45 %memory_in_local_640, i45 %memory_in_local_641, i45 %memory_in_local_642, i45 %memory_in_local_643, i45 %memory_in_local_644, i45 %memory_in_local_645, i45 %memory_in_local_646, i45 %memory_in_local_647, i45 %memory_in_local_648, i45 %memory_in_local_649, i45 %memory_in_local_650, i45 %memory_in_local_651, i45 %memory_in_local_652, i45 %memory_in_local_653, i45 %memory_in_local_654, i45 %memory_in_local_655, i45 %memory_in_local_656, i45 %memory_in_local_657, i45 %memory_in_local_658, i45 %memory_in_local_659, i45 %memory_in_local_660, i45 %memory_in_local_661, i45 %memory_in_local_662, i45 %memory_in_local_663, i45 %memory_in_local_664, i45 %memory_in_local_665, i45 %memory_in_local_666, i45 %memory_in_local_667, i45 %memory_in_local_668, i45 %memory_in_local_669, i45 %memory_in_local_670, i45 %memory_in_local_671, i45 %memory_in_local_672, i45 %memory_in_local_673, i45 %memory_in_local_674, i45 %memory_in_local_675, i45 %memory_in_local_676, i45 %memory_in_local_677, i45 %memory_in_local_678, i45 %memory_in_local_679, i45 %memory_in_local_680, i45 %memory_in_local_681, i45 %memory_in_local_682, i45 %memory_in_local_683, i45 %memory_in_local_684, i45 %memory_in_local_685, i45 %memory_in_local_686, i45 %memory_in_local_687, i45 %memory_in_local_688, i45 %memory_in_local_689, i45 %memory_in_local_690, i45 %memory_in_local_691, i45 %memory_in_local_692, i45 %memory_in_local_693, i45 %memory_in_local_694, i45 %memory_in_local_695, i45 %memory_in_local_696, i45 %memory_in_local_697, i45 %memory_in_local_698, i45 %memory_in_local_699, i45 %memory_in_local_700, i45 %memory_in_local_701, i45 %memory_in_local_702, i45 %memory_in_local_703, i45 %memory_in_local_704, i45 %memory_in_local_705, i45 %memory_in_local_706, i45 %memory_in_local_707, i45 %memory_in_local_708, i45 %memory_in_local_709, i45 %memory_in_local_710, i45 %memory_in_local_711, i45 %memory_in_local_712, i45 %memory_in_local_713, i45 %memory_in_local_714, i45 %memory_in_local_715, i45 %memory_in_local_716, i45 %memory_in_local_717, i45 %memory_in_local_718, i45 %memory_in_local_719, i45 %memory_in_local_720, i45 %memory_in_local_721, i45 %memory_in_local_722, i45 %memory_in_local_723, i45 %memory_in_local_724, i45 %memory_in_local_725, i45 %memory_in_local_726, i45 %memory_in_local_727, i45 %memory_in_local_728, i45 %memory_in_local_729, i45 %memory_in_local_730, i45 %memory_in_local_731, i45 %memory_in_local_732, i45 %memory_in_local_733, i45 %memory_in_local_734, i45 %memory_in_local_735, i45 %memory_in_local_736, i45 %memory_in_local_737, i45 %memory_in_local_738, i45 %memory_in_local_739, i45 %memory_in_local_740, i45 %memory_in_local_741, i45 %memory_in_local_742, i45 %memory_in_local_743, i45 %memory_in_local_744, i45 %memory_in_local_745, i45 %memory_in_local_746, i45 %memory_in_local_747, i45 %memory_in_local_748, i45 %memory_in_local_749, i45 %memory_in_local_750, i45 %memory_in_local_751, i45 %memory_in_local_752, i45 %memory_in_local_753, i45 %memory_in_local_754, i45 %memory_in_local_755, i45 %memory_in_local_756, i45 %memory_in_local_757, i45 %memory_in_local_758, i45 %memory_in_local_759, i45 %memory_in_local_760, i45 %memory_in_local_761, i45 %memory_in_local_762, i45 %memory_in_local_763, i45 %memory_in_local_764, i45 %memory_in_local_765, i45 %memory_in_local_766, i45 %memory_in_local_767, i45 %memory_in_local_768, i45 %memory_in_local_769, i45 %memory_in_local_770, i45 %memory_in_local_771, i45 %memory_in_local_772, i45 %memory_in_local_773, i45 %memory_in_local_774, i45 %memory_in_local_775, i45 %memory_in_local_776, i45 %memory_in_local_777, i45 %memory_in_local_778, i45 %memory_in_local_779, i45 %memory_in_local_780, i45 %memory_in_local_781, i45 %memory_in_local_782, i45 %memory_in_local_783, i45 %memory_in_local_784, i45 %memory_in_local_785, i45 %memory_in_local_786, i45 %memory_in_local_787, i45 %memory_in_local_788, i45 %memory_in_local_789, i45 %memory_in_local_790, i45 %memory_in_local_791, i45 %memory_in_local_792, i45 %memory_in_local_793, i45 %memory_in_local_794, i45 %memory_in_local_795, i45 %memory_in_local_796, i45 %memory_in_local_797, i45 %memory_in_local_798, i45 %memory_in_local_799, i45 %memory_in_local_800, i45 %memory_in_local_801, i45 %memory_in_local_802, i45 %memory_in_local_803, i45 %memory_in_local_804, i45 %memory_in_local_805, i45 %memory_in_local_806, i45 %memory_in_local_807, i45 %memory_in_local_808, i45 %memory_in_local_809, i45 %memory_in_local_810, i45 %memory_in_local_811, i45 %memory_in_local_812, i45 %memory_in_local_813, i45 %memory_in_local_814, i45 %memory_in_local_815, i45 %memory_in_local_816, i45 %memory_in_local_817, i45 %memory_in_local_818, i45 %memory_in_local_819, i45 %memory_in_local_820, i45 %memory_in_local_821, i45 %memory_in_local_822, i45 %memory_in_local_823, i45 %memory_in_local_824, i45 %memory_in_local_825, i45 %memory_in_local_826, i45 %memory_in_local_827, i45 %memory_in_local_828, i45 %memory_in_local_829, i45 %memory_in_local_830, i45 %memory_in_local_831, i45 %memory_in_local_832, i45 %memory_in_local_833, i45 %memory_in_local_834, i45 %memory_in_local_835, i45 %memory_in_local_836, i45 %memory_in_local_837, i45 %memory_in_local_838, i45 %memory_in_local_839, i45 %memory_in_local_840, i45 %memory_in_local_841, i45 %memory_in_local_842, i45 %memory_in_local_843, i45 %memory_in_local_844, i45 %memory_in_local_845, i45 %memory_in_local_846, i45 %memory_in_local_847, i45 %memory_in_local_848, i45 %memory_in_local_849, i45 %memory_in_local_850, i45 %memory_in_local_851, i45 %memory_in_local_852, i45 %memory_in_local_853, i45 %memory_in_local_854, i45 %memory_in_local_855, i45 %memory_in_local_856, i45 %memory_in_local_857, i45 %memory_in_local_858, i45 %memory_in_local_859, i45 %memory_in_local_860, i45 %memory_in_local_861, i45 %memory_in_local_862, i45 %memory_in_local_863, i45 %memory_in_local_864, i45 %memory_in_local_865, i45 %memory_in_local_866, i45 %memory_in_local_867, i45 %memory_in_local_868, i45 %memory_in_local_869, i45 %memory_in_local_870, i45 %memory_in_local_871, i45 %memory_in_local_872, i45 %memory_in_local_873, i45 %memory_in_local_874, i45 %memory_in_local_875, i45 %memory_in_local_876, i45 %memory_in_local_877, i45 %memory_in_local_878, i45 %memory_in_local_879, i45 %memory_in_local_880, i45 %memory_in_local_881, i45 %memory_in_local_882, i45 %memory_in_local_883, i45 %memory_in_local_884, i45 %memory_in_local_885, i45 %memory_in_local_886, i45 %memory_in_local_887, i45 %memory_in_local_888, i45 %memory_in_local_889, i45 %memory_in_local_890, i45 %memory_in_local_891, i45 %memory_in_local_892, i45 %memory_in_local_893, i45 %memory_in_local_894, i45 %memory_in_local_895, i45 %memory_in_local_896, i45 %memory_in_local_897, i45 %memory_in_local898, i8 %filter2conv" [top_wrapper.cpp:123]   --->   Operation 467 'call' 'call_ret1' <Predicate = true> <Delay = 1.82> <CoreType = "Generic">   --->   Generic Core

State 4 <SV = 3> <Delay = 2.37>
ST_4 : Operation 468 [1/2] (0.54ns)   --->   "%call_ret1 = call i14400 @conv<2, 13, 13, 3, 3, 2, 11, 11, 1, 1, 5, 1, 5, 5, 2, 3>, i45 %memory_in_local, i45 %memory_in_local_450, i45 %memory_in_local_451, i45 %memory_in_local_452, i45 %memory_in_local_453, i45 %memory_in_local_454, i45 %memory_in_local_455, i45 %memory_in_local_456, i45 %memory_in_local_457, i45 %memory_in_local_458, i45 %memory_in_local_459, i45 %memory_in_local_460, i45 %memory_in_local_461, i45 %memory_in_local_462, i45 %memory_in_local_463, i45 %memory_in_local_464, i45 %memory_in_local_465, i45 %memory_in_local_466, i45 %memory_in_local_467, i45 %memory_in_local_468, i45 %memory_in_local_469, i45 %memory_in_local_470, i45 %memory_in_local_471, i45 %memory_in_local_472, i45 %memory_in_local_473, i45 %memory_in_local_474, i45 %memory_in_local_475, i45 %memory_in_local_476, i45 %memory_in_local_477, i45 %memory_in_local_478, i45 %memory_in_local_479, i45 %memory_in_local_480, i45 %memory_in_local_481, i45 %memory_in_local_482, i45 %memory_in_local_483, i45 %memory_in_local_484, i45 %memory_in_local_485, i45 %memory_in_local_486, i45 %memory_in_local_487, i45 %memory_in_local_488, i45 %memory_in_local_489, i45 %memory_in_local_490, i45 %memory_in_local_491, i45 %memory_in_local_492, i45 %memory_in_local_493, i45 %memory_in_local_494, i45 %memory_in_local_495, i45 %memory_in_local_496, i45 %memory_in_local_497, i45 %memory_in_local_498, i45 %memory_in_local_499, i45 %memory_in_local_500, i45 %memory_in_local_501, i45 %memory_in_local_502, i45 %memory_in_local_503, i45 %memory_in_local_504, i45 %memory_in_local_505, i45 %memory_in_local_506, i45 %memory_in_local_507, i45 %memory_in_local_508, i45 %memory_in_local_509, i45 %memory_in_local_510, i45 %memory_in_local_511, i45 %memory_in_local_512, i45 %memory_in_local_513, i45 %memory_in_local_514, i45 %memory_in_local_515, i45 %memory_in_local_516, i45 %memory_in_local_517, i45 %memory_in_local_518, i45 %memory_in_local_519, i45 %memory_in_local_520, i45 %memory_in_local_521, i45 %memory_in_local_522, i45 %memory_in_local_523, i45 %memory_in_local_524, i45 %memory_in_local_525, i45 %memory_in_local_526, i45 %memory_in_local_527, i45 %memory_in_local_528, i45 %memory_in_local_529, i45 %memory_in_local_530, i45 %memory_in_local_531, i45 %memory_in_local_532, i45 %memory_in_local_533, i45 %memory_in_local_534, i45 %memory_in_local_535, i45 %memory_in_local_536, i45 %memory_in_local_537, i45 %memory_in_local_538, i45 %memory_in_local_539, i45 %memory_in_local_540, i45 %memory_in_local_541, i45 %memory_in_local_542, i45 %memory_in_local_543, i45 %memory_in_local_544, i45 %memory_in_local_545, i45 %memory_in_local_546, i45 %memory_in_local_547, i45 %memory_in_local_548, i45 %memory_in_local_549, i45 %memory_in_local_550, i45 %memory_in_local_551, i45 %memory_in_local_552, i45 %memory_in_local_553, i45 %memory_in_local_554, i45 %memory_in_local_555, i45 %memory_in_local_556, i45 %memory_in_local_557, i45 %memory_in_local_558, i45 %memory_in_local_559, i45 %memory_in_local_560, i45 %memory_in_local_561, i45 %memory_in_local_562, i45 %memory_in_local_563, i45 %memory_in_local_564, i45 %memory_in_local_565, i45 %memory_in_local_566, i45 %memory_in_local_567, i45 %memory_in_local_568, i45 %memory_in_local_569, i45 %memory_in_local_570, i45 %memory_in_local_571, i45 %memory_in_local_572, i45 %memory_in_local_573, i45 %memory_in_local_574, i45 %memory_in_local_575, i45 %memory_in_local_576, i45 %memory_in_local_577, i45 %memory_in_local_578, i45 %memory_in_local_579, i45 %memory_in_local_580, i45 %memory_in_local_581, i45 %memory_in_local_582, i45 %memory_in_local_583, i45 %memory_in_local_584, i45 %memory_in_local_585, i45 %memory_in_local_586, i45 %memory_in_local_587, i45 %memory_in_local_588, i45 %memory_in_local_589, i45 %memory_in_local_590, i45 %memory_in_local_591, i45 %memory_in_local_592, i45 %memory_in_local_593, i45 %memory_in_local_594, i45 %memory_in_local_595, i45 %memory_in_local_596, i45 %memory_in_local_597, i45 %memory_in_local_598, i45 %memory_in_local_599, i45 %memory_in_local_600, i45 %memory_in_local_601, i45 %memory_in_local_602, i45 %memory_in_local_603, i45 %memory_in_local_604, i45 %memory_in_local_605, i45 %memory_in_local_606, i45 %memory_in_local_607, i45 %memory_in_local_608, i45 %memory_in_local_609, i45 %memory_in_local_610, i45 %memory_in_local_611, i45 %memory_in_local_612, i45 %memory_in_local_613, i45 %memory_in_local_614, i45 %memory_in_local_615, i45 %memory_in_local_616, i45 %memory_in_local_617, i45 %memory_in_local_618, i45 %memory_in_local_619, i45 %memory_in_local_620, i45 %memory_in_local_621, i45 %memory_in_local_622, i45 %memory_in_local_623, i45 %memory_in_local_624, i45 %memory_in_local_625, i45 %memory_in_local_626, i45 %memory_in_local_627, i45 %memory_in_local_628, i45 %memory_in_local_629, i45 %memory_in_local_630, i45 %memory_in_local_631, i45 %memory_in_local_632, i45 %memory_in_local_633, i45 %memory_in_local_634, i45 %memory_in_local_635, i45 %memory_in_local_636, i45 %memory_in_local_637, i45 %memory_in_local_638, i45 %memory_in_local_639, i45 %memory_in_local_640, i45 %memory_in_local_641, i45 %memory_in_local_642, i45 %memory_in_local_643, i45 %memory_in_local_644, i45 %memory_in_local_645, i45 %memory_in_local_646, i45 %memory_in_local_647, i45 %memory_in_local_648, i45 %memory_in_local_649, i45 %memory_in_local_650, i45 %memory_in_local_651, i45 %memory_in_local_652, i45 %memory_in_local_653, i45 %memory_in_local_654, i45 %memory_in_local_655, i45 %memory_in_local_656, i45 %memory_in_local_657, i45 %memory_in_local_658, i45 %memory_in_local_659, i45 %memory_in_local_660, i45 %memory_in_local_661, i45 %memory_in_local_662, i45 %memory_in_local_663, i45 %memory_in_local_664, i45 %memory_in_local_665, i45 %memory_in_local_666, i45 %memory_in_local_667, i45 %memory_in_local_668, i45 %memory_in_local_669, i45 %memory_in_local_670, i45 %memory_in_local_671, i45 %memory_in_local_672, i45 %memory_in_local_673, i45 %memory_in_local_674, i45 %memory_in_local_675, i45 %memory_in_local_676, i45 %memory_in_local_677, i45 %memory_in_local_678, i45 %memory_in_local_679, i45 %memory_in_local_680, i45 %memory_in_local_681, i45 %memory_in_local_682, i45 %memory_in_local_683, i45 %memory_in_local_684, i45 %memory_in_local_685, i45 %memory_in_local_686, i45 %memory_in_local_687, i45 %memory_in_local_688, i45 %memory_in_local_689, i45 %memory_in_local_690, i45 %memory_in_local_691, i45 %memory_in_local_692, i45 %memory_in_local_693, i45 %memory_in_local_694, i45 %memory_in_local_695, i45 %memory_in_local_696, i45 %memory_in_local_697, i45 %memory_in_local_698, i45 %memory_in_local_699, i45 %memory_in_local_700, i45 %memory_in_local_701, i45 %memory_in_local_702, i45 %memory_in_local_703, i45 %memory_in_local_704, i45 %memory_in_local_705, i45 %memory_in_local_706, i45 %memory_in_local_707, i45 %memory_in_local_708, i45 %memory_in_local_709, i45 %memory_in_local_710, i45 %memory_in_local_711, i45 %memory_in_local_712, i45 %memory_in_local_713, i45 %memory_in_local_714, i45 %memory_in_local_715, i45 %memory_in_local_716, i45 %memory_in_local_717, i45 %memory_in_local_718, i45 %memory_in_local_719, i45 %memory_in_local_720, i45 %memory_in_local_721, i45 %memory_in_local_722, i45 %memory_in_local_723, i45 %memory_in_local_724, i45 %memory_in_local_725, i45 %memory_in_local_726, i45 %memory_in_local_727, i45 %memory_in_local_728, i45 %memory_in_local_729, i45 %memory_in_local_730, i45 %memory_in_local_731, i45 %memory_in_local_732, i45 %memory_in_local_733, i45 %memory_in_local_734, i45 %memory_in_local_735, i45 %memory_in_local_736, i45 %memory_in_local_737, i45 %memory_in_local_738, i45 %memory_in_local_739, i45 %memory_in_local_740, i45 %memory_in_local_741, i45 %memory_in_local_742, i45 %memory_in_local_743, i45 %memory_in_local_744, i45 %memory_in_local_745, i45 %memory_in_local_746, i45 %memory_in_local_747, i45 %memory_in_local_748, i45 %memory_in_local_749, i45 %memory_in_local_750, i45 %memory_in_local_751, i45 %memory_in_local_752, i45 %memory_in_local_753, i45 %memory_in_local_754, i45 %memory_in_local_755, i45 %memory_in_local_756, i45 %memory_in_local_757, i45 %memory_in_local_758, i45 %memory_in_local_759, i45 %memory_in_local_760, i45 %memory_in_local_761, i45 %memory_in_local_762, i45 %memory_in_local_763, i45 %memory_in_local_764, i45 %memory_in_local_765, i45 %memory_in_local_766, i45 %memory_in_local_767, i45 %memory_in_local_768, i45 %memory_in_local_769, i45 %memory_in_local_770, i45 %memory_in_local_771, i45 %memory_in_local_772, i45 %memory_in_local_773, i45 %memory_in_local_774, i45 %memory_in_local_775, i45 %memory_in_local_776, i45 %memory_in_local_777, i45 %memory_in_local_778, i45 %memory_in_local_779, i45 %memory_in_local_780, i45 %memory_in_local_781, i45 %memory_in_local_782, i45 %memory_in_local_783, i45 %memory_in_local_784, i45 %memory_in_local_785, i45 %memory_in_local_786, i45 %memory_in_local_787, i45 %memory_in_local_788, i45 %memory_in_local_789, i45 %memory_in_local_790, i45 %memory_in_local_791, i45 %memory_in_local_792, i45 %memory_in_local_793, i45 %memory_in_local_794, i45 %memory_in_local_795, i45 %memory_in_local_796, i45 %memory_in_local_797, i45 %memory_in_local_798, i45 %memory_in_local_799, i45 %memory_in_local_800, i45 %memory_in_local_801, i45 %memory_in_local_802, i45 %memory_in_local_803, i45 %memory_in_local_804, i45 %memory_in_local_805, i45 %memory_in_local_806, i45 %memory_in_local_807, i45 %memory_in_local_808, i45 %memory_in_local_809, i45 %memory_in_local_810, i45 %memory_in_local_811, i45 %memory_in_local_812, i45 %memory_in_local_813, i45 %memory_in_local_814, i45 %memory_in_local_815, i45 %memory_in_local_816, i45 %memory_in_local_817, i45 %memory_in_local_818, i45 %memory_in_local_819, i45 %memory_in_local_820, i45 %memory_in_local_821, i45 %memory_in_local_822, i45 %memory_in_local_823, i45 %memory_in_local_824, i45 %memory_in_local_825, i45 %memory_in_local_826, i45 %memory_in_local_827, i45 %memory_in_local_828, i45 %memory_in_local_829, i45 %memory_in_local_830, i45 %memory_in_local_831, i45 %memory_in_local_832, i45 %memory_in_local_833, i45 %memory_in_local_834, i45 %memory_in_local_835, i45 %memory_in_local_836, i45 %memory_in_local_837, i45 %memory_in_local_838, i45 %memory_in_local_839, i45 %memory_in_local_840, i45 %memory_in_local_841, i45 %memory_in_local_842, i45 %memory_in_local_843, i45 %memory_in_local_844, i45 %memory_in_local_845, i45 %memory_in_local_846, i45 %memory_in_local_847, i45 %memory_in_local_848, i45 %memory_in_local_849, i45 %memory_in_local_850, i45 %memory_in_local_851, i45 %memory_in_local_852, i45 %memory_in_local_853, i45 %memory_in_local_854, i45 %memory_in_local_855, i45 %memory_in_local_856, i45 %memory_in_local_857, i45 %memory_in_local_858, i45 %memory_in_local_859, i45 %memory_in_local_860, i45 %memory_in_local_861, i45 %memory_in_local_862, i45 %memory_in_local_863, i45 %memory_in_local_864, i45 %memory_in_local_865, i45 %memory_in_local_866, i45 %memory_in_local_867, i45 %memory_in_local_868, i45 %memory_in_local_869, i45 %memory_in_local_870, i45 %memory_in_local_871, i45 %memory_in_local_872, i45 %memory_in_local_873, i45 %memory_in_local_874, i45 %memory_in_local_875, i45 %memory_in_local_876, i45 %memory_in_local_877, i45 %memory_in_local_878, i45 %memory_in_local_879, i45 %memory_in_local_880, i45 %memory_in_local_881, i45 %memory_in_local_882, i45 %memory_in_local_883, i45 %memory_in_local_884, i45 %memory_in_local_885, i45 %memory_in_local_886, i45 %memory_in_local_887, i45 %memory_in_local_888, i45 %memory_in_local_889, i45 %memory_in_local_890, i45 %memory_in_local_891, i45 %memory_in_local_892, i45 %memory_in_local_893, i45 %memory_in_local_894, i45 %memory_in_local_895, i45 %memory_in_local_896, i45 %memory_in_local_897, i45 %memory_in_local898, i8 %filter2conv" [top_wrapper.cpp:123]   --->   Operation 468 'call' 'call_ret1' <Predicate = true> <Delay = 0.54> <CoreType = "Generic">   --->   Generic Core
ST_4 : Operation 469 [1/1] (0.00ns)   --->   "%out_mem = extractvalue i14400 %call_ret1" [top_wrapper.cpp:123]   --->   Operation 469 'extractvalue' 'out_mem' <Predicate = true> <Delay = 0.00> <CoreInst = "FIFO_SRL">   --->   Core 80 'FIFO_SRL' <Latency = 0> <II = 1> <Delay = 1.83> <Storage> <Opcode : 'read' 'write' 'nbread' 'nbwrite'> <Ports = 0> <Width = 32> <Depth = 2> <FIFO>
ST_4 : Operation 470 [1/1] (0.00ns)   --->   "%out_mem_1 = extractvalue i14400 %call_ret1" [top_wrapper.cpp:123]   --->   Operation 470 'extractvalue' 'out_mem_1' <Predicate = true> <Delay = 0.00> <CoreInst = "FIFO_SRL">   --->   Core 80 'FIFO_SRL' <Latency = 0> <II = 1> <Delay = 1.83> <Storage> <Opcode : 'read' 'write' 'nbread' 'nbwrite'> <Ports = 0> <Width = 32> <Depth = 2> <FIFO>
ST_4 : Operation 471 [1/1] (0.00ns)   --->   "%out_mem_2 = extractvalue i14400 %call_ret1" [top_wrapper.cpp:123]   --->   Operation 471 'extractvalue' 'out_mem_2' <Predicate = true> <Delay = 0.00> <CoreInst = "FIFO_SRL">   --->   Core 80 'FIFO_SRL' <Latency = 0> <II = 1> <Delay = 1.83> <Storage> <Opcode : 'read' 'write' 'nbread' 'nbwrite'> <Ports = 0> <Width = 32> <Depth = 2> <FIFO>
ST_4 : Operation 472 [1/1] (0.00ns)   --->   "%out_mem_3 = extractvalue i14400 %call_ret1" [top_wrapper.cpp:123]   --->   Operation 472 'extractvalue' 'out_mem_3' <Predicate = true> <Delay = 0.00> <CoreInst = "FIFO_SRL">   --->   Core 80 'FIFO_SRL' <Latency = 0> <II = 1> <Delay = 1.83> <Storage> <Opcode : 'read' 'write' 'nbread' 'nbwrite'> <Ports = 0> <Width = 32> <Depth = 2> <FIFO>
ST_4 : Operation 473 [1/1] (0.00ns)   --->   "%out_mem_4 = extractvalue i14400 %call_ret1" [top_wrapper.cpp:123]   --->   Operation 473 'extractvalue' 'out_mem_4' <Predicate = true> <Delay = 0.00> <CoreInst = "FIFO_SRL">   --->   Core 80 'FIFO_SRL' <Latency = 0> <II = 1> <Delay = 1.83> <Storage> <Opcode : 'read' 'write' 'nbread' 'nbwrite'> <Ports = 0> <Width = 32> <Depth = 2> <FIFO>
ST_4 : Operation 474 [1/1] (0.00ns)   --->   "%out_mem_5 = extractvalue i14400 %call_ret1" [top_wrapper.cpp:123]   --->   Operation 474 'extractvalue' 'out_mem_5' <Predicate = true> <Delay = 0.00> <CoreInst = "FIFO_SRL">   --->   Core 80 'FIFO_SRL' <Latency = 0> <II = 1> <Delay = 1.83> <Storage> <Opcode : 'read' 'write' 'nbread' 'nbwrite'> <Ports = 0> <Width = 32> <Depth = 2> <FIFO>
ST_4 : Operation 475 [1/1] (0.00ns)   --->   "%out_mem_6 = extractvalue i14400 %call_ret1" [top_wrapper.cpp:123]   --->   Operation 475 'extractvalue' 'out_mem_6' <Predicate = true> <Delay = 0.00> <CoreInst = "FIFO_SRL">   --->   Core 80 'FIFO_SRL' <Latency = 0> <II = 1> <Delay = 1.83> <Storage> <Opcode : 'read' 'write' 'nbread' 'nbwrite'> <Ports = 0> <Width = 32> <Depth = 2> <FIFO>
ST_4 : Operation 476 [1/1] (0.00ns)   --->   "%out_mem_7 = extractvalue i14400 %call_ret1" [top_wrapper.cpp:123]   --->   Operation 476 'extractvalue' 'out_mem_7' <Predicate = true> <Delay = 0.00> <CoreInst = "FIFO_SRL">   --->   Core 80 'FIFO_SRL' <Latency = 0> <II = 1> <Delay = 1.83> <Storage> <Opcode : 'read' 'write' 'nbread' 'nbwrite'> <Ports = 0> <Width = 32> <Depth = 2> <FIFO>
ST_4 : Operation 477 [1/1] (0.00ns)   --->   "%out_mem_8 = extractvalue i14400 %call_ret1" [top_wrapper.cpp:123]   --->   Operation 477 'extractvalue' 'out_mem_8' <Predicate = true> <Delay = 0.00> <CoreInst = "FIFO_SRL">   --->   Core 80 'FIFO_SRL' <Latency = 0> <II = 1> <Delay = 1.83> <Storage> <Opcode : 'read' 'write' 'nbread' 'nbwrite'> <Ports = 0> <Width = 32> <Depth = 2> <FIFO>
ST_4 : Operation 478 [1/1] (0.00ns)   --->   "%out_mem_9 = extractvalue i14400 %call_ret1" [top_wrapper.cpp:123]   --->   Operation 478 'extractvalue' 'out_mem_9' <Predicate = true> <Delay = 0.00> <CoreInst = "FIFO_SRL">   --->   Core 80 'FIFO_SRL' <Latency = 0> <II = 1> <Delay = 1.83> <Storage> <Opcode : 'read' 'write' 'nbread' 'nbwrite'> <Ports = 0> <Width = 32> <Depth = 2> <FIFO>
ST_4 : Operation 479 [1/1] (0.00ns)   --->   "%out_mem_10 = extractvalue i14400 %call_ret1" [top_wrapper.cpp:123]   --->   Operation 479 'extractvalue' 'out_mem_10' <Predicate = true> <Delay = 0.00> <CoreInst = "FIFO_SRL">   --->   Core 80 'FIFO_SRL' <Latency = 0> <II = 1> <Delay = 1.83> <Storage> <Opcode : 'read' 'write' 'nbread' 'nbwrite'> <Ports = 0> <Width = 32> <Depth = 2> <FIFO>
ST_4 : Operation 480 [1/1] (0.00ns)   --->   "%out_mem_11 = extractvalue i14400 %call_ret1" [top_wrapper.cpp:123]   --->   Operation 480 'extractvalue' 'out_mem_11' <Predicate = true> <Delay = 0.00> <CoreInst = "FIFO_SRL">   --->   Core 80 'FIFO_SRL' <Latency = 0> <II = 1> <Delay = 1.83> <Storage> <Opcode : 'read' 'write' 'nbread' 'nbwrite'> <Ports = 0> <Width = 32> <Depth = 2> <FIFO>
ST_4 : Operation 481 [1/1] (0.00ns)   --->   "%out_mem_12 = extractvalue i14400 %call_ret1" [top_wrapper.cpp:123]   --->   Operation 481 'extractvalue' 'out_mem_12' <Predicate = true> <Delay = 0.00> <CoreInst = "FIFO_SRL">   --->   Core 80 'FIFO_SRL' <Latency = 0> <II = 1> <Delay = 1.83> <Storage> <Opcode : 'read' 'write' 'nbread' 'nbwrite'> <Ports = 0> <Width = 32> <Depth = 2> <FIFO>
ST_4 : Operation 482 [1/1] (0.00ns)   --->   "%out_mem_13 = extractvalue i14400 %call_ret1" [top_wrapper.cpp:123]   --->   Operation 482 'extractvalue' 'out_mem_13' <Predicate = true> <Delay = 0.00> <CoreInst = "FIFO_SRL">   --->   Core 80 'FIFO_SRL' <Latency = 0> <II = 1> <Delay = 1.83> <Storage> <Opcode : 'read' 'write' 'nbread' 'nbwrite'> <Ports = 0> <Width = 32> <Depth = 2> <FIFO>
ST_4 : Operation 483 [1/1] (0.00ns)   --->   "%out_mem_14 = extractvalue i14400 %call_ret1" [top_wrapper.cpp:123]   --->   Operation 483 'extractvalue' 'out_mem_14' <Predicate = true> <Delay = 0.00> <CoreInst = "FIFO_SRL">   --->   Core 80 'FIFO_SRL' <Latency = 0> <II = 1> <Delay = 1.83> <Storage> <Opcode : 'read' 'write' 'nbread' 'nbwrite'> <Ports = 0> <Width = 32> <Depth = 2> <FIFO>
ST_4 : Operation 484 [1/1] (0.00ns)   --->   "%out_mem_15 = extractvalue i14400 %call_ret1" [top_wrapper.cpp:123]   --->   Operation 484 'extractvalue' 'out_mem_15' <Predicate = true> <Delay = 0.00> <CoreInst = "FIFO_SRL">   --->   Core 80 'FIFO_SRL' <Latency = 0> <II = 1> <Delay = 1.83> <Storage> <Opcode : 'read' 'write' 'nbread' 'nbwrite'> <Ports = 0> <Width = 32> <Depth = 2> <FIFO>
ST_4 : Operation 485 [1/1] (0.00ns)   --->   "%out_mem_16 = extractvalue i14400 %call_ret1" [top_wrapper.cpp:123]   --->   Operation 485 'extractvalue' 'out_mem_16' <Predicate = true> <Delay = 0.00> <CoreInst = "FIFO_SRL">   --->   Core 80 'FIFO_SRL' <Latency = 0> <II = 1> <Delay = 1.83> <Storage> <Opcode : 'read' 'write' 'nbread' 'nbwrite'> <Ports = 0> <Width = 32> <Depth = 2> <FIFO>
ST_4 : Operation 486 [1/1] (0.00ns)   --->   "%out_mem_17 = extractvalue i14400 %call_ret1" [top_wrapper.cpp:123]   --->   Operation 486 'extractvalue' 'out_mem_17' <Predicate = true> <Delay = 0.00> <CoreInst = "FIFO_SRL">   --->   Core 80 'FIFO_SRL' <Latency = 0> <II = 1> <Delay = 1.83> <Storage> <Opcode : 'read' 'write' 'nbread' 'nbwrite'> <Ports = 0> <Width = 32> <Depth = 2> <FIFO>
ST_4 : Operation 487 [1/1] (0.00ns)   --->   "%out_mem_18 = extractvalue i14400 %call_ret1" [top_wrapper.cpp:123]   --->   Operation 487 'extractvalue' 'out_mem_18' <Predicate = true> <Delay = 0.00> <CoreInst = "FIFO_SRL">   --->   Core 80 'FIFO_SRL' <Latency = 0> <II = 1> <Delay = 1.83> <Storage> <Opcode : 'read' 'write' 'nbread' 'nbwrite'> <Ports = 0> <Width = 32> <Depth = 2> <FIFO>
ST_4 : Operation 488 [1/1] (0.00ns)   --->   "%out_mem_19 = extractvalue i14400 %call_ret1" [top_wrapper.cpp:123]   --->   Operation 488 'extractvalue' 'out_mem_19' <Predicate = true> <Delay = 0.00> <CoreInst = "FIFO_SRL">   --->   Core 80 'FIFO_SRL' <Latency = 0> <II = 1> <Delay = 1.83> <Storage> <Opcode : 'read' 'write' 'nbread' 'nbwrite'> <Ports = 0> <Width = 32> <Depth = 2> <FIFO>
ST_4 : Operation 489 [1/1] (0.00ns)   --->   "%out_mem_20 = extractvalue i14400 %call_ret1" [top_wrapper.cpp:123]   --->   Operation 489 'extractvalue' 'out_mem_20' <Predicate = true> <Delay = 0.00> <CoreInst = "FIFO_SRL">   --->   Core 80 'FIFO_SRL' <Latency = 0> <II = 1> <Delay = 1.83> <Storage> <Opcode : 'read' 'write' 'nbread' 'nbwrite'> <Ports = 0> <Width = 32> <Depth = 2> <FIFO>
ST_4 : Operation 490 [1/1] (0.00ns)   --->   "%out_mem_21 = extractvalue i14400 %call_ret1" [top_wrapper.cpp:123]   --->   Operation 490 'extractvalue' 'out_mem_21' <Predicate = true> <Delay = 0.00> <CoreInst = "FIFO_SRL">   --->   Core 80 'FIFO_SRL' <Latency = 0> <II = 1> <Delay = 1.83> <Storage> <Opcode : 'read' 'write' 'nbread' 'nbwrite'> <Ports = 0> <Width = 32> <Depth = 2> <FIFO>
ST_4 : Operation 491 [1/1] (0.00ns)   --->   "%out_mem_22 = extractvalue i14400 %call_ret1" [top_wrapper.cpp:123]   --->   Operation 491 'extractvalue' 'out_mem_22' <Predicate = true> <Delay = 0.00> <CoreInst = "FIFO_SRL">   --->   Core 80 'FIFO_SRL' <Latency = 0> <II = 1> <Delay = 1.83> <Storage> <Opcode : 'read' 'write' 'nbread' 'nbwrite'> <Ports = 0> <Width = 32> <Depth = 2> <FIFO>
ST_4 : Operation 492 [1/1] (0.00ns)   --->   "%out_mem_23 = extractvalue i14400 %call_ret1" [top_wrapper.cpp:123]   --->   Operation 492 'extractvalue' 'out_mem_23' <Predicate = true> <Delay = 0.00> <CoreInst = "FIFO_SRL">   --->   Core 80 'FIFO_SRL' <Latency = 0> <II = 1> <Delay = 1.83> <Storage> <Opcode : 'read' 'write' 'nbread' 'nbwrite'> <Ports = 0> <Width = 32> <Depth = 2> <FIFO>
ST_4 : Operation 493 [1/1] (0.00ns)   --->   "%out_mem_24 = extractvalue i14400 %call_ret1" [top_wrapper.cpp:123]   --->   Operation 493 'extractvalue' 'out_mem_24' <Predicate = true> <Delay = 0.00> <CoreInst = "FIFO_SRL">   --->   Core 80 'FIFO_SRL' <Latency = 0> <II = 1> <Delay = 1.83> <Storage> <Opcode : 'read' 'write' 'nbread' 'nbwrite'> <Ports = 0> <Width = 32> <Depth = 2> <FIFO>
ST_4 : Operation 494 [1/1] (0.00ns)   --->   "%out_mem_25 = extractvalue i14400 %call_ret1" [top_wrapper.cpp:123]   --->   Operation 494 'extractvalue' 'out_mem_25' <Predicate = true> <Delay = 0.00> <CoreInst = "FIFO_SRL">   --->   Core 80 'FIFO_SRL' <Latency = 0> <II = 1> <Delay = 1.83> <Storage> <Opcode : 'read' 'write' 'nbread' 'nbwrite'> <Ports = 0> <Width = 32> <Depth = 2> <FIFO>
ST_4 : Operation 495 [1/1] (0.00ns)   --->   "%out_mem_26 = extractvalue i14400 %call_ret1" [top_wrapper.cpp:123]   --->   Operation 495 'extractvalue' 'out_mem_26' <Predicate = true> <Delay = 0.00> <CoreInst = "FIFO_SRL">   --->   Core 80 'FIFO_SRL' <Latency = 0> <II = 1> <Delay = 1.83> <Storage> <Opcode : 'read' 'write' 'nbread' 'nbwrite'> <Ports = 0> <Width = 32> <Depth = 2> <FIFO>
ST_4 : Operation 496 [1/1] (0.00ns)   --->   "%out_mem_27 = extractvalue i14400 %call_ret1" [top_wrapper.cpp:123]   --->   Operation 496 'extractvalue' 'out_mem_27' <Predicate = true> <Delay = 0.00> <CoreInst = "FIFO_SRL">   --->   Core 80 'FIFO_SRL' <Latency = 0> <II = 1> <Delay = 1.83> <Storage> <Opcode : 'read' 'write' 'nbread' 'nbwrite'> <Ports = 0> <Width = 32> <Depth = 2> <FIFO>
ST_4 : Operation 497 [1/1] (0.00ns)   --->   "%out_mem_28 = extractvalue i14400 %call_ret1" [top_wrapper.cpp:123]   --->   Operation 497 'extractvalue' 'out_mem_28' <Predicate = true> <Delay = 0.00> <CoreInst = "FIFO_SRL">   --->   Core 80 'FIFO_SRL' <Latency = 0> <II = 1> <Delay = 1.83> <Storage> <Opcode : 'read' 'write' 'nbread' 'nbwrite'> <Ports = 0> <Width = 32> <Depth = 2> <FIFO>
ST_4 : Operation 498 [1/1] (0.00ns)   --->   "%out_mem_29 = extractvalue i14400 %call_ret1" [top_wrapper.cpp:123]   --->   Operation 498 'extractvalue' 'out_mem_29' <Predicate = true> <Delay = 0.00> <CoreInst = "FIFO_SRL">   --->   Core 80 'FIFO_SRL' <Latency = 0> <II = 1> <Delay = 1.83> <Storage> <Opcode : 'read' 'write' 'nbread' 'nbwrite'> <Ports = 0> <Width = 32> <Depth = 2> <FIFO>
ST_4 : Operation 499 [1/1] (0.00ns)   --->   "%out_mem_30 = extractvalue i14400 %call_ret1" [top_wrapper.cpp:123]   --->   Operation 499 'extractvalue' 'out_mem_30' <Predicate = true> <Delay = 0.00> <CoreInst = "FIFO_SRL">   --->   Core 80 'FIFO_SRL' <Latency = 0> <II = 1> <Delay = 1.83> <Storage> <Opcode : 'read' 'write' 'nbread' 'nbwrite'> <Ports = 0> <Width = 32> <Depth = 2> <FIFO>
ST_4 : Operation 500 [1/1] (0.00ns)   --->   "%out_mem_31 = extractvalue i14400 %call_ret1" [top_wrapper.cpp:123]   --->   Operation 500 'extractvalue' 'out_mem_31' <Predicate = true> <Delay = 0.00> <CoreInst = "FIFO_SRL">   --->   Core 80 'FIFO_SRL' <Latency = 0> <II = 1> <Delay = 1.83> <Storage> <Opcode : 'read' 'write' 'nbread' 'nbwrite'> <Ports = 0> <Width = 32> <Depth = 2> <FIFO>
ST_4 : Operation 501 [1/1] (0.00ns)   --->   "%out_mem_32 = extractvalue i14400 %call_ret1" [top_wrapper.cpp:123]   --->   Operation 501 'extractvalue' 'out_mem_32' <Predicate = true> <Delay = 0.00> <CoreInst = "FIFO_SRL">   --->   Core 80 'FIFO_SRL' <Latency = 0> <II = 1> <Delay = 1.83> <Storage> <Opcode : 'read' 'write' 'nbread' 'nbwrite'> <Ports = 0> <Width = 32> <Depth = 2> <FIFO>
ST_4 : Operation 502 [1/1] (0.00ns)   --->   "%out_mem_33 = extractvalue i14400 %call_ret1" [top_wrapper.cpp:123]   --->   Operation 502 'extractvalue' 'out_mem_33' <Predicate = true> <Delay = 0.00> <CoreInst = "FIFO_SRL">   --->   Core 80 'FIFO_SRL' <Latency = 0> <II = 1> <Delay = 1.83> <Storage> <Opcode : 'read' 'write' 'nbread' 'nbwrite'> <Ports = 0> <Width = 32> <Depth = 2> <FIFO>
ST_4 : Operation 503 [1/1] (0.00ns)   --->   "%out_mem_34 = extractvalue i14400 %call_ret1" [top_wrapper.cpp:123]   --->   Operation 503 'extractvalue' 'out_mem_34' <Predicate = true> <Delay = 0.00> <CoreInst = "FIFO_SRL">   --->   Core 80 'FIFO_SRL' <Latency = 0> <II = 1> <Delay = 1.83> <Storage> <Opcode : 'read' 'write' 'nbread' 'nbwrite'> <Ports = 0> <Width = 32> <Depth = 2> <FIFO>
ST_4 : Operation 504 [1/1] (0.00ns)   --->   "%out_mem_35 = extractvalue i14400 %call_ret1" [top_wrapper.cpp:123]   --->   Operation 504 'extractvalue' 'out_mem_35' <Predicate = true> <Delay = 0.00> <CoreInst = "FIFO_SRL">   --->   Core 80 'FIFO_SRL' <Latency = 0> <II = 1> <Delay = 1.83> <Storage> <Opcode : 'read' 'write' 'nbread' 'nbwrite'> <Ports = 0> <Width = 32> <Depth = 2> <FIFO>
ST_4 : Operation 505 [1/1] (0.00ns)   --->   "%out_mem_36 = extractvalue i14400 %call_ret1" [top_wrapper.cpp:123]   --->   Operation 505 'extractvalue' 'out_mem_36' <Predicate = true> <Delay = 0.00> <CoreInst = "FIFO_SRL">   --->   Core 80 'FIFO_SRL' <Latency = 0> <II = 1> <Delay = 1.83> <Storage> <Opcode : 'read' 'write' 'nbread' 'nbwrite'> <Ports = 0> <Width = 32> <Depth = 2> <FIFO>
ST_4 : Operation 506 [1/1] (0.00ns)   --->   "%out_mem_37 = extractvalue i14400 %call_ret1" [top_wrapper.cpp:123]   --->   Operation 506 'extractvalue' 'out_mem_37' <Predicate = true> <Delay = 0.00> <CoreInst = "FIFO_SRL">   --->   Core 80 'FIFO_SRL' <Latency = 0> <II = 1> <Delay = 1.83> <Storage> <Opcode : 'read' 'write' 'nbread' 'nbwrite'> <Ports = 0> <Width = 32> <Depth = 2> <FIFO>
ST_4 : Operation 507 [1/1] (0.00ns)   --->   "%out_mem_38 = extractvalue i14400 %call_ret1" [top_wrapper.cpp:123]   --->   Operation 507 'extractvalue' 'out_mem_38' <Predicate = true> <Delay = 0.00> <CoreInst = "FIFO_SRL">   --->   Core 80 'FIFO_SRL' <Latency = 0> <II = 1> <Delay = 1.83> <Storage> <Opcode : 'read' 'write' 'nbread' 'nbwrite'> <Ports = 0> <Width = 32> <Depth = 2> <FIFO>
ST_4 : Operation 508 [1/1] (0.00ns)   --->   "%out_mem_39 = extractvalue i14400 %call_ret1" [top_wrapper.cpp:123]   --->   Operation 508 'extractvalue' 'out_mem_39' <Predicate = true> <Delay = 0.00> <CoreInst = "FIFO_SRL">   --->   Core 80 'FIFO_SRL' <Latency = 0> <II = 1> <Delay = 1.83> <Storage> <Opcode : 'read' 'write' 'nbread' 'nbwrite'> <Ports = 0> <Width = 32> <Depth = 2> <FIFO>
ST_4 : Operation 509 [1/1] (0.00ns)   --->   "%out_mem_40 = extractvalue i14400 %call_ret1" [top_wrapper.cpp:123]   --->   Operation 509 'extractvalue' 'out_mem_40' <Predicate = true> <Delay = 0.00> <CoreInst = "FIFO_SRL">   --->   Core 80 'FIFO_SRL' <Latency = 0> <II = 1> <Delay = 1.83> <Storage> <Opcode : 'read' 'write' 'nbread' 'nbwrite'> <Ports = 0> <Width = 32> <Depth = 2> <FIFO>
ST_4 : Operation 510 [1/1] (0.00ns)   --->   "%out_mem_41 = extractvalue i14400 %call_ret1" [top_wrapper.cpp:123]   --->   Operation 510 'extractvalue' 'out_mem_41' <Predicate = true> <Delay = 0.00> <CoreInst = "FIFO_SRL">   --->   Core 80 'FIFO_SRL' <Latency = 0> <II = 1> <Delay = 1.83> <Storage> <Opcode : 'read' 'write' 'nbread' 'nbwrite'> <Ports = 0> <Width = 32> <Depth = 2> <FIFO>
ST_4 : Operation 511 [1/1] (0.00ns)   --->   "%out_mem_42 = extractvalue i14400 %call_ret1" [top_wrapper.cpp:123]   --->   Operation 511 'extractvalue' 'out_mem_42' <Predicate = true> <Delay = 0.00> <CoreInst = "FIFO_SRL">   --->   Core 80 'FIFO_SRL' <Latency = 0> <II = 1> <Delay = 1.83> <Storage> <Opcode : 'read' 'write' 'nbread' 'nbwrite'> <Ports = 0> <Width = 32> <Depth = 2> <FIFO>
ST_4 : Operation 512 [1/1] (0.00ns)   --->   "%out_mem_43 = extractvalue i14400 %call_ret1" [top_wrapper.cpp:123]   --->   Operation 512 'extractvalue' 'out_mem_43' <Predicate = true> <Delay = 0.00> <CoreInst = "FIFO_SRL">   --->   Core 80 'FIFO_SRL' <Latency = 0> <II = 1> <Delay = 1.83> <Storage> <Opcode : 'read' 'write' 'nbread' 'nbwrite'> <Ports = 0> <Width = 32> <Depth = 2> <FIFO>
ST_4 : Operation 513 [1/1] (0.00ns)   --->   "%out_mem_44 = extractvalue i14400 %call_ret1" [top_wrapper.cpp:123]   --->   Operation 513 'extractvalue' 'out_mem_44' <Predicate = true> <Delay = 0.00> <CoreInst = "FIFO_SRL">   --->   Core 80 'FIFO_SRL' <Latency = 0> <II = 1> <Delay = 1.83> <Storage> <Opcode : 'read' 'write' 'nbread' 'nbwrite'> <Ports = 0> <Width = 32> <Depth = 2> <FIFO>
ST_4 : Operation 514 [1/1] (0.00ns)   --->   "%out_mem_45 = extractvalue i14400 %call_ret1" [top_wrapper.cpp:123]   --->   Operation 514 'extractvalue' 'out_mem_45' <Predicate = true> <Delay = 0.00> <CoreInst = "FIFO_SRL">   --->   Core 80 'FIFO_SRL' <Latency = 0> <II = 1> <Delay = 1.83> <Storage> <Opcode : 'read' 'write' 'nbread' 'nbwrite'> <Ports = 0> <Width = 32> <Depth = 2> <FIFO>
ST_4 : Operation 515 [1/1] (0.00ns)   --->   "%out_mem_46 = extractvalue i14400 %call_ret1" [top_wrapper.cpp:123]   --->   Operation 515 'extractvalue' 'out_mem_46' <Predicate = true> <Delay = 0.00> <CoreInst = "FIFO_SRL">   --->   Core 80 'FIFO_SRL' <Latency = 0> <II = 1> <Delay = 1.83> <Storage> <Opcode : 'read' 'write' 'nbread' 'nbwrite'> <Ports = 0> <Width = 32> <Depth = 2> <FIFO>
ST_4 : Operation 516 [1/1] (0.00ns)   --->   "%out_mem_47 = extractvalue i14400 %call_ret1" [top_wrapper.cpp:123]   --->   Operation 516 'extractvalue' 'out_mem_47' <Predicate = true> <Delay = 0.00> <CoreInst = "FIFO_SRL">   --->   Core 80 'FIFO_SRL' <Latency = 0> <II = 1> <Delay = 1.83> <Storage> <Opcode : 'read' 'write' 'nbread' 'nbwrite'> <Ports = 0> <Width = 32> <Depth = 2> <FIFO>
ST_4 : Operation 517 [1/1] (0.00ns)   --->   "%out_mem_48 = extractvalue i14400 %call_ret1" [top_wrapper.cpp:123]   --->   Operation 517 'extractvalue' 'out_mem_48' <Predicate = true> <Delay = 0.00> <CoreInst = "FIFO_SRL">   --->   Core 80 'FIFO_SRL' <Latency = 0> <II = 1> <Delay = 1.83> <Storage> <Opcode : 'read' 'write' 'nbread' 'nbwrite'> <Ports = 0> <Width = 32> <Depth = 2> <FIFO>
ST_4 : Operation 518 [1/1] (0.00ns)   --->   "%out_mem_49 = extractvalue i14400 %call_ret1" [top_wrapper.cpp:123]   --->   Operation 518 'extractvalue' 'out_mem_49' <Predicate = true> <Delay = 0.00> <CoreInst = "FIFO_SRL">   --->   Core 80 'FIFO_SRL' <Latency = 0> <II = 1> <Delay = 1.83> <Storage> <Opcode : 'read' 'write' 'nbread' 'nbwrite'> <Ports = 0> <Width = 32> <Depth = 2> <FIFO>
ST_4 : Operation 519 [1/1] (0.00ns)   --->   "%out_mem_50 = extractvalue i14400 %call_ret1" [top_wrapper.cpp:123]   --->   Operation 519 'extractvalue' 'out_mem_50' <Predicate = true> <Delay = 0.00> <CoreInst = "FIFO_SRL">   --->   Core 80 'FIFO_SRL' <Latency = 0> <II = 1> <Delay = 1.83> <Storage> <Opcode : 'read' 'write' 'nbread' 'nbwrite'> <Ports = 0> <Width = 32> <Depth = 2> <FIFO>
ST_4 : Operation 520 [1/1] (0.00ns)   --->   "%out_mem_51 = extractvalue i14400 %call_ret1" [top_wrapper.cpp:123]   --->   Operation 520 'extractvalue' 'out_mem_51' <Predicate = true> <Delay = 0.00> <CoreInst = "FIFO_SRL">   --->   Core 80 'FIFO_SRL' <Latency = 0> <II = 1> <Delay = 1.83> <Storage> <Opcode : 'read' 'write' 'nbread' 'nbwrite'> <Ports = 0> <Width = 32> <Depth = 2> <FIFO>
ST_4 : Operation 521 [1/1] (0.00ns)   --->   "%out_mem_52 = extractvalue i14400 %call_ret1" [top_wrapper.cpp:123]   --->   Operation 521 'extractvalue' 'out_mem_52' <Predicate = true> <Delay = 0.00> <CoreInst = "FIFO_SRL">   --->   Core 80 'FIFO_SRL' <Latency = 0> <II = 1> <Delay = 1.83> <Storage> <Opcode : 'read' 'write' 'nbread' 'nbwrite'> <Ports = 0> <Width = 32> <Depth = 2> <FIFO>
ST_4 : Operation 522 [1/1] (0.00ns)   --->   "%out_mem_53 = extractvalue i14400 %call_ret1" [top_wrapper.cpp:123]   --->   Operation 522 'extractvalue' 'out_mem_53' <Predicate = true> <Delay = 0.00> <CoreInst = "FIFO_SRL">   --->   Core 80 'FIFO_SRL' <Latency = 0> <II = 1> <Delay = 1.83> <Storage> <Opcode : 'read' 'write' 'nbread' 'nbwrite'> <Ports = 0> <Width = 32> <Depth = 2> <FIFO>
ST_4 : Operation 523 [1/1] (0.00ns)   --->   "%out_mem_54 = extractvalue i14400 %call_ret1" [top_wrapper.cpp:123]   --->   Operation 523 'extractvalue' 'out_mem_54' <Predicate = true> <Delay = 0.00> <CoreInst = "FIFO_SRL">   --->   Core 80 'FIFO_SRL' <Latency = 0> <II = 1> <Delay = 1.83> <Storage> <Opcode : 'read' 'write' 'nbread' 'nbwrite'> <Ports = 0> <Width = 32> <Depth = 2> <FIFO>
ST_4 : Operation 524 [1/1] (0.00ns)   --->   "%out_mem_55 = extractvalue i14400 %call_ret1" [top_wrapper.cpp:123]   --->   Operation 524 'extractvalue' 'out_mem_55' <Predicate = true> <Delay = 0.00> <CoreInst = "FIFO_SRL">   --->   Core 80 'FIFO_SRL' <Latency = 0> <II = 1> <Delay = 1.83> <Storage> <Opcode : 'read' 'write' 'nbread' 'nbwrite'> <Ports = 0> <Width = 32> <Depth = 2> <FIFO>
ST_4 : Operation 525 [1/1] (0.00ns)   --->   "%out_mem_56 = extractvalue i14400 %call_ret1" [top_wrapper.cpp:123]   --->   Operation 525 'extractvalue' 'out_mem_56' <Predicate = true> <Delay = 0.00> <CoreInst = "FIFO_SRL">   --->   Core 80 'FIFO_SRL' <Latency = 0> <II = 1> <Delay = 1.83> <Storage> <Opcode : 'read' 'write' 'nbread' 'nbwrite'> <Ports = 0> <Width = 32> <Depth = 2> <FIFO>
ST_4 : Operation 526 [1/1] (0.00ns)   --->   "%out_mem_57 = extractvalue i14400 %call_ret1" [top_wrapper.cpp:123]   --->   Operation 526 'extractvalue' 'out_mem_57' <Predicate = true> <Delay = 0.00> <CoreInst = "FIFO_SRL">   --->   Core 80 'FIFO_SRL' <Latency = 0> <II = 1> <Delay = 1.83> <Storage> <Opcode : 'read' 'write' 'nbread' 'nbwrite'> <Ports = 0> <Width = 32> <Depth = 2> <FIFO>
ST_4 : Operation 527 [1/1] (0.00ns)   --->   "%out_mem_58 = extractvalue i14400 %call_ret1" [top_wrapper.cpp:123]   --->   Operation 527 'extractvalue' 'out_mem_58' <Predicate = true> <Delay = 0.00> <CoreInst = "FIFO_SRL">   --->   Core 80 'FIFO_SRL' <Latency = 0> <II = 1> <Delay = 1.83> <Storage> <Opcode : 'read' 'write' 'nbread' 'nbwrite'> <Ports = 0> <Width = 32> <Depth = 2> <FIFO>
ST_4 : Operation 528 [1/1] (0.00ns)   --->   "%out_mem_59 = extractvalue i14400 %call_ret1" [top_wrapper.cpp:123]   --->   Operation 528 'extractvalue' 'out_mem_59' <Predicate = true> <Delay = 0.00> <CoreInst = "FIFO_SRL">   --->   Core 80 'FIFO_SRL' <Latency = 0> <II = 1> <Delay = 1.83> <Storage> <Opcode : 'read' 'write' 'nbread' 'nbwrite'> <Ports = 0> <Width = 32> <Depth = 2> <FIFO>
ST_4 : Operation 529 [1/1] (0.00ns)   --->   "%out_mem_60 = extractvalue i14400 %call_ret1" [top_wrapper.cpp:123]   --->   Operation 529 'extractvalue' 'out_mem_60' <Predicate = true> <Delay = 0.00> <CoreInst = "FIFO_SRL">   --->   Core 80 'FIFO_SRL' <Latency = 0> <II = 1> <Delay = 1.83> <Storage> <Opcode : 'read' 'write' 'nbread' 'nbwrite'> <Ports = 0> <Width = 32> <Depth = 2> <FIFO>
ST_4 : Operation 530 [1/1] (0.00ns)   --->   "%out_mem_61 = extractvalue i14400 %call_ret1" [top_wrapper.cpp:123]   --->   Operation 530 'extractvalue' 'out_mem_61' <Predicate = true> <Delay = 0.00> <CoreInst = "FIFO_SRL">   --->   Core 80 'FIFO_SRL' <Latency = 0> <II = 1> <Delay = 1.83> <Storage> <Opcode : 'read' 'write' 'nbread' 'nbwrite'> <Ports = 0> <Width = 32> <Depth = 2> <FIFO>
ST_4 : Operation 531 [1/1] (0.00ns)   --->   "%out_mem_62 = extractvalue i14400 %call_ret1" [top_wrapper.cpp:123]   --->   Operation 531 'extractvalue' 'out_mem_62' <Predicate = true> <Delay = 0.00> <CoreInst = "FIFO_SRL">   --->   Core 80 'FIFO_SRL' <Latency = 0> <II = 1> <Delay = 1.83> <Storage> <Opcode : 'read' 'write' 'nbread' 'nbwrite'> <Ports = 0> <Width = 32> <Depth = 2> <FIFO>
ST_4 : Operation 532 [1/1] (0.00ns)   --->   "%out_mem_63 = extractvalue i14400 %call_ret1" [top_wrapper.cpp:123]   --->   Operation 532 'extractvalue' 'out_mem_63' <Predicate = true> <Delay = 0.00> <CoreInst = "FIFO_SRL">   --->   Core 80 'FIFO_SRL' <Latency = 0> <II = 1> <Delay = 1.83> <Storage> <Opcode : 'read' 'write' 'nbread' 'nbwrite'> <Ports = 0> <Width = 32> <Depth = 2> <FIFO>
ST_4 : Operation 533 [1/1] (0.00ns)   --->   "%out_mem_64 = extractvalue i14400 %call_ret1" [top_wrapper.cpp:123]   --->   Operation 533 'extractvalue' 'out_mem_64' <Predicate = true> <Delay = 0.00> <CoreInst = "FIFO_SRL">   --->   Core 80 'FIFO_SRL' <Latency = 0> <II = 1> <Delay = 1.83> <Storage> <Opcode : 'read' 'write' 'nbread' 'nbwrite'> <Ports = 0> <Width = 32> <Depth = 2> <FIFO>
ST_4 : Operation 534 [1/1] (0.00ns)   --->   "%out_mem_65 = extractvalue i14400 %call_ret1" [top_wrapper.cpp:123]   --->   Operation 534 'extractvalue' 'out_mem_65' <Predicate = true> <Delay = 0.00> <CoreInst = "FIFO_SRL">   --->   Core 80 'FIFO_SRL' <Latency = 0> <II = 1> <Delay = 1.83> <Storage> <Opcode : 'read' 'write' 'nbread' 'nbwrite'> <Ports = 0> <Width = 32> <Depth = 2> <FIFO>
ST_4 : Operation 535 [1/1] (0.00ns)   --->   "%out_mem_66 = extractvalue i14400 %call_ret1" [top_wrapper.cpp:123]   --->   Operation 535 'extractvalue' 'out_mem_66' <Predicate = true> <Delay = 0.00> <CoreInst = "FIFO_SRL">   --->   Core 80 'FIFO_SRL' <Latency = 0> <II = 1> <Delay = 1.83> <Storage> <Opcode : 'read' 'write' 'nbread' 'nbwrite'> <Ports = 0> <Width = 32> <Depth = 2> <FIFO>
ST_4 : Operation 536 [1/1] (0.00ns)   --->   "%out_mem_67 = extractvalue i14400 %call_ret1" [top_wrapper.cpp:123]   --->   Operation 536 'extractvalue' 'out_mem_67' <Predicate = true> <Delay = 0.00> <CoreInst = "FIFO_SRL">   --->   Core 80 'FIFO_SRL' <Latency = 0> <II = 1> <Delay = 1.83> <Storage> <Opcode : 'read' 'write' 'nbread' 'nbwrite'> <Ports = 0> <Width = 32> <Depth = 2> <FIFO>
ST_4 : Operation 537 [1/1] (0.00ns)   --->   "%out_mem_68 = extractvalue i14400 %call_ret1" [top_wrapper.cpp:123]   --->   Operation 537 'extractvalue' 'out_mem_68' <Predicate = true> <Delay = 0.00> <CoreInst = "FIFO_SRL">   --->   Core 80 'FIFO_SRL' <Latency = 0> <II = 1> <Delay = 1.83> <Storage> <Opcode : 'read' 'write' 'nbread' 'nbwrite'> <Ports = 0> <Width = 32> <Depth = 2> <FIFO>
ST_4 : Operation 538 [1/1] (0.00ns)   --->   "%out_mem_69 = extractvalue i14400 %call_ret1" [top_wrapper.cpp:123]   --->   Operation 538 'extractvalue' 'out_mem_69' <Predicate = true> <Delay = 0.00> <CoreInst = "FIFO_SRL">   --->   Core 80 'FIFO_SRL' <Latency = 0> <II = 1> <Delay = 1.83> <Storage> <Opcode : 'read' 'write' 'nbread' 'nbwrite'> <Ports = 0> <Width = 32> <Depth = 2> <FIFO>
ST_4 : Operation 539 [1/1] (0.00ns)   --->   "%out_mem_70 = extractvalue i14400 %call_ret1" [top_wrapper.cpp:123]   --->   Operation 539 'extractvalue' 'out_mem_70' <Predicate = true> <Delay = 0.00> <CoreInst = "FIFO_SRL">   --->   Core 80 'FIFO_SRL' <Latency = 0> <II = 1> <Delay = 1.83> <Storage> <Opcode : 'read' 'write' 'nbread' 'nbwrite'> <Ports = 0> <Width = 32> <Depth = 2> <FIFO>
ST_4 : Operation 540 [1/1] (0.00ns)   --->   "%out_mem_71 = extractvalue i14400 %call_ret1" [top_wrapper.cpp:123]   --->   Operation 540 'extractvalue' 'out_mem_71' <Predicate = true> <Delay = 0.00> <CoreInst = "FIFO_SRL">   --->   Core 80 'FIFO_SRL' <Latency = 0> <II = 1> <Delay = 1.83> <Storage> <Opcode : 'read' 'write' 'nbread' 'nbwrite'> <Ports = 0> <Width = 32> <Depth = 2> <FIFO>
ST_4 : Operation 541 [1/1] (0.00ns)   --->   "%out_mem_72 = extractvalue i14400 %call_ret1" [top_wrapper.cpp:123]   --->   Operation 541 'extractvalue' 'out_mem_72' <Predicate = true> <Delay = 0.00> <CoreInst = "FIFO_SRL">   --->   Core 80 'FIFO_SRL' <Latency = 0> <II = 1> <Delay = 1.83> <Storage> <Opcode : 'read' 'write' 'nbread' 'nbwrite'> <Ports = 0> <Width = 32> <Depth = 2> <FIFO>
ST_4 : Operation 542 [1/1] (0.00ns)   --->   "%out_mem_73 = extractvalue i14400 %call_ret1" [top_wrapper.cpp:123]   --->   Operation 542 'extractvalue' 'out_mem_73' <Predicate = true> <Delay = 0.00> <CoreInst = "FIFO_SRL">   --->   Core 80 'FIFO_SRL' <Latency = 0> <II = 1> <Delay = 1.83> <Storage> <Opcode : 'read' 'write' 'nbread' 'nbwrite'> <Ports = 0> <Width = 32> <Depth = 2> <FIFO>
ST_4 : Operation 543 [1/1] (0.00ns)   --->   "%out_mem_74 = extractvalue i14400 %call_ret1" [top_wrapper.cpp:123]   --->   Operation 543 'extractvalue' 'out_mem_74' <Predicate = true> <Delay = 0.00> <CoreInst = "FIFO_SRL">   --->   Core 80 'FIFO_SRL' <Latency = 0> <II = 1> <Delay = 1.83> <Storage> <Opcode : 'read' 'write' 'nbread' 'nbwrite'> <Ports = 0> <Width = 32> <Depth = 2> <FIFO>
ST_4 : Operation 544 [1/1] (0.00ns)   --->   "%out_mem_75 = extractvalue i14400 %call_ret1" [top_wrapper.cpp:123]   --->   Operation 544 'extractvalue' 'out_mem_75' <Predicate = true> <Delay = 0.00> <CoreInst = "FIFO_SRL">   --->   Core 80 'FIFO_SRL' <Latency = 0> <II = 1> <Delay = 1.83> <Storage> <Opcode : 'read' 'write' 'nbread' 'nbwrite'> <Ports = 0> <Width = 32> <Depth = 2> <FIFO>
ST_4 : Operation 545 [1/1] (0.00ns)   --->   "%out_mem_76 = extractvalue i14400 %call_ret1" [top_wrapper.cpp:123]   --->   Operation 545 'extractvalue' 'out_mem_76' <Predicate = true> <Delay = 0.00> <CoreInst = "FIFO_SRL">   --->   Core 80 'FIFO_SRL' <Latency = 0> <II = 1> <Delay = 1.83> <Storage> <Opcode : 'read' 'write' 'nbread' 'nbwrite'> <Ports = 0> <Width = 32> <Depth = 2> <FIFO>
ST_4 : Operation 546 [1/1] (0.00ns)   --->   "%out_mem_77 = extractvalue i14400 %call_ret1" [top_wrapper.cpp:123]   --->   Operation 546 'extractvalue' 'out_mem_77' <Predicate = true> <Delay = 0.00> <CoreInst = "FIFO_SRL">   --->   Core 80 'FIFO_SRL' <Latency = 0> <II = 1> <Delay = 1.83> <Storage> <Opcode : 'read' 'write' 'nbread' 'nbwrite'> <Ports = 0> <Width = 32> <Depth = 2> <FIFO>
ST_4 : Operation 547 [1/1] (0.00ns)   --->   "%out_mem_78 = extractvalue i14400 %call_ret1" [top_wrapper.cpp:123]   --->   Operation 547 'extractvalue' 'out_mem_78' <Predicate = true> <Delay = 0.00> <CoreInst = "FIFO_SRL">   --->   Core 80 'FIFO_SRL' <Latency = 0> <II = 1> <Delay = 1.83> <Storage> <Opcode : 'read' 'write' 'nbread' 'nbwrite'> <Ports = 0> <Width = 32> <Depth = 2> <FIFO>
ST_4 : Operation 548 [1/1] (0.00ns)   --->   "%out_mem_79 = extractvalue i14400 %call_ret1" [top_wrapper.cpp:123]   --->   Operation 548 'extractvalue' 'out_mem_79' <Predicate = true> <Delay = 0.00> <CoreInst = "FIFO_SRL">   --->   Core 80 'FIFO_SRL' <Latency = 0> <II = 1> <Delay = 1.83> <Storage> <Opcode : 'read' 'write' 'nbread' 'nbwrite'> <Ports = 0> <Width = 32> <Depth = 2> <FIFO>
ST_4 : Operation 549 [1/1] (0.00ns)   --->   "%out_mem_80 = extractvalue i14400 %call_ret1" [top_wrapper.cpp:123]   --->   Operation 549 'extractvalue' 'out_mem_80' <Predicate = true> <Delay = 0.00> <CoreInst = "FIFO_SRL">   --->   Core 80 'FIFO_SRL' <Latency = 0> <II = 1> <Delay = 1.83> <Storage> <Opcode : 'read' 'write' 'nbread' 'nbwrite'> <Ports = 0> <Width = 32> <Depth = 2> <FIFO>
ST_4 : Operation 550 [1/1] (0.00ns)   --->   "%out_mem_81 = extractvalue i14400 %call_ret1" [top_wrapper.cpp:123]   --->   Operation 550 'extractvalue' 'out_mem_81' <Predicate = true> <Delay = 0.00> <CoreInst = "FIFO_SRL">   --->   Core 80 'FIFO_SRL' <Latency = 0> <II = 1> <Delay = 1.83> <Storage> <Opcode : 'read' 'write' 'nbread' 'nbwrite'> <Ports = 0> <Width = 32> <Depth = 2> <FIFO>
ST_4 : Operation 551 [1/1] (0.00ns)   --->   "%out_mem_82 = extractvalue i14400 %call_ret1" [top_wrapper.cpp:123]   --->   Operation 551 'extractvalue' 'out_mem_82' <Predicate = true> <Delay = 0.00> <CoreInst = "FIFO_SRL">   --->   Core 80 'FIFO_SRL' <Latency = 0> <II = 1> <Delay = 1.83> <Storage> <Opcode : 'read' 'write' 'nbread' 'nbwrite'> <Ports = 0> <Width = 32> <Depth = 2> <FIFO>
ST_4 : Operation 552 [1/1] (0.00ns)   --->   "%out_mem_83 = extractvalue i14400 %call_ret1" [top_wrapper.cpp:123]   --->   Operation 552 'extractvalue' 'out_mem_83' <Predicate = true> <Delay = 0.00> <CoreInst = "FIFO_SRL">   --->   Core 80 'FIFO_SRL' <Latency = 0> <II = 1> <Delay = 1.83> <Storage> <Opcode : 'read' 'write' 'nbread' 'nbwrite'> <Ports = 0> <Width = 32> <Depth = 2> <FIFO>
ST_4 : Operation 553 [1/1] (0.00ns)   --->   "%out_mem_84 = extractvalue i14400 %call_ret1" [top_wrapper.cpp:123]   --->   Operation 553 'extractvalue' 'out_mem_84' <Predicate = true> <Delay = 0.00> <CoreInst = "FIFO_SRL">   --->   Core 80 'FIFO_SRL' <Latency = 0> <II = 1> <Delay = 1.83> <Storage> <Opcode : 'read' 'write' 'nbread' 'nbwrite'> <Ports = 0> <Width = 32> <Depth = 2> <FIFO>
ST_4 : Operation 554 [1/1] (0.00ns)   --->   "%out_mem_85 = extractvalue i14400 %call_ret1" [top_wrapper.cpp:123]   --->   Operation 554 'extractvalue' 'out_mem_85' <Predicate = true> <Delay = 0.00> <CoreInst = "FIFO_SRL">   --->   Core 80 'FIFO_SRL' <Latency = 0> <II = 1> <Delay = 1.83> <Storage> <Opcode : 'read' 'write' 'nbread' 'nbwrite'> <Ports = 0> <Width = 32> <Depth = 2> <FIFO>
ST_4 : Operation 555 [1/1] (0.00ns)   --->   "%out_mem_86 = extractvalue i14400 %call_ret1" [top_wrapper.cpp:123]   --->   Operation 555 'extractvalue' 'out_mem_86' <Predicate = true> <Delay = 0.00> <CoreInst = "FIFO_SRL">   --->   Core 80 'FIFO_SRL' <Latency = 0> <II = 1> <Delay = 1.83> <Storage> <Opcode : 'read' 'write' 'nbread' 'nbwrite'> <Ports = 0> <Width = 32> <Depth = 2> <FIFO>
ST_4 : Operation 556 [1/1] (0.00ns)   --->   "%out_mem_87 = extractvalue i14400 %call_ret1" [top_wrapper.cpp:123]   --->   Operation 556 'extractvalue' 'out_mem_87' <Predicate = true> <Delay = 0.00> <CoreInst = "FIFO_SRL">   --->   Core 80 'FIFO_SRL' <Latency = 0> <II = 1> <Delay = 1.83> <Storage> <Opcode : 'read' 'write' 'nbread' 'nbwrite'> <Ports = 0> <Width = 32> <Depth = 2> <FIFO>
ST_4 : Operation 557 [1/1] (0.00ns)   --->   "%out_mem_88 = extractvalue i14400 %call_ret1" [top_wrapper.cpp:123]   --->   Operation 557 'extractvalue' 'out_mem_88' <Predicate = true> <Delay = 0.00> <CoreInst = "FIFO_SRL">   --->   Core 80 'FIFO_SRL' <Latency = 0> <II = 1> <Delay = 1.83> <Storage> <Opcode : 'read' 'write' 'nbread' 'nbwrite'> <Ports = 0> <Width = 32> <Depth = 2> <FIFO>
ST_4 : Operation 558 [1/1] (0.00ns)   --->   "%out_mem_89 = extractvalue i14400 %call_ret1" [top_wrapper.cpp:123]   --->   Operation 558 'extractvalue' 'out_mem_89' <Predicate = true> <Delay = 0.00> <CoreInst = "FIFO_SRL">   --->   Core 80 'FIFO_SRL' <Latency = 0> <II = 1> <Delay = 1.83> <Storage> <Opcode : 'read' 'write' 'nbread' 'nbwrite'> <Ports = 0> <Width = 32> <Depth = 2> <FIFO>
ST_4 : Operation 559 [1/1] (0.00ns)   --->   "%out_mem_90 = extractvalue i14400 %call_ret1" [top_wrapper.cpp:123]   --->   Operation 559 'extractvalue' 'out_mem_90' <Predicate = true> <Delay = 0.00> <CoreInst = "FIFO_SRL">   --->   Core 80 'FIFO_SRL' <Latency = 0> <II = 1> <Delay = 1.83> <Storage> <Opcode : 'read' 'write' 'nbread' 'nbwrite'> <Ports = 0> <Width = 32> <Depth = 2> <FIFO>
ST_4 : Operation 560 [1/1] (0.00ns)   --->   "%out_mem_91 = extractvalue i14400 %call_ret1" [top_wrapper.cpp:123]   --->   Operation 560 'extractvalue' 'out_mem_91' <Predicate = true> <Delay = 0.00> <CoreInst = "FIFO_SRL">   --->   Core 80 'FIFO_SRL' <Latency = 0> <II = 1> <Delay = 1.83> <Storage> <Opcode : 'read' 'write' 'nbread' 'nbwrite'> <Ports = 0> <Width = 32> <Depth = 2> <FIFO>
ST_4 : Operation 561 [1/1] (0.00ns)   --->   "%out_mem_92 = extractvalue i14400 %call_ret1" [top_wrapper.cpp:123]   --->   Operation 561 'extractvalue' 'out_mem_92' <Predicate = true> <Delay = 0.00> <CoreInst = "FIFO_SRL">   --->   Core 80 'FIFO_SRL' <Latency = 0> <II = 1> <Delay = 1.83> <Storage> <Opcode : 'read' 'write' 'nbread' 'nbwrite'> <Ports = 0> <Width = 32> <Depth = 2> <FIFO>
ST_4 : Operation 562 [1/1] (0.00ns)   --->   "%out_mem_93 = extractvalue i14400 %call_ret1" [top_wrapper.cpp:123]   --->   Operation 562 'extractvalue' 'out_mem_93' <Predicate = true> <Delay = 0.00> <CoreInst = "FIFO_SRL">   --->   Core 80 'FIFO_SRL' <Latency = 0> <II = 1> <Delay = 1.83> <Storage> <Opcode : 'read' 'write' 'nbread' 'nbwrite'> <Ports = 0> <Width = 32> <Depth = 2> <FIFO>
ST_4 : Operation 563 [1/1] (0.00ns)   --->   "%out_mem_94 = extractvalue i14400 %call_ret1" [top_wrapper.cpp:123]   --->   Operation 563 'extractvalue' 'out_mem_94' <Predicate = true> <Delay = 0.00> <CoreInst = "FIFO_SRL">   --->   Core 80 'FIFO_SRL' <Latency = 0> <II = 1> <Delay = 1.83> <Storage> <Opcode : 'read' 'write' 'nbread' 'nbwrite'> <Ports = 0> <Width = 32> <Depth = 2> <FIFO>
ST_4 : Operation 564 [1/1] (0.00ns)   --->   "%out_mem_95 = extractvalue i14400 %call_ret1" [top_wrapper.cpp:123]   --->   Operation 564 'extractvalue' 'out_mem_95' <Predicate = true> <Delay = 0.00> <CoreInst = "FIFO_SRL">   --->   Core 80 'FIFO_SRL' <Latency = 0> <II = 1> <Delay = 1.83> <Storage> <Opcode : 'read' 'write' 'nbread' 'nbwrite'> <Ports = 0> <Width = 32> <Depth = 2> <FIFO>
ST_4 : Operation 565 [1/1] (0.00ns)   --->   "%out_mem_96 = extractvalue i14400 %call_ret1" [top_wrapper.cpp:123]   --->   Operation 565 'extractvalue' 'out_mem_96' <Predicate = true> <Delay = 0.00> <CoreInst = "FIFO_SRL">   --->   Core 80 'FIFO_SRL' <Latency = 0> <II = 1> <Delay = 1.83> <Storage> <Opcode : 'read' 'write' 'nbread' 'nbwrite'> <Ports = 0> <Width = 32> <Depth = 2> <FIFO>
ST_4 : Operation 566 [1/1] (0.00ns)   --->   "%out_mem_97 = extractvalue i14400 %call_ret1" [top_wrapper.cpp:123]   --->   Operation 566 'extractvalue' 'out_mem_97' <Predicate = true> <Delay = 0.00> <CoreInst = "FIFO_SRL">   --->   Core 80 'FIFO_SRL' <Latency = 0> <II = 1> <Delay = 1.83> <Storage> <Opcode : 'read' 'write' 'nbread' 'nbwrite'> <Ports = 0> <Width = 32> <Depth = 2> <FIFO>
ST_4 : Operation 567 [1/1] (0.00ns)   --->   "%out_mem_98 = extractvalue i14400 %call_ret1" [top_wrapper.cpp:123]   --->   Operation 567 'extractvalue' 'out_mem_98' <Predicate = true> <Delay = 0.00> <CoreInst = "FIFO_SRL">   --->   Core 80 'FIFO_SRL' <Latency = 0> <II = 1> <Delay = 1.83> <Storage> <Opcode : 'read' 'write' 'nbread' 'nbwrite'> <Ports = 0> <Width = 32> <Depth = 2> <FIFO>
ST_4 : Operation 568 [1/1] (0.00ns)   --->   "%out_mem_99 = extractvalue i14400 %call_ret1" [top_wrapper.cpp:123]   --->   Operation 568 'extractvalue' 'out_mem_99' <Predicate = true> <Delay = 0.00> <CoreInst = "FIFO_SRL">   --->   Core 80 'FIFO_SRL' <Latency = 0> <II = 1> <Delay = 1.83> <Storage> <Opcode : 'read' 'write' 'nbread' 'nbwrite'> <Ports = 0> <Width = 32> <Depth = 2> <FIFO>
ST_4 : Operation 569 [1/1] (0.00ns)   --->   "%out_mem_100 = extractvalue i14400 %call_ret1" [top_wrapper.cpp:123]   --->   Operation 569 'extractvalue' 'out_mem_100' <Predicate = true> <Delay = 0.00> <CoreInst = "FIFO_SRL">   --->   Core 80 'FIFO_SRL' <Latency = 0> <II = 1> <Delay = 1.83> <Storage> <Opcode : 'read' 'write' 'nbread' 'nbwrite'> <Ports = 0> <Width = 32> <Depth = 2> <FIFO>
ST_4 : Operation 570 [1/1] (0.00ns)   --->   "%out_mem_101 = extractvalue i14400 %call_ret1" [top_wrapper.cpp:123]   --->   Operation 570 'extractvalue' 'out_mem_101' <Predicate = true> <Delay = 0.00> <CoreInst = "FIFO_SRL">   --->   Core 80 'FIFO_SRL' <Latency = 0> <II = 1> <Delay = 1.83> <Storage> <Opcode : 'read' 'write' 'nbread' 'nbwrite'> <Ports = 0> <Width = 32> <Depth = 2> <FIFO>
ST_4 : Operation 571 [1/1] (0.00ns)   --->   "%out_mem_102 = extractvalue i14400 %call_ret1" [top_wrapper.cpp:123]   --->   Operation 571 'extractvalue' 'out_mem_102' <Predicate = true> <Delay = 0.00> <CoreInst = "FIFO_SRL">   --->   Core 80 'FIFO_SRL' <Latency = 0> <II = 1> <Delay = 1.83> <Storage> <Opcode : 'read' 'write' 'nbread' 'nbwrite'> <Ports = 0> <Width = 32> <Depth = 2> <FIFO>
ST_4 : Operation 572 [1/1] (0.00ns)   --->   "%out_mem_103 = extractvalue i14400 %call_ret1" [top_wrapper.cpp:123]   --->   Operation 572 'extractvalue' 'out_mem_103' <Predicate = true> <Delay = 0.00> <CoreInst = "FIFO_SRL">   --->   Core 80 'FIFO_SRL' <Latency = 0> <II = 1> <Delay = 1.83> <Storage> <Opcode : 'read' 'write' 'nbread' 'nbwrite'> <Ports = 0> <Width = 32> <Depth = 2> <FIFO>
ST_4 : Operation 573 [1/1] (0.00ns)   --->   "%out_mem_104 = extractvalue i14400 %call_ret1" [top_wrapper.cpp:123]   --->   Operation 573 'extractvalue' 'out_mem_104' <Predicate = true> <Delay = 0.00> <CoreInst = "FIFO_SRL">   --->   Core 80 'FIFO_SRL' <Latency = 0> <II = 1> <Delay = 1.83> <Storage> <Opcode : 'read' 'write' 'nbread' 'nbwrite'> <Ports = 0> <Width = 32> <Depth = 2> <FIFO>
ST_4 : Operation 574 [1/1] (0.00ns)   --->   "%out_mem_105 = extractvalue i14400 %call_ret1" [top_wrapper.cpp:123]   --->   Operation 574 'extractvalue' 'out_mem_105' <Predicate = true> <Delay = 0.00> <CoreInst = "FIFO_SRL">   --->   Core 80 'FIFO_SRL' <Latency = 0> <II = 1> <Delay = 1.83> <Storage> <Opcode : 'read' 'write' 'nbread' 'nbwrite'> <Ports = 0> <Width = 32> <Depth = 2> <FIFO>
ST_4 : Operation 575 [1/1] (0.00ns)   --->   "%out_mem_106 = extractvalue i14400 %call_ret1" [top_wrapper.cpp:123]   --->   Operation 575 'extractvalue' 'out_mem_106' <Predicate = true> <Delay = 0.00> <CoreInst = "FIFO_SRL">   --->   Core 80 'FIFO_SRL' <Latency = 0> <II = 1> <Delay = 1.83> <Storage> <Opcode : 'read' 'write' 'nbread' 'nbwrite'> <Ports = 0> <Width = 32> <Depth = 2> <FIFO>
ST_4 : Operation 576 [1/1] (0.00ns)   --->   "%out_mem_107 = extractvalue i14400 %call_ret1" [top_wrapper.cpp:123]   --->   Operation 576 'extractvalue' 'out_mem_107' <Predicate = true> <Delay = 0.00> <CoreInst = "FIFO_SRL">   --->   Core 80 'FIFO_SRL' <Latency = 0> <II = 1> <Delay = 1.83> <Storage> <Opcode : 'read' 'write' 'nbread' 'nbwrite'> <Ports = 0> <Width = 32> <Depth = 2> <FIFO>
ST_4 : Operation 577 [1/1] (0.00ns)   --->   "%out_mem_108 = extractvalue i14400 %call_ret1" [top_wrapper.cpp:123]   --->   Operation 577 'extractvalue' 'out_mem_108' <Predicate = true> <Delay = 0.00> <CoreInst = "FIFO_SRL">   --->   Core 80 'FIFO_SRL' <Latency = 0> <II = 1> <Delay = 1.83> <Storage> <Opcode : 'read' 'write' 'nbread' 'nbwrite'> <Ports = 0> <Width = 32> <Depth = 2> <FIFO>
ST_4 : Operation 578 [1/1] (0.00ns)   --->   "%out_mem_109 = extractvalue i14400 %call_ret1" [top_wrapper.cpp:123]   --->   Operation 578 'extractvalue' 'out_mem_109' <Predicate = true> <Delay = 0.00> <CoreInst = "FIFO_SRL">   --->   Core 80 'FIFO_SRL' <Latency = 0> <II = 1> <Delay = 1.83> <Storage> <Opcode : 'read' 'write' 'nbread' 'nbwrite'> <Ports = 0> <Width = 32> <Depth = 2> <FIFO>
ST_4 : Operation 579 [1/1] (0.00ns)   --->   "%out_mem_110 = extractvalue i14400 %call_ret1" [top_wrapper.cpp:123]   --->   Operation 579 'extractvalue' 'out_mem_110' <Predicate = true> <Delay = 0.00> <CoreInst = "FIFO_SRL">   --->   Core 80 'FIFO_SRL' <Latency = 0> <II = 1> <Delay = 1.83> <Storage> <Opcode : 'read' 'write' 'nbread' 'nbwrite'> <Ports = 0> <Width = 32> <Depth = 2> <FIFO>
ST_4 : Operation 580 [1/1] (0.00ns)   --->   "%out_mem_111 = extractvalue i14400 %call_ret1" [top_wrapper.cpp:123]   --->   Operation 580 'extractvalue' 'out_mem_111' <Predicate = true> <Delay = 0.00> <CoreInst = "FIFO_SRL">   --->   Core 80 'FIFO_SRL' <Latency = 0> <II = 1> <Delay = 1.83> <Storage> <Opcode : 'read' 'write' 'nbread' 'nbwrite'> <Ports = 0> <Width = 32> <Depth = 2> <FIFO>
ST_4 : Operation 581 [1/1] (0.00ns)   --->   "%out_mem_112 = extractvalue i14400 %call_ret1" [top_wrapper.cpp:123]   --->   Operation 581 'extractvalue' 'out_mem_112' <Predicate = true> <Delay = 0.00> <CoreInst = "FIFO_SRL">   --->   Core 80 'FIFO_SRL' <Latency = 0> <II = 1> <Delay = 1.83> <Storage> <Opcode : 'read' 'write' 'nbread' 'nbwrite'> <Ports = 0> <Width = 32> <Depth = 2> <FIFO>
ST_4 : Operation 582 [1/1] (0.00ns)   --->   "%out_mem_113 = extractvalue i14400 %call_ret1" [top_wrapper.cpp:123]   --->   Operation 582 'extractvalue' 'out_mem_113' <Predicate = true> <Delay = 0.00> <CoreInst = "FIFO_SRL">   --->   Core 80 'FIFO_SRL' <Latency = 0> <II = 1> <Delay = 1.83> <Storage> <Opcode : 'read' 'write' 'nbread' 'nbwrite'> <Ports = 0> <Width = 32> <Depth = 2> <FIFO>
ST_4 : Operation 583 [1/1] (0.00ns)   --->   "%out_mem_114 = extractvalue i14400 %call_ret1" [top_wrapper.cpp:123]   --->   Operation 583 'extractvalue' 'out_mem_114' <Predicate = true> <Delay = 0.00> <CoreInst = "FIFO_SRL">   --->   Core 80 'FIFO_SRL' <Latency = 0> <II = 1> <Delay = 1.83> <Storage> <Opcode : 'read' 'write' 'nbread' 'nbwrite'> <Ports = 0> <Width = 32> <Depth = 2> <FIFO>
ST_4 : Operation 584 [1/1] (0.00ns)   --->   "%out_mem_115 = extractvalue i14400 %call_ret1" [top_wrapper.cpp:123]   --->   Operation 584 'extractvalue' 'out_mem_115' <Predicate = true> <Delay = 0.00> <CoreInst = "FIFO_SRL">   --->   Core 80 'FIFO_SRL' <Latency = 0> <II = 1> <Delay = 1.83> <Storage> <Opcode : 'read' 'write' 'nbread' 'nbwrite'> <Ports = 0> <Width = 32> <Depth = 2> <FIFO>
ST_4 : Operation 585 [1/1] (0.00ns)   --->   "%out_mem_116 = extractvalue i14400 %call_ret1" [top_wrapper.cpp:123]   --->   Operation 585 'extractvalue' 'out_mem_116' <Predicate = true> <Delay = 0.00> <CoreInst = "FIFO_SRL">   --->   Core 80 'FIFO_SRL' <Latency = 0> <II = 1> <Delay = 1.83> <Storage> <Opcode : 'read' 'write' 'nbread' 'nbwrite'> <Ports = 0> <Width = 32> <Depth = 2> <FIFO>
ST_4 : Operation 586 [1/1] (0.00ns)   --->   "%out_mem_117 = extractvalue i14400 %call_ret1" [top_wrapper.cpp:123]   --->   Operation 586 'extractvalue' 'out_mem_117' <Predicate = true> <Delay = 0.00> <CoreInst = "FIFO_SRL">   --->   Core 80 'FIFO_SRL' <Latency = 0> <II = 1> <Delay = 1.83> <Storage> <Opcode : 'read' 'write' 'nbread' 'nbwrite'> <Ports = 0> <Width = 32> <Depth = 2> <FIFO>
ST_4 : Operation 587 [1/1] (0.00ns)   --->   "%out_mem_118 = extractvalue i14400 %call_ret1" [top_wrapper.cpp:123]   --->   Operation 587 'extractvalue' 'out_mem_118' <Predicate = true> <Delay = 0.00> <CoreInst = "FIFO_SRL">   --->   Core 80 'FIFO_SRL' <Latency = 0> <II = 1> <Delay = 1.83> <Storage> <Opcode : 'read' 'write' 'nbread' 'nbwrite'> <Ports = 0> <Width = 32> <Depth = 2> <FIFO>
ST_4 : Operation 588 [1/1] (0.00ns)   --->   "%out_mem_119 = extractvalue i14400 %call_ret1" [top_wrapper.cpp:123]   --->   Operation 588 'extractvalue' 'out_mem_119' <Predicate = true> <Delay = 0.00> <CoreInst = "FIFO_SRL">   --->   Core 80 'FIFO_SRL' <Latency = 0> <II = 1> <Delay = 1.83> <Storage> <Opcode : 'read' 'write' 'nbread' 'nbwrite'> <Ports = 0> <Width = 32> <Depth = 2> <FIFO>
ST_4 : Operation 589 [1/1] (0.00ns)   --->   "%out_mem_120 = extractvalue i14400 %call_ret1" [top_wrapper.cpp:123]   --->   Operation 589 'extractvalue' 'out_mem_120' <Predicate = true> <Delay = 0.00> <CoreInst = "FIFO_SRL">   --->   Core 80 'FIFO_SRL' <Latency = 0> <II = 1> <Delay = 1.83> <Storage> <Opcode : 'read' 'write' 'nbread' 'nbwrite'> <Ports = 0> <Width = 32> <Depth = 2> <FIFO>
ST_4 : Operation 590 [1/1] (0.00ns)   --->   "%out_mem_121 = extractvalue i14400 %call_ret1" [top_wrapper.cpp:123]   --->   Operation 590 'extractvalue' 'out_mem_121' <Predicate = true> <Delay = 0.00> <CoreInst = "FIFO_SRL">   --->   Core 80 'FIFO_SRL' <Latency = 0> <II = 1> <Delay = 1.83> <Storage> <Opcode : 'read' 'write' 'nbread' 'nbwrite'> <Ports = 0> <Width = 32> <Depth = 2> <FIFO>
ST_4 : Operation 591 [1/1] (0.00ns)   --->   "%out_mem_122 = extractvalue i14400 %call_ret1" [top_wrapper.cpp:123]   --->   Operation 591 'extractvalue' 'out_mem_122' <Predicate = true> <Delay = 0.00> <CoreInst = "FIFO_SRL">   --->   Core 80 'FIFO_SRL' <Latency = 0> <II = 1> <Delay = 1.83> <Storage> <Opcode : 'read' 'write' 'nbread' 'nbwrite'> <Ports = 0> <Width = 32> <Depth = 2> <FIFO>
ST_4 : Operation 592 [1/1] (0.00ns)   --->   "%out_mem_123 = extractvalue i14400 %call_ret1" [top_wrapper.cpp:123]   --->   Operation 592 'extractvalue' 'out_mem_123' <Predicate = true> <Delay = 0.00> <CoreInst = "FIFO_SRL">   --->   Core 80 'FIFO_SRL' <Latency = 0> <II = 1> <Delay = 1.83> <Storage> <Opcode : 'read' 'write' 'nbread' 'nbwrite'> <Ports = 0> <Width = 32> <Depth = 2> <FIFO>
ST_4 : Operation 593 [1/1] (0.00ns)   --->   "%out_mem_124 = extractvalue i14400 %call_ret1" [top_wrapper.cpp:123]   --->   Operation 593 'extractvalue' 'out_mem_124' <Predicate = true> <Delay = 0.00> <CoreInst = "FIFO_SRL">   --->   Core 80 'FIFO_SRL' <Latency = 0> <II = 1> <Delay = 1.83> <Storage> <Opcode : 'read' 'write' 'nbread' 'nbwrite'> <Ports = 0> <Width = 32> <Depth = 2> <FIFO>
ST_4 : Operation 594 [1/1] (0.00ns)   --->   "%out_mem_125 = extractvalue i14400 %call_ret1" [top_wrapper.cpp:123]   --->   Operation 594 'extractvalue' 'out_mem_125' <Predicate = true> <Delay = 0.00> <CoreInst = "FIFO_SRL">   --->   Core 80 'FIFO_SRL' <Latency = 0> <II = 1> <Delay = 1.83> <Storage> <Opcode : 'read' 'write' 'nbread' 'nbwrite'> <Ports = 0> <Width = 32> <Depth = 2> <FIFO>
ST_4 : Operation 595 [1/1] (0.00ns)   --->   "%out_mem_126 = extractvalue i14400 %call_ret1" [top_wrapper.cpp:123]   --->   Operation 595 'extractvalue' 'out_mem_126' <Predicate = true> <Delay = 0.00> <CoreInst = "FIFO_SRL">   --->   Core 80 'FIFO_SRL' <Latency = 0> <II = 1> <Delay = 1.83> <Storage> <Opcode : 'read' 'write' 'nbread' 'nbwrite'> <Ports = 0> <Width = 32> <Depth = 2> <FIFO>
ST_4 : Operation 596 [1/1] (0.00ns)   --->   "%out_mem_127 = extractvalue i14400 %call_ret1" [top_wrapper.cpp:123]   --->   Operation 596 'extractvalue' 'out_mem_127' <Predicate = true> <Delay = 0.00> <CoreInst = "FIFO_SRL">   --->   Core 80 'FIFO_SRL' <Latency = 0> <II = 1> <Delay = 1.83> <Storage> <Opcode : 'read' 'write' 'nbread' 'nbwrite'> <Ports = 0> <Width = 32> <Depth = 2> <FIFO>
ST_4 : Operation 597 [1/1] (0.00ns)   --->   "%out_mem_128 = extractvalue i14400 %call_ret1" [top_wrapper.cpp:123]   --->   Operation 597 'extractvalue' 'out_mem_128' <Predicate = true> <Delay = 0.00> <CoreInst = "FIFO_SRL">   --->   Core 80 'FIFO_SRL' <Latency = 0> <II = 1> <Delay = 1.83> <Storage> <Opcode : 'read' 'write' 'nbread' 'nbwrite'> <Ports = 0> <Width = 32> <Depth = 2> <FIFO>
ST_4 : Operation 598 [1/1] (0.00ns)   --->   "%out_mem_129 = extractvalue i14400 %call_ret1" [top_wrapper.cpp:123]   --->   Operation 598 'extractvalue' 'out_mem_129' <Predicate = true> <Delay = 0.00> <CoreInst = "FIFO_SRL">   --->   Core 80 'FIFO_SRL' <Latency = 0> <II = 1> <Delay = 1.83> <Storage> <Opcode : 'read' 'write' 'nbread' 'nbwrite'> <Ports = 0> <Width = 32> <Depth = 2> <FIFO>
ST_4 : Operation 599 [1/1] (0.00ns)   --->   "%out_mem_130 = extractvalue i14400 %call_ret1" [top_wrapper.cpp:123]   --->   Operation 599 'extractvalue' 'out_mem_130' <Predicate = true> <Delay = 0.00> <CoreInst = "FIFO_SRL">   --->   Core 80 'FIFO_SRL' <Latency = 0> <II = 1> <Delay = 1.83> <Storage> <Opcode : 'read' 'write' 'nbread' 'nbwrite'> <Ports = 0> <Width = 32> <Depth = 2> <FIFO>
ST_4 : Operation 600 [1/1] (0.00ns)   --->   "%out_mem_131 = extractvalue i14400 %call_ret1" [top_wrapper.cpp:123]   --->   Operation 600 'extractvalue' 'out_mem_131' <Predicate = true> <Delay = 0.00> <CoreInst = "FIFO_SRL">   --->   Core 80 'FIFO_SRL' <Latency = 0> <II = 1> <Delay = 1.83> <Storage> <Opcode : 'read' 'write' 'nbread' 'nbwrite'> <Ports = 0> <Width = 32> <Depth = 2> <FIFO>
ST_4 : Operation 601 [1/1] (0.00ns)   --->   "%out_mem_132 = extractvalue i14400 %call_ret1" [top_wrapper.cpp:123]   --->   Operation 601 'extractvalue' 'out_mem_132' <Predicate = true> <Delay = 0.00> <CoreInst = "FIFO_SRL">   --->   Core 80 'FIFO_SRL' <Latency = 0> <II = 1> <Delay = 1.83> <Storage> <Opcode : 'read' 'write' 'nbread' 'nbwrite'> <Ports = 0> <Width = 32> <Depth = 2> <FIFO>
ST_4 : Operation 602 [1/1] (0.00ns)   --->   "%out_mem_133 = extractvalue i14400 %call_ret1" [top_wrapper.cpp:123]   --->   Operation 602 'extractvalue' 'out_mem_133' <Predicate = true> <Delay = 0.00> <CoreInst = "FIFO_SRL">   --->   Core 80 'FIFO_SRL' <Latency = 0> <II = 1> <Delay = 1.83> <Storage> <Opcode : 'read' 'write' 'nbread' 'nbwrite'> <Ports = 0> <Width = 32> <Depth = 2> <FIFO>
ST_4 : Operation 603 [1/1] (0.00ns)   --->   "%out_mem_134 = extractvalue i14400 %call_ret1" [top_wrapper.cpp:123]   --->   Operation 603 'extractvalue' 'out_mem_134' <Predicate = true> <Delay = 0.00> <CoreInst = "FIFO_SRL">   --->   Core 80 'FIFO_SRL' <Latency = 0> <II = 1> <Delay = 1.83> <Storage> <Opcode : 'read' 'write' 'nbread' 'nbwrite'> <Ports = 0> <Width = 32> <Depth = 2> <FIFO>
ST_4 : Operation 604 [1/1] (0.00ns)   --->   "%out_mem_135 = extractvalue i14400 %call_ret1" [top_wrapper.cpp:123]   --->   Operation 604 'extractvalue' 'out_mem_135' <Predicate = true> <Delay = 0.00> <CoreInst = "FIFO_SRL">   --->   Core 80 'FIFO_SRL' <Latency = 0> <II = 1> <Delay = 1.83> <Storage> <Opcode : 'read' 'write' 'nbread' 'nbwrite'> <Ports = 0> <Width = 32> <Depth = 2> <FIFO>
ST_4 : Operation 605 [1/1] (0.00ns)   --->   "%out_mem_136 = extractvalue i14400 %call_ret1" [top_wrapper.cpp:123]   --->   Operation 605 'extractvalue' 'out_mem_136' <Predicate = true> <Delay = 0.00> <CoreInst = "FIFO_SRL">   --->   Core 80 'FIFO_SRL' <Latency = 0> <II = 1> <Delay = 1.83> <Storage> <Opcode : 'read' 'write' 'nbread' 'nbwrite'> <Ports = 0> <Width = 32> <Depth = 2> <FIFO>
ST_4 : Operation 606 [1/1] (0.00ns)   --->   "%out_mem_137 = extractvalue i14400 %call_ret1" [top_wrapper.cpp:123]   --->   Operation 606 'extractvalue' 'out_mem_137' <Predicate = true> <Delay = 0.00> <CoreInst = "FIFO_SRL">   --->   Core 80 'FIFO_SRL' <Latency = 0> <II = 1> <Delay = 1.83> <Storage> <Opcode : 'read' 'write' 'nbread' 'nbwrite'> <Ports = 0> <Width = 32> <Depth = 2> <FIFO>
ST_4 : Operation 607 [1/1] (0.00ns)   --->   "%out_mem_138 = extractvalue i14400 %call_ret1" [top_wrapper.cpp:123]   --->   Operation 607 'extractvalue' 'out_mem_138' <Predicate = true> <Delay = 0.00> <CoreInst = "FIFO_SRL">   --->   Core 80 'FIFO_SRL' <Latency = 0> <II = 1> <Delay = 1.83> <Storage> <Opcode : 'read' 'write' 'nbread' 'nbwrite'> <Ports = 0> <Width = 32> <Depth = 2> <FIFO>
ST_4 : Operation 608 [1/1] (0.00ns)   --->   "%out_mem_139 = extractvalue i14400 %call_ret1" [top_wrapper.cpp:123]   --->   Operation 608 'extractvalue' 'out_mem_139' <Predicate = true> <Delay = 0.00> <CoreInst = "FIFO_SRL">   --->   Core 80 'FIFO_SRL' <Latency = 0> <II = 1> <Delay = 1.83> <Storage> <Opcode : 'read' 'write' 'nbread' 'nbwrite'> <Ports = 0> <Width = 32> <Depth = 2> <FIFO>
ST_4 : Operation 609 [1/1] (0.00ns)   --->   "%out_mem_140 = extractvalue i14400 %call_ret1" [top_wrapper.cpp:123]   --->   Operation 609 'extractvalue' 'out_mem_140' <Predicate = true> <Delay = 0.00> <CoreInst = "FIFO_SRL">   --->   Core 80 'FIFO_SRL' <Latency = 0> <II = 1> <Delay = 1.83> <Storage> <Opcode : 'read' 'write' 'nbread' 'nbwrite'> <Ports = 0> <Width = 32> <Depth = 2> <FIFO>
ST_4 : Operation 610 [1/1] (0.00ns)   --->   "%out_mem_141 = extractvalue i14400 %call_ret1" [top_wrapper.cpp:123]   --->   Operation 610 'extractvalue' 'out_mem_141' <Predicate = true> <Delay = 0.00> <CoreInst = "FIFO_SRL">   --->   Core 80 'FIFO_SRL' <Latency = 0> <II = 1> <Delay = 1.83> <Storage> <Opcode : 'read' 'write' 'nbread' 'nbwrite'> <Ports = 0> <Width = 32> <Depth = 2> <FIFO>
ST_4 : Operation 611 [1/1] (0.00ns)   --->   "%out_mem_142 = extractvalue i14400 %call_ret1" [top_wrapper.cpp:123]   --->   Operation 611 'extractvalue' 'out_mem_142' <Predicate = true> <Delay = 0.00> <CoreInst = "FIFO_SRL">   --->   Core 80 'FIFO_SRL' <Latency = 0> <II = 1> <Delay = 1.83> <Storage> <Opcode : 'read' 'write' 'nbread' 'nbwrite'> <Ports = 0> <Width = 32> <Depth = 2> <FIFO>
ST_4 : Operation 612 [1/1] (0.00ns)   --->   "%out_mem_143 = extractvalue i14400 %call_ret1" [top_wrapper.cpp:123]   --->   Operation 612 'extractvalue' 'out_mem_143' <Predicate = true> <Delay = 0.00> <CoreInst = "FIFO_SRL">   --->   Core 80 'FIFO_SRL' <Latency = 0> <II = 1> <Delay = 1.83> <Storage> <Opcode : 'read' 'write' 'nbread' 'nbwrite'> <Ports = 0> <Width = 32> <Depth = 2> <FIFO>
ST_4 : Operation 613 [1/1] (0.00ns)   --->   "%out_mem_144 = extractvalue i14400 %call_ret1" [top_wrapper.cpp:123]   --->   Operation 613 'extractvalue' 'out_mem_144' <Predicate = true> <Delay = 0.00> <CoreInst = "FIFO_SRL">   --->   Core 80 'FIFO_SRL' <Latency = 0> <II = 1> <Delay = 1.83> <Storage> <Opcode : 'read' 'write' 'nbread' 'nbwrite'> <Ports = 0> <Width = 32> <Depth = 2> <FIFO>
ST_4 : Operation 614 [1/1] (0.00ns)   --->   "%out_mem_145 = extractvalue i14400 %call_ret1" [top_wrapper.cpp:123]   --->   Operation 614 'extractvalue' 'out_mem_145' <Predicate = true> <Delay = 0.00> <CoreInst = "FIFO_SRL">   --->   Core 80 'FIFO_SRL' <Latency = 0> <II = 1> <Delay = 1.83> <Storage> <Opcode : 'read' 'write' 'nbread' 'nbwrite'> <Ports = 0> <Width = 32> <Depth = 2> <FIFO>
ST_4 : Operation 615 [1/1] (0.00ns)   --->   "%out_mem_146 = extractvalue i14400 %call_ret1" [top_wrapper.cpp:123]   --->   Operation 615 'extractvalue' 'out_mem_146' <Predicate = true> <Delay = 0.00> <CoreInst = "FIFO_SRL">   --->   Core 80 'FIFO_SRL' <Latency = 0> <II = 1> <Delay = 1.83> <Storage> <Opcode : 'read' 'write' 'nbread' 'nbwrite'> <Ports = 0> <Width = 32> <Depth = 2> <FIFO>
ST_4 : Operation 616 [1/1] (0.00ns)   --->   "%out_mem_147 = extractvalue i14400 %call_ret1" [top_wrapper.cpp:123]   --->   Operation 616 'extractvalue' 'out_mem_147' <Predicate = true> <Delay = 0.00> <CoreInst = "FIFO_SRL">   --->   Core 80 'FIFO_SRL' <Latency = 0> <II = 1> <Delay = 1.83> <Storage> <Opcode : 'read' 'write' 'nbread' 'nbwrite'> <Ports = 0> <Width = 32> <Depth = 2> <FIFO>
ST_4 : Operation 617 [1/1] (0.00ns)   --->   "%out_mem_148 = extractvalue i14400 %call_ret1" [top_wrapper.cpp:123]   --->   Operation 617 'extractvalue' 'out_mem_148' <Predicate = true> <Delay = 0.00> <CoreInst = "FIFO_SRL">   --->   Core 80 'FIFO_SRL' <Latency = 0> <II = 1> <Delay = 1.83> <Storage> <Opcode : 'read' 'write' 'nbread' 'nbwrite'> <Ports = 0> <Width = 32> <Depth = 2> <FIFO>
ST_4 : Operation 618 [1/1] (0.00ns)   --->   "%out_mem_149 = extractvalue i14400 %call_ret1" [top_wrapper.cpp:123]   --->   Operation 618 'extractvalue' 'out_mem_149' <Predicate = true> <Delay = 0.00> <CoreInst = "FIFO_SRL">   --->   Core 80 'FIFO_SRL' <Latency = 0> <II = 1> <Delay = 1.83> <Storage> <Opcode : 'read' 'write' 'nbread' 'nbwrite'> <Ports = 0> <Width = 32> <Depth = 2> <FIFO>
ST_4 : Operation 619 [1/1] (0.00ns)   --->   "%out_mem_150 = extractvalue i14400 %call_ret1" [top_wrapper.cpp:123]   --->   Operation 619 'extractvalue' 'out_mem_150' <Predicate = true> <Delay = 0.00> <CoreInst = "FIFO_SRL">   --->   Core 80 'FIFO_SRL' <Latency = 0> <II = 1> <Delay = 1.83> <Storage> <Opcode : 'read' 'write' 'nbread' 'nbwrite'> <Ports = 0> <Width = 32> <Depth = 2> <FIFO>
ST_4 : Operation 620 [1/1] (0.00ns)   --->   "%out_mem_151 = extractvalue i14400 %call_ret1" [top_wrapper.cpp:123]   --->   Operation 620 'extractvalue' 'out_mem_151' <Predicate = true> <Delay = 0.00> <CoreInst = "FIFO_SRL">   --->   Core 80 'FIFO_SRL' <Latency = 0> <II = 1> <Delay = 1.83> <Storage> <Opcode : 'read' 'write' 'nbread' 'nbwrite'> <Ports = 0> <Width = 32> <Depth = 2> <FIFO>
ST_4 : Operation 621 [1/1] (0.00ns)   --->   "%out_mem_152 = extractvalue i14400 %call_ret1" [top_wrapper.cpp:123]   --->   Operation 621 'extractvalue' 'out_mem_152' <Predicate = true> <Delay = 0.00> <CoreInst = "FIFO_SRL">   --->   Core 80 'FIFO_SRL' <Latency = 0> <II = 1> <Delay = 1.83> <Storage> <Opcode : 'read' 'write' 'nbread' 'nbwrite'> <Ports = 0> <Width = 32> <Depth = 2> <FIFO>
ST_4 : Operation 622 [1/1] (0.00ns)   --->   "%out_mem_153 = extractvalue i14400 %call_ret1" [top_wrapper.cpp:123]   --->   Operation 622 'extractvalue' 'out_mem_153' <Predicate = true> <Delay = 0.00> <CoreInst = "FIFO_SRL">   --->   Core 80 'FIFO_SRL' <Latency = 0> <II = 1> <Delay = 1.83> <Storage> <Opcode : 'read' 'write' 'nbread' 'nbwrite'> <Ports = 0> <Width = 32> <Depth = 2> <FIFO>
ST_4 : Operation 623 [1/1] (0.00ns)   --->   "%out_mem_154 = extractvalue i14400 %call_ret1" [top_wrapper.cpp:123]   --->   Operation 623 'extractvalue' 'out_mem_154' <Predicate = true> <Delay = 0.00> <CoreInst = "FIFO_SRL">   --->   Core 80 'FIFO_SRL' <Latency = 0> <II = 1> <Delay = 1.83> <Storage> <Opcode : 'read' 'write' 'nbread' 'nbwrite'> <Ports = 0> <Width = 32> <Depth = 2> <FIFO>
ST_4 : Operation 624 [1/1] (0.00ns)   --->   "%out_mem_155 = extractvalue i14400 %call_ret1" [top_wrapper.cpp:123]   --->   Operation 624 'extractvalue' 'out_mem_155' <Predicate = true> <Delay = 0.00> <CoreInst = "FIFO_SRL">   --->   Core 80 'FIFO_SRL' <Latency = 0> <II = 1> <Delay = 1.83> <Storage> <Opcode : 'read' 'write' 'nbread' 'nbwrite'> <Ports = 0> <Width = 32> <Depth = 2> <FIFO>
ST_4 : Operation 625 [1/1] (0.00ns)   --->   "%out_mem_156 = extractvalue i14400 %call_ret1" [top_wrapper.cpp:123]   --->   Operation 625 'extractvalue' 'out_mem_156' <Predicate = true> <Delay = 0.00> <CoreInst = "FIFO_SRL">   --->   Core 80 'FIFO_SRL' <Latency = 0> <II = 1> <Delay = 1.83> <Storage> <Opcode : 'read' 'write' 'nbread' 'nbwrite'> <Ports = 0> <Width = 32> <Depth = 2> <FIFO>
ST_4 : Operation 626 [1/1] (0.00ns)   --->   "%out_mem_157 = extractvalue i14400 %call_ret1" [top_wrapper.cpp:123]   --->   Operation 626 'extractvalue' 'out_mem_157' <Predicate = true> <Delay = 0.00> <CoreInst = "FIFO_SRL">   --->   Core 80 'FIFO_SRL' <Latency = 0> <II = 1> <Delay = 1.83> <Storage> <Opcode : 'read' 'write' 'nbread' 'nbwrite'> <Ports = 0> <Width = 32> <Depth = 2> <FIFO>
ST_4 : Operation 627 [1/1] (0.00ns)   --->   "%out_mem_158 = extractvalue i14400 %call_ret1" [top_wrapper.cpp:123]   --->   Operation 627 'extractvalue' 'out_mem_158' <Predicate = true> <Delay = 0.00> <CoreInst = "FIFO_SRL">   --->   Core 80 'FIFO_SRL' <Latency = 0> <II = 1> <Delay = 1.83> <Storage> <Opcode : 'read' 'write' 'nbread' 'nbwrite'> <Ports = 0> <Width = 32> <Depth = 2> <FIFO>
ST_4 : Operation 628 [1/1] (0.00ns)   --->   "%out_mem_159 = extractvalue i14400 %call_ret1" [top_wrapper.cpp:123]   --->   Operation 628 'extractvalue' 'out_mem_159' <Predicate = true> <Delay = 0.00> <CoreInst = "FIFO_SRL">   --->   Core 80 'FIFO_SRL' <Latency = 0> <II = 1> <Delay = 1.83> <Storage> <Opcode : 'read' 'write' 'nbread' 'nbwrite'> <Ports = 0> <Width = 32> <Depth = 2> <FIFO>
ST_4 : Operation 629 [1/1] (0.00ns)   --->   "%out_mem_160 = extractvalue i14400 %call_ret1" [top_wrapper.cpp:123]   --->   Operation 629 'extractvalue' 'out_mem_160' <Predicate = true> <Delay = 0.00> <CoreInst = "FIFO_SRL">   --->   Core 80 'FIFO_SRL' <Latency = 0> <II = 1> <Delay = 1.83> <Storage> <Opcode : 'read' 'write' 'nbread' 'nbwrite'> <Ports = 0> <Width = 32> <Depth = 2> <FIFO>
ST_4 : Operation 630 [1/1] (0.00ns)   --->   "%out_mem_161 = extractvalue i14400 %call_ret1" [top_wrapper.cpp:123]   --->   Operation 630 'extractvalue' 'out_mem_161' <Predicate = true> <Delay = 0.00> <CoreInst = "FIFO_SRL">   --->   Core 80 'FIFO_SRL' <Latency = 0> <II = 1> <Delay = 1.83> <Storage> <Opcode : 'read' 'write' 'nbread' 'nbwrite'> <Ports = 0> <Width = 32> <Depth = 2> <FIFO>
ST_4 : Operation 631 [1/1] (0.00ns)   --->   "%out_mem_162 = extractvalue i14400 %call_ret1" [top_wrapper.cpp:123]   --->   Operation 631 'extractvalue' 'out_mem_162' <Predicate = true> <Delay = 0.00> <CoreInst = "FIFO_SRL">   --->   Core 80 'FIFO_SRL' <Latency = 0> <II = 1> <Delay = 1.83> <Storage> <Opcode : 'read' 'write' 'nbread' 'nbwrite'> <Ports = 0> <Width = 32> <Depth = 2> <FIFO>
ST_4 : Operation 632 [1/1] (0.00ns)   --->   "%out_mem_163 = extractvalue i14400 %call_ret1" [top_wrapper.cpp:123]   --->   Operation 632 'extractvalue' 'out_mem_163' <Predicate = true> <Delay = 0.00> <CoreInst = "FIFO_SRL">   --->   Core 80 'FIFO_SRL' <Latency = 0> <II = 1> <Delay = 1.83> <Storage> <Opcode : 'read' 'write' 'nbread' 'nbwrite'> <Ports = 0> <Width = 32> <Depth = 2> <FIFO>
ST_4 : Operation 633 [1/1] (0.00ns)   --->   "%out_mem_164 = extractvalue i14400 %call_ret1" [top_wrapper.cpp:123]   --->   Operation 633 'extractvalue' 'out_mem_164' <Predicate = true> <Delay = 0.00> <CoreInst = "FIFO_SRL">   --->   Core 80 'FIFO_SRL' <Latency = 0> <II = 1> <Delay = 1.83> <Storage> <Opcode : 'read' 'write' 'nbread' 'nbwrite'> <Ports = 0> <Width = 32> <Depth = 2> <FIFO>
ST_4 : Operation 634 [1/1] (0.00ns)   --->   "%out_mem_165 = extractvalue i14400 %call_ret1" [top_wrapper.cpp:123]   --->   Operation 634 'extractvalue' 'out_mem_165' <Predicate = true> <Delay = 0.00> <CoreInst = "FIFO_SRL">   --->   Core 80 'FIFO_SRL' <Latency = 0> <II = 1> <Delay = 1.83> <Storage> <Opcode : 'read' 'write' 'nbread' 'nbwrite'> <Ports = 0> <Width = 32> <Depth = 2> <FIFO>
ST_4 : Operation 635 [1/1] (0.00ns)   --->   "%out_mem_166 = extractvalue i14400 %call_ret1" [top_wrapper.cpp:123]   --->   Operation 635 'extractvalue' 'out_mem_166' <Predicate = true> <Delay = 0.00> <CoreInst = "FIFO_SRL">   --->   Core 80 'FIFO_SRL' <Latency = 0> <II = 1> <Delay = 1.83> <Storage> <Opcode : 'read' 'write' 'nbread' 'nbwrite'> <Ports = 0> <Width = 32> <Depth = 2> <FIFO>
ST_4 : Operation 636 [1/1] (0.00ns)   --->   "%out_mem_167 = extractvalue i14400 %call_ret1" [top_wrapper.cpp:123]   --->   Operation 636 'extractvalue' 'out_mem_167' <Predicate = true> <Delay = 0.00> <CoreInst = "FIFO_SRL">   --->   Core 80 'FIFO_SRL' <Latency = 0> <II = 1> <Delay = 1.83> <Storage> <Opcode : 'read' 'write' 'nbread' 'nbwrite'> <Ports = 0> <Width = 32> <Depth = 2> <FIFO>
ST_4 : Operation 637 [1/1] (0.00ns)   --->   "%out_mem_168 = extractvalue i14400 %call_ret1" [top_wrapper.cpp:123]   --->   Operation 637 'extractvalue' 'out_mem_168' <Predicate = true> <Delay = 0.00> <CoreInst = "FIFO_SRL">   --->   Core 80 'FIFO_SRL' <Latency = 0> <II = 1> <Delay = 1.83> <Storage> <Opcode : 'read' 'write' 'nbread' 'nbwrite'> <Ports = 0> <Width = 32> <Depth = 2> <FIFO>
ST_4 : Operation 638 [1/1] (0.00ns)   --->   "%out_mem_169 = extractvalue i14400 %call_ret1" [top_wrapper.cpp:123]   --->   Operation 638 'extractvalue' 'out_mem_169' <Predicate = true> <Delay = 0.00> <CoreInst = "FIFO_SRL">   --->   Core 80 'FIFO_SRL' <Latency = 0> <II = 1> <Delay = 1.83> <Storage> <Opcode : 'read' 'write' 'nbread' 'nbwrite'> <Ports = 0> <Width = 32> <Depth = 2> <FIFO>
ST_4 : Operation 639 [1/1] (0.00ns)   --->   "%out_mem_170 = extractvalue i14400 %call_ret1" [top_wrapper.cpp:123]   --->   Operation 639 'extractvalue' 'out_mem_170' <Predicate = true> <Delay = 0.00> <CoreInst = "FIFO_SRL">   --->   Core 80 'FIFO_SRL' <Latency = 0> <II = 1> <Delay = 1.83> <Storage> <Opcode : 'read' 'write' 'nbread' 'nbwrite'> <Ports = 0> <Width = 32> <Depth = 2> <FIFO>
ST_4 : Operation 640 [1/1] (0.00ns)   --->   "%out_mem_171 = extractvalue i14400 %call_ret1" [top_wrapper.cpp:123]   --->   Operation 640 'extractvalue' 'out_mem_171' <Predicate = true> <Delay = 0.00> <CoreInst = "FIFO_SRL">   --->   Core 80 'FIFO_SRL' <Latency = 0> <II = 1> <Delay = 1.83> <Storage> <Opcode : 'read' 'write' 'nbread' 'nbwrite'> <Ports = 0> <Width = 32> <Depth = 2> <FIFO>
ST_4 : Operation 641 [1/1] (0.00ns)   --->   "%out_mem_172 = extractvalue i14400 %call_ret1" [top_wrapper.cpp:123]   --->   Operation 641 'extractvalue' 'out_mem_172' <Predicate = true> <Delay = 0.00> <CoreInst = "FIFO_SRL">   --->   Core 80 'FIFO_SRL' <Latency = 0> <II = 1> <Delay = 1.83> <Storage> <Opcode : 'read' 'write' 'nbread' 'nbwrite'> <Ports = 0> <Width = 32> <Depth = 2> <FIFO>
ST_4 : Operation 642 [1/1] (0.00ns)   --->   "%out_mem_173 = extractvalue i14400 %call_ret1" [top_wrapper.cpp:123]   --->   Operation 642 'extractvalue' 'out_mem_173' <Predicate = true> <Delay = 0.00> <CoreInst = "FIFO_SRL">   --->   Core 80 'FIFO_SRL' <Latency = 0> <II = 1> <Delay = 1.83> <Storage> <Opcode : 'read' 'write' 'nbread' 'nbwrite'> <Ports = 0> <Width = 32> <Depth = 2> <FIFO>
ST_4 : Operation 643 [1/1] (0.00ns)   --->   "%out_mem_174 = extractvalue i14400 %call_ret1" [top_wrapper.cpp:123]   --->   Operation 643 'extractvalue' 'out_mem_174' <Predicate = true> <Delay = 0.00> <CoreInst = "FIFO_SRL">   --->   Core 80 'FIFO_SRL' <Latency = 0> <II = 1> <Delay = 1.83> <Storage> <Opcode : 'read' 'write' 'nbread' 'nbwrite'> <Ports = 0> <Width = 32> <Depth = 2> <FIFO>
ST_4 : Operation 644 [1/1] (0.00ns)   --->   "%out_mem_175 = extractvalue i14400 %call_ret1" [top_wrapper.cpp:123]   --->   Operation 644 'extractvalue' 'out_mem_175' <Predicate = true> <Delay = 0.00> <CoreInst = "FIFO_SRL">   --->   Core 80 'FIFO_SRL' <Latency = 0> <II = 1> <Delay = 1.83> <Storage> <Opcode : 'read' 'write' 'nbread' 'nbwrite'> <Ports = 0> <Width = 32> <Depth = 2> <FIFO>
ST_4 : Operation 645 [1/1] (0.00ns)   --->   "%out_mem_176 = extractvalue i14400 %call_ret1" [top_wrapper.cpp:123]   --->   Operation 645 'extractvalue' 'out_mem_176' <Predicate = true> <Delay = 0.00> <CoreInst = "FIFO_SRL">   --->   Core 80 'FIFO_SRL' <Latency = 0> <II = 1> <Delay = 1.83> <Storage> <Opcode : 'read' 'write' 'nbread' 'nbwrite'> <Ports = 0> <Width = 32> <Depth = 2> <FIFO>
ST_4 : Operation 646 [1/1] (0.00ns)   --->   "%out_mem_177 = extractvalue i14400 %call_ret1" [top_wrapper.cpp:123]   --->   Operation 646 'extractvalue' 'out_mem_177' <Predicate = true> <Delay = 0.00> <CoreInst = "FIFO_SRL">   --->   Core 80 'FIFO_SRL' <Latency = 0> <II = 1> <Delay = 1.83> <Storage> <Opcode : 'read' 'write' 'nbread' 'nbwrite'> <Ports = 0> <Width = 32> <Depth = 2> <FIFO>
ST_4 : Operation 647 [1/1] (0.00ns)   --->   "%out_mem_178 = extractvalue i14400 %call_ret1" [top_wrapper.cpp:123]   --->   Operation 647 'extractvalue' 'out_mem_178' <Predicate = true> <Delay = 0.00> <CoreInst = "FIFO_SRL">   --->   Core 80 'FIFO_SRL' <Latency = 0> <II = 1> <Delay = 1.83> <Storage> <Opcode : 'read' 'write' 'nbread' 'nbwrite'> <Ports = 0> <Width = 32> <Depth = 2> <FIFO>
ST_4 : Operation 648 [1/1] (0.00ns)   --->   "%out_mem_179 = extractvalue i14400 %call_ret1" [top_wrapper.cpp:123]   --->   Operation 648 'extractvalue' 'out_mem_179' <Predicate = true> <Delay = 0.00> <CoreInst = "FIFO_SRL">   --->   Core 80 'FIFO_SRL' <Latency = 0> <II = 1> <Delay = 1.83> <Storage> <Opcode : 'read' 'write' 'nbread' 'nbwrite'> <Ports = 0> <Width = 32> <Depth = 2> <FIFO>
ST_4 : Operation 649 [1/1] (0.00ns)   --->   "%out_mem_180 = extractvalue i14400 %call_ret1" [top_wrapper.cpp:123]   --->   Operation 649 'extractvalue' 'out_mem_180' <Predicate = true> <Delay = 0.00> <CoreInst = "FIFO_SRL">   --->   Core 80 'FIFO_SRL' <Latency = 0> <II = 1> <Delay = 1.83> <Storage> <Opcode : 'read' 'write' 'nbread' 'nbwrite'> <Ports = 0> <Width = 32> <Depth = 2> <FIFO>
ST_4 : Operation 650 [1/1] (0.00ns)   --->   "%out_mem_181 = extractvalue i14400 %call_ret1" [top_wrapper.cpp:123]   --->   Operation 650 'extractvalue' 'out_mem_181' <Predicate = true> <Delay = 0.00> <CoreInst = "FIFO_SRL">   --->   Core 80 'FIFO_SRL' <Latency = 0> <II = 1> <Delay = 1.83> <Storage> <Opcode : 'read' 'write' 'nbread' 'nbwrite'> <Ports = 0> <Width = 32> <Depth = 2> <FIFO>
ST_4 : Operation 651 [1/1] (0.00ns)   --->   "%out_mem_182 = extractvalue i14400 %call_ret1" [top_wrapper.cpp:123]   --->   Operation 651 'extractvalue' 'out_mem_182' <Predicate = true> <Delay = 0.00> <CoreInst = "FIFO_SRL">   --->   Core 80 'FIFO_SRL' <Latency = 0> <II = 1> <Delay = 1.83> <Storage> <Opcode : 'read' 'write' 'nbread' 'nbwrite'> <Ports = 0> <Width = 32> <Depth = 2> <FIFO>
ST_4 : Operation 652 [1/1] (0.00ns)   --->   "%out_mem_183 = extractvalue i14400 %call_ret1" [top_wrapper.cpp:123]   --->   Operation 652 'extractvalue' 'out_mem_183' <Predicate = true> <Delay = 0.00> <CoreInst = "FIFO_SRL">   --->   Core 80 'FIFO_SRL' <Latency = 0> <II = 1> <Delay = 1.83> <Storage> <Opcode : 'read' 'write' 'nbread' 'nbwrite'> <Ports = 0> <Width = 32> <Depth = 2> <FIFO>
ST_4 : Operation 653 [1/1] (0.00ns)   --->   "%out_mem_184 = extractvalue i14400 %call_ret1" [top_wrapper.cpp:123]   --->   Operation 653 'extractvalue' 'out_mem_184' <Predicate = true> <Delay = 0.00> <CoreInst = "FIFO_SRL">   --->   Core 80 'FIFO_SRL' <Latency = 0> <II = 1> <Delay = 1.83> <Storage> <Opcode : 'read' 'write' 'nbread' 'nbwrite'> <Ports = 0> <Width = 32> <Depth = 2> <FIFO>
ST_4 : Operation 654 [1/1] (0.00ns)   --->   "%out_mem_185 = extractvalue i14400 %call_ret1" [top_wrapper.cpp:123]   --->   Operation 654 'extractvalue' 'out_mem_185' <Predicate = true> <Delay = 0.00> <CoreInst = "FIFO_SRL">   --->   Core 80 'FIFO_SRL' <Latency = 0> <II = 1> <Delay = 1.83> <Storage> <Opcode : 'read' 'write' 'nbread' 'nbwrite'> <Ports = 0> <Width = 32> <Depth = 2> <FIFO>
ST_4 : Operation 655 [1/1] (0.00ns)   --->   "%out_mem_186 = extractvalue i14400 %call_ret1" [top_wrapper.cpp:123]   --->   Operation 655 'extractvalue' 'out_mem_186' <Predicate = true> <Delay = 0.00> <CoreInst = "FIFO_SRL">   --->   Core 80 'FIFO_SRL' <Latency = 0> <II = 1> <Delay = 1.83> <Storage> <Opcode : 'read' 'write' 'nbread' 'nbwrite'> <Ports = 0> <Width = 32> <Depth = 2> <FIFO>
ST_4 : Operation 656 [1/1] (0.00ns)   --->   "%out_mem_187 = extractvalue i14400 %call_ret1" [top_wrapper.cpp:123]   --->   Operation 656 'extractvalue' 'out_mem_187' <Predicate = true> <Delay = 0.00> <CoreInst = "FIFO_SRL">   --->   Core 80 'FIFO_SRL' <Latency = 0> <II = 1> <Delay = 1.83> <Storage> <Opcode : 'read' 'write' 'nbread' 'nbwrite'> <Ports = 0> <Width = 32> <Depth = 2> <FIFO>
ST_4 : Operation 657 [1/1] (0.00ns)   --->   "%out_mem_188 = extractvalue i14400 %call_ret1" [top_wrapper.cpp:123]   --->   Operation 657 'extractvalue' 'out_mem_188' <Predicate = true> <Delay = 0.00> <CoreInst = "FIFO_SRL">   --->   Core 80 'FIFO_SRL' <Latency = 0> <II = 1> <Delay = 1.83> <Storage> <Opcode : 'read' 'write' 'nbread' 'nbwrite'> <Ports = 0> <Width = 32> <Depth = 2> <FIFO>
ST_4 : Operation 658 [1/1] (0.00ns)   --->   "%out_mem_189 = extractvalue i14400 %call_ret1" [top_wrapper.cpp:123]   --->   Operation 658 'extractvalue' 'out_mem_189' <Predicate = true> <Delay = 0.00> <CoreInst = "FIFO_SRL">   --->   Core 80 'FIFO_SRL' <Latency = 0> <II = 1> <Delay = 1.83> <Storage> <Opcode : 'read' 'write' 'nbread' 'nbwrite'> <Ports = 0> <Width = 32> <Depth = 2> <FIFO>
ST_4 : Operation 659 [1/1] (0.00ns)   --->   "%out_mem_190 = extractvalue i14400 %call_ret1" [top_wrapper.cpp:123]   --->   Operation 659 'extractvalue' 'out_mem_190' <Predicate = true> <Delay = 0.00> <CoreInst = "FIFO_SRL">   --->   Core 80 'FIFO_SRL' <Latency = 0> <II = 1> <Delay = 1.83> <Storage> <Opcode : 'read' 'write' 'nbread' 'nbwrite'> <Ports = 0> <Width = 32> <Depth = 2> <FIFO>
ST_4 : Operation 660 [1/1] (0.00ns)   --->   "%out_mem_191 = extractvalue i14400 %call_ret1" [top_wrapper.cpp:123]   --->   Operation 660 'extractvalue' 'out_mem_191' <Predicate = true> <Delay = 0.00> <CoreInst = "FIFO_SRL">   --->   Core 80 'FIFO_SRL' <Latency = 0> <II = 1> <Delay = 1.83> <Storage> <Opcode : 'read' 'write' 'nbread' 'nbwrite'> <Ports = 0> <Width = 32> <Depth = 2> <FIFO>
ST_4 : Operation 661 [1/1] (0.00ns)   --->   "%out_mem_192 = extractvalue i14400 %call_ret1" [top_wrapper.cpp:123]   --->   Operation 661 'extractvalue' 'out_mem_192' <Predicate = true> <Delay = 0.00> <CoreInst = "FIFO_SRL">   --->   Core 80 'FIFO_SRL' <Latency = 0> <II = 1> <Delay = 1.83> <Storage> <Opcode : 'read' 'write' 'nbread' 'nbwrite'> <Ports = 0> <Width = 32> <Depth = 2> <FIFO>
ST_4 : Operation 662 [1/1] (0.00ns)   --->   "%out_mem_193 = extractvalue i14400 %call_ret1" [top_wrapper.cpp:123]   --->   Operation 662 'extractvalue' 'out_mem_193' <Predicate = true> <Delay = 0.00> <CoreInst = "FIFO_SRL">   --->   Core 80 'FIFO_SRL' <Latency = 0> <II = 1> <Delay = 1.83> <Storage> <Opcode : 'read' 'write' 'nbread' 'nbwrite'> <Ports = 0> <Width = 32> <Depth = 2> <FIFO>
ST_4 : Operation 663 [1/1] (0.00ns)   --->   "%out_mem_194 = extractvalue i14400 %call_ret1" [top_wrapper.cpp:123]   --->   Operation 663 'extractvalue' 'out_mem_194' <Predicate = true> <Delay = 0.00> <CoreInst = "FIFO_SRL">   --->   Core 80 'FIFO_SRL' <Latency = 0> <II = 1> <Delay = 1.83> <Storage> <Opcode : 'read' 'write' 'nbread' 'nbwrite'> <Ports = 0> <Width = 32> <Depth = 2> <FIFO>
ST_4 : Operation 664 [1/1] (0.00ns)   --->   "%out_mem_195 = extractvalue i14400 %call_ret1" [top_wrapper.cpp:123]   --->   Operation 664 'extractvalue' 'out_mem_195' <Predicate = true> <Delay = 0.00> <CoreInst = "FIFO_SRL">   --->   Core 80 'FIFO_SRL' <Latency = 0> <II = 1> <Delay = 1.83> <Storage> <Opcode : 'read' 'write' 'nbread' 'nbwrite'> <Ports = 0> <Width = 32> <Depth = 2> <FIFO>
ST_4 : Operation 665 [1/1] (0.00ns)   --->   "%out_mem_196 = extractvalue i14400 %call_ret1" [top_wrapper.cpp:123]   --->   Operation 665 'extractvalue' 'out_mem_196' <Predicate = true> <Delay = 0.00> <CoreInst = "FIFO_SRL">   --->   Core 80 'FIFO_SRL' <Latency = 0> <II = 1> <Delay = 1.83> <Storage> <Opcode : 'read' 'write' 'nbread' 'nbwrite'> <Ports = 0> <Width = 32> <Depth = 2> <FIFO>
ST_4 : Operation 666 [1/1] (0.00ns)   --->   "%out_mem_197 = extractvalue i14400 %call_ret1" [top_wrapper.cpp:123]   --->   Operation 666 'extractvalue' 'out_mem_197' <Predicate = true> <Delay = 0.00> <CoreInst = "FIFO_SRL">   --->   Core 80 'FIFO_SRL' <Latency = 0> <II = 1> <Delay = 1.83> <Storage> <Opcode : 'read' 'write' 'nbread' 'nbwrite'> <Ports = 0> <Width = 32> <Depth = 2> <FIFO>
ST_4 : Operation 667 [1/1] (0.00ns)   --->   "%out_mem_198 = extractvalue i14400 %call_ret1" [top_wrapper.cpp:123]   --->   Operation 667 'extractvalue' 'out_mem_198' <Predicate = true> <Delay = 0.00> <CoreInst = "FIFO_SRL">   --->   Core 80 'FIFO_SRL' <Latency = 0> <II = 1> <Delay = 1.83> <Storage> <Opcode : 'read' 'write' 'nbread' 'nbwrite'> <Ports = 0> <Width = 32> <Depth = 2> <FIFO>
ST_4 : Operation 668 [1/1] (0.00ns)   --->   "%out_mem_199 = extractvalue i14400 %call_ret1" [top_wrapper.cpp:123]   --->   Operation 668 'extractvalue' 'out_mem_199' <Predicate = true> <Delay = 0.00> <CoreInst = "FIFO_SRL">   --->   Core 80 'FIFO_SRL' <Latency = 0> <II = 1> <Delay = 1.83> <Storage> <Opcode : 'read' 'write' 'nbread' 'nbwrite'> <Ports = 0> <Width = 32> <Depth = 2> <FIFO>
ST_4 : Operation 669 [1/1] (0.00ns)   --->   "%out_mem_200 = extractvalue i14400 %call_ret1" [top_wrapper.cpp:123]   --->   Operation 669 'extractvalue' 'out_mem_200' <Predicate = true> <Delay = 0.00> <CoreInst = "FIFO_SRL">   --->   Core 80 'FIFO_SRL' <Latency = 0> <II = 1> <Delay = 1.83> <Storage> <Opcode : 'read' 'write' 'nbread' 'nbwrite'> <Ports = 0> <Width = 32> <Depth = 2> <FIFO>
ST_4 : Operation 670 [1/1] (0.00ns)   --->   "%out_mem_201 = extractvalue i14400 %call_ret1" [top_wrapper.cpp:123]   --->   Operation 670 'extractvalue' 'out_mem_201' <Predicate = true> <Delay = 0.00> <CoreInst = "FIFO_SRL">   --->   Core 80 'FIFO_SRL' <Latency = 0> <II = 1> <Delay = 1.83> <Storage> <Opcode : 'read' 'write' 'nbread' 'nbwrite'> <Ports = 0> <Width = 32> <Depth = 2> <FIFO>
ST_4 : Operation 671 [1/1] (0.00ns)   --->   "%out_mem_202 = extractvalue i14400 %call_ret1" [top_wrapper.cpp:123]   --->   Operation 671 'extractvalue' 'out_mem_202' <Predicate = true> <Delay = 0.00> <CoreInst = "FIFO_SRL">   --->   Core 80 'FIFO_SRL' <Latency = 0> <II = 1> <Delay = 1.83> <Storage> <Opcode : 'read' 'write' 'nbread' 'nbwrite'> <Ports = 0> <Width = 32> <Depth = 2> <FIFO>
ST_4 : Operation 672 [1/1] (0.00ns)   --->   "%out_mem_203 = extractvalue i14400 %call_ret1" [top_wrapper.cpp:123]   --->   Operation 672 'extractvalue' 'out_mem_203' <Predicate = true> <Delay = 0.00> <CoreInst = "FIFO_SRL">   --->   Core 80 'FIFO_SRL' <Latency = 0> <II = 1> <Delay = 1.83> <Storage> <Opcode : 'read' 'write' 'nbread' 'nbwrite'> <Ports = 0> <Width = 32> <Depth = 2> <FIFO>
ST_4 : Operation 673 [1/1] (0.00ns)   --->   "%out_mem_204 = extractvalue i14400 %call_ret1" [top_wrapper.cpp:123]   --->   Operation 673 'extractvalue' 'out_mem_204' <Predicate = true> <Delay = 0.00> <CoreInst = "FIFO_SRL">   --->   Core 80 'FIFO_SRL' <Latency = 0> <II = 1> <Delay = 1.83> <Storage> <Opcode : 'read' 'write' 'nbread' 'nbwrite'> <Ports = 0> <Width = 32> <Depth = 2> <FIFO>
ST_4 : Operation 674 [1/1] (0.00ns)   --->   "%out_mem_205 = extractvalue i14400 %call_ret1" [top_wrapper.cpp:123]   --->   Operation 674 'extractvalue' 'out_mem_205' <Predicate = true> <Delay = 0.00> <CoreInst = "FIFO_SRL">   --->   Core 80 'FIFO_SRL' <Latency = 0> <II = 1> <Delay = 1.83> <Storage> <Opcode : 'read' 'write' 'nbread' 'nbwrite'> <Ports = 0> <Width = 32> <Depth = 2> <FIFO>
ST_4 : Operation 675 [1/1] (0.00ns)   --->   "%out_mem_206 = extractvalue i14400 %call_ret1" [top_wrapper.cpp:123]   --->   Operation 675 'extractvalue' 'out_mem_206' <Predicate = true> <Delay = 0.00> <CoreInst = "FIFO_SRL">   --->   Core 80 'FIFO_SRL' <Latency = 0> <II = 1> <Delay = 1.83> <Storage> <Opcode : 'read' 'write' 'nbread' 'nbwrite'> <Ports = 0> <Width = 32> <Depth = 2> <FIFO>
ST_4 : Operation 676 [1/1] (0.00ns)   --->   "%out_mem_207 = extractvalue i14400 %call_ret1" [top_wrapper.cpp:123]   --->   Operation 676 'extractvalue' 'out_mem_207' <Predicate = true> <Delay = 0.00> <CoreInst = "FIFO_SRL">   --->   Core 80 'FIFO_SRL' <Latency = 0> <II = 1> <Delay = 1.83> <Storage> <Opcode : 'read' 'write' 'nbread' 'nbwrite'> <Ports = 0> <Width = 32> <Depth = 2> <FIFO>
ST_4 : Operation 677 [1/1] (0.00ns)   --->   "%out_mem_208 = extractvalue i14400 %call_ret1" [top_wrapper.cpp:123]   --->   Operation 677 'extractvalue' 'out_mem_208' <Predicate = true> <Delay = 0.00> <CoreInst = "FIFO_SRL">   --->   Core 80 'FIFO_SRL' <Latency = 0> <II = 1> <Delay = 1.83> <Storage> <Opcode : 'read' 'write' 'nbread' 'nbwrite'> <Ports = 0> <Width = 32> <Depth = 2> <FIFO>
ST_4 : Operation 678 [1/1] (0.00ns)   --->   "%out_mem_209 = extractvalue i14400 %call_ret1" [top_wrapper.cpp:123]   --->   Operation 678 'extractvalue' 'out_mem_209' <Predicate = true> <Delay = 0.00> <CoreInst = "FIFO_SRL">   --->   Core 80 'FIFO_SRL' <Latency = 0> <II = 1> <Delay = 1.83> <Storage> <Opcode : 'read' 'write' 'nbread' 'nbwrite'> <Ports = 0> <Width = 32> <Depth = 2> <FIFO>
ST_4 : Operation 679 [1/1] (0.00ns)   --->   "%out_mem_210 = extractvalue i14400 %call_ret1" [top_wrapper.cpp:123]   --->   Operation 679 'extractvalue' 'out_mem_210' <Predicate = true> <Delay = 0.00> <CoreInst = "FIFO_SRL">   --->   Core 80 'FIFO_SRL' <Latency = 0> <II = 1> <Delay = 1.83> <Storage> <Opcode : 'read' 'write' 'nbread' 'nbwrite'> <Ports = 0> <Width = 32> <Depth = 2> <FIFO>
ST_4 : Operation 680 [1/1] (0.00ns)   --->   "%out_mem_211 = extractvalue i14400 %call_ret1" [top_wrapper.cpp:123]   --->   Operation 680 'extractvalue' 'out_mem_211' <Predicate = true> <Delay = 0.00> <CoreInst = "FIFO_SRL">   --->   Core 80 'FIFO_SRL' <Latency = 0> <II = 1> <Delay = 1.83> <Storage> <Opcode : 'read' 'write' 'nbread' 'nbwrite'> <Ports = 0> <Width = 32> <Depth = 2> <FIFO>
ST_4 : Operation 681 [1/1] (0.00ns)   --->   "%out_mem_212 = extractvalue i14400 %call_ret1" [top_wrapper.cpp:123]   --->   Operation 681 'extractvalue' 'out_mem_212' <Predicate = true> <Delay = 0.00> <CoreInst = "FIFO_SRL">   --->   Core 80 'FIFO_SRL' <Latency = 0> <II = 1> <Delay = 1.83> <Storage> <Opcode : 'read' 'write' 'nbread' 'nbwrite'> <Ports = 0> <Width = 32> <Depth = 2> <FIFO>
ST_4 : Operation 682 [1/1] (0.00ns)   --->   "%out_mem_213 = extractvalue i14400 %call_ret1" [top_wrapper.cpp:123]   --->   Operation 682 'extractvalue' 'out_mem_213' <Predicate = true> <Delay = 0.00> <CoreInst = "FIFO_SRL">   --->   Core 80 'FIFO_SRL' <Latency = 0> <II = 1> <Delay = 1.83> <Storage> <Opcode : 'read' 'write' 'nbread' 'nbwrite'> <Ports = 0> <Width = 32> <Depth = 2> <FIFO>
ST_4 : Operation 683 [1/1] (0.00ns)   --->   "%out_mem_214 = extractvalue i14400 %call_ret1" [top_wrapper.cpp:123]   --->   Operation 683 'extractvalue' 'out_mem_214' <Predicate = true> <Delay = 0.00> <CoreInst = "FIFO_SRL">   --->   Core 80 'FIFO_SRL' <Latency = 0> <II = 1> <Delay = 1.83> <Storage> <Opcode : 'read' 'write' 'nbread' 'nbwrite'> <Ports = 0> <Width = 32> <Depth = 2> <FIFO>
ST_4 : Operation 684 [1/1] (0.00ns)   --->   "%out_mem_215 = extractvalue i14400 %call_ret1" [top_wrapper.cpp:123]   --->   Operation 684 'extractvalue' 'out_mem_215' <Predicate = true> <Delay = 0.00> <CoreInst = "FIFO_SRL">   --->   Core 80 'FIFO_SRL' <Latency = 0> <II = 1> <Delay = 1.83> <Storage> <Opcode : 'read' 'write' 'nbread' 'nbwrite'> <Ports = 0> <Width = 32> <Depth = 2> <FIFO>
ST_4 : Operation 685 [1/1] (0.00ns)   --->   "%out_mem_216 = extractvalue i14400 %call_ret1" [top_wrapper.cpp:123]   --->   Operation 685 'extractvalue' 'out_mem_216' <Predicate = true> <Delay = 0.00> <CoreInst = "FIFO_SRL">   --->   Core 80 'FIFO_SRL' <Latency = 0> <II = 1> <Delay = 1.83> <Storage> <Opcode : 'read' 'write' 'nbread' 'nbwrite'> <Ports = 0> <Width = 32> <Depth = 2> <FIFO>
ST_4 : Operation 686 [1/1] (0.00ns)   --->   "%out_mem_217 = extractvalue i14400 %call_ret1" [top_wrapper.cpp:123]   --->   Operation 686 'extractvalue' 'out_mem_217' <Predicate = true> <Delay = 0.00> <CoreInst = "FIFO_SRL">   --->   Core 80 'FIFO_SRL' <Latency = 0> <II = 1> <Delay = 1.83> <Storage> <Opcode : 'read' 'write' 'nbread' 'nbwrite'> <Ports = 0> <Width = 32> <Depth = 2> <FIFO>
ST_4 : Operation 687 [1/1] (0.00ns)   --->   "%out_mem_218 = extractvalue i14400 %call_ret1" [top_wrapper.cpp:123]   --->   Operation 687 'extractvalue' 'out_mem_218' <Predicate = true> <Delay = 0.00> <CoreInst = "FIFO_SRL">   --->   Core 80 'FIFO_SRL' <Latency = 0> <II = 1> <Delay = 1.83> <Storage> <Opcode : 'read' 'write' 'nbread' 'nbwrite'> <Ports = 0> <Width = 32> <Depth = 2> <FIFO>
ST_4 : Operation 688 [1/1] (0.00ns)   --->   "%out_mem_219 = extractvalue i14400 %call_ret1" [top_wrapper.cpp:123]   --->   Operation 688 'extractvalue' 'out_mem_219' <Predicate = true> <Delay = 0.00> <CoreInst = "FIFO_SRL">   --->   Core 80 'FIFO_SRL' <Latency = 0> <II = 1> <Delay = 1.83> <Storage> <Opcode : 'read' 'write' 'nbread' 'nbwrite'> <Ports = 0> <Width = 32> <Depth = 2> <FIFO>
ST_4 : Operation 689 [1/1] (0.00ns)   --->   "%out_mem_220 = extractvalue i14400 %call_ret1" [top_wrapper.cpp:123]   --->   Operation 689 'extractvalue' 'out_mem_220' <Predicate = true> <Delay = 0.00> <CoreInst = "FIFO_SRL">   --->   Core 80 'FIFO_SRL' <Latency = 0> <II = 1> <Delay = 1.83> <Storage> <Opcode : 'read' 'write' 'nbread' 'nbwrite'> <Ports = 0> <Width = 32> <Depth = 2> <FIFO>
ST_4 : Operation 690 [1/1] (0.00ns)   --->   "%out_mem_221 = extractvalue i14400 %call_ret1" [top_wrapper.cpp:123]   --->   Operation 690 'extractvalue' 'out_mem_221' <Predicate = true> <Delay = 0.00> <CoreInst = "FIFO_SRL">   --->   Core 80 'FIFO_SRL' <Latency = 0> <II = 1> <Delay = 1.83> <Storage> <Opcode : 'read' 'write' 'nbread' 'nbwrite'> <Ports = 0> <Width = 32> <Depth = 2> <FIFO>
ST_4 : Operation 691 [1/1] (0.00ns)   --->   "%out_mem_222 = extractvalue i14400 %call_ret1" [top_wrapper.cpp:123]   --->   Operation 691 'extractvalue' 'out_mem_222' <Predicate = true> <Delay = 0.00> <CoreInst = "FIFO_SRL">   --->   Core 80 'FIFO_SRL' <Latency = 0> <II = 1> <Delay = 1.83> <Storage> <Opcode : 'read' 'write' 'nbread' 'nbwrite'> <Ports = 0> <Width = 32> <Depth = 2> <FIFO>
ST_4 : Operation 692 [1/1] (0.00ns)   --->   "%out_mem_223 = extractvalue i14400 %call_ret1" [top_wrapper.cpp:123]   --->   Operation 692 'extractvalue' 'out_mem_223' <Predicate = true> <Delay = 0.00> <CoreInst = "FIFO_SRL">   --->   Core 80 'FIFO_SRL' <Latency = 0> <II = 1> <Delay = 1.83> <Storage> <Opcode : 'read' 'write' 'nbread' 'nbwrite'> <Ports = 0> <Width = 32> <Depth = 2> <FIFO>
ST_4 : Operation 693 [1/1] (0.00ns)   --->   "%out_mem_224 = extractvalue i14400 %call_ret1" [top_wrapper.cpp:123]   --->   Operation 693 'extractvalue' 'out_mem_224' <Predicate = true> <Delay = 0.00> <CoreInst = "FIFO_SRL">   --->   Core 80 'FIFO_SRL' <Latency = 0> <II = 1> <Delay = 1.83> <Storage> <Opcode : 'read' 'write' 'nbread' 'nbwrite'> <Ports = 0> <Width = 32> <Depth = 2> <FIFO>
ST_4 : Operation 694 [1/1] (0.00ns)   --->   "%out_mem_225 = extractvalue i14400 %call_ret1" [top_wrapper.cpp:123]   --->   Operation 694 'extractvalue' 'out_mem_225' <Predicate = true> <Delay = 0.00> <CoreInst = "FIFO_SRL">   --->   Core 80 'FIFO_SRL' <Latency = 0> <II = 1> <Delay = 1.83> <Storage> <Opcode : 'read' 'write' 'nbread' 'nbwrite'> <Ports = 0> <Width = 32> <Depth = 2> <FIFO>
ST_4 : Operation 695 [1/1] (0.00ns)   --->   "%out_mem_226 = extractvalue i14400 %call_ret1" [top_wrapper.cpp:123]   --->   Operation 695 'extractvalue' 'out_mem_226' <Predicate = true> <Delay = 0.00> <CoreInst = "FIFO_SRL">   --->   Core 80 'FIFO_SRL' <Latency = 0> <II = 1> <Delay = 1.83> <Storage> <Opcode : 'read' 'write' 'nbread' 'nbwrite'> <Ports = 0> <Width = 32> <Depth = 2> <FIFO>
ST_4 : Operation 696 [1/1] (0.00ns)   --->   "%out_mem_227 = extractvalue i14400 %call_ret1" [top_wrapper.cpp:123]   --->   Operation 696 'extractvalue' 'out_mem_227' <Predicate = true> <Delay = 0.00> <CoreInst = "FIFO_SRL">   --->   Core 80 'FIFO_SRL' <Latency = 0> <II = 1> <Delay = 1.83> <Storage> <Opcode : 'read' 'write' 'nbread' 'nbwrite'> <Ports = 0> <Width = 32> <Depth = 2> <FIFO>
ST_4 : Operation 697 [1/1] (0.00ns)   --->   "%out_mem_228 = extractvalue i14400 %call_ret1" [top_wrapper.cpp:123]   --->   Operation 697 'extractvalue' 'out_mem_228' <Predicate = true> <Delay = 0.00> <CoreInst = "FIFO_SRL">   --->   Core 80 'FIFO_SRL' <Latency = 0> <II = 1> <Delay = 1.83> <Storage> <Opcode : 'read' 'write' 'nbread' 'nbwrite'> <Ports = 0> <Width = 32> <Depth = 2> <FIFO>
ST_4 : Operation 698 [1/1] (0.00ns)   --->   "%out_mem_229 = extractvalue i14400 %call_ret1" [top_wrapper.cpp:123]   --->   Operation 698 'extractvalue' 'out_mem_229' <Predicate = true> <Delay = 0.00> <CoreInst = "FIFO_SRL">   --->   Core 80 'FIFO_SRL' <Latency = 0> <II = 1> <Delay = 1.83> <Storage> <Opcode : 'read' 'write' 'nbread' 'nbwrite'> <Ports = 0> <Width = 32> <Depth = 2> <FIFO>
ST_4 : Operation 699 [1/1] (0.00ns)   --->   "%out_mem_230 = extractvalue i14400 %call_ret1" [top_wrapper.cpp:123]   --->   Operation 699 'extractvalue' 'out_mem_230' <Predicate = true> <Delay = 0.00> <CoreInst = "FIFO_SRL">   --->   Core 80 'FIFO_SRL' <Latency = 0> <II = 1> <Delay = 1.83> <Storage> <Opcode : 'read' 'write' 'nbread' 'nbwrite'> <Ports = 0> <Width = 32> <Depth = 2> <FIFO>
ST_4 : Operation 700 [1/1] (0.00ns)   --->   "%out_mem_231 = extractvalue i14400 %call_ret1" [top_wrapper.cpp:123]   --->   Operation 700 'extractvalue' 'out_mem_231' <Predicate = true> <Delay = 0.00> <CoreInst = "FIFO_SRL">   --->   Core 80 'FIFO_SRL' <Latency = 0> <II = 1> <Delay = 1.83> <Storage> <Opcode : 'read' 'write' 'nbread' 'nbwrite'> <Ports = 0> <Width = 32> <Depth = 2> <FIFO>
ST_4 : Operation 701 [1/1] (0.00ns)   --->   "%out_mem_232 = extractvalue i14400 %call_ret1" [top_wrapper.cpp:123]   --->   Operation 701 'extractvalue' 'out_mem_232' <Predicate = true> <Delay = 0.00> <CoreInst = "FIFO_SRL">   --->   Core 80 'FIFO_SRL' <Latency = 0> <II = 1> <Delay = 1.83> <Storage> <Opcode : 'read' 'write' 'nbread' 'nbwrite'> <Ports = 0> <Width = 32> <Depth = 2> <FIFO>
ST_4 : Operation 702 [1/1] (0.00ns)   --->   "%out_mem_233 = extractvalue i14400 %call_ret1" [top_wrapper.cpp:123]   --->   Operation 702 'extractvalue' 'out_mem_233' <Predicate = true> <Delay = 0.00> <CoreInst = "FIFO_SRL">   --->   Core 80 'FIFO_SRL' <Latency = 0> <II = 1> <Delay = 1.83> <Storage> <Opcode : 'read' 'write' 'nbread' 'nbwrite'> <Ports = 0> <Width = 32> <Depth = 2> <FIFO>
ST_4 : Operation 703 [1/1] (0.00ns)   --->   "%out_mem_234 = extractvalue i14400 %call_ret1" [top_wrapper.cpp:123]   --->   Operation 703 'extractvalue' 'out_mem_234' <Predicate = true> <Delay = 0.00> <CoreInst = "FIFO_SRL">   --->   Core 80 'FIFO_SRL' <Latency = 0> <II = 1> <Delay = 1.83> <Storage> <Opcode : 'read' 'write' 'nbread' 'nbwrite'> <Ports = 0> <Width = 32> <Depth = 2> <FIFO>
ST_4 : Operation 704 [1/1] (0.00ns)   --->   "%out_mem_235 = extractvalue i14400 %call_ret1" [top_wrapper.cpp:123]   --->   Operation 704 'extractvalue' 'out_mem_235' <Predicate = true> <Delay = 0.00> <CoreInst = "FIFO_SRL">   --->   Core 80 'FIFO_SRL' <Latency = 0> <II = 1> <Delay = 1.83> <Storage> <Opcode : 'read' 'write' 'nbread' 'nbwrite'> <Ports = 0> <Width = 32> <Depth = 2> <FIFO>
ST_4 : Operation 705 [1/1] (0.00ns)   --->   "%out_mem_236 = extractvalue i14400 %call_ret1" [top_wrapper.cpp:123]   --->   Operation 705 'extractvalue' 'out_mem_236' <Predicate = true> <Delay = 0.00> <CoreInst = "FIFO_SRL">   --->   Core 80 'FIFO_SRL' <Latency = 0> <II = 1> <Delay = 1.83> <Storage> <Opcode : 'read' 'write' 'nbread' 'nbwrite'> <Ports = 0> <Width = 32> <Depth = 2> <FIFO>
ST_4 : Operation 706 [1/1] (0.00ns)   --->   "%out_mem_237 = extractvalue i14400 %call_ret1" [top_wrapper.cpp:123]   --->   Operation 706 'extractvalue' 'out_mem_237' <Predicate = true> <Delay = 0.00> <CoreInst = "FIFO_SRL">   --->   Core 80 'FIFO_SRL' <Latency = 0> <II = 1> <Delay = 1.83> <Storage> <Opcode : 'read' 'write' 'nbread' 'nbwrite'> <Ports = 0> <Width = 32> <Depth = 2> <FIFO>
ST_4 : Operation 707 [1/1] (0.00ns)   --->   "%out_mem_238 = extractvalue i14400 %call_ret1" [top_wrapper.cpp:123]   --->   Operation 707 'extractvalue' 'out_mem_238' <Predicate = true> <Delay = 0.00> <CoreInst = "FIFO_SRL">   --->   Core 80 'FIFO_SRL' <Latency = 0> <II = 1> <Delay = 1.83> <Storage> <Opcode : 'read' 'write' 'nbread' 'nbwrite'> <Ports = 0> <Width = 32> <Depth = 2> <FIFO>
ST_4 : Operation 708 [1/1] (0.00ns)   --->   "%out_mem_239 = extractvalue i14400 %call_ret1" [top_wrapper.cpp:123]   --->   Operation 708 'extractvalue' 'out_mem_239' <Predicate = true> <Delay = 0.00> <CoreInst = "FIFO_SRL">   --->   Core 80 'FIFO_SRL' <Latency = 0> <II = 1> <Delay = 1.83> <Storage> <Opcode : 'read' 'write' 'nbread' 'nbwrite'> <Ports = 0> <Width = 32> <Depth = 2> <FIFO>
ST_4 : Operation 709 [1/1] (0.00ns)   --->   "%out_mem_240 = extractvalue i14400 %call_ret1" [top_wrapper.cpp:123]   --->   Operation 709 'extractvalue' 'out_mem_240' <Predicate = true> <Delay = 0.00> <CoreInst = "FIFO_SRL">   --->   Core 80 'FIFO_SRL' <Latency = 0> <II = 1> <Delay = 1.83> <Storage> <Opcode : 'read' 'write' 'nbread' 'nbwrite'> <Ports = 0> <Width = 32> <Depth = 2> <FIFO>
ST_4 : Operation 710 [1/1] (0.00ns)   --->   "%out_mem_241 = extractvalue i14400 %call_ret1" [top_wrapper.cpp:123]   --->   Operation 710 'extractvalue' 'out_mem_241' <Predicate = true> <Delay = 0.00> <CoreInst = "FIFO_SRL">   --->   Core 80 'FIFO_SRL' <Latency = 0> <II = 1> <Delay = 1.83> <Storage> <Opcode : 'read' 'write' 'nbread' 'nbwrite'> <Ports = 0> <Width = 32> <Depth = 2> <FIFO>
ST_4 : Operation 711 [1/1] (0.00ns)   --->   "%out_mem_242 = extractvalue i14400 %call_ret1" [top_wrapper.cpp:123]   --->   Operation 711 'extractvalue' 'out_mem_242' <Predicate = true> <Delay = 0.00> <CoreInst = "FIFO_SRL">   --->   Core 80 'FIFO_SRL' <Latency = 0> <II = 1> <Delay = 1.83> <Storage> <Opcode : 'read' 'write' 'nbread' 'nbwrite'> <Ports = 0> <Width = 32> <Depth = 2> <FIFO>
ST_4 : Operation 712 [1/1] (0.00ns)   --->   "%out_mem_243 = extractvalue i14400 %call_ret1" [top_wrapper.cpp:123]   --->   Operation 712 'extractvalue' 'out_mem_243' <Predicate = true> <Delay = 0.00> <CoreInst = "FIFO_SRL">   --->   Core 80 'FIFO_SRL' <Latency = 0> <II = 1> <Delay = 1.83> <Storage> <Opcode : 'read' 'write' 'nbread' 'nbwrite'> <Ports = 0> <Width = 32> <Depth = 2> <FIFO>
ST_4 : Operation 713 [1/1] (0.00ns)   --->   "%out_mem_244 = extractvalue i14400 %call_ret1" [top_wrapper.cpp:123]   --->   Operation 713 'extractvalue' 'out_mem_244' <Predicate = true> <Delay = 0.00> <CoreInst = "FIFO_SRL">   --->   Core 80 'FIFO_SRL' <Latency = 0> <II = 1> <Delay = 1.83> <Storage> <Opcode : 'read' 'write' 'nbread' 'nbwrite'> <Ports = 0> <Width = 32> <Depth = 2> <FIFO>
ST_4 : Operation 714 [1/1] (0.00ns)   --->   "%out_mem_245 = extractvalue i14400 %call_ret1" [top_wrapper.cpp:123]   --->   Operation 714 'extractvalue' 'out_mem_245' <Predicate = true> <Delay = 0.00> <CoreInst = "FIFO_SRL">   --->   Core 80 'FIFO_SRL' <Latency = 0> <II = 1> <Delay = 1.83> <Storage> <Opcode : 'read' 'write' 'nbread' 'nbwrite'> <Ports = 0> <Width = 32> <Depth = 2> <FIFO>
ST_4 : Operation 715 [1/1] (0.00ns)   --->   "%out_mem_246 = extractvalue i14400 %call_ret1" [top_wrapper.cpp:123]   --->   Operation 715 'extractvalue' 'out_mem_246' <Predicate = true> <Delay = 0.00> <CoreInst = "FIFO_SRL">   --->   Core 80 'FIFO_SRL' <Latency = 0> <II = 1> <Delay = 1.83> <Storage> <Opcode : 'read' 'write' 'nbread' 'nbwrite'> <Ports = 0> <Width = 32> <Depth = 2> <FIFO>
ST_4 : Operation 716 [1/1] (0.00ns)   --->   "%out_mem_247 = extractvalue i14400 %call_ret1" [top_wrapper.cpp:123]   --->   Operation 716 'extractvalue' 'out_mem_247' <Predicate = true> <Delay = 0.00> <CoreInst = "FIFO_SRL">   --->   Core 80 'FIFO_SRL' <Latency = 0> <II = 1> <Delay = 1.83> <Storage> <Opcode : 'read' 'write' 'nbread' 'nbwrite'> <Ports = 0> <Width = 32> <Depth = 2> <FIFO>
ST_4 : Operation 717 [1/1] (0.00ns)   --->   "%out_mem_248 = extractvalue i14400 %call_ret1" [top_wrapper.cpp:123]   --->   Operation 717 'extractvalue' 'out_mem_248' <Predicate = true> <Delay = 0.00> <CoreInst = "FIFO_SRL">   --->   Core 80 'FIFO_SRL' <Latency = 0> <II = 1> <Delay = 1.83> <Storage> <Opcode : 'read' 'write' 'nbread' 'nbwrite'> <Ports = 0> <Width = 32> <Depth = 2> <FIFO>
ST_4 : Operation 718 [1/1] (0.00ns)   --->   "%out_mem_249 = extractvalue i14400 %call_ret1" [top_wrapper.cpp:123]   --->   Operation 718 'extractvalue' 'out_mem_249' <Predicate = true> <Delay = 0.00> <CoreInst = "FIFO_SRL">   --->   Core 80 'FIFO_SRL' <Latency = 0> <II = 1> <Delay = 1.83> <Storage> <Opcode : 'read' 'write' 'nbread' 'nbwrite'> <Ports = 0> <Width = 32> <Depth = 2> <FIFO>
ST_4 : Operation 719 [1/1] (0.00ns)   --->   "%out_mem_250 = extractvalue i14400 %call_ret1" [top_wrapper.cpp:123]   --->   Operation 719 'extractvalue' 'out_mem_250' <Predicate = true> <Delay = 0.00> <CoreInst = "FIFO_SRL">   --->   Core 80 'FIFO_SRL' <Latency = 0> <II = 1> <Delay = 1.83> <Storage> <Opcode : 'read' 'write' 'nbread' 'nbwrite'> <Ports = 0> <Width = 32> <Depth = 2> <FIFO>
ST_4 : Operation 720 [1/1] (0.00ns)   --->   "%out_mem_251 = extractvalue i14400 %call_ret1" [top_wrapper.cpp:123]   --->   Operation 720 'extractvalue' 'out_mem_251' <Predicate = true> <Delay = 0.00> <CoreInst = "FIFO_SRL">   --->   Core 80 'FIFO_SRL' <Latency = 0> <II = 1> <Delay = 1.83> <Storage> <Opcode : 'read' 'write' 'nbread' 'nbwrite'> <Ports = 0> <Width = 32> <Depth = 2> <FIFO>
ST_4 : Operation 721 [1/1] (0.00ns)   --->   "%out_mem_252 = extractvalue i14400 %call_ret1" [top_wrapper.cpp:123]   --->   Operation 721 'extractvalue' 'out_mem_252' <Predicate = true> <Delay = 0.00> <CoreInst = "FIFO_SRL">   --->   Core 80 'FIFO_SRL' <Latency = 0> <II = 1> <Delay = 1.83> <Storage> <Opcode : 'read' 'write' 'nbread' 'nbwrite'> <Ports = 0> <Width = 32> <Depth = 2> <FIFO>
ST_4 : Operation 722 [1/1] (0.00ns)   --->   "%out_mem_253 = extractvalue i14400 %call_ret1" [top_wrapper.cpp:123]   --->   Operation 722 'extractvalue' 'out_mem_253' <Predicate = true> <Delay = 0.00> <CoreInst = "FIFO_SRL">   --->   Core 80 'FIFO_SRL' <Latency = 0> <II = 1> <Delay = 1.83> <Storage> <Opcode : 'read' 'write' 'nbread' 'nbwrite'> <Ports = 0> <Width = 32> <Depth = 2> <FIFO>
ST_4 : Operation 723 [1/1] (0.00ns)   --->   "%out_mem_254 = extractvalue i14400 %call_ret1" [top_wrapper.cpp:123]   --->   Operation 723 'extractvalue' 'out_mem_254' <Predicate = true> <Delay = 0.00> <CoreInst = "FIFO_SRL">   --->   Core 80 'FIFO_SRL' <Latency = 0> <II = 1> <Delay = 1.83> <Storage> <Opcode : 'read' 'write' 'nbread' 'nbwrite'> <Ports = 0> <Width = 32> <Depth = 2> <FIFO>
ST_4 : Operation 724 [1/1] (0.00ns)   --->   "%out_mem_255 = extractvalue i14400 %call_ret1" [top_wrapper.cpp:123]   --->   Operation 724 'extractvalue' 'out_mem_255' <Predicate = true> <Delay = 0.00> <CoreInst = "FIFO_SRL">   --->   Core 80 'FIFO_SRL' <Latency = 0> <II = 1> <Delay = 1.83> <Storage> <Opcode : 'read' 'write' 'nbread' 'nbwrite'> <Ports = 0> <Width = 32> <Depth = 2> <FIFO>
ST_4 : Operation 725 [1/1] (0.00ns)   --->   "%out_mem_256 = extractvalue i14400 %call_ret1" [top_wrapper.cpp:123]   --->   Operation 725 'extractvalue' 'out_mem_256' <Predicate = true> <Delay = 0.00> <CoreInst = "FIFO_SRL">   --->   Core 80 'FIFO_SRL' <Latency = 0> <II = 1> <Delay = 1.83> <Storage> <Opcode : 'read' 'write' 'nbread' 'nbwrite'> <Ports = 0> <Width = 32> <Depth = 2> <FIFO>
ST_4 : Operation 726 [1/1] (0.00ns)   --->   "%out_mem_257 = extractvalue i14400 %call_ret1" [top_wrapper.cpp:123]   --->   Operation 726 'extractvalue' 'out_mem_257' <Predicate = true> <Delay = 0.00> <CoreInst = "FIFO_SRL">   --->   Core 80 'FIFO_SRL' <Latency = 0> <II = 1> <Delay = 1.83> <Storage> <Opcode : 'read' 'write' 'nbread' 'nbwrite'> <Ports = 0> <Width = 32> <Depth = 2> <FIFO>
ST_4 : Operation 727 [1/1] (0.00ns)   --->   "%out_mem_258 = extractvalue i14400 %call_ret1" [top_wrapper.cpp:123]   --->   Operation 727 'extractvalue' 'out_mem_258' <Predicate = true> <Delay = 0.00> <CoreInst = "FIFO_SRL">   --->   Core 80 'FIFO_SRL' <Latency = 0> <II = 1> <Delay = 1.83> <Storage> <Opcode : 'read' 'write' 'nbread' 'nbwrite'> <Ports = 0> <Width = 32> <Depth = 2> <FIFO>
ST_4 : Operation 728 [1/1] (0.00ns)   --->   "%out_mem_259 = extractvalue i14400 %call_ret1" [top_wrapper.cpp:123]   --->   Operation 728 'extractvalue' 'out_mem_259' <Predicate = true> <Delay = 0.00> <CoreInst = "FIFO_SRL">   --->   Core 80 'FIFO_SRL' <Latency = 0> <II = 1> <Delay = 1.83> <Storage> <Opcode : 'read' 'write' 'nbread' 'nbwrite'> <Ports = 0> <Width = 32> <Depth = 2> <FIFO>
ST_4 : Operation 729 [1/1] (0.00ns)   --->   "%out_mem_260 = extractvalue i14400 %call_ret1" [top_wrapper.cpp:123]   --->   Operation 729 'extractvalue' 'out_mem_260' <Predicate = true> <Delay = 0.00> <CoreInst = "FIFO_SRL">   --->   Core 80 'FIFO_SRL' <Latency = 0> <II = 1> <Delay = 1.83> <Storage> <Opcode : 'read' 'write' 'nbread' 'nbwrite'> <Ports = 0> <Width = 32> <Depth = 2> <FIFO>
ST_4 : Operation 730 [1/1] (0.00ns)   --->   "%out_mem_261 = extractvalue i14400 %call_ret1" [top_wrapper.cpp:123]   --->   Operation 730 'extractvalue' 'out_mem_261' <Predicate = true> <Delay = 0.00> <CoreInst = "FIFO_SRL">   --->   Core 80 'FIFO_SRL' <Latency = 0> <II = 1> <Delay = 1.83> <Storage> <Opcode : 'read' 'write' 'nbread' 'nbwrite'> <Ports = 0> <Width = 32> <Depth = 2> <FIFO>
ST_4 : Operation 731 [1/1] (0.00ns)   --->   "%out_mem_262 = extractvalue i14400 %call_ret1" [top_wrapper.cpp:123]   --->   Operation 731 'extractvalue' 'out_mem_262' <Predicate = true> <Delay = 0.00> <CoreInst = "FIFO_SRL">   --->   Core 80 'FIFO_SRL' <Latency = 0> <II = 1> <Delay = 1.83> <Storage> <Opcode : 'read' 'write' 'nbread' 'nbwrite'> <Ports = 0> <Width = 32> <Depth = 2> <FIFO>
ST_4 : Operation 732 [1/1] (0.00ns)   --->   "%out_mem_263 = extractvalue i14400 %call_ret1" [top_wrapper.cpp:123]   --->   Operation 732 'extractvalue' 'out_mem_263' <Predicate = true> <Delay = 0.00> <CoreInst = "FIFO_SRL">   --->   Core 80 'FIFO_SRL' <Latency = 0> <II = 1> <Delay = 1.83> <Storage> <Opcode : 'read' 'write' 'nbread' 'nbwrite'> <Ports = 0> <Width = 32> <Depth = 2> <FIFO>
ST_4 : Operation 733 [1/1] (0.00ns)   --->   "%out_mem_264 = extractvalue i14400 %call_ret1" [top_wrapper.cpp:123]   --->   Operation 733 'extractvalue' 'out_mem_264' <Predicate = true> <Delay = 0.00> <CoreInst = "FIFO_SRL">   --->   Core 80 'FIFO_SRL' <Latency = 0> <II = 1> <Delay = 1.83> <Storage> <Opcode : 'read' 'write' 'nbread' 'nbwrite'> <Ports = 0> <Width = 32> <Depth = 2> <FIFO>
ST_4 : Operation 734 [1/1] (0.00ns)   --->   "%out_mem_265 = extractvalue i14400 %call_ret1" [top_wrapper.cpp:123]   --->   Operation 734 'extractvalue' 'out_mem_265' <Predicate = true> <Delay = 0.00> <CoreInst = "FIFO_SRL">   --->   Core 80 'FIFO_SRL' <Latency = 0> <II = 1> <Delay = 1.83> <Storage> <Opcode : 'read' 'write' 'nbread' 'nbwrite'> <Ports = 0> <Width = 32> <Depth = 2> <FIFO>
ST_4 : Operation 735 [1/1] (0.00ns)   --->   "%out_mem_266 = extractvalue i14400 %call_ret1" [top_wrapper.cpp:123]   --->   Operation 735 'extractvalue' 'out_mem_266' <Predicate = true> <Delay = 0.00> <CoreInst = "FIFO_SRL">   --->   Core 80 'FIFO_SRL' <Latency = 0> <II = 1> <Delay = 1.83> <Storage> <Opcode : 'read' 'write' 'nbread' 'nbwrite'> <Ports = 0> <Width = 32> <Depth = 2> <FIFO>
ST_4 : Operation 736 [1/1] (0.00ns)   --->   "%out_mem_267 = extractvalue i14400 %call_ret1" [top_wrapper.cpp:123]   --->   Operation 736 'extractvalue' 'out_mem_267' <Predicate = true> <Delay = 0.00> <CoreInst = "FIFO_SRL">   --->   Core 80 'FIFO_SRL' <Latency = 0> <II = 1> <Delay = 1.83> <Storage> <Opcode : 'read' 'write' 'nbread' 'nbwrite'> <Ports = 0> <Width = 32> <Depth = 2> <FIFO>
ST_4 : Operation 737 [1/1] (0.00ns)   --->   "%out_mem_268 = extractvalue i14400 %call_ret1" [top_wrapper.cpp:123]   --->   Operation 737 'extractvalue' 'out_mem_268' <Predicate = true> <Delay = 0.00> <CoreInst = "FIFO_SRL">   --->   Core 80 'FIFO_SRL' <Latency = 0> <II = 1> <Delay = 1.83> <Storage> <Opcode : 'read' 'write' 'nbread' 'nbwrite'> <Ports = 0> <Width = 32> <Depth = 2> <FIFO>
ST_4 : Operation 738 [1/1] (0.00ns)   --->   "%out_mem_269 = extractvalue i14400 %call_ret1" [top_wrapper.cpp:123]   --->   Operation 738 'extractvalue' 'out_mem_269' <Predicate = true> <Delay = 0.00> <CoreInst = "FIFO_SRL">   --->   Core 80 'FIFO_SRL' <Latency = 0> <II = 1> <Delay = 1.83> <Storage> <Opcode : 'read' 'write' 'nbread' 'nbwrite'> <Ports = 0> <Width = 32> <Depth = 2> <FIFO>
ST_4 : Operation 739 [1/1] (0.00ns)   --->   "%out_mem_270 = extractvalue i14400 %call_ret1" [top_wrapper.cpp:123]   --->   Operation 739 'extractvalue' 'out_mem_270' <Predicate = true> <Delay = 0.00> <CoreInst = "FIFO_SRL">   --->   Core 80 'FIFO_SRL' <Latency = 0> <II = 1> <Delay = 1.83> <Storage> <Opcode : 'read' 'write' 'nbread' 'nbwrite'> <Ports = 0> <Width = 32> <Depth = 2> <FIFO>
ST_4 : Operation 740 [1/1] (0.00ns)   --->   "%out_mem_271 = extractvalue i14400 %call_ret1" [top_wrapper.cpp:123]   --->   Operation 740 'extractvalue' 'out_mem_271' <Predicate = true> <Delay = 0.00> <CoreInst = "FIFO_SRL">   --->   Core 80 'FIFO_SRL' <Latency = 0> <II = 1> <Delay = 1.83> <Storage> <Opcode : 'read' 'write' 'nbread' 'nbwrite'> <Ports = 0> <Width = 32> <Depth = 2> <FIFO>
ST_4 : Operation 741 [1/1] (0.00ns)   --->   "%out_mem_272 = extractvalue i14400 %call_ret1" [top_wrapper.cpp:123]   --->   Operation 741 'extractvalue' 'out_mem_272' <Predicate = true> <Delay = 0.00> <CoreInst = "FIFO_SRL">   --->   Core 80 'FIFO_SRL' <Latency = 0> <II = 1> <Delay = 1.83> <Storage> <Opcode : 'read' 'write' 'nbread' 'nbwrite'> <Ports = 0> <Width = 32> <Depth = 2> <FIFO>
ST_4 : Operation 742 [1/1] (0.00ns)   --->   "%out_mem_273 = extractvalue i14400 %call_ret1" [top_wrapper.cpp:123]   --->   Operation 742 'extractvalue' 'out_mem_273' <Predicate = true> <Delay = 0.00> <CoreInst = "FIFO_SRL">   --->   Core 80 'FIFO_SRL' <Latency = 0> <II = 1> <Delay = 1.83> <Storage> <Opcode : 'read' 'write' 'nbread' 'nbwrite'> <Ports = 0> <Width = 32> <Depth = 2> <FIFO>
ST_4 : Operation 743 [1/1] (0.00ns)   --->   "%out_mem_274 = extractvalue i14400 %call_ret1" [top_wrapper.cpp:123]   --->   Operation 743 'extractvalue' 'out_mem_274' <Predicate = true> <Delay = 0.00> <CoreInst = "FIFO_SRL">   --->   Core 80 'FIFO_SRL' <Latency = 0> <II = 1> <Delay = 1.83> <Storage> <Opcode : 'read' 'write' 'nbread' 'nbwrite'> <Ports = 0> <Width = 32> <Depth = 2> <FIFO>
ST_4 : Operation 744 [1/1] (0.00ns)   --->   "%out_mem_275 = extractvalue i14400 %call_ret1" [top_wrapper.cpp:123]   --->   Operation 744 'extractvalue' 'out_mem_275' <Predicate = true> <Delay = 0.00> <CoreInst = "FIFO_SRL">   --->   Core 80 'FIFO_SRL' <Latency = 0> <II = 1> <Delay = 1.83> <Storage> <Opcode : 'read' 'write' 'nbread' 'nbwrite'> <Ports = 0> <Width = 32> <Depth = 2> <FIFO>
ST_4 : Operation 745 [1/1] (0.00ns)   --->   "%out_mem_276 = extractvalue i14400 %call_ret1" [top_wrapper.cpp:123]   --->   Operation 745 'extractvalue' 'out_mem_276' <Predicate = true> <Delay = 0.00> <CoreInst = "FIFO_SRL">   --->   Core 80 'FIFO_SRL' <Latency = 0> <II = 1> <Delay = 1.83> <Storage> <Opcode : 'read' 'write' 'nbread' 'nbwrite'> <Ports = 0> <Width = 32> <Depth = 2> <FIFO>
ST_4 : Operation 746 [1/1] (0.00ns)   --->   "%out_mem_277 = extractvalue i14400 %call_ret1" [top_wrapper.cpp:123]   --->   Operation 746 'extractvalue' 'out_mem_277' <Predicate = true> <Delay = 0.00> <CoreInst = "FIFO_SRL">   --->   Core 80 'FIFO_SRL' <Latency = 0> <II = 1> <Delay = 1.83> <Storage> <Opcode : 'read' 'write' 'nbread' 'nbwrite'> <Ports = 0> <Width = 32> <Depth = 2> <FIFO>
ST_4 : Operation 747 [1/1] (0.00ns)   --->   "%out_mem_278 = extractvalue i14400 %call_ret1" [top_wrapper.cpp:123]   --->   Operation 747 'extractvalue' 'out_mem_278' <Predicate = true> <Delay = 0.00> <CoreInst = "FIFO_SRL">   --->   Core 80 'FIFO_SRL' <Latency = 0> <II = 1> <Delay = 1.83> <Storage> <Opcode : 'read' 'write' 'nbread' 'nbwrite'> <Ports = 0> <Width = 32> <Depth = 2> <FIFO>
ST_4 : Operation 748 [1/1] (0.00ns)   --->   "%out_mem_279 = extractvalue i14400 %call_ret1" [top_wrapper.cpp:123]   --->   Operation 748 'extractvalue' 'out_mem_279' <Predicate = true> <Delay = 0.00> <CoreInst = "FIFO_SRL">   --->   Core 80 'FIFO_SRL' <Latency = 0> <II = 1> <Delay = 1.83> <Storage> <Opcode : 'read' 'write' 'nbread' 'nbwrite'> <Ports = 0> <Width = 32> <Depth = 2> <FIFO>
ST_4 : Operation 749 [1/1] (0.00ns)   --->   "%out_mem_280 = extractvalue i14400 %call_ret1" [top_wrapper.cpp:123]   --->   Operation 749 'extractvalue' 'out_mem_280' <Predicate = true> <Delay = 0.00> <CoreInst = "FIFO_SRL">   --->   Core 80 'FIFO_SRL' <Latency = 0> <II = 1> <Delay = 1.83> <Storage> <Opcode : 'read' 'write' 'nbread' 'nbwrite'> <Ports = 0> <Width = 32> <Depth = 2> <FIFO>
ST_4 : Operation 750 [1/1] (0.00ns)   --->   "%out_mem_281 = extractvalue i14400 %call_ret1" [top_wrapper.cpp:123]   --->   Operation 750 'extractvalue' 'out_mem_281' <Predicate = true> <Delay = 0.00> <CoreInst = "FIFO_SRL">   --->   Core 80 'FIFO_SRL' <Latency = 0> <II = 1> <Delay = 1.83> <Storage> <Opcode : 'read' 'write' 'nbread' 'nbwrite'> <Ports = 0> <Width = 32> <Depth = 2> <FIFO>
ST_4 : Operation 751 [1/1] (0.00ns)   --->   "%out_mem_282 = extractvalue i14400 %call_ret1" [top_wrapper.cpp:123]   --->   Operation 751 'extractvalue' 'out_mem_282' <Predicate = true> <Delay = 0.00> <CoreInst = "FIFO_SRL">   --->   Core 80 'FIFO_SRL' <Latency = 0> <II = 1> <Delay = 1.83> <Storage> <Opcode : 'read' 'write' 'nbread' 'nbwrite'> <Ports = 0> <Width = 32> <Depth = 2> <FIFO>
ST_4 : Operation 752 [1/1] (0.00ns)   --->   "%out_mem_283 = extractvalue i14400 %call_ret1" [top_wrapper.cpp:123]   --->   Operation 752 'extractvalue' 'out_mem_283' <Predicate = true> <Delay = 0.00> <CoreInst = "FIFO_SRL">   --->   Core 80 'FIFO_SRL' <Latency = 0> <II = 1> <Delay = 1.83> <Storage> <Opcode : 'read' 'write' 'nbread' 'nbwrite'> <Ports = 0> <Width = 32> <Depth = 2> <FIFO>
ST_4 : Operation 753 [1/1] (0.00ns)   --->   "%out_mem_284 = extractvalue i14400 %call_ret1" [top_wrapper.cpp:123]   --->   Operation 753 'extractvalue' 'out_mem_284' <Predicate = true> <Delay = 0.00> <CoreInst = "FIFO_SRL">   --->   Core 80 'FIFO_SRL' <Latency = 0> <II = 1> <Delay = 1.83> <Storage> <Opcode : 'read' 'write' 'nbread' 'nbwrite'> <Ports = 0> <Width = 32> <Depth = 2> <FIFO>
ST_4 : Operation 754 [1/1] (0.00ns)   --->   "%out_mem_285 = extractvalue i14400 %call_ret1" [top_wrapper.cpp:123]   --->   Operation 754 'extractvalue' 'out_mem_285' <Predicate = true> <Delay = 0.00> <CoreInst = "FIFO_SRL">   --->   Core 80 'FIFO_SRL' <Latency = 0> <II = 1> <Delay = 1.83> <Storage> <Opcode : 'read' 'write' 'nbread' 'nbwrite'> <Ports = 0> <Width = 32> <Depth = 2> <FIFO>
ST_4 : Operation 755 [1/1] (0.00ns)   --->   "%out_mem_286 = extractvalue i14400 %call_ret1" [top_wrapper.cpp:123]   --->   Operation 755 'extractvalue' 'out_mem_286' <Predicate = true> <Delay = 0.00> <CoreInst = "FIFO_SRL">   --->   Core 80 'FIFO_SRL' <Latency = 0> <II = 1> <Delay = 1.83> <Storage> <Opcode : 'read' 'write' 'nbread' 'nbwrite'> <Ports = 0> <Width = 32> <Depth = 2> <FIFO>
ST_4 : Operation 756 [1/1] (0.00ns)   --->   "%out_mem_287 = extractvalue i14400 %call_ret1" [top_wrapper.cpp:123]   --->   Operation 756 'extractvalue' 'out_mem_287' <Predicate = true> <Delay = 0.00> <CoreInst = "FIFO_SRL">   --->   Core 80 'FIFO_SRL' <Latency = 0> <II = 1> <Delay = 1.83> <Storage> <Opcode : 'read' 'write' 'nbread' 'nbwrite'> <Ports = 0> <Width = 32> <Depth = 2> <FIFO>
ST_4 : Operation 757 [1/1] (0.00ns)   --->   "%out_mem_288 = extractvalue i14400 %call_ret1" [top_wrapper.cpp:123]   --->   Operation 757 'extractvalue' 'out_mem_288' <Predicate = true> <Delay = 0.00> <CoreInst = "FIFO_SRL">   --->   Core 80 'FIFO_SRL' <Latency = 0> <II = 1> <Delay = 1.83> <Storage> <Opcode : 'read' 'write' 'nbread' 'nbwrite'> <Ports = 0> <Width = 32> <Depth = 2> <FIFO>
ST_4 : Operation 758 [1/1] (0.00ns)   --->   "%out_mem_289 = extractvalue i14400 %call_ret1" [top_wrapper.cpp:123]   --->   Operation 758 'extractvalue' 'out_mem_289' <Predicate = true> <Delay = 0.00> <CoreInst = "FIFO_SRL">   --->   Core 80 'FIFO_SRL' <Latency = 0> <II = 1> <Delay = 1.83> <Storage> <Opcode : 'read' 'write' 'nbread' 'nbwrite'> <Ports = 0> <Width = 32> <Depth = 2> <FIFO>
ST_4 : Operation 759 [1/1] (0.00ns)   --->   "%out_mem_290 = extractvalue i14400 %call_ret1" [top_wrapper.cpp:123]   --->   Operation 759 'extractvalue' 'out_mem_290' <Predicate = true> <Delay = 0.00> <CoreInst = "FIFO_SRL">   --->   Core 80 'FIFO_SRL' <Latency = 0> <II = 1> <Delay = 1.83> <Storage> <Opcode : 'read' 'write' 'nbread' 'nbwrite'> <Ports = 0> <Width = 32> <Depth = 2> <FIFO>
ST_4 : Operation 760 [1/1] (0.00ns)   --->   "%out_mem_291 = extractvalue i14400 %call_ret1" [top_wrapper.cpp:123]   --->   Operation 760 'extractvalue' 'out_mem_291' <Predicate = true> <Delay = 0.00> <CoreInst = "FIFO_SRL">   --->   Core 80 'FIFO_SRL' <Latency = 0> <II = 1> <Delay = 1.83> <Storage> <Opcode : 'read' 'write' 'nbread' 'nbwrite'> <Ports = 0> <Width = 32> <Depth = 2> <FIFO>
ST_4 : Operation 761 [1/1] (0.00ns)   --->   "%out_mem_292 = extractvalue i14400 %call_ret1" [top_wrapper.cpp:123]   --->   Operation 761 'extractvalue' 'out_mem_292' <Predicate = true> <Delay = 0.00> <CoreInst = "FIFO_SRL">   --->   Core 80 'FIFO_SRL' <Latency = 0> <II = 1> <Delay = 1.83> <Storage> <Opcode : 'read' 'write' 'nbread' 'nbwrite'> <Ports = 0> <Width = 32> <Depth = 2> <FIFO>
ST_4 : Operation 762 [1/1] (0.00ns)   --->   "%out_mem_293 = extractvalue i14400 %call_ret1" [top_wrapper.cpp:123]   --->   Operation 762 'extractvalue' 'out_mem_293' <Predicate = true> <Delay = 0.00> <CoreInst = "FIFO_SRL">   --->   Core 80 'FIFO_SRL' <Latency = 0> <II = 1> <Delay = 1.83> <Storage> <Opcode : 'read' 'write' 'nbread' 'nbwrite'> <Ports = 0> <Width = 32> <Depth = 2> <FIFO>
ST_4 : Operation 763 [1/1] (0.00ns)   --->   "%out_mem_294 = extractvalue i14400 %call_ret1" [top_wrapper.cpp:123]   --->   Operation 763 'extractvalue' 'out_mem_294' <Predicate = true> <Delay = 0.00> <CoreInst = "FIFO_SRL">   --->   Core 80 'FIFO_SRL' <Latency = 0> <II = 1> <Delay = 1.83> <Storage> <Opcode : 'read' 'write' 'nbread' 'nbwrite'> <Ports = 0> <Width = 32> <Depth = 2> <FIFO>
ST_4 : Operation 764 [1/1] (0.00ns)   --->   "%out_mem_295 = extractvalue i14400 %call_ret1" [top_wrapper.cpp:123]   --->   Operation 764 'extractvalue' 'out_mem_295' <Predicate = true> <Delay = 0.00> <CoreInst = "FIFO_SRL">   --->   Core 80 'FIFO_SRL' <Latency = 0> <II = 1> <Delay = 1.83> <Storage> <Opcode : 'read' 'write' 'nbread' 'nbwrite'> <Ports = 0> <Width = 32> <Depth = 2> <FIFO>
ST_4 : Operation 765 [1/1] (0.00ns)   --->   "%out_mem_296 = extractvalue i14400 %call_ret1" [top_wrapper.cpp:123]   --->   Operation 765 'extractvalue' 'out_mem_296' <Predicate = true> <Delay = 0.00> <CoreInst = "FIFO_SRL">   --->   Core 80 'FIFO_SRL' <Latency = 0> <II = 1> <Delay = 1.83> <Storage> <Opcode : 'read' 'write' 'nbread' 'nbwrite'> <Ports = 0> <Width = 32> <Depth = 2> <FIFO>
ST_4 : Operation 766 [1/1] (0.00ns)   --->   "%out_mem_297 = extractvalue i14400 %call_ret1" [top_wrapper.cpp:123]   --->   Operation 766 'extractvalue' 'out_mem_297' <Predicate = true> <Delay = 0.00> <CoreInst = "FIFO_SRL">   --->   Core 80 'FIFO_SRL' <Latency = 0> <II = 1> <Delay = 1.83> <Storage> <Opcode : 'read' 'write' 'nbread' 'nbwrite'> <Ports = 0> <Width = 32> <Depth = 2> <FIFO>
ST_4 : Operation 767 [1/1] (0.00ns)   --->   "%out_mem_298 = extractvalue i14400 %call_ret1" [top_wrapper.cpp:123]   --->   Operation 767 'extractvalue' 'out_mem_298' <Predicate = true> <Delay = 0.00> <CoreInst = "FIFO_SRL">   --->   Core 80 'FIFO_SRL' <Latency = 0> <II = 1> <Delay = 1.83> <Storage> <Opcode : 'read' 'write' 'nbread' 'nbwrite'> <Ports = 0> <Width = 32> <Depth = 2> <FIFO>
ST_4 : Operation 768 [1/1] (0.00ns)   --->   "%out_mem_299 = extractvalue i14400 %call_ret1" [top_wrapper.cpp:123]   --->   Operation 768 'extractvalue' 'out_mem_299' <Predicate = true> <Delay = 0.00> <CoreInst = "FIFO_SRL">   --->   Core 80 'FIFO_SRL' <Latency = 0> <II = 1> <Delay = 1.83> <Storage> <Opcode : 'read' 'write' 'nbread' 'nbwrite'> <Ports = 0> <Width = 32> <Depth = 2> <FIFO>
ST_4 : Operation 769 [1/1] (0.00ns)   --->   "%out_mem_300 = extractvalue i14400 %call_ret1" [top_wrapper.cpp:123]   --->   Operation 769 'extractvalue' 'out_mem_300' <Predicate = true> <Delay = 0.00> <CoreInst = "FIFO_SRL">   --->   Core 80 'FIFO_SRL' <Latency = 0> <II = 1> <Delay = 1.83> <Storage> <Opcode : 'read' 'write' 'nbread' 'nbwrite'> <Ports = 0> <Width = 32> <Depth = 2> <FIFO>
ST_4 : Operation 770 [1/1] (0.00ns)   --->   "%out_mem_301 = extractvalue i14400 %call_ret1" [top_wrapper.cpp:123]   --->   Operation 770 'extractvalue' 'out_mem_301' <Predicate = true> <Delay = 0.00> <CoreInst = "FIFO_SRL">   --->   Core 80 'FIFO_SRL' <Latency = 0> <II = 1> <Delay = 1.83> <Storage> <Opcode : 'read' 'write' 'nbread' 'nbwrite'> <Ports = 0> <Width = 32> <Depth = 2> <FIFO>
ST_4 : Operation 771 [1/1] (0.00ns)   --->   "%out_mem_302 = extractvalue i14400 %call_ret1" [top_wrapper.cpp:123]   --->   Operation 771 'extractvalue' 'out_mem_302' <Predicate = true> <Delay = 0.00> <CoreInst = "FIFO_SRL">   --->   Core 80 'FIFO_SRL' <Latency = 0> <II = 1> <Delay = 1.83> <Storage> <Opcode : 'read' 'write' 'nbread' 'nbwrite'> <Ports = 0> <Width = 32> <Depth = 2> <FIFO>
ST_4 : Operation 772 [1/1] (0.00ns)   --->   "%out_mem_303 = extractvalue i14400 %call_ret1" [top_wrapper.cpp:123]   --->   Operation 772 'extractvalue' 'out_mem_303' <Predicate = true> <Delay = 0.00> <CoreInst = "FIFO_SRL">   --->   Core 80 'FIFO_SRL' <Latency = 0> <II = 1> <Delay = 1.83> <Storage> <Opcode : 'read' 'write' 'nbread' 'nbwrite'> <Ports = 0> <Width = 32> <Depth = 2> <FIFO>
ST_4 : Operation 773 [1/1] (0.00ns)   --->   "%out_mem_304 = extractvalue i14400 %call_ret1" [top_wrapper.cpp:123]   --->   Operation 773 'extractvalue' 'out_mem_304' <Predicate = true> <Delay = 0.00> <CoreInst = "FIFO_SRL">   --->   Core 80 'FIFO_SRL' <Latency = 0> <II = 1> <Delay = 1.83> <Storage> <Opcode : 'read' 'write' 'nbread' 'nbwrite'> <Ports = 0> <Width = 32> <Depth = 2> <FIFO>
ST_4 : Operation 774 [1/1] (0.00ns)   --->   "%out_mem_305 = extractvalue i14400 %call_ret1" [top_wrapper.cpp:123]   --->   Operation 774 'extractvalue' 'out_mem_305' <Predicate = true> <Delay = 0.00> <CoreInst = "FIFO_SRL">   --->   Core 80 'FIFO_SRL' <Latency = 0> <II = 1> <Delay = 1.83> <Storage> <Opcode : 'read' 'write' 'nbread' 'nbwrite'> <Ports = 0> <Width = 32> <Depth = 2> <FIFO>
ST_4 : Operation 775 [1/1] (0.00ns)   --->   "%out_mem_306 = extractvalue i14400 %call_ret1" [top_wrapper.cpp:123]   --->   Operation 775 'extractvalue' 'out_mem_306' <Predicate = true> <Delay = 0.00> <CoreInst = "FIFO_SRL">   --->   Core 80 'FIFO_SRL' <Latency = 0> <II = 1> <Delay = 1.83> <Storage> <Opcode : 'read' 'write' 'nbread' 'nbwrite'> <Ports = 0> <Width = 32> <Depth = 2> <FIFO>
ST_4 : Operation 776 [1/1] (0.00ns)   --->   "%out_mem_307 = extractvalue i14400 %call_ret1" [top_wrapper.cpp:123]   --->   Operation 776 'extractvalue' 'out_mem_307' <Predicate = true> <Delay = 0.00> <CoreInst = "FIFO_SRL">   --->   Core 80 'FIFO_SRL' <Latency = 0> <II = 1> <Delay = 1.83> <Storage> <Opcode : 'read' 'write' 'nbread' 'nbwrite'> <Ports = 0> <Width = 32> <Depth = 2> <FIFO>
ST_4 : Operation 777 [1/1] (0.00ns)   --->   "%out_mem_308 = extractvalue i14400 %call_ret1" [top_wrapper.cpp:123]   --->   Operation 777 'extractvalue' 'out_mem_308' <Predicate = true> <Delay = 0.00> <CoreInst = "FIFO_SRL">   --->   Core 80 'FIFO_SRL' <Latency = 0> <II = 1> <Delay = 1.83> <Storage> <Opcode : 'read' 'write' 'nbread' 'nbwrite'> <Ports = 0> <Width = 32> <Depth = 2> <FIFO>
ST_4 : Operation 778 [1/1] (0.00ns)   --->   "%out_mem_309 = extractvalue i14400 %call_ret1" [top_wrapper.cpp:123]   --->   Operation 778 'extractvalue' 'out_mem_309' <Predicate = true> <Delay = 0.00> <CoreInst = "FIFO_SRL">   --->   Core 80 'FIFO_SRL' <Latency = 0> <II = 1> <Delay = 1.83> <Storage> <Opcode : 'read' 'write' 'nbread' 'nbwrite'> <Ports = 0> <Width = 32> <Depth = 2> <FIFO>
ST_4 : Operation 779 [1/1] (0.00ns)   --->   "%out_mem_310 = extractvalue i14400 %call_ret1" [top_wrapper.cpp:123]   --->   Operation 779 'extractvalue' 'out_mem_310' <Predicate = true> <Delay = 0.00> <CoreInst = "FIFO_SRL">   --->   Core 80 'FIFO_SRL' <Latency = 0> <II = 1> <Delay = 1.83> <Storage> <Opcode : 'read' 'write' 'nbread' 'nbwrite'> <Ports = 0> <Width = 32> <Depth = 2> <FIFO>
ST_4 : Operation 780 [1/1] (0.00ns)   --->   "%out_mem_311 = extractvalue i14400 %call_ret1" [top_wrapper.cpp:123]   --->   Operation 780 'extractvalue' 'out_mem_311' <Predicate = true> <Delay = 0.00> <CoreInst = "FIFO_SRL">   --->   Core 80 'FIFO_SRL' <Latency = 0> <II = 1> <Delay = 1.83> <Storage> <Opcode : 'read' 'write' 'nbread' 'nbwrite'> <Ports = 0> <Width = 32> <Depth = 2> <FIFO>
ST_4 : Operation 781 [1/1] (0.00ns)   --->   "%out_mem_312 = extractvalue i14400 %call_ret1" [top_wrapper.cpp:123]   --->   Operation 781 'extractvalue' 'out_mem_312' <Predicate = true> <Delay = 0.00> <CoreInst = "FIFO_SRL">   --->   Core 80 'FIFO_SRL' <Latency = 0> <II = 1> <Delay = 1.83> <Storage> <Opcode : 'read' 'write' 'nbread' 'nbwrite'> <Ports = 0> <Width = 32> <Depth = 2> <FIFO>
ST_4 : Operation 782 [1/1] (0.00ns)   --->   "%out_mem_313 = extractvalue i14400 %call_ret1" [top_wrapper.cpp:123]   --->   Operation 782 'extractvalue' 'out_mem_313' <Predicate = true> <Delay = 0.00> <CoreInst = "FIFO_SRL">   --->   Core 80 'FIFO_SRL' <Latency = 0> <II = 1> <Delay = 1.83> <Storage> <Opcode : 'read' 'write' 'nbread' 'nbwrite'> <Ports = 0> <Width = 32> <Depth = 2> <FIFO>
ST_4 : Operation 783 [1/1] (0.00ns)   --->   "%out_mem_314 = extractvalue i14400 %call_ret1" [top_wrapper.cpp:123]   --->   Operation 783 'extractvalue' 'out_mem_314' <Predicate = true> <Delay = 0.00> <CoreInst = "FIFO_SRL">   --->   Core 80 'FIFO_SRL' <Latency = 0> <II = 1> <Delay = 1.83> <Storage> <Opcode : 'read' 'write' 'nbread' 'nbwrite'> <Ports = 0> <Width = 32> <Depth = 2> <FIFO>
ST_4 : Operation 784 [1/1] (0.00ns)   --->   "%out_mem_315 = extractvalue i14400 %call_ret1" [top_wrapper.cpp:123]   --->   Operation 784 'extractvalue' 'out_mem_315' <Predicate = true> <Delay = 0.00> <CoreInst = "FIFO_SRL">   --->   Core 80 'FIFO_SRL' <Latency = 0> <II = 1> <Delay = 1.83> <Storage> <Opcode : 'read' 'write' 'nbread' 'nbwrite'> <Ports = 0> <Width = 32> <Depth = 2> <FIFO>
ST_4 : Operation 785 [1/1] (0.00ns)   --->   "%out_mem_316 = extractvalue i14400 %call_ret1" [top_wrapper.cpp:123]   --->   Operation 785 'extractvalue' 'out_mem_316' <Predicate = true> <Delay = 0.00> <CoreInst = "FIFO_SRL">   --->   Core 80 'FIFO_SRL' <Latency = 0> <II = 1> <Delay = 1.83> <Storage> <Opcode : 'read' 'write' 'nbread' 'nbwrite'> <Ports = 0> <Width = 32> <Depth = 2> <FIFO>
ST_4 : Operation 786 [1/1] (0.00ns)   --->   "%out_mem_317 = extractvalue i14400 %call_ret1" [top_wrapper.cpp:123]   --->   Operation 786 'extractvalue' 'out_mem_317' <Predicate = true> <Delay = 0.00> <CoreInst = "FIFO_SRL">   --->   Core 80 'FIFO_SRL' <Latency = 0> <II = 1> <Delay = 1.83> <Storage> <Opcode : 'read' 'write' 'nbread' 'nbwrite'> <Ports = 0> <Width = 32> <Depth = 2> <FIFO>
ST_4 : Operation 787 [1/1] (0.00ns)   --->   "%out_mem_318 = extractvalue i14400 %call_ret1" [top_wrapper.cpp:123]   --->   Operation 787 'extractvalue' 'out_mem_318' <Predicate = true> <Delay = 0.00> <CoreInst = "FIFO_SRL">   --->   Core 80 'FIFO_SRL' <Latency = 0> <II = 1> <Delay = 1.83> <Storage> <Opcode : 'read' 'write' 'nbread' 'nbwrite'> <Ports = 0> <Width = 32> <Depth = 2> <FIFO>
ST_4 : Operation 788 [1/1] (0.00ns)   --->   "%out_mem_319 = extractvalue i14400 %call_ret1" [top_wrapper.cpp:123]   --->   Operation 788 'extractvalue' 'out_mem_319' <Predicate = true> <Delay = 0.00> <CoreInst = "FIFO_SRL">   --->   Core 80 'FIFO_SRL' <Latency = 0> <II = 1> <Delay = 1.83> <Storage> <Opcode : 'read' 'write' 'nbread' 'nbwrite'> <Ports = 0> <Width = 32> <Depth = 2> <FIFO>
ST_4 : Operation 789 [1/1] (0.00ns)   --->   "%out_mem_320 = extractvalue i14400 %call_ret1" [top_wrapper.cpp:123]   --->   Operation 789 'extractvalue' 'out_mem_320' <Predicate = true> <Delay = 0.00> <CoreInst = "FIFO_SRL">   --->   Core 80 'FIFO_SRL' <Latency = 0> <II = 1> <Delay = 1.83> <Storage> <Opcode : 'read' 'write' 'nbread' 'nbwrite'> <Ports = 0> <Width = 32> <Depth = 2> <FIFO>
ST_4 : Operation 790 [1/1] (0.00ns)   --->   "%out_mem_321 = extractvalue i14400 %call_ret1" [top_wrapper.cpp:123]   --->   Operation 790 'extractvalue' 'out_mem_321' <Predicate = true> <Delay = 0.00> <CoreInst = "FIFO_SRL">   --->   Core 80 'FIFO_SRL' <Latency = 0> <II = 1> <Delay = 1.83> <Storage> <Opcode : 'read' 'write' 'nbread' 'nbwrite'> <Ports = 0> <Width = 32> <Depth = 2> <FIFO>
ST_4 : Operation 791 [1/1] (0.00ns)   --->   "%out_mem_322 = extractvalue i14400 %call_ret1" [top_wrapper.cpp:123]   --->   Operation 791 'extractvalue' 'out_mem_322' <Predicate = true> <Delay = 0.00> <CoreInst = "FIFO_SRL">   --->   Core 80 'FIFO_SRL' <Latency = 0> <II = 1> <Delay = 1.83> <Storage> <Opcode : 'read' 'write' 'nbread' 'nbwrite'> <Ports = 0> <Width = 32> <Depth = 2> <FIFO>
ST_4 : Operation 792 [1/1] (0.00ns)   --->   "%out_mem_323 = extractvalue i14400 %call_ret1" [top_wrapper.cpp:123]   --->   Operation 792 'extractvalue' 'out_mem_323' <Predicate = true> <Delay = 0.00> <CoreInst = "FIFO_SRL">   --->   Core 80 'FIFO_SRL' <Latency = 0> <II = 1> <Delay = 1.83> <Storage> <Opcode : 'read' 'write' 'nbread' 'nbwrite'> <Ports = 0> <Width = 32> <Depth = 2> <FIFO>
ST_4 : Operation 793 [1/1] (0.00ns)   --->   "%out_mem_324 = extractvalue i14400 %call_ret1" [top_wrapper.cpp:123]   --->   Operation 793 'extractvalue' 'out_mem_324' <Predicate = true> <Delay = 0.00> <CoreInst = "FIFO_SRL">   --->   Core 80 'FIFO_SRL' <Latency = 0> <II = 1> <Delay = 1.83> <Storage> <Opcode : 'read' 'write' 'nbread' 'nbwrite'> <Ports = 0> <Width = 32> <Depth = 2> <FIFO>
ST_4 : Operation 794 [1/1] (0.00ns)   --->   "%out_mem_325 = extractvalue i14400 %call_ret1" [top_wrapper.cpp:123]   --->   Operation 794 'extractvalue' 'out_mem_325' <Predicate = true> <Delay = 0.00> <CoreInst = "FIFO_SRL">   --->   Core 80 'FIFO_SRL' <Latency = 0> <II = 1> <Delay = 1.83> <Storage> <Opcode : 'read' 'write' 'nbread' 'nbwrite'> <Ports = 0> <Width = 32> <Depth = 2> <FIFO>
ST_4 : Operation 795 [1/1] (0.00ns)   --->   "%out_mem_326 = extractvalue i14400 %call_ret1" [top_wrapper.cpp:123]   --->   Operation 795 'extractvalue' 'out_mem_326' <Predicate = true> <Delay = 0.00> <CoreInst = "FIFO_SRL">   --->   Core 80 'FIFO_SRL' <Latency = 0> <II = 1> <Delay = 1.83> <Storage> <Opcode : 'read' 'write' 'nbread' 'nbwrite'> <Ports = 0> <Width = 32> <Depth = 2> <FIFO>
ST_4 : Operation 796 [1/1] (0.00ns)   --->   "%out_mem_327 = extractvalue i14400 %call_ret1" [top_wrapper.cpp:123]   --->   Operation 796 'extractvalue' 'out_mem_327' <Predicate = true> <Delay = 0.00> <CoreInst = "FIFO_SRL">   --->   Core 80 'FIFO_SRL' <Latency = 0> <II = 1> <Delay = 1.83> <Storage> <Opcode : 'read' 'write' 'nbread' 'nbwrite'> <Ports = 0> <Width = 32> <Depth = 2> <FIFO>
ST_4 : Operation 797 [1/1] (0.00ns)   --->   "%out_mem_328 = extractvalue i14400 %call_ret1" [top_wrapper.cpp:123]   --->   Operation 797 'extractvalue' 'out_mem_328' <Predicate = true> <Delay = 0.00> <CoreInst = "FIFO_SRL">   --->   Core 80 'FIFO_SRL' <Latency = 0> <II = 1> <Delay = 1.83> <Storage> <Opcode : 'read' 'write' 'nbread' 'nbwrite'> <Ports = 0> <Width = 32> <Depth = 2> <FIFO>
ST_4 : Operation 798 [1/1] (0.00ns)   --->   "%out_mem_329 = extractvalue i14400 %call_ret1" [top_wrapper.cpp:123]   --->   Operation 798 'extractvalue' 'out_mem_329' <Predicate = true> <Delay = 0.00> <CoreInst = "FIFO_SRL">   --->   Core 80 'FIFO_SRL' <Latency = 0> <II = 1> <Delay = 1.83> <Storage> <Opcode : 'read' 'write' 'nbread' 'nbwrite'> <Ports = 0> <Width = 32> <Depth = 2> <FIFO>
ST_4 : Operation 799 [1/1] (0.00ns)   --->   "%out_mem_330 = extractvalue i14400 %call_ret1" [top_wrapper.cpp:123]   --->   Operation 799 'extractvalue' 'out_mem_330' <Predicate = true> <Delay = 0.00> <CoreInst = "FIFO_SRL">   --->   Core 80 'FIFO_SRL' <Latency = 0> <II = 1> <Delay = 1.83> <Storage> <Opcode : 'read' 'write' 'nbread' 'nbwrite'> <Ports = 0> <Width = 32> <Depth = 2> <FIFO>
ST_4 : Operation 800 [1/1] (0.00ns)   --->   "%out_mem_331 = extractvalue i14400 %call_ret1" [top_wrapper.cpp:123]   --->   Operation 800 'extractvalue' 'out_mem_331' <Predicate = true> <Delay = 0.00> <CoreInst = "FIFO_SRL">   --->   Core 80 'FIFO_SRL' <Latency = 0> <II = 1> <Delay = 1.83> <Storage> <Opcode : 'read' 'write' 'nbread' 'nbwrite'> <Ports = 0> <Width = 32> <Depth = 2> <FIFO>
ST_4 : Operation 801 [1/1] (0.00ns)   --->   "%out_mem_332 = extractvalue i14400 %call_ret1" [top_wrapper.cpp:123]   --->   Operation 801 'extractvalue' 'out_mem_332' <Predicate = true> <Delay = 0.00> <CoreInst = "FIFO_SRL">   --->   Core 80 'FIFO_SRL' <Latency = 0> <II = 1> <Delay = 1.83> <Storage> <Opcode : 'read' 'write' 'nbread' 'nbwrite'> <Ports = 0> <Width = 32> <Depth = 2> <FIFO>
ST_4 : Operation 802 [1/1] (0.00ns)   --->   "%out_mem_333 = extractvalue i14400 %call_ret1" [top_wrapper.cpp:123]   --->   Operation 802 'extractvalue' 'out_mem_333' <Predicate = true> <Delay = 0.00> <CoreInst = "FIFO_SRL">   --->   Core 80 'FIFO_SRL' <Latency = 0> <II = 1> <Delay = 1.83> <Storage> <Opcode : 'read' 'write' 'nbread' 'nbwrite'> <Ports = 0> <Width = 32> <Depth = 2> <FIFO>
ST_4 : Operation 803 [1/1] (0.00ns)   --->   "%out_mem_334 = extractvalue i14400 %call_ret1" [top_wrapper.cpp:123]   --->   Operation 803 'extractvalue' 'out_mem_334' <Predicate = true> <Delay = 0.00> <CoreInst = "FIFO_SRL">   --->   Core 80 'FIFO_SRL' <Latency = 0> <II = 1> <Delay = 1.83> <Storage> <Opcode : 'read' 'write' 'nbread' 'nbwrite'> <Ports = 0> <Width = 32> <Depth = 2> <FIFO>
ST_4 : Operation 804 [1/1] (0.00ns)   --->   "%out_mem_335 = extractvalue i14400 %call_ret1" [top_wrapper.cpp:123]   --->   Operation 804 'extractvalue' 'out_mem_335' <Predicate = true> <Delay = 0.00> <CoreInst = "FIFO_SRL">   --->   Core 80 'FIFO_SRL' <Latency = 0> <II = 1> <Delay = 1.83> <Storage> <Opcode : 'read' 'write' 'nbread' 'nbwrite'> <Ports = 0> <Width = 32> <Depth = 2> <FIFO>
ST_4 : Operation 805 [1/1] (0.00ns)   --->   "%out_mem_336 = extractvalue i14400 %call_ret1" [top_wrapper.cpp:123]   --->   Operation 805 'extractvalue' 'out_mem_336' <Predicate = true> <Delay = 0.00> <CoreInst = "FIFO_SRL">   --->   Core 80 'FIFO_SRL' <Latency = 0> <II = 1> <Delay = 1.83> <Storage> <Opcode : 'read' 'write' 'nbread' 'nbwrite'> <Ports = 0> <Width = 32> <Depth = 2> <FIFO>
ST_4 : Operation 806 [1/1] (0.00ns)   --->   "%out_mem_337 = extractvalue i14400 %call_ret1" [top_wrapper.cpp:123]   --->   Operation 806 'extractvalue' 'out_mem_337' <Predicate = true> <Delay = 0.00> <CoreInst = "FIFO_SRL">   --->   Core 80 'FIFO_SRL' <Latency = 0> <II = 1> <Delay = 1.83> <Storage> <Opcode : 'read' 'write' 'nbread' 'nbwrite'> <Ports = 0> <Width = 32> <Depth = 2> <FIFO>
ST_4 : Operation 807 [1/1] (0.00ns)   --->   "%out_mem_338 = extractvalue i14400 %call_ret1" [top_wrapper.cpp:123]   --->   Operation 807 'extractvalue' 'out_mem_338' <Predicate = true> <Delay = 0.00> <CoreInst = "FIFO_SRL">   --->   Core 80 'FIFO_SRL' <Latency = 0> <II = 1> <Delay = 1.83> <Storage> <Opcode : 'read' 'write' 'nbread' 'nbwrite'> <Ports = 0> <Width = 32> <Depth = 2> <FIFO>
ST_4 : Operation 808 [1/1] (0.00ns)   --->   "%out_mem_339 = extractvalue i14400 %call_ret1" [top_wrapper.cpp:123]   --->   Operation 808 'extractvalue' 'out_mem_339' <Predicate = true> <Delay = 0.00> <CoreInst = "FIFO_SRL">   --->   Core 80 'FIFO_SRL' <Latency = 0> <II = 1> <Delay = 1.83> <Storage> <Opcode : 'read' 'write' 'nbread' 'nbwrite'> <Ports = 0> <Width = 32> <Depth = 2> <FIFO>
ST_4 : Operation 809 [1/1] (0.00ns)   --->   "%out_mem_340 = extractvalue i14400 %call_ret1" [top_wrapper.cpp:123]   --->   Operation 809 'extractvalue' 'out_mem_340' <Predicate = true> <Delay = 0.00> <CoreInst = "FIFO_SRL">   --->   Core 80 'FIFO_SRL' <Latency = 0> <II = 1> <Delay = 1.83> <Storage> <Opcode : 'read' 'write' 'nbread' 'nbwrite'> <Ports = 0> <Width = 32> <Depth = 2> <FIFO>
ST_4 : Operation 810 [1/1] (0.00ns)   --->   "%out_mem_341 = extractvalue i14400 %call_ret1" [top_wrapper.cpp:123]   --->   Operation 810 'extractvalue' 'out_mem_341' <Predicate = true> <Delay = 0.00> <CoreInst = "FIFO_SRL">   --->   Core 80 'FIFO_SRL' <Latency = 0> <II = 1> <Delay = 1.83> <Storage> <Opcode : 'read' 'write' 'nbread' 'nbwrite'> <Ports = 0> <Width = 32> <Depth = 2> <FIFO>
ST_4 : Operation 811 [1/1] (0.00ns)   --->   "%out_mem_342 = extractvalue i14400 %call_ret1" [top_wrapper.cpp:123]   --->   Operation 811 'extractvalue' 'out_mem_342' <Predicate = true> <Delay = 0.00> <CoreInst = "FIFO_SRL">   --->   Core 80 'FIFO_SRL' <Latency = 0> <II = 1> <Delay = 1.83> <Storage> <Opcode : 'read' 'write' 'nbread' 'nbwrite'> <Ports = 0> <Width = 32> <Depth = 2> <FIFO>
ST_4 : Operation 812 [1/1] (0.00ns)   --->   "%out_mem_343 = extractvalue i14400 %call_ret1" [top_wrapper.cpp:123]   --->   Operation 812 'extractvalue' 'out_mem_343' <Predicate = true> <Delay = 0.00> <CoreInst = "FIFO_SRL">   --->   Core 80 'FIFO_SRL' <Latency = 0> <II = 1> <Delay = 1.83> <Storage> <Opcode : 'read' 'write' 'nbread' 'nbwrite'> <Ports = 0> <Width = 32> <Depth = 2> <FIFO>
ST_4 : Operation 813 [1/1] (0.00ns)   --->   "%out_mem_344 = extractvalue i14400 %call_ret1" [top_wrapper.cpp:123]   --->   Operation 813 'extractvalue' 'out_mem_344' <Predicate = true> <Delay = 0.00> <CoreInst = "FIFO_SRL">   --->   Core 80 'FIFO_SRL' <Latency = 0> <II = 1> <Delay = 1.83> <Storage> <Opcode : 'read' 'write' 'nbread' 'nbwrite'> <Ports = 0> <Width = 32> <Depth = 2> <FIFO>
ST_4 : Operation 814 [1/1] (0.00ns)   --->   "%out_mem_345 = extractvalue i14400 %call_ret1" [top_wrapper.cpp:123]   --->   Operation 814 'extractvalue' 'out_mem_345' <Predicate = true> <Delay = 0.00> <CoreInst = "FIFO_SRL">   --->   Core 80 'FIFO_SRL' <Latency = 0> <II = 1> <Delay = 1.83> <Storage> <Opcode : 'read' 'write' 'nbread' 'nbwrite'> <Ports = 0> <Width = 32> <Depth = 2> <FIFO>
ST_4 : Operation 815 [1/1] (0.00ns)   --->   "%out_mem_346 = extractvalue i14400 %call_ret1" [top_wrapper.cpp:123]   --->   Operation 815 'extractvalue' 'out_mem_346' <Predicate = true> <Delay = 0.00> <CoreInst = "FIFO_SRL">   --->   Core 80 'FIFO_SRL' <Latency = 0> <II = 1> <Delay = 1.83> <Storage> <Opcode : 'read' 'write' 'nbread' 'nbwrite'> <Ports = 0> <Width = 32> <Depth = 2> <FIFO>
ST_4 : Operation 816 [1/1] (0.00ns)   --->   "%out_mem_347 = extractvalue i14400 %call_ret1" [top_wrapper.cpp:123]   --->   Operation 816 'extractvalue' 'out_mem_347' <Predicate = true> <Delay = 0.00> <CoreInst = "FIFO_SRL">   --->   Core 80 'FIFO_SRL' <Latency = 0> <II = 1> <Delay = 1.83> <Storage> <Opcode : 'read' 'write' 'nbread' 'nbwrite'> <Ports = 0> <Width = 32> <Depth = 2> <FIFO>
ST_4 : Operation 817 [1/1] (0.00ns)   --->   "%out_mem_348 = extractvalue i14400 %call_ret1" [top_wrapper.cpp:123]   --->   Operation 817 'extractvalue' 'out_mem_348' <Predicate = true> <Delay = 0.00> <CoreInst = "FIFO_SRL">   --->   Core 80 'FIFO_SRL' <Latency = 0> <II = 1> <Delay = 1.83> <Storage> <Opcode : 'read' 'write' 'nbread' 'nbwrite'> <Ports = 0> <Width = 32> <Depth = 2> <FIFO>
ST_4 : Operation 818 [1/1] (0.00ns)   --->   "%out_mem_349 = extractvalue i14400 %call_ret1" [top_wrapper.cpp:123]   --->   Operation 818 'extractvalue' 'out_mem_349' <Predicate = true> <Delay = 0.00> <CoreInst = "FIFO_SRL">   --->   Core 80 'FIFO_SRL' <Latency = 0> <II = 1> <Delay = 1.83> <Storage> <Opcode : 'read' 'write' 'nbread' 'nbwrite'> <Ports = 0> <Width = 32> <Depth = 2> <FIFO>
ST_4 : Operation 819 [1/1] (0.00ns)   --->   "%out_mem_350 = extractvalue i14400 %call_ret1" [top_wrapper.cpp:123]   --->   Operation 819 'extractvalue' 'out_mem_350' <Predicate = true> <Delay = 0.00> <CoreInst = "FIFO_SRL">   --->   Core 80 'FIFO_SRL' <Latency = 0> <II = 1> <Delay = 1.83> <Storage> <Opcode : 'read' 'write' 'nbread' 'nbwrite'> <Ports = 0> <Width = 32> <Depth = 2> <FIFO>
ST_4 : Operation 820 [1/1] (0.00ns)   --->   "%out_mem_351 = extractvalue i14400 %call_ret1" [top_wrapper.cpp:123]   --->   Operation 820 'extractvalue' 'out_mem_351' <Predicate = true> <Delay = 0.00> <CoreInst = "FIFO_SRL">   --->   Core 80 'FIFO_SRL' <Latency = 0> <II = 1> <Delay = 1.83> <Storage> <Opcode : 'read' 'write' 'nbread' 'nbwrite'> <Ports = 0> <Width = 32> <Depth = 2> <FIFO>
ST_4 : Operation 821 [1/1] (0.00ns)   --->   "%out_mem_352 = extractvalue i14400 %call_ret1" [top_wrapper.cpp:123]   --->   Operation 821 'extractvalue' 'out_mem_352' <Predicate = true> <Delay = 0.00> <CoreInst = "FIFO_SRL">   --->   Core 80 'FIFO_SRL' <Latency = 0> <II = 1> <Delay = 1.83> <Storage> <Opcode : 'read' 'write' 'nbread' 'nbwrite'> <Ports = 0> <Width = 32> <Depth = 2> <FIFO>
ST_4 : Operation 822 [1/1] (0.00ns)   --->   "%out_mem_353 = extractvalue i14400 %call_ret1" [top_wrapper.cpp:123]   --->   Operation 822 'extractvalue' 'out_mem_353' <Predicate = true> <Delay = 0.00> <CoreInst = "FIFO_SRL">   --->   Core 80 'FIFO_SRL' <Latency = 0> <II = 1> <Delay = 1.83> <Storage> <Opcode : 'read' 'write' 'nbread' 'nbwrite'> <Ports = 0> <Width = 32> <Depth = 2> <FIFO>
ST_4 : Operation 823 [1/1] (0.00ns)   --->   "%out_mem_354 = extractvalue i14400 %call_ret1" [top_wrapper.cpp:123]   --->   Operation 823 'extractvalue' 'out_mem_354' <Predicate = true> <Delay = 0.00> <CoreInst = "FIFO_SRL">   --->   Core 80 'FIFO_SRL' <Latency = 0> <II = 1> <Delay = 1.83> <Storage> <Opcode : 'read' 'write' 'nbread' 'nbwrite'> <Ports = 0> <Width = 32> <Depth = 2> <FIFO>
ST_4 : Operation 824 [1/1] (0.00ns)   --->   "%out_mem_355 = extractvalue i14400 %call_ret1" [top_wrapper.cpp:123]   --->   Operation 824 'extractvalue' 'out_mem_355' <Predicate = true> <Delay = 0.00> <CoreInst = "FIFO_SRL">   --->   Core 80 'FIFO_SRL' <Latency = 0> <II = 1> <Delay = 1.83> <Storage> <Opcode : 'read' 'write' 'nbread' 'nbwrite'> <Ports = 0> <Width = 32> <Depth = 2> <FIFO>
ST_4 : Operation 825 [1/1] (0.00ns)   --->   "%out_mem_356 = extractvalue i14400 %call_ret1" [top_wrapper.cpp:123]   --->   Operation 825 'extractvalue' 'out_mem_356' <Predicate = true> <Delay = 0.00> <CoreInst = "FIFO_SRL">   --->   Core 80 'FIFO_SRL' <Latency = 0> <II = 1> <Delay = 1.83> <Storage> <Opcode : 'read' 'write' 'nbread' 'nbwrite'> <Ports = 0> <Width = 32> <Depth = 2> <FIFO>
ST_4 : Operation 826 [1/1] (0.00ns)   --->   "%out_mem_357 = extractvalue i14400 %call_ret1" [top_wrapper.cpp:123]   --->   Operation 826 'extractvalue' 'out_mem_357' <Predicate = true> <Delay = 0.00> <CoreInst = "FIFO_SRL">   --->   Core 80 'FIFO_SRL' <Latency = 0> <II = 1> <Delay = 1.83> <Storage> <Opcode : 'read' 'write' 'nbread' 'nbwrite'> <Ports = 0> <Width = 32> <Depth = 2> <FIFO>
ST_4 : Operation 827 [1/1] (0.00ns)   --->   "%out_mem_358 = extractvalue i14400 %call_ret1" [top_wrapper.cpp:123]   --->   Operation 827 'extractvalue' 'out_mem_358' <Predicate = true> <Delay = 0.00> <CoreInst = "FIFO_SRL">   --->   Core 80 'FIFO_SRL' <Latency = 0> <II = 1> <Delay = 1.83> <Storage> <Opcode : 'read' 'write' 'nbread' 'nbwrite'> <Ports = 0> <Width = 32> <Depth = 2> <FIFO>
ST_4 : Operation 828 [1/1] (0.00ns)   --->   "%out_mem_359 = extractvalue i14400 %call_ret1" [top_wrapper.cpp:123]   --->   Operation 828 'extractvalue' 'out_mem_359' <Predicate = true> <Delay = 0.00> <CoreInst = "FIFO_SRL">   --->   Core 80 'FIFO_SRL' <Latency = 0> <II = 1> <Delay = 1.83> <Storage> <Opcode : 'read' 'write' 'nbread' 'nbwrite'> <Ports = 0> <Width = 32> <Depth = 2> <FIFO>
ST_4 : Operation 829 [1/1] (0.00ns)   --->   "%out_mem_360 = extractvalue i14400 %call_ret1" [top_wrapper.cpp:123]   --->   Operation 829 'extractvalue' 'out_mem_360' <Predicate = true> <Delay = 0.00> <CoreInst = "FIFO_SRL">   --->   Core 80 'FIFO_SRL' <Latency = 0> <II = 1> <Delay = 1.83> <Storage> <Opcode : 'read' 'write' 'nbread' 'nbwrite'> <Ports = 0> <Width = 32> <Depth = 2> <FIFO>
ST_4 : Operation 830 [1/1] (0.00ns)   --->   "%out_mem_361 = extractvalue i14400 %call_ret1" [top_wrapper.cpp:123]   --->   Operation 830 'extractvalue' 'out_mem_361' <Predicate = true> <Delay = 0.00> <CoreInst = "FIFO_SRL">   --->   Core 80 'FIFO_SRL' <Latency = 0> <II = 1> <Delay = 1.83> <Storage> <Opcode : 'read' 'write' 'nbread' 'nbwrite'> <Ports = 0> <Width = 32> <Depth = 2> <FIFO>
ST_4 : Operation 831 [1/1] (0.00ns)   --->   "%out_mem_362 = extractvalue i14400 %call_ret1" [top_wrapper.cpp:123]   --->   Operation 831 'extractvalue' 'out_mem_362' <Predicate = true> <Delay = 0.00> <CoreInst = "FIFO_SRL">   --->   Core 80 'FIFO_SRL' <Latency = 0> <II = 1> <Delay = 1.83> <Storage> <Opcode : 'read' 'write' 'nbread' 'nbwrite'> <Ports = 0> <Width = 32> <Depth = 2> <FIFO>
ST_4 : Operation 832 [1/1] (0.00ns)   --->   "%out_mem_363 = extractvalue i14400 %call_ret1" [top_wrapper.cpp:123]   --->   Operation 832 'extractvalue' 'out_mem_363' <Predicate = true> <Delay = 0.00> <CoreInst = "FIFO_SRL">   --->   Core 80 'FIFO_SRL' <Latency = 0> <II = 1> <Delay = 1.83> <Storage> <Opcode : 'read' 'write' 'nbread' 'nbwrite'> <Ports = 0> <Width = 32> <Depth = 2> <FIFO>
ST_4 : Operation 833 [1/1] (0.00ns)   --->   "%out_mem_364 = extractvalue i14400 %call_ret1" [top_wrapper.cpp:123]   --->   Operation 833 'extractvalue' 'out_mem_364' <Predicate = true> <Delay = 0.00> <CoreInst = "FIFO_SRL">   --->   Core 80 'FIFO_SRL' <Latency = 0> <II = 1> <Delay = 1.83> <Storage> <Opcode : 'read' 'write' 'nbread' 'nbwrite'> <Ports = 0> <Width = 32> <Depth = 2> <FIFO>
ST_4 : Operation 834 [1/1] (0.00ns)   --->   "%out_mem_365 = extractvalue i14400 %call_ret1" [top_wrapper.cpp:123]   --->   Operation 834 'extractvalue' 'out_mem_365' <Predicate = true> <Delay = 0.00> <CoreInst = "FIFO_SRL">   --->   Core 80 'FIFO_SRL' <Latency = 0> <II = 1> <Delay = 1.83> <Storage> <Opcode : 'read' 'write' 'nbread' 'nbwrite'> <Ports = 0> <Width = 32> <Depth = 2> <FIFO>
ST_4 : Operation 835 [1/1] (0.00ns)   --->   "%out_mem_366 = extractvalue i14400 %call_ret1" [top_wrapper.cpp:123]   --->   Operation 835 'extractvalue' 'out_mem_366' <Predicate = true> <Delay = 0.00> <CoreInst = "FIFO_SRL">   --->   Core 80 'FIFO_SRL' <Latency = 0> <II = 1> <Delay = 1.83> <Storage> <Opcode : 'read' 'write' 'nbread' 'nbwrite'> <Ports = 0> <Width = 32> <Depth = 2> <FIFO>
ST_4 : Operation 836 [1/1] (0.00ns)   --->   "%out_mem_367 = extractvalue i14400 %call_ret1" [top_wrapper.cpp:123]   --->   Operation 836 'extractvalue' 'out_mem_367' <Predicate = true> <Delay = 0.00> <CoreInst = "FIFO_SRL">   --->   Core 80 'FIFO_SRL' <Latency = 0> <II = 1> <Delay = 1.83> <Storage> <Opcode : 'read' 'write' 'nbread' 'nbwrite'> <Ports = 0> <Width = 32> <Depth = 2> <FIFO>
ST_4 : Operation 837 [1/1] (0.00ns)   --->   "%out_mem_368 = extractvalue i14400 %call_ret1" [top_wrapper.cpp:123]   --->   Operation 837 'extractvalue' 'out_mem_368' <Predicate = true> <Delay = 0.00> <CoreInst = "FIFO_SRL">   --->   Core 80 'FIFO_SRL' <Latency = 0> <II = 1> <Delay = 1.83> <Storage> <Opcode : 'read' 'write' 'nbread' 'nbwrite'> <Ports = 0> <Width = 32> <Depth = 2> <FIFO>
ST_4 : Operation 838 [1/1] (0.00ns)   --->   "%out_mem_369 = extractvalue i14400 %call_ret1" [top_wrapper.cpp:123]   --->   Operation 838 'extractvalue' 'out_mem_369' <Predicate = true> <Delay = 0.00> <CoreInst = "FIFO_SRL">   --->   Core 80 'FIFO_SRL' <Latency = 0> <II = 1> <Delay = 1.83> <Storage> <Opcode : 'read' 'write' 'nbread' 'nbwrite'> <Ports = 0> <Width = 32> <Depth = 2> <FIFO>
ST_4 : Operation 839 [1/1] (0.00ns)   --->   "%out_mem_370 = extractvalue i14400 %call_ret1" [top_wrapper.cpp:123]   --->   Operation 839 'extractvalue' 'out_mem_370' <Predicate = true> <Delay = 0.00> <CoreInst = "FIFO_SRL">   --->   Core 80 'FIFO_SRL' <Latency = 0> <II = 1> <Delay = 1.83> <Storage> <Opcode : 'read' 'write' 'nbread' 'nbwrite'> <Ports = 0> <Width = 32> <Depth = 2> <FIFO>
ST_4 : Operation 840 [1/1] (0.00ns)   --->   "%out_mem_371 = extractvalue i14400 %call_ret1" [top_wrapper.cpp:123]   --->   Operation 840 'extractvalue' 'out_mem_371' <Predicate = true> <Delay = 0.00> <CoreInst = "FIFO_SRL">   --->   Core 80 'FIFO_SRL' <Latency = 0> <II = 1> <Delay = 1.83> <Storage> <Opcode : 'read' 'write' 'nbread' 'nbwrite'> <Ports = 0> <Width = 32> <Depth = 2> <FIFO>
ST_4 : Operation 841 [1/1] (0.00ns)   --->   "%out_mem_372 = extractvalue i14400 %call_ret1" [top_wrapper.cpp:123]   --->   Operation 841 'extractvalue' 'out_mem_372' <Predicate = true> <Delay = 0.00> <CoreInst = "FIFO_SRL">   --->   Core 80 'FIFO_SRL' <Latency = 0> <II = 1> <Delay = 1.83> <Storage> <Opcode : 'read' 'write' 'nbread' 'nbwrite'> <Ports = 0> <Width = 32> <Depth = 2> <FIFO>
ST_4 : Operation 842 [1/1] (0.00ns)   --->   "%out_mem_373 = extractvalue i14400 %call_ret1" [top_wrapper.cpp:123]   --->   Operation 842 'extractvalue' 'out_mem_373' <Predicate = true> <Delay = 0.00> <CoreInst = "FIFO_SRL">   --->   Core 80 'FIFO_SRL' <Latency = 0> <II = 1> <Delay = 1.83> <Storage> <Opcode : 'read' 'write' 'nbread' 'nbwrite'> <Ports = 0> <Width = 32> <Depth = 2> <FIFO>
ST_4 : Operation 843 [1/1] (0.00ns)   --->   "%out_mem_374 = extractvalue i14400 %call_ret1" [top_wrapper.cpp:123]   --->   Operation 843 'extractvalue' 'out_mem_374' <Predicate = true> <Delay = 0.00> <CoreInst = "FIFO_SRL">   --->   Core 80 'FIFO_SRL' <Latency = 0> <II = 1> <Delay = 1.83> <Storage> <Opcode : 'read' 'write' 'nbread' 'nbwrite'> <Ports = 0> <Width = 32> <Depth = 2> <FIFO>
ST_4 : Operation 844 [1/1] (0.00ns)   --->   "%out_mem_375 = extractvalue i14400 %call_ret1" [top_wrapper.cpp:123]   --->   Operation 844 'extractvalue' 'out_mem_375' <Predicate = true> <Delay = 0.00> <CoreInst = "FIFO_SRL">   --->   Core 80 'FIFO_SRL' <Latency = 0> <II = 1> <Delay = 1.83> <Storage> <Opcode : 'read' 'write' 'nbread' 'nbwrite'> <Ports = 0> <Width = 32> <Depth = 2> <FIFO>
ST_4 : Operation 845 [1/1] (0.00ns)   --->   "%out_mem_376 = extractvalue i14400 %call_ret1" [top_wrapper.cpp:123]   --->   Operation 845 'extractvalue' 'out_mem_376' <Predicate = true> <Delay = 0.00> <CoreInst = "FIFO_SRL">   --->   Core 80 'FIFO_SRL' <Latency = 0> <II = 1> <Delay = 1.83> <Storage> <Opcode : 'read' 'write' 'nbread' 'nbwrite'> <Ports = 0> <Width = 32> <Depth = 2> <FIFO>
ST_4 : Operation 846 [1/1] (0.00ns)   --->   "%out_mem_377 = extractvalue i14400 %call_ret1" [top_wrapper.cpp:123]   --->   Operation 846 'extractvalue' 'out_mem_377' <Predicate = true> <Delay = 0.00> <CoreInst = "FIFO_SRL">   --->   Core 80 'FIFO_SRL' <Latency = 0> <II = 1> <Delay = 1.83> <Storage> <Opcode : 'read' 'write' 'nbread' 'nbwrite'> <Ports = 0> <Width = 32> <Depth = 2> <FIFO>
ST_4 : Operation 847 [1/1] (0.00ns)   --->   "%out_mem_378 = extractvalue i14400 %call_ret1" [top_wrapper.cpp:123]   --->   Operation 847 'extractvalue' 'out_mem_378' <Predicate = true> <Delay = 0.00> <CoreInst = "FIFO_SRL">   --->   Core 80 'FIFO_SRL' <Latency = 0> <II = 1> <Delay = 1.83> <Storage> <Opcode : 'read' 'write' 'nbread' 'nbwrite'> <Ports = 0> <Width = 32> <Depth = 2> <FIFO>
ST_4 : Operation 848 [1/1] (0.00ns)   --->   "%out_mem_379 = extractvalue i14400 %call_ret1" [top_wrapper.cpp:123]   --->   Operation 848 'extractvalue' 'out_mem_379' <Predicate = true> <Delay = 0.00> <CoreInst = "FIFO_SRL">   --->   Core 80 'FIFO_SRL' <Latency = 0> <II = 1> <Delay = 1.83> <Storage> <Opcode : 'read' 'write' 'nbread' 'nbwrite'> <Ports = 0> <Width = 32> <Depth = 2> <FIFO>
ST_4 : Operation 849 [1/1] (0.00ns)   --->   "%out_mem_380 = extractvalue i14400 %call_ret1" [top_wrapper.cpp:123]   --->   Operation 849 'extractvalue' 'out_mem_380' <Predicate = true> <Delay = 0.00> <CoreInst = "FIFO_SRL">   --->   Core 80 'FIFO_SRL' <Latency = 0> <II = 1> <Delay = 1.83> <Storage> <Opcode : 'read' 'write' 'nbread' 'nbwrite'> <Ports = 0> <Width = 32> <Depth = 2> <FIFO>
ST_4 : Operation 850 [1/1] (0.00ns)   --->   "%out_mem_381 = extractvalue i14400 %call_ret1" [top_wrapper.cpp:123]   --->   Operation 850 'extractvalue' 'out_mem_381' <Predicate = true> <Delay = 0.00> <CoreInst = "FIFO_SRL">   --->   Core 80 'FIFO_SRL' <Latency = 0> <II = 1> <Delay = 1.83> <Storage> <Opcode : 'read' 'write' 'nbread' 'nbwrite'> <Ports = 0> <Width = 32> <Depth = 2> <FIFO>
ST_4 : Operation 851 [1/1] (0.00ns)   --->   "%out_mem_382 = extractvalue i14400 %call_ret1" [top_wrapper.cpp:123]   --->   Operation 851 'extractvalue' 'out_mem_382' <Predicate = true> <Delay = 0.00> <CoreInst = "FIFO_SRL">   --->   Core 80 'FIFO_SRL' <Latency = 0> <II = 1> <Delay = 1.83> <Storage> <Opcode : 'read' 'write' 'nbread' 'nbwrite'> <Ports = 0> <Width = 32> <Depth = 2> <FIFO>
ST_4 : Operation 852 [1/1] (0.00ns)   --->   "%out_mem_383 = extractvalue i14400 %call_ret1" [top_wrapper.cpp:123]   --->   Operation 852 'extractvalue' 'out_mem_383' <Predicate = true> <Delay = 0.00> <CoreInst = "FIFO_SRL">   --->   Core 80 'FIFO_SRL' <Latency = 0> <II = 1> <Delay = 1.83> <Storage> <Opcode : 'read' 'write' 'nbread' 'nbwrite'> <Ports = 0> <Width = 32> <Depth = 2> <FIFO>
ST_4 : Operation 853 [1/1] (0.00ns)   --->   "%out_mem_384 = extractvalue i14400 %call_ret1" [top_wrapper.cpp:123]   --->   Operation 853 'extractvalue' 'out_mem_384' <Predicate = true> <Delay = 0.00> <CoreInst = "FIFO_SRL">   --->   Core 80 'FIFO_SRL' <Latency = 0> <II = 1> <Delay = 1.83> <Storage> <Opcode : 'read' 'write' 'nbread' 'nbwrite'> <Ports = 0> <Width = 32> <Depth = 2> <FIFO>
ST_4 : Operation 854 [1/1] (0.00ns)   --->   "%out_mem_385 = extractvalue i14400 %call_ret1" [top_wrapper.cpp:123]   --->   Operation 854 'extractvalue' 'out_mem_385' <Predicate = true> <Delay = 0.00> <CoreInst = "FIFO_SRL">   --->   Core 80 'FIFO_SRL' <Latency = 0> <II = 1> <Delay = 1.83> <Storage> <Opcode : 'read' 'write' 'nbread' 'nbwrite'> <Ports = 0> <Width = 32> <Depth = 2> <FIFO>
ST_4 : Operation 855 [1/1] (0.00ns)   --->   "%out_mem_386 = extractvalue i14400 %call_ret1" [top_wrapper.cpp:123]   --->   Operation 855 'extractvalue' 'out_mem_386' <Predicate = true> <Delay = 0.00> <CoreInst = "FIFO_SRL">   --->   Core 80 'FIFO_SRL' <Latency = 0> <II = 1> <Delay = 1.83> <Storage> <Opcode : 'read' 'write' 'nbread' 'nbwrite'> <Ports = 0> <Width = 32> <Depth = 2> <FIFO>
ST_4 : Operation 856 [1/1] (0.00ns)   --->   "%out_mem_387 = extractvalue i14400 %call_ret1" [top_wrapper.cpp:123]   --->   Operation 856 'extractvalue' 'out_mem_387' <Predicate = true> <Delay = 0.00> <CoreInst = "FIFO_SRL">   --->   Core 80 'FIFO_SRL' <Latency = 0> <II = 1> <Delay = 1.83> <Storage> <Opcode : 'read' 'write' 'nbread' 'nbwrite'> <Ports = 0> <Width = 32> <Depth = 2> <FIFO>
ST_4 : Operation 857 [1/1] (0.00ns)   --->   "%out_mem_388 = extractvalue i14400 %call_ret1" [top_wrapper.cpp:123]   --->   Operation 857 'extractvalue' 'out_mem_388' <Predicate = true> <Delay = 0.00> <CoreInst = "FIFO_SRL">   --->   Core 80 'FIFO_SRL' <Latency = 0> <II = 1> <Delay = 1.83> <Storage> <Opcode : 'read' 'write' 'nbread' 'nbwrite'> <Ports = 0> <Width = 32> <Depth = 2> <FIFO>
ST_4 : Operation 858 [1/1] (0.00ns)   --->   "%out_mem_389 = extractvalue i14400 %call_ret1" [top_wrapper.cpp:123]   --->   Operation 858 'extractvalue' 'out_mem_389' <Predicate = true> <Delay = 0.00> <CoreInst = "FIFO_SRL">   --->   Core 80 'FIFO_SRL' <Latency = 0> <II = 1> <Delay = 1.83> <Storage> <Opcode : 'read' 'write' 'nbread' 'nbwrite'> <Ports = 0> <Width = 32> <Depth = 2> <FIFO>
ST_4 : Operation 859 [1/1] (0.00ns)   --->   "%out_mem_390 = extractvalue i14400 %call_ret1" [top_wrapper.cpp:123]   --->   Operation 859 'extractvalue' 'out_mem_390' <Predicate = true> <Delay = 0.00> <CoreInst = "FIFO_SRL">   --->   Core 80 'FIFO_SRL' <Latency = 0> <II = 1> <Delay = 1.83> <Storage> <Opcode : 'read' 'write' 'nbread' 'nbwrite'> <Ports = 0> <Width = 32> <Depth = 2> <FIFO>
ST_4 : Operation 860 [1/1] (0.00ns)   --->   "%out_mem_391 = extractvalue i14400 %call_ret1" [top_wrapper.cpp:123]   --->   Operation 860 'extractvalue' 'out_mem_391' <Predicate = true> <Delay = 0.00> <CoreInst = "FIFO_SRL">   --->   Core 80 'FIFO_SRL' <Latency = 0> <II = 1> <Delay = 1.83> <Storage> <Opcode : 'read' 'write' 'nbread' 'nbwrite'> <Ports = 0> <Width = 32> <Depth = 2> <FIFO>
ST_4 : Operation 861 [1/1] (0.00ns)   --->   "%out_mem_392 = extractvalue i14400 %call_ret1" [top_wrapper.cpp:123]   --->   Operation 861 'extractvalue' 'out_mem_392' <Predicate = true> <Delay = 0.00> <CoreInst = "FIFO_SRL">   --->   Core 80 'FIFO_SRL' <Latency = 0> <II = 1> <Delay = 1.83> <Storage> <Opcode : 'read' 'write' 'nbread' 'nbwrite'> <Ports = 0> <Width = 32> <Depth = 2> <FIFO>
ST_4 : Operation 862 [1/1] (0.00ns)   --->   "%out_mem_393 = extractvalue i14400 %call_ret1" [top_wrapper.cpp:123]   --->   Operation 862 'extractvalue' 'out_mem_393' <Predicate = true> <Delay = 0.00> <CoreInst = "FIFO_SRL">   --->   Core 80 'FIFO_SRL' <Latency = 0> <II = 1> <Delay = 1.83> <Storage> <Opcode : 'read' 'write' 'nbread' 'nbwrite'> <Ports = 0> <Width = 32> <Depth = 2> <FIFO>
ST_4 : Operation 863 [1/1] (0.00ns)   --->   "%out_mem_394 = extractvalue i14400 %call_ret1" [top_wrapper.cpp:123]   --->   Operation 863 'extractvalue' 'out_mem_394' <Predicate = true> <Delay = 0.00> <CoreInst = "FIFO_SRL">   --->   Core 80 'FIFO_SRL' <Latency = 0> <II = 1> <Delay = 1.83> <Storage> <Opcode : 'read' 'write' 'nbread' 'nbwrite'> <Ports = 0> <Width = 32> <Depth = 2> <FIFO>
ST_4 : Operation 864 [1/1] (0.00ns)   --->   "%out_mem_395 = extractvalue i14400 %call_ret1" [top_wrapper.cpp:123]   --->   Operation 864 'extractvalue' 'out_mem_395' <Predicate = true> <Delay = 0.00> <CoreInst = "FIFO_SRL">   --->   Core 80 'FIFO_SRL' <Latency = 0> <II = 1> <Delay = 1.83> <Storage> <Opcode : 'read' 'write' 'nbread' 'nbwrite'> <Ports = 0> <Width = 32> <Depth = 2> <FIFO>
ST_4 : Operation 865 [1/1] (0.00ns)   --->   "%out_mem_396 = extractvalue i14400 %call_ret1" [top_wrapper.cpp:123]   --->   Operation 865 'extractvalue' 'out_mem_396' <Predicate = true> <Delay = 0.00> <CoreInst = "FIFO_SRL">   --->   Core 80 'FIFO_SRL' <Latency = 0> <II = 1> <Delay = 1.83> <Storage> <Opcode : 'read' 'write' 'nbread' 'nbwrite'> <Ports = 0> <Width = 32> <Depth = 2> <FIFO>
ST_4 : Operation 866 [1/1] (0.00ns)   --->   "%out_mem_397 = extractvalue i14400 %call_ret1" [top_wrapper.cpp:123]   --->   Operation 866 'extractvalue' 'out_mem_397' <Predicate = true> <Delay = 0.00> <CoreInst = "FIFO_SRL">   --->   Core 80 'FIFO_SRL' <Latency = 0> <II = 1> <Delay = 1.83> <Storage> <Opcode : 'read' 'write' 'nbread' 'nbwrite'> <Ports = 0> <Width = 32> <Depth = 2> <FIFO>
ST_4 : Operation 867 [1/1] (0.00ns)   --->   "%out_mem_398 = extractvalue i14400 %call_ret1" [top_wrapper.cpp:123]   --->   Operation 867 'extractvalue' 'out_mem_398' <Predicate = true> <Delay = 0.00> <CoreInst = "FIFO_SRL">   --->   Core 80 'FIFO_SRL' <Latency = 0> <II = 1> <Delay = 1.83> <Storage> <Opcode : 'read' 'write' 'nbread' 'nbwrite'> <Ports = 0> <Width = 32> <Depth = 2> <FIFO>
ST_4 : Operation 868 [1/1] (0.00ns)   --->   "%out_mem_399 = extractvalue i14400 %call_ret1" [top_wrapper.cpp:123]   --->   Operation 868 'extractvalue' 'out_mem_399' <Predicate = true> <Delay = 0.00> <CoreInst = "FIFO_SRL">   --->   Core 80 'FIFO_SRL' <Latency = 0> <II = 1> <Delay = 1.83> <Storage> <Opcode : 'read' 'write' 'nbread' 'nbwrite'> <Ports = 0> <Width = 32> <Depth = 2> <FIFO>
ST_4 : Operation 869 [1/1] (0.00ns)   --->   "%out_mem_400 = extractvalue i14400 %call_ret1" [top_wrapper.cpp:123]   --->   Operation 869 'extractvalue' 'out_mem_400' <Predicate = true> <Delay = 0.00> <CoreInst = "FIFO_SRL">   --->   Core 80 'FIFO_SRL' <Latency = 0> <II = 1> <Delay = 1.83> <Storage> <Opcode : 'read' 'write' 'nbread' 'nbwrite'> <Ports = 0> <Width = 32> <Depth = 2> <FIFO>
ST_4 : Operation 870 [1/1] (0.00ns)   --->   "%out_mem_401 = extractvalue i14400 %call_ret1" [top_wrapper.cpp:123]   --->   Operation 870 'extractvalue' 'out_mem_401' <Predicate = true> <Delay = 0.00> <CoreInst = "FIFO_SRL">   --->   Core 80 'FIFO_SRL' <Latency = 0> <II = 1> <Delay = 1.83> <Storage> <Opcode : 'read' 'write' 'nbread' 'nbwrite'> <Ports = 0> <Width = 32> <Depth = 2> <FIFO>
ST_4 : Operation 871 [1/1] (0.00ns)   --->   "%out_mem_402 = extractvalue i14400 %call_ret1" [top_wrapper.cpp:123]   --->   Operation 871 'extractvalue' 'out_mem_402' <Predicate = true> <Delay = 0.00> <CoreInst = "FIFO_SRL">   --->   Core 80 'FIFO_SRL' <Latency = 0> <II = 1> <Delay = 1.83> <Storage> <Opcode : 'read' 'write' 'nbread' 'nbwrite'> <Ports = 0> <Width = 32> <Depth = 2> <FIFO>
ST_4 : Operation 872 [1/1] (0.00ns)   --->   "%out_mem_403 = extractvalue i14400 %call_ret1" [top_wrapper.cpp:123]   --->   Operation 872 'extractvalue' 'out_mem_403' <Predicate = true> <Delay = 0.00> <CoreInst = "FIFO_SRL">   --->   Core 80 'FIFO_SRL' <Latency = 0> <II = 1> <Delay = 1.83> <Storage> <Opcode : 'read' 'write' 'nbread' 'nbwrite'> <Ports = 0> <Width = 32> <Depth = 2> <FIFO>
ST_4 : Operation 873 [1/1] (0.00ns)   --->   "%out_mem_404 = extractvalue i14400 %call_ret1" [top_wrapper.cpp:123]   --->   Operation 873 'extractvalue' 'out_mem_404' <Predicate = true> <Delay = 0.00> <CoreInst = "FIFO_SRL">   --->   Core 80 'FIFO_SRL' <Latency = 0> <II = 1> <Delay = 1.83> <Storage> <Opcode : 'read' 'write' 'nbread' 'nbwrite'> <Ports = 0> <Width = 32> <Depth = 2> <FIFO>
ST_4 : Operation 874 [1/1] (0.00ns)   --->   "%out_mem_405 = extractvalue i14400 %call_ret1" [top_wrapper.cpp:123]   --->   Operation 874 'extractvalue' 'out_mem_405' <Predicate = true> <Delay = 0.00> <CoreInst = "FIFO_SRL">   --->   Core 80 'FIFO_SRL' <Latency = 0> <II = 1> <Delay = 1.83> <Storage> <Opcode : 'read' 'write' 'nbread' 'nbwrite'> <Ports = 0> <Width = 32> <Depth = 2> <FIFO>
ST_4 : Operation 875 [1/1] (0.00ns)   --->   "%out_mem_406 = extractvalue i14400 %call_ret1" [top_wrapper.cpp:123]   --->   Operation 875 'extractvalue' 'out_mem_406' <Predicate = true> <Delay = 0.00> <CoreInst = "FIFO_SRL">   --->   Core 80 'FIFO_SRL' <Latency = 0> <II = 1> <Delay = 1.83> <Storage> <Opcode : 'read' 'write' 'nbread' 'nbwrite'> <Ports = 0> <Width = 32> <Depth = 2> <FIFO>
ST_4 : Operation 876 [1/1] (0.00ns)   --->   "%out_mem_407 = extractvalue i14400 %call_ret1" [top_wrapper.cpp:123]   --->   Operation 876 'extractvalue' 'out_mem_407' <Predicate = true> <Delay = 0.00> <CoreInst = "FIFO_SRL">   --->   Core 80 'FIFO_SRL' <Latency = 0> <II = 1> <Delay = 1.83> <Storage> <Opcode : 'read' 'write' 'nbread' 'nbwrite'> <Ports = 0> <Width = 32> <Depth = 2> <FIFO>
ST_4 : Operation 877 [1/1] (0.00ns)   --->   "%out_mem_408 = extractvalue i14400 %call_ret1" [top_wrapper.cpp:123]   --->   Operation 877 'extractvalue' 'out_mem_408' <Predicate = true> <Delay = 0.00> <CoreInst = "FIFO_SRL">   --->   Core 80 'FIFO_SRL' <Latency = 0> <II = 1> <Delay = 1.83> <Storage> <Opcode : 'read' 'write' 'nbread' 'nbwrite'> <Ports = 0> <Width = 32> <Depth = 2> <FIFO>
ST_4 : Operation 878 [1/1] (0.00ns)   --->   "%out_mem_409 = extractvalue i14400 %call_ret1" [top_wrapper.cpp:123]   --->   Operation 878 'extractvalue' 'out_mem_409' <Predicate = true> <Delay = 0.00> <CoreInst = "FIFO_SRL">   --->   Core 80 'FIFO_SRL' <Latency = 0> <II = 1> <Delay = 1.83> <Storage> <Opcode : 'read' 'write' 'nbread' 'nbwrite'> <Ports = 0> <Width = 32> <Depth = 2> <FIFO>
ST_4 : Operation 879 [1/1] (0.00ns)   --->   "%out_mem_410 = extractvalue i14400 %call_ret1" [top_wrapper.cpp:123]   --->   Operation 879 'extractvalue' 'out_mem_410' <Predicate = true> <Delay = 0.00> <CoreInst = "FIFO_SRL">   --->   Core 80 'FIFO_SRL' <Latency = 0> <II = 1> <Delay = 1.83> <Storage> <Opcode : 'read' 'write' 'nbread' 'nbwrite'> <Ports = 0> <Width = 32> <Depth = 2> <FIFO>
ST_4 : Operation 880 [1/1] (0.00ns)   --->   "%out_mem_411 = extractvalue i14400 %call_ret1" [top_wrapper.cpp:123]   --->   Operation 880 'extractvalue' 'out_mem_411' <Predicate = true> <Delay = 0.00> <CoreInst = "FIFO_SRL">   --->   Core 80 'FIFO_SRL' <Latency = 0> <II = 1> <Delay = 1.83> <Storage> <Opcode : 'read' 'write' 'nbread' 'nbwrite'> <Ports = 0> <Width = 32> <Depth = 2> <FIFO>
ST_4 : Operation 881 [1/1] (0.00ns)   --->   "%out_mem_412 = extractvalue i14400 %call_ret1" [top_wrapper.cpp:123]   --->   Operation 881 'extractvalue' 'out_mem_412' <Predicate = true> <Delay = 0.00> <CoreInst = "FIFO_SRL">   --->   Core 80 'FIFO_SRL' <Latency = 0> <II = 1> <Delay = 1.83> <Storage> <Opcode : 'read' 'write' 'nbread' 'nbwrite'> <Ports = 0> <Width = 32> <Depth = 2> <FIFO>
ST_4 : Operation 882 [1/1] (0.00ns)   --->   "%out_mem_413 = extractvalue i14400 %call_ret1" [top_wrapper.cpp:123]   --->   Operation 882 'extractvalue' 'out_mem_413' <Predicate = true> <Delay = 0.00> <CoreInst = "FIFO_SRL">   --->   Core 80 'FIFO_SRL' <Latency = 0> <II = 1> <Delay = 1.83> <Storage> <Opcode : 'read' 'write' 'nbread' 'nbwrite'> <Ports = 0> <Width = 32> <Depth = 2> <FIFO>
ST_4 : Operation 883 [1/1] (0.00ns)   --->   "%out_mem_414 = extractvalue i14400 %call_ret1" [top_wrapper.cpp:123]   --->   Operation 883 'extractvalue' 'out_mem_414' <Predicate = true> <Delay = 0.00> <CoreInst = "FIFO_SRL">   --->   Core 80 'FIFO_SRL' <Latency = 0> <II = 1> <Delay = 1.83> <Storage> <Opcode : 'read' 'write' 'nbread' 'nbwrite'> <Ports = 0> <Width = 32> <Depth = 2> <FIFO>
ST_4 : Operation 884 [1/1] (0.00ns)   --->   "%out_mem_415 = extractvalue i14400 %call_ret1" [top_wrapper.cpp:123]   --->   Operation 884 'extractvalue' 'out_mem_415' <Predicate = true> <Delay = 0.00> <CoreInst = "FIFO_SRL">   --->   Core 80 'FIFO_SRL' <Latency = 0> <II = 1> <Delay = 1.83> <Storage> <Opcode : 'read' 'write' 'nbread' 'nbwrite'> <Ports = 0> <Width = 32> <Depth = 2> <FIFO>
ST_4 : Operation 885 [1/1] (0.00ns)   --->   "%out_mem_416 = extractvalue i14400 %call_ret1" [top_wrapper.cpp:123]   --->   Operation 885 'extractvalue' 'out_mem_416' <Predicate = true> <Delay = 0.00> <CoreInst = "FIFO_SRL">   --->   Core 80 'FIFO_SRL' <Latency = 0> <II = 1> <Delay = 1.83> <Storage> <Opcode : 'read' 'write' 'nbread' 'nbwrite'> <Ports = 0> <Width = 32> <Depth = 2> <FIFO>
ST_4 : Operation 886 [1/1] (0.00ns)   --->   "%out_mem_417 = extractvalue i14400 %call_ret1" [top_wrapper.cpp:123]   --->   Operation 886 'extractvalue' 'out_mem_417' <Predicate = true> <Delay = 0.00> <CoreInst = "FIFO_SRL">   --->   Core 80 'FIFO_SRL' <Latency = 0> <II = 1> <Delay = 1.83> <Storage> <Opcode : 'read' 'write' 'nbread' 'nbwrite'> <Ports = 0> <Width = 32> <Depth = 2> <FIFO>
ST_4 : Operation 887 [1/1] (0.00ns)   --->   "%out_mem_418 = extractvalue i14400 %call_ret1" [top_wrapper.cpp:123]   --->   Operation 887 'extractvalue' 'out_mem_418' <Predicate = true> <Delay = 0.00> <CoreInst = "FIFO_SRL">   --->   Core 80 'FIFO_SRL' <Latency = 0> <II = 1> <Delay = 1.83> <Storage> <Opcode : 'read' 'write' 'nbread' 'nbwrite'> <Ports = 0> <Width = 32> <Depth = 2> <FIFO>
ST_4 : Operation 888 [1/1] (0.00ns)   --->   "%out_mem_419 = extractvalue i14400 %call_ret1" [top_wrapper.cpp:123]   --->   Operation 888 'extractvalue' 'out_mem_419' <Predicate = true> <Delay = 0.00> <CoreInst = "FIFO_SRL">   --->   Core 80 'FIFO_SRL' <Latency = 0> <II = 1> <Delay = 1.83> <Storage> <Opcode : 'read' 'write' 'nbread' 'nbwrite'> <Ports = 0> <Width = 32> <Depth = 2> <FIFO>
ST_4 : Operation 889 [1/1] (0.00ns)   --->   "%out_mem_420 = extractvalue i14400 %call_ret1" [top_wrapper.cpp:123]   --->   Operation 889 'extractvalue' 'out_mem_420' <Predicate = true> <Delay = 0.00> <CoreInst = "FIFO_SRL">   --->   Core 80 'FIFO_SRL' <Latency = 0> <II = 1> <Delay = 1.83> <Storage> <Opcode : 'read' 'write' 'nbread' 'nbwrite'> <Ports = 0> <Width = 32> <Depth = 2> <FIFO>
ST_4 : Operation 890 [1/1] (0.00ns)   --->   "%out_mem_421 = extractvalue i14400 %call_ret1" [top_wrapper.cpp:123]   --->   Operation 890 'extractvalue' 'out_mem_421' <Predicate = true> <Delay = 0.00> <CoreInst = "FIFO_SRL">   --->   Core 80 'FIFO_SRL' <Latency = 0> <II = 1> <Delay = 1.83> <Storage> <Opcode : 'read' 'write' 'nbread' 'nbwrite'> <Ports = 0> <Width = 32> <Depth = 2> <FIFO>
ST_4 : Operation 891 [1/1] (0.00ns)   --->   "%out_mem_422 = extractvalue i14400 %call_ret1" [top_wrapper.cpp:123]   --->   Operation 891 'extractvalue' 'out_mem_422' <Predicate = true> <Delay = 0.00> <CoreInst = "FIFO_SRL">   --->   Core 80 'FIFO_SRL' <Latency = 0> <II = 1> <Delay = 1.83> <Storage> <Opcode : 'read' 'write' 'nbread' 'nbwrite'> <Ports = 0> <Width = 32> <Depth = 2> <FIFO>
ST_4 : Operation 892 [1/1] (0.00ns)   --->   "%out_mem_423 = extractvalue i14400 %call_ret1" [top_wrapper.cpp:123]   --->   Operation 892 'extractvalue' 'out_mem_423' <Predicate = true> <Delay = 0.00> <CoreInst = "FIFO_SRL">   --->   Core 80 'FIFO_SRL' <Latency = 0> <II = 1> <Delay = 1.83> <Storage> <Opcode : 'read' 'write' 'nbread' 'nbwrite'> <Ports = 0> <Width = 32> <Depth = 2> <FIFO>
ST_4 : Operation 893 [1/1] (0.00ns)   --->   "%out_mem_424 = extractvalue i14400 %call_ret1" [top_wrapper.cpp:123]   --->   Operation 893 'extractvalue' 'out_mem_424' <Predicate = true> <Delay = 0.00> <CoreInst = "FIFO_SRL">   --->   Core 80 'FIFO_SRL' <Latency = 0> <II = 1> <Delay = 1.83> <Storage> <Opcode : 'read' 'write' 'nbread' 'nbwrite'> <Ports = 0> <Width = 32> <Depth = 2> <FIFO>
ST_4 : Operation 894 [1/1] (0.00ns)   --->   "%out_mem_425 = extractvalue i14400 %call_ret1" [top_wrapper.cpp:123]   --->   Operation 894 'extractvalue' 'out_mem_425' <Predicate = true> <Delay = 0.00> <CoreInst = "FIFO_SRL">   --->   Core 80 'FIFO_SRL' <Latency = 0> <II = 1> <Delay = 1.83> <Storage> <Opcode : 'read' 'write' 'nbread' 'nbwrite'> <Ports = 0> <Width = 32> <Depth = 2> <FIFO>
ST_4 : Operation 895 [1/1] (0.00ns)   --->   "%out_mem_426 = extractvalue i14400 %call_ret1" [top_wrapper.cpp:123]   --->   Operation 895 'extractvalue' 'out_mem_426' <Predicate = true> <Delay = 0.00> <CoreInst = "FIFO_SRL">   --->   Core 80 'FIFO_SRL' <Latency = 0> <II = 1> <Delay = 1.83> <Storage> <Opcode : 'read' 'write' 'nbread' 'nbwrite'> <Ports = 0> <Width = 32> <Depth = 2> <FIFO>
ST_4 : Operation 896 [1/1] (0.00ns)   --->   "%out_mem_427 = extractvalue i14400 %call_ret1" [top_wrapper.cpp:123]   --->   Operation 896 'extractvalue' 'out_mem_427' <Predicate = true> <Delay = 0.00> <CoreInst = "FIFO_SRL">   --->   Core 80 'FIFO_SRL' <Latency = 0> <II = 1> <Delay = 1.83> <Storage> <Opcode : 'read' 'write' 'nbread' 'nbwrite'> <Ports = 0> <Width = 32> <Depth = 2> <FIFO>
ST_4 : Operation 897 [1/1] (0.00ns)   --->   "%out_mem_428 = extractvalue i14400 %call_ret1" [top_wrapper.cpp:123]   --->   Operation 897 'extractvalue' 'out_mem_428' <Predicate = true> <Delay = 0.00> <CoreInst = "FIFO_SRL">   --->   Core 80 'FIFO_SRL' <Latency = 0> <II = 1> <Delay = 1.83> <Storage> <Opcode : 'read' 'write' 'nbread' 'nbwrite'> <Ports = 0> <Width = 32> <Depth = 2> <FIFO>
ST_4 : Operation 898 [1/1] (0.00ns)   --->   "%out_mem_429 = extractvalue i14400 %call_ret1" [top_wrapper.cpp:123]   --->   Operation 898 'extractvalue' 'out_mem_429' <Predicate = true> <Delay = 0.00> <CoreInst = "FIFO_SRL">   --->   Core 80 'FIFO_SRL' <Latency = 0> <II = 1> <Delay = 1.83> <Storage> <Opcode : 'read' 'write' 'nbread' 'nbwrite'> <Ports = 0> <Width = 32> <Depth = 2> <FIFO>
ST_4 : Operation 899 [1/1] (0.00ns)   --->   "%out_mem_430 = extractvalue i14400 %call_ret1" [top_wrapper.cpp:123]   --->   Operation 899 'extractvalue' 'out_mem_430' <Predicate = true> <Delay = 0.00> <CoreInst = "FIFO_SRL">   --->   Core 80 'FIFO_SRL' <Latency = 0> <II = 1> <Delay = 1.83> <Storage> <Opcode : 'read' 'write' 'nbread' 'nbwrite'> <Ports = 0> <Width = 32> <Depth = 2> <FIFO>
ST_4 : Operation 900 [1/1] (0.00ns)   --->   "%out_mem_431 = extractvalue i14400 %call_ret1" [top_wrapper.cpp:123]   --->   Operation 900 'extractvalue' 'out_mem_431' <Predicate = true> <Delay = 0.00> <CoreInst = "FIFO_SRL">   --->   Core 80 'FIFO_SRL' <Latency = 0> <II = 1> <Delay = 1.83> <Storage> <Opcode : 'read' 'write' 'nbread' 'nbwrite'> <Ports = 0> <Width = 32> <Depth = 2> <FIFO>
ST_4 : Operation 901 [1/1] (0.00ns)   --->   "%out_mem_432 = extractvalue i14400 %call_ret1" [top_wrapper.cpp:123]   --->   Operation 901 'extractvalue' 'out_mem_432' <Predicate = true> <Delay = 0.00> <CoreInst = "FIFO_SRL">   --->   Core 80 'FIFO_SRL' <Latency = 0> <II = 1> <Delay = 1.83> <Storage> <Opcode : 'read' 'write' 'nbread' 'nbwrite'> <Ports = 0> <Width = 32> <Depth = 2> <FIFO>
ST_4 : Operation 902 [1/1] (0.00ns)   --->   "%out_mem_433 = extractvalue i14400 %call_ret1" [top_wrapper.cpp:123]   --->   Operation 902 'extractvalue' 'out_mem_433' <Predicate = true> <Delay = 0.00> <CoreInst = "FIFO_SRL">   --->   Core 80 'FIFO_SRL' <Latency = 0> <II = 1> <Delay = 1.83> <Storage> <Opcode : 'read' 'write' 'nbread' 'nbwrite'> <Ports = 0> <Width = 32> <Depth = 2> <FIFO>
ST_4 : Operation 903 [1/1] (0.00ns)   --->   "%out_mem_434 = extractvalue i14400 %call_ret1" [top_wrapper.cpp:123]   --->   Operation 903 'extractvalue' 'out_mem_434' <Predicate = true> <Delay = 0.00> <CoreInst = "FIFO_SRL">   --->   Core 80 'FIFO_SRL' <Latency = 0> <II = 1> <Delay = 1.83> <Storage> <Opcode : 'read' 'write' 'nbread' 'nbwrite'> <Ports = 0> <Width = 32> <Depth = 2> <FIFO>
ST_4 : Operation 904 [1/1] (0.00ns)   --->   "%out_mem_435 = extractvalue i14400 %call_ret1" [top_wrapper.cpp:123]   --->   Operation 904 'extractvalue' 'out_mem_435' <Predicate = true> <Delay = 0.00> <CoreInst = "FIFO_SRL">   --->   Core 80 'FIFO_SRL' <Latency = 0> <II = 1> <Delay = 1.83> <Storage> <Opcode : 'read' 'write' 'nbread' 'nbwrite'> <Ports = 0> <Width = 32> <Depth = 2> <FIFO>
ST_4 : Operation 905 [1/1] (0.00ns)   --->   "%out_mem_436 = extractvalue i14400 %call_ret1" [top_wrapper.cpp:123]   --->   Operation 905 'extractvalue' 'out_mem_436' <Predicate = true> <Delay = 0.00> <CoreInst = "FIFO_SRL">   --->   Core 80 'FIFO_SRL' <Latency = 0> <II = 1> <Delay = 1.83> <Storage> <Opcode : 'read' 'write' 'nbread' 'nbwrite'> <Ports = 0> <Width = 32> <Depth = 2> <FIFO>
ST_4 : Operation 906 [1/1] (0.00ns)   --->   "%out_mem_437 = extractvalue i14400 %call_ret1" [top_wrapper.cpp:123]   --->   Operation 906 'extractvalue' 'out_mem_437' <Predicate = true> <Delay = 0.00> <CoreInst = "FIFO_SRL">   --->   Core 80 'FIFO_SRL' <Latency = 0> <II = 1> <Delay = 1.83> <Storage> <Opcode : 'read' 'write' 'nbread' 'nbwrite'> <Ports = 0> <Width = 32> <Depth = 2> <FIFO>
ST_4 : Operation 907 [1/1] (0.00ns)   --->   "%out_mem_438 = extractvalue i14400 %call_ret1" [top_wrapper.cpp:123]   --->   Operation 907 'extractvalue' 'out_mem_438' <Predicate = true> <Delay = 0.00> <CoreInst = "FIFO_SRL">   --->   Core 80 'FIFO_SRL' <Latency = 0> <II = 1> <Delay = 1.83> <Storage> <Opcode : 'read' 'write' 'nbread' 'nbwrite'> <Ports = 0> <Width = 32> <Depth = 2> <FIFO>
ST_4 : Operation 908 [1/1] (0.00ns)   --->   "%out_mem_439 = extractvalue i14400 %call_ret1" [top_wrapper.cpp:123]   --->   Operation 908 'extractvalue' 'out_mem_439' <Predicate = true> <Delay = 0.00> <CoreInst = "FIFO_SRL">   --->   Core 80 'FIFO_SRL' <Latency = 0> <II = 1> <Delay = 1.83> <Storage> <Opcode : 'read' 'write' 'nbread' 'nbwrite'> <Ports = 0> <Width = 32> <Depth = 2> <FIFO>
ST_4 : Operation 909 [1/1] (0.00ns)   --->   "%out_mem_440 = extractvalue i14400 %call_ret1" [top_wrapper.cpp:123]   --->   Operation 909 'extractvalue' 'out_mem_440' <Predicate = true> <Delay = 0.00> <CoreInst = "FIFO_SRL">   --->   Core 80 'FIFO_SRL' <Latency = 0> <II = 1> <Delay = 1.83> <Storage> <Opcode : 'read' 'write' 'nbread' 'nbwrite'> <Ports = 0> <Width = 32> <Depth = 2> <FIFO>
ST_4 : Operation 910 [1/1] (0.00ns)   --->   "%out_mem_441 = extractvalue i14400 %call_ret1" [top_wrapper.cpp:123]   --->   Operation 910 'extractvalue' 'out_mem_441' <Predicate = true> <Delay = 0.00> <CoreInst = "FIFO_SRL">   --->   Core 80 'FIFO_SRL' <Latency = 0> <II = 1> <Delay = 1.83> <Storage> <Opcode : 'read' 'write' 'nbread' 'nbwrite'> <Ports = 0> <Width = 32> <Depth = 2> <FIFO>
ST_4 : Operation 911 [1/1] (0.00ns)   --->   "%out_mem_442 = extractvalue i14400 %call_ret1" [top_wrapper.cpp:123]   --->   Operation 911 'extractvalue' 'out_mem_442' <Predicate = true> <Delay = 0.00> <CoreInst = "FIFO_SRL">   --->   Core 80 'FIFO_SRL' <Latency = 0> <II = 1> <Delay = 1.83> <Storage> <Opcode : 'read' 'write' 'nbread' 'nbwrite'> <Ports = 0> <Width = 32> <Depth = 2> <FIFO>
ST_4 : Operation 912 [1/1] (0.00ns)   --->   "%out_mem_443 = extractvalue i14400 %call_ret1" [top_wrapper.cpp:123]   --->   Operation 912 'extractvalue' 'out_mem_443' <Predicate = true> <Delay = 0.00> <CoreInst = "FIFO_SRL">   --->   Core 80 'FIFO_SRL' <Latency = 0> <II = 1> <Delay = 1.83> <Storage> <Opcode : 'read' 'write' 'nbread' 'nbwrite'> <Ports = 0> <Width = 32> <Depth = 2> <FIFO>
ST_4 : Operation 913 [1/1] (0.00ns)   --->   "%out_mem_444 = extractvalue i14400 %call_ret1" [top_wrapper.cpp:123]   --->   Operation 913 'extractvalue' 'out_mem_444' <Predicate = true> <Delay = 0.00> <CoreInst = "FIFO_SRL">   --->   Core 80 'FIFO_SRL' <Latency = 0> <II = 1> <Delay = 1.83> <Storage> <Opcode : 'read' 'write' 'nbread' 'nbwrite'> <Ports = 0> <Width = 32> <Depth = 2> <FIFO>
ST_4 : Operation 914 [1/1] (0.00ns)   --->   "%out_mem_445 = extractvalue i14400 %call_ret1" [top_wrapper.cpp:123]   --->   Operation 914 'extractvalue' 'out_mem_445' <Predicate = true> <Delay = 0.00> <CoreInst = "FIFO_SRL">   --->   Core 80 'FIFO_SRL' <Latency = 0> <II = 1> <Delay = 1.83> <Storage> <Opcode : 'read' 'write' 'nbread' 'nbwrite'> <Ports = 0> <Width = 32> <Depth = 2> <FIFO>
ST_4 : Operation 915 [1/1] (0.00ns)   --->   "%out_mem_446 = extractvalue i14400 %call_ret1" [top_wrapper.cpp:123]   --->   Operation 915 'extractvalue' 'out_mem_446' <Predicate = true> <Delay = 0.00> <CoreInst = "FIFO_SRL">   --->   Core 80 'FIFO_SRL' <Latency = 0> <II = 1> <Delay = 1.83> <Storage> <Opcode : 'read' 'write' 'nbread' 'nbwrite'> <Ports = 0> <Width = 32> <Depth = 2> <FIFO>
ST_4 : Operation 916 [1/1] (0.00ns)   --->   "%out_mem_447 = extractvalue i14400 %call_ret1" [top_wrapper.cpp:123]   --->   Operation 916 'extractvalue' 'out_mem_447' <Predicate = true> <Delay = 0.00> <CoreInst = "FIFO_SRL">   --->   Core 80 'FIFO_SRL' <Latency = 0> <II = 1> <Delay = 1.83> <Storage> <Opcode : 'read' 'write' 'nbread' 'nbwrite'> <Ports = 0> <Width = 32> <Depth = 2> <FIFO>
ST_4 : Operation 917 [1/1] (0.00ns)   --->   "%out_mem_448 = extractvalue i14400 %call_ret1" [top_wrapper.cpp:123]   --->   Operation 917 'extractvalue' 'out_mem_448' <Predicate = true> <Delay = 0.00> <CoreInst = "FIFO_SRL">   --->   Core 80 'FIFO_SRL' <Latency = 0> <II = 1> <Delay = 1.83> <Storage> <Opcode : 'read' 'write' 'nbread' 'nbwrite'> <Ports = 0> <Width = 32> <Depth = 2> <FIFO>
ST_4 : Operation 918 [1/1] (0.00ns)   --->   "%out_mem449 = extractvalue i14400 %call_ret1" [top_wrapper.cpp:123]   --->   Operation 918 'extractvalue' 'out_mem449' <Predicate = true> <Delay = 0.00> <CoreInst = "FIFO_SRL">   --->   Core 80 'FIFO_SRL' <Latency = 0> <II = 1> <Delay = 1.83> <Storage> <Opcode : 'read' 'write' 'nbread' 'nbwrite'> <Ports = 0> <Width = 32> <Depth = 2> <FIFO>
ST_4 : Operation 919 [2/2] (1.82ns)   --->   "%call_ln129 = call void @out_conv2mem<2, 13, 13, 3, 3, 2, 11, 11, 1, 162, 1, 1, 5, 5, 2, 3>, i32 %out_mem, i32 %out_mem_1, i32 %out_mem_2, i32 %out_mem_3, i32 %out_mem_4, i32 %out_mem_5, i32 %out_mem_6, i32 %out_mem_7, i32 %out_mem_8, i32 %out_mem_9, i32 %out_mem_10, i32 %out_mem_11, i32 %out_mem_12, i32 %out_mem_13, i32 %out_mem_14, i32 %out_mem_15, i32 %out_mem_16, i32 %out_mem_17, i32 %out_mem_18, i32 %out_mem_19, i32 %out_mem_20, i32 %out_mem_21, i32 %out_mem_22, i32 %out_mem_23, i32 %out_mem_24, i32 %out_mem_25, i32 %out_mem_26, i32 %out_mem_27, i32 %out_mem_28, i32 %out_mem_29, i32 %out_mem_30, i32 %out_mem_31, i32 %out_mem_32, i32 %out_mem_33, i32 %out_mem_34, i32 %out_mem_35, i32 %out_mem_36, i32 %out_mem_37, i32 %out_mem_38, i32 %out_mem_39, i32 %out_mem_40, i32 %out_mem_41, i32 %out_mem_42, i32 %out_mem_43, i32 %out_mem_44, i32 %out_mem_45, i32 %out_mem_46, i32 %out_mem_47, i32 %out_mem_48, i32 %out_mem_49, i32 %out_mem_50, i32 %out_mem_51, i32 %out_mem_52, i32 %out_mem_53, i32 %out_mem_54, i32 %out_mem_55, i32 %out_mem_56, i32 %out_mem_57, i32 %out_mem_58, i32 %out_mem_59, i32 %out_mem_60, i32 %out_mem_61, i32 %out_mem_62, i32 %out_mem_63, i32 %out_mem_64, i32 %out_mem_65, i32 %out_mem_66, i32 %out_mem_67, i32 %out_mem_68, i32 %out_mem_69, i32 %out_mem_70, i32 %out_mem_71, i32 %out_mem_72, i32 %out_mem_73, i32 %out_mem_74, i32 %out_mem_75, i32 %out_mem_76, i32 %out_mem_77, i32 %out_mem_78, i32 %out_mem_79, i32 %out_mem_80, i32 %out_mem_81, i32 %out_mem_82, i32 %out_mem_83, i32 %out_mem_84, i32 %out_mem_85, i32 %out_mem_86, i32 %out_mem_87, i32 %out_mem_88, i32 %out_mem_89, i32 %out_mem_90, i32 %out_mem_91, i32 %out_mem_92, i32 %out_mem_93, i32 %out_mem_94, i32 %out_mem_95, i32 %out_mem_96, i32 %out_mem_97, i32 %out_mem_98, i32 %out_mem_99, i32 %out_mem_100, i32 %out_mem_101, i32 %out_mem_102, i32 %out_mem_103, i32 %out_mem_104, i32 %out_mem_105, i32 %out_mem_106, i32 %out_mem_107, i32 %out_mem_108, i32 %out_mem_109, i32 %out_mem_110, i32 %out_mem_111, i32 %out_mem_112, i32 %out_mem_113, i32 %out_mem_114, i32 %out_mem_115, i32 %out_mem_116, i32 %out_mem_117, i32 %out_mem_118, i32 %out_mem_119, i32 %out_mem_120, i32 %out_mem_121, i32 %out_mem_122, i32 %out_mem_123, i32 %out_mem_124, i32 %out_mem_125, i32 %out_mem_126, i32 %out_mem_127, i32 %out_mem_128, i32 %out_mem_129, i32 %out_mem_130, i32 %out_mem_131, i32 %out_mem_132, i32 %out_mem_133, i32 %out_mem_134, i32 %out_mem_135, i32 %out_mem_136, i32 %out_mem_137, i32 %out_mem_138, i32 %out_mem_139, i32 %out_mem_140, i32 %out_mem_141, i32 %out_mem_142, i32 %out_mem_143, i32 %out_mem_144, i32 %out_mem_145, i32 %out_mem_146, i32 %out_mem_147, i32 %out_mem_148, i32 %out_mem_149, i32 %out_mem_150, i32 %out_mem_151, i32 %out_mem_152, i32 %out_mem_153, i32 %out_mem_154, i32 %out_mem_155, i32 %out_mem_156, i32 %out_mem_157, i32 %out_mem_158, i32 %out_mem_159, i32 %out_mem_160, i32 %out_mem_161, i32 %out_mem_162, i32 %out_mem_163, i32 %out_mem_164, i32 %out_mem_165, i32 %out_mem_166, i32 %out_mem_167, i32 %out_mem_168, i32 %out_mem_169, i32 %out_mem_170, i32 %out_mem_171, i32 %out_mem_172, i32 %out_mem_173, i32 %out_mem_174, i32 %out_mem_175, i32 %out_mem_176, i32 %out_mem_177, i32 %out_mem_178, i32 %out_mem_179, i32 %out_mem_180, i32 %out_mem_181, i32 %out_mem_182, i32 %out_mem_183, i32 %out_mem_184, i32 %out_mem_185, i32 %out_mem_186, i32 %out_mem_187, i32 %out_mem_188, i32 %out_mem_189, i32 %out_mem_190, i32 %out_mem_191, i32 %out_mem_192, i32 %out_mem_193, i32 %out_mem_194, i32 %out_mem_195, i32 %out_mem_196, i32 %out_mem_197, i32 %out_mem_198, i32 %out_mem_199, i32 %out_mem_200, i32 %out_mem_201, i32 %out_mem_202, i32 %out_mem_203, i32 %out_mem_204, i32 %out_mem_205, i32 %out_mem_206, i32 %out_mem_207, i32 %out_mem_208, i32 %out_mem_209, i32 %out_mem_210, i32 %out_mem_211, i32 %out_mem_212, i32 %out_mem_213, i32 %out_mem_214, i32 %out_mem_215, i32 %out_mem_216, i32 %out_mem_217, i32 %out_mem_218, i32 %out_mem_219, i32 %out_mem_220, i32 %out_mem_221, i32 %out_mem_222, i32 %out_mem_223, i32 %out_mem_224, i32 %out_mem_225, i32 %out_mem_226, i32 %out_mem_227, i32 %out_mem_228, i32 %out_mem_229, i32 %out_mem_230, i32 %out_mem_231, i32 %out_mem_232, i32 %out_mem_233, i32 %out_mem_234, i32 %out_mem_235, i32 %out_mem_236, i32 %out_mem_237, i32 %out_mem_238, i32 %out_mem_239, i32 %out_mem_240, i32 %out_mem_241, i32 %out_mem_242, i32 %out_mem_243, i32 %out_mem_244, i32 %out_mem_245, i32 %out_mem_246, i32 %out_mem_247, i32 %out_mem_248, i32 %out_mem_249, i32 %out_mem_250, i32 %out_mem_251, i32 %out_mem_252, i32 %out_mem_253, i32 %out_mem_254, i32 %out_mem_255, i32 %out_mem_256, i32 %out_mem_257, i32 %out_mem_258, i32 %out_mem_259, i32 %out_mem_260, i32 %out_mem_261, i32 %out_mem_262, i32 %out_mem_263, i32 %out_mem_264, i32 %out_mem_265, i32 %out_mem_266, i32 %out_mem_267, i32 %out_mem_268, i32 %out_mem_269, i32 %out_mem_270, i32 %out_mem_271, i32 %out_mem_272, i32 %out_mem_273, i32 %out_mem_274, i32 %out_mem_275, i32 %out_mem_276, i32 %out_mem_277, i32 %out_mem_278, i32 %out_mem_279, i32 %out_mem_280, i32 %out_mem_281, i32 %out_mem_282, i32 %out_mem_283, i32 %out_mem_284, i32 %out_mem_285, i32 %out_mem_286, i32 %out_mem_287, i32 %out_mem_288, i32 %out_mem_289, i32 %out_mem_290, i32 %out_mem_291, i32 %out_mem_292, i32 %out_mem_293, i32 %out_mem_294, i32 %out_mem_295, i32 %out_mem_296, i32 %out_mem_297, i32 %out_mem_298, i32 %out_mem_299, i32 %out_mem_300, i32 %out_mem_301, i32 %out_mem_302, i32 %out_mem_303, i32 %out_mem_304, i32 %out_mem_305, i32 %out_mem_306, i32 %out_mem_307, i32 %out_mem_308, i32 %out_mem_309, i32 %out_mem_310, i32 %out_mem_311, i32 %out_mem_312, i32 %out_mem_313, i32 %out_mem_314, i32 %out_mem_315, i32 %out_mem_316, i32 %out_mem_317, i32 %out_mem_318, i32 %out_mem_319, i32 %out_mem_320, i32 %out_mem_321, i32 %out_mem_322, i32 %out_mem_323, i32 %out_mem_324, i32 %out_mem_325, i32 %out_mem_326, i32 %out_mem_327, i32 %out_mem_328, i32 %out_mem_329, i32 %out_mem_330, i32 %out_mem_331, i32 %out_mem_332, i32 %out_mem_333, i32 %out_mem_334, i32 %out_mem_335, i32 %out_mem_336, i32 %out_mem_337, i32 %out_mem_338, i32 %out_mem_339, i32 %out_mem_340, i32 %out_mem_341, i32 %out_mem_342, i32 %out_mem_343, i32 %out_mem_344, i32 %out_mem_345, i32 %out_mem_346, i32 %out_mem_347, i32 %out_mem_348, i32 %out_mem_349, i32 %out_mem_350, i32 %out_mem_351, i32 %out_mem_352, i32 %out_mem_353, i32 %out_mem_354, i32 %out_mem_355, i32 %out_mem_356, i32 %out_mem_357, i32 %out_mem_358, i32 %out_mem_359, i32 %out_mem_360, i32 %out_mem_361, i32 %out_mem_362, i32 %out_mem_363, i32 %out_mem_364, i32 %out_mem_365, i32 %out_mem_366, i32 %out_mem_367, i32 %out_mem_368, i32 %out_mem_369, i32 %out_mem_370, i32 %out_mem_371, i32 %out_mem_372, i32 %out_mem_373, i32 %out_mem_374, i32 %out_mem_375, i32 %out_mem_376, i32 %out_mem_377, i32 %out_mem_378, i32 %out_mem_379, i32 %out_mem_380, i32 %out_mem_381, i32 %out_mem_382, i32 %out_mem_383, i32 %out_mem_384, i32 %out_mem_385, i32 %out_mem_386, i32 %out_mem_387, i32 %out_mem_388, i32 %out_mem_389, i32 %out_mem_390, i32 %out_mem_391, i32 %out_mem_392, i32 %out_mem_393, i32 %out_mem_394, i32 %out_mem_395, i32 %out_mem_396, i32 %out_mem_397, i32 %out_mem_398, i32 %out_mem_399, i32 %out_mem_400, i32 %out_mem_401, i32 %out_mem_402, i32 %out_mem_403, i32 %out_mem_404, i32 %out_mem_405, i32 %out_mem_406, i32 %out_mem_407, i32 %out_mem_408, i32 %out_mem_409, i32 %out_mem_410, i32 %out_mem_411, i32 %out_mem_412, i32 %out_mem_413, i32 %out_mem_414, i32 %out_mem_415, i32 %out_mem_416, i32 %out_mem_417, i32 %out_mem_418, i32 %out_mem_419, i32 %out_mem_420, i32 %out_mem_421, i32 %out_mem_422, i32 %out_mem_423, i32 %out_mem_424, i32 %out_mem_425, i32 %out_mem_426, i32 %out_mem_427, i32 %out_mem_428, i32 %out_mem_429, i32 %out_mem_430, i32 %out_mem_431, i32 %out_mem_432, i32 %out_mem_433, i32 %out_mem_434, i32 %out_mem_435, i32 %out_mem_436, i32 %out_mem_437, i32 %out_mem_438, i32 %out_mem_439, i32 %out_mem_440, i32 %out_mem_441, i32 %out_mem_442, i32 %out_mem_443, i32 %out_mem_444, i32 %out_mem_445, i32 %out_mem_446, i32 %out_mem_447, i32 %out_mem_448, i32 %out_mem449, i64 %gmem1, i64 %memory_c, i3 %img_0_c" [top_wrapper.cpp:129]   --->   Operation 919 'call' 'call_ln129' <Predicate = true> <Delay = 1.82> <CoreType = "Generic">   --->   Generic Core

State 5 <SV = 4> <Delay = 0.79>
ST_5 : Operation 920 [1/1] (0.00ns)   --->   "%empty = specchannel i32 @_ssdm_op_SpecChannel, void @memory_c_str, i32 1, void @p_str, void @p_str, i32 4, i32 0, i64 %memory_c, i64 %memory_c"   --->   Operation 920 'specchannel' 'empty' <Predicate = true> <Delay = 0.00>
ST_5 : Operation 921 [1/1] (0.00ns)   --->   "%specinterface_ln0 = specinterface void @_ssdm_op_SpecInterface, i64 %memory_c, void @ap_fifo_str, i32 0, i32 0, void @p_str, i32 0, i32 0, void @p_str, void @p_str, void @p_str, i32 2, i32 2, i32 16, i32 16, void @p_str, void @p_str, i32 4294967295, i32 0, i32 0"   --->   Operation 921 'specinterface' 'specinterface_ln0' <Predicate = true> <Delay = 0.00>
ST_5 : Operation 922 [1/1] (0.00ns)   --->   "%empty_45 = specchannel i32 @_ssdm_op_SpecChannel, void @img_OC_0_c_str, i32 1, void @p_str, void @p_str, i32 3, i32 0, i3 %img_0_c, i3 %img_0_c"   --->   Operation 922 'specchannel' 'empty_45' <Predicate = true> <Delay = 0.00>
ST_5 : Operation 923 [1/1] (0.00ns)   --->   "%specinterface_ln0 = specinterface void @_ssdm_op_SpecInterface, i3 %img_0_c, void @ap_fifo_str, i32 0, i32 0, void @p_str, i32 0, i32 0, void @p_str, void @p_str, void @p_str, i32 2, i32 2, i32 16, i32 16, void @p_str, void @p_str, i32 4294967295, i32 0, i32 0"   --->   Operation 923 'specinterface' 'specinterface_ln0' <Predicate = true> <Delay = 0.00>
ST_5 : Operation 924 [1/1] (0.00ns)   --->   "%specdataflowpipeline_ln0 = specdataflowpipeline void @_ssdm_op_SpecDataflowPipeline, i32 4294967295, i32 0, void @empty_20"   --->   Operation 924 'specdataflowpipeline' 'specdataflowpipeline_ln0' <Predicate = true> <Delay = 0.00>
ST_5 : Operation 925 [1/1] (0.00ns)   --->   "%specmemcore_ln0 = specmemcore void @_ssdm_op_SpecMemCore, i45 %memory_in, i64 666, i64 207, i64 1"   --->   Operation 925 'specmemcore' 'specmemcore_ln0' <Predicate = true> <Delay = 0.00>
ST_5 : Operation 926 [1/1] (0.00ns)   --->   "%specinterface_ln0 = specinterface void @_ssdm_op_SpecInterface, i45 %memory_in, void @empty_1, i32 0, i32 0, void @empty_20, i32 1, i32 0, void @empty_20, void @empty_20, void @empty_20, i32 0, i32 0, i32 0, i32 0, void @empty_20, void @empty_20, i32 4294967295, i32 0, i32 0"   --->   Operation 926 'specinterface' 'specinterface_ln0' <Predicate = true> <Delay = 0.00>
ST_5 : Operation 927 [1/1] (0.00ns)   --->   "%specinterface_ln0 = specinterface void @_ssdm_op_SpecInterface, i64 %gmem1, void @empty_21, i32 0, i32 0, void @empty_20, i32 0, i32 0, void @empty_18, void @empty_15, void @empty_20, i32 16, i32 16, i32 16, i32 16, void @empty_20, void @empty_20, i32 4294967295, i32 0, i32 0"   --->   Operation 927 'specinterface' 'specinterface_ln0' <Predicate = true> <Delay = 0.00>
ST_5 : Operation 928 [1/1] (0.00ns)   --->   "%specinterface_ln0 = specinterface void @_ssdm_op_SpecInterface, i32 %gmem2, void @empty_21, i32 0, i32 0, void @empty_20, i32 0, i32 100, void @empty_19, void @empty_15, void @empty_20, i32 16, i32 16, i32 16, i32 16, void @empty_20, void @empty_20, i32 4294967295, i32 0, i32 0"   --->   Operation 928 'specinterface' 'specinterface_ln0' <Predicate = true> <Delay = 0.00>
ST_5 : Operation 929 [1/1] (0.00ns)   --->   "%empty_46 = specchannel i32 @_ssdm_op_SpecChannel, void @filter2conv_str, i32 1, void @p_str, void @p_str, i32 100, i32 100, i8 %filter2conv, i8 %filter2conv"   --->   Operation 929 'specchannel' 'empty_46' <Predicate = true> <Delay = 0.00>
ST_5 : Operation 930 [1/1] (0.00ns)   --->   "%specinterface_ln0 = specinterface void @_ssdm_op_SpecInterface, i8 %filter2conv, void @empty_22, i32 0, i32 0, void @empty_20, i32 0, i32 0, void @empty_20, void @empty_20, void @empty_20, i32 0, i32 0, i32 0, i32 0, void @empty_20, void @empty_20, i32 4294967295, i32 0, i32 0"   --->   Operation 930 'specinterface' 'specinterface_ln0' <Predicate = true> <Delay = 0.00>
ST_5 : Operation 931 [1/2] (0.79ns)   --->   "%call_ln129 = call void @out_conv2mem<2, 13, 13, 3, 3, 2, 11, 11, 1, 162, 1, 1, 5, 5, 2, 3>, i32 %out_mem, i32 %out_mem_1, i32 %out_mem_2, i32 %out_mem_3, i32 %out_mem_4, i32 %out_mem_5, i32 %out_mem_6, i32 %out_mem_7, i32 %out_mem_8, i32 %out_mem_9, i32 %out_mem_10, i32 %out_mem_11, i32 %out_mem_12, i32 %out_mem_13, i32 %out_mem_14, i32 %out_mem_15, i32 %out_mem_16, i32 %out_mem_17, i32 %out_mem_18, i32 %out_mem_19, i32 %out_mem_20, i32 %out_mem_21, i32 %out_mem_22, i32 %out_mem_23, i32 %out_mem_24, i32 %out_mem_25, i32 %out_mem_26, i32 %out_mem_27, i32 %out_mem_28, i32 %out_mem_29, i32 %out_mem_30, i32 %out_mem_31, i32 %out_mem_32, i32 %out_mem_33, i32 %out_mem_34, i32 %out_mem_35, i32 %out_mem_36, i32 %out_mem_37, i32 %out_mem_38, i32 %out_mem_39, i32 %out_mem_40, i32 %out_mem_41, i32 %out_mem_42, i32 %out_mem_43, i32 %out_mem_44, i32 %out_mem_45, i32 %out_mem_46, i32 %out_mem_47, i32 %out_mem_48, i32 %out_mem_49, i32 %out_mem_50, i32 %out_mem_51, i32 %out_mem_52, i32 %out_mem_53, i32 %out_mem_54, i32 %out_mem_55, i32 %out_mem_56, i32 %out_mem_57, i32 %out_mem_58, i32 %out_mem_59, i32 %out_mem_60, i32 %out_mem_61, i32 %out_mem_62, i32 %out_mem_63, i32 %out_mem_64, i32 %out_mem_65, i32 %out_mem_66, i32 %out_mem_67, i32 %out_mem_68, i32 %out_mem_69, i32 %out_mem_70, i32 %out_mem_71, i32 %out_mem_72, i32 %out_mem_73, i32 %out_mem_74, i32 %out_mem_75, i32 %out_mem_76, i32 %out_mem_77, i32 %out_mem_78, i32 %out_mem_79, i32 %out_mem_80, i32 %out_mem_81, i32 %out_mem_82, i32 %out_mem_83, i32 %out_mem_84, i32 %out_mem_85, i32 %out_mem_86, i32 %out_mem_87, i32 %out_mem_88, i32 %out_mem_89, i32 %out_mem_90, i32 %out_mem_91, i32 %out_mem_92, i32 %out_mem_93, i32 %out_mem_94, i32 %out_mem_95, i32 %out_mem_96, i32 %out_mem_97, i32 %out_mem_98, i32 %out_mem_99, i32 %out_mem_100, i32 %out_mem_101, i32 %out_mem_102, i32 %out_mem_103, i32 %out_mem_104, i32 %out_mem_105, i32 %out_mem_106, i32 %out_mem_107, i32 %out_mem_108, i32 %out_mem_109, i32 %out_mem_110, i32 %out_mem_111, i32 %out_mem_112, i32 %out_mem_113, i32 %out_mem_114, i32 %out_mem_115, i32 %out_mem_116, i32 %out_mem_117, i32 %out_mem_118, i32 %out_mem_119, i32 %out_mem_120, i32 %out_mem_121, i32 %out_mem_122, i32 %out_mem_123, i32 %out_mem_124, i32 %out_mem_125, i32 %out_mem_126, i32 %out_mem_127, i32 %out_mem_128, i32 %out_mem_129, i32 %out_mem_130, i32 %out_mem_131, i32 %out_mem_132, i32 %out_mem_133, i32 %out_mem_134, i32 %out_mem_135, i32 %out_mem_136, i32 %out_mem_137, i32 %out_mem_138, i32 %out_mem_139, i32 %out_mem_140, i32 %out_mem_141, i32 %out_mem_142, i32 %out_mem_143, i32 %out_mem_144, i32 %out_mem_145, i32 %out_mem_146, i32 %out_mem_147, i32 %out_mem_148, i32 %out_mem_149, i32 %out_mem_150, i32 %out_mem_151, i32 %out_mem_152, i32 %out_mem_153, i32 %out_mem_154, i32 %out_mem_155, i32 %out_mem_156, i32 %out_mem_157, i32 %out_mem_158, i32 %out_mem_159, i32 %out_mem_160, i32 %out_mem_161, i32 %out_mem_162, i32 %out_mem_163, i32 %out_mem_164, i32 %out_mem_165, i32 %out_mem_166, i32 %out_mem_167, i32 %out_mem_168, i32 %out_mem_169, i32 %out_mem_170, i32 %out_mem_171, i32 %out_mem_172, i32 %out_mem_173, i32 %out_mem_174, i32 %out_mem_175, i32 %out_mem_176, i32 %out_mem_177, i32 %out_mem_178, i32 %out_mem_179, i32 %out_mem_180, i32 %out_mem_181, i32 %out_mem_182, i32 %out_mem_183, i32 %out_mem_184, i32 %out_mem_185, i32 %out_mem_186, i32 %out_mem_187, i32 %out_mem_188, i32 %out_mem_189, i32 %out_mem_190, i32 %out_mem_191, i32 %out_mem_192, i32 %out_mem_193, i32 %out_mem_194, i32 %out_mem_195, i32 %out_mem_196, i32 %out_mem_197, i32 %out_mem_198, i32 %out_mem_199, i32 %out_mem_200, i32 %out_mem_201, i32 %out_mem_202, i32 %out_mem_203, i32 %out_mem_204, i32 %out_mem_205, i32 %out_mem_206, i32 %out_mem_207, i32 %out_mem_208, i32 %out_mem_209, i32 %out_mem_210, i32 %out_mem_211, i32 %out_mem_212, i32 %out_mem_213, i32 %out_mem_214, i32 %out_mem_215, i32 %out_mem_216, i32 %out_mem_217, i32 %out_mem_218, i32 %out_mem_219, i32 %out_mem_220, i32 %out_mem_221, i32 %out_mem_222, i32 %out_mem_223, i32 %out_mem_224, i32 %out_mem_225, i32 %out_mem_226, i32 %out_mem_227, i32 %out_mem_228, i32 %out_mem_229, i32 %out_mem_230, i32 %out_mem_231, i32 %out_mem_232, i32 %out_mem_233, i32 %out_mem_234, i32 %out_mem_235, i32 %out_mem_236, i32 %out_mem_237, i32 %out_mem_238, i32 %out_mem_239, i32 %out_mem_240, i32 %out_mem_241, i32 %out_mem_242, i32 %out_mem_243, i32 %out_mem_244, i32 %out_mem_245, i32 %out_mem_246, i32 %out_mem_247, i32 %out_mem_248, i32 %out_mem_249, i32 %out_mem_250, i32 %out_mem_251, i32 %out_mem_252, i32 %out_mem_253, i32 %out_mem_254, i32 %out_mem_255, i32 %out_mem_256, i32 %out_mem_257, i32 %out_mem_258, i32 %out_mem_259, i32 %out_mem_260, i32 %out_mem_261, i32 %out_mem_262, i32 %out_mem_263, i32 %out_mem_264, i32 %out_mem_265, i32 %out_mem_266, i32 %out_mem_267, i32 %out_mem_268, i32 %out_mem_269, i32 %out_mem_270, i32 %out_mem_271, i32 %out_mem_272, i32 %out_mem_273, i32 %out_mem_274, i32 %out_mem_275, i32 %out_mem_276, i32 %out_mem_277, i32 %out_mem_278, i32 %out_mem_279, i32 %out_mem_280, i32 %out_mem_281, i32 %out_mem_282, i32 %out_mem_283, i32 %out_mem_284, i32 %out_mem_285, i32 %out_mem_286, i32 %out_mem_287, i32 %out_mem_288, i32 %out_mem_289, i32 %out_mem_290, i32 %out_mem_291, i32 %out_mem_292, i32 %out_mem_293, i32 %out_mem_294, i32 %out_mem_295, i32 %out_mem_296, i32 %out_mem_297, i32 %out_mem_298, i32 %out_mem_299, i32 %out_mem_300, i32 %out_mem_301, i32 %out_mem_302, i32 %out_mem_303, i32 %out_mem_304, i32 %out_mem_305, i32 %out_mem_306, i32 %out_mem_307, i32 %out_mem_308, i32 %out_mem_309, i32 %out_mem_310, i32 %out_mem_311, i32 %out_mem_312, i32 %out_mem_313, i32 %out_mem_314, i32 %out_mem_315, i32 %out_mem_316, i32 %out_mem_317, i32 %out_mem_318, i32 %out_mem_319, i32 %out_mem_320, i32 %out_mem_321, i32 %out_mem_322, i32 %out_mem_323, i32 %out_mem_324, i32 %out_mem_325, i32 %out_mem_326, i32 %out_mem_327, i32 %out_mem_328, i32 %out_mem_329, i32 %out_mem_330, i32 %out_mem_331, i32 %out_mem_332, i32 %out_mem_333, i32 %out_mem_334, i32 %out_mem_335, i32 %out_mem_336, i32 %out_mem_337, i32 %out_mem_338, i32 %out_mem_339, i32 %out_mem_340, i32 %out_mem_341, i32 %out_mem_342, i32 %out_mem_343, i32 %out_mem_344, i32 %out_mem_345, i32 %out_mem_346, i32 %out_mem_347, i32 %out_mem_348, i32 %out_mem_349, i32 %out_mem_350, i32 %out_mem_351, i32 %out_mem_352, i32 %out_mem_353, i32 %out_mem_354, i32 %out_mem_355, i32 %out_mem_356, i32 %out_mem_357, i32 %out_mem_358, i32 %out_mem_359, i32 %out_mem_360, i32 %out_mem_361, i32 %out_mem_362, i32 %out_mem_363, i32 %out_mem_364, i32 %out_mem_365, i32 %out_mem_366, i32 %out_mem_367, i32 %out_mem_368, i32 %out_mem_369, i32 %out_mem_370, i32 %out_mem_371, i32 %out_mem_372, i32 %out_mem_373, i32 %out_mem_374, i32 %out_mem_375, i32 %out_mem_376, i32 %out_mem_377, i32 %out_mem_378, i32 %out_mem_379, i32 %out_mem_380, i32 %out_mem_381, i32 %out_mem_382, i32 %out_mem_383, i32 %out_mem_384, i32 %out_mem_385, i32 %out_mem_386, i32 %out_mem_387, i32 %out_mem_388, i32 %out_mem_389, i32 %out_mem_390, i32 %out_mem_391, i32 %out_mem_392, i32 %out_mem_393, i32 %out_mem_394, i32 %out_mem_395, i32 %out_mem_396, i32 %out_mem_397, i32 %out_mem_398, i32 %out_mem_399, i32 %out_mem_400, i32 %out_mem_401, i32 %out_mem_402, i32 %out_mem_403, i32 %out_mem_404, i32 %out_mem_405, i32 %out_mem_406, i32 %out_mem_407, i32 %out_mem_408, i32 %out_mem_409, i32 %out_mem_410, i32 %out_mem_411, i32 %out_mem_412, i32 %out_mem_413, i32 %out_mem_414, i32 %out_mem_415, i32 %out_mem_416, i32 %out_mem_417, i32 %out_mem_418, i32 %out_mem_419, i32 %out_mem_420, i32 %out_mem_421, i32 %out_mem_422, i32 %out_mem_423, i32 %out_mem_424, i32 %out_mem_425, i32 %out_mem_426, i32 %out_mem_427, i32 %out_mem_428, i32 %out_mem_429, i32 %out_mem_430, i32 %out_mem_431, i32 %out_mem_432, i32 %out_mem_433, i32 %out_mem_434, i32 %out_mem_435, i32 %out_mem_436, i32 %out_mem_437, i32 %out_mem_438, i32 %out_mem_439, i32 %out_mem_440, i32 %out_mem_441, i32 %out_mem_442, i32 %out_mem_443, i32 %out_mem_444, i32 %out_mem_445, i32 %out_mem_446, i32 %out_mem_447, i32 %out_mem_448, i32 %out_mem449, i64 %gmem1, i64 %memory_c, i3 %img_0_c" [top_wrapper.cpp:129]   --->   Operation 931 'call' 'call_ln129' <Predicate = true> <Delay = 0.79> <CoreType = "Generic">   --->   Generic Core
ST_5 : Operation 932 [1/1] (0.00ns)   --->   "%ret_ln0 = ret"   --->   Operation 932 'ret' 'ret_ln0' <Predicate = true> <Delay = 0.00>


============================================================
+ Verbose Summary: Timing violations
============================================================
Target clock period: 5.000ns, clock uncertainty: 1.350ns.

 <State 1>: 2.236ns
The critical path consists of the following:
	wire read operation ('img_0_read') on port 'img_0' [8]  (0.000 ns)
	'call' operation 20250 bit ('call_ret2', top_wrapper.cpp:121) to 'load_input' [26]  (2.236 ns)

 <State 2>: 0.000ns
The critical path consists of the following:

 <State 3>: 1.825ns
The critical path consists of the following:
	'call' operation 14400 bit ('call_ret1', top_wrapper.cpp:123) to 'conv<2, 13, 13, 3, 3, 2, 11, 11, 1, 1, 5, 1, 5, 5, 2, 3>' [477]  (1.825 ns)

 <State 4>: 2.373ns
The critical path consists of the following:
	'call' operation 14400 bit ('call_ret1', top_wrapper.cpp:123) to 'conv<2, 13, 13, 3, 3, 2, 11, 11, 1, 1, 5, 1, 5, 5, 2, 3>' [477]  (0.548 ns)
	'call' operation 0 bit ('call_ln129', top_wrapper.cpp:129) to 'out_conv2mem<2, 13, 13, 3, 3, 2, 11, 11, 1, 162, 1, 1, 5, 5, 2, 3>' [928]  (1.825 ns)

 <State 5>: 0.797ns
The critical path consists of the following:
	'call' operation 0 bit ('call_ln129', top_wrapper.cpp:129) to 'out_conv2mem<2, 13, 13, 3, 3, 2, 11, 11, 1, 162, 1, 1, 5, 5, 2, 3>' [928]  (0.797 ns)


============================================================
+ Verbose Summary: Binding
============================================================
N/A
* FSMD analyzer results:
  - Output states:
 - Input state : 
  - Chain level:
	State 1
	State 2
	State 3
	State 4
	State 5


============================================================
+ Verbose Summary: Datapath Resource usage 
============================================================
N/A
