

================================================================
== Vitis HLS Report for 'load_input_Pipeline_load_input_loop_VITIS_LOOP_9_1'
================================================================
* Date:           Tue May 27 16:09:40 2025

* Version:        2024.2 (Build 5238294 on Nov  8 2024)
* Project:        convolution
* Solution:       solution_0 (Vivado IP Flow Target)
* Product family: zynquplus
* Target device:  xck26-sfvc784-2LV-c


================================================================
== Performance Estimates
================================================================
+ Timing: 
    * Summary: 
    +--------+---------+----------+------------+
    |  Clock |  Target | Estimated| Uncertainty|
    +--------+---------+----------+------------+
    |ap_clk  |  5.00 ns|  2.771 ns|     1.35 ns|
    +--------+---------+----------+------------+

+ Latency: 
    * Summary: 
    +---------+---------+----------+----------+-----+-----+------------------------------------------------+
    |  Latency (cycles) |  Latency (absolute) |  Interval |                    Pipeline                    |
    |   min   |   max   |    min   |    max   | min | max |                      Type                      |
    +---------+---------+----------+----------+-----+-----+------------------------------------------------+
    |      471|      471|  2.355 us|  2.355 us|  450|  450|  loop auto-rewind stp (delay=0 clock cycles(s))|
    +---------+---------+----------+----------+-----+-----+------------------------------------------------+

    + Detail: 
        * Instance: 
        N/A

        * Loop: 
        +----------------------------------+---------+---------+----------+-----------+-----------+------+----------+
        |                                  |  Latency (cycles) | Iteration|  Initiation Interval  | Trip |          |
        |             Loop Name            |   min   |   max   |  Latency |  achieved |   target  | Count| Pipelined|
        +----------------------------------+---------+---------+----------+-----------+-----------+------+----------+
        |- load_input_loop_VITIS_LOOP_9_1  |      469|      469|        21|          1|          1|   450|       yes|
        +----------------------------------+---------+---------+----------+-----------+-----------+------+----------+

============================================================
+ Verbose Summary: Synthesis Manager
============================================================
InlineROM: 1
ExposeGlobal: 0
============================================================
+ Verbose Summary: CDFG Model
============================================================
IsTopModel: 0
ResetActiveHigh: 1
IsCombinational: 0
IsDatapathOnly: 0
HasWiredReturn: 1
HasMFsm: 2
HasVarLatency: 1
IsPipeline: 0
IsRtlPipelined: 0
IsInstanceOverlapped: 0
IsDontTouch: 0
HasImplIP: 0
IsGatedGlobalClock: 0

+ Individual pipeline summary: 
  * Pipeline-0: initiation interval (II) = 1, depth = 21


============================================================
+ Verbose Summary: Schedule
============================================================
* Number of FSM states : 21
* Pipeline : 1
  Pipeline-0 : II = 1, D = 21, States = { 1 2 3 4 5 6 7 8 9 10 11 12 13 14 15 16 17 18 19 20 21 }
* Dataflow Pipeline: 0

* FSM state transitions: 
1 --> 2 
2 --> 3 
3 --> 4 
4 --> 5 
5 --> 6 
6 --> 7 
7 --> 8 
8 --> 9 
9 --> 10 
10 --> 11 
11 --> 12 
12 --> 13 
13 --> 14 
14 --> 15 
15 --> 16 
16 --> 17 
17 --> 18 
18 --> 19 
19 --> 20 
20 --> 21 
21 --> 

* FSM state operations: 

State 1 <SV = 0> <Delay = 2.61>
ST_1 : Operation 24 [1/1] (0.00ns)   --->   "%indvar_flatten3 = alloca i32 1"   --->   Operation 24 'alloca' 'indvar_flatten3' <Predicate = true> <Delay = 0.00>
ST_1 : Operation 25 [1/1] (0.00ns)   --->   "%i4 = alloca i32 1"   --->   Operation 25 'alloca' 'i4' <Predicate = true> <Delay = 0.00>
ST_1 : Operation 26 [1/1] (0.00ns)   --->   "%j5 = alloca i32 1"   --->   Operation 26 'alloca' 'j5' <Predicate = true> <Delay = 0.00>
ST_1 : Operation 27 [1/1] (0.00ns)   --->   "%tmp = read i14 @_ssdm_op_Read.ap_auto.i14, i14 %empty"   --->   Operation 27 'read' 'tmp' <Predicate = true> <Delay = 0.00>
ST_1 : Operation 28 [1/1] (0.00ns)   --->   "%p_cast = zext i14 %tmp"   --->   Operation 28 'zext' 'p_cast' <Predicate = true> <Delay = 0.00>
ST_1 : Operation 29 [1/1] (0.00ns)   --->   "%specmemcore_ln0 = specmemcore void @_ssdm_op_SpecMemCore, i45 %memory_in, i64 666, i64 207, i64 1"   --->   Operation 29 'specmemcore' 'specmemcore_ln0' <Predicate = true> <Delay = 0.00>
ST_1 : Operation 30 [1/1] (0.00ns)   --->   "%specinterface_ln0 = specinterface void @_ssdm_op_SpecInterface, i45 %memory_in, void @empty_1, i32 0, i32 0, void @empty_20, i32 1, i32 0, void @empty_20, void @empty_20, void @empty_20, i32 0, i32 0, i32 0, i32 0, void @empty_20, void @empty_20, i32 4294967295, i32 0, i32 0"   --->   Operation 30 'specinterface' 'specinterface_ln0' <Predicate = true> <Delay = 0.00>
ST_1 : Operation 31 [1/1] (0.00ns)   --->   "%memory_in_local = alloca i64 1"   --->   Operation 31 'alloca' 'memory_in_local' <Predicate = true> <Delay = 0.00>
ST_1 : Operation 32 [1/1] (0.00ns)   --->   "%memory_in_local_1 = alloca i64 1"   --->   Operation 32 'alloca' 'memory_in_local_1' <Predicate = true> <Delay = 0.00>
ST_1 : Operation 33 [1/1] (0.00ns)   --->   "%memory_in_local_2 = alloca i64 1"   --->   Operation 33 'alloca' 'memory_in_local_2' <Predicate = true> <Delay = 0.00>
ST_1 : Operation 34 [1/1] (0.00ns)   --->   "%memory_in_local_3 = alloca i64 1"   --->   Operation 34 'alloca' 'memory_in_local_3' <Predicate = true> <Delay = 0.00>
ST_1 : Operation 35 [1/1] (0.00ns)   --->   "%memory_in_local_4 = alloca i64 1"   --->   Operation 35 'alloca' 'memory_in_local_4' <Predicate = true> <Delay = 0.00>
ST_1 : Operation 36 [1/1] (0.00ns)   --->   "%memory_in_local_5 = alloca i64 1"   --->   Operation 36 'alloca' 'memory_in_local_5' <Predicate = true> <Delay = 0.00>
ST_1 : Operation 37 [1/1] (0.00ns)   --->   "%memory_in_local_6 = alloca i64 1"   --->   Operation 37 'alloca' 'memory_in_local_6' <Predicate = true> <Delay = 0.00>
ST_1 : Operation 38 [1/1] (0.00ns)   --->   "%memory_in_local_7 = alloca i64 1"   --->   Operation 38 'alloca' 'memory_in_local_7' <Predicate = true> <Delay = 0.00>
ST_1 : Operation 39 [1/1] (0.00ns)   --->   "%memory_in_local_8 = alloca i64 1"   --->   Operation 39 'alloca' 'memory_in_local_8' <Predicate = true> <Delay = 0.00>
ST_1 : Operation 40 [1/1] (0.00ns)   --->   "%memory_in_local_9 = alloca i64 1"   --->   Operation 40 'alloca' 'memory_in_local_9' <Predicate = true> <Delay = 0.00>
ST_1 : Operation 41 [1/1] (0.00ns)   --->   "%memory_in_local_10 = alloca i64 1"   --->   Operation 41 'alloca' 'memory_in_local_10' <Predicate = true> <Delay = 0.00>
ST_1 : Operation 42 [1/1] (0.00ns)   --->   "%memory_in_local_11 = alloca i64 1"   --->   Operation 42 'alloca' 'memory_in_local_11' <Predicate = true> <Delay = 0.00>
ST_1 : Operation 43 [1/1] (0.00ns)   --->   "%memory_in_local_12 = alloca i64 1"   --->   Operation 43 'alloca' 'memory_in_local_12' <Predicate = true> <Delay = 0.00>
ST_1 : Operation 44 [1/1] (0.00ns)   --->   "%memory_in_local_13 = alloca i64 1"   --->   Operation 44 'alloca' 'memory_in_local_13' <Predicate = true> <Delay = 0.00>
ST_1 : Operation 45 [1/1] (0.00ns)   --->   "%memory_in_local_14 = alloca i64 1"   --->   Operation 45 'alloca' 'memory_in_local_14' <Predicate = true> <Delay = 0.00>
ST_1 : Operation 46 [1/1] (0.00ns)   --->   "%memory_in_local_15 = alloca i64 1"   --->   Operation 46 'alloca' 'memory_in_local_15' <Predicate = true> <Delay = 0.00>
ST_1 : Operation 47 [1/1] (0.00ns)   --->   "%memory_in_local_16 = alloca i64 1"   --->   Operation 47 'alloca' 'memory_in_local_16' <Predicate = true> <Delay = 0.00>
ST_1 : Operation 48 [1/1] (0.00ns)   --->   "%memory_in_local_17 = alloca i64 1"   --->   Operation 48 'alloca' 'memory_in_local_17' <Predicate = true> <Delay = 0.00>
ST_1 : Operation 49 [1/1] (0.00ns)   --->   "%memory_in_local_18 = alloca i64 1"   --->   Operation 49 'alloca' 'memory_in_local_18' <Predicate = true> <Delay = 0.00>
ST_1 : Operation 50 [1/1] (0.00ns)   --->   "%memory_in_local_19 = alloca i64 1"   --->   Operation 50 'alloca' 'memory_in_local_19' <Predicate = true> <Delay = 0.00>
ST_1 : Operation 51 [1/1] (0.00ns)   --->   "%memory_in_local_20 = alloca i64 1"   --->   Operation 51 'alloca' 'memory_in_local_20' <Predicate = true> <Delay = 0.00>
ST_1 : Operation 52 [1/1] (0.00ns)   --->   "%memory_in_local_21 = alloca i64 1"   --->   Operation 52 'alloca' 'memory_in_local_21' <Predicate = true> <Delay = 0.00>
ST_1 : Operation 53 [1/1] (0.00ns)   --->   "%memory_in_local_22 = alloca i64 1"   --->   Operation 53 'alloca' 'memory_in_local_22' <Predicate = true> <Delay = 0.00>
ST_1 : Operation 54 [1/1] (0.00ns)   --->   "%memory_in_local_23 = alloca i64 1"   --->   Operation 54 'alloca' 'memory_in_local_23' <Predicate = true> <Delay = 0.00>
ST_1 : Operation 55 [1/1] (0.00ns)   --->   "%memory_in_local_24 = alloca i64 1"   --->   Operation 55 'alloca' 'memory_in_local_24' <Predicate = true> <Delay = 0.00>
ST_1 : Operation 56 [1/1] (0.00ns)   --->   "%memory_in_local_25 = alloca i64 1"   --->   Operation 56 'alloca' 'memory_in_local_25' <Predicate = true> <Delay = 0.00>
ST_1 : Operation 57 [1/1] (0.00ns)   --->   "%memory_in_local_26 = alloca i64 1"   --->   Operation 57 'alloca' 'memory_in_local_26' <Predicate = true> <Delay = 0.00>
ST_1 : Operation 58 [1/1] (0.00ns)   --->   "%memory_in_local_27 = alloca i64 1"   --->   Operation 58 'alloca' 'memory_in_local_27' <Predicate = true> <Delay = 0.00>
ST_1 : Operation 59 [1/1] (0.00ns)   --->   "%memory_in_local_28 = alloca i64 1"   --->   Operation 59 'alloca' 'memory_in_local_28' <Predicate = true> <Delay = 0.00>
ST_1 : Operation 60 [1/1] (0.00ns)   --->   "%memory_in_local_29 = alloca i64 1"   --->   Operation 60 'alloca' 'memory_in_local_29' <Predicate = true> <Delay = 0.00>
ST_1 : Operation 61 [1/1] (0.00ns)   --->   "%memory_in_local_30 = alloca i64 1"   --->   Operation 61 'alloca' 'memory_in_local_30' <Predicate = true> <Delay = 0.00>
ST_1 : Operation 62 [1/1] (0.00ns)   --->   "%memory_in_local_31 = alloca i64 1"   --->   Operation 62 'alloca' 'memory_in_local_31' <Predicate = true> <Delay = 0.00>
ST_1 : Operation 63 [1/1] (0.00ns)   --->   "%memory_in_local_32 = alloca i64 1"   --->   Operation 63 'alloca' 'memory_in_local_32' <Predicate = true> <Delay = 0.00>
ST_1 : Operation 64 [1/1] (0.00ns)   --->   "%memory_in_local_33 = alloca i64 1"   --->   Operation 64 'alloca' 'memory_in_local_33' <Predicate = true> <Delay = 0.00>
ST_1 : Operation 65 [1/1] (0.00ns)   --->   "%memory_in_local_34 = alloca i64 1"   --->   Operation 65 'alloca' 'memory_in_local_34' <Predicate = true> <Delay = 0.00>
ST_1 : Operation 66 [1/1] (0.00ns)   --->   "%memory_in_local_35 = alloca i64 1"   --->   Operation 66 'alloca' 'memory_in_local_35' <Predicate = true> <Delay = 0.00>
ST_1 : Operation 67 [1/1] (0.00ns)   --->   "%memory_in_local_36 = alloca i64 1"   --->   Operation 67 'alloca' 'memory_in_local_36' <Predicate = true> <Delay = 0.00>
ST_1 : Operation 68 [1/1] (0.00ns)   --->   "%memory_in_local_37 = alloca i64 1"   --->   Operation 68 'alloca' 'memory_in_local_37' <Predicate = true> <Delay = 0.00>
ST_1 : Operation 69 [1/1] (0.00ns)   --->   "%memory_in_local_38 = alloca i64 1"   --->   Operation 69 'alloca' 'memory_in_local_38' <Predicate = true> <Delay = 0.00>
ST_1 : Operation 70 [1/1] (0.00ns)   --->   "%memory_in_local_39 = alloca i64 1"   --->   Operation 70 'alloca' 'memory_in_local_39' <Predicate = true> <Delay = 0.00>
ST_1 : Operation 71 [1/1] (0.00ns)   --->   "%memory_in_local_40 = alloca i64 1"   --->   Operation 71 'alloca' 'memory_in_local_40' <Predicate = true> <Delay = 0.00>
ST_1 : Operation 72 [1/1] (0.00ns)   --->   "%memory_in_local_41 = alloca i64 1"   --->   Operation 72 'alloca' 'memory_in_local_41' <Predicate = true> <Delay = 0.00>
ST_1 : Operation 73 [1/1] (0.00ns)   --->   "%memory_in_local_42 = alloca i64 1"   --->   Operation 73 'alloca' 'memory_in_local_42' <Predicate = true> <Delay = 0.00>
ST_1 : Operation 74 [1/1] (0.00ns)   --->   "%memory_in_local_43 = alloca i64 1"   --->   Operation 74 'alloca' 'memory_in_local_43' <Predicate = true> <Delay = 0.00>
ST_1 : Operation 75 [1/1] (0.00ns)   --->   "%memory_in_local_44 = alloca i64 1"   --->   Operation 75 'alloca' 'memory_in_local_44' <Predicate = true> <Delay = 0.00>
ST_1 : Operation 76 [1/1] (0.00ns)   --->   "%memory_in_local_45 = alloca i64 1"   --->   Operation 76 'alloca' 'memory_in_local_45' <Predicate = true> <Delay = 0.00>
ST_1 : Operation 77 [1/1] (0.00ns)   --->   "%memory_in_local_46 = alloca i64 1"   --->   Operation 77 'alloca' 'memory_in_local_46' <Predicate = true> <Delay = 0.00>
ST_1 : Operation 78 [1/1] (0.00ns)   --->   "%memory_in_local_47 = alloca i64 1"   --->   Operation 78 'alloca' 'memory_in_local_47' <Predicate = true> <Delay = 0.00>
ST_1 : Operation 79 [1/1] (0.00ns)   --->   "%memory_in_local_48 = alloca i64 1"   --->   Operation 79 'alloca' 'memory_in_local_48' <Predicate = true> <Delay = 0.00>
ST_1 : Operation 80 [1/1] (0.00ns)   --->   "%memory_in_local_49 = alloca i64 1"   --->   Operation 80 'alloca' 'memory_in_local_49' <Predicate = true> <Delay = 0.00>
ST_1 : Operation 81 [1/1] (0.00ns)   --->   "%memory_in_local_50 = alloca i64 1"   --->   Operation 81 'alloca' 'memory_in_local_50' <Predicate = true> <Delay = 0.00>
ST_1 : Operation 82 [1/1] (0.00ns)   --->   "%memory_in_local_51 = alloca i64 1"   --->   Operation 82 'alloca' 'memory_in_local_51' <Predicate = true> <Delay = 0.00>
ST_1 : Operation 83 [1/1] (0.00ns)   --->   "%memory_in_local_52 = alloca i64 1"   --->   Operation 83 'alloca' 'memory_in_local_52' <Predicate = true> <Delay = 0.00>
ST_1 : Operation 84 [1/1] (0.00ns)   --->   "%memory_in_local_53 = alloca i64 1"   --->   Operation 84 'alloca' 'memory_in_local_53' <Predicate = true> <Delay = 0.00>
ST_1 : Operation 85 [1/1] (0.00ns)   --->   "%memory_in_local_54 = alloca i64 1"   --->   Operation 85 'alloca' 'memory_in_local_54' <Predicate = true> <Delay = 0.00>
ST_1 : Operation 86 [1/1] (0.00ns)   --->   "%memory_in_local_55 = alloca i64 1"   --->   Operation 86 'alloca' 'memory_in_local_55' <Predicate = true> <Delay = 0.00>
ST_1 : Operation 87 [1/1] (0.00ns)   --->   "%memory_in_local_56 = alloca i64 1"   --->   Operation 87 'alloca' 'memory_in_local_56' <Predicate = true> <Delay = 0.00>
ST_1 : Operation 88 [1/1] (0.00ns)   --->   "%memory_in_local_57 = alloca i64 1"   --->   Operation 88 'alloca' 'memory_in_local_57' <Predicate = true> <Delay = 0.00>
ST_1 : Operation 89 [1/1] (0.00ns)   --->   "%memory_in_local_58 = alloca i64 1"   --->   Operation 89 'alloca' 'memory_in_local_58' <Predicate = true> <Delay = 0.00>
ST_1 : Operation 90 [1/1] (0.00ns)   --->   "%memory_in_local_59 = alloca i64 1"   --->   Operation 90 'alloca' 'memory_in_local_59' <Predicate = true> <Delay = 0.00>
ST_1 : Operation 91 [1/1] (0.00ns)   --->   "%memory_in_local_60 = alloca i64 1"   --->   Operation 91 'alloca' 'memory_in_local_60' <Predicate = true> <Delay = 0.00>
ST_1 : Operation 92 [1/1] (0.00ns)   --->   "%memory_in_local_61 = alloca i64 1"   --->   Operation 92 'alloca' 'memory_in_local_61' <Predicate = true> <Delay = 0.00>
ST_1 : Operation 93 [1/1] (0.00ns)   --->   "%memory_in_local_62 = alloca i64 1"   --->   Operation 93 'alloca' 'memory_in_local_62' <Predicate = true> <Delay = 0.00>
ST_1 : Operation 94 [1/1] (0.00ns)   --->   "%memory_in_local_63 = alloca i64 1"   --->   Operation 94 'alloca' 'memory_in_local_63' <Predicate = true> <Delay = 0.00>
ST_1 : Operation 95 [1/1] (0.00ns)   --->   "%memory_in_local_64 = alloca i64 1"   --->   Operation 95 'alloca' 'memory_in_local_64' <Predicate = true> <Delay = 0.00>
ST_1 : Operation 96 [1/1] (0.00ns)   --->   "%memory_in_local_65 = alloca i64 1"   --->   Operation 96 'alloca' 'memory_in_local_65' <Predicate = true> <Delay = 0.00>
ST_1 : Operation 97 [1/1] (0.00ns)   --->   "%memory_in_local_66 = alloca i64 1"   --->   Operation 97 'alloca' 'memory_in_local_66' <Predicate = true> <Delay = 0.00>
ST_1 : Operation 98 [1/1] (0.00ns)   --->   "%memory_in_local_67 = alloca i64 1"   --->   Operation 98 'alloca' 'memory_in_local_67' <Predicate = true> <Delay = 0.00>
ST_1 : Operation 99 [1/1] (0.00ns)   --->   "%memory_in_local_68 = alloca i64 1"   --->   Operation 99 'alloca' 'memory_in_local_68' <Predicate = true> <Delay = 0.00>
ST_1 : Operation 100 [1/1] (0.00ns)   --->   "%memory_in_local_69 = alloca i64 1"   --->   Operation 100 'alloca' 'memory_in_local_69' <Predicate = true> <Delay = 0.00>
ST_1 : Operation 101 [1/1] (0.00ns)   --->   "%memory_in_local_70 = alloca i64 1"   --->   Operation 101 'alloca' 'memory_in_local_70' <Predicate = true> <Delay = 0.00>
ST_1 : Operation 102 [1/1] (0.00ns)   --->   "%memory_in_local_71 = alloca i64 1"   --->   Operation 102 'alloca' 'memory_in_local_71' <Predicate = true> <Delay = 0.00>
ST_1 : Operation 103 [1/1] (0.00ns)   --->   "%memory_in_local_72 = alloca i64 1"   --->   Operation 103 'alloca' 'memory_in_local_72' <Predicate = true> <Delay = 0.00>
ST_1 : Operation 104 [1/1] (0.00ns)   --->   "%memory_in_local_73 = alloca i64 1"   --->   Operation 104 'alloca' 'memory_in_local_73' <Predicate = true> <Delay = 0.00>
ST_1 : Operation 105 [1/1] (0.00ns)   --->   "%memory_in_local_74 = alloca i64 1"   --->   Operation 105 'alloca' 'memory_in_local_74' <Predicate = true> <Delay = 0.00>
ST_1 : Operation 106 [1/1] (0.00ns)   --->   "%memory_in_local_75 = alloca i64 1"   --->   Operation 106 'alloca' 'memory_in_local_75' <Predicate = true> <Delay = 0.00>
ST_1 : Operation 107 [1/1] (0.00ns)   --->   "%memory_in_local_76 = alloca i64 1"   --->   Operation 107 'alloca' 'memory_in_local_76' <Predicate = true> <Delay = 0.00>
ST_1 : Operation 108 [1/1] (0.00ns)   --->   "%memory_in_local_77 = alloca i64 1"   --->   Operation 108 'alloca' 'memory_in_local_77' <Predicate = true> <Delay = 0.00>
ST_1 : Operation 109 [1/1] (0.00ns)   --->   "%memory_in_local_78 = alloca i64 1"   --->   Operation 109 'alloca' 'memory_in_local_78' <Predicate = true> <Delay = 0.00>
ST_1 : Operation 110 [1/1] (0.00ns)   --->   "%memory_in_local_79 = alloca i64 1"   --->   Operation 110 'alloca' 'memory_in_local_79' <Predicate = true> <Delay = 0.00>
ST_1 : Operation 111 [1/1] (0.00ns)   --->   "%memory_in_local_80 = alloca i64 1"   --->   Operation 111 'alloca' 'memory_in_local_80' <Predicate = true> <Delay = 0.00>
ST_1 : Operation 112 [1/1] (0.00ns)   --->   "%memory_in_local_81 = alloca i64 1"   --->   Operation 112 'alloca' 'memory_in_local_81' <Predicate = true> <Delay = 0.00>
ST_1 : Operation 113 [1/1] (0.00ns)   --->   "%memory_in_local_82 = alloca i64 1"   --->   Operation 113 'alloca' 'memory_in_local_82' <Predicate = true> <Delay = 0.00>
ST_1 : Operation 114 [1/1] (0.00ns)   --->   "%memory_in_local_83 = alloca i64 1"   --->   Operation 114 'alloca' 'memory_in_local_83' <Predicate = true> <Delay = 0.00>
ST_1 : Operation 115 [1/1] (0.00ns)   --->   "%memory_in_local_84 = alloca i64 1"   --->   Operation 115 'alloca' 'memory_in_local_84' <Predicate = true> <Delay = 0.00>
ST_1 : Operation 116 [1/1] (0.00ns)   --->   "%memory_in_local_85 = alloca i64 1"   --->   Operation 116 'alloca' 'memory_in_local_85' <Predicate = true> <Delay = 0.00>
ST_1 : Operation 117 [1/1] (0.00ns)   --->   "%memory_in_local_86 = alloca i64 1"   --->   Operation 117 'alloca' 'memory_in_local_86' <Predicate = true> <Delay = 0.00>
ST_1 : Operation 118 [1/1] (0.00ns)   --->   "%memory_in_local_87 = alloca i64 1"   --->   Operation 118 'alloca' 'memory_in_local_87' <Predicate = true> <Delay = 0.00>
ST_1 : Operation 119 [1/1] (0.00ns)   --->   "%memory_in_local_88 = alloca i64 1"   --->   Operation 119 'alloca' 'memory_in_local_88' <Predicate = true> <Delay = 0.00>
ST_1 : Operation 120 [1/1] (0.00ns)   --->   "%memory_in_local_89 = alloca i64 1"   --->   Operation 120 'alloca' 'memory_in_local_89' <Predicate = true> <Delay = 0.00>
ST_1 : Operation 121 [1/1] (0.00ns)   --->   "%memory_in_local_90 = alloca i64 1"   --->   Operation 121 'alloca' 'memory_in_local_90' <Predicate = true> <Delay = 0.00>
ST_1 : Operation 122 [1/1] (0.00ns)   --->   "%memory_in_local_91 = alloca i64 1"   --->   Operation 122 'alloca' 'memory_in_local_91' <Predicate = true> <Delay = 0.00>
ST_1 : Operation 123 [1/1] (0.00ns)   --->   "%memory_in_local_92 = alloca i64 1"   --->   Operation 123 'alloca' 'memory_in_local_92' <Predicate = true> <Delay = 0.00>
ST_1 : Operation 124 [1/1] (0.00ns)   --->   "%memory_in_local_93 = alloca i64 1"   --->   Operation 124 'alloca' 'memory_in_local_93' <Predicate = true> <Delay = 0.00>
ST_1 : Operation 125 [1/1] (0.00ns)   --->   "%memory_in_local_94 = alloca i64 1"   --->   Operation 125 'alloca' 'memory_in_local_94' <Predicate = true> <Delay = 0.00>
ST_1 : Operation 126 [1/1] (0.00ns)   --->   "%memory_in_local_95 = alloca i64 1"   --->   Operation 126 'alloca' 'memory_in_local_95' <Predicate = true> <Delay = 0.00>
ST_1 : Operation 127 [1/1] (0.00ns)   --->   "%memory_in_local_96 = alloca i64 1"   --->   Operation 127 'alloca' 'memory_in_local_96' <Predicate = true> <Delay = 0.00>
ST_1 : Operation 128 [1/1] (0.00ns)   --->   "%memory_in_local_97 = alloca i64 1"   --->   Operation 128 'alloca' 'memory_in_local_97' <Predicate = true> <Delay = 0.00>
ST_1 : Operation 129 [1/1] (0.00ns)   --->   "%memory_in_local_98 = alloca i64 1"   --->   Operation 129 'alloca' 'memory_in_local_98' <Predicate = true> <Delay = 0.00>
ST_1 : Operation 130 [1/1] (0.00ns)   --->   "%memory_in_local_99 = alloca i64 1"   --->   Operation 130 'alloca' 'memory_in_local_99' <Predicate = true> <Delay = 0.00>
ST_1 : Operation 131 [1/1] (0.00ns)   --->   "%memory_in_local_100 = alloca i64 1"   --->   Operation 131 'alloca' 'memory_in_local_100' <Predicate = true> <Delay = 0.00>
ST_1 : Operation 132 [1/1] (0.00ns)   --->   "%memory_in_local_101 = alloca i64 1"   --->   Operation 132 'alloca' 'memory_in_local_101' <Predicate = true> <Delay = 0.00>
ST_1 : Operation 133 [1/1] (0.00ns)   --->   "%memory_in_local_102 = alloca i64 1"   --->   Operation 133 'alloca' 'memory_in_local_102' <Predicate = true> <Delay = 0.00>
ST_1 : Operation 134 [1/1] (0.00ns)   --->   "%memory_in_local_103 = alloca i64 1"   --->   Operation 134 'alloca' 'memory_in_local_103' <Predicate = true> <Delay = 0.00>
ST_1 : Operation 135 [1/1] (0.00ns)   --->   "%memory_in_local_104 = alloca i64 1"   --->   Operation 135 'alloca' 'memory_in_local_104' <Predicate = true> <Delay = 0.00>
ST_1 : Operation 136 [1/1] (0.00ns)   --->   "%memory_in_local_105 = alloca i64 1"   --->   Operation 136 'alloca' 'memory_in_local_105' <Predicate = true> <Delay = 0.00>
ST_1 : Operation 137 [1/1] (0.00ns)   --->   "%memory_in_local_106 = alloca i64 1"   --->   Operation 137 'alloca' 'memory_in_local_106' <Predicate = true> <Delay = 0.00>
ST_1 : Operation 138 [1/1] (0.00ns)   --->   "%memory_in_local_107 = alloca i64 1"   --->   Operation 138 'alloca' 'memory_in_local_107' <Predicate = true> <Delay = 0.00>
ST_1 : Operation 139 [1/1] (0.00ns)   --->   "%memory_in_local_108 = alloca i64 1"   --->   Operation 139 'alloca' 'memory_in_local_108' <Predicate = true> <Delay = 0.00>
ST_1 : Operation 140 [1/1] (0.00ns)   --->   "%memory_in_local_109 = alloca i64 1"   --->   Operation 140 'alloca' 'memory_in_local_109' <Predicate = true> <Delay = 0.00>
ST_1 : Operation 141 [1/1] (0.00ns)   --->   "%memory_in_local_110 = alloca i64 1"   --->   Operation 141 'alloca' 'memory_in_local_110' <Predicate = true> <Delay = 0.00>
ST_1 : Operation 142 [1/1] (0.00ns)   --->   "%memory_in_local_111 = alloca i64 1"   --->   Operation 142 'alloca' 'memory_in_local_111' <Predicate = true> <Delay = 0.00>
ST_1 : Operation 143 [1/1] (0.00ns)   --->   "%memory_in_local_112 = alloca i64 1"   --->   Operation 143 'alloca' 'memory_in_local_112' <Predicate = true> <Delay = 0.00>
ST_1 : Operation 144 [1/1] (0.00ns)   --->   "%memory_in_local_113 = alloca i64 1"   --->   Operation 144 'alloca' 'memory_in_local_113' <Predicate = true> <Delay = 0.00>
ST_1 : Operation 145 [1/1] (0.00ns)   --->   "%memory_in_local_114 = alloca i64 1"   --->   Operation 145 'alloca' 'memory_in_local_114' <Predicate = true> <Delay = 0.00>
ST_1 : Operation 146 [1/1] (0.00ns)   --->   "%memory_in_local_115 = alloca i64 1"   --->   Operation 146 'alloca' 'memory_in_local_115' <Predicate = true> <Delay = 0.00>
ST_1 : Operation 147 [1/1] (0.00ns)   --->   "%memory_in_local_116 = alloca i64 1"   --->   Operation 147 'alloca' 'memory_in_local_116' <Predicate = true> <Delay = 0.00>
ST_1 : Operation 148 [1/1] (0.00ns)   --->   "%memory_in_local_117 = alloca i64 1"   --->   Operation 148 'alloca' 'memory_in_local_117' <Predicate = true> <Delay = 0.00>
ST_1 : Operation 149 [1/1] (0.00ns)   --->   "%memory_in_local_118 = alloca i64 1"   --->   Operation 149 'alloca' 'memory_in_local_118' <Predicate = true> <Delay = 0.00>
ST_1 : Operation 150 [1/1] (0.00ns)   --->   "%memory_in_local_119 = alloca i64 1"   --->   Operation 150 'alloca' 'memory_in_local_119' <Predicate = true> <Delay = 0.00>
ST_1 : Operation 151 [1/1] (0.00ns)   --->   "%memory_in_local_120 = alloca i64 1"   --->   Operation 151 'alloca' 'memory_in_local_120' <Predicate = true> <Delay = 0.00>
ST_1 : Operation 152 [1/1] (0.00ns)   --->   "%memory_in_local_121 = alloca i64 1"   --->   Operation 152 'alloca' 'memory_in_local_121' <Predicate = true> <Delay = 0.00>
ST_1 : Operation 153 [1/1] (0.00ns)   --->   "%memory_in_local_122 = alloca i64 1"   --->   Operation 153 'alloca' 'memory_in_local_122' <Predicate = true> <Delay = 0.00>
ST_1 : Operation 154 [1/1] (0.00ns)   --->   "%memory_in_local_123 = alloca i64 1"   --->   Operation 154 'alloca' 'memory_in_local_123' <Predicate = true> <Delay = 0.00>
ST_1 : Operation 155 [1/1] (0.00ns)   --->   "%memory_in_local_124 = alloca i64 1"   --->   Operation 155 'alloca' 'memory_in_local_124' <Predicate = true> <Delay = 0.00>
ST_1 : Operation 156 [1/1] (0.00ns)   --->   "%memory_in_local_125 = alloca i64 1"   --->   Operation 156 'alloca' 'memory_in_local_125' <Predicate = true> <Delay = 0.00>
ST_1 : Operation 157 [1/1] (0.00ns)   --->   "%memory_in_local_126 = alloca i64 1"   --->   Operation 157 'alloca' 'memory_in_local_126' <Predicate = true> <Delay = 0.00>
ST_1 : Operation 158 [1/1] (0.00ns)   --->   "%memory_in_local_127 = alloca i64 1"   --->   Operation 158 'alloca' 'memory_in_local_127' <Predicate = true> <Delay = 0.00>
ST_1 : Operation 159 [1/1] (0.00ns)   --->   "%memory_in_local_128 = alloca i64 1"   --->   Operation 159 'alloca' 'memory_in_local_128' <Predicate = true> <Delay = 0.00>
ST_1 : Operation 160 [1/1] (0.00ns)   --->   "%memory_in_local_129 = alloca i64 1"   --->   Operation 160 'alloca' 'memory_in_local_129' <Predicate = true> <Delay = 0.00>
ST_1 : Operation 161 [1/1] (0.00ns)   --->   "%memory_in_local_130 = alloca i64 1"   --->   Operation 161 'alloca' 'memory_in_local_130' <Predicate = true> <Delay = 0.00>
ST_1 : Operation 162 [1/1] (0.00ns)   --->   "%memory_in_local_131 = alloca i64 1"   --->   Operation 162 'alloca' 'memory_in_local_131' <Predicate = true> <Delay = 0.00>
ST_1 : Operation 163 [1/1] (0.00ns)   --->   "%memory_in_local_132 = alloca i64 1"   --->   Operation 163 'alloca' 'memory_in_local_132' <Predicate = true> <Delay = 0.00>
ST_1 : Operation 164 [1/1] (0.00ns)   --->   "%memory_in_local_133 = alloca i64 1"   --->   Operation 164 'alloca' 'memory_in_local_133' <Predicate = true> <Delay = 0.00>
ST_1 : Operation 165 [1/1] (0.00ns)   --->   "%memory_in_local_134 = alloca i64 1"   --->   Operation 165 'alloca' 'memory_in_local_134' <Predicate = true> <Delay = 0.00>
ST_1 : Operation 166 [1/1] (0.00ns)   --->   "%memory_in_local_135 = alloca i64 1"   --->   Operation 166 'alloca' 'memory_in_local_135' <Predicate = true> <Delay = 0.00>
ST_1 : Operation 167 [1/1] (0.00ns)   --->   "%memory_in_local_136 = alloca i64 1"   --->   Operation 167 'alloca' 'memory_in_local_136' <Predicate = true> <Delay = 0.00>
ST_1 : Operation 168 [1/1] (0.00ns)   --->   "%memory_in_local_137 = alloca i64 1"   --->   Operation 168 'alloca' 'memory_in_local_137' <Predicate = true> <Delay = 0.00>
ST_1 : Operation 169 [1/1] (0.00ns)   --->   "%memory_in_local_138 = alloca i64 1"   --->   Operation 169 'alloca' 'memory_in_local_138' <Predicate = true> <Delay = 0.00>
ST_1 : Operation 170 [1/1] (0.00ns)   --->   "%memory_in_local_139 = alloca i64 1"   --->   Operation 170 'alloca' 'memory_in_local_139' <Predicate = true> <Delay = 0.00>
ST_1 : Operation 171 [1/1] (0.00ns)   --->   "%memory_in_local_140 = alloca i64 1"   --->   Operation 171 'alloca' 'memory_in_local_140' <Predicate = true> <Delay = 0.00>
ST_1 : Operation 172 [1/1] (0.00ns)   --->   "%memory_in_local_141 = alloca i64 1"   --->   Operation 172 'alloca' 'memory_in_local_141' <Predicate = true> <Delay = 0.00>
ST_1 : Operation 173 [1/1] (0.00ns)   --->   "%memory_in_local_142 = alloca i64 1"   --->   Operation 173 'alloca' 'memory_in_local_142' <Predicate = true> <Delay = 0.00>
ST_1 : Operation 174 [1/1] (0.00ns)   --->   "%memory_in_local_143 = alloca i64 1"   --->   Operation 174 'alloca' 'memory_in_local_143' <Predicate = true> <Delay = 0.00>
ST_1 : Operation 175 [1/1] (0.00ns)   --->   "%memory_in_local_144 = alloca i64 1"   --->   Operation 175 'alloca' 'memory_in_local_144' <Predicate = true> <Delay = 0.00>
ST_1 : Operation 176 [1/1] (0.00ns)   --->   "%memory_in_local_145 = alloca i64 1"   --->   Operation 176 'alloca' 'memory_in_local_145' <Predicate = true> <Delay = 0.00>
ST_1 : Operation 177 [1/1] (0.00ns)   --->   "%memory_in_local_146 = alloca i64 1"   --->   Operation 177 'alloca' 'memory_in_local_146' <Predicate = true> <Delay = 0.00>
ST_1 : Operation 178 [1/1] (0.00ns)   --->   "%memory_in_local_147 = alloca i64 1"   --->   Operation 178 'alloca' 'memory_in_local_147' <Predicate = true> <Delay = 0.00>
ST_1 : Operation 179 [1/1] (0.00ns)   --->   "%memory_in_local_148 = alloca i64 1"   --->   Operation 179 'alloca' 'memory_in_local_148' <Predicate = true> <Delay = 0.00>
ST_1 : Operation 180 [1/1] (0.00ns)   --->   "%memory_in_local_149 = alloca i64 1"   --->   Operation 180 'alloca' 'memory_in_local_149' <Predicate = true> <Delay = 0.00>
ST_1 : Operation 181 [1/1] (0.00ns)   --->   "%memory_in_local_150 = alloca i64 1"   --->   Operation 181 'alloca' 'memory_in_local_150' <Predicate = true> <Delay = 0.00>
ST_1 : Operation 182 [1/1] (0.00ns)   --->   "%memory_in_local_151 = alloca i64 1"   --->   Operation 182 'alloca' 'memory_in_local_151' <Predicate = true> <Delay = 0.00>
ST_1 : Operation 183 [1/1] (0.00ns)   --->   "%memory_in_local_152 = alloca i64 1"   --->   Operation 183 'alloca' 'memory_in_local_152' <Predicate = true> <Delay = 0.00>
ST_1 : Operation 184 [1/1] (0.00ns)   --->   "%memory_in_local_153 = alloca i64 1"   --->   Operation 184 'alloca' 'memory_in_local_153' <Predicate = true> <Delay = 0.00>
ST_1 : Operation 185 [1/1] (0.00ns)   --->   "%memory_in_local_154 = alloca i64 1"   --->   Operation 185 'alloca' 'memory_in_local_154' <Predicate = true> <Delay = 0.00>
ST_1 : Operation 186 [1/1] (0.00ns)   --->   "%memory_in_local_155 = alloca i64 1"   --->   Operation 186 'alloca' 'memory_in_local_155' <Predicate = true> <Delay = 0.00>
ST_1 : Operation 187 [1/1] (0.00ns)   --->   "%memory_in_local_156 = alloca i64 1"   --->   Operation 187 'alloca' 'memory_in_local_156' <Predicate = true> <Delay = 0.00>
ST_1 : Operation 188 [1/1] (0.00ns)   --->   "%memory_in_local_157 = alloca i64 1"   --->   Operation 188 'alloca' 'memory_in_local_157' <Predicate = true> <Delay = 0.00>
ST_1 : Operation 189 [1/1] (0.00ns)   --->   "%memory_in_local_158 = alloca i64 1"   --->   Operation 189 'alloca' 'memory_in_local_158' <Predicate = true> <Delay = 0.00>
ST_1 : Operation 190 [1/1] (0.00ns)   --->   "%memory_in_local_159 = alloca i64 1"   --->   Operation 190 'alloca' 'memory_in_local_159' <Predicate = true> <Delay = 0.00>
ST_1 : Operation 191 [1/1] (0.00ns)   --->   "%memory_in_local_160 = alloca i64 1"   --->   Operation 191 'alloca' 'memory_in_local_160' <Predicate = true> <Delay = 0.00>
ST_1 : Operation 192 [1/1] (0.00ns)   --->   "%memory_in_local_161 = alloca i64 1"   --->   Operation 192 'alloca' 'memory_in_local_161' <Predicate = true> <Delay = 0.00>
ST_1 : Operation 193 [1/1] (0.00ns)   --->   "%memory_in_local_162 = alloca i64 1"   --->   Operation 193 'alloca' 'memory_in_local_162' <Predicate = true> <Delay = 0.00>
ST_1 : Operation 194 [1/1] (0.00ns)   --->   "%memory_in_local_163 = alloca i64 1"   --->   Operation 194 'alloca' 'memory_in_local_163' <Predicate = true> <Delay = 0.00>
ST_1 : Operation 195 [1/1] (0.00ns)   --->   "%memory_in_local_164 = alloca i64 1"   --->   Operation 195 'alloca' 'memory_in_local_164' <Predicate = true> <Delay = 0.00>
ST_1 : Operation 196 [1/1] (0.00ns)   --->   "%memory_in_local_165 = alloca i64 1"   --->   Operation 196 'alloca' 'memory_in_local_165' <Predicate = true> <Delay = 0.00>
ST_1 : Operation 197 [1/1] (0.00ns)   --->   "%memory_in_local_166 = alloca i64 1"   --->   Operation 197 'alloca' 'memory_in_local_166' <Predicate = true> <Delay = 0.00>
ST_1 : Operation 198 [1/1] (0.00ns)   --->   "%memory_in_local_167 = alloca i64 1"   --->   Operation 198 'alloca' 'memory_in_local_167' <Predicate = true> <Delay = 0.00>
ST_1 : Operation 199 [1/1] (0.00ns)   --->   "%memory_in_local_168 = alloca i64 1"   --->   Operation 199 'alloca' 'memory_in_local_168' <Predicate = true> <Delay = 0.00>
ST_1 : Operation 200 [1/1] (0.00ns)   --->   "%memory_in_local_169 = alloca i64 1"   --->   Operation 200 'alloca' 'memory_in_local_169' <Predicate = true> <Delay = 0.00>
ST_1 : Operation 201 [1/1] (0.00ns)   --->   "%memory_in_local_170 = alloca i64 1"   --->   Operation 201 'alloca' 'memory_in_local_170' <Predicate = true> <Delay = 0.00>
ST_1 : Operation 202 [1/1] (0.00ns)   --->   "%memory_in_local_171 = alloca i64 1"   --->   Operation 202 'alloca' 'memory_in_local_171' <Predicate = true> <Delay = 0.00>
ST_1 : Operation 203 [1/1] (0.00ns)   --->   "%memory_in_local_172 = alloca i64 1"   --->   Operation 203 'alloca' 'memory_in_local_172' <Predicate = true> <Delay = 0.00>
ST_1 : Operation 204 [1/1] (0.00ns)   --->   "%memory_in_local_173 = alloca i64 1"   --->   Operation 204 'alloca' 'memory_in_local_173' <Predicate = true> <Delay = 0.00>
ST_1 : Operation 205 [1/1] (0.00ns)   --->   "%memory_in_local_174 = alloca i64 1"   --->   Operation 205 'alloca' 'memory_in_local_174' <Predicate = true> <Delay = 0.00>
ST_1 : Operation 206 [1/1] (0.00ns)   --->   "%memory_in_local_175 = alloca i64 1"   --->   Operation 206 'alloca' 'memory_in_local_175' <Predicate = true> <Delay = 0.00>
ST_1 : Operation 207 [1/1] (0.00ns)   --->   "%memory_in_local_176 = alloca i64 1"   --->   Operation 207 'alloca' 'memory_in_local_176' <Predicate = true> <Delay = 0.00>
ST_1 : Operation 208 [1/1] (0.00ns)   --->   "%memory_in_local_177 = alloca i64 1"   --->   Operation 208 'alloca' 'memory_in_local_177' <Predicate = true> <Delay = 0.00>
ST_1 : Operation 209 [1/1] (0.00ns)   --->   "%memory_in_local_178 = alloca i64 1"   --->   Operation 209 'alloca' 'memory_in_local_178' <Predicate = true> <Delay = 0.00>
ST_1 : Operation 210 [1/1] (0.00ns)   --->   "%memory_in_local_179 = alloca i64 1"   --->   Operation 210 'alloca' 'memory_in_local_179' <Predicate = true> <Delay = 0.00>
ST_1 : Operation 211 [1/1] (0.00ns)   --->   "%memory_in_local_180 = alloca i64 1"   --->   Operation 211 'alloca' 'memory_in_local_180' <Predicate = true> <Delay = 0.00>
ST_1 : Operation 212 [1/1] (0.00ns)   --->   "%memory_in_local_181 = alloca i64 1"   --->   Operation 212 'alloca' 'memory_in_local_181' <Predicate = true> <Delay = 0.00>
ST_1 : Operation 213 [1/1] (0.00ns)   --->   "%memory_in_local_182 = alloca i64 1"   --->   Operation 213 'alloca' 'memory_in_local_182' <Predicate = true> <Delay = 0.00>
ST_1 : Operation 214 [1/1] (0.00ns)   --->   "%memory_in_local_183 = alloca i64 1"   --->   Operation 214 'alloca' 'memory_in_local_183' <Predicate = true> <Delay = 0.00>
ST_1 : Operation 215 [1/1] (0.00ns)   --->   "%memory_in_local_184 = alloca i64 1"   --->   Operation 215 'alloca' 'memory_in_local_184' <Predicate = true> <Delay = 0.00>
ST_1 : Operation 216 [1/1] (0.00ns)   --->   "%memory_in_local_185 = alloca i64 1"   --->   Operation 216 'alloca' 'memory_in_local_185' <Predicate = true> <Delay = 0.00>
ST_1 : Operation 217 [1/1] (0.00ns)   --->   "%memory_in_local_186 = alloca i64 1"   --->   Operation 217 'alloca' 'memory_in_local_186' <Predicate = true> <Delay = 0.00>
ST_1 : Operation 218 [1/1] (0.00ns)   --->   "%memory_in_local_187 = alloca i64 1"   --->   Operation 218 'alloca' 'memory_in_local_187' <Predicate = true> <Delay = 0.00>
ST_1 : Operation 219 [1/1] (0.00ns)   --->   "%memory_in_local_188 = alloca i64 1"   --->   Operation 219 'alloca' 'memory_in_local_188' <Predicate = true> <Delay = 0.00>
ST_1 : Operation 220 [1/1] (0.00ns)   --->   "%memory_in_local_189 = alloca i64 1"   --->   Operation 220 'alloca' 'memory_in_local_189' <Predicate = true> <Delay = 0.00>
ST_1 : Operation 221 [1/1] (0.00ns)   --->   "%memory_in_local_190 = alloca i64 1"   --->   Operation 221 'alloca' 'memory_in_local_190' <Predicate = true> <Delay = 0.00>
ST_1 : Operation 222 [1/1] (0.00ns)   --->   "%memory_in_local_191 = alloca i64 1"   --->   Operation 222 'alloca' 'memory_in_local_191' <Predicate = true> <Delay = 0.00>
ST_1 : Operation 223 [1/1] (0.00ns)   --->   "%memory_in_local_192 = alloca i64 1"   --->   Operation 223 'alloca' 'memory_in_local_192' <Predicate = true> <Delay = 0.00>
ST_1 : Operation 224 [1/1] (0.00ns)   --->   "%memory_in_local_193 = alloca i64 1"   --->   Operation 224 'alloca' 'memory_in_local_193' <Predicate = true> <Delay = 0.00>
ST_1 : Operation 225 [1/1] (0.00ns)   --->   "%memory_in_local_194 = alloca i64 1"   --->   Operation 225 'alloca' 'memory_in_local_194' <Predicate = true> <Delay = 0.00>
ST_1 : Operation 226 [1/1] (0.00ns)   --->   "%memory_in_local_195 = alloca i64 1"   --->   Operation 226 'alloca' 'memory_in_local_195' <Predicate = true> <Delay = 0.00>
ST_1 : Operation 227 [1/1] (0.00ns)   --->   "%memory_in_local_196 = alloca i64 1"   --->   Operation 227 'alloca' 'memory_in_local_196' <Predicate = true> <Delay = 0.00>
ST_1 : Operation 228 [1/1] (0.00ns)   --->   "%memory_in_local_197 = alloca i64 1"   --->   Operation 228 'alloca' 'memory_in_local_197' <Predicate = true> <Delay = 0.00>
ST_1 : Operation 229 [1/1] (0.00ns)   --->   "%memory_in_local_198 = alloca i64 1"   --->   Operation 229 'alloca' 'memory_in_local_198' <Predicate = true> <Delay = 0.00>
ST_1 : Operation 230 [1/1] (0.00ns)   --->   "%memory_in_local_199 = alloca i64 1"   --->   Operation 230 'alloca' 'memory_in_local_199' <Predicate = true> <Delay = 0.00>
ST_1 : Operation 231 [1/1] (0.00ns)   --->   "%memory_in_local_200 = alloca i64 1"   --->   Operation 231 'alloca' 'memory_in_local_200' <Predicate = true> <Delay = 0.00>
ST_1 : Operation 232 [1/1] (0.00ns)   --->   "%memory_in_local_201 = alloca i64 1"   --->   Operation 232 'alloca' 'memory_in_local_201' <Predicate = true> <Delay = 0.00>
ST_1 : Operation 233 [1/1] (0.00ns)   --->   "%memory_in_local_202 = alloca i64 1"   --->   Operation 233 'alloca' 'memory_in_local_202' <Predicate = true> <Delay = 0.00>
ST_1 : Operation 234 [1/1] (0.00ns)   --->   "%memory_in_local_203 = alloca i64 1"   --->   Operation 234 'alloca' 'memory_in_local_203' <Predicate = true> <Delay = 0.00>
ST_1 : Operation 235 [1/1] (0.00ns)   --->   "%memory_in_local_204 = alloca i64 1"   --->   Operation 235 'alloca' 'memory_in_local_204' <Predicate = true> <Delay = 0.00>
ST_1 : Operation 236 [1/1] (0.00ns)   --->   "%memory_in_local_205 = alloca i64 1"   --->   Operation 236 'alloca' 'memory_in_local_205' <Predicate = true> <Delay = 0.00>
ST_1 : Operation 237 [1/1] (0.00ns)   --->   "%memory_in_local_206 = alloca i64 1"   --->   Operation 237 'alloca' 'memory_in_local_206' <Predicate = true> <Delay = 0.00>
ST_1 : Operation 238 [1/1] (0.00ns)   --->   "%memory_in_local_207 = alloca i64 1"   --->   Operation 238 'alloca' 'memory_in_local_207' <Predicate = true> <Delay = 0.00>
ST_1 : Operation 239 [1/1] (0.00ns)   --->   "%memory_in_local_208 = alloca i64 1"   --->   Operation 239 'alloca' 'memory_in_local_208' <Predicate = true> <Delay = 0.00>
ST_1 : Operation 240 [1/1] (0.00ns)   --->   "%memory_in_local_209 = alloca i64 1"   --->   Operation 240 'alloca' 'memory_in_local_209' <Predicate = true> <Delay = 0.00>
ST_1 : Operation 241 [1/1] (0.00ns)   --->   "%memory_in_local_210 = alloca i64 1"   --->   Operation 241 'alloca' 'memory_in_local_210' <Predicate = true> <Delay = 0.00>
ST_1 : Operation 242 [1/1] (0.00ns)   --->   "%memory_in_local_211 = alloca i64 1"   --->   Operation 242 'alloca' 'memory_in_local_211' <Predicate = true> <Delay = 0.00>
ST_1 : Operation 243 [1/1] (0.00ns)   --->   "%memory_in_local_212 = alloca i64 1"   --->   Operation 243 'alloca' 'memory_in_local_212' <Predicate = true> <Delay = 0.00>
ST_1 : Operation 244 [1/1] (0.00ns)   --->   "%memory_in_local_213 = alloca i64 1"   --->   Operation 244 'alloca' 'memory_in_local_213' <Predicate = true> <Delay = 0.00>
ST_1 : Operation 245 [1/1] (0.00ns)   --->   "%memory_in_local_214 = alloca i64 1"   --->   Operation 245 'alloca' 'memory_in_local_214' <Predicate = true> <Delay = 0.00>
ST_1 : Operation 246 [1/1] (0.00ns)   --->   "%memory_in_local_215 = alloca i64 1"   --->   Operation 246 'alloca' 'memory_in_local_215' <Predicate = true> <Delay = 0.00>
ST_1 : Operation 247 [1/1] (0.00ns)   --->   "%memory_in_local_216 = alloca i64 1"   --->   Operation 247 'alloca' 'memory_in_local_216' <Predicate = true> <Delay = 0.00>
ST_1 : Operation 248 [1/1] (0.00ns)   --->   "%memory_in_local_217 = alloca i64 1"   --->   Operation 248 'alloca' 'memory_in_local_217' <Predicate = true> <Delay = 0.00>
ST_1 : Operation 249 [1/1] (0.00ns)   --->   "%memory_in_local_218 = alloca i64 1"   --->   Operation 249 'alloca' 'memory_in_local_218' <Predicate = true> <Delay = 0.00>
ST_1 : Operation 250 [1/1] (0.00ns)   --->   "%memory_in_local_219 = alloca i64 1"   --->   Operation 250 'alloca' 'memory_in_local_219' <Predicate = true> <Delay = 0.00>
ST_1 : Operation 251 [1/1] (0.00ns)   --->   "%memory_in_local_220 = alloca i64 1"   --->   Operation 251 'alloca' 'memory_in_local_220' <Predicate = true> <Delay = 0.00>
ST_1 : Operation 252 [1/1] (0.00ns)   --->   "%memory_in_local_221 = alloca i64 1"   --->   Operation 252 'alloca' 'memory_in_local_221' <Predicate = true> <Delay = 0.00>
ST_1 : Operation 253 [1/1] (0.00ns)   --->   "%memory_in_local_222 = alloca i64 1"   --->   Operation 253 'alloca' 'memory_in_local_222' <Predicate = true> <Delay = 0.00>
ST_1 : Operation 254 [1/1] (0.00ns)   --->   "%memory_in_local_223 = alloca i64 1"   --->   Operation 254 'alloca' 'memory_in_local_223' <Predicate = true> <Delay = 0.00>
ST_1 : Operation 255 [1/1] (0.00ns)   --->   "%memory_in_local_224 = alloca i64 1"   --->   Operation 255 'alloca' 'memory_in_local_224' <Predicate = true> <Delay = 0.00>
ST_1 : Operation 256 [1/1] (0.00ns)   --->   "%memory_in_local_225 = alloca i64 1"   --->   Operation 256 'alloca' 'memory_in_local_225' <Predicate = true> <Delay = 0.00>
ST_1 : Operation 257 [1/1] (0.00ns)   --->   "%memory_in_local_226 = alloca i64 1"   --->   Operation 257 'alloca' 'memory_in_local_226' <Predicate = true> <Delay = 0.00>
ST_1 : Operation 258 [1/1] (0.00ns)   --->   "%memory_in_local_227 = alloca i64 1"   --->   Operation 258 'alloca' 'memory_in_local_227' <Predicate = true> <Delay = 0.00>
ST_1 : Operation 259 [1/1] (0.00ns)   --->   "%memory_in_local_228 = alloca i64 1"   --->   Operation 259 'alloca' 'memory_in_local_228' <Predicate = true> <Delay = 0.00>
ST_1 : Operation 260 [1/1] (0.00ns)   --->   "%memory_in_local_229 = alloca i64 1"   --->   Operation 260 'alloca' 'memory_in_local_229' <Predicate = true> <Delay = 0.00>
ST_1 : Operation 261 [1/1] (0.00ns)   --->   "%memory_in_local_230 = alloca i64 1"   --->   Operation 261 'alloca' 'memory_in_local_230' <Predicate = true> <Delay = 0.00>
ST_1 : Operation 262 [1/1] (0.00ns)   --->   "%memory_in_local_231 = alloca i64 1"   --->   Operation 262 'alloca' 'memory_in_local_231' <Predicate = true> <Delay = 0.00>
ST_1 : Operation 263 [1/1] (0.00ns)   --->   "%memory_in_local_232 = alloca i64 1"   --->   Operation 263 'alloca' 'memory_in_local_232' <Predicate = true> <Delay = 0.00>
ST_1 : Operation 264 [1/1] (0.00ns)   --->   "%memory_in_local_233 = alloca i64 1"   --->   Operation 264 'alloca' 'memory_in_local_233' <Predicate = true> <Delay = 0.00>
ST_1 : Operation 265 [1/1] (0.00ns)   --->   "%memory_in_local_234 = alloca i64 1"   --->   Operation 265 'alloca' 'memory_in_local_234' <Predicate = true> <Delay = 0.00>
ST_1 : Operation 266 [1/1] (0.00ns)   --->   "%memory_in_local_235 = alloca i64 1"   --->   Operation 266 'alloca' 'memory_in_local_235' <Predicate = true> <Delay = 0.00>
ST_1 : Operation 267 [1/1] (0.00ns)   --->   "%memory_in_local_236 = alloca i64 1"   --->   Operation 267 'alloca' 'memory_in_local_236' <Predicate = true> <Delay = 0.00>
ST_1 : Operation 268 [1/1] (0.00ns)   --->   "%memory_in_local_237 = alloca i64 1"   --->   Operation 268 'alloca' 'memory_in_local_237' <Predicate = true> <Delay = 0.00>
ST_1 : Operation 269 [1/1] (0.00ns)   --->   "%memory_in_local_238 = alloca i64 1"   --->   Operation 269 'alloca' 'memory_in_local_238' <Predicate = true> <Delay = 0.00>
ST_1 : Operation 270 [1/1] (0.00ns)   --->   "%memory_in_local_239 = alloca i64 1"   --->   Operation 270 'alloca' 'memory_in_local_239' <Predicate = true> <Delay = 0.00>
ST_1 : Operation 271 [1/1] (0.00ns)   --->   "%memory_in_local_240 = alloca i64 1"   --->   Operation 271 'alloca' 'memory_in_local_240' <Predicate = true> <Delay = 0.00>
ST_1 : Operation 272 [1/1] (0.00ns)   --->   "%memory_in_local_241 = alloca i64 1"   --->   Operation 272 'alloca' 'memory_in_local_241' <Predicate = true> <Delay = 0.00>
ST_1 : Operation 273 [1/1] (0.00ns)   --->   "%memory_in_local_242 = alloca i64 1"   --->   Operation 273 'alloca' 'memory_in_local_242' <Predicate = true> <Delay = 0.00>
ST_1 : Operation 274 [1/1] (0.00ns)   --->   "%memory_in_local_243 = alloca i64 1"   --->   Operation 274 'alloca' 'memory_in_local_243' <Predicate = true> <Delay = 0.00>
ST_1 : Operation 275 [1/1] (0.00ns)   --->   "%memory_in_local_244 = alloca i64 1"   --->   Operation 275 'alloca' 'memory_in_local_244' <Predicate = true> <Delay = 0.00>
ST_1 : Operation 276 [1/1] (0.00ns)   --->   "%memory_in_local_245 = alloca i64 1"   --->   Operation 276 'alloca' 'memory_in_local_245' <Predicate = true> <Delay = 0.00>
ST_1 : Operation 277 [1/1] (0.00ns)   --->   "%memory_in_local_246 = alloca i64 1"   --->   Operation 277 'alloca' 'memory_in_local_246' <Predicate = true> <Delay = 0.00>
ST_1 : Operation 278 [1/1] (0.00ns)   --->   "%memory_in_local_247 = alloca i64 1"   --->   Operation 278 'alloca' 'memory_in_local_247' <Predicate = true> <Delay = 0.00>
ST_1 : Operation 279 [1/1] (0.00ns)   --->   "%memory_in_local_248 = alloca i64 1"   --->   Operation 279 'alloca' 'memory_in_local_248' <Predicate = true> <Delay = 0.00>
ST_1 : Operation 280 [1/1] (0.00ns)   --->   "%memory_in_local_249 = alloca i64 1"   --->   Operation 280 'alloca' 'memory_in_local_249' <Predicate = true> <Delay = 0.00>
ST_1 : Operation 281 [1/1] (0.00ns)   --->   "%memory_in_local_250 = alloca i64 1"   --->   Operation 281 'alloca' 'memory_in_local_250' <Predicate = true> <Delay = 0.00>
ST_1 : Operation 282 [1/1] (0.00ns)   --->   "%memory_in_local_251 = alloca i64 1"   --->   Operation 282 'alloca' 'memory_in_local_251' <Predicate = true> <Delay = 0.00>
ST_1 : Operation 283 [1/1] (0.00ns)   --->   "%memory_in_local_252 = alloca i64 1"   --->   Operation 283 'alloca' 'memory_in_local_252' <Predicate = true> <Delay = 0.00>
ST_1 : Operation 284 [1/1] (0.00ns)   --->   "%memory_in_local_253 = alloca i64 1"   --->   Operation 284 'alloca' 'memory_in_local_253' <Predicate = true> <Delay = 0.00>
ST_1 : Operation 285 [1/1] (0.00ns)   --->   "%memory_in_local_254 = alloca i64 1"   --->   Operation 285 'alloca' 'memory_in_local_254' <Predicate = true> <Delay = 0.00>
ST_1 : Operation 286 [1/1] (0.00ns)   --->   "%memory_in_local_255 = alloca i64 1"   --->   Operation 286 'alloca' 'memory_in_local_255' <Predicate = true> <Delay = 0.00>
ST_1 : Operation 287 [1/1] (0.00ns)   --->   "%memory_in_local_256 = alloca i64 1"   --->   Operation 287 'alloca' 'memory_in_local_256' <Predicate = true> <Delay = 0.00>
ST_1 : Operation 288 [1/1] (0.00ns)   --->   "%memory_in_local_257 = alloca i64 1"   --->   Operation 288 'alloca' 'memory_in_local_257' <Predicate = true> <Delay = 0.00>
ST_1 : Operation 289 [1/1] (0.00ns)   --->   "%memory_in_local_258 = alloca i64 1"   --->   Operation 289 'alloca' 'memory_in_local_258' <Predicate = true> <Delay = 0.00>
ST_1 : Operation 290 [1/1] (0.00ns)   --->   "%memory_in_local_259 = alloca i64 1"   --->   Operation 290 'alloca' 'memory_in_local_259' <Predicate = true> <Delay = 0.00>
ST_1 : Operation 291 [1/1] (0.00ns)   --->   "%memory_in_local_260 = alloca i64 1"   --->   Operation 291 'alloca' 'memory_in_local_260' <Predicate = true> <Delay = 0.00>
ST_1 : Operation 292 [1/1] (0.00ns)   --->   "%memory_in_local_261 = alloca i64 1"   --->   Operation 292 'alloca' 'memory_in_local_261' <Predicate = true> <Delay = 0.00>
ST_1 : Operation 293 [1/1] (0.00ns)   --->   "%memory_in_local_262 = alloca i64 1"   --->   Operation 293 'alloca' 'memory_in_local_262' <Predicate = true> <Delay = 0.00>
ST_1 : Operation 294 [1/1] (0.00ns)   --->   "%memory_in_local_263 = alloca i64 1"   --->   Operation 294 'alloca' 'memory_in_local_263' <Predicate = true> <Delay = 0.00>
ST_1 : Operation 295 [1/1] (0.00ns)   --->   "%memory_in_local_264 = alloca i64 1"   --->   Operation 295 'alloca' 'memory_in_local_264' <Predicate = true> <Delay = 0.00>
ST_1 : Operation 296 [1/1] (0.00ns)   --->   "%memory_in_local_265 = alloca i64 1"   --->   Operation 296 'alloca' 'memory_in_local_265' <Predicate = true> <Delay = 0.00>
ST_1 : Operation 297 [1/1] (0.00ns)   --->   "%memory_in_local_266 = alloca i64 1"   --->   Operation 297 'alloca' 'memory_in_local_266' <Predicate = true> <Delay = 0.00>
ST_1 : Operation 298 [1/1] (0.00ns)   --->   "%memory_in_local_267 = alloca i64 1"   --->   Operation 298 'alloca' 'memory_in_local_267' <Predicate = true> <Delay = 0.00>
ST_1 : Operation 299 [1/1] (0.00ns)   --->   "%memory_in_local_268 = alloca i64 1"   --->   Operation 299 'alloca' 'memory_in_local_268' <Predicate = true> <Delay = 0.00>
ST_1 : Operation 300 [1/1] (0.00ns)   --->   "%memory_in_local_269 = alloca i64 1"   --->   Operation 300 'alloca' 'memory_in_local_269' <Predicate = true> <Delay = 0.00>
ST_1 : Operation 301 [1/1] (0.00ns)   --->   "%memory_in_local_270 = alloca i64 1"   --->   Operation 301 'alloca' 'memory_in_local_270' <Predicate = true> <Delay = 0.00>
ST_1 : Operation 302 [1/1] (0.00ns)   --->   "%memory_in_local_271 = alloca i64 1"   --->   Operation 302 'alloca' 'memory_in_local_271' <Predicate = true> <Delay = 0.00>
ST_1 : Operation 303 [1/1] (0.00ns)   --->   "%memory_in_local_272 = alloca i64 1"   --->   Operation 303 'alloca' 'memory_in_local_272' <Predicate = true> <Delay = 0.00>
ST_1 : Operation 304 [1/1] (0.00ns)   --->   "%memory_in_local_273 = alloca i64 1"   --->   Operation 304 'alloca' 'memory_in_local_273' <Predicate = true> <Delay = 0.00>
ST_1 : Operation 305 [1/1] (0.00ns)   --->   "%memory_in_local_274 = alloca i64 1"   --->   Operation 305 'alloca' 'memory_in_local_274' <Predicate = true> <Delay = 0.00>
ST_1 : Operation 306 [1/1] (0.00ns)   --->   "%memory_in_local_275 = alloca i64 1"   --->   Operation 306 'alloca' 'memory_in_local_275' <Predicate = true> <Delay = 0.00>
ST_1 : Operation 307 [1/1] (0.00ns)   --->   "%memory_in_local_276 = alloca i64 1"   --->   Operation 307 'alloca' 'memory_in_local_276' <Predicate = true> <Delay = 0.00>
ST_1 : Operation 308 [1/1] (0.00ns)   --->   "%memory_in_local_277 = alloca i64 1"   --->   Operation 308 'alloca' 'memory_in_local_277' <Predicate = true> <Delay = 0.00>
ST_1 : Operation 309 [1/1] (0.00ns)   --->   "%memory_in_local_278 = alloca i64 1"   --->   Operation 309 'alloca' 'memory_in_local_278' <Predicate = true> <Delay = 0.00>
ST_1 : Operation 310 [1/1] (0.00ns)   --->   "%memory_in_local_279 = alloca i64 1"   --->   Operation 310 'alloca' 'memory_in_local_279' <Predicate = true> <Delay = 0.00>
ST_1 : Operation 311 [1/1] (0.00ns)   --->   "%memory_in_local_280 = alloca i64 1"   --->   Operation 311 'alloca' 'memory_in_local_280' <Predicate = true> <Delay = 0.00>
ST_1 : Operation 312 [1/1] (0.00ns)   --->   "%memory_in_local_281 = alloca i64 1"   --->   Operation 312 'alloca' 'memory_in_local_281' <Predicate = true> <Delay = 0.00>
ST_1 : Operation 313 [1/1] (0.00ns)   --->   "%memory_in_local_282 = alloca i64 1"   --->   Operation 313 'alloca' 'memory_in_local_282' <Predicate = true> <Delay = 0.00>
ST_1 : Operation 314 [1/1] (0.00ns)   --->   "%memory_in_local_283 = alloca i64 1"   --->   Operation 314 'alloca' 'memory_in_local_283' <Predicate = true> <Delay = 0.00>
ST_1 : Operation 315 [1/1] (0.00ns)   --->   "%memory_in_local_284 = alloca i64 1"   --->   Operation 315 'alloca' 'memory_in_local_284' <Predicate = true> <Delay = 0.00>
ST_1 : Operation 316 [1/1] (0.00ns)   --->   "%memory_in_local_285 = alloca i64 1"   --->   Operation 316 'alloca' 'memory_in_local_285' <Predicate = true> <Delay = 0.00>
ST_1 : Operation 317 [1/1] (0.00ns)   --->   "%memory_in_local_286 = alloca i64 1"   --->   Operation 317 'alloca' 'memory_in_local_286' <Predicate = true> <Delay = 0.00>
ST_1 : Operation 318 [1/1] (0.00ns)   --->   "%memory_in_local_287 = alloca i64 1"   --->   Operation 318 'alloca' 'memory_in_local_287' <Predicate = true> <Delay = 0.00>
ST_1 : Operation 319 [1/1] (0.00ns)   --->   "%memory_in_local_288 = alloca i64 1"   --->   Operation 319 'alloca' 'memory_in_local_288' <Predicate = true> <Delay = 0.00>
ST_1 : Operation 320 [1/1] (0.00ns)   --->   "%memory_in_local_289 = alloca i64 1"   --->   Operation 320 'alloca' 'memory_in_local_289' <Predicate = true> <Delay = 0.00>
ST_1 : Operation 321 [1/1] (0.00ns)   --->   "%memory_in_local_290 = alloca i64 1"   --->   Operation 321 'alloca' 'memory_in_local_290' <Predicate = true> <Delay = 0.00>
ST_1 : Operation 322 [1/1] (0.00ns)   --->   "%memory_in_local_291 = alloca i64 1"   --->   Operation 322 'alloca' 'memory_in_local_291' <Predicate = true> <Delay = 0.00>
ST_1 : Operation 323 [1/1] (0.00ns)   --->   "%memory_in_local_292 = alloca i64 1"   --->   Operation 323 'alloca' 'memory_in_local_292' <Predicate = true> <Delay = 0.00>
ST_1 : Operation 324 [1/1] (0.00ns)   --->   "%memory_in_local_293 = alloca i64 1"   --->   Operation 324 'alloca' 'memory_in_local_293' <Predicate = true> <Delay = 0.00>
ST_1 : Operation 325 [1/1] (0.00ns)   --->   "%memory_in_local_294 = alloca i64 1"   --->   Operation 325 'alloca' 'memory_in_local_294' <Predicate = true> <Delay = 0.00>
ST_1 : Operation 326 [1/1] (0.00ns)   --->   "%memory_in_local_295 = alloca i64 1"   --->   Operation 326 'alloca' 'memory_in_local_295' <Predicate = true> <Delay = 0.00>
ST_1 : Operation 327 [1/1] (0.00ns)   --->   "%memory_in_local_296 = alloca i64 1"   --->   Operation 327 'alloca' 'memory_in_local_296' <Predicate = true> <Delay = 0.00>
ST_1 : Operation 328 [1/1] (0.00ns)   --->   "%memory_in_local_297 = alloca i64 1"   --->   Operation 328 'alloca' 'memory_in_local_297' <Predicate = true> <Delay = 0.00>
ST_1 : Operation 329 [1/1] (0.00ns)   --->   "%memory_in_local_298 = alloca i64 1"   --->   Operation 329 'alloca' 'memory_in_local_298' <Predicate = true> <Delay = 0.00>
ST_1 : Operation 330 [1/1] (0.00ns)   --->   "%memory_in_local_299 = alloca i64 1"   --->   Operation 330 'alloca' 'memory_in_local_299' <Predicate = true> <Delay = 0.00>
ST_1 : Operation 331 [1/1] (0.00ns)   --->   "%memory_in_local_300 = alloca i64 1"   --->   Operation 331 'alloca' 'memory_in_local_300' <Predicate = true> <Delay = 0.00>
ST_1 : Operation 332 [1/1] (0.00ns)   --->   "%memory_in_local_301 = alloca i64 1"   --->   Operation 332 'alloca' 'memory_in_local_301' <Predicate = true> <Delay = 0.00>
ST_1 : Operation 333 [1/1] (0.00ns)   --->   "%memory_in_local_302 = alloca i64 1"   --->   Operation 333 'alloca' 'memory_in_local_302' <Predicate = true> <Delay = 0.00>
ST_1 : Operation 334 [1/1] (0.00ns)   --->   "%memory_in_local_303 = alloca i64 1"   --->   Operation 334 'alloca' 'memory_in_local_303' <Predicate = true> <Delay = 0.00>
ST_1 : Operation 335 [1/1] (0.00ns)   --->   "%memory_in_local_304 = alloca i64 1"   --->   Operation 335 'alloca' 'memory_in_local_304' <Predicate = true> <Delay = 0.00>
ST_1 : Operation 336 [1/1] (0.00ns)   --->   "%memory_in_local_305 = alloca i64 1"   --->   Operation 336 'alloca' 'memory_in_local_305' <Predicate = true> <Delay = 0.00>
ST_1 : Operation 337 [1/1] (0.00ns)   --->   "%memory_in_local_306 = alloca i64 1"   --->   Operation 337 'alloca' 'memory_in_local_306' <Predicate = true> <Delay = 0.00>
ST_1 : Operation 338 [1/1] (0.00ns)   --->   "%memory_in_local_307 = alloca i64 1"   --->   Operation 338 'alloca' 'memory_in_local_307' <Predicate = true> <Delay = 0.00>
ST_1 : Operation 339 [1/1] (0.00ns)   --->   "%memory_in_local_308 = alloca i64 1"   --->   Operation 339 'alloca' 'memory_in_local_308' <Predicate = true> <Delay = 0.00>
ST_1 : Operation 340 [1/1] (0.00ns)   --->   "%memory_in_local_309 = alloca i64 1"   --->   Operation 340 'alloca' 'memory_in_local_309' <Predicate = true> <Delay = 0.00>
ST_1 : Operation 341 [1/1] (0.00ns)   --->   "%memory_in_local_310 = alloca i64 1"   --->   Operation 341 'alloca' 'memory_in_local_310' <Predicate = true> <Delay = 0.00>
ST_1 : Operation 342 [1/1] (0.00ns)   --->   "%memory_in_local_311 = alloca i64 1"   --->   Operation 342 'alloca' 'memory_in_local_311' <Predicate = true> <Delay = 0.00>
ST_1 : Operation 343 [1/1] (0.00ns)   --->   "%memory_in_local_312 = alloca i64 1"   --->   Operation 343 'alloca' 'memory_in_local_312' <Predicate = true> <Delay = 0.00>
ST_1 : Operation 344 [1/1] (0.00ns)   --->   "%memory_in_local_313 = alloca i64 1"   --->   Operation 344 'alloca' 'memory_in_local_313' <Predicate = true> <Delay = 0.00>
ST_1 : Operation 345 [1/1] (0.00ns)   --->   "%memory_in_local_314 = alloca i64 1"   --->   Operation 345 'alloca' 'memory_in_local_314' <Predicate = true> <Delay = 0.00>
ST_1 : Operation 346 [1/1] (0.00ns)   --->   "%memory_in_local_315 = alloca i64 1"   --->   Operation 346 'alloca' 'memory_in_local_315' <Predicate = true> <Delay = 0.00>
ST_1 : Operation 347 [1/1] (0.00ns)   --->   "%memory_in_local_316 = alloca i64 1"   --->   Operation 347 'alloca' 'memory_in_local_316' <Predicate = true> <Delay = 0.00>
ST_1 : Operation 348 [1/1] (0.00ns)   --->   "%memory_in_local_317 = alloca i64 1"   --->   Operation 348 'alloca' 'memory_in_local_317' <Predicate = true> <Delay = 0.00>
ST_1 : Operation 349 [1/1] (0.00ns)   --->   "%memory_in_local_318 = alloca i64 1"   --->   Operation 349 'alloca' 'memory_in_local_318' <Predicate = true> <Delay = 0.00>
ST_1 : Operation 350 [1/1] (0.00ns)   --->   "%memory_in_local_319 = alloca i64 1"   --->   Operation 350 'alloca' 'memory_in_local_319' <Predicate = true> <Delay = 0.00>
ST_1 : Operation 351 [1/1] (0.00ns)   --->   "%memory_in_local_320 = alloca i64 1"   --->   Operation 351 'alloca' 'memory_in_local_320' <Predicate = true> <Delay = 0.00>
ST_1 : Operation 352 [1/1] (0.00ns)   --->   "%memory_in_local_321 = alloca i64 1"   --->   Operation 352 'alloca' 'memory_in_local_321' <Predicate = true> <Delay = 0.00>
ST_1 : Operation 353 [1/1] (0.00ns)   --->   "%memory_in_local_322 = alloca i64 1"   --->   Operation 353 'alloca' 'memory_in_local_322' <Predicate = true> <Delay = 0.00>
ST_1 : Operation 354 [1/1] (0.00ns)   --->   "%memory_in_local_323 = alloca i64 1"   --->   Operation 354 'alloca' 'memory_in_local_323' <Predicate = true> <Delay = 0.00>
ST_1 : Operation 355 [1/1] (0.00ns)   --->   "%memory_in_local_324 = alloca i64 1"   --->   Operation 355 'alloca' 'memory_in_local_324' <Predicate = true> <Delay = 0.00>
ST_1 : Operation 356 [1/1] (0.00ns)   --->   "%memory_in_local_325 = alloca i64 1"   --->   Operation 356 'alloca' 'memory_in_local_325' <Predicate = true> <Delay = 0.00>
ST_1 : Operation 357 [1/1] (0.00ns)   --->   "%memory_in_local_326 = alloca i64 1"   --->   Operation 357 'alloca' 'memory_in_local_326' <Predicate = true> <Delay = 0.00>
ST_1 : Operation 358 [1/1] (0.00ns)   --->   "%memory_in_local_327 = alloca i64 1"   --->   Operation 358 'alloca' 'memory_in_local_327' <Predicate = true> <Delay = 0.00>
ST_1 : Operation 359 [1/1] (0.00ns)   --->   "%memory_in_local_328 = alloca i64 1"   --->   Operation 359 'alloca' 'memory_in_local_328' <Predicate = true> <Delay = 0.00>
ST_1 : Operation 360 [1/1] (0.00ns)   --->   "%memory_in_local_329 = alloca i64 1"   --->   Operation 360 'alloca' 'memory_in_local_329' <Predicate = true> <Delay = 0.00>
ST_1 : Operation 361 [1/1] (0.00ns)   --->   "%memory_in_local_330 = alloca i64 1"   --->   Operation 361 'alloca' 'memory_in_local_330' <Predicate = true> <Delay = 0.00>
ST_1 : Operation 362 [1/1] (0.00ns)   --->   "%memory_in_local_331 = alloca i64 1"   --->   Operation 362 'alloca' 'memory_in_local_331' <Predicate = true> <Delay = 0.00>
ST_1 : Operation 363 [1/1] (0.00ns)   --->   "%memory_in_local_332 = alloca i64 1"   --->   Operation 363 'alloca' 'memory_in_local_332' <Predicate = true> <Delay = 0.00>
ST_1 : Operation 364 [1/1] (0.00ns)   --->   "%memory_in_local_333 = alloca i64 1"   --->   Operation 364 'alloca' 'memory_in_local_333' <Predicate = true> <Delay = 0.00>
ST_1 : Operation 365 [1/1] (0.00ns)   --->   "%memory_in_local_334 = alloca i64 1"   --->   Operation 365 'alloca' 'memory_in_local_334' <Predicate = true> <Delay = 0.00>
ST_1 : Operation 366 [1/1] (0.00ns)   --->   "%memory_in_local_335 = alloca i64 1"   --->   Operation 366 'alloca' 'memory_in_local_335' <Predicate = true> <Delay = 0.00>
ST_1 : Operation 367 [1/1] (0.00ns)   --->   "%memory_in_local_336 = alloca i64 1"   --->   Operation 367 'alloca' 'memory_in_local_336' <Predicate = true> <Delay = 0.00>
ST_1 : Operation 368 [1/1] (0.00ns)   --->   "%memory_in_local_337 = alloca i64 1"   --->   Operation 368 'alloca' 'memory_in_local_337' <Predicate = true> <Delay = 0.00>
ST_1 : Operation 369 [1/1] (0.00ns)   --->   "%memory_in_local_338 = alloca i64 1"   --->   Operation 369 'alloca' 'memory_in_local_338' <Predicate = true> <Delay = 0.00>
ST_1 : Operation 370 [1/1] (0.00ns)   --->   "%memory_in_local_339 = alloca i64 1"   --->   Operation 370 'alloca' 'memory_in_local_339' <Predicate = true> <Delay = 0.00>
ST_1 : Operation 371 [1/1] (0.00ns)   --->   "%memory_in_local_340 = alloca i64 1"   --->   Operation 371 'alloca' 'memory_in_local_340' <Predicate = true> <Delay = 0.00>
ST_1 : Operation 372 [1/1] (0.00ns)   --->   "%memory_in_local_341 = alloca i64 1"   --->   Operation 372 'alloca' 'memory_in_local_341' <Predicate = true> <Delay = 0.00>
ST_1 : Operation 373 [1/1] (0.00ns)   --->   "%memory_in_local_342 = alloca i64 1"   --->   Operation 373 'alloca' 'memory_in_local_342' <Predicate = true> <Delay = 0.00>
ST_1 : Operation 374 [1/1] (0.00ns)   --->   "%memory_in_local_343 = alloca i64 1"   --->   Operation 374 'alloca' 'memory_in_local_343' <Predicate = true> <Delay = 0.00>
ST_1 : Operation 375 [1/1] (0.00ns)   --->   "%memory_in_local_344 = alloca i64 1"   --->   Operation 375 'alloca' 'memory_in_local_344' <Predicate = true> <Delay = 0.00>
ST_1 : Operation 376 [1/1] (0.00ns)   --->   "%memory_in_local_345 = alloca i64 1"   --->   Operation 376 'alloca' 'memory_in_local_345' <Predicate = true> <Delay = 0.00>
ST_1 : Operation 377 [1/1] (0.00ns)   --->   "%memory_in_local_346 = alloca i64 1"   --->   Operation 377 'alloca' 'memory_in_local_346' <Predicate = true> <Delay = 0.00>
ST_1 : Operation 378 [1/1] (0.00ns)   --->   "%memory_in_local_347 = alloca i64 1"   --->   Operation 378 'alloca' 'memory_in_local_347' <Predicate = true> <Delay = 0.00>
ST_1 : Operation 379 [1/1] (0.00ns)   --->   "%memory_in_local_348 = alloca i64 1"   --->   Operation 379 'alloca' 'memory_in_local_348' <Predicate = true> <Delay = 0.00>
ST_1 : Operation 380 [1/1] (0.00ns)   --->   "%memory_in_local_349 = alloca i64 1"   --->   Operation 380 'alloca' 'memory_in_local_349' <Predicate = true> <Delay = 0.00>
ST_1 : Operation 381 [1/1] (0.00ns)   --->   "%memory_in_local_350 = alloca i64 1"   --->   Operation 381 'alloca' 'memory_in_local_350' <Predicate = true> <Delay = 0.00>
ST_1 : Operation 382 [1/1] (0.00ns)   --->   "%memory_in_local_351 = alloca i64 1"   --->   Operation 382 'alloca' 'memory_in_local_351' <Predicate = true> <Delay = 0.00>
ST_1 : Operation 383 [1/1] (0.00ns)   --->   "%memory_in_local_352 = alloca i64 1"   --->   Operation 383 'alloca' 'memory_in_local_352' <Predicate = true> <Delay = 0.00>
ST_1 : Operation 384 [1/1] (0.00ns)   --->   "%memory_in_local_353 = alloca i64 1"   --->   Operation 384 'alloca' 'memory_in_local_353' <Predicate = true> <Delay = 0.00>
ST_1 : Operation 385 [1/1] (0.00ns)   --->   "%memory_in_local_354 = alloca i64 1"   --->   Operation 385 'alloca' 'memory_in_local_354' <Predicate = true> <Delay = 0.00>
ST_1 : Operation 386 [1/1] (0.00ns)   --->   "%memory_in_local_355 = alloca i64 1"   --->   Operation 386 'alloca' 'memory_in_local_355' <Predicate = true> <Delay = 0.00>
ST_1 : Operation 387 [1/1] (0.00ns)   --->   "%memory_in_local_356 = alloca i64 1"   --->   Operation 387 'alloca' 'memory_in_local_356' <Predicate = true> <Delay = 0.00>
ST_1 : Operation 388 [1/1] (0.00ns)   --->   "%memory_in_local_357 = alloca i64 1"   --->   Operation 388 'alloca' 'memory_in_local_357' <Predicate = true> <Delay = 0.00>
ST_1 : Operation 389 [1/1] (0.00ns)   --->   "%memory_in_local_358 = alloca i64 1"   --->   Operation 389 'alloca' 'memory_in_local_358' <Predicate = true> <Delay = 0.00>
ST_1 : Operation 390 [1/1] (0.00ns)   --->   "%memory_in_local_359 = alloca i64 1"   --->   Operation 390 'alloca' 'memory_in_local_359' <Predicate = true> <Delay = 0.00>
ST_1 : Operation 391 [1/1] (0.00ns)   --->   "%memory_in_local_360 = alloca i64 1"   --->   Operation 391 'alloca' 'memory_in_local_360' <Predicate = true> <Delay = 0.00>
ST_1 : Operation 392 [1/1] (0.00ns)   --->   "%memory_in_local_361 = alloca i64 1"   --->   Operation 392 'alloca' 'memory_in_local_361' <Predicate = true> <Delay = 0.00>
ST_1 : Operation 393 [1/1] (0.00ns)   --->   "%memory_in_local_362 = alloca i64 1"   --->   Operation 393 'alloca' 'memory_in_local_362' <Predicate = true> <Delay = 0.00>
ST_1 : Operation 394 [1/1] (0.00ns)   --->   "%memory_in_local_363 = alloca i64 1"   --->   Operation 394 'alloca' 'memory_in_local_363' <Predicate = true> <Delay = 0.00>
ST_1 : Operation 395 [1/1] (0.00ns)   --->   "%memory_in_local_364 = alloca i64 1"   --->   Operation 395 'alloca' 'memory_in_local_364' <Predicate = true> <Delay = 0.00>
ST_1 : Operation 396 [1/1] (0.00ns)   --->   "%memory_in_local_365 = alloca i64 1"   --->   Operation 396 'alloca' 'memory_in_local_365' <Predicate = true> <Delay = 0.00>
ST_1 : Operation 397 [1/1] (0.00ns)   --->   "%memory_in_local_366 = alloca i64 1"   --->   Operation 397 'alloca' 'memory_in_local_366' <Predicate = true> <Delay = 0.00>
ST_1 : Operation 398 [1/1] (0.00ns)   --->   "%memory_in_local_367 = alloca i64 1"   --->   Operation 398 'alloca' 'memory_in_local_367' <Predicate = true> <Delay = 0.00>
ST_1 : Operation 399 [1/1] (0.00ns)   --->   "%memory_in_local_368 = alloca i64 1"   --->   Operation 399 'alloca' 'memory_in_local_368' <Predicate = true> <Delay = 0.00>
ST_1 : Operation 400 [1/1] (0.00ns)   --->   "%memory_in_local_369 = alloca i64 1"   --->   Operation 400 'alloca' 'memory_in_local_369' <Predicate = true> <Delay = 0.00>
ST_1 : Operation 401 [1/1] (0.00ns)   --->   "%memory_in_local_370 = alloca i64 1"   --->   Operation 401 'alloca' 'memory_in_local_370' <Predicate = true> <Delay = 0.00>
ST_1 : Operation 402 [1/1] (0.00ns)   --->   "%memory_in_local_371 = alloca i64 1"   --->   Operation 402 'alloca' 'memory_in_local_371' <Predicate = true> <Delay = 0.00>
ST_1 : Operation 403 [1/1] (0.00ns)   --->   "%memory_in_local_372 = alloca i64 1"   --->   Operation 403 'alloca' 'memory_in_local_372' <Predicate = true> <Delay = 0.00>
ST_1 : Operation 404 [1/1] (0.00ns)   --->   "%memory_in_local_373 = alloca i64 1"   --->   Operation 404 'alloca' 'memory_in_local_373' <Predicate = true> <Delay = 0.00>
ST_1 : Operation 405 [1/1] (0.00ns)   --->   "%memory_in_local_374 = alloca i64 1"   --->   Operation 405 'alloca' 'memory_in_local_374' <Predicate = true> <Delay = 0.00>
ST_1 : Operation 406 [1/1] (0.00ns)   --->   "%memory_in_local_375 = alloca i64 1"   --->   Operation 406 'alloca' 'memory_in_local_375' <Predicate = true> <Delay = 0.00>
ST_1 : Operation 407 [1/1] (0.00ns)   --->   "%memory_in_local_376 = alloca i64 1"   --->   Operation 407 'alloca' 'memory_in_local_376' <Predicate = true> <Delay = 0.00>
ST_1 : Operation 408 [1/1] (0.00ns)   --->   "%memory_in_local_377 = alloca i64 1"   --->   Operation 408 'alloca' 'memory_in_local_377' <Predicate = true> <Delay = 0.00>
ST_1 : Operation 409 [1/1] (0.00ns)   --->   "%memory_in_local_378 = alloca i64 1"   --->   Operation 409 'alloca' 'memory_in_local_378' <Predicate = true> <Delay = 0.00>
ST_1 : Operation 410 [1/1] (0.00ns)   --->   "%memory_in_local_379 = alloca i64 1"   --->   Operation 410 'alloca' 'memory_in_local_379' <Predicate = true> <Delay = 0.00>
ST_1 : Operation 411 [1/1] (0.00ns)   --->   "%memory_in_local_380 = alloca i64 1"   --->   Operation 411 'alloca' 'memory_in_local_380' <Predicate = true> <Delay = 0.00>
ST_1 : Operation 412 [1/1] (0.00ns)   --->   "%memory_in_local_381 = alloca i64 1"   --->   Operation 412 'alloca' 'memory_in_local_381' <Predicate = true> <Delay = 0.00>
ST_1 : Operation 413 [1/1] (0.00ns)   --->   "%memory_in_local_382 = alloca i64 1"   --->   Operation 413 'alloca' 'memory_in_local_382' <Predicate = true> <Delay = 0.00>
ST_1 : Operation 414 [1/1] (0.00ns)   --->   "%memory_in_local_383 = alloca i64 1"   --->   Operation 414 'alloca' 'memory_in_local_383' <Predicate = true> <Delay = 0.00>
ST_1 : Operation 415 [1/1] (0.00ns)   --->   "%memory_in_local_384 = alloca i64 1"   --->   Operation 415 'alloca' 'memory_in_local_384' <Predicate = true> <Delay = 0.00>
ST_1 : Operation 416 [1/1] (0.00ns)   --->   "%memory_in_local_385 = alloca i64 1"   --->   Operation 416 'alloca' 'memory_in_local_385' <Predicate = true> <Delay = 0.00>
ST_1 : Operation 417 [1/1] (0.00ns)   --->   "%memory_in_local_386 = alloca i64 1"   --->   Operation 417 'alloca' 'memory_in_local_386' <Predicate = true> <Delay = 0.00>
ST_1 : Operation 418 [1/1] (0.00ns)   --->   "%memory_in_local_387 = alloca i64 1"   --->   Operation 418 'alloca' 'memory_in_local_387' <Predicate = true> <Delay = 0.00>
ST_1 : Operation 419 [1/1] (0.00ns)   --->   "%memory_in_local_388 = alloca i64 1"   --->   Operation 419 'alloca' 'memory_in_local_388' <Predicate = true> <Delay = 0.00>
ST_1 : Operation 420 [1/1] (0.00ns)   --->   "%memory_in_local_389 = alloca i64 1"   --->   Operation 420 'alloca' 'memory_in_local_389' <Predicate = true> <Delay = 0.00>
ST_1 : Operation 421 [1/1] (0.00ns)   --->   "%memory_in_local_390 = alloca i64 1"   --->   Operation 421 'alloca' 'memory_in_local_390' <Predicate = true> <Delay = 0.00>
ST_1 : Operation 422 [1/1] (0.00ns)   --->   "%memory_in_local_391 = alloca i64 1"   --->   Operation 422 'alloca' 'memory_in_local_391' <Predicate = true> <Delay = 0.00>
ST_1 : Operation 423 [1/1] (0.00ns)   --->   "%memory_in_local_392 = alloca i64 1"   --->   Operation 423 'alloca' 'memory_in_local_392' <Predicate = true> <Delay = 0.00>
ST_1 : Operation 424 [1/1] (0.00ns)   --->   "%memory_in_local_393 = alloca i64 1"   --->   Operation 424 'alloca' 'memory_in_local_393' <Predicate = true> <Delay = 0.00>
ST_1 : Operation 425 [1/1] (0.00ns)   --->   "%memory_in_local_394 = alloca i64 1"   --->   Operation 425 'alloca' 'memory_in_local_394' <Predicate = true> <Delay = 0.00>
ST_1 : Operation 426 [1/1] (0.00ns)   --->   "%memory_in_local_395 = alloca i64 1"   --->   Operation 426 'alloca' 'memory_in_local_395' <Predicate = true> <Delay = 0.00>
ST_1 : Operation 427 [1/1] (0.00ns)   --->   "%memory_in_local_396 = alloca i64 1"   --->   Operation 427 'alloca' 'memory_in_local_396' <Predicate = true> <Delay = 0.00>
ST_1 : Operation 428 [1/1] (0.00ns)   --->   "%memory_in_local_397 = alloca i64 1"   --->   Operation 428 'alloca' 'memory_in_local_397' <Predicate = true> <Delay = 0.00>
ST_1 : Operation 429 [1/1] (0.00ns)   --->   "%memory_in_local_398 = alloca i64 1"   --->   Operation 429 'alloca' 'memory_in_local_398' <Predicate = true> <Delay = 0.00>
ST_1 : Operation 430 [1/1] (0.00ns)   --->   "%memory_in_local_399 = alloca i64 1"   --->   Operation 430 'alloca' 'memory_in_local_399' <Predicate = true> <Delay = 0.00>
ST_1 : Operation 431 [1/1] (0.00ns)   --->   "%memory_in_local_400 = alloca i64 1"   --->   Operation 431 'alloca' 'memory_in_local_400' <Predicate = true> <Delay = 0.00>
ST_1 : Operation 432 [1/1] (0.00ns)   --->   "%memory_in_local_401 = alloca i64 1"   --->   Operation 432 'alloca' 'memory_in_local_401' <Predicate = true> <Delay = 0.00>
ST_1 : Operation 433 [1/1] (0.00ns)   --->   "%memory_in_local_402 = alloca i64 1"   --->   Operation 433 'alloca' 'memory_in_local_402' <Predicate = true> <Delay = 0.00>
ST_1 : Operation 434 [1/1] (0.00ns)   --->   "%memory_in_local_403 = alloca i64 1"   --->   Operation 434 'alloca' 'memory_in_local_403' <Predicate = true> <Delay = 0.00>
ST_1 : Operation 435 [1/1] (0.00ns)   --->   "%memory_in_local_404 = alloca i64 1"   --->   Operation 435 'alloca' 'memory_in_local_404' <Predicate = true> <Delay = 0.00>
ST_1 : Operation 436 [1/1] (0.00ns)   --->   "%memory_in_local_405 = alloca i64 1"   --->   Operation 436 'alloca' 'memory_in_local_405' <Predicate = true> <Delay = 0.00>
ST_1 : Operation 437 [1/1] (0.00ns)   --->   "%memory_in_local_406 = alloca i64 1"   --->   Operation 437 'alloca' 'memory_in_local_406' <Predicate = true> <Delay = 0.00>
ST_1 : Operation 438 [1/1] (0.00ns)   --->   "%memory_in_local_407 = alloca i64 1"   --->   Operation 438 'alloca' 'memory_in_local_407' <Predicate = true> <Delay = 0.00>
ST_1 : Operation 439 [1/1] (0.00ns)   --->   "%memory_in_local_408 = alloca i64 1"   --->   Operation 439 'alloca' 'memory_in_local_408' <Predicate = true> <Delay = 0.00>
ST_1 : Operation 440 [1/1] (0.00ns)   --->   "%memory_in_local_409 = alloca i64 1"   --->   Operation 440 'alloca' 'memory_in_local_409' <Predicate = true> <Delay = 0.00>
ST_1 : Operation 441 [1/1] (0.00ns)   --->   "%memory_in_local_410 = alloca i64 1"   --->   Operation 441 'alloca' 'memory_in_local_410' <Predicate = true> <Delay = 0.00>
ST_1 : Operation 442 [1/1] (0.00ns)   --->   "%memory_in_local_411 = alloca i64 1"   --->   Operation 442 'alloca' 'memory_in_local_411' <Predicate = true> <Delay = 0.00>
ST_1 : Operation 443 [1/1] (0.00ns)   --->   "%memory_in_local_412 = alloca i64 1"   --->   Operation 443 'alloca' 'memory_in_local_412' <Predicate = true> <Delay = 0.00>
ST_1 : Operation 444 [1/1] (0.00ns)   --->   "%memory_in_local_413 = alloca i64 1"   --->   Operation 444 'alloca' 'memory_in_local_413' <Predicate = true> <Delay = 0.00>
ST_1 : Operation 445 [1/1] (0.00ns)   --->   "%memory_in_local_414 = alloca i64 1"   --->   Operation 445 'alloca' 'memory_in_local_414' <Predicate = true> <Delay = 0.00>
ST_1 : Operation 446 [1/1] (0.00ns)   --->   "%memory_in_local_415 = alloca i64 1"   --->   Operation 446 'alloca' 'memory_in_local_415' <Predicate = true> <Delay = 0.00>
ST_1 : Operation 447 [1/1] (0.00ns)   --->   "%memory_in_local_416 = alloca i64 1"   --->   Operation 447 'alloca' 'memory_in_local_416' <Predicate = true> <Delay = 0.00>
ST_1 : Operation 448 [1/1] (0.00ns)   --->   "%memory_in_local_417 = alloca i64 1"   --->   Operation 448 'alloca' 'memory_in_local_417' <Predicate = true> <Delay = 0.00>
ST_1 : Operation 449 [1/1] (0.00ns)   --->   "%memory_in_local_418 = alloca i64 1"   --->   Operation 449 'alloca' 'memory_in_local_418' <Predicate = true> <Delay = 0.00>
ST_1 : Operation 450 [1/1] (0.00ns)   --->   "%memory_in_local_419 = alloca i64 1"   --->   Operation 450 'alloca' 'memory_in_local_419' <Predicate = true> <Delay = 0.00>
ST_1 : Operation 451 [1/1] (0.00ns)   --->   "%memory_in_local_420 = alloca i64 1"   --->   Operation 451 'alloca' 'memory_in_local_420' <Predicate = true> <Delay = 0.00>
ST_1 : Operation 452 [1/1] (0.00ns)   --->   "%memory_in_local_421 = alloca i64 1"   --->   Operation 452 'alloca' 'memory_in_local_421' <Predicate = true> <Delay = 0.00>
ST_1 : Operation 453 [1/1] (0.00ns)   --->   "%memory_in_local_422 = alloca i64 1"   --->   Operation 453 'alloca' 'memory_in_local_422' <Predicate = true> <Delay = 0.00>
ST_1 : Operation 454 [1/1] (0.00ns)   --->   "%memory_in_local_423 = alloca i64 1"   --->   Operation 454 'alloca' 'memory_in_local_423' <Predicate = true> <Delay = 0.00>
ST_1 : Operation 455 [1/1] (0.00ns)   --->   "%memory_in_local_424 = alloca i64 1"   --->   Operation 455 'alloca' 'memory_in_local_424' <Predicate = true> <Delay = 0.00>
ST_1 : Operation 456 [1/1] (0.00ns)   --->   "%memory_in_local_425 = alloca i64 1"   --->   Operation 456 'alloca' 'memory_in_local_425' <Predicate = true> <Delay = 0.00>
ST_1 : Operation 457 [1/1] (0.00ns)   --->   "%memory_in_local_426 = alloca i64 1"   --->   Operation 457 'alloca' 'memory_in_local_426' <Predicate = true> <Delay = 0.00>
ST_1 : Operation 458 [1/1] (0.00ns)   --->   "%memory_in_local_427 = alloca i64 1"   --->   Operation 458 'alloca' 'memory_in_local_427' <Predicate = true> <Delay = 0.00>
ST_1 : Operation 459 [1/1] (0.00ns)   --->   "%memory_in_local_428 = alloca i64 1"   --->   Operation 459 'alloca' 'memory_in_local_428' <Predicate = true> <Delay = 0.00>
ST_1 : Operation 460 [1/1] (0.00ns)   --->   "%memory_in_local_429 = alloca i64 1"   --->   Operation 460 'alloca' 'memory_in_local_429' <Predicate = true> <Delay = 0.00>
ST_1 : Operation 461 [1/1] (0.00ns)   --->   "%memory_in_local_430 = alloca i64 1"   --->   Operation 461 'alloca' 'memory_in_local_430' <Predicate = true> <Delay = 0.00>
ST_1 : Operation 462 [1/1] (0.00ns)   --->   "%memory_in_local_431 = alloca i64 1"   --->   Operation 462 'alloca' 'memory_in_local_431' <Predicate = true> <Delay = 0.00>
ST_1 : Operation 463 [1/1] (0.00ns)   --->   "%memory_in_local_432 = alloca i64 1"   --->   Operation 463 'alloca' 'memory_in_local_432' <Predicate = true> <Delay = 0.00>
ST_1 : Operation 464 [1/1] (0.00ns)   --->   "%memory_in_local_433 = alloca i64 1"   --->   Operation 464 'alloca' 'memory_in_local_433' <Predicate = true> <Delay = 0.00>
ST_1 : Operation 465 [1/1] (0.00ns)   --->   "%memory_in_local_434 = alloca i64 1"   --->   Operation 465 'alloca' 'memory_in_local_434' <Predicate = true> <Delay = 0.00>
ST_1 : Operation 466 [1/1] (0.00ns)   --->   "%memory_in_local_435 = alloca i64 1"   --->   Operation 466 'alloca' 'memory_in_local_435' <Predicate = true> <Delay = 0.00>
ST_1 : Operation 467 [1/1] (0.00ns)   --->   "%memory_in_local_436 = alloca i64 1"   --->   Operation 467 'alloca' 'memory_in_local_436' <Predicate = true> <Delay = 0.00>
ST_1 : Operation 468 [1/1] (0.00ns)   --->   "%memory_in_local_437 = alloca i64 1"   --->   Operation 468 'alloca' 'memory_in_local_437' <Predicate = true> <Delay = 0.00>
ST_1 : Operation 469 [1/1] (0.00ns)   --->   "%memory_in_local_438 = alloca i64 1"   --->   Operation 469 'alloca' 'memory_in_local_438' <Predicate = true> <Delay = 0.00>
ST_1 : Operation 470 [1/1] (0.00ns)   --->   "%memory_in_local_439 = alloca i64 1"   --->   Operation 470 'alloca' 'memory_in_local_439' <Predicate = true> <Delay = 0.00>
ST_1 : Operation 471 [1/1] (0.00ns)   --->   "%memory_in_local_440 = alloca i64 1"   --->   Operation 471 'alloca' 'memory_in_local_440' <Predicate = true> <Delay = 0.00>
ST_1 : Operation 472 [1/1] (0.00ns)   --->   "%memory_in_local_441 = alloca i64 1"   --->   Operation 472 'alloca' 'memory_in_local_441' <Predicate = true> <Delay = 0.00>
ST_1 : Operation 473 [1/1] (0.00ns)   --->   "%memory_in_local_442 = alloca i64 1"   --->   Operation 473 'alloca' 'memory_in_local_442' <Predicate = true> <Delay = 0.00>
ST_1 : Operation 474 [1/1] (0.00ns)   --->   "%memory_in_local_443 = alloca i64 1"   --->   Operation 474 'alloca' 'memory_in_local_443' <Predicate = true> <Delay = 0.00>
ST_1 : Operation 475 [1/1] (0.00ns)   --->   "%memory_in_local_444 = alloca i64 1"   --->   Operation 475 'alloca' 'memory_in_local_444' <Predicate = true> <Delay = 0.00>
ST_1 : Operation 476 [1/1] (0.00ns)   --->   "%memory_in_local_445 = alloca i64 1"   --->   Operation 476 'alloca' 'memory_in_local_445' <Predicate = true> <Delay = 0.00>
ST_1 : Operation 477 [1/1] (0.00ns)   --->   "%memory_in_local_446 = alloca i64 1"   --->   Operation 477 'alloca' 'memory_in_local_446' <Predicate = true> <Delay = 0.00>
ST_1 : Operation 478 [1/1] (0.00ns)   --->   "%memory_in_local_447 = alloca i64 1"   --->   Operation 478 'alloca' 'memory_in_local_447' <Predicate = true> <Delay = 0.00>
ST_1 : Operation 479 [1/1] (0.00ns)   --->   "%memory_in_local_448 = alloca i64 1"   --->   Operation 479 'alloca' 'memory_in_local_448' <Predicate = true> <Delay = 0.00>
ST_1 : Operation 480 [1/1] (0.00ns)   --->   "%memory_in_local_449 = alloca i64 1"   --->   Operation 480 'alloca' 'memory_in_local_449' <Predicate = true> <Delay = 0.00>
ST_1 : Operation 481 [1/1] (0.42ns)   --->   "%store_ln0 = store i6 0, i6 %j5"   --->   Operation 481 'store' 'store_ln0' <Predicate = true> <Delay = 0.42>
ST_1 : Operation 482 [1/1] (0.42ns)   --->   "%store_ln0 = store i4 0, i4 %i4"   --->   Operation 482 'store' 'store_ln0' <Predicate = true> <Delay = 0.42>
ST_1 : Operation 483 [1/1] (0.42ns)   --->   "%store_ln0 = store i9 0, i9 %indvar_flatten3"   --->   Operation 483 'store' 'store_ln0' <Predicate = true> <Delay = 0.42>
ST_1 : Operation 484 [1/1] (0.42ns)   --->   "%br_ln0 = br void %for.inc13"   --->   Operation 484 'br' 'br_ln0' <Predicate = true> <Delay = 0.42>
ST_1 : Operation 485 [1/1] (0.00ns)   --->   "%icmp_ln96 = phi i1 0, void %newFuncRoot, i1 %icmp_ln9, void %arrayidx123.exit" [top_wrapper.cpp:9]   --->   Operation 485 'phi' 'icmp_ln96' <Predicate = true> <Delay = 0.00>
ST_1 : Operation 486 [1/1] (0.00ns)   --->   "%indvar_flatten3_load = load i9 %indvar_flatten3" [top_wrapper.cpp:8]   --->   Operation 486 'load' 'indvar_flatten3_load' <Predicate = true> <Delay = 0.00>
ST_1 : Operation 487 [1/1] (0.00ns)   --->   "%i4_load = load i4 %i4" [top_wrapper.cpp:8]   --->   Operation 487 'load' 'i4_load' <Predicate = true> <Delay = 0.00>
ST_1 : Operation 488 [1/1] (0.00ns)   --->   "%j5_load = load i6 %j5" [top_wrapper.cpp:8]   --->   Operation 488 'load' 'j5_load' <Predicate = true> <Delay = 0.00>
ST_1 : Operation 489 [1/1] (0.79ns)   --->   "%add_ln8 = add i4 %i4_load, i4 1" [top_wrapper.cpp:8]   --->   Operation 489 'add' 'add_ln8' <Predicate = true> <Delay = 0.79> <CoreInst = "Adder">   --->   Core 1 'Adder' <Latency = 0> <II = 1> <Delay = 0.79> <FuncUnit> <Opcode : 'add' 'sub'> <InPorts = 2> <OutPorts = 1>
ST_1 : Operation 490 [1/1] (0.38ns)   --->   "%select_ln8 = select i1 %icmp_ln96, i6 0, i6 %j5_load" [top_wrapper.cpp:8]   --->   Operation 490 'select' 'select_ln8' <Predicate = true> <Delay = 0.38> <CoreInst = "Sel">   --->   Core 73 'Sel' <Latency = 0> <II = 1> <Delay = 0.38> <FuncUnit> <Opcode : 'select'> <InPorts = 3> <OutPorts = 1>
ST_1 : Operation 491 [1/1] (0.39ns)   --->   "%i = select i1 %icmp_ln96, i4 %add_ln8, i4 %i4_load" [top_wrapper.cpp:8]   --->   Operation 491 'select' 'i' <Predicate = true> <Delay = 0.39> <CoreInst = "Sel">   --->   Core 73 'Sel' <Latency = 0> <II = 1> <Delay = 0.39> <FuncUnit> <Opcode : 'select'> <InPorts = 3> <OutPorts = 1>
ST_1 : Operation 492 [1/1] (0.00ns)   --->   "%zext_ln9 = zext i4 %i" [top_wrapper.cpp:9]   --->   Operation 492 'zext' 'zext_ln9' <Predicate = true> <Delay = 0.00>
ST_1 : Operation 493 [3/3] (0.99ns) (grouped into DSP with root node add_ln11_1)   --->   "%mul_ln9 = mul i12 %zext_ln9, i12 400" [top_wrapper.cpp:9]   --->   Operation 493 'mul' 'mul_ln9' <Predicate = true> <Delay = 0.99> <CoreInst = "DSP48">   --->   Core 124 'DSP48' <Latency = 3> <II = 1> <Delay = 0.53> <IPBlock> <Opcode : '' 'add' 'sub' 'mul' 'select'> <InPorts = 0> <OutPorts = 1> <Sync> <CReg>
ST_1 : Operation 494 [1/1] (0.77ns)   --->   "%add_ln8_1 = add i9 %indvar_flatten3_load, i9 1" [top_wrapper.cpp:8]   --->   Operation 494 'add' 'add_ln8_1' <Predicate = true> <Delay = 0.77> <CoreInst = "Adder">   --->   Core 1 'Adder' <Latency = 0> <II = 1> <Delay = 0.77> <FuncUnit> <Opcode : 'add' 'sub'> <InPorts = 2> <OutPorts = 1>
ST_1 : Operation 495 [1/1] (0.79ns)   --->   "%switch_ln11 = switch i4 %i, void %arrayidx123.case.8, i4 0, void %arrayidx123.case.0, i4 1, void %arrayidx123.case.1, i4 2, void %arrayidx123.case.2, i4 3, void %arrayidx123.case.3, i4 4, void %arrayidx123.case.4, i4 5, void %arrayidx123.case.5, i4 6, void %arrayidx123.case.6, i4 7, void %arrayidx123.case.7" [top_wrapper.cpp:11]   --->   Operation 495 'switch' 'switch_ln11' <Predicate = true> <Delay = 0.79>
ST_1 : Operation 496 [1/1] (0.78ns)   --->   "%switch_ln11 = switch i6 %select_ln8, void %arrayidx123.case.49380, i6 0, void %arrayidx123.case.0330, i6 1, void %arrayidx123.case.1332, i6 2, void %arrayidx123.case.2333, i6 3, void %arrayidx123.case.3334, i6 4, void %arrayidx123.case.4335, i6 5, void %arrayidx123.case.5336, i6 6, void %arrayidx123.case.6337, i6 7, void %arrayidx123.case.7338, i6 8, void %arrayidx123.case.8339, i6 9, void %arrayidx123.case.9340, i6 10, void %arrayidx123.case.10341, i6 11, void %arrayidx123.case.11342, i6 12, void %arrayidx123.case.12343, i6 13, void %arrayidx123.case.13344, i6 14, void %arrayidx123.case.14345, i6 15, void %arrayidx123.case.15346, i6 16, void %arrayidx123.case.16347, i6 17, void %arrayidx123.case.17348, i6 18, void %arrayidx123.case.18349, i6 19, void %arrayidx123.case.19350, i6 20, void %arrayidx123.case.20351, i6 21, void %arrayidx123.case.21352, i6 22, void %arrayidx123.case.22353, i6 23, void %arrayidx123.case.23354, i6 24, void %arrayidx123.case.24355, i6 25, void %arrayidx123.case.25356, i6 26, void %arrayidx123.case.26357, i6 27, void %arrayidx123.case.27358, i6 28, void %arrayidx123.case.28359, i6 29, void %arrayidx123.case.29360, i6 30, void %arrayidx123.case.30361, i6 31, void %arrayidx123.case.31362, i6 32, void %arrayidx123.case.32363, i6 33, void %arrayidx123.case.33364, i6 34, void %arrayidx123.case.34365, i6 35, void %arrayidx123.case.35366, i6 36, void %arrayidx123.case.36367, i6 37, void %arrayidx123.case.37368, i6 38, void %arrayidx123.case.38369, i6 39, void %arrayidx123.case.39370, i6 40, void %arrayidx123.case.40371, i6 41, void %arrayidx123.case.41372, i6 42, void %arrayidx123.case.42373, i6 43, void %arrayidx123.case.43374, i6 44, void %arrayidx123.case.44375, i6 45, void %arrayidx123.case.45376, i6 46, void %arrayidx123.case.46377, i6 47, void %arrayidx123.case.47378, i6 48, void %arrayidx123.case.48379" [top_wrapper.cpp:11]   --->   Operation 496 'switch' 'switch_ln11' <Predicate = (i == 7)> <Delay = 0.78>
ST_1 : Operation 497 [1/1] (0.78ns)   --->   "%switch_ln11 = switch i6 %select_ln8, void %arrayidx123.case.49327, i6 0, void %arrayidx123.case.0278, i6 1, void %arrayidx123.case.1279, i6 2, void %arrayidx123.case.2280, i6 3, void %arrayidx123.case.3281, i6 4, void %arrayidx123.case.4282, i6 5, void %arrayidx123.case.5283, i6 6, void %arrayidx123.case.6284, i6 7, void %arrayidx123.case.7285, i6 8, void %arrayidx123.case.8286, i6 9, void %arrayidx123.case.9287, i6 10, void %arrayidx123.case.10288, i6 11, void %arrayidx123.case.11289, i6 12, void %arrayidx123.case.12290, i6 13, void %arrayidx123.case.13291, i6 14, void %arrayidx123.case.14292, i6 15, void %arrayidx123.case.15293, i6 16, void %arrayidx123.case.16294, i6 17, void %arrayidx123.case.17295, i6 18, void %arrayidx123.case.18296, i6 19, void %arrayidx123.case.19297, i6 20, void %arrayidx123.case.20298, i6 21, void %arrayidx123.case.21299, i6 22, void %arrayidx123.case.22300, i6 23, void %arrayidx123.case.23301, i6 24, void %arrayidx123.case.24302, i6 25, void %arrayidx123.case.25303, i6 26, void %arrayidx123.case.26304, i6 27, void %arrayidx123.case.27305, i6 28, void %arrayidx123.case.28306, i6 29, void %arrayidx123.case.29307, i6 30, void %arrayidx123.case.30308, i6 31, void %arrayidx123.case.31309, i6 32, void %arrayidx123.case.32310, i6 33, void %arrayidx123.case.33311, i6 34, void %arrayidx123.case.34312, i6 35, void %arrayidx123.case.35313, i6 36, void %arrayidx123.case.36314, i6 37, void %arrayidx123.case.37315, i6 38, void %arrayidx123.case.38316, i6 39, void %arrayidx123.case.39317, i6 40, void %arrayidx123.case.40318, i6 41, void %arrayidx123.case.41319, i6 42, void %arrayidx123.case.42320, i6 43, void %arrayidx123.case.43321, i6 44, void %arrayidx123.case.44322, i6 45, void %arrayidx123.case.45323, i6 46, void %arrayidx123.case.46324, i6 47, void %arrayidx123.case.47325, i6 48, void %arrayidx123.case.48326" [top_wrapper.cpp:11]   --->   Operation 497 'switch' 'switch_ln11' <Predicate = (i == 6)> <Delay = 0.78>
ST_1 : Operation 498 [1/1] (0.78ns)   --->   "%switch_ln11 = switch i6 %select_ln8, void %arrayidx123.case.49275, i6 0, void %arrayidx123.case.0226, i6 1, void %arrayidx123.case.1227, i6 2, void %arrayidx123.case.2228, i6 3, void %arrayidx123.case.3229, i6 4, void %arrayidx123.case.4230, i6 5, void %arrayidx123.case.5231, i6 6, void %arrayidx123.case.6232, i6 7, void %arrayidx123.case.7233, i6 8, void %arrayidx123.case.8234, i6 9, void %arrayidx123.case.9235, i6 10, void %arrayidx123.case.10236, i6 11, void %arrayidx123.case.11237, i6 12, void %arrayidx123.case.12238, i6 13, void %arrayidx123.case.13239, i6 14, void %arrayidx123.case.14240, i6 15, void %arrayidx123.case.15241, i6 16, void %arrayidx123.case.16242, i6 17, void %arrayidx123.case.17243, i6 18, void %arrayidx123.case.18244, i6 19, void %arrayidx123.case.19245, i6 20, void %arrayidx123.case.20246, i6 21, void %arrayidx123.case.21247, i6 22, void %arrayidx123.case.22248, i6 23, void %arrayidx123.case.23249, i6 24, void %arrayidx123.case.24250, i6 25, void %arrayidx123.case.25251, i6 26, void %arrayidx123.case.26252, i6 27, void %arrayidx123.case.27253, i6 28, void %arrayidx123.case.28254, i6 29, void %arrayidx123.case.29255, i6 30, void %arrayidx123.case.30256, i6 31, void %arrayidx123.case.31257, i6 32, void %arrayidx123.case.32258, i6 33, void %arrayidx123.case.33259, i6 34, void %arrayidx123.case.34260, i6 35, void %arrayidx123.case.35261, i6 36, void %arrayidx123.case.36262, i6 37, void %arrayidx123.case.37263, i6 38, void %arrayidx123.case.38264, i6 39, void %arrayidx123.case.39265, i6 40, void %arrayidx123.case.40266, i6 41, void %arrayidx123.case.41267, i6 42, void %arrayidx123.case.42268, i6 43, void %arrayidx123.case.43269, i6 44, void %arrayidx123.case.44270, i6 45, void %arrayidx123.case.45271, i6 46, void %arrayidx123.case.46272, i6 47, void %arrayidx123.case.47273, i6 48, void %arrayidx123.case.48274" [top_wrapper.cpp:11]   --->   Operation 498 'switch' 'switch_ln11' <Predicate = (i == 5)> <Delay = 0.78>
ST_1 : Operation 499 [1/1] (0.78ns)   --->   "%switch_ln11 = switch i6 %select_ln8, void %arrayidx123.case.49223, i6 0, void %arrayidx123.case.0174, i6 1, void %arrayidx123.case.1175, i6 2, void %arrayidx123.case.2176, i6 3, void %arrayidx123.case.3177, i6 4, void %arrayidx123.case.4178, i6 5, void %arrayidx123.case.5179, i6 6, void %arrayidx123.case.6180, i6 7, void %arrayidx123.case.7181, i6 8, void %arrayidx123.case.8182, i6 9, void %arrayidx123.case.9183, i6 10, void %arrayidx123.case.10184, i6 11, void %arrayidx123.case.11185, i6 12, void %arrayidx123.case.12186, i6 13, void %arrayidx123.case.13187, i6 14, void %arrayidx123.case.14188, i6 15, void %arrayidx123.case.15189, i6 16, void %arrayidx123.case.16190, i6 17, void %arrayidx123.case.17191, i6 18, void %arrayidx123.case.18192, i6 19, void %arrayidx123.case.19193, i6 20, void %arrayidx123.case.20194, i6 21, void %arrayidx123.case.21195, i6 22, void %arrayidx123.case.22196, i6 23, void %arrayidx123.case.23197, i6 24, void %arrayidx123.case.24198, i6 25, void %arrayidx123.case.25199, i6 26, void %arrayidx123.case.26200, i6 27, void %arrayidx123.case.27201, i6 28, void %arrayidx123.case.28202, i6 29, void %arrayidx123.case.29203, i6 30, void %arrayidx123.case.30204, i6 31, void %arrayidx123.case.31205, i6 32, void %arrayidx123.case.32206, i6 33, void %arrayidx123.case.33207, i6 34, void %arrayidx123.case.34208, i6 35, void %arrayidx123.case.35209, i6 36, void %arrayidx123.case.36210, i6 37, void %arrayidx123.case.37211, i6 38, void %arrayidx123.case.38212, i6 39, void %arrayidx123.case.39213, i6 40, void %arrayidx123.case.40214, i6 41, void %arrayidx123.case.41215, i6 42, void %arrayidx123.case.42216, i6 43, void %arrayidx123.case.43217, i6 44, void %arrayidx123.case.44218, i6 45, void %arrayidx123.case.45219, i6 46, void %arrayidx123.case.46220, i6 47, void %arrayidx123.case.47221, i6 48, void %arrayidx123.case.48222" [top_wrapper.cpp:11]   --->   Operation 499 'switch' 'switch_ln11' <Predicate = (i == 4)> <Delay = 0.78>
ST_1 : Operation 500 [1/1] (0.78ns)   --->   "%switch_ln11 = switch i6 %select_ln8, void %arrayidx123.case.49171, i6 0, void %arrayidx123.case.0122, i6 1, void %arrayidx123.case.1123, i6 2, void %arrayidx123.case.2124, i6 3, void %arrayidx123.case.3125, i6 4, void %arrayidx123.case.4126, i6 5, void %arrayidx123.case.5127, i6 6, void %arrayidx123.case.6128, i6 7, void %arrayidx123.case.7129, i6 8, void %arrayidx123.case.8130, i6 9, void %arrayidx123.case.9131, i6 10, void %arrayidx123.case.10132, i6 11, void %arrayidx123.case.11133, i6 12, void %arrayidx123.case.12134, i6 13, void %arrayidx123.case.13135, i6 14, void %arrayidx123.case.14136, i6 15, void %arrayidx123.case.15137, i6 16, void %arrayidx123.case.16138, i6 17, void %arrayidx123.case.17139, i6 18, void %arrayidx123.case.18140, i6 19, void %arrayidx123.case.19141, i6 20, void %arrayidx123.case.20142, i6 21, void %arrayidx123.case.21143, i6 22, void %arrayidx123.case.22144, i6 23, void %arrayidx123.case.23145, i6 24, void %arrayidx123.case.24146, i6 25, void %arrayidx123.case.25147, i6 26, void %arrayidx123.case.26148, i6 27, void %arrayidx123.case.27149, i6 28, void %arrayidx123.case.28150, i6 29, void %arrayidx123.case.29151, i6 30, void %arrayidx123.case.30152, i6 31, void %arrayidx123.case.31153, i6 32, void %arrayidx123.case.32154, i6 33, void %arrayidx123.case.33155, i6 34, void %arrayidx123.case.34156, i6 35, void %arrayidx123.case.35157, i6 36, void %arrayidx123.case.36158, i6 37, void %arrayidx123.case.37159, i6 38, void %arrayidx123.case.38160, i6 39, void %arrayidx123.case.39161, i6 40, void %arrayidx123.case.40162, i6 41, void %arrayidx123.case.41163, i6 42, void %arrayidx123.case.42164, i6 43, void %arrayidx123.case.43165, i6 44, void %arrayidx123.case.44166, i6 45, void %arrayidx123.case.45167, i6 46, void %arrayidx123.case.46168, i6 47, void %arrayidx123.case.47169, i6 48, void %arrayidx123.case.48170" [top_wrapper.cpp:11]   --->   Operation 500 'switch' 'switch_ln11' <Predicate = (i == 3)> <Delay = 0.78>
ST_1 : Operation 501 [1/1] (0.78ns)   --->   "%switch_ln11 = switch i6 %select_ln8, void %arrayidx123.case.49119, i6 0, void %arrayidx123.case.070, i6 1, void %arrayidx123.case.171, i6 2, void %arrayidx123.case.272, i6 3, void %arrayidx123.case.373, i6 4, void %arrayidx123.case.474, i6 5, void %arrayidx123.case.575, i6 6, void %arrayidx123.case.676, i6 7, void %arrayidx123.case.777, i6 8, void %arrayidx123.case.878, i6 9, void %arrayidx123.case.979, i6 10, void %arrayidx123.case.1080, i6 11, void %arrayidx123.case.1181, i6 12, void %arrayidx123.case.1282, i6 13, void %arrayidx123.case.1383, i6 14, void %arrayidx123.case.1484, i6 15, void %arrayidx123.case.1585, i6 16, void %arrayidx123.case.1686, i6 17, void %arrayidx123.case.1787, i6 18, void %arrayidx123.case.1888, i6 19, void %arrayidx123.case.1989, i6 20, void %arrayidx123.case.2090, i6 21, void %arrayidx123.case.2191, i6 22, void %arrayidx123.case.2292, i6 23, void %arrayidx123.case.2393, i6 24, void %arrayidx123.case.2494, i6 25, void %arrayidx123.case.2595, i6 26, void %arrayidx123.case.2696, i6 27, void %arrayidx123.case.2797, i6 28, void %arrayidx123.case.2898, i6 29, void %arrayidx123.case.2999, i6 30, void %arrayidx123.case.30100, i6 31, void %arrayidx123.case.31101, i6 32, void %arrayidx123.case.32102, i6 33, void %arrayidx123.case.33103, i6 34, void %arrayidx123.case.34104, i6 35, void %arrayidx123.case.35105, i6 36, void %arrayidx123.case.36106, i6 37, void %arrayidx123.case.37107, i6 38, void %arrayidx123.case.38108, i6 39, void %arrayidx123.case.39109, i6 40, void %arrayidx123.case.40110, i6 41, void %arrayidx123.case.41111, i6 42, void %arrayidx123.case.42112, i6 43, void %arrayidx123.case.43113, i6 44, void %arrayidx123.case.44114, i6 45, void %arrayidx123.case.45115, i6 46, void %arrayidx123.case.46116, i6 47, void %arrayidx123.case.47117, i6 48, void %arrayidx123.case.48118" [top_wrapper.cpp:11]   --->   Operation 501 'switch' 'switch_ln11' <Predicate = (i == 2)> <Delay = 0.78>
ST_1 : Operation 502 [1/1] (0.78ns)   --->   "%switch_ln11 = switch i6 %select_ln8, void %arrayidx123.case.4967, i6 0, void %arrayidx123.case.018, i6 1, void %arrayidx123.case.119, i6 2, void %arrayidx123.case.220, i6 3, void %arrayidx123.case.321, i6 4, void %arrayidx123.case.422, i6 5, void %arrayidx123.case.523, i6 6, void %arrayidx123.case.624, i6 7, void %arrayidx123.case.725, i6 8, void %arrayidx123.case.826, i6 9, void %arrayidx123.case.927, i6 10, void %arrayidx123.case.1028, i6 11, void %arrayidx123.case.1129, i6 12, void %arrayidx123.case.1230, i6 13, void %arrayidx123.case.1331, i6 14, void %arrayidx123.case.1432, i6 15, void %arrayidx123.case.1533, i6 16, void %arrayidx123.case.1634, i6 17, void %arrayidx123.case.1735, i6 18, void %arrayidx123.case.1836, i6 19, void %arrayidx123.case.1937, i6 20, void %arrayidx123.case.2038, i6 21, void %arrayidx123.case.2139, i6 22, void %arrayidx123.case.2240, i6 23, void %arrayidx123.case.2341, i6 24, void %arrayidx123.case.2442, i6 25, void %arrayidx123.case.2543, i6 26, void %arrayidx123.case.2644, i6 27, void %arrayidx123.case.2745, i6 28, void %arrayidx123.case.2846, i6 29, void %arrayidx123.case.2947, i6 30, void %arrayidx123.case.3048, i6 31, void %arrayidx123.case.3149, i6 32, void %arrayidx123.case.3250, i6 33, void %arrayidx123.case.3351, i6 34, void %arrayidx123.case.3452, i6 35, void %arrayidx123.case.3553, i6 36, void %arrayidx123.case.3654, i6 37, void %arrayidx123.case.3755, i6 38, void %arrayidx123.case.3856, i6 39, void %arrayidx123.case.3957, i6 40, void %arrayidx123.case.4058, i6 41, void %arrayidx123.case.4159, i6 42, void %arrayidx123.case.4260, i6 43, void %arrayidx123.case.4361, i6 44, void %arrayidx123.case.4462, i6 45, void %arrayidx123.case.4563, i6 46, void %arrayidx123.case.4664, i6 47, void %arrayidx123.case.4765, i6 48, void %arrayidx123.case.4866" [top_wrapper.cpp:11]   --->   Operation 502 'switch' 'switch_ln11' <Predicate = (i == 1)> <Delay = 0.78>
ST_1 : Operation 503 [1/1] (0.78ns)   --->   "%switch_ln11 = switch i6 %select_ln8, void %arrayidx123.case.49, i6 0, void %arrayidx123.case.03, i6 1, void %arrayidx123.case.14, i6 2, void %arrayidx123.case.25, i6 3, void %arrayidx123.case.36, i6 4, void %arrayidx123.case.47, i6 5, void %arrayidx123.case.58, i6 6, void %arrayidx123.case.69, i6 7, void %arrayidx123.case.710, i6 8, void %arrayidx123.case.811, i6 9, void %arrayidx123.case.9, i6 10, void %arrayidx123.case.10, i6 11, void %arrayidx123.case.11, i6 12, void %arrayidx123.case.12, i6 13, void %arrayidx123.case.13, i6 14, void %arrayidx123.case.1412, i6 15, void %arrayidx123.case.15, i6 16, void %arrayidx123.case.16, i6 17, void %arrayidx123.case.17, i6 18, void %arrayidx123.case.18, i6 19, void %arrayidx123.case.19, i6 20, void %arrayidx123.case.20, i6 21, void %arrayidx123.case.21, i6 22, void %arrayidx123.case.22, i6 23, void %arrayidx123.case.23, i6 24, void %arrayidx123.case.24, i6 25, void %arrayidx123.case.2513, i6 26, void %arrayidx123.case.26, i6 27, void %arrayidx123.case.27, i6 28, void %arrayidx123.case.28, i6 29, void %arrayidx123.case.29, i6 30, void %arrayidx123.case.30, i6 31, void %arrayidx123.case.31, i6 32, void %arrayidx123.case.32, i6 33, void %arrayidx123.case.33, i6 34, void %arrayidx123.case.34, i6 35, void %arrayidx123.case.35, i6 36, void %arrayidx123.case.3614, i6 37, void %arrayidx123.case.37, i6 38, void %arrayidx123.case.38, i6 39, void %arrayidx123.case.39, i6 40, void %arrayidx123.case.40, i6 41, void %arrayidx123.case.41, i6 42, void %arrayidx123.case.42, i6 43, void %arrayidx123.case.43, i6 44, void %arrayidx123.case.44, i6 45, void %arrayidx123.case.45, i6 46, void %arrayidx123.case.46, i6 47, void %arrayidx123.case.4715, i6 48, void %arrayidx123.case.48" [top_wrapper.cpp:11]   --->   Operation 503 'switch' 'switch_ln11' <Predicate = (i == 0)> <Delay = 0.78>
ST_1 : Operation 504 [1/1] (0.78ns)   --->   "%switch_ln11 = switch i6 %select_ln8, void %arrayidx123.case.49432, i6 0, void %arrayidx123.case.0383, i6 1, void %arrayidx123.case.1384, i6 2, void %arrayidx123.case.2385, i6 3, void %arrayidx123.case.3386, i6 4, void %arrayidx123.case.4387, i6 5, void %arrayidx123.case.5388, i6 6, void %arrayidx123.case.6389, i6 7, void %arrayidx123.case.7390, i6 8, void %arrayidx123.case.8391, i6 9, void %arrayidx123.case.9392, i6 10, void %arrayidx123.case.10393, i6 11, void %arrayidx123.case.11394, i6 12, void %arrayidx123.case.12395, i6 13, void %arrayidx123.case.13396, i6 14, void %arrayidx123.case.14397, i6 15, void %arrayidx123.case.15398, i6 16, void %arrayidx123.case.16399, i6 17, void %arrayidx123.case.17400, i6 18, void %arrayidx123.case.18401, i6 19, void %arrayidx123.case.19402, i6 20, void %arrayidx123.case.20403, i6 21, void %arrayidx123.case.21404, i6 22, void %arrayidx123.case.22405, i6 23, void %arrayidx123.case.23406, i6 24, void %arrayidx123.case.24407, i6 25, void %arrayidx123.case.25408, i6 26, void %arrayidx123.case.26409, i6 27, void %arrayidx123.case.27410, i6 28, void %arrayidx123.case.28411, i6 29, void %arrayidx123.case.29412, i6 30, void %arrayidx123.case.30413, i6 31, void %arrayidx123.case.31414, i6 32, void %arrayidx123.case.32415, i6 33, void %arrayidx123.case.33416, i6 34, void %arrayidx123.case.34417, i6 35, void %arrayidx123.case.35418, i6 36, void %arrayidx123.case.36419, i6 37, void %arrayidx123.case.37420, i6 38, void %arrayidx123.case.38421, i6 39, void %arrayidx123.case.39422, i6 40, void %arrayidx123.case.40423, i6 41, void %arrayidx123.case.41424, i6 42, void %arrayidx123.case.42425, i6 43, void %arrayidx123.case.43426, i6 44, void %arrayidx123.case.44427, i6 45, void %arrayidx123.case.45428, i6 46, void %arrayidx123.case.46429, i6 47, void %arrayidx123.case.47430, i6 48, void %arrayidx123.case.48431" [top_wrapper.cpp:11]   --->   Operation 504 'switch' 'switch_ln11' <Predicate = (i != 0 & i != 1 & i != 2 & i != 3 & i != 4 & i != 5 & i != 6 & i != 7)> <Delay = 0.78>
ST_1 : Operation 505 [1/1] (0.78ns)   --->   "%j = add i6 %select_ln8, i6 1" [top_wrapper.cpp:9]   --->   Operation 505 'add' 'j' <Predicate = true> <Delay = 0.78> <CoreInst = "Adder">   --->   Core 1 'Adder' <Latency = 0> <II = 1> <Delay = 0.78> <FuncUnit> <Opcode : 'add' 'sub'> <InPorts = 2> <OutPorts = 1>
ST_1 : Operation 506 [1/1] (0.78ns)   --->   "%icmp_ln9 = icmp_eq  i6 %j, i6 50" [top_wrapper.cpp:9]   --->   Operation 506 'icmp' 'icmp_ln9' <Predicate = true> <Delay = 0.78> <CoreInst = "Cmp">   --->   Core 9 'Cmp' <Latency = 0> <II = 1> <Delay = 0.78> <FuncUnit> <Opcode : 'seteq' 'setne' 'setle' 'setge' 'setlt' 'setgt'> <InPorts = 2> <OutPorts = 1>
ST_1 : Operation 507 [1/1] (0.77ns)   --->   "%icmp_ln8 = icmp_eq  i9 %indvar_flatten3_load, i9 449" [top_wrapper.cpp:8]   --->   Operation 507 'icmp' 'icmp_ln8' <Predicate = true> <Delay = 0.77> <CoreInst = "Cmp">   --->   Core 9 'Cmp' <Latency = 0> <II = 1> <Delay = 0.77> <FuncUnit> <Opcode : 'seteq' 'setne' 'setle' 'setge' 'setlt' 'setgt'> <InPorts = 2> <OutPorts = 1>
ST_1 : Operation 508 [1/1] (0.42ns)   --->   "%store_ln9 = store i6 %j, i6 %j5" [top_wrapper.cpp:9]   --->   Operation 508 'store' 'store_ln9' <Predicate = true> <Delay = 0.42>
ST_1 : Operation 509 [1/1] (0.42ns)   --->   "%store_ln8 = store i4 %i, i4 %i4" [top_wrapper.cpp:8]   --->   Operation 509 'store' 'store_ln8' <Predicate = true> <Delay = 0.42>
ST_1 : Operation 510 [1/1] (0.42ns)   --->   "%store_ln8 = store i9 %add_ln8_1, i9 %indvar_flatten3" [top_wrapper.cpp:8]   --->   Operation 510 'store' 'store_ln8' <Predicate = true> <Delay = 0.42>
ST_1 : Operation 511 [1/1] (0.00ns)   --->   "%br_ln8 = br i1 %icmp_ln8, void %for.inc13, void %for.end15" [top_wrapper.cpp:8]   --->   Operation 511 'br' 'br_ln8' <Predicate = true> <Delay = 0.00>

State 2 <SV = 1> <Delay = 0.99>
ST_2 : Operation 512 [2/3] (0.99ns) (grouped into DSP with root node add_ln11_1)   --->   "%mul_ln9 = mul i12 %zext_ln9, i12 400" [top_wrapper.cpp:9]   --->   Operation 512 'mul' 'mul_ln9' <Predicate = true> <Delay = 0.99> <CoreInst = "DSP48">   --->   Core 124 'DSP48' <Latency = 3> <II = 1> <Delay = 0.53> <IPBlock> <Opcode : '' 'add' 'sub' 'mul' 'select'> <InPorts = 0> <OutPorts = 1> <Sync> <CReg>

State 3 <SV = 2> <Delay = 0.64>
ST_3 : Operation 513 [1/3] (0.00ns) (grouped into DSP with root node add_ln11_1)   --->   "%mul_ln9 = mul i12 %zext_ln9, i12 400" [top_wrapper.cpp:9]   --->   Operation 513 'mul' 'mul_ln9' <Predicate = true> <Delay = 0.00> <CoreInst = "DSP48">   --->   Core 124 'DSP48' <Latency = 3> <II = 1> <Delay = 0.53> <IPBlock> <Opcode : '' 'add' 'sub' 'mul' 'select'> <InPorts = 0> <OutPorts = 1> <Sync> <CReg>
ST_3 : Operation 514 [1/1] (0.00ns)   --->   "%shl_ln = bitconcatenate i9 @_ssdm_op_BitConcatenate.i9.i6.i3, i6 %select_ln8, i3 0" [top_wrapper.cpp:11]   --->   Operation 514 'bitconcatenate' 'shl_ln' <Predicate = true> <Delay = 0.00>
ST_3 : Operation 515 [1/1] (0.00ns)   --->   "%zext_ln11 = zext i9 %shl_ln" [top_wrapper.cpp:11]   --->   Operation 515 'zext' 'zext_ln11' <Predicate = true> <Delay = 0.00>
ST_3 : Operation 516 [2/2] (0.64ns) (root node of the DSP)   --->   "%add_ln11_1 = add i12 %mul_ln9, i12 %zext_ln11" [top_wrapper.cpp:11]   --->   Operation 516 'add' 'add_ln11_1' <Predicate = true> <Delay = 0.64> <CoreInst = "DSP48">   --->   Core 124 'DSP48' <Latency = 3> <II = 1> <Delay = 0.53> <IPBlock> <Opcode : '' 'add' 'sub' 'mul' 'select'> <InPorts = 0> <OutPorts = 1> <Sync> <CReg>

State 4 <SV = 3> <Delay = 2.77>
ST_4 : Operation 517 [1/2] (0.64ns) (root node of the DSP)   --->   "%add_ln11_1 = add i12 %mul_ln9, i12 %zext_ln11" [top_wrapper.cpp:11]   --->   Operation 517 'add' 'add_ln11_1' <Predicate = true> <Delay = 0.64> <CoreInst = "DSP48">   --->   Core 124 'DSP48' <Latency = 3> <II = 1> <Delay = 0.53> <IPBlock> <Opcode : '' 'add' 'sub' 'mul' 'select'> <InPorts = 0> <OutPorts = 1> <Sync> <CReg>
ST_4 : Operation 518 [1/1] (0.00ns)   --->   "%zext_ln11_1 = zext i12 %add_ln11_1" [top_wrapper.cpp:11]   --->   Operation 518 'zext' 'zext_ln11_1' <Predicate = true> <Delay = 0.00>
ST_4 : Operation 519 [1/1] (0.83ns)   --->   "%add_ln11 = add i15 %zext_ln11_1, i15 %p_cast" [top_wrapper.cpp:11]   --->   Operation 519 'add' 'add_ln11' <Predicate = true> <Delay = 0.83> <CoreInst = "Adder">   --->   Core 1 'Adder' <Latency = 0> <II = 1> <Delay = 0.83> <FuncUnit> <Opcode : 'add' 'sub'> <InPorts = 2> <OutPorts = 1>
ST_4 : Operation 520 [1/1] (0.00ns)   --->   "%trunc_ln11_1 = partselect i12 @_ssdm_op_PartSelect.i12.i15.i32.i32, i15 %add_ln11, i32 3, i32 14" [top_wrapper.cpp:11]   --->   Operation 520 'partselect' 'trunc_ln11_1' <Predicate = true> <Delay = 0.00>
ST_4 : Operation 521 [16/16] (1.29ns)   --->   "%urem_ln11_1 = urem i12 %trunc_ln11_1, i12 50" [top_wrapper.cpp:11]   --->   Operation 521 'urem' 'urem_ln11_1' <Predicate = true> <Delay = 1.29> <CoreInst = "Divider">   --->   Core 6 'Divider' <Latency = 15> <II = 1> <Delay = 1.29> <FuncUnit> <Opcode : 'udiv' 'sdiv' 'urem' 'srem'> <InPorts = 2> <OutPorts = 1>

State 5 <SV = 4> <Delay = 2.41>
ST_5 : Operation 522 [1/1] (0.00ns)   --->   "%zext_ln11_2 = zext i15 %add_ln11" [top_wrapper.cpp:11]   --->   Operation 522 'zext' 'zext_ln11_2' <Predicate = true> <Delay = 0.00>
ST_5 : Operation 523 [1/1] (2.41ns)   --->   "%mul_ln11 = mul i31 %zext_ln11_2, i31 37283" [top_wrapper.cpp:11]   --->   Operation 523 'mul' 'mul_ln11' <Predicate = true> <Delay = 2.41> <CoreInst = "Multiplier">   --->   Core 3 'Multiplier' <Latency = 0> <II = 1> <Delay = 2.41> <FuncUnit> <Opcode : 'mul'> <InPorts = 2> <OutPorts = 1>
ST_5 : Operation 524 [1/1] (0.00ns)   --->   "%udiv_ln_cast = partselect i3 @_ssdm_op_PartSelect.i3.i31.i32.i32, i31 %mul_ln11, i32 27, i32 29" [top_wrapper.cpp:11]   --->   Operation 524 'partselect' 'udiv_ln_cast' <Predicate = true> <Delay = 0.00>
ST_5 : Operation 525 [1/1] (2.41ns)   --->   "%mul_ln11_1 = mul i31 %zext_ln11_2, i31 41944" [top_wrapper.cpp:11]   --->   Operation 525 'mul' 'mul_ln11_1' <Predicate = true> <Delay = 2.41> <CoreInst = "Multiplier">   --->   Core 3 'Multiplier' <Latency = 0> <II = 1> <Delay = 2.41> <FuncUnit> <Opcode : 'mul'> <InPorts = 2> <OutPorts = 1>
ST_5 : Operation 526 [1/1] (0.00ns)   --->   "%trunc_ln = partselect i6 @_ssdm_op_PartSelect.i6.i31.i32.i32, i31 %mul_ln11_1, i32 24, i32 29" [top_wrapper.cpp:11]   --->   Operation 526 'partselect' 'trunc_ln' <Predicate = true> <Delay = 0.00>
ST_5 : Operation 527 [15/16] (1.29ns)   --->   "%urem_ln11_1 = urem i12 %trunc_ln11_1, i12 50" [top_wrapper.cpp:11]   --->   Operation 527 'urem' 'urem_ln11_1' <Predicate = true> <Delay = 1.29> <CoreInst = "Divider">   --->   Core 6 'Divider' <Latency = 15> <II = 1> <Delay = 1.29> <FuncUnit> <Opcode : 'udiv' 'sdiv' 'urem' 'srem'> <InPorts = 2> <OutPorts = 1>

State 6 <SV = 5> <Delay = 1.33>
ST_6 : Operation 528 [10/10] (1.33ns)   --->   "%urem_ln11 = urem i6 %trunc_ln, i6 9" [top_wrapper.cpp:11]   --->   Operation 528 'urem' 'urem_ln11' <Predicate = true> <Delay = 1.33> <CoreInst = "Divider">   --->   Core 6 'Divider' <Latency = 9> <II = 1> <Delay = 1.33> <FuncUnit> <Opcode : 'udiv' 'sdiv' 'urem' 'srem'> <InPorts = 2> <OutPorts = 1>
ST_6 : Operation 529 [14/16] (1.29ns)   --->   "%urem_ln11_1 = urem i12 %trunc_ln11_1, i12 50" [top_wrapper.cpp:11]   --->   Operation 529 'urem' 'urem_ln11_1' <Predicate = true> <Delay = 1.29> <CoreInst = "Divider">   --->   Core 6 'Divider' <Latency = 15> <II = 1> <Delay = 1.29> <FuncUnit> <Opcode : 'udiv' 'sdiv' 'urem' 'srem'> <InPorts = 2> <OutPorts = 1>

State 7 <SV = 6> <Delay = 1.33>
ST_7 : Operation 530 [9/10] (1.33ns)   --->   "%urem_ln11 = urem i6 %trunc_ln, i6 9" [top_wrapper.cpp:11]   --->   Operation 530 'urem' 'urem_ln11' <Predicate = true> <Delay = 1.33> <CoreInst = "Divider">   --->   Core 6 'Divider' <Latency = 9> <II = 1> <Delay = 1.33> <FuncUnit> <Opcode : 'udiv' 'sdiv' 'urem' 'srem'> <InPorts = 2> <OutPorts = 1>
ST_7 : Operation 531 [13/16] (1.29ns)   --->   "%urem_ln11_1 = urem i12 %trunc_ln11_1, i12 50" [top_wrapper.cpp:11]   --->   Operation 531 'urem' 'urem_ln11_1' <Predicate = true> <Delay = 1.29> <CoreInst = "Divider">   --->   Core 6 'Divider' <Latency = 15> <II = 1> <Delay = 1.29> <FuncUnit> <Opcode : 'udiv' 'sdiv' 'urem' 'srem'> <InPorts = 2> <OutPorts = 1>

State 8 <SV = 7> <Delay = 1.33>
ST_8 : Operation 532 [8/10] (1.33ns)   --->   "%urem_ln11 = urem i6 %trunc_ln, i6 9" [top_wrapper.cpp:11]   --->   Operation 532 'urem' 'urem_ln11' <Predicate = true> <Delay = 1.33> <CoreInst = "Divider">   --->   Core 6 'Divider' <Latency = 9> <II = 1> <Delay = 1.33> <FuncUnit> <Opcode : 'udiv' 'sdiv' 'urem' 'srem'> <InPorts = 2> <OutPorts = 1>
ST_8 : Operation 533 [12/16] (1.29ns)   --->   "%urem_ln11_1 = urem i12 %trunc_ln11_1, i12 50" [top_wrapper.cpp:11]   --->   Operation 533 'urem' 'urem_ln11_1' <Predicate = true> <Delay = 1.29> <CoreInst = "Divider">   --->   Core 6 'Divider' <Latency = 15> <II = 1> <Delay = 1.29> <FuncUnit> <Opcode : 'udiv' 'sdiv' 'urem' 'srem'> <InPorts = 2> <OutPorts = 1>

State 9 <SV = 8> <Delay = 1.33>
ST_9 : Operation 534 [7/10] (1.33ns)   --->   "%urem_ln11 = urem i6 %trunc_ln, i6 9" [top_wrapper.cpp:11]   --->   Operation 534 'urem' 'urem_ln11' <Predicate = true> <Delay = 1.33> <CoreInst = "Divider">   --->   Core 6 'Divider' <Latency = 9> <II = 1> <Delay = 1.33> <FuncUnit> <Opcode : 'udiv' 'sdiv' 'urem' 'srem'> <InPorts = 2> <OutPorts = 1>
ST_9 : Operation 535 [11/16] (1.29ns)   --->   "%urem_ln11_1 = urem i12 %trunc_ln11_1, i12 50" [top_wrapper.cpp:11]   --->   Operation 535 'urem' 'urem_ln11_1' <Predicate = true> <Delay = 1.29> <CoreInst = "Divider">   --->   Core 6 'Divider' <Latency = 15> <II = 1> <Delay = 1.29> <FuncUnit> <Opcode : 'udiv' 'sdiv' 'urem' 'srem'> <InPorts = 2> <OutPorts = 1>

State 10 <SV = 9> <Delay = 1.33>
ST_10 : Operation 536 [6/10] (1.33ns)   --->   "%urem_ln11 = urem i6 %trunc_ln, i6 9" [top_wrapper.cpp:11]   --->   Operation 536 'urem' 'urem_ln11' <Predicate = true> <Delay = 1.33> <CoreInst = "Divider">   --->   Core 6 'Divider' <Latency = 9> <II = 1> <Delay = 1.33> <FuncUnit> <Opcode : 'udiv' 'sdiv' 'urem' 'srem'> <InPorts = 2> <OutPorts = 1>
ST_10 : Operation 537 [10/16] (1.29ns)   --->   "%urem_ln11_1 = urem i12 %trunc_ln11_1, i12 50" [top_wrapper.cpp:11]   --->   Operation 537 'urem' 'urem_ln11_1' <Predicate = true> <Delay = 1.29> <CoreInst = "Divider">   --->   Core 6 'Divider' <Latency = 15> <II = 1> <Delay = 1.29> <FuncUnit> <Opcode : 'udiv' 'sdiv' 'urem' 'srem'> <InPorts = 2> <OutPorts = 1>

State 11 <SV = 10> <Delay = 1.33>
ST_11 : Operation 538 [5/10] (1.33ns)   --->   "%urem_ln11 = urem i6 %trunc_ln, i6 9" [top_wrapper.cpp:11]   --->   Operation 538 'urem' 'urem_ln11' <Predicate = true> <Delay = 1.33> <CoreInst = "Divider">   --->   Core 6 'Divider' <Latency = 9> <II = 1> <Delay = 1.33> <FuncUnit> <Opcode : 'udiv' 'sdiv' 'urem' 'srem'> <InPorts = 2> <OutPorts = 1>
ST_11 : Operation 539 [9/16] (1.29ns)   --->   "%urem_ln11_1 = urem i12 %trunc_ln11_1, i12 50" [top_wrapper.cpp:11]   --->   Operation 539 'urem' 'urem_ln11_1' <Predicate = true> <Delay = 1.29> <CoreInst = "Divider">   --->   Core 6 'Divider' <Latency = 15> <II = 1> <Delay = 1.29> <FuncUnit> <Opcode : 'udiv' 'sdiv' 'urem' 'srem'> <InPorts = 2> <OutPorts = 1>

State 12 <SV = 11> <Delay = 1.33>
ST_12 : Operation 540 [4/10] (1.33ns)   --->   "%urem_ln11 = urem i6 %trunc_ln, i6 9" [top_wrapper.cpp:11]   --->   Operation 540 'urem' 'urem_ln11' <Predicate = true> <Delay = 1.33> <CoreInst = "Divider">   --->   Core 6 'Divider' <Latency = 9> <II = 1> <Delay = 1.33> <FuncUnit> <Opcode : 'udiv' 'sdiv' 'urem' 'srem'> <InPorts = 2> <OutPorts = 1>
ST_12 : Operation 541 [8/16] (1.29ns)   --->   "%urem_ln11_1 = urem i12 %trunc_ln11_1, i12 50" [top_wrapper.cpp:11]   --->   Operation 541 'urem' 'urem_ln11_1' <Predicate = true> <Delay = 1.29> <CoreInst = "Divider">   --->   Core 6 'Divider' <Latency = 15> <II = 1> <Delay = 1.29> <FuncUnit> <Opcode : 'udiv' 'sdiv' 'urem' 'srem'> <InPorts = 2> <OutPorts = 1>

State 13 <SV = 12> <Delay = 1.33>
ST_13 : Operation 542 [3/10] (1.33ns)   --->   "%urem_ln11 = urem i6 %trunc_ln, i6 9" [top_wrapper.cpp:11]   --->   Operation 542 'urem' 'urem_ln11' <Predicate = true> <Delay = 1.33> <CoreInst = "Divider">   --->   Core 6 'Divider' <Latency = 9> <II = 1> <Delay = 1.33> <FuncUnit> <Opcode : 'udiv' 'sdiv' 'urem' 'srem'> <InPorts = 2> <OutPorts = 1>
ST_13 : Operation 543 [7/16] (1.29ns)   --->   "%urem_ln11_1 = urem i12 %trunc_ln11_1, i12 50" [top_wrapper.cpp:11]   --->   Operation 543 'urem' 'urem_ln11_1' <Predicate = true> <Delay = 1.29> <CoreInst = "Divider">   --->   Core 6 'Divider' <Latency = 15> <II = 1> <Delay = 1.29> <FuncUnit> <Opcode : 'udiv' 'sdiv' 'urem' 'srem'> <InPorts = 2> <OutPorts = 1>

State 14 <SV = 13> <Delay = 1.33>
ST_14 : Operation 544 [2/10] (1.33ns)   --->   "%urem_ln11 = urem i6 %trunc_ln, i6 9" [top_wrapper.cpp:11]   --->   Operation 544 'urem' 'urem_ln11' <Predicate = true> <Delay = 1.33> <CoreInst = "Divider">   --->   Core 6 'Divider' <Latency = 9> <II = 1> <Delay = 1.33> <FuncUnit> <Opcode : 'udiv' 'sdiv' 'urem' 'srem'> <InPorts = 2> <OutPorts = 1>
ST_14 : Operation 545 [6/16] (1.29ns)   --->   "%urem_ln11_1 = urem i12 %trunc_ln11_1, i12 50" [top_wrapper.cpp:11]   --->   Operation 545 'urem' 'urem_ln11_1' <Predicate = true> <Delay = 1.29> <CoreInst = "Divider">   --->   Core 6 'Divider' <Latency = 15> <II = 1> <Delay = 1.29> <FuncUnit> <Opcode : 'udiv' 'sdiv' 'urem' 'srem'> <InPorts = 2> <OutPorts = 1>

State 15 <SV = 14> <Delay = 2.12>
ST_15 : Operation 546 [1/1] (0.00ns)   --->   "%tmp_2 = bitconcatenate i6 @_ssdm_op_BitConcatenate.i6.i3.i3, i3 %udiv_ln_cast, i3 %udiv_ln_cast" [top_wrapper.cpp:11]   --->   Operation 546 'bitconcatenate' 'tmp_2' <Predicate = true> <Delay = 0.00>
ST_15 : Operation 547 [1/10] (1.33ns)   --->   "%urem_ln11 = urem i6 %trunc_ln, i6 9" [top_wrapper.cpp:11]   --->   Operation 547 'urem' 'urem_ln11' <Predicate = true> <Delay = 1.33> <CoreInst = "Divider">   --->   Core 6 'Divider' <Latency = 9> <II = 1> <Delay = 1.33> <FuncUnit> <Opcode : 'udiv' 'sdiv' 'urem' 'srem'> <InPorts = 2> <OutPorts = 1>
ST_15 : Operation 548 [1/1] (0.78ns)   --->   "%add_ln11_2 = add i6 %tmp_2, i6 %urem_ln11" [top_wrapper.cpp:11]   --->   Operation 548 'add' 'add_ln11_2' <Predicate = true> <Delay = 0.78> <CoreInst = "Adder">   --->   Core 1 'Adder' <Latency = 0> <II = 1> <Delay = 0.78> <FuncUnit> <Opcode : 'add' 'sub'> <InPorts = 2> <OutPorts = 1>
ST_15 : Operation 549 [5/16] (1.29ns)   --->   "%urem_ln11_1 = urem i12 %trunc_ln11_1, i12 50" [top_wrapper.cpp:11]   --->   Operation 549 'urem' 'urem_ln11_1' <Predicate = true> <Delay = 1.29> <CoreInst = "Divider">   --->   Core 6 'Divider' <Latency = 15> <II = 1> <Delay = 1.29> <FuncUnit> <Opcode : 'udiv' 'sdiv' 'urem' 'srem'> <InPorts = 2> <OutPorts = 1>

State 16 <SV = 15> <Delay = 1.29>
ST_16 : Operation 550 [4/16] (1.29ns)   --->   "%urem_ln11_1 = urem i12 %trunc_ln11_1, i12 50" [top_wrapper.cpp:11]   --->   Operation 550 'urem' 'urem_ln11_1' <Predicate = true> <Delay = 1.29> <CoreInst = "Divider">   --->   Core 6 'Divider' <Latency = 15> <II = 1> <Delay = 1.29> <FuncUnit> <Opcode : 'udiv' 'sdiv' 'urem' 'srem'> <InPorts = 2> <OutPorts = 1>

State 17 <SV = 16> <Delay = 1.29>
ST_17 : Operation 551 [1/1] (0.00ns)   --->   "%zext_ln11_3 = zext i6 %add_ln11_2" [top_wrapper.cpp:11]   --->   Operation 551 'zext' 'zext_ln11_3' <Predicate = true> <Delay = 0.00>
ST_17 : Operation 552 [3/3] (0.99ns) (grouped into DSP with root node add_ln11_3)   --->   "%mul_ln11_2 = mul i12 %zext_ln11_3, i12 50" [top_wrapper.cpp:11]   --->   Operation 552 'mul' 'mul_ln11_2' <Predicate = true> <Delay = 0.99> <CoreInst = "DSP48">   --->   Core 124 'DSP48' <Latency = 3> <II = 1> <Delay = 0.53> <IPBlock> <Opcode : '' 'add' 'sub' 'mul' 'select'> <InPorts = 0> <OutPorts = 1> <Sync> <CReg>
ST_17 : Operation 553 [3/16] (1.29ns)   --->   "%urem_ln11_1 = urem i12 %trunc_ln11_1, i12 50" [top_wrapper.cpp:11]   --->   Operation 553 'urem' 'urem_ln11_1' <Predicate = true> <Delay = 1.29> <CoreInst = "Divider">   --->   Core 6 'Divider' <Latency = 15> <II = 1> <Delay = 1.29> <FuncUnit> <Opcode : 'udiv' 'sdiv' 'urem' 'srem'> <InPorts = 2> <OutPorts = 1>

State 18 <SV = 17> <Delay = 1.29>
ST_18 : Operation 554 [2/3] (0.99ns) (grouped into DSP with root node add_ln11_3)   --->   "%mul_ln11_2 = mul i12 %zext_ln11_3, i12 50" [top_wrapper.cpp:11]   --->   Operation 554 'mul' 'mul_ln11_2' <Predicate = true> <Delay = 0.99> <CoreInst = "DSP48">   --->   Core 124 'DSP48' <Latency = 3> <II = 1> <Delay = 0.53> <IPBlock> <Opcode : '' 'add' 'sub' 'mul' 'select'> <InPorts = 0> <OutPorts = 1> <Sync> <CReg>
ST_18 : Operation 555 [2/16] (1.29ns)   --->   "%urem_ln11_1 = urem i12 %trunc_ln11_1, i12 50" [top_wrapper.cpp:11]   --->   Operation 555 'urem' 'urem_ln11_1' <Predicate = true> <Delay = 1.29> <CoreInst = "Divider">   --->   Core 6 'Divider' <Latency = 15> <II = 1> <Delay = 1.29> <FuncUnit> <Opcode : 'udiv' 'sdiv' 'urem' 'srem'> <InPorts = 2> <OutPorts = 1>

State 19 <SV = 18> <Delay = 1.94>
ST_19 : Operation 556 [1/3] (0.00ns) (grouped into DSP with root node add_ln11_3)   --->   "%mul_ln11_2 = mul i12 %zext_ln11_3, i12 50" [top_wrapper.cpp:11]   --->   Operation 556 'mul' 'mul_ln11_2' <Predicate = true> <Delay = 0.00> <CoreInst = "DSP48">   --->   Core 124 'DSP48' <Latency = 3> <II = 1> <Delay = 0.53> <IPBlock> <Opcode : '' 'add' 'sub' 'mul' 'select'> <InPorts = 0> <OutPorts = 1> <Sync> <CReg>
ST_19 : Operation 557 [1/16] (1.29ns)   --->   "%urem_ln11_1 = urem i12 %trunc_ln11_1, i12 50" [top_wrapper.cpp:11]   --->   Operation 557 'urem' 'urem_ln11_1' <Predicate = true> <Delay = 1.29> <CoreInst = "Divider">   --->   Core 6 'Divider' <Latency = 15> <II = 1> <Delay = 1.29> <FuncUnit> <Opcode : 'udiv' 'sdiv' 'urem' 'srem'> <InPorts = 2> <OutPorts = 1>
ST_19 : Operation 558 [2/2] (0.64ns) (root node of the DSP)   --->   "%add_ln11_3 = add i12 %mul_ln11_2, i12 %urem_ln11_1" [top_wrapper.cpp:11]   --->   Operation 558 'add' 'add_ln11_3' <Predicate = true> <Delay = 0.64> <CoreInst = "DSP48">   --->   Core 124 'DSP48' <Latency = 3> <II = 1> <Delay = 0.53> <IPBlock> <Opcode : '' 'add' 'sub' 'mul' 'select'> <InPorts = 0> <OutPorts = 1> <Sync> <CReg>

State 20 <SV = 19> <Delay = 1.88>
ST_20 : Operation 559 [1/2] (0.64ns) (root node of the DSP)   --->   "%add_ln11_3 = add i12 %mul_ln11_2, i12 %urem_ln11_1" [top_wrapper.cpp:11]   --->   Operation 559 'add' 'add_ln11_3' <Predicate = true> <Delay = 0.64> <CoreInst = "DSP48">   --->   Core 124 'DSP48' <Latency = 3> <II = 1> <Delay = 0.53> <IPBlock> <Opcode : '' 'add' 'sub' 'mul' 'select'> <InPorts = 0> <OutPorts = 1> <Sync> <CReg>
ST_20 : Operation 560 [1/1] (0.00ns)   --->   "%zext_ln11_4 = zext i12 %add_ln11_3" [top_wrapper.cpp:11]   --->   Operation 560 'zext' 'zext_ln11_4' <Predicate = true> <Delay = 0.00>
ST_20 : Operation 561 [1/1] (0.00ns)   --->   "%memory_in_addr = getelementptr i45 %memory_in, i64 0, i64 %zext_ln11_4" [top_wrapper.cpp:11]   --->   Operation 561 'getelementptr' 'memory_in_addr' <Predicate = true> <Delay = 0.00>
ST_20 : Operation 562 [2/2] (1.23ns)   --->   "%memory_in_load = load i12 %memory_in_addr" [top_wrapper.cpp:11]   --->   Operation 562 'load' 'memory_in_load' <Predicate = true> <Delay = 1.23> <CoreInst = "RAM_1P">   --->   Core 87 'RAM_1P' <Latency = 1> <II = 1> <Delay = 1.23> <Storage> <Opcode : 'load' 'store'> <Ports = 1> <Width = 45> <Depth = 2250> <RAM>
ST_20 : Operation 563 [1/1] (0.00ns)   --->   "%br_ln11 = br void %arrayidx123.exit329" [top_wrapper.cpp:11]   --->   Operation 563 'br' 'br_ln11' <Predicate = (i == 7 & select_ln8 == 48)> <Delay = 0.00>
ST_20 : Operation 564 [1/1] (0.00ns)   --->   "%br_ln11 = br void %arrayidx123.exit329" [top_wrapper.cpp:11]   --->   Operation 564 'br' 'br_ln11' <Predicate = (i == 7 & select_ln8 == 47)> <Delay = 0.00>
ST_20 : Operation 565 [1/1] (0.00ns)   --->   "%br_ln11 = br void %arrayidx123.exit329" [top_wrapper.cpp:11]   --->   Operation 565 'br' 'br_ln11' <Predicate = (i == 7 & select_ln8 == 46)> <Delay = 0.00>
ST_20 : Operation 566 [1/1] (0.00ns)   --->   "%br_ln11 = br void %arrayidx123.exit329" [top_wrapper.cpp:11]   --->   Operation 566 'br' 'br_ln11' <Predicate = (i == 7 & select_ln8 == 45)> <Delay = 0.00>
ST_20 : Operation 567 [1/1] (0.00ns)   --->   "%br_ln11 = br void %arrayidx123.exit329" [top_wrapper.cpp:11]   --->   Operation 567 'br' 'br_ln11' <Predicate = (i == 7 & select_ln8 == 44)> <Delay = 0.00>
ST_20 : Operation 568 [1/1] (0.00ns)   --->   "%br_ln11 = br void %arrayidx123.exit329" [top_wrapper.cpp:11]   --->   Operation 568 'br' 'br_ln11' <Predicate = (i == 7 & select_ln8 == 43)> <Delay = 0.00>
ST_20 : Operation 569 [1/1] (0.00ns)   --->   "%br_ln11 = br void %arrayidx123.exit329" [top_wrapper.cpp:11]   --->   Operation 569 'br' 'br_ln11' <Predicate = (i == 7 & select_ln8 == 42)> <Delay = 0.00>
ST_20 : Operation 570 [1/1] (0.00ns)   --->   "%br_ln11 = br void %arrayidx123.exit329" [top_wrapper.cpp:11]   --->   Operation 570 'br' 'br_ln11' <Predicate = (i == 7 & select_ln8 == 41)> <Delay = 0.00>
ST_20 : Operation 571 [1/1] (0.00ns)   --->   "%br_ln11 = br void %arrayidx123.exit329" [top_wrapper.cpp:11]   --->   Operation 571 'br' 'br_ln11' <Predicate = (i == 7 & select_ln8 == 40)> <Delay = 0.00>
ST_20 : Operation 572 [1/1] (0.00ns)   --->   "%br_ln11 = br void %arrayidx123.exit329" [top_wrapper.cpp:11]   --->   Operation 572 'br' 'br_ln11' <Predicate = (i == 7 & select_ln8 == 39)> <Delay = 0.00>
ST_20 : Operation 573 [1/1] (0.00ns)   --->   "%br_ln11 = br void %arrayidx123.exit329" [top_wrapper.cpp:11]   --->   Operation 573 'br' 'br_ln11' <Predicate = (i == 7 & select_ln8 == 38)> <Delay = 0.00>
ST_20 : Operation 574 [1/1] (0.00ns)   --->   "%br_ln11 = br void %arrayidx123.exit329" [top_wrapper.cpp:11]   --->   Operation 574 'br' 'br_ln11' <Predicate = (i == 7 & select_ln8 == 37)> <Delay = 0.00>
ST_20 : Operation 575 [1/1] (0.00ns)   --->   "%br_ln11 = br void %arrayidx123.exit329" [top_wrapper.cpp:11]   --->   Operation 575 'br' 'br_ln11' <Predicate = (i == 7 & select_ln8 == 36)> <Delay = 0.00>
ST_20 : Operation 576 [1/1] (0.00ns)   --->   "%br_ln11 = br void %arrayidx123.exit329" [top_wrapper.cpp:11]   --->   Operation 576 'br' 'br_ln11' <Predicate = (i == 7 & select_ln8 == 35)> <Delay = 0.00>
ST_20 : Operation 577 [1/1] (0.00ns)   --->   "%br_ln11 = br void %arrayidx123.exit329" [top_wrapper.cpp:11]   --->   Operation 577 'br' 'br_ln11' <Predicate = (i == 7 & select_ln8 == 34)> <Delay = 0.00>
ST_20 : Operation 578 [1/1] (0.00ns)   --->   "%br_ln11 = br void %arrayidx123.exit329" [top_wrapper.cpp:11]   --->   Operation 578 'br' 'br_ln11' <Predicate = (i == 7 & select_ln8 == 33)> <Delay = 0.00>
ST_20 : Operation 579 [1/1] (0.00ns)   --->   "%br_ln11 = br void %arrayidx123.exit329" [top_wrapper.cpp:11]   --->   Operation 579 'br' 'br_ln11' <Predicate = (i == 7 & select_ln8 == 32)> <Delay = 0.00>
ST_20 : Operation 580 [1/1] (0.00ns)   --->   "%br_ln11 = br void %arrayidx123.exit329" [top_wrapper.cpp:11]   --->   Operation 580 'br' 'br_ln11' <Predicate = (i == 7 & select_ln8 == 31)> <Delay = 0.00>
ST_20 : Operation 581 [1/1] (0.00ns)   --->   "%br_ln11 = br void %arrayidx123.exit329" [top_wrapper.cpp:11]   --->   Operation 581 'br' 'br_ln11' <Predicate = (i == 7 & select_ln8 == 30)> <Delay = 0.00>
ST_20 : Operation 582 [1/1] (0.00ns)   --->   "%br_ln11 = br void %arrayidx123.exit329" [top_wrapper.cpp:11]   --->   Operation 582 'br' 'br_ln11' <Predicate = (i == 7 & select_ln8 == 29)> <Delay = 0.00>
ST_20 : Operation 583 [1/1] (0.00ns)   --->   "%br_ln11 = br void %arrayidx123.exit329" [top_wrapper.cpp:11]   --->   Operation 583 'br' 'br_ln11' <Predicate = (i == 7 & select_ln8 == 28)> <Delay = 0.00>
ST_20 : Operation 584 [1/1] (0.00ns)   --->   "%br_ln11 = br void %arrayidx123.exit329" [top_wrapper.cpp:11]   --->   Operation 584 'br' 'br_ln11' <Predicate = (i == 7 & select_ln8 == 27)> <Delay = 0.00>
ST_20 : Operation 585 [1/1] (0.00ns)   --->   "%br_ln11 = br void %arrayidx123.exit329" [top_wrapper.cpp:11]   --->   Operation 585 'br' 'br_ln11' <Predicate = (i == 7 & select_ln8 == 26)> <Delay = 0.00>
ST_20 : Operation 586 [1/1] (0.00ns)   --->   "%br_ln11 = br void %arrayidx123.exit329" [top_wrapper.cpp:11]   --->   Operation 586 'br' 'br_ln11' <Predicate = (i == 7 & select_ln8 == 25)> <Delay = 0.00>
ST_20 : Operation 587 [1/1] (0.00ns)   --->   "%br_ln11 = br void %arrayidx123.exit329" [top_wrapper.cpp:11]   --->   Operation 587 'br' 'br_ln11' <Predicate = (i == 7 & select_ln8 == 24)> <Delay = 0.00>
ST_20 : Operation 588 [1/1] (0.00ns)   --->   "%br_ln11 = br void %arrayidx123.exit329" [top_wrapper.cpp:11]   --->   Operation 588 'br' 'br_ln11' <Predicate = (i == 7 & select_ln8 == 23)> <Delay = 0.00>
ST_20 : Operation 589 [1/1] (0.00ns)   --->   "%br_ln11 = br void %arrayidx123.exit329" [top_wrapper.cpp:11]   --->   Operation 589 'br' 'br_ln11' <Predicate = (i == 7 & select_ln8 == 22)> <Delay = 0.00>
ST_20 : Operation 590 [1/1] (0.00ns)   --->   "%br_ln11 = br void %arrayidx123.exit329" [top_wrapper.cpp:11]   --->   Operation 590 'br' 'br_ln11' <Predicate = (i == 7 & select_ln8 == 21)> <Delay = 0.00>
ST_20 : Operation 591 [1/1] (0.00ns)   --->   "%br_ln11 = br void %arrayidx123.exit329" [top_wrapper.cpp:11]   --->   Operation 591 'br' 'br_ln11' <Predicate = (i == 7 & select_ln8 == 20)> <Delay = 0.00>
ST_20 : Operation 592 [1/1] (0.00ns)   --->   "%br_ln11 = br void %arrayidx123.exit329" [top_wrapper.cpp:11]   --->   Operation 592 'br' 'br_ln11' <Predicate = (i == 7 & select_ln8 == 19)> <Delay = 0.00>
ST_20 : Operation 593 [1/1] (0.00ns)   --->   "%br_ln11 = br void %arrayidx123.exit329" [top_wrapper.cpp:11]   --->   Operation 593 'br' 'br_ln11' <Predicate = (i == 7 & select_ln8 == 18)> <Delay = 0.00>
ST_20 : Operation 594 [1/1] (0.00ns)   --->   "%br_ln11 = br void %arrayidx123.exit329" [top_wrapper.cpp:11]   --->   Operation 594 'br' 'br_ln11' <Predicate = (i == 7 & select_ln8 == 17)> <Delay = 0.00>
ST_20 : Operation 595 [1/1] (0.00ns)   --->   "%br_ln11 = br void %arrayidx123.exit329" [top_wrapper.cpp:11]   --->   Operation 595 'br' 'br_ln11' <Predicate = (i == 7 & select_ln8 == 16)> <Delay = 0.00>
ST_20 : Operation 596 [1/1] (0.00ns)   --->   "%br_ln11 = br void %arrayidx123.exit329" [top_wrapper.cpp:11]   --->   Operation 596 'br' 'br_ln11' <Predicate = (i == 7 & select_ln8 == 15)> <Delay = 0.00>
ST_20 : Operation 597 [1/1] (0.00ns)   --->   "%br_ln11 = br void %arrayidx123.exit329" [top_wrapper.cpp:11]   --->   Operation 597 'br' 'br_ln11' <Predicate = (i == 7 & select_ln8 == 14)> <Delay = 0.00>
ST_20 : Operation 598 [1/1] (0.00ns)   --->   "%br_ln11 = br void %arrayidx123.exit329" [top_wrapper.cpp:11]   --->   Operation 598 'br' 'br_ln11' <Predicate = (i == 7 & select_ln8 == 13)> <Delay = 0.00>
ST_20 : Operation 599 [1/1] (0.00ns)   --->   "%br_ln11 = br void %arrayidx123.exit329" [top_wrapper.cpp:11]   --->   Operation 599 'br' 'br_ln11' <Predicate = (i == 7 & select_ln8 == 12)> <Delay = 0.00>
ST_20 : Operation 600 [1/1] (0.00ns)   --->   "%br_ln11 = br void %arrayidx123.exit329" [top_wrapper.cpp:11]   --->   Operation 600 'br' 'br_ln11' <Predicate = (i == 7 & select_ln8 == 11)> <Delay = 0.00>
ST_20 : Operation 601 [1/1] (0.00ns)   --->   "%br_ln11 = br void %arrayidx123.exit329" [top_wrapper.cpp:11]   --->   Operation 601 'br' 'br_ln11' <Predicate = (i == 7 & select_ln8 == 10)> <Delay = 0.00>
ST_20 : Operation 602 [1/1] (0.00ns)   --->   "%br_ln11 = br void %arrayidx123.exit329" [top_wrapper.cpp:11]   --->   Operation 602 'br' 'br_ln11' <Predicate = (i == 7 & select_ln8 == 9)> <Delay = 0.00>
ST_20 : Operation 603 [1/1] (0.00ns)   --->   "%br_ln11 = br void %arrayidx123.exit329" [top_wrapper.cpp:11]   --->   Operation 603 'br' 'br_ln11' <Predicate = (i == 7 & select_ln8 == 8)> <Delay = 0.00>
ST_20 : Operation 604 [1/1] (0.00ns)   --->   "%br_ln11 = br void %arrayidx123.exit329" [top_wrapper.cpp:11]   --->   Operation 604 'br' 'br_ln11' <Predicate = (i == 7 & select_ln8 == 7)> <Delay = 0.00>
ST_20 : Operation 605 [1/1] (0.00ns)   --->   "%br_ln11 = br void %arrayidx123.exit329" [top_wrapper.cpp:11]   --->   Operation 605 'br' 'br_ln11' <Predicate = (i == 7 & select_ln8 == 6)> <Delay = 0.00>
ST_20 : Operation 606 [1/1] (0.00ns)   --->   "%br_ln11 = br void %arrayidx123.exit329" [top_wrapper.cpp:11]   --->   Operation 606 'br' 'br_ln11' <Predicate = (i == 7 & select_ln8 == 5)> <Delay = 0.00>
ST_20 : Operation 607 [1/1] (0.00ns)   --->   "%br_ln11 = br void %arrayidx123.exit329" [top_wrapper.cpp:11]   --->   Operation 607 'br' 'br_ln11' <Predicate = (i == 7 & select_ln8 == 4)> <Delay = 0.00>
ST_20 : Operation 608 [1/1] (0.00ns)   --->   "%br_ln11 = br void %arrayidx123.exit329" [top_wrapper.cpp:11]   --->   Operation 608 'br' 'br_ln11' <Predicate = (i == 7 & select_ln8 == 3)> <Delay = 0.00>
ST_20 : Operation 609 [1/1] (0.00ns)   --->   "%br_ln11 = br void %arrayidx123.exit329" [top_wrapper.cpp:11]   --->   Operation 609 'br' 'br_ln11' <Predicate = (i == 7 & select_ln8 == 2)> <Delay = 0.00>
ST_20 : Operation 610 [1/1] (0.00ns)   --->   "%br_ln11 = br void %arrayidx123.exit329" [top_wrapper.cpp:11]   --->   Operation 610 'br' 'br_ln11' <Predicate = (i == 7 & select_ln8 == 1)> <Delay = 0.00>
ST_20 : Operation 611 [1/1] (0.00ns)   --->   "%br_ln11 = br void %arrayidx123.exit329" [top_wrapper.cpp:11]   --->   Operation 611 'br' 'br_ln11' <Predicate = (i == 7 & select_ln8 == 0)> <Delay = 0.00>
ST_20 : Operation 612 [1/1] (0.00ns)   --->   "%br_ln11 = br void %arrayidx123.exit329" [top_wrapper.cpp:11]   --->   Operation 612 'br' 'br_ln11' <Predicate = (i == 7 & select_ln8 == 63) | (i == 7 & select_ln8 == 62) | (i == 7 & select_ln8 == 61) | (i == 7 & select_ln8 == 60) | (i == 7 & select_ln8 == 59) | (i == 7 & select_ln8 == 58) | (i == 7 & select_ln8 == 57) | (i == 7 & select_ln8 == 56) | (i == 7 & select_ln8 == 55) | (i == 7 & select_ln8 == 54) | (i == 7 & select_ln8 == 53) | (i == 7 & select_ln8 == 52) | (i == 7 & select_ln8 == 51) | (i == 7 & select_ln8 == 50) | (i == 7 & select_ln8 == 49)> <Delay = 0.00>
ST_20 : Operation 613 [1/1] (0.00ns)   --->   "%br_ln11 = br void %arrayidx123.exit277" [top_wrapper.cpp:11]   --->   Operation 613 'br' 'br_ln11' <Predicate = (i == 6 & select_ln8 == 48)> <Delay = 0.00>
ST_20 : Operation 614 [1/1] (0.00ns)   --->   "%br_ln11 = br void %arrayidx123.exit277" [top_wrapper.cpp:11]   --->   Operation 614 'br' 'br_ln11' <Predicate = (i == 6 & select_ln8 == 47)> <Delay = 0.00>
ST_20 : Operation 615 [1/1] (0.00ns)   --->   "%br_ln11 = br void %arrayidx123.exit277" [top_wrapper.cpp:11]   --->   Operation 615 'br' 'br_ln11' <Predicate = (i == 6 & select_ln8 == 46)> <Delay = 0.00>
ST_20 : Operation 616 [1/1] (0.00ns)   --->   "%br_ln11 = br void %arrayidx123.exit277" [top_wrapper.cpp:11]   --->   Operation 616 'br' 'br_ln11' <Predicate = (i == 6 & select_ln8 == 45)> <Delay = 0.00>
ST_20 : Operation 617 [1/1] (0.00ns)   --->   "%br_ln11 = br void %arrayidx123.exit277" [top_wrapper.cpp:11]   --->   Operation 617 'br' 'br_ln11' <Predicate = (i == 6 & select_ln8 == 44)> <Delay = 0.00>
ST_20 : Operation 618 [1/1] (0.00ns)   --->   "%br_ln11 = br void %arrayidx123.exit277" [top_wrapper.cpp:11]   --->   Operation 618 'br' 'br_ln11' <Predicate = (i == 6 & select_ln8 == 43)> <Delay = 0.00>
ST_20 : Operation 619 [1/1] (0.00ns)   --->   "%br_ln11 = br void %arrayidx123.exit277" [top_wrapper.cpp:11]   --->   Operation 619 'br' 'br_ln11' <Predicate = (i == 6 & select_ln8 == 42)> <Delay = 0.00>
ST_20 : Operation 620 [1/1] (0.00ns)   --->   "%br_ln11 = br void %arrayidx123.exit277" [top_wrapper.cpp:11]   --->   Operation 620 'br' 'br_ln11' <Predicate = (i == 6 & select_ln8 == 41)> <Delay = 0.00>
ST_20 : Operation 621 [1/1] (0.00ns)   --->   "%br_ln11 = br void %arrayidx123.exit277" [top_wrapper.cpp:11]   --->   Operation 621 'br' 'br_ln11' <Predicate = (i == 6 & select_ln8 == 40)> <Delay = 0.00>
ST_20 : Operation 622 [1/1] (0.00ns)   --->   "%br_ln11 = br void %arrayidx123.exit277" [top_wrapper.cpp:11]   --->   Operation 622 'br' 'br_ln11' <Predicate = (i == 6 & select_ln8 == 39)> <Delay = 0.00>
ST_20 : Operation 623 [1/1] (0.00ns)   --->   "%br_ln11 = br void %arrayidx123.exit277" [top_wrapper.cpp:11]   --->   Operation 623 'br' 'br_ln11' <Predicate = (i == 6 & select_ln8 == 38)> <Delay = 0.00>
ST_20 : Operation 624 [1/1] (0.00ns)   --->   "%br_ln11 = br void %arrayidx123.exit277" [top_wrapper.cpp:11]   --->   Operation 624 'br' 'br_ln11' <Predicate = (i == 6 & select_ln8 == 37)> <Delay = 0.00>
ST_20 : Operation 625 [1/1] (0.00ns)   --->   "%br_ln11 = br void %arrayidx123.exit277" [top_wrapper.cpp:11]   --->   Operation 625 'br' 'br_ln11' <Predicate = (i == 6 & select_ln8 == 36)> <Delay = 0.00>
ST_20 : Operation 626 [1/1] (0.00ns)   --->   "%br_ln11 = br void %arrayidx123.exit277" [top_wrapper.cpp:11]   --->   Operation 626 'br' 'br_ln11' <Predicate = (i == 6 & select_ln8 == 35)> <Delay = 0.00>
ST_20 : Operation 627 [1/1] (0.00ns)   --->   "%br_ln11 = br void %arrayidx123.exit277" [top_wrapper.cpp:11]   --->   Operation 627 'br' 'br_ln11' <Predicate = (i == 6 & select_ln8 == 34)> <Delay = 0.00>
ST_20 : Operation 628 [1/1] (0.00ns)   --->   "%br_ln11 = br void %arrayidx123.exit277" [top_wrapper.cpp:11]   --->   Operation 628 'br' 'br_ln11' <Predicate = (i == 6 & select_ln8 == 33)> <Delay = 0.00>
ST_20 : Operation 629 [1/1] (0.00ns)   --->   "%br_ln11 = br void %arrayidx123.exit277" [top_wrapper.cpp:11]   --->   Operation 629 'br' 'br_ln11' <Predicate = (i == 6 & select_ln8 == 32)> <Delay = 0.00>
ST_20 : Operation 630 [1/1] (0.00ns)   --->   "%br_ln11 = br void %arrayidx123.exit277" [top_wrapper.cpp:11]   --->   Operation 630 'br' 'br_ln11' <Predicate = (i == 6 & select_ln8 == 31)> <Delay = 0.00>
ST_20 : Operation 631 [1/1] (0.00ns)   --->   "%br_ln11 = br void %arrayidx123.exit277" [top_wrapper.cpp:11]   --->   Operation 631 'br' 'br_ln11' <Predicate = (i == 6 & select_ln8 == 30)> <Delay = 0.00>
ST_20 : Operation 632 [1/1] (0.00ns)   --->   "%br_ln11 = br void %arrayidx123.exit277" [top_wrapper.cpp:11]   --->   Operation 632 'br' 'br_ln11' <Predicate = (i == 6 & select_ln8 == 29)> <Delay = 0.00>
ST_20 : Operation 633 [1/1] (0.00ns)   --->   "%br_ln11 = br void %arrayidx123.exit277" [top_wrapper.cpp:11]   --->   Operation 633 'br' 'br_ln11' <Predicate = (i == 6 & select_ln8 == 28)> <Delay = 0.00>
ST_20 : Operation 634 [1/1] (0.00ns)   --->   "%br_ln11 = br void %arrayidx123.exit277" [top_wrapper.cpp:11]   --->   Operation 634 'br' 'br_ln11' <Predicate = (i == 6 & select_ln8 == 27)> <Delay = 0.00>
ST_20 : Operation 635 [1/1] (0.00ns)   --->   "%br_ln11 = br void %arrayidx123.exit277" [top_wrapper.cpp:11]   --->   Operation 635 'br' 'br_ln11' <Predicate = (i == 6 & select_ln8 == 26)> <Delay = 0.00>
ST_20 : Operation 636 [1/1] (0.00ns)   --->   "%br_ln11 = br void %arrayidx123.exit277" [top_wrapper.cpp:11]   --->   Operation 636 'br' 'br_ln11' <Predicate = (i == 6 & select_ln8 == 25)> <Delay = 0.00>
ST_20 : Operation 637 [1/1] (0.00ns)   --->   "%br_ln11 = br void %arrayidx123.exit277" [top_wrapper.cpp:11]   --->   Operation 637 'br' 'br_ln11' <Predicate = (i == 6 & select_ln8 == 24)> <Delay = 0.00>
ST_20 : Operation 638 [1/1] (0.00ns)   --->   "%br_ln11 = br void %arrayidx123.exit277" [top_wrapper.cpp:11]   --->   Operation 638 'br' 'br_ln11' <Predicate = (i == 6 & select_ln8 == 23)> <Delay = 0.00>
ST_20 : Operation 639 [1/1] (0.00ns)   --->   "%br_ln11 = br void %arrayidx123.exit277" [top_wrapper.cpp:11]   --->   Operation 639 'br' 'br_ln11' <Predicate = (i == 6 & select_ln8 == 22)> <Delay = 0.00>
ST_20 : Operation 640 [1/1] (0.00ns)   --->   "%br_ln11 = br void %arrayidx123.exit277" [top_wrapper.cpp:11]   --->   Operation 640 'br' 'br_ln11' <Predicate = (i == 6 & select_ln8 == 21)> <Delay = 0.00>
ST_20 : Operation 641 [1/1] (0.00ns)   --->   "%br_ln11 = br void %arrayidx123.exit277" [top_wrapper.cpp:11]   --->   Operation 641 'br' 'br_ln11' <Predicate = (i == 6 & select_ln8 == 20)> <Delay = 0.00>
ST_20 : Operation 642 [1/1] (0.00ns)   --->   "%br_ln11 = br void %arrayidx123.exit277" [top_wrapper.cpp:11]   --->   Operation 642 'br' 'br_ln11' <Predicate = (i == 6 & select_ln8 == 19)> <Delay = 0.00>
ST_20 : Operation 643 [1/1] (0.00ns)   --->   "%br_ln11 = br void %arrayidx123.exit277" [top_wrapper.cpp:11]   --->   Operation 643 'br' 'br_ln11' <Predicate = (i == 6 & select_ln8 == 18)> <Delay = 0.00>
ST_20 : Operation 644 [1/1] (0.00ns)   --->   "%br_ln11 = br void %arrayidx123.exit277" [top_wrapper.cpp:11]   --->   Operation 644 'br' 'br_ln11' <Predicate = (i == 6 & select_ln8 == 17)> <Delay = 0.00>
ST_20 : Operation 645 [1/1] (0.00ns)   --->   "%br_ln11 = br void %arrayidx123.exit277" [top_wrapper.cpp:11]   --->   Operation 645 'br' 'br_ln11' <Predicate = (i == 6 & select_ln8 == 16)> <Delay = 0.00>
ST_20 : Operation 646 [1/1] (0.00ns)   --->   "%br_ln11 = br void %arrayidx123.exit277" [top_wrapper.cpp:11]   --->   Operation 646 'br' 'br_ln11' <Predicate = (i == 6 & select_ln8 == 15)> <Delay = 0.00>
ST_20 : Operation 647 [1/1] (0.00ns)   --->   "%br_ln11 = br void %arrayidx123.exit277" [top_wrapper.cpp:11]   --->   Operation 647 'br' 'br_ln11' <Predicate = (i == 6 & select_ln8 == 14)> <Delay = 0.00>
ST_20 : Operation 648 [1/1] (0.00ns)   --->   "%br_ln11 = br void %arrayidx123.exit277" [top_wrapper.cpp:11]   --->   Operation 648 'br' 'br_ln11' <Predicate = (i == 6 & select_ln8 == 13)> <Delay = 0.00>
ST_20 : Operation 649 [1/1] (0.00ns)   --->   "%br_ln11 = br void %arrayidx123.exit277" [top_wrapper.cpp:11]   --->   Operation 649 'br' 'br_ln11' <Predicate = (i == 6 & select_ln8 == 12)> <Delay = 0.00>
ST_20 : Operation 650 [1/1] (0.00ns)   --->   "%br_ln11 = br void %arrayidx123.exit277" [top_wrapper.cpp:11]   --->   Operation 650 'br' 'br_ln11' <Predicate = (i == 6 & select_ln8 == 11)> <Delay = 0.00>
ST_20 : Operation 651 [1/1] (0.00ns)   --->   "%br_ln11 = br void %arrayidx123.exit277" [top_wrapper.cpp:11]   --->   Operation 651 'br' 'br_ln11' <Predicate = (i == 6 & select_ln8 == 10)> <Delay = 0.00>
ST_20 : Operation 652 [1/1] (0.00ns)   --->   "%br_ln11 = br void %arrayidx123.exit277" [top_wrapper.cpp:11]   --->   Operation 652 'br' 'br_ln11' <Predicate = (i == 6 & select_ln8 == 9)> <Delay = 0.00>
ST_20 : Operation 653 [1/1] (0.00ns)   --->   "%br_ln11 = br void %arrayidx123.exit277" [top_wrapper.cpp:11]   --->   Operation 653 'br' 'br_ln11' <Predicate = (i == 6 & select_ln8 == 8)> <Delay = 0.00>
ST_20 : Operation 654 [1/1] (0.00ns)   --->   "%br_ln11 = br void %arrayidx123.exit277" [top_wrapper.cpp:11]   --->   Operation 654 'br' 'br_ln11' <Predicate = (i == 6 & select_ln8 == 7)> <Delay = 0.00>
ST_20 : Operation 655 [1/1] (0.00ns)   --->   "%br_ln11 = br void %arrayidx123.exit277" [top_wrapper.cpp:11]   --->   Operation 655 'br' 'br_ln11' <Predicate = (i == 6 & select_ln8 == 6)> <Delay = 0.00>
ST_20 : Operation 656 [1/1] (0.00ns)   --->   "%br_ln11 = br void %arrayidx123.exit277" [top_wrapper.cpp:11]   --->   Operation 656 'br' 'br_ln11' <Predicate = (i == 6 & select_ln8 == 5)> <Delay = 0.00>
ST_20 : Operation 657 [1/1] (0.00ns)   --->   "%br_ln11 = br void %arrayidx123.exit277" [top_wrapper.cpp:11]   --->   Operation 657 'br' 'br_ln11' <Predicate = (i == 6 & select_ln8 == 4)> <Delay = 0.00>
ST_20 : Operation 658 [1/1] (0.00ns)   --->   "%br_ln11 = br void %arrayidx123.exit277" [top_wrapper.cpp:11]   --->   Operation 658 'br' 'br_ln11' <Predicate = (i == 6 & select_ln8 == 3)> <Delay = 0.00>
ST_20 : Operation 659 [1/1] (0.00ns)   --->   "%br_ln11 = br void %arrayidx123.exit277" [top_wrapper.cpp:11]   --->   Operation 659 'br' 'br_ln11' <Predicate = (i == 6 & select_ln8 == 2)> <Delay = 0.00>
ST_20 : Operation 660 [1/1] (0.00ns)   --->   "%br_ln11 = br void %arrayidx123.exit277" [top_wrapper.cpp:11]   --->   Operation 660 'br' 'br_ln11' <Predicate = (i == 6 & select_ln8 == 1)> <Delay = 0.00>
ST_20 : Operation 661 [1/1] (0.00ns)   --->   "%br_ln11 = br void %arrayidx123.exit277" [top_wrapper.cpp:11]   --->   Operation 661 'br' 'br_ln11' <Predicate = (i == 6 & select_ln8 == 0)> <Delay = 0.00>
ST_20 : Operation 662 [1/1] (0.00ns)   --->   "%br_ln11 = br void %arrayidx123.exit277" [top_wrapper.cpp:11]   --->   Operation 662 'br' 'br_ln11' <Predicate = (i == 6 & select_ln8 == 63) | (i == 6 & select_ln8 == 62) | (i == 6 & select_ln8 == 61) | (i == 6 & select_ln8 == 60) | (i == 6 & select_ln8 == 59) | (i == 6 & select_ln8 == 58) | (i == 6 & select_ln8 == 57) | (i == 6 & select_ln8 == 56) | (i == 6 & select_ln8 == 55) | (i == 6 & select_ln8 == 54) | (i == 6 & select_ln8 == 53) | (i == 6 & select_ln8 == 52) | (i == 6 & select_ln8 == 51) | (i == 6 & select_ln8 == 50) | (i == 6 & select_ln8 == 49)> <Delay = 0.00>
ST_20 : Operation 663 [1/1] (0.00ns)   --->   "%br_ln11 = br void %arrayidx123.exit225" [top_wrapper.cpp:11]   --->   Operation 663 'br' 'br_ln11' <Predicate = (i == 5 & select_ln8 == 48)> <Delay = 0.00>
ST_20 : Operation 664 [1/1] (0.00ns)   --->   "%br_ln11 = br void %arrayidx123.exit225" [top_wrapper.cpp:11]   --->   Operation 664 'br' 'br_ln11' <Predicate = (i == 5 & select_ln8 == 47)> <Delay = 0.00>
ST_20 : Operation 665 [1/1] (0.00ns)   --->   "%br_ln11 = br void %arrayidx123.exit225" [top_wrapper.cpp:11]   --->   Operation 665 'br' 'br_ln11' <Predicate = (i == 5 & select_ln8 == 46)> <Delay = 0.00>
ST_20 : Operation 666 [1/1] (0.00ns)   --->   "%br_ln11 = br void %arrayidx123.exit225" [top_wrapper.cpp:11]   --->   Operation 666 'br' 'br_ln11' <Predicate = (i == 5 & select_ln8 == 45)> <Delay = 0.00>
ST_20 : Operation 667 [1/1] (0.00ns)   --->   "%br_ln11 = br void %arrayidx123.exit225" [top_wrapper.cpp:11]   --->   Operation 667 'br' 'br_ln11' <Predicate = (i == 5 & select_ln8 == 44)> <Delay = 0.00>
ST_20 : Operation 668 [1/1] (0.00ns)   --->   "%br_ln11 = br void %arrayidx123.exit225" [top_wrapper.cpp:11]   --->   Operation 668 'br' 'br_ln11' <Predicate = (i == 5 & select_ln8 == 43)> <Delay = 0.00>
ST_20 : Operation 669 [1/1] (0.00ns)   --->   "%br_ln11 = br void %arrayidx123.exit225" [top_wrapper.cpp:11]   --->   Operation 669 'br' 'br_ln11' <Predicate = (i == 5 & select_ln8 == 42)> <Delay = 0.00>
ST_20 : Operation 670 [1/1] (0.00ns)   --->   "%br_ln11 = br void %arrayidx123.exit225" [top_wrapper.cpp:11]   --->   Operation 670 'br' 'br_ln11' <Predicate = (i == 5 & select_ln8 == 41)> <Delay = 0.00>
ST_20 : Operation 671 [1/1] (0.00ns)   --->   "%br_ln11 = br void %arrayidx123.exit225" [top_wrapper.cpp:11]   --->   Operation 671 'br' 'br_ln11' <Predicate = (i == 5 & select_ln8 == 40)> <Delay = 0.00>
ST_20 : Operation 672 [1/1] (0.00ns)   --->   "%br_ln11 = br void %arrayidx123.exit225" [top_wrapper.cpp:11]   --->   Operation 672 'br' 'br_ln11' <Predicate = (i == 5 & select_ln8 == 39)> <Delay = 0.00>
ST_20 : Operation 673 [1/1] (0.00ns)   --->   "%br_ln11 = br void %arrayidx123.exit225" [top_wrapper.cpp:11]   --->   Operation 673 'br' 'br_ln11' <Predicate = (i == 5 & select_ln8 == 38)> <Delay = 0.00>
ST_20 : Operation 674 [1/1] (0.00ns)   --->   "%br_ln11 = br void %arrayidx123.exit225" [top_wrapper.cpp:11]   --->   Operation 674 'br' 'br_ln11' <Predicate = (i == 5 & select_ln8 == 37)> <Delay = 0.00>
ST_20 : Operation 675 [1/1] (0.00ns)   --->   "%br_ln11 = br void %arrayidx123.exit225" [top_wrapper.cpp:11]   --->   Operation 675 'br' 'br_ln11' <Predicate = (i == 5 & select_ln8 == 36)> <Delay = 0.00>
ST_20 : Operation 676 [1/1] (0.00ns)   --->   "%br_ln11 = br void %arrayidx123.exit225" [top_wrapper.cpp:11]   --->   Operation 676 'br' 'br_ln11' <Predicate = (i == 5 & select_ln8 == 35)> <Delay = 0.00>
ST_20 : Operation 677 [1/1] (0.00ns)   --->   "%br_ln11 = br void %arrayidx123.exit225" [top_wrapper.cpp:11]   --->   Operation 677 'br' 'br_ln11' <Predicate = (i == 5 & select_ln8 == 34)> <Delay = 0.00>
ST_20 : Operation 678 [1/1] (0.00ns)   --->   "%br_ln11 = br void %arrayidx123.exit225" [top_wrapper.cpp:11]   --->   Operation 678 'br' 'br_ln11' <Predicate = (i == 5 & select_ln8 == 33)> <Delay = 0.00>
ST_20 : Operation 679 [1/1] (0.00ns)   --->   "%br_ln11 = br void %arrayidx123.exit225" [top_wrapper.cpp:11]   --->   Operation 679 'br' 'br_ln11' <Predicate = (i == 5 & select_ln8 == 32)> <Delay = 0.00>
ST_20 : Operation 680 [1/1] (0.00ns)   --->   "%br_ln11 = br void %arrayidx123.exit225" [top_wrapper.cpp:11]   --->   Operation 680 'br' 'br_ln11' <Predicate = (i == 5 & select_ln8 == 31)> <Delay = 0.00>
ST_20 : Operation 681 [1/1] (0.00ns)   --->   "%br_ln11 = br void %arrayidx123.exit225" [top_wrapper.cpp:11]   --->   Operation 681 'br' 'br_ln11' <Predicate = (i == 5 & select_ln8 == 30)> <Delay = 0.00>
ST_20 : Operation 682 [1/1] (0.00ns)   --->   "%br_ln11 = br void %arrayidx123.exit225" [top_wrapper.cpp:11]   --->   Operation 682 'br' 'br_ln11' <Predicate = (i == 5 & select_ln8 == 29)> <Delay = 0.00>
ST_20 : Operation 683 [1/1] (0.00ns)   --->   "%br_ln11 = br void %arrayidx123.exit225" [top_wrapper.cpp:11]   --->   Operation 683 'br' 'br_ln11' <Predicate = (i == 5 & select_ln8 == 28)> <Delay = 0.00>
ST_20 : Operation 684 [1/1] (0.00ns)   --->   "%br_ln11 = br void %arrayidx123.exit225" [top_wrapper.cpp:11]   --->   Operation 684 'br' 'br_ln11' <Predicate = (i == 5 & select_ln8 == 27)> <Delay = 0.00>
ST_20 : Operation 685 [1/1] (0.00ns)   --->   "%br_ln11 = br void %arrayidx123.exit225" [top_wrapper.cpp:11]   --->   Operation 685 'br' 'br_ln11' <Predicate = (i == 5 & select_ln8 == 26)> <Delay = 0.00>
ST_20 : Operation 686 [1/1] (0.00ns)   --->   "%br_ln11 = br void %arrayidx123.exit225" [top_wrapper.cpp:11]   --->   Operation 686 'br' 'br_ln11' <Predicate = (i == 5 & select_ln8 == 25)> <Delay = 0.00>
ST_20 : Operation 687 [1/1] (0.00ns)   --->   "%br_ln11 = br void %arrayidx123.exit225" [top_wrapper.cpp:11]   --->   Operation 687 'br' 'br_ln11' <Predicate = (i == 5 & select_ln8 == 24)> <Delay = 0.00>
ST_20 : Operation 688 [1/1] (0.00ns)   --->   "%br_ln11 = br void %arrayidx123.exit225" [top_wrapper.cpp:11]   --->   Operation 688 'br' 'br_ln11' <Predicate = (i == 5 & select_ln8 == 23)> <Delay = 0.00>
ST_20 : Operation 689 [1/1] (0.00ns)   --->   "%br_ln11 = br void %arrayidx123.exit225" [top_wrapper.cpp:11]   --->   Operation 689 'br' 'br_ln11' <Predicate = (i == 5 & select_ln8 == 22)> <Delay = 0.00>
ST_20 : Operation 690 [1/1] (0.00ns)   --->   "%br_ln11 = br void %arrayidx123.exit225" [top_wrapper.cpp:11]   --->   Operation 690 'br' 'br_ln11' <Predicate = (i == 5 & select_ln8 == 21)> <Delay = 0.00>
ST_20 : Operation 691 [1/1] (0.00ns)   --->   "%br_ln11 = br void %arrayidx123.exit225" [top_wrapper.cpp:11]   --->   Operation 691 'br' 'br_ln11' <Predicate = (i == 5 & select_ln8 == 20)> <Delay = 0.00>
ST_20 : Operation 692 [1/1] (0.00ns)   --->   "%br_ln11 = br void %arrayidx123.exit225" [top_wrapper.cpp:11]   --->   Operation 692 'br' 'br_ln11' <Predicate = (i == 5 & select_ln8 == 19)> <Delay = 0.00>
ST_20 : Operation 693 [1/1] (0.00ns)   --->   "%br_ln11 = br void %arrayidx123.exit225" [top_wrapper.cpp:11]   --->   Operation 693 'br' 'br_ln11' <Predicate = (i == 5 & select_ln8 == 18)> <Delay = 0.00>
ST_20 : Operation 694 [1/1] (0.00ns)   --->   "%br_ln11 = br void %arrayidx123.exit225" [top_wrapper.cpp:11]   --->   Operation 694 'br' 'br_ln11' <Predicate = (i == 5 & select_ln8 == 17)> <Delay = 0.00>
ST_20 : Operation 695 [1/1] (0.00ns)   --->   "%br_ln11 = br void %arrayidx123.exit225" [top_wrapper.cpp:11]   --->   Operation 695 'br' 'br_ln11' <Predicate = (i == 5 & select_ln8 == 16)> <Delay = 0.00>
ST_20 : Operation 696 [1/1] (0.00ns)   --->   "%br_ln11 = br void %arrayidx123.exit225" [top_wrapper.cpp:11]   --->   Operation 696 'br' 'br_ln11' <Predicate = (i == 5 & select_ln8 == 15)> <Delay = 0.00>
ST_20 : Operation 697 [1/1] (0.00ns)   --->   "%br_ln11 = br void %arrayidx123.exit225" [top_wrapper.cpp:11]   --->   Operation 697 'br' 'br_ln11' <Predicate = (i == 5 & select_ln8 == 14)> <Delay = 0.00>
ST_20 : Operation 698 [1/1] (0.00ns)   --->   "%br_ln11 = br void %arrayidx123.exit225" [top_wrapper.cpp:11]   --->   Operation 698 'br' 'br_ln11' <Predicate = (i == 5 & select_ln8 == 13)> <Delay = 0.00>
ST_20 : Operation 699 [1/1] (0.00ns)   --->   "%br_ln11 = br void %arrayidx123.exit225" [top_wrapper.cpp:11]   --->   Operation 699 'br' 'br_ln11' <Predicate = (i == 5 & select_ln8 == 12)> <Delay = 0.00>
ST_20 : Operation 700 [1/1] (0.00ns)   --->   "%br_ln11 = br void %arrayidx123.exit225" [top_wrapper.cpp:11]   --->   Operation 700 'br' 'br_ln11' <Predicate = (i == 5 & select_ln8 == 11)> <Delay = 0.00>
ST_20 : Operation 701 [1/1] (0.00ns)   --->   "%br_ln11 = br void %arrayidx123.exit225" [top_wrapper.cpp:11]   --->   Operation 701 'br' 'br_ln11' <Predicate = (i == 5 & select_ln8 == 10)> <Delay = 0.00>
ST_20 : Operation 702 [1/1] (0.00ns)   --->   "%br_ln11 = br void %arrayidx123.exit225" [top_wrapper.cpp:11]   --->   Operation 702 'br' 'br_ln11' <Predicate = (i == 5 & select_ln8 == 9)> <Delay = 0.00>
ST_20 : Operation 703 [1/1] (0.00ns)   --->   "%br_ln11 = br void %arrayidx123.exit225" [top_wrapper.cpp:11]   --->   Operation 703 'br' 'br_ln11' <Predicate = (i == 5 & select_ln8 == 8)> <Delay = 0.00>
ST_20 : Operation 704 [1/1] (0.00ns)   --->   "%br_ln11 = br void %arrayidx123.exit225" [top_wrapper.cpp:11]   --->   Operation 704 'br' 'br_ln11' <Predicate = (i == 5 & select_ln8 == 7)> <Delay = 0.00>
ST_20 : Operation 705 [1/1] (0.00ns)   --->   "%br_ln11 = br void %arrayidx123.exit225" [top_wrapper.cpp:11]   --->   Operation 705 'br' 'br_ln11' <Predicate = (i == 5 & select_ln8 == 6)> <Delay = 0.00>
ST_20 : Operation 706 [1/1] (0.00ns)   --->   "%br_ln11 = br void %arrayidx123.exit225" [top_wrapper.cpp:11]   --->   Operation 706 'br' 'br_ln11' <Predicate = (i == 5 & select_ln8 == 5)> <Delay = 0.00>
ST_20 : Operation 707 [1/1] (0.00ns)   --->   "%br_ln11 = br void %arrayidx123.exit225" [top_wrapper.cpp:11]   --->   Operation 707 'br' 'br_ln11' <Predicate = (i == 5 & select_ln8 == 4)> <Delay = 0.00>
ST_20 : Operation 708 [1/1] (0.00ns)   --->   "%br_ln11 = br void %arrayidx123.exit225" [top_wrapper.cpp:11]   --->   Operation 708 'br' 'br_ln11' <Predicate = (i == 5 & select_ln8 == 3)> <Delay = 0.00>
ST_20 : Operation 709 [1/1] (0.00ns)   --->   "%br_ln11 = br void %arrayidx123.exit225" [top_wrapper.cpp:11]   --->   Operation 709 'br' 'br_ln11' <Predicate = (i == 5 & select_ln8 == 2)> <Delay = 0.00>
ST_20 : Operation 710 [1/1] (0.00ns)   --->   "%br_ln11 = br void %arrayidx123.exit225" [top_wrapper.cpp:11]   --->   Operation 710 'br' 'br_ln11' <Predicate = (i == 5 & select_ln8 == 1)> <Delay = 0.00>
ST_20 : Operation 711 [1/1] (0.00ns)   --->   "%br_ln11 = br void %arrayidx123.exit225" [top_wrapper.cpp:11]   --->   Operation 711 'br' 'br_ln11' <Predicate = (i == 5 & select_ln8 == 0)> <Delay = 0.00>
ST_20 : Operation 712 [1/1] (0.00ns)   --->   "%br_ln11 = br void %arrayidx123.exit225" [top_wrapper.cpp:11]   --->   Operation 712 'br' 'br_ln11' <Predicate = (i == 5 & select_ln8 == 63) | (i == 5 & select_ln8 == 62) | (i == 5 & select_ln8 == 61) | (i == 5 & select_ln8 == 60) | (i == 5 & select_ln8 == 59) | (i == 5 & select_ln8 == 58) | (i == 5 & select_ln8 == 57) | (i == 5 & select_ln8 == 56) | (i == 5 & select_ln8 == 55) | (i == 5 & select_ln8 == 54) | (i == 5 & select_ln8 == 53) | (i == 5 & select_ln8 == 52) | (i == 5 & select_ln8 == 51) | (i == 5 & select_ln8 == 50) | (i == 5 & select_ln8 == 49)> <Delay = 0.00>
ST_20 : Operation 713 [1/1] (0.00ns)   --->   "%br_ln11 = br void %arrayidx123.exit173" [top_wrapper.cpp:11]   --->   Operation 713 'br' 'br_ln11' <Predicate = (i == 4 & select_ln8 == 48)> <Delay = 0.00>
ST_20 : Operation 714 [1/1] (0.00ns)   --->   "%br_ln11 = br void %arrayidx123.exit173" [top_wrapper.cpp:11]   --->   Operation 714 'br' 'br_ln11' <Predicate = (i == 4 & select_ln8 == 47)> <Delay = 0.00>
ST_20 : Operation 715 [1/1] (0.00ns)   --->   "%br_ln11 = br void %arrayidx123.exit173" [top_wrapper.cpp:11]   --->   Operation 715 'br' 'br_ln11' <Predicate = (i == 4 & select_ln8 == 46)> <Delay = 0.00>
ST_20 : Operation 716 [1/1] (0.00ns)   --->   "%br_ln11 = br void %arrayidx123.exit173" [top_wrapper.cpp:11]   --->   Operation 716 'br' 'br_ln11' <Predicate = (i == 4 & select_ln8 == 45)> <Delay = 0.00>
ST_20 : Operation 717 [1/1] (0.00ns)   --->   "%br_ln11 = br void %arrayidx123.exit173" [top_wrapper.cpp:11]   --->   Operation 717 'br' 'br_ln11' <Predicate = (i == 4 & select_ln8 == 44)> <Delay = 0.00>
ST_20 : Operation 718 [1/1] (0.00ns)   --->   "%br_ln11 = br void %arrayidx123.exit173" [top_wrapper.cpp:11]   --->   Operation 718 'br' 'br_ln11' <Predicate = (i == 4 & select_ln8 == 43)> <Delay = 0.00>
ST_20 : Operation 719 [1/1] (0.00ns)   --->   "%br_ln11 = br void %arrayidx123.exit173" [top_wrapper.cpp:11]   --->   Operation 719 'br' 'br_ln11' <Predicate = (i == 4 & select_ln8 == 42)> <Delay = 0.00>
ST_20 : Operation 720 [1/1] (0.00ns)   --->   "%br_ln11 = br void %arrayidx123.exit173" [top_wrapper.cpp:11]   --->   Operation 720 'br' 'br_ln11' <Predicate = (i == 4 & select_ln8 == 41)> <Delay = 0.00>
ST_20 : Operation 721 [1/1] (0.00ns)   --->   "%br_ln11 = br void %arrayidx123.exit173" [top_wrapper.cpp:11]   --->   Operation 721 'br' 'br_ln11' <Predicate = (i == 4 & select_ln8 == 40)> <Delay = 0.00>
ST_20 : Operation 722 [1/1] (0.00ns)   --->   "%br_ln11 = br void %arrayidx123.exit173" [top_wrapper.cpp:11]   --->   Operation 722 'br' 'br_ln11' <Predicate = (i == 4 & select_ln8 == 39)> <Delay = 0.00>
ST_20 : Operation 723 [1/1] (0.00ns)   --->   "%br_ln11 = br void %arrayidx123.exit173" [top_wrapper.cpp:11]   --->   Operation 723 'br' 'br_ln11' <Predicate = (i == 4 & select_ln8 == 38)> <Delay = 0.00>
ST_20 : Operation 724 [1/1] (0.00ns)   --->   "%br_ln11 = br void %arrayidx123.exit173" [top_wrapper.cpp:11]   --->   Operation 724 'br' 'br_ln11' <Predicate = (i == 4 & select_ln8 == 37)> <Delay = 0.00>
ST_20 : Operation 725 [1/1] (0.00ns)   --->   "%br_ln11 = br void %arrayidx123.exit173" [top_wrapper.cpp:11]   --->   Operation 725 'br' 'br_ln11' <Predicate = (i == 4 & select_ln8 == 36)> <Delay = 0.00>
ST_20 : Operation 726 [1/1] (0.00ns)   --->   "%br_ln11 = br void %arrayidx123.exit173" [top_wrapper.cpp:11]   --->   Operation 726 'br' 'br_ln11' <Predicate = (i == 4 & select_ln8 == 35)> <Delay = 0.00>
ST_20 : Operation 727 [1/1] (0.00ns)   --->   "%br_ln11 = br void %arrayidx123.exit173" [top_wrapper.cpp:11]   --->   Operation 727 'br' 'br_ln11' <Predicate = (i == 4 & select_ln8 == 34)> <Delay = 0.00>
ST_20 : Operation 728 [1/1] (0.00ns)   --->   "%br_ln11 = br void %arrayidx123.exit173" [top_wrapper.cpp:11]   --->   Operation 728 'br' 'br_ln11' <Predicate = (i == 4 & select_ln8 == 33)> <Delay = 0.00>
ST_20 : Operation 729 [1/1] (0.00ns)   --->   "%br_ln11 = br void %arrayidx123.exit173" [top_wrapper.cpp:11]   --->   Operation 729 'br' 'br_ln11' <Predicate = (i == 4 & select_ln8 == 32)> <Delay = 0.00>
ST_20 : Operation 730 [1/1] (0.00ns)   --->   "%br_ln11 = br void %arrayidx123.exit173" [top_wrapper.cpp:11]   --->   Operation 730 'br' 'br_ln11' <Predicate = (i == 4 & select_ln8 == 31)> <Delay = 0.00>
ST_20 : Operation 731 [1/1] (0.00ns)   --->   "%br_ln11 = br void %arrayidx123.exit173" [top_wrapper.cpp:11]   --->   Operation 731 'br' 'br_ln11' <Predicate = (i == 4 & select_ln8 == 30)> <Delay = 0.00>
ST_20 : Operation 732 [1/1] (0.00ns)   --->   "%br_ln11 = br void %arrayidx123.exit173" [top_wrapper.cpp:11]   --->   Operation 732 'br' 'br_ln11' <Predicate = (i == 4 & select_ln8 == 29)> <Delay = 0.00>
ST_20 : Operation 733 [1/1] (0.00ns)   --->   "%br_ln11 = br void %arrayidx123.exit173" [top_wrapper.cpp:11]   --->   Operation 733 'br' 'br_ln11' <Predicate = (i == 4 & select_ln8 == 28)> <Delay = 0.00>
ST_20 : Operation 734 [1/1] (0.00ns)   --->   "%br_ln11 = br void %arrayidx123.exit173" [top_wrapper.cpp:11]   --->   Operation 734 'br' 'br_ln11' <Predicate = (i == 4 & select_ln8 == 27)> <Delay = 0.00>
ST_20 : Operation 735 [1/1] (0.00ns)   --->   "%br_ln11 = br void %arrayidx123.exit173" [top_wrapper.cpp:11]   --->   Operation 735 'br' 'br_ln11' <Predicate = (i == 4 & select_ln8 == 26)> <Delay = 0.00>
ST_20 : Operation 736 [1/1] (0.00ns)   --->   "%br_ln11 = br void %arrayidx123.exit173" [top_wrapper.cpp:11]   --->   Operation 736 'br' 'br_ln11' <Predicate = (i == 4 & select_ln8 == 25)> <Delay = 0.00>
ST_20 : Operation 737 [1/1] (0.00ns)   --->   "%br_ln11 = br void %arrayidx123.exit173" [top_wrapper.cpp:11]   --->   Operation 737 'br' 'br_ln11' <Predicate = (i == 4 & select_ln8 == 24)> <Delay = 0.00>
ST_20 : Operation 738 [1/1] (0.00ns)   --->   "%br_ln11 = br void %arrayidx123.exit173" [top_wrapper.cpp:11]   --->   Operation 738 'br' 'br_ln11' <Predicate = (i == 4 & select_ln8 == 23)> <Delay = 0.00>
ST_20 : Operation 739 [1/1] (0.00ns)   --->   "%br_ln11 = br void %arrayidx123.exit173" [top_wrapper.cpp:11]   --->   Operation 739 'br' 'br_ln11' <Predicate = (i == 4 & select_ln8 == 22)> <Delay = 0.00>
ST_20 : Operation 740 [1/1] (0.00ns)   --->   "%br_ln11 = br void %arrayidx123.exit173" [top_wrapper.cpp:11]   --->   Operation 740 'br' 'br_ln11' <Predicate = (i == 4 & select_ln8 == 21)> <Delay = 0.00>
ST_20 : Operation 741 [1/1] (0.00ns)   --->   "%br_ln11 = br void %arrayidx123.exit173" [top_wrapper.cpp:11]   --->   Operation 741 'br' 'br_ln11' <Predicate = (i == 4 & select_ln8 == 20)> <Delay = 0.00>
ST_20 : Operation 742 [1/1] (0.00ns)   --->   "%br_ln11 = br void %arrayidx123.exit173" [top_wrapper.cpp:11]   --->   Operation 742 'br' 'br_ln11' <Predicate = (i == 4 & select_ln8 == 19)> <Delay = 0.00>
ST_20 : Operation 743 [1/1] (0.00ns)   --->   "%br_ln11 = br void %arrayidx123.exit173" [top_wrapper.cpp:11]   --->   Operation 743 'br' 'br_ln11' <Predicate = (i == 4 & select_ln8 == 18)> <Delay = 0.00>
ST_20 : Operation 744 [1/1] (0.00ns)   --->   "%br_ln11 = br void %arrayidx123.exit173" [top_wrapper.cpp:11]   --->   Operation 744 'br' 'br_ln11' <Predicate = (i == 4 & select_ln8 == 17)> <Delay = 0.00>
ST_20 : Operation 745 [1/1] (0.00ns)   --->   "%br_ln11 = br void %arrayidx123.exit173" [top_wrapper.cpp:11]   --->   Operation 745 'br' 'br_ln11' <Predicate = (i == 4 & select_ln8 == 16)> <Delay = 0.00>
ST_20 : Operation 746 [1/1] (0.00ns)   --->   "%br_ln11 = br void %arrayidx123.exit173" [top_wrapper.cpp:11]   --->   Operation 746 'br' 'br_ln11' <Predicate = (i == 4 & select_ln8 == 15)> <Delay = 0.00>
ST_20 : Operation 747 [1/1] (0.00ns)   --->   "%br_ln11 = br void %arrayidx123.exit173" [top_wrapper.cpp:11]   --->   Operation 747 'br' 'br_ln11' <Predicate = (i == 4 & select_ln8 == 14)> <Delay = 0.00>
ST_20 : Operation 748 [1/1] (0.00ns)   --->   "%br_ln11 = br void %arrayidx123.exit173" [top_wrapper.cpp:11]   --->   Operation 748 'br' 'br_ln11' <Predicate = (i == 4 & select_ln8 == 13)> <Delay = 0.00>
ST_20 : Operation 749 [1/1] (0.00ns)   --->   "%br_ln11 = br void %arrayidx123.exit173" [top_wrapper.cpp:11]   --->   Operation 749 'br' 'br_ln11' <Predicate = (i == 4 & select_ln8 == 12)> <Delay = 0.00>
ST_20 : Operation 750 [1/1] (0.00ns)   --->   "%br_ln11 = br void %arrayidx123.exit173" [top_wrapper.cpp:11]   --->   Operation 750 'br' 'br_ln11' <Predicate = (i == 4 & select_ln8 == 11)> <Delay = 0.00>
ST_20 : Operation 751 [1/1] (0.00ns)   --->   "%br_ln11 = br void %arrayidx123.exit173" [top_wrapper.cpp:11]   --->   Operation 751 'br' 'br_ln11' <Predicate = (i == 4 & select_ln8 == 10)> <Delay = 0.00>
ST_20 : Operation 752 [1/1] (0.00ns)   --->   "%br_ln11 = br void %arrayidx123.exit173" [top_wrapper.cpp:11]   --->   Operation 752 'br' 'br_ln11' <Predicate = (i == 4 & select_ln8 == 9)> <Delay = 0.00>
ST_20 : Operation 753 [1/1] (0.00ns)   --->   "%br_ln11 = br void %arrayidx123.exit173" [top_wrapper.cpp:11]   --->   Operation 753 'br' 'br_ln11' <Predicate = (i == 4 & select_ln8 == 8)> <Delay = 0.00>
ST_20 : Operation 754 [1/1] (0.00ns)   --->   "%br_ln11 = br void %arrayidx123.exit173" [top_wrapper.cpp:11]   --->   Operation 754 'br' 'br_ln11' <Predicate = (i == 4 & select_ln8 == 7)> <Delay = 0.00>
ST_20 : Operation 755 [1/1] (0.00ns)   --->   "%br_ln11 = br void %arrayidx123.exit173" [top_wrapper.cpp:11]   --->   Operation 755 'br' 'br_ln11' <Predicate = (i == 4 & select_ln8 == 6)> <Delay = 0.00>
ST_20 : Operation 756 [1/1] (0.00ns)   --->   "%br_ln11 = br void %arrayidx123.exit173" [top_wrapper.cpp:11]   --->   Operation 756 'br' 'br_ln11' <Predicate = (i == 4 & select_ln8 == 5)> <Delay = 0.00>
ST_20 : Operation 757 [1/1] (0.00ns)   --->   "%br_ln11 = br void %arrayidx123.exit173" [top_wrapper.cpp:11]   --->   Operation 757 'br' 'br_ln11' <Predicate = (i == 4 & select_ln8 == 4)> <Delay = 0.00>
ST_20 : Operation 758 [1/1] (0.00ns)   --->   "%br_ln11 = br void %arrayidx123.exit173" [top_wrapper.cpp:11]   --->   Operation 758 'br' 'br_ln11' <Predicate = (i == 4 & select_ln8 == 3)> <Delay = 0.00>
ST_20 : Operation 759 [1/1] (0.00ns)   --->   "%br_ln11 = br void %arrayidx123.exit173" [top_wrapper.cpp:11]   --->   Operation 759 'br' 'br_ln11' <Predicate = (i == 4 & select_ln8 == 2)> <Delay = 0.00>
ST_20 : Operation 760 [1/1] (0.00ns)   --->   "%br_ln11 = br void %arrayidx123.exit173" [top_wrapper.cpp:11]   --->   Operation 760 'br' 'br_ln11' <Predicate = (i == 4 & select_ln8 == 1)> <Delay = 0.00>
ST_20 : Operation 761 [1/1] (0.00ns)   --->   "%br_ln11 = br void %arrayidx123.exit173" [top_wrapper.cpp:11]   --->   Operation 761 'br' 'br_ln11' <Predicate = (i == 4 & select_ln8 == 0)> <Delay = 0.00>
ST_20 : Operation 762 [1/1] (0.00ns)   --->   "%br_ln11 = br void %arrayidx123.exit173" [top_wrapper.cpp:11]   --->   Operation 762 'br' 'br_ln11' <Predicate = (i == 4 & select_ln8 == 63) | (i == 4 & select_ln8 == 62) | (i == 4 & select_ln8 == 61) | (i == 4 & select_ln8 == 60) | (i == 4 & select_ln8 == 59) | (i == 4 & select_ln8 == 58) | (i == 4 & select_ln8 == 57) | (i == 4 & select_ln8 == 56) | (i == 4 & select_ln8 == 55) | (i == 4 & select_ln8 == 54) | (i == 4 & select_ln8 == 53) | (i == 4 & select_ln8 == 52) | (i == 4 & select_ln8 == 51) | (i == 4 & select_ln8 == 50) | (i == 4 & select_ln8 == 49)> <Delay = 0.00>
ST_20 : Operation 763 [1/1] (0.00ns)   --->   "%br_ln11 = br void %arrayidx123.exit121" [top_wrapper.cpp:11]   --->   Operation 763 'br' 'br_ln11' <Predicate = (i == 3 & select_ln8 == 48)> <Delay = 0.00>
ST_20 : Operation 764 [1/1] (0.00ns)   --->   "%br_ln11 = br void %arrayidx123.exit121" [top_wrapper.cpp:11]   --->   Operation 764 'br' 'br_ln11' <Predicate = (i == 3 & select_ln8 == 47)> <Delay = 0.00>
ST_20 : Operation 765 [1/1] (0.00ns)   --->   "%br_ln11 = br void %arrayidx123.exit121" [top_wrapper.cpp:11]   --->   Operation 765 'br' 'br_ln11' <Predicate = (i == 3 & select_ln8 == 46)> <Delay = 0.00>
ST_20 : Operation 766 [1/1] (0.00ns)   --->   "%br_ln11 = br void %arrayidx123.exit121" [top_wrapper.cpp:11]   --->   Operation 766 'br' 'br_ln11' <Predicate = (i == 3 & select_ln8 == 45)> <Delay = 0.00>
ST_20 : Operation 767 [1/1] (0.00ns)   --->   "%br_ln11 = br void %arrayidx123.exit121" [top_wrapper.cpp:11]   --->   Operation 767 'br' 'br_ln11' <Predicate = (i == 3 & select_ln8 == 44)> <Delay = 0.00>
ST_20 : Operation 768 [1/1] (0.00ns)   --->   "%br_ln11 = br void %arrayidx123.exit121" [top_wrapper.cpp:11]   --->   Operation 768 'br' 'br_ln11' <Predicate = (i == 3 & select_ln8 == 43)> <Delay = 0.00>
ST_20 : Operation 769 [1/1] (0.00ns)   --->   "%br_ln11 = br void %arrayidx123.exit121" [top_wrapper.cpp:11]   --->   Operation 769 'br' 'br_ln11' <Predicate = (i == 3 & select_ln8 == 42)> <Delay = 0.00>
ST_20 : Operation 770 [1/1] (0.00ns)   --->   "%br_ln11 = br void %arrayidx123.exit121" [top_wrapper.cpp:11]   --->   Operation 770 'br' 'br_ln11' <Predicate = (i == 3 & select_ln8 == 41)> <Delay = 0.00>
ST_20 : Operation 771 [1/1] (0.00ns)   --->   "%br_ln11 = br void %arrayidx123.exit121" [top_wrapper.cpp:11]   --->   Operation 771 'br' 'br_ln11' <Predicate = (i == 3 & select_ln8 == 40)> <Delay = 0.00>
ST_20 : Operation 772 [1/1] (0.00ns)   --->   "%br_ln11 = br void %arrayidx123.exit121" [top_wrapper.cpp:11]   --->   Operation 772 'br' 'br_ln11' <Predicate = (i == 3 & select_ln8 == 39)> <Delay = 0.00>
ST_20 : Operation 773 [1/1] (0.00ns)   --->   "%br_ln11 = br void %arrayidx123.exit121" [top_wrapper.cpp:11]   --->   Operation 773 'br' 'br_ln11' <Predicate = (i == 3 & select_ln8 == 38)> <Delay = 0.00>
ST_20 : Operation 774 [1/1] (0.00ns)   --->   "%br_ln11 = br void %arrayidx123.exit121" [top_wrapper.cpp:11]   --->   Operation 774 'br' 'br_ln11' <Predicate = (i == 3 & select_ln8 == 37)> <Delay = 0.00>
ST_20 : Operation 775 [1/1] (0.00ns)   --->   "%br_ln11 = br void %arrayidx123.exit121" [top_wrapper.cpp:11]   --->   Operation 775 'br' 'br_ln11' <Predicate = (i == 3 & select_ln8 == 36)> <Delay = 0.00>
ST_20 : Operation 776 [1/1] (0.00ns)   --->   "%br_ln11 = br void %arrayidx123.exit121" [top_wrapper.cpp:11]   --->   Operation 776 'br' 'br_ln11' <Predicate = (i == 3 & select_ln8 == 35)> <Delay = 0.00>
ST_20 : Operation 777 [1/1] (0.00ns)   --->   "%br_ln11 = br void %arrayidx123.exit121" [top_wrapper.cpp:11]   --->   Operation 777 'br' 'br_ln11' <Predicate = (i == 3 & select_ln8 == 34)> <Delay = 0.00>
ST_20 : Operation 778 [1/1] (0.00ns)   --->   "%br_ln11 = br void %arrayidx123.exit121" [top_wrapper.cpp:11]   --->   Operation 778 'br' 'br_ln11' <Predicate = (i == 3 & select_ln8 == 33)> <Delay = 0.00>
ST_20 : Operation 779 [1/1] (0.00ns)   --->   "%br_ln11 = br void %arrayidx123.exit121" [top_wrapper.cpp:11]   --->   Operation 779 'br' 'br_ln11' <Predicate = (i == 3 & select_ln8 == 32)> <Delay = 0.00>
ST_20 : Operation 780 [1/1] (0.00ns)   --->   "%br_ln11 = br void %arrayidx123.exit121" [top_wrapper.cpp:11]   --->   Operation 780 'br' 'br_ln11' <Predicate = (i == 3 & select_ln8 == 31)> <Delay = 0.00>
ST_20 : Operation 781 [1/1] (0.00ns)   --->   "%br_ln11 = br void %arrayidx123.exit121" [top_wrapper.cpp:11]   --->   Operation 781 'br' 'br_ln11' <Predicate = (i == 3 & select_ln8 == 30)> <Delay = 0.00>
ST_20 : Operation 782 [1/1] (0.00ns)   --->   "%br_ln11 = br void %arrayidx123.exit121" [top_wrapper.cpp:11]   --->   Operation 782 'br' 'br_ln11' <Predicate = (i == 3 & select_ln8 == 29)> <Delay = 0.00>
ST_20 : Operation 783 [1/1] (0.00ns)   --->   "%br_ln11 = br void %arrayidx123.exit121" [top_wrapper.cpp:11]   --->   Operation 783 'br' 'br_ln11' <Predicate = (i == 3 & select_ln8 == 28)> <Delay = 0.00>
ST_20 : Operation 784 [1/1] (0.00ns)   --->   "%br_ln11 = br void %arrayidx123.exit121" [top_wrapper.cpp:11]   --->   Operation 784 'br' 'br_ln11' <Predicate = (i == 3 & select_ln8 == 27)> <Delay = 0.00>
ST_20 : Operation 785 [1/1] (0.00ns)   --->   "%br_ln11 = br void %arrayidx123.exit121" [top_wrapper.cpp:11]   --->   Operation 785 'br' 'br_ln11' <Predicate = (i == 3 & select_ln8 == 26)> <Delay = 0.00>
ST_20 : Operation 786 [1/1] (0.00ns)   --->   "%br_ln11 = br void %arrayidx123.exit121" [top_wrapper.cpp:11]   --->   Operation 786 'br' 'br_ln11' <Predicate = (i == 3 & select_ln8 == 25)> <Delay = 0.00>
ST_20 : Operation 787 [1/1] (0.00ns)   --->   "%br_ln11 = br void %arrayidx123.exit121" [top_wrapper.cpp:11]   --->   Operation 787 'br' 'br_ln11' <Predicate = (i == 3 & select_ln8 == 24)> <Delay = 0.00>
ST_20 : Operation 788 [1/1] (0.00ns)   --->   "%br_ln11 = br void %arrayidx123.exit121" [top_wrapper.cpp:11]   --->   Operation 788 'br' 'br_ln11' <Predicate = (i == 3 & select_ln8 == 23)> <Delay = 0.00>
ST_20 : Operation 789 [1/1] (0.00ns)   --->   "%br_ln11 = br void %arrayidx123.exit121" [top_wrapper.cpp:11]   --->   Operation 789 'br' 'br_ln11' <Predicate = (i == 3 & select_ln8 == 22)> <Delay = 0.00>
ST_20 : Operation 790 [1/1] (0.00ns)   --->   "%br_ln11 = br void %arrayidx123.exit121" [top_wrapper.cpp:11]   --->   Operation 790 'br' 'br_ln11' <Predicate = (i == 3 & select_ln8 == 21)> <Delay = 0.00>
ST_20 : Operation 791 [1/1] (0.00ns)   --->   "%br_ln11 = br void %arrayidx123.exit121" [top_wrapper.cpp:11]   --->   Operation 791 'br' 'br_ln11' <Predicate = (i == 3 & select_ln8 == 20)> <Delay = 0.00>
ST_20 : Operation 792 [1/1] (0.00ns)   --->   "%br_ln11 = br void %arrayidx123.exit121" [top_wrapper.cpp:11]   --->   Operation 792 'br' 'br_ln11' <Predicate = (i == 3 & select_ln8 == 19)> <Delay = 0.00>
ST_20 : Operation 793 [1/1] (0.00ns)   --->   "%br_ln11 = br void %arrayidx123.exit121" [top_wrapper.cpp:11]   --->   Operation 793 'br' 'br_ln11' <Predicate = (i == 3 & select_ln8 == 18)> <Delay = 0.00>
ST_20 : Operation 794 [1/1] (0.00ns)   --->   "%br_ln11 = br void %arrayidx123.exit121" [top_wrapper.cpp:11]   --->   Operation 794 'br' 'br_ln11' <Predicate = (i == 3 & select_ln8 == 17)> <Delay = 0.00>
ST_20 : Operation 795 [1/1] (0.00ns)   --->   "%br_ln11 = br void %arrayidx123.exit121" [top_wrapper.cpp:11]   --->   Operation 795 'br' 'br_ln11' <Predicate = (i == 3 & select_ln8 == 16)> <Delay = 0.00>
ST_20 : Operation 796 [1/1] (0.00ns)   --->   "%br_ln11 = br void %arrayidx123.exit121" [top_wrapper.cpp:11]   --->   Operation 796 'br' 'br_ln11' <Predicate = (i == 3 & select_ln8 == 15)> <Delay = 0.00>
ST_20 : Operation 797 [1/1] (0.00ns)   --->   "%br_ln11 = br void %arrayidx123.exit121" [top_wrapper.cpp:11]   --->   Operation 797 'br' 'br_ln11' <Predicate = (i == 3 & select_ln8 == 14)> <Delay = 0.00>
ST_20 : Operation 798 [1/1] (0.00ns)   --->   "%br_ln11 = br void %arrayidx123.exit121" [top_wrapper.cpp:11]   --->   Operation 798 'br' 'br_ln11' <Predicate = (i == 3 & select_ln8 == 13)> <Delay = 0.00>
ST_20 : Operation 799 [1/1] (0.00ns)   --->   "%br_ln11 = br void %arrayidx123.exit121" [top_wrapper.cpp:11]   --->   Operation 799 'br' 'br_ln11' <Predicate = (i == 3 & select_ln8 == 12)> <Delay = 0.00>
ST_20 : Operation 800 [1/1] (0.00ns)   --->   "%br_ln11 = br void %arrayidx123.exit121" [top_wrapper.cpp:11]   --->   Operation 800 'br' 'br_ln11' <Predicate = (i == 3 & select_ln8 == 11)> <Delay = 0.00>
ST_20 : Operation 801 [1/1] (0.00ns)   --->   "%br_ln11 = br void %arrayidx123.exit121" [top_wrapper.cpp:11]   --->   Operation 801 'br' 'br_ln11' <Predicate = (i == 3 & select_ln8 == 10)> <Delay = 0.00>
ST_20 : Operation 802 [1/1] (0.00ns)   --->   "%br_ln11 = br void %arrayidx123.exit121" [top_wrapper.cpp:11]   --->   Operation 802 'br' 'br_ln11' <Predicate = (i == 3 & select_ln8 == 9)> <Delay = 0.00>
ST_20 : Operation 803 [1/1] (0.00ns)   --->   "%br_ln11 = br void %arrayidx123.exit121" [top_wrapper.cpp:11]   --->   Operation 803 'br' 'br_ln11' <Predicate = (i == 3 & select_ln8 == 8)> <Delay = 0.00>
ST_20 : Operation 804 [1/1] (0.00ns)   --->   "%br_ln11 = br void %arrayidx123.exit121" [top_wrapper.cpp:11]   --->   Operation 804 'br' 'br_ln11' <Predicate = (i == 3 & select_ln8 == 7)> <Delay = 0.00>
ST_20 : Operation 805 [1/1] (0.00ns)   --->   "%br_ln11 = br void %arrayidx123.exit121" [top_wrapper.cpp:11]   --->   Operation 805 'br' 'br_ln11' <Predicate = (i == 3 & select_ln8 == 6)> <Delay = 0.00>
ST_20 : Operation 806 [1/1] (0.00ns)   --->   "%br_ln11 = br void %arrayidx123.exit121" [top_wrapper.cpp:11]   --->   Operation 806 'br' 'br_ln11' <Predicate = (i == 3 & select_ln8 == 5)> <Delay = 0.00>
ST_20 : Operation 807 [1/1] (0.00ns)   --->   "%br_ln11 = br void %arrayidx123.exit121" [top_wrapper.cpp:11]   --->   Operation 807 'br' 'br_ln11' <Predicate = (i == 3 & select_ln8 == 4)> <Delay = 0.00>
ST_20 : Operation 808 [1/1] (0.00ns)   --->   "%br_ln11 = br void %arrayidx123.exit121" [top_wrapper.cpp:11]   --->   Operation 808 'br' 'br_ln11' <Predicate = (i == 3 & select_ln8 == 3)> <Delay = 0.00>
ST_20 : Operation 809 [1/1] (0.00ns)   --->   "%br_ln11 = br void %arrayidx123.exit121" [top_wrapper.cpp:11]   --->   Operation 809 'br' 'br_ln11' <Predicate = (i == 3 & select_ln8 == 2)> <Delay = 0.00>
ST_20 : Operation 810 [1/1] (0.00ns)   --->   "%br_ln11 = br void %arrayidx123.exit121" [top_wrapper.cpp:11]   --->   Operation 810 'br' 'br_ln11' <Predicate = (i == 3 & select_ln8 == 1)> <Delay = 0.00>
ST_20 : Operation 811 [1/1] (0.00ns)   --->   "%br_ln11 = br void %arrayidx123.exit121" [top_wrapper.cpp:11]   --->   Operation 811 'br' 'br_ln11' <Predicate = (i == 3 & select_ln8 == 0)> <Delay = 0.00>
ST_20 : Operation 812 [1/1] (0.00ns)   --->   "%br_ln11 = br void %arrayidx123.exit121" [top_wrapper.cpp:11]   --->   Operation 812 'br' 'br_ln11' <Predicate = (i == 3 & select_ln8 == 63) | (i == 3 & select_ln8 == 62) | (i == 3 & select_ln8 == 61) | (i == 3 & select_ln8 == 60) | (i == 3 & select_ln8 == 59) | (i == 3 & select_ln8 == 58) | (i == 3 & select_ln8 == 57) | (i == 3 & select_ln8 == 56) | (i == 3 & select_ln8 == 55) | (i == 3 & select_ln8 == 54) | (i == 3 & select_ln8 == 53) | (i == 3 & select_ln8 == 52) | (i == 3 & select_ln8 == 51) | (i == 3 & select_ln8 == 50) | (i == 3 & select_ln8 == 49)> <Delay = 0.00>
ST_20 : Operation 813 [1/1] (0.00ns)   --->   "%br_ln11 = br void %arrayidx123.exit69" [top_wrapper.cpp:11]   --->   Operation 813 'br' 'br_ln11' <Predicate = (i == 2 & select_ln8 == 48)> <Delay = 0.00>
ST_20 : Operation 814 [1/1] (0.00ns)   --->   "%br_ln11 = br void %arrayidx123.exit69" [top_wrapper.cpp:11]   --->   Operation 814 'br' 'br_ln11' <Predicate = (i == 2 & select_ln8 == 47)> <Delay = 0.00>
ST_20 : Operation 815 [1/1] (0.00ns)   --->   "%br_ln11 = br void %arrayidx123.exit69" [top_wrapper.cpp:11]   --->   Operation 815 'br' 'br_ln11' <Predicate = (i == 2 & select_ln8 == 46)> <Delay = 0.00>
ST_20 : Operation 816 [1/1] (0.00ns)   --->   "%br_ln11 = br void %arrayidx123.exit69" [top_wrapper.cpp:11]   --->   Operation 816 'br' 'br_ln11' <Predicate = (i == 2 & select_ln8 == 45)> <Delay = 0.00>
ST_20 : Operation 817 [1/1] (0.00ns)   --->   "%br_ln11 = br void %arrayidx123.exit69" [top_wrapper.cpp:11]   --->   Operation 817 'br' 'br_ln11' <Predicate = (i == 2 & select_ln8 == 44)> <Delay = 0.00>
ST_20 : Operation 818 [1/1] (0.00ns)   --->   "%br_ln11 = br void %arrayidx123.exit69" [top_wrapper.cpp:11]   --->   Operation 818 'br' 'br_ln11' <Predicate = (i == 2 & select_ln8 == 43)> <Delay = 0.00>
ST_20 : Operation 819 [1/1] (0.00ns)   --->   "%br_ln11 = br void %arrayidx123.exit69" [top_wrapper.cpp:11]   --->   Operation 819 'br' 'br_ln11' <Predicate = (i == 2 & select_ln8 == 42)> <Delay = 0.00>
ST_20 : Operation 820 [1/1] (0.00ns)   --->   "%br_ln11 = br void %arrayidx123.exit69" [top_wrapper.cpp:11]   --->   Operation 820 'br' 'br_ln11' <Predicate = (i == 2 & select_ln8 == 41)> <Delay = 0.00>
ST_20 : Operation 821 [1/1] (0.00ns)   --->   "%br_ln11 = br void %arrayidx123.exit69" [top_wrapper.cpp:11]   --->   Operation 821 'br' 'br_ln11' <Predicate = (i == 2 & select_ln8 == 40)> <Delay = 0.00>
ST_20 : Operation 822 [1/1] (0.00ns)   --->   "%br_ln11 = br void %arrayidx123.exit69" [top_wrapper.cpp:11]   --->   Operation 822 'br' 'br_ln11' <Predicate = (i == 2 & select_ln8 == 39)> <Delay = 0.00>
ST_20 : Operation 823 [1/1] (0.00ns)   --->   "%br_ln11 = br void %arrayidx123.exit69" [top_wrapper.cpp:11]   --->   Operation 823 'br' 'br_ln11' <Predicate = (i == 2 & select_ln8 == 38)> <Delay = 0.00>
ST_20 : Operation 824 [1/1] (0.00ns)   --->   "%br_ln11 = br void %arrayidx123.exit69" [top_wrapper.cpp:11]   --->   Operation 824 'br' 'br_ln11' <Predicate = (i == 2 & select_ln8 == 37)> <Delay = 0.00>
ST_20 : Operation 825 [1/1] (0.00ns)   --->   "%br_ln11 = br void %arrayidx123.exit69" [top_wrapper.cpp:11]   --->   Operation 825 'br' 'br_ln11' <Predicate = (i == 2 & select_ln8 == 36)> <Delay = 0.00>
ST_20 : Operation 826 [1/1] (0.00ns)   --->   "%br_ln11 = br void %arrayidx123.exit69" [top_wrapper.cpp:11]   --->   Operation 826 'br' 'br_ln11' <Predicate = (i == 2 & select_ln8 == 35)> <Delay = 0.00>
ST_20 : Operation 827 [1/1] (0.00ns)   --->   "%br_ln11 = br void %arrayidx123.exit69" [top_wrapper.cpp:11]   --->   Operation 827 'br' 'br_ln11' <Predicate = (i == 2 & select_ln8 == 34)> <Delay = 0.00>
ST_20 : Operation 828 [1/1] (0.00ns)   --->   "%br_ln11 = br void %arrayidx123.exit69" [top_wrapper.cpp:11]   --->   Operation 828 'br' 'br_ln11' <Predicate = (i == 2 & select_ln8 == 33)> <Delay = 0.00>
ST_20 : Operation 829 [1/1] (0.00ns)   --->   "%br_ln11 = br void %arrayidx123.exit69" [top_wrapper.cpp:11]   --->   Operation 829 'br' 'br_ln11' <Predicate = (i == 2 & select_ln8 == 32)> <Delay = 0.00>
ST_20 : Operation 830 [1/1] (0.00ns)   --->   "%br_ln11 = br void %arrayidx123.exit69" [top_wrapper.cpp:11]   --->   Operation 830 'br' 'br_ln11' <Predicate = (i == 2 & select_ln8 == 31)> <Delay = 0.00>
ST_20 : Operation 831 [1/1] (0.00ns)   --->   "%br_ln11 = br void %arrayidx123.exit69" [top_wrapper.cpp:11]   --->   Operation 831 'br' 'br_ln11' <Predicate = (i == 2 & select_ln8 == 30)> <Delay = 0.00>
ST_20 : Operation 832 [1/1] (0.00ns)   --->   "%br_ln11 = br void %arrayidx123.exit69" [top_wrapper.cpp:11]   --->   Operation 832 'br' 'br_ln11' <Predicate = (i == 2 & select_ln8 == 29)> <Delay = 0.00>
ST_20 : Operation 833 [1/1] (0.00ns)   --->   "%br_ln11 = br void %arrayidx123.exit69" [top_wrapper.cpp:11]   --->   Operation 833 'br' 'br_ln11' <Predicate = (i == 2 & select_ln8 == 28)> <Delay = 0.00>
ST_20 : Operation 834 [1/1] (0.00ns)   --->   "%br_ln11 = br void %arrayidx123.exit69" [top_wrapper.cpp:11]   --->   Operation 834 'br' 'br_ln11' <Predicate = (i == 2 & select_ln8 == 27)> <Delay = 0.00>
ST_20 : Operation 835 [1/1] (0.00ns)   --->   "%br_ln11 = br void %arrayidx123.exit69" [top_wrapper.cpp:11]   --->   Operation 835 'br' 'br_ln11' <Predicate = (i == 2 & select_ln8 == 26)> <Delay = 0.00>
ST_20 : Operation 836 [1/1] (0.00ns)   --->   "%br_ln11 = br void %arrayidx123.exit69" [top_wrapper.cpp:11]   --->   Operation 836 'br' 'br_ln11' <Predicate = (i == 2 & select_ln8 == 25)> <Delay = 0.00>
ST_20 : Operation 837 [1/1] (0.00ns)   --->   "%br_ln11 = br void %arrayidx123.exit69" [top_wrapper.cpp:11]   --->   Operation 837 'br' 'br_ln11' <Predicate = (i == 2 & select_ln8 == 24)> <Delay = 0.00>
ST_20 : Operation 838 [1/1] (0.00ns)   --->   "%br_ln11 = br void %arrayidx123.exit69" [top_wrapper.cpp:11]   --->   Operation 838 'br' 'br_ln11' <Predicate = (i == 2 & select_ln8 == 23)> <Delay = 0.00>
ST_20 : Operation 839 [1/1] (0.00ns)   --->   "%br_ln11 = br void %arrayidx123.exit69" [top_wrapper.cpp:11]   --->   Operation 839 'br' 'br_ln11' <Predicate = (i == 2 & select_ln8 == 22)> <Delay = 0.00>
ST_20 : Operation 840 [1/1] (0.00ns)   --->   "%br_ln11 = br void %arrayidx123.exit69" [top_wrapper.cpp:11]   --->   Operation 840 'br' 'br_ln11' <Predicate = (i == 2 & select_ln8 == 21)> <Delay = 0.00>
ST_20 : Operation 841 [1/1] (0.00ns)   --->   "%br_ln11 = br void %arrayidx123.exit69" [top_wrapper.cpp:11]   --->   Operation 841 'br' 'br_ln11' <Predicate = (i == 2 & select_ln8 == 20)> <Delay = 0.00>
ST_20 : Operation 842 [1/1] (0.00ns)   --->   "%br_ln11 = br void %arrayidx123.exit69" [top_wrapper.cpp:11]   --->   Operation 842 'br' 'br_ln11' <Predicate = (i == 2 & select_ln8 == 19)> <Delay = 0.00>
ST_20 : Operation 843 [1/1] (0.00ns)   --->   "%br_ln11 = br void %arrayidx123.exit69" [top_wrapper.cpp:11]   --->   Operation 843 'br' 'br_ln11' <Predicate = (i == 2 & select_ln8 == 18)> <Delay = 0.00>
ST_20 : Operation 844 [1/1] (0.00ns)   --->   "%br_ln11 = br void %arrayidx123.exit69" [top_wrapper.cpp:11]   --->   Operation 844 'br' 'br_ln11' <Predicate = (i == 2 & select_ln8 == 17)> <Delay = 0.00>
ST_20 : Operation 845 [1/1] (0.00ns)   --->   "%br_ln11 = br void %arrayidx123.exit69" [top_wrapper.cpp:11]   --->   Operation 845 'br' 'br_ln11' <Predicate = (i == 2 & select_ln8 == 16)> <Delay = 0.00>
ST_20 : Operation 846 [1/1] (0.00ns)   --->   "%br_ln11 = br void %arrayidx123.exit69" [top_wrapper.cpp:11]   --->   Operation 846 'br' 'br_ln11' <Predicate = (i == 2 & select_ln8 == 15)> <Delay = 0.00>
ST_20 : Operation 847 [1/1] (0.00ns)   --->   "%br_ln11 = br void %arrayidx123.exit69" [top_wrapper.cpp:11]   --->   Operation 847 'br' 'br_ln11' <Predicate = (i == 2 & select_ln8 == 14)> <Delay = 0.00>
ST_20 : Operation 848 [1/1] (0.00ns)   --->   "%br_ln11 = br void %arrayidx123.exit69" [top_wrapper.cpp:11]   --->   Operation 848 'br' 'br_ln11' <Predicate = (i == 2 & select_ln8 == 13)> <Delay = 0.00>
ST_20 : Operation 849 [1/1] (0.00ns)   --->   "%br_ln11 = br void %arrayidx123.exit69" [top_wrapper.cpp:11]   --->   Operation 849 'br' 'br_ln11' <Predicate = (i == 2 & select_ln8 == 12)> <Delay = 0.00>
ST_20 : Operation 850 [1/1] (0.00ns)   --->   "%br_ln11 = br void %arrayidx123.exit69" [top_wrapper.cpp:11]   --->   Operation 850 'br' 'br_ln11' <Predicate = (i == 2 & select_ln8 == 11)> <Delay = 0.00>
ST_20 : Operation 851 [1/1] (0.00ns)   --->   "%br_ln11 = br void %arrayidx123.exit69" [top_wrapper.cpp:11]   --->   Operation 851 'br' 'br_ln11' <Predicate = (i == 2 & select_ln8 == 10)> <Delay = 0.00>
ST_20 : Operation 852 [1/1] (0.00ns)   --->   "%br_ln11 = br void %arrayidx123.exit69" [top_wrapper.cpp:11]   --->   Operation 852 'br' 'br_ln11' <Predicate = (i == 2 & select_ln8 == 9)> <Delay = 0.00>
ST_20 : Operation 853 [1/1] (0.00ns)   --->   "%br_ln11 = br void %arrayidx123.exit69" [top_wrapper.cpp:11]   --->   Operation 853 'br' 'br_ln11' <Predicate = (i == 2 & select_ln8 == 8)> <Delay = 0.00>
ST_20 : Operation 854 [1/1] (0.00ns)   --->   "%br_ln11 = br void %arrayidx123.exit69" [top_wrapper.cpp:11]   --->   Operation 854 'br' 'br_ln11' <Predicate = (i == 2 & select_ln8 == 7)> <Delay = 0.00>
ST_20 : Operation 855 [1/1] (0.00ns)   --->   "%br_ln11 = br void %arrayidx123.exit69" [top_wrapper.cpp:11]   --->   Operation 855 'br' 'br_ln11' <Predicate = (i == 2 & select_ln8 == 6)> <Delay = 0.00>
ST_20 : Operation 856 [1/1] (0.00ns)   --->   "%br_ln11 = br void %arrayidx123.exit69" [top_wrapper.cpp:11]   --->   Operation 856 'br' 'br_ln11' <Predicate = (i == 2 & select_ln8 == 5)> <Delay = 0.00>
ST_20 : Operation 857 [1/1] (0.00ns)   --->   "%br_ln11 = br void %arrayidx123.exit69" [top_wrapper.cpp:11]   --->   Operation 857 'br' 'br_ln11' <Predicate = (i == 2 & select_ln8 == 4)> <Delay = 0.00>
ST_20 : Operation 858 [1/1] (0.00ns)   --->   "%br_ln11 = br void %arrayidx123.exit69" [top_wrapper.cpp:11]   --->   Operation 858 'br' 'br_ln11' <Predicate = (i == 2 & select_ln8 == 3)> <Delay = 0.00>
ST_20 : Operation 859 [1/1] (0.00ns)   --->   "%br_ln11 = br void %arrayidx123.exit69" [top_wrapper.cpp:11]   --->   Operation 859 'br' 'br_ln11' <Predicate = (i == 2 & select_ln8 == 2)> <Delay = 0.00>
ST_20 : Operation 860 [1/1] (0.00ns)   --->   "%br_ln11 = br void %arrayidx123.exit69" [top_wrapper.cpp:11]   --->   Operation 860 'br' 'br_ln11' <Predicate = (i == 2 & select_ln8 == 1)> <Delay = 0.00>
ST_20 : Operation 861 [1/1] (0.00ns)   --->   "%br_ln11 = br void %arrayidx123.exit69" [top_wrapper.cpp:11]   --->   Operation 861 'br' 'br_ln11' <Predicate = (i == 2 & select_ln8 == 0)> <Delay = 0.00>
ST_20 : Operation 862 [1/1] (0.00ns)   --->   "%br_ln11 = br void %arrayidx123.exit69" [top_wrapper.cpp:11]   --->   Operation 862 'br' 'br_ln11' <Predicate = (i == 2 & select_ln8 == 63) | (i == 2 & select_ln8 == 62) | (i == 2 & select_ln8 == 61) | (i == 2 & select_ln8 == 60) | (i == 2 & select_ln8 == 59) | (i == 2 & select_ln8 == 58) | (i == 2 & select_ln8 == 57) | (i == 2 & select_ln8 == 56) | (i == 2 & select_ln8 == 55) | (i == 2 & select_ln8 == 54) | (i == 2 & select_ln8 == 53) | (i == 2 & select_ln8 == 52) | (i == 2 & select_ln8 == 51) | (i == 2 & select_ln8 == 50) | (i == 2 & select_ln8 == 49)> <Delay = 0.00>
ST_20 : Operation 863 [1/1] (0.00ns)   --->   "%br_ln11 = br void %arrayidx123.exit17" [top_wrapper.cpp:11]   --->   Operation 863 'br' 'br_ln11' <Predicate = (i == 1 & select_ln8 == 48)> <Delay = 0.00>
ST_20 : Operation 864 [1/1] (0.00ns)   --->   "%br_ln11 = br void %arrayidx123.exit17" [top_wrapper.cpp:11]   --->   Operation 864 'br' 'br_ln11' <Predicate = (i == 1 & select_ln8 == 47)> <Delay = 0.00>
ST_20 : Operation 865 [1/1] (0.00ns)   --->   "%br_ln11 = br void %arrayidx123.exit17" [top_wrapper.cpp:11]   --->   Operation 865 'br' 'br_ln11' <Predicate = (i == 1 & select_ln8 == 46)> <Delay = 0.00>
ST_20 : Operation 866 [1/1] (0.00ns)   --->   "%br_ln11 = br void %arrayidx123.exit17" [top_wrapper.cpp:11]   --->   Operation 866 'br' 'br_ln11' <Predicate = (i == 1 & select_ln8 == 45)> <Delay = 0.00>
ST_20 : Operation 867 [1/1] (0.00ns)   --->   "%br_ln11 = br void %arrayidx123.exit17" [top_wrapper.cpp:11]   --->   Operation 867 'br' 'br_ln11' <Predicate = (i == 1 & select_ln8 == 44)> <Delay = 0.00>
ST_20 : Operation 868 [1/1] (0.00ns)   --->   "%br_ln11 = br void %arrayidx123.exit17" [top_wrapper.cpp:11]   --->   Operation 868 'br' 'br_ln11' <Predicate = (i == 1 & select_ln8 == 43)> <Delay = 0.00>
ST_20 : Operation 869 [1/1] (0.00ns)   --->   "%br_ln11 = br void %arrayidx123.exit17" [top_wrapper.cpp:11]   --->   Operation 869 'br' 'br_ln11' <Predicate = (i == 1 & select_ln8 == 42)> <Delay = 0.00>
ST_20 : Operation 870 [1/1] (0.00ns)   --->   "%br_ln11 = br void %arrayidx123.exit17" [top_wrapper.cpp:11]   --->   Operation 870 'br' 'br_ln11' <Predicate = (i == 1 & select_ln8 == 41)> <Delay = 0.00>
ST_20 : Operation 871 [1/1] (0.00ns)   --->   "%br_ln11 = br void %arrayidx123.exit17" [top_wrapper.cpp:11]   --->   Operation 871 'br' 'br_ln11' <Predicate = (i == 1 & select_ln8 == 40)> <Delay = 0.00>
ST_20 : Operation 872 [1/1] (0.00ns)   --->   "%br_ln11 = br void %arrayidx123.exit17" [top_wrapper.cpp:11]   --->   Operation 872 'br' 'br_ln11' <Predicate = (i == 1 & select_ln8 == 39)> <Delay = 0.00>
ST_20 : Operation 873 [1/1] (0.00ns)   --->   "%br_ln11 = br void %arrayidx123.exit17" [top_wrapper.cpp:11]   --->   Operation 873 'br' 'br_ln11' <Predicate = (i == 1 & select_ln8 == 38)> <Delay = 0.00>
ST_20 : Operation 874 [1/1] (0.00ns)   --->   "%br_ln11 = br void %arrayidx123.exit17" [top_wrapper.cpp:11]   --->   Operation 874 'br' 'br_ln11' <Predicate = (i == 1 & select_ln8 == 37)> <Delay = 0.00>
ST_20 : Operation 875 [1/1] (0.00ns)   --->   "%br_ln11 = br void %arrayidx123.exit17" [top_wrapper.cpp:11]   --->   Operation 875 'br' 'br_ln11' <Predicate = (i == 1 & select_ln8 == 36)> <Delay = 0.00>
ST_20 : Operation 876 [1/1] (0.00ns)   --->   "%br_ln11 = br void %arrayidx123.exit17" [top_wrapper.cpp:11]   --->   Operation 876 'br' 'br_ln11' <Predicate = (i == 1 & select_ln8 == 35)> <Delay = 0.00>
ST_20 : Operation 877 [1/1] (0.00ns)   --->   "%br_ln11 = br void %arrayidx123.exit17" [top_wrapper.cpp:11]   --->   Operation 877 'br' 'br_ln11' <Predicate = (i == 1 & select_ln8 == 34)> <Delay = 0.00>
ST_20 : Operation 878 [1/1] (0.00ns)   --->   "%br_ln11 = br void %arrayidx123.exit17" [top_wrapper.cpp:11]   --->   Operation 878 'br' 'br_ln11' <Predicate = (i == 1 & select_ln8 == 33)> <Delay = 0.00>
ST_20 : Operation 879 [1/1] (0.00ns)   --->   "%br_ln11 = br void %arrayidx123.exit17" [top_wrapper.cpp:11]   --->   Operation 879 'br' 'br_ln11' <Predicate = (i == 1 & select_ln8 == 32)> <Delay = 0.00>
ST_20 : Operation 880 [1/1] (0.00ns)   --->   "%br_ln11 = br void %arrayidx123.exit17" [top_wrapper.cpp:11]   --->   Operation 880 'br' 'br_ln11' <Predicate = (i == 1 & select_ln8 == 31)> <Delay = 0.00>
ST_20 : Operation 881 [1/1] (0.00ns)   --->   "%br_ln11 = br void %arrayidx123.exit17" [top_wrapper.cpp:11]   --->   Operation 881 'br' 'br_ln11' <Predicate = (i == 1 & select_ln8 == 30)> <Delay = 0.00>
ST_20 : Operation 882 [1/1] (0.00ns)   --->   "%br_ln11 = br void %arrayidx123.exit17" [top_wrapper.cpp:11]   --->   Operation 882 'br' 'br_ln11' <Predicate = (i == 1 & select_ln8 == 29)> <Delay = 0.00>
ST_20 : Operation 883 [1/1] (0.00ns)   --->   "%br_ln11 = br void %arrayidx123.exit17" [top_wrapper.cpp:11]   --->   Operation 883 'br' 'br_ln11' <Predicate = (i == 1 & select_ln8 == 28)> <Delay = 0.00>
ST_20 : Operation 884 [1/1] (0.00ns)   --->   "%br_ln11 = br void %arrayidx123.exit17" [top_wrapper.cpp:11]   --->   Operation 884 'br' 'br_ln11' <Predicate = (i == 1 & select_ln8 == 27)> <Delay = 0.00>
ST_20 : Operation 885 [1/1] (0.00ns)   --->   "%br_ln11 = br void %arrayidx123.exit17" [top_wrapper.cpp:11]   --->   Operation 885 'br' 'br_ln11' <Predicate = (i == 1 & select_ln8 == 26)> <Delay = 0.00>
ST_20 : Operation 886 [1/1] (0.00ns)   --->   "%br_ln11 = br void %arrayidx123.exit17" [top_wrapper.cpp:11]   --->   Operation 886 'br' 'br_ln11' <Predicate = (i == 1 & select_ln8 == 25)> <Delay = 0.00>
ST_20 : Operation 887 [1/1] (0.00ns)   --->   "%br_ln11 = br void %arrayidx123.exit17" [top_wrapper.cpp:11]   --->   Operation 887 'br' 'br_ln11' <Predicate = (i == 1 & select_ln8 == 24)> <Delay = 0.00>
ST_20 : Operation 888 [1/1] (0.00ns)   --->   "%br_ln11 = br void %arrayidx123.exit17" [top_wrapper.cpp:11]   --->   Operation 888 'br' 'br_ln11' <Predicate = (i == 1 & select_ln8 == 23)> <Delay = 0.00>
ST_20 : Operation 889 [1/1] (0.00ns)   --->   "%br_ln11 = br void %arrayidx123.exit17" [top_wrapper.cpp:11]   --->   Operation 889 'br' 'br_ln11' <Predicate = (i == 1 & select_ln8 == 22)> <Delay = 0.00>
ST_20 : Operation 890 [1/1] (0.00ns)   --->   "%br_ln11 = br void %arrayidx123.exit17" [top_wrapper.cpp:11]   --->   Operation 890 'br' 'br_ln11' <Predicate = (i == 1 & select_ln8 == 21)> <Delay = 0.00>
ST_20 : Operation 891 [1/1] (0.00ns)   --->   "%br_ln11 = br void %arrayidx123.exit17" [top_wrapper.cpp:11]   --->   Operation 891 'br' 'br_ln11' <Predicate = (i == 1 & select_ln8 == 20)> <Delay = 0.00>
ST_20 : Operation 892 [1/1] (0.00ns)   --->   "%br_ln11 = br void %arrayidx123.exit17" [top_wrapper.cpp:11]   --->   Operation 892 'br' 'br_ln11' <Predicate = (i == 1 & select_ln8 == 19)> <Delay = 0.00>
ST_20 : Operation 893 [1/1] (0.00ns)   --->   "%br_ln11 = br void %arrayidx123.exit17" [top_wrapper.cpp:11]   --->   Operation 893 'br' 'br_ln11' <Predicate = (i == 1 & select_ln8 == 18)> <Delay = 0.00>
ST_20 : Operation 894 [1/1] (0.00ns)   --->   "%br_ln11 = br void %arrayidx123.exit17" [top_wrapper.cpp:11]   --->   Operation 894 'br' 'br_ln11' <Predicate = (i == 1 & select_ln8 == 17)> <Delay = 0.00>
ST_20 : Operation 895 [1/1] (0.00ns)   --->   "%br_ln11 = br void %arrayidx123.exit17" [top_wrapper.cpp:11]   --->   Operation 895 'br' 'br_ln11' <Predicate = (i == 1 & select_ln8 == 16)> <Delay = 0.00>
ST_20 : Operation 896 [1/1] (0.00ns)   --->   "%br_ln11 = br void %arrayidx123.exit17" [top_wrapper.cpp:11]   --->   Operation 896 'br' 'br_ln11' <Predicate = (i == 1 & select_ln8 == 15)> <Delay = 0.00>
ST_20 : Operation 897 [1/1] (0.00ns)   --->   "%br_ln11 = br void %arrayidx123.exit17" [top_wrapper.cpp:11]   --->   Operation 897 'br' 'br_ln11' <Predicate = (i == 1 & select_ln8 == 14)> <Delay = 0.00>
ST_20 : Operation 898 [1/1] (0.00ns)   --->   "%br_ln11 = br void %arrayidx123.exit17" [top_wrapper.cpp:11]   --->   Operation 898 'br' 'br_ln11' <Predicate = (i == 1 & select_ln8 == 13)> <Delay = 0.00>
ST_20 : Operation 899 [1/1] (0.00ns)   --->   "%br_ln11 = br void %arrayidx123.exit17" [top_wrapper.cpp:11]   --->   Operation 899 'br' 'br_ln11' <Predicate = (i == 1 & select_ln8 == 12)> <Delay = 0.00>
ST_20 : Operation 900 [1/1] (0.00ns)   --->   "%br_ln11 = br void %arrayidx123.exit17" [top_wrapper.cpp:11]   --->   Operation 900 'br' 'br_ln11' <Predicate = (i == 1 & select_ln8 == 11)> <Delay = 0.00>
ST_20 : Operation 901 [1/1] (0.00ns)   --->   "%br_ln11 = br void %arrayidx123.exit17" [top_wrapper.cpp:11]   --->   Operation 901 'br' 'br_ln11' <Predicate = (i == 1 & select_ln8 == 10)> <Delay = 0.00>
ST_20 : Operation 902 [1/1] (0.00ns)   --->   "%br_ln11 = br void %arrayidx123.exit17" [top_wrapper.cpp:11]   --->   Operation 902 'br' 'br_ln11' <Predicate = (i == 1 & select_ln8 == 9)> <Delay = 0.00>
ST_20 : Operation 903 [1/1] (0.00ns)   --->   "%br_ln11 = br void %arrayidx123.exit17" [top_wrapper.cpp:11]   --->   Operation 903 'br' 'br_ln11' <Predicate = (i == 1 & select_ln8 == 8)> <Delay = 0.00>
ST_20 : Operation 904 [1/1] (0.00ns)   --->   "%br_ln11 = br void %arrayidx123.exit17" [top_wrapper.cpp:11]   --->   Operation 904 'br' 'br_ln11' <Predicate = (i == 1 & select_ln8 == 7)> <Delay = 0.00>
ST_20 : Operation 905 [1/1] (0.00ns)   --->   "%br_ln11 = br void %arrayidx123.exit17" [top_wrapper.cpp:11]   --->   Operation 905 'br' 'br_ln11' <Predicate = (i == 1 & select_ln8 == 6)> <Delay = 0.00>
ST_20 : Operation 906 [1/1] (0.00ns)   --->   "%br_ln11 = br void %arrayidx123.exit17" [top_wrapper.cpp:11]   --->   Operation 906 'br' 'br_ln11' <Predicate = (i == 1 & select_ln8 == 5)> <Delay = 0.00>
ST_20 : Operation 907 [1/1] (0.00ns)   --->   "%br_ln11 = br void %arrayidx123.exit17" [top_wrapper.cpp:11]   --->   Operation 907 'br' 'br_ln11' <Predicate = (i == 1 & select_ln8 == 4)> <Delay = 0.00>
ST_20 : Operation 908 [1/1] (0.00ns)   --->   "%br_ln11 = br void %arrayidx123.exit17" [top_wrapper.cpp:11]   --->   Operation 908 'br' 'br_ln11' <Predicate = (i == 1 & select_ln8 == 3)> <Delay = 0.00>
ST_20 : Operation 909 [1/1] (0.00ns)   --->   "%br_ln11 = br void %arrayidx123.exit17" [top_wrapper.cpp:11]   --->   Operation 909 'br' 'br_ln11' <Predicate = (i == 1 & select_ln8 == 2)> <Delay = 0.00>
ST_20 : Operation 910 [1/1] (0.00ns)   --->   "%br_ln11 = br void %arrayidx123.exit17" [top_wrapper.cpp:11]   --->   Operation 910 'br' 'br_ln11' <Predicate = (i == 1 & select_ln8 == 1)> <Delay = 0.00>
ST_20 : Operation 911 [1/1] (0.00ns)   --->   "%br_ln11 = br void %arrayidx123.exit17" [top_wrapper.cpp:11]   --->   Operation 911 'br' 'br_ln11' <Predicate = (i == 1 & select_ln8 == 0)> <Delay = 0.00>
ST_20 : Operation 912 [1/1] (0.00ns)   --->   "%br_ln11 = br void %arrayidx123.exit17" [top_wrapper.cpp:11]   --->   Operation 912 'br' 'br_ln11' <Predicate = (i == 1 & select_ln8 == 63) | (i == 1 & select_ln8 == 62) | (i == 1 & select_ln8 == 61) | (i == 1 & select_ln8 == 60) | (i == 1 & select_ln8 == 59) | (i == 1 & select_ln8 == 58) | (i == 1 & select_ln8 == 57) | (i == 1 & select_ln8 == 56) | (i == 1 & select_ln8 == 55) | (i == 1 & select_ln8 == 54) | (i == 1 & select_ln8 == 53) | (i == 1 & select_ln8 == 52) | (i == 1 & select_ln8 == 51) | (i == 1 & select_ln8 == 50) | (i == 1 & select_ln8 == 49)> <Delay = 0.00>
ST_20 : Operation 913 [1/1] (0.00ns)   --->   "%br_ln11 = br void %arrayidx123.exit2" [top_wrapper.cpp:11]   --->   Operation 913 'br' 'br_ln11' <Predicate = (i == 0 & select_ln8 == 48)> <Delay = 0.00>
ST_20 : Operation 914 [1/1] (0.00ns)   --->   "%br_ln11 = br void %arrayidx123.exit2" [top_wrapper.cpp:11]   --->   Operation 914 'br' 'br_ln11' <Predicate = (i == 0 & select_ln8 == 47)> <Delay = 0.00>
ST_20 : Operation 915 [1/1] (0.00ns)   --->   "%br_ln11 = br void %arrayidx123.exit2" [top_wrapper.cpp:11]   --->   Operation 915 'br' 'br_ln11' <Predicate = (i == 0 & select_ln8 == 46)> <Delay = 0.00>
ST_20 : Operation 916 [1/1] (0.00ns)   --->   "%br_ln11 = br void %arrayidx123.exit2" [top_wrapper.cpp:11]   --->   Operation 916 'br' 'br_ln11' <Predicate = (i == 0 & select_ln8 == 45)> <Delay = 0.00>
ST_20 : Operation 917 [1/1] (0.00ns)   --->   "%br_ln11 = br void %arrayidx123.exit2" [top_wrapper.cpp:11]   --->   Operation 917 'br' 'br_ln11' <Predicate = (i == 0 & select_ln8 == 44)> <Delay = 0.00>
ST_20 : Operation 918 [1/1] (0.00ns)   --->   "%br_ln11 = br void %arrayidx123.exit2" [top_wrapper.cpp:11]   --->   Operation 918 'br' 'br_ln11' <Predicate = (i == 0 & select_ln8 == 43)> <Delay = 0.00>
ST_20 : Operation 919 [1/1] (0.00ns)   --->   "%br_ln11 = br void %arrayidx123.exit2" [top_wrapper.cpp:11]   --->   Operation 919 'br' 'br_ln11' <Predicate = (i == 0 & select_ln8 == 42)> <Delay = 0.00>
ST_20 : Operation 920 [1/1] (0.00ns)   --->   "%br_ln11 = br void %arrayidx123.exit2" [top_wrapper.cpp:11]   --->   Operation 920 'br' 'br_ln11' <Predicate = (i == 0 & select_ln8 == 41)> <Delay = 0.00>
ST_20 : Operation 921 [1/1] (0.00ns)   --->   "%br_ln11 = br void %arrayidx123.exit2" [top_wrapper.cpp:11]   --->   Operation 921 'br' 'br_ln11' <Predicate = (i == 0 & select_ln8 == 40)> <Delay = 0.00>
ST_20 : Operation 922 [1/1] (0.00ns)   --->   "%br_ln11 = br void %arrayidx123.exit2" [top_wrapper.cpp:11]   --->   Operation 922 'br' 'br_ln11' <Predicate = (i == 0 & select_ln8 == 39)> <Delay = 0.00>
ST_20 : Operation 923 [1/1] (0.00ns)   --->   "%br_ln11 = br void %arrayidx123.exit2" [top_wrapper.cpp:11]   --->   Operation 923 'br' 'br_ln11' <Predicate = (i == 0 & select_ln8 == 38)> <Delay = 0.00>
ST_20 : Operation 924 [1/1] (0.00ns)   --->   "%br_ln11 = br void %arrayidx123.exit2" [top_wrapper.cpp:11]   --->   Operation 924 'br' 'br_ln11' <Predicate = (i == 0 & select_ln8 == 37)> <Delay = 0.00>
ST_20 : Operation 925 [1/1] (0.00ns)   --->   "%br_ln11 = br void %arrayidx123.exit2" [top_wrapper.cpp:11]   --->   Operation 925 'br' 'br_ln11' <Predicate = (i == 0 & select_ln8 == 36)> <Delay = 0.00>
ST_20 : Operation 926 [1/1] (0.00ns)   --->   "%br_ln11 = br void %arrayidx123.exit2" [top_wrapper.cpp:11]   --->   Operation 926 'br' 'br_ln11' <Predicate = (i == 0 & select_ln8 == 35)> <Delay = 0.00>
ST_20 : Operation 927 [1/1] (0.00ns)   --->   "%br_ln11 = br void %arrayidx123.exit2" [top_wrapper.cpp:11]   --->   Operation 927 'br' 'br_ln11' <Predicate = (i == 0 & select_ln8 == 34)> <Delay = 0.00>
ST_20 : Operation 928 [1/1] (0.00ns)   --->   "%br_ln11 = br void %arrayidx123.exit2" [top_wrapper.cpp:11]   --->   Operation 928 'br' 'br_ln11' <Predicate = (i == 0 & select_ln8 == 33)> <Delay = 0.00>
ST_20 : Operation 929 [1/1] (0.00ns)   --->   "%br_ln11 = br void %arrayidx123.exit2" [top_wrapper.cpp:11]   --->   Operation 929 'br' 'br_ln11' <Predicate = (i == 0 & select_ln8 == 32)> <Delay = 0.00>
ST_20 : Operation 930 [1/1] (0.00ns)   --->   "%br_ln11 = br void %arrayidx123.exit2" [top_wrapper.cpp:11]   --->   Operation 930 'br' 'br_ln11' <Predicate = (i == 0 & select_ln8 == 31)> <Delay = 0.00>
ST_20 : Operation 931 [1/1] (0.00ns)   --->   "%br_ln11 = br void %arrayidx123.exit2" [top_wrapper.cpp:11]   --->   Operation 931 'br' 'br_ln11' <Predicate = (i == 0 & select_ln8 == 30)> <Delay = 0.00>
ST_20 : Operation 932 [1/1] (0.00ns)   --->   "%br_ln11 = br void %arrayidx123.exit2" [top_wrapper.cpp:11]   --->   Operation 932 'br' 'br_ln11' <Predicate = (i == 0 & select_ln8 == 29)> <Delay = 0.00>
ST_20 : Operation 933 [1/1] (0.00ns)   --->   "%br_ln11 = br void %arrayidx123.exit2" [top_wrapper.cpp:11]   --->   Operation 933 'br' 'br_ln11' <Predicate = (i == 0 & select_ln8 == 28)> <Delay = 0.00>
ST_20 : Operation 934 [1/1] (0.00ns)   --->   "%br_ln11 = br void %arrayidx123.exit2" [top_wrapper.cpp:11]   --->   Operation 934 'br' 'br_ln11' <Predicate = (i == 0 & select_ln8 == 27)> <Delay = 0.00>
ST_20 : Operation 935 [1/1] (0.00ns)   --->   "%br_ln11 = br void %arrayidx123.exit2" [top_wrapper.cpp:11]   --->   Operation 935 'br' 'br_ln11' <Predicate = (i == 0 & select_ln8 == 26)> <Delay = 0.00>
ST_20 : Operation 936 [1/1] (0.00ns)   --->   "%br_ln11 = br void %arrayidx123.exit2" [top_wrapper.cpp:11]   --->   Operation 936 'br' 'br_ln11' <Predicate = (i == 0 & select_ln8 == 25)> <Delay = 0.00>
ST_20 : Operation 937 [1/1] (0.00ns)   --->   "%br_ln11 = br void %arrayidx123.exit2" [top_wrapper.cpp:11]   --->   Operation 937 'br' 'br_ln11' <Predicate = (i == 0 & select_ln8 == 24)> <Delay = 0.00>
ST_20 : Operation 938 [1/1] (0.00ns)   --->   "%br_ln11 = br void %arrayidx123.exit2" [top_wrapper.cpp:11]   --->   Operation 938 'br' 'br_ln11' <Predicate = (i == 0 & select_ln8 == 23)> <Delay = 0.00>
ST_20 : Operation 939 [1/1] (0.00ns)   --->   "%br_ln11 = br void %arrayidx123.exit2" [top_wrapper.cpp:11]   --->   Operation 939 'br' 'br_ln11' <Predicate = (i == 0 & select_ln8 == 22)> <Delay = 0.00>
ST_20 : Operation 940 [1/1] (0.00ns)   --->   "%br_ln11 = br void %arrayidx123.exit2" [top_wrapper.cpp:11]   --->   Operation 940 'br' 'br_ln11' <Predicate = (i == 0 & select_ln8 == 21)> <Delay = 0.00>
ST_20 : Operation 941 [1/1] (0.00ns)   --->   "%br_ln11 = br void %arrayidx123.exit2" [top_wrapper.cpp:11]   --->   Operation 941 'br' 'br_ln11' <Predicate = (i == 0 & select_ln8 == 20)> <Delay = 0.00>
ST_20 : Operation 942 [1/1] (0.00ns)   --->   "%br_ln11 = br void %arrayidx123.exit2" [top_wrapper.cpp:11]   --->   Operation 942 'br' 'br_ln11' <Predicate = (i == 0 & select_ln8 == 19)> <Delay = 0.00>
ST_20 : Operation 943 [1/1] (0.00ns)   --->   "%br_ln11 = br void %arrayidx123.exit2" [top_wrapper.cpp:11]   --->   Operation 943 'br' 'br_ln11' <Predicate = (i == 0 & select_ln8 == 18)> <Delay = 0.00>
ST_20 : Operation 944 [1/1] (0.00ns)   --->   "%br_ln11 = br void %arrayidx123.exit2" [top_wrapper.cpp:11]   --->   Operation 944 'br' 'br_ln11' <Predicate = (i == 0 & select_ln8 == 17)> <Delay = 0.00>
ST_20 : Operation 945 [1/1] (0.00ns)   --->   "%br_ln11 = br void %arrayidx123.exit2" [top_wrapper.cpp:11]   --->   Operation 945 'br' 'br_ln11' <Predicate = (i == 0 & select_ln8 == 16)> <Delay = 0.00>
ST_20 : Operation 946 [1/1] (0.00ns)   --->   "%br_ln11 = br void %arrayidx123.exit2" [top_wrapper.cpp:11]   --->   Operation 946 'br' 'br_ln11' <Predicate = (i == 0 & select_ln8 == 15)> <Delay = 0.00>
ST_20 : Operation 947 [1/1] (0.00ns)   --->   "%br_ln11 = br void %arrayidx123.exit2" [top_wrapper.cpp:11]   --->   Operation 947 'br' 'br_ln11' <Predicate = (i == 0 & select_ln8 == 14)> <Delay = 0.00>
ST_20 : Operation 948 [1/1] (0.00ns)   --->   "%br_ln11 = br void %arrayidx123.exit2" [top_wrapper.cpp:11]   --->   Operation 948 'br' 'br_ln11' <Predicate = (i == 0 & select_ln8 == 13)> <Delay = 0.00>
ST_20 : Operation 949 [1/1] (0.00ns)   --->   "%br_ln11 = br void %arrayidx123.exit2" [top_wrapper.cpp:11]   --->   Operation 949 'br' 'br_ln11' <Predicate = (i == 0 & select_ln8 == 12)> <Delay = 0.00>
ST_20 : Operation 950 [1/1] (0.00ns)   --->   "%br_ln11 = br void %arrayidx123.exit2" [top_wrapper.cpp:11]   --->   Operation 950 'br' 'br_ln11' <Predicate = (i == 0 & select_ln8 == 11)> <Delay = 0.00>
ST_20 : Operation 951 [1/1] (0.00ns)   --->   "%br_ln11 = br void %arrayidx123.exit2" [top_wrapper.cpp:11]   --->   Operation 951 'br' 'br_ln11' <Predicate = (i == 0 & select_ln8 == 10)> <Delay = 0.00>
ST_20 : Operation 952 [1/1] (0.00ns)   --->   "%br_ln11 = br void %arrayidx123.exit2" [top_wrapper.cpp:11]   --->   Operation 952 'br' 'br_ln11' <Predicate = (i == 0 & select_ln8 == 9)> <Delay = 0.00>
ST_20 : Operation 953 [1/1] (0.00ns)   --->   "%br_ln11 = br void %arrayidx123.exit2" [top_wrapper.cpp:11]   --->   Operation 953 'br' 'br_ln11' <Predicate = (i == 0 & select_ln8 == 8)> <Delay = 0.00>
ST_20 : Operation 954 [1/1] (0.00ns)   --->   "%br_ln11 = br void %arrayidx123.exit2" [top_wrapper.cpp:11]   --->   Operation 954 'br' 'br_ln11' <Predicate = (i == 0 & select_ln8 == 7)> <Delay = 0.00>
ST_20 : Operation 955 [1/1] (0.00ns)   --->   "%br_ln11 = br void %arrayidx123.exit2" [top_wrapper.cpp:11]   --->   Operation 955 'br' 'br_ln11' <Predicate = (i == 0 & select_ln8 == 6)> <Delay = 0.00>
ST_20 : Operation 956 [1/1] (0.00ns)   --->   "%br_ln11 = br void %arrayidx123.exit2" [top_wrapper.cpp:11]   --->   Operation 956 'br' 'br_ln11' <Predicate = (i == 0 & select_ln8 == 5)> <Delay = 0.00>
ST_20 : Operation 957 [1/1] (0.00ns)   --->   "%br_ln11 = br void %arrayidx123.exit2" [top_wrapper.cpp:11]   --->   Operation 957 'br' 'br_ln11' <Predicate = (i == 0 & select_ln8 == 4)> <Delay = 0.00>
ST_20 : Operation 958 [1/1] (0.00ns)   --->   "%br_ln11 = br void %arrayidx123.exit2" [top_wrapper.cpp:11]   --->   Operation 958 'br' 'br_ln11' <Predicate = (i == 0 & select_ln8 == 3)> <Delay = 0.00>
ST_20 : Operation 959 [1/1] (0.00ns)   --->   "%br_ln11 = br void %arrayidx123.exit2" [top_wrapper.cpp:11]   --->   Operation 959 'br' 'br_ln11' <Predicate = (i == 0 & select_ln8 == 2)> <Delay = 0.00>
ST_20 : Operation 960 [1/1] (0.00ns)   --->   "%br_ln11 = br void %arrayidx123.exit2" [top_wrapper.cpp:11]   --->   Operation 960 'br' 'br_ln11' <Predicate = (i == 0 & select_ln8 == 1)> <Delay = 0.00>
ST_20 : Operation 961 [1/1] (0.00ns)   --->   "%br_ln11 = br void %arrayidx123.exit2" [top_wrapper.cpp:11]   --->   Operation 961 'br' 'br_ln11' <Predicate = (i == 0 & select_ln8 == 0)> <Delay = 0.00>
ST_20 : Operation 962 [1/1] (0.00ns)   --->   "%br_ln11 = br void %arrayidx123.exit2" [top_wrapper.cpp:11]   --->   Operation 962 'br' 'br_ln11' <Predicate = (i == 0 & select_ln8 == 63) | (i == 0 & select_ln8 == 62) | (i == 0 & select_ln8 == 61) | (i == 0 & select_ln8 == 60) | (i == 0 & select_ln8 == 59) | (i == 0 & select_ln8 == 58) | (i == 0 & select_ln8 == 57) | (i == 0 & select_ln8 == 56) | (i == 0 & select_ln8 == 55) | (i == 0 & select_ln8 == 54) | (i == 0 & select_ln8 == 53) | (i == 0 & select_ln8 == 52) | (i == 0 & select_ln8 == 51) | (i == 0 & select_ln8 == 50) | (i == 0 & select_ln8 == 49)> <Delay = 0.00>
ST_20 : Operation 963 [1/1] (0.00ns)   --->   "%br_ln11 = br void %arrayidx123.exit382" [top_wrapper.cpp:11]   --->   Operation 963 'br' 'br_ln11' <Predicate = (i != 0 & i != 1 & i != 2 & i != 3 & i != 4 & i != 5 & i != 6 & i != 7 & select_ln8 == 48)> <Delay = 0.00>
ST_20 : Operation 964 [1/1] (0.00ns)   --->   "%br_ln11 = br void %arrayidx123.exit382" [top_wrapper.cpp:11]   --->   Operation 964 'br' 'br_ln11' <Predicate = (i != 0 & i != 1 & i != 2 & i != 3 & i != 4 & i != 5 & i != 6 & i != 7 & select_ln8 == 47)> <Delay = 0.00>
ST_20 : Operation 965 [1/1] (0.00ns)   --->   "%br_ln11 = br void %arrayidx123.exit382" [top_wrapper.cpp:11]   --->   Operation 965 'br' 'br_ln11' <Predicate = (i != 0 & i != 1 & i != 2 & i != 3 & i != 4 & i != 5 & i != 6 & i != 7 & select_ln8 == 46)> <Delay = 0.00>
ST_20 : Operation 966 [1/1] (0.00ns)   --->   "%br_ln11 = br void %arrayidx123.exit382" [top_wrapper.cpp:11]   --->   Operation 966 'br' 'br_ln11' <Predicate = (i != 0 & i != 1 & i != 2 & i != 3 & i != 4 & i != 5 & i != 6 & i != 7 & select_ln8 == 45)> <Delay = 0.00>
ST_20 : Operation 967 [1/1] (0.00ns)   --->   "%br_ln11 = br void %arrayidx123.exit382" [top_wrapper.cpp:11]   --->   Operation 967 'br' 'br_ln11' <Predicate = (i != 0 & i != 1 & i != 2 & i != 3 & i != 4 & i != 5 & i != 6 & i != 7 & select_ln8 == 44)> <Delay = 0.00>
ST_20 : Operation 968 [1/1] (0.00ns)   --->   "%br_ln11 = br void %arrayidx123.exit382" [top_wrapper.cpp:11]   --->   Operation 968 'br' 'br_ln11' <Predicate = (i != 0 & i != 1 & i != 2 & i != 3 & i != 4 & i != 5 & i != 6 & i != 7 & select_ln8 == 43)> <Delay = 0.00>
ST_20 : Operation 969 [1/1] (0.00ns)   --->   "%br_ln11 = br void %arrayidx123.exit382" [top_wrapper.cpp:11]   --->   Operation 969 'br' 'br_ln11' <Predicate = (i != 0 & i != 1 & i != 2 & i != 3 & i != 4 & i != 5 & i != 6 & i != 7 & select_ln8 == 42)> <Delay = 0.00>
ST_20 : Operation 970 [1/1] (0.00ns)   --->   "%br_ln11 = br void %arrayidx123.exit382" [top_wrapper.cpp:11]   --->   Operation 970 'br' 'br_ln11' <Predicate = (i != 0 & i != 1 & i != 2 & i != 3 & i != 4 & i != 5 & i != 6 & i != 7 & select_ln8 == 41)> <Delay = 0.00>
ST_20 : Operation 971 [1/1] (0.00ns)   --->   "%br_ln11 = br void %arrayidx123.exit382" [top_wrapper.cpp:11]   --->   Operation 971 'br' 'br_ln11' <Predicate = (i != 0 & i != 1 & i != 2 & i != 3 & i != 4 & i != 5 & i != 6 & i != 7 & select_ln8 == 40)> <Delay = 0.00>
ST_20 : Operation 972 [1/1] (0.00ns)   --->   "%br_ln11 = br void %arrayidx123.exit382" [top_wrapper.cpp:11]   --->   Operation 972 'br' 'br_ln11' <Predicate = (i != 0 & i != 1 & i != 2 & i != 3 & i != 4 & i != 5 & i != 6 & i != 7 & select_ln8 == 39)> <Delay = 0.00>
ST_20 : Operation 973 [1/1] (0.00ns)   --->   "%br_ln11 = br void %arrayidx123.exit382" [top_wrapper.cpp:11]   --->   Operation 973 'br' 'br_ln11' <Predicate = (i != 0 & i != 1 & i != 2 & i != 3 & i != 4 & i != 5 & i != 6 & i != 7 & select_ln8 == 38)> <Delay = 0.00>
ST_20 : Operation 974 [1/1] (0.00ns)   --->   "%br_ln11 = br void %arrayidx123.exit382" [top_wrapper.cpp:11]   --->   Operation 974 'br' 'br_ln11' <Predicate = (i != 0 & i != 1 & i != 2 & i != 3 & i != 4 & i != 5 & i != 6 & i != 7 & select_ln8 == 37)> <Delay = 0.00>
ST_20 : Operation 975 [1/1] (0.00ns)   --->   "%br_ln11 = br void %arrayidx123.exit382" [top_wrapper.cpp:11]   --->   Operation 975 'br' 'br_ln11' <Predicate = (i != 0 & i != 1 & i != 2 & i != 3 & i != 4 & i != 5 & i != 6 & i != 7 & select_ln8 == 36)> <Delay = 0.00>
ST_20 : Operation 976 [1/1] (0.00ns)   --->   "%br_ln11 = br void %arrayidx123.exit382" [top_wrapper.cpp:11]   --->   Operation 976 'br' 'br_ln11' <Predicate = (i != 0 & i != 1 & i != 2 & i != 3 & i != 4 & i != 5 & i != 6 & i != 7 & select_ln8 == 35)> <Delay = 0.00>
ST_20 : Operation 977 [1/1] (0.00ns)   --->   "%br_ln11 = br void %arrayidx123.exit382" [top_wrapper.cpp:11]   --->   Operation 977 'br' 'br_ln11' <Predicate = (i != 0 & i != 1 & i != 2 & i != 3 & i != 4 & i != 5 & i != 6 & i != 7 & select_ln8 == 34)> <Delay = 0.00>
ST_20 : Operation 978 [1/1] (0.00ns)   --->   "%br_ln11 = br void %arrayidx123.exit382" [top_wrapper.cpp:11]   --->   Operation 978 'br' 'br_ln11' <Predicate = (i != 0 & i != 1 & i != 2 & i != 3 & i != 4 & i != 5 & i != 6 & i != 7 & select_ln8 == 33)> <Delay = 0.00>
ST_20 : Operation 979 [1/1] (0.00ns)   --->   "%br_ln11 = br void %arrayidx123.exit382" [top_wrapper.cpp:11]   --->   Operation 979 'br' 'br_ln11' <Predicate = (i != 0 & i != 1 & i != 2 & i != 3 & i != 4 & i != 5 & i != 6 & i != 7 & select_ln8 == 32)> <Delay = 0.00>
ST_20 : Operation 980 [1/1] (0.00ns)   --->   "%br_ln11 = br void %arrayidx123.exit382" [top_wrapper.cpp:11]   --->   Operation 980 'br' 'br_ln11' <Predicate = (i != 0 & i != 1 & i != 2 & i != 3 & i != 4 & i != 5 & i != 6 & i != 7 & select_ln8 == 31)> <Delay = 0.00>
ST_20 : Operation 981 [1/1] (0.00ns)   --->   "%br_ln11 = br void %arrayidx123.exit382" [top_wrapper.cpp:11]   --->   Operation 981 'br' 'br_ln11' <Predicate = (i != 0 & i != 1 & i != 2 & i != 3 & i != 4 & i != 5 & i != 6 & i != 7 & select_ln8 == 30)> <Delay = 0.00>
ST_20 : Operation 982 [1/1] (0.00ns)   --->   "%br_ln11 = br void %arrayidx123.exit382" [top_wrapper.cpp:11]   --->   Operation 982 'br' 'br_ln11' <Predicate = (i != 0 & i != 1 & i != 2 & i != 3 & i != 4 & i != 5 & i != 6 & i != 7 & select_ln8 == 29)> <Delay = 0.00>
ST_20 : Operation 983 [1/1] (0.00ns)   --->   "%br_ln11 = br void %arrayidx123.exit382" [top_wrapper.cpp:11]   --->   Operation 983 'br' 'br_ln11' <Predicate = (i != 0 & i != 1 & i != 2 & i != 3 & i != 4 & i != 5 & i != 6 & i != 7 & select_ln8 == 28)> <Delay = 0.00>
ST_20 : Operation 984 [1/1] (0.00ns)   --->   "%br_ln11 = br void %arrayidx123.exit382" [top_wrapper.cpp:11]   --->   Operation 984 'br' 'br_ln11' <Predicate = (i != 0 & i != 1 & i != 2 & i != 3 & i != 4 & i != 5 & i != 6 & i != 7 & select_ln8 == 27)> <Delay = 0.00>
ST_20 : Operation 985 [1/1] (0.00ns)   --->   "%br_ln11 = br void %arrayidx123.exit382" [top_wrapper.cpp:11]   --->   Operation 985 'br' 'br_ln11' <Predicate = (i != 0 & i != 1 & i != 2 & i != 3 & i != 4 & i != 5 & i != 6 & i != 7 & select_ln8 == 26)> <Delay = 0.00>
ST_20 : Operation 986 [1/1] (0.00ns)   --->   "%br_ln11 = br void %arrayidx123.exit382" [top_wrapper.cpp:11]   --->   Operation 986 'br' 'br_ln11' <Predicate = (i != 0 & i != 1 & i != 2 & i != 3 & i != 4 & i != 5 & i != 6 & i != 7 & select_ln8 == 25)> <Delay = 0.00>
ST_20 : Operation 987 [1/1] (0.00ns)   --->   "%br_ln11 = br void %arrayidx123.exit382" [top_wrapper.cpp:11]   --->   Operation 987 'br' 'br_ln11' <Predicate = (i != 0 & i != 1 & i != 2 & i != 3 & i != 4 & i != 5 & i != 6 & i != 7 & select_ln8 == 24)> <Delay = 0.00>
ST_20 : Operation 988 [1/1] (0.00ns)   --->   "%br_ln11 = br void %arrayidx123.exit382" [top_wrapper.cpp:11]   --->   Operation 988 'br' 'br_ln11' <Predicate = (i != 0 & i != 1 & i != 2 & i != 3 & i != 4 & i != 5 & i != 6 & i != 7 & select_ln8 == 23)> <Delay = 0.00>
ST_20 : Operation 989 [1/1] (0.00ns)   --->   "%br_ln11 = br void %arrayidx123.exit382" [top_wrapper.cpp:11]   --->   Operation 989 'br' 'br_ln11' <Predicate = (i != 0 & i != 1 & i != 2 & i != 3 & i != 4 & i != 5 & i != 6 & i != 7 & select_ln8 == 22)> <Delay = 0.00>
ST_20 : Operation 990 [1/1] (0.00ns)   --->   "%br_ln11 = br void %arrayidx123.exit382" [top_wrapper.cpp:11]   --->   Operation 990 'br' 'br_ln11' <Predicate = (i != 0 & i != 1 & i != 2 & i != 3 & i != 4 & i != 5 & i != 6 & i != 7 & select_ln8 == 21)> <Delay = 0.00>
ST_20 : Operation 991 [1/1] (0.00ns)   --->   "%br_ln11 = br void %arrayidx123.exit382" [top_wrapper.cpp:11]   --->   Operation 991 'br' 'br_ln11' <Predicate = (i != 0 & i != 1 & i != 2 & i != 3 & i != 4 & i != 5 & i != 6 & i != 7 & select_ln8 == 20)> <Delay = 0.00>
ST_20 : Operation 992 [1/1] (0.00ns)   --->   "%br_ln11 = br void %arrayidx123.exit382" [top_wrapper.cpp:11]   --->   Operation 992 'br' 'br_ln11' <Predicate = (i != 0 & i != 1 & i != 2 & i != 3 & i != 4 & i != 5 & i != 6 & i != 7 & select_ln8 == 19)> <Delay = 0.00>
ST_20 : Operation 993 [1/1] (0.00ns)   --->   "%br_ln11 = br void %arrayidx123.exit382" [top_wrapper.cpp:11]   --->   Operation 993 'br' 'br_ln11' <Predicate = (i != 0 & i != 1 & i != 2 & i != 3 & i != 4 & i != 5 & i != 6 & i != 7 & select_ln8 == 18)> <Delay = 0.00>
ST_20 : Operation 994 [1/1] (0.00ns)   --->   "%br_ln11 = br void %arrayidx123.exit382" [top_wrapper.cpp:11]   --->   Operation 994 'br' 'br_ln11' <Predicate = (i != 0 & i != 1 & i != 2 & i != 3 & i != 4 & i != 5 & i != 6 & i != 7 & select_ln8 == 17)> <Delay = 0.00>
ST_20 : Operation 995 [1/1] (0.00ns)   --->   "%br_ln11 = br void %arrayidx123.exit382" [top_wrapper.cpp:11]   --->   Operation 995 'br' 'br_ln11' <Predicate = (i != 0 & i != 1 & i != 2 & i != 3 & i != 4 & i != 5 & i != 6 & i != 7 & select_ln8 == 16)> <Delay = 0.00>
ST_20 : Operation 996 [1/1] (0.00ns)   --->   "%br_ln11 = br void %arrayidx123.exit382" [top_wrapper.cpp:11]   --->   Operation 996 'br' 'br_ln11' <Predicate = (i != 0 & i != 1 & i != 2 & i != 3 & i != 4 & i != 5 & i != 6 & i != 7 & select_ln8 == 15)> <Delay = 0.00>
ST_20 : Operation 997 [1/1] (0.00ns)   --->   "%br_ln11 = br void %arrayidx123.exit382" [top_wrapper.cpp:11]   --->   Operation 997 'br' 'br_ln11' <Predicate = (i != 0 & i != 1 & i != 2 & i != 3 & i != 4 & i != 5 & i != 6 & i != 7 & select_ln8 == 14)> <Delay = 0.00>
ST_20 : Operation 998 [1/1] (0.00ns)   --->   "%br_ln11 = br void %arrayidx123.exit382" [top_wrapper.cpp:11]   --->   Operation 998 'br' 'br_ln11' <Predicate = (i != 0 & i != 1 & i != 2 & i != 3 & i != 4 & i != 5 & i != 6 & i != 7 & select_ln8 == 13)> <Delay = 0.00>
ST_20 : Operation 999 [1/1] (0.00ns)   --->   "%br_ln11 = br void %arrayidx123.exit382" [top_wrapper.cpp:11]   --->   Operation 999 'br' 'br_ln11' <Predicate = (i != 0 & i != 1 & i != 2 & i != 3 & i != 4 & i != 5 & i != 6 & i != 7 & select_ln8 == 12)> <Delay = 0.00>
ST_20 : Operation 1000 [1/1] (0.00ns)   --->   "%br_ln11 = br void %arrayidx123.exit382" [top_wrapper.cpp:11]   --->   Operation 1000 'br' 'br_ln11' <Predicate = (i != 0 & i != 1 & i != 2 & i != 3 & i != 4 & i != 5 & i != 6 & i != 7 & select_ln8 == 11)> <Delay = 0.00>
ST_20 : Operation 1001 [1/1] (0.00ns)   --->   "%br_ln11 = br void %arrayidx123.exit382" [top_wrapper.cpp:11]   --->   Operation 1001 'br' 'br_ln11' <Predicate = (i != 0 & i != 1 & i != 2 & i != 3 & i != 4 & i != 5 & i != 6 & i != 7 & select_ln8 == 10)> <Delay = 0.00>
ST_20 : Operation 1002 [1/1] (0.00ns)   --->   "%br_ln11 = br void %arrayidx123.exit382" [top_wrapper.cpp:11]   --->   Operation 1002 'br' 'br_ln11' <Predicate = (i != 0 & i != 1 & i != 2 & i != 3 & i != 4 & i != 5 & i != 6 & i != 7 & select_ln8 == 9)> <Delay = 0.00>
ST_20 : Operation 1003 [1/1] (0.00ns)   --->   "%br_ln11 = br void %arrayidx123.exit382" [top_wrapper.cpp:11]   --->   Operation 1003 'br' 'br_ln11' <Predicate = (i != 0 & i != 1 & i != 2 & i != 3 & i != 4 & i != 5 & i != 6 & i != 7 & select_ln8 == 8)> <Delay = 0.00>
ST_20 : Operation 1004 [1/1] (0.00ns)   --->   "%br_ln11 = br void %arrayidx123.exit382" [top_wrapper.cpp:11]   --->   Operation 1004 'br' 'br_ln11' <Predicate = (i != 0 & i != 1 & i != 2 & i != 3 & i != 4 & i != 5 & i != 6 & i != 7 & select_ln8 == 7)> <Delay = 0.00>
ST_20 : Operation 1005 [1/1] (0.00ns)   --->   "%br_ln11 = br void %arrayidx123.exit382" [top_wrapper.cpp:11]   --->   Operation 1005 'br' 'br_ln11' <Predicate = (i != 0 & i != 1 & i != 2 & i != 3 & i != 4 & i != 5 & i != 6 & i != 7 & select_ln8 == 6)> <Delay = 0.00>
ST_20 : Operation 1006 [1/1] (0.00ns)   --->   "%br_ln11 = br void %arrayidx123.exit382" [top_wrapper.cpp:11]   --->   Operation 1006 'br' 'br_ln11' <Predicate = (i != 0 & i != 1 & i != 2 & i != 3 & i != 4 & i != 5 & i != 6 & i != 7 & select_ln8 == 5)> <Delay = 0.00>
ST_20 : Operation 1007 [1/1] (0.00ns)   --->   "%br_ln11 = br void %arrayidx123.exit382" [top_wrapper.cpp:11]   --->   Operation 1007 'br' 'br_ln11' <Predicate = (i != 0 & i != 1 & i != 2 & i != 3 & i != 4 & i != 5 & i != 6 & i != 7 & select_ln8 == 4)> <Delay = 0.00>
ST_20 : Operation 1008 [1/1] (0.00ns)   --->   "%br_ln11 = br void %arrayidx123.exit382" [top_wrapper.cpp:11]   --->   Operation 1008 'br' 'br_ln11' <Predicate = (i != 0 & i != 1 & i != 2 & i != 3 & i != 4 & i != 5 & i != 6 & i != 7 & select_ln8 == 3)> <Delay = 0.00>
ST_20 : Operation 1009 [1/1] (0.00ns)   --->   "%br_ln11 = br void %arrayidx123.exit382" [top_wrapper.cpp:11]   --->   Operation 1009 'br' 'br_ln11' <Predicate = (i != 0 & i != 1 & i != 2 & i != 3 & i != 4 & i != 5 & i != 6 & i != 7 & select_ln8 == 2)> <Delay = 0.00>
ST_20 : Operation 1010 [1/1] (0.00ns)   --->   "%br_ln11 = br void %arrayidx123.exit382" [top_wrapper.cpp:11]   --->   Operation 1010 'br' 'br_ln11' <Predicate = (i != 0 & i != 1 & i != 2 & i != 3 & i != 4 & i != 5 & i != 6 & i != 7 & select_ln8 == 1)> <Delay = 0.00>
ST_20 : Operation 1011 [1/1] (0.00ns)   --->   "%br_ln11 = br void %arrayidx123.exit382" [top_wrapper.cpp:11]   --->   Operation 1011 'br' 'br_ln11' <Predicate = (i != 0 & i != 1 & i != 2 & i != 3 & i != 4 & i != 5 & i != 6 & i != 7 & select_ln8 == 0)> <Delay = 0.00>
ST_20 : Operation 1012 [1/1] (0.00ns)   --->   "%br_ln11 = br void %arrayidx123.exit382" [top_wrapper.cpp:11]   --->   Operation 1012 'br' 'br_ln11' <Predicate = (i != 0 & i != 1 & i != 2 & i != 3 & i != 4 & i != 5 & i != 6 & i != 7 & select_ln8 == 63) | (i != 0 & i != 1 & i != 2 & i != 3 & i != 4 & i != 5 & i != 6 & i != 7 & select_ln8 == 62) | (i != 0 & i != 1 & i != 2 & i != 3 & i != 4 & i != 5 & i != 6 & i != 7 & select_ln8 == 61) | (i != 0 & i != 1 & i != 2 & i != 3 & i != 4 & i != 5 & i != 6 & i != 7 & select_ln8 == 60) | (i != 0 & i != 1 & i != 2 & i != 3 & i != 4 & i != 5 & i != 6 & i != 7 & select_ln8 == 59) | (i != 0 & i != 1 & i != 2 & i != 3 & i != 4 & i != 5 & i != 6 & i != 7 & select_ln8 == 58) | (i != 0 & i != 1 & i != 2 & i != 3 & i != 4 & i != 5 & i != 6 & i != 7 & select_ln8 == 57) | (i != 0 & i != 1 & i != 2 & i != 3 & i != 4 & i != 5 & i != 6 & i != 7 & select_ln8 == 56) | (i != 0 & i != 1 & i != 2 & i != 3 & i != 4 & i != 5 & i != 6 & i != 7 & select_ln8 == 55) | (i != 0 & i != 1 & i != 2 & i != 3 & i != 4 & i != 5 & i != 6 & i != 7 & select_ln8 == 54) | (i != 0 & i != 1 & i != 2 & i != 3 & i != 4 & i != 5 & i != 6 & i != 7 & select_ln8 == 53) | (i != 0 & i != 1 & i != 2 & i != 3 & i != 4 & i != 5 & i != 6 & i != 7 & select_ln8 == 52) | (i != 0 & i != 1 & i != 2 & i != 3 & i != 4 & i != 5 & i != 6 & i != 7 & select_ln8 == 51) | (i != 0 & i != 1 & i != 2 & i != 3 & i != 4 & i != 5 & i != 6 & i != 7 & select_ln8 == 50) | (i != 0 & i != 1 & i != 2 & i != 3 & i != 4 & i != 5 & i != 6 & i != 7 & select_ln8 == 49)> <Delay = 0.00>

State 21 <SV = 20> <Delay = 1.23>
ST_21 : Operation 1013 [1/1] (0.00ns)   --->   "%specloopname_ln0 = specloopname void @_ssdm_op_SpecLoopName, void @load_input_loop_VITIS_LOOP_9_1_str"   --->   Operation 1013 'specloopname' 'specloopname_ln0' <Predicate = true> <Delay = 0.00>
ST_21 : Operation 1014 [1/1] (0.00ns)   --->   "%speclooptripcount_ln0 = speclooptripcount void @_ssdm_op_SpecLoopTripCount, i64 450, i64 450, i64 450"   --->   Operation 1014 'speclooptripcount' 'speclooptripcount_ln0' <Predicate = true> <Delay = 0.00>
ST_21 : Operation 1015 [1/1] (0.00ns)   --->   "%specpipeline_ln10 = specpipeline void @_ssdm_op_SpecPipeline, i32 4294967295, i32 0, i32 0, i32 0, void @empty_20" [top_wrapper.cpp:10]   --->   Operation 1015 'specpipeline' 'specpipeline_ln10' <Predicate = true> <Delay = 0.00>
ST_21 : Operation 1016 [1/2] ( I:1.23ns O:1.23ns )   --->   "%memory_in_load = load i12 %memory_in_addr" [top_wrapper.cpp:11]   --->   Operation 1016 'load' 'memory_in_load' <Predicate = true> <Delay = 1.23> <CoreInst = "RAM_1P">   --->   Core 87 'RAM_1P' <Latency = 1> <II = 1> <Delay = 1.23> <Storage> <Opcode : 'load' 'store'> <Ports = 1> <Width = 45> <Depth = 2250> <RAM>
ST_21 : Operation 1017 [1/1] (0.00ns)   --->   "%store_ln11 = store i45 %memory_in_load, i45 %memory_in_local_398" [top_wrapper.cpp:11]   --->   Operation 1017 'store' 'store_ln11' <Predicate = (i == 7 & select_ln8 == 48)> <Delay = 0.00>
ST_21 : Operation 1018 [1/1] (0.00ns)   --->   "%store_ln11 = store i45 %memory_in_load, i45 %memory_in_local_397" [top_wrapper.cpp:11]   --->   Operation 1018 'store' 'store_ln11' <Predicate = (i == 7 & select_ln8 == 47)> <Delay = 0.00>
ST_21 : Operation 1019 [1/1] (0.00ns)   --->   "%store_ln11 = store i45 %memory_in_load, i45 %memory_in_local_396" [top_wrapper.cpp:11]   --->   Operation 1019 'store' 'store_ln11' <Predicate = (i == 7 & select_ln8 == 46)> <Delay = 0.00>
ST_21 : Operation 1020 [1/1] (0.00ns)   --->   "%store_ln11 = store i45 %memory_in_load, i45 %memory_in_local_395" [top_wrapper.cpp:11]   --->   Operation 1020 'store' 'store_ln11' <Predicate = (i == 7 & select_ln8 == 45)> <Delay = 0.00>
ST_21 : Operation 1021 [1/1] (0.00ns)   --->   "%store_ln11 = store i45 %memory_in_load, i45 %memory_in_local_394" [top_wrapper.cpp:11]   --->   Operation 1021 'store' 'store_ln11' <Predicate = (i == 7 & select_ln8 == 44)> <Delay = 0.00>
ST_21 : Operation 1022 [1/1] (0.00ns)   --->   "%store_ln11 = store i45 %memory_in_load, i45 %memory_in_local_393" [top_wrapper.cpp:11]   --->   Operation 1022 'store' 'store_ln11' <Predicate = (i == 7 & select_ln8 == 43)> <Delay = 0.00>
ST_21 : Operation 1023 [1/1] (0.00ns)   --->   "%store_ln11 = store i45 %memory_in_load, i45 %memory_in_local_392" [top_wrapper.cpp:11]   --->   Operation 1023 'store' 'store_ln11' <Predicate = (i == 7 & select_ln8 == 42)> <Delay = 0.00>
ST_21 : Operation 1024 [1/1] (0.00ns)   --->   "%store_ln11 = store i45 %memory_in_load, i45 %memory_in_local_391" [top_wrapper.cpp:11]   --->   Operation 1024 'store' 'store_ln11' <Predicate = (i == 7 & select_ln8 == 41)> <Delay = 0.00>
ST_21 : Operation 1025 [1/1] (0.00ns)   --->   "%store_ln11 = store i45 %memory_in_load, i45 %memory_in_local_390" [top_wrapper.cpp:11]   --->   Operation 1025 'store' 'store_ln11' <Predicate = (i == 7 & select_ln8 == 40)> <Delay = 0.00>
ST_21 : Operation 1026 [1/1] (0.00ns)   --->   "%store_ln11 = store i45 %memory_in_load, i45 %memory_in_local_389" [top_wrapper.cpp:11]   --->   Operation 1026 'store' 'store_ln11' <Predicate = (i == 7 & select_ln8 == 39)> <Delay = 0.00>
ST_21 : Operation 1027 [1/1] (0.00ns)   --->   "%store_ln11 = store i45 %memory_in_load, i45 %memory_in_local_388" [top_wrapper.cpp:11]   --->   Operation 1027 'store' 'store_ln11' <Predicate = (i == 7 & select_ln8 == 38)> <Delay = 0.00>
ST_21 : Operation 1028 [1/1] (0.00ns)   --->   "%store_ln11 = store i45 %memory_in_load, i45 %memory_in_local_387" [top_wrapper.cpp:11]   --->   Operation 1028 'store' 'store_ln11' <Predicate = (i == 7 & select_ln8 == 37)> <Delay = 0.00>
ST_21 : Operation 1029 [1/1] (0.00ns)   --->   "%store_ln11 = store i45 %memory_in_load, i45 %memory_in_local_386" [top_wrapper.cpp:11]   --->   Operation 1029 'store' 'store_ln11' <Predicate = (i == 7 & select_ln8 == 36)> <Delay = 0.00>
ST_21 : Operation 1030 [1/1] (0.00ns)   --->   "%store_ln11 = store i45 %memory_in_load, i45 %memory_in_local_385" [top_wrapper.cpp:11]   --->   Operation 1030 'store' 'store_ln11' <Predicate = (i == 7 & select_ln8 == 35)> <Delay = 0.00>
ST_21 : Operation 1031 [1/1] (0.00ns)   --->   "%store_ln11 = store i45 %memory_in_load, i45 %memory_in_local_384" [top_wrapper.cpp:11]   --->   Operation 1031 'store' 'store_ln11' <Predicate = (i == 7 & select_ln8 == 34)> <Delay = 0.00>
ST_21 : Operation 1032 [1/1] (0.00ns)   --->   "%store_ln11 = store i45 %memory_in_load, i45 %memory_in_local_383" [top_wrapper.cpp:11]   --->   Operation 1032 'store' 'store_ln11' <Predicate = (i == 7 & select_ln8 == 33)> <Delay = 0.00>
ST_21 : Operation 1033 [1/1] (0.00ns)   --->   "%store_ln11 = store i45 %memory_in_load, i45 %memory_in_local_382" [top_wrapper.cpp:11]   --->   Operation 1033 'store' 'store_ln11' <Predicate = (i == 7 & select_ln8 == 32)> <Delay = 0.00>
ST_21 : Operation 1034 [1/1] (0.00ns)   --->   "%store_ln11 = store i45 %memory_in_load, i45 %memory_in_local_381" [top_wrapper.cpp:11]   --->   Operation 1034 'store' 'store_ln11' <Predicate = (i == 7 & select_ln8 == 31)> <Delay = 0.00>
ST_21 : Operation 1035 [1/1] (0.00ns)   --->   "%store_ln11 = store i45 %memory_in_load, i45 %memory_in_local_380" [top_wrapper.cpp:11]   --->   Operation 1035 'store' 'store_ln11' <Predicate = (i == 7 & select_ln8 == 30)> <Delay = 0.00>
ST_21 : Operation 1036 [1/1] (0.00ns)   --->   "%store_ln11 = store i45 %memory_in_load, i45 %memory_in_local_379" [top_wrapper.cpp:11]   --->   Operation 1036 'store' 'store_ln11' <Predicate = (i == 7 & select_ln8 == 29)> <Delay = 0.00>
ST_21 : Operation 1037 [1/1] (0.00ns)   --->   "%store_ln11 = store i45 %memory_in_load, i45 %memory_in_local_378" [top_wrapper.cpp:11]   --->   Operation 1037 'store' 'store_ln11' <Predicate = (i == 7 & select_ln8 == 28)> <Delay = 0.00>
ST_21 : Operation 1038 [1/1] (0.00ns)   --->   "%store_ln11 = store i45 %memory_in_load, i45 %memory_in_local_377" [top_wrapper.cpp:11]   --->   Operation 1038 'store' 'store_ln11' <Predicate = (i == 7 & select_ln8 == 27)> <Delay = 0.00>
ST_21 : Operation 1039 [1/1] (0.00ns)   --->   "%store_ln11 = store i45 %memory_in_load, i45 %memory_in_local_376" [top_wrapper.cpp:11]   --->   Operation 1039 'store' 'store_ln11' <Predicate = (i == 7 & select_ln8 == 26)> <Delay = 0.00>
ST_21 : Operation 1040 [1/1] (0.00ns)   --->   "%store_ln11 = store i45 %memory_in_load, i45 %memory_in_local_375" [top_wrapper.cpp:11]   --->   Operation 1040 'store' 'store_ln11' <Predicate = (i == 7 & select_ln8 == 25)> <Delay = 0.00>
ST_21 : Operation 1041 [1/1] (0.00ns)   --->   "%store_ln11 = store i45 %memory_in_load, i45 %memory_in_local_374" [top_wrapper.cpp:11]   --->   Operation 1041 'store' 'store_ln11' <Predicate = (i == 7 & select_ln8 == 24)> <Delay = 0.00>
ST_21 : Operation 1042 [1/1] (0.00ns)   --->   "%store_ln11 = store i45 %memory_in_load, i45 %memory_in_local_373" [top_wrapper.cpp:11]   --->   Operation 1042 'store' 'store_ln11' <Predicate = (i == 7 & select_ln8 == 23)> <Delay = 0.00>
ST_21 : Operation 1043 [1/1] (0.00ns)   --->   "%store_ln11 = store i45 %memory_in_load, i45 %memory_in_local_372" [top_wrapper.cpp:11]   --->   Operation 1043 'store' 'store_ln11' <Predicate = (i == 7 & select_ln8 == 22)> <Delay = 0.00>
ST_21 : Operation 1044 [1/1] (0.00ns)   --->   "%store_ln11 = store i45 %memory_in_load, i45 %memory_in_local_371" [top_wrapper.cpp:11]   --->   Operation 1044 'store' 'store_ln11' <Predicate = (i == 7 & select_ln8 == 21)> <Delay = 0.00>
ST_21 : Operation 1045 [1/1] (0.00ns)   --->   "%store_ln11 = store i45 %memory_in_load, i45 %memory_in_local_370" [top_wrapper.cpp:11]   --->   Operation 1045 'store' 'store_ln11' <Predicate = (i == 7 & select_ln8 == 20)> <Delay = 0.00>
ST_21 : Operation 1046 [1/1] (0.00ns)   --->   "%store_ln11 = store i45 %memory_in_load, i45 %memory_in_local_369" [top_wrapper.cpp:11]   --->   Operation 1046 'store' 'store_ln11' <Predicate = (i == 7 & select_ln8 == 19)> <Delay = 0.00>
ST_21 : Operation 1047 [1/1] (0.00ns)   --->   "%store_ln11 = store i45 %memory_in_load, i45 %memory_in_local_368" [top_wrapper.cpp:11]   --->   Operation 1047 'store' 'store_ln11' <Predicate = (i == 7 & select_ln8 == 18)> <Delay = 0.00>
ST_21 : Operation 1048 [1/1] (0.00ns)   --->   "%store_ln11 = store i45 %memory_in_load, i45 %memory_in_local_367" [top_wrapper.cpp:11]   --->   Operation 1048 'store' 'store_ln11' <Predicate = (i == 7 & select_ln8 == 17)> <Delay = 0.00>
ST_21 : Operation 1049 [1/1] (0.00ns)   --->   "%store_ln11 = store i45 %memory_in_load, i45 %memory_in_local_366" [top_wrapper.cpp:11]   --->   Operation 1049 'store' 'store_ln11' <Predicate = (i == 7 & select_ln8 == 16)> <Delay = 0.00>
ST_21 : Operation 1050 [1/1] (0.00ns)   --->   "%store_ln11 = store i45 %memory_in_load, i45 %memory_in_local_365" [top_wrapper.cpp:11]   --->   Operation 1050 'store' 'store_ln11' <Predicate = (i == 7 & select_ln8 == 15)> <Delay = 0.00>
ST_21 : Operation 1051 [1/1] (0.00ns)   --->   "%store_ln11 = store i45 %memory_in_load, i45 %memory_in_local_364" [top_wrapper.cpp:11]   --->   Operation 1051 'store' 'store_ln11' <Predicate = (i == 7 & select_ln8 == 14)> <Delay = 0.00>
ST_21 : Operation 1052 [1/1] (0.00ns)   --->   "%store_ln11 = store i45 %memory_in_load, i45 %memory_in_local_363" [top_wrapper.cpp:11]   --->   Operation 1052 'store' 'store_ln11' <Predicate = (i == 7 & select_ln8 == 13)> <Delay = 0.00>
ST_21 : Operation 1053 [1/1] (0.00ns)   --->   "%store_ln11 = store i45 %memory_in_load, i45 %memory_in_local_362" [top_wrapper.cpp:11]   --->   Operation 1053 'store' 'store_ln11' <Predicate = (i == 7 & select_ln8 == 12)> <Delay = 0.00>
ST_21 : Operation 1054 [1/1] (0.00ns)   --->   "%store_ln11 = store i45 %memory_in_load, i45 %memory_in_local_361" [top_wrapper.cpp:11]   --->   Operation 1054 'store' 'store_ln11' <Predicate = (i == 7 & select_ln8 == 11)> <Delay = 0.00>
ST_21 : Operation 1055 [1/1] (0.00ns)   --->   "%store_ln11 = store i45 %memory_in_load, i45 %memory_in_local_360" [top_wrapper.cpp:11]   --->   Operation 1055 'store' 'store_ln11' <Predicate = (i == 7 & select_ln8 == 10)> <Delay = 0.00>
ST_21 : Operation 1056 [1/1] (0.00ns)   --->   "%store_ln11 = store i45 %memory_in_load, i45 %memory_in_local_359" [top_wrapper.cpp:11]   --->   Operation 1056 'store' 'store_ln11' <Predicate = (i == 7 & select_ln8 == 9)> <Delay = 0.00>
ST_21 : Operation 1057 [1/1] (0.00ns)   --->   "%store_ln11 = store i45 %memory_in_load, i45 %memory_in_local_358" [top_wrapper.cpp:11]   --->   Operation 1057 'store' 'store_ln11' <Predicate = (i == 7 & select_ln8 == 8)> <Delay = 0.00>
ST_21 : Operation 1058 [1/1] (0.00ns)   --->   "%store_ln11 = store i45 %memory_in_load, i45 %memory_in_local_357" [top_wrapper.cpp:11]   --->   Operation 1058 'store' 'store_ln11' <Predicate = (i == 7 & select_ln8 == 7)> <Delay = 0.00>
ST_21 : Operation 1059 [1/1] (0.00ns)   --->   "%store_ln11 = store i45 %memory_in_load, i45 %memory_in_local_356" [top_wrapper.cpp:11]   --->   Operation 1059 'store' 'store_ln11' <Predicate = (i == 7 & select_ln8 == 6)> <Delay = 0.00>
ST_21 : Operation 1060 [1/1] (0.00ns)   --->   "%store_ln11 = store i45 %memory_in_load, i45 %memory_in_local_355" [top_wrapper.cpp:11]   --->   Operation 1060 'store' 'store_ln11' <Predicate = (i == 7 & select_ln8 == 5)> <Delay = 0.00>
ST_21 : Operation 1061 [1/1] (0.00ns)   --->   "%store_ln11 = store i45 %memory_in_load, i45 %memory_in_local_354" [top_wrapper.cpp:11]   --->   Operation 1061 'store' 'store_ln11' <Predicate = (i == 7 & select_ln8 == 4)> <Delay = 0.00>
ST_21 : Operation 1062 [1/1] (0.00ns)   --->   "%store_ln11 = store i45 %memory_in_load, i45 %memory_in_local_353" [top_wrapper.cpp:11]   --->   Operation 1062 'store' 'store_ln11' <Predicate = (i == 7 & select_ln8 == 3)> <Delay = 0.00>
ST_21 : Operation 1063 [1/1] (0.00ns)   --->   "%store_ln11 = store i45 %memory_in_load, i45 %memory_in_local_352" [top_wrapper.cpp:11]   --->   Operation 1063 'store' 'store_ln11' <Predicate = (i == 7 & select_ln8 == 2)> <Delay = 0.00>
ST_21 : Operation 1064 [1/1] (0.00ns)   --->   "%store_ln11 = store i45 %memory_in_load, i45 %memory_in_local_351" [top_wrapper.cpp:11]   --->   Operation 1064 'store' 'store_ln11' <Predicate = (i == 7 & select_ln8 == 1)> <Delay = 0.00>
ST_21 : Operation 1065 [1/1] (0.00ns)   --->   "%store_ln11 = store i45 %memory_in_load, i45 %memory_in_local_350" [top_wrapper.cpp:11]   --->   Operation 1065 'store' 'store_ln11' <Predicate = (i == 7 & select_ln8 == 0)> <Delay = 0.00>
ST_21 : Operation 1066 [1/1] (0.00ns)   --->   "%store_ln11 = store i45 %memory_in_load, i45 %memory_in_local_399" [top_wrapper.cpp:11]   --->   Operation 1066 'store' 'store_ln11' <Predicate = (i == 7 & select_ln8 == 63) | (i == 7 & select_ln8 == 62) | (i == 7 & select_ln8 == 61) | (i == 7 & select_ln8 == 60) | (i == 7 & select_ln8 == 59) | (i == 7 & select_ln8 == 58) | (i == 7 & select_ln8 == 57) | (i == 7 & select_ln8 == 56) | (i == 7 & select_ln8 == 55) | (i == 7 & select_ln8 == 54) | (i == 7 & select_ln8 == 53) | (i == 7 & select_ln8 == 52) | (i == 7 & select_ln8 == 51) | (i == 7 & select_ln8 == 50) | (i == 7 & select_ln8 == 49)> <Delay = 0.00>
ST_21 : Operation 1067 [1/1] (0.00ns)   --->   "%br_ln11 = br void %arrayidx123.exit" [top_wrapper.cpp:11]   --->   Operation 1067 'br' 'br_ln11' <Predicate = (i == 7)> <Delay = 0.00>
ST_21 : Operation 1068 [1/1] (0.00ns)   --->   "%store_ln11 = store i45 %memory_in_load, i45 %memory_in_local_348" [top_wrapper.cpp:11]   --->   Operation 1068 'store' 'store_ln11' <Predicate = (i == 6 & select_ln8 == 48)> <Delay = 0.00>
ST_21 : Operation 1069 [1/1] (0.00ns)   --->   "%store_ln11 = store i45 %memory_in_load, i45 %memory_in_local_347" [top_wrapper.cpp:11]   --->   Operation 1069 'store' 'store_ln11' <Predicate = (i == 6 & select_ln8 == 47)> <Delay = 0.00>
ST_21 : Operation 1070 [1/1] (0.00ns)   --->   "%store_ln11 = store i45 %memory_in_load, i45 %memory_in_local_346" [top_wrapper.cpp:11]   --->   Operation 1070 'store' 'store_ln11' <Predicate = (i == 6 & select_ln8 == 46)> <Delay = 0.00>
ST_21 : Operation 1071 [1/1] (0.00ns)   --->   "%store_ln11 = store i45 %memory_in_load, i45 %memory_in_local_345" [top_wrapper.cpp:11]   --->   Operation 1071 'store' 'store_ln11' <Predicate = (i == 6 & select_ln8 == 45)> <Delay = 0.00>
ST_21 : Operation 1072 [1/1] (0.00ns)   --->   "%store_ln11 = store i45 %memory_in_load, i45 %memory_in_local_344" [top_wrapper.cpp:11]   --->   Operation 1072 'store' 'store_ln11' <Predicate = (i == 6 & select_ln8 == 44)> <Delay = 0.00>
ST_21 : Operation 1073 [1/1] (0.00ns)   --->   "%store_ln11 = store i45 %memory_in_load, i45 %memory_in_local_343" [top_wrapper.cpp:11]   --->   Operation 1073 'store' 'store_ln11' <Predicate = (i == 6 & select_ln8 == 43)> <Delay = 0.00>
ST_21 : Operation 1074 [1/1] (0.00ns)   --->   "%store_ln11 = store i45 %memory_in_load, i45 %memory_in_local_342" [top_wrapper.cpp:11]   --->   Operation 1074 'store' 'store_ln11' <Predicate = (i == 6 & select_ln8 == 42)> <Delay = 0.00>
ST_21 : Operation 1075 [1/1] (0.00ns)   --->   "%store_ln11 = store i45 %memory_in_load, i45 %memory_in_local_341" [top_wrapper.cpp:11]   --->   Operation 1075 'store' 'store_ln11' <Predicate = (i == 6 & select_ln8 == 41)> <Delay = 0.00>
ST_21 : Operation 1076 [1/1] (0.00ns)   --->   "%store_ln11 = store i45 %memory_in_load, i45 %memory_in_local_340" [top_wrapper.cpp:11]   --->   Operation 1076 'store' 'store_ln11' <Predicate = (i == 6 & select_ln8 == 40)> <Delay = 0.00>
ST_21 : Operation 1077 [1/1] (0.00ns)   --->   "%store_ln11 = store i45 %memory_in_load, i45 %memory_in_local_339" [top_wrapper.cpp:11]   --->   Operation 1077 'store' 'store_ln11' <Predicate = (i == 6 & select_ln8 == 39)> <Delay = 0.00>
ST_21 : Operation 1078 [1/1] (0.00ns)   --->   "%store_ln11 = store i45 %memory_in_load, i45 %memory_in_local_338" [top_wrapper.cpp:11]   --->   Operation 1078 'store' 'store_ln11' <Predicate = (i == 6 & select_ln8 == 38)> <Delay = 0.00>
ST_21 : Operation 1079 [1/1] (0.00ns)   --->   "%store_ln11 = store i45 %memory_in_load, i45 %memory_in_local_337" [top_wrapper.cpp:11]   --->   Operation 1079 'store' 'store_ln11' <Predicate = (i == 6 & select_ln8 == 37)> <Delay = 0.00>
ST_21 : Operation 1080 [1/1] (0.00ns)   --->   "%store_ln11 = store i45 %memory_in_load, i45 %memory_in_local_336" [top_wrapper.cpp:11]   --->   Operation 1080 'store' 'store_ln11' <Predicate = (i == 6 & select_ln8 == 36)> <Delay = 0.00>
ST_21 : Operation 1081 [1/1] (0.00ns)   --->   "%store_ln11 = store i45 %memory_in_load, i45 %memory_in_local_335" [top_wrapper.cpp:11]   --->   Operation 1081 'store' 'store_ln11' <Predicate = (i == 6 & select_ln8 == 35)> <Delay = 0.00>
ST_21 : Operation 1082 [1/1] (0.00ns)   --->   "%store_ln11 = store i45 %memory_in_load, i45 %memory_in_local_334" [top_wrapper.cpp:11]   --->   Operation 1082 'store' 'store_ln11' <Predicate = (i == 6 & select_ln8 == 34)> <Delay = 0.00>
ST_21 : Operation 1083 [1/1] (0.00ns)   --->   "%store_ln11 = store i45 %memory_in_load, i45 %memory_in_local_333" [top_wrapper.cpp:11]   --->   Operation 1083 'store' 'store_ln11' <Predicate = (i == 6 & select_ln8 == 33)> <Delay = 0.00>
ST_21 : Operation 1084 [1/1] (0.00ns)   --->   "%store_ln11 = store i45 %memory_in_load, i45 %memory_in_local_332" [top_wrapper.cpp:11]   --->   Operation 1084 'store' 'store_ln11' <Predicate = (i == 6 & select_ln8 == 32)> <Delay = 0.00>
ST_21 : Operation 1085 [1/1] (0.00ns)   --->   "%store_ln11 = store i45 %memory_in_load, i45 %memory_in_local_331" [top_wrapper.cpp:11]   --->   Operation 1085 'store' 'store_ln11' <Predicate = (i == 6 & select_ln8 == 31)> <Delay = 0.00>
ST_21 : Operation 1086 [1/1] (0.00ns)   --->   "%store_ln11 = store i45 %memory_in_load, i45 %memory_in_local_330" [top_wrapper.cpp:11]   --->   Operation 1086 'store' 'store_ln11' <Predicate = (i == 6 & select_ln8 == 30)> <Delay = 0.00>
ST_21 : Operation 1087 [1/1] (0.00ns)   --->   "%store_ln11 = store i45 %memory_in_load, i45 %memory_in_local_329" [top_wrapper.cpp:11]   --->   Operation 1087 'store' 'store_ln11' <Predicate = (i == 6 & select_ln8 == 29)> <Delay = 0.00>
ST_21 : Operation 1088 [1/1] (0.00ns)   --->   "%store_ln11 = store i45 %memory_in_load, i45 %memory_in_local_328" [top_wrapper.cpp:11]   --->   Operation 1088 'store' 'store_ln11' <Predicate = (i == 6 & select_ln8 == 28)> <Delay = 0.00>
ST_21 : Operation 1089 [1/1] (0.00ns)   --->   "%store_ln11 = store i45 %memory_in_load, i45 %memory_in_local_327" [top_wrapper.cpp:11]   --->   Operation 1089 'store' 'store_ln11' <Predicate = (i == 6 & select_ln8 == 27)> <Delay = 0.00>
ST_21 : Operation 1090 [1/1] (0.00ns)   --->   "%store_ln11 = store i45 %memory_in_load, i45 %memory_in_local_326" [top_wrapper.cpp:11]   --->   Operation 1090 'store' 'store_ln11' <Predicate = (i == 6 & select_ln8 == 26)> <Delay = 0.00>
ST_21 : Operation 1091 [1/1] (0.00ns)   --->   "%store_ln11 = store i45 %memory_in_load, i45 %memory_in_local_325" [top_wrapper.cpp:11]   --->   Operation 1091 'store' 'store_ln11' <Predicate = (i == 6 & select_ln8 == 25)> <Delay = 0.00>
ST_21 : Operation 1092 [1/1] (0.00ns)   --->   "%store_ln11 = store i45 %memory_in_load, i45 %memory_in_local_324" [top_wrapper.cpp:11]   --->   Operation 1092 'store' 'store_ln11' <Predicate = (i == 6 & select_ln8 == 24)> <Delay = 0.00>
ST_21 : Operation 1093 [1/1] (0.00ns)   --->   "%store_ln11 = store i45 %memory_in_load, i45 %memory_in_local_323" [top_wrapper.cpp:11]   --->   Operation 1093 'store' 'store_ln11' <Predicate = (i == 6 & select_ln8 == 23)> <Delay = 0.00>
ST_21 : Operation 1094 [1/1] (0.00ns)   --->   "%store_ln11 = store i45 %memory_in_load, i45 %memory_in_local_322" [top_wrapper.cpp:11]   --->   Operation 1094 'store' 'store_ln11' <Predicate = (i == 6 & select_ln8 == 22)> <Delay = 0.00>
ST_21 : Operation 1095 [1/1] (0.00ns)   --->   "%store_ln11 = store i45 %memory_in_load, i45 %memory_in_local_321" [top_wrapper.cpp:11]   --->   Operation 1095 'store' 'store_ln11' <Predicate = (i == 6 & select_ln8 == 21)> <Delay = 0.00>
ST_21 : Operation 1096 [1/1] (0.00ns)   --->   "%store_ln11 = store i45 %memory_in_load, i45 %memory_in_local_320" [top_wrapper.cpp:11]   --->   Operation 1096 'store' 'store_ln11' <Predicate = (i == 6 & select_ln8 == 20)> <Delay = 0.00>
ST_21 : Operation 1097 [1/1] (0.00ns)   --->   "%store_ln11 = store i45 %memory_in_load, i45 %memory_in_local_319" [top_wrapper.cpp:11]   --->   Operation 1097 'store' 'store_ln11' <Predicate = (i == 6 & select_ln8 == 19)> <Delay = 0.00>
ST_21 : Operation 1098 [1/1] (0.00ns)   --->   "%store_ln11 = store i45 %memory_in_load, i45 %memory_in_local_318" [top_wrapper.cpp:11]   --->   Operation 1098 'store' 'store_ln11' <Predicate = (i == 6 & select_ln8 == 18)> <Delay = 0.00>
ST_21 : Operation 1099 [1/1] (0.00ns)   --->   "%store_ln11 = store i45 %memory_in_load, i45 %memory_in_local_317" [top_wrapper.cpp:11]   --->   Operation 1099 'store' 'store_ln11' <Predicate = (i == 6 & select_ln8 == 17)> <Delay = 0.00>
ST_21 : Operation 1100 [1/1] (0.00ns)   --->   "%store_ln11 = store i45 %memory_in_load, i45 %memory_in_local_316" [top_wrapper.cpp:11]   --->   Operation 1100 'store' 'store_ln11' <Predicate = (i == 6 & select_ln8 == 16)> <Delay = 0.00>
ST_21 : Operation 1101 [1/1] (0.00ns)   --->   "%store_ln11 = store i45 %memory_in_load, i45 %memory_in_local_315" [top_wrapper.cpp:11]   --->   Operation 1101 'store' 'store_ln11' <Predicate = (i == 6 & select_ln8 == 15)> <Delay = 0.00>
ST_21 : Operation 1102 [1/1] (0.00ns)   --->   "%store_ln11 = store i45 %memory_in_load, i45 %memory_in_local_314" [top_wrapper.cpp:11]   --->   Operation 1102 'store' 'store_ln11' <Predicate = (i == 6 & select_ln8 == 14)> <Delay = 0.00>
ST_21 : Operation 1103 [1/1] (0.00ns)   --->   "%store_ln11 = store i45 %memory_in_load, i45 %memory_in_local_313" [top_wrapper.cpp:11]   --->   Operation 1103 'store' 'store_ln11' <Predicate = (i == 6 & select_ln8 == 13)> <Delay = 0.00>
ST_21 : Operation 1104 [1/1] (0.00ns)   --->   "%store_ln11 = store i45 %memory_in_load, i45 %memory_in_local_312" [top_wrapper.cpp:11]   --->   Operation 1104 'store' 'store_ln11' <Predicate = (i == 6 & select_ln8 == 12)> <Delay = 0.00>
ST_21 : Operation 1105 [1/1] (0.00ns)   --->   "%store_ln11 = store i45 %memory_in_load, i45 %memory_in_local_311" [top_wrapper.cpp:11]   --->   Operation 1105 'store' 'store_ln11' <Predicate = (i == 6 & select_ln8 == 11)> <Delay = 0.00>
ST_21 : Operation 1106 [1/1] (0.00ns)   --->   "%store_ln11 = store i45 %memory_in_load, i45 %memory_in_local_310" [top_wrapper.cpp:11]   --->   Operation 1106 'store' 'store_ln11' <Predicate = (i == 6 & select_ln8 == 10)> <Delay = 0.00>
ST_21 : Operation 1107 [1/1] (0.00ns)   --->   "%store_ln11 = store i45 %memory_in_load, i45 %memory_in_local_309" [top_wrapper.cpp:11]   --->   Operation 1107 'store' 'store_ln11' <Predicate = (i == 6 & select_ln8 == 9)> <Delay = 0.00>
ST_21 : Operation 1108 [1/1] (0.00ns)   --->   "%store_ln11 = store i45 %memory_in_load, i45 %memory_in_local_308" [top_wrapper.cpp:11]   --->   Operation 1108 'store' 'store_ln11' <Predicate = (i == 6 & select_ln8 == 8)> <Delay = 0.00>
ST_21 : Operation 1109 [1/1] (0.00ns)   --->   "%store_ln11 = store i45 %memory_in_load, i45 %memory_in_local_307" [top_wrapper.cpp:11]   --->   Operation 1109 'store' 'store_ln11' <Predicate = (i == 6 & select_ln8 == 7)> <Delay = 0.00>
ST_21 : Operation 1110 [1/1] (0.00ns)   --->   "%store_ln11 = store i45 %memory_in_load, i45 %memory_in_local_306" [top_wrapper.cpp:11]   --->   Operation 1110 'store' 'store_ln11' <Predicate = (i == 6 & select_ln8 == 6)> <Delay = 0.00>
ST_21 : Operation 1111 [1/1] (0.00ns)   --->   "%store_ln11 = store i45 %memory_in_load, i45 %memory_in_local_305" [top_wrapper.cpp:11]   --->   Operation 1111 'store' 'store_ln11' <Predicate = (i == 6 & select_ln8 == 5)> <Delay = 0.00>
ST_21 : Operation 1112 [1/1] (0.00ns)   --->   "%store_ln11 = store i45 %memory_in_load, i45 %memory_in_local_304" [top_wrapper.cpp:11]   --->   Operation 1112 'store' 'store_ln11' <Predicate = (i == 6 & select_ln8 == 4)> <Delay = 0.00>
ST_21 : Operation 1113 [1/1] (0.00ns)   --->   "%store_ln11 = store i45 %memory_in_load, i45 %memory_in_local_303" [top_wrapper.cpp:11]   --->   Operation 1113 'store' 'store_ln11' <Predicate = (i == 6 & select_ln8 == 3)> <Delay = 0.00>
ST_21 : Operation 1114 [1/1] (0.00ns)   --->   "%store_ln11 = store i45 %memory_in_load, i45 %memory_in_local_302" [top_wrapper.cpp:11]   --->   Operation 1114 'store' 'store_ln11' <Predicate = (i == 6 & select_ln8 == 2)> <Delay = 0.00>
ST_21 : Operation 1115 [1/1] (0.00ns)   --->   "%store_ln11 = store i45 %memory_in_load, i45 %memory_in_local_301" [top_wrapper.cpp:11]   --->   Operation 1115 'store' 'store_ln11' <Predicate = (i == 6 & select_ln8 == 1)> <Delay = 0.00>
ST_21 : Operation 1116 [1/1] (0.00ns)   --->   "%store_ln11 = store i45 %memory_in_load, i45 %memory_in_local_300" [top_wrapper.cpp:11]   --->   Operation 1116 'store' 'store_ln11' <Predicate = (i == 6 & select_ln8 == 0)> <Delay = 0.00>
ST_21 : Operation 1117 [1/1] (0.00ns)   --->   "%store_ln11 = store i45 %memory_in_load, i45 %memory_in_local_349" [top_wrapper.cpp:11]   --->   Operation 1117 'store' 'store_ln11' <Predicate = (i == 6 & select_ln8 == 63) | (i == 6 & select_ln8 == 62) | (i == 6 & select_ln8 == 61) | (i == 6 & select_ln8 == 60) | (i == 6 & select_ln8 == 59) | (i == 6 & select_ln8 == 58) | (i == 6 & select_ln8 == 57) | (i == 6 & select_ln8 == 56) | (i == 6 & select_ln8 == 55) | (i == 6 & select_ln8 == 54) | (i == 6 & select_ln8 == 53) | (i == 6 & select_ln8 == 52) | (i == 6 & select_ln8 == 51) | (i == 6 & select_ln8 == 50) | (i == 6 & select_ln8 == 49)> <Delay = 0.00>
ST_21 : Operation 1118 [1/1] (0.00ns)   --->   "%br_ln11 = br void %arrayidx123.exit" [top_wrapper.cpp:11]   --->   Operation 1118 'br' 'br_ln11' <Predicate = (i == 6)> <Delay = 0.00>
ST_21 : Operation 1119 [1/1] (0.00ns)   --->   "%store_ln11 = store i45 %memory_in_load, i45 %memory_in_local_298" [top_wrapper.cpp:11]   --->   Operation 1119 'store' 'store_ln11' <Predicate = (i == 5 & select_ln8 == 48)> <Delay = 0.00>
ST_21 : Operation 1120 [1/1] (0.00ns)   --->   "%store_ln11 = store i45 %memory_in_load, i45 %memory_in_local_297" [top_wrapper.cpp:11]   --->   Operation 1120 'store' 'store_ln11' <Predicate = (i == 5 & select_ln8 == 47)> <Delay = 0.00>
ST_21 : Operation 1121 [1/1] (0.00ns)   --->   "%store_ln11 = store i45 %memory_in_load, i45 %memory_in_local_296" [top_wrapper.cpp:11]   --->   Operation 1121 'store' 'store_ln11' <Predicate = (i == 5 & select_ln8 == 46)> <Delay = 0.00>
ST_21 : Operation 1122 [1/1] (0.00ns)   --->   "%store_ln11 = store i45 %memory_in_load, i45 %memory_in_local_295" [top_wrapper.cpp:11]   --->   Operation 1122 'store' 'store_ln11' <Predicate = (i == 5 & select_ln8 == 45)> <Delay = 0.00>
ST_21 : Operation 1123 [1/1] (0.00ns)   --->   "%store_ln11 = store i45 %memory_in_load, i45 %memory_in_local_294" [top_wrapper.cpp:11]   --->   Operation 1123 'store' 'store_ln11' <Predicate = (i == 5 & select_ln8 == 44)> <Delay = 0.00>
ST_21 : Operation 1124 [1/1] (0.00ns)   --->   "%store_ln11 = store i45 %memory_in_load, i45 %memory_in_local_293" [top_wrapper.cpp:11]   --->   Operation 1124 'store' 'store_ln11' <Predicate = (i == 5 & select_ln8 == 43)> <Delay = 0.00>
ST_21 : Operation 1125 [1/1] (0.00ns)   --->   "%store_ln11 = store i45 %memory_in_load, i45 %memory_in_local_292" [top_wrapper.cpp:11]   --->   Operation 1125 'store' 'store_ln11' <Predicate = (i == 5 & select_ln8 == 42)> <Delay = 0.00>
ST_21 : Operation 1126 [1/1] (0.00ns)   --->   "%store_ln11 = store i45 %memory_in_load, i45 %memory_in_local_291" [top_wrapper.cpp:11]   --->   Operation 1126 'store' 'store_ln11' <Predicate = (i == 5 & select_ln8 == 41)> <Delay = 0.00>
ST_21 : Operation 1127 [1/1] (0.00ns)   --->   "%store_ln11 = store i45 %memory_in_load, i45 %memory_in_local_290" [top_wrapper.cpp:11]   --->   Operation 1127 'store' 'store_ln11' <Predicate = (i == 5 & select_ln8 == 40)> <Delay = 0.00>
ST_21 : Operation 1128 [1/1] (0.00ns)   --->   "%store_ln11 = store i45 %memory_in_load, i45 %memory_in_local_289" [top_wrapper.cpp:11]   --->   Operation 1128 'store' 'store_ln11' <Predicate = (i == 5 & select_ln8 == 39)> <Delay = 0.00>
ST_21 : Operation 1129 [1/1] (0.00ns)   --->   "%store_ln11 = store i45 %memory_in_load, i45 %memory_in_local_288" [top_wrapper.cpp:11]   --->   Operation 1129 'store' 'store_ln11' <Predicate = (i == 5 & select_ln8 == 38)> <Delay = 0.00>
ST_21 : Operation 1130 [1/1] (0.00ns)   --->   "%store_ln11 = store i45 %memory_in_load, i45 %memory_in_local_287" [top_wrapper.cpp:11]   --->   Operation 1130 'store' 'store_ln11' <Predicate = (i == 5 & select_ln8 == 37)> <Delay = 0.00>
ST_21 : Operation 1131 [1/1] (0.00ns)   --->   "%store_ln11 = store i45 %memory_in_load, i45 %memory_in_local_286" [top_wrapper.cpp:11]   --->   Operation 1131 'store' 'store_ln11' <Predicate = (i == 5 & select_ln8 == 36)> <Delay = 0.00>
ST_21 : Operation 1132 [1/1] (0.00ns)   --->   "%store_ln11 = store i45 %memory_in_load, i45 %memory_in_local_285" [top_wrapper.cpp:11]   --->   Operation 1132 'store' 'store_ln11' <Predicate = (i == 5 & select_ln8 == 35)> <Delay = 0.00>
ST_21 : Operation 1133 [1/1] (0.00ns)   --->   "%store_ln11 = store i45 %memory_in_load, i45 %memory_in_local_284" [top_wrapper.cpp:11]   --->   Operation 1133 'store' 'store_ln11' <Predicate = (i == 5 & select_ln8 == 34)> <Delay = 0.00>
ST_21 : Operation 1134 [1/1] (0.00ns)   --->   "%store_ln11 = store i45 %memory_in_load, i45 %memory_in_local_283" [top_wrapper.cpp:11]   --->   Operation 1134 'store' 'store_ln11' <Predicate = (i == 5 & select_ln8 == 33)> <Delay = 0.00>
ST_21 : Operation 1135 [1/1] (0.00ns)   --->   "%store_ln11 = store i45 %memory_in_load, i45 %memory_in_local_282" [top_wrapper.cpp:11]   --->   Operation 1135 'store' 'store_ln11' <Predicate = (i == 5 & select_ln8 == 32)> <Delay = 0.00>
ST_21 : Operation 1136 [1/1] (0.00ns)   --->   "%store_ln11 = store i45 %memory_in_load, i45 %memory_in_local_281" [top_wrapper.cpp:11]   --->   Operation 1136 'store' 'store_ln11' <Predicate = (i == 5 & select_ln8 == 31)> <Delay = 0.00>
ST_21 : Operation 1137 [1/1] (0.00ns)   --->   "%store_ln11 = store i45 %memory_in_load, i45 %memory_in_local_280" [top_wrapper.cpp:11]   --->   Operation 1137 'store' 'store_ln11' <Predicate = (i == 5 & select_ln8 == 30)> <Delay = 0.00>
ST_21 : Operation 1138 [1/1] (0.00ns)   --->   "%store_ln11 = store i45 %memory_in_load, i45 %memory_in_local_279" [top_wrapper.cpp:11]   --->   Operation 1138 'store' 'store_ln11' <Predicate = (i == 5 & select_ln8 == 29)> <Delay = 0.00>
ST_21 : Operation 1139 [1/1] (0.00ns)   --->   "%store_ln11 = store i45 %memory_in_load, i45 %memory_in_local_278" [top_wrapper.cpp:11]   --->   Operation 1139 'store' 'store_ln11' <Predicate = (i == 5 & select_ln8 == 28)> <Delay = 0.00>
ST_21 : Operation 1140 [1/1] (0.00ns)   --->   "%store_ln11 = store i45 %memory_in_load, i45 %memory_in_local_277" [top_wrapper.cpp:11]   --->   Operation 1140 'store' 'store_ln11' <Predicate = (i == 5 & select_ln8 == 27)> <Delay = 0.00>
ST_21 : Operation 1141 [1/1] (0.00ns)   --->   "%store_ln11 = store i45 %memory_in_load, i45 %memory_in_local_276" [top_wrapper.cpp:11]   --->   Operation 1141 'store' 'store_ln11' <Predicate = (i == 5 & select_ln8 == 26)> <Delay = 0.00>
ST_21 : Operation 1142 [1/1] (0.00ns)   --->   "%store_ln11 = store i45 %memory_in_load, i45 %memory_in_local_275" [top_wrapper.cpp:11]   --->   Operation 1142 'store' 'store_ln11' <Predicate = (i == 5 & select_ln8 == 25)> <Delay = 0.00>
ST_21 : Operation 1143 [1/1] (0.00ns)   --->   "%store_ln11 = store i45 %memory_in_load, i45 %memory_in_local_274" [top_wrapper.cpp:11]   --->   Operation 1143 'store' 'store_ln11' <Predicate = (i == 5 & select_ln8 == 24)> <Delay = 0.00>
ST_21 : Operation 1144 [1/1] (0.00ns)   --->   "%store_ln11 = store i45 %memory_in_load, i45 %memory_in_local_273" [top_wrapper.cpp:11]   --->   Operation 1144 'store' 'store_ln11' <Predicate = (i == 5 & select_ln8 == 23)> <Delay = 0.00>
ST_21 : Operation 1145 [1/1] (0.00ns)   --->   "%store_ln11 = store i45 %memory_in_load, i45 %memory_in_local_272" [top_wrapper.cpp:11]   --->   Operation 1145 'store' 'store_ln11' <Predicate = (i == 5 & select_ln8 == 22)> <Delay = 0.00>
ST_21 : Operation 1146 [1/1] (0.00ns)   --->   "%store_ln11 = store i45 %memory_in_load, i45 %memory_in_local_271" [top_wrapper.cpp:11]   --->   Operation 1146 'store' 'store_ln11' <Predicate = (i == 5 & select_ln8 == 21)> <Delay = 0.00>
ST_21 : Operation 1147 [1/1] (0.00ns)   --->   "%store_ln11 = store i45 %memory_in_load, i45 %memory_in_local_270" [top_wrapper.cpp:11]   --->   Operation 1147 'store' 'store_ln11' <Predicate = (i == 5 & select_ln8 == 20)> <Delay = 0.00>
ST_21 : Operation 1148 [1/1] (0.00ns)   --->   "%store_ln11 = store i45 %memory_in_load, i45 %memory_in_local_269" [top_wrapper.cpp:11]   --->   Operation 1148 'store' 'store_ln11' <Predicate = (i == 5 & select_ln8 == 19)> <Delay = 0.00>
ST_21 : Operation 1149 [1/1] (0.00ns)   --->   "%store_ln11 = store i45 %memory_in_load, i45 %memory_in_local_268" [top_wrapper.cpp:11]   --->   Operation 1149 'store' 'store_ln11' <Predicate = (i == 5 & select_ln8 == 18)> <Delay = 0.00>
ST_21 : Operation 1150 [1/1] (0.00ns)   --->   "%store_ln11 = store i45 %memory_in_load, i45 %memory_in_local_267" [top_wrapper.cpp:11]   --->   Operation 1150 'store' 'store_ln11' <Predicate = (i == 5 & select_ln8 == 17)> <Delay = 0.00>
ST_21 : Operation 1151 [1/1] (0.00ns)   --->   "%store_ln11 = store i45 %memory_in_load, i45 %memory_in_local_266" [top_wrapper.cpp:11]   --->   Operation 1151 'store' 'store_ln11' <Predicate = (i == 5 & select_ln8 == 16)> <Delay = 0.00>
ST_21 : Operation 1152 [1/1] (0.00ns)   --->   "%store_ln11 = store i45 %memory_in_load, i45 %memory_in_local_265" [top_wrapper.cpp:11]   --->   Operation 1152 'store' 'store_ln11' <Predicate = (i == 5 & select_ln8 == 15)> <Delay = 0.00>
ST_21 : Operation 1153 [1/1] (0.00ns)   --->   "%store_ln11 = store i45 %memory_in_load, i45 %memory_in_local_264" [top_wrapper.cpp:11]   --->   Operation 1153 'store' 'store_ln11' <Predicate = (i == 5 & select_ln8 == 14)> <Delay = 0.00>
ST_21 : Operation 1154 [1/1] (0.00ns)   --->   "%store_ln11 = store i45 %memory_in_load, i45 %memory_in_local_263" [top_wrapper.cpp:11]   --->   Operation 1154 'store' 'store_ln11' <Predicate = (i == 5 & select_ln8 == 13)> <Delay = 0.00>
ST_21 : Operation 1155 [1/1] (0.00ns)   --->   "%store_ln11 = store i45 %memory_in_load, i45 %memory_in_local_262" [top_wrapper.cpp:11]   --->   Operation 1155 'store' 'store_ln11' <Predicate = (i == 5 & select_ln8 == 12)> <Delay = 0.00>
ST_21 : Operation 1156 [1/1] (0.00ns)   --->   "%store_ln11 = store i45 %memory_in_load, i45 %memory_in_local_261" [top_wrapper.cpp:11]   --->   Operation 1156 'store' 'store_ln11' <Predicate = (i == 5 & select_ln8 == 11)> <Delay = 0.00>
ST_21 : Operation 1157 [1/1] (0.00ns)   --->   "%store_ln11 = store i45 %memory_in_load, i45 %memory_in_local_260" [top_wrapper.cpp:11]   --->   Operation 1157 'store' 'store_ln11' <Predicate = (i == 5 & select_ln8 == 10)> <Delay = 0.00>
ST_21 : Operation 1158 [1/1] (0.00ns)   --->   "%store_ln11 = store i45 %memory_in_load, i45 %memory_in_local_259" [top_wrapper.cpp:11]   --->   Operation 1158 'store' 'store_ln11' <Predicate = (i == 5 & select_ln8 == 9)> <Delay = 0.00>
ST_21 : Operation 1159 [1/1] (0.00ns)   --->   "%store_ln11 = store i45 %memory_in_load, i45 %memory_in_local_258" [top_wrapper.cpp:11]   --->   Operation 1159 'store' 'store_ln11' <Predicate = (i == 5 & select_ln8 == 8)> <Delay = 0.00>
ST_21 : Operation 1160 [1/1] (0.00ns)   --->   "%store_ln11 = store i45 %memory_in_load, i45 %memory_in_local_257" [top_wrapper.cpp:11]   --->   Operation 1160 'store' 'store_ln11' <Predicate = (i == 5 & select_ln8 == 7)> <Delay = 0.00>
ST_21 : Operation 1161 [1/1] (0.00ns)   --->   "%store_ln11 = store i45 %memory_in_load, i45 %memory_in_local_256" [top_wrapper.cpp:11]   --->   Operation 1161 'store' 'store_ln11' <Predicate = (i == 5 & select_ln8 == 6)> <Delay = 0.00>
ST_21 : Operation 1162 [1/1] (0.00ns)   --->   "%store_ln11 = store i45 %memory_in_load, i45 %memory_in_local_255" [top_wrapper.cpp:11]   --->   Operation 1162 'store' 'store_ln11' <Predicate = (i == 5 & select_ln8 == 5)> <Delay = 0.00>
ST_21 : Operation 1163 [1/1] (0.00ns)   --->   "%store_ln11 = store i45 %memory_in_load, i45 %memory_in_local_254" [top_wrapper.cpp:11]   --->   Operation 1163 'store' 'store_ln11' <Predicate = (i == 5 & select_ln8 == 4)> <Delay = 0.00>
ST_21 : Operation 1164 [1/1] (0.00ns)   --->   "%store_ln11 = store i45 %memory_in_load, i45 %memory_in_local_253" [top_wrapper.cpp:11]   --->   Operation 1164 'store' 'store_ln11' <Predicate = (i == 5 & select_ln8 == 3)> <Delay = 0.00>
ST_21 : Operation 1165 [1/1] (0.00ns)   --->   "%store_ln11 = store i45 %memory_in_load, i45 %memory_in_local_252" [top_wrapper.cpp:11]   --->   Operation 1165 'store' 'store_ln11' <Predicate = (i == 5 & select_ln8 == 2)> <Delay = 0.00>
ST_21 : Operation 1166 [1/1] (0.00ns)   --->   "%store_ln11 = store i45 %memory_in_load, i45 %memory_in_local_251" [top_wrapper.cpp:11]   --->   Operation 1166 'store' 'store_ln11' <Predicate = (i == 5 & select_ln8 == 1)> <Delay = 0.00>
ST_21 : Operation 1167 [1/1] (0.00ns)   --->   "%store_ln11 = store i45 %memory_in_load, i45 %memory_in_local_250" [top_wrapper.cpp:11]   --->   Operation 1167 'store' 'store_ln11' <Predicate = (i == 5 & select_ln8 == 0)> <Delay = 0.00>
ST_21 : Operation 1168 [1/1] (0.00ns)   --->   "%store_ln11 = store i45 %memory_in_load, i45 %memory_in_local_299" [top_wrapper.cpp:11]   --->   Operation 1168 'store' 'store_ln11' <Predicate = (i == 5 & select_ln8 == 63) | (i == 5 & select_ln8 == 62) | (i == 5 & select_ln8 == 61) | (i == 5 & select_ln8 == 60) | (i == 5 & select_ln8 == 59) | (i == 5 & select_ln8 == 58) | (i == 5 & select_ln8 == 57) | (i == 5 & select_ln8 == 56) | (i == 5 & select_ln8 == 55) | (i == 5 & select_ln8 == 54) | (i == 5 & select_ln8 == 53) | (i == 5 & select_ln8 == 52) | (i == 5 & select_ln8 == 51) | (i == 5 & select_ln8 == 50) | (i == 5 & select_ln8 == 49)> <Delay = 0.00>
ST_21 : Operation 1169 [1/1] (0.00ns)   --->   "%br_ln11 = br void %arrayidx123.exit" [top_wrapper.cpp:11]   --->   Operation 1169 'br' 'br_ln11' <Predicate = (i == 5)> <Delay = 0.00>
ST_21 : Operation 1170 [1/1] (0.00ns)   --->   "%store_ln11 = store i45 %memory_in_load, i45 %memory_in_local_248" [top_wrapper.cpp:11]   --->   Operation 1170 'store' 'store_ln11' <Predicate = (i == 4 & select_ln8 == 48)> <Delay = 0.00>
ST_21 : Operation 1171 [1/1] (0.00ns)   --->   "%store_ln11 = store i45 %memory_in_load, i45 %memory_in_local_247" [top_wrapper.cpp:11]   --->   Operation 1171 'store' 'store_ln11' <Predicate = (i == 4 & select_ln8 == 47)> <Delay = 0.00>
ST_21 : Operation 1172 [1/1] (0.00ns)   --->   "%store_ln11 = store i45 %memory_in_load, i45 %memory_in_local_246" [top_wrapper.cpp:11]   --->   Operation 1172 'store' 'store_ln11' <Predicate = (i == 4 & select_ln8 == 46)> <Delay = 0.00>
ST_21 : Operation 1173 [1/1] (0.00ns)   --->   "%store_ln11 = store i45 %memory_in_load, i45 %memory_in_local_245" [top_wrapper.cpp:11]   --->   Operation 1173 'store' 'store_ln11' <Predicate = (i == 4 & select_ln8 == 45)> <Delay = 0.00>
ST_21 : Operation 1174 [1/1] (0.00ns)   --->   "%store_ln11 = store i45 %memory_in_load, i45 %memory_in_local_244" [top_wrapper.cpp:11]   --->   Operation 1174 'store' 'store_ln11' <Predicate = (i == 4 & select_ln8 == 44)> <Delay = 0.00>
ST_21 : Operation 1175 [1/1] (0.00ns)   --->   "%store_ln11 = store i45 %memory_in_load, i45 %memory_in_local_243" [top_wrapper.cpp:11]   --->   Operation 1175 'store' 'store_ln11' <Predicate = (i == 4 & select_ln8 == 43)> <Delay = 0.00>
ST_21 : Operation 1176 [1/1] (0.00ns)   --->   "%store_ln11 = store i45 %memory_in_load, i45 %memory_in_local_242" [top_wrapper.cpp:11]   --->   Operation 1176 'store' 'store_ln11' <Predicate = (i == 4 & select_ln8 == 42)> <Delay = 0.00>
ST_21 : Operation 1177 [1/1] (0.00ns)   --->   "%store_ln11 = store i45 %memory_in_load, i45 %memory_in_local_241" [top_wrapper.cpp:11]   --->   Operation 1177 'store' 'store_ln11' <Predicate = (i == 4 & select_ln8 == 41)> <Delay = 0.00>
ST_21 : Operation 1178 [1/1] (0.00ns)   --->   "%store_ln11 = store i45 %memory_in_load, i45 %memory_in_local_240" [top_wrapper.cpp:11]   --->   Operation 1178 'store' 'store_ln11' <Predicate = (i == 4 & select_ln8 == 40)> <Delay = 0.00>
ST_21 : Operation 1179 [1/1] (0.00ns)   --->   "%store_ln11 = store i45 %memory_in_load, i45 %memory_in_local_239" [top_wrapper.cpp:11]   --->   Operation 1179 'store' 'store_ln11' <Predicate = (i == 4 & select_ln8 == 39)> <Delay = 0.00>
ST_21 : Operation 1180 [1/1] (0.00ns)   --->   "%store_ln11 = store i45 %memory_in_load, i45 %memory_in_local_238" [top_wrapper.cpp:11]   --->   Operation 1180 'store' 'store_ln11' <Predicate = (i == 4 & select_ln8 == 38)> <Delay = 0.00>
ST_21 : Operation 1181 [1/1] (0.00ns)   --->   "%store_ln11 = store i45 %memory_in_load, i45 %memory_in_local_237" [top_wrapper.cpp:11]   --->   Operation 1181 'store' 'store_ln11' <Predicate = (i == 4 & select_ln8 == 37)> <Delay = 0.00>
ST_21 : Operation 1182 [1/1] (0.00ns)   --->   "%store_ln11 = store i45 %memory_in_load, i45 %memory_in_local_236" [top_wrapper.cpp:11]   --->   Operation 1182 'store' 'store_ln11' <Predicate = (i == 4 & select_ln8 == 36)> <Delay = 0.00>
ST_21 : Operation 1183 [1/1] (0.00ns)   --->   "%store_ln11 = store i45 %memory_in_load, i45 %memory_in_local_235" [top_wrapper.cpp:11]   --->   Operation 1183 'store' 'store_ln11' <Predicate = (i == 4 & select_ln8 == 35)> <Delay = 0.00>
ST_21 : Operation 1184 [1/1] (0.00ns)   --->   "%store_ln11 = store i45 %memory_in_load, i45 %memory_in_local_234" [top_wrapper.cpp:11]   --->   Operation 1184 'store' 'store_ln11' <Predicate = (i == 4 & select_ln8 == 34)> <Delay = 0.00>
ST_21 : Operation 1185 [1/1] (0.00ns)   --->   "%store_ln11 = store i45 %memory_in_load, i45 %memory_in_local_233" [top_wrapper.cpp:11]   --->   Operation 1185 'store' 'store_ln11' <Predicate = (i == 4 & select_ln8 == 33)> <Delay = 0.00>
ST_21 : Operation 1186 [1/1] (0.00ns)   --->   "%store_ln11 = store i45 %memory_in_load, i45 %memory_in_local_232" [top_wrapper.cpp:11]   --->   Operation 1186 'store' 'store_ln11' <Predicate = (i == 4 & select_ln8 == 32)> <Delay = 0.00>
ST_21 : Operation 1187 [1/1] (0.00ns)   --->   "%store_ln11 = store i45 %memory_in_load, i45 %memory_in_local_231" [top_wrapper.cpp:11]   --->   Operation 1187 'store' 'store_ln11' <Predicate = (i == 4 & select_ln8 == 31)> <Delay = 0.00>
ST_21 : Operation 1188 [1/1] (0.00ns)   --->   "%store_ln11 = store i45 %memory_in_load, i45 %memory_in_local_230" [top_wrapper.cpp:11]   --->   Operation 1188 'store' 'store_ln11' <Predicate = (i == 4 & select_ln8 == 30)> <Delay = 0.00>
ST_21 : Operation 1189 [1/1] (0.00ns)   --->   "%store_ln11 = store i45 %memory_in_load, i45 %memory_in_local_229" [top_wrapper.cpp:11]   --->   Operation 1189 'store' 'store_ln11' <Predicate = (i == 4 & select_ln8 == 29)> <Delay = 0.00>
ST_21 : Operation 1190 [1/1] (0.00ns)   --->   "%store_ln11 = store i45 %memory_in_load, i45 %memory_in_local_228" [top_wrapper.cpp:11]   --->   Operation 1190 'store' 'store_ln11' <Predicate = (i == 4 & select_ln8 == 28)> <Delay = 0.00>
ST_21 : Operation 1191 [1/1] (0.00ns)   --->   "%store_ln11 = store i45 %memory_in_load, i45 %memory_in_local_227" [top_wrapper.cpp:11]   --->   Operation 1191 'store' 'store_ln11' <Predicate = (i == 4 & select_ln8 == 27)> <Delay = 0.00>
ST_21 : Operation 1192 [1/1] (0.00ns)   --->   "%store_ln11 = store i45 %memory_in_load, i45 %memory_in_local_226" [top_wrapper.cpp:11]   --->   Operation 1192 'store' 'store_ln11' <Predicate = (i == 4 & select_ln8 == 26)> <Delay = 0.00>
ST_21 : Operation 1193 [1/1] (0.00ns)   --->   "%store_ln11 = store i45 %memory_in_load, i45 %memory_in_local_225" [top_wrapper.cpp:11]   --->   Operation 1193 'store' 'store_ln11' <Predicate = (i == 4 & select_ln8 == 25)> <Delay = 0.00>
ST_21 : Operation 1194 [1/1] (0.00ns)   --->   "%store_ln11 = store i45 %memory_in_load, i45 %memory_in_local_224" [top_wrapper.cpp:11]   --->   Operation 1194 'store' 'store_ln11' <Predicate = (i == 4 & select_ln8 == 24)> <Delay = 0.00>
ST_21 : Operation 1195 [1/1] (0.00ns)   --->   "%store_ln11 = store i45 %memory_in_load, i45 %memory_in_local_223" [top_wrapper.cpp:11]   --->   Operation 1195 'store' 'store_ln11' <Predicate = (i == 4 & select_ln8 == 23)> <Delay = 0.00>
ST_21 : Operation 1196 [1/1] (0.00ns)   --->   "%store_ln11 = store i45 %memory_in_load, i45 %memory_in_local_222" [top_wrapper.cpp:11]   --->   Operation 1196 'store' 'store_ln11' <Predicate = (i == 4 & select_ln8 == 22)> <Delay = 0.00>
ST_21 : Operation 1197 [1/1] (0.00ns)   --->   "%store_ln11 = store i45 %memory_in_load, i45 %memory_in_local_221" [top_wrapper.cpp:11]   --->   Operation 1197 'store' 'store_ln11' <Predicate = (i == 4 & select_ln8 == 21)> <Delay = 0.00>
ST_21 : Operation 1198 [1/1] (0.00ns)   --->   "%store_ln11 = store i45 %memory_in_load, i45 %memory_in_local_220" [top_wrapper.cpp:11]   --->   Operation 1198 'store' 'store_ln11' <Predicate = (i == 4 & select_ln8 == 20)> <Delay = 0.00>
ST_21 : Operation 1199 [1/1] (0.00ns)   --->   "%store_ln11 = store i45 %memory_in_load, i45 %memory_in_local_219" [top_wrapper.cpp:11]   --->   Operation 1199 'store' 'store_ln11' <Predicate = (i == 4 & select_ln8 == 19)> <Delay = 0.00>
ST_21 : Operation 1200 [1/1] (0.00ns)   --->   "%store_ln11 = store i45 %memory_in_load, i45 %memory_in_local_218" [top_wrapper.cpp:11]   --->   Operation 1200 'store' 'store_ln11' <Predicate = (i == 4 & select_ln8 == 18)> <Delay = 0.00>
ST_21 : Operation 1201 [1/1] (0.00ns)   --->   "%store_ln11 = store i45 %memory_in_load, i45 %memory_in_local_217" [top_wrapper.cpp:11]   --->   Operation 1201 'store' 'store_ln11' <Predicate = (i == 4 & select_ln8 == 17)> <Delay = 0.00>
ST_21 : Operation 1202 [1/1] (0.00ns)   --->   "%store_ln11 = store i45 %memory_in_load, i45 %memory_in_local_216" [top_wrapper.cpp:11]   --->   Operation 1202 'store' 'store_ln11' <Predicate = (i == 4 & select_ln8 == 16)> <Delay = 0.00>
ST_21 : Operation 1203 [1/1] (0.00ns)   --->   "%store_ln11 = store i45 %memory_in_load, i45 %memory_in_local_215" [top_wrapper.cpp:11]   --->   Operation 1203 'store' 'store_ln11' <Predicate = (i == 4 & select_ln8 == 15)> <Delay = 0.00>
ST_21 : Operation 1204 [1/1] (0.00ns)   --->   "%store_ln11 = store i45 %memory_in_load, i45 %memory_in_local_214" [top_wrapper.cpp:11]   --->   Operation 1204 'store' 'store_ln11' <Predicate = (i == 4 & select_ln8 == 14)> <Delay = 0.00>
ST_21 : Operation 1205 [1/1] (0.00ns)   --->   "%store_ln11 = store i45 %memory_in_load, i45 %memory_in_local_213" [top_wrapper.cpp:11]   --->   Operation 1205 'store' 'store_ln11' <Predicate = (i == 4 & select_ln8 == 13)> <Delay = 0.00>
ST_21 : Operation 1206 [1/1] (0.00ns)   --->   "%store_ln11 = store i45 %memory_in_load, i45 %memory_in_local_212" [top_wrapper.cpp:11]   --->   Operation 1206 'store' 'store_ln11' <Predicate = (i == 4 & select_ln8 == 12)> <Delay = 0.00>
ST_21 : Operation 1207 [1/1] (0.00ns)   --->   "%store_ln11 = store i45 %memory_in_load, i45 %memory_in_local_211" [top_wrapper.cpp:11]   --->   Operation 1207 'store' 'store_ln11' <Predicate = (i == 4 & select_ln8 == 11)> <Delay = 0.00>
ST_21 : Operation 1208 [1/1] (0.00ns)   --->   "%store_ln11 = store i45 %memory_in_load, i45 %memory_in_local_210" [top_wrapper.cpp:11]   --->   Operation 1208 'store' 'store_ln11' <Predicate = (i == 4 & select_ln8 == 10)> <Delay = 0.00>
ST_21 : Operation 1209 [1/1] (0.00ns)   --->   "%store_ln11 = store i45 %memory_in_load, i45 %memory_in_local_209" [top_wrapper.cpp:11]   --->   Operation 1209 'store' 'store_ln11' <Predicate = (i == 4 & select_ln8 == 9)> <Delay = 0.00>
ST_21 : Operation 1210 [1/1] (0.00ns)   --->   "%store_ln11 = store i45 %memory_in_load, i45 %memory_in_local_208" [top_wrapper.cpp:11]   --->   Operation 1210 'store' 'store_ln11' <Predicate = (i == 4 & select_ln8 == 8)> <Delay = 0.00>
ST_21 : Operation 1211 [1/1] (0.00ns)   --->   "%store_ln11 = store i45 %memory_in_load, i45 %memory_in_local_207" [top_wrapper.cpp:11]   --->   Operation 1211 'store' 'store_ln11' <Predicate = (i == 4 & select_ln8 == 7)> <Delay = 0.00>
ST_21 : Operation 1212 [1/1] (0.00ns)   --->   "%store_ln11 = store i45 %memory_in_load, i45 %memory_in_local_206" [top_wrapper.cpp:11]   --->   Operation 1212 'store' 'store_ln11' <Predicate = (i == 4 & select_ln8 == 6)> <Delay = 0.00>
ST_21 : Operation 1213 [1/1] (0.00ns)   --->   "%store_ln11 = store i45 %memory_in_load, i45 %memory_in_local_205" [top_wrapper.cpp:11]   --->   Operation 1213 'store' 'store_ln11' <Predicate = (i == 4 & select_ln8 == 5)> <Delay = 0.00>
ST_21 : Operation 1214 [1/1] (0.00ns)   --->   "%store_ln11 = store i45 %memory_in_load, i45 %memory_in_local_204" [top_wrapper.cpp:11]   --->   Operation 1214 'store' 'store_ln11' <Predicate = (i == 4 & select_ln8 == 4)> <Delay = 0.00>
ST_21 : Operation 1215 [1/1] (0.00ns)   --->   "%store_ln11 = store i45 %memory_in_load, i45 %memory_in_local_203" [top_wrapper.cpp:11]   --->   Operation 1215 'store' 'store_ln11' <Predicate = (i == 4 & select_ln8 == 3)> <Delay = 0.00>
ST_21 : Operation 1216 [1/1] (0.00ns)   --->   "%store_ln11 = store i45 %memory_in_load, i45 %memory_in_local_202" [top_wrapper.cpp:11]   --->   Operation 1216 'store' 'store_ln11' <Predicate = (i == 4 & select_ln8 == 2)> <Delay = 0.00>
ST_21 : Operation 1217 [1/1] (0.00ns)   --->   "%store_ln11 = store i45 %memory_in_load, i45 %memory_in_local_201" [top_wrapper.cpp:11]   --->   Operation 1217 'store' 'store_ln11' <Predicate = (i == 4 & select_ln8 == 1)> <Delay = 0.00>
ST_21 : Operation 1218 [1/1] (0.00ns)   --->   "%store_ln11 = store i45 %memory_in_load, i45 %memory_in_local_200" [top_wrapper.cpp:11]   --->   Operation 1218 'store' 'store_ln11' <Predicate = (i == 4 & select_ln8 == 0)> <Delay = 0.00>
ST_21 : Operation 1219 [1/1] (0.00ns)   --->   "%store_ln11 = store i45 %memory_in_load, i45 %memory_in_local_249" [top_wrapper.cpp:11]   --->   Operation 1219 'store' 'store_ln11' <Predicate = (i == 4 & select_ln8 == 63) | (i == 4 & select_ln8 == 62) | (i == 4 & select_ln8 == 61) | (i == 4 & select_ln8 == 60) | (i == 4 & select_ln8 == 59) | (i == 4 & select_ln8 == 58) | (i == 4 & select_ln8 == 57) | (i == 4 & select_ln8 == 56) | (i == 4 & select_ln8 == 55) | (i == 4 & select_ln8 == 54) | (i == 4 & select_ln8 == 53) | (i == 4 & select_ln8 == 52) | (i == 4 & select_ln8 == 51) | (i == 4 & select_ln8 == 50) | (i == 4 & select_ln8 == 49)> <Delay = 0.00>
ST_21 : Operation 1220 [1/1] (0.00ns)   --->   "%br_ln11 = br void %arrayidx123.exit" [top_wrapper.cpp:11]   --->   Operation 1220 'br' 'br_ln11' <Predicate = (i == 4)> <Delay = 0.00>
ST_21 : Operation 1221 [1/1] (0.00ns)   --->   "%store_ln11 = store i45 %memory_in_load, i45 %memory_in_local_198" [top_wrapper.cpp:11]   --->   Operation 1221 'store' 'store_ln11' <Predicate = (i == 3 & select_ln8 == 48)> <Delay = 0.00>
ST_21 : Operation 1222 [1/1] (0.00ns)   --->   "%store_ln11 = store i45 %memory_in_load, i45 %memory_in_local_197" [top_wrapper.cpp:11]   --->   Operation 1222 'store' 'store_ln11' <Predicate = (i == 3 & select_ln8 == 47)> <Delay = 0.00>
ST_21 : Operation 1223 [1/1] (0.00ns)   --->   "%store_ln11 = store i45 %memory_in_load, i45 %memory_in_local_196" [top_wrapper.cpp:11]   --->   Operation 1223 'store' 'store_ln11' <Predicate = (i == 3 & select_ln8 == 46)> <Delay = 0.00>
ST_21 : Operation 1224 [1/1] (0.00ns)   --->   "%store_ln11 = store i45 %memory_in_load, i45 %memory_in_local_195" [top_wrapper.cpp:11]   --->   Operation 1224 'store' 'store_ln11' <Predicate = (i == 3 & select_ln8 == 45)> <Delay = 0.00>
ST_21 : Operation 1225 [1/1] (0.00ns)   --->   "%store_ln11 = store i45 %memory_in_load, i45 %memory_in_local_194" [top_wrapper.cpp:11]   --->   Operation 1225 'store' 'store_ln11' <Predicate = (i == 3 & select_ln8 == 44)> <Delay = 0.00>
ST_21 : Operation 1226 [1/1] (0.00ns)   --->   "%store_ln11 = store i45 %memory_in_load, i45 %memory_in_local_193" [top_wrapper.cpp:11]   --->   Operation 1226 'store' 'store_ln11' <Predicate = (i == 3 & select_ln8 == 43)> <Delay = 0.00>
ST_21 : Operation 1227 [1/1] (0.00ns)   --->   "%store_ln11 = store i45 %memory_in_load, i45 %memory_in_local_192" [top_wrapper.cpp:11]   --->   Operation 1227 'store' 'store_ln11' <Predicate = (i == 3 & select_ln8 == 42)> <Delay = 0.00>
ST_21 : Operation 1228 [1/1] (0.00ns)   --->   "%store_ln11 = store i45 %memory_in_load, i45 %memory_in_local_191" [top_wrapper.cpp:11]   --->   Operation 1228 'store' 'store_ln11' <Predicate = (i == 3 & select_ln8 == 41)> <Delay = 0.00>
ST_21 : Operation 1229 [1/1] (0.00ns)   --->   "%store_ln11 = store i45 %memory_in_load, i45 %memory_in_local_190" [top_wrapper.cpp:11]   --->   Operation 1229 'store' 'store_ln11' <Predicate = (i == 3 & select_ln8 == 40)> <Delay = 0.00>
ST_21 : Operation 1230 [1/1] (0.00ns)   --->   "%store_ln11 = store i45 %memory_in_load, i45 %memory_in_local_189" [top_wrapper.cpp:11]   --->   Operation 1230 'store' 'store_ln11' <Predicate = (i == 3 & select_ln8 == 39)> <Delay = 0.00>
ST_21 : Operation 1231 [1/1] (0.00ns)   --->   "%store_ln11 = store i45 %memory_in_load, i45 %memory_in_local_188" [top_wrapper.cpp:11]   --->   Operation 1231 'store' 'store_ln11' <Predicate = (i == 3 & select_ln8 == 38)> <Delay = 0.00>
ST_21 : Operation 1232 [1/1] (0.00ns)   --->   "%store_ln11 = store i45 %memory_in_load, i45 %memory_in_local_187" [top_wrapper.cpp:11]   --->   Operation 1232 'store' 'store_ln11' <Predicate = (i == 3 & select_ln8 == 37)> <Delay = 0.00>
ST_21 : Operation 1233 [1/1] (0.00ns)   --->   "%store_ln11 = store i45 %memory_in_load, i45 %memory_in_local_186" [top_wrapper.cpp:11]   --->   Operation 1233 'store' 'store_ln11' <Predicate = (i == 3 & select_ln8 == 36)> <Delay = 0.00>
ST_21 : Operation 1234 [1/1] (0.00ns)   --->   "%store_ln11 = store i45 %memory_in_load, i45 %memory_in_local_185" [top_wrapper.cpp:11]   --->   Operation 1234 'store' 'store_ln11' <Predicate = (i == 3 & select_ln8 == 35)> <Delay = 0.00>
ST_21 : Operation 1235 [1/1] (0.00ns)   --->   "%store_ln11 = store i45 %memory_in_load, i45 %memory_in_local_184" [top_wrapper.cpp:11]   --->   Operation 1235 'store' 'store_ln11' <Predicate = (i == 3 & select_ln8 == 34)> <Delay = 0.00>
ST_21 : Operation 1236 [1/1] (0.00ns)   --->   "%store_ln11 = store i45 %memory_in_load, i45 %memory_in_local_183" [top_wrapper.cpp:11]   --->   Operation 1236 'store' 'store_ln11' <Predicate = (i == 3 & select_ln8 == 33)> <Delay = 0.00>
ST_21 : Operation 1237 [1/1] (0.00ns)   --->   "%store_ln11 = store i45 %memory_in_load, i45 %memory_in_local_182" [top_wrapper.cpp:11]   --->   Operation 1237 'store' 'store_ln11' <Predicate = (i == 3 & select_ln8 == 32)> <Delay = 0.00>
ST_21 : Operation 1238 [1/1] (0.00ns)   --->   "%store_ln11 = store i45 %memory_in_load, i45 %memory_in_local_181" [top_wrapper.cpp:11]   --->   Operation 1238 'store' 'store_ln11' <Predicate = (i == 3 & select_ln8 == 31)> <Delay = 0.00>
ST_21 : Operation 1239 [1/1] (0.00ns)   --->   "%store_ln11 = store i45 %memory_in_load, i45 %memory_in_local_180" [top_wrapper.cpp:11]   --->   Operation 1239 'store' 'store_ln11' <Predicate = (i == 3 & select_ln8 == 30)> <Delay = 0.00>
ST_21 : Operation 1240 [1/1] (0.00ns)   --->   "%store_ln11 = store i45 %memory_in_load, i45 %memory_in_local_179" [top_wrapper.cpp:11]   --->   Operation 1240 'store' 'store_ln11' <Predicate = (i == 3 & select_ln8 == 29)> <Delay = 0.00>
ST_21 : Operation 1241 [1/1] (0.00ns)   --->   "%store_ln11 = store i45 %memory_in_load, i45 %memory_in_local_178" [top_wrapper.cpp:11]   --->   Operation 1241 'store' 'store_ln11' <Predicate = (i == 3 & select_ln8 == 28)> <Delay = 0.00>
ST_21 : Operation 1242 [1/1] (0.00ns)   --->   "%store_ln11 = store i45 %memory_in_load, i45 %memory_in_local_177" [top_wrapper.cpp:11]   --->   Operation 1242 'store' 'store_ln11' <Predicate = (i == 3 & select_ln8 == 27)> <Delay = 0.00>
ST_21 : Operation 1243 [1/1] (0.00ns)   --->   "%store_ln11 = store i45 %memory_in_load, i45 %memory_in_local_176" [top_wrapper.cpp:11]   --->   Operation 1243 'store' 'store_ln11' <Predicate = (i == 3 & select_ln8 == 26)> <Delay = 0.00>
ST_21 : Operation 1244 [1/1] (0.00ns)   --->   "%store_ln11 = store i45 %memory_in_load, i45 %memory_in_local_175" [top_wrapper.cpp:11]   --->   Operation 1244 'store' 'store_ln11' <Predicate = (i == 3 & select_ln8 == 25)> <Delay = 0.00>
ST_21 : Operation 1245 [1/1] (0.00ns)   --->   "%store_ln11 = store i45 %memory_in_load, i45 %memory_in_local_174" [top_wrapper.cpp:11]   --->   Operation 1245 'store' 'store_ln11' <Predicate = (i == 3 & select_ln8 == 24)> <Delay = 0.00>
ST_21 : Operation 1246 [1/1] (0.00ns)   --->   "%store_ln11 = store i45 %memory_in_load, i45 %memory_in_local_173" [top_wrapper.cpp:11]   --->   Operation 1246 'store' 'store_ln11' <Predicate = (i == 3 & select_ln8 == 23)> <Delay = 0.00>
ST_21 : Operation 1247 [1/1] (0.00ns)   --->   "%store_ln11 = store i45 %memory_in_load, i45 %memory_in_local_172" [top_wrapper.cpp:11]   --->   Operation 1247 'store' 'store_ln11' <Predicate = (i == 3 & select_ln8 == 22)> <Delay = 0.00>
ST_21 : Operation 1248 [1/1] (0.00ns)   --->   "%store_ln11 = store i45 %memory_in_load, i45 %memory_in_local_171" [top_wrapper.cpp:11]   --->   Operation 1248 'store' 'store_ln11' <Predicate = (i == 3 & select_ln8 == 21)> <Delay = 0.00>
ST_21 : Operation 1249 [1/1] (0.00ns)   --->   "%store_ln11 = store i45 %memory_in_load, i45 %memory_in_local_170" [top_wrapper.cpp:11]   --->   Operation 1249 'store' 'store_ln11' <Predicate = (i == 3 & select_ln8 == 20)> <Delay = 0.00>
ST_21 : Operation 1250 [1/1] (0.00ns)   --->   "%store_ln11 = store i45 %memory_in_load, i45 %memory_in_local_169" [top_wrapper.cpp:11]   --->   Operation 1250 'store' 'store_ln11' <Predicate = (i == 3 & select_ln8 == 19)> <Delay = 0.00>
ST_21 : Operation 1251 [1/1] (0.00ns)   --->   "%store_ln11 = store i45 %memory_in_load, i45 %memory_in_local_168" [top_wrapper.cpp:11]   --->   Operation 1251 'store' 'store_ln11' <Predicate = (i == 3 & select_ln8 == 18)> <Delay = 0.00>
ST_21 : Operation 1252 [1/1] (0.00ns)   --->   "%store_ln11 = store i45 %memory_in_load, i45 %memory_in_local_167" [top_wrapper.cpp:11]   --->   Operation 1252 'store' 'store_ln11' <Predicate = (i == 3 & select_ln8 == 17)> <Delay = 0.00>
ST_21 : Operation 1253 [1/1] (0.00ns)   --->   "%store_ln11 = store i45 %memory_in_load, i45 %memory_in_local_166" [top_wrapper.cpp:11]   --->   Operation 1253 'store' 'store_ln11' <Predicate = (i == 3 & select_ln8 == 16)> <Delay = 0.00>
ST_21 : Operation 1254 [1/1] (0.00ns)   --->   "%store_ln11 = store i45 %memory_in_load, i45 %memory_in_local_165" [top_wrapper.cpp:11]   --->   Operation 1254 'store' 'store_ln11' <Predicate = (i == 3 & select_ln8 == 15)> <Delay = 0.00>
ST_21 : Operation 1255 [1/1] (0.00ns)   --->   "%store_ln11 = store i45 %memory_in_load, i45 %memory_in_local_164" [top_wrapper.cpp:11]   --->   Operation 1255 'store' 'store_ln11' <Predicate = (i == 3 & select_ln8 == 14)> <Delay = 0.00>
ST_21 : Operation 1256 [1/1] (0.00ns)   --->   "%store_ln11 = store i45 %memory_in_load, i45 %memory_in_local_163" [top_wrapper.cpp:11]   --->   Operation 1256 'store' 'store_ln11' <Predicate = (i == 3 & select_ln8 == 13)> <Delay = 0.00>
ST_21 : Operation 1257 [1/1] (0.00ns)   --->   "%store_ln11 = store i45 %memory_in_load, i45 %memory_in_local_162" [top_wrapper.cpp:11]   --->   Operation 1257 'store' 'store_ln11' <Predicate = (i == 3 & select_ln8 == 12)> <Delay = 0.00>
ST_21 : Operation 1258 [1/1] (0.00ns)   --->   "%store_ln11 = store i45 %memory_in_load, i45 %memory_in_local_161" [top_wrapper.cpp:11]   --->   Operation 1258 'store' 'store_ln11' <Predicate = (i == 3 & select_ln8 == 11)> <Delay = 0.00>
ST_21 : Operation 1259 [1/1] (0.00ns)   --->   "%store_ln11 = store i45 %memory_in_load, i45 %memory_in_local_160" [top_wrapper.cpp:11]   --->   Operation 1259 'store' 'store_ln11' <Predicate = (i == 3 & select_ln8 == 10)> <Delay = 0.00>
ST_21 : Operation 1260 [1/1] (0.00ns)   --->   "%store_ln11 = store i45 %memory_in_load, i45 %memory_in_local_159" [top_wrapper.cpp:11]   --->   Operation 1260 'store' 'store_ln11' <Predicate = (i == 3 & select_ln8 == 9)> <Delay = 0.00>
ST_21 : Operation 1261 [1/1] (0.00ns)   --->   "%store_ln11 = store i45 %memory_in_load, i45 %memory_in_local_158" [top_wrapper.cpp:11]   --->   Operation 1261 'store' 'store_ln11' <Predicate = (i == 3 & select_ln8 == 8)> <Delay = 0.00>
ST_21 : Operation 1262 [1/1] (0.00ns)   --->   "%store_ln11 = store i45 %memory_in_load, i45 %memory_in_local_157" [top_wrapper.cpp:11]   --->   Operation 1262 'store' 'store_ln11' <Predicate = (i == 3 & select_ln8 == 7)> <Delay = 0.00>
ST_21 : Operation 1263 [1/1] (0.00ns)   --->   "%store_ln11 = store i45 %memory_in_load, i45 %memory_in_local_156" [top_wrapper.cpp:11]   --->   Operation 1263 'store' 'store_ln11' <Predicate = (i == 3 & select_ln8 == 6)> <Delay = 0.00>
ST_21 : Operation 1264 [1/1] (0.00ns)   --->   "%store_ln11 = store i45 %memory_in_load, i45 %memory_in_local_155" [top_wrapper.cpp:11]   --->   Operation 1264 'store' 'store_ln11' <Predicate = (i == 3 & select_ln8 == 5)> <Delay = 0.00>
ST_21 : Operation 1265 [1/1] (0.00ns)   --->   "%store_ln11 = store i45 %memory_in_load, i45 %memory_in_local_154" [top_wrapper.cpp:11]   --->   Operation 1265 'store' 'store_ln11' <Predicate = (i == 3 & select_ln8 == 4)> <Delay = 0.00>
ST_21 : Operation 1266 [1/1] (0.00ns)   --->   "%store_ln11 = store i45 %memory_in_load, i45 %memory_in_local_153" [top_wrapper.cpp:11]   --->   Operation 1266 'store' 'store_ln11' <Predicate = (i == 3 & select_ln8 == 3)> <Delay = 0.00>
ST_21 : Operation 1267 [1/1] (0.00ns)   --->   "%store_ln11 = store i45 %memory_in_load, i45 %memory_in_local_152" [top_wrapper.cpp:11]   --->   Operation 1267 'store' 'store_ln11' <Predicate = (i == 3 & select_ln8 == 2)> <Delay = 0.00>
ST_21 : Operation 1268 [1/1] (0.00ns)   --->   "%store_ln11 = store i45 %memory_in_load, i45 %memory_in_local_151" [top_wrapper.cpp:11]   --->   Operation 1268 'store' 'store_ln11' <Predicate = (i == 3 & select_ln8 == 1)> <Delay = 0.00>
ST_21 : Operation 1269 [1/1] (0.00ns)   --->   "%store_ln11 = store i45 %memory_in_load, i45 %memory_in_local_150" [top_wrapper.cpp:11]   --->   Operation 1269 'store' 'store_ln11' <Predicate = (i == 3 & select_ln8 == 0)> <Delay = 0.00>
ST_21 : Operation 1270 [1/1] (0.00ns)   --->   "%store_ln11 = store i45 %memory_in_load, i45 %memory_in_local_199" [top_wrapper.cpp:11]   --->   Operation 1270 'store' 'store_ln11' <Predicate = (i == 3 & select_ln8 == 63) | (i == 3 & select_ln8 == 62) | (i == 3 & select_ln8 == 61) | (i == 3 & select_ln8 == 60) | (i == 3 & select_ln8 == 59) | (i == 3 & select_ln8 == 58) | (i == 3 & select_ln8 == 57) | (i == 3 & select_ln8 == 56) | (i == 3 & select_ln8 == 55) | (i == 3 & select_ln8 == 54) | (i == 3 & select_ln8 == 53) | (i == 3 & select_ln8 == 52) | (i == 3 & select_ln8 == 51) | (i == 3 & select_ln8 == 50) | (i == 3 & select_ln8 == 49)> <Delay = 0.00>
ST_21 : Operation 1271 [1/1] (0.00ns)   --->   "%br_ln11 = br void %arrayidx123.exit" [top_wrapper.cpp:11]   --->   Operation 1271 'br' 'br_ln11' <Predicate = (i == 3)> <Delay = 0.00>
ST_21 : Operation 1272 [1/1] (0.00ns)   --->   "%store_ln11 = store i45 %memory_in_load, i45 %memory_in_local_148" [top_wrapper.cpp:11]   --->   Operation 1272 'store' 'store_ln11' <Predicate = (i == 2 & select_ln8 == 48)> <Delay = 0.00>
ST_21 : Operation 1273 [1/1] (0.00ns)   --->   "%store_ln11 = store i45 %memory_in_load, i45 %memory_in_local_147" [top_wrapper.cpp:11]   --->   Operation 1273 'store' 'store_ln11' <Predicate = (i == 2 & select_ln8 == 47)> <Delay = 0.00>
ST_21 : Operation 1274 [1/1] (0.00ns)   --->   "%store_ln11 = store i45 %memory_in_load, i45 %memory_in_local_146" [top_wrapper.cpp:11]   --->   Operation 1274 'store' 'store_ln11' <Predicate = (i == 2 & select_ln8 == 46)> <Delay = 0.00>
ST_21 : Operation 1275 [1/1] (0.00ns)   --->   "%store_ln11 = store i45 %memory_in_load, i45 %memory_in_local_145" [top_wrapper.cpp:11]   --->   Operation 1275 'store' 'store_ln11' <Predicate = (i == 2 & select_ln8 == 45)> <Delay = 0.00>
ST_21 : Operation 1276 [1/1] (0.00ns)   --->   "%store_ln11 = store i45 %memory_in_load, i45 %memory_in_local_144" [top_wrapper.cpp:11]   --->   Operation 1276 'store' 'store_ln11' <Predicate = (i == 2 & select_ln8 == 44)> <Delay = 0.00>
ST_21 : Operation 1277 [1/1] (0.00ns)   --->   "%store_ln11 = store i45 %memory_in_load, i45 %memory_in_local_143" [top_wrapper.cpp:11]   --->   Operation 1277 'store' 'store_ln11' <Predicate = (i == 2 & select_ln8 == 43)> <Delay = 0.00>
ST_21 : Operation 1278 [1/1] (0.00ns)   --->   "%store_ln11 = store i45 %memory_in_load, i45 %memory_in_local_142" [top_wrapper.cpp:11]   --->   Operation 1278 'store' 'store_ln11' <Predicate = (i == 2 & select_ln8 == 42)> <Delay = 0.00>
ST_21 : Operation 1279 [1/1] (0.00ns)   --->   "%store_ln11 = store i45 %memory_in_load, i45 %memory_in_local_141" [top_wrapper.cpp:11]   --->   Operation 1279 'store' 'store_ln11' <Predicate = (i == 2 & select_ln8 == 41)> <Delay = 0.00>
ST_21 : Operation 1280 [1/1] (0.00ns)   --->   "%store_ln11 = store i45 %memory_in_load, i45 %memory_in_local_140" [top_wrapper.cpp:11]   --->   Operation 1280 'store' 'store_ln11' <Predicate = (i == 2 & select_ln8 == 40)> <Delay = 0.00>
ST_21 : Operation 1281 [1/1] (0.00ns)   --->   "%store_ln11 = store i45 %memory_in_load, i45 %memory_in_local_139" [top_wrapper.cpp:11]   --->   Operation 1281 'store' 'store_ln11' <Predicate = (i == 2 & select_ln8 == 39)> <Delay = 0.00>
ST_21 : Operation 1282 [1/1] (0.00ns)   --->   "%store_ln11 = store i45 %memory_in_load, i45 %memory_in_local_138" [top_wrapper.cpp:11]   --->   Operation 1282 'store' 'store_ln11' <Predicate = (i == 2 & select_ln8 == 38)> <Delay = 0.00>
ST_21 : Operation 1283 [1/1] (0.00ns)   --->   "%store_ln11 = store i45 %memory_in_load, i45 %memory_in_local_137" [top_wrapper.cpp:11]   --->   Operation 1283 'store' 'store_ln11' <Predicate = (i == 2 & select_ln8 == 37)> <Delay = 0.00>
ST_21 : Operation 1284 [1/1] (0.00ns)   --->   "%store_ln11 = store i45 %memory_in_load, i45 %memory_in_local_136" [top_wrapper.cpp:11]   --->   Operation 1284 'store' 'store_ln11' <Predicate = (i == 2 & select_ln8 == 36)> <Delay = 0.00>
ST_21 : Operation 1285 [1/1] (0.00ns)   --->   "%store_ln11 = store i45 %memory_in_load, i45 %memory_in_local_135" [top_wrapper.cpp:11]   --->   Operation 1285 'store' 'store_ln11' <Predicate = (i == 2 & select_ln8 == 35)> <Delay = 0.00>
ST_21 : Operation 1286 [1/1] (0.00ns)   --->   "%store_ln11 = store i45 %memory_in_load, i45 %memory_in_local_134" [top_wrapper.cpp:11]   --->   Operation 1286 'store' 'store_ln11' <Predicate = (i == 2 & select_ln8 == 34)> <Delay = 0.00>
ST_21 : Operation 1287 [1/1] (0.00ns)   --->   "%store_ln11 = store i45 %memory_in_load, i45 %memory_in_local_133" [top_wrapper.cpp:11]   --->   Operation 1287 'store' 'store_ln11' <Predicate = (i == 2 & select_ln8 == 33)> <Delay = 0.00>
ST_21 : Operation 1288 [1/1] (0.00ns)   --->   "%store_ln11 = store i45 %memory_in_load, i45 %memory_in_local_132" [top_wrapper.cpp:11]   --->   Operation 1288 'store' 'store_ln11' <Predicate = (i == 2 & select_ln8 == 32)> <Delay = 0.00>
ST_21 : Operation 1289 [1/1] (0.00ns)   --->   "%store_ln11 = store i45 %memory_in_load, i45 %memory_in_local_131" [top_wrapper.cpp:11]   --->   Operation 1289 'store' 'store_ln11' <Predicate = (i == 2 & select_ln8 == 31)> <Delay = 0.00>
ST_21 : Operation 1290 [1/1] (0.00ns)   --->   "%store_ln11 = store i45 %memory_in_load, i45 %memory_in_local_130" [top_wrapper.cpp:11]   --->   Operation 1290 'store' 'store_ln11' <Predicate = (i == 2 & select_ln8 == 30)> <Delay = 0.00>
ST_21 : Operation 1291 [1/1] (0.00ns)   --->   "%store_ln11 = store i45 %memory_in_load, i45 %memory_in_local_129" [top_wrapper.cpp:11]   --->   Operation 1291 'store' 'store_ln11' <Predicate = (i == 2 & select_ln8 == 29)> <Delay = 0.00>
ST_21 : Operation 1292 [1/1] (0.00ns)   --->   "%store_ln11 = store i45 %memory_in_load, i45 %memory_in_local_128" [top_wrapper.cpp:11]   --->   Operation 1292 'store' 'store_ln11' <Predicate = (i == 2 & select_ln8 == 28)> <Delay = 0.00>
ST_21 : Operation 1293 [1/1] (0.00ns)   --->   "%store_ln11 = store i45 %memory_in_load, i45 %memory_in_local_127" [top_wrapper.cpp:11]   --->   Operation 1293 'store' 'store_ln11' <Predicate = (i == 2 & select_ln8 == 27)> <Delay = 0.00>
ST_21 : Operation 1294 [1/1] (0.00ns)   --->   "%store_ln11 = store i45 %memory_in_load, i45 %memory_in_local_126" [top_wrapper.cpp:11]   --->   Operation 1294 'store' 'store_ln11' <Predicate = (i == 2 & select_ln8 == 26)> <Delay = 0.00>
ST_21 : Operation 1295 [1/1] (0.00ns)   --->   "%store_ln11 = store i45 %memory_in_load, i45 %memory_in_local_125" [top_wrapper.cpp:11]   --->   Operation 1295 'store' 'store_ln11' <Predicate = (i == 2 & select_ln8 == 25)> <Delay = 0.00>
ST_21 : Operation 1296 [1/1] (0.00ns)   --->   "%store_ln11 = store i45 %memory_in_load, i45 %memory_in_local_124" [top_wrapper.cpp:11]   --->   Operation 1296 'store' 'store_ln11' <Predicate = (i == 2 & select_ln8 == 24)> <Delay = 0.00>
ST_21 : Operation 1297 [1/1] (0.00ns)   --->   "%store_ln11 = store i45 %memory_in_load, i45 %memory_in_local_123" [top_wrapper.cpp:11]   --->   Operation 1297 'store' 'store_ln11' <Predicate = (i == 2 & select_ln8 == 23)> <Delay = 0.00>
ST_21 : Operation 1298 [1/1] (0.00ns)   --->   "%store_ln11 = store i45 %memory_in_load, i45 %memory_in_local_122" [top_wrapper.cpp:11]   --->   Operation 1298 'store' 'store_ln11' <Predicate = (i == 2 & select_ln8 == 22)> <Delay = 0.00>
ST_21 : Operation 1299 [1/1] (0.00ns)   --->   "%store_ln11 = store i45 %memory_in_load, i45 %memory_in_local_121" [top_wrapper.cpp:11]   --->   Operation 1299 'store' 'store_ln11' <Predicate = (i == 2 & select_ln8 == 21)> <Delay = 0.00>
ST_21 : Operation 1300 [1/1] (0.00ns)   --->   "%store_ln11 = store i45 %memory_in_load, i45 %memory_in_local_120" [top_wrapper.cpp:11]   --->   Operation 1300 'store' 'store_ln11' <Predicate = (i == 2 & select_ln8 == 20)> <Delay = 0.00>
ST_21 : Operation 1301 [1/1] (0.00ns)   --->   "%store_ln11 = store i45 %memory_in_load, i45 %memory_in_local_119" [top_wrapper.cpp:11]   --->   Operation 1301 'store' 'store_ln11' <Predicate = (i == 2 & select_ln8 == 19)> <Delay = 0.00>
ST_21 : Operation 1302 [1/1] (0.00ns)   --->   "%store_ln11 = store i45 %memory_in_load, i45 %memory_in_local_118" [top_wrapper.cpp:11]   --->   Operation 1302 'store' 'store_ln11' <Predicate = (i == 2 & select_ln8 == 18)> <Delay = 0.00>
ST_21 : Operation 1303 [1/1] (0.00ns)   --->   "%store_ln11 = store i45 %memory_in_load, i45 %memory_in_local_117" [top_wrapper.cpp:11]   --->   Operation 1303 'store' 'store_ln11' <Predicate = (i == 2 & select_ln8 == 17)> <Delay = 0.00>
ST_21 : Operation 1304 [1/1] (0.00ns)   --->   "%store_ln11 = store i45 %memory_in_load, i45 %memory_in_local_116" [top_wrapper.cpp:11]   --->   Operation 1304 'store' 'store_ln11' <Predicate = (i == 2 & select_ln8 == 16)> <Delay = 0.00>
ST_21 : Operation 1305 [1/1] (0.00ns)   --->   "%store_ln11 = store i45 %memory_in_load, i45 %memory_in_local_115" [top_wrapper.cpp:11]   --->   Operation 1305 'store' 'store_ln11' <Predicate = (i == 2 & select_ln8 == 15)> <Delay = 0.00>
ST_21 : Operation 1306 [1/1] (0.00ns)   --->   "%store_ln11 = store i45 %memory_in_load, i45 %memory_in_local_114" [top_wrapper.cpp:11]   --->   Operation 1306 'store' 'store_ln11' <Predicate = (i == 2 & select_ln8 == 14)> <Delay = 0.00>
ST_21 : Operation 1307 [1/1] (0.00ns)   --->   "%store_ln11 = store i45 %memory_in_load, i45 %memory_in_local_113" [top_wrapper.cpp:11]   --->   Operation 1307 'store' 'store_ln11' <Predicate = (i == 2 & select_ln8 == 13)> <Delay = 0.00>
ST_21 : Operation 1308 [1/1] (0.00ns)   --->   "%store_ln11 = store i45 %memory_in_load, i45 %memory_in_local_112" [top_wrapper.cpp:11]   --->   Operation 1308 'store' 'store_ln11' <Predicate = (i == 2 & select_ln8 == 12)> <Delay = 0.00>
ST_21 : Operation 1309 [1/1] (0.00ns)   --->   "%store_ln11 = store i45 %memory_in_load, i45 %memory_in_local_111" [top_wrapper.cpp:11]   --->   Operation 1309 'store' 'store_ln11' <Predicate = (i == 2 & select_ln8 == 11)> <Delay = 0.00>
ST_21 : Operation 1310 [1/1] (0.00ns)   --->   "%store_ln11 = store i45 %memory_in_load, i45 %memory_in_local_110" [top_wrapper.cpp:11]   --->   Operation 1310 'store' 'store_ln11' <Predicate = (i == 2 & select_ln8 == 10)> <Delay = 0.00>
ST_21 : Operation 1311 [1/1] (0.00ns)   --->   "%store_ln11 = store i45 %memory_in_load, i45 %memory_in_local_109" [top_wrapper.cpp:11]   --->   Operation 1311 'store' 'store_ln11' <Predicate = (i == 2 & select_ln8 == 9)> <Delay = 0.00>
ST_21 : Operation 1312 [1/1] (0.00ns)   --->   "%store_ln11 = store i45 %memory_in_load, i45 %memory_in_local_108" [top_wrapper.cpp:11]   --->   Operation 1312 'store' 'store_ln11' <Predicate = (i == 2 & select_ln8 == 8)> <Delay = 0.00>
ST_21 : Operation 1313 [1/1] (0.00ns)   --->   "%store_ln11 = store i45 %memory_in_load, i45 %memory_in_local_107" [top_wrapper.cpp:11]   --->   Operation 1313 'store' 'store_ln11' <Predicate = (i == 2 & select_ln8 == 7)> <Delay = 0.00>
ST_21 : Operation 1314 [1/1] (0.00ns)   --->   "%store_ln11 = store i45 %memory_in_load, i45 %memory_in_local_106" [top_wrapper.cpp:11]   --->   Operation 1314 'store' 'store_ln11' <Predicate = (i == 2 & select_ln8 == 6)> <Delay = 0.00>
ST_21 : Operation 1315 [1/1] (0.00ns)   --->   "%store_ln11 = store i45 %memory_in_load, i45 %memory_in_local_105" [top_wrapper.cpp:11]   --->   Operation 1315 'store' 'store_ln11' <Predicate = (i == 2 & select_ln8 == 5)> <Delay = 0.00>
ST_21 : Operation 1316 [1/1] (0.00ns)   --->   "%store_ln11 = store i45 %memory_in_load, i45 %memory_in_local_104" [top_wrapper.cpp:11]   --->   Operation 1316 'store' 'store_ln11' <Predicate = (i == 2 & select_ln8 == 4)> <Delay = 0.00>
ST_21 : Operation 1317 [1/1] (0.00ns)   --->   "%store_ln11 = store i45 %memory_in_load, i45 %memory_in_local_103" [top_wrapper.cpp:11]   --->   Operation 1317 'store' 'store_ln11' <Predicate = (i == 2 & select_ln8 == 3)> <Delay = 0.00>
ST_21 : Operation 1318 [1/1] (0.00ns)   --->   "%store_ln11 = store i45 %memory_in_load, i45 %memory_in_local_102" [top_wrapper.cpp:11]   --->   Operation 1318 'store' 'store_ln11' <Predicate = (i == 2 & select_ln8 == 2)> <Delay = 0.00>
ST_21 : Operation 1319 [1/1] (0.00ns)   --->   "%store_ln11 = store i45 %memory_in_load, i45 %memory_in_local_101" [top_wrapper.cpp:11]   --->   Operation 1319 'store' 'store_ln11' <Predicate = (i == 2 & select_ln8 == 1)> <Delay = 0.00>
ST_21 : Operation 1320 [1/1] (0.00ns)   --->   "%store_ln11 = store i45 %memory_in_load, i45 %memory_in_local_100" [top_wrapper.cpp:11]   --->   Operation 1320 'store' 'store_ln11' <Predicate = (i == 2 & select_ln8 == 0)> <Delay = 0.00>
ST_21 : Operation 1321 [1/1] (0.00ns)   --->   "%store_ln11 = store i45 %memory_in_load, i45 %memory_in_local_149" [top_wrapper.cpp:11]   --->   Operation 1321 'store' 'store_ln11' <Predicate = (i == 2 & select_ln8 == 63) | (i == 2 & select_ln8 == 62) | (i == 2 & select_ln8 == 61) | (i == 2 & select_ln8 == 60) | (i == 2 & select_ln8 == 59) | (i == 2 & select_ln8 == 58) | (i == 2 & select_ln8 == 57) | (i == 2 & select_ln8 == 56) | (i == 2 & select_ln8 == 55) | (i == 2 & select_ln8 == 54) | (i == 2 & select_ln8 == 53) | (i == 2 & select_ln8 == 52) | (i == 2 & select_ln8 == 51) | (i == 2 & select_ln8 == 50) | (i == 2 & select_ln8 == 49)> <Delay = 0.00>
ST_21 : Operation 1322 [1/1] (0.00ns)   --->   "%br_ln11 = br void %arrayidx123.exit" [top_wrapper.cpp:11]   --->   Operation 1322 'br' 'br_ln11' <Predicate = (i == 2)> <Delay = 0.00>
ST_21 : Operation 1323 [1/1] (0.00ns)   --->   "%store_ln11 = store i45 %memory_in_load, i45 %memory_in_local_98" [top_wrapper.cpp:11]   --->   Operation 1323 'store' 'store_ln11' <Predicate = (i == 1 & select_ln8 == 48)> <Delay = 0.00>
ST_21 : Operation 1324 [1/1] (0.00ns)   --->   "%store_ln11 = store i45 %memory_in_load, i45 %memory_in_local_97" [top_wrapper.cpp:11]   --->   Operation 1324 'store' 'store_ln11' <Predicate = (i == 1 & select_ln8 == 47)> <Delay = 0.00>
ST_21 : Operation 1325 [1/1] (0.00ns)   --->   "%store_ln11 = store i45 %memory_in_load, i45 %memory_in_local_96" [top_wrapper.cpp:11]   --->   Operation 1325 'store' 'store_ln11' <Predicate = (i == 1 & select_ln8 == 46)> <Delay = 0.00>
ST_21 : Operation 1326 [1/1] (0.00ns)   --->   "%store_ln11 = store i45 %memory_in_load, i45 %memory_in_local_95" [top_wrapper.cpp:11]   --->   Operation 1326 'store' 'store_ln11' <Predicate = (i == 1 & select_ln8 == 45)> <Delay = 0.00>
ST_21 : Operation 1327 [1/1] (0.00ns)   --->   "%store_ln11 = store i45 %memory_in_load, i45 %memory_in_local_94" [top_wrapper.cpp:11]   --->   Operation 1327 'store' 'store_ln11' <Predicate = (i == 1 & select_ln8 == 44)> <Delay = 0.00>
ST_21 : Operation 1328 [1/1] (0.00ns)   --->   "%store_ln11 = store i45 %memory_in_load, i45 %memory_in_local_93" [top_wrapper.cpp:11]   --->   Operation 1328 'store' 'store_ln11' <Predicate = (i == 1 & select_ln8 == 43)> <Delay = 0.00>
ST_21 : Operation 1329 [1/1] (0.00ns)   --->   "%store_ln11 = store i45 %memory_in_load, i45 %memory_in_local_92" [top_wrapper.cpp:11]   --->   Operation 1329 'store' 'store_ln11' <Predicate = (i == 1 & select_ln8 == 42)> <Delay = 0.00>
ST_21 : Operation 1330 [1/1] (0.00ns)   --->   "%store_ln11 = store i45 %memory_in_load, i45 %memory_in_local_91" [top_wrapper.cpp:11]   --->   Operation 1330 'store' 'store_ln11' <Predicate = (i == 1 & select_ln8 == 41)> <Delay = 0.00>
ST_21 : Operation 1331 [1/1] (0.00ns)   --->   "%store_ln11 = store i45 %memory_in_load, i45 %memory_in_local_90" [top_wrapper.cpp:11]   --->   Operation 1331 'store' 'store_ln11' <Predicate = (i == 1 & select_ln8 == 40)> <Delay = 0.00>
ST_21 : Operation 1332 [1/1] (0.00ns)   --->   "%store_ln11 = store i45 %memory_in_load, i45 %memory_in_local_89" [top_wrapper.cpp:11]   --->   Operation 1332 'store' 'store_ln11' <Predicate = (i == 1 & select_ln8 == 39)> <Delay = 0.00>
ST_21 : Operation 1333 [1/1] (0.00ns)   --->   "%store_ln11 = store i45 %memory_in_load, i45 %memory_in_local_88" [top_wrapper.cpp:11]   --->   Operation 1333 'store' 'store_ln11' <Predicate = (i == 1 & select_ln8 == 38)> <Delay = 0.00>
ST_21 : Operation 1334 [1/1] (0.00ns)   --->   "%store_ln11 = store i45 %memory_in_load, i45 %memory_in_local_87" [top_wrapper.cpp:11]   --->   Operation 1334 'store' 'store_ln11' <Predicate = (i == 1 & select_ln8 == 37)> <Delay = 0.00>
ST_21 : Operation 1335 [1/1] (0.00ns)   --->   "%store_ln11 = store i45 %memory_in_load, i45 %memory_in_local_86" [top_wrapper.cpp:11]   --->   Operation 1335 'store' 'store_ln11' <Predicate = (i == 1 & select_ln8 == 36)> <Delay = 0.00>
ST_21 : Operation 1336 [1/1] (0.00ns)   --->   "%store_ln11 = store i45 %memory_in_load, i45 %memory_in_local_85" [top_wrapper.cpp:11]   --->   Operation 1336 'store' 'store_ln11' <Predicate = (i == 1 & select_ln8 == 35)> <Delay = 0.00>
ST_21 : Operation 1337 [1/1] (0.00ns)   --->   "%store_ln11 = store i45 %memory_in_load, i45 %memory_in_local_84" [top_wrapper.cpp:11]   --->   Operation 1337 'store' 'store_ln11' <Predicate = (i == 1 & select_ln8 == 34)> <Delay = 0.00>
ST_21 : Operation 1338 [1/1] (0.00ns)   --->   "%store_ln11 = store i45 %memory_in_load, i45 %memory_in_local_83" [top_wrapper.cpp:11]   --->   Operation 1338 'store' 'store_ln11' <Predicate = (i == 1 & select_ln8 == 33)> <Delay = 0.00>
ST_21 : Operation 1339 [1/1] (0.00ns)   --->   "%store_ln11 = store i45 %memory_in_load, i45 %memory_in_local_82" [top_wrapper.cpp:11]   --->   Operation 1339 'store' 'store_ln11' <Predicate = (i == 1 & select_ln8 == 32)> <Delay = 0.00>
ST_21 : Operation 1340 [1/1] (0.00ns)   --->   "%store_ln11 = store i45 %memory_in_load, i45 %memory_in_local_81" [top_wrapper.cpp:11]   --->   Operation 1340 'store' 'store_ln11' <Predicate = (i == 1 & select_ln8 == 31)> <Delay = 0.00>
ST_21 : Operation 1341 [1/1] (0.00ns)   --->   "%store_ln11 = store i45 %memory_in_load, i45 %memory_in_local_80" [top_wrapper.cpp:11]   --->   Operation 1341 'store' 'store_ln11' <Predicate = (i == 1 & select_ln8 == 30)> <Delay = 0.00>
ST_21 : Operation 1342 [1/1] (0.00ns)   --->   "%store_ln11 = store i45 %memory_in_load, i45 %memory_in_local_79" [top_wrapper.cpp:11]   --->   Operation 1342 'store' 'store_ln11' <Predicate = (i == 1 & select_ln8 == 29)> <Delay = 0.00>
ST_21 : Operation 1343 [1/1] (0.00ns)   --->   "%store_ln11 = store i45 %memory_in_load, i45 %memory_in_local_78" [top_wrapper.cpp:11]   --->   Operation 1343 'store' 'store_ln11' <Predicate = (i == 1 & select_ln8 == 28)> <Delay = 0.00>
ST_21 : Operation 1344 [1/1] (0.00ns)   --->   "%store_ln11 = store i45 %memory_in_load, i45 %memory_in_local_77" [top_wrapper.cpp:11]   --->   Operation 1344 'store' 'store_ln11' <Predicate = (i == 1 & select_ln8 == 27)> <Delay = 0.00>
ST_21 : Operation 1345 [1/1] (0.00ns)   --->   "%store_ln11 = store i45 %memory_in_load, i45 %memory_in_local_76" [top_wrapper.cpp:11]   --->   Operation 1345 'store' 'store_ln11' <Predicate = (i == 1 & select_ln8 == 26)> <Delay = 0.00>
ST_21 : Operation 1346 [1/1] (0.00ns)   --->   "%store_ln11 = store i45 %memory_in_load, i45 %memory_in_local_75" [top_wrapper.cpp:11]   --->   Operation 1346 'store' 'store_ln11' <Predicate = (i == 1 & select_ln8 == 25)> <Delay = 0.00>
ST_21 : Operation 1347 [1/1] (0.00ns)   --->   "%store_ln11 = store i45 %memory_in_load, i45 %memory_in_local_74" [top_wrapper.cpp:11]   --->   Operation 1347 'store' 'store_ln11' <Predicate = (i == 1 & select_ln8 == 24)> <Delay = 0.00>
ST_21 : Operation 1348 [1/1] (0.00ns)   --->   "%store_ln11 = store i45 %memory_in_load, i45 %memory_in_local_73" [top_wrapper.cpp:11]   --->   Operation 1348 'store' 'store_ln11' <Predicate = (i == 1 & select_ln8 == 23)> <Delay = 0.00>
ST_21 : Operation 1349 [1/1] (0.00ns)   --->   "%store_ln11 = store i45 %memory_in_load, i45 %memory_in_local_72" [top_wrapper.cpp:11]   --->   Operation 1349 'store' 'store_ln11' <Predicate = (i == 1 & select_ln8 == 22)> <Delay = 0.00>
ST_21 : Operation 1350 [1/1] (0.00ns)   --->   "%store_ln11 = store i45 %memory_in_load, i45 %memory_in_local_71" [top_wrapper.cpp:11]   --->   Operation 1350 'store' 'store_ln11' <Predicate = (i == 1 & select_ln8 == 21)> <Delay = 0.00>
ST_21 : Operation 1351 [1/1] (0.00ns)   --->   "%store_ln11 = store i45 %memory_in_load, i45 %memory_in_local_70" [top_wrapper.cpp:11]   --->   Operation 1351 'store' 'store_ln11' <Predicate = (i == 1 & select_ln8 == 20)> <Delay = 0.00>
ST_21 : Operation 1352 [1/1] (0.00ns)   --->   "%store_ln11 = store i45 %memory_in_load, i45 %memory_in_local_69" [top_wrapper.cpp:11]   --->   Operation 1352 'store' 'store_ln11' <Predicate = (i == 1 & select_ln8 == 19)> <Delay = 0.00>
ST_21 : Operation 1353 [1/1] (0.00ns)   --->   "%store_ln11 = store i45 %memory_in_load, i45 %memory_in_local_68" [top_wrapper.cpp:11]   --->   Operation 1353 'store' 'store_ln11' <Predicate = (i == 1 & select_ln8 == 18)> <Delay = 0.00>
ST_21 : Operation 1354 [1/1] (0.00ns)   --->   "%store_ln11 = store i45 %memory_in_load, i45 %memory_in_local_67" [top_wrapper.cpp:11]   --->   Operation 1354 'store' 'store_ln11' <Predicate = (i == 1 & select_ln8 == 17)> <Delay = 0.00>
ST_21 : Operation 1355 [1/1] (0.00ns)   --->   "%store_ln11 = store i45 %memory_in_load, i45 %memory_in_local_66" [top_wrapper.cpp:11]   --->   Operation 1355 'store' 'store_ln11' <Predicate = (i == 1 & select_ln8 == 16)> <Delay = 0.00>
ST_21 : Operation 1356 [1/1] (0.00ns)   --->   "%store_ln11 = store i45 %memory_in_load, i45 %memory_in_local_65" [top_wrapper.cpp:11]   --->   Operation 1356 'store' 'store_ln11' <Predicate = (i == 1 & select_ln8 == 15)> <Delay = 0.00>
ST_21 : Operation 1357 [1/1] (0.00ns)   --->   "%store_ln11 = store i45 %memory_in_load, i45 %memory_in_local_64" [top_wrapper.cpp:11]   --->   Operation 1357 'store' 'store_ln11' <Predicate = (i == 1 & select_ln8 == 14)> <Delay = 0.00>
ST_21 : Operation 1358 [1/1] (0.00ns)   --->   "%store_ln11 = store i45 %memory_in_load, i45 %memory_in_local_63" [top_wrapper.cpp:11]   --->   Operation 1358 'store' 'store_ln11' <Predicate = (i == 1 & select_ln8 == 13)> <Delay = 0.00>
ST_21 : Operation 1359 [1/1] (0.00ns)   --->   "%store_ln11 = store i45 %memory_in_load, i45 %memory_in_local_62" [top_wrapper.cpp:11]   --->   Operation 1359 'store' 'store_ln11' <Predicate = (i == 1 & select_ln8 == 12)> <Delay = 0.00>
ST_21 : Operation 1360 [1/1] (0.00ns)   --->   "%store_ln11 = store i45 %memory_in_load, i45 %memory_in_local_61" [top_wrapper.cpp:11]   --->   Operation 1360 'store' 'store_ln11' <Predicate = (i == 1 & select_ln8 == 11)> <Delay = 0.00>
ST_21 : Operation 1361 [1/1] (0.00ns)   --->   "%store_ln11 = store i45 %memory_in_load, i45 %memory_in_local_60" [top_wrapper.cpp:11]   --->   Operation 1361 'store' 'store_ln11' <Predicate = (i == 1 & select_ln8 == 10)> <Delay = 0.00>
ST_21 : Operation 1362 [1/1] (0.00ns)   --->   "%store_ln11 = store i45 %memory_in_load, i45 %memory_in_local_59" [top_wrapper.cpp:11]   --->   Operation 1362 'store' 'store_ln11' <Predicate = (i == 1 & select_ln8 == 9)> <Delay = 0.00>
ST_21 : Operation 1363 [1/1] (0.00ns)   --->   "%store_ln11 = store i45 %memory_in_load, i45 %memory_in_local_58" [top_wrapper.cpp:11]   --->   Operation 1363 'store' 'store_ln11' <Predicate = (i == 1 & select_ln8 == 8)> <Delay = 0.00>
ST_21 : Operation 1364 [1/1] (0.00ns)   --->   "%store_ln11 = store i45 %memory_in_load, i45 %memory_in_local_57" [top_wrapper.cpp:11]   --->   Operation 1364 'store' 'store_ln11' <Predicate = (i == 1 & select_ln8 == 7)> <Delay = 0.00>
ST_21 : Operation 1365 [1/1] (0.00ns)   --->   "%store_ln11 = store i45 %memory_in_load, i45 %memory_in_local_56" [top_wrapper.cpp:11]   --->   Operation 1365 'store' 'store_ln11' <Predicate = (i == 1 & select_ln8 == 6)> <Delay = 0.00>
ST_21 : Operation 1366 [1/1] (0.00ns)   --->   "%store_ln11 = store i45 %memory_in_load, i45 %memory_in_local_55" [top_wrapper.cpp:11]   --->   Operation 1366 'store' 'store_ln11' <Predicate = (i == 1 & select_ln8 == 5)> <Delay = 0.00>
ST_21 : Operation 1367 [1/1] (0.00ns)   --->   "%store_ln11 = store i45 %memory_in_load, i45 %memory_in_local_54" [top_wrapper.cpp:11]   --->   Operation 1367 'store' 'store_ln11' <Predicate = (i == 1 & select_ln8 == 4)> <Delay = 0.00>
ST_21 : Operation 1368 [1/1] (0.00ns)   --->   "%store_ln11 = store i45 %memory_in_load, i45 %memory_in_local_53" [top_wrapper.cpp:11]   --->   Operation 1368 'store' 'store_ln11' <Predicate = (i == 1 & select_ln8 == 3)> <Delay = 0.00>
ST_21 : Operation 1369 [1/1] (0.00ns)   --->   "%store_ln11 = store i45 %memory_in_load, i45 %memory_in_local_52" [top_wrapper.cpp:11]   --->   Operation 1369 'store' 'store_ln11' <Predicate = (i == 1 & select_ln8 == 2)> <Delay = 0.00>
ST_21 : Operation 1370 [1/1] (0.00ns)   --->   "%store_ln11 = store i45 %memory_in_load, i45 %memory_in_local_51" [top_wrapper.cpp:11]   --->   Operation 1370 'store' 'store_ln11' <Predicate = (i == 1 & select_ln8 == 1)> <Delay = 0.00>
ST_21 : Operation 1371 [1/1] (0.00ns)   --->   "%store_ln11 = store i45 %memory_in_load, i45 %memory_in_local_50" [top_wrapper.cpp:11]   --->   Operation 1371 'store' 'store_ln11' <Predicate = (i == 1 & select_ln8 == 0)> <Delay = 0.00>
ST_21 : Operation 1372 [1/1] (0.00ns)   --->   "%store_ln11 = store i45 %memory_in_load, i45 %memory_in_local_99" [top_wrapper.cpp:11]   --->   Operation 1372 'store' 'store_ln11' <Predicate = (i == 1 & select_ln8 == 63) | (i == 1 & select_ln8 == 62) | (i == 1 & select_ln8 == 61) | (i == 1 & select_ln8 == 60) | (i == 1 & select_ln8 == 59) | (i == 1 & select_ln8 == 58) | (i == 1 & select_ln8 == 57) | (i == 1 & select_ln8 == 56) | (i == 1 & select_ln8 == 55) | (i == 1 & select_ln8 == 54) | (i == 1 & select_ln8 == 53) | (i == 1 & select_ln8 == 52) | (i == 1 & select_ln8 == 51) | (i == 1 & select_ln8 == 50) | (i == 1 & select_ln8 == 49)> <Delay = 0.00>
ST_21 : Operation 1373 [1/1] (0.00ns)   --->   "%br_ln11 = br void %arrayidx123.exit" [top_wrapper.cpp:11]   --->   Operation 1373 'br' 'br_ln11' <Predicate = (i == 1)> <Delay = 0.00>
ST_21 : Operation 1374 [1/1] (0.00ns)   --->   "%store_ln11 = store i45 %memory_in_load, i45 %memory_in_local_48" [top_wrapper.cpp:11]   --->   Operation 1374 'store' 'store_ln11' <Predicate = (i == 0 & select_ln8 == 48)> <Delay = 0.00>
ST_21 : Operation 1375 [1/1] (0.00ns)   --->   "%store_ln11 = store i45 %memory_in_load, i45 %memory_in_local_47" [top_wrapper.cpp:11]   --->   Operation 1375 'store' 'store_ln11' <Predicate = (i == 0 & select_ln8 == 47)> <Delay = 0.00>
ST_21 : Operation 1376 [1/1] (0.00ns)   --->   "%store_ln11 = store i45 %memory_in_load, i45 %memory_in_local_46" [top_wrapper.cpp:11]   --->   Operation 1376 'store' 'store_ln11' <Predicate = (i == 0 & select_ln8 == 46)> <Delay = 0.00>
ST_21 : Operation 1377 [1/1] (0.00ns)   --->   "%store_ln11 = store i45 %memory_in_load, i45 %memory_in_local_45" [top_wrapper.cpp:11]   --->   Operation 1377 'store' 'store_ln11' <Predicate = (i == 0 & select_ln8 == 45)> <Delay = 0.00>
ST_21 : Operation 1378 [1/1] (0.00ns)   --->   "%store_ln11 = store i45 %memory_in_load, i45 %memory_in_local_44" [top_wrapper.cpp:11]   --->   Operation 1378 'store' 'store_ln11' <Predicate = (i == 0 & select_ln8 == 44)> <Delay = 0.00>
ST_21 : Operation 1379 [1/1] (0.00ns)   --->   "%store_ln11 = store i45 %memory_in_load, i45 %memory_in_local_43" [top_wrapper.cpp:11]   --->   Operation 1379 'store' 'store_ln11' <Predicate = (i == 0 & select_ln8 == 43)> <Delay = 0.00>
ST_21 : Operation 1380 [1/1] (0.00ns)   --->   "%store_ln11 = store i45 %memory_in_load, i45 %memory_in_local_42" [top_wrapper.cpp:11]   --->   Operation 1380 'store' 'store_ln11' <Predicate = (i == 0 & select_ln8 == 42)> <Delay = 0.00>
ST_21 : Operation 1381 [1/1] (0.00ns)   --->   "%store_ln11 = store i45 %memory_in_load, i45 %memory_in_local_41" [top_wrapper.cpp:11]   --->   Operation 1381 'store' 'store_ln11' <Predicate = (i == 0 & select_ln8 == 41)> <Delay = 0.00>
ST_21 : Operation 1382 [1/1] (0.00ns)   --->   "%store_ln11 = store i45 %memory_in_load, i45 %memory_in_local_40" [top_wrapper.cpp:11]   --->   Operation 1382 'store' 'store_ln11' <Predicate = (i == 0 & select_ln8 == 40)> <Delay = 0.00>
ST_21 : Operation 1383 [1/1] (0.00ns)   --->   "%store_ln11 = store i45 %memory_in_load, i45 %memory_in_local_39" [top_wrapper.cpp:11]   --->   Operation 1383 'store' 'store_ln11' <Predicate = (i == 0 & select_ln8 == 39)> <Delay = 0.00>
ST_21 : Operation 1384 [1/1] (0.00ns)   --->   "%store_ln11 = store i45 %memory_in_load, i45 %memory_in_local_38" [top_wrapper.cpp:11]   --->   Operation 1384 'store' 'store_ln11' <Predicate = (i == 0 & select_ln8 == 38)> <Delay = 0.00>
ST_21 : Operation 1385 [1/1] (0.00ns)   --->   "%store_ln11 = store i45 %memory_in_load, i45 %memory_in_local_37" [top_wrapper.cpp:11]   --->   Operation 1385 'store' 'store_ln11' <Predicate = (i == 0 & select_ln8 == 37)> <Delay = 0.00>
ST_21 : Operation 1386 [1/1] (0.00ns)   --->   "%store_ln11 = store i45 %memory_in_load, i45 %memory_in_local_36" [top_wrapper.cpp:11]   --->   Operation 1386 'store' 'store_ln11' <Predicate = (i == 0 & select_ln8 == 36)> <Delay = 0.00>
ST_21 : Operation 1387 [1/1] (0.00ns)   --->   "%store_ln11 = store i45 %memory_in_load, i45 %memory_in_local_35" [top_wrapper.cpp:11]   --->   Operation 1387 'store' 'store_ln11' <Predicate = (i == 0 & select_ln8 == 35)> <Delay = 0.00>
ST_21 : Operation 1388 [1/1] (0.00ns)   --->   "%store_ln11 = store i45 %memory_in_load, i45 %memory_in_local_34" [top_wrapper.cpp:11]   --->   Operation 1388 'store' 'store_ln11' <Predicate = (i == 0 & select_ln8 == 34)> <Delay = 0.00>
ST_21 : Operation 1389 [1/1] (0.00ns)   --->   "%store_ln11 = store i45 %memory_in_load, i45 %memory_in_local_33" [top_wrapper.cpp:11]   --->   Operation 1389 'store' 'store_ln11' <Predicate = (i == 0 & select_ln8 == 33)> <Delay = 0.00>
ST_21 : Operation 1390 [1/1] (0.00ns)   --->   "%store_ln11 = store i45 %memory_in_load, i45 %memory_in_local_32" [top_wrapper.cpp:11]   --->   Operation 1390 'store' 'store_ln11' <Predicate = (i == 0 & select_ln8 == 32)> <Delay = 0.00>
ST_21 : Operation 1391 [1/1] (0.00ns)   --->   "%store_ln11 = store i45 %memory_in_load, i45 %memory_in_local_31" [top_wrapper.cpp:11]   --->   Operation 1391 'store' 'store_ln11' <Predicate = (i == 0 & select_ln8 == 31)> <Delay = 0.00>
ST_21 : Operation 1392 [1/1] (0.00ns)   --->   "%store_ln11 = store i45 %memory_in_load, i45 %memory_in_local_30" [top_wrapper.cpp:11]   --->   Operation 1392 'store' 'store_ln11' <Predicate = (i == 0 & select_ln8 == 30)> <Delay = 0.00>
ST_21 : Operation 1393 [1/1] (0.00ns)   --->   "%store_ln11 = store i45 %memory_in_load, i45 %memory_in_local_29" [top_wrapper.cpp:11]   --->   Operation 1393 'store' 'store_ln11' <Predicate = (i == 0 & select_ln8 == 29)> <Delay = 0.00>
ST_21 : Operation 1394 [1/1] (0.00ns)   --->   "%store_ln11 = store i45 %memory_in_load, i45 %memory_in_local_28" [top_wrapper.cpp:11]   --->   Operation 1394 'store' 'store_ln11' <Predicate = (i == 0 & select_ln8 == 28)> <Delay = 0.00>
ST_21 : Operation 1395 [1/1] (0.00ns)   --->   "%store_ln11 = store i45 %memory_in_load, i45 %memory_in_local_27" [top_wrapper.cpp:11]   --->   Operation 1395 'store' 'store_ln11' <Predicate = (i == 0 & select_ln8 == 27)> <Delay = 0.00>
ST_21 : Operation 1396 [1/1] (0.00ns)   --->   "%store_ln11 = store i45 %memory_in_load, i45 %memory_in_local_26" [top_wrapper.cpp:11]   --->   Operation 1396 'store' 'store_ln11' <Predicate = (i == 0 & select_ln8 == 26)> <Delay = 0.00>
ST_21 : Operation 1397 [1/1] (0.00ns)   --->   "%store_ln11 = store i45 %memory_in_load, i45 %memory_in_local_25" [top_wrapper.cpp:11]   --->   Operation 1397 'store' 'store_ln11' <Predicate = (i == 0 & select_ln8 == 25)> <Delay = 0.00>
ST_21 : Operation 1398 [1/1] (0.00ns)   --->   "%store_ln11 = store i45 %memory_in_load, i45 %memory_in_local_24" [top_wrapper.cpp:11]   --->   Operation 1398 'store' 'store_ln11' <Predicate = (i == 0 & select_ln8 == 24)> <Delay = 0.00>
ST_21 : Operation 1399 [1/1] (0.00ns)   --->   "%store_ln11 = store i45 %memory_in_load, i45 %memory_in_local_23" [top_wrapper.cpp:11]   --->   Operation 1399 'store' 'store_ln11' <Predicate = (i == 0 & select_ln8 == 23)> <Delay = 0.00>
ST_21 : Operation 1400 [1/1] (0.00ns)   --->   "%store_ln11 = store i45 %memory_in_load, i45 %memory_in_local_22" [top_wrapper.cpp:11]   --->   Operation 1400 'store' 'store_ln11' <Predicate = (i == 0 & select_ln8 == 22)> <Delay = 0.00>
ST_21 : Operation 1401 [1/1] (0.00ns)   --->   "%store_ln11 = store i45 %memory_in_load, i45 %memory_in_local_21" [top_wrapper.cpp:11]   --->   Operation 1401 'store' 'store_ln11' <Predicate = (i == 0 & select_ln8 == 21)> <Delay = 0.00>
ST_21 : Operation 1402 [1/1] (0.00ns)   --->   "%store_ln11 = store i45 %memory_in_load, i45 %memory_in_local_20" [top_wrapper.cpp:11]   --->   Operation 1402 'store' 'store_ln11' <Predicate = (i == 0 & select_ln8 == 20)> <Delay = 0.00>
ST_21 : Operation 1403 [1/1] (0.00ns)   --->   "%store_ln11 = store i45 %memory_in_load, i45 %memory_in_local_19" [top_wrapper.cpp:11]   --->   Operation 1403 'store' 'store_ln11' <Predicate = (i == 0 & select_ln8 == 19)> <Delay = 0.00>
ST_21 : Operation 1404 [1/1] (0.00ns)   --->   "%store_ln11 = store i45 %memory_in_load, i45 %memory_in_local_18" [top_wrapper.cpp:11]   --->   Operation 1404 'store' 'store_ln11' <Predicate = (i == 0 & select_ln8 == 18)> <Delay = 0.00>
ST_21 : Operation 1405 [1/1] (0.00ns)   --->   "%store_ln11 = store i45 %memory_in_load, i45 %memory_in_local_17" [top_wrapper.cpp:11]   --->   Operation 1405 'store' 'store_ln11' <Predicate = (i == 0 & select_ln8 == 17)> <Delay = 0.00>
ST_21 : Operation 1406 [1/1] (0.00ns)   --->   "%store_ln11 = store i45 %memory_in_load, i45 %memory_in_local_16" [top_wrapper.cpp:11]   --->   Operation 1406 'store' 'store_ln11' <Predicate = (i == 0 & select_ln8 == 16)> <Delay = 0.00>
ST_21 : Operation 1407 [1/1] (0.00ns)   --->   "%store_ln11 = store i45 %memory_in_load, i45 %memory_in_local_15" [top_wrapper.cpp:11]   --->   Operation 1407 'store' 'store_ln11' <Predicate = (i == 0 & select_ln8 == 15)> <Delay = 0.00>
ST_21 : Operation 1408 [1/1] (0.00ns)   --->   "%store_ln11 = store i45 %memory_in_load, i45 %memory_in_local_14" [top_wrapper.cpp:11]   --->   Operation 1408 'store' 'store_ln11' <Predicate = (i == 0 & select_ln8 == 14)> <Delay = 0.00>
ST_21 : Operation 1409 [1/1] (0.00ns)   --->   "%store_ln11 = store i45 %memory_in_load, i45 %memory_in_local_13" [top_wrapper.cpp:11]   --->   Operation 1409 'store' 'store_ln11' <Predicate = (i == 0 & select_ln8 == 13)> <Delay = 0.00>
ST_21 : Operation 1410 [1/1] (0.00ns)   --->   "%store_ln11 = store i45 %memory_in_load, i45 %memory_in_local_12" [top_wrapper.cpp:11]   --->   Operation 1410 'store' 'store_ln11' <Predicate = (i == 0 & select_ln8 == 12)> <Delay = 0.00>
ST_21 : Operation 1411 [1/1] (0.00ns)   --->   "%store_ln11 = store i45 %memory_in_load, i45 %memory_in_local_11" [top_wrapper.cpp:11]   --->   Operation 1411 'store' 'store_ln11' <Predicate = (i == 0 & select_ln8 == 11)> <Delay = 0.00>
ST_21 : Operation 1412 [1/1] (0.00ns)   --->   "%store_ln11 = store i45 %memory_in_load, i45 %memory_in_local_10" [top_wrapper.cpp:11]   --->   Operation 1412 'store' 'store_ln11' <Predicate = (i == 0 & select_ln8 == 10)> <Delay = 0.00>
ST_21 : Operation 1413 [1/1] (0.00ns)   --->   "%store_ln11 = store i45 %memory_in_load, i45 %memory_in_local_9" [top_wrapper.cpp:11]   --->   Operation 1413 'store' 'store_ln11' <Predicate = (i == 0 & select_ln8 == 9)> <Delay = 0.00>
ST_21 : Operation 1414 [1/1] (0.00ns)   --->   "%store_ln11 = store i45 %memory_in_load, i45 %memory_in_local_8" [top_wrapper.cpp:11]   --->   Operation 1414 'store' 'store_ln11' <Predicate = (i == 0 & select_ln8 == 8)> <Delay = 0.00>
ST_21 : Operation 1415 [1/1] (0.00ns)   --->   "%store_ln11 = store i45 %memory_in_load, i45 %memory_in_local_7" [top_wrapper.cpp:11]   --->   Operation 1415 'store' 'store_ln11' <Predicate = (i == 0 & select_ln8 == 7)> <Delay = 0.00>
ST_21 : Operation 1416 [1/1] (0.00ns)   --->   "%store_ln11 = store i45 %memory_in_load, i45 %memory_in_local_6" [top_wrapper.cpp:11]   --->   Operation 1416 'store' 'store_ln11' <Predicate = (i == 0 & select_ln8 == 6)> <Delay = 0.00>
ST_21 : Operation 1417 [1/1] (0.00ns)   --->   "%store_ln11 = store i45 %memory_in_load, i45 %memory_in_local_5" [top_wrapper.cpp:11]   --->   Operation 1417 'store' 'store_ln11' <Predicate = (i == 0 & select_ln8 == 5)> <Delay = 0.00>
ST_21 : Operation 1418 [1/1] (0.00ns)   --->   "%store_ln11 = store i45 %memory_in_load, i45 %memory_in_local_4" [top_wrapper.cpp:11]   --->   Operation 1418 'store' 'store_ln11' <Predicate = (i == 0 & select_ln8 == 4)> <Delay = 0.00>
ST_21 : Operation 1419 [1/1] (0.00ns)   --->   "%store_ln11 = store i45 %memory_in_load, i45 %memory_in_local_3" [top_wrapper.cpp:11]   --->   Operation 1419 'store' 'store_ln11' <Predicate = (i == 0 & select_ln8 == 3)> <Delay = 0.00>
ST_21 : Operation 1420 [1/1] (0.00ns)   --->   "%store_ln11 = store i45 %memory_in_load, i45 %memory_in_local_2" [top_wrapper.cpp:11]   --->   Operation 1420 'store' 'store_ln11' <Predicate = (i == 0 & select_ln8 == 2)> <Delay = 0.00>
ST_21 : Operation 1421 [1/1] (0.00ns)   --->   "%store_ln11 = store i45 %memory_in_load, i45 %memory_in_local_1" [top_wrapper.cpp:11]   --->   Operation 1421 'store' 'store_ln11' <Predicate = (i == 0 & select_ln8 == 1)> <Delay = 0.00>
ST_21 : Operation 1422 [1/1] (0.00ns)   --->   "%store_ln11 = store i45 %memory_in_load, i45 %memory_in_local" [top_wrapper.cpp:11]   --->   Operation 1422 'store' 'store_ln11' <Predicate = (i == 0 & select_ln8 == 0)> <Delay = 0.00>
ST_21 : Operation 1423 [1/1] (0.00ns)   --->   "%store_ln11 = store i45 %memory_in_load, i45 %memory_in_local_49" [top_wrapper.cpp:11]   --->   Operation 1423 'store' 'store_ln11' <Predicate = (i == 0 & select_ln8 == 63) | (i == 0 & select_ln8 == 62) | (i == 0 & select_ln8 == 61) | (i == 0 & select_ln8 == 60) | (i == 0 & select_ln8 == 59) | (i == 0 & select_ln8 == 58) | (i == 0 & select_ln8 == 57) | (i == 0 & select_ln8 == 56) | (i == 0 & select_ln8 == 55) | (i == 0 & select_ln8 == 54) | (i == 0 & select_ln8 == 53) | (i == 0 & select_ln8 == 52) | (i == 0 & select_ln8 == 51) | (i == 0 & select_ln8 == 50) | (i == 0 & select_ln8 == 49)> <Delay = 0.00>
ST_21 : Operation 1424 [1/1] (0.00ns)   --->   "%br_ln11 = br void %arrayidx123.exit" [top_wrapper.cpp:11]   --->   Operation 1424 'br' 'br_ln11' <Predicate = (i == 0)> <Delay = 0.00>
ST_21 : Operation 1425 [1/1] (0.00ns)   --->   "%store_ln11 = store i45 %memory_in_load, i45 %memory_in_local_448" [top_wrapper.cpp:11]   --->   Operation 1425 'store' 'store_ln11' <Predicate = (i != 0 & i != 1 & i != 2 & i != 3 & i != 4 & i != 5 & i != 6 & i != 7 & select_ln8 == 48)> <Delay = 0.00>
ST_21 : Operation 1426 [1/1] (0.00ns)   --->   "%store_ln11 = store i45 %memory_in_load, i45 %memory_in_local_447" [top_wrapper.cpp:11]   --->   Operation 1426 'store' 'store_ln11' <Predicate = (i != 0 & i != 1 & i != 2 & i != 3 & i != 4 & i != 5 & i != 6 & i != 7 & select_ln8 == 47)> <Delay = 0.00>
ST_21 : Operation 1427 [1/1] (0.00ns)   --->   "%store_ln11 = store i45 %memory_in_load, i45 %memory_in_local_446" [top_wrapper.cpp:11]   --->   Operation 1427 'store' 'store_ln11' <Predicate = (i != 0 & i != 1 & i != 2 & i != 3 & i != 4 & i != 5 & i != 6 & i != 7 & select_ln8 == 46)> <Delay = 0.00>
ST_21 : Operation 1428 [1/1] (0.00ns)   --->   "%store_ln11 = store i45 %memory_in_load, i45 %memory_in_local_445" [top_wrapper.cpp:11]   --->   Operation 1428 'store' 'store_ln11' <Predicate = (i != 0 & i != 1 & i != 2 & i != 3 & i != 4 & i != 5 & i != 6 & i != 7 & select_ln8 == 45)> <Delay = 0.00>
ST_21 : Operation 1429 [1/1] (0.00ns)   --->   "%store_ln11 = store i45 %memory_in_load, i45 %memory_in_local_444" [top_wrapper.cpp:11]   --->   Operation 1429 'store' 'store_ln11' <Predicate = (i != 0 & i != 1 & i != 2 & i != 3 & i != 4 & i != 5 & i != 6 & i != 7 & select_ln8 == 44)> <Delay = 0.00>
ST_21 : Operation 1430 [1/1] (0.00ns)   --->   "%store_ln11 = store i45 %memory_in_load, i45 %memory_in_local_443" [top_wrapper.cpp:11]   --->   Operation 1430 'store' 'store_ln11' <Predicate = (i != 0 & i != 1 & i != 2 & i != 3 & i != 4 & i != 5 & i != 6 & i != 7 & select_ln8 == 43)> <Delay = 0.00>
ST_21 : Operation 1431 [1/1] (0.00ns)   --->   "%store_ln11 = store i45 %memory_in_load, i45 %memory_in_local_442" [top_wrapper.cpp:11]   --->   Operation 1431 'store' 'store_ln11' <Predicate = (i != 0 & i != 1 & i != 2 & i != 3 & i != 4 & i != 5 & i != 6 & i != 7 & select_ln8 == 42)> <Delay = 0.00>
ST_21 : Operation 1432 [1/1] (0.00ns)   --->   "%store_ln11 = store i45 %memory_in_load, i45 %memory_in_local_441" [top_wrapper.cpp:11]   --->   Operation 1432 'store' 'store_ln11' <Predicate = (i != 0 & i != 1 & i != 2 & i != 3 & i != 4 & i != 5 & i != 6 & i != 7 & select_ln8 == 41)> <Delay = 0.00>
ST_21 : Operation 1433 [1/1] (0.00ns)   --->   "%store_ln11 = store i45 %memory_in_load, i45 %memory_in_local_440" [top_wrapper.cpp:11]   --->   Operation 1433 'store' 'store_ln11' <Predicate = (i != 0 & i != 1 & i != 2 & i != 3 & i != 4 & i != 5 & i != 6 & i != 7 & select_ln8 == 40)> <Delay = 0.00>
ST_21 : Operation 1434 [1/1] (0.00ns)   --->   "%store_ln11 = store i45 %memory_in_load, i45 %memory_in_local_439" [top_wrapper.cpp:11]   --->   Operation 1434 'store' 'store_ln11' <Predicate = (i != 0 & i != 1 & i != 2 & i != 3 & i != 4 & i != 5 & i != 6 & i != 7 & select_ln8 == 39)> <Delay = 0.00>
ST_21 : Operation 1435 [1/1] (0.00ns)   --->   "%store_ln11 = store i45 %memory_in_load, i45 %memory_in_local_438" [top_wrapper.cpp:11]   --->   Operation 1435 'store' 'store_ln11' <Predicate = (i != 0 & i != 1 & i != 2 & i != 3 & i != 4 & i != 5 & i != 6 & i != 7 & select_ln8 == 38)> <Delay = 0.00>
ST_21 : Operation 1436 [1/1] (0.00ns)   --->   "%store_ln11 = store i45 %memory_in_load, i45 %memory_in_local_437" [top_wrapper.cpp:11]   --->   Operation 1436 'store' 'store_ln11' <Predicate = (i != 0 & i != 1 & i != 2 & i != 3 & i != 4 & i != 5 & i != 6 & i != 7 & select_ln8 == 37)> <Delay = 0.00>
ST_21 : Operation 1437 [1/1] (0.00ns)   --->   "%store_ln11 = store i45 %memory_in_load, i45 %memory_in_local_436" [top_wrapper.cpp:11]   --->   Operation 1437 'store' 'store_ln11' <Predicate = (i != 0 & i != 1 & i != 2 & i != 3 & i != 4 & i != 5 & i != 6 & i != 7 & select_ln8 == 36)> <Delay = 0.00>
ST_21 : Operation 1438 [1/1] (0.00ns)   --->   "%store_ln11 = store i45 %memory_in_load, i45 %memory_in_local_435" [top_wrapper.cpp:11]   --->   Operation 1438 'store' 'store_ln11' <Predicate = (i != 0 & i != 1 & i != 2 & i != 3 & i != 4 & i != 5 & i != 6 & i != 7 & select_ln8 == 35)> <Delay = 0.00>
ST_21 : Operation 1439 [1/1] (0.00ns)   --->   "%store_ln11 = store i45 %memory_in_load, i45 %memory_in_local_434" [top_wrapper.cpp:11]   --->   Operation 1439 'store' 'store_ln11' <Predicate = (i != 0 & i != 1 & i != 2 & i != 3 & i != 4 & i != 5 & i != 6 & i != 7 & select_ln8 == 34)> <Delay = 0.00>
ST_21 : Operation 1440 [1/1] (0.00ns)   --->   "%store_ln11 = store i45 %memory_in_load, i45 %memory_in_local_433" [top_wrapper.cpp:11]   --->   Operation 1440 'store' 'store_ln11' <Predicate = (i != 0 & i != 1 & i != 2 & i != 3 & i != 4 & i != 5 & i != 6 & i != 7 & select_ln8 == 33)> <Delay = 0.00>
ST_21 : Operation 1441 [1/1] (0.00ns)   --->   "%store_ln11 = store i45 %memory_in_load, i45 %memory_in_local_432" [top_wrapper.cpp:11]   --->   Operation 1441 'store' 'store_ln11' <Predicate = (i != 0 & i != 1 & i != 2 & i != 3 & i != 4 & i != 5 & i != 6 & i != 7 & select_ln8 == 32)> <Delay = 0.00>
ST_21 : Operation 1442 [1/1] (0.00ns)   --->   "%store_ln11 = store i45 %memory_in_load, i45 %memory_in_local_431" [top_wrapper.cpp:11]   --->   Operation 1442 'store' 'store_ln11' <Predicate = (i != 0 & i != 1 & i != 2 & i != 3 & i != 4 & i != 5 & i != 6 & i != 7 & select_ln8 == 31)> <Delay = 0.00>
ST_21 : Operation 1443 [1/1] (0.00ns)   --->   "%store_ln11 = store i45 %memory_in_load, i45 %memory_in_local_430" [top_wrapper.cpp:11]   --->   Operation 1443 'store' 'store_ln11' <Predicate = (i != 0 & i != 1 & i != 2 & i != 3 & i != 4 & i != 5 & i != 6 & i != 7 & select_ln8 == 30)> <Delay = 0.00>
ST_21 : Operation 1444 [1/1] (0.00ns)   --->   "%store_ln11 = store i45 %memory_in_load, i45 %memory_in_local_429" [top_wrapper.cpp:11]   --->   Operation 1444 'store' 'store_ln11' <Predicate = (i != 0 & i != 1 & i != 2 & i != 3 & i != 4 & i != 5 & i != 6 & i != 7 & select_ln8 == 29)> <Delay = 0.00>
ST_21 : Operation 1445 [1/1] (0.00ns)   --->   "%store_ln11 = store i45 %memory_in_load, i45 %memory_in_local_428" [top_wrapper.cpp:11]   --->   Operation 1445 'store' 'store_ln11' <Predicate = (i != 0 & i != 1 & i != 2 & i != 3 & i != 4 & i != 5 & i != 6 & i != 7 & select_ln8 == 28)> <Delay = 0.00>
ST_21 : Operation 1446 [1/1] (0.00ns)   --->   "%store_ln11 = store i45 %memory_in_load, i45 %memory_in_local_427" [top_wrapper.cpp:11]   --->   Operation 1446 'store' 'store_ln11' <Predicate = (i != 0 & i != 1 & i != 2 & i != 3 & i != 4 & i != 5 & i != 6 & i != 7 & select_ln8 == 27)> <Delay = 0.00>
ST_21 : Operation 1447 [1/1] (0.00ns)   --->   "%store_ln11 = store i45 %memory_in_load, i45 %memory_in_local_426" [top_wrapper.cpp:11]   --->   Operation 1447 'store' 'store_ln11' <Predicate = (i != 0 & i != 1 & i != 2 & i != 3 & i != 4 & i != 5 & i != 6 & i != 7 & select_ln8 == 26)> <Delay = 0.00>
ST_21 : Operation 1448 [1/1] (0.00ns)   --->   "%store_ln11 = store i45 %memory_in_load, i45 %memory_in_local_425" [top_wrapper.cpp:11]   --->   Operation 1448 'store' 'store_ln11' <Predicate = (i != 0 & i != 1 & i != 2 & i != 3 & i != 4 & i != 5 & i != 6 & i != 7 & select_ln8 == 25)> <Delay = 0.00>
ST_21 : Operation 1449 [1/1] (0.00ns)   --->   "%store_ln11 = store i45 %memory_in_load, i45 %memory_in_local_424" [top_wrapper.cpp:11]   --->   Operation 1449 'store' 'store_ln11' <Predicate = (i != 0 & i != 1 & i != 2 & i != 3 & i != 4 & i != 5 & i != 6 & i != 7 & select_ln8 == 24)> <Delay = 0.00>
ST_21 : Operation 1450 [1/1] (0.00ns)   --->   "%store_ln11 = store i45 %memory_in_load, i45 %memory_in_local_423" [top_wrapper.cpp:11]   --->   Operation 1450 'store' 'store_ln11' <Predicate = (i != 0 & i != 1 & i != 2 & i != 3 & i != 4 & i != 5 & i != 6 & i != 7 & select_ln8 == 23)> <Delay = 0.00>
ST_21 : Operation 1451 [1/1] (0.00ns)   --->   "%store_ln11 = store i45 %memory_in_load, i45 %memory_in_local_422" [top_wrapper.cpp:11]   --->   Operation 1451 'store' 'store_ln11' <Predicate = (i != 0 & i != 1 & i != 2 & i != 3 & i != 4 & i != 5 & i != 6 & i != 7 & select_ln8 == 22)> <Delay = 0.00>
ST_21 : Operation 1452 [1/1] (0.00ns)   --->   "%store_ln11 = store i45 %memory_in_load, i45 %memory_in_local_421" [top_wrapper.cpp:11]   --->   Operation 1452 'store' 'store_ln11' <Predicate = (i != 0 & i != 1 & i != 2 & i != 3 & i != 4 & i != 5 & i != 6 & i != 7 & select_ln8 == 21)> <Delay = 0.00>
ST_21 : Operation 1453 [1/1] (0.00ns)   --->   "%store_ln11 = store i45 %memory_in_load, i45 %memory_in_local_420" [top_wrapper.cpp:11]   --->   Operation 1453 'store' 'store_ln11' <Predicate = (i != 0 & i != 1 & i != 2 & i != 3 & i != 4 & i != 5 & i != 6 & i != 7 & select_ln8 == 20)> <Delay = 0.00>
ST_21 : Operation 1454 [1/1] (0.00ns)   --->   "%store_ln11 = store i45 %memory_in_load, i45 %memory_in_local_419" [top_wrapper.cpp:11]   --->   Operation 1454 'store' 'store_ln11' <Predicate = (i != 0 & i != 1 & i != 2 & i != 3 & i != 4 & i != 5 & i != 6 & i != 7 & select_ln8 == 19)> <Delay = 0.00>
ST_21 : Operation 1455 [1/1] (0.00ns)   --->   "%store_ln11 = store i45 %memory_in_load, i45 %memory_in_local_418" [top_wrapper.cpp:11]   --->   Operation 1455 'store' 'store_ln11' <Predicate = (i != 0 & i != 1 & i != 2 & i != 3 & i != 4 & i != 5 & i != 6 & i != 7 & select_ln8 == 18)> <Delay = 0.00>
ST_21 : Operation 1456 [1/1] (0.00ns)   --->   "%store_ln11 = store i45 %memory_in_load, i45 %memory_in_local_417" [top_wrapper.cpp:11]   --->   Operation 1456 'store' 'store_ln11' <Predicate = (i != 0 & i != 1 & i != 2 & i != 3 & i != 4 & i != 5 & i != 6 & i != 7 & select_ln8 == 17)> <Delay = 0.00>
ST_21 : Operation 1457 [1/1] (0.00ns)   --->   "%store_ln11 = store i45 %memory_in_load, i45 %memory_in_local_416" [top_wrapper.cpp:11]   --->   Operation 1457 'store' 'store_ln11' <Predicate = (i != 0 & i != 1 & i != 2 & i != 3 & i != 4 & i != 5 & i != 6 & i != 7 & select_ln8 == 16)> <Delay = 0.00>
ST_21 : Operation 1458 [1/1] (0.00ns)   --->   "%store_ln11 = store i45 %memory_in_load, i45 %memory_in_local_415" [top_wrapper.cpp:11]   --->   Operation 1458 'store' 'store_ln11' <Predicate = (i != 0 & i != 1 & i != 2 & i != 3 & i != 4 & i != 5 & i != 6 & i != 7 & select_ln8 == 15)> <Delay = 0.00>
ST_21 : Operation 1459 [1/1] (0.00ns)   --->   "%store_ln11 = store i45 %memory_in_load, i45 %memory_in_local_414" [top_wrapper.cpp:11]   --->   Operation 1459 'store' 'store_ln11' <Predicate = (i != 0 & i != 1 & i != 2 & i != 3 & i != 4 & i != 5 & i != 6 & i != 7 & select_ln8 == 14)> <Delay = 0.00>
ST_21 : Operation 1460 [1/1] (0.00ns)   --->   "%store_ln11 = store i45 %memory_in_load, i45 %memory_in_local_413" [top_wrapper.cpp:11]   --->   Operation 1460 'store' 'store_ln11' <Predicate = (i != 0 & i != 1 & i != 2 & i != 3 & i != 4 & i != 5 & i != 6 & i != 7 & select_ln8 == 13)> <Delay = 0.00>
ST_21 : Operation 1461 [1/1] (0.00ns)   --->   "%store_ln11 = store i45 %memory_in_load, i45 %memory_in_local_412" [top_wrapper.cpp:11]   --->   Operation 1461 'store' 'store_ln11' <Predicate = (i != 0 & i != 1 & i != 2 & i != 3 & i != 4 & i != 5 & i != 6 & i != 7 & select_ln8 == 12)> <Delay = 0.00>
ST_21 : Operation 1462 [1/1] (0.00ns)   --->   "%store_ln11 = store i45 %memory_in_load, i45 %memory_in_local_411" [top_wrapper.cpp:11]   --->   Operation 1462 'store' 'store_ln11' <Predicate = (i != 0 & i != 1 & i != 2 & i != 3 & i != 4 & i != 5 & i != 6 & i != 7 & select_ln8 == 11)> <Delay = 0.00>
ST_21 : Operation 1463 [1/1] (0.00ns)   --->   "%store_ln11 = store i45 %memory_in_load, i45 %memory_in_local_410" [top_wrapper.cpp:11]   --->   Operation 1463 'store' 'store_ln11' <Predicate = (i != 0 & i != 1 & i != 2 & i != 3 & i != 4 & i != 5 & i != 6 & i != 7 & select_ln8 == 10)> <Delay = 0.00>
ST_21 : Operation 1464 [1/1] (0.00ns)   --->   "%store_ln11 = store i45 %memory_in_load, i45 %memory_in_local_409" [top_wrapper.cpp:11]   --->   Operation 1464 'store' 'store_ln11' <Predicate = (i != 0 & i != 1 & i != 2 & i != 3 & i != 4 & i != 5 & i != 6 & i != 7 & select_ln8 == 9)> <Delay = 0.00>
ST_21 : Operation 1465 [1/1] (0.00ns)   --->   "%store_ln11 = store i45 %memory_in_load, i45 %memory_in_local_408" [top_wrapper.cpp:11]   --->   Operation 1465 'store' 'store_ln11' <Predicate = (i != 0 & i != 1 & i != 2 & i != 3 & i != 4 & i != 5 & i != 6 & i != 7 & select_ln8 == 8)> <Delay = 0.00>
ST_21 : Operation 1466 [1/1] (0.00ns)   --->   "%store_ln11 = store i45 %memory_in_load, i45 %memory_in_local_407" [top_wrapper.cpp:11]   --->   Operation 1466 'store' 'store_ln11' <Predicate = (i != 0 & i != 1 & i != 2 & i != 3 & i != 4 & i != 5 & i != 6 & i != 7 & select_ln8 == 7)> <Delay = 0.00>
ST_21 : Operation 1467 [1/1] (0.00ns)   --->   "%store_ln11 = store i45 %memory_in_load, i45 %memory_in_local_406" [top_wrapper.cpp:11]   --->   Operation 1467 'store' 'store_ln11' <Predicate = (i != 0 & i != 1 & i != 2 & i != 3 & i != 4 & i != 5 & i != 6 & i != 7 & select_ln8 == 6)> <Delay = 0.00>
ST_21 : Operation 1468 [1/1] (0.00ns)   --->   "%store_ln11 = store i45 %memory_in_load, i45 %memory_in_local_405" [top_wrapper.cpp:11]   --->   Operation 1468 'store' 'store_ln11' <Predicate = (i != 0 & i != 1 & i != 2 & i != 3 & i != 4 & i != 5 & i != 6 & i != 7 & select_ln8 == 5)> <Delay = 0.00>
ST_21 : Operation 1469 [1/1] (0.00ns)   --->   "%store_ln11 = store i45 %memory_in_load, i45 %memory_in_local_404" [top_wrapper.cpp:11]   --->   Operation 1469 'store' 'store_ln11' <Predicate = (i != 0 & i != 1 & i != 2 & i != 3 & i != 4 & i != 5 & i != 6 & i != 7 & select_ln8 == 4)> <Delay = 0.00>
ST_21 : Operation 1470 [1/1] (0.00ns)   --->   "%store_ln11 = store i45 %memory_in_load, i45 %memory_in_local_403" [top_wrapper.cpp:11]   --->   Operation 1470 'store' 'store_ln11' <Predicate = (i != 0 & i != 1 & i != 2 & i != 3 & i != 4 & i != 5 & i != 6 & i != 7 & select_ln8 == 3)> <Delay = 0.00>
ST_21 : Operation 1471 [1/1] (0.00ns)   --->   "%store_ln11 = store i45 %memory_in_load, i45 %memory_in_local_402" [top_wrapper.cpp:11]   --->   Operation 1471 'store' 'store_ln11' <Predicate = (i != 0 & i != 1 & i != 2 & i != 3 & i != 4 & i != 5 & i != 6 & i != 7 & select_ln8 == 2)> <Delay = 0.00>
ST_21 : Operation 1472 [1/1] (0.00ns)   --->   "%store_ln11 = store i45 %memory_in_load, i45 %memory_in_local_401" [top_wrapper.cpp:11]   --->   Operation 1472 'store' 'store_ln11' <Predicate = (i != 0 & i != 1 & i != 2 & i != 3 & i != 4 & i != 5 & i != 6 & i != 7 & select_ln8 == 1)> <Delay = 0.00>
ST_21 : Operation 1473 [1/1] (0.00ns)   --->   "%store_ln11 = store i45 %memory_in_load, i45 %memory_in_local_400" [top_wrapper.cpp:11]   --->   Operation 1473 'store' 'store_ln11' <Predicate = (i != 0 & i != 1 & i != 2 & i != 3 & i != 4 & i != 5 & i != 6 & i != 7 & select_ln8 == 0)> <Delay = 0.00>
ST_21 : Operation 1474 [1/1] (0.00ns)   --->   "%store_ln11 = store i45 %memory_in_load, i45 %memory_in_local_449" [top_wrapper.cpp:11]   --->   Operation 1474 'store' 'store_ln11' <Predicate = (i != 0 & i != 1 & i != 2 & i != 3 & i != 4 & i != 5 & i != 6 & i != 7 & select_ln8 == 63) | (i != 0 & i != 1 & i != 2 & i != 3 & i != 4 & i != 5 & i != 6 & i != 7 & select_ln8 == 62) | (i != 0 & i != 1 & i != 2 & i != 3 & i != 4 & i != 5 & i != 6 & i != 7 & select_ln8 == 61) | (i != 0 & i != 1 & i != 2 & i != 3 & i != 4 & i != 5 & i != 6 & i != 7 & select_ln8 == 60) | (i != 0 & i != 1 & i != 2 & i != 3 & i != 4 & i != 5 & i != 6 & i != 7 & select_ln8 == 59) | (i != 0 & i != 1 & i != 2 & i != 3 & i != 4 & i != 5 & i != 6 & i != 7 & select_ln8 == 58) | (i != 0 & i != 1 & i != 2 & i != 3 & i != 4 & i != 5 & i != 6 & i != 7 & select_ln8 == 57) | (i != 0 & i != 1 & i != 2 & i != 3 & i != 4 & i != 5 & i != 6 & i != 7 & select_ln8 == 56) | (i != 0 & i != 1 & i != 2 & i != 3 & i != 4 & i != 5 & i != 6 & i != 7 & select_ln8 == 55) | (i != 0 & i != 1 & i != 2 & i != 3 & i != 4 & i != 5 & i != 6 & i != 7 & select_ln8 == 54) | (i != 0 & i != 1 & i != 2 & i != 3 & i != 4 & i != 5 & i != 6 & i != 7 & select_ln8 == 53) | (i != 0 & i != 1 & i != 2 & i != 3 & i != 4 & i != 5 & i != 6 & i != 7 & select_ln8 == 52) | (i != 0 & i != 1 & i != 2 & i != 3 & i != 4 & i != 5 & i != 6 & i != 7 & select_ln8 == 51) | (i != 0 & i != 1 & i != 2 & i != 3 & i != 4 & i != 5 & i != 6 & i != 7 & select_ln8 == 50) | (i != 0 & i != 1 & i != 2 & i != 3 & i != 4 & i != 5 & i != 6 & i != 7 & select_ln8 == 49)> <Delay = 0.00>
ST_21 : Operation 1475 [1/1] (0.00ns)   --->   "%br_ln11 = br void %arrayidx123.exit" [top_wrapper.cpp:11]   --->   Operation 1475 'br' 'br_ln11' <Predicate = (i != 0 & i != 1 & i != 2 & i != 3 & i != 4 & i != 5 & i != 6 & i != 7)> <Delay = 0.00>
ST_21 : Operation 1476 [1/1] (0.00ns)   --->   "%memory_in_local_449_load = load i45 %memory_in_local_449" [top_wrapper.cpp:14]   --->   Operation 1476 'load' 'memory_in_local_449_load' <Predicate = (icmp_ln8)> <Delay = 0.00>
ST_21 : Operation 1477 [1/1] (0.00ns)   --->   "%memory_in_local_448_load = load i45 %memory_in_local_448" [top_wrapper.cpp:14]   --->   Operation 1477 'load' 'memory_in_local_448_load' <Predicate = (icmp_ln8)> <Delay = 0.00>
ST_21 : Operation 1478 [1/1] (0.00ns)   --->   "%memory_in_local_447_load = load i45 %memory_in_local_447" [top_wrapper.cpp:14]   --->   Operation 1478 'load' 'memory_in_local_447_load' <Predicate = (icmp_ln8)> <Delay = 0.00>
ST_21 : Operation 1479 [1/1] (0.00ns)   --->   "%memory_in_local_446_load = load i45 %memory_in_local_446" [top_wrapper.cpp:14]   --->   Operation 1479 'load' 'memory_in_local_446_load' <Predicate = (icmp_ln8)> <Delay = 0.00>
ST_21 : Operation 1480 [1/1] (0.00ns)   --->   "%memory_in_local_445_load = load i45 %memory_in_local_445" [top_wrapper.cpp:14]   --->   Operation 1480 'load' 'memory_in_local_445_load' <Predicate = (icmp_ln8)> <Delay = 0.00>
ST_21 : Operation 1481 [1/1] (0.00ns)   --->   "%memory_in_local_444_load = load i45 %memory_in_local_444" [top_wrapper.cpp:14]   --->   Operation 1481 'load' 'memory_in_local_444_load' <Predicate = (icmp_ln8)> <Delay = 0.00>
ST_21 : Operation 1482 [1/1] (0.00ns)   --->   "%memory_in_local_443_load = load i45 %memory_in_local_443" [top_wrapper.cpp:14]   --->   Operation 1482 'load' 'memory_in_local_443_load' <Predicate = (icmp_ln8)> <Delay = 0.00>
ST_21 : Operation 1483 [1/1] (0.00ns)   --->   "%memory_in_local_442_load = load i45 %memory_in_local_442" [top_wrapper.cpp:14]   --->   Operation 1483 'load' 'memory_in_local_442_load' <Predicate = (icmp_ln8)> <Delay = 0.00>
ST_21 : Operation 1484 [1/1] (0.00ns)   --->   "%memory_in_local_441_load = load i45 %memory_in_local_441" [top_wrapper.cpp:14]   --->   Operation 1484 'load' 'memory_in_local_441_load' <Predicate = (icmp_ln8)> <Delay = 0.00>
ST_21 : Operation 1485 [1/1] (0.00ns)   --->   "%memory_in_local_440_load = load i45 %memory_in_local_440" [top_wrapper.cpp:14]   --->   Operation 1485 'load' 'memory_in_local_440_load' <Predicate = (icmp_ln8)> <Delay = 0.00>
ST_21 : Operation 1486 [1/1] (0.00ns)   --->   "%memory_in_local_439_load = load i45 %memory_in_local_439" [top_wrapper.cpp:14]   --->   Operation 1486 'load' 'memory_in_local_439_load' <Predicate = (icmp_ln8)> <Delay = 0.00>
ST_21 : Operation 1487 [1/1] (0.00ns)   --->   "%memory_in_local_438_load = load i45 %memory_in_local_438" [top_wrapper.cpp:14]   --->   Operation 1487 'load' 'memory_in_local_438_load' <Predicate = (icmp_ln8)> <Delay = 0.00>
ST_21 : Operation 1488 [1/1] (0.00ns)   --->   "%memory_in_local_437_load = load i45 %memory_in_local_437" [top_wrapper.cpp:14]   --->   Operation 1488 'load' 'memory_in_local_437_load' <Predicate = (icmp_ln8)> <Delay = 0.00>
ST_21 : Operation 1489 [1/1] (0.00ns)   --->   "%memory_in_local_436_load = load i45 %memory_in_local_436" [top_wrapper.cpp:14]   --->   Operation 1489 'load' 'memory_in_local_436_load' <Predicate = (icmp_ln8)> <Delay = 0.00>
ST_21 : Operation 1490 [1/1] (0.00ns)   --->   "%memory_in_local_435_load = load i45 %memory_in_local_435" [top_wrapper.cpp:14]   --->   Operation 1490 'load' 'memory_in_local_435_load' <Predicate = (icmp_ln8)> <Delay = 0.00>
ST_21 : Operation 1491 [1/1] (0.00ns)   --->   "%memory_in_local_434_load = load i45 %memory_in_local_434" [top_wrapper.cpp:14]   --->   Operation 1491 'load' 'memory_in_local_434_load' <Predicate = (icmp_ln8)> <Delay = 0.00>
ST_21 : Operation 1492 [1/1] (0.00ns)   --->   "%memory_in_local_433_load = load i45 %memory_in_local_433" [top_wrapper.cpp:14]   --->   Operation 1492 'load' 'memory_in_local_433_load' <Predicate = (icmp_ln8)> <Delay = 0.00>
ST_21 : Operation 1493 [1/1] (0.00ns)   --->   "%memory_in_local_432_load = load i45 %memory_in_local_432" [top_wrapper.cpp:14]   --->   Operation 1493 'load' 'memory_in_local_432_load' <Predicate = (icmp_ln8)> <Delay = 0.00>
ST_21 : Operation 1494 [1/1] (0.00ns)   --->   "%memory_in_local_431_load = load i45 %memory_in_local_431" [top_wrapper.cpp:14]   --->   Operation 1494 'load' 'memory_in_local_431_load' <Predicate = (icmp_ln8)> <Delay = 0.00>
ST_21 : Operation 1495 [1/1] (0.00ns)   --->   "%memory_in_local_430_load = load i45 %memory_in_local_430" [top_wrapper.cpp:14]   --->   Operation 1495 'load' 'memory_in_local_430_load' <Predicate = (icmp_ln8)> <Delay = 0.00>
ST_21 : Operation 1496 [1/1] (0.00ns)   --->   "%memory_in_local_429_load = load i45 %memory_in_local_429" [top_wrapper.cpp:14]   --->   Operation 1496 'load' 'memory_in_local_429_load' <Predicate = (icmp_ln8)> <Delay = 0.00>
ST_21 : Operation 1497 [1/1] (0.00ns)   --->   "%memory_in_local_428_load = load i45 %memory_in_local_428" [top_wrapper.cpp:14]   --->   Operation 1497 'load' 'memory_in_local_428_load' <Predicate = (icmp_ln8)> <Delay = 0.00>
ST_21 : Operation 1498 [1/1] (0.00ns)   --->   "%memory_in_local_427_load = load i45 %memory_in_local_427" [top_wrapper.cpp:14]   --->   Operation 1498 'load' 'memory_in_local_427_load' <Predicate = (icmp_ln8)> <Delay = 0.00>
ST_21 : Operation 1499 [1/1] (0.00ns)   --->   "%memory_in_local_426_load = load i45 %memory_in_local_426" [top_wrapper.cpp:14]   --->   Operation 1499 'load' 'memory_in_local_426_load' <Predicate = (icmp_ln8)> <Delay = 0.00>
ST_21 : Operation 1500 [1/1] (0.00ns)   --->   "%memory_in_local_425_load = load i45 %memory_in_local_425" [top_wrapper.cpp:14]   --->   Operation 1500 'load' 'memory_in_local_425_load' <Predicate = (icmp_ln8)> <Delay = 0.00>
ST_21 : Operation 1501 [1/1] (0.00ns)   --->   "%memory_in_local_424_load = load i45 %memory_in_local_424" [top_wrapper.cpp:14]   --->   Operation 1501 'load' 'memory_in_local_424_load' <Predicate = (icmp_ln8)> <Delay = 0.00>
ST_21 : Operation 1502 [1/1] (0.00ns)   --->   "%memory_in_local_423_load = load i45 %memory_in_local_423" [top_wrapper.cpp:14]   --->   Operation 1502 'load' 'memory_in_local_423_load' <Predicate = (icmp_ln8)> <Delay = 0.00>
ST_21 : Operation 1503 [1/1] (0.00ns)   --->   "%memory_in_local_422_load = load i45 %memory_in_local_422" [top_wrapper.cpp:14]   --->   Operation 1503 'load' 'memory_in_local_422_load' <Predicate = (icmp_ln8)> <Delay = 0.00>
ST_21 : Operation 1504 [1/1] (0.00ns)   --->   "%memory_in_local_421_load = load i45 %memory_in_local_421" [top_wrapper.cpp:14]   --->   Operation 1504 'load' 'memory_in_local_421_load' <Predicate = (icmp_ln8)> <Delay = 0.00>
ST_21 : Operation 1505 [1/1] (0.00ns)   --->   "%memory_in_local_420_load = load i45 %memory_in_local_420" [top_wrapper.cpp:14]   --->   Operation 1505 'load' 'memory_in_local_420_load' <Predicate = (icmp_ln8)> <Delay = 0.00>
ST_21 : Operation 1506 [1/1] (0.00ns)   --->   "%memory_in_local_419_load = load i45 %memory_in_local_419" [top_wrapper.cpp:14]   --->   Operation 1506 'load' 'memory_in_local_419_load' <Predicate = (icmp_ln8)> <Delay = 0.00>
ST_21 : Operation 1507 [1/1] (0.00ns)   --->   "%memory_in_local_418_load = load i45 %memory_in_local_418" [top_wrapper.cpp:14]   --->   Operation 1507 'load' 'memory_in_local_418_load' <Predicate = (icmp_ln8)> <Delay = 0.00>
ST_21 : Operation 1508 [1/1] (0.00ns)   --->   "%memory_in_local_417_load = load i45 %memory_in_local_417" [top_wrapper.cpp:14]   --->   Operation 1508 'load' 'memory_in_local_417_load' <Predicate = (icmp_ln8)> <Delay = 0.00>
ST_21 : Operation 1509 [1/1] (0.00ns)   --->   "%memory_in_local_416_load = load i45 %memory_in_local_416" [top_wrapper.cpp:14]   --->   Operation 1509 'load' 'memory_in_local_416_load' <Predicate = (icmp_ln8)> <Delay = 0.00>
ST_21 : Operation 1510 [1/1] (0.00ns)   --->   "%memory_in_local_415_load = load i45 %memory_in_local_415" [top_wrapper.cpp:14]   --->   Operation 1510 'load' 'memory_in_local_415_load' <Predicate = (icmp_ln8)> <Delay = 0.00>
ST_21 : Operation 1511 [1/1] (0.00ns)   --->   "%memory_in_local_414_load = load i45 %memory_in_local_414" [top_wrapper.cpp:14]   --->   Operation 1511 'load' 'memory_in_local_414_load' <Predicate = (icmp_ln8)> <Delay = 0.00>
ST_21 : Operation 1512 [1/1] (0.00ns)   --->   "%memory_in_local_413_load = load i45 %memory_in_local_413" [top_wrapper.cpp:14]   --->   Operation 1512 'load' 'memory_in_local_413_load' <Predicate = (icmp_ln8)> <Delay = 0.00>
ST_21 : Operation 1513 [1/1] (0.00ns)   --->   "%memory_in_local_412_load = load i45 %memory_in_local_412" [top_wrapper.cpp:14]   --->   Operation 1513 'load' 'memory_in_local_412_load' <Predicate = (icmp_ln8)> <Delay = 0.00>
ST_21 : Operation 1514 [1/1] (0.00ns)   --->   "%memory_in_local_411_load = load i45 %memory_in_local_411" [top_wrapper.cpp:14]   --->   Operation 1514 'load' 'memory_in_local_411_load' <Predicate = (icmp_ln8)> <Delay = 0.00>
ST_21 : Operation 1515 [1/1] (0.00ns)   --->   "%memory_in_local_410_load = load i45 %memory_in_local_410" [top_wrapper.cpp:14]   --->   Operation 1515 'load' 'memory_in_local_410_load' <Predicate = (icmp_ln8)> <Delay = 0.00>
ST_21 : Operation 1516 [1/1] (0.00ns)   --->   "%memory_in_local_409_load = load i45 %memory_in_local_409" [top_wrapper.cpp:14]   --->   Operation 1516 'load' 'memory_in_local_409_load' <Predicate = (icmp_ln8)> <Delay = 0.00>
ST_21 : Operation 1517 [1/1] (0.00ns)   --->   "%memory_in_local_408_load = load i45 %memory_in_local_408" [top_wrapper.cpp:14]   --->   Operation 1517 'load' 'memory_in_local_408_load' <Predicate = (icmp_ln8)> <Delay = 0.00>
ST_21 : Operation 1518 [1/1] (0.00ns)   --->   "%memory_in_local_407_load = load i45 %memory_in_local_407" [top_wrapper.cpp:14]   --->   Operation 1518 'load' 'memory_in_local_407_load' <Predicate = (icmp_ln8)> <Delay = 0.00>
ST_21 : Operation 1519 [1/1] (0.00ns)   --->   "%memory_in_local_406_load = load i45 %memory_in_local_406" [top_wrapper.cpp:14]   --->   Operation 1519 'load' 'memory_in_local_406_load' <Predicate = (icmp_ln8)> <Delay = 0.00>
ST_21 : Operation 1520 [1/1] (0.00ns)   --->   "%memory_in_local_405_load = load i45 %memory_in_local_405" [top_wrapper.cpp:14]   --->   Operation 1520 'load' 'memory_in_local_405_load' <Predicate = (icmp_ln8)> <Delay = 0.00>
ST_21 : Operation 1521 [1/1] (0.00ns)   --->   "%memory_in_local_404_load = load i45 %memory_in_local_404" [top_wrapper.cpp:14]   --->   Operation 1521 'load' 'memory_in_local_404_load' <Predicate = (icmp_ln8)> <Delay = 0.00>
ST_21 : Operation 1522 [1/1] (0.00ns)   --->   "%memory_in_local_403_load = load i45 %memory_in_local_403" [top_wrapper.cpp:14]   --->   Operation 1522 'load' 'memory_in_local_403_load' <Predicate = (icmp_ln8)> <Delay = 0.00>
ST_21 : Operation 1523 [1/1] (0.00ns)   --->   "%memory_in_local_402_load = load i45 %memory_in_local_402" [top_wrapper.cpp:14]   --->   Operation 1523 'load' 'memory_in_local_402_load' <Predicate = (icmp_ln8)> <Delay = 0.00>
ST_21 : Operation 1524 [1/1] (0.00ns)   --->   "%memory_in_local_401_load = load i45 %memory_in_local_401" [top_wrapper.cpp:14]   --->   Operation 1524 'load' 'memory_in_local_401_load' <Predicate = (icmp_ln8)> <Delay = 0.00>
ST_21 : Operation 1525 [1/1] (0.00ns)   --->   "%memory_in_local_400_load = load i45 %memory_in_local_400" [top_wrapper.cpp:14]   --->   Operation 1525 'load' 'memory_in_local_400_load' <Predicate = (icmp_ln8)> <Delay = 0.00>
ST_21 : Operation 1526 [1/1] (0.00ns)   --->   "%memory_in_local_399_load = load i45 %memory_in_local_399" [top_wrapper.cpp:14]   --->   Operation 1526 'load' 'memory_in_local_399_load' <Predicate = (icmp_ln8)> <Delay = 0.00>
ST_21 : Operation 1527 [1/1] (0.00ns)   --->   "%memory_in_local_398_load = load i45 %memory_in_local_398" [top_wrapper.cpp:14]   --->   Operation 1527 'load' 'memory_in_local_398_load' <Predicate = (icmp_ln8)> <Delay = 0.00>
ST_21 : Operation 1528 [1/1] (0.00ns)   --->   "%memory_in_local_397_load = load i45 %memory_in_local_397" [top_wrapper.cpp:14]   --->   Operation 1528 'load' 'memory_in_local_397_load' <Predicate = (icmp_ln8)> <Delay = 0.00>
ST_21 : Operation 1529 [1/1] (0.00ns)   --->   "%memory_in_local_396_load = load i45 %memory_in_local_396" [top_wrapper.cpp:14]   --->   Operation 1529 'load' 'memory_in_local_396_load' <Predicate = (icmp_ln8)> <Delay = 0.00>
ST_21 : Operation 1530 [1/1] (0.00ns)   --->   "%memory_in_local_395_load = load i45 %memory_in_local_395" [top_wrapper.cpp:14]   --->   Operation 1530 'load' 'memory_in_local_395_load' <Predicate = (icmp_ln8)> <Delay = 0.00>
ST_21 : Operation 1531 [1/1] (0.00ns)   --->   "%memory_in_local_394_load = load i45 %memory_in_local_394" [top_wrapper.cpp:14]   --->   Operation 1531 'load' 'memory_in_local_394_load' <Predicate = (icmp_ln8)> <Delay = 0.00>
ST_21 : Operation 1532 [1/1] (0.00ns)   --->   "%memory_in_local_393_load = load i45 %memory_in_local_393" [top_wrapper.cpp:14]   --->   Operation 1532 'load' 'memory_in_local_393_load' <Predicate = (icmp_ln8)> <Delay = 0.00>
ST_21 : Operation 1533 [1/1] (0.00ns)   --->   "%memory_in_local_392_load = load i45 %memory_in_local_392" [top_wrapper.cpp:14]   --->   Operation 1533 'load' 'memory_in_local_392_load' <Predicate = (icmp_ln8)> <Delay = 0.00>
ST_21 : Operation 1534 [1/1] (0.00ns)   --->   "%memory_in_local_391_load = load i45 %memory_in_local_391" [top_wrapper.cpp:14]   --->   Operation 1534 'load' 'memory_in_local_391_load' <Predicate = (icmp_ln8)> <Delay = 0.00>
ST_21 : Operation 1535 [1/1] (0.00ns)   --->   "%memory_in_local_390_load = load i45 %memory_in_local_390" [top_wrapper.cpp:14]   --->   Operation 1535 'load' 'memory_in_local_390_load' <Predicate = (icmp_ln8)> <Delay = 0.00>
ST_21 : Operation 1536 [1/1] (0.00ns)   --->   "%memory_in_local_389_load = load i45 %memory_in_local_389" [top_wrapper.cpp:14]   --->   Operation 1536 'load' 'memory_in_local_389_load' <Predicate = (icmp_ln8)> <Delay = 0.00>
ST_21 : Operation 1537 [1/1] (0.00ns)   --->   "%memory_in_local_388_load = load i45 %memory_in_local_388" [top_wrapper.cpp:14]   --->   Operation 1537 'load' 'memory_in_local_388_load' <Predicate = (icmp_ln8)> <Delay = 0.00>
ST_21 : Operation 1538 [1/1] (0.00ns)   --->   "%memory_in_local_387_load = load i45 %memory_in_local_387" [top_wrapper.cpp:14]   --->   Operation 1538 'load' 'memory_in_local_387_load' <Predicate = (icmp_ln8)> <Delay = 0.00>
ST_21 : Operation 1539 [1/1] (0.00ns)   --->   "%memory_in_local_386_load = load i45 %memory_in_local_386" [top_wrapper.cpp:14]   --->   Operation 1539 'load' 'memory_in_local_386_load' <Predicate = (icmp_ln8)> <Delay = 0.00>
ST_21 : Operation 1540 [1/1] (0.00ns)   --->   "%memory_in_local_385_load = load i45 %memory_in_local_385" [top_wrapper.cpp:14]   --->   Operation 1540 'load' 'memory_in_local_385_load' <Predicate = (icmp_ln8)> <Delay = 0.00>
ST_21 : Operation 1541 [1/1] (0.00ns)   --->   "%memory_in_local_384_load = load i45 %memory_in_local_384" [top_wrapper.cpp:14]   --->   Operation 1541 'load' 'memory_in_local_384_load' <Predicate = (icmp_ln8)> <Delay = 0.00>
ST_21 : Operation 1542 [1/1] (0.00ns)   --->   "%memory_in_local_383_load = load i45 %memory_in_local_383" [top_wrapper.cpp:14]   --->   Operation 1542 'load' 'memory_in_local_383_load' <Predicate = (icmp_ln8)> <Delay = 0.00>
ST_21 : Operation 1543 [1/1] (0.00ns)   --->   "%memory_in_local_382_load = load i45 %memory_in_local_382" [top_wrapper.cpp:14]   --->   Operation 1543 'load' 'memory_in_local_382_load' <Predicate = (icmp_ln8)> <Delay = 0.00>
ST_21 : Operation 1544 [1/1] (0.00ns)   --->   "%memory_in_local_381_load = load i45 %memory_in_local_381" [top_wrapper.cpp:14]   --->   Operation 1544 'load' 'memory_in_local_381_load' <Predicate = (icmp_ln8)> <Delay = 0.00>
ST_21 : Operation 1545 [1/1] (0.00ns)   --->   "%memory_in_local_380_load = load i45 %memory_in_local_380" [top_wrapper.cpp:14]   --->   Operation 1545 'load' 'memory_in_local_380_load' <Predicate = (icmp_ln8)> <Delay = 0.00>
ST_21 : Operation 1546 [1/1] (0.00ns)   --->   "%memory_in_local_379_load = load i45 %memory_in_local_379" [top_wrapper.cpp:14]   --->   Operation 1546 'load' 'memory_in_local_379_load' <Predicate = (icmp_ln8)> <Delay = 0.00>
ST_21 : Operation 1547 [1/1] (0.00ns)   --->   "%memory_in_local_378_load = load i45 %memory_in_local_378" [top_wrapper.cpp:14]   --->   Operation 1547 'load' 'memory_in_local_378_load' <Predicate = (icmp_ln8)> <Delay = 0.00>
ST_21 : Operation 1548 [1/1] (0.00ns)   --->   "%memory_in_local_377_load = load i45 %memory_in_local_377" [top_wrapper.cpp:14]   --->   Operation 1548 'load' 'memory_in_local_377_load' <Predicate = (icmp_ln8)> <Delay = 0.00>
ST_21 : Operation 1549 [1/1] (0.00ns)   --->   "%memory_in_local_376_load = load i45 %memory_in_local_376" [top_wrapper.cpp:14]   --->   Operation 1549 'load' 'memory_in_local_376_load' <Predicate = (icmp_ln8)> <Delay = 0.00>
ST_21 : Operation 1550 [1/1] (0.00ns)   --->   "%memory_in_local_375_load = load i45 %memory_in_local_375" [top_wrapper.cpp:14]   --->   Operation 1550 'load' 'memory_in_local_375_load' <Predicate = (icmp_ln8)> <Delay = 0.00>
ST_21 : Operation 1551 [1/1] (0.00ns)   --->   "%memory_in_local_374_load = load i45 %memory_in_local_374" [top_wrapper.cpp:14]   --->   Operation 1551 'load' 'memory_in_local_374_load' <Predicate = (icmp_ln8)> <Delay = 0.00>
ST_21 : Operation 1552 [1/1] (0.00ns)   --->   "%memory_in_local_373_load = load i45 %memory_in_local_373" [top_wrapper.cpp:14]   --->   Operation 1552 'load' 'memory_in_local_373_load' <Predicate = (icmp_ln8)> <Delay = 0.00>
ST_21 : Operation 1553 [1/1] (0.00ns)   --->   "%memory_in_local_372_load = load i45 %memory_in_local_372" [top_wrapper.cpp:14]   --->   Operation 1553 'load' 'memory_in_local_372_load' <Predicate = (icmp_ln8)> <Delay = 0.00>
ST_21 : Operation 1554 [1/1] (0.00ns)   --->   "%memory_in_local_371_load = load i45 %memory_in_local_371" [top_wrapper.cpp:14]   --->   Operation 1554 'load' 'memory_in_local_371_load' <Predicate = (icmp_ln8)> <Delay = 0.00>
ST_21 : Operation 1555 [1/1] (0.00ns)   --->   "%memory_in_local_370_load = load i45 %memory_in_local_370" [top_wrapper.cpp:14]   --->   Operation 1555 'load' 'memory_in_local_370_load' <Predicate = (icmp_ln8)> <Delay = 0.00>
ST_21 : Operation 1556 [1/1] (0.00ns)   --->   "%memory_in_local_369_load = load i45 %memory_in_local_369" [top_wrapper.cpp:14]   --->   Operation 1556 'load' 'memory_in_local_369_load' <Predicate = (icmp_ln8)> <Delay = 0.00>
ST_21 : Operation 1557 [1/1] (0.00ns)   --->   "%memory_in_local_368_load = load i45 %memory_in_local_368" [top_wrapper.cpp:14]   --->   Operation 1557 'load' 'memory_in_local_368_load' <Predicate = (icmp_ln8)> <Delay = 0.00>
ST_21 : Operation 1558 [1/1] (0.00ns)   --->   "%memory_in_local_367_load = load i45 %memory_in_local_367" [top_wrapper.cpp:14]   --->   Operation 1558 'load' 'memory_in_local_367_load' <Predicate = (icmp_ln8)> <Delay = 0.00>
ST_21 : Operation 1559 [1/1] (0.00ns)   --->   "%memory_in_local_366_load = load i45 %memory_in_local_366" [top_wrapper.cpp:14]   --->   Operation 1559 'load' 'memory_in_local_366_load' <Predicate = (icmp_ln8)> <Delay = 0.00>
ST_21 : Operation 1560 [1/1] (0.00ns)   --->   "%memory_in_local_365_load = load i45 %memory_in_local_365" [top_wrapper.cpp:14]   --->   Operation 1560 'load' 'memory_in_local_365_load' <Predicate = (icmp_ln8)> <Delay = 0.00>
ST_21 : Operation 1561 [1/1] (0.00ns)   --->   "%memory_in_local_364_load = load i45 %memory_in_local_364" [top_wrapper.cpp:14]   --->   Operation 1561 'load' 'memory_in_local_364_load' <Predicate = (icmp_ln8)> <Delay = 0.00>
ST_21 : Operation 1562 [1/1] (0.00ns)   --->   "%memory_in_local_363_load = load i45 %memory_in_local_363" [top_wrapper.cpp:14]   --->   Operation 1562 'load' 'memory_in_local_363_load' <Predicate = (icmp_ln8)> <Delay = 0.00>
ST_21 : Operation 1563 [1/1] (0.00ns)   --->   "%memory_in_local_362_load = load i45 %memory_in_local_362" [top_wrapper.cpp:14]   --->   Operation 1563 'load' 'memory_in_local_362_load' <Predicate = (icmp_ln8)> <Delay = 0.00>
ST_21 : Operation 1564 [1/1] (0.00ns)   --->   "%memory_in_local_361_load = load i45 %memory_in_local_361" [top_wrapper.cpp:14]   --->   Operation 1564 'load' 'memory_in_local_361_load' <Predicate = (icmp_ln8)> <Delay = 0.00>
ST_21 : Operation 1565 [1/1] (0.00ns)   --->   "%memory_in_local_360_load = load i45 %memory_in_local_360" [top_wrapper.cpp:14]   --->   Operation 1565 'load' 'memory_in_local_360_load' <Predicate = (icmp_ln8)> <Delay = 0.00>
ST_21 : Operation 1566 [1/1] (0.00ns)   --->   "%memory_in_local_359_load = load i45 %memory_in_local_359" [top_wrapper.cpp:14]   --->   Operation 1566 'load' 'memory_in_local_359_load' <Predicate = (icmp_ln8)> <Delay = 0.00>
ST_21 : Operation 1567 [1/1] (0.00ns)   --->   "%memory_in_local_358_load = load i45 %memory_in_local_358" [top_wrapper.cpp:14]   --->   Operation 1567 'load' 'memory_in_local_358_load' <Predicate = (icmp_ln8)> <Delay = 0.00>
ST_21 : Operation 1568 [1/1] (0.00ns)   --->   "%memory_in_local_357_load = load i45 %memory_in_local_357" [top_wrapper.cpp:14]   --->   Operation 1568 'load' 'memory_in_local_357_load' <Predicate = (icmp_ln8)> <Delay = 0.00>
ST_21 : Operation 1569 [1/1] (0.00ns)   --->   "%memory_in_local_356_load = load i45 %memory_in_local_356" [top_wrapper.cpp:14]   --->   Operation 1569 'load' 'memory_in_local_356_load' <Predicate = (icmp_ln8)> <Delay = 0.00>
ST_21 : Operation 1570 [1/1] (0.00ns)   --->   "%memory_in_local_355_load = load i45 %memory_in_local_355" [top_wrapper.cpp:14]   --->   Operation 1570 'load' 'memory_in_local_355_load' <Predicate = (icmp_ln8)> <Delay = 0.00>
ST_21 : Operation 1571 [1/1] (0.00ns)   --->   "%memory_in_local_354_load = load i45 %memory_in_local_354" [top_wrapper.cpp:14]   --->   Operation 1571 'load' 'memory_in_local_354_load' <Predicate = (icmp_ln8)> <Delay = 0.00>
ST_21 : Operation 1572 [1/1] (0.00ns)   --->   "%memory_in_local_353_load = load i45 %memory_in_local_353" [top_wrapper.cpp:14]   --->   Operation 1572 'load' 'memory_in_local_353_load' <Predicate = (icmp_ln8)> <Delay = 0.00>
ST_21 : Operation 1573 [1/1] (0.00ns)   --->   "%memory_in_local_352_load = load i45 %memory_in_local_352" [top_wrapper.cpp:14]   --->   Operation 1573 'load' 'memory_in_local_352_load' <Predicate = (icmp_ln8)> <Delay = 0.00>
ST_21 : Operation 1574 [1/1] (0.00ns)   --->   "%memory_in_local_351_load = load i45 %memory_in_local_351" [top_wrapper.cpp:14]   --->   Operation 1574 'load' 'memory_in_local_351_load' <Predicate = (icmp_ln8)> <Delay = 0.00>
ST_21 : Operation 1575 [1/1] (0.00ns)   --->   "%memory_in_local_350_load = load i45 %memory_in_local_350" [top_wrapper.cpp:14]   --->   Operation 1575 'load' 'memory_in_local_350_load' <Predicate = (icmp_ln8)> <Delay = 0.00>
ST_21 : Operation 1576 [1/1] (0.00ns)   --->   "%memory_in_local_349_load = load i45 %memory_in_local_349" [top_wrapper.cpp:14]   --->   Operation 1576 'load' 'memory_in_local_349_load' <Predicate = (icmp_ln8)> <Delay = 0.00>
ST_21 : Operation 1577 [1/1] (0.00ns)   --->   "%memory_in_local_348_load = load i45 %memory_in_local_348" [top_wrapper.cpp:14]   --->   Operation 1577 'load' 'memory_in_local_348_load' <Predicate = (icmp_ln8)> <Delay = 0.00>
ST_21 : Operation 1578 [1/1] (0.00ns)   --->   "%memory_in_local_347_load = load i45 %memory_in_local_347" [top_wrapper.cpp:14]   --->   Operation 1578 'load' 'memory_in_local_347_load' <Predicate = (icmp_ln8)> <Delay = 0.00>
ST_21 : Operation 1579 [1/1] (0.00ns)   --->   "%memory_in_local_346_load = load i45 %memory_in_local_346" [top_wrapper.cpp:14]   --->   Operation 1579 'load' 'memory_in_local_346_load' <Predicate = (icmp_ln8)> <Delay = 0.00>
ST_21 : Operation 1580 [1/1] (0.00ns)   --->   "%memory_in_local_345_load = load i45 %memory_in_local_345" [top_wrapper.cpp:14]   --->   Operation 1580 'load' 'memory_in_local_345_load' <Predicate = (icmp_ln8)> <Delay = 0.00>
ST_21 : Operation 1581 [1/1] (0.00ns)   --->   "%memory_in_local_344_load = load i45 %memory_in_local_344" [top_wrapper.cpp:14]   --->   Operation 1581 'load' 'memory_in_local_344_load' <Predicate = (icmp_ln8)> <Delay = 0.00>
ST_21 : Operation 1582 [1/1] (0.00ns)   --->   "%memory_in_local_343_load = load i45 %memory_in_local_343" [top_wrapper.cpp:14]   --->   Operation 1582 'load' 'memory_in_local_343_load' <Predicate = (icmp_ln8)> <Delay = 0.00>
ST_21 : Operation 1583 [1/1] (0.00ns)   --->   "%memory_in_local_342_load = load i45 %memory_in_local_342" [top_wrapper.cpp:14]   --->   Operation 1583 'load' 'memory_in_local_342_load' <Predicate = (icmp_ln8)> <Delay = 0.00>
ST_21 : Operation 1584 [1/1] (0.00ns)   --->   "%memory_in_local_341_load = load i45 %memory_in_local_341" [top_wrapper.cpp:14]   --->   Operation 1584 'load' 'memory_in_local_341_load' <Predicate = (icmp_ln8)> <Delay = 0.00>
ST_21 : Operation 1585 [1/1] (0.00ns)   --->   "%memory_in_local_340_load = load i45 %memory_in_local_340" [top_wrapper.cpp:14]   --->   Operation 1585 'load' 'memory_in_local_340_load' <Predicate = (icmp_ln8)> <Delay = 0.00>
ST_21 : Operation 1586 [1/1] (0.00ns)   --->   "%memory_in_local_339_load = load i45 %memory_in_local_339" [top_wrapper.cpp:14]   --->   Operation 1586 'load' 'memory_in_local_339_load' <Predicate = (icmp_ln8)> <Delay = 0.00>
ST_21 : Operation 1587 [1/1] (0.00ns)   --->   "%memory_in_local_338_load = load i45 %memory_in_local_338" [top_wrapper.cpp:14]   --->   Operation 1587 'load' 'memory_in_local_338_load' <Predicate = (icmp_ln8)> <Delay = 0.00>
ST_21 : Operation 1588 [1/1] (0.00ns)   --->   "%memory_in_local_337_load = load i45 %memory_in_local_337" [top_wrapper.cpp:14]   --->   Operation 1588 'load' 'memory_in_local_337_load' <Predicate = (icmp_ln8)> <Delay = 0.00>
ST_21 : Operation 1589 [1/1] (0.00ns)   --->   "%memory_in_local_336_load = load i45 %memory_in_local_336" [top_wrapper.cpp:14]   --->   Operation 1589 'load' 'memory_in_local_336_load' <Predicate = (icmp_ln8)> <Delay = 0.00>
ST_21 : Operation 1590 [1/1] (0.00ns)   --->   "%memory_in_local_335_load = load i45 %memory_in_local_335" [top_wrapper.cpp:14]   --->   Operation 1590 'load' 'memory_in_local_335_load' <Predicate = (icmp_ln8)> <Delay = 0.00>
ST_21 : Operation 1591 [1/1] (0.00ns)   --->   "%memory_in_local_334_load = load i45 %memory_in_local_334" [top_wrapper.cpp:14]   --->   Operation 1591 'load' 'memory_in_local_334_load' <Predicate = (icmp_ln8)> <Delay = 0.00>
ST_21 : Operation 1592 [1/1] (0.00ns)   --->   "%memory_in_local_333_load = load i45 %memory_in_local_333" [top_wrapper.cpp:14]   --->   Operation 1592 'load' 'memory_in_local_333_load' <Predicate = (icmp_ln8)> <Delay = 0.00>
ST_21 : Operation 1593 [1/1] (0.00ns)   --->   "%memory_in_local_332_load = load i45 %memory_in_local_332" [top_wrapper.cpp:14]   --->   Operation 1593 'load' 'memory_in_local_332_load' <Predicate = (icmp_ln8)> <Delay = 0.00>
ST_21 : Operation 1594 [1/1] (0.00ns)   --->   "%memory_in_local_331_load = load i45 %memory_in_local_331" [top_wrapper.cpp:14]   --->   Operation 1594 'load' 'memory_in_local_331_load' <Predicate = (icmp_ln8)> <Delay = 0.00>
ST_21 : Operation 1595 [1/1] (0.00ns)   --->   "%memory_in_local_330_load = load i45 %memory_in_local_330" [top_wrapper.cpp:14]   --->   Operation 1595 'load' 'memory_in_local_330_load' <Predicate = (icmp_ln8)> <Delay = 0.00>
ST_21 : Operation 1596 [1/1] (0.00ns)   --->   "%memory_in_local_329_load = load i45 %memory_in_local_329" [top_wrapper.cpp:14]   --->   Operation 1596 'load' 'memory_in_local_329_load' <Predicate = (icmp_ln8)> <Delay = 0.00>
ST_21 : Operation 1597 [1/1] (0.00ns)   --->   "%memory_in_local_328_load = load i45 %memory_in_local_328" [top_wrapper.cpp:14]   --->   Operation 1597 'load' 'memory_in_local_328_load' <Predicate = (icmp_ln8)> <Delay = 0.00>
ST_21 : Operation 1598 [1/1] (0.00ns)   --->   "%memory_in_local_327_load = load i45 %memory_in_local_327" [top_wrapper.cpp:14]   --->   Operation 1598 'load' 'memory_in_local_327_load' <Predicate = (icmp_ln8)> <Delay = 0.00>
ST_21 : Operation 1599 [1/1] (0.00ns)   --->   "%memory_in_local_326_load = load i45 %memory_in_local_326" [top_wrapper.cpp:14]   --->   Operation 1599 'load' 'memory_in_local_326_load' <Predicate = (icmp_ln8)> <Delay = 0.00>
ST_21 : Operation 1600 [1/1] (0.00ns)   --->   "%memory_in_local_325_load = load i45 %memory_in_local_325" [top_wrapper.cpp:14]   --->   Operation 1600 'load' 'memory_in_local_325_load' <Predicate = (icmp_ln8)> <Delay = 0.00>
ST_21 : Operation 1601 [1/1] (0.00ns)   --->   "%memory_in_local_324_load = load i45 %memory_in_local_324" [top_wrapper.cpp:14]   --->   Operation 1601 'load' 'memory_in_local_324_load' <Predicate = (icmp_ln8)> <Delay = 0.00>
ST_21 : Operation 1602 [1/1] (0.00ns)   --->   "%memory_in_local_323_load = load i45 %memory_in_local_323" [top_wrapper.cpp:14]   --->   Operation 1602 'load' 'memory_in_local_323_load' <Predicate = (icmp_ln8)> <Delay = 0.00>
ST_21 : Operation 1603 [1/1] (0.00ns)   --->   "%memory_in_local_322_load = load i45 %memory_in_local_322" [top_wrapper.cpp:14]   --->   Operation 1603 'load' 'memory_in_local_322_load' <Predicate = (icmp_ln8)> <Delay = 0.00>
ST_21 : Operation 1604 [1/1] (0.00ns)   --->   "%memory_in_local_321_load = load i45 %memory_in_local_321" [top_wrapper.cpp:14]   --->   Operation 1604 'load' 'memory_in_local_321_load' <Predicate = (icmp_ln8)> <Delay = 0.00>
ST_21 : Operation 1605 [1/1] (0.00ns)   --->   "%memory_in_local_320_load = load i45 %memory_in_local_320" [top_wrapper.cpp:14]   --->   Operation 1605 'load' 'memory_in_local_320_load' <Predicate = (icmp_ln8)> <Delay = 0.00>
ST_21 : Operation 1606 [1/1] (0.00ns)   --->   "%memory_in_local_319_load = load i45 %memory_in_local_319" [top_wrapper.cpp:14]   --->   Operation 1606 'load' 'memory_in_local_319_load' <Predicate = (icmp_ln8)> <Delay = 0.00>
ST_21 : Operation 1607 [1/1] (0.00ns)   --->   "%memory_in_local_318_load = load i45 %memory_in_local_318" [top_wrapper.cpp:14]   --->   Operation 1607 'load' 'memory_in_local_318_load' <Predicate = (icmp_ln8)> <Delay = 0.00>
ST_21 : Operation 1608 [1/1] (0.00ns)   --->   "%memory_in_local_317_load = load i45 %memory_in_local_317" [top_wrapper.cpp:14]   --->   Operation 1608 'load' 'memory_in_local_317_load' <Predicate = (icmp_ln8)> <Delay = 0.00>
ST_21 : Operation 1609 [1/1] (0.00ns)   --->   "%memory_in_local_316_load = load i45 %memory_in_local_316" [top_wrapper.cpp:14]   --->   Operation 1609 'load' 'memory_in_local_316_load' <Predicate = (icmp_ln8)> <Delay = 0.00>
ST_21 : Operation 1610 [1/1] (0.00ns)   --->   "%memory_in_local_315_load = load i45 %memory_in_local_315" [top_wrapper.cpp:14]   --->   Operation 1610 'load' 'memory_in_local_315_load' <Predicate = (icmp_ln8)> <Delay = 0.00>
ST_21 : Operation 1611 [1/1] (0.00ns)   --->   "%memory_in_local_314_load = load i45 %memory_in_local_314" [top_wrapper.cpp:14]   --->   Operation 1611 'load' 'memory_in_local_314_load' <Predicate = (icmp_ln8)> <Delay = 0.00>
ST_21 : Operation 1612 [1/1] (0.00ns)   --->   "%memory_in_local_313_load = load i45 %memory_in_local_313" [top_wrapper.cpp:14]   --->   Operation 1612 'load' 'memory_in_local_313_load' <Predicate = (icmp_ln8)> <Delay = 0.00>
ST_21 : Operation 1613 [1/1] (0.00ns)   --->   "%memory_in_local_312_load = load i45 %memory_in_local_312" [top_wrapper.cpp:14]   --->   Operation 1613 'load' 'memory_in_local_312_load' <Predicate = (icmp_ln8)> <Delay = 0.00>
ST_21 : Operation 1614 [1/1] (0.00ns)   --->   "%memory_in_local_311_load = load i45 %memory_in_local_311" [top_wrapper.cpp:14]   --->   Operation 1614 'load' 'memory_in_local_311_load' <Predicate = (icmp_ln8)> <Delay = 0.00>
ST_21 : Operation 1615 [1/1] (0.00ns)   --->   "%memory_in_local_310_load = load i45 %memory_in_local_310" [top_wrapper.cpp:14]   --->   Operation 1615 'load' 'memory_in_local_310_load' <Predicate = (icmp_ln8)> <Delay = 0.00>
ST_21 : Operation 1616 [1/1] (0.00ns)   --->   "%memory_in_local_309_load = load i45 %memory_in_local_309" [top_wrapper.cpp:14]   --->   Operation 1616 'load' 'memory_in_local_309_load' <Predicate = (icmp_ln8)> <Delay = 0.00>
ST_21 : Operation 1617 [1/1] (0.00ns)   --->   "%memory_in_local_308_load = load i45 %memory_in_local_308" [top_wrapper.cpp:14]   --->   Operation 1617 'load' 'memory_in_local_308_load' <Predicate = (icmp_ln8)> <Delay = 0.00>
ST_21 : Operation 1618 [1/1] (0.00ns)   --->   "%memory_in_local_307_load = load i45 %memory_in_local_307" [top_wrapper.cpp:14]   --->   Operation 1618 'load' 'memory_in_local_307_load' <Predicate = (icmp_ln8)> <Delay = 0.00>
ST_21 : Operation 1619 [1/1] (0.00ns)   --->   "%memory_in_local_306_load = load i45 %memory_in_local_306" [top_wrapper.cpp:14]   --->   Operation 1619 'load' 'memory_in_local_306_load' <Predicate = (icmp_ln8)> <Delay = 0.00>
ST_21 : Operation 1620 [1/1] (0.00ns)   --->   "%memory_in_local_305_load = load i45 %memory_in_local_305" [top_wrapper.cpp:14]   --->   Operation 1620 'load' 'memory_in_local_305_load' <Predicate = (icmp_ln8)> <Delay = 0.00>
ST_21 : Operation 1621 [1/1] (0.00ns)   --->   "%memory_in_local_304_load = load i45 %memory_in_local_304" [top_wrapper.cpp:14]   --->   Operation 1621 'load' 'memory_in_local_304_load' <Predicate = (icmp_ln8)> <Delay = 0.00>
ST_21 : Operation 1622 [1/1] (0.00ns)   --->   "%memory_in_local_303_load = load i45 %memory_in_local_303" [top_wrapper.cpp:14]   --->   Operation 1622 'load' 'memory_in_local_303_load' <Predicate = (icmp_ln8)> <Delay = 0.00>
ST_21 : Operation 1623 [1/1] (0.00ns)   --->   "%memory_in_local_302_load = load i45 %memory_in_local_302" [top_wrapper.cpp:14]   --->   Operation 1623 'load' 'memory_in_local_302_load' <Predicate = (icmp_ln8)> <Delay = 0.00>
ST_21 : Operation 1624 [1/1] (0.00ns)   --->   "%memory_in_local_301_load = load i45 %memory_in_local_301" [top_wrapper.cpp:14]   --->   Operation 1624 'load' 'memory_in_local_301_load' <Predicate = (icmp_ln8)> <Delay = 0.00>
ST_21 : Operation 1625 [1/1] (0.00ns)   --->   "%memory_in_local_300_load = load i45 %memory_in_local_300" [top_wrapper.cpp:14]   --->   Operation 1625 'load' 'memory_in_local_300_load' <Predicate = (icmp_ln8)> <Delay = 0.00>
ST_21 : Operation 1626 [1/1] (0.00ns)   --->   "%memory_in_local_299_load = load i45 %memory_in_local_299" [top_wrapper.cpp:14]   --->   Operation 1626 'load' 'memory_in_local_299_load' <Predicate = (icmp_ln8)> <Delay = 0.00>
ST_21 : Operation 1627 [1/1] (0.00ns)   --->   "%memory_in_local_298_load = load i45 %memory_in_local_298" [top_wrapper.cpp:14]   --->   Operation 1627 'load' 'memory_in_local_298_load' <Predicate = (icmp_ln8)> <Delay = 0.00>
ST_21 : Operation 1628 [1/1] (0.00ns)   --->   "%memory_in_local_297_load = load i45 %memory_in_local_297" [top_wrapper.cpp:14]   --->   Operation 1628 'load' 'memory_in_local_297_load' <Predicate = (icmp_ln8)> <Delay = 0.00>
ST_21 : Operation 1629 [1/1] (0.00ns)   --->   "%memory_in_local_296_load = load i45 %memory_in_local_296" [top_wrapper.cpp:14]   --->   Operation 1629 'load' 'memory_in_local_296_load' <Predicate = (icmp_ln8)> <Delay = 0.00>
ST_21 : Operation 1630 [1/1] (0.00ns)   --->   "%memory_in_local_295_load = load i45 %memory_in_local_295" [top_wrapper.cpp:14]   --->   Operation 1630 'load' 'memory_in_local_295_load' <Predicate = (icmp_ln8)> <Delay = 0.00>
ST_21 : Operation 1631 [1/1] (0.00ns)   --->   "%memory_in_local_294_load = load i45 %memory_in_local_294" [top_wrapper.cpp:14]   --->   Operation 1631 'load' 'memory_in_local_294_load' <Predicate = (icmp_ln8)> <Delay = 0.00>
ST_21 : Operation 1632 [1/1] (0.00ns)   --->   "%memory_in_local_293_load = load i45 %memory_in_local_293" [top_wrapper.cpp:14]   --->   Operation 1632 'load' 'memory_in_local_293_load' <Predicate = (icmp_ln8)> <Delay = 0.00>
ST_21 : Operation 1633 [1/1] (0.00ns)   --->   "%memory_in_local_292_load = load i45 %memory_in_local_292" [top_wrapper.cpp:14]   --->   Operation 1633 'load' 'memory_in_local_292_load' <Predicate = (icmp_ln8)> <Delay = 0.00>
ST_21 : Operation 1634 [1/1] (0.00ns)   --->   "%memory_in_local_291_load = load i45 %memory_in_local_291" [top_wrapper.cpp:14]   --->   Operation 1634 'load' 'memory_in_local_291_load' <Predicate = (icmp_ln8)> <Delay = 0.00>
ST_21 : Operation 1635 [1/1] (0.00ns)   --->   "%memory_in_local_290_load = load i45 %memory_in_local_290" [top_wrapper.cpp:14]   --->   Operation 1635 'load' 'memory_in_local_290_load' <Predicate = (icmp_ln8)> <Delay = 0.00>
ST_21 : Operation 1636 [1/1] (0.00ns)   --->   "%memory_in_local_289_load = load i45 %memory_in_local_289" [top_wrapper.cpp:14]   --->   Operation 1636 'load' 'memory_in_local_289_load' <Predicate = (icmp_ln8)> <Delay = 0.00>
ST_21 : Operation 1637 [1/1] (0.00ns)   --->   "%memory_in_local_288_load = load i45 %memory_in_local_288" [top_wrapper.cpp:14]   --->   Operation 1637 'load' 'memory_in_local_288_load' <Predicate = (icmp_ln8)> <Delay = 0.00>
ST_21 : Operation 1638 [1/1] (0.00ns)   --->   "%memory_in_local_287_load = load i45 %memory_in_local_287" [top_wrapper.cpp:14]   --->   Operation 1638 'load' 'memory_in_local_287_load' <Predicate = (icmp_ln8)> <Delay = 0.00>
ST_21 : Operation 1639 [1/1] (0.00ns)   --->   "%memory_in_local_286_load = load i45 %memory_in_local_286" [top_wrapper.cpp:14]   --->   Operation 1639 'load' 'memory_in_local_286_load' <Predicate = (icmp_ln8)> <Delay = 0.00>
ST_21 : Operation 1640 [1/1] (0.00ns)   --->   "%memory_in_local_285_load = load i45 %memory_in_local_285" [top_wrapper.cpp:14]   --->   Operation 1640 'load' 'memory_in_local_285_load' <Predicate = (icmp_ln8)> <Delay = 0.00>
ST_21 : Operation 1641 [1/1] (0.00ns)   --->   "%memory_in_local_284_load = load i45 %memory_in_local_284" [top_wrapper.cpp:14]   --->   Operation 1641 'load' 'memory_in_local_284_load' <Predicate = (icmp_ln8)> <Delay = 0.00>
ST_21 : Operation 1642 [1/1] (0.00ns)   --->   "%memory_in_local_283_load = load i45 %memory_in_local_283" [top_wrapper.cpp:14]   --->   Operation 1642 'load' 'memory_in_local_283_load' <Predicate = (icmp_ln8)> <Delay = 0.00>
ST_21 : Operation 1643 [1/1] (0.00ns)   --->   "%memory_in_local_282_load = load i45 %memory_in_local_282" [top_wrapper.cpp:14]   --->   Operation 1643 'load' 'memory_in_local_282_load' <Predicate = (icmp_ln8)> <Delay = 0.00>
ST_21 : Operation 1644 [1/1] (0.00ns)   --->   "%memory_in_local_281_load = load i45 %memory_in_local_281" [top_wrapper.cpp:14]   --->   Operation 1644 'load' 'memory_in_local_281_load' <Predicate = (icmp_ln8)> <Delay = 0.00>
ST_21 : Operation 1645 [1/1] (0.00ns)   --->   "%memory_in_local_280_load = load i45 %memory_in_local_280" [top_wrapper.cpp:14]   --->   Operation 1645 'load' 'memory_in_local_280_load' <Predicate = (icmp_ln8)> <Delay = 0.00>
ST_21 : Operation 1646 [1/1] (0.00ns)   --->   "%memory_in_local_279_load = load i45 %memory_in_local_279" [top_wrapper.cpp:14]   --->   Operation 1646 'load' 'memory_in_local_279_load' <Predicate = (icmp_ln8)> <Delay = 0.00>
ST_21 : Operation 1647 [1/1] (0.00ns)   --->   "%memory_in_local_278_load = load i45 %memory_in_local_278" [top_wrapper.cpp:14]   --->   Operation 1647 'load' 'memory_in_local_278_load' <Predicate = (icmp_ln8)> <Delay = 0.00>
ST_21 : Operation 1648 [1/1] (0.00ns)   --->   "%memory_in_local_277_load = load i45 %memory_in_local_277" [top_wrapper.cpp:14]   --->   Operation 1648 'load' 'memory_in_local_277_load' <Predicate = (icmp_ln8)> <Delay = 0.00>
ST_21 : Operation 1649 [1/1] (0.00ns)   --->   "%memory_in_local_276_load = load i45 %memory_in_local_276" [top_wrapper.cpp:14]   --->   Operation 1649 'load' 'memory_in_local_276_load' <Predicate = (icmp_ln8)> <Delay = 0.00>
ST_21 : Operation 1650 [1/1] (0.00ns)   --->   "%memory_in_local_275_load = load i45 %memory_in_local_275" [top_wrapper.cpp:14]   --->   Operation 1650 'load' 'memory_in_local_275_load' <Predicate = (icmp_ln8)> <Delay = 0.00>
ST_21 : Operation 1651 [1/1] (0.00ns)   --->   "%memory_in_local_274_load = load i45 %memory_in_local_274" [top_wrapper.cpp:14]   --->   Operation 1651 'load' 'memory_in_local_274_load' <Predicate = (icmp_ln8)> <Delay = 0.00>
ST_21 : Operation 1652 [1/1] (0.00ns)   --->   "%memory_in_local_273_load = load i45 %memory_in_local_273" [top_wrapper.cpp:14]   --->   Operation 1652 'load' 'memory_in_local_273_load' <Predicate = (icmp_ln8)> <Delay = 0.00>
ST_21 : Operation 1653 [1/1] (0.00ns)   --->   "%memory_in_local_272_load = load i45 %memory_in_local_272" [top_wrapper.cpp:14]   --->   Operation 1653 'load' 'memory_in_local_272_load' <Predicate = (icmp_ln8)> <Delay = 0.00>
ST_21 : Operation 1654 [1/1] (0.00ns)   --->   "%memory_in_local_271_load = load i45 %memory_in_local_271" [top_wrapper.cpp:14]   --->   Operation 1654 'load' 'memory_in_local_271_load' <Predicate = (icmp_ln8)> <Delay = 0.00>
ST_21 : Operation 1655 [1/1] (0.00ns)   --->   "%memory_in_local_270_load = load i45 %memory_in_local_270" [top_wrapper.cpp:14]   --->   Operation 1655 'load' 'memory_in_local_270_load' <Predicate = (icmp_ln8)> <Delay = 0.00>
ST_21 : Operation 1656 [1/1] (0.00ns)   --->   "%memory_in_local_269_load = load i45 %memory_in_local_269" [top_wrapper.cpp:14]   --->   Operation 1656 'load' 'memory_in_local_269_load' <Predicate = (icmp_ln8)> <Delay = 0.00>
ST_21 : Operation 1657 [1/1] (0.00ns)   --->   "%memory_in_local_268_load = load i45 %memory_in_local_268" [top_wrapper.cpp:14]   --->   Operation 1657 'load' 'memory_in_local_268_load' <Predicate = (icmp_ln8)> <Delay = 0.00>
ST_21 : Operation 1658 [1/1] (0.00ns)   --->   "%memory_in_local_267_load = load i45 %memory_in_local_267" [top_wrapper.cpp:14]   --->   Operation 1658 'load' 'memory_in_local_267_load' <Predicate = (icmp_ln8)> <Delay = 0.00>
ST_21 : Operation 1659 [1/1] (0.00ns)   --->   "%memory_in_local_266_load = load i45 %memory_in_local_266" [top_wrapper.cpp:14]   --->   Operation 1659 'load' 'memory_in_local_266_load' <Predicate = (icmp_ln8)> <Delay = 0.00>
ST_21 : Operation 1660 [1/1] (0.00ns)   --->   "%memory_in_local_265_load = load i45 %memory_in_local_265" [top_wrapper.cpp:14]   --->   Operation 1660 'load' 'memory_in_local_265_load' <Predicate = (icmp_ln8)> <Delay = 0.00>
ST_21 : Operation 1661 [1/1] (0.00ns)   --->   "%memory_in_local_264_load = load i45 %memory_in_local_264" [top_wrapper.cpp:14]   --->   Operation 1661 'load' 'memory_in_local_264_load' <Predicate = (icmp_ln8)> <Delay = 0.00>
ST_21 : Operation 1662 [1/1] (0.00ns)   --->   "%memory_in_local_263_load = load i45 %memory_in_local_263" [top_wrapper.cpp:14]   --->   Operation 1662 'load' 'memory_in_local_263_load' <Predicate = (icmp_ln8)> <Delay = 0.00>
ST_21 : Operation 1663 [1/1] (0.00ns)   --->   "%memory_in_local_262_load = load i45 %memory_in_local_262" [top_wrapper.cpp:14]   --->   Operation 1663 'load' 'memory_in_local_262_load' <Predicate = (icmp_ln8)> <Delay = 0.00>
ST_21 : Operation 1664 [1/1] (0.00ns)   --->   "%memory_in_local_261_load = load i45 %memory_in_local_261" [top_wrapper.cpp:14]   --->   Operation 1664 'load' 'memory_in_local_261_load' <Predicate = (icmp_ln8)> <Delay = 0.00>
ST_21 : Operation 1665 [1/1] (0.00ns)   --->   "%memory_in_local_260_load = load i45 %memory_in_local_260" [top_wrapper.cpp:14]   --->   Operation 1665 'load' 'memory_in_local_260_load' <Predicate = (icmp_ln8)> <Delay = 0.00>
ST_21 : Operation 1666 [1/1] (0.00ns)   --->   "%memory_in_local_259_load = load i45 %memory_in_local_259" [top_wrapper.cpp:14]   --->   Operation 1666 'load' 'memory_in_local_259_load' <Predicate = (icmp_ln8)> <Delay = 0.00>
ST_21 : Operation 1667 [1/1] (0.00ns)   --->   "%memory_in_local_258_load = load i45 %memory_in_local_258" [top_wrapper.cpp:14]   --->   Operation 1667 'load' 'memory_in_local_258_load' <Predicate = (icmp_ln8)> <Delay = 0.00>
ST_21 : Operation 1668 [1/1] (0.00ns)   --->   "%memory_in_local_257_load = load i45 %memory_in_local_257" [top_wrapper.cpp:14]   --->   Operation 1668 'load' 'memory_in_local_257_load' <Predicate = (icmp_ln8)> <Delay = 0.00>
ST_21 : Operation 1669 [1/1] (0.00ns)   --->   "%memory_in_local_256_load = load i45 %memory_in_local_256" [top_wrapper.cpp:14]   --->   Operation 1669 'load' 'memory_in_local_256_load' <Predicate = (icmp_ln8)> <Delay = 0.00>
ST_21 : Operation 1670 [1/1] (0.00ns)   --->   "%memory_in_local_255_load = load i45 %memory_in_local_255" [top_wrapper.cpp:14]   --->   Operation 1670 'load' 'memory_in_local_255_load' <Predicate = (icmp_ln8)> <Delay = 0.00>
ST_21 : Operation 1671 [1/1] (0.00ns)   --->   "%memory_in_local_254_load = load i45 %memory_in_local_254" [top_wrapper.cpp:14]   --->   Operation 1671 'load' 'memory_in_local_254_load' <Predicate = (icmp_ln8)> <Delay = 0.00>
ST_21 : Operation 1672 [1/1] (0.00ns)   --->   "%memory_in_local_253_load = load i45 %memory_in_local_253" [top_wrapper.cpp:14]   --->   Operation 1672 'load' 'memory_in_local_253_load' <Predicate = (icmp_ln8)> <Delay = 0.00>
ST_21 : Operation 1673 [1/1] (0.00ns)   --->   "%memory_in_local_252_load = load i45 %memory_in_local_252" [top_wrapper.cpp:14]   --->   Operation 1673 'load' 'memory_in_local_252_load' <Predicate = (icmp_ln8)> <Delay = 0.00>
ST_21 : Operation 1674 [1/1] (0.00ns)   --->   "%memory_in_local_251_load = load i45 %memory_in_local_251" [top_wrapper.cpp:14]   --->   Operation 1674 'load' 'memory_in_local_251_load' <Predicate = (icmp_ln8)> <Delay = 0.00>
ST_21 : Operation 1675 [1/1] (0.00ns)   --->   "%memory_in_local_250_load = load i45 %memory_in_local_250" [top_wrapper.cpp:14]   --->   Operation 1675 'load' 'memory_in_local_250_load' <Predicate = (icmp_ln8)> <Delay = 0.00>
ST_21 : Operation 1676 [1/1] (0.00ns)   --->   "%memory_in_local_249_load = load i45 %memory_in_local_249" [top_wrapper.cpp:14]   --->   Operation 1676 'load' 'memory_in_local_249_load' <Predicate = (icmp_ln8)> <Delay = 0.00>
ST_21 : Operation 1677 [1/1] (0.00ns)   --->   "%memory_in_local_248_load = load i45 %memory_in_local_248" [top_wrapper.cpp:14]   --->   Operation 1677 'load' 'memory_in_local_248_load' <Predicate = (icmp_ln8)> <Delay = 0.00>
ST_21 : Operation 1678 [1/1] (0.00ns)   --->   "%memory_in_local_247_load = load i45 %memory_in_local_247" [top_wrapper.cpp:14]   --->   Operation 1678 'load' 'memory_in_local_247_load' <Predicate = (icmp_ln8)> <Delay = 0.00>
ST_21 : Operation 1679 [1/1] (0.00ns)   --->   "%memory_in_local_246_load = load i45 %memory_in_local_246" [top_wrapper.cpp:14]   --->   Operation 1679 'load' 'memory_in_local_246_load' <Predicate = (icmp_ln8)> <Delay = 0.00>
ST_21 : Operation 1680 [1/1] (0.00ns)   --->   "%memory_in_local_245_load = load i45 %memory_in_local_245" [top_wrapper.cpp:14]   --->   Operation 1680 'load' 'memory_in_local_245_load' <Predicate = (icmp_ln8)> <Delay = 0.00>
ST_21 : Operation 1681 [1/1] (0.00ns)   --->   "%memory_in_local_244_load = load i45 %memory_in_local_244" [top_wrapper.cpp:14]   --->   Operation 1681 'load' 'memory_in_local_244_load' <Predicate = (icmp_ln8)> <Delay = 0.00>
ST_21 : Operation 1682 [1/1] (0.00ns)   --->   "%memory_in_local_243_load = load i45 %memory_in_local_243" [top_wrapper.cpp:14]   --->   Operation 1682 'load' 'memory_in_local_243_load' <Predicate = (icmp_ln8)> <Delay = 0.00>
ST_21 : Operation 1683 [1/1] (0.00ns)   --->   "%memory_in_local_242_load = load i45 %memory_in_local_242" [top_wrapper.cpp:14]   --->   Operation 1683 'load' 'memory_in_local_242_load' <Predicate = (icmp_ln8)> <Delay = 0.00>
ST_21 : Operation 1684 [1/1] (0.00ns)   --->   "%memory_in_local_241_load = load i45 %memory_in_local_241" [top_wrapper.cpp:14]   --->   Operation 1684 'load' 'memory_in_local_241_load' <Predicate = (icmp_ln8)> <Delay = 0.00>
ST_21 : Operation 1685 [1/1] (0.00ns)   --->   "%memory_in_local_240_load = load i45 %memory_in_local_240" [top_wrapper.cpp:14]   --->   Operation 1685 'load' 'memory_in_local_240_load' <Predicate = (icmp_ln8)> <Delay = 0.00>
ST_21 : Operation 1686 [1/1] (0.00ns)   --->   "%memory_in_local_239_load = load i45 %memory_in_local_239" [top_wrapper.cpp:14]   --->   Operation 1686 'load' 'memory_in_local_239_load' <Predicate = (icmp_ln8)> <Delay = 0.00>
ST_21 : Operation 1687 [1/1] (0.00ns)   --->   "%memory_in_local_238_load = load i45 %memory_in_local_238" [top_wrapper.cpp:14]   --->   Operation 1687 'load' 'memory_in_local_238_load' <Predicate = (icmp_ln8)> <Delay = 0.00>
ST_21 : Operation 1688 [1/1] (0.00ns)   --->   "%memory_in_local_237_load = load i45 %memory_in_local_237" [top_wrapper.cpp:14]   --->   Operation 1688 'load' 'memory_in_local_237_load' <Predicate = (icmp_ln8)> <Delay = 0.00>
ST_21 : Operation 1689 [1/1] (0.00ns)   --->   "%memory_in_local_236_load = load i45 %memory_in_local_236" [top_wrapper.cpp:14]   --->   Operation 1689 'load' 'memory_in_local_236_load' <Predicate = (icmp_ln8)> <Delay = 0.00>
ST_21 : Operation 1690 [1/1] (0.00ns)   --->   "%memory_in_local_235_load = load i45 %memory_in_local_235" [top_wrapper.cpp:14]   --->   Operation 1690 'load' 'memory_in_local_235_load' <Predicate = (icmp_ln8)> <Delay = 0.00>
ST_21 : Operation 1691 [1/1] (0.00ns)   --->   "%memory_in_local_234_load = load i45 %memory_in_local_234" [top_wrapper.cpp:14]   --->   Operation 1691 'load' 'memory_in_local_234_load' <Predicate = (icmp_ln8)> <Delay = 0.00>
ST_21 : Operation 1692 [1/1] (0.00ns)   --->   "%memory_in_local_233_load = load i45 %memory_in_local_233" [top_wrapper.cpp:14]   --->   Operation 1692 'load' 'memory_in_local_233_load' <Predicate = (icmp_ln8)> <Delay = 0.00>
ST_21 : Operation 1693 [1/1] (0.00ns)   --->   "%memory_in_local_232_load = load i45 %memory_in_local_232" [top_wrapper.cpp:14]   --->   Operation 1693 'load' 'memory_in_local_232_load' <Predicate = (icmp_ln8)> <Delay = 0.00>
ST_21 : Operation 1694 [1/1] (0.00ns)   --->   "%memory_in_local_231_load = load i45 %memory_in_local_231" [top_wrapper.cpp:14]   --->   Operation 1694 'load' 'memory_in_local_231_load' <Predicate = (icmp_ln8)> <Delay = 0.00>
ST_21 : Operation 1695 [1/1] (0.00ns)   --->   "%memory_in_local_230_load = load i45 %memory_in_local_230" [top_wrapper.cpp:14]   --->   Operation 1695 'load' 'memory_in_local_230_load' <Predicate = (icmp_ln8)> <Delay = 0.00>
ST_21 : Operation 1696 [1/1] (0.00ns)   --->   "%memory_in_local_229_load = load i45 %memory_in_local_229" [top_wrapper.cpp:14]   --->   Operation 1696 'load' 'memory_in_local_229_load' <Predicate = (icmp_ln8)> <Delay = 0.00>
ST_21 : Operation 1697 [1/1] (0.00ns)   --->   "%memory_in_local_228_load = load i45 %memory_in_local_228" [top_wrapper.cpp:14]   --->   Operation 1697 'load' 'memory_in_local_228_load' <Predicate = (icmp_ln8)> <Delay = 0.00>
ST_21 : Operation 1698 [1/1] (0.00ns)   --->   "%memory_in_local_227_load = load i45 %memory_in_local_227" [top_wrapper.cpp:14]   --->   Operation 1698 'load' 'memory_in_local_227_load' <Predicate = (icmp_ln8)> <Delay = 0.00>
ST_21 : Operation 1699 [1/1] (0.00ns)   --->   "%memory_in_local_226_load = load i45 %memory_in_local_226" [top_wrapper.cpp:14]   --->   Operation 1699 'load' 'memory_in_local_226_load' <Predicate = (icmp_ln8)> <Delay = 0.00>
ST_21 : Operation 1700 [1/1] (0.00ns)   --->   "%memory_in_local_225_load = load i45 %memory_in_local_225" [top_wrapper.cpp:14]   --->   Operation 1700 'load' 'memory_in_local_225_load' <Predicate = (icmp_ln8)> <Delay = 0.00>
ST_21 : Operation 1701 [1/1] (0.00ns)   --->   "%memory_in_local_224_load = load i45 %memory_in_local_224" [top_wrapper.cpp:14]   --->   Operation 1701 'load' 'memory_in_local_224_load' <Predicate = (icmp_ln8)> <Delay = 0.00>
ST_21 : Operation 1702 [1/1] (0.00ns)   --->   "%memory_in_local_223_load = load i45 %memory_in_local_223" [top_wrapper.cpp:14]   --->   Operation 1702 'load' 'memory_in_local_223_load' <Predicate = (icmp_ln8)> <Delay = 0.00>
ST_21 : Operation 1703 [1/1] (0.00ns)   --->   "%memory_in_local_222_load = load i45 %memory_in_local_222" [top_wrapper.cpp:14]   --->   Operation 1703 'load' 'memory_in_local_222_load' <Predicate = (icmp_ln8)> <Delay = 0.00>
ST_21 : Operation 1704 [1/1] (0.00ns)   --->   "%memory_in_local_221_load = load i45 %memory_in_local_221" [top_wrapper.cpp:14]   --->   Operation 1704 'load' 'memory_in_local_221_load' <Predicate = (icmp_ln8)> <Delay = 0.00>
ST_21 : Operation 1705 [1/1] (0.00ns)   --->   "%memory_in_local_220_load = load i45 %memory_in_local_220" [top_wrapper.cpp:14]   --->   Operation 1705 'load' 'memory_in_local_220_load' <Predicate = (icmp_ln8)> <Delay = 0.00>
ST_21 : Operation 1706 [1/1] (0.00ns)   --->   "%memory_in_local_219_load = load i45 %memory_in_local_219" [top_wrapper.cpp:14]   --->   Operation 1706 'load' 'memory_in_local_219_load' <Predicate = (icmp_ln8)> <Delay = 0.00>
ST_21 : Operation 1707 [1/1] (0.00ns)   --->   "%memory_in_local_218_load = load i45 %memory_in_local_218" [top_wrapper.cpp:14]   --->   Operation 1707 'load' 'memory_in_local_218_load' <Predicate = (icmp_ln8)> <Delay = 0.00>
ST_21 : Operation 1708 [1/1] (0.00ns)   --->   "%memory_in_local_217_load = load i45 %memory_in_local_217" [top_wrapper.cpp:14]   --->   Operation 1708 'load' 'memory_in_local_217_load' <Predicate = (icmp_ln8)> <Delay = 0.00>
ST_21 : Operation 1709 [1/1] (0.00ns)   --->   "%memory_in_local_216_load = load i45 %memory_in_local_216" [top_wrapper.cpp:14]   --->   Operation 1709 'load' 'memory_in_local_216_load' <Predicate = (icmp_ln8)> <Delay = 0.00>
ST_21 : Operation 1710 [1/1] (0.00ns)   --->   "%memory_in_local_215_load = load i45 %memory_in_local_215" [top_wrapper.cpp:14]   --->   Operation 1710 'load' 'memory_in_local_215_load' <Predicate = (icmp_ln8)> <Delay = 0.00>
ST_21 : Operation 1711 [1/1] (0.00ns)   --->   "%memory_in_local_214_load = load i45 %memory_in_local_214" [top_wrapper.cpp:14]   --->   Operation 1711 'load' 'memory_in_local_214_load' <Predicate = (icmp_ln8)> <Delay = 0.00>
ST_21 : Operation 1712 [1/1] (0.00ns)   --->   "%memory_in_local_213_load = load i45 %memory_in_local_213" [top_wrapper.cpp:14]   --->   Operation 1712 'load' 'memory_in_local_213_load' <Predicate = (icmp_ln8)> <Delay = 0.00>
ST_21 : Operation 1713 [1/1] (0.00ns)   --->   "%memory_in_local_212_load = load i45 %memory_in_local_212" [top_wrapper.cpp:14]   --->   Operation 1713 'load' 'memory_in_local_212_load' <Predicate = (icmp_ln8)> <Delay = 0.00>
ST_21 : Operation 1714 [1/1] (0.00ns)   --->   "%memory_in_local_211_load = load i45 %memory_in_local_211" [top_wrapper.cpp:14]   --->   Operation 1714 'load' 'memory_in_local_211_load' <Predicate = (icmp_ln8)> <Delay = 0.00>
ST_21 : Operation 1715 [1/1] (0.00ns)   --->   "%memory_in_local_210_load = load i45 %memory_in_local_210" [top_wrapper.cpp:14]   --->   Operation 1715 'load' 'memory_in_local_210_load' <Predicate = (icmp_ln8)> <Delay = 0.00>
ST_21 : Operation 1716 [1/1] (0.00ns)   --->   "%memory_in_local_209_load = load i45 %memory_in_local_209" [top_wrapper.cpp:14]   --->   Operation 1716 'load' 'memory_in_local_209_load' <Predicate = (icmp_ln8)> <Delay = 0.00>
ST_21 : Operation 1717 [1/1] (0.00ns)   --->   "%memory_in_local_208_load = load i45 %memory_in_local_208" [top_wrapper.cpp:14]   --->   Operation 1717 'load' 'memory_in_local_208_load' <Predicate = (icmp_ln8)> <Delay = 0.00>
ST_21 : Operation 1718 [1/1] (0.00ns)   --->   "%memory_in_local_207_load = load i45 %memory_in_local_207" [top_wrapper.cpp:14]   --->   Operation 1718 'load' 'memory_in_local_207_load' <Predicate = (icmp_ln8)> <Delay = 0.00>
ST_21 : Operation 1719 [1/1] (0.00ns)   --->   "%memory_in_local_206_load = load i45 %memory_in_local_206" [top_wrapper.cpp:14]   --->   Operation 1719 'load' 'memory_in_local_206_load' <Predicate = (icmp_ln8)> <Delay = 0.00>
ST_21 : Operation 1720 [1/1] (0.00ns)   --->   "%memory_in_local_205_load = load i45 %memory_in_local_205" [top_wrapper.cpp:14]   --->   Operation 1720 'load' 'memory_in_local_205_load' <Predicate = (icmp_ln8)> <Delay = 0.00>
ST_21 : Operation 1721 [1/1] (0.00ns)   --->   "%memory_in_local_204_load = load i45 %memory_in_local_204" [top_wrapper.cpp:14]   --->   Operation 1721 'load' 'memory_in_local_204_load' <Predicate = (icmp_ln8)> <Delay = 0.00>
ST_21 : Operation 1722 [1/1] (0.00ns)   --->   "%memory_in_local_203_load = load i45 %memory_in_local_203" [top_wrapper.cpp:14]   --->   Operation 1722 'load' 'memory_in_local_203_load' <Predicate = (icmp_ln8)> <Delay = 0.00>
ST_21 : Operation 1723 [1/1] (0.00ns)   --->   "%memory_in_local_202_load = load i45 %memory_in_local_202" [top_wrapper.cpp:14]   --->   Operation 1723 'load' 'memory_in_local_202_load' <Predicate = (icmp_ln8)> <Delay = 0.00>
ST_21 : Operation 1724 [1/1] (0.00ns)   --->   "%memory_in_local_201_load = load i45 %memory_in_local_201" [top_wrapper.cpp:14]   --->   Operation 1724 'load' 'memory_in_local_201_load' <Predicate = (icmp_ln8)> <Delay = 0.00>
ST_21 : Operation 1725 [1/1] (0.00ns)   --->   "%memory_in_local_200_load = load i45 %memory_in_local_200" [top_wrapper.cpp:14]   --->   Operation 1725 'load' 'memory_in_local_200_load' <Predicate = (icmp_ln8)> <Delay = 0.00>
ST_21 : Operation 1726 [1/1] (0.00ns)   --->   "%memory_in_local_199_load = load i45 %memory_in_local_199" [top_wrapper.cpp:14]   --->   Operation 1726 'load' 'memory_in_local_199_load' <Predicate = (icmp_ln8)> <Delay = 0.00>
ST_21 : Operation 1727 [1/1] (0.00ns)   --->   "%memory_in_local_198_load = load i45 %memory_in_local_198" [top_wrapper.cpp:14]   --->   Operation 1727 'load' 'memory_in_local_198_load' <Predicate = (icmp_ln8)> <Delay = 0.00>
ST_21 : Operation 1728 [1/1] (0.00ns)   --->   "%memory_in_local_197_load = load i45 %memory_in_local_197" [top_wrapper.cpp:14]   --->   Operation 1728 'load' 'memory_in_local_197_load' <Predicate = (icmp_ln8)> <Delay = 0.00>
ST_21 : Operation 1729 [1/1] (0.00ns)   --->   "%memory_in_local_196_load = load i45 %memory_in_local_196" [top_wrapper.cpp:14]   --->   Operation 1729 'load' 'memory_in_local_196_load' <Predicate = (icmp_ln8)> <Delay = 0.00>
ST_21 : Operation 1730 [1/1] (0.00ns)   --->   "%memory_in_local_195_load = load i45 %memory_in_local_195" [top_wrapper.cpp:14]   --->   Operation 1730 'load' 'memory_in_local_195_load' <Predicate = (icmp_ln8)> <Delay = 0.00>
ST_21 : Operation 1731 [1/1] (0.00ns)   --->   "%memory_in_local_194_load = load i45 %memory_in_local_194" [top_wrapper.cpp:14]   --->   Operation 1731 'load' 'memory_in_local_194_load' <Predicate = (icmp_ln8)> <Delay = 0.00>
ST_21 : Operation 1732 [1/1] (0.00ns)   --->   "%memory_in_local_193_load = load i45 %memory_in_local_193" [top_wrapper.cpp:14]   --->   Operation 1732 'load' 'memory_in_local_193_load' <Predicate = (icmp_ln8)> <Delay = 0.00>
ST_21 : Operation 1733 [1/1] (0.00ns)   --->   "%memory_in_local_192_load = load i45 %memory_in_local_192" [top_wrapper.cpp:14]   --->   Operation 1733 'load' 'memory_in_local_192_load' <Predicate = (icmp_ln8)> <Delay = 0.00>
ST_21 : Operation 1734 [1/1] (0.00ns)   --->   "%memory_in_local_191_load = load i45 %memory_in_local_191" [top_wrapper.cpp:14]   --->   Operation 1734 'load' 'memory_in_local_191_load' <Predicate = (icmp_ln8)> <Delay = 0.00>
ST_21 : Operation 1735 [1/1] (0.00ns)   --->   "%memory_in_local_190_load = load i45 %memory_in_local_190" [top_wrapper.cpp:14]   --->   Operation 1735 'load' 'memory_in_local_190_load' <Predicate = (icmp_ln8)> <Delay = 0.00>
ST_21 : Operation 1736 [1/1] (0.00ns)   --->   "%memory_in_local_189_load = load i45 %memory_in_local_189" [top_wrapper.cpp:14]   --->   Operation 1736 'load' 'memory_in_local_189_load' <Predicate = (icmp_ln8)> <Delay = 0.00>
ST_21 : Operation 1737 [1/1] (0.00ns)   --->   "%memory_in_local_188_load = load i45 %memory_in_local_188" [top_wrapper.cpp:14]   --->   Operation 1737 'load' 'memory_in_local_188_load' <Predicate = (icmp_ln8)> <Delay = 0.00>
ST_21 : Operation 1738 [1/1] (0.00ns)   --->   "%memory_in_local_187_load = load i45 %memory_in_local_187" [top_wrapper.cpp:14]   --->   Operation 1738 'load' 'memory_in_local_187_load' <Predicate = (icmp_ln8)> <Delay = 0.00>
ST_21 : Operation 1739 [1/1] (0.00ns)   --->   "%memory_in_local_186_load = load i45 %memory_in_local_186" [top_wrapper.cpp:14]   --->   Operation 1739 'load' 'memory_in_local_186_load' <Predicate = (icmp_ln8)> <Delay = 0.00>
ST_21 : Operation 1740 [1/1] (0.00ns)   --->   "%memory_in_local_185_load = load i45 %memory_in_local_185" [top_wrapper.cpp:14]   --->   Operation 1740 'load' 'memory_in_local_185_load' <Predicate = (icmp_ln8)> <Delay = 0.00>
ST_21 : Operation 1741 [1/1] (0.00ns)   --->   "%memory_in_local_184_load = load i45 %memory_in_local_184" [top_wrapper.cpp:14]   --->   Operation 1741 'load' 'memory_in_local_184_load' <Predicate = (icmp_ln8)> <Delay = 0.00>
ST_21 : Operation 1742 [1/1] (0.00ns)   --->   "%memory_in_local_183_load = load i45 %memory_in_local_183" [top_wrapper.cpp:14]   --->   Operation 1742 'load' 'memory_in_local_183_load' <Predicate = (icmp_ln8)> <Delay = 0.00>
ST_21 : Operation 1743 [1/1] (0.00ns)   --->   "%memory_in_local_182_load = load i45 %memory_in_local_182" [top_wrapper.cpp:14]   --->   Operation 1743 'load' 'memory_in_local_182_load' <Predicate = (icmp_ln8)> <Delay = 0.00>
ST_21 : Operation 1744 [1/1] (0.00ns)   --->   "%memory_in_local_181_load = load i45 %memory_in_local_181" [top_wrapper.cpp:14]   --->   Operation 1744 'load' 'memory_in_local_181_load' <Predicate = (icmp_ln8)> <Delay = 0.00>
ST_21 : Operation 1745 [1/1] (0.00ns)   --->   "%memory_in_local_180_load = load i45 %memory_in_local_180" [top_wrapper.cpp:14]   --->   Operation 1745 'load' 'memory_in_local_180_load' <Predicate = (icmp_ln8)> <Delay = 0.00>
ST_21 : Operation 1746 [1/1] (0.00ns)   --->   "%memory_in_local_179_load = load i45 %memory_in_local_179" [top_wrapper.cpp:14]   --->   Operation 1746 'load' 'memory_in_local_179_load' <Predicate = (icmp_ln8)> <Delay = 0.00>
ST_21 : Operation 1747 [1/1] (0.00ns)   --->   "%memory_in_local_178_load = load i45 %memory_in_local_178" [top_wrapper.cpp:14]   --->   Operation 1747 'load' 'memory_in_local_178_load' <Predicate = (icmp_ln8)> <Delay = 0.00>
ST_21 : Operation 1748 [1/1] (0.00ns)   --->   "%memory_in_local_177_load = load i45 %memory_in_local_177" [top_wrapper.cpp:14]   --->   Operation 1748 'load' 'memory_in_local_177_load' <Predicate = (icmp_ln8)> <Delay = 0.00>
ST_21 : Operation 1749 [1/1] (0.00ns)   --->   "%memory_in_local_176_load = load i45 %memory_in_local_176" [top_wrapper.cpp:14]   --->   Operation 1749 'load' 'memory_in_local_176_load' <Predicate = (icmp_ln8)> <Delay = 0.00>
ST_21 : Operation 1750 [1/1] (0.00ns)   --->   "%memory_in_local_175_load = load i45 %memory_in_local_175" [top_wrapper.cpp:14]   --->   Operation 1750 'load' 'memory_in_local_175_load' <Predicate = (icmp_ln8)> <Delay = 0.00>
ST_21 : Operation 1751 [1/1] (0.00ns)   --->   "%memory_in_local_174_load = load i45 %memory_in_local_174" [top_wrapper.cpp:14]   --->   Operation 1751 'load' 'memory_in_local_174_load' <Predicate = (icmp_ln8)> <Delay = 0.00>
ST_21 : Operation 1752 [1/1] (0.00ns)   --->   "%memory_in_local_173_load = load i45 %memory_in_local_173" [top_wrapper.cpp:14]   --->   Operation 1752 'load' 'memory_in_local_173_load' <Predicate = (icmp_ln8)> <Delay = 0.00>
ST_21 : Operation 1753 [1/1] (0.00ns)   --->   "%memory_in_local_172_load = load i45 %memory_in_local_172" [top_wrapper.cpp:14]   --->   Operation 1753 'load' 'memory_in_local_172_load' <Predicate = (icmp_ln8)> <Delay = 0.00>
ST_21 : Operation 1754 [1/1] (0.00ns)   --->   "%memory_in_local_171_load = load i45 %memory_in_local_171" [top_wrapper.cpp:14]   --->   Operation 1754 'load' 'memory_in_local_171_load' <Predicate = (icmp_ln8)> <Delay = 0.00>
ST_21 : Operation 1755 [1/1] (0.00ns)   --->   "%memory_in_local_170_load = load i45 %memory_in_local_170" [top_wrapper.cpp:14]   --->   Operation 1755 'load' 'memory_in_local_170_load' <Predicate = (icmp_ln8)> <Delay = 0.00>
ST_21 : Operation 1756 [1/1] (0.00ns)   --->   "%memory_in_local_169_load = load i45 %memory_in_local_169" [top_wrapper.cpp:14]   --->   Operation 1756 'load' 'memory_in_local_169_load' <Predicate = (icmp_ln8)> <Delay = 0.00>
ST_21 : Operation 1757 [1/1] (0.00ns)   --->   "%memory_in_local_168_load = load i45 %memory_in_local_168" [top_wrapper.cpp:14]   --->   Operation 1757 'load' 'memory_in_local_168_load' <Predicate = (icmp_ln8)> <Delay = 0.00>
ST_21 : Operation 1758 [1/1] (0.00ns)   --->   "%memory_in_local_167_load = load i45 %memory_in_local_167" [top_wrapper.cpp:14]   --->   Operation 1758 'load' 'memory_in_local_167_load' <Predicate = (icmp_ln8)> <Delay = 0.00>
ST_21 : Operation 1759 [1/1] (0.00ns)   --->   "%memory_in_local_166_load = load i45 %memory_in_local_166" [top_wrapper.cpp:14]   --->   Operation 1759 'load' 'memory_in_local_166_load' <Predicate = (icmp_ln8)> <Delay = 0.00>
ST_21 : Operation 1760 [1/1] (0.00ns)   --->   "%memory_in_local_165_load = load i45 %memory_in_local_165" [top_wrapper.cpp:14]   --->   Operation 1760 'load' 'memory_in_local_165_load' <Predicate = (icmp_ln8)> <Delay = 0.00>
ST_21 : Operation 1761 [1/1] (0.00ns)   --->   "%memory_in_local_164_load = load i45 %memory_in_local_164" [top_wrapper.cpp:14]   --->   Operation 1761 'load' 'memory_in_local_164_load' <Predicate = (icmp_ln8)> <Delay = 0.00>
ST_21 : Operation 1762 [1/1] (0.00ns)   --->   "%memory_in_local_163_load = load i45 %memory_in_local_163" [top_wrapper.cpp:14]   --->   Operation 1762 'load' 'memory_in_local_163_load' <Predicate = (icmp_ln8)> <Delay = 0.00>
ST_21 : Operation 1763 [1/1] (0.00ns)   --->   "%memory_in_local_162_load = load i45 %memory_in_local_162" [top_wrapper.cpp:14]   --->   Operation 1763 'load' 'memory_in_local_162_load' <Predicate = (icmp_ln8)> <Delay = 0.00>
ST_21 : Operation 1764 [1/1] (0.00ns)   --->   "%memory_in_local_161_load = load i45 %memory_in_local_161" [top_wrapper.cpp:14]   --->   Operation 1764 'load' 'memory_in_local_161_load' <Predicate = (icmp_ln8)> <Delay = 0.00>
ST_21 : Operation 1765 [1/1] (0.00ns)   --->   "%memory_in_local_160_load = load i45 %memory_in_local_160" [top_wrapper.cpp:14]   --->   Operation 1765 'load' 'memory_in_local_160_load' <Predicate = (icmp_ln8)> <Delay = 0.00>
ST_21 : Operation 1766 [1/1] (0.00ns)   --->   "%memory_in_local_159_load = load i45 %memory_in_local_159" [top_wrapper.cpp:14]   --->   Operation 1766 'load' 'memory_in_local_159_load' <Predicate = (icmp_ln8)> <Delay = 0.00>
ST_21 : Operation 1767 [1/1] (0.00ns)   --->   "%memory_in_local_158_load = load i45 %memory_in_local_158" [top_wrapper.cpp:14]   --->   Operation 1767 'load' 'memory_in_local_158_load' <Predicate = (icmp_ln8)> <Delay = 0.00>
ST_21 : Operation 1768 [1/1] (0.00ns)   --->   "%memory_in_local_157_load = load i45 %memory_in_local_157" [top_wrapper.cpp:14]   --->   Operation 1768 'load' 'memory_in_local_157_load' <Predicate = (icmp_ln8)> <Delay = 0.00>
ST_21 : Operation 1769 [1/1] (0.00ns)   --->   "%memory_in_local_156_load = load i45 %memory_in_local_156" [top_wrapper.cpp:14]   --->   Operation 1769 'load' 'memory_in_local_156_load' <Predicate = (icmp_ln8)> <Delay = 0.00>
ST_21 : Operation 1770 [1/1] (0.00ns)   --->   "%memory_in_local_155_load = load i45 %memory_in_local_155" [top_wrapper.cpp:14]   --->   Operation 1770 'load' 'memory_in_local_155_load' <Predicate = (icmp_ln8)> <Delay = 0.00>
ST_21 : Operation 1771 [1/1] (0.00ns)   --->   "%memory_in_local_154_load = load i45 %memory_in_local_154" [top_wrapper.cpp:14]   --->   Operation 1771 'load' 'memory_in_local_154_load' <Predicate = (icmp_ln8)> <Delay = 0.00>
ST_21 : Operation 1772 [1/1] (0.00ns)   --->   "%memory_in_local_153_load = load i45 %memory_in_local_153" [top_wrapper.cpp:14]   --->   Operation 1772 'load' 'memory_in_local_153_load' <Predicate = (icmp_ln8)> <Delay = 0.00>
ST_21 : Operation 1773 [1/1] (0.00ns)   --->   "%memory_in_local_152_load = load i45 %memory_in_local_152" [top_wrapper.cpp:14]   --->   Operation 1773 'load' 'memory_in_local_152_load' <Predicate = (icmp_ln8)> <Delay = 0.00>
ST_21 : Operation 1774 [1/1] (0.00ns)   --->   "%memory_in_local_151_load = load i45 %memory_in_local_151" [top_wrapper.cpp:14]   --->   Operation 1774 'load' 'memory_in_local_151_load' <Predicate = (icmp_ln8)> <Delay = 0.00>
ST_21 : Operation 1775 [1/1] (0.00ns)   --->   "%memory_in_local_150_load = load i45 %memory_in_local_150" [top_wrapper.cpp:14]   --->   Operation 1775 'load' 'memory_in_local_150_load' <Predicate = (icmp_ln8)> <Delay = 0.00>
ST_21 : Operation 1776 [1/1] (0.00ns)   --->   "%memory_in_local_149_load = load i45 %memory_in_local_149" [top_wrapper.cpp:14]   --->   Operation 1776 'load' 'memory_in_local_149_load' <Predicate = (icmp_ln8)> <Delay = 0.00>
ST_21 : Operation 1777 [1/1] (0.00ns)   --->   "%memory_in_local_148_load = load i45 %memory_in_local_148" [top_wrapper.cpp:14]   --->   Operation 1777 'load' 'memory_in_local_148_load' <Predicate = (icmp_ln8)> <Delay = 0.00>
ST_21 : Operation 1778 [1/1] (0.00ns)   --->   "%memory_in_local_147_load = load i45 %memory_in_local_147" [top_wrapper.cpp:14]   --->   Operation 1778 'load' 'memory_in_local_147_load' <Predicate = (icmp_ln8)> <Delay = 0.00>
ST_21 : Operation 1779 [1/1] (0.00ns)   --->   "%memory_in_local_146_load = load i45 %memory_in_local_146" [top_wrapper.cpp:14]   --->   Operation 1779 'load' 'memory_in_local_146_load' <Predicate = (icmp_ln8)> <Delay = 0.00>
ST_21 : Operation 1780 [1/1] (0.00ns)   --->   "%memory_in_local_145_load = load i45 %memory_in_local_145" [top_wrapper.cpp:14]   --->   Operation 1780 'load' 'memory_in_local_145_load' <Predicate = (icmp_ln8)> <Delay = 0.00>
ST_21 : Operation 1781 [1/1] (0.00ns)   --->   "%memory_in_local_144_load = load i45 %memory_in_local_144" [top_wrapper.cpp:14]   --->   Operation 1781 'load' 'memory_in_local_144_load' <Predicate = (icmp_ln8)> <Delay = 0.00>
ST_21 : Operation 1782 [1/1] (0.00ns)   --->   "%memory_in_local_143_load = load i45 %memory_in_local_143" [top_wrapper.cpp:14]   --->   Operation 1782 'load' 'memory_in_local_143_load' <Predicate = (icmp_ln8)> <Delay = 0.00>
ST_21 : Operation 1783 [1/1] (0.00ns)   --->   "%memory_in_local_142_load = load i45 %memory_in_local_142" [top_wrapper.cpp:14]   --->   Operation 1783 'load' 'memory_in_local_142_load' <Predicate = (icmp_ln8)> <Delay = 0.00>
ST_21 : Operation 1784 [1/1] (0.00ns)   --->   "%memory_in_local_141_load = load i45 %memory_in_local_141" [top_wrapper.cpp:14]   --->   Operation 1784 'load' 'memory_in_local_141_load' <Predicate = (icmp_ln8)> <Delay = 0.00>
ST_21 : Operation 1785 [1/1] (0.00ns)   --->   "%memory_in_local_140_load = load i45 %memory_in_local_140" [top_wrapper.cpp:14]   --->   Operation 1785 'load' 'memory_in_local_140_load' <Predicate = (icmp_ln8)> <Delay = 0.00>
ST_21 : Operation 1786 [1/1] (0.00ns)   --->   "%memory_in_local_139_load = load i45 %memory_in_local_139" [top_wrapper.cpp:14]   --->   Operation 1786 'load' 'memory_in_local_139_load' <Predicate = (icmp_ln8)> <Delay = 0.00>
ST_21 : Operation 1787 [1/1] (0.00ns)   --->   "%memory_in_local_138_load = load i45 %memory_in_local_138" [top_wrapper.cpp:14]   --->   Operation 1787 'load' 'memory_in_local_138_load' <Predicate = (icmp_ln8)> <Delay = 0.00>
ST_21 : Operation 1788 [1/1] (0.00ns)   --->   "%memory_in_local_137_load = load i45 %memory_in_local_137" [top_wrapper.cpp:14]   --->   Operation 1788 'load' 'memory_in_local_137_load' <Predicate = (icmp_ln8)> <Delay = 0.00>
ST_21 : Operation 1789 [1/1] (0.00ns)   --->   "%memory_in_local_136_load = load i45 %memory_in_local_136" [top_wrapper.cpp:14]   --->   Operation 1789 'load' 'memory_in_local_136_load' <Predicate = (icmp_ln8)> <Delay = 0.00>
ST_21 : Operation 1790 [1/1] (0.00ns)   --->   "%memory_in_local_135_load = load i45 %memory_in_local_135" [top_wrapper.cpp:14]   --->   Operation 1790 'load' 'memory_in_local_135_load' <Predicate = (icmp_ln8)> <Delay = 0.00>
ST_21 : Operation 1791 [1/1] (0.00ns)   --->   "%memory_in_local_134_load = load i45 %memory_in_local_134" [top_wrapper.cpp:14]   --->   Operation 1791 'load' 'memory_in_local_134_load' <Predicate = (icmp_ln8)> <Delay = 0.00>
ST_21 : Operation 1792 [1/1] (0.00ns)   --->   "%memory_in_local_133_load = load i45 %memory_in_local_133" [top_wrapper.cpp:14]   --->   Operation 1792 'load' 'memory_in_local_133_load' <Predicate = (icmp_ln8)> <Delay = 0.00>
ST_21 : Operation 1793 [1/1] (0.00ns)   --->   "%memory_in_local_132_load = load i45 %memory_in_local_132" [top_wrapper.cpp:14]   --->   Operation 1793 'load' 'memory_in_local_132_load' <Predicate = (icmp_ln8)> <Delay = 0.00>
ST_21 : Operation 1794 [1/1] (0.00ns)   --->   "%memory_in_local_131_load = load i45 %memory_in_local_131" [top_wrapper.cpp:14]   --->   Operation 1794 'load' 'memory_in_local_131_load' <Predicate = (icmp_ln8)> <Delay = 0.00>
ST_21 : Operation 1795 [1/1] (0.00ns)   --->   "%memory_in_local_130_load = load i45 %memory_in_local_130" [top_wrapper.cpp:14]   --->   Operation 1795 'load' 'memory_in_local_130_load' <Predicate = (icmp_ln8)> <Delay = 0.00>
ST_21 : Operation 1796 [1/1] (0.00ns)   --->   "%memory_in_local_129_load = load i45 %memory_in_local_129" [top_wrapper.cpp:14]   --->   Operation 1796 'load' 'memory_in_local_129_load' <Predicate = (icmp_ln8)> <Delay = 0.00>
ST_21 : Operation 1797 [1/1] (0.00ns)   --->   "%memory_in_local_128_load = load i45 %memory_in_local_128" [top_wrapper.cpp:14]   --->   Operation 1797 'load' 'memory_in_local_128_load' <Predicate = (icmp_ln8)> <Delay = 0.00>
ST_21 : Operation 1798 [1/1] (0.00ns)   --->   "%memory_in_local_127_load = load i45 %memory_in_local_127" [top_wrapper.cpp:14]   --->   Operation 1798 'load' 'memory_in_local_127_load' <Predicate = (icmp_ln8)> <Delay = 0.00>
ST_21 : Operation 1799 [1/1] (0.00ns)   --->   "%memory_in_local_126_load = load i45 %memory_in_local_126" [top_wrapper.cpp:14]   --->   Operation 1799 'load' 'memory_in_local_126_load' <Predicate = (icmp_ln8)> <Delay = 0.00>
ST_21 : Operation 1800 [1/1] (0.00ns)   --->   "%memory_in_local_125_load = load i45 %memory_in_local_125" [top_wrapper.cpp:14]   --->   Operation 1800 'load' 'memory_in_local_125_load' <Predicate = (icmp_ln8)> <Delay = 0.00>
ST_21 : Operation 1801 [1/1] (0.00ns)   --->   "%memory_in_local_124_load = load i45 %memory_in_local_124" [top_wrapper.cpp:14]   --->   Operation 1801 'load' 'memory_in_local_124_load' <Predicate = (icmp_ln8)> <Delay = 0.00>
ST_21 : Operation 1802 [1/1] (0.00ns)   --->   "%memory_in_local_123_load = load i45 %memory_in_local_123" [top_wrapper.cpp:14]   --->   Operation 1802 'load' 'memory_in_local_123_load' <Predicate = (icmp_ln8)> <Delay = 0.00>
ST_21 : Operation 1803 [1/1] (0.00ns)   --->   "%memory_in_local_122_load = load i45 %memory_in_local_122" [top_wrapper.cpp:14]   --->   Operation 1803 'load' 'memory_in_local_122_load' <Predicate = (icmp_ln8)> <Delay = 0.00>
ST_21 : Operation 1804 [1/1] (0.00ns)   --->   "%memory_in_local_121_load = load i45 %memory_in_local_121" [top_wrapper.cpp:14]   --->   Operation 1804 'load' 'memory_in_local_121_load' <Predicate = (icmp_ln8)> <Delay = 0.00>
ST_21 : Operation 1805 [1/1] (0.00ns)   --->   "%memory_in_local_120_load = load i45 %memory_in_local_120" [top_wrapper.cpp:14]   --->   Operation 1805 'load' 'memory_in_local_120_load' <Predicate = (icmp_ln8)> <Delay = 0.00>
ST_21 : Operation 1806 [1/1] (0.00ns)   --->   "%memory_in_local_119_load = load i45 %memory_in_local_119" [top_wrapper.cpp:14]   --->   Operation 1806 'load' 'memory_in_local_119_load' <Predicate = (icmp_ln8)> <Delay = 0.00>
ST_21 : Operation 1807 [1/1] (0.00ns)   --->   "%memory_in_local_118_load = load i45 %memory_in_local_118" [top_wrapper.cpp:14]   --->   Operation 1807 'load' 'memory_in_local_118_load' <Predicate = (icmp_ln8)> <Delay = 0.00>
ST_21 : Operation 1808 [1/1] (0.00ns)   --->   "%memory_in_local_117_load = load i45 %memory_in_local_117" [top_wrapper.cpp:14]   --->   Operation 1808 'load' 'memory_in_local_117_load' <Predicate = (icmp_ln8)> <Delay = 0.00>
ST_21 : Operation 1809 [1/1] (0.00ns)   --->   "%memory_in_local_116_load = load i45 %memory_in_local_116" [top_wrapper.cpp:14]   --->   Operation 1809 'load' 'memory_in_local_116_load' <Predicate = (icmp_ln8)> <Delay = 0.00>
ST_21 : Operation 1810 [1/1] (0.00ns)   --->   "%memory_in_local_115_load = load i45 %memory_in_local_115" [top_wrapper.cpp:14]   --->   Operation 1810 'load' 'memory_in_local_115_load' <Predicate = (icmp_ln8)> <Delay = 0.00>
ST_21 : Operation 1811 [1/1] (0.00ns)   --->   "%memory_in_local_114_load = load i45 %memory_in_local_114" [top_wrapper.cpp:14]   --->   Operation 1811 'load' 'memory_in_local_114_load' <Predicate = (icmp_ln8)> <Delay = 0.00>
ST_21 : Operation 1812 [1/1] (0.00ns)   --->   "%memory_in_local_113_load = load i45 %memory_in_local_113" [top_wrapper.cpp:14]   --->   Operation 1812 'load' 'memory_in_local_113_load' <Predicate = (icmp_ln8)> <Delay = 0.00>
ST_21 : Operation 1813 [1/1] (0.00ns)   --->   "%memory_in_local_112_load = load i45 %memory_in_local_112" [top_wrapper.cpp:14]   --->   Operation 1813 'load' 'memory_in_local_112_load' <Predicate = (icmp_ln8)> <Delay = 0.00>
ST_21 : Operation 1814 [1/1] (0.00ns)   --->   "%memory_in_local_111_load = load i45 %memory_in_local_111" [top_wrapper.cpp:14]   --->   Operation 1814 'load' 'memory_in_local_111_load' <Predicate = (icmp_ln8)> <Delay = 0.00>
ST_21 : Operation 1815 [1/1] (0.00ns)   --->   "%memory_in_local_110_load = load i45 %memory_in_local_110" [top_wrapper.cpp:14]   --->   Operation 1815 'load' 'memory_in_local_110_load' <Predicate = (icmp_ln8)> <Delay = 0.00>
ST_21 : Operation 1816 [1/1] (0.00ns)   --->   "%memory_in_local_109_load = load i45 %memory_in_local_109" [top_wrapper.cpp:14]   --->   Operation 1816 'load' 'memory_in_local_109_load' <Predicate = (icmp_ln8)> <Delay = 0.00>
ST_21 : Operation 1817 [1/1] (0.00ns)   --->   "%memory_in_local_108_load = load i45 %memory_in_local_108" [top_wrapper.cpp:14]   --->   Operation 1817 'load' 'memory_in_local_108_load' <Predicate = (icmp_ln8)> <Delay = 0.00>
ST_21 : Operation 1818 [1/1] (0.00ns)   --->   "%memory_in_local_107_load = load i45 %memory_in_local_107" [top_wrapper.cpp:14]   --->   Operation 1818 'load' 'memory_in_local_107_load' <Predicate = (icmp_ln8)> <Delay = 0.00>
ST_21 : Operation 1819 [1/1] (0.00ns)   --->   "%memory_in_local_106_load = load i45 %memory_in_local_106" [top_wrapper.cpp:14]   --->   Operation 1819 'load' 'memory_in_local_106_load' <Predicate = (icmp_ln8)> <Delay = 0.00>
ST_21 : Operation 1820 [1/1] (0.00ns)   --->   "%memory_in_local_105_load = load i45 %memory_in_local_105" [top_wrapper.cpp:14]   --->   Operation 1820 'load' 'memory_in_local_105_load' <Predicate = (icmp_ln8)> <Delay = 0.00>
ST_21 : Operation 1821 [1/1] (0.00ns)   --->   "%memory_in_local_104_load = load i45 %memory_in_local_104" [top_wrapper.cpp:14]   --->   Operation 1821 'load' 'memory_in_local_104_load' <Predicate = (icmp_ln8)> <Delay = 0.00>
ST_21 : Operation 1822 [1/1] (0.00ns)   --->   "%memory_in_local_103_load = load i45 %memory_in_local_103" [top_wrapper.cpp:14]   --->   Operation 1822 'load' 'memory_in_local_103_load' <Predicate = (icmp_ln8)> <Delay = 0.00>
ST_21 : Operation 1823 [1/1] (0.00ns)   --->   "%memory_in_local_102_load = load i45 %memory_in_local_102" [top_wrapper.cpp:14]   --->   Operation 1823 'load' 'memory_in_local_102_load' <Predicate = (icmp_ln8)> <Delay = 0.00>
ST_21 : Operation 1824 [1/1] (0.00ns)   --->   "%memory_in_local_101_load = load i45 %memory_in_local_101" [top_wrapper.cpp:14]   --->   Operation 1824 'load' 'memory_in_local_101_load' <Predicate = (icmp_ln8)> <Delay = 0.00>
ST_21 : Operation 1825 [1/1] (0.00ns)   --->   "%memory_in_local_100_load = load i45 %memory_in_local_100" [top_wrapper.cpp:14]   --->   Operation 1825 'load' 'memory_in_local_100_load' <Predicate = (icmp_ln8)> <Delay = 0.00>
ST_21 : Operation 1826 [1/1] (0.00ns)   --->   "%memory_in_local_99_load = load i45 %memory_in_local_99" [top_wrapper.cpp:14]   --->   Operation 1826 'load' 'memory_in_local_99_load' <Predicate = (icmp_ln8)> <Delay = 0.00>
ST_21 : Operation 1827 [1/1] (0.00ns)   --->   "%memory_in_local_98_load = load i45 %memory_in_local_98" [top_wrapper.cpp:14]   --->   Operation 1827 'load' 'memory_in_local_98_load' <Predicate = (icmp_ln8)> <Delay = 0.00>
ST_21 : Operation 1828 [1/1] (0.00ns)   --->   "%memory_in_local_97_load = load i45 %memory_in_local_97" [top_wrapper.cpp:14]   --->   Operation 1828 'load' 'memory_in_local_97_load' <Predicate = (icmp_ln8)> <Delay = 0.00>
ST_21 : Operation 1829 [1/1] (0.00ns)   --->   "%memory_in_local_96_load = load i45 %memory_in_local_96" [top_wrapper.cpp:14]   --->   Operation 1829 'load' 'memory_in_local_96_load' <Predicate = (icmp_ln8)> <Delay = 0.00>
ST_21 : Operation 1830 [1/1] (0.00ns)   --->   "%memory_in_local_95_load = load i45 %memory_in_local_95" [top_wrapper.cpp:14]   --->   Operation 1830 'load' 'memory_in_local_95_load' <Predicate = (icmp_ln8)> <Delay = 0.00>
ST_21 : Operation 1831 [1/1] (0.00ns)   --->   "%memory_in_local_94_load = load i45 %memory_in_local_94" [top_wrapper.cpp:14]   --->   Operation 1831 'load' 'memory_in_local_94_load' <Predicate = (icmp_ln8)> <Delay = 0.00>
ST_21 : Operation 1832 [1/1] (0.00ns)   --->   "%memory_in_local_93_load = load i45 %memory_in_local_93" [top_wrapper.cpp:14]   --->   Operation 1832 'load' 'memory_in_local_93_load' <Predicate = (icmp_ln8)> <Delay = 0.00>
ST_21 : Operation 1833 [1/1] (0.00ns)   --->   "%memory_in_local_92_load = load i45 %memory_in_local_92" [top_wrapper.cpp:14]   --->   Operation 1833 'load' 'memory_in_local_92_load' <Predicate = (icmp_ln8)> <Delay = 0.00>
ST_21 : Operation 1834 [1/1] (0.00ns)   --->   "%memory_in_local_91_load = load i45 %memory_in_local_91" [top_wrapper.cpp:14]   --->   Operation 1834 'load' 'memory_in_local_91_load' <Predicate = (icmp_ln8)> <Delay = 0.00>
ST_21 : Operation 1835 [1/1] (0.00ns)   --->   "%memory_in_local_90_load = load i45 %memory_in_local_90" [top_wrapper.cpp:14]   --->   Operation 1835 'load' 'memory_in_local_90_load' <Predicate = (icmp_ln8)> <Delay = 0.00>
ST_21 : Operation 1836 [1/1] (0.00ns)   --->   "%memory_in_local_89_load = load i45 %memory_in_local_89" [top_wrapper.cpp:14]   --->   Operation 1836 'load' 'memory_in_local_89_load' <Predicate = (icmp_ln8)> <Delay = 0.00>
ST_21 : Operation 1837 [1/1] (0.00ns)   --->   "%memory_in_local_88_load = load i45 %memory_in_local_88" [top_wrapper.cpp:14]   --->   Operation 1837 'load' 'memory_in_local_88_load' <Predicate = (icmp_ln8)> <Delay = 0.00>
ST_21 : Operation 1838 [1/1] (0.00ns)   --->   "%memory_in_local_87_load = load i45 %memory_in_local_87" [top_wrapper.cpp:14]   --->   Operation 1838 'load' 'memory_in_local_87_load' <Predicate = (icmp_ln8)> <Delay = 0.00>
ST_21 : Operation 1839 [1/1] (0.00ns)   --->   "%memory_in_local_86_load = load i45 %memory_in_local_86" [top_wrapper.cpp:14]   --->   Operation 1839 'load' 'memory_in_local_86_load' <Predicate = (icmp_ln8)> <Delay = 0.00>
ST_21 : Operation 1840 [1/1] (0.00ns)   --->   "%memory_in_local_85_load = load i45 %memory_in_local_85" [top_wrapper.cpp:14]   --->   Operation 1840 'load' 'memory_in_local_85_load' <Predicate = (icmp_ln8)> <Delay = 0.00>
ST_21 : Operation 1841 [1/1] (0.00ns)   --->   "%memory_in_local_84_load = load i45 %memory_in_local_84" [top_wrapper.cpp:14]   --->   Operation 1841 'load' 'memory_in_local_84_load' <Predicate = (icmp_ln8)> <Delay = 0.00>
ST_21 : Operation 1842 [1/1] (0.00ns)   --->   "%memory_in_local_83_load = load i45 %memory_in_local_83" [top_wrapper.cpp:14]   --->   Operation 1842 'load' 'memory_in_local_83_load' <Predicate = (icmp_ln8)> <Delay = 0.00>
ST_21 : Operation 1843 [1/1] (0.00ns)   --->   "%memory_in_local_82_load = load i45 %memory_in_local_82" [top_wrapper.cpp:14]   --->   Operation 1843 'load' 'memory_in_local_82_load' <Predicate = (icmp_ln8)> <Delay = 0.00>
ST_21 : Operation 1844 [1/1] (0.00ns)   --->   "%memory_in_local_81_load = load i45 %memory_in_local_81" [top_wrapper.cpp:14]   --->   Operation 1844 'load' 'memory_in_local_81_load' <Predicate = (icmp_ln8)> <Delay = 0.00>
ST_21 : Operation 1845 [1/1] (0.00ns)   --->   "%memory_in_local_80_load = load i45 %memory_in_local_80" [top_wrapper.cpp:14]   --->   Operation 1845 'load' 'memory_in_local_80_load' <Predicate = (icmp_ln8)> <Delay = 0.00>
ST_21 : Operation 1846 [1/1] (0.00ns)   --->   "%memory_in_local_79_load = load i45 %memory_in_local_79" [top_wrapper.cpp:14]   --->   Operation 1846 'load' 'memory_in_local_79_load' <Predicate = (icmp_ln8)> <Delay = 0.00>
ST_21 : Operation 1847 [1/1] (0.00ns)   --->   "%memory_in_local_78_load = load i45 %memory_in_local_78" [top_wrapper.cpp:14]   --->   Operation 1847 'load' 'memory_in_local_78_load' <Predicate = (icmp_ln8)> <Delay = 0.00>
ST_21 : Operation 1848 [1/1] (0.00ns)   --->   "%memory_in_local_77_load = load i45 %memory_in_local_77" [top_wrapper.cpp:14]   --->   Operation 1848 'load' 'memory_in_local_77_load' <Predicate = (icmp_ln8)> <Delay = 0.00>
ST_21 : Operation 1849 [1/1] (0.00ns)   --->   "%memory_in_local_76_load = load i45 %memory_in_local_76" [top_wrapper.cpp:14]   --->   Operation 1849 'load' 'memory_in_local_76_load' <Predicate = (icmp_ln8)> <Delay = 0.00>
ST_21 : Operation 1850 [1/1] (0.00ns)   --->   "%memory_in_local_75_load = load i45 %memory_in_local_75" [top_wrapper.cpp:14]   --->   Operation 1850 'load' 'memory_in_local_75_load' <Predicate = (icmp_ln8)> <Delay = 0.00>
ST_21 : Operation 1851 [1/1] (0.00ns)   --->   "%memory_in_local_74_load = load i45 %memory_in_local_74" [top_wrapper.cpp:14]   --->   Operation 1851 'load' 'memory_in_local_74_load' <Predicate = (icmp_ln8)> <Delay = 0.00>
ST_21 : Operation 1852 [1/1] (0.00ns)   --->   "%memory_in_local_73_load = load i45 %memory_in_local_73" [top_wrapper.cpp:14]   --->   Operation 1852 'load' 'memory_in_local_73_load' <Predicate = (icmp_ln8)> <Delay = 0.00>
ST_21 : Operation 1853 [1/1] (0.00ns)   --->   "%memory_in_local_72_load = load i45 %memory_in_local_72" [top_wrapper.cpp:14]   --->   Operation 1853 'load' 'memory_in_local_72_load' <Predicate = (icmp_ln8)> <Delay = 0.00>
ST_21 : Operation 1854 [1/1] (0.00ns)   --->   "%memory_in_local_71_load = load i45 %memory_in_local_71" [top_wrapper.cpp:14]   --->   Operation 1854 'load' 'memory_in_local_71_load' <Predicate = (icmp_ln8)> <Delay = 0.00>
ST_21 : Operation 1855 [1/1] (0.00ns)   --->   "%memory_in_local_70_load = load i45 %memory_in_local_70" [top_wrapper.cpp:14]   --->   Operation 1855 'load' 'memory_in_local_70_load' <Predicate = (icmp_ln8)> <Delay = 0.00>
ST_21 : Operation 1856 [1/1] (0.00ns)   --->   "%memory_in_local_69_load = load i45 %memory_in_local_69" [top_wrapper.cpp:14]   --->   Operation 1856 'load' 'memory_in_local_69_load' <Predicate = (icmp_ln8)> <Delay = 0.00>
ST_21 : Operation 1857 [1/1] (0.00ns)   --->   "%memory_in_local_68_load = load i45 %memory_in_local_68" [top_wrapper.cpp:14]   --->   Operation 1857 'load' 'memory_in_local_68_load' <Predicate = (icmp_ln8)> <Delay = 0.00>
ST_21 : Operation 1858 [1/1] (0.00ns)   --->   "%memory_in_local_67_load = load i45 %memory_in_local_67" [top_wrapper.cpp:14]   --->   Operation 1858 'load' 'memory_in_local_67_load' <Predicate = (icmp_ln8)> <Delay = 0.00>
ST_21 : Operation 1859 [1/1] (0.00ns)   --->   "%memory_in_local_66_load = load i45 %memory_in_local_66" [top_wrapper.cpp:14]   --->   Operation 1859 'load' 'memory_in_local_66_load' <Predicate = (icmp_ln8)> <Delay = 0.00>
ST_21 : Operation 1860 [1/1] (0.00ns)   --->   "%memory_in_local_65_load = load i45 %memory_in_local_65" [top_wrapper.cpp:14]   --->   Operation 1860 'load' 'memory_in_local_65_load' <Predicate = (icmp_ln8)> <Delay = 0.00>
ST_21 : Operation 1861 [1/1] (0.00ns)   --->   "%memory_in_local_64_load = load i45 %memory_in_local_64" [top_wrapper.cpp:14]   --->   Operation 1861 'load' 'memory_in_local_64_load' <Predicate = (icmp_ln8)> <Delay = 0.00>
ST_21 : Operation 1862 [1/1] (0.00ns)   --->   "%memory_in_local_63_load = load i45 %memory_in_local_63" [top_wrapper.cpp:14]   --->   Operation 1862 'load' 'memory_in_local_63_load' <Predicate = (icmp_ln8)> <Delay = 0.00>
ST_21 : Operation 1863 [1/1] (0.00ns)   --->   "%memory_in_local_62_load = load i45 %memory_in_local_62" [top_wrapper.cpp:14]   --->   Operation 1863 'load' 'memory_in_local_62_load' <Predicate = (icmp_ln8)> <Delay = 0.00>
ST_21 : Operation 1864 [1/1] (0.00ns)   --->   "%memory_in_local_61_load = load i45 %memory_in_local_61" [top_wrapper.cpp:14]   --->   Operation 1864 'load' 'memory_in_local_61_load' <Predicate = (icmp_ln8)> <Delay = 0.00>
ST_21 : Operation 1865 [1/1] (0.00ns)   --->   "%memory_in_local_60_load = load i45 %memory_in_local_60" [top_wrapper.cpp:14]   --->   Operation 1865 'load' 'memory_in_local_60_load' <Predicate = (icmp_ln8)> <Delay = 0.00>
ST_21 : Operation 1866 [1/1] (0.00ns)   --->   "%memory_in_local_59_load = load i45 %memory_in_local_59" [top_wrapper.cpp:14]   --->   Operation 1866 'load' 'memory_in_local_59_load' <Predicate = (icmp_ln8)> <Delay = 0.00>
ST_21 : Operation 1867 [1/1] (0.00ns)   --->   "%memory_in_local_58_load = load i45 %memory_in_local_58" [top_wrapper.cpp:14]   --->   Operation 1867 'load' 'memory_in_local_58_load' <Predicate = (icmp_ln8)> <Delay = 0.00>
ST_21 : Operation 1868 [1/1] (0.00ns)   --->   "%memory_in_local_57_load = load i45 %memory_in_local_57" [top_wrapper.cpp:14]   --->   Operation 1868 'load' 'memory_in_local_57_load' <Predicate = (icmp_ln8)> <Delay = 0.00>
ST_21 : Operation 1869 [1/1] (0.00ns)   --->   "%memory_in_local_56_load = load i45 %memory_in_local_56" [top_wrapper.cpp:14]   --->   Operation 1869 'load' 'memory_in_local_56_load' <Predicate = (icmp_ln8)> <Delay = 0.00>
ST_21 : Operation 1870 [1/1] (0.00ns)   --->   "%memory_in_local_55_load = load i45 %memory_in_local_55" [top_wrapper.cpp:14]   --->   Operation 1870 'load' 'memory_in_local_55_load' <Predicate = (icmp_ln8)> <Delay = 0.00>
ST_21 : Operation 1871 [1/1] (0.00ns)   --->   "%memory_in_local_54_load = load i45 %memory_in_local_54" [top_wrapper.cpp:14]   --->   Operation 1871 'load' 'memory_in_local_54_load' <Predicate = (icmp_ln8)> <Delay = 0.00>
ST_21 : Operation 1872 [1/1] (0.00ns)   --->   "%memory_in_local_53_load = load i45 %memory_in_local_53" [top_wrapper.cpp:14]   --->   Operation 1872 'load' 'memory_in_local_53_load' <Predicate = (icmp_ln8)> <Delay = 0.00>
ST_21 : Operation 1873 [1/1] (0.00ns)   --->   "%memory_in_local_52_load = load i45 %memory_in_local_52" [top_wrapper.cpp:14]   --->   Operation 1873 'load' 'memory_in_local_52_load' <Predicate = (icmp_ln8)> <Delay = 0.00>
ST_21 : Operation 1874 [1/1] (0.00ns)   --->   "%memory_in_local_51_load = load i45 %memory_in_local_51" [top_wrapper.cpp:14]   --->   Operation 1874 'load' 'memory_in_local_51_load' <Predicate = (icmp_ln8)> <Delay = 0.00>
ST_21 : Operation 1875 [1/1] (0.00ns)   --->   "%memory_in_local_50_load = load i45 %memory_in_local_50" [top_wrapper.cpp:14]   --->   Operation 1875 'load' 'memory_in_local_50_load' <Predicate = (icmp_ln8)> <Delay = 0.00>
ST_21 : Operation 1876 [1/1] (0.00ns)   --->   "%memory_in_local_49_load = load i45 %memory_in_local_49" [top_wrapper.cpp:14]   --->   Operation 1876 'load' 'memory_in_local_49_load' <Predicate = (icmp_ln8)> <Delay = 0.00>
ST_21 : Operation 1877 [1/1] (0.00ns)   --->   "%memory_in_local_48_load = load i45 %memory_in_local_48" [top_wrapper.cpp:14]   --->   Operation 1877 'load' 'memory_in_local_48_load' <Predicate = (icmp_ln8)> <Delay = 0.00>
ST_21 : Operation 1878 [1/1] (0.00ns)   --->   "%memory_in_local_47_load = load i45 %memory_in_local_47" [top_wrapper.cpp:14]   --->   Operation 1878 'load' 'memory_in_local_47_load' <Predicate = (icmp_ln8)> <Delay = 0.00>
ST_21 : Operation 1879 [1/1] (0.00ns)   --->   "%memory_in_local_46_load = load i45 %memory_in_local_46" [top_wrapper.cpp:14]   --->   Operation 1879 'load' 'memory_in_local_46_load' <Predicate = (icmp_ln8)> <Delay = 0.00>
ST_21 : Operation 1880 [1/1] (0.00ns)   --->   "%memory_in_local_45_load = load i45 %memory_in_local_45" [top_wrapper.cpp:14]   --->   Operation 1880 'load' 'memory_in_local_45_load' <Predicate = (icmp_ln8)> <Delay = 0.00>
ST_21 : Operation 1881 [1/1] (0.00ns)   --->   "%memory_in_local_44_load = load i45 %memory_in_local_44" [top_wrapper.cpp:14]   --->   Operation 1881 'load' 'memory_in_local_44_load' <Predicate = (icmp_ln8)> <Delay = 0.00>
ST_21 : Operation 1882 [1/1] (0.00ns)   --->   "%memory_in_local_43_load = load i45 %memory_in_local_43" [top_wrapper.cpp:14]   --->   Operation 1882 'load' 'memory_in_local_43_load' <Predicate = (icmp_ln8)> <Delay = 0.00>
ST_21 : Operation 1883 [1/1] (0.00ns)   --->   "%memory_in_local_42_load = load i45 %memory_in_local_42" [top_wrapper.cpp:14]   --->   Operation 1883 'load' 'memory_in_local_42_load' <Predicate = (icmp_ln8)> <Delay = 0.00>
ST_21 : Operation 1884 [1/1] (0.00ns)   --->   "%memory_in_local_41_load = load i45 %memory_in_local_41" [top_wrapper.cpp:14]   --->   Operation 1884 'load' 'memory_in_local_41_load' <Predicate = (icmp_ln8)> <Delay = 0.00>
ST_21 : Operation 1885 [1/1] (0.00ns)   --->   "%memory_in_local_40_load = load i45 %memory_in_local_40" [top_wrapper.cpp:14]   --->   Operation 1885 'load' 'memory_in_local_40_load' <Predicate = (icmp_ln8)> <Delay = 0.00>
ST_21 : Operation 1886 [1/1] (0.00ns)   --->   "%memory_in_local_39_load = load i45 %memory_in_local_39" [top_wrapper.cpp:14]   --->   Operation 1886 'load' 'memory_in_local_39_load' <Predicate = (icmp_ln8)> <Delay = 0.00>
ST_21 : Operation 1887 [1/1] (0.00ns)   --->   "%memory_in_local_38_load = load i45 %memory_in_local_38" [top_wrapper.cpp:14]   --->   Operation 1887 'load' 'memory_in_local_38_load' <Predicate = (icmp_ln8)> <Delay = 0.00>
ST_21 : Operation 1888 [1/1] (0.00ns)   --->   "%memory_in_local_37_load = load i45 %memory_in_local_37" [top_wrapper.cpp:14]   --->   Operation 1888 'load' 'memory_in_local_37_load' <Predicate = (icmp_ln8)> <Delay = 0.00>
ST_21 : Operation 1889 [1/1] (0.00ns)   --->   "%memory_in_local_36_load = load i45 %memory_in_local_36" [top_wrapper.cpp:14]   --->   Operation 1889 'load' 'memory_in_local_36_load' <Predicate = (icmp_ln8)> <Delay = 0.00>
ST_21 : Operation 1890 [1/1] (0.00ns)   --->   "%memory_in_local_35_load = load i45 %memory_in_local_35" [top_wrapper.cpp:14]   --->   Operation 1890 'load' 'memory_in_local_35_load' <Predicate = (icmp_ln8)> <Delay = 0.00>
ST_21 : Operation 1891 [1/1] (0.00ns)   --->   "%memory_in_local_34_load = load i45 %memory_in_local_34" [top_wrapper.cpp:14]   --->   Operation 1891 'load' 'memory_in_local_34_load' <Predicate = (icmp_ln8)> <Delay = 0.00>
ST_21 : Operation 1892 [1/1] (0.00ns)   --->   "%memory_in_local_33_load = load i45 %memory_in_local_33" [top_wrapper.cpp:14]   --->   Operation 1892 'load' 'memory_in_local_33_load' <Predicate = (icmp_ln8)> <Delay = 0.00>
ST_21 : Operation 1893 [1/1] (0.00ns)   --->   "%memory_in_local_32_load = load i45 %memory_in_local_32" [top_wrapper.cpp:14]   --->   Operation 1893 'load' 'memory_in_local_32_load' <Predicate = (icmp_ln8)> <Delay = 0.00>
ST_21 : Operation 1894 [1/1] (0.00ns)   --->   "%memory_in_local_31_load = load i45 %memory_in_local_31" [top_wrapper.cpp:14]   --->   Operation 1894 'load' 'memory_in_local_31_load' <Predicate = (icmp_ln8)> <Delay = 0.00>
ST_21 : Operation 1895 [1/1] (0.00ns)   --->   "%memory_in_local_30_load = load i45 %memory_in_local_30" [top_wrapper.cpp:14]   --->   Operation 1895 'load' 'memory_in_local_30_load' <Predicate = (icmp_ln8)> <Delay = 0.00>
ST_21 : Operation 1896 [1/1] (0.00ns)   --->   "%memory_in_local_29_load = load i45 %memory_in_local_29" [top_wrapper.cpp:14]   --->   Operation 1896 'load' 'memory_in_local_29_load' <Predicate = (icmp_ln8)> <Delay = 0.00>
ST_21 : Operation 1897 [1/1] (0.00ns)   --->   "%memory_in_local_28_load = load i45 %memory_in_local_28" [top_wrapper.cpp:14]   --->   Operation 1897 'load' 'memory_in_local_28_load' <Predicate = (icmp_ln8)> <Delay = 0.00>
ST_21 : Operation 1898 [1/1] (0.00ns)   --->   "%memory_in_local_27_load = load i45 %memory_in_local_27" [top_wrapper.cpp:14]   --->   Operation 1898 'load' 'memory_in_local_27_load' <Predicate = (icmp_ln8)> <Delay = 0.00>
ST_21 : Operation 1899 [1/1] (0.00ns)   --->   "%memory_in_local_26_load = load i45 %memory_in_local_26" [top_wrapper.cpp:14]   --->   Operation 1899 'load' 'memory_in_local_26_load' <Predicate = (icmp_ln8)> <Delay = 0.00>
ST_21 : Operation 1900 [1/1] (0.00ns)   --->   "%memory_in_local_25_load = load i45 %memory_in_local_25" [top_wrapper.cpp:14]   --->   Operation 1900 'load' 'memory_in_local_25_load' <Predicate = (icmp_ln8)> <Delay = 0.00>
ST_21 : Operation 1901 [1/1] (0.00ns)   --->   "%memory_in_local_24_load = load i45 %memory_in_local_24" [top_wrapper.cpp:14]   --->   Operation 1901 'load' 'memory_in_local_24_load' <Predicate = (icmp_ln8)> <Delay = 0.00>
ST_21 : Operation 1902 [1/1] (0.00ns)   --->   "%memory_in_local_23_load = load i45 %memory_in_local_23" [top_wrapper.cpp:14]   --->   Operation 1902 'load' 'memory_in_local_23_load' <Predicate = (icmp_ln8)> <Delay = 0.00>
ST_21 : Operation 1903 [1/1] (0.00ns)   --->   "%memory_in_local_22_load = load i45 %memory_in_local_22" [top_wrapper.cpp:14]   --->   Operation 1903 'load' 'memory_in_local_22_load' <Predicate = (icmp_ln8)> <Delay = 0.00>
ST_21 : Operation 1904 [1/1] (0.00ns)   --->   "%memory_in_local_21_load = load i45 %memory_in_local_21" [top_wrapper.cpp:14]   --->   Operation 1904 'load' 'memory_in_local_21_load' <Predicate = (icmp_ln8)> <Delay = 0.00>
ST_21 : Operation 1905 [1/1] (0.00ns)   --->   "%memory_in_local_20_load = load i45 %memory_in_local_20" [top_wrapper.cpp:14]   --->   Operation 1905 'load' 'memory_in_local_20_load' <Predicate = (icmp_ln8)> <Delay = 0.00>
ST_21 : Operation 1906 [1/1] (0.00ns)   --->   "%memory_in_local_19_load = load i45 %memory_in_local_19" [top_wrapper.cpp:14]   --->   Operation 1906 'load' 'memory_in_local_19_load' <Predicate = (icmp_ln8)> <Delay = 0.00>
ST_21 : Operation 1907 [1/1] (0.00ns)   --->   "%memory_in_local_18_load = load i45 %memory_in_local_18" [top_wrapper.cpp:14]   --->   Operation 1907 'load' 'memory_in_local_18_load' <Predicate = (icmp_ln8)> <Delay = 0.00>
ST_21 : Operation 1908 [1/1] (0.00ns)   --->   "%memory_in_local_17_load = load i45 %memory_in_local_17" [top_wrapper.cpp:14]   --->   Operation 1908 'load' 'memory_in_local_17_load' <Predicate = (icmp_ln8)> <Delay = 0.00>
ST_21 : Operation 1909 [1/1] (0.00ns)   --->   "%memory_in_local_16_load = load i45 %memory_in_local_16" [top_wrapper.cpp:14]   --->   Operation 1909 'load' 'memory_in_local_16_load' <Predicate = (icmp_ln8)> <Delay = 0.00>
ST_21 : Operation 1910 [1/1] (0.00ns)   --->   "%memory_in_local_15_load = load i45 %memory_in_local_15" [top_wrapper.cpp:14]   --->   Operation 1910 'load' 'memory_in_local_15_load' <Predicate = (icmp_ln8)> <Delay = 0.00>
ST_21 : Operation 1911 [1/1] (0.00ns)   --->   "%memory_in_local_14_load = load i45 %memory_in_local_14" [top_wrapper.cpp:14]   --->   Operation 1911 'load' 'memory_in_local_14_load' <Predicate = (icmp_ln8)> <Delay = 0.00>
ST_21 : Operation 1912 [1/1] (0.00ns)   --->   "%memory_in_local_13_load = load i45 %memory_in_local_13" [top_wrapper.cpp:14]   --->   Operation 1912 'load' 'memory_in_local_13_load' <Predicate = (icmp_ln8)> <Delay = 0.00>
ST_21 : Operation 1913 [1/1] (0.00ns)   --->   "%memory_in_local_12_load = load i45 %memory_in_local_12" [top_wrapper.cpp:14]   --->   Operation 1913 'load' 'memory_in_local_12_load' <Predicate = (icmp_ln8)> <Delay = 0.00>
ST_21 : Operation 1914 [1/1] (0.00ns)   --->   "%memory_in_local_11_load = load i45 %memory_in_local_11" [top_wrapper.cpp:14]   --->   Operation 1914 'load' 'memory_in_local_11_load' <Predicate = (icmp_ln8)> <Delay = 0.00>
ST_21 : Operation 1915 [1/1] (0.00ns)   --->   "%memory_in_local_10_load = load i45 %memory_in_local_10" [top_wrapper.cpp:14]   --->   Operation 1915 'load' 'memory_in_local_10_load' <Predicate = (icmp_ln8)> <Delay = 0.00>
ST_21 : Operation 1916 [1/1] (0.00ns)   --->   "%memory_in_local_9_load = load i45 %memory_in_local_9" [top_wrapper.cpp:14]   --->   Operation 1916 'load' 'memory_in_local_9_load' <Predicate = (icmp_ln8)> <Delay = 0.00>
ST_21 : Operation 1917 [1/1] (0.00ns)   --->   "%memory_in_local_8_load = load i45 %memory_in_local_8" [top_wrapper.cpp:14]   --->   Operation 1917 'load' 'memory_in_local_8_load' <Predicate = (icmp_ln8)> <Delay = 0.00>
ST_21 : Operation 1918 [1/1] (0.00ns)   --->   "%memory_in_local_7_load = load i45 %memory_in_local_7" [top_wrapper.cpp:14]   --->   Operation 1918 'load' 'memory_in_local_7_load' <Predicate = (icmp_ln8)> <Delay = 0.00>
ST_21 : Operation 1919 [1/1] (0.00ns)   --->   "%memory_in_local_6_load = load i45 %memory_in_local_6" [top_wrapper.cpp:14]   --->   Operation 1919 'load' 'memory_in_local_6_load' <Predicate = (icmp_ln8)> <Delay = 0.00>
ST_21 : Operation 1920 [1/1] (0.00ns)   --->   "%memory_in_local_5_load = load i45 %memory_in_local_5" [top_wrapper.cpp:14]   --->   Operation 1920 'load' 'memory_in_local_5_load' <Predicate = (icmp_ln8)> <Delay = 0.00>
ST_21 : Operation 1921 [1/1] (0.00ns)   --->   "%memory_in_local_4_load = load i45 %memory_in_local_4" [top_wrapper.cpp:14]   --->   Operation 1921 'load' 'memory_in_local_4_load' <Predicate = (icmp_ln8)> <Delay = 0.00>
ST_21 : Operation 1922 [1/1] (0.00ns)   --->   "%memory_in_local_3_load = load i45 %memory_in_local_3" [top_wrapper.cpp:14]   --->   Operation 1922 'load' 'memory_in_local_3_load' <Predicate = (icmp_ln8)> <Delay = 0.00>
ST_21 : Operation 1923 [1/1] (0.00ns)   --->   "%memory_in_local_2_load = load i45 %memory_in_local_2" [top_wrapper.cpp:14]   --->   Operation 1923 'load' 'memory_in_local_2_load' <Predicate = (icmp_ln8)> <Delay = 0.00>
ST_21 : Operation 1924 [1/1] (0.00ns)   --->   "%memory_in_local_1_load = load i45 %memory_in_local_1" [top_wrapper.cpp:14]   --->   Operation 1924 'load' 'memory_in_local_1_load' <Predicate = (icmp_ln8)> <Delay = 0.00>
ST_21 : Operation 1925 [1/1] (0.00ns)   --->   "%memory_in_local_load = load i45 %memory_in_local" [top_wrapper.cpp:14]   --->   Operation 1925 'load' 'memory_in_local_load' <Predicate = (icmp_ln8)> <Delay = 0.00>
ST_21 : Operation 1926 [1/1] (0.00ns)   --->   "%write_ln14 = write void @_ssdm_op_Write.ap_auto.i45P0A, i45 %memory_in_local_449_load_out, i45 %memory_in_local_449_load" [top_wrapper.cpp:14]   --->   Operation 1926 'write' 'write_ln14' <Predicate = (icmp_ln8)> <Delay = 0.00>
ST_21 : Operation 1927 [1/1] (0.00ns)   --->   "%write_ln14 = write void @_ssdm_op_Write.ap_auto.i45P0A, i45 %memory_in_local_448_load_out, i45 %memory_in_local_448_load" [top_wrapper.cpp:14]   --->   Operation 1927 'write' 'write_ln14' <Predicate = (icmp_ln8)> <Delay = 0.00>
ST_21 : Operation 1928 [1/1] (0.00ns)   --->   "%write_ln14 = write void @_ssdm_op_Write.ap_auto.i45P0A, i45 %memory_in_local_447_load_out, i45 %memory_in_local_447_load" [top_wrapper.cpp:14]   --->   Operation 1928 'write' 'write_ln14' <Predicate = (icmp_ln8)> <Delay = 0.00>
ST_21 : Operation 1929 [1/1] (0.00ns)   --->   "%write_ln14 = write void @_ssdm_op_Write.ap_auto.i45P0A, i45 %memory_in_local_446_load_out, i45 %memory_in_local_446_load" [top_wrapper.cpp:14]   --->   Operation 1929 'write' 'write_ln14' <Predicate = (icmp_ln8)> <Delay = 0.00>
ST_21 : Operation 1930 [1/1] (0.00ns)   --->   "%write_ln14 = write void @_ssdm_op_Write.ap_auto.i45P0A, i45 %memory_in_local_445_load_out, i45 %memory_in_local_445_load" [top_wrapper.cpp:14]   --->   Operation 1930 'write' 'write_ln14' <Predicate = (icmp_ln8)> <Delay = 0.00>
ST_21 : Operation 1931 [1/1] (0.00ns)   --->   "%write_ln14 = write void @_ssdm_op_Write.ap_auto.i45P0A, i45 %memory_in_local_444_load_out, i45 %memory_in_local_444_load" [top_wrapper.cpp:14]   --->   Operation 1931 'write' 'write_ln14' <Predicate = (icmp_ln8)> <Delay = 0.00>
ST_21 : Operation 1932 [1/1] (0.00ns)   --->   "%write_ln14 = write void @_ssdm_op_Write.ap_auto.i45P0A, i45 %memory_in_local_443_load_out, i45 %memory_in_local_443_load" [top_wrapper.cpp:14]   --->   Operation 1932 'write' 'write_ln14' <Predicate = (icmp_ln8)> <Delay = 0.00>
ST_21 : Operation 1933 [1/1] (0.00ns)   --->   "%write_ln14 = write void @_ssdm_op_Write.ap_auto.i45P0A, i45 %memory_in_local_442_load_out, i45 %memory_in_local_442_load" [top_wrapper.cpp:14]   --->   Operation 1933 'write' 'write_ln14' <Predicate = (icmp_ln8)> <Delay = 0.00>
ST_21 : Operation 1934 [1/1] (0.00ns)   --->   "%write_ln14 = write void @_ssdm_op_Write.ap_auto.i45P0A, i45 %memory_in_local_441_load_out, i45 %memory_in_local_441_load" [top_wrapper.cpp:14]   --->   Operation 1934 'write' 'write_ln14' <Predicate = (icmp_ln8)> <Delay = 0.00>
ST_21 : Operation 1935 [1/1] (0.00ns)   --->   "%write_ln14 = write void @_ssdm_op_Write.ap_auto.i45P0A, i45 %memory_in_local_440_load_out, i45 %memory_in_local_440_load" [top_wrapper.cpp:14]   --->   Operation 1935 'write' 'write_ln14' <Predicate = (icmp_ln8)> <Delay = 0.00>
ST_21 : Operation 1936 [1/1] (0.00ns)   --->   "%write_ln14 = write void @_ssdm_op_Write.ap_auto.i45P0A, i45 %memory_in_local_439_load_out, i45 %memory_in_local_439_load" [top_wrapper.cpp:14]   --->   Operation 1936 'write' 'write_ln14' <Predicate = (icmp_ln8)> <Delay = 0.00>
ST_21 : Operation 1937 [1/1] (0.00ns)   --->   "%write_ln14 = write void @_ssdm_op_Write.ap_auto.i45P0A, i45 %memory_in_local_438_load_out, i45 %memory_in_local_438_load" [top_wrapper.cpp:14]   --->   Operation 1937 'write' 'write_ln14' <Predicate = (icmp_ln8)> <Delay = 0.00>
ST_21 : Operation 1938 [1/1] (0.00ns)   --->   "%write_ln14 = write void @_ssdm_op_Write.ap_auto.i45P0A, i45 %memory_in_local_437_load_out, i45 %memory_in_local_437_load" [top_wrapper.cpp:14]   --->   Operation 1938 'write' 'write_ln14' <Predicate = (icmp_ln8)> <Delay = 0.00>
ST_21 : Operation 1939 [1/1] (0.00ns)   --->   "%write_ln14 = write void @_ssdm_op_Write.ap_auto.i45P0A, i45 %memory_in_local_436_load_out, i45 %memory_in_local_436_load" [top_wrapper.cpp:14]   --->   Operation 1939 'write' 'write_ln14' <Predicate = (icmp_ln8)> <Delay = 0.00>
ST_21 : Operation 1940 [1/1] (0.00ns)   --->   "%write_ln14 = write void @_ssdm_op_Write.ap_auto.i45P0A, i45 %memory_in_local_435_load_out, i45 %memory_in_local_435_load" [top_wrapper.cpp:14]   --->   Operation 1940 'write' 'write_ln14' <Predicate = (icmp_ln8)> <Delay = 0.00>
ST_21 : Operation 1941 [1/1] (0.00ns)   --->   "%write_ln14 = write void @_ssdm_op_Write.ap_auto.i45P0A, i45 %memory_in_local_434_load_out, i45 %memory_in_local_434_load" [top_wrapper.cpp:14]   --->   Operation 1941 'write' 'write_ln14' <Predicate = (icmp_ln8)> <Delay = 0.00>
ST_21 : Operation 1942 [1/1] (0.00ns)   --->   "%write_ln14 = write void @_ssdm_op_Write.ap_auto.i45P0A, i45 %memory_in_local_433_load_out, i45 %memory_in_local_433_load" [top_wrapper.cpp:14]   --->   Operation 1942 'write' 'write_ln14' <Predicate = (icmp_ln8)> <Delay = 0.00>
ST_21 : Operation 1943 [1/1] (0.00ns)   --->   "%write_ln14 = write void @_ssdm_op_Write.ap_auto.i45P0A, i45 %memory_in_local_432_load_out, i45 %memory_in_local_432_load" [top_wrapper.cpp:14]   --->   Operation 1943 'write' 'write_ln14' <Predicate = (icmp_ln8)> <Delay = 0.00>
ST_21 : Operation 1944 [1/1] (0.00ns)   --->   "%write_ln14 = write void @_ssdm_op_Write.ap_auto.i45P0A, i45 %memory_in_local_431_load_out, i45 %memory_in_local_431_load" [top_wrapper.cpp:14]   --->   Operation 1944 'write' 'write_ln14' <Predicate = (icmp_ln8)> <Delay = 0.00>
ST_21 : Operation 1945 [1/1] (0.00ns)   --->   "%write_ln14 = write void @_ssdm_op_Write.ap_auto.i45P0A, i45 %memory_in_local_430_load_out, i45 %memory_in_local_430_load" [top_wrapper.cpp:14]   --->   Operation 1945 'write' 'write_ln14' <Predicate = (icmp_ln8)> <Delay = 0.00>
ST_21 : Operation 1946 [1/1] (0.00ns)   --->   "%write_ln14 = write void @_ssdm_op_Write.ap_auto.i45P0A, i45 %memory_in_local_429_load_out, i45 %memory_in_local_429_load" [top_wrapper.cpp:14]   --->   Operation 1946 'write' 'write_ln14' <Predicate = (icmp_ln8)> <Delay = 0.00>
ST_21 : Operation 1947 [1/1] (0.00ns)   --->   "%write_ln14 = write void @_ssdm_op_Write.ap_auto.i45P0A, i45 %memory_in_local_428_load_out, i45 %memory_in_local_428_load" [top_wrapper.cpp:14]   --->   Operation 1947 'write' 'write_ln14' <Predicate = (icmp_ln8)> <Delay = 0.00>
ST_21 : Operation 1948 [1/1] (0.00ns)   --->   "%write_ln14 = write void @_ssdm_op_Write.ap_auto.i45P0A, i45 %memory_in_local_427_load_out, i45 %memory_in_local_427_load" [top_wrapper.cpp:14]   --->   Operation 1948 'write' 'write_ln14' <Predicate = (icmp_ln8)> <Delay = 0.00>
ST_21 : Operation 1949 [1/1] (0.00ns)   --->   "%write_ln14 = write void @_ssdm_op_Write.ap_auto.i45P0A, i45 %memory_in_local_426_load_out, i45 %memory_in_local_426_load" [top_wrapper.cpp:14]   --->   Operation 1949 'write' 'write_ln14' <Predicate = (icmp_ln8)> <Delay = 0.00>
ST_21 : Operation 1950 [1/1] (0.00ns)   --->   "%write_ln14 = write void @_ssdm_op_Write.ap_auto.i45P0A, i45 %memory_in_local_425_load_out, i45 %memory_in_local_425_load" [top_wrapper.cpp:14]   --->   Operation 1950 'write' 'write_ln14' <Predicate = (icmp_ln8)> <Delay = 0.00>
ST_21 : Operation 1951 [1/1] (0.00ns)   --->   "%write_ln14 = write void @_ssdm_op_Write.ap_auto.i45P0A, i45 %memory_in_local_424_load_out, i45 %memory_in_local_424_load" [top_wrapper.cpp:14]   --->   Operation 1951 'write' 'write_ln14' <Predicate = (icmp_ln8)> <Delay = 0.00>
ST_21 : Operation 1952 [1/1] (0.00ns)   --->   "%write_ln14 = write void @_ssdm_op_Write.ap_auto.i45P0A, i45 %memory_in_local_423_load_out, i45 %memory_in_local_423_load" [top_wrapper.cpp:14]   --->   Operation 1952 'write' 'write_ln14' <Predicate = (icmp_ln8)> <Delay = 0.00>
ST_21 : Operation 1953 [1/1] (0.00ns)   --->   "%write_ln14 = write void @_ssdm_op_Write.ap_auto.i45P0A, i45 %memory_in_local_422_load_out, i45 %memory_in_local_422_load" [top_wrapper.cpp:14]   --->   Operation 1953 'write' 'write_ln14' <Predicate = (icmp_ln8)> <Delay = 0.00>
ST_21 : Operation 1954 [1/1] (0.00ns)   --->   "%write_ln14 = write void @_ssdm_op_Write.ap_auto.i45P0A, i45 %memory_in_local_421_load_out, i45 %memory_in_local_421_load" [top_wrapper.cpp:14]   --->   Operation 1954 'write' 'write_ln14' <Predicate = (icmp_ln8)> <Delay = 0.00>
ST_21 : Operation 1955 [1/1] (0.00ns)   --->   "%write_ln14 = write void @_ssdm_op_Write.ap_auto.i45P0A, i45 %memory_in_local_420_load_out, i45 %memory_in_local_420_load" [top_wrapper.cpp:14]   --->   Operation 1955 'write' 'write_ln14' <Predicate = (icmp_ln8)> <Delay = 0.00>
ST_21 : Operation 1956 [1/1] (0.00ns)   --->   "%write_ln14 = write void @_ssdm_op_Write.ap_auto.i45P0A, i45 %memory_in_local_419_load_out, i45 %memory_in_local_419_load" [top_wrapper.cpp:14]   --->   Operation 1956 'write' 'write_ln14' <Predicate = (icmp_ln8)> <Delay = 0.00>
ST_21 : Operation 1957 [1/1] (0.00ns)   --->   "%write_ln14 = write void @_ssdm_op_Write.ap_auto.i45P0A, i45 %memory_in_local_418_load_out, i45 %memory_in_local_418_load" [top_wrapper.cpp:14]   --->   Operation 1957 'write' 'write_ln14' <Predicate = (icmp_ln8)> <Delay = 0.00>
ST_21 : Operation 1958 [1/1] (0.00ns)   --->   "%write_ln14 = write void @_ssdm_op_Write.ap_auto.i45P0A, i45 %memory_in_local_417_load_out, i45 %memory_in_local_417_load" [top_wrapper.cpp:14]   --->   Operation 1958 'write' 'write_ln14' <Predicate = (icmp_ln8)> <Delay = 0.00>
ST_21 : Operation 1959 [1/1] (0.00ns)   --->   "%write_ln14 = write void @_ssdm_op_Write.ap_auto.i45P0A, i45 %memory_in_local_416_load_out, i45 %memory_in_local_416_load" [top_wrapper.cpp:14]   --->   Operation 1959 'write' 'write_ln14' <Predicate = (icmp_ln8)> <Delay = 0.00>
ST_21 : Operation 1960 [1/1] (0.00ns)   --->   "%write_ln14 = write void @_ssdm_op_Write.ap_auto.i45P0A, i45 %memory_in_local_415_load_out, i45 %memory_in_local_415_load" [top_wrapper.cpp:14]   --->   Operation 1960 'write' 'write_ln14' <Predicate = (icmp_ln8)> <Delay = 0.00>
ST_21 : Operation 1961 [1/1] (0.00ns)   --->   "%write_ln14 = write void @_ssdm_op_Write.ap_auto.i45P0A, i45 %memory_in_local_414_load_out, i45 %memory_in_local_414_load" [top_wrapper.cpp:14]   --->   Operation 1961 'write' 'write_ln14' <Predicate = (icmp_ln8)> <Delay = 0.00>
ST_21 : Operation 1962 [1/1] (0.00ns)   --->   "%write_ln14 = write void @_ssdm_op_Write.ap_auto.i45P0A, i45 %memory_in_local_413_load_out, i45 %memory_in_local_413_load" [top_wrapper.cpp:14]   --->   Operation 1962 'write' 'write_ln14' <Predicate = (icmp_ln8)> <Delay = 0.00>
ST_21 : Operation 1963 [1/1] (0.00ns)   --->   "%write_ln14 = write void @_ssdm_op_Write.ap_auto.i45P0A, i45 %memory_in_local_412_load_out, i45 %memory_in_local_412_load" [top_wrapper.cpp:14]   --->   Operation 1963 'write' 'write_ln14' <Predicate = (icmp_ln8)> <Delay = 0.00>
ST_21 : Operation 1964 [1/1] (0.00ns)   --->   "%write_ln14 = write void @_ssdm_op_Write.ap_auto.i45P0A, i45 %memory_in_local_411_load_out, i45 %memory_in_local_411_load" [top_wrapper.cpp:14]   --->   Operation 1964 'write' 'write_ln14' <Predicate = (icmp_ln8)> <Delay = 0.00>
ST_21 : Operation 1965 [1/1] (0.00ns)   --->   "%write_ln14 = write void @_ssdm_op_Write.ap_auto.i45P0A, i45 %memory_in_local_410_load_out, i45 %memory_in_local_410_load" [top_wrapper.cpp:14]   --->   Operation 1965 'write' 'write_ln14' <Predicate = (icmp_ln8)> <Delay = 0.00>
ST_21 : Operation 1966 [1/1] (0.00ns)   --->   "%write_ln14 = write void @_ssdm_op_Write.ap_auto.i45P0A, i45 %memory_in_local_409_load_out, i45 %memory_in_local_409_load" [top_wrapper.cpp:14]   --->   Operation 1966 'write' 'write_ln14' <Predicate = (icmp_ln8)> <Delay = 0.00>
ST_21 : Operation 1967 [1/1] (0.00ns)   --->   "%write_ln14 = write void @_ssdm_op_Write.ap_auto.i45P0A, i45 %memory_in_local_408_load_out, i45 %memory_in_local_408_load" [top_wrapper.cpp:14]   --->   Operation 1967 'write' 'write_ln14' <Predicate = (icmp_ln8)> <Delay = 0.00>
ST_21 : Operation 1968 [1/1] (0.00ns)   --->   "%write_ln14 = write void @_ssdm_op_Write.ap_auto.i45P0A, i45 %memory_in_local_407_load_out, i45 %memory_in_local_407_load" [top_wrapper.cpp:14]   --->   Operation 1968 'write' 'write_ln14' <Predicate = (icmp_ln8)> <Delay = 0.00>
ST_21 : Operation 1969 [1/1] (0.00ns)   --->   "%write_ln14 = write void @_ssdm_op_Write.ap_auto.i45P0A, i45 %memory_in_local_406_load_out, i45 %memory_in_local_406_load" [top_wrapper.cpp:14]   --->   Operation 1969 'write' 'write_ln14' <Predicate = (icmp_ln8)> <Delay = 0.00>
ST_21 : Operation 1970 [1/1] (0.00ns)   --->   "%write_ln14 = write void @_ssdm_op_Write.ap_auto.i45P0A, i45 %memory_in_local_405_load_out, i45 %memory_in_local_405_load" [top_wrapper.cpp:14]   --->   Operation 1970 'write' 'write_ln14' <Predicate = (icmp_ln8)> <Delay = 0.00>
ST_21 : Operation 1971 [1/1] (0.00ns)   --->   "%write_ln14 = write void @_ssdm_op_Write.ap_auto.i45P0A, i45 %memory_in_local_404_load_out, i45 %memory_in_local_404_load" [top_wrapper.cpp:14]   --->   Operation 1971 'write' 'write_ln14' <Predicate = (icmp_ln8)> <Delay = 0.00>
ST_21 : Operation 1972 [1/1] (0.00ns)   --->   "%write_ln14 = write void @_ssdm_op_Write.ap_auto.i45P0A, i45 %memory_in_local_403_load_out, i45 %memory_in_local_403_load" [top_wrapper.cpp:14]   --->   Operation 1972 'write' 'write_ln14' <Predicate = (icmp_ln8)> <Delay = 0.00>
ST_21 : Operation 1973 [1/1] (0.00ns)   --->   "%write_ln14 = write void @_ssdm_op_Write.ap_auto.i45P0A, i45 %memory_in_local_402_load_out, i45 %memory_in_local_402_load" [top_wrapper.cpp:14]   --->   Operation 1973 'write' 'write_ln14' <Predicate = (icmp_ln8)> <Delay = 0.00>
ST_21 : Operation 1974 [1/1] (0.00ns)   --->   "%write_ln14 = write void @_ssdm_op_Write.ap_auto.i45P0A, i45 %memory_in_local_401_load_out, i45 %memory_in_local_401_load" [top_wrapper.cpp:14]   --->   Operation 1974 'write' 'write_ln14' <Predicate = (icmp_ln8)> <Delay = 0.00>
ST_21 : Operation 1975 [1/1] (0.00ns)   --->   "%write_ln14 = write void @_ssdm_op_Write.ap_auto.i45P0A, i45 %memory_in_local_400_load_out, i45 %memory_in_local_400_load" [top_wrapper.cpp:14]   --->   Operation 1975 'write' 'write_ln14' <Predicate = (icmp_ln8)> <Delay = 0.00>
ST_21 : Operation 1976 [1/1] (0.00ns)   --->   "%write_ln14 = write void @_ssdm_op_Write.ap_auto.i45P0A, i45 %memory_in_local_399_load_out, i45 %memory_in_local_399_load" [top_wrapper.cpp:14]   --->   Operation 1976 'write' 'write_ln14' <Predicate = (icmp_ln8)> <Delay = 0.00>
ST_21 : Operation 1977 [1/1] (0.00ns)   --->   "%write_ln14 = write void @_ssdm_op_Write.ap_auto.i45P0A, i45 %memory_in_local_398_load_out, i45 %memory_in_local_398_load" [top_wrapper.cpp:14]   --->   Operation 1977 'write' 'write_ln14' <Predicate = (icmp_ln8)> <Delay = 0.00>
ST_21 : Operation 1978 [1/1] (0.00ns)   --->   "%write_ln14 = write void @_ssdm_op_Write.ap_auto.i45P0A, i45 %memory_in_local_397_load_out, i45 %memory_in_local_397_load" [top_wrapper.cpp:14]   --->   Operation 1978 'write' 'write_ln14' <Predicate = (icmp_ln8)> <Delay = 0.00>
ST_21 : Operation 1979 [1/1] (0.00ns)   --->   "%write_ln14 = write void @_ssdm_op_Write.ap_auto.i45P0A, i45 %memory_in_local_396_load_out, i45 %memory_in_local_396_load" [top_wrapper.cpp:14]   --->   Operation 1979 'write' 'write_ln14' <Predicate = (icmp_ln8)> <Delay = 0.00>
ST_21 : Operation 1980 [1/1] (0.00ns)   --->   "%write_ln14 = write void @_ssdm_op_Write.ap_auto.i45P0A, i45 %memory_in_local_395_load_out, i45 %memory_in_local_395_load" [top_wrapper.cpp:14]   --->   Operation 1980 'write' 'write_ln14' <Predicate = (icmp_ln8)> <Delay = 0.00>
ST_21 : Operation 1981 [1/1] (0.00ns)   --->   "%write_ln14 = write void @_ssdm_op_Write.ap_auto.i45P0A, i45 %memory_in_local_394_load_out, i45 %memory_in_local_394_load" [top_wrapper.cpp:14]   --->   Operation 1981 'write' 'write_ln14' <Predicate = (icmp_ln8)> <Delay = 0.00>
ST_21 : Operation 1982 [1/1] (0.00ns)   --->   "%write_ln14 = write void @_ssdm_op_Write.ap_auto.i45P0A, i45 %memory_in_local_393_load_out, i45 %memory_in_local_393_load" [top_wrapper.cpp:14]   --->   Operation 1982 'write' 'write_ln14' <Predicate = (icmp_ln8)> <Delay = 0.00>
ST_21 : Operation 1983 [1/1] (0.00ns)   --->   "%write_ln14 = write void @_ssdm_op_Write.ap_auto.i45P0A, i45 %memory_in_local_392_load_out, i45 %memory_in_local_392_load" [top_wrapper.cpp:14]   --->   Operation 1983 'write' 'write_ln14' <Predicate = (icmp_ln8)> <Delay = 0.00>
ST_21 : Operation 1984 [1/1] (0.00ns)   --->   "%write_ln14 = write void @_ssdm_op_Write.ap_auto.i45P0A, i45 %memory_in_local_391_load_out, i45 %memory_in_local_391_load" [top_wrapper.cpp:14]   --->   Operation 1984 'write' 'write_ln14' <Predicate = (icmp_ln8)> <Delay = 0.00>
ST_21 : Operation 1985 [1/1] (0.00ns)   --->   "%write_ln14 = write void @_ssdm_op_Write.ap_auto.i45P0A, i45 %memory_in_local_390_load_out, i45 %memory_in_local_390_load" [top_wrapper.cpp:14]   --->   Operation 1985 'write' 'write_ln14' <Predicate = (icmp_ln8)> <Delay = 0.00>
ST_21 : Operation 1986 [1/1] (0.00ns)   --->   "%write_ln14 = write void @_ssdm_op_Write.ap_auto.i45P0A, i45 %memory_in_local_389_load_out, i45 %memory_in_local_389_load" [top_wrapper.cpp:14]   --->   Operation 1986 'write' 'write_ln14' <Predicate = (icmp_ln8)> <Delay = 0.00>
ST_21 : Operation 1987 [1/1] (0.00ns)   --->   "%write_ln14 = write void @_ssdm_op_Write.ap_auto.i45P0A, i45 %memory_in_local_388_load_out, i45 %memory_in_local_388_load" [top_wrapper.cpp:14]   --->   Operation 1987 'write' 'write_ln14' <Predicate = (icmp_ln8)> <Delay = 0.00>
ST_21 : Operation 1988 [1/1] (0.00ns)   --->   "%write_ln14 = write void @_ssdm_op_Write.ap_auto.i45P0A, i45 %memory_in_local_387_load_out, i45 %memory_in_local_387_load" [top_wrapper.cpp:14]   --->   Operation 1988 'write' 'write_ln14' <Predicate = (icmp_ln8)> <Delay = 0.00>
ST_21 : Operation 1989 [1/1] (0.00ns)   --->   "%write_ln14 = write void @_ssdm_op_Write.ap_auto.i45P0A, i45 %memory_in_local_386_load_out, i45 %memory_in_local_386_load" [top_wrapper.cpp:14]   --->   Operation 1989 'write' 'write_ln14' <Predicate = (icmp_ln8)> <Delay = 0.00>
ST_21 : Operation 1990 [1/1] (0.00ns)   --->   "%write_ln14 = write void @_ssdm_op_Write.ap_auto.i45P0A, i45 %memory_in_local_385_load_out, i45 %memory_in_local_385_load" [top_wrapper.cpp:14]   --->   Operation 1990 'write' 'write_ln14' <Predicate = (icmp_ln8)> <Delay = 0.00>
ST_21 : Operation 1991 [1/1] (0.00ns)   --->   "%write_ln14 = write void @_ssdm_op_Write.ap_auto.i45P0A, i45 %memory_in_local_384_load_out, i45 %memory_in_local_384_load" [top_wrapper.cpp:14]   --->   Operation 1991 'write' 'write_ln14' <Predicate = (icmp_ln8)> <Delay = 0.00>
ST_21 : Operation 1992 [1/1] (0.00ns)   --->   "%write_ln14 = write void @_ssdm_op_Write.ap_auto.i45P0A, i45 %memory_in_local_383_load_out, i45 %memory_in_local_383_load" [top_wrapper.cpp:14]   --->   Operation 1992 'write' 'write_ln14' <Predicate = (icmp_ln8)> <Delay = 0.00>
ST_21 : Operation 1993 [1/1] (0.00ns)   --->   "%write_ln14 = write void @_ssdm_op_Write.ap_auto.i45P0A, i45 %memory_in_local_382_load_out, i45 %memory_in_local_382_load" [top_wrapper.cpp:14]   --->   Operation 1993 'write' 'write_ln14' <Predicate = (icmp_ln8)> <Delay = 0.00>
ST_21 : Operation 1994 [1/1] (0.00ns)   --->   "%write_ln14 = write void @_ssdm_op_Write.ap_auto.i45P0A, i45 %memory_in_local_381_load_out, i45 %memory_in_local_381_load" [top_wrapper.cpp:14]   --->   Operation 1994 'write' 'write_ln14' <Predicate = (icmp_ln8)> <Delay = 0.00>
ST_21 : Operation 1995 [1/1] (0.00ns)   --->   "%write_ln14 = write void @_ssdm_op_Write.ap_auto.i45P0A, i45 %memory_in_local_380_load_out, i45 %memory_in_local_380_load" [top_wrapper.cpp:14]   --->   Operation 1995 'write' 'write_ln14' <Predicate = (icmp_ln8)> <Delay = 0.00>
ST_21 : Operation 1996 [1/1] (0.00ns)   --->   "%write_ln14 = write void @_ssdm_op_Write.ap_auto.i45P0A, i45 %memory_in_local_379_load_out, i45 %memory_in_local_379_load" [top_wrapper.cpp:14]   --->   Operation 1996 'write' 'write_ln14' <Predicate = (icmp_ln8)> <Delay = 0.00>
ST_21 : Operation 1997 [1/1] (0.00ns)   --->   "%write_ln14 = write void @_ssdm_op_Write.ap_auto.i45P0A, i45 %memory_in_local_378_load_out, i45 %memory_in_local_378_load" [top_wrapper.cpp:14]   --->   Operation 1997 'write' 'write_ln14' <Predicate = (icmp_ln8)> <Delay = 0.00>
ST_21 : Operation 1998 [1/1] (0.00ns)   --->   "%write_ln14 = write void @_ssdm_op_Write.ap_auto.i45P0A, i45 %memory_in_local_377_load_out, i45 %memory_in_local_377_load" [top_wrapper.cpp:14]   --->   Operation 1998 'write' 'write_ln14' <Predicate = (icmp_ln8)> <Delay = 0.00>
ST_21 : Operation 1999 [1/1] (0.00ns)   --->   "%write_ln14 = write void @_ssdm_op_Write.ap_auto.i45P0A, i45 %memory_in_local_376_load_out, i45 %memory_in_local_376_load" [top_wrapper.cpp:14]   --->   Operation 1999 'write' 'write_ln14' <Predicate = (icmp_ln8)> <Delay = 0.00>
ST_21 : Operation 2000 [1/1] (0.00ns)   --->   "%write_ln14 = write void @_ssdm_op_Write.ap_auto.i45P0A, i45 %memory_in_local_375_load_out, i45 %memory_in_local_375_load" [top_wrapper.cpp:14]   --->   Operation 2000 'write' 'write_ln14' <Predicate = (icmp_ln8)> <Delay = 0.00>
ST_21 : Operation 2001 [1/1] (0.00ns)   --->   "%write_ln14 = write void @_ssdm_op_Write.ap_auto.i45P0A, i45 %memory_in_local_374_load_out, i45 %memory_in_local_374_load" [top_wrapper.cpp:14]   --->   Operation 2001 'write' 'write_ln14' <Predicate = (icmp_ln8)> <Delay = 0.00>
ST_21 : Operation 2002 [1/1] (0.00ns)   --->   "%write_ln14 = write void @_ssdm_op_Write.ap_auto.i45P0A, i45 %memory_in_local_373_load_out, i45 %memory_in_local_373_load" [top_wrapper.cpp:14]   --->   Operation 2002 'write' 'write_ln14' <Predicate = (icmp_ln8)> <Delay = 0.00>
ST_21 : Operation 2003 [1/1] (0.00ns)   --->   "%write_ln14 = write void @_ssdm_op_Write.ap_auto.i45P0A, i45 %memory_in_local_372_load_out, i45 %memory_in_local_372_load" [top_wrapper.cpp:14]   --->   Operation 2003 'write' 'write_ln14' <Predicate = (icmp_ln8)> <Delay = 0.00>
ST_21 : Operation 2004 [1/1] (0.00ns)   --->   "%write_ln14 = write void @_ssdm_op_Write.ap_auto.i45P0A, i45 %memory_in_local_371_load_out, i45 %memory_in_local_371_load" [top_wrapper.cpp:14]   --->   Operation 2004 'write' 'write_ln14' <Predicate = (icmp_ln8)> <Delay = 0.00>
ST_21 : Operation 2005 [1/1] (0.00ns)   --->   "%write_ln14 = write void @_ssdm_op_Write.ap_auto.i45P0A, i45 %memory_in_local_370_load_out, i45 %memory_in_local_370_load" [top_wrapper.cpp:14]   --->   Operation 2005 'write' 'write_ln14' <Predicate = (icmp_ln8)> <Delay = 0.00>
ST_21 : Operation 2006 [1/1] (0.00ns)   --->   "%write_ln14 = write void @_ssdm_op_Write.ap_auto.i45P0A, i45 %memory_in_local_369_load_out, i45 %memory_in_local_369_load" [top_wrapper.cpp:14]   --->   Operation 2006 'write' 'write_ln14' <Predicate = (icmp_ln8)> <Delay = 0.00>
ST_21 : Operation 2007 [1/1] (0.00ns)   --->   "%write_ln14 = write void @_ssdm_op_Write.ap_auto.i45P0A, i45 %memory_in_local_368_load_out, i45 %memory_in_local_368_load" [top_wrapper.cpp:14]   --->   Operation 2007 'write' 'write_ln14' <Predicate = (icmp_ln8)> <Delay = 0.00>
ST_21 : Operation 2008 [1/1] (0.00ns)   --->   "%write_ln14 = write void @_ssdm_op_Write.ap_auto.i45P0A, i45 %memory_in_local_367_load_out, i45 %memory_in_local_367_load" [top_wrapper.cpp:14]   --->   Operation 2008 'write' 'write_ln14' <Predicate = (icmp_ln8)> <Delay = 0.00>
ST_21 : Operation 2009 [1/1] (0.00ns)   --->   "%write_ln14 = write void @_ssdm_op_Write.ap_auto.i45P0A, i45 %memory_in_local_366_load_out, i45 %memory_in_local_366_load" [top_wrapper.cpp:14]   --->   Operation 2009 'write' 'write_ln14' <Predicate = (icmp_ln8)> <Delay = 0.00>
ST_21 : Operation 2010 [1/1] (0.00ns)   --->   "%write_ln14 = write void @_ssdm_op_Write.ap_auto.i45P0A, i45 %memory_in_local_365_load_out, i45 %memory_in_local_365_load" [top_wrapper.cpp:14]   --->   Operation 2010 'write' 'write_ln14' <Predicate = (icmp_ln8)> <Delay = 0.00>
ST_21 : Operation 2011 [1/1] (0.00ns)   --->   "%write_ln14 = write void @_ssdm_op_Write.ap_auto.i45P0A, i45 %memory_in_local_364_load_out, i45 %memory_in_local_364_load" [top_wrapper.cpp:14]   --->   Operation 2011 'write' 'write_ln14' <Predicate = (icmp_ln8)> <Delay = 0.00>
ST_21 : Operation 2012 [1/1] (0.00ns)   --->   "%write_ln14 = write void @_ssdm_op_Write.ap_auto.i45P0A, i45 %memory_in_local_363_load_out, i45 %memory_in_local_363_load" [top_wrapper.cpp:14]   --->   Operation 2012 'write' 'write_ln14' <Predicate = (icmp_ln8)> <Delay = 0.00>
ST_21 : Operation 2013 [1/1] (0.00ns)   --->   "%write_ln14 = write void @_ssdm_op_Write.ap_auto.i45P0A, i45 %memory_in_local_362_load_out, i45 %memory_in_local_362_load" [top_wrapper.cpp:14]   --->   Operation 2013 'write' 'write_ln14' <Predicate = (icmp_ln8)> <Delay = 0.00>
ST_21 : Operation 2014 [1/1] (0.00ns)   --->   "%write_ln14 = write void @_ssdm_op_Write.ap_auto.i45P0A, i45 %memory_in_local_361_load_out, i45 %memory_in_local_361_load" [top_wrapper.cpp:14]   --->   Operation 2014 'write' 'write_ln14' <Predicate = (icmp_ln8)> <Delay = 0.00>
ST_21 : Operation 2015 [1/1] (0.00ns)   --->   "%write_ln14 = write void @_ssdm_op_Write.ap_auto.i45P0A, i45 %memory_in_local_360_load_out, i45 %memory_in_local_360_load" [top_wrapper.cpp:14]   --->   Operation 2015 'write' 'write_ln14' <Predicate = (icmp_ln8)> <Delay = 0.00>
ST_21 : Operation 2016 [1/1] (0.00ns)   --->   "%write_ln14 = write void @_ssdm_op_Write.ap_auto.i45P0A, i45 %memory_in_local_359_load_out, i45 %memory_in_local_359_load" [top_wrapper.cpp:14]   --->   Operation 2016 'write' 'write_ln14' <Predicate = (icmp_ln8)> <Delay = 0.00>
ST_21 : Operation 2017 [1/1] (0.00ns)   --->   "%write_ln14 = write void @_ssdm_op_Write.ap_auto.i45P0A, i45 %memory_in_local_358_load_out, i45 %memory_in_local_358_load" [top_wrapper.cpp:14]   --->   Operation 2017 'write' 'write_ln14' <Predicate = (icmp_ln8)> <Delay = 0.00>
ST_21 : Operation 2018 [1/1] (0.00ns)   --->   "%write_ln14 = write void @_ssdm_op_Write.ap_auto.i45P0A, i45 %memory_in_local_357_load_out, i45 %memory_in_local_357_load" [top_wrapper.cpp:14]   --->   Operation 2018 'write' 'write_ln14' <Predicate = (icmp_ln8)> <Delay = 0.00>
ST_21 : Operation 2019 [1/1] (0.00ns)   --->   "%write_ln14 = write void @_ssdm_op_Write.ap_auto.i45P0A, i45 %memory_in_local_356_load_out, i45 %memory_in_local_356_load" [top_wrapper.cpp:14]   --->   Operation 2019 'write' 'write_ln14' <Predicate = (icmp_ln8)> <Delay = 0.00>
ST_21 : Operation 2020 [1/1] (0.00ns)   --->   "%write_ln14 = write void @_ssdm_op_Write.ap_auto.i45P0A, i45 %memory_in_local_355_load_out, i45 %memory_in_local_355_load" [top_wrapper.cpp:14]   --->   Operation 2020 'write' 'write_ln14' <Predicate = (icmp_ln8)> <Delay = 0.00>
ST_21 : Operation 2021 [1/1] (0.00ns)   --->   "%write_ln14 = write void @_ssdm_op_Write.ap_auto.i45P0A, i45 %memory_in_local_354_load_out, i45 %memory_in_local_354_load" [top_wrapper.cpp:14]   --->   Operation 2021 'write' 'write_ln14' <Predicate = (icmp_ln8)> <Delay = 0.00>
ST_21 : Operation 2022 [1/1] (0.00ns)   --->   "%write_ln14 = write void @_ssdm_op_Write.ap_auto.i45P0A, i45 %memory_in_local_353_load_out, i45 %memory_in_local_353_load" [top_wrapper.cpp:14]   --->   Operation 2022 'write' 'write_ln14' <Predicate = (icmp_ln8)> <Delay = 0.00>
ST_21 : Operation 2023 [1/1] (0.00ns)   --->   "%write_ln14 = write void @_ssdm_op_Write.ap_auto.i45P0A, i45 %memory_in_local_352_load_out, i45 %memory_in_local_352_load" [top_wrapper.cpp:14]   --->   Operation 2023 'write' 'write_ln14' <Predicate = (icmp_ln8)> <Delay = 0.00>
ST_21 : Operation 2024 [1/1] (0.00ns)   --->   "%write_ln14 = write void @_ssdm_op_Write.ap_auto.i45P0A, i45 %memory_in_local_351_load_out, i45 %memory_in_local_351_load" [top_wrapper.cpp:14]   --->   Operation 2024 'write' 'write_ln14' <Predicate = (icmp_ln8)> <Delay = 0.00>
ST_21 : Operation 2025 [1/1] (0.00ns)   --->   "%write_ln14 = write void @_ssdm_op_Write.ap_auto.i45P0A, i45 %memory_in_local_350_load_out, i45 %memory_in_local_350_load" [top_wrapper.cpp:14]   --->   Operation 2025 'write' 'write_ln14' <Predicate = (icmp_ln8)> <Delay = 0.00>
ST_21 : Operation 2026 [1/1] (0.00ns)   --->   "%write_ln14 = write void @_ssdm_op_Write.ap_auto.i45P0A, i45 %memory_in_local_349_load_out, i45 %memory_in_local_349_load" [top_wrapper.cpp:14]   --->   Operation 2026 'write' 'write_ln14' <Predicate = (icmp_ln8)> <Delay = 0.00>
ST_21 : Operation 2027 [1/1] (0.00ns)   --->   "%write_ln14 = write void @_ssdm_op_Write.ap_auto.i45P0A, i45 %memory_in_local_348_load_out, i45 %memory_in_local_348_load" [top_wrapper.cpp:14]   --->   Operation 2027 'write' 'write_ln14' <Predicate = (icmp_ln8)> <Delay = 0.00>
ST_21 : Operation 2028 [1/1] (0.00ns)   --->   "%write_ln14 = write void @_ssdm_op_Write.ap_auto.i45P0A, i45 %memory_in_local_347_load_out, i45 %memory_in_local_347_load" [top_wrapper.cpp:14]   --->   Operation 2028 'write' 'write_ln14' <Predicate = (icmp_ln8)> <Delay = 0.00>
ST_21 : Operation 2029 [1/1] (0.00ns)   --->   "%write_ln14 = write void @_ssdm_op_Write.ap_auto.i45P0A, i45 %memory_in_local_346_load_out, i45 %memory_in_local_346_load" [top_wrapper.cpp:14]   --->   Operation 2029 'write' 'write_ln14' <Predicate = (icmp_ln8)> <Delay = 0.00>
ST_21 : Operation 2030 [1/1] (0.00ns)   --->   "%write_ln14 = write void @_ssdm_op_Write.ap_auto.i45P0A, i45 %memory_in_local_345_load_out, i45 %memory_in_local_345_load" [top_wrapper.cpp:14]   --->   Operation 2030 'write' 'write_ln14' <Predicate = (icmp_ln8)> <Delay = 0.00>
ST_21 : Operation 2031 [1/1] (0.00ns)   --->   "%write_ln14 = write void @_ssdm_op_Write.ap_auto.i45P0A, i45 %memory_in_local_344_load_out, i45 %memory_in_local_344_load" [top_wrapper.cpp:14]   --->   Operation 2031 'write' 'write_ln14' <Predicate = (icmp_ln8)> <Delay = 0.00>
ST_21 : Operation 2032 [1/1] (0.00ns)   --->   "%write_ln14 = write void @_ssdm_op_Write.ap_auto.i45P0A, i45 %memory_in_local_343_load_out, i45 %memory_in_local_343_load" [top_wrapper.cpp:14]   --->   Operation 2032 'write' 'write_ln14' <Predicate = (icmp_ln8)> <Delay = 0.00>
ST_21 : Operation 2033 [1/1] (0.00ns)   --->   "%write_ln14 = write void @_ssdm_op_Write.ap_auto.i45P0A, i45 %memory_in_local_342_load_out, i45 %memory_in_local_342_load" [top_wrapper.cpp:14]   --->   Operation 2033 'write' 'write_ln14' <Predicate = (icmp_ln8)> <Delay = 0.00>
ST_21 : Operation 2034 [1/1] (0.00ns)   --->   "%write_ln14 = write void @_ssdm_op_Write.ap_auto.i45P0A, i45 %memory_in_local_341_load_out, i45 %memory_in_local_341_load" [top_wrapper.cpp:14]   --->   Operation 2034 'write' 'write_ln14' <Predicate = (icmp_ln8)> <Delay = 0.00>
ST_21 : Operation 2035 [1/1] (0.00ns)   --->   "%write_ln14 = write void @_ssdm_op_Write.ap_auto.i45P0A, i45 %memory_in_local_340_load_out, i45 %memory_in_local_340_load" [top_wrapper.cpp:14]   --->   Operation 2035 'write' 'write_ln14' <Predicate = (icmp_ln8)> <Delay = 0.00>
ST_21 : Operation 2036 [1/1] (0.00ns)   --->   "%write_ln14 = write void @_ssdm_op_Write.ap_auto.i45P0A, i45 %memory_in_local_339_load_out, i45 %memory_in_local_339_load" [top_wrapper.cpp:14]   --->   Operation 2036 'write' 'write_ln14' <Predicate = (icmp_ln8)> <Delay = 0.00>
ST_21 : Operation 2037 [1/1] (0.00ns)   --->   "%write_ln14 = write void @_ssdm_op_Write.ap_auto.i45P0A, i45 %memory_in_local_338_load_out, i45 %memory_in_local_338_load" [top_wrapper.cpp:14]   --->   Operation 2037 'write' 'write_ln14' <Predicate = (icmp_ln8)> <Delay = 0.00>
ST_21 : Operation 2038 [1/1] (0.00ns)   --->   "%write_ln14 = write void @_ssdm_op_Write.ap_auto.i45P0A, i45 %memory_in_local_337_load_out, i45 %memory_in_local_337_load" [top_wrapper.cpp:14]   --->   Operation 2038 'write' 'write_ln14' <Predicate = (icmp_ln8)> <Delay = 0.00>
ST_21 : Operation 2039 [1/1] (0.00ns)   --->   "%write_ln14 = write void @_ssdm_op_Write.ap_auto.i45P0A, i45 %memory_in_local_336_load_out, i45 %memory_in_local_336_load" [top_wrapper.cpp:14]   --->   Operation 2039 'write' 'write_ln14' <Predicate = (icmp_ln8)> <Delay = 0.00>
ST_21 : Operation 2040 [1/1] (0.00ns)   --->   "%write_ln14 = write void @_ssdm_op_Write.ap_auto.i45P0A, i45 %memory_in_local_335_load_out, i45 %memory_in_local_335_load" [top_wrapper.cpp:14]   --->   Operation 2040 'write' 'write_ln14' <Predicate = (icmp_ln8)> <Delay = 0.00>
ST_21 : Operation 2041 [1/1] (0.00ns)   --->   "%write_ln14 = write void @_ssdm_op_Write.ap_auto.i45P0A, i45 %memory_in_local_334_load_out, i45 %memory_in_local_334_load" [top_wrapper.cpp:14]   --->   Operation 2041 'write' 'write_ln14' <Predicate = (icmp_ln8)> <Delay = 0.00>
ST_21 : Operation 2042 [1/1] (0.00ns)   --->   "%write_ln14 = write void @_ssdm_op_Write.ap_auto.i45P0A, i45 %memory_in_local_333_load_out, i45 %memory_in_local_333_load" [top_wrapper.cpp:14]   --->   Operation 2042 'write' 'write_ln14' <Predicate = (icmp_ln8)> <Delay = 0.00>
ST_21 : Operation 2043 [1/1] (0.00ns)   --->   "%write_ln14 = write void @_ssdm_op_Write.ap_auto.i45P0A, i45 %memory_in_local_332_load_out, i45 %memory_in_local_332_load" [top_wrapper.cpp:14]   --->   Operation 2043 'write' 'write_ln14' <Predicate = (icmp_ln8)> <Delay = 0.00>
ST_21 : Operation 2044 [1/1] (0.00ns)   --->   "%write_ln14 = write void @_ssdm_op_Write.ap_auto.i45P0A, i45 %memory_in_local_331_load_out, i45 %memory_in_local_331_load" [top_wrapper.cpp:14]   --->   Operation 2044 'write' 'write_ln14' <Predicate = (icmp_ln8)> <Delay = 0.00>
ST_21 : Operation 2045 [1/1] (0.00ns)   --->   "%write_ln14 = write void @_ssdm_op_Write.ap_auto.i45P0A, i45 %memory_in_local_330_load_out, i45 %memory_in_local_330_load" [top_wrapper.cpp:14]   --->   Operation 2045 'write' 'write_ln14' <Predicate = (icmp_ln8)> <Delay = 0.00>
ST_21 : Operation 2046 [1/1] (0.00ns)   --->   "%write_ln14 = write void @_ssdm_op_Write.ap_auto.i45P0A, i45 %memory_in_local_329_load_out, i45 %memory_in_local_329_load" [top_wrapper.cpp:14]   --->   Operation 2046 'write' 'write_ln14' <Predicate = (icmp_ln8)> <Delay = 0.00>
ST_21 : Operation 2047 [1/1] (0.00ns)   --->   "%write_ln14 = write void @_ssdm_op_Write.ap_auto.i45P0A, i45 %memory_in_local_328_load_out, i45 %memory_in_local_328_load" [top_wrapper.cpp:14]   --->   Operation 2047 'write' 'write_ln14' <Predicate = (icmp_ln8)> <Delay = 0.00>
ST_21 : Operation 2048 [1/1] (0.00ns)   --->   "%write_ln14 = write void @_ssdm_op_Write.ap_auto.i45P0A, i45 %memory_in_local_327_load_out, i45 %memory_in_local_327_load" [top_wrapper.cpp:14]   --->   Operation 2048 'write' 'write_ln14' <Predicate = (icmp_ln8)> <Delay = 0.00>
ST_21 : Operation 2049 [1/1] (0.00ns)   --->   "%write_ln14 = write void @_ssdm_op_Write.ap_auto.i45P0A, i45 %memory_in_local_326_load_out, i45 %memory_in_local_326_load" [top_wrapper.cpp:14]   --->   Operation 2049 'write' 'write_ln14' <Predicate = (icmp_ln8)> <Delay = 0.00>
ST_21 : Operation 2050 [1/1] (0.00ns)   --->   "%write_ln14 = write void @_ssdm_op_Write.ap_auto.i45P0A, i45 %memory_in_local_325_load_out, i45 %memory_in_local_325_load" [top_wrapper.cpp:14]   --->   Operation 2050 'write' 'write_ln14' <Predicate = (icmp_ln8)> <Delay = 0.00>
ST_21 : Operation 2051 [1/1] (0.00ns)   --->   "%write_ln14 = write void @_ssdm_op_Write.ap_auto.i45P0A, i45 %memory_in_local_324_load_out, i45 %memory_in_local_324_load" [top_wrapper.cpp:14]   --->   Operation 2051 'write' 'write_ln14' <Predicate = (icmp_ln8)> <Delay = 0.00>
ST_21 : Operation 2052 [1/1] (0.00ns)   --->   "%write_ln14 = write void @_ssdm_op_Write.ap_auto.i45P0A, i45 %memory_in_local_323_load_out, i45 %memory_in_local_323_load" [top_wrapper.cpp:14]   --->   Operation 2052 'write' 'write_ln14' <Predicate = (icmp_ln8)> <Delay = 0.00>
ST_21 : Operation 2053 [1/1] (0.00ns)   --->   "%write_ln14 = write void @_ssdm_op_Write.ap_auto.i45P0A, i45 %memory_in_local_322_load_out, i45 %memory_in_local_322_load" [top_wrapper.cpp:14]   --->   Operation 2053 'write' 'write_ln14' <Predicate = (icmp_ln8)> <Delay = 0.00>
ST_21 : Operation 2054 [1/1] (0.00ns)   --->   "%write_ln14 = write void @_ssdm_op_Write.ap_auto.i45P0A, i45 %memory_in_local_321_load_out, i45 %memory_in_local_321_load" [top_wrapper.cpp:14]   --->   Operation 2054 'write' 'write_ln14' <Predicate = (icmp_ln8)> <Delay = 0.00>
ST_21 : Operation 2055 [1/1] (0.00ns)   --->   "%write_ln14 = write void @_ssdm_op_Write.ap_auto.i45P0A, i45 %memory_in_local_320_load_out, i45 %memory_in_local_320_load" [top_wrapper.cpp:14]   --->   Operation 2055 'write' 'write_ln14' <Predicate = (icmp_ln8)> <Delay = 0.00>
ST_21 : Operation 2056 [1/1] (0.00ns)   --->   "%write_ln14 = write void @_ssdm_op_Write.ap_auto.i45P0A, i45 %memory_in_local_319_load_out, i45 %memory_in_local_319_load" [top_wrapper.cpp:14]   --->   Operation 2056 'write' 'write_ln14' <Predicate = (icmp_ln8)> <Delay = 0.00>
ST_21 : Operation 2057 [1/1] (0.00ns)   --->   "%write_ln14 = write void @_ssdm_op_Write.ap_auto.i45P0A, i45 %memory_in_local_318_load_out, i45 %memory_in_local_318_load" [top_wrapper.cpp:14]   --->   Operation 2057 'write' 'write_ln14' <Predicate = (icmp_ln8)> <Delay = 0.00>
ST_21 : Operation 2058 [1/1] (0.00ns)   --->   "%write_ln14 = write void @_ssdm_op_Write.ap_auto.i45P0A, i45 %memory_in_local_317_load_out, i45 %memory_in_local_317_load" [top_wrapper.cpp:14]   --->   Operation 2058 'write' 'write_ln14' <Predicate = (icmp_ln8)> <Delay = 0.00>
ST_21 : Operation 2059 [1/1] (0.00ns)   --->   "%write_ln14 = write void @_ssdm_op_Write.ap_auto.i45P0A, i45 %memory_in_local_316_load_out, i45 %memory_in_local_316_load" [top_wrapper.cpp:14]   --->   Operation 2059 'write' 'write_ln14' <Predicate = (icmp_ln8)> <Delay = 0.00>
ST_21 : Operation 2060 [1/1] (0.00ns)   --->   "%write_ln14 = write void @_ssdm_op_Write.ap_auto.i45P0A, i45 %memory_in_local_315_load_out, i45 %memory_in_local_315_load" [top_wrapper.cpp:14]   --->   Operation 2060 'write' 'write_ln14' <Predicate = (icmp_ln8)> <Delay = 0.00>
ST_21 : Operation 2061 [1/1] (0.00ns)   --->   "%write_ln14 = write void @_ssdm_op_Write.ap_auto.i45P0A, i45 %memory_in_local_314_load_out, i45 %memory_in_local_314_load" [top_wrapper.cpp:14]   --->   Operation 2061 'write' 'write_ln14' <Predicate = (icmp_ln8)> <Delay = 0.00>
ST_21 : Operation 2062 [1/1] (0.00ns)   --->   "%write_ln14 = write void @_ssdm_op_Write.ap_auto.i45P0A, i45 %memory_in_local_313_load_out, i45 %memory_in_local_313_load" [top_wrapper.cpp:14]   --->   Operation 2062 'write' 'write_ln14' <Predicate = (icmp_ln8)> <Delay = 0.00>
ST_21 : Operation 2063 [1/1] (0.00ns)   --->   "%write_ln14 = write void @_ssdm_op_Write.ap_auto.i45P0A, i45 %memory_in_local_312_load_out, i45 %memory_in_local_312_load" [top_wrapper.cpp:14]   --->   Operation 2063 'write' 'write_ln14' <Predicate = (icmp_ln8)> <Delay = 0.00>
ST_21 : Operation 2064 [1/1] (0.00ns)   --->   "%write_ln14 = write void @_ssdm_op_Write.ap_auto.i45P0A, i45 %memory_in_local_311_load_out, i45 %memory_in_local_311_load" [top_wrapper.cpp:14]   --->   Operation 2064 'write' 'write_ln14' <Predicate = (icmp_ln8)> <Delay = 0.00>
ST_21 : Operation 2065 [1/1] (0.00ns)   --->   "%write_ln14 = write void @_ssdm_op_Write.ap_auto.i45P0A, i45 %memory_in_local_310_load_out, i45 %memory_in_local_310_load" [top_wrapper.cpp:14]   --->   Operation 2065 'write' 'write_ln14' <Predicate = (icmp_ln8)> <Delay = 0.00>
ST_21 : Operation 2066 [1/1] (0.00ns)   --->   "%write_ln14 = write void @_ssdm_op_Write.ap_auto.i45P0A, i45 %memory_in_local_309_load_out, i45 %memory_in_local_309_load" [top_wrapper.cpp:14]   --->   Operation 2066 'write' 'write_ln14' <Predicate = (icmp_ln8)> <Delay = 0.00>
ST_21 : Operation 2067 [1/1] (0.00ns)   --->   "%write_ln14 = write void @_ssdm_op_Write.ap_auto.i45P0A, i45 %memory_in_local_308_load_out, i45 %memory_in_local_308_load" [top_wrapper.cpp:14]   --->   Operation 2067 'write' 'write_ln14' <Predicate = (icmp_ln8)> <Delay = 0.00>
ST_21 : Operation 2068 [1/1] (0.00ns)   --->   "%write_ln14 = write void @_ssdm_op_Write.ap_auto.i45P0A, i45 %memory_in_local_307_load_out, i45 %memory_in_local_307_load" [top_wrapper.cpp:14]   --->   Operation 2068 'write' 'write_ln14' <Predicate = (icmp_ln8)> <Delay = 0.00>
ST_21 : Operation 2069 [1/1] (0.00ns)   --->   "%write_ln14 = write void @_ssdm_op_Write.ap_auto.i45P0A, i45 %memory_in_local_306_load_out, i45 %memory_in_local_306_load" [top_wrapper.cpp:14]   --->   Operation 2069 'write' 'write_ln14' <Predicate = (icmp_ln8)> <Delay = 0.00>
ST_21 : Operation 2070 [1/1] (0.00ns)   --->   "%write_ln14 = write void @_ssdm_op_Write.ap_auto.i45P0A, i45 %memory_in_local_305_load_out, i45 %memory_in_local_305_load" [top_wrapper.cpp:14]   --->   Operation 2070 'write' 'write_ln14' <Predicate = (icmp_ln8)> <Delay = 0.00>
ST_21 : Operation 2071 [1/1] (0.00ns)   --->   "%write_ln14 = write void @_ssdm_op_Write.ap_auto.i45P0A, i45 %memory_in_local_304_load_out, i45 %memory_in_local_304_load" [top_wrapper.cpp:14]   --->   Operation 2071 'write' 'write_ln14' <Predicate = (icmp_ln8)> <Delay = 0.00>
ST_21 : Operation 2072 [1/1] (0.00ns)   --->   "%write_ln14 = write void @_ssdm_op_Write.ap_auto.i45P0A, i45 %memory_in_local_303_load_out, i45 %memory_in_local_303_load" [top_wrapper.cpp:14]   --->   Operation 2072 'write' 'write_ln14' <Predicate = (icmp_ln8)> <Delay = 0.00>
ST_21 : Operation 2073 [1/1] (0.00ns)   --->   "%write_ln14 = write void @_ssdm_op_Write.ap_auto.i45P0A, i45 %memory_in_local_302_load_out, i45 %memory_in_local_302_load" [top_wrapper.cpp:14]   --->   Operation 2073 'write' 'write_ln14' <Predicate = (icmp_ln8)> <Delay = 0.00>
ST_21 : Operation 2074 [1/1] (0.00ns)   --->   "%write_ln14 = write void @_ssdm_op_Write.ap_auto.i45P0A, i45 %memory_in_local_301_load_out, i45 %memory_in_local_301_load" [top_wrapper.cpp:14]   --->   Operation 2074 'write' 'write_ln14' <Predicate = (icmp_ln8)> <Delay = 0.00>
ST_21 : Operation 2075 [1/1] (0.00ns)   --->   "%write_ln14 = write void @_ssdm_op_Write.ap_auto.i45P0A, i45 %memory_in_local_300_load_out, i45 %memory_in_local_300_load" [top_wrapper.cpp:14]   --->   Operation 2075 'write' 'write_ln14' <Predicate = (icmp_ln8)> <Delay = 0.00>
ST_21 : Operation 2076 [1/1] (0.00ns)   --->   "%write_ln14 = write void @_ssdm_op_Write.ap_auto.i45P0A, i45 %memory_in_local_299_load_out, i45 %memory_in_local_299_load" [top_wrapper.cpp:14]   --->   Operation 2076 'write' 'write_ln14' <Predicate = (icmp_ln8)> <Delay = 0.00>
ST_21 : Operation 2077 [1/1] (0.00ns)   --->   "%write_ln14 = write void @_ssdm_op_Write.ap_auto.i45P0A, i45 %memory_in_local_298_load_out, i45 %memory_in_local_298_load" [top_wrapper.cpp:14]   --->   Operation 2077 'write' 'write_ln14' <Predicate = (icmp_ln8)> <Delay = 0.00>
ST_21 : Operation 2078 [1/1] (0.00ns)   --->   "%write_ln14 = write void @_ssdm_op_Write.ap_auto.i45P0A, i45 %memory_in_local_297_load_out, i45 %memory_in_local_297_load" [top_wrapper.cpp:14]   --->   Operation 2078 'write' 'write_ln14' <Predicate = (icmp_ln8)> <Delay = 0.00>
ST_21 : Operation 2079 [1/1] (0.00ns)   --->   "%write_ln14 = write void @_ssdm_op_Write.ap_auto.i45P0A, i45 %memory_in_local_296_load_out, i45 %memory_in_local_296_load" [top_wrapper.cpp:14]   --->   Operation 2079 'write' 'write_ln14' <Predicate = (icmp_ln8)> <Delay = 0.00>
ST_21 : Operation 2080 [1/1] (0.00ns)   --->   "%write_ln14 = write void @_ssdm_op_Write.ap_auto.i45P0A, i45 %memory_in_local_295_load_out, i45 %memory_in_local_295_load" [top_wrapper.cpp:14]   --->   Operation 2080 'write' 'write_ln14' <Predicate = (icmp_ln8)> <Delay = 0.00>
ST_21 : Operation 2081 [1/1] (0.00ns)   --->   "%write_ln14 = write void @_ssdm_op_Write.ap_auto.i45P0A, i45 %memory_in_local_294_load_out, i45 %memory_in_local_294_load" [top_wrapper.cpp:14]   --->   Operation 2081 'write' 'write_ln14' <Predicate = (icmp_ln8)> <Delay = 0.00>
ST_21 : Operation 2082 [1/1] (0.00ns)   --->   "%write_ln14 = write void @_ssdm_op_Write.ap_auto.i45P0A, i45 %memory_in_local_293_load_out, i45 %memory_in_local_293_load" [top_wrapper.cpp:14]   --->   Operation 2082 'write' 'write_ln14' <Predicate = (icmp_ln8)> <Delay = 0.00>
ST_21 : Operation 2083 [1/1] (0.00ns)   --->   "%write_ln14 = write void @_ssdm_op_Write.ap_auto.i45P0A, i45 %memory_in_local_292_load_out, i45 %memory_in_local_292_load" [top_wrapper.cpp:14]   --->   Operation 2083 'write' 'write_ln14' <Predicate = (icmp_ln8)> <Delay = 0.00>
ST_21 : Operation 2084 [1/1] (0.00ns)   --->   "%write_ln14 = write void @_ssdm_op_Write.ap_auto.i45P0A, i45 %memory_in_local_291_load_out, i45 %memory_in_local_291_load" [top_wrapper.cpp:14]   --->   Operation 2084 'write' 'write_ln14' <Predicate = (icmp_ln8)> <Delay = 0.00>
ST_21 : Operation 2085 [1/1] (0.00ns)   --->   "%write_ln14 = write void @_ssdm_op_Write.ap_auto.i45P0A, i45 %memory_in_local_290_load_out, i45 %memory_in_local_290_load" [top_wrapper.cpp:14]   --->   Operation 2085 'write' 'write_ln14' <Predicate = (icmp_ln8)> <Delay = 0.00>
ST_21 : Operation 2086 [1/1] (0.00ns)   --->   "%write_ln14 = write void @_ssdm_op_Write.ap_auto.i45P0A, i45 %memory_in_local_289_load_out, i45 %memory_in_local_289_load" [top_wrapper.cpp:14]   --->   Operation 2086 'write' 'write_ln14' <Predicate = (icmp_ln8)> <Delay = 0.00>
ST_21 : Operation 2087 [1/1] (0.00ns)   --->   "%write_ln14 = write void @_ssdm_op_Write.ap_auto.i45P0A, i45 %memory_in_local_288_load_out, i45 %memory_in_local_288_load" [top_wrapper.cpp:14]   --->   Operation 2087 'write' 'write_ln14' <Predicate = (icmp_ln8)> <Delay = 0.00>
ST_21 : Operation 2088 [1/1] (0.00ns)   --->   "%write_ln14 = write void @_ssdm_op_Write.ap_auto.i45P0A, i45 %memory_in_local_287_load_out, i45 %memory_in_local_287_load" [top_wrapper.cpp:14]   --->   Operation 2088 'write' 'write_ln14' <Predicate = (icmp_ln8)> <Delay = 0.00>
ST_21 : Operation 2089 [1/1] (0.00ns)   --->   "%write_ln14 = write void @_ssdm_op_Write.ap_auto.i45P0A, i45 %memory_in_local_286_load_out, i45 %memory_in_local_286_load" [top_wrapper.cpp:14]   --->   Operation 2089 'write' 'write_ln14' <Predicate = (icmp_ln8)> <Delay = 0.00>
ST_21 : Operation 2090 [1/1] (0.00ns)   --->   "%write_ln14 = write void @_ssdm_op_Write.ap_auto.i45P0A, i45 %memory_in_local_285_load_out, i45 %memory_in_local_285_load" [top_wrapper.cpp:14]   --->   Operation 2090 'write' 'write_ln14' <Predicate = (icmp_ln8)> <Delay = 0.00>
ST_21 : Operation 2091 [1/1] (0.00ns)   --->   "%write_ln14 = write void @_ssdm_op_Write.ap_auto.i45P0A, i45 %memory_in_local_284_load_out, i45 %memory_in_local_284_load" [top_wrapper.cpp:14]   --->   Operation 2091 'write' 'write_ln14' <Predicate = (icmp_ln8)> <Delay = 0.00>
ST_21 : Operation 2092 [1/1] (0.00ns)   --->   "%write_ln14 = write void @_ssdm_op_Write.ap_auto.i45P0A, i45 %memory_in_local_283_load_out, i45 %memory_in_local_283_load" [top_wrapper.cpp:14]   --->   Operation 2092 'write' 'write_ln14' <Predicate = (icmp_ln8)> <Delay = 0.00>
ST_21 : Operation 2093 [1/1] (0.00ns)   --->   "%write_ln14 = write void @_ssdm_op_Write.ap_auto.i45P0A, i45 %memory_in_local_282_load_out, i45 %memory_in_local_282_load" [top_wrapper.cpp:14]   --->   Operation 2093 'write' 'write_ln14' <Predicate = (icmp_ln8)> <Delay = 0.00>
ST_21 : Operation 2094 [1/1] (0.00ns)   --->   "%write_ln14 = write void @_ssdm_op_Write.ap_auto.i45P0A, i45 %memory_in_local_281_load_out, i45 %memory_in_local_281_load" [top_wrapper.cpp:14]   --->   Operation 2094 'write' 'write_ln14' <Predicate = (icmp_ln8)> <Delay = 0.00>
ST_21 : Operation 2095 [1/1] (0.00ns)   --->   "%write_ln14 = write void @_ssdm_op_Write.ap_auto.i45P0A, i45 %memory_in_local_280_load_out, i45 %memory_in_local_280_load" [top_wrapper.cpp:14]   --->   Operation 2095 'write' 'write_ln14' <Predicate = (icmp_ln8)> <Delay = 0.00>
ST_21 : Operation 2096 [1/1] (0.00ns)   --->   "%write_ln14 = write void @_ssdm_op_Write.ap_auto.i45P0A, i45 %memory_in_local_279_load_out, i45 %memory_in_local_279_load" [top_wrapper.cpp:14]   --->   Operation 2096 'write' 'write_ln14' <Predicate = (icmp_ln8)> <Delay = 0.00>
ST_21 : Operation 2097 [1/1] (0.00ns)   --->   "%write_ln14 = write void @_ssdm_op_Write.ap_auto.i45P0A, i45 %memory_in_local_278_load_out, i45 %memory_in_local_278_load" [top_wrapper.cpp:14]   --->   Operation 2097 'write' 'write_ln14' <Predicate = (icmp_ln8)> <Delay = 0.00>
ST_21 : Operation 2098 [1/1] (0.00ns)   --->   "%write_ln14 = write void @_ssdm_op_Write.ap_auto.i45P0A, i45 %memory_in_local_277_load_out, i45 %memory_in_local_277_load" [top_wrapper.cpp:14]   --->   Operation 2098 'write' 'write_ln14' <Predicate = (icmp_ln8)> <Delay = 0.00>
ST_21 : Operation 2099 [1/1] (0.00ns)   --->   "%write_ln14 = write void @_ssdm_op_Write.ap_auto.i45P0A, i45 %memory_in_local_276_load_out, i45 %memory_in_local_276_load" [top_wrapper.cpp:14]   --->   Operation 2099 'write' 'write_ln14' <Predicate = (icmp_ln8)> <Delay = 0.00>
ST_21 : Operation 2100 [1/1] (0.00ns)   --->   "%write_ln14 = write void @_ssdm_op_Write.ap_auto.i45P0A, i45 %memory_in_local_275_load_out, i45 %memory_in_local_275_load" [top_wrapper.cpp:14]   --->   Operation 2100 'write' 'write_ln14' <Predicate = (icmp_ln8)> <Delay = 0.00>
ST_21 : Operation 2101 [1/1] (0.00ns)   --->   "%write_ln14 = write void @_ssdm_op_Write.ap_auto.i45P0A, i45 %memory_in_local_274_load_out, i45 %memory_in_local_274_load" [top_wrapper.cpp:14]   --->   Operation 2101 'write' 'write_ln14' <Predicate = (icmp_ln8)> <Delay = 0.00>
ST_21 : Operation 2102 [1/1] (0.00ns)   --->   "%write_ln14 = write void @_ssdm_op_Write.ap_auto.i45P0A, i45 %memory_in_local_273_load_out, i45 %memory_in_local_273_load" [top_wrapper.cpp:14]   --->   Operation 2102 'write' 'write_ln14' <Predicate = (icmp_ln8)> <Delay = 0.00>
ST_21 : Operation 2103 [1/1] (0.00ns)   --->   "%write_ln14 = write void @_ssdm_op_Write.ap_auto.i45P0A, i45 %memory_in_local_272_load_out, i45 %memory_in_local_272_load" [top_wrapper.cpp:14]   --->   Operation 2103 'write' 'write_ln14' <Predicate = (icmp_ln8)> <Delay = 0.00>
ST_21 : Operation 2104 [1/1] (0.00ns)   --->   "%write_ln14 = write void @_ssdm_op_Write.ap_auto.i45P0A, i45 %memory_in_local_271_load_out, i45 %memory_in_local_271_load" [top_wrapper.cpp:14]   --->   Operation 2104 'write' 'write_ln14' <Predicate = (icmp_ln8)> <Delay = 0.00>
ST_21 : Operation 2105 [1/1] (0.00ns)   --->   "%write_ln14 = write void @_ssdm_op_Write.ap_auto.i45P0A, i45 %memory_in_local_270_load_out, i45 %memory_in_local_270_load" [top_wrapper.cpp:14]   --->   Operation 2105 'write' 'write_ln14' <Predicate = (icmp_ln8)> <Delay = 0.00>
ST_21 : Operation 2106 [1/1] (0.00ns)   --->   "%write_ln14 = write void @_ssdm_op_Write.ap_auto.i45P0A, i45 %memory_in_local_269_load_out, i45 %memory_in_local_269_load" [top_wrapper.cpp:14]   --->   Operation 2106 'write' 'write_ln14' <Predicate = (icmp_ln8)> <Delay = 0.00>
ST_21 : Operation 2107 [1/1] (0.00ns)   --->   "%write_ln14 = write void @_ssdm_op_Write.ap_auto.i45P0A, i45 %memory_in_local_268_load_out, i45 %memory_in_local_268_load" [top_wrapper.cpp:14]   --->   Operation 2107 'write' 'write_ln14' <Predicate = (icmp_ln8)> <Delay = 0.00>
ST_21 : Operation 2108 [1/1] (0.00ns)   --->   "%write_ln14 = write void @_ssdm_op_Write.ap_auto.i45P0A, i45 %memory_in_local_267_load_out, i45 %memory_in_local_267_load" [top_wrapper.cpp:14]   --->   Operation 2108 'write' 'write_ln14' <Predicate = (icmp_ln8)> <Delay = 0.00>
ST_21 : Operation 2109 [1/1] (0.00ns)   --->   "%write_ln14 = write void @_ssdm_op_Write.ap_auto.i45P0A, i45 %memory_in_local_266_load_out, i45 %memory_in_local_266_load" [top_wrapper.cpp:14]   --->   Operation 2109 'write' 'write_ln14' <Predicate = (icmp_ln8)> <Delay = 0.00>
ST_21 : Operation 2110 [1/1] (0.00ns)   --->   "%write_ln14 = write void @_ssdm_op_Write.ap_auto.i45P0A, i45 %memory_in_local_265_load_out, i45 %memory_in_local_265_load" [top_wrapper.cpp:14]   --->   Operation 2110 'write' 'write_ln14' <Predicate = (icmp_ln8)> <Delay = 0.00>
ST_21 : Operation 2111 [1/1] (0.00ns)   --->   "%write_ln14 = write void @_ssdm_op_Write.ap_auto.i45P0A, i45 %memory_in_local_264_load_out, i45 %memory_in_local_264_load" [top_wrapper.cpp:14]   --->   Operation 2111 'write' 'write_ln14' <Predicate = (icmp_ln8)> <Delay = 0.00>
ST_21 : Operation 2112 [1/1] (0.00ns)   --->   "%write_ln14 = write void @_ssdm_op_Write.ap_auto.i45P0A, i45 %memory_in_local_263_load_out, i45 %memory_in_local_263_load" [top_wrapper.cpp:14]   --->   Operation 2112 'write' 'write_ln14' <Predicate = (icmp_ln8)> <Delay = 0.00>
ST_21 : Operation 2113 [1/1] (0.00ns)   --->   "%write_ln14 = write void @_ssdm_op_Write.ap_auto.i45P0A, i45 %memory_in_local_262_load_out, i45 %memory_in_local_262_load" [top_wrapper.cpp:14]   --->   Operation 2113 'write' 'write_ln14' <Predicate = (icmp_ln8)> <Delay = 0.00>
ST_21 : Operation 2114 [1/1] (0.00ns)   --->   "%write_ln14 = write void @_ssdm_op_Write.ap_auto.i45P0A, i45 %memory_in_local_261_load_out, i45 %memory_in_local_261_load" [top_wrapper.cpp:14]   --->   Operation 2114 'write' 'write_ln14' <Predicate = (icmp_ln8)> <Delay = 0.00>
ST_21 : Operation 2115 [1/1] (0.00ns)   --->   "%write_ln14 = write void @_ssdm_op_Write.ap_auto.i45P0A, i45 %memory_in_local_260_load_out, i45 %memory_in_local_260_load" [top_wrapper.cpp:14]   --->   Operation 2115 'write' 'write_ln14' <Predicate = (icmp_ln8)> <Delay = 0.00>
ST_21 : Operation 2116 [1/1] (0.00ns)   --->   "%write_ln14 = write void @_ssdm_op_Write.ap_auto.i45P0A, i45 %memory_in_local_259_load_out, i45 %memory_in_local_259_load" [top_wrapper.cpp:14]   --->   Operation 2116 'write' 'write_ln14' <Predicate = (icmp_ln8)> <Delay = 0.00>
ST_21 : Operation 2117 [1/1] (0.00ns)   --->   "%write_ln14 = write void @_ssdm_op_Write.ap_auto.i45P0A, i45 %memory_in_local_258_load_out, i45 %memory_in_local_258_load" [top_wrapper.cpp:14]   --->   Operation 2117 'write' 'write_ln14' <Predicate = (icmp_ln8)> <Delay = 0.00>
ST_21 : Operation 2118 [1/1] (0.00ns)   --->   "%write_ln14 = write void @_ssdm_op_Write.ap_auto.i45P0A, i45 %memory_in_local_257_load_out, i45 %memory_in_local_257_load" [top_wrapper.cpp:14]   --->   Operation 2118 'write' 'write_ln14' <Predicate = (icmp_ln8)> <Delay = 0.00>
ST_21 : Operation 2119 [1/1] (0.00ns)   --->   "%write_ln14 = write void @_ssdm_op_Write.ap_auto.i45P0A, i45 %memory_in_local_256_load_out, i45 %memory_in_local_256_load" [top_wrapper.cpp:14]   --->   Operation 2119 'write' 'write_ln14' <Predicate = (icmp_ln8)> <Delay = 0.00>
ST_21 : Operation 2120 [1/1] (0.00ns)   --->   "%write_ln14 = write void @_ssdm_op_Write.ap_auto.i45P0A, i45 %memory_in_local_255_load_out, i45 %memory_in_local_255_load" [top_wrapper.cpp:14]   --->   Operation 2120 'write' 'write_ln14' <Predicate = (icmp_ln8)> <Delay = 0.00>
ST_21 : Operation 2121 [1/1] (0.00ns)   --->   "%write_ln14 = write void @_ssdm_op_Write.ap_auto.i45P0A, i45 %memory_in_local_254_load_out, i45 %memory_in_local_254_load" [top_wrapper.cpp:14]   --->   Operation 2121 'write' 'write_ln14' <Predicate = (icmp_ln8)> <Delay = 0.00>
ST_21 : Operation 2122 [1/1] (0.00ns)   --->   "%write_ln14 = write void @_ssdm_op_Write.ap_auto.i45P0A, i45 %memory_in_local_253_load_out, i45 %memory_in_local_253_load" [top_wrapper.cpp:14]   --->   Operation 2122 'write' 'write_ln14' <Predicate = (icmp_ln8)> <Delay = 0.00>
ST_21 : Operation 2123 [1/1] (0.00ns)   --->   "%write_ln14 = write void @_ssdm_op_Write.ap_auto.i45P0A, i45 %memory_in_local_252_load_out, i45 %memory_in_local_252_load" [top_wrapper.cpp:14]   --->   Operation 2123 'write' 'write_ln14' <Predicate = (icmp_ln8)> <Delay = 0.00>
ST_21 : Operation 2124 [1/1] (0.00ns)   --->   "%write_ln14 = write void @_ssdm_op_Write.ap_auto.i45P0A, i45 %memory_in_local_251_load_out, i45 %memory_in_local_251_load" [top_wrapper.cpp:14]   --->   Operation 2124 'write' 'write_ln14' <Predicate = (icmp_ln8)> <Delay = 0.00>
ST_21 : Operation 2125 [1/1] (0.00ns)   --->   "%write_ln14 = write void @_ssdm_op_Write.ap_auto.i45P0A, i45 %memory_in_local_250_load_out, i45 %memory_in_local_250_load" [top_wrapper.cpp:14]   --->   Operation 2125 'write' 'write_ln14' <Predicate = (icmp_ln8)> <Delay = 0.00>
ST_21 : Operation 2126 [1/1] (0.00ns)   --->   "%write_ln14 = write void @_ssdm_op_Write.ap_auto.i45P0A, i45 %memory_in_local_249_load_out, i45 %memory_in_local_249_load" [top_wrapper.cpp:14]   --->   Operation 2126 'write' 'write_ln14' <Predicate = (icmp_ln8)> <Delay = 0.00>
ST_21 : Operation 2127 [1/1] (0.00ns)   --->   "%write_ln14 = write void @_ssdm_op_Write.ap_auto.i45P0A, i45 %memory_in_local_248_load_out, i45 %memory_in_local_248_load" [top_wrapper.cpp:14]   --->   Operation 2127 'write' 'write_ln14' <Predicate = (icmp_ln8)> <Delay = 0.00>
ST_21 : Operation 2128 [1/1] (0.00ns)   --->   "%write_ln14 = write void @_ssdm_op_Write.ap_auto.i45P0A, i45 %memory_in_local_247_load_out, i45 %memory_in_local_247_load" [top_wrapper.cpp:14]   --->   Operation 2128 'write' 'write_ln14' <Predicate = (icmp_ln8)> <Delay = 0.00>
ST_21 : Operation 2129 [1/1] (0.00ns)   --->   "%write_ln14 = write void @_ssdm_op_Write.ap_auto.i45P0A, i45 %memory_in_local_246_load_out, i45 %memory_in_local_246_load" [top_wrapper.cpp:14]   --->   Operation 2129 'write' 'write_ln14' <Predicate = (icmp_ln8)> <Delay = 0.00>
ST_21 : Operation 2130 [1/1] (0.00ns)   --->   "%write_ln14 = write void @_ssdm_op_Write.ap_auto.i45P0A, i45 %memory_in_local_245_load_out, i45 %memory_in_local_245_load" [top_wrapper.cpp:14]   --->   Operation 2130 'write' 'write_ln14' <Predicate = (icmp_ln8)> <Delay = 0.00>
ST_21 : Operation 2131 [1/1] (0.00ns)   --->   "%write_ln14 = write void @_ssdm_op_Write.ap_auto.i45P0A, i45 %memory_in_local_244_load_out, i45 %memory_in_local_244_load" [top_wrapper.cpp:14]   --->   Operation 2131 'write' 'write_ln14' <Predicate = (icmp_ln8)> <Delay = 0.00>
ST_21 : Operation 2132 [1/1] (0.00ns)   --->   "%write_ln14 = write void @_ssdm_op_Write.ap_auto.i45P0A, i45 %memory_in_local_243_load_out, i45 %memory_in_local_243_load" [top_wrapper.cpp:14]   --->   Operation 2132 'write' 'write_ln14' <Predicate = (icmp_ln8)> <Delay = 0.00>
ST_21 : Operation 2133 [1/1] (0.00ns)   --->   "%write_ln14 = write void @_ssdm_op_Write.ap_auto.i45P0A, i45 %memory_in_local_242_load_out, i45 %memory_in_local_242_load" [top_wrapper.cpp:14]   --->   Operation 2133 'write' 'write_ln14' <Predicate = (icmp_ln8)> <Delay = 0.00>
ST_21 : Operation 2134 [1/1] (0.00ns)   --->   "%write_ln14 = write void @_ssdm_op_Write.ap_auto.i45P0A, i45 %memory_in_local_241_load_out, i45 %memory_in_local_241_load" [top_wrapper.cpp:14]   --->   Operation 2134 'write' 'write_ln14' <Predicate = (icmp_ln8)> <Delay = 0.00>
ST_21 : Operation 2135 [1/1] (0.00ns)   --->   "%write_ln14 = write void @_ssdm_op_Write.ap_auto.i45P0A, i45 %memory_in_local_240_load_out, i45 %memory_in_local_240_load" [top_wrapper.cpp:14]   --->   Operation 2135 'write' 'write_ln14' <Predicate = (icmp_ln8)> <Delay = 0.00>
ST_21 : Operation 2136 [1/1] (0.00ns)   --->   "%write_ln14 = write void @_ssdm_op_Write.ap_auto.i45P0A, i45 %memory_in_local_239_load_out, i45 %memory_in_local_239_load" [top_wrapper.cpp:14]   --->   Operation 2136 'write' 'write_ln14' <Predicate = (icmp_ln8)> <Delay = 0.00>
ST_21 : Operation 2137 [1/1] (0.00ns)   --->   "%write_ln14 = write void @_ssdm_op_Write.ap_auto.i45P0A, i45 %memory_in_local_238_load_out, i45 %memory_in_local_238_load" [top_wrapper.cpp:14]   --->   Operation 2137 'write' 'write_ln14' <Predicate = (icmp_ln8)> <Delay = 0.00>
ST_21 : Operation 2138 [1/1] (0.00ns)   --->   "%write_ln14 = write void @_ssdm_op_Write.ap_auto.i45P0A, i45 %memory_in_local_237_load_out, i45 %memory_in_local_237_load" [top_wrapper.cpp:14]   --->   Operation 2138 'write' 'write_ln14' <Predicate = (icmp_ln8)> <Delay = 0.00>
ST_21 : Operation 2139 [1/1] (0.00ns)   --->   "%write_ln14 = write void @_ssdm_op_Write.ap_auto.i45P0A, i45 %memory_in_local_236_load_out, i45 %memory_in_local_236_load" [top_wrapper.cpp:14]   --->   Operation 2139 'write' 'write_ln14' <Predicate = (icmp_ln8)> <Delay = 0.00>
ST_21 : Operation 2140 [1/1] (0.00ns)   --->   "%write_ln14 = write void @_ssdm_op_Write.ap_auto.i45P0A, i45 %memory_in_local_235_load_out, i45 %memory_in_local_235_load" [top_wrapper.cpp:14]   --->   Operation 2140 'write' 'write_ln14' <Predicate = (icmp_ln8)> <Delay = 0.00>
ST_21 : Operation 2141 [1/1] (0.00ns)   --->   "%write_ln14 = write void @_ssdm_op_Write.ap_auto.i45P0A, i45 %memory_in_local_234_load_out, i45 %memory_in_local_234_load" [top_wrapper.cpp:14]   --->   Operation 2141 'write' 'write_ln14' <Predicate = (icmp_ln8)> <Delay = 0.00>
ST_21 : Operation 2142 [1/1] (0.00ns)   --->   "%write_ln14 = write void @_ssdm_op_Write.ap_auto.i45P0A, i45 %memory_in_local_233_load_out, i45 %memory_in_local_233_load" [top_wrapper.cpp:14]   --->   Operation 2142 'write' 'write_ln14' <Predicate = (icmp_ln8)> <Delay = 0.00>
ST_21 : Operation 2143 [1/1] (0.00ns)   --->   "%write_ln14 = write void @_ssdm_op_Write.ap_auto.i45P0A, i45 %memory_in_local_232_load_out, i45 %memory_in_local_232_load" [top_wrapper.cpp:14]   --->   Operation 2143 'write' 'write_ln14' <Predicate = (icmp_ln8)> <Delay = 0.00>
ST_21 : Operation 2144 [1/1] (0.00ns)   --->   "%write_ln14 = write void @_ssdm_op_Write.ap_auto.i45P0A, i45 %memory_in_local_231_load_out, i45 %memory_in_local_231_load" [top_wrapper.cpp:14]   --->   Operation 2144 'write' 'write_ln14' <Predicate = (icmp_ln8)> <Delay = 0.00>
ST_21 : Operation 2145 [1/1] (0.00ns)   --->   "%write_ln14 = write void @_ssdm_op_Write.ap_auto.i45P0A, i45 %memory_in_local_230_load_out, i45 %memory_in_local_230_load" [top_wrapper.cpp:14]   --->   Operation 2145 'write' 'write_ln14' <Predicate = (icmp_ln8)> <Delay = 0.00>
ST_21 : Operation 2146 [1/1] (0.00ns)   --->   "%write_ln14 = write void @_ssdm_op_Write.ap_auto.i45P0A, i45 %memory_in_local_229_load_out, i45 %memory_in_local_229_load" [top_wrapper.cpp:14]   --->   Operation 2146 'write' 'write_ln14' <Predicate = (icmp_ln8)> <Delay = 0.00>
ST_21 : Operation 2147 [1/1] (0.00ns)   --->   "%write_ln14 = write void @_ssdm_op_Write.ap_auto.i45P0A, i45 %memory_in_local_228_load_out, i45 %memory_in_local_228_load" [top_wrapper.cpp:14]   --->   Operation 2147 'write' 'write_ln14' <Predicate = (icmp_ln8)> <Delay = 0.00>
ST_21 : Operation 2148 [1/1] (0.00ns)   --->   "%write_ln14 = write void @_ssdm_op_Write.ap_auto.i45P0A, i45 %memory_in_local_227_load_out, i45 %memory_in_local_227_load" [top_wrapper.cpp:14]   --->   Operation 2148 'write' 'write_ln14' <Predicate = (icmp_ln8)> <Delay = 0.00>
ST_21 : Operation 2149 [1/1] (0.00ns)   --->   "%write_ln14 = write void @_ssdm_op_Write.ap_auto.i45P0A, i45 %memory_in_local_226_load_out, i45 %memory_in_local_226_load" [top_wrapper.cpp:14]   --->   Operation 2149 'write' 'write_ln14' <Predicate = (icmp_ln8)> <Delay = 0.00>
ST_21 : Operation 2150 [1/1] (0.00ns)   --->   "%write_ln14 = write void @_ssdm_op_Write.ap_auto.i45P0A, i45 %memory_in_local_225_load_out, i45 %memory_in_local_225_load" [top_wrapper.cpp:14]   --->   Operation 2150 'write' 'write_ln14' <Predicate = (icmp_ln8)> <Delay = 0.00>
ST_21 : Operation 2151 [1/1] (0.00ns)   --->   "%write_ln14 = write void @_ssdm_op_Write.ap_auto.i45P0A, i45 %memory_in_local_224_load_out, i45 %memory_in_local_224_load" [top_wrapper.cpp:14]   --->   Operation 2151 'write' 'write_ln14' <Predicate = (icmp_ln8)> <Delay = 0.00>
ST_21 : Operation 2152 [1/1] (0.00ns)   --->   "%write_ln14 = write void @_ssdm_op_Write.ap_auto.i45P0A, i45 %memory_in_local_223_load_out, i45 %memory_in_local_223_load" [top_wrapper.cpp:14]   --->   Operation 2152 'write' 'write_ln14' <Predicate = (icmp_ln8)> <Delay = 0.00>
ST_21 : Operation 2153 [1/1] (0.00ns)   --->   "%write_ln14 = write void @_ssdm_op_Write.ap_auto.i45P0A, i45 %memory_in_local_222_load_out, i45 %memory_in_local_222_load" [top_wrapper.cpp:14]   --->   Operation 2153 'write' 'write_ln14' <Predicate = (icmp_ln8)> <Delay = 0.00>
ST_21 : Operation 2154 [1/1] (0.00ns)   --->   "%write_ln14 = write void @_ssdm_op_Write.ap_auto.i45P0A, i45 %memory_in_local_221_load_out, i45 %memory_in_local_221_load" [top_wrapper.cpp:14]   --->   Operation 2154 'write' 'write_ln14' <Predicate = (icmp_ln8)> <Delay = 0.00>
ST_21 : Operation 2155 [1/1] (0.00ns)   --->   "%write_ln14 = write void @_ssdm_op_Write.ap_auto.i45P0A, i45 %memory_in_local_220_load_out, i45 %memory_in_local_220_load" [top_wrapper.cpp:14]   --->   Operation 2155 'write' 'write_ln14' <Predicate = (icmp_ln8)> <Delay = 0.00>
ST_21 : Operation 2156 [1/1] (0.00ns)   --->   "%write_ln14 = write void @_ssdm_op_Write.ap_auto.i45P0A, i45 %memory_in_local_219_load_out, i45 %memory_in_local_219_load" [top_wrapper.cpp:14]   --->   Operation 2156 'write' 'write_ln14' <Predicate = (icmp_ln8)> <Delay = 0.00>
ST_21 : Operation 2157 [1/1] (0.00ns)   --->   "%write_ln14 = write void @_ssdm_op_Write.ap_auto.i45P0A, i45 %memory_in_local_218_load_out, i45 %memory_in_local_218_load" [top_wrapper.cpp:14]   --->   Operation 2157 'write' 'write_ln14' <Predicate = (icmp_ln8)> <Delay = 0.00>
ST_21 : Operation 2158 [1/1] (0.00ns)   --->   "%write_ln14 = write void @_ssdm_op_Write.ap_auto.i45P0A, i45 %memory_in_local_217_load_out, i45 %memory_in_local_217_load" [top_wrapper.cpp:14]   --->   Operation 2158 'write' 'write_ln14' <Predicate = (icmp_ln8)> <Delay = 0.00>
ST_21 : Operation 2159 [1/1] (0.00ns)   --->   "%write_ln14 = write void @_ssdm_op_Write.ap_auto.i45P0A, i45 %memory_in_local_216_load_out, i45 %memory_in_local_216_load" [top_wrapper.cpp:14]   --->   Operation 2159 'write' 'write_ln14' <Predicate = (icmp_ln8)> <Delay = 0.00>
ST_21 : Operation 2160 [1/1] (0.00ns)   --->   "%write_ln14 = write void @_ssdm_op_Write.ap_auto.i45P0A, i45 %memory_in_local_215_load_out, i45 %memory_in_local_215_load" [top_wrapper.cpp:14]   --->   Operation 2160 'write' 'write_ln14' <Predicate = (icmp_ln8)> <Delay = 0.00>
ST_21 : Operation 2161 [1/1] (0.00ns)   --->   "%write_ln14 = write void @_ssdm_op_Write.ap_auto.i45P0A, i45 %memory_in_local_214_load_out, i45 %memory_in_local_214_load" [top_wrapper.cpp:14]   --->   Operation 2161 'write' 'write_ln14' <Predicate = (icmp_ln8)> <Delay = 0.00>
ST_21 : Operation 2162 [1/1] (0.00ns)   --->   "%write_ln14 = write void @_ssdm_op_Write.ap_auto.i45P0A, i45 %memory_in_local_213_load_out, i45 %memory_in_local_213_load" [top_wrapper.cpp:14]   --->   Operation 2162 'write' 'write_ln14' <Predicate = (icmp_ln8)> <Delay = 0.00>
ST_21 : Operation 2163 [1/1] (0.00ns)   --->   "%write_ln14 = write void @_ssdm_op_Write.ap_auto.i45P0A, i45 %memory_in_local_212_load_out, i45 %memory_in_local_212_load" [top_wrapper.cpp:14]   --->   Operation 2163 'write' 'write_ln14' <Predicate = (icmp_ln8)> <Delay = 0.00>
ST_21 : Operation 2164 [1/1] (0.00ns)   --->   "%write_ln14 = write void @_ssdm_op_Write.ap_auto.i45P0A, i45 %memory_in_local_211_load_out, i45 %memory_in_local_211_load" [top_wrapper.cpp:14]   --->   Operation 2164 'write' 'write_ln14' <Predicate = (icmp_ln8)> <Delay = 0.00>
ST_21 : Operation 2165 [1/1] (0.00ns)   --->   "%write_ln14 = write void @_ssdm_op_Write.ap_auto.i45P0A, i45 %memory_in_local_210_load_out, i45 %memory_in_local_210_load" [top_wrapper.cpp:14]   --->   Operation 2165 'write' 'write_ln14' <Predicate = (icmp_ln8)> <Delay = 0.00>
ST_21 : Operation 2166 [1/1] (0.00ns)   --->   "%write_ln14 = write void @_ssdm_op_Write.ap_auto.i45P0A, i45 %memory_in_local_209_load_out, i45 %memory_in_local_209_load" [top_wrapper.cpp:14]   --->   Operation 2166 'write' 'write_ln14' <Predicate = (icmp_ln8)> <Delay = 0.00>
ST_21 : Operation 2167 [1/1] (0.00ns)   --->   "%write_ln14 = write void @_ssdm_op_Write.ap_auto.i45P0A, i45 %memory_in_local_208_load_out, i45 %memory_in_local_208_load" [top_wrapper.cpp:14]   --->   Operation 2167 'write' 'write_ln14' <Predicate = (icmp_ln8)> <Delay = 0.00>
ST_21 : Operation 2168 [1/1] (0.00ns)   --->   "%write_ln14 = write void @_ssdm_op_Write.ap_auto.i45P0A, i45 %memory_in_local_207_load_out, i45 %memory_in_local_207_load" [top_wrapper.cpp:14]   --->   Operation 2168 'write' 'write_ln14' <Predicate = (icmp_ln8)> <Delay = 0.00>
ST_21 : Operation 2169 [1/1] (0.00ns)   --->   "%write_ln14 = write void @_ssdm_op_Write.ap_auto.i45P0A, i45 %memory_in_local_206_load_out, i45 %memory_in_local_206_load" [top_wrapper.cpp:14]   --->   Operation 2169 'write' 'write_ln14' <Predicate = (icmp_ln8)> <Delay = 0.00>
ST_21 : Operation 2170 [1/1] (0.00ns)   --->   "%write_ln14 = write void @_ssdm_op_Write.ap_auto.i45P0A, i45 %memory_in_local_205_load_out, i45 %memory_in_local_205_load" [top_wrapper.cpp:14]   --->   Operation 2170 'write' 'write_ln14' <Predicate = (icmp_ln8)> <Delay = 0.00>
ST_21 : Operation 2171 [1/1] (0.00ns)   --->   "%write_ln14 = write void @_ssdm_op_Write.ap_auto.i45P0A, i45 %memory_in_local_204_load_out, i45 %memory_in_local_204_load" [top_wrapper.cpp:14]   --->   Operation 2171 'write' 'write_ln14' <Predicate = (icmp_ln8)> <Delay = 0.00>
ST_21 : Operation 2172 [1/1] (0.00ns)   --->   "%write_ln14 = write void @_ssdm_op_Write.ap_auto.i45P0A, i45 %memory_in_local_203_load_out, i45 %memory_in_local_203_load" [top_wrapper.cpp:14]   --->   Operation 2172 'write' 'write_ln14' <Predicate = (icmp_ln8)> <Delay = 0.00>
ST_21 : Operation 2173 [1/1] (0.00ns)   --->   "%write_ln14 = write void @_ssdm_op_Write.ap_auto.i45P0A, i45 %memory_in_local_202_load_out, i45 %memory_in_local_202_load" [top_wrapper.cpp:14]   --->   Operation 2173 'write' 'write_ln14' <Predicate = (icmp_ln8)> <Delay = 0.00>
ST_21 : Operation 2174 [1/1] (0.00ns)   --->   "%write_ln14 = write void @_ssdm_op_Write.ap_auto.i45P0A, i45 %memory_in_local_201_load_out, i45 %memory_in_local_201_load" [top_wrapper.cpp:14]   --->   Operation 2174 'write' 'write_ln14' <Predicate = (icmp_ln8)> <Delay = 0.00>
ST_21 : Operation 2175 [1/1] (0.00ns)   --->   "%write_ln14 = write void @_ssdm_op_Write.ap_auto.i45P0A, i45 %memory_in_local_200_load_out, i45 %memory_in_local_200_load" [top_wrapper.cpp:14]   --->   Operation 2175 'write' 'write_ln14' <Predicate = (icmp_ln8)> <Delay = 0.00>
ST_21 : Operation 2176 [1/1] (0.00ns)   --->   "%write_ln14 = write void @_ssdm_op_Write.ap_auto.i45P0A, i45 %memory_in_local_199_load_out, i45 %memory_in_local_199_load" [top_wrapper.cpp:14]   --->   Operation 2176 'write' 'write_ln14' <Predicate = (icmp_ln8)> <Delay = 0.00>
ST_21 : Operation 2177 [1/1] (0.00ns)   --->   "%write_ln14 = write void @_ssdm_op_Write.ap_auto.i45P0A, i45 %memory_in_local_198_load_out, i45 %memory_in_local_198_load" [top_wrapper.cpp:14]   --->   Operation 2177 'write' 'write_ln14' <Predicate = (icmp_ln8)> <Delay = 0.00>
ST_21 : Operation 2178 [1/1] (0.00ns)   --->   "%write_ln14 = write void @_ssdm_op_Write.ap_auto.i45P0A, i45 %memory_in_local_197_load_out, i45 %memory_in_local_197_load" [top_wrapper.cpp:14]   --->   Operation 2178 'write' 'write_ln14' <Predicate = (icmp_ln8)> <Delay = 0.00>
ST_21 : Operation 2179 [1/1] (0.00ns)   --->   "%write_ln14 = write void @_ssdm_op_Write.ap_auto.i45P0A, i45 %memory_in_local_196_load_out, i45 %memory_in_local_196_load" [top_wrapper.cpp:14]   --->   Operation 2179 'write' 'write_ln14' <Predicate = (icmp_ln8)> <Delay = 0.00>
ST_21 : Operation 2180 [1/1] (0.00ns)   --->   "%write_ln14 = write void @_ssdm_op_Write.ap_auto.i45P0A, i45 %memory_in_local_195_load_out, i45 %memory_in_local_195_load" [top_wrapper.cpp:14]   --->   Operation 2180 'write' 'write_ln14' <Predicate = (icmp_ln8)> <Delay = 0.00>
ST_21 : Operation 2181 [1/1] (0.00ns)   --->   "%write_ln14 = write void @_ssdm_op_Write.ap_auto.i45P0A, i45 %memory_in_local_194_load_out, i45 %memory_in_local_194_load" [top_wrapper.cpp:14]   --->   Operation 2181 'write' 'write_ln14' <Predicate = (icmp_ln8)> <Delay = 0.00>
ST_21 : Operation 2182 [1/1] (0.00ns)   --->   "%write_ln14 = write void @_ssdm_op_Write.ap_auto.i45P0A, i45 %memory_in_local_193_load_out, i45 %memory_in_local_193_load" [top_wrapper.cpp:14]   --->   Operation 2182 'write' 'write_ln14' <Predicate = (icmp_ln8)> <Delay = 0.00>
ST_21 : Operation 2183 [1/1] (0.00ns)   --->   "%write_ln14 = write void @_ssdm_op_Write.ap_auto.i45P0A, i45 %memory_in_local_192_load_out, i45 %memory_in_local_192_load" [top_wrapper.cpp:14]   --->   Operation 2183 'write' 'write_ln14' <Predicate = (icmp_ln8)> <Delay = 0.00>
ST_21 : Operation 2184 [1/1] (0.00ns)   --->   "%write_ln14 = write void @_ssdm_op_Write.ap_auto.i45P0A, i45 %memory_in_local_191_load_out, i45 %memory_in_local_191_load" [top_wrapper.cpp:14]   --->   Operation 2184 'write' 'write_ln14' <Predicate = (icmp_ln8)> <Delay = 0.00>
ST_21 : Operation 2185 [1/1] (0.00ns)   --->   "%write_ln14 = write void @_ssdm_op_Write.ap_auto.i45P0A, i45 %memory_in_local_190_load_out, i45 %memory_in_local_190_load" [top_wrapper.cpp:14]   --->   Operation 2185 'write' 'write_ln14' <Predicate = (icmp_ln8)> <Delay = 0.00>
ST_21 : Operation 2186 [1/1] (0.00ns)   --->   "%write_ln14 = write void @_ssdm_op_Write.ap_auto.i45P0A, i45 %memory_in_local_189_load_out, i45 %memory_in_local_189_load" [top_wrapper.cpp:14]   --->   Operation 2186 'write' 'write_ln14' <Predicate = (icmp_ln8)> <Delay = 0.00>
ST_21 : Operation 2187 [1/1] (0.00ns)   --->   "%write_ln14 = write void @_ssdm_op_Write.ap_auto.i45P0A, i45 %memory_in_local_188_load_out, i45 %memory_in_local_188_load" [top_wrapper.cpp:14]   --->   Operation 2187 'write' 'write_ln14' <Predicate = (icmp_ln8)> <Delay = 0.00>
ST_21 : Operation 2188 [1/1] (0.00ns)   --->   "%write_ln14 = write void @_ssdm_op_Write.ap_auto.i45P0A, i45 %memory_in_local_187_load_out, i45 %memory_in_local_187_load" [top_wrapper.cpp:14]   --->   Operation 2188 'write' 'write_ln14' <Predicate = (icmp_ln8)> <Delay = 0.00>
ST_21 : Operation 2189 [1/1] (0.00ns)   --->   "%write_ln14 = write void @_ssdm_op_Write.ap_auto.i45P0A, i45 %memory_in_local_186_load_out, i45 %memory_in_local_186_load" [top_wrapper.cpp:14]   --->   Operation 2189 'write' 'write_ln14' <Predicate = (icmp_ln8)> <Delay = 0.00>
ST_21 : Operation 2190 [1/1] (0.00ns)   --->   "%write_ln14 = write void @_ssdm_op_Write.ap_auto.i45P0A, i45 %memory_in_local_185_load_out, i45 %memory_in_local_185_load" [top_wrapper.cpp:14]   --->   Operation 2190 'write' 'write_ln14' <Predicate = (icmp_ln8)> <Delay = 0.00>
ST_21 : Operation 2191 [1/1] (0.00ns)   --->   "%write_ln14 = write void @_ssdm_op_Write.ap_auto.i45P0A, i45 %memory_in_local_184_load_out, i45 %memory_in_local_184_load" [top_wrapper.cpp:14]   --->   Operation 2191 'write' 'write_ln14' <Predicate = (icmp_ln8)> <Delay = 0.00>
ST_21 : Operation 2192 [1/1] (0.00ns)   --->   "%write_ln14 = write void @_ssdm_op_Write.ap_auto.i45P0A, i45 %memory_in_local_183_load_out, i45 %memory_in_local_183_load" [top_wrapper.cpp:14]   --->   Operation 2192 'write' 'write_ln14' <Predicate = (icmp_ln8)> <Delay = 0.00>
ST_21 : Operation 2193 [1/1] (0.00ns)   --->   "%write_ln14 = write void @_ssdm_op_Write.ap_auto.i45P0A, i45 %memory_in_local_182_load_out, i45 %memory_in_local_182_load" [top_wrapper.cpp:14]   --->   Operation 2193 'write' 'write_ln14' <Predicate = (icmp_ln8)> <Delay = 0.00>
ST_21 : Operation 2194 [1/1] (0.00ns)   --->   "%write_ln14 = write void @_ssdm_op_Write.ap_auto.i45P0A, i45 %memory_in_local_181_load_out, i45 %memory_in_local_181_load" [top_wrapper.cpp:14]   --->   Operation 2194 'write' 'write_ln14' <Predicate = (icmp_ln8)> <Delay = 0.00>
ST_21 : Operation 2195 [1/1] (0.00ns)   --->   "%write_ln14 = write void @_ssdm_op_Write.ap_auto.i45P0A, i45 %memory_in_local_180_load_out, i45 %memory_in_local_180_load" [top_wrapper.cpp:14]   --->   Operation 2195 'write' 'write_ln14' <Predicate = (icmp_ln8)> <Delay = 0.00>
ST_21 : Operation 2196 [1/1] (0.00ns)   --->   "%write_ln14 = write void @_ssdm_op_Write.ap_auto.i45P0A, i45 %memory_in_local_179_load_out, i45 %memory_in_local_179_load" [top_wrapper.cpp:14]   --->   Operation 2196 'write' 'write_ln14' <Predicate = (icmp_ln8)> <Delay = 0.00>
ST_21 : Operation 2197 [1/1] (0.00ns)   --->   "%write_ln14 = write void @_ssdm_op_Write.ap_auto.i45P0A, i45 %memory_in_local_178_load_out, i45 %memory_in_local_178_load" [top_wrapper.cpp:14]   --->   Operation 2197 'write' 'write_ln14' <Predicate = (icmp_ln8)> <Delay = 0.00>
ST_21 : Operation 2198 [1/1] (0.00ns)   --->   "%write_ln14 = write void @_ssdm_op_Write.ap_auto.i45P0A, i45 %memory_in_local_177_load_out, i45 %memory_in_local_177_load" [top_wrapper.cpp:14]   --->   Operation 2198 'write' 'write_ln14' <Predicate = (icmp_ln8)> <Delay = 0.00>
ST_21 : Operation 2199 [1/1] (0.00ns)   --->   "%write_ln14 = write void @_ssdm_op_Write.ap_auto.i45P0A, i45 %memory_in_local_176_load_out, i45 %memory_in_local_176_load" [top_wrapper.cpp:14]   --->   Operation 2199 'write' 'write_ln14' <Predicate = (icmp_ln8)> <Delay = 0.00>
ST_21 : Operation 2200 [1/1] (0.00ns)   --->   "%write_ln14 = write void @_ssdm_op_Write.ap_auto.i45P0A, i45 %memory_in_local_175_load_out, i45 %memory_in_local_175_load" [top_wrapper.cpp:14]   --->   Operation 2200 'write' 'write_ln14' <Predicate = (icmp_ln8)> <Delay = 0.00>
ST_21 : Operation 2201 [1/1] (0.00ns)   --->   "%write_ln14 = write void @_ssdm_op_Write.ap_auto.i45P0A, i45 %memory_in_local_174_load_out, i45 %memory_in_local_174_load" [top_wrapper.cpp:14]   --->   Operation 2201 'write' 'write_ln14' <Predicate = (icmp_ln8)> <Delay = 0.00>
ST_21 : Operation 2202 [1/1] (0.00ns)   --->   "%write_ln14 = write void @_ssdm_op_Write.ap_auto.i45P0A, i45 %memory_in_local_173_load_out, i45 %memory_in_local_173_load" [top_wrapper.cpp:14]   --->   Operation 2202 'write' 'write_ln14' <Predicate = (icmp_ln8)> <Delay = 0.00>
ST_21 : Operation 2203 [1/1] (0.00ns)   --->   "%write_ln14 = write void @_ssdm_op_Write.ap_auto.i45P0A, i45 %memory_in_local_172_load_out, i45 %memory_in_local_172_load" [top_wrapper.cpp:14]   --->   Operation 2203 'write' 'write_ln14' <Predicate = (icmp_ln8)> <Delay = 0.00>
ST_21 : Operation 2204 [1/1] (0.00ns)   --->   "%write_ln14 = write void @_ssdm_op_Write.ap_auto.i45P0A, i45 %memory_in_local_171_load_out, i45 %memory_in_local_171_load" [top_wrapper.cpp:14]   --->   Operation 2204 'write' 'write_ln14' <Predicate = (icmp_ln8)> <Delay = 0.00>
ST_21 : Operation 2205 [1/1] (0.00ns)   --->   "%write_ln14 = write void @_ssdm_op_Write.ap_auto.i45P0A, i45 %memory_in_local_170_load_out, i45 %memory_in_local_170_load" [top_wrapper.cpp:14]   --->   Operation 2205 'write' 'write_ln14' <Predicate = (icmp_ln8)> <Delay = 0.00>
ST_21 : Operation 2206 [1/1] (0.00ns)   --->   "%write_ln14 = write void @_ssdm_op_Write.ap_auto.i45P0A, i45 %memory_in_local_169_load_out, i45 %memory_in_local_169_load" [top_wrapper.cpp:14]   --->   Operation 2206 'write' 'write_ln14' <Predicate = (icmp_ln8)> <Delay = 0.00>
ST_21 : Operation 2207 [1/1] (0.00ns)   --->   "%write_ln14 = write void @_ssdm_op_Write.ap_auto.i45P0A, i45 %memory_in_local_168_load_out, i45 %memory_in_local_168_load" [top_wrapper.cpp:14]   --->   Operation 2207 'write' 'write_ln14' <Predicate = (icmp_ln8)> <Delay = 0.00>
ST_21 : Operation 2208 [1/1] (0.00ns)   --->   "%write_ln14 = write void @_ssdm_op_Write.ap_auto.i45P0A, i45 %memory_in_local_167_load_out, i45 %memory_in_local_167_load" [top_wrapper.cpp:14]   --->   Operation 2208 'write' 'write_ln14' <Predicate = (icmp_ln8)> <Delay = 0.00>
ST_21 : Operation 2209 [1/1] (0.00ns)   --->   "%write_ln14 = write void @_ssdm_op_Write.ap_auto.i45P0A, i45 %memory_in_local_166_load_out, i45 %memory_in_local_166_load" [top_wrapper.cpp:14]   --->   Operation 2209 'write' 'write_ln14' <Predicate = (icmp_ln8)> <Delay = 0.00>
ST_21 : Operation 2210 [1/1] (0.00ns)   --->   "%write_ln14 = write void @_ssdm_op_Write.ap_auto.i45P0A, i45 %memory_in_local_165_load_out, i45 %memory_in_local_165_load" [top_wrapper.cpp:14]   --->   Operation 2210 'write' 'write_ln14' <Predicate = (icmp_ln8)> <Delay = 0.00>
ST_21 : Operation 2211 [1/1] (0.00ns)   --->   "%write_ln14 = write void @_ssdm_op_Write.ap_auto.i45P0A, i45 %memory_in_local_164_load_out, i45 %memory_in_local_164_load" [top_wrapper.cpp:14]   --->   Operation 2211 'write' 'write_ln14' <Predicate = (icmp_ln8)> <Delay = 0.00>
ST_21 : Operation 2212 [1/1] (0.00ns)   --->   "%write_ln14 = write void @_ssdm_op_Write.ap_auto.i45P0A, i45 %memory_in_local_163_load_out, i45 %memory_in_local_163_load" [top_wrapper.cpp:14]   --->   Operation 2212 'write' 'write_ln14' <Predicate = (icmp_ln8)> <Delay = 0.00>
ST_21 : Operation 2213 [1/1] (0.00ns)   --->   "%write_ln14 = write void @_ssdm_op_Write.ap_auto.i45P0A, i45 %memory_in_local_162_load_out, i45 %memory_in_local_162_load" [top_wrapper.cpp:14]   --->   Operation 2213 'write' 'write_ln14' <Predicate = (icmp_ln8)> <Delay = 0.00>
ST_21 : Operation 2214 [1/1] (0.00ns)   --->   "%write_ln14 = write void @_ssdm_op_Write.ap_auto.i45P0A, i45 %memory_in_local_161_load_out, i45 %memory_in_local_161_load" [top_wrapper.cpp:14]   --->   Operation 2214 'write' 'write_ln14' <Predicate = (icmp_ln8)> <Delay = 0.00>
ST_21 : Operation 2215 [1/1] (0.00ns)   --->   "%write_ln14 = write void @_ssdm_op_Write.ap_auto.i45P0A, i45 %memory_in_local_160_load_out, i45 %memory_in_local_160_load" [top_wrapper.cpp:14]   --->   Operation 2215 'write' 'write_ln14' <Predicate = (icmp_ln8)> <Delay = 0.00>
ST_21 : Operation 2216 [1/1] (0.00ns)   --->   "%write_ln14 = write void @_ssdm_op_Write.ap_auto.i45P0A, i45 %memory_in_local_159_load_out, i45 %memory_in_local_159_load" [top_wrapper.cpp:14]   --->   Operation 2216 'write' 'write_ln14' <Predicate = (icmp_ln8)> <Delay = 0.00>
ST_21 : Operation 2217 [1/1] (0.00ns)   --->   "%write_ln14 = write void @_ssdm_op_Write.ap_auto.i45P0A, i45 %memory_in_local_158_load_out, i45 %memory_in_local_158_load" [top_wrapper.cpp:14]   --->   Operation 2217 'write' 'write_ln14' <Predicate = (icmp_ln8)> <Delay = 0.00>
ST_21 : Operation 2218 [1/1] (0.00ns)   --->   "%write_ln14 = write void @_ssdm_op_Write.ap_auto.i45P0A, i45 %memory_in_local_157_load_out, i45 %memory_in_local_157_load" [top_wrapper.cpp:14]   --->   Operation 2218 'write' 'write_ln14' <Predicate = (icmp_ln8)> <Delay = 0.00>
ST_21 : Operation 2219 [1/1] (0.00ns)   --->   "%write_ln14 = write void @_ssdm_op_Write.ap_auto.i45P0A, i45 %memory_in_local_156_load_out, i45 %memory_in_local_156_load" [top_wrapper.cpp:14]   --->   Operation 2219 'write' 'write_ln14' <Predicate = (icmp_ln8)> <Delay = 0.00>
ST_21 : Operation 2220 [1/1] (0.00ns)   --->   "%write_ln14 = write void @_ssdm_op_Write.ap_auto.i45P0A, i45 %memory_in_local_155_load_out, i45 %memory_in_local_155_load" [top_wrapper.cpp:14]   --->   Operation 2220 'write' 'write_ln14' <Predicate = (icmp_ln8)> <Delay = 0.00>
ST_21 : Operation 2221 [1/1] (0.00ns)   --->   "%write_ln14 = write void @_ssdm_op_Write.ap_auto.i45P0A, i45 %memory_in_local_154_load_out, i45 %memory_in_local_154_load" [top_wrapper.cpp:14]   --->   Operation 2221 'write' 'write_ln14' <Predicate = (icmp_ln8)> <Delay = 0.00>
ST_21 : Operation 2222 [1/1] (0.00ns)   --->   "%write_ln14 = write void @_ssdm_op_Write.ap_auto.i45P0A, i45 %memory_in_local_153_load_out, i45 %memory_in_local_153_load" [top_wrapper.cpp:14]   --->   Operation 2222 'write' 'write_ln14' <Predicate = (icmp_ln8)> <Delay = 0.00>
ST_21 : Operation 2223 [1/1] (0.00ns)   --->   "%write_ln14 = write void @_ssdm_op_Write.ap_auto.i45P0A, i45 %memory_in_local_152_load_out, i45 %memory_in_local_152_load" [top_wrapper.cpp:14]   --->   Operation 2223 'write' 'write_ln14' <Predicate = (icmp_ln8)> <Delay = 0.00>
ST_21 : Operation 2224 [1/1] (0.00ns)   --->   "%write_ln14 = write void @_ssdm_op_Write.ap_auto.i45P0A, i45 %memory_in_local_151_load_out, i45 %memory_in_local_151_load" [top_wrapper.cpp:14]   --->   Operation 2224 'write' 'write_ln14' <Predicate = (icmp_ln8)> <Delay = 0.00>
ST_21 : Operation 2225 [1/1] (0.00ns)   --->   "%write_ln14 = write void @_ssdm_op_Write.ap_auto.i45P0A, i45 %memory_in_local_150_load_out, i45 %memory_in_local_150_load" [top_wrapper.cpp:14]   --->   Operation 2225 'write' 'write_ln14' <Predicate = (icmp_ln8)> <Delay = 0.00>
ST_21 : Operation 2226 [1/1] (0.00ns)   --->   "%write_ln14 = write void @_ssdm_op_Write.ap_auto.i45P0A, i45 %memory_in_local_149_load_out, i45 %memory_in_local_149_load" [top_wrapper.cpp:14]   --->   Operation 2226 'write' 'write_ln14' <Predicate = (icmp_ln8)> <Delay = 0.00>
ST_21 : Operation 2227 [1/1] (0.00ns)   --->   "%write_ln14 = write void @_ssdm_op_Write.ap_auto.i45P0A, i45 %memory_in_local_148_load_out, i45 %memory_in_local_148_load" [top_wrapper.cpp:14]   --->   Operation 2227 'write' 'write_ln14' <Predicate = (icmp_ln8)> <Delay = 0.00>
ST_21 : Operation 2228 [1/1] (0.00ns)   --->   "%write_ln14 = write void @_ssdm_op_Write.ap_auto.i45P0A, i45 %memory_in_local_147_load_out, i45 %memory_in_local_147_load" [top_wrapper.cpp:14]   --->   Operation 2228 'write' 'write_ln14' <Predicate = (icmp_ln8)> <Delay = 0.00>
ST_21 : Operation 2229 [1/1] (0.00ns)   --->   "%write_ln14 = write void @_ssdm_op_Write.ap_auto.i45P0A, i45 %memory_in_local_146_load_out, i45 %memory_in_local_146_load" [top_wrapper.cpp:14]   --->   Operation 2229 'write' 'write_ln14' <Predicate = (icmp_ln8)> <Delay = 0.00>
ST_21 : Operation 2230 [1/1] (0.00ns)   --->   "%write_ln14 = write void @_ssdm_op_Write.ap_auto.i45P0A, i45 %memory_in_local_145_load_out, i45 %memory_in_local_145_load" [top_wrapper.cpp:14]   --->   Operation 2230 'write' 'write_ln14' <Predicate = (icmp_ln8)> <Delay = 0.00>
ST_21 : Operation 2231 [1/1] (0.00ns)   --->   "%write_ln14 = write void @_ssdm_op_Write.ap_auto.i45P0A, i45 %memory_in_local_144_load_out, i45 %memory_in_local_144_load" [top_wrapper.cpp:14]   --->   Operation 2231 'write' 'write_ln14' <Predicate = (icmp_ln8)> <Delay = 0.00>
ST_21 : Operation 2232 [1/1] (0.00ns)   --->   "%write_ln14 = write void @_ssdm_op_Write.ap_auto.i45P0A, i45 %memory_in_local_143_load_out, i45 %memory_in_local_143_load" [top_wrapper.cpp:14]   --->   Operation 2232 'write' 'write_ln14' <Predicate = (icmp_ln8)> <Delay = 0.00>
ST_21 : Operation 2233 [1/1] (0.00ns)   --->   "%write_ln14 = write void @_ssdm_op_Write.ap_auto.i45P0A, i45 %memory_in_local_142_load_out, i45 %memory_in_local_142_load" [top_wrapper.cpp:14]   --->   Operation 2233 'write' 'write_ln14' <Predicate = (icmp_ln8)> <Delay = 0.00>
ST_21 : Operation 2234 [1/1] (0.00ns)   --->   "%write_ln14 = write void @_ssdm_op_Write.ap_auto.i45P0A, i45 %memory_in_local_141_load_out, i45 %memory_in_local_141_load" [top_wrapper.cpp:14]   --->   Operation 2234 'write' 'write_ln14' <Predicate = (icmp_ln8)> <Delay = 0.00>
ST_21 : Operation 2235 [1/1] (0.00ns)   --->   "%write_ln14 = write void @_ssdm_op_Write.ap_auto.i45P0A, i45 %memory_in_local_140_load_out, i45 %memory_in_local_140_load" [top_wrapper.cpp:14]   --->   Operation 2235 'write' 'write_ln14' <Predicate = (icmp_ln8)> <Delay = 0.00>
ST_21 : Operation 2236 [1/1] (0.00ns)   --->   "%write_ln14 = write void @_ssdm_op_Write.ap_auto.i45P0A, i45 %memory_in_local_139_load_out, i45 %memory_in_local_139_load" [top_wrapper.cpp:14]   --->   Operation 2236 'write' 'write_ln14' <Predicate = (icmp_ln8)> <Delay = 0.00>
ST_21 : Operation 2237 [1/1] (0.00ns)   --->   "%write_ln14 = write void @_ssdm_op_Write.ap_auto.i45P0A, i45 %memory_in_local_138_load_out, i45 %memory_in_local_138_load" [top_wrapper.cpp:14]   --->   Operation 2237 'write' 'write_ln14' <Predicate = (icmp_ln8)> <Delay = 0.00>
ST_21 : Operation 2238 [1/1] (0.00ns)   --->   "%write_ln14 = write void @_ssdm_op_Write.ap_auto.i45P0A, i45 %memory_in_local_137_load_out, i45 %memory_in_local_137_load" [top_wrapper.cpp:14]   --->   Operation 2238 'write' 'write_ln14' <Predicate = (icmp_ln8)> <Delay = 0.00>
ST_21 : Operation 2239 [1/1] (0.00ns)   --->   "%write_ln14 = write void @_ssdm_op_Write.ap_auto.i45P0A, i45 %memory_in_local_136_load_out, i45 %memory_in_local_136_load" [top_wrapper.cpp:14]   --->   Operation 2239 'write' 'write_ln14' <Predicate = (icmp_ln8)> <Delay = 0.00>
ST_21 : Operation 2240 [1/1] (0.00ns)   --->   "%write_ln14 = write void @_ssdm_op_Write.ap_auto.i45P0A, i45 %memory_in_local_135_load_out, i45 %memory_in_local_135_load" [top_wrapper.cpp:14]   --->   Operation 2240 'write' 'write_ln14' <Predicate = (icmp_ln8)> <Delay = 0.00>
ST_21 : Operation 2241 [1/1] (0.00ns)   --->   "%write_ln14 = write void @_ssdm_op_Write.ap_auto.i45P0A, i45 %memory_in_local_134_load_out, i45 %memory_in_local_134_load" [top_wrapper.cpp:14]   --->   Operation 2241 'write' 'write_ln14' <Predicate = (icmp_ln8)> <Delay = 0.00>
ST_21 : Operation 2242 [1/1] (0.00ns)   --->   "%write_ln14 = write void @_ssdm_op_Write.ap_auto.i45P0A, i45 %memory_in_local_133_load_out, i45 %memory_in_local_133_load" [top_wrapper.cpp:14]   --->   Operation 2242 'write' 'write_ln14' <Predicate = (icmp_ln8)> <Delay = 0.00>
ST_21 : Operation 2243 [1/1] (0.00ns)   --->   "%write_ln14 = write void @_ssdm_op_Write.ap_auto.i45P0A, i45 %memory_in_local_132_load_out, i45 %memory_in_local_132_load" [top_wrapper.cpp:14]   --->   Operation 2243 'write' 'write_ln14' <Predicate = (icmp_ln8)> <Delay = 0.00>
ST_21 : Operation 2244 [1/1] (0.00ns)   --->   "%write_ln14 = write void @_ssdm_op_Write.ap_auto.i45P0A, i45 %memory_in_local_131_load_out, i45 %memory_in_local_131_load" [top_wrapper.cpp:14]   --->   Operation 2244 'write' 'write_ln14' <Predicate = (icmp_ln8)> <Delay = 0.00>
ST_21 : Operation 2245 [1/1] (0.00ns)   --->   "%write_ln14 = write void @_ssdm_op_Write.ap_auto.i45P0A, i45 %memory_in_local_130_load_out, i45 %memory_in_local_130_load" [top_wrapper.cpp:14]   --->   Operation 2245 'write' 'write_ln14' <Predicate = (icmp_ln8)> <Delay = 0.00>
ST_21 : Operation 2246 [1/1] (0.00ns)   --->   "%write_ln14 = write void @_ssdm_op_Write.ap_auto.i45P0A, i45 %memory_in_local_129_load_out, i45 %memory_in_local_129_load" [top_wrapper.cpp:14]   --->   Operation 2246 'write' 'write_ln14' <Predicate = (icmp_ln8)> <Delay = 0.00>
ST_21 : Operation 2247 [1/1] (0.00ns)   --->   "%write_ln14 = write void @_ssdm_op_Write.ap_auto.i45P0A, i45 %memory_in_local_128_load_out, i45 %memory_in_local_128_load" [top_wrapper.cpp:14]   --->   Operation 2247 'write' 'write_ln14' <Predicate = (icmp_ln8)> <Delay = 0.00>
ST_21 : Operation 2248 [1/1] (0.00ns)   --->   "%write_ln14 = write void @_ssdm_op_Write.ap_auto.i45P0A, i45 %memory_in_local_127_load_out, i45 %memory_in_local_127_load" [top_wrapper.cpp:14]   --->   Operation 2248 'write' 'write_ln14' <Predicate = (icmp_ln8)> <Delay = 0.00>
ST_21 : Operation 2249 [1/1] (0.00ns)   --->   "%write_ln14 = write void @_ssdm_op_Write.ap_auto.i45P0A, i45 %memory_in_local_126_load_out, i45 %memory_in_local_126_load" [top_wrapper.cpp:14]   --->   Operation 2249 'write' 'write_ln14' <Predicate = (icmp_ln8)> <Delay = 0.00>
ST_21 : Operation 2250 [1/1] (0.00ns)   --->   "%write_ln14 = write void @_ssdm_op_Write.ap_auto.i45P0A, i45 %memory_in_local_125_load_out, i45 %memory_in_local_125_load" [top_wrapper.cpp:14]   --->   Operation 2250 'write' 'write_ln14' <Predicate = (icmp_ln8)> <Delay = 0.00>
ST_21 : Operation 2251 [1/1] (0.00ns)   --->   "%write_ln14 = write void @_ssdm_op_Write.ap_auto.i45P0A, i45 %memory_in_local_124_load_out, i45 %memory_in_local_124_load" [top_wrapper.cpp:14]   --->   Operation 2251 'write' 'write_ln14' <Predicate = (icmp_ln8)> <Delay = 0.00>
ST_21 : Operation 2252 [1/1] (0.00ns)   --->   "%write_ln14 = write void @_ssdm_op_Write.ap_auto.i45P0A, i45 %memory_in_local_123_load_out, i45 %memory_in_local_123_load" [top_wrapper.cpp:14]   --->   Operation 2252 'write' 'write_ln14' <Predicate = (icmp_ln8)> <Delay = 0.00>
ST_21 : Operation 2253 [1/1] (0.00ns)   --->   "%write_ln14 = write void @_ssdm_op_Write.ap_auto.i45P0A, i45 %memory_in_local_122_load_out, i45 %memory_in_local_122_load" [top_wrapper.cpp:14]   --->   Operation 2253 'write' 'write_ln14' <Predicate = (icmp_ln8)> <Delay = 0.00>
ST_21 : Operation 2254 [1/1] (0.00ns)   --->   "%write_ln14 = write void @_ssdm_op_Write.ap_auto.i45P0A, i45 %memory_in_local_121_load_out, i45 %memory_in_local_121_load" [top_wrapper.cpp:14]   --->   Operation 2254 'write' 'write_ln14' <Predicate = (icmp_ln8)> <Delay = 0.00>
ST_21 : Operation 2255 [1/1] (0.00ns)   --->   "%write_ln14 = write void @_ssdm_op_Write.ap_auto.i45P0A, i45 %memory_in_local_120_load_out, i45 %memory_in_local_120_load" [top_wrapper.cpp:14]   --->   Operation 2255 'write' 'write_ln14' <Predicate = (icmp_ln8)> <Delay = 0.00>
ST_21 : Operation 2256 [1/1] (0.00ns)   --->   "%write_ln14 = write void @_ssdm_op_Write.ap_auto.i45P0A, i45 %memory_in_local_119_load_out, i45 %memory_in_local_119_load" [top_wrapper.cpp:14]   --->   Operation 2256 'write' 'write_ln14' <Predicate = (icmp_ln8)> <Delay = 0.00>
ST_21 : Operation 2257 [1/1] (0.00ns)   --->   "%write_ln14 = write void @_ssdm_op_Write.ap_auto.i45P0A, i45 %memory_in_local_118_load_out, i45 %memory_in_local_118_load" [top_wrapper.cpp:14]   --->   Operation 2257 'write' 'write_ln14' <Predicate = (icmp_ln8)> <Delay = 0.00>
ST_21 : Operation 2258 [1/1] (0.00ns)   --->   "%write_ln14 = write void @_ssdm_op_Write.ap_auto.i45P0A, i45 %memory_in_local_117_load_out, i45 %memory_in_local_117_load" [top_wrapper.cpp:14]   --->   Operation 2258 'write' 'write_ln14' <Predicate = (icmp_ln8)> <Delay = 0.00>
ST_21 : Operation 2259 [1/1] (0.00ns)   --->   "%write_ln14 = write void @_ssdm_op_Write.ap_auto.i45P0A, i45 %memory_in_local_116_load_out, i45 %memory_in_local_116_load" [top_wrapper.cpp:14]   --->   Operation 2259 'write' 'write_ln14' <Predicate = (icmp_ln8)> <Delay = 0.00>
ST_21 : Operation 2260 [1/1] (0.00ns)   --->   "%write_ln14 = write void @_ssdm_op_Write.ap_auto.i45P0A, i45 %memory_in_local_115_load_out, i45 %memory_in_local_115_load" [top_wrapper.cpp:14]   --->   Operation 2260 'write' 'write_ln14' <Predicate = (icmp_ln8)> <Delay = 0.00>
ST_21 : Operation 2261 [1/1] (0.00ns)   --->   "%write_ln14 = write void @_ssdm_op_Write.ap_auto.i45P0A, i45 %memory_in_local_114_load_out, i45 %memory_in_local_114_load" [top_wrapper.cpp:14]   --->   Operation 2261 'write' 'write_ln14' <Predicate = (icmp_ln8)> <Delay = 0.00>
ST_21 : Operation 2262 [1/1] (0.00ns)   --->   "%write_ln14 = write void @_ssdm_op_Write.ap_auto.i45P0A, i45 %memory_in_local_113_load_out, i45 %memory_in_local_113_load" [top_wrapper.cpp:14]   --->   Operation 2262 'write' 'write_ln14' <Predicate = (icmp_ln8)> <Delay = 0.00>
ST_21 : Operation 2263 [1/1] (0.00ns)   --->   "%write_ln14 = write void @_ssdm_op_Write.ap_auto.i45P0A, i45 %memory_in_local_112_load_out, i45 %memory_in_local_112_load" [top_wrapper.cpp:14]   --->   Operation 2263 'write' 'write_ln14' <Predicate = (icmp_ln8)> <Delay = 0.00>
ST_21 : Operation 2264 [1/1] (0.00ns)   --->   "%write_ln14 = write void @_ssdm_op_Write.ap_auto.i45P0A, i45 %memory_in_local_111_load_out, i45 %memory_in_local_111_load" [top_wrapper.cpp:14]   --->   Operation 2264 'write' 'write_ln14' <Predicate = (icmp_ln8)> <Delay = 0.00>
ST_21 : Operation 2265 [1/1] (0.00ns)   --->   "%write_ln14 = write void @_ssdm_op_Write.ap_auto.i45P0A, i45 %memory_in_local_110_load_out, i45 %memory_in_local_110_load" [top_wrapper.cpp:14]   --->   Operation 2265 'write' 'write_ln14' <Predicate = (icmp_ln8)> <Delay = 0.00>
ST_21 : Operation 2266 [1/1] (0.00ns)   --->   "%write_ln14 = write void @_ssdm_op_Write.ap_auto.i45P0A, i45 %memory_in_local_109_load_out, i45 %memory_in_local_109_load" [top_wrapper.cpp:14]   --->   Operation 2266 'write' 'write_ln14' <Predicate = (icmp_ln8)> <Delay = 0.00>
ST_21 : Operation 2267 [1/1] (0.00ns)   --->   "%write_ln14 = write void @_ssdm_op_Write.ap_auto.i45P0A, i45 %memory_in_local_108_load_out, i45 %memory_in_local_108_load" [top_wrapper.cpp:14]   --->   Operation 2267 'write' 'write_ln14' <Predicate = (icmp_ln8)> <Delay = 0.00>
ST_21 : Operation 2268 [1/1] (0.00ns)   --->   "%write_ln14 = write void @_ssdm_op_Write.ap_auto.i45P0A, i45 %memory_in_local_107_load_out, i45 %memory_in_local_107_load" [top_wrapper.cpp:14]   --->   Operation 2268 'write' 'write_ln14' <Predicate = (icmp_ln8)> <Delay = 0.00>
ST_21 : Operation 2269 [1/1] (0.00ns)   --->   "%write_ln14 = write void @_ssdm_op_Write.ap_auto.i45P0A, i45 %memory_in_local_106_load_out, i45 %memory_in_local_106_load" [top_wrapper.cpp:14]   --->   Operation 2269 'write' 'write_ln14' <Predicate = (icmp_ln8)> <Delay = 0.00>
ST_21 : Operation 2270 [1/1] (0.00ns)   --->   "%write_ln14 = write void @_ssdm_op_Write.ap_auto.i45P0A, i45 %memory_in_local_105_load_out, i45 %memory_in_local_105_load" [top_wrapper.cpp:14]   --->   Operation 2270 'write' 'write_ln14' <Predicate = (icmp_ln8)> <Delay = 0.00>
ST_21 : Operation 2271 [1/1] (0.00ns)   --->   "%write_ln14 = write void @_ssdm_op_Write.ap_auto.i45P0A, i45 %memory_in_local_104_load_out, i45 %memory_in_local_104_load" [top_wrapper.cpp:14]   --->   Operation 2271 'write' 'write_ln14' <Predicate = (icmp_ln8)> <Delay = 0.00>
ST_21 : Operation 2272 [1/1] (0.00ns)   --->   "%write_ln14 = write void @_ssdm_op_Write.ap_auto.i45P0A, i45 %memory_in_local_103_load_out, i45 %memory_in_local_103_load" [top_wrapper.cpp:14]   --->   Operation 2272 'write' 'write_ln14' <Predicate = (icmp_ln8)> <Delay = 0.00>
ST_21 : Operation 2273 [1/1] (0.00ns)   --->   "%write_ln14 = write void @_ssdm_op_Write.ap_auto.i45P0A, i45 %memory_in_local_102_load_out, i45 %memory_in_local_102_load" [top_wrapper.cpp:14]   --->   Operation 2273 'write' 'write_ln14' <Predicate = (icmp_ln8)> <Delay = 0.00>
ST_21 : Operation 2274 [1/1] (0.00ns)   --->   "%write_ln14 = write void @_ssdm_op_Write.ap_auto.i45P0A, i45 %memory_in_local_101_load_out, i45 %memory_in_local_101_load" [top_wrapper.cpp:14]   --->   Operation 2274 'write' 'write_ln14' <Predicate = (icmp_ln8)> <Delay = 0.00>
ST_21 : Operation 2275 [1/1] (0.00ns)   --->   "%write_ln14 = write void @_ssdm_op_Write.ap_auto.i45P0A, i45 %memory_in_local_100_load_out, i45 %memory_in_local_100_load" [top_wrapper.cpp:14]   --->   Operation 2275 'write' 'write_ln14' <Predicate = (icmp_ln8)> <Delay = 0.00>
ST_21 : Operation 2276 [1/1] (0.00ns)   --->   "%write_ln14 = write void @_ssdm_op_Write.ap_auto.i45P0A, i45 %memory_in_local_99_load_out, i45 %memory_in_local_99_load" [top_wrapper.cpp:14]   --->   Operation 2276 'write' 'write_ln14' <Predicate = (icmp_ln8)> <Delay = 0.00>
ST_21 : Operation 2277 [1/1] (0.00ns)   --->   "%write_ln14 = write void @_ssdm_op_Write.ap_auto.i45P0A, i45 %memory_in_local_98_load_out, i45 %memory_in_local_98_load" [top_wrapper.cpp:14]   --->   Operation 2277 'write' 'write_ln14' <Predicate = (icmp_ln8)> <Delay = 0.00>
ST_21 : Operation 2278 [1/1] (0.00ns)   --->   "%write_ln14 = write void @_ssdm_op_Write.ap_auto.i45P0A, i45 %memory_in_local_97_load_out, i45 %memory_in_local_97_load" [top_wrapper.cpp:14]   --->   Operation 2278 'write' 'write_ln14' <Predicate = (icmp_ln8)> <Delay = 0.00>
ST_21 : Operation 2279 [1/1] (0.00ns)   --->   "%write_ln14 = write void @_ssdm_op_Write.ap_auto.i45P0A, i45 %memory_in_local_96_load_out, i45 %memory_in_local_96_load" [top_wrapper.cpp:14]   --->   Operation 2279 'write' 'write_ln14' <Predicate = (icmp_ln8)> <Delay = 0.00>
ST_21 : Operation 2280 [1/1] (0.00ns)   --->   "%write_ln14 = write void @_ssdm_op_Write.ap_auto.i45P0A, i45 %memory_in_local_95_load_out, i45 %memory_in_local_95_load" [top_wrapper.cpp:14]   --->   Operation 2280 'write' 'write_ln14' <Predicate = (icmp_ln8)> <Delay = 0.00>
ST_21 : Operation 2281 [1/1] (0.00ns)   --->   "%write_ln14 = write void @_ssdm_op_Write.ap_auto.i45P0A, i45 %memory_in_local_94_load_out, i45 %memory_in_local_94_load" [top_wrapper.cpp:14]   --->   Operation 2281 'write' 'write_ln14' <Predicate = (icmp_ln8)> <Delay = 0.00>
ST_21 : Operation 2282 [1/1] (0.00ns)   --->   "%write_ln14 = write void @_ssdm_op_Write.ap_auto.i45P0A, i45 %memory_in_local_93_load_out, i45 %memory_in_local_93_load" [top_wrapper.cpp:14]   --->   Operation 2282 'write' 'write_ln14' <Predicate = (icmp_ln8)> <Delay = 0.00>
ST_21 : Operation 2283 [1/1] (0.00ns)   --->   "%write_ln14 = write void @_ssdm_op_Write.ap_auto.i45P0A, i45 %memory_in_local_92_load_out, i45 %memory_in_local_92_load" [top_wrapper.cpp:14]   --->   Operation 2283 'write' 'write_ln14' <Predicate = (icmp_ln8)> <Delay = 0.00>
ST_21 : Operation 2284 [1/1] (0.00ns)   --->   "%write_ln14 = write void @_ssdm_op_Write.ap_auto.i45P0A, i45 %memory_in_local_91_load_out, i45 %memory_in_local_91_load" [top_wrapper.cpp:14]   --->   Operation 2284 'write' 'write_ln14' <Predicate = (icmp_ln8)> <Delay = 0.00>
ST_21 : Operation 2285 [1/1] (0.00ns)   --->   "%write_ln14 = write void @_ssdm_op_Write.ap_auto.i45P0A, i45 %memory_in_local_90_load_out, i45 %memory_in_local_90_load" [top_wrapper.cpp:14]   --->   Operation 2285 'write' 'write_ln14' <Predicate = (icmp_ln8)> <Delay = 0.00>
ST_21 : Operation 2286 [1/1] (0.00ns)   --->   "%write_ln14 = write void @_ssdm_op_Write.ap_auto.i45P0A, i45 %memory_in_local_89_load_out, i45 %memory_in_local_89_load" [top_wrapper.cpp:14]   --->   Operation 2286 'write' 'write_ln14' <Predicate = (icmp_ln8)> <Delay = 0.00>
ST_21 : Operation 2287 [1/1] (0.00ns)   --->   "%write_ln14 = write void @_ssdm_op_Write.ap_auto.i45P0A, i45 %memory_in_local_88_load_out, i45 %memory_in_local_88_load" [top_wrapper.cpp:14]   --->   Operation 2287 'write' 'write_ln14' <Predicate = (icmp_ln8)> <Delay = 0.00>
ST_21 : Operation 2288 [1/1] (0.00ns)   --->   "%write_ln14 = write void @_ssdm_op_Write.ap_auto.i45P0A, i45 %memory_in_local_87_load_out, i45 %memory_in_local_87_load" [top_wrapper.cpp:14]   --->   Operation 2288 'write' 'write_ln14' <Predicate = (icmp_ln8)> <Delay = 0.00>
ST_21 : Operation 2289 [1/1] (0.00ns)   --->   "%write_ln14 = write void @_ssdm_op_Write.ap_auto.i45P0A, i45 %memory_in_local_86_load_out, i45 %memory_in_local_86_load" [top_wrapper.cpp:14]   --->   Operation 2289 'write' 'write_ln14' <Predicate = (icmp_ln8)> <Delay = 0.00>
ST_21 : Operation 2290 [1/1] (0.00ns)   --->   "%write_ln14 = write void @_ssdm_op_Write.ap_auto.i45P0A, i45 %memory_in_local_85_load_out, i45 %memory_in_local_85_load" [top_wrapper.cpp:14]   --->   Operation 2290 'write' 'write_ln14' <Predicate = (icmp_ln8)> <Delay = 0.00>
ST_21 : Operation 2291 [1/1] (0.00ns)   --->   "%write_ln14 = write void @_ssdm_op_Write.ap_auto.i45P0A, i45 %memory_in_local_84_load_out, i45 %memory_in_local_84_load" [top_wrapper.cpp:14]   --->   Operation 2291 'write' 'write_ln14' <Predicate = (icmp_ln8)> <Delay = 0.00>
ST_21 : Operation 2292 [1/1] (0.00ns)   --->   "%write_ln14 = write void @_ssdm_op_Write.ap_auto.i45P0A, i45 %memory_in_local_83_load_out, i45 %memory_in_local_83_load" [top_wrapper.cpp:14]   --->   Operation 2292 'write' 'write_ln14' <Predicate = (icmp_ln8)> <Delay = 0.00>
ST_21 : Operation 2293 [1/1] (0.00ns)   --->   "%write_ln14 = write void @_ssdm_op_Write.ap_auto.i45P0A, i45 %memory_in_local_82_load_out, i45 %memory_in_local_82_load" [top_wrapper.cpp:14]   --->   Operation 2293 'write' 'write_ln14' <Predicate = (icmp_ln8)> <Delay = 0.00>
ST_21 : Operation 2294 [1/1] (0.00ns)   --->   "%write_ln14 = write void @_ssdm_op_Write.ap_auto.i45P0A, i45 %memory_in_local_81_load_out, i45 %memory_in_local_81_load" [top_wrapper.cpp:14]   --->   Operation 2294 'write' 'write_ln14' <Predicate = (icmp_ln8)> <Delay = 0.00>
ST_21 : Operation 2295 [1/1] (0.00ns)   --->   "%write_ln14 = write void @_ssdm_op_Write.ap_auto.i45P0A, i45 %memory_in_local_80_load_out, i45 %memory_in_local_80_load" [top_wrapper.cpp:14]   --->   Operation 2295 'write' 'write_ln14' <Predicate = (icmp_ln8)> <Delay = 0.00>
ST_21 : Operation 2296 [1/1] (0.00ns)   --->   "%write_ln14 = write void @_ssdm_op_Write.ap_auto.i45P0A, i45 %memory_in_local_79_load_out, i45 %memory_in_local_79_load" [top_wrapper.cpp:14]   --->   Operation 2296 'write' 'write_ln14' <Predicate = (icmp_ln8)> <Delay = 0.00>
ST_21 : Operation 2297 [1/1] (0.00ns)   --->   "%write_ln14 = write void @_ssdm_op_Write.ap_auto.i45P0A, i45 %memory_in_local_78_load_out, i45 %memory_in_local_78_load" [top_wrapper.cpp:14]   --->   Operation 2297 'write' 'write_ln14' <Predicate = (icmp_ln8)> <Delay = 0.00>
ST_21 : Operation 2298 [1/1] (0.00ns)   --->   "%write_ln14 = write void @_ssdm_op_Write.ap_auto.i45P0A, i45 %memory_in_local_77_load_out, i45 %memory_in_local_77_load" [top_wrapper.cpp:14]   --->   Operation 2298 'write' 'write_ln14' <Predicate = (icmp_ln8)> <Delay = 0.00>
ST_21 : Operation 2299 [1/1] (0.00ns)   --->   "%write_ln14 = write void @_ssdm_op_Write.ap_auto.i45P0A, i45 %memory_in_local_76_load_out, i45 %memory_in_local_76_load" [top_wrapper.cpp:14]   --->   Operation 2299 'write' 'write_ln14' <Predicate = (icmp_ln8)> <Delay = 0.00>
ST_21 : Operation 2300 [1/1] (0.00ns)   --->   "%write_ln14 = write void @_ssdm_op_Write.ap_auto.i45P0A, i45 %memory_in_local_75_load_out, i45 %memory_in_local_75_load" [top_wrapper.cpp:14]   --->   Operation 2300 'write' 'write_ln14' <Predicate = (icmp_ln8)> <Delay = 0.00>
ST_21 : Operation 2301 [1/1] (0.00ns)   --->   "%write_ln14 = write void @_ssdm_op_Write.ap_auto.i45P0A, i45 %memory_in_local_74_load_out, i45 %memory_in_local_74_load" [top_wrapper.cpp:14]   --->   Operation 2301 'write' 'write_ln14' <Predicate = (icmp_ln8)> <Delay = 0.00>
ST_21 : Operation 2302 [1/1] (0.00ns)   --->   "%write_ln14 = write void @_ssdm_op_Write.ap_auto.i45P0A, i45 %memory_in_local_73_load_out, i45 %memory_in_local_73_load" [top_wrapper.cpp:14]   --->   Operation 2302 'write' 'write_ln14' <Predicate = (icmp_ln8)> <Delay = 0.00>
ST_21 : Operation 2303 [1/1] (0.00ns)   --->   "%write_ln14 = write void @_ssdm_op_Write.ap_auto.i45P0A, i45 %memory_in_local_72_load_out, i45 %memory_in_local_72_load" [top_wrapper.cpp:14]   --->   Operation 2303 'write' 'write_ln14' <Predicate = (icmp_ln8)> <Delay = 0.00>
ST_21 : Operation 2304 [1/1] (0.00ns)   --->   "%write_ln14 = write void @_ssdm_op_Write.ap_auto.i45P0A, i45 %memory_in_local_71_load_out, i45 %memory_in_local_71_load" [top_wrapper.cpp:14]   --->   Operation 2304 'write' 'write_ln14' <Predicate = (icmp_ln8)> <Delay = 0.00>
ST_21 : Operation 2305 [1/1] (0.00ns)   --->   "%write_ln14 = write void @_ssdm_op_Write.ap_auto.i45P0A, i45 %memory_in_local_70_load_out, i45 %memory_in_local_70_load" [top_wrapper.cpp:14]   --->   Operation 2305 'write' 'write_ln14' <Predicate = (icmp_ln8)> <Delay = 0.00>
ST_21 : Operation 2306 [1/1] (0.00ns)   --->   "%write_ln14 = write void @_ssdm_op_Write.ap_auto.i45P0A, i45 %memory_in_local_69_load_out, i45 %memory_in_local_69_load" [top_wrapper.cpp:14]   --->   Operation 2306 'write' 'write_ln14' <Predicate = (icmp_ln8)> <Delay = 0.00>
ST_21 : Operation 2307 [1/1] (0.00ns)   --->   "%write_ln14 = write void @_ssdm_op_Write.ap_auto.i45P0A, i45 %memory_in_local_68_load_out, i45 %memory_in_local_68_load" [top_wrapper.cpp:14]   --->   Operation 2307 'write' 'write_ln14' <Predicate = (icmp_ln8)> <Delay = 0.00>
ST_21 : Operation 2308 [1/1] (0.00ns)   --->   "%write_ln14 = write void @_ssdm_op_Write.ap_auto.i45P0A, i45 %memory_in_local_67_load_out, i45 %memory_in_local_67_load" [top_wrapper.cpp:14]   --->   Operation 2308 'write' 'write_ln14' <Predicate = (icmp_ln8)> <Delay = 0.00>
ST_21 : Operation 2309 [1/1] (0.00ns)   --->   "%write_ln14 = write void @_ssdm_op_Write.ap_auto.i45P0A, i45 %memory_in_local_66_load_out, i45 %memory_in_local_66_load" [top_wrapper.cpp:14]   --->   Operation 2309 'write' 'write_ln14' <Predicate = (icmp_ln8)> <Delay = 0.00>
ST_21 : Operation 2310 [1/1] (0.00ns)   --->   "%write_ln14 = write void @_ssdm_op_Write.ap_auto.i45P0A, i45 %memory_in_local_65_load_out, i45 %memory_in_local_65_load" [top_wrapper.cpp:14]   --->   Operation 2310 'write' 'write_ln14' <Predicate = (icmp_ln8)> <Delay = 0.00>
ST_21 : Operation 2311 [1/1] (0.00ns)   --->   "%write_ln14 = write void @_ssdm_op_Write.ap_auto.i45P0A, i45 %memory_in_local_64_load_out, i45 %memory_in_local_64_load" [top_wrapper.cpp:14]   --->   Operation 2311 'write' 'write_ln14' <Predicate = (icmp_ln8)> <Delay = 0.00>
ST_21 : Operation 2312 [1/1] (0.00ns)   --->   "%write_ln14 = write void @_ssdm_op_Write.ap_auto.i45P0A, i45 %memory_in_local_63_load_out, i45 %memory_in_local_63_load" [top_wrapper.cpp:14]   --->   Operation 2312 'write' 'write_ln14' <Predicate = (icmp_ln8)> <Delay = 0.00>
ST_21 : Operation 2313 [1/1] (0.00ns)   --->   "%write_ln14 = write void @_ssdm_op_Write.ap_auto.i45P0A, i45 %memory_in_local_62_load_out, i45 %memory_in_local_62_load" [top_wrapper.cpp:14]   --->   Operation 2313 'write' 'write_ln14' <Predicate = (icmp_ln8)> <Delay = 0.00>
ST_21 : Operation 2314 [1/1] (0.00ns)   --->   "%write_ln14 = write void @_ssdm_op_Write.ap_auto.i45P0A, i45 %memory_in_local_61_load_out, i45 %memory_in_local_61_load" [top_wrapper.cpp:14]   --->   Operation 2314 'write' 'write_ln14' <Predicate = (icmp_ln8)> <Delay = 0.00>
ST_21 : Operation 2315 [1/1] (0.00ns)   --->   "%write_ln14 = write void @_ssdm_op_Write.ap_auto.i45P0A, i45 %memory_in_local_60_load_out, i45 %memory_in_local_60_load" [top_wrapper.cpp:14]   --->   Operation 2315 'write' 'write_ln14' <Predicate = (icmp_ln8)> <Delay = 0.00>
ST_21 : Operation 2316 [1/1] (0.00ns)   --->   "%write_ln14 = write void @_ssdm_op_Write.ap_auto.i45P0A, i45 %memory_in_local_59_load_out, i45 %memory_in_local_59_load" [top_wrapper.cpp:14]   --->   Operation 2316 'write' 'write_ln14' <Predicate = (icmp_ln8)> <Delay = 0.00>
ST_21 : Operation 2317 [1/1] (0.00ns)   --->   "%write_ln14 = write void @_ssdm_op_Write.ap_auto.i45P0A, i45 %memory_in_local_58_load_out, i45 %memory_in_local_58_load" [top_wrapper.cpp:14]   --->   Operation 2317 'write' 'write_ln14' <Predicate = (icmp_ln8)> <Delay = 0.00>
ST_21 : Operation 2318 [1/1] (0.00ns)   --->   "%write_ln14 = write void @_ssdm_op_Write.ap_auto.i45P0A, i45 %memory_in_local_57_load_out, i45 %memory_in_local_57_load" [top_wrapper.cpp:14]   --->   Operation 2318 'write' 'write_ln14' <Predicate = (icmp_ln8)> <Delay = 0.00>
ST_21 : Operation 2319 [1/1] (0.00ns)   --->   "%write_ln14 = write void @_ssdm_op_Write.ap_auto.i45P0A, i45 %memory_in_local_56_load_out, i45 %memory_in_local_56_load" [top_wrapper.cpp:14]   --->   Operation 2319 'write' 'write_ln14' <Predicate = (icmp_ln8)> <Delay = 0.00>
ST_21 : Operation 2320 [1/1] (0.00ns)   --->   "%write_ln14 = write void @_ssdm_op_Write.ap_auto.i45P0A, i45 %memory_in_local_55_load_out, i45 %memory_in_local_55_load" [top_wrapper.cpp:14]   --->   Operation 2320 'write' 'write_ln14' <Predicate = (icmp_ln8)> <Delay = 0.00>
ST_21 : Operation 2321 [1/1] (0.00ns)   --->   "%write_ln14 = write void @_ssdm_op_Write.ap_auto.i45P0A, i45 %memory_in_local_54_load_out, i45 %memory_in_local_54_load" [top_wrapper.cpp:14]   --->   Operation 2321 'write' 'write_ln14' <Predicate = (icmp_ln8)> <Delay = 0.00>
ST_21 : Operation 2322 [1/1] (0.00ns)   --->   "%write_ln14 = write void @_ssdm_op_Write.ap_auto.i45P0A, i45 %memory_in_local_53_load_out, i45 %memory_in_local_53_load" [top_wrapper.cpp:14]   --->   Operation 2322 'write' 'write_ln14' <Predicate = (icmp_ln8)> <Delay = 0.00>
ST_21 : Operation 2323 [1/1] (0.00ns)   --->   "%write_ln14 = write void @_ssdm_op_Write.ap_auto.i45P0A, i45 %memory_in_local_52_load_out, i45 %memory_in_local_52_load" [top_wrapper.cpp:14]   --->   Operation 2323 'write' 'write_ln14' <Predicate = (icmp_ln8)> <Delay = 0.00>
ST_21 : Operation 2324 [1/1] (0.00ns)   --->   "%write_ln14 = write void @_ssdm_op_Write.ap_auto.i45P0A, i45 %memory_in_local_51_load_out, i45 %memory_in_local_51_load" [top_wrapper.cpp:14]   --->   Operation 2324 'write' 'write_ln14' <Predicate = (icmp_ln8)> <Delay = 0.00>
ST_21 : Operation 2325 [1/1] (0.00ns)   --->   "%write_ln14 = write void @_ssdm_op_Write.ap_auto.i45P0A, i45 %memory_in_local_50_load_out, i45 %memory_in_local_50_load" [top_wrapper.cpp:14]   --->   Operation 2325 'write' 'write_ln14' <Predicate = (icmp_ln8)> <Delay = 0.00>
ST_21 : Operation 2326 [1/1] (0.00ns)   --->   "%write_ln14 = write void @_ssdm_op_Write.ap_auto.i45P0A, i45 %memory_in_local_49_load_out, i45 %memory_in_local_49_load" [top_wrapper.cpp:14]   --->   Operation 2326 'write' 'write_ln14' <Predicate = (icmp_ln8)> <Delay = 0.00>
ST_21 : Operation 2327 [1/1] (0.00ns)   --->   "%write_ln14 = write void @_ssdm_op_Write.ap_auto.i45P0A, i45 %memory_in_local_48_load_out, i45 %memory_in_local_48_load" [top_wrapper.cpp:14]   --->   Operation 2327 'write' 'write_ln14' <Predicate = (icmp_ln8)> <Delay = 0.00>
ST_21 : Operation 2328 [1/1] (0.00ns)   --->   "%write_ln14 = write void @_ssdm_op_Write.ap_auto.i45P0A, i45 %memory_in_local_47_load_out, i45 %memory_in_local_47_load" [top_wrapper.cpp:14]   --->   Operation 2328 'write' 'write_ln14' <Predicate = (icmp_ln8)> <Delay = 0.00>
ST_21 : Operation 2329 [1/1] (0.00ns)   --->   "%write_ln14 = write void @_ssdm_op_Write.ap_auto.i45P0A, i45 %memory_in_local_46_load_out, i45 %memory_in_local_46_load" [top_wrapper.cpp:14]   --->   Operation 2329 'write' 'write_ln14' <Predicate = (icmp_ln8)> <Delay = 0.00>
ST_21 : Operation 2330 [1/1] (0.00ns)   --->   "%write_ln14 = write void @_ssdm_op_Write.ap_auto.i45P0A, i45 %memory_in_local_45_load_out, i45 %memory_in_local_45_load" [top_wrapper.cpp:14]   --->   Operation 2330 'write' 'write_ln14' <Predicate = (icmp_ln8)> <Delay = 0.00>
ST_21 : Operation 2331 [1/1] (0.00ns)   --->   "%write_ln14 = write void @_ssdm_op_Write.ap_auto.i45P0A, i45 %memory_in_local_44_load_out, i45 %memory_in_local_44_load" [top_wrapper.cpp:14]   --->   Operation 2331 'write' 'write_ln14' <Predicate = (icmp_ln8)> <Delay = 0.00>
ST_21 : Operation 2332 [1/1] (0.00ns)   --->   "%write_ln14 = write void @_ssdm_op_Write.ap_auto.i45P0A, i45 %memory_in_local_43_load_out, i45 %memory_in_local_43_load" [top_wrapper.cpp:14]   --->   Operation 2332 'write' 'write_ln14' <Predicate = (icmp_ln8)> <Delay = 0.00>
ST_21 : Operation 2333 [1/1] (0.00ns)   --->   "%write_ln14 = write void @_ssdm_op_Write.ap_auto.i45P0A, i45 %memory_in_local_42_load_out, i45 %memory_in_local_42_load" [top_wrapper.cpp:14]   --->   Operation 2333 'write' 'write_ln14' <Predicate = (icmp_ln8)> <Delay = 0.00>
ST_21 : Operation 2334 [1/1] (0.00ns)   --->   "%write_ln14 = write void @_ssdm_op_Write.ap_auto.i45P0A, i45 %memory_in_local_41_load_out, i45 %memory_in_local_41_load" [top_wrapper.cpp:14]   --->   Operation 2334 'write' 'write_ln14' <Predicate = (icmp_ln8)> <Delay = 0.00>
ST_21 : Operation 2335 [1/1] (0.00ns)   --->   "%write_ln14 = write void @_ssdm_op_Write.ap_auto.i45P0A, i45 %memory_in_local_40_load_out, i45 %memory_in_local_40_load" [top_wrapper.cpp:14]   --->   Operation 2335 'write' 'write_ln14' <Predicate = (icmp_ln8)> <Delay = 0.00>
ST_21 : Operation 2336 [1/1] (0.00ns)   --->   "%write_ln14 = write void @_ssdm_op_Write.ap_auto.i45P0A, i45 %memory_in_local_39_load_out, i45 %memory_in_local_39_load" [top_wrapper.cpp:14]   --->   Operation 2336 'write' 'write_ln14' <Predicate = (icmp_ln8)> <Delay = 0.00>
ST_21 : Operation 2337 [1/1] (0.00ns)   --->   "%write_ln14 = write void @_ssdm_op_Write.ap_auto.i45P0A, i45 %memory_in_local_38_load_out, i45 %memory_in_local_38_load" [top_wrapper.cpp:14]   --->   Operation 2337 'write' 'write_ln14' <Predicate = (icmp_ln8)> <Delay = 0.00>
ST_21 : Operation 2338 [1/1] (0.00ns)   --->   "%write_ln14 = write void @_ssdm_op_Write.ap_auto.i45P0A, i45 %memory_in_local_37_load_out, i45 %memory_in_local_37_load" [top_wrapper.cpp:14]   --->   Operation 2338 'write' 'write_ln14' <Predicate = (icmp_ln8)> <Delay = 0.00>
ST_21 : Operation 2339 [1/1] (0.00ns)   --->   "%write_ln14 = write void @_ssdm_op_Write.ap_auto.i45P0A, i45 %memory_in_local_36_load_out, i45 %memory_in_local_36_load" [top_wrapper.cpp:14]   --->   Operation 2339 'write' 'write_ln14' <Predicate = (icmp_ln8)> <Delay = 0.00>
ST_21 : Operation 2340 [1/1] (0.00ns)   --->   "%write_ln14 = write void @_ssdm_op_Write.ap_auto.i45P0A, i45 %memory_in_local_35_load_out, i45 %memory_in_local_35_load" [top_wrapper.cpp:14]   --->   Operation 2340 'write' 'write_ln14' <Predicate = (icmp_ln8)> <Delay = 0.00>
ST_21 : Operation 2341 [1/1] (0.00ns)   --->   "%write_ln14 = write void @_ssdm_op_Write.ap_auto.i45P0A, i45 %memory_in_local_34_load_out, i45 %memory_in_local_34_load" [top_wrapper.cpp:14]   --->   Operation 2341 'write' 'write_ln14' <Predicate = (icmp_ln8)> <Delay = 0.00>
ST_21 : Operation 2342 [1/1] (0.00ns)   --->   "%write_ln14 = write void @_ssdm_op_Write.ap_auto.i45P0A, i45 %memory_in_local_33_load_out, i45 %memory_in_local_33_load" [top_wrapper.cpp:14]   --->   Operation 2342 'write' 'write_ln14' <Predicate = (icmp_ln8)> <Delay = 0.00>
ST_21 : Operation 2343 [1/1] (0.00ns)   --->   "%write_ln14 = write void @_ssdm_op_Write.ap_auto.i45P0A, i45 %memory_in_local_32_load_out, i45 %memory_in_local_32_load" [top_wrapper.cpp:14]   --->   Operation 2343 'write' 'write_ln14' <Predicate = (icmp_ln8)> <Delay = 0.00>
ST_21 : Operation 2344 [1/1] (0.00ns)   --->   "%write_ln14 = write void @_ssdm_op_Write.ap_auto.i45P0A, i45 %memory_in_local_31_load_out, i45 %memory_in_local_31_load" [top_wrapper.cpp:14]   --->   Operation 2344 'write' 'write_ln14' <Predicate = (icmp_ln8)> <Delay = 0.00>
ST_21 : Operation 2345 [1/1] (0.00ns)   --->   "%write_ln14 = write void @_ssdm_op_Write.ap_auto.i45P0A, i45 %memory_in_local_30_load_out, i45 %memory_in_local_30_load" [top_wrapper.cpp:14]   --->   Operation 2345 'write' 'write_ln14' <Predicate = (icmp_ln8)> <Delay = 0.00>
ST_21 : Operation 2346 [1/1] (0.00ns)   --->   "%write_ln14 = write void @_ssdm_op_Write.ap_auto.i45P0A, i45 %memory_in_local_29_load_out, i45 %memory_in_local_29_load" [top_wrapper.cpp:14]   --->   Operation 2346 'write' 'write_ln14' <Predicate = (icmp_ln8)> <Delay = 0.00>
ST_21 : Operation 2347 [1/1] (0.00ns)   --->   "%write_ln14 = write void @_ssdm_op_Write.ap_auto.i45P0A, i45 %memory_in_local_28_load_out, i45 %memory_in_local_28_load" [top_wrapper.cpp:14]   --->   Operation 2347 'write' 'write_ln14' <Predicate = (icmp_ln8)> <Delay = 0.00>
ST_21 : Operation 2348 [1/1] (0.00ns)   --->   "%write_ln14 = write void @_ssdm_op_Write.ap_auto.i45P0A, i45 %memory_in_local_27_load_out, i45 %memory_in_local_27_load" [top_wrapper.cpp:14]   --->   Operation 2348 'write' 'write_ln14' <Predicate = (icmp_ln8)> <Delay = 0.00>
ST_21 : Operation 2349 [1/1] (0.00ns)   --->   "%write_ln14 = write void @_ssdm_op_Write.ap_auto.i45P0A, i45 %memory_in_local_26_load_out, i45 %memory_in_local_26_load" [top_wrapper.cpp:14]   --->   Operation 2349 'write' 'write_ln14' <Predicate = (icmp_ln8)> <Delay = 0.00>
ST_21 : Operation 2350 [1/1] (0.00ns)   --->   "%write_ln14 = write void @_ssdm_op_Write.ap_auto.i45P0A, i45 %memory_in_local_25_load_out, i45 %memory_in_local_25_load" [top_wrapper.cpp:14]   --->   Operation 2350 'write' 'write_ln14' <Predicate = (icmp_ln8)> <Delay = 0.00>
ST_21 : Operation 2351 [1/1] (0.00ns)   --->   "%write_ln14 = write void @_ssdm_op_Write.ap_auto.i45P0A, i45 %memory_in_local_24_load_out, i45 %memory_in_local_24_load" [top_wrapper.cpp:14]   --->   Operation 2351 'write' 'write_ln14' <Predicate = (icmp_ln8)> <Delay = 0.00>
ST_21 : Operation 2352 [1/1] (0.00ns)   --->   "%write_ln14 = write void @_ssdm_op_Write.ap_auto.i45P0A, i45 %memory_in_local_23_load_out, i45 %memory_in_local_23_load" [top_wrapper.cpp:14]   --->   Operation 2352 'write' 'write_ln14' <Predicate = (icmp_ln8)> <Delay = 0.00>
ST_21 : Operation 2353 [1/1] (0.00ns)   --->   "%write_ln14 = write void @_ssdm_op_Write.ap_auto.i45P0A, i45 %memory_in_local_22_load_out, i45 %memory_in_local_22_load" [top_wrapper.cpp:14]   --->   Operation 2353 'write' 'write_ln14' <Predicate = (icmp_ln8)> <Delay = 0.00>
ST_21 : Operation 2354 [1/1] (0.00ns)   --->   "%write_ln14 = write void @_ssdm_op_Write.ap_auto.i45P0A, i45 %memory_in_local_21_load_out, i45 %memory_in_local_21_load" [top_wrapper.cpp:14]   --->   Operation 2354 'write' 'write_ln14' <Predicate = (icmp_ln8)> <Delay = 0.00>
ST_21 : Operation 2355 [1/1] (0.00ns)   --->   "%write_ln14 = write void @_ssdm_op_Write.ap_auto.i45P0A, i45 %memory_in_local_20_load_out, i45 %memory_in_local_20_load" [top_wrapper.cpp:14]   --->   Operation 2355 'write' 'write_ln14' <Predicate = (icmp_ln8)> <Delay = 0.00>
ST_21 : Operation 2356 [1/1] (0.00ns)   --->   "%write_ln14 = write void @_ssdm_op_Write.ap_auto.i45P0A, i45 %memory_in_local_19_load_out, i45 %memory_in_local_19_load" [top_wrapper.cpp:14]   --->   Operation 2356 'write' 'write_ln14' <Predicate = (icmp_ln8)> <Delay = 0.00>
ST_21 : Operation 2357 [1/1] (0.00ns)   --->   "%write_ln14 = write void @_ssdm_op_Write.ap_auto.i45P0A, i45 %memory_in_local_18_load_out, i45 %memory_in_local_18_load" [top_wrapper.cpp:14]   --->   Operation 2357 'write' 'write_ln14' <Predicate = (icmp_ln8)> <Delay = 0.00>
ST_21 : Operation 2358 [1/1] (0.00ns)   --->   "%write_ln14 = write void @_ssdm_op_Write.ap_auto.i45P0A, i45 %memory_in_local_17_load_out, i45 %memory_in_local_17_load" [top_wrapper.cpp:14]   --->   Operation 2358 'write' 'write_ln14' <Predicate = (icmp_ln8)> <Delay = 0.00>
ST_21 : Operation 2359 [1/1] (0.00ns)   --->   "%write_ln14 = write void @_ssdm_op_Write.ap_auto.i45P0A, i45 %memory_in_local_16_load_out, i45 %memory_in_local_16_load" [top_wrapper.cpp:14]   --->   Operation 2359 'write' 'write_ln14' <Predicate = (icmp_ln8)> <Delay = 0.00>
ST_21 : Operation 2360 [1/1] (0.00ns)   --->   "%write_ln14 = write void @_ssdm_op_Write.ap_auto.i45P0A, i45 %memory_in_local_15_load_out, i45 %memory_in_local_15_load" [top_wrapper.cpp:14]   --->   Operation 2360 'write' 'write_ln14' <Predicate = (icmp_ln8)> <Delay = 0.00>
ST_21 : Operation 2361 [1/1] (0.00ns)   --->   "%write_ln14 = write void @_ssdm_op_Write.ap_auto.i45P0A, i45 %memory_in_local_14_load_out, i45 %memory_in_local_14_load" [top_wrapper.cpp:14]   --->   Operation 2361 'write' 'write_ln14' <Predicate = (icmp_ln8)> <Delay = 0.00>
ST_21 : Operation 2362 [1/1] (0.00ns)   --->   "%write_ln14 = write void @_ssdm_op_Write.ap_auto.i45P0A, i45 %memory_in_local_13_load_out, i45 %memory_in_local_13_load" [top_wrapper.cpp:14]   --->   Operation 2362 'write' 'write_ln14' <Predicate = (icmp_ln8)> <Delay = 0.00>
ST_21 : Operation 2363 [1/1] (0.00ns)   --->   "%write_ln14 = write void @_ssdm_op_Write.ap_auto.i45P0A, i45 %memory_in_local_12_load_out, i45 %memory_in_local_12_load" [top_wrapper.cpp:14]   --->   Operation 2363 'write' 'write_ln14' <Predicate = (icmp_ln8)> <Delay = 0.00>
ST_21 : Operation 2364 [1/1] (0.00ns)   --->   "%write_ln14 = write void @_ssdm_op_Write.ap_auto.i45P0A, i45 %memory_in_local_11_load_out, i45 %memory_in_local_11_load" [top_wrapper.cpp:14]   --->   Operation 2364 'write' 'write_ln14' <Predicate = (icmp_ln8)> <Delay = 0.00>
ST_21 : Operation 2365 [1/1] (0.00ns)   --->   "%write_ln14 = write void @_ssdm_op_Write.ap_auto.i45P0A, i45 %memory_in_local_10_load_out, i45 %memory_in_local_10_load" [top_wrapper.cpp:14]   --->   Operation 2365 'write' 'write_ln14' <Predicate = (icmp_ln8)> <Delay = 0.00>
ST_21 : Operation 2366 [1/1] (0.00ns)   --->   "%write_ln14 = write void @_ssdm_op_Write.ap_auto.i45P0A, i45 %memory_in_local_9_load_out, i45 %memory_in_local_9_load" [top_wrapper.cpp:14]   --->   Operation 2366 'write' 'write_ln14' <Predicate = (icmp_ln8)> <Delay = 0.00>
ST_21 : Operation 2367 [1/1] (0.00ns)   --->   "%write_ln14 = write void @_ssdm_op_Write.ap_auto.i45P0A, i45 %memory_in_local_8_load_out, i45 %memory_in_local_8_load" [top_wrapper.cpp:14]   --->   Operation 2367 'write' 'write_ln14' <Predicate = (icmp_ln8)> <Delay = 0.00>
ST_21 : Operation 2368 [1/1] (0.00ns)   --->   "%write_ln14 = write void @_ssdm_op_Write.ap_auto.i45P0A, i45 %memory_in_local_7_load_out, i45 %memory_in_local_7_load" [top_wrapper.cpp:14]   --->   Operation 2368 'write' 'write_ln14' <Predicate = (icmp_ln8)> <Delay = 0.00>
ST_21 : Operation 2369 [1/1] (0.00ns)   --->   "%write_ln14 = write void @_ssdm_op_Write.ap_auto.i45P0A, i45 %memory_in_local_6_load_out, i45 %memory_in_local_6_load" [top_wrapper.cpp:14]   --->   Operation 2369 'write' 'write_ln14' <Predicate = (icmp_ln8)> <Delay = 0.00>
ST_21 : Operation 2370 [1/1] (0.00ns)   --->   "%write_ln14 = write void @_ssdm_op_Write.ap_auto.i45P0A, i45 %memory_in_local_5_load_out, i45 %memory_in_local_5_load" [top_wrapper.cpp:14]   --->   Operation 2370 'write' 'write_ln14' <Predicate = (icmp_ln8)> <Delay = 0.00>
ST_21 : Operation 2371 [1/1] (0.00ns)   --->   "%write_ln14 = write void @_ssdm_op_Write.ap_auto.i45P0A, i45 %memory_in_local_4_load_out, i45 %memory_in_local_4_load" [top_wrapper.cpp:14]   --->   Operation 2371 'write' 'write_ln14' <Predicate = (icmp_ln8)> <Delay = 0.00>
ST_21 : Operation 2372 [1/1] (0.00ns)   --->   "%write_ln14 = write void @_ssdm_op_Write.ap_auto.i45P0A, i45 %memory_in_local_3_load_out, i45 %memory_in_local_3_load" [top_wrapper.cpp:14]   --->   Operation 2372 'write' 'write_ln14' <Predicate = (icmp_ln8)> <Delay = 0.00>
ST_21 : Operation 2373 [1/1] (0.00ns)   --->   "%write_ln14 = write void @_ssdm_op_Write.ap_auto.i45P0A, i45 %memory_in_local_2_load_out, i45 %memory_in_local_2_load" [top_wrapper.cpp:14]   --->   Operation 2373 'write' 'write_ln14' <Predicate = (icmp_ln8)> <Delay = 0.00>
ST_21 : Operation 2374 [1/1] (0.00ns)   --->   "%write_ln14 = write void @_ssdm_op_Write.ap_auto.i45P0A, i45 %memory_in_local_1_load_out, i45 %memory_in_local_1_load" [top_wrapper.cpp:14]   --->   Operation 2374 'write' 'write_ln14' <Predicate = (icmp_ln8)> <Delay = 0.00>
ST_21 : Operation 2375 [1/1] (0.00ns)   --->   "%write_ln14 = write void @_ssdm_op_Write.ap_auto.i45P0A, i45 %memory_in_local_load_out, i45 %memory_in_local_load" [top_wrapper.cpp:14]   --->   Operation 2375 'write' 'write_ln14' <Predicate = (icmp_ln8)> <Delay = 0.00>
ST_21 : Operation 2376 [1/1] (0.42ns)   --->   "%ret_ln0 = ret"   --->   Operation 2376 'ret' 'ret_ln0' <Predicate = (icmp_ln8)> <Delay = 0.42>


============================================================
+ Verbose Summary: Timing violations
============================================================
Target clock period: 5.000ns, clock uncertainty: 1.350ns.

 <State 1>: 2.611ns
The critical path consists of the following:
	'store' operation 0 bit ('store_ln0') of constant 0 on local variable 'i4' [911]  (0.427 ns)
	'load' operation 4 bit ('i4_load', top_wrapper.cpp:8) on local variable 'i4' [917]  (0.000 ns)
	'add' operation 4 bit ('add_ln8', top_wrapper.cpp:8) [919]  (0.797 ns)
	'select' operation 4 bit ('i', top_wrapper.cpp:8) [923]  (0.391 ns)
	'mul' operation 12 bit of DSP[929] ('mul_ln9', top_wrapper.cpp:9) [925]  (0.996 ns)

 <State 2>: 0.996ns
The critical path consists of the following:
	'mul' operation 12 bit of DSP[929] ('mul_ln9', top_wrapper.cpp:9) [925]  (0.996 ns)

 <State 3>: 0.645ns
The critical path consists of the following:
	'mul' operation 12 bit of DSP[929] ('mul_ln9', top_wrapper.cpp:9) [925]  (0.000 ns)
	'add' operation 12 bit of DSP[929] ('add_ln11_1', top_wrapper.cpp:11) [929]  (0.645 ns)

 <State 4>: 2.771ns
The critical path consists of the following:
	'add' operation 12 bit of DSP[929] ('add_ln11_1', top_wrapper.cpp:11) [929]  (0.645 ns)
	'add' operation 15 bit ('add_ln11', top_wrapper.cpp:11) [931]  (0.831 ns)
	'urem' operation 12 bit ('urem_ln11_1', top_wrapper.cpp:11) [943]  (1.295 ns)

 <State 5>: 2.417ns
The critical path consists of the following:
	'mul' operation 31 bit ('mul_ln11', top_wrapper.cpp:11) [933]  (2.417 ns)

 <State 6>: 1.340ns
The critical path consists of the following:
	'urem' operation 6 bit ('urem_ln11', top_wrapper.cpp:11) [938]  (1.340 ns)

 <State 7>: 1.340ns
The critical path consists of the following:
	'urem' operation 6 bit ('urem_ln11', top_wrapper.cpp:11) [938]  (1.340 ns)

 <State 8>: 1.340ns
The critical path consists of the following:
	'urem' operation 6 bit ('urem_ln11', top_wrapper.cpp:11) [938]  (1.340 ns)

 <State 9>: 1.340ns
The critical path consists of the following:
	'urem' operation 6 bit ('urem_ln11', top_wrapper.cpp:11) [938]  (1.340 ns)

 <State 10>: 1.340ns
The critical path consists of the following:
	'urem' operation 6 bit ('urem_ln11', top_wrapper.cpp:11) [938]  (1.340 ns)

 <State 11>: 1.340ns
The critical path consists of the following:
	'urem' operation 6 bit ('urem_ln11', top_wrapper.cpp:11) [938]  (1.340 ns)

 <State 12>: 1.340ns
The critical path consists of the following:
	'urem' operation 6 bit ('urem_ln11', top_wrapper.cpp:11) [938]  (1.340 ns)

 <State 13>: 1.340ns
The critical path consists of the following:
	'urem' operation 6 bit ('urem_ln11', top_wrapper.cpp:11) [938]  (1.340 ns)

 <State 14>: 1.340ns
The critical path consists of the following:
	'urem' operation 6 bit ('urem_ln11', top_wrapper.cpp:11) [938]  (1.340 ns)

 <State 15>: 2.121ns
The critical path consists of the following:
	'urem' operation 6 bit ('urem_ln11', top_wrapper.cpp:11) [938]  (1.340 ns)
	'add' operation 6 bit ('add_ln11_2', top_wrapper.cpp:11) [939]  (0.781 ns)

 <State 16>: 1.295ns
The critical path consists of the following:
	'urem' operation 12 bit ('urem_ln11_1', top_wrapper.cpp:11) [943]  (1.295 ns)

 <State 17>: 1.295ns
The critical path consists of the following:
	'urem' operation 12 bit ('urem_ln11_1', top_wrapper.cpp:11) [943]  (1.295 ns)

 <State 18>: 1.295ns
The critical path consists of the following:
	'urem' operation 12 bit ('urem_ln11_1', top_wrapper.cpp:11) [943]  (1.295 ns)

 <State 19>: 1.940ns
The critical path consists of the following:
	'urem' operation 12 bit ('urem_ln11_1', top_wrapper.cpp:11) [943]  (1.295 ns)
	'add' operation 12 bit of DSP[944] ('add_ln11_3', top_wrapper.cpp:11) [944]  (0.645 ns)

 <State 20>: 1.882ns
The critical path consists of the following:
	'add' operation 12 bit of DSP[944] ('add_ln11_3', top_wrapper.cpp:11) [944]  (0.645 ns)
	'getelementptr' operation 12 bit ('memory_in_addr', top_wrapper.cpp:11) [946]  (0.000 ns)
	'load' operation 45 bit ('memory_in_load', top_wrapper.cpp:11) on array 'memory_in' [947]  (1.237 ns)

 <State 21>: 1.237ns
The critical path consists of the following:
	'load' operation 45 bit ('memory_in_load', top_wrapper.cpp:11) on array 'memory_in' [947]  (1.237 ns)
	'store' operation 0 bit ('store_ln11', top_wrapper.cpp:11) of variable 'memory_in_load', top_wrapper.cpp:11 on local variable 'memory_in_local' [1146]  (0.000 ns)


============================================================
+ Verbose Summary: Binding
============================================================
N/A
* FSMD analyzer results:
  - Output states:
 - Input state : 
  - Chain level:
	State 1
	State 2
	State 3
	State 4
	State 5
	State 6
	State 7
	State 8
	State 9
	State 10
	State 11
	State 12
	State 13
	State 14
	State 15
	State 16
	State 17
	State 18
	State 19
	State 20
	State 21


============================================================
+ Verbose Summary: Datapath Resource usage 
============================================================
N/A
