

================================================================
== Vitis HLS Report for 'out_conv2mem_2_13_13_3_3_2_11_11_1_162_1_1_5_5_2_3_s'
================================================================
* Date:           Tue May 27 16:09:49 2025

* Version:        2024.2 (Build 5238294 on Nov  8 2024)
* Project:        convolution
* Solution:       solution_0 (Vivado IP Flow Target)
* Product family: zynquplus
* Target device:  xck26-sfvc784-2LV-c


================================================================
== Performance Estimates
================================================================
+ Timing: 
    * Summary: 
    +--------+---------+----------+------------+
    |  Clock |  Target | Estimated| Uncertainty|
    +--------+---------+----------+------------+
    |ap_clk  |  5.00 ns|  3.650 ns|     1.35 ns|
    +--------+---------+----------+------------+

+ Latency: 
    * Summary: 
    +---------+---------+----------+----------+-----+-----+---------+
    |  Latency (cycles) |  Latency (absolute) |  Interval | Pipeline|
    |   min   |   max   |    min   |    max   | min | max |   Type  |
    +---------+---------+----------+----------+-----+-----+---------+
    |        ?|        ?|         ?|         ?|    ?|    ?|       no|
    +---------+---------+----------+----------+-----+-----+---------+

    + Detail: 
        * Instance: 
        N/A

        * Loop: 
        +----------------------+---------+---------+----------+-----------+-----------+------+----------+
        |                      |  Latency (cycles) | Iteration|  Initiation Interval  | Trip |          |
        |       Loop Name      |   min   |   max   |  Latency |  achieved |   target  | Count| Pipelined|
        +----------------------+---------+---------+----------+-----------+-----------+------+----------+
        |- VITIS_LOOP_37_1     |        ?|        ?|         ?|          -|          -|     3|        no|
        | + VITIS_LOOP_38_2    |        ?|        ?|         ?|          -|          -|     ?|        no|
        |  ++ VITIS_LOOP_40_3  |        ?|        ?|         ?|          -|          -|     3|        no|
        +----------------------+---------+---------+----------+-----------+-----------+------+----------+

============================================================
+ Verbose Summary: Synthesis Manager
============================================================
InlineROM: 1
ExposeGlobal: 0
============================================================
+ Verbose Summary: CDFG Model
============================================================
IsTopModel: 0
ResetActiveHigh: 1
IsCombinational: 2
IsDatapathOnly: 0
HasWiredReturn: 1
HasMFsm: 0
HasVarLatency: 1
IsPipeline: 0
IsRtlPipelined: 0
IsInstanceOverlapped: 0
IsDontTouch: 0
HasImplIP: 0
IsGatedGlobalClock: 0


============================================================
+ Verbose Summary: Schedule
============================================================
* Number of FSM states : 7
* Pipeline : 0
* Dataflow Pipeline: 0

* FSM state transitions: 
1 --> 2 
2 --> 3 
3 --> 4 
4 --> 5 3 
5 --> 6 4 
6 --> 7 
7 --> 5 

* FSM state operations: 

State 1 <SV = 0> <Delay = 1.82>
ST_1 : Operation 8 [1/1] (0.00ns)   --->   "%s_ih = alloca i32 1" [top_wrapper.cpp:37->top_wrapper.cpp:129]   --->   Operation 8 'alloca' 's_ih' <Predicate = true> <Delay = 0.00>
ST_1 : Operation 9 [1/1] (0.00ns)   --->   "%s_window_h = alloca i32 1" [top_wrapper.cpp:30->top_wrapper.cpp:129]   --->   Operation 9 'alloca' 's_window_h' <Predicate = true> <Delay = 0.00>
ST_1 : Operation 10 [1/1] ( I:1.82ns O:1.82ns )   --->   "%memory_read = read i64 @_ssdm_op_Read.ap_fifo.i64P0A, i64 %memory"   --->   Operation 10 'read' 'memory_read' <Predicate = true> <Delay = 1.82> <CoreInst = "FIFO_SRL">   --->   Core 80 'FIFO_SRL' <Latency = 0> <II = 1> <Delay = 1.83> <Storage> <Opcode : 'read' 'write' 'nbread' 'nbwrite'> <Ports = 0> <Width = 64> <Depth = 4> <FIFO>
ST_1 : Operation 11 [1/1] ( I:1.82ns O:1.82ns )   --->   "%img = read i3 @_ssdm_op_Read.ap_fifo.i3P0A, i3 %img_0"   --->   Operation 11 'read' 'img' <Predicate = true> <Delay = 1.82> <CoreInst = "FIFO_SRL">   --->   Core 80 'FIFO_SRL' <Latency = 0> <II = 1> <Delay = 1.83> <Storage> <Opcode : 'read' 'write' 'nbread' 'nbwrite'> <Ports = 0> <Width = 3> <Depth = 3> <FIFO>
ST_1 : Operation 12 [1/1] (0.42ns)   --->   "%store_ln30 = store i5 0, i5 %s_window_h" [top_wrapper.cpp:30->top_wrapper.cpp:129]   --->   Operation 12 'store' 'store_ln30' <Predicate = true> <Delay = 0.42>
ST_1 : Operation 13 [1/1] (0.42ns)   --->   "%store_ln37 = store i4 0, i4 %s_ih" [top_wrapper.cpp:37->top_wrapper.cpp:129]   --->   Operation 13 'store' 'store_ln37' <Predicate = true> <Delay = 0.42>

State 2 <SV = 1> <Delay = 2.18>
ST_2 : Operation 14 [1/1] (0.00ns)   --->   "%specinterface_ln0 = specinterface void @_ssdm_op_SpecInterface, i64 %memory, void @ap_fifo_str, i32 0, i32 0, void @p_str, i32 0, i32 0, void @p_str, void @p_str, void @p_str, i32 2, i32 2, i32 16, i32 16, void @p_str, void @ScalarProp_str, i32 4294967295, i32 0, i32 0"   --->   Operation 14 'specinterface' 'specinterface_ln0' <Predicate = true> <Delay = 0.00>
ST_2 : Operation 15 [1/1] (1.82ns)   --->   "%p_read_1 = read i32 @_ssdm_op_Read.ap_auto.i32, i32 %p_read449"   --->   Operation 15 'read' 'p_read_1' <Predicate = true> <Delay = 1.82> <CoreInst = "FIFO_SRL">   --->   Core 80 'FIFO_SRL' <Latency = 0> <II = 1> <Delay = 1.83> <Storage> <Opcode : 'read' 'write' 'nbread' 'nbwrite'> <Ports = 0> <Width = -1> <Depth = -1> <FIFO>
ST_2 : Operation 16 [1/1] (1.82ns)   --->   "%p_read_2 = read i32 @_ssdm_op_Read.ap_auto.i32, i32 %p_read448"   --->   Operation 16 'read' 'p_read_2' <Predicate = true> <Delay = 1.82> <CoreInst = "FIFO_SRL">   --->   Core 80 'FIFO_SRL' <Latency = 0> <II = 1> <Delay = 1.83> <Storage> <Opcode : 'read' 'write' 'nbread' 'nbwrite'> <Ports = 0> <Width = -1> <Depth = -1> <FIFO>
ST_2 : Operation 17 [1/1] (1.82ns)   --->   "%p_read_3 = read i32 @_ssdm_op_Read.ap_auto.i32, i32 %p_read447"   --->   Operation 17 'read' 'p_read_3' <Predicate = true> <Delay = 1.82> <CoreInst = "FIFO_SRL">   --->   Core 80 'FIFO_SRL' <Latency = 0> <II = 1> <Delay = 1.83> <Storage> <Opcode : 'read' 'write' 'nbread' 'nbwrite'> <Ports = 0> <Width = -1> <Depth = -1> <FIFO>
ST_2 : Operation 18 [1/1] (1.82ns)   --->   "%p_read_4 = read i32 @_ssdm_op_Read.ap_auto.i32, i32 %p_read446"   --->   Operation 18 'read' 'p_read_4' <Predicate = true> <Delay = 1.82> <CoreInst = "FIFO_SRL">   --->   Core 80 'FIFO_SRL' <Latency = 0> <II = 1> <Delay = 1.83> <Storage> <Opcode : 'read' 'write' 'nbread' 'nbwrite'> <Ports = 0> <Width = -1> <Depth = -1> <FIFO>
ST_2 : Operation 19 [1/1] (1.82ns)   --->   "%p_read_5 = read i32 @_ssdm_op_Read.ap_auto.i32, i32 %p_read445"   --->   Operation 19 'read' 'p_read_5' <Predicate = true> <Delay = 1.82> <CoreInst = "FIFO_SRL">   --->   Core 80 'FIFO_SRL' <Latency = 0> <II = 1> <Delay = 1.83> <Storage> <Opcode : 'read' 'write' 'nbread' 'nbwrite'> <Ports = 0> <Width = -1> <Depth = -1> <FIFO>
ST_2 : Operation 20 [1/1] (1.82ns)   --->   "%p_read_6 = read i32 @_ssdm_op_Read.ap_auto.i32, i32 %p_read444"   --->   Operation 20 'read' 'p_read_6' <Predicate = true> <Delay = 1.82> <CoreInst = "FIFO_SRL">   --->   Core 80 'FIFO_SRL' <Latency = 0> <II = 1> <Delay = 1.83> <Storage> <Opcode : 'read' 'write' 'nbread' 'nbwrite'> <Ports = 0> <Width = -1> <Depth = -1> <FIFO>
ST_2 : Operation 21 [1/1] (1.82ns)   --->   "%p_read_7 = read i32 @_ssdm_op_Read.ap_auto.i32, i32 %p_read443"   --->   Operation 21 'read' 'p_read_7' <Predicate = true> <Delay = 1.82> <CoreInst = "FIFO_SRL">   --->   Core 80 'FIFO_SRL' <Latency = 0> <II = 1> <Delay = 1.83> <Storage> <Opcode : 'read' 'write' 'nbread' 'nbwrite'> <Ports = 0> <Width = -1> <Depth = -1> <FIFO>
ST_2 : Operation 22 [1/1] (1.82ns)   --->   "%p_read_8 = read i32 @_ssdm_op_Read.ap_auto.i32, i32 %p_read442"   --->   Operation 22 'read' 'p_read_8' <Predicate = true> <Delay = 1.82> <CoreInst = "FIFO_SRL">   --->   Core 80 'FIFO_SRL' <Latency = 0> <II = 1> <Delay = 1.83> <Storage> <Opcode : 'read' 'write' 'nbread' 'nbwrite'> <Ports = 0> <Width = -1> <Depth = -1> <FIFO>
ST_2 : Operation 23 [1/1] (1.82ns)   --->   "%p_read_9 = read i32 @_ssdm_op_Read.ap_auto.i32, i32 %p_read441"   --->   Operation 23 'read' 'p_read_9' <Predicate = true> <Delay = 1.82> <CoreInst = "FIFO_SRL">   --->   Core 80 'FIFO_SRL' <Latency = 0> <II = 1> <Delay = 1.83> <Storage> <Opcode : 'read' 'write' 'nbread' 'nbwrite'> <Ports = 0> <Width = -1> <Depth = -1> <FIFO>
ST_2 : Operation 24 [1/1] (1.82ns)   --->   "%p_read_10 = read i32 @_ssdm_op_Read.ap_auto.i32, i32 %p_read440"   --->   Operation 24 'read' 'p_read_10' <Predicate = true> <Delay = 1.82> <CoreInst = "FIFO_SRL">   --->   Core 80 'FIFO_SRL' <Latency = 0> <II = 1> <Delay = 1.83> <Storage> <Opcode : 'read' 'write' 'nbread' 'nbwrite'> <Ports = 0> <Width = -1> <Depth = -1> <FIFO>
ST_2 : Operation 25 [1/1] (1.82ns)   --->   "%p_read_11 = read i32 @_ssdm_op_Read.ap_auto.i32, i32 %p_read439"   --->   Operation 25 'read' 'p_read_11' <Predicate = true> <Delay = 1.82> <CoreInst = "FIFO_SRL">   --->   Core 80 'FIFO_SRL' <Latency = 0> <II = 1> <Delay = 1.83> <Storage> <Opcode : 'read' 'write' 'nbread' 'nbwrite'> <Ports = 0> <Width = -1> <Depth = -1> <FIFO>
ST_2 : Operation 26 [1/1] (1.82ns)   --->   "%p_read_12 = read i32 @_ssdm_op_Read.ap_auto.i32, i32 %p_read438"   --->   Operation 26 'read' 'p_read_12' <Predicate = true> <Delay = 1.82> <CoreInst = "FIFO_SRL">   --->   Core 80 'FIFO_SRL' <Latency = 0> <II = 1> <Delay = 1.83> <Storage> <Opcode : 'read' 'write' 'nbread' 'nbwrite'> <Ports = 0> <Width = -1> <Depth = -1> <FIFO>
ST_2 : Operation 27 [1/1] (1.82ns)   --->   "%p_read_13 = read i32 @_ssdm_op_Read.ap_auto.i32, i32 %p_read437"   --->   Operation 27 'read' 'p_read_13' <Predicate = true> <Delay = 1.82> <CoreInst = "FIFO_SRL">   --->   Core 80 'FIFO_SRL' <Latency = 0> <II = 1> <Delay = 1.83> <Storage> <Opcode : 'read' 'write' 'nbread' 'nbwrite'> <Ports = 0> <Width = -1> <Depth = -1> <FIFO>
ST_2 : Operation 28 [1/1] (1.82ns)   --->   "%p_read_14 = read i32 @_ssdm_op_Read.ap_auto.i32, i32 %p_read436"   --->   Operation 28 'read' 'p_read_14' <Predicate = true> <Delay = 1.82> <CoreInst = "FIFO_SRL">   --->   Core 80 'FIFO_SRL' <Latency = 0> <II = 1> <Delay = 1.83> <Storage> <Opcode : 'read' 'write' 'nbread' 'nbwrite'> <Ports = 0> <Width = -1> <Depth = -1> <FIFO>
ST_2 : Operation 29 [1/1] (1.82ns)   --->   "%p_read_15 = read i32 @_ssdm_op_Read.ap_auto.i32, i32 %p_read435"   --->   Operation 29 'read' 'p_read_15' <Predicate = true> <Delay = 1.82> <CoreInst = "FIFO_SRL">   --->   Core 80 'FIFO_SRL' <Latency = 0> <II = 1> <Delay = 1.83> <Storage> <Opcode : 'read' 'write' 'nbread' 'nbwrite'> <Ports = 0> <Width = -1> <Depth = -1> <FIFO>
ST_2 : Operation 30 [1/1] (1.82ns)   --->   "%p_read_16 = read i32 @_ssdm_op_Read.ap_auto.i32, i32 %p_read434"   --->   Operation 30 'read' 'p_read_16' <Predicate = true> <Delay = 1.82> <CoreInst = "FIFO_SRL">   --->   Core 80 'FIFO_SRL' <Latency = 0> <II = 1> <Delay = 1.83> <Storage> <Opcode : 'read' 'write' 'nbread' 'nbwrite'> <Ports = 0> <Width = -1> <Depth = -1> <FIFO>
ST_2 : Operation 31 [1/1] (1.82ns)   --->   "%p_read_17 = read i32 @_ssdm_op_Read.ap_auto.i32, i32 %p_read433"   --->   Operation 31 'read' 'p_read_17' <Predicate = true> <Delay = 1.82> <CoreInst = "FIFO_SRL">   --->   Core 80 'FIFO_SRL' <Latency = 0> <II = 1> <Delay = 1.83> <Storage> <Opcode : 'read' 'write' 'nbread' 'nbwrite'> <Ports = 0> <Width = -1> <Depth = -1> <FIFO>
ST_2 : Operation 32 [1/1] (1.82ns)   --->   "%p_read_18 = read i32 @_ssdm_op_Read.ap_auto.i32, i32 %p_read432"   --->   Operation 32 'read' 'p_read_18' <Predicate = true> <Delay = 1.82> <CoreInst = "FIFO_SRL">   --->   Core 80 'FIFO_SRL' <Latency = 0> <II = 1> <Delay = 1.83> <Storage> <Opcode : 'read' 'write' 'nbread' 'nbwrite'> <Ports = 0> <Width = -1> <Depth = -1> <FIFO>
ST_2 : Operation 33 [1/1] (1.82ns)   --->   "%p_read_19 = read i32 @_ssdm_op_Read.ap_auto.i32, i32 %p_read431"   --->   Operation 33 'read' 'p_read_19' <Predicate = true> <Delay = 1.82> <CoreInst = "FIFO_SRL">   --->   Core 80 'FIFO_SRL' <Latency = 0> <II = 1> <Delay = 1.83> <Storage> <Opcode : 'read' 'write' 'nbread' 'nbwrite'> <Ports = 0> <Width = -1> <Depth = -1> <FIFO>
ST_2 : Operation 34 [1/1] (1.82ns)   --->   "%p_read_20 = read i32 @_ssdm_op_Read.ap_auto.i32, i32 %p_read430"   --->   Operation 34 'read' 'p_read_20' <Predicate = true> <Delay = 1.82> <CoreInst = "FIFO_SRL">   --->   Core 80 'FIFO_SRL' <Latency = 0> <II = 1> <Delay = 1.83> <Storage> <Opcode : 'read' 'write' 'nbread' 'nbwrite'> <Ports = 0> <Width = -1> <Depth = -1> <FIFO>
ST_2 : Operation 35 [1/1] (1.82ns)   --->   "%p_read_21 = read i32 @_ssdm_op_Read.ap_auto.i32, i32 %p_read429"   --->   Operation 35 'read' 'p_read_21' <Predicate = true> <Delay = 1.82> <CoreInst = "FIFO_SRL">   --->   Core 80 'FIFO_SRL' <Latency = 0> <II = 1> <Delay = 1.83> <Storage> <Opcode : 'read' 'write' 'nbread' 'nbwrite'> <Ports = 0> <Width = -1> <Depth = -1> <FIFO>
ST_2 : Operation 36 [1/1] (1.82ns)   --->   "%p_read_22 = read i32 @_ssdm_op_Read.ap_auto.i32, i32 %p_read428"   --->   Operation 36 'read' 'p_read_22' <Predicate = true> <Delay = 1.82> <CoreInst = "FIFO_SRL">   --->   Core 80 'FIFO_SRL' <Latency = 0> <II = 1> <Delay = 1.83> <Storage> <Opcode : 'read' 'write' 'nbread' 'nbwrite'> <Ports = 0> <Width = -1> <Depth = -1> <FIFO>
ST_2 : Operation 37 [1/1] (1.82ns)   --->   "%p_read_23 = read i32 @_ssdm_op_Read.ap_auto.i32, i32 %p_read427"   --->   Operation 37 'read' 'p_read_23' <Predicate = true> <Delay = 1.82> <CoreInst = "FIFO_SRL">   --->   Core 80 'FIFO_SRL' <Latency = 0> <II = 1> <Delay = 1.83> <Storage> <Opcode : 'read' 'write' 'nbread' 'nbwrite'> <Ports = 0> <Width = -1> <Depth = -1> <FIFO>
ST_2 : Operation 38 [1/1] (1.82ns)   --->   "%p_read_24 = read i32 @_ssdm_op_Read.ap_auto.i32, i32 %p_read426"   --->   Operation 38 'read' 'p_read_24' <Predicate = true> <Delay = 1.82> <CoreInst = "FIFO_SRL">   --->   Core 80 'FIFO_SRL' <Latency = 0> <II = 1> <Delay = 1.83> <Storage> <Opcode : 'read' 'write' 'nbread' 'nbwrite'> <Ports = 0> <Width = -1> <Depth = -1> <FIFO>
ST_2 : Operation 39 [1/1] (1.82ns)   --->   "%p_read_25 = read i32 @_ssdm_op_Read.ap_auto.i32, i32 %p_read425"   --->   Operation 39 'read' 'p_read_25' <Predicate = true> <Delay = 1.82> <CoreInst = "FIFO_SRL">   --->   Core 80 'FIFO_SRL' <Latency = 0> <II = 1> <Delay = 1.83> <Storage> <Opcode : 'read' 'write' 'nbread' 'nbwrite'> <Ports = 0> <Width = -1> <Depth = -1> <FIFO>
ST_2 : Operation 40 [1/1] (1.82ns)   --->   "%p_read_26 = read i32 @_ssdm_op_Read.ap_auto.i32, i32 %p_read424"   --->   Operation 40 'read' 'p_read_26' <Predicate = true> <Delay = 1.82> <CoreInst = "FIFO_SRL">   --->   Core 80 'FIFO_SRL' <Latency = 0> <II = 1> <Delay = 1.83> <Storage> <Opcode : 'read' 'write' 'nbread' 'nbwrite'> <Ports = 0> <Width = -1> <Depth = -1> <FIFO>
ST_2 : Operation 41 [1/1] (1.82ns)   --->   "%p_read_27 = read i32 @_ssdm_op_Read.ap_auto.i32, i32 %p_read423"   --->   Operation 41 'read' 'p_read_27' <Predicate = true> <Delay = 1.82> <CoreInst = "FIFO_SRL">   --->   Core 80 'FIFO_SRL' <Latency = 0> <II = 1> <Delay = 1.83> <Storage> <Opcode : 'read' 'write' 'nbread' 'nbwrite'> <Ports = 0> <Width = -1> <Depth = -1> <FIFO>
ST_2 : Operation 42 [1/1] (1.82ns)   --->   "%p_read_28 = read i32 @_ssdm_op_Read.ap_auto.i32, i32 %p_read422"   --->   Operation 42 'read' 'p_read_28' <Predicate = true> <Delay = 1.82> <CoreInst = "FIFO_SRL">   --->   Core 80 'FIFO_SRL' <Latency = 0> <II = 1> <Delay = 1.83> <Storage> <Opcode : 'read' 'write' 'nbread' 'nbwrite'> <Ports = 0> <Width = -1> <Depth = -1> <FIFO>
ST_2 : Operation 43 [1/1] (1.82ns)   --->   "%p_read_29 = read i32 @_ssdm_op_Read.ap_auto.i32, i32 %p_read421"   --->   Operation 43 'read' 'p_read_29' <Predicate = true> <Delay = 1.82> <CoreInst = "FIFO_SRL">   --->   Core 80 'FIFO_SRL' <Latency = 0> <II = 1> <Delay = 1.83> <Storage> <Opcode : 'read' 'write' 'nbread' 'nbwrite'> <Ports = 0> <Width = -1> <Depth = -1> <FIFO>
ST_2 : Operation 44 [1/1] (1.82ns)   --->   "%p_read_30 = read i32 @_ssdm_op_Read.ap_auto.i32, i32 %p_read420"   --->   Operation 44 'read' 'p_read_30' <Predicate = true> <Delay = 1.82> <CoreInst = "FIFO_SRL">   --->   Core 80 'FIFO_SRL' <Latency = 0> <II = 1> <Delay = 1.83> <Storage> <Opcode : 'read' 'write' 'nbread' 'nbwrite'> <Ports = 0> <Width = -1> <Depth = -1> <FIFO>
ST_2 : Operation 45 [1/1] (1.82ns)   --->   "%p_read_31 = read i32 @_ssdm_op_Read.ap_auto.i32, i32 %p_read419"   --->   Operation 45 'read' 'p_read_31' <Predicate = true> <Delay = 1.82> <CoreInst = "FIFO_SRL">   --->   Core 80 'FIFO_SRL' <Latency = 0> <II = 1> <Delay = 1.83> <Storage> <Opcode : 'read' 'write' 'nbread' 'nbwrite'> <Ports = 0> <Width = -1> <Depth = -1> <FIFO>
ST_2 : Operation 46 [1/1] (1.82ns)   --->   "%p_read_32 = read i32 @_ssdm_op_Read.ap_auto.i32, i32 %p_read418"   --->   Operation 46 'read' 'p_read_32' <Predicate = true> <Delay = 1.82> <CoreInst = "FIFO_SRL">   --->   Core 80 'FIFO_SRL' <Latency = 0> <II = 1> <Delay = 1.83> <Storage> <Opcode : 'read' 'write' 'nbread' 'nbwrite'> <Ports = 0> <Width = -1> <Depth = -1> <FIFO>
ST_2 : Operation 47 [1/1] (1.82ns)   --->   "%p_read_33 = read i32 @_ssdm_op_Read.ap_auto.i32, i32 %p_read417"   --->   Operation 47 'read' 'p_read_33' <Predicate = true> <Delay = 1.82> <CoreInst = "FIFO_SRL">   --->   Core 80 'FIFO_SRL' <Latency = 0> <II = 1> <Delay = 1.83> <Storage> <Opcode : 'read' 'write' 'nbread' 'nbwrite'> <Ports = 0> <Width = -1> <Depth = -1> <FIFO>
ST_2 : Operation 48 [1/1] (1.82ns)   --->   "%p_read_34 = read i32 @_ssdm_op_Read.ap_auto.i32, i32 %p_read416"   --->   Operation 48 'read' 'p_read_34' <Predicate = true> <Delay = 1.82> <CoreInst = "FIFO_SRL">   --->   Core 80 'FIFO_SRL' <Latency = 0> <II = 1> <Delay = 1.83> <Storage> <Opcode : 'read' 'write' 'nbread' 'nbwrite'> <Ports = 0> <Width = -1> <Depth = -1> <FIFO>
ST_2 : Operation 49 [1/1] (1.82ns)   --->   "%p_read_35 = read i32 @_ssdm_op_Read.ap_auto.i32, i32 %p_read415"   --->   Operation 49 'read' 'p_read_35' <Predicate = true> <Delay = 1.82> <CoreInst = "FIFO_SRL">   --->   Core 80 'FIFO_SRL' <Latency = 0> <II = 1> <Delay = 1.83> <Storage> <Opcode : 'read' 'write' 'nbread' 'nbwrite'> <Ports = 0> <Width = -1> <Depth = -1> <FIFO>
ST_2 : Operation 50 [1/1] (1.82ns)   --->   "%p_read_36 = read i32 @_ssdm_op_Read.ap_auto.i32, i32 %p_read414"   --->   Operation 50 'read' 'p_read_36' <Predicate = true> <Delay = 1.82> <CoreInst = "FIFO_SRL">   --->   Core 80 'FIFO_SRL' <Latency = 0> <II = 1> <Delay = 1.83> <Storage> <Opcode : 'read' 'write' 'nbread' 'nbwrite'> <Ports = 0> <Width = -1> <Depth = -1> <FIFO>
ST_2 : Operation 51 [1/1] (1.82ns)   --->   "%p_read_37 = read i32 @_ssdm_op_Read.ap_auto.i32, i32 %p_read413"   --->   Operation 51 'read' 'p_read_37' <Predicate = true> <Delay = 1.82> <CoreInst = "FIFO_SRL">   --->   Core 80 'FIFO_SRL' <Latency = 0> <II = 1> <Delay = 1.83> <Storage> <Opcode : 'read' 'write' 'nbread' 'nbwrite'> <Ports = 0> <Width = -1> <Depth = -1> <FIFO>
ST_2 : Operation 52 [1/1] (1.82ns)   --->   "%p_read_38 = read i32 @_ssdm_op_Read.ap_auto.i32, i32 %p_read412"   --->   Operation 52 'read' 'p_read_38' <Predicate = true> <Delay = 1.82> <CoreInst = "FIFO_SRL">   --->   Core 80 'FIFO_SRL' <Latency = 0> <II = 1> <Delay = 1.83> <Storage> <Opcode : 'read' 'write' 'nbread' 'nbwrite'> <Ports = 0> <Width = -1> <Depth = -1> <FIFO>
ST_2 : Operation 53 [1/1] (1.82ns)   --->   "%p_read_39 = read i32 @_ssdm_op_Read.ap_auto.i32, i32 %p_read411"   --->   Operation 53 'read' 'p_read_39' <Predicate = true> <Delay = 1.82> <CoreInst = "FIFO_SRL">   --->   Core 80 'FIFO_SRL' <Latency = 0> <II = 1> <Delay = 1.83> <Storage> <Opcode : 'read' 'write' 'nbread' 'nbwrite'> <Ports = 0> <Width = -1> <Depth = -1> <FIFO>
ST_2 : Operation 54 [1/1] (1.82ns)   --->   "%p_read_40 = read i32 @_ssdm_op_Read.ap_auto.i32, i32 %p_read410"   --->   Operation 54 'read' 'p_read_40' <Predicate = true> <Delay = 1.82> <CoreInst = "FIFO_SRL">   --->   Core 80 'FIFO_SRL' <Latency = 0> <II = 1> <Delay = 1.83> <Storage> <Opcode : 'read' 'write' 'nbread' 'nbwrite'> <Ports = 0> <Width = -1> <Depth = -1> <FIFO>
ST_2 : Operation 55 [1/1] (1.82ns)   --->   "%p_read_41 = read i32 @_ssdm_op_Read.ap_auto.i32, i32 %p_read409"   --->   Operation 55 'read' 'p_read_41' <Predicate = true> <Delay = 1.82> <CoreInst = "FIFO_SRL">   --->   Core 80 'FIFO_SRL' <Latency = 0> <II = 1> <Delay = 1.83> <Storage> <Opcode : 'read' 'write' 'nbread' 'nbwrite'> <Ports = 0> <Width = -1> <Depth = -1> <FIFO>
ST_2 : Operation 56 [1/1] (1.82ns)   --->   "%p_read_42 = read i32 @_ssdm_op_Read.ap_auto.i32, i32 %p_read408"   --->   Operation 56 'read' 'p_read_42' <Predicate = true> <Delay = 1.82> <CoreInst = "FIFO_SRL">   --->   Core 80 'FIFO_SRL' <Latency = 0> <II = 1> <Delay = 1.83> <Storage> <Opcode : 'read' 'write' 'nbread' 'nbwrite'> <Ports = 0> <Width = -1> <Depth = -1> <FIFO>
ST_2 : Operation 57 [1/1] (1.82ns)   --->   "%p_read_43 = read i32 @_ssdm_op_Read.ap_auto.i32, i32 %p_read407"   --->   Operation 57 'read' 'p_read_43' <Predicate = true> <Delay = 1.82> <CoreInst = "FIFO_SRL">   --->   Core 80 'FIFO_SRL' <Latency = 0> <II = 1> <Delay = 1.83> <Storage> <Opcode : 'read' 'write' 'nbread' 'nbwrite'> <Ports = 0> <Width = -1> <Depth = -1> <FIFO>
ST_2 : Operation 58 [1/1] (1.82ns)   --->   "%p_read_44 = read i32 @_ssdm_op_Read.ap_auto.i32, i32 %p_read406"   --->   Operation 58 'read' 'p_read_44' <Predicate = true> <Delay = 1.82> <CoreInst = "FIFO_SRL">   --->   Core 80 'FIFO_SRL' <Latency = 0> <II = 1> <Delay = 1.83> <Storage> <Opcode : 'read' 'write' 'nbread' 'nbwrite'> <Ports = 0> <Width = -1> <Depth = -1> <FIFO>
ST_2 : Operation 59 [1/1] (1.82ns)   --->   "%p_read_45 = read i32 @_ssdm_op_Read.ap_auto.i32, i32 %p_read405"   --->   Operation 59 'read' 'p_read_45' <Predicate = true> <Delay = 1.82> <CoreInst = "FIFO_SRL">   --->   Core 80 'FIFO_SRL' <Latency = 0> <II = 1> <Delay = 1.83> <Storage> <Opcode : 'read' 'write' 'nbread' 'nbwrite'> <Ports = 0> <Width = -1> <Depth = -1> <FIFO>
ST_2 : Operation 60 [1/1] (1.82ns)   --->   "%p_read_46 = read i32 @_ssdm_op_Read.ap_auto.i32, i32 %p_read404"   --->   Operation 60 'read' 'p_read_46' <Predicate = true> <Delay = 1.82> <CoreInst = "FIFO_SRL">   --->   Core 80 'FIFO_SRL' <Latency = 0> <II = 1> <Delay = 1.83> <Storage> <Opcode : 'read' 'write' 'nbread' 'nbwrite'> <Ports = 0> <Width = -1> <Depth = -1> <FIFO>
ST_2 : Operation 61 [1/1] (1.82ns)   --->   "%p_read_47 = read i32 @_ssdm_op_Read.ap_auto.i32, i32 %p_read403"   --->   Operation 61 'read' 'p_read_47' <Predicate = true> <Delay = 1.82> <CoreInst = "FIFO_SRL">   --->   Core 80 'FIFO_SRL' <Latency = 0> <II = 1> <Delay = 1.83> <Storage> <Opcode : 'read' 'write' 'nbread' 'nbwrite'> <Ports = 0> <Width = -1> <Depth = -1> <FIFO>
ST_2 : Operation 62 [1/1] (1.82ns)   --->   "%p_read_48 = read i32 @_ssdm_op_Read.ap_auto.i32, i32 %p_read402"   --->   Operation 62 'read' 'p_read_48' <Predicate = true> <Delay = 1.82> <CoreInst = "FIFO_SRL">   --->   Core 80 'FIFO_SRL' <Latency = 0> <II = 1> <Delay = 1.83> <Storage> <Opcode : 'read' 'write' 'nbread' 'nbwrite'> <Ports = 0> <Width = -1> <Depth = -1> <FIFO>
ST_2 : Operation 63 [1/1] (1.82ns)   --->   "%p_read_49 = read i32 @_ssdm_op_Read.ap_auto.i32, i32 %p_read401"   --->   Operation 63 'read' 'p_read_49' <Predicate = true> <Delay = 1.82> <CoreInst = "FIFO_SRL">   --->   Core 80 'FIFO_SRL' <Latency = 0> <II = 1> <Delay = 1.83> <Storage> <Opcode : 'read' 'write' 'nbread' 'nbwrite'> <Ports = 0> <Width = -1> <Depth = -1> <FIFO>
ST_2 : Operation 64 [1/1] (1.82ns)   --->   "%p_read_50 = read i32 @_ssdm_op_Read.ap_auto.i32, i32 %p_read400"   --->   Operation 64 'read' 'p_read_50' <Predicate = true> <Delay = 1.82> <CoreInst = "FIFO_SRL">   --->   Core 80 'FIFO_SRL' <Latency = 0> <II = 1> <Delay = 1.83> <Storage> <Opcode : 'read' 'write' 'nbread' 'nbwrite'> <Ports = 0> <Width = -1> <Depth = -1> <FIFO>
ST_2 : Operation 65 [1/1] (1.82ns)   --->   "%p_read_51 = read i32 @_ssdm_op_Read.ap_auto.i32, i32 %p_read399"   --->   Operation 65 'read' 'p_read_51' <Predicate = true> <Delay = 1.82> <CoreInst = "FIFO_SRL">   --->   Core 80 'FIFO_SRL' <Latency = 0> <II = 1> <Delay = 1.83> <Storage> <Opcode : 'read' 'write' 'nbread' 'nbwrite'> <Ports = 0> <Width = -1> <Depth = -1> <FIFO>
ST_2 : Operation 66 [1/1] (1.82ns)   --->   "%p_read_52 = read i32 @_ssdm_op_Read.ap_auto.i32, i32 %p_read398"   --->   Operation 66 'read' 'p_read_52' <Predicate = true> <Delay = 1.82> <CoreInst = "FIFO_SRL">   --->   Core 80 'FIFO_SRL' <Latency = 0> <II = 1> <Delay = 1.83> <Storage> <Opcode : 'read' 'write' 'nbread' 'nbwrite'> <Ports = 0> <Width = -1> <Depth = -1> <FIFO>
ST_2 : Operation 67 [1/1] (1.82ns)   --->   "%p_read_53 = read i32 @_ssdm_op_Read.ap_auto.i32, i32 %p_read397"   --->   Operation 67 'read' 'p_read_53' <Predicate = true> <Delay = 1.82> <CoreInst = "FIFO_SRL">   --->   Core 80 'FIFO_SRL' <Latency = 0> <II = 1> <Delay = 1.83> <Storage> <Opcode : 'read' 'write' 'nbread' 'nbwrite'> <Ports = 0> <Width = -1> <Depth = -1> <FIFO>
ST_2 : Operation 68 [1/1] (1.82ns)   --->   "%p_read_54 = read i32 @_ssdm_op_Read.ap_auto.i32, i32 %p_read396"   --->   Operation 68 'read' 'p_read_54' <Predicate = true> <Delay = 1.82> <CoreInst = "FIFO_SRL">   --->   Core 80 'FIFO_SRL' <Latency = 0> <II = 1> <Delay = 1.83> <Storage> <Opcode : 'read' 'write' 'nbread' 'nbwrite'> <Ports = 0> <Width = -1> <Depth = -1> <FIFO>
ST_2 : Operation 69 [1/1] (1.82ns)   --->   "%p_read_55 = read i32 @_ssdm_op_Read.ap_auto.i32, i32 %p_read395"   --->   Operation 69 'read' 'p_read_55' <Predicate = true> <Delay = 1.82> <CoreInst = "FIFO_SRL">   --->   Core 80 'FIFO_SRL' <Latency = 0> <II = 1> <Delay = 1.83> <Storage> <Opcode : 'read' 'write' 'nbread' 'nbwrite'> <Ports = 0> <Width = -1> <Depth = -1> <FIFO>
ST_2 : Operation 70 [1/1] (1.82ns)   --->   "%p_read_56 = read i32 @_ssdm_op_Read.ap_auto.i32, i32 %p_read394"   --->   Operation 70 'read' 'p_read_56' <Predicate = true> <Delay = 1.82> <CoreInst = "FIFO_SRL">   --->   Core 80 'FIFO_SRL' <Latency = 0> <II = 1> <Delay = 1.83> <Storage> <Opcode : 'read' 'write' 'nbread' 'nbwrite'> <Ports = 0> <Width = -1> <Depth = -1> <FIFO>
ST_2 : Operation 71 [1/1] (1.82ns)   --->   "%p_read_57 = read i32 @_ssdm_op_Read.ap_auto.i32, i32 %p_read393"   --->   Operation 71 'read' 'p_read_57' <Predicate = true> <Delay = 1.82> <CoreInst = "FIFO_SRL">   --->   Core 80 'FIFO_SRL' <Latency = 0> <II = 1> <Delay = 1.83> <Storage> <Opcode : 'read' 'write' 'nbread' 'nbwrite'> <Ports = 0> <Width = -1> <Depth = -1> <FIFO>
ST_2 : Operation 72 [1/1] (1.82ns)   --->   "%p_read_58 = read i32 @_ssdm_op_Read.ap_auto.i32, i32 %p_read392"   --->   Operation 72 'read' 'p_read_58' <Predicate = true> <Delay = 1.82> <CoreInst = "FIFO_SRL">   --->   Core 80 'FIFO_SRL' <Latency = 0> <II = 1> <Delay = 1.83> <Storage> <Opcode : 'read' 'write' 'nbread' 'nbwrite'> <Ports = 0> <Width = -1> <Depth = -1> <FIFO>
ST_2 : Operation 73 [1/1] (1.82ns)   --->   "%p_read_59 = read i32 @_ssdm_op_Read.ap_auto.i32, i32 %p_read391"   --->   Operation 73 'read' 'p_read_59' <Predicate = true> <Delay = 1.82> <CoreInst = "FIFO_SRL">   --->   Core 80 'FIFO_SRL' <Latency = 0> <II = 1> <Delay = 1.83> <Storage> <Opcode : 'read' 'write' 'nbread' 'nbwrite'> <Ports = 0> <Width = -1> <Depth = -1> <FIFO>
ST_2 : Operation 74 [1/1] (1.82ns)   --->   "%p_read_60 = read i32 @_ssdm_op_Read.ap_auto.i32, i32 %p_read390"   --->   Operation 74 'read' 'p_read_60' <Predicate = true> <Delay = 1.82> <CoreInst = "FIFO_SRL">   --->   Core 80 'FIFO_SRL' <Latency = 0> <II = 1> <Delay = 1.83> <Storage> <Opcode : 'read' 'write' 'nbread' 'nbwrite'> <Ports = 0> <Width = -1> <Depth = -1> <FIFO>
ST_2 : Operation 75 [1/1] (1.82ns)   --->   "%p_read_61 = read i32 @_ssdm_op_Read.ap_auto.i32, i32 %p_read389"   --->   Operation 75 'read' 'p_read_61' <Predicate = true> <Delay = 1.82> <CoreInst = "FIFO_SRL">   --->   Core 80 'FIFO_SRL' <Latency = 0> <II = 1> <Delay = 1.83> <Storage> <Opcode : 'read' 'write' 'nbread' 'nbwrite'> <Ports = 0> <Width = -1> <Depth = -1> <FIFO>
ST_2 : Operation 76 [1/1] (1.82ns)   --->   "%p_read_62 = read i32 @_ssdm_op_Read.ap_auto.i32, i32 %p_read388"   --->   Operation 76 'read' 'p_read_62' <Predicate = true> <Delay = 1.82> <CoreInst = "FIFO_SRL">   --->   Core 80 'FIFO_SRL' <Latency = 0> <II = 1> <Delay = 1.83> <Storage> <Opcode : 'read' 'write' 'nbread' 'nbwrite'> <Ports = 0> <Width = -1> <Depth = -1> <FIFO>
ST_2 : Operation 77 [1/1] (1.82ns)   --->   "%p_read_63 = read i32 @_ssdm_op_Read.ap_auto.i32, i32 %p_read387"   --->   Operation 77 'read' 'p_read_63' <Predicate = true> <Delay = 1.82> <CoreInst = "FIFO_SRL">   --->   Core 80 'FIFO_SRL' <Latency = 0> <II = 1> <Delay = 1.83> <Storage> <Opcode : 'read' 'write' 'nbread' 'nbwrite'> <Ports = 0> <Width = -1> <Depth = -1> <FIFO>
ST_2 : Operation 78 [1/1] (1.82ns)   --->   "%p_read_64 = read i32 @_ssdm_op_Read.ap_auto.i32, i32 %p_read386"   --->   Operation 78 'read' 'p_read_64' <Predicate = true> <Delay = 1.82> <CoreInst = "FIFO_SRL">   --->   Core 80 'FIFO_SRL' <Latency = 0> <II = 1> <Delay = 1.83> <Storage> <Opcode : 'read' 'write' 'nbread' 'nbwrite'> <Ports = 0> <Width = -1> <Depth = -1> <FIFO>
ST_2 : Operation 79 [1/1] (1.82ns)   --->   "%p_read_65 = read i32 @_ssdm_op_Read.ap_auto.i32, i32 %p_read385"   --->   Operation 79 'read' 'p_read_65' <Predicate = true> <Delay = 1.82> <CoreInst = "FIFO_SRL">   --->   Core 80 'FIFO_SRL' <Latency = 0> <II = 1> <Delay = 1.83> <Storage> <Opcode : 'read' 'write' 'nbread' 'nbwrite'> <Ports = 0> <Width = -1> <Depth = -1> <FIFO>
ST_2 : Operation 80 [1/1] (1.82ns)   --->   "%p_read_66 = read i32 @_ssdm_op_Read.ap_auto.i32, i32 %p_read384"   --->   Operation 80 'read' 'p_read_66' <Predicate = true> <Delay = 1.82> <CoreInst = "FIFO_SRL">   --->   Core 80 'FIFO_SRL' <Latency = 0> <II = 1> <Delay = 1.83> <Storage> <Opcode : 'read' 'write' 'nbread' 'nbwrite'> <Ports = 0> <Width = -1> <Depth = -1> <FIFO>
ST_2 : Operation 81 [1/1] (1.82ns)   --->   "%p_read_67 = read i32 @_ssdm_op_Read.ap_auto.i32, i32 %p_read383"   --->   Operation 81 'read' 'p_read_67' <Predicate = true> <Delay = 1.82> <CoreInst = "FIFO_SRL">   --->   Core 80 'FIFO_SRL' <Latency = 0> <II = 1> <Delay = 1.83> <Storage> <Opcode : 'read' 'write' 'nbread' 'nbwrite'> <Ports = 0> <Width = -1> <Depth = -1> <FIFO>
ST_2 : Operation 82 [1/1] (1.82ns)   --->   "%p_read_68 = read i32 @_ssdm_op_Read.ap_auto.i32, i32 %p_read382"   --->   Operation 82 'read' 'p_read_68' <Predicate = true> <Delay = 1.82> <CoreInst = "FIFO_SRL">   --->   Core 80 'FIFO_SRL' <Latency = 0> <II = 1> <Delay = 1.83> <Storage> <Opcode : 'read' 'write' 'nbread' 'nbwrite'> <Ports = 0> <Width = -1> <Depth = -1> <FIFO>
ST_2 : Operation 83 [1/1] (1.82ns)   --->   "%p_read_69 = read i32 @_ssdm_op_Read.ap_auto.i32, i32 %p_read381"   --->   Operation 83 'read' 'p_read_69' <Predicate = true> <Delay = 1.82> <CoreInst = "FIFO_SRL">   --->   Core 80 'FIFO_SRL' <Latency = 0> <II = 1> <Delay = 1.83> <Storage> <Opcode : 'read' 'write' 'nbread' 'nbwrite'> <Ports = 0> <Width = -1> <Depth = -1> <FIFO>
ST_2 : Operation 84 [1/1] (1.82ns)   --->   "%p_read_70 = read i32 @_ssdm_op_Read.ap_auto.i32, i32 %p_read380"   --->   Operation 84 'read' 'p_read_70' <Predicate = true> <Delay = 1.82> <CoreInst = "FIFO_SRL">   --->   Core 80 'FIFO_SRL' <Latency = 0> <II = 1> <Delay = 1.83> <Storage> <Opcode : 'read' 'write' 'nbread' 'nbwrite'> <Ports = 0> <Width = -1> <Depth = -1> <FIFO>
ST_2 : Operation 85 [1/1] (1.82ns)   --->   "%p_read_71 = read i32 @_ssdm_op_Read.ap_auto.i32, i32 %p_read379"   --->   Operation 85 'read' 'p_read_71' <Predicate = true> <Delay = 1.82> <CoreInst = "FIFO_SRL">   --->   Core 80 'FIFO_SRL' <Latency = 0> <II = 1> <Delay = 1.83> <Storage> <Opcode : 'read' 'write' 'nbread' 'nbwrite'> <Ports = 0> <Width = -1> <Depth = -1> <FIFO>
ST_2 : Operation 86 [1/1] (1.82ns)   --->   "%p_read_72 = read i32 @_ssdm_op_Read.ap_auto.i32, i32 %p_read378"   --->   Operation 86 'read' 'p_read_72' <Predicate = true> <Delay = 1.82> <CoreInst = "FIFO_SRL">   --->   Core 80 'FIFO_SRL' <Latency = 0> <II = 1> <Delay = 1.83> <Storage> <Opcode : 'read' 'write' 'nbread' 'nbwrite'> <Ports = 0> <Width = -1> <Depth = -1> <FIFO>
ST_2 : Operation 87 [1/1] (1.82ns)   --->   "%p_read_73 = read i32 @_ssdm_op_Read.ap_auto.i32, i32 %p_read377"   --->   Operation 87 'read' 'p_read_73' <Predicate = true> <Delay = 1.82> <CoreInst = "FIFO_SRL">   --->   Core 80 'FIFO_SRL' <Latency = 0> <II = 1> <Delay = 1.83> <Storage> <Opcode : 'read' 'write' 'nbread' 'nbwrite'> <Ports = 0> <Width = -1> <Depth = -1> <FIFO>
ST_2 : Operation 88 [1/1] (1.82ns)   --->   "%p_read_74 = read i32 @_ssdm_op_Read.ap_auto.i32, i32 %p_read376"   --->   Operation 88 'read' 'p_read_74' <Predicate = true> <Delay = 1.82> <CoreInst = "FIFO_SRL">   --->   Core 80 'FIFO_SRL' <Latency = 0> <II = 1> <Delay = 1.83> <Storage> <Opcode : 'read' 'write' 'nbread' 'nbwrite'> <Ports = 0> <Width = -1> <Depth = -1> <FIFO>
ST_2 : Operation 89 [1/1] (1.82ns)   --->   "%p_read_75 = read i32 @_ssdm_op_Read.ap_auto.i32, i32 %p_read375"   --->   Operation 89 'read' 'p_read_75' <Predicate = true> <Delay = 1.82> <CoreInst = "FIFO_SRL">   --->   Core 80 'FIFO_SRL' <Latency = 0> <II = 1> <Delay = 1.83> <Storage> <Opcode : 'read' 'write' 'nbread' 'nbwrite'> <Ports = 0> <Width = -1> <Depth = -1> <FIFO>
ST_2 : Operation 90 [1/1] (1.82ns)   --->   "%p_read_76 = read i32 @_ssdm_op_Read.ap_auto.i32, i32 %p_read374"   --->   Operation 90 'read' 'p_read_76' <Predicate = true> <Delay = 1.82> <CoreInst = "FIFO_SRL">   --->   Core 80 'FIFO_SRL' <Latency = 0> <II = 1> <Delay = 1.83> <Storage> <Opcode : 'read' 'write' 'nbread' 'nbwrite'> <Ports = 0> <Width = -1> <Depth = -1> <FIFO>
ST_2 : Operation 91 [1/1] (1.82ns)   --->   "%p_read_77 = read i32 @_ssdm_op_Read.ap_auto.i32, i32 %p_read373"   --->   Operation 91 'read' 'p_read_77' <Predicate = true> <Delay = 1.82> <CoreInst = "FIFO_SRL">   --->   Core 80 'FIFO_SRL' <Latency = 0> <II = 1> <Delay = 1.83> <Storage> <Opcode : 'read' 'write' 'nbread' 'nbwrite'> <Ports = 0> <Width = -1> <Depth = -1> <FIFO>
ST_2 : Operation 92 [1/1] (1.82ns)   --->   "%p_read_78 = read i32 @_ssdm_op_Read.ap_auto.i32, i32 %p_read372"   --->   Operation 92 'read' 'p_read_78' <Predicate = true> <Delay = 1.82> <CoreInst = "FIFO_SRL">   --->   Core 80 'FIFO_SRL' <Latency = 0> <II = 1> <Delay = 1.83> <Storage> <Opcode : 'read' 'write' 'nbread' 'nbwrite'> <Ports = 0> <Width = -1> <Depth = -1> <FIFO>
ST_2 : Operation 93 [1/1] (1.82ns)   --->   "%p_read_79 = read i32 @_ssdm_op_Read.ap_auto.i32, i32 %p_read371"   --->   Operation 93 'read' 'p_read_79' <Predicate = true> <Delay = 1.82> <CoreInst = "FIFO_SRL">   --->   Core 80 'FIFO_SRL' <Latency = 0> <II = 1> <Delay = 1.83> <Storage> <Opcode : 'read' 'write' 'nbread' 'nbwrite'> <Ports = 0> <Width = -1> <Depth = -1> <FIFO>
ST_2 : Operation 94 [1/1] (1.82ns)   --->   "%p_read_80 = read i32 @_ssdm_op_Read.ap_auto.i32, i32 %p_read370"   --->   Operation 94 'read' 'p_read_80' <Predicate = true> <Delay = 1.82> <CoreInst = "FIFO_SRL">   --->   Core 80 'FIFO_SRL' <Latency = 0> <II = 1> <Delay = 1.83> <Storage> <Opcode : 'read' 'write' 'nbread' 'nbwrite'> <Ports = 0> <Width = -1> <Depth = -1> <FIFO>
ST_2 : Operation 95 [1/1] (1.82ns)   --->   "%p_read_81 = read i32 @_ssdm_op_Read.ap_auto.i32, i32 %p_read369"   --->   Operation 95 'read' 'p_read_81' <Predicate = true> <Delay = 1.82> <CoreInst = "FIFO_SRL">   --->   Core 80 'FIFO_SRL' <Latency = 0> <II = 1> <Delay = 1.83> <Storage> <Opcode : 'read' 'write' 'nbread' 'nbwrite'> <Ports = 0> <Width = -1> <Depth = -1> <FIFO>
ST_2 : Operation 96 [1/1] (1.82ns)   --->   "%p_read_82 = read i32 @_ssdm_op_Read.ap_auto.i32, i32 %p_read368"   --->   Operation 96 'read' 'p_read_82' <Predicate = true> <Delay = 1.82> <CoreInst = "FIFO_SRL">   --->   Core 80 'FIFO_SRL' <Latency = 0> <II = 1> <Delay = 1.83> <Storage> <Opcode : 'read' 'write' 'nbread' 'nbwrite'> <Ports = 0> <Width = -1> <Depth = -1> <FIFO>
ST_2 : Operation 97 [1/1] (1.82ns)   --->   "%p_read_83 = read i32 @_ssdm_op_Read.ap_auto.i32, i32 %p_read367"   --->   Operation 97 'read' 'p_read_83' <Predicate = true> <Delay = 1.82> <CoreInst = "FIFO_SRL">   --->   Core 80 'FIFO_SRL' <Latency = 0> <II = 1> <Delay = 1.83> <Storage> <Opcode : 'read' 'write' 'nbread' 'nbwrite'> <Ports = 0> <Width = -1> <Depth = -1> <FIFO>
ST_2 : Operation 98 [1/1] (1.82ns)   --->   "%p_read_84 = read i32 @_ssdm_op_Read.ap_auto.i32, i32 %p_read366"   --->   Operation 98 'read' 'p_read_84' <Predicate = true> <Delay = 1.82> <CoreInst = "FIFO_SRL">   --->   Core 80 'FIFO_SRL' <Latency = 0> <II = 1> <Delay = 1.83> <Storage> <Opcode : 'read' 'write' 'nbread' 'nbwrite'> <Ports = 0> <Width = -1> <Depth = -1> <FIFO>
ST_2 : Operation 99 [1/1] (1.82ns)   --->   "%p_read_85 = read i32 @_ssdm_op_Read.ap_auto.i32, i32 %p_read365"   --->   Operation 99 'read' 'p_read_85' <Predicate = true> <Delay = 1.82> <CoreInst = "FIFO_SRL">   --->   Core 80 'FIFO_SRL' <Latency = 0> <II = 1> <Delay = 1.83> <Storage> <Opcode : 'read' 'write' 'nbread' 'nbwrite'> <Ports = 0> <Width = -1> <Depth = -1> <FIFO>
ST_2 : Operation 100 [1/1] (1.82ns)   --->   "%p_read_86 = read i32 @_ssdm_op_Read.ap_auto.i32, i32 %p_read364"   --->   Operation 100 'read' 'p_read_86' <Predicate = true> <Delay = 1.82> <CoreInst = "FIFO_SRL">   --->   Core 80 'FIFO_SRL' <Latency = 0> <II = 1> <Delay = 1.83> <Storage> <Opcode : 'read' 'write' 'nbread' 'nbwrite'> <Ports = 0> <Width = -1> <Depth = -1> <FIFO>
ST_2 : Operation 101 [1/1] (1.82ns)   --->   "%p_read_87 = read i32 @_ssdm_op_Read.ap_auto.i32, i32 %p_read363"   --->   Operation 101 'read' 'p_read_87' <Predicate = true> <Delay = 1.82> <CoreInst = "FIFO_SRL">   --->   Core 80 'FIFO_SRL' <Latency = 0> <II = 1> <Delay = 1.83> <Storage> <Opcode : 'read' 'write' 'nbread' 'nbwrite'> <Ports = 0> <Width = -1> <Depth = -1> <FIFO>
ST_2 : Operation 102 [1/1] (1.82ns)   --->   "%p_read_88 = read i32 @_ssdm_op_Read.ap_auto.i32, i32 %p_read362"   --->   Operation 102 'read' 'p_read_88' <Predicate = true> <Delay = 1.82> <CoreInst = "FIFO_SRL">   --->   Core 80 'FIFO_SRL' <Latency = 0> <II = 1> <Delay = 1.83> <Storage> <Opcode : 'read' 'write' 'nbread' 'nbwrite'> <Ports = 0> <Width = -1> <Depth = -1> <FIFO>
ST_2 : Operation 103 [1/1] (1.82ns)   --->   "%p_read_89 = read i32 @_ssdm_op_Read.ap_auto.i32, i32 %p_read361"   --->   Operation 103 'read' 'p_read_89' <Predicate = true> <Delay = 1.82> <CoreInst = "FIFO_SRL">   --->   Core 80 'FIFO_SRL' <Latency = 0> <II = 1> <Delay = 1.83> <Storage> <Opcode : 'read' 'write' 'nbread' 'nbwrite'> <Ports = 0> <Width = -1> <Depth = -1> <FIFO>
ST_2 : Operation 104 [1/1] (1.82ns)   --->   "%p_read_90 = read i32 @_ssdm_op_Read.ap_auto.i32, i32 %p_read360"   --->   Operation 104 'read' 'p_read_90' <Predicate = true> <Delay = 1.82> <CoreInst = "FIFO_SRL">   --->   Core 80 'FIFO_SRL' <Latency = 0> <II = 1> <Delay = 1.83> <Storage> <Opcode : 'read' 'write' 'nbread' 'nbwrite'> <Ports = 0> <Width = -1> <Depth = -1> <FIFO>
ST_2 : Operation 105 [1/1] (1.82ns)   --->   "%p_read_91 = read i32 @_ssdm_op_Read.ap_auto.i32, i32 %p_read359"   --->   Operation 105 'read' 'p_read_91' <Predicate = true> <Delay = 1.82> <CoreInst = "FIFO_SRL">   --->   Core 80 'FIFO_SRL' <Latency = 0> <II = 1> <Delay = 1.83> <Storage> <Opcode : 'read' 'write' 'nbread' 'nbwrite'> <Ports = 0> <Width = -1> <Depth = -1> <FIFO>
ST_2 : Operation 106 [1/1] (1.82ns)   --->   "%p_read_92 = read i32 @_ssdm_op_Read.ap_auto.i32, i32 %p_read358"   --->   Operation 106 'read' 'p_read_92' <Predicate = true> <Delay = 1.82> <CoreInst = "FIFO_SRL">   --->   Core 80 'FIFO_SRL' <Latency = 0> <II = 1> <Delay = 1.83> <Storage> <Opcode : 'read' 'write' 'nbread' 'nbwrite'> <Ports = 0> <Width = -1> <Depth = -1> <FIFO>
ST_2 : Operation 107 [1/1] (1.82ns)   --->   "%p_read_93 = read i32 @_ssdm_op_Read.ap_auto.i32, i32 %p_read357"   --->   Operation 107 'read' 'p_read_93' <Predicate = true> <Delay = 1.82> <CoreInst = "FIFO_SRL">   --->   Core 80 'FIFO_SRL' <Latency = 0> <II = 1> <Delay = 1.83> <Storage> <Opcode : 'read' 'write' 'nbread' 'nbwrite'> <Ports = 0> <Width = -1> <Depth = -1> <FIFO>
ST_2 : Operation 108 [1/1] (1.82ns)   --->   "%p_read_94 = read i32 @_ssdm_op_Read.ap_auto.i32, i32 %p_read356"   --->   Operation 108 'read' 'p_read_94' <Predicate = true> <Delay = 1.82> <CoreInst = "FIFO_SRL">   --->   Core 80 'FIFO_SRL' <Latency = 0> <II = 1> <Delay = 1.83> <Storage> <Opcode : 'read' 'write' 'nbread' 'nbwrite'> <Ports = 0> <Width = -1> <Depth = -1> <FIFO>
ST_2 : Operation 109 [1/1] (1.82ns)   --->   "%p_read_95 = read i32 @_ssdm_op_Read.ap_auto.i32, i32 %p_read355"   --->   Operation 109 'read' 'p_read_95' <Predicate = true> <Delay = 1.82> <CoreInst = "FIFO_SRL">   --->   Core 80 'FIFO_SRL' <Latency = 0> <II = 1> <Delay = 1.83> <Storage> <Opcode : 'read' 'write' 'nbread' 'nbwrite'> <Ports = 0> <Width = -1> <Depth = -1> <FIFO>
ST_2 : Operation 110 [1/1] (1.82ns)   --->   "%p_read_96 = read i32 @_ssdm_op_Read.ap_auto.i32, i32 %p_read354"   --->   Operation 110 'read' 'p_read_96' <Predicate = true> <Delay = 1.82> <CoreInst = "FIFO_SRL">   --->   Core 80 'FIFO_SRL' <Latency = 0> <II = 1> <Delay = 1.83> <Storage> <Opcode : 'read' 'write' 'nbread' 'nbwrite'> <Ports = 0> <Width = -1> <Depth = -1> <FIFO>
ST_2 : Operation 111 [1/1] (1.82ns)   --->   "%p_read_97 = read i32 @_ssdm_op_Read.ap_auto.i32, i32 %p_read353"   --->   Operation 111 'read' 'p_read_97' <Predicate = true> <Delay = 1.82> <CoreInst = "FIFO_SRL">   --->   Core 80 'FIFO_SRL' <Latency = 0> <II = 1> <Delay = 1.83> <Storage> <Opcode : 'read' 'write' 'nbread' 'nbwrite'> <Ports = 0> <Width = -1> <Depth = -1> <FIFO>
ST_2 : Operation 112 [1/1] (1.82ns)   --->   "%p_read_98 = read i32 @_ssdm_op_Read.ap_auto.i32, i32 %p_read352"   --->   Operation 112 'read' 'p_read_98' <Predicate = true> <Delay = 1.82> <CoreInst = "FIFO_SRL">   --->   Core 80 'FIFO_SRL' <Latency = 0> <II = 1> <Delay = 1.83> <Storage> <Opcode : 'read' 'write' 'nbread' 'nbwrite'> <Ports = 0> <Width = -1> <Depth = -1> <FIFO>
ST_2 : Operation 113 [1/1] (1.82ns)   --->   "%p_read_99 = read i32 @_ssdm_op_Read.ap_auto.i32, i32 %p_read351"   --->   Operation 113 'read' 'p_read_99' <Predicate = true> <Delay = 1.82> <CoreInst = "FIFO_SRL">   --->   Core 80 'FIFO_SRL' <Latency = 0> <II = 1> <Delay = 1.83> <Storage> <Opcode : 'read' 'write' 'nbread' 'nbwrite'> <Ports = 0> <Width = -1> <Depth = -1> <FIFO>
ST_2 : Operation 114 [1/1] (1.82ns)   --->   "%p_read_100 = read i32 @_ssdm_op_Read.ap_auto.i32, i32 %p_read350"   --->   Operation 114 'read' 'p_read_100' <Predicate = true> <Delay = 1.82> <CoreInst = "FIFO_SRL">   --->   Core 80 'FIFO_SRL' <Latency = 0> <II = 1> <Delay = 1.83> <Storage> <Opcode : 'read' 'write' 'nbread' 'nbwrite'> <Ports = 0> <Width = -1> <Depth = -1> <FIFO>
ST_2 : Operation 115 [1/1] (1.82ns)   --->   "%p_read_101 = read i32 @_ssdm_op_Read.ap_auto.i32, i32 %p_read349"   --->   Operation 115 'read' 'p_read_101' <Predicate = true> <Delay = 1.82> <CoreInst = "FIFO_SRL">   --->   Core 80 'FIFO_SRL' <Latency = 0> <II = 1> <Delay = 1.83> <Storage> <Opcode : 'read' 'write' 'nbread' 'nbwrite'> <Ports = 0> <Width = -1> <Depth = -1> <FIFO>
ST_2 : Operation 116 [1/1] (1.82ns)   --->   "%p_read_102 = read i32 @_ssdm_op_Read.ap_auto.i32, i32 %p_read348"   --->   Operation 116 'read' 'p_read_102' <Predicate = true> <Delay = 1.82> <CoreInst = "FIFO_SRL">   --->   Core 80 'FIFO_SRL' <Latency = 0> <II = 1> <Delay = 1.83> <Storage> <Opcode : 'read' 'write' 'nbread' 'nbwrite'> <Ports = 0> <Width = -1> <Depth = -1> <FIFO>
ST_2 : Operation 117 [1/1] (1.82ns)   --->   "%p_read_103 = read i32 @_ssdm_op_Read.ap_auto.i32, i32 %p_read347"   --->   Operation 117 'read' 'p_read_103' <Predicate = true> <Delay = 1.82> <CoreInst = "FIFO_SRL">   --->   Core 80 'FIFO_SRL' <Latency = 0> <II = 1> <Delay = 1.83> <Storage> <Opcode : 'read' 'write' 'nbread' 'nbwrite'> <Ports = 0> <Width = -1> <Depth = -1> <FIFO>
ST_2 : Operation 118 [1/1] (1.82ns)   --->   "%p_read_104 = read i32 @_ssdm_op_Read.ap_auto.i32, i32 %p_read346"   --->   Operation 118 'read' 'p_read_104' <Predicate = true> <Delay = 1.82> <CoreInst = "FIFO_SRL">   --->   Core 80 'FIFO_SRL' <Latency = 0> <II = 1> <Delay = 1.83> <Storage> <Opcode : 'read' 'write' 'nbread' 'nbwrite'> <Ports = 0> <Width = -1> <Depth = -1> <FIFO>
ST_2 : Operation 119 [1/1] (1.82ns)   --->   "%p_read_105 = read i32 @_ssdm_op_Read.ap_auto.i32, i32 %p_read345"   --->   Operation 119 'read' 'p_read_105' <Predicate = true> <Delay = 1.82> <CoreInst = "FIFO_SRL">   --->   Core 80 'FIFO_SRL' <Latency = 0> <II = 1> <Delay = 1.83> <Storage> <Opcode : 'read' 'write' 'nbread' 'nbwrite'> <Ports = 0> <Width = -1> <Depth = -1> <FIFO>
ST_2 : Operation 120 [1/1] (1.82ns)   --->   "%p_read_106 = read i32 @_ssdm_op_Read.ap_auto.i32, i32 %p_read344"   --->   Operation 120 'read' 'p_read_106' <Predicate = true> <Delay = 1.82> <CoreInst = "FIFO_SRL">   --->   Core 80 'FIFO_SRL' <Latency = 0> <II = 1> <Delay = 1.83> <Storage> <Opcode : 'read' 'write' 'nbread' 'nbwrite'> <Ports = 0> <Width = -1> <Depth = -1> <FIFO>
ST_2 : Operation 121 [1/1] (1.82ns)   --->   "%p_read_107 = read i32 @_ssdm_op_Read.ap_auto.i32, i32 %p_read343"   --->   Operation 121 'read' 'p_read_107' <Predicate = true> <Delay = 1.82> <CoreInst = "FIFO_SRL">   --->   Core 80 'FIFO_SRL' <Latency = 0> <II = 1> <Delay = 1.83> <Storage> <Opcode : 'read' 'write' 'nbread' 'nbwrite'> <Ports = 0> <Width = -1> <Depth = -1> <FIFO>
ST_2 : Operation 122 [1/1] (1.82ns)   --->   "%p_read_108 = read i32 @_ssdm_op_Read.ap_auto.i32, i32 %p_read342"   --->   Operation 122 'read' 'p_read_108' <Predicate = true> <Delay = 1.82> <CoreInst = "FIFO_SRL">   --->   Core 80 'FIFO_SRL' <Latency = 0> <II = 1> <Delay = 1.83> <Storage> <Opcode : 'read' 'write' 'nbread' 'nbwrite'> <Ports = 0> <Width = -1> <Depth = -1> <FIFO>
ST_2 : Operation 123 [1/1] (1.82ns)   --->   "%p_read_109 = read i32 @_ssdm_op_Read.ap_auto.i32, i32 %p_read341"   --->   Operation 123 'read' 'p_read_109' <Predicate = true> <Delay = 1.82> <CoreInst = "FIFO_SRL">   --->   Core 80 'FIFO_SRL' <Latency = 0> <II = 1> <Delay = 1.83> <Storage> <Opcode : 'read' 'write' 'nbread' 'nbwrite'> <Ports = 0> <Width = -1> <Depth = -1> <FIFO>
ST_2 : Operation 124 [1/1] (1.82ns)   --->   "%p_read_110 = read i32 @_ssdm_op_Read.ap_auto.i32, i32 %p_read340"   --->   Operation 124 'read' 'p_read_110' <Predicate = true> <Delay = 1.82> <CoreInst = "FIFO_SRL">   --->   Core 80 'FIFO_SRL' <Latency = 0> <II = 1> <Delay = 1.83> <Storage> <Opcode : 'read' 'write' 'nbread' 'nbwrite'> <Ports = 0> <Width = -1> <Depth = -1> <FIFO>
ST_2 : Operation 125 [1/1] (1.82ns)   --->   "%p_read_111 = read i32 @_ssdm_op_Read.ap_auto.i32, i32 %p_read339"   --->   Operation 125 'read' 'p_read_111' <Predicate = true> <Delay = 1.82> <CoreInst = "FIFO_SRL">   --->   Core 80 'FIFO_SRL' <Latency = 0> <II = 1> <Delay = 1.83> <Storage> <Opcode : 'read' 'write' 'nbread' 'nbwrite'> <Ports = 0> <Width = -1> <Depth = -1> <FIFO>
ST_2 : Operation 126 [1/1] (1.82ns)   --->   "%p_read_112 = read i32 @_ssdm_op_Read.ap_auto.i32, i32 %p_read338"   --->   Operation 126 'read' 'p_read_112' <Predicate = true> <Delay = 1.82> <CoreInst = "FIFO_SRL">   --->   Core 80 'FIFO_SRL' <Latency = 0> <II = 1> <Delay = 1.83> <Storage> <Opcode : 'read' 'write' 'nbread' 'nbwrite'> <Ports = 0> <Width = -1> <Depth = -1> <FIFO>
ST_2 : Operation 127 [1/1] (1.82ns)   --->   "%p_read_113 = read i32 @_ssdm_op_Read.ap_auto.i32, i32 %p_read337"   --->   Operation 127 'read' 'p_read_113' <Predicate = true> <Delay = 1.82> <CoreInst = "FIFO_SRL">   --->   Core 80 'FIFO_SRL' <Latency = 0> <II = 1> <Delay = 1.83> <Storage> <Opcode : 'read' 'write' 'nbread' 'nbwrite'> <Ports = 0> <Width = -1> <Depth = -1> <FIFO>
ST_2 : Operation 128 [1/1] (1.82ns)   --->   "%p_read_114 = read i32 @_ssdm_op_Read.ap_auto.i32, i32 %p_read336"   --->   Operation 128 'read' 'p_read_114' <Predicate = true> <Delay = 1.82> <CoreInst = "FIFO_SRL">   --->   Core 80 'FIFO_SRL' <Latency = 0> <II = 1> <Delay = 1.83> <Storage> <Opcode : 'read' 'write' 'nbread' 'nbwrite'> <Ports = 0> <Width = -1> <Depth = -1> <FIFO>
ST_2 : Operation 129 [1/1] (1.82ns)   --->   "%p_read_115 = read i32 @_ssdm_op_Read.ap_auto.i32, i32 %p_read335"   --->   Operation 129 'read' 'p_read_115' <Predicate = true> <Delay = 1.82> <CoreInst = "FIFO_SRL">   --->   Core 80 'FIFO_SRL' <Latency = 0> <II = 1> <Delay = 1.83> <Storage> <Opcode : 'read' 'write' 'nbread' 'nbwrite'> <Ports = 0> <Width = -1> <Depth = -1> <FIFO>
ST_2 : Operation 130 [1/1] (1.82ns)   --->   "%p_read_116 = read i32 @_ssdm_op_Read.ap_auto.i32, i32 %p_read334"   --->   Operation 130 'read' 'p_read_116' <Predicate = true> <Delay = 1.82> <CoreInst = "FIFO_SRL">   --->   Core 80 'FIFO_SRL' <Latency = 0> <II = 1> <Delay = 1.83> <Storage> <Opcode : 'read' 'write' 'nbread' 'nbwrite'> <Ports = 0> <Width = -1> <Depth = -1> <FIFO>
ST_2 : Operation 131 [1/1] (1.82ns)   --->   "%p_read_117 = read i32 @_ssdm_op_Read.ap_auto.i32, i32 %p_read333"   --->   Operation 131 'read' 'p_read_117' <Predicate = true> <Delay = 1.82> <CoreInst = "FIFO_SRL">   --->   Core 80 'FIFO_SRL' <Latency = 0> <II = 1> <Delay = 1.83> <Storage> <Opcode : 'read' 'write' 'nbread' 'nbwrite'> <Ports = 0> <Width = -1> <Depth = -1> <FIFO>
ST_2 : Operation 132 [1/1] (1.82ns)   --->   "%p_read_118 = read i32 @_ssdm_op_Read.ap_auto.i32, i32 %p_read332"   --->   Operation 132 'read' 'p_read_118' <Predicate = true> <Delay = 1.82> <CoreInst = "FIFO_SRL">   --->   Core 80 'FIFO_SRL' <Latency = 0> <II = 1> <Delay = 1.83> <Storage> <Opcode : 'read' 'write' 'nbread' 'nbwrite'> <Ports = 0> <Width = -1> <Depth = -1> <FIFO>
ST_2 : Operation 133 [1/1] (1.82ns)   --->   "%p_read_119 = read i32 @_ssdm_op_Read.ap_auto.i32, i32 %p_read331"   --->   Operation 133 'read' 'p_read_119' <Predicate = true> <Delay = 1.82> <CoreInst = "FIFO_SRL">   --->   Core 80 'FIFO_SRL' <Latency = 0> <II = 1> <Delay = 1.83> <Storage> <Opcode : 'read' 'write' 'nbread' 'nbwrite'> <Ports = 0> <Width = -1> <Depth = -1> <FIFO>
ST_2 : Operation 134 [1/1] (1.82ns)   --->   "%p_read_120 = read i32 @_ssdm_op_Read.ap_auto.i32, i32 %p_read330"   --->   Operation 134 'read' 'p_read_120' <Predicate = true> <Delay = 1.82> <CoreInst = "FIFO_SRL">   --->   Core 80 'FIFO_SRL' <Latency = 0> <II = 1> <Delay = 1.83> <Storage> <Opcode : 'read' 'write' 'nbread' 'nbwrite'> <Ports = 0> <Width = -1> <Depth = -1> <FIFO>
ST_2 : Operation 135 [1/1] (1.82ns)   --->   "%p_read_121 = read i32 @_ssdm_op_Read.ap_auto.i32, i32 %p_read329"   --->   Operation 135 'read' 'p_read_121' <Predicate = true> <Delay = 1.82> <CoreInst = "FIFO_SRL">   --->   Core 80 'FIFO_SRL' <Latency = 0> <II = 1> <Delay = 1.83> <Storage> <Opcode : 'read' 'write' 'nbread' 'nbwrite'> <Ports = 0> <Width = -1> <Depth = -1> <FIFO>
ST_2 : Operation 136 [1/1] (1.82ns)   --->   "%p_read_122 = read i32 @_ssdm_op_Read.ap_auto.i32, i32 %p_read328"   --->   Operation 136 'read' 'p_read_122' <Predicate = true> <Delay = 1.82> <CoreInst = "FIFO_SRL">   --->   Core 80 'FIFO_SRL' <Latency = 0> <II = 1> <Delay = 1.83> <Storage> <Opcode : 'read' 'write' 'nbread' 'nbwrite'> <Ports = 0> <Width = -1> <Depth = -1> <FIFO>
ST_2 : Operation 137 [1/1] (1.82ns)   --->   "%p_read_123 = read i32 @_ssdm_op_Read.ap_auto.i32, i32 %p_read327"   --->   Operation 137 'read' 'p_read_123' <Predicate = true> <Delay = 1.82> <CoreInst = "FIFO_SRL">   --->   Core 80 'FIFO_SRL' <Latency = 0> <II = 1> <Delay = 1.83> <Storage> <Opcode : 'read' 'write' 'nbread' 'nbwrite'> <Ports = 0> <Width = -1> <Depth = -1> <FIFO>
ST_2 : Operation 138 [1/1] (1.82ns)   --->   "%p_read_124 = read i32 @_ssdm_op_Read.ap_auto.i32, i32 %p_read326"   --->   Operation 138 'read' 'p_read_124' <Predicate = true> <Delay = 1.82> <CoreInst = "FIFO_SRL">   --->   Core 80 'FIFO_SRL' <Latency = 0> <II = 1> <Delay = 1.83> <Storage> <Opcode : 'read' 'write' 'nbread' 'nbwrite'> <Ports = 0> <Width = -1> <Depth = -1> <FIFO>
ST_2 : Operation 139 [1/1] (1.82ns)   --->   "%p_read_125 = read i32 @_ssdm_op_Read.ap_auto.i32, i32 %p_read325"   --->   Operation 139 'read' 'p_read_125' <Predicate = true> <Delay = 1.82> <CoreInst = "FIFO_SRL">   --->   Core 80 'FIFO_SRL' <Latency = 0> <II = 1> <Delay = 1.83> <Storage> <Opcode : 'read' 'write' 'nbread' 'nbwrite'> <Ports = 0> <Width = -1> <Depth = -1> <FIFO>
ST_2 : Operation 140 [1/1] (1.82ns)   --->   "%p_read_126 = read i32 @_ssdm_op_Read.ap_auto.i32, i32 %p_read324"   --->   Operation 140 'read' 'p_read_126' <Predicate = true> <Delay = 1.82> <CoreInst = "FIFO_SRL">   --->   Core 80 'FIFO_SRL' <Latency = 0> <II = 1> <Delay = 1.83> <Storage> <Opcode : 'read' 'write' 'nbread' 'nbwrite'> <Ports = 0> <Width = -1> <Depth = -1> <FIFO>
ST_2 : Operation 141 [1/1] (1.82ns)   --->   "%p_read_127 = read i32 @_ssdm_op_Read.ap_auto.i32, i32 %p_read323"   --->   Operation 141 'read' 'p_read_127' <Predicate = true> <Delay = 1.82> <CoreInst = "FIFO_SRL">   --->   Core 80 'FIFO_SRL' <Latency = 0> <II = 1> <Delay = 1.83> <Storage> <Opcode : 'read' 'write' 'nbread' 'nbwrite'> <Ports = 0> <Width = -1> <Depth = -1> <FIFO>
ST_2 : Operation 142 [1/1] (1.82ns)   --->   "%p_read_128 = read i32 @_ssdm_op_Read.ap_auto.i32, i32 %p_read322"   --->   Operation 142 'read' 'p_read_128' <Predicate = true> <Delay = 1.82> <CoreInst = "FIFO_SRL">   --->   Core 80 'FIFO_SRL' <Latency = 0> <II = 1> <Delay = 1.83> <Storage> <Opcode : 'read' 'write' 'nbread' 'nbwrite'> <Ports = 0> <Width = -1> <Depth = -1> <FIFO>
ST_2 : Operation 143 [1/1] (1.82ns)   --->   "%p_read_129 = read i32 @_ssdm_op_Read.ap_auto.i32, i32 %p_read321"   --->   Operation 143 'read' 'p_read_129' <Predicate = true> <Delay = 1.82> <CoreInst = "FIFO_SRL">   --->   Core 80 'FIFO_SRL' <Latency = 0> <II = 1> <Delay = 1.83> <Storage> <Opcode : 'read' 'write' 'nbread' 'nbwrite'> <Ports = 0> <Width = -1> <Depth = -1> <FIFO>
ST_2 : Operation 144 [1/1] (1.82ns)   --->   "%p_read_130 = read i32 @_ssdm_op_Read.ap_auto.i32, i32 %p_read320"   --->   Operation 144 'read' 'p_read_130' <Predicate = true> <Delay = 1.82> <CoreInst = "FIFO_SRL">   --->   Core 80 'FIFO_SRL' <Latency = 0> <II = 1> <Delay = 1.83> <Storage> <Opcode : 'read' 'write' 'nbread' 'nbwrite'> <Ports = 0> <Width = -1> <Depth = -1> <FIFO>
ST_2 : Operation 145 [1/1] (1.82ns)   --->   "%p_read_131 = read i32 @_ssdm_op_Read.ap_auto.i32, i32 %p_read319"   --->   Operation 145 'read' 'p_read_131' <Predicate = true> <Delay = 1.82> <CoreInst = "FIFO_SRL">   --->   Core 80 'FIFO_SRL' <Latency = 0> <II = 1> <Delay = 1.83> <Storage> <Opcode : 'read' 'write' 'nbread' 'nbwrite'> <Ports = 0> <Width = -1> <Depth = -1> <FIFO>
ST_2 : Operation 146 [1/1] (1.82ns)   --->   "%p_read_132 = read i32 @_ssdm_op_Read.ap_auto.i32, i32 %p_read318"   --->   Operation 146 'read' 'p_read_132' <Predicate = true> <Delay = 1.82> <CoreInst = "FIFO_SRL">   --->   Core 80 'FIFO_SRL' <Latency = 0> <II = 1> <Delay = 1.83> <Storage> <Opcode : 'read' 'write' 'nbread' 'nbwrite'> <Ports = 0> <Width = -1> <Depth = -1> <FIFO>
ST_2 : Operation 147 [1/1] (1.82ns)   --->   "%p_read_133 = read i32 @_ssdm_op_Read.ap_auto.i32, i32 %p_read317"   --->   Operation 147 'read' 'p_read_133' <Predicate = true> <Delay = 1.82> <CoreInst = "FIFO_SRL">   --->   Core 80 'FIFO_SRL' <Latency = 0> <II = 1> <Delay = 1.83> <Storage> <Opcode : 'read' 'write' 'nbread' 'nbwrite'> <Ports = 0> <Width = -1> <Depth = -1> <FIFO>
ST_2 : Operation 148 [1/1] (1.82ns)   --->   "%p_read_134 = read i32 @_ssdm_op_Read.ap_auto.i32, i32 %p_read316"   --->   Operation 148 'read' 'p_read_134' <Predicate = true> <Delay = 1.82> <CoreInst = "FIFO_SRL">   --->   Core 80 'FIFO_SRL' <Latency = 0> <II = 1> <Delay = 1.83> <Storage> <Opcode : 'read' 'write' 'nbread' 'nbwrite'> <Ports = 0> <Width = -1> <Depth = -1> <FIFO>
ST_2 : Operation 149 [1/1] (1.82ns)   --->   "%p_read_135 = read i32 @_ssdm_op_Read.ap_auto.i32, i32 %p_read315"   --->   Operation 149 'read' 'p_read_135' <Predicate = true> <Delay = 1.82> <CoreInst = "FIFO_SRL">   --->   Core 80 'FIFO_SRL' <Latency = 0> <II = 1> <Delay = 1.83> <Storage> <Opcode : 'read' 'write' 'nbread' 'nbwrite'> <Ports = 0> <Width = -1> <Depth = -1> <FIFO>
ST_2 : Operation 150 [1/1] (1.82ns)   --->   "%p_read_136 = read i32 @_ssdm_op_Read.ap_auto.i32, i32 %p_read314"   --->   Operation 150 'read' 'p_read_136' <Predicate = true> <Delay = 1.82> <CoreInst = "FIFO_SRL">   --->   Core 80 'FIFO_SRL' <Latency = 0> <II = 1> <Delay = 1.83> <Storage> <Opcode : 'read' 'write' 'nbread' 'nbwrite'> <Ports = 0> <Width = -1> <Depth = -1> <FIFO>
ST_2 : Operation 151 [1/1] (1.82ns)   --->   "%p_read_137 = read i32 @_ssdm_op_Read.ap_auto.i32, i32 %p_read313"   --->   Operation 151 'read' 'p_read_137' <Predicate = true> <Delay = 1.82> <CoreInst = "FIFO_SRL">   --->   Core 80 'FIFO_SRL' <Latency = 0> <II = 1> <Delay = 1.83> <Storage> <Opcode : 'read' 'write' 'nbread' 'nbwrite'> <Ports = 0> <Width = -1> <Depth = -1> <FIFO>
ST_2 : Operation 152 [1/1] (1.82ns)   --->   "%p_read_138 = read i32 @_ssdm_op_Read.ap_auto.i32, i32 %p_read312"   --->   Operation 152 'read' 'p_read_138' <Predicate = true> <Delay = 1.82> <CoreInst = "FIFO_SRL">   --->   Core 80 'FIFO_SRL' <Latency = 0> <II = 1> <Delay = 1.83> <Storage> <Opcode : 'read' 'write' 'nbread' 'nbwrite'> <Ports = 0> <Width = -1> <Depth = -1> <FIFO>
ST_2 : Operation 153 [1/1] (1.82ns)   --->   "%p_read_139 = read i32 @_ssdm_op_Read.ap_auto.i32, i32 %p_read311"   --->   Operation 153 'read' 'p_read_139' <Predicate = true> <Delay = 1.82> <CoreInst = "FIFO_SRL">   --->   Core 80 'FIFO_SRL' <Latency = 0> <II = 1> <Delay = 1.83> <Storage> <Opcode : 'read' 'write' 'nbread' 'nbwrite'> <Ports = 0> <Width = -1> <Depth = -1> <FIFO>
ST_2 : Operation 154 [1/1] (1.82ns)   --->   "%p_read_140 = read i32 @_ssdm_op_Read.ap_auto.i32, i32 %p_read310"   --->   Operation 154 'read' 'p_read_140' <Predicate = true> <Delay = 1.82> <CoreInst = "FIFO_SRL">   --->   Core 80 'FIFO_SRL' <Latency = 0> <II = 1> <Delay = 1.83> <Storage> <Opcode : 'read' 'write' 'nbread' 'nbwrite'> <Ports = 0> <Width = -1> <Depth = -1> <FIFO>
ST_2 : Operation 155 [1/1] (1.82ns)   --->   "%p_read_141 = read i32 @_ssdm_op_Read.ap_auto.i32, i32 %p_read309"   --->   Operation 155 'read' 'p_read_141' <Predicate = true> <Delay = 1.82> <CoreInst = "FIFO_SRL">   --->   Core 80 'FIFO_SRL' <Latency = 0> <II = 1> <Delay = 1.83> <Storage> <Opcode : 'read' 'write' 'nbread' 'nbwrite'> <Ports = 0> <Width = -1> <Depth = -1> <FIFO>
ST_2 : Operation 156 [1/1] (1.82ns)   --->   "%p_read_142 = read i32 @_ssdm_op_Read.ap_auto.i32, i32 %p_read308"   --->   Operation 156 'read' 'p_read_142' <Predicate = true> <Delay = 1.82> <CoreInst = "FIFO_SRL">   --->   Core 80 'FIFO_SRL' <Latency = 0> <II = 1> <Delay = 1.83> <Storage> <Opcode : 'read' 'write' 'nbread' 'nbwrite'> <Ports = 0> <Width = -1> <Depth = -1> <FIFO>
ST_2 : Operation 157 [1/1] (1.82ns)   --->   "%p_read_143 = read i32 @_ssdm_op_Read.ap_auto.i32, i32 %p_read307"   --->   Operation 157 'read' 'p_read_143' <Predicate = true> <Delay = 1.82> <CoreInst = "FIFO_SRL">   --->   Core 80 'FIFO_SRL' <Latency = 0> <II = 1> <Delay = 1.83> <Storage> <Opcode : 'read' 'write' 'nbread' 'nbwrite'> <Ports = 0> <Width = -1> <Depth = -1> <FIFO>
ST_2 : Operation 158 [1/1] (1.82ns)   --->   "%p_read_144 = read i32 @_ssdm_op_Read.ap_auto.i32, i32 %p_read306"   --->   Operation 158 'read' 'p_read_144' <Predicate = true> <Delay = 1.82> <CoreInst = "FIFO_SRL">   --->   Core 80 'FIFO_SRL' <Latency = 0> <II = 1> <Delay = 1.83> <Storage> <Opcode : 'read' 'write' 'nbread' 'nbwrite'> <Ports = 0> <Width = -1> <Depth = -1> <FIFO>
ST_2 : Operation 159 [1/1] (1.82ns)   --->   "%p_read_145 = read i32 @_ssdm_op_Read.ap_auto.i32, i32 %p_read305"   --->   Operation 159 'read' 'p_read_145' <Predicate = true> <Delay = 1.82> <CoreInst = "FIFO_SRL">   --->   Core 80 'FIFO_SRL' <Latency = 0> <II = 1> <Delay = 1.83> <Storage> <Opcode : 'read' 'write' 'nbread' 'nbwrite'> <Ports = 0> <Width = -1> <Depth = -1> <FIFO>
ST_2 : Operation 160 [1/1] (1.82ns)   --->   "%p_read_146 = read i32 @_ssdm_op_Read.ap_auto.i32, i32 %p_read304"   --->   Operation 160 'read' 'p_read_146' <Predicate = true> <Delay = 1.82> <CoreInst = "FIFO_SRL">   --->   Core 80 'FIFO_SRL' <Latency = 0> <II = 1> <Delay = 1.83> <Storage> <Opcode : 'read' 'write' 'nbread' 'nbwrite'> <Ports = 0> <Width = -1> <Depth = -1> <FIFO>
ST_2 : Operation 161 [1/1] (1.82ns)   --->   "%p_read_147 = read i32 @_ssdm_op_Read.ap_auto.i32, i32 %p_read303"   --->   Operation 161 'read' 'p_read_147' <Predicate = true> <Delay = 1.82> <CoreInst = "FIFO_SRL">   --->   Core 80 'FIFO_SRL' <Latency = 0> <II = 1> <Delay = 1.83> <Storage> <Opcode : 'read' 'write' 'nbread' 'nbwrite'> <Ports = 0> <Width = -1> <Depth = -1> <FIFO>
ST_2 : Operation 162 [1/1] (1.82ns)   --->   "%p_read_148 = read i32 @_ssdm_op_Read.ap_auto.i32, i32 %p_read302"   --->   Operation 162 'read' 'p_read_148' <Predicate = true> <Delay = 1.82> <CoreInst = "FIFO_SRL">   --->   Core 80 'FIFO_SRL' <Latency = 0> <II = 1> <Delay = 1.83> <Storage> <Opcode : 'read' 'write' 'nbread' 'nbwrite'> <Ports = 0> <Width = -1> <Depth = -1> <FIFO>
ST_2 : Operation 163 [1/1] (1.82ns)   --->   "%p_read_149 = read i32 @_ssdm_op_Read.ap_auto.i32, i32 %p_read301"   --->   Operation 163 'read' 'p_read_149' <Predicate = true> <Delay = 1.82> <CoreInst = "FIFO_SRL">   --->   Core 80 'FIFO_SRL' <Latency = 0> <II = 1> <Delay = 1.83> <Storage> <Opcode : 'read' 'write' 'nbread' 'nbwrite'> <Ports = 0> <Width = -1> <Depth = -1> <FIFO>
ST_2 : Operation 164 [1/1] (1.82ns)   --->   "%p_read_150 = read i32 @_ssdm_op_Read.ap_auto.i32, i32 %p_read300"   --->   Operation 164 'read' 'p_read_150' <Predicate = true> <Delay = 1.82> <CoreInst = "FIFO_SRL">   --->   Core 80 'FIFO_SRL' <Latency = 0> <II = 1> <Delay = 1.83> <Storage> <Opcode : 'read' 'write' 'nbread' 'nbwrite'> <Ports = 0> <Width = -1> <Depth = -1> <FIFO>
ST_2 : Operation 165 [1/1] (1.82ns)   --->   "%p_read_151 = read i32 @_ssdm_op_Read.ap_auto.i32, i32 %p_read299"   --->   Operation 165 'read' 'p_read_151' <Predicate = true> <Delay = 1.82> <CoreInst = "FIFO_SRL">   --->   Core 80 'FIFO_SRL' <Latency = 0> <II = 1> <Delay = 1.83> <Storage> <Opcode : 'read' 'write' 'nbread' 'nbwrite'> <Ports = 0> <Width = -1> <Depth = -1> <FIFO>
ST_2 : Operation 166 [1/1] (1.82ns)   --->   "%p_read_152 = read i32 @_ssdm_op_Read.ap_auto.i32, i32 %p_read298"   --->   Operation 166 'read' 'p_read_152' <Predicate = true> <Delay = 1.82> <CoreInst = "FIFO_SRL">   --->   Core 80 'FIFO_SRL' <Latency = 0> <II = 1> <Delay = 1.83> <Storage> <Opcode : 'read' 'write' 'nbread' 'nbwrite'> <Ports = 0> <Width = -1> <Depth = -1> <FIFO>
ST_2 : Operation 167 [1/1] (1.82ns)   --->   "%p_read_153 = read i32 @_ssdm_op_Read.ap_auto.i32, i32 %p_read297"   --->   Operation 167 'read' 'p_read_153' <Predicate = true> <Delay = 1.82> <CoreInst = "FIFO_SRL">   --->   Core 80 'FIFO_SRL' <Latency = 0> <II = 1> <Delay = 1.83> <Storage> <Opcode : 'read' 'write' 'nbread' 'nbwrite'> <Ports = 0> <Width = -1> <Depth = -1> <FIFO>
ST_2 : Operation 168 [1/1] (1.82ns)   --->   "%p_read_154 = read i32 @_ssdm_op_Read.ap_auto.i32, i32 %p_read296"   --->   Operation 168 'read' 'p_read_154' <Predicate = true> <Delay = 1.82> <CoreInst = "FIFO_SRL">   --->   Core 80 'FIFO_SRL' <Latency = 0> <II = 1> <Delay = 1.83> <Storage> <Opcode : 'read' 'write' 'nbread' 'nbwrite'> <Ports = 0> <Width = -1> <Depth = -1> <FIFO>
ST_2 : Operation 169 [1/1] (1.82ns)   --->   "%p_read_155 = read i32 @_ssdm_op_Read.ap_auto.i32, i32 %p_read295"   --->   Operation 169 'read' 'p_read_155' <Predicate = true> <Delay = 1.82> <CoreInst = "FIFO_SRL">   --->   Core 80 'FIFO_SRL' <Latency = 0> <II = 1> <Delay = 1.83> <Storage> <Opcode : 'read' 'write' 'nbread' 'nbwrite'> <Ports = 0> <Width = -1> <Depth = -1> <FIFO>
ST_2 : Operation 170 [1/1] (1.82ns)   --->   "%p_read_156 = read i32 @_ssdm_op_Read.ap_auto.i32, i32 %p_read294"   --->   Operation 170 'read' 'p_read_156' <Predicate = true> <Delay = 1.82> <CoreInst = "FIFO_SRL">   --->   Core 80 'FIFO_SRL' <Latency = 0> <II = 1> <Delay = 1.83> <Storage> <Opcode : 'read' 'write' 'nbread' 'nbwrite'> <Ports = 0> <Width = -1> <Depth = -1> <FIFO>
ST_2 : Operation 171 [1/1] (1.82ns)   --->   "%p_read_157 = read i32 @_ssdm_op_Read.ap_auto.i32, i32 %p_read293"   --->   Operation 171 'read' 'p_read_157' <Predicate = true> <Delay = 1.82> <CoreInst = "FIFO_SRL">   --->   Core 80 'FIFO_SRL' <Latency = 0> <II = 1> <Delay = 1.83> <Storage> <Opcode : 'read' 'write' 'nbread' 'nbwrite'> <Ports = 0> <Width = -1> <Depth = -1> <FIFO>
ST_2 : Operation 172 [1/1] (1.82ns)   --->   "%p_read_158 = read i32 @_ssdm_op_Read.ap_auto.i32, i32 %p_read292"   --->   Operation 172 'read' 'p_read_158' <Predicate = true> <Delay = 1.82> <CoreInst = "FIFO_SRL">   --->   Core 80 'FIFO_SRL' <Latency = 0> <II = 1> <Delay = 1.83> <Storage> <Opcode : 'read' 'write' 'nbread' 'nbwrite'> <Ports = 0> <Width = -1> <Depth = -1> <FIFO>
ST_2 : Operation 173 [1/1] (1.82ns)   --->   "%p_read_159 = read i32 @_ssdm_op_Read.ap_auto.i32, i32 %p_read291"   --->   Operation 173 'read' 'p_read_159' <Predicate = true> <Delay = 1.82> <CoreInst = "FIFO_SRL">   --->   Core 80 'FIFO_SRL' <Latency = 0> <II = 1> <Delay = 1.83> <Storage> <Opcode : 'read' 'write' 'nbread' 'nbwrite'> <Ports = 0> <Width = -1> <Depth = -1> <FIFO>
ST_2 : Operation 174 [1/1] (1.82ns)   --->   "%p_read_160 = read i32 @_ssdm_op_Read.ap_auto.i32, i32 %p_read290"   --->   Operation 174 'read' 'p_read_160' <Predicate = true> <Delay = 1.82> <CoreInst = "FIFO_SRL">   --->   Core 80 'FIFO_SRL' <Latency = 0> <II = 1> <Delay = 1.83> <Storage> <Opcode : 'read' 'write' 'nbread' 'nbwrite'> <Ports = 0> <Width = -1> <Depth = -1> <FIFO>
ST_2 : Operation 175 [1/1] (1.82ns)   --->   "%p_read_161 = read i32 @_ssdm_op_Read.ap_auto.i32, i32 %p_read289"   --->   Operation 175 'read' 'p_read_161' <Predicate = true> <Delay = 1.82> <CoreInst = "FIFO_SRL">   --->   Core 80 'FIFO_SRL' <Latency = 0> <II = 1> <Delay = 1.83> <Storage> <Opcode : 'read' 'write' 'nbread' 'nbwrite'> <Ports = 0> <Width = -1> <Depth = -1> <FIFO>
ST_2 : Operation 176 [1/1] (1.82ns)   --->   "%p_read_162 = read i32 @_ssdm_op_Read.ap_auto.i32, i32 %p_read288"   --->   Operation 176 'read' 'p_read_162' <Predicate = true> <Delay = 1.82> <CoreInst = "FIFO_SRL">   --->   Core 80 'FIFO_SRL' <Latency = 0> <II = 1> <Delay = 1.83> <Storage> <Opcode : 'read' 'write' 'nbread' 'nbwrite'> <Ports = 0> <Width = -1> <Depth = -1> <FIFO>
ST_2 : Operation 177 [1/1] (1.82ns)   --->   "%p_read_163 = read i32 @_ssdm_op_Read.ap_auto.i32, i32 %p_read287"   --->   Operation 177 'read' 'p_read_163' <Predicate = true> <Delay = 1.82> <CoreInst = "FIFO_SRL">   --->   Core 80 'FIFO_SRL' <Latency = 0> <II = 1> <Delay = 1.83> <Storage> <Opcode : 'read' 'write' 'nbread' 'nbwrite'> <Ports = 0> <Width = -1> <Depth = -1> <FIFO>
ST_2 : Operation 178 [1/1] (1.82ns)   --->   "%p_read_164 = read i32 @_ssdm_op_Read.ap_auto.i32, i32 %p_read286"   --->   Operation 178 'read' 'p_read_164' <Predicate = true> <Delay = 1.82> <CoreInst = "FIFO_SRL">   --->   Core 80 'FIFO_SRL' <Latency = 0> <II = 1> <Delay = 1.83> <Storage> <Opcode : 'read' 'write' 'nbread' 'nbwrite'> <Ports = 0> <Width = -1> <Depth = -1> <FIFO>
ST_2 : Operation 179 [1/1] (1.82ns)   --->   "%p_read_165 = read i32 @_ssdm_op_Read.ap_auto.i32, i32 %p_read285"   --->   Operation 179 'read' 'p_read_165' <Predicate = true> <Delay = 1.82> <CoreInst = "FIFO_SRL">   --->   Core 80 'FIFO_SRL' <Latency = 0> <II = 1> <Delay = 1.83> <Storage> <Opcode : 'read' 'write' 'nbread' 'nbwrite'> <Ports = 0> <Width = -1> <Depth = -1> <FIFO>
ST_2 : Operation 180 [1/1] (1.82ns)   --->   "%p_read_166 = read i32 @_ssdm_op_Read.ap_auto.i32, i32 %p_read284"   --->   Operation 180 'read' 'p_read_166' <Predicate = true> <Delay = 1.82> <CoreInst = "FIFO_SRL">   --->   Core 80 'FIFO_SRL' <Latency = 0> <II = 1> <Delay = 1.83> <Storage> <Opcode : 'read' 'write' 'nbread' 'nbwrite'> <Ports = 0> <Width = -1> <Depth = -1> <FIFO>
ST_2 : Operation 181 [1/1] (1.82ns)   --->   "%p_read_167 = read i32 @_ssdm_op_Read.ap_auto.i32, i32 %p_read283"   --->   Operation 181 'read' 'p_read_167' <Predicate = true> <Delay = 1.82> <CoreInst = "FIFO_SRL">   --->   Core 80 'FIFO_SRL' <Latency = 0> <II = 1> <Delay = 1.83> <Storage> <Opcode : 'read' 'write' 'nbread' 'nbwrite'> <Ports = 0> <Width = -1> <Depth = -1> <FIFO>
ST_2 : Operation 182 [1/1] (1.82ns)   --->   "%p_read_168 = read i32 @_ssdm_op_Read.ap_auto.i32, i32 %p_read282"   --->   Operation 182 'read' 'p_read_168' <Predicate = true> <Delay = 1.82> <CoreInst = "FIFO_SRL">   --->   Core 80 'FIFO_SRL' <Latency = 0> <II = 1> <Delay = 1.83> <Storage> <Opcode : 'read' 'write' 'nbread' 'nbwrite'> <Ports = 0> <Width = -1> <Depth = -1> <FIFO>
ST_2 : Operation 183 [1/1] (1.82ns)   --->   "%p_read_169 = read i32 @_ssdm_op_Read.ap_auto.i32, i32 %p_read281"   --->   Operation 183 'read' 'p_read_169' <Predicate = true> <Delay = 1.82> <CoreInst = "FIFO_SRL">   --->   Core 80 'FIFO_SRL' <Latency = 0> <II = 1> <Delay = 1.83> <Storage> <Opcode : 'read' 'write' 'nbread' 'nbwrite'> <Ports = 0> <Width = -1> <Depth = -1> <FIFO>
ST_2 : Operation 184 [1/1] (1.82ns)   --->   "%p_read_170 = read i32 @_ssdm_op_Read.ap_auto.i32, i32 %p_read280"   --->   Operation 184 'read' 'p_read_170' <Predicate = true> <Delay = 1.82> <CoreInst = "FIFO_SRL">   --->   Core 80 'FIFO_SRL' <Latency = 0> <II = 1> <Delay = 1.83> <Storage> <Opcode : 'read' 'write' 'nbread' 'nbwrite'> <Ports = 0> <Width = -1> <Depth = -1> <FIFO>
ST_2 : Operation 185 [1/1] (1.82ns)   --->   "%p_read_171 = read i32 @_ssdm_op_Read.ap_auto.i32, i32 %p_read279"   --->   Operation 185 'read' 'p_read_171' <Predicate = true> <Delay = 1.82> <CoreInst = "FIFO_SRL">   --->   Core 80 'FIFO_SRL' <Latency = 0> <II = 1> <Delay = 1.83> <Storage> <Opcode : 'read' 'write' 'nbread' 'nbwrite'> <Ports = 0> <Width = -1> <Depth = -1> <FIFO>
ST_2 : Operation 186 [1/1] (1.82ns)   --->   "%p_read_172 = read i32 @_ssdm_op_Read.ap_auto.i32, i32 %p_read278"   --->   Operation 186 'read' 'p_read_172' <Predicate = true> <Delay = 1.82> <CoreInst = "FIFO_SRL">   --->   Core 80 'FIFO_SRL' <Latency = 0> <II = 1> <Delay = 1.83> <Storage> <Opcode : 'read' 'write' 'nbread' 'nbwrite'> <Ports = 0> <Width = -1> <Depth = -1> <FIFO>
ST_2 : Operation 187 [1/1] (1.82ns)   --->   "%p_read_173 = read i32 @_ssdm_op_Read.ap_auto.i32, i32 %p_read277"   --->   Operation 187 'read' 'p_read_173' <Predicate = true> <Delay = 1.82> <CoreInst = "FIFO_SRL">   --->   Core 80 'FIFO_SRL' <Latency = 0> <II = 1> <Delay = 1.83> <Storage> <Opcode : 'read' 'write' 'nbread' 'nbwrite'> <Ports = 0> <Width = -1> <Depth = -1> <FIFO>
ST_2 : Operation 188 [1/1] (1.82ns)   --->   "%p_read_174 = read i32 @_ssdm_op_Read.ap_auto.i32, i32 %p_read276"   --->   Operation 188 'read' 'p_read_174' <Predicate = true> <Delay = 1.82> <CoreInst = "FIFO_SRL">   --->   Core 80 'FIFO_SRL' <Latency = 0> <II = 1> <Delay = 1.83> <Storage> <Opcode : 'read' 'write' 'nbread' 'nbwrite'> <Ports = 0> <Width = -1> <Depth = -1> <FIFO>
ST_2 : Operation 189 [1/1] (1.82ns)   --->   "%p_read_175 = read i32 @_ssdm_op_Read.ap_auto.i32, i32 %p_read275"   --->   Operation 189 'read' 'p_read_175' <Predicate = true> <Delay = 1.82> <CoreInst = "FIFO_SRL">   --->   Core 80 'FIFO_SRL' <Latency = 0> <II = 1> <Delay = 1.83> <Storage> <Opcode : 'read' 'write' 'nbread' 'nbwrite'> <Ports = 0> <Width = -1> <Depth = -1> <FIFO>
ST_2 : Operation 190 [1/1] (1.82ns)   --->   "%p_read_176 = read i32 @_ssdm_op_Read.ap_auto.i32, i32 %p_read274"   --->   Operation 190 'read' 'p_read_176' <Predicate = true> <Delay = 1.82> <CoreInst = "FIFO_SRL">   --->   Core 80 'FIFO_SRL' <Latency = 0> <II = 1> <Delay = 1.83> <Storage> <Opcode : 'read' 'write' 'nbread' 'nbwrite'> <Ports = 0> <Width = -1> <Depth = -1> <FIFO>
ST_2 : Operation 191 [1/1] (1.82ns)   --->   "%p_read_177 = read i32 @_ssdm_op_Read.ap_auto.i32, i32 %p_read273"   --->   Operation 191 'read' 'p_read_177' <Predicate = true> <Delay = 1.82> <CoreInst = "FIFO_SRL">   --->   Core 80 'FIFO_SRL' <Latency = 0> <II = 1> <Delay = 1.83> <Storage> <Opcode : 'read' 'write' 'nbread' 'nbwrite'> <Ports = 0> <Width = -1> <Depth = -1> <FIFO>
ST_2 : Operation 192 [1/1] (1.82ns)   --->   "%p_read_178 = read i32 @_ssdm_op_Read.ap_auto.i32, i32 %p_read272"   --->   Operation 192 'read' 'p_read_178' <Predicate = true> <Delay = 1.82> <CoreInst = "FIFO_SRL">   --->   Core 80 'FIFO_SRL' <Latency = 0> <II = 1> <Delay = 1.83> <Storage> <Opcode : 'read' 'write' 'nbread' 'nbwrite'> <Ports = 0> <Width = -1> <Depth = -1> <FIFO>
ST_2 : Operation 193 [1/1] (1.82ns)   --->   "%p_read_179 = read i32 @_ssdm_op_Read.ap_auto.i32, i32 %p_read271"   --->   Operation 193 'read' 'p_read_179' <Predicate = true> <Delay = 1.82> <CoreInst = "FIFO_SRL">   --->   Core 80 'FIFO_SRL' <Latency = 0> <II = 1> <Delay = 1.83> <Storage> <Opcode : 'read' 'write' 'nbread' 'nbwrite'> <Ports = 0> <Width = -1> <Depth = -1> <FIFO>
ST_2 : Operation 194 [1/1] (1.82ns)   --->   "%p_read_180 = read i32 @_ssdm_op_Read.ap_auto.i32, i32 %p_read270"   --->   Operation 194 'read' 'p_read_180' <Predicate = true> <Delay = 1.82> <CoreInst = "FIFO_SRL">   --->   Core 80 'FIFO_SRL' <Latency = 0> <II = 1> <Delay = 1.83> <Storage> <Opcode : 'read' 'write' 'nbread' 'nbwrite'> <Ports = 0> <Width = -1> <Depth = -1> <FIFO>
ST_2 : Operation 195 [1/1] (1.82ns)   --->   "%p_read_181 = read i32 @_ssdm_op_Read.ap_auto.i32, i32 %p_read269"   --->   Operation 195 'read' 'p_read_181' <Predicate = true> <Delay = 1.82> <CoreInst = "FIFO_SRL">   --->   Core 80 'FIFO_SRL' <Latency = 0> <II = 1> <Delay = 1.83> <Storage> <Opcode : 'read' 'write' 'nbread' 'nbwrite'> <Ports = 0> <Width = -1> <Depth = -1> <FIFO>
ST_2 : Operation 196 [1/1] (1.82ns)   --->   "%p_read_182 = read i32 @_ssdm_op_Read.ap_auto.i32, i32 %p_read268"   --->   Operation 196 'read' 'p_read_182' <Predicate = true> <Delay = 1.82> <CoreInst = "FIFO_SRL">   --->   Core 80 'FIFO_SRL' <Latency = 0> <II = 1> <Delay = 1.83> <Storage> <Opcode : 'read' 'write' 'nbread' 'nbwrite'> <Ports = 0> <Width = -1> <Depth = -1> <FIFO>
ST_2 : Operation 197 [1/1] (1.82ns)   --->   "%p_read_183 = read i32 @_ssdm_op_Read.ap_auto.i32, i32 %p_read267"   --->   Operation 197 'read' 'p_read_183' <Predicate = true> <Delay = 1.82> <CoreInst = "FIFO_SRL">   --->   Core 80 'FIFO_SRL' <Latency = 0> <II = 1> <Delay = 1.83> <Storage> <Opcode : 'read' 'write' 'nbread' 'nbwrite'> <Ports = 0> <Width = -1> <Depth = -1> <FIFO>
ST_2 : Operation 198 [1/1] (1.82ns)   --->   "%p_read_184 = read i32 @_ssdm_op_Read.ap_auto.i32, i32 %p_read266"   --->   Operation 198 'read' 'p_read_184' <Predicate = true> <Delay = 1.82> <CoreInst = "FIFO_SRL">   --->   Core 80 'FIFO_SRL' <Latency = 0> <II = 1> <Delay = 1.83> <Storage> <Opcode : 'read' 'write' 'nbread' 'nbwrite'> <Ports = 0> <Width = -1> <Depth = -1> <FIFO>
ST_2 : Operation 199 [1/1] (1.82ns)   --->   "%p_read_185 = read i32 @_ssdm_op_Read.ap_auto.i32, i32 %p_read265"   --->   Operation 199 'read' 'p_read_185' <Predicate = true> <Delay = 1.82> <CoreInst = "FIFO_SRL">   --->   Core 80 'FIFO_SRL' <Latency = 0> <II = 1> <Delay = 1.83> <Storage> <Opcode : 'read' 'write' 'nbread' 'nbwrite'> <Ports = 0> <Width = -1> <Depth = -1> <FIFO>
ST_2 : Operation 200 [1/1] (1.82ns)   --->   "%p_read_186 = read i32 @_ssdm_op_Read.ap_auto.i32, i32 %p_read264"   --->   Operation 200 'read' 'p_read_186' <Predicate = true> <Delay = 1.82> <CoreInst = "FIFO_SRL">   --->   Core 80 'FIFO_SRL' <Latency = 0> <II = 1> <Delay = 1.83> <Storage> <Opcode : 'read' 'write' 'nbread' 'nbwrite'> <Ports = 0> <Width = -1> <Depth = -1> <FIFO>
ST_2 : Operation 201 [1/1] (1.82ns)   --->   "%p_read_187 = read i32 @_ssdm_op_Read.ap_auto.i32, i32 %p_read263"   --->   Operation 201 'read' 'p_read_187' <Predicate = true> <Delay = 1.82> <CoreInst = "FIFO_SRL">   --->   Core 80 'FIFO_SRL' <Latency = 0> <II = 1> <Delay = 1.83> <Storage> <Opcode : 'read' 'write' 'nbread' 'nbwrite'> <Ports = 0> <Width = -1> <Depth = -1> <FIFO>
ST_2 : Operation 202 [1/1] (1.82ns)   --->   "%p_read_188 = read i32 @_ssdm_op_Read.ap_auto.i32, i32 %p_read262"   --->   Operation 202 'read' 'p_read_188' <Predicate = true> <Delay = 1.82> <CoreInst = "FIFO_SRL">   --->   Core 80 'FIFO_SRL' <Latency = 0> <II = 1> <Delay = 1.83> <Storage> <Opcode : 'read' 'write' 'nbread' 'nbwrite'> <Ports = 0> <Width = -1> <Depth = -1> <FIFO>
ST_2 : Operation 203 [1/1] (1.82ns)   --->   "%p_read_189 = read i32 @_ssdm_op_Read.ap_auto.i32, i32 %p_read261"   --->   Operation 203 'read' 'p_read_189' <Predicate = true> <Delay = 1.82> <CoreInst = "FIFO_SRL">   --->   Core 80 'FIFO_SRL' <Latency = 0> <II = 1> <Delay = 1.83> <Storage> <Opcode : 'read' 'write' 'nbread' 'nbwrite'> <Ports = 0> <Width = -1> <Depth = -1> <FIFO>
ST_2 : Operation 204 [1/1] (1.82ns)   --->   "%p_read_190 = read i32 @_ssdm_op_Read.ap_auto.i32, i32 %p_read260"   --->   Operation 204 'read' 'p_read_190' <Predicate = true> <Delay = 1.82> <CoreInst = "FIFO_SRL">   --->   Core 80 'FIFO_SRL' <Latency = 0> <II = 1> <Delay = 1.83> <Storage> <Opcode : 'read' 'write' 'nbread' 'nbwrite'> <Ports = 0> <Width = -1> <Depth = -1> <FIFO>
ST_2 : Operation 205 [1/1] (1.82ns)   --->   "%p_read_191 = read i32 @_ssdm_op_Read.ap_auto.i32, i32 %p_read259"   --->   Operation 205 'read' 'p_read_191' <Predicate = true> <Delay = 1.82> <CoreInst = "FIFO_SRL">   --->   Core 80 'FIFO_SRL' <Latency = 0> <II = 1> <Delay = 1.83> <Storage> <Opcode : 'read' 'write' 'nbread' 'nbwrite'> <Ports = 0> <Width = -1> <Depth = -1> <FIFO>
ST_2 : Operation 206 [1/1] (1.82ns)   --->   "%p_read_192 = read i32 @_ssdm_op_Read.ap_auto.i32, i32 %p_read258"   --->   Operation 206 'read' 'p_read_192' <Predicate = true> <Delay = 1.82> <CoreInst = "FIFO_SRL">   --->   Core 80 'FIFO_SRL' <Latency = 0> <II = 1> <Delay = 1.83> <Storage> <Opcode : 'read' 'write' 'nbread' 'nbwrite'> <Ports = 0> <Width = -1> <Depth = -1> <FIFO>
ST_2 : Operation 207 [1/1] (1.82ns)   --->   "%p_read_193 = read i32 @_ssdm_op_Read.ap_auto.i32, i32 %p_read257"   --->   Operation 207 'read' 'p_read_193' <Predicate = true> <Delay = 1.82> <CoreInst = "FIFO_SRL">   --->   Core 80 'FIFO_SRL' <Latency = 0> <II = 1> <Delay = 1.83> <Storage> <Opcode : 'read' 'write' 'nbread' 'nbwrite'> <Ports = 0> <Width = -1> <Depth = -1> <FIFO>
ST_2 : Operation 208 [1/1] (1.82ns)   --->   "%p_read_194 = read i32 @_ssdm_op_Read.ap_auto.i32, i32 %p_read256"   --->   Operation 208 'read' 'p_read_194' <Predicate = true> <Delay = 1.82> <CoreInst = "FIFO_SRL">   --->   Core 80 'FIFO_SRL' <Latency = 0> <II = 1> <Delay = 1.83> <Storage> <Opcode : 'read' 'write' 'nbread' 'nbwrite'> <Ports = 0> <Width = -1> <Depth = -1> <FIFO>
ST_2 : Operation 209 [1/1] (1.82ns)   --->   "%p_read_195 = read i32 @_ssdm_op_Read.ap_auto.i32, i32 %p_read255"   --->   Operation 209 'read' 'p_read_195' <Predicate = true> <Delay = 1.82> <CoreInst = "FIFO_SRL">   --->   Core 80 'FIFO_SRL' <Latency = 0> <II = 1> <Delay = 1.83> <Storage> <Opcode : 'read' 'write' 'nbread' 'nbwrite'> <Ports = 0> <Width = -1> <Depth = -1> <FIFO>
ST_2 : Operation 210 [1/1] (1.82ns)   --->   "%p_read_196 = read i32 @_ssdm_op_Read.ap_auto.i32, i32 %p_read254"   --->   Operation 210 'read' 'p_read_196' <Predicate = true> <Delay = 1.82> <CoreInst = "FIFO_SRL">   --->   Core 80 'FIFO_SRL' <Latency = 0> <II = 1> <Delay = 1.83> <Storage> <Opcode : 'read' 'write' 'nbread' 'nbwrite'> <Ports = 0> <Width = -1> <Depth = -1> <FIFO>
ST_2 : Operation 211 [1/1] (1.82ns)   --->   "%p_read_197 = read i32 @_ssdm_op_Read.ap_auto.i32, i32 %p_read253"   --->   Operation 211 'read' 'p_read_197' <Predicate = true> <Delay = 1.82> <CoreInst = "FIFO_SRL">   --->   Core 80 'FIFO_SRL' <Latency = 0> <II = 1> <Delay = 1.83> <Storage> <Opcode : 'read' 'write' 'nbread' 'nbwrite'> <Ports = 0> <Width = -1> <Depth = -1> <FIFO>
ST_2 : Operation 212 [1/1] (1.82ns)   --->   "%p_read_198 = read i32 @_ssdm_op_Read.ap_auto.i32, i32 %p_read252"   --->   Operation 212 'read' 'p_read_198' <Predicate = true> <Delay = 1.82> <CoreInst = "FIFO_SRL">   --->   Core 80 'FIFO_SRL' <Latency = 0> <II = 1> <Delay = 1.83> <Storage> <Opcode : 'read' 'write' 'nbread' 'nbwrite'> <Ports = 0> <Width = -1> <Depth = -1> <FIFO>
ST_2 : Operation 213 [1/1] (1.82ns)   --->   "%p_read_199 = read i32 @_ssdm_op_Read.ap_auto.i32, i32 %p_read251"   --->   Operation 213 'read' 'p_read_199' <Predicate = true> <Delay = 1.82> <CoreInst = "FIFO_SRL">   --->   Core 80 'FIFO_SRL' <Latency = 0> <II = 1> <Delay = 1.83> <Storage> <Opcode : 'read' 'write' 'nbread' 'nbwrite'> <Ports = 0> <Width = -1> <Depth = -1> <FIFO>
ST_2 : Operation 214 [1/1] (1.82ns)   --->   "%p_read_200 = read i32 @_ssdm_op_Read.ap_auto.i32, i32 %p_read250"   --->   Operation 214 'read' 'p_read_200' <Predicate = true> <Delay = 1.82> <CoreInst = "FIFO_SRL">   --->   Core 80 'FIFO_SRL' <Latency = 0> <II = 1> <Delay = 1.83> <Storage> <Opcode : 'read' 'write' 'nbread' 'nbwrite'> <Ports = 0> <Width = -1> <Depth = -1> <FIFO>
ST_2 : Operation 215 [1/1] (1.82ns)   --->   "%p_read_201 = read i32 @_ssdm_op_Read.ap_auto.i32, i32 %p_read249"   --->   Operation 215 'read' 'p_read_201' <Predicate = true> <Delay = 1.82> <CoreInst = "FIFO_SRL">   --->   Core 80 'FIFO_SRL' <Latency = 0> <II = 1> <Delay = 1.83> <Storage> <Opcode : 'read' 'write' 'nbread' 'nbwrite'> <Ports = 0> <Width = -1> <Depth = -1> <FIFO>
ST_2 : Operation 216 [1/1] (1.82ns)   --->   "%p_read_202 = read i32 @_ssdm_op_Read.ap_auto.i32, i32 %p_read248"   --->   Operation 216 'read' 'p_read_202' <Predicate = true> <Delay = 1.82> <CoreInst = "FIFO_SRL">   --->   Core 80 'FIFO_SRL' <Latency = 0> <II = 1> <Delay = 1.83> <Storage> <Opcode : 'read' 'write' 'nbread' 'nbwrite'> <Ports = 0> <Width = -1> <Depth = -1> <FIFO>
ST_2 : Operation 217 [1/1] (1.82ns)   --->   "%p_read_203 = read i32 @_ssdm_op_Read.ap_auto.i32, i32 %p_read247"   --->   Operation 217 'read' 'p_read_203' <Predicate = true> <Delay = 1.82> <CoreInst = "FIFO_SRL">   --->   Core 80 'FIFO_SRL' <Latency = 0> <II = 1> <Delay = 1.83> <Storage> <Opcode : 'read' 'write' 'nbread' 'nbwrite'> <Ports = 0> <Width = -1> <Depth = -1> <FIFO>
ST_2 : Operation 218 [1/1] (1.82ns)   --->   "%p_read_204 = read i32 @_ssdm_op_Read.ap_auto.i32, i32 %p_read246"   --->   Operation 218 'read' 'p_read_204' <Predicate = true> <Delay = 1.82> <CoreInst = "FIFO_SRL">   --->   Core 80 'FIFO_SRL' <Latency = 0> <II = 1> <Delay = 1.83> <Storage> <Opcode : 'read' 'write' 'nbread' 'nbwrite'> <Ports = 0> <Width = -1> <Depth = -1> <FIFO>
ST_2 : Operation 219 [1/1] (1.82ns)   --->   "%p_read_205 = read i32 @_ssdm_op_Read.ap_auto.i32, i32 %p_read245"   --->   Operation 219 'read' 'p_read_205' <Predicate = true> <Delay = 1.82> <CoreInst = "FIFO_SRL">   --->   Core 80 'FIFO_SRL' <Latency = 0> <II = 1> <Delay = 1.83> <Storage> <Opcode : 'read' 'write' 'nbread' 'nbwrite'> <Ports = 0> <Width = -1> <Depth = -1> <FIFO>
ST_2 : Operation 220 [1/1] (1.82ns)   --->   "%p_read_206 = read i32 @_ssdm_op_Read.ap_auto.i32, i32 %p_read244"   --->   Operation 220 'read' 'p_read_206' <Predicate = true> <Delay = 1.82> <CoreInst = "FIFO_SRL">   --->   Core 80 'FIFO_SRL' <Latency = 0> <II = 1> <Delay = 1.83> <Storage> <Opcode : 'read' 'write' 'nbread' 'nbwrite'> <Ports = 0> <Width = -1> <Depth = -1> <FIFO>
ST_2 : Operation 221 [1/1] (1.82ns)   --->   "%p_read_207 = read i32 @_ssdm_op_Read.ap_auto.i32, i32 %p_read243"   --->   Operation 221 'read' 'p_read_207' <Predicate = true> <Delay = 1.82> <CoreInst = "FIFO_SRL">   --->   Core 80 'FIFO_SRL' <Latency = 0> <II = 1> <Delay = 1.83> <Storage> <Opcode : 'read' 'write' 'nbread' 'nbwrite'> <Ports = 0> <Width = -1> <Depth = -1> <FIFO>
ST_2 : Operation 222 [1/1] (1.82ns)   --->   "%p_read_208 = read i32 @_ssdm_op_Read.ap_auto.i32, i32 %p_read242"   --->   Operation 222 'read' 'p_read_208' <Predicate = true> <Delay = 1.82> <CoreInst = "FIFO_SRL">   --->   Core 80 'FIFO_SRL' <Latency = 0> <II = 1> <Delay = 1.83> <Storage> <Opcode : 'read' 'write' 'nbread' 'nbwrite'> <Ports = 0> <Width = -1> <Depth = -1> <FIFO>
ST_2 : Operation 223 [1/1] (1.82ns)   --->   "%p_read_209 = read i32 @_ssdm_op_Read.ap_auto.i32, i32 %p_read241"   --->   Operation 223 'read' 'p_read_209' <Predicate = true> <Delay = 1.82> <CoreInst = "FIFO_SRL">   --->   Core 80 'FIFO_SRL' <Latency = 0> <II = 1> <Delay = 1.83> <Storage> <Opcode : 'read' 'write' 'nbread' 'nbwrite'> <Ports = 0> <Width = -1> <Depth = -1> <FIFO>
ST_2 : Operation 224 [1/1] (1.82ns)   --->   "%p_read_210 = read i32 @_ssdm_op_Read.ap_auto.i32, i32 %p_read240"   --->   Operation 224 'read' 'p_read_210' <Predicate = true> <Delay = 1.82> <CoreInst = "FIFO_SRL">   --->   Core 80 'FIFO_SRL' <Latency = 0> <II = 1> <Delay = 1.83> <Storage> <Opcode : 'read' 'write' 'nbread' 'nbwrite'> <Ports = 0> <Width = -1> <Depth = -1> <FIFO>
ST_2 : Operation 225 [1/1] (1.82ns)   --->   "%p_read_211 = read i32 @_ssdm_op_Read.ap_auto.i32, i32 %p_read239"   --->   Operation 225 'read' 'p_read_211' <Predicate = true> <Delay = 1.82> <CoreInst = "FIFO_SRL">   --->   Core 80 'FIFO_SRL' <Latency = 0> <II = 1> <Delay = 1.83> <Storage> <Opcode : 'read' 'write' 'nbread' 'nbwrite'> <Ports = 0> <Width = -1> <Depth = -1> <FIFO>
ST_2 : Operation 226 [1/1] (1.82ns)   --->   "%p_read_212 = read i32 @_ssdm_op_Read.ap_auto.i32, i32 %p_read238"   --->   Operation 226 'read' 'p_read_212' <Predicate = true> <Delay = 1.82> <CoreInst = "FIFO_SRL">   --->   Core 80 'FIFO_SRL' <Latency = 0> <II = 1> <Delay = 1.83> <Storage> <Opcode : 'read' 'write' 'nbread' 'nbwrite'> <Ports = 0> <Width = -1> <Depth = -1> <FIFO>
ST_2 : Operation 227 [1/1] (1.82ns)   --->   "%p_read_213 = read i32 @_ssdm_op_Read.ap_auto.i32, i32 %p_read237"   --->   Operation 227 'read' 'p_read_213' <Predicate = true> <Delay = 1.82> <CoreInst = "FIFO_SRL">   --->   Core 80 'FIFO_SRL' <Latency = 0> <II = 1> <Delay = 1.83> <Storage> <Opcode : 'read' 'write' 'nbread' 'nbwrite'> <Ports = 0> <Width = -1> <Depth = -1> <FIFO>
ST_2 : Operation 228 [1/1] (1.82ns)   --->   "%p_read_214 = read i32 @_ssdm_op_Read.ap_auto.i32, i32 %p_read236"   --->   Operation 228 'read' 'p_read_214' <Predicate = true> <Delay = 1.82> <CoreInst = "FIFO_SRL">   --->   Core 80 'FIFO_SRL' <Latency = 0> <II = 1> <Delay = 1.83> <Storage> <Opcode : 'read' 'write' 'nbread' 'nbwrite'> <Ports = 0> <Width = -1> <Depth = -1> <FIFO>
ST_2 : Operation 229 [1/1] (1.82ns)   --->   "%p_read_215 = read i32 @_ssdm_op_Read.ap_auto.i32, i32 %p_read235"   --->   Operation 229 'read' 'p_read_215' <Predicate = true> <Delay = 1.82> <CoreInst = "FIFO_SRL">   --->   Core 80 'FIFO_SRL' <Latency = 0> <II = 1> <Delay = 1.83> <Storage> <Opcode : 'read' 'write' 'nbread' 'nbwrite'> <Ports = 0> <Width = -1> <Depth = -1> <FIFO>
ST_2 : Operation 230 [1/1] (1.82ns)   --->   "%p_read_216 = read i32 @_ssdm_op_Read.ap_auto.i32, i32 %p_read234"   --->   Operation 230 'read' 'p_read_216' <Predicate = true> <Delay = 1.82> <CoreInst = "FIFO_SRL">   --->   Core 80 'FIFO_SRL' <Latency = 0> <II = 1> <Delay = 1.83> <Storage> <Opcode : 'read' 'write' 'nbread' 'nbwrite'> <Ports = 0> <Width = -1> <Depth = -1> <FIFO>
ST_2 : Operation 231 [1/1] (1.82ns)   --->   "%p_read_217 = read i32 @_ssdm_op_Read.ap_auto.i32, i32 %p_read233"   --->   Operation 231 'read' 'p_read_217' <Predicate = true> <Delay = 1.82> <CoreInst = "FIFO_SRL">   --->   Core 80 'FIFO_SRL' <Latency = 0> <II = 1> <Delay = 1.83> <Storage> <Opcode : 'read' 'write' 'nbread' 'nbwrite'> <Ports = 0> <Width = -1> <Depth = -1> <FIFO>
ST_2 : Operation 232 [1/1] (1.82ns)   --->   "%p_read_218 = read i32 @_ssdm_op_Read.ap_auto.i32, i32 %p_read232"   --->   Operation 232 'read' 'p_read_218' <Predicate = true> <Delay = 1.82> <CoreInst = "FIFO_SRL">   --->   Core 80 'FIFO_SRL' <Latency = 0> <II = 1> <Delay = 1.83> <Storage> <Opcode : 'read' 'write' 'nbread' 'nbwrite'> <Ports = 0> <Width = -1> <Depth = -1> <FIFO>
ST_2 : Operation 233 [1/1] (1.82ns)   --->   "%p_read_219 = read i32 @_ssdm_op_Read.ap_auto.i32, i32 %p_read231"   --->   Operation 233 'read' 'p_read_219' <Predicate = true> <Delay = 1.82> <CoreInst = "FIFO_SRL">   --->   Core 80 'FIFO_SRL' <Latency = 0> <II = 1> <Delay = 1.83> <Storage> <Opcode : 'read' 'write' 'nbread' 'nbwrite'> <Ports = 0> <Width = -1> <Depth = -1> <FIFO>
ST_2 : Operation 234 [1/1] (1.82ns)   --->   "%p_read_220 = read i32 @_ssdm_op_Read.ap_auto.i32, i32 %p_read230"   --->   Operation 234 'read' 'p_read_220' <Predicate = true> <Delay = 1.82> <CoreInst = "FIFO_SRL">   --->   Core 80 'FIFO_SRL' <Latency = 0> <II = 1> <Delay = 1.83> <Storage> <Opcode : 'read' 'write' 'nbread' 'nbwrite'> <Ports = 0> <Width = -1> <Depth = -1> <FIFO>
ST_2 : Operation 235 [1/1] (1.82ns)   --->   "%p_read_221 = read i32 @_ssdm_op_Read.ap_auto.i32, i32 %p_read229"   --->   Operation 235 'read' 'p_read_221' <Predicate = true> <Delay = 1.82> <CoreInst = "FIFO_SRL">   --->   Core 80 'FIFO_SRL' <Latency = 0> <II = 1> <Delay = 1.83> <Storage> <Opcode : 'read' 'write' 'nbread' 'nbwrite'> <Ports = 0> <Width = -1> <Depth = -1> <FIFO>
ST_2 : Operation 236 [1/1] (1.82ns)   --->   "%p_read_222 = read i32 @_ssdm_op_Read.ap_auto.i32, i32 %p_read228"   --->   Operation 236 'read' 'p_read_222' <Predicate = true> <Delay = 1.82> <CoreInst = "FIFO_SRL">   --->   Core 80 'FIFO_SRL' <Latency = 0> <II = 1> <Delay = 1.83> <Storage> <Opcode : 'read' 'write' 'nbread' 'nbwrite'> <Ports = 0> <Width = -1> <Depth = -1> <FIFO>
ST_2 : Operation 237 [1/1] (1.82ns)   --->   "%p_read_223 = read i32 @_ssdm_op_Read.ap_auto.i32, i32 %p_read227"   --->   Operation 237 'read' 'p_read_223' <Predicate = true> <Delay = 1.82> <CoreInst = "FIFO_SRL">   --->   Core 80 'FIFO_SRL' <Latency = 0> <II = 1> <Delay = 1.83> <Storage> <Opcode : 'read' 'write' 'nbread' 'nbwrite'> <Ports = 0> <Width = -1> <Depth = -1> <FIFO>
ST_2 : Operation 238 [1/1] (1.82ns)   --->   "%p_read_224 = read i32 @_ssdm_op_Read.ap_auto.i32, i32 %p_read226"   --->   Operation 238 'read' 'p_read_224' <Predicate = true> <Delay = 1.82> <CoreInst = "FIFO_SRL">   --->   Core 80 'FIFO_SRL' <Latency = 0> <II = 1> <Delay = 1.83> <Storage> <Opcode : 'read' 'write' 'nbread' 'nbwrite'> <Ports = 0> <Width = -1> <Depth = -1> <FIFO>
ST_2 : Operation 239 [1/1] (1.82ns)   --->   "%p_read_225 = read i32 @_ssdm_op_Read.ap_auto.i32, i32 %p_read225"   --->   Operation 239 'read' 'p_read_225' <Predicate = true> <Delay = 1.82> <CoreInst = "FIFO_SRL">   --->   Core 80 'FIFO_SRL' <Latency = 0> <II = 1> <Delay = 1.83> <Storage> <Opcode : 'read' 'write' 'nbread' 'nbwrite'> <Ports = 0> <Width = -1> <Depth = -1> <FIFO>
ST_2 : Operation 240 [1/1] (1.82ns)   --->   "%p_read_226 = read i32 @_ssdm_op_Read.ap_auto.i32, i32 %p_read224"   --->   Operation 240 'read' 'p_read_226' <Predicate = true> <Delay = 1.82> <CoreInst = "FIFO_SRL">   --->   Core 80 'FIFO_SRL' <Latency = 0> <II = 1> <Delay = 1.83> <Storage> <Opcode : 'read' 'write' 'nbread' 'nbwrite'> <Ports = 0> <Width = -1> <Depth = -1> <FIFO>
ST_2 : Operation 241 [1/1] (1.82ns)   --->   "%p_read_227 = read i32 @_ssdm_op_Read.ap_auto.i32, i32 %p_read223"   --->   Operation 241 'read' 'p_read_227' <Predicate = true> <Delay = 1.82> <CoreInst = "FIFO_SRL">   --->   Core 80 'FIFO_SRL' <Latency = 0> <II = 1> <Delay = 1.83> <Storage> <Opcode : 'read' 'write' 'nbread' 'nbwrite'> <Ports = 0> <Width = -1> <Depth = -1> <FIFO>
ST_2 : Operation 242 [1/1] (1.82ns)   --->   "%p_read_228 = read i32 @_ssdm_op_Read.ap_auto.i32, i32 %p_read222"   --->   Operation 242 'read' 'p_read_228' <Predicate = true> <Delay = 1.82> <CoreInst = "FIFO_SRL">   --->   Core 80 'FIFO_SRL' <Latency = 0> <II = 1> <Delay = 1.83> <Storage> <Opcode : 'read' 'write' 'nbread' 'nbwrite'> <Ports = 0> <Width = -1> <Depth = -1> <FIFO>
ST_2 : Operation 243 [1/1] (1.82ns)   --->   "%p_read_229 = read i32 @_ssdm_op_Read.ap_auto.i32, i32 %p_read221"   --->   Operation 243 'read' 'p_read_229' <Predicate = true> <Delay = 1.82> <CoreInst = "FIFO_SRL">   --->   Core 80 'FIFO_SRL' <Latency = 0> <II = 1> <Delay = 1.83> <Storage> <Opcode : 'read' 'write' 'nbread' 'nbwrite'> <Ports = 0> <Width = -1> <Depth = -1> <FIFO>
ST_2 : Operation 244 [1/1] (1.82ns)   --->   "%p_read_230 = read i32 @_ssdm_op_Read.ap_auto.i32, i32 %p_read220"   --->   Operation 244 'read' 'p_read_230' <Predicate = true> <Delay = 1.82> <CoreInst = "FIFO_SRL">   --->   Core 80 'FIFO_SRL' <Latency = 0> <II = 1> <Delay = 1.83> <Storage> <Opcode : 'read' 'write' 'nbread' 'nbwrite'> <Ports = 0> <Width = -1> <Depth = -1> <FIFO>
ST_2 : Operation 245 [1/1] (1.82ns)   --->   "%p_read_231 = read i32 @_ssdm_op_Read.ap_auto.i32, i32 %p_read219"   --->   Operation 245 'read' 'p_read_231' <Predicate = true> <Delay = 1.82> <CoreInst = "FIFO_SRL">   --->   Core 80 'FIFO_SRL' <Latency = 0> <II = 1> <Delay = 1.83> <Storage> <Opcode : 'read' 'write' 'nbread' 'nbwrite'> <Ports = 0> <Width = -1> <Depth = -1> <FIFO>
ST_2 : Operation 246 [1/1] (1.82ns)   --->   "%p_read_232 = read i32 @_ssdm_op_Read.ap_auto.i32, i32 %p_read218"   --->   Operation 246 'read' 'p_read_232' <Predicate = true> <Delay = 1.82> <CoreInst = "FIFO_SRL">   --->   Core 80 'FIFO_SRL' <Latency = 0> <II = 1> <Delay = 1.83> <Storage> <Opcode : 'read' 'write' 'nbread' 'nbwrite'> <Ports = 0> <Width = -1> <Depth = -1> <FIFO>
ST_2 : Operation 247 [1/1] (1.82ns)   --->   "%p_read_233 = read i32 @_ssdm_op_Read.ap_auto.i32, i32 %p_read217"   --->   Operation 247 'read' 'p_read_233' <Predicate = true> <Delay = 1.82> <CoreInst = "FIFO_SRL">   --->   Core 80 'FIFO_SRL' <Latency = 0> <II = 1> <Delay = 1.83> <Storage> <Opcode : 'read' 'write' 'nbread' 'nbwrite'> <Ports = 0> <Width = -1> <Depth = -1> <FIFO>
ST_2 : Operation 248 [1/1] (1.82ns)   --->   "%p_read_234 = read i32 @_ssdm_op_Read.ap_auto.i32, i32 %p_read216"   --->   Operation 248 'read' 'p_read_234' <Predicate = true> <Delay = 1.82> <CoreInst = "FIFO_SRL">   --->   Core 80 'FIFO_SRL' <Latency = 0> <II = 1> <Delay = 1.83> <Storage> <Opcode : 'read' 'write' 'nbread' 'nbwrite'> <Ports = 0> <Width = -1> <Depth = -1> <FIFO>
ST_2 : Operation 249 [1/1] (1.82ns)   --->   "%p_read_235 = read i32 @_ssdm_op_Read.ap_auto.i32, i32 %p_read215"   --->   Operation 249 'read' 'p_read_235' <Predicate = true> <Delay = 1.82> <CoreInst = "FIFO_SRL">   --->   Core 80 'FIFO_SRL' <Latency = 0> <II = 1> <Delay = 1.83> <Storage> <Opcode : 'read' 'write' 'nbread' 'nbwrite'> <Ports = 0> <Width = -1> <Depth = -1> <FIFO>
ST_2 : Operation 250 [1/1] (1.82ns)   --->   "%p_read_236 = read i32 @_ssdm_op_Read.ap_auto.i32, i32 %p_read214"   --->   Operation 250 'read' 'p_read_236' <Predicate = true> <Delay = 1.82> <CoreInst = "FIFO_SRL">   --->   Core 80 'FIFO_SRL' <Latency = 0> <II = 1> <Delay = 1.83> <Storage> <Opcode : 'read' 'write' 'nbread' 'nbwrite'> <Ports = 0> <Width = -1> <Depth = -1> <FIFO>
ST_2 : Operation 251 [1/1] (1.82ns)   --->   "%p_read_237 = read i32 @_ssdm_op_Read.ap_auto.i32, i32 %p_read213"   --->   Operation 251 'read' 'p_read_237' <Predicate = true> <Delay = 1.82> <CoreInst = "FIFO_SRL">   --->   Core 80 'FIFO_SRL' <Latency = 0> <II = 1> <Delay = 1.83> <Storage> <Opcode : 'read' 'write' 'nbread' 'nbwrite'> <Ports = 0> <Width = -1> <Depth = -1> <FIFO>
ST_2 : Operation 252 [1/1] (1.82ns)   --->   "%p_read_238 = read i32 @_ssdm_op_Read.ap_auto.i32, i32 %p_read212"   --->   Operation 252 'read' 'p_read_238' <Predicate = true> <Delay = 1.82> <CoreInst = "FIFO_SRL">   --->   Core 80 'FIFO_SRL' <Latency = 0> <II = 1> <Delay = 1.83> <Storage> <Opcode : 'read' 'write' 'nbread' 'nbwrite'> <Ports = 0> <Width = -1> <Depth = -1> <FIFO>
ST_2 : Operation 253 [1/1] (1.82ns)   --->   "%p_read_239 = read i32 @_ssdm_op_Read.ap_auto.i32, i32 %p_read211"   --->   Operation 253 'read' 'p_read_239' <Predicate = true> <Delay = 1.82> <CoreInst = "FIFO_SRL">   --->   Core 80 'FIFO_SRL' <Latency = 0> <II = 1> <Delay = 1.83> <Storage> <Opcode : 'read' 'write' 'nbread' 'nbwrite'> <Ports = 0> <Width = -1> <Depth = -1> <FIFO>
ST_2 : Operation 254 [1/1] (1.82ns)   --->   "%p_read_240 = read i32 @_ssdm_op_Read.ap_auto.i32, i32 %p_read210"   --->   Operation 254 'read' 'p_read_240' <Predicate = true> <Delay = 1.82> <CoreInst = "FIFO_SRL">   --->   Core 80 'FIFO_SRL' <Latency = 0> <II = 1> <Delay = 1.83> <Storage> <Opcode : 'read' 'write' 'nbread' 'nbwrite'> <Ports = 0> <Width = -1> <Depth = -1> <FIFO>
ST_2 : Operation 255 [1/1] (1.82ns)   --->   "%p_read_241 = read i32 @_ssdm_op_Read.ap_auto.i32, i32 %p_read209"   --->   Operation 255 'read' 'p_read_241' <Predicate = true> <Delay = 1.82> <CoreInst = "FIFO_SRL">   --->   Core 80 'FIFO_SRL' <Latency = 0> <II = 1> <Delay = 1.83> <Storage> <Opcode : 'read' 'write' 'nbread' 'nbwrite'> <Ports = 0> <Width = -1> <Depth = -1> <FIFO>
ST_2 : Operation 256 [1/1] (1.82ns)   --->   "%p_read_242 = read i32 @_ssdm_op_Read.ap_auto.i32, i32 %p_read208"   --->   Operation 256 'read' 'p_read_242' <Predicate = true> <Delay = 1.82> <CoreInst = "FIFO_SRL">   --->   Core 80 'FIFO_SRL' <Latency = 0> <II = 1> <Delay = 1.83> <Storage> <Opcode : 'read' 'write' 'nbread' 'nbwrite'> <Ports = 0> <Width = -1> <Depth = -1> <FIFO>
ST_2 : Operation 257 [1/1] (1.82ns)   --->   "%p_read_243 = read i32 @_ssdm_op_Read.ap_auto.i32, i32 %p_read207"   --->   Operation 257 'read' 'p_read_243' <Predicate = true> <Delay = 1.82> <CoreInst = "FIFO_SRL">   --->   Core 80 'FIFO_SRL' <Latency = 0> <II = 1> <Delay = 1.83> <Storage> <Opcode : 'read' 'write' 'nbread' 'nbwrite'> <Ports = 0> <Width = -1> <Depth = -1> <FIFO>
ST_2 : Operation 258 [1/1] (1.82ns)   --->   "%p_read_244 = read i32 @_ssdm_op_Read.ap_auto.i32, i32 %p_read206"   --->   Operation 258 'read' 'p_read_244' <Predicate = true> <Delay = 1.82> <CoreInst = "FIFO_SRL">   --->   Core 80 'FIFO_SRL' <Latency = 0> <II = 1> <Delay = 1.83> <Storage> <Opcode : 'read' 'write' 'nbread' 'nbwrite'> <Ports = 0> <Width = -1> <Depth = -1> <FIFO>
ST_2 : Operation 259 [1/1] (1.82ns)   --->   "%p_read_245 = read i32 @_ssdm_op_Read.ap_auto.i32, i32 %p_read205"   --->   Operation 259 'read' 'p_read_245' <Predicate = true> <Delay = 1.82> <CoreInst = "FIFO_SRL">   --->   Core 80 'FIFO_SRL' <Latency = 0> <II = 1> <Delay = 1.83> <Storage> <Opcode : 'read' 'write' 'nbread' 'nbwrite'> <Ports = 0> <Width = -1> <Depth = -1> <FIFO>
ST_2 : Operation 260 [1/1] (1.82ns)   --->   "%p_read_246 = read i32 @_ssdm_op_Read.ap_auto.i32, i32 %p_read204"   --->   Operation 260 'read' 'p_read_246' <Predicate = true> <Delay = 1.82> <CoreInst = "FIFO_SRL">   --->   Core 80 'FIFO_SRL' <Latency = 0> <II = 1> <Delay = 1.83> <Storage> <Opcode : 'read' 'write' 'nbread' 'nbwrite'> <Ports = 0> <Width = -1> <Depth = -1> <FIFO>
ST_2 : Operation 261 [1/1] (1.82ns)   --->   "%p_read_247 = read i32 @_ssdm_op_Read.ap_auto.i32, i32 %p_read203"   --->   Operation 261 'read' 'p_read_247' <Predicate = true> <Delay = 1.82> <CoreInst = "FIFO_SRL">   --->   Core 80 'FIFO_SRL' <Latency = 0> <II = 1> <Delay = 1.83> <Storage> <Opcode : 'read' 'write' 'nbread' 'nbwrite'> <Ports = 0> <Width = -1> <Depth = -1> <FIFO>
ST_2 : Operation 262 [1/1] (1.82ns)   --->   "%p_read_248 = read i32 @_ssdm_op_Read.ap_auto.i32, i32 %p_read202"   --->   Operation 262 'read' 'p_read_248' <Predicate = true> <Delay = 1.82> <CoreInst = "FIFO_SRL">   --->   Core 80 'FIFO_SRL' <Latency = 0> <II = 1> <Delay = 1.83> <Storage> <Opcode : 'read' 'write' 'nbread' 'nbwrite'> <Ports = 0> <Width = -1> <Depth = -1> <FIFO>
ST_2 : Operation 263 [1/1] (1.82ns)   --->   "%p_read_249 = read i32 @_ssdm_op_Read.ap_auto.i32, i32 %p_read201"   --->   Operation 263 'read' 'p_read_249' <Predicate = true> <Delay = 1.82> <CoreInst = "FIFO_SRL">   --->   Core 80 'FIFO_SRL' <Latency = 0> <II = 1> <Delay = 1.83> <Storage> <Opcode : 'read' 'write' 'nbread' 'nbwrite'> <Ports = 0> <Width = -1> <Depth = -1> <FIFO>
ST_2 : Operation 264 [1/1] (1.82ns)   --->   "%p_read_250 = read i32 @_ssdm_op_Read.ap_auto.i32, i32 %p_read200"   --->   Operation 264 'read' 'p_read_250' <Predicate = true> <Delay = 1.82> <CoreInst = "FIFO_SRL">   --->   Core 80 'FIFO_SRL' <Latency = 0> <II = 1> <Delay = 1.83> <Storage> <Opcode : 'read' 'write' 'nbread' 'nbwrite'> <Ports = 0> <Width = -1> <Depth = -1> <FIFO>
ST_2 : Operation 265 [1/1] (1.82ns)   --->   "%p_read_251 = read i32 @_ssdm_op_Read.ap_auto.i32, i32 %p_read199"   --->   Operation 265 'read' 'p_read_251' <Predicate = true> <Delay = 1.82> <CoreInst = "FIFO_SRL">   --->   Core 80 'FIFO_SRL' <Latency = 0> <II = 1> <Delay = 1.83> <Storage> <Opcode : 'read' 'write' 'nbread' 'nbwrite'> <Ports = 0> <Width = -1> <Depth = -1> <FIFO>
ST_2 : Operation 266 [1/1] (1.82ns)   --->   "%p_read_252 = read i32 @_ssdm_op_Read.ap_auto.i32, i32 %p_read198"   --->   Operation 266 'read' 'p_read_252' <Predicate = true> <Delay = 1.82> <CoreInst = "FIFO_SRL">   --->   Core 80 'FIFO_SRL' <Latency = 0> <II = 1> <Delay = 1.83> <Storage> <Opcode : 'read' 'write' 'nbread' 'nbwrite'> <Ports = 0> <Width = -1> <Depth = -1> <FIFO>
ST_2 : Operation 267 [1/1] (1.82ns)   --->   "%p_read_253 = read i32 @_ssdm_op_Read.ap_auto.i32, i32 %p_read197"   --->   Operation 267 'read' 'p_read_253' <Predicate = true> <Delay = 1.82> <CoreInst = "FIFO_SRL">   --->   Core 80 'FIFO_SRL' <Latency = 0> <II = 1> <Delay = 1.83> <Storage> <Opcode : 'read' 'write' 'nbread' 'nbwrite'> <Ports = 0> <Width = -1> <Depth = -1> <FIFO>
ST_2 : Operation 268 [1/1] (1.82ns)   --->   "%p_read_254 = read i32 @_ssdm_op_Read.ap_auto.i32, i32 %p_read196"   --->   Operation 268 'read' 'p_read_254' <Predicate = true> <Delay = 1.82> <CoreInst = "FIFO_SRL">   --->   Core 80 'FIFO_SRL' <Latency = 0> <II = 1> <Delay = 1.83> <Storage> <Opcode : 'read' 'write' 'nbread' 'nbwrite'> <Ports = 0> <Width = -1> <Depth = -1> <FIFO>
ST_2 : Operation 269 [1/1] (1.82ns)   --->   "%p_read_255 = read i32 @_ssdm_op_Read.ap_auto.i32, i32 %p_read195"   --->   Operation 269 'read' 'p_read_255' <Predicate = true> <Delay = 1.82> <CoreInst = "FIFO_SRL">   --->   Core 80 'FIFO_SRL' <Latency = 0> <II = 1> <Delay = 1.83> <Storage> <Opcode : 'read' 'write' 'nbread' 'nbwrite'> <Ports = 0> <Width = -1> <Depth = -1> <FIFO>
ST_2 : Operation 270 [1/1] (1.82ns)   --->   "%p_read_256 = read i32 @_ssdm_op_Read.ap_auto.i32, i32 %p_read194"   --->   Operation 270 'read' 'p_read_256' <Predicate = true> <Delay = 1.82> <CoreInst = "FIFO_SRL">   --->   Core 80 'FIFO_SRL' <Latency = 0> <II = 1> <Delay = 1.83> <Storage> <Opcode : 'read' 'write' 'nbread' 'nbwrite'> <Ports = 0> <Width = -1> <Depth = -1> <FIFO>
ST_2 : Operation 271 [1/1] (1.82ns)   --->   "%p_read_257 = read i32 @_ssdm_op_Read.ap_auto.i32, i32 %p_read193"   --->   Operation 271 'read' 'p_read_257' <Predicate = true> <Delay = 1.82> <CoreInst = "FIFO_SRL">   --->   Core 80 'FIFO_SRL' <Latency = 0> <II = 1> <Delay = 1.83> <Storage> <Opcode : 'read' 'write' 'nbread' 'nbwrite'> <Ports = 0> <Width = -1> <Depth = -1> <FIFO>
ST_2 : Operation 272 [1/1] (1.82ns)   --->   "%p_read_258 = read i32 @_ssdm_op_Read.ap_auto.i32, i32 %p_read192"   --->   Operation 272 'read' 'p_read_258' <Predicate = true> <Delay = 1.82> <CoreInst = "FIFO_SRL">   --->   Core 80 'FIFO_SRL' <Latency = 0> <II = 1> <Delay = 1.83> <Storage> <Opcode : 'read' 'write' 'nbread' 'nbwrite'> <Ports = 0> <Width = -1> <Depth = -1> <FIFO>
ST_2 : Operation 273 [1/1] (1.82ns)   --->   "%p_read_259 = read i32 @_ssdm_op_Read.ap_auto.i32, i32 %p_read191"   --->   Operation 273 'read' 'p_read_259' <Predicate = true> <Delay = 1.82> <CoreInst = "FIFO_SRL">   --->   Core 80 'FIFO_SRL' <Latency = 0> <II = 1> <Delay = 1.83> <Storage> <Opcode : 'read' 'write' 'nbread' 'nbwrite'> <Ports = 0> <Width = -1> <Depth = -1> <FIFO>
ST_2 : Operation 274 [1/1] (1.82ns)   --->   "%p_read_260 = read i32 @_ssdm_op_Read.ap_auto.i32, i32 %p_read190"   --->   Operation 274 'read' 'p_read_260' <Predicate = true> <Delay = 1.82> <CoreInst = "FIFO_SRL">   --->   Core 80 'FIFO_SRL' <Latency = 0> <II = 1> <Delay = 1.83> <Storage> <Opcode : 'read' 'write' 'nbread' 'nbwrite'> <Ports = 0> <Width = -1> <Depth = -1> <FIFO>
ST_2 : Operation 275 [1/1] (1.82ns)   --->   "%p_read_261 = read i32 @_ssdm_op_Read.ap_auto.i32, i32 %p_read189"   --->   Operation 275 'read' 'p_read_261' <Predicate = true> <Delay = 1.82> <CoreInst = "FIFO_SRL">   --->   Core 80 'FIFO_SRL' <Latency = 0> <II = 1> <Delay = 1.83> <Storage> <Opcode : 'read' 'write' 'nbread' 'nbwrite'> <Ports = 0> <Width = -1> <Depth = -1> <FIFO>
ST_2 : Operation 276 [1/1] (1.82ns)   --->   "%p_read_262 = read i32 @_ssdm_op_Read.ap_auto.i32, i32 %p_read188"   --->   Operation 276 'read' 'p_read_262' <Predicate = true> <Delay = 1.82> <CoreInst = "FIFO_SRL">   --->   Core 80 'FIFO_SRL' <Latency = 0> <II = 1> <Delay = 1.83> <Storage> <Opcode : 'read' 'write' 'nbread' 'nbwrite'> <Ports = 0> <Width = -1> <Depth = -1> <FIFO>
ST_2 : Operation 277 [1/1] (1.82ns)   --->   "%p_read_263 = read i32 @_ssdm_op_Read.ap_auto.i32, i32 %p_read187"   --->   Operation 277 'read' 'p_read_263' <Predicate = true> <Delay = 1.82> <CoreInst = "FIFO_SRL">   --->   Core 80 'FIFO_SRL' <Latency = 0> <II = 1> <Delay = 1.83> <Storage> <Opcode : 'read' 'write' 'nbread' 'nbwrite'> <Ports = 0> <Width = -1> <Depth = -1> <FIFO>
ST_2 : Operation 278 [1/1] (1.82ns)   --->   "%p_read_264 = read i32 @_ssdm_op_Read.ap_auto.i32, i32 %p_read186"   --->   Operation 278 'read' 'p_read_264' <Predicate = true> <Delay = 1.82> <CoreInst = "FIFO_SRL">   --->   Core 80 'FIFO_SRL' <Latency = 0> <II = 1> <Delay = 1.83> <Storage> <Opcode : 'read' 'write' 'nbread' 'nbwrite'> <Ports = 0> <Width = -1> <Depth = -1> <FIFO>
ST_2 : Operation 279 [1/1] (1.82ns)   --->   "%p_read_265 = read i32 @_ssdm_op_Read.ap_auto.i32, i32 %p_read185"   --->   Operation 279 'read' 'p_read_265' <Predicate = true> <Delay = 1.82> <CoreInst = "FIFO_SRL">   --->   Core 80 'FIFO_SRL' <Latency = 0> <II = 1> <Delay = 1.83> <Storage> <Opcode : 'read' 'write' 'nbread' 'nbwrite'> <Ports = 0> <Width = -1> <Depth = -1> <FIFO>
ST_2 : Operation 280 [1/1] (1.82ns)   --->   "%p_read_266 = read i32 @_ssdm_op_Read.ap_auto.i32, i32 %p_read184"   --->   Operation 280 'read' 'p_read_266' <Predicate = true> <Delay = 1.82> <CoreInst = "FIFO_SRL">   --->   Core 80 'FIFO_SRL' <Latency = 0> <II = 1> <Delay = 1.83> <Storage> <Opcode : 'read' 'write' 'nbread' 'nbwrite'> <Ports = 0> <Width = -1> <Depth = -1> <FIFO>
ST_2 : Operation 281 [1/1] (1.82ns)   --->   "%p_read_267 = read i32 @_ssdm_op_Read.ap_auto.i32, i32 %p_read183"   --->   Operation 281 'read' 'p_read_267' <Predicate = true> <Delay = 1.82> <CoreInst = "FIFO_SRL">   --->   Core 80 'FIFO_SRL' <Latency = 0> <II = 1> <Delay = 1.83> <Storage> <Opcode : 'read' 'write' 'nbread' 'nbwrite'> <Ports = 0> <Width = -1> <Depth = -1> <FIFO>
ST_2 : Operation 282 [1/1] (1.82ns)   --->   "%p_read_268 = read i32 @_ssdm_op_Read.ap_auto.i32, i32 %p_read182"   --->   Operation 282 'read' 'p_read_268' <Predicate = true> <Delay = 1.82> <CoreInst = "FIFO_SRL">   --->   Core 80 'FIFO_SRL' <Latency = 0> <II = 1> <Delay = 1.83> <Storage> <Opcode : 'read' 'write' 'nbread' 'nbwrite'> <Ports = 0> <Width = -1> <Depth = -1> <FIFO>
ST_2 : Operation 283 [1/1] (1.82ns)   --->   "%p_read_269 = read i32 @_ssdm_op_Read.ap_auto.i32, i32 %p_read181"   --->   Operation 283 'read' 'p_read_269' <Predicate = true> <Delay = 1.82> <CoreInst = "FIFO_SRL">   --->   Core 80 'FIFO_SRL' <Latency = 0> <II = 1> <Delay = 1.83> <Storage> <Opcode : 'read' 'write' 'nbread' 'nbwrite'> <Ports = 0> <Width = -1> <Depth = -1> <FIFO>
ST_2 : Operation 284 [1/1] (1.82ns)   --->   "%p_read_270 = read i32 @_ssdm_op_Read.ap_auto.i32, i32 %p_read180"   --->   Operation 284 'read' 'p_read_270' <Predicate = true> <Delay = 1.82> <CoreInst = "FIFO_SRL">   --->   Core 80 'FIFO_SRL' <Latency = 0> <II = 1> <Delay = 1.83> <Storage> <Opcode : 'read' 'write' 'nbread' 'nbwrite'> <Ports = 0> <Width = -1> <Depth = -1> <FIFO>
ST_2 : Operation 285 [1/1] (1.82ns)   --->   "%p_read_271 = read i32 @_ssdm_op_Read.ap_auto.i32, i32 %p_read179"   --->   Operation 285 'read' 'p_read_271' <Predicate = true> <Delay = 1.82> <CoreInst = "FIFO_SRL">   --->   Core 80 'FIFO_SRL' <Latency = 0> <II = 1> <Delay = 1.83> <Storage> <Opcode : 'read' 'write' 'nbread' 'nbwrite'> <Ports = 0> <Width = -1> <Depth = -1> <FIFO>
ST_2 : Operation 286 [1/1] (1.82ns)   --->   "%p_read_272 = read i32 @_ssdm_op_Read.ap_auto.i32, i32 %p_read178"   --->   Operation 286 'read' 'p_read_272' <Predicate = true> <Delay = 1.82> <CoreInst = "FIFO_SRL">   --->   Core 80 'FIFO_SRL' <Latency = 0> <II = 1> <Delay = 1.83> <Storage> <Opcode : 'read' 'write' 'nbread' 'nbwrite'> <Ports = 0> <Width = -1> <Depth = -1> <FIFO>
ST_2 : Operation 287 [1/1] (1.82ns)   --->   "%p_read_273 = read i32 @_ssdm_op_Read.ap_auto.i32, i32 %p_read177"   --->   Operation 287 'read' 'p_read_273' <Predicate = true> <Delay = 1.82> <CoreInst = "FIFO_SRL">   --->   Core 80 'FIFO_SRL' <Latency = 0> <II = 1> <Delay = 1.83> <Storage> <Opcode : 'read' 'write' 'nbread' 'nbwrite'> <Ports = 0> <Width = -1> <Depth = -1> <FIFO>
ST_2 : Operation 288 [1/1] (1.82ns)   --->   "%p_read_274 = read i32 @_ssdm_op_Read.ap_auto.i32, i32 %p_read176"   --->   Operation 288 'read' 'p_read_274' <Predicate = true> <Delay = 1.82> <CoreInst = "FIFO_SRL">   --->   Core 80 'FIFO_SRL' <Latency = 0> <II = 1> <Delay = 1.83> <Storage> <Opcode : 'read' 'write' 'nbread' 'nbwrite'> <Ports = 0> <Width = -1> <Depth = -1> <FIFO>
ST_2 : Operation 289 [1/1] (1.82ns)   --->   "%p_read_275 = read i32 @_ssdm_op_Read.ap_auto.i32, i32 %p_read175"   --->   Operation 289 'read' 'p_read_275' <Predicate = true> <Delay = 1.82> <CoreInst = "FIFO_SRL">   --->   Core 80 'FIFO_SRL' <Latency = 0> <II = 1> <Delay = 1.83> <Storage> <Opcode : 'read' 'write' 'nbread' 'nbwrite'> <Ports = 0> <Width = -1> <Depth = -1> <FIFO>
ST_2 : Operation 290 [1/1] (1.82ns)   --->   "%p_read_276 = read i32 @_ssdm_op_Read.ap_auto.i32, i32 %p_read174"   --->   Operation 290 'read' 'p_read_276' <Predicate = true> <Delay = 1.82> <CoreInst = "FIFO_SRL">   --->   Core 80 'FIFO_SRL' <Latency = 0> <II = 1> <Delay = 1.83> <Storage> <Opcode : 'read' 'write' 'nbread' 'nbwrite'> <Ports = 0> <Width = -1> <Depth = -1> <FIFO>
ST_2 : Operation 291 [1/1] (1.82ns)   --->   "%p_read_277 = read i32 @_ssdm_op_Read.ap_auto.i32, i32 %p_read173"   --->   Operation 291 'read' 'p_read_277' <Predicate = true> <Delay = 1.82> <CoreInst = "FIFO_SRL">   --->   Core 80 'FIFO_SRL' <Latency = 0> <II = 1> <Delay = 1.83> <Storage> <Opcode : 'read' 'write' 'nbread' 'nbwrite'> <Ports = 0> <Width = -1> <Depth = -1> <FIFO>
ST_2 : Operation 292 [1/1] (1.82ns)   --->   "%p_read_278 = read i32 @_ssdm_op_Read.ap_auto.i32, i32 %p_read172"   --->   Operation 292 'read' 'p_read_278' <Predicate = true> <Delay = 1.82> <CoreInst = "FIFO_SRL">   --->   Core 80 'FIFO_SRL' <Latency = 0> <II = 1> <Delay = 1.83> <Storage> <Opcode : 'read' 'write' 'nbread' 'nbwrite'> <Ports = 0> <Width = -1> <Depth = -1> <FIFO>
ST_2 : Operation 293 [1/1] (1.82ns)   --->   "%p_read_279 = read i32 @_ssdm_op_Read.ap_auto.i32, i32 %p_read171"   --->   Operation 293 'read' 'p_read_279' <Predicate = true> <Delay = 1.82> <CoreInst = "FIFO_SRL">   --->   Core 80 'FIFO_SRL' <Latency = 0> <II = 1> <Delay = 1.83> <Storage> <Opcode : 'read' 'write' 'nbread' 'nbwrite'> <Ports = 0> <Width = -1> <Depth = -1> <FIFO>
ST_2 : Operation 294 [1/1] (1.82ns)   --->   "%p_read_280 = read i32 @_ssdm_op_Read.ap_auto.i32, i32 %p_read170"   --->   Operation 294 'read' 'p_read_280' <Predicate = true> <Delay = 1.82> <CoreInst = "FIFO_SRL">   --->   Core 80 'FIFO_SRL' <Latency = 0> <II = 1> <Delay = 1.83> <Storage> <Opcode : 'read' 'write' 'nbread' 'nbwrite'> <Ports = 0> <Width = -1> <Depth = -1> <FIFO>
ST_2 : Operation 295 [1/1] (1.82ns)   --->   "%p_read_281 = read i32 @_ssdm_op_Read.ap_auto.i32, i32 %p_read169"   --->   Operation 295 'read' 'p_read_281' <Predicate = true> <Delay = 1.82> <CoreInst = "FIFO_SRL">   --->   Core 80 'FIFO_SRL' <Latency = 0> <II = 1> <Delay = 1.83> <Storage> <Opcode : 'read' 'write' 'nbread' 'nbwrite'> <Ports = 0> <Width = -1> <Depth = -1> <FIFO>
ST_2 : Operation 296 [1/1] (1.82ns)   --->   "%p_read_282 = read i32 @_ssdm_op_Read.ap_auto.i32, i32 %p_read168"   --->   Operation 296 'read' 'p_read_282' <Predicate = true> <Delay = 1.82> <CoreInst = "FIFO_SRL">   --->   Core 80 'FIFO_SRL' <Latency = 0> <II = 1> <Delay = 1.83> <Storage> <Opcode : 'read' 'write' 'nbread' 'nbwrite'> <Ports = 0> <Width = -1> <Depth = -1> <FIFO>
ST_2 : Operation 297 [1/1] (1.82ns)   --->   "%p_read_283 = read i32 @_ssdm_op_Read.ap_auto.i32, i32 %p_read167"   --->   Operation 297 'read' 'p_read_283' <Predicate = true> <Delay = 1.82> <CoreInst = "FIFO_SRL">   --->   Core 80 'FIFO_SRL' <Latency = 0> <II = 1> <Delay = 1.83> <Storage> <Opcode : 'read' 'write' 'nbread' 'nbwrite'> <Ports = 0> <Width = -1> <Depth = -1> <FIFO>
ST_2 : Operation 298 [1/1] (1.82ns)   --->   "%p_read_284 = read i32 @_ssdm_op_Read.ap_auto.i32, i32 %p_read166"   --->   Operation 298 'read' 'p_read_284' <Predicate = true> <Delay = 1.82> <CoreInst = "FIFO_SRL">   --->   Core 80 'FIFO_SRL' <Latency = 0> <II = 1> <Delay = 1.83> <Storage> <Opcode : 'read' 'write' 'nbread' 'nbwrite'> <Ports = 0> <Width = -1> <Depth = -1> <FIFO>
ST_2 : Operation 299 [1/1] (1.82ns)   --->   "%p_read_285 = read i32 @_ssdm_op_Read.ap_auto.i32, i32 %p_read165"   --->   Operation 299 'read' 'p_read_285' <Predicate = true> <Delay = 1.82> <CoreInst = "FIFO_SRL">   --->   Core 80 'FIFO_SRL' <Latency = 0> <II = 1> <Delay = 1.83> <Storage> <Opcode : 'read' 'write' 'nbread' 'nbwrite'> <Ports = 0> <Width = -1> <Depth = -1> <FIFO>
ST_2 : Operation 300 [1/1] (1.82ns)   --->   "%p_read_286 = read i32 @_ssdm_op_Read.ap_auto.i32, i32 %p_read164"   --->   Operation 300 'read' 'p_read_286' <Predicate = true> <Delay = 1.82> <CoreInst = "FIFO_SRL">   --->   Core 80 'FIFO_SRL' <Latency = 0> <II = 1> <Delay = 1.83> <Storage> <Opcode : 'read' 'write' 'nbread' 'nbwrite'> <Ports = 0> <Width = -1> <Depth = -1> <FIFO>
ST_2 : Operation 301 [1/1] (1.82ns)   --->   "%p_read_287 = read i32 @_ssdm_op_Read.ap_auto.i32, i32 %p_read163"   --->   Operation 301 'read' 'p_read_287' <Predicate = true> <Delay = 1.82> <CoreInst = "FIFO_SRL">   --->   Core 80 'FIFO_SRL' <Latency = 0> <II = 1> <Delay = 1.83> <Storage> <Opcode : 'read' 'write' 'nbread' 'nbwrite'> <Ports = 0> <Width = -1> <Depth = -1> <FIFO>
ST_2 : Operation 302 [1/1] (1.82ns)   --->   "%p_read_288 = read i32 @_ssdm_op_Read.ap_auto.i32, i32 %p_read162"   --->   Operation 302 'read' 'p_read_288' <Predicate = true> <Delay = 1.82> <CoreInst = "FIFO_SRL">   --->   Core 80 'FIFO_SRL' <Latency = 0> <II = 1> <Delay = 1.83> <Storage> <Opcode : 'read' 'write' 'nbread' 'nbwrite'> <Ports = 0> <Width = -1> <Depth = -1> <FIFO>
ST_2 : Operation 303 [1/1] (1.82ns)   --->   "%p_read_289 = read i32 @_ssdm_op_Read.ap_auto.i32, i32 %p_read161"   --->   Operation 303 'read' 'p_read_289' <Predicate = true> <Delay = 1.82> <CoreInst = "FIFO_SRL">   --->   Core 80 'FIFO_SRL' <Latency = 0> <II = 1> <Delay = 1.83> <Storage> <Opcode : 'read' 'write' 'nbread' 'nbwrite'> <Ports = 0> <Width = -1> <Depth = -1> <FIFO>
ST_2 : Operation 304 [1/1] (1.82ns)   --->   "%p_read_290 = read i32 @_ssdm_op_Read.ap_auto.i32, i32 %p_read160"   --->   Operation 304 'read' 'p_read_290' <Predicate = true> <Delay = 1.82> <CoreInst = "FIFO_SRL">   --->   Core 80 'FIFO_SRL' <Latency = 0> <II = 1> <Delay = 1.83> <Storage> <Opcode : 'read' 'write' 'nbread' 'nbwrite'> <Ports = 0> <Width = -1> <Depth = -1> <FIFO>
ST_2 : Operation 305 [1/1] (1.82ns)   --->   "%p_read_291 = read i32 @_ssdm_op_Read.ap_auto.i32, i32 %p_read159"   --->   Operation 305 'read' 'p_read_291' <Predicate = true> <Delay = 1.82> <CoreInst = "FIFO_SRL">   --->   Core 80 'FIFO_SRL' <Latency = 0> <II = 1> <Delay = 1.83> <Storage> <Opcode : 'read' 'write' 'nbread' 'nbwrite'> <Ports = 0> <Width = -1> <Depth = -1> <FIFO>
ST_2 : Operation 306 [1/1] (1.82ns)   --->   "%p_read_292 = read i32 @_ssdm_op_Read.ap_auto.i32, i32 %p_read158"   --->   Operation 306 'read' 'p_read_292' <Predicate = true> <Delay = 1.82> <CoreInst = "FIFO_SRL">   --->   Core 80 'FIFO_SRL' <Latency = 0> <II = 1> <Delay = 1.83> <Storage> <Opcode : 'read' 'write' 'nbread' 'nbwrite'> <Ports = 0> <Width = -1> <Depth = -1> <FIFO>
ST_2 : Operation 307 [1/1] (1.82ns)   --->   "%p_read_293 = read i32 @_ssdm_op_Read.ap_auto.i32, i32 %p_read157"   --->   Operation 307 'read' 'p_read_293' <Predicate = true> <Delay = 1.82> <CoreInst = "FIFO_SRL">   --->   Core 80 'FIFO_SRL' <Latency = 0> <II = 1> <Delay = 1.83> <Storage> <Opcode : 'read' 'write' 'nbread' 'nbwrite'> <Ports = 0> <Width = -1> <Depth = -1> <FIFO>
ST_2 : Operation 308 [1/1] (1.82ns)   --->   "%p_read_294 = read i32 @_ssdm_op_Read.ap_auto.i32, i32 %p_read156"   --->   Operation 308 'read' 'p_read_294' <Predicate = true> <Delay = 1.82> <CoreInst = "FIFO_SRL">   --->   Core 80 'FIFO_SRL' <Latency = 0> <II = 1> <Delay = 1.83> <Storage> <Opcode : 'read' 'write' 'nbread' 'nbwrite'> <Ports = 0> <Width = -1> <Depth = -1> <FIFO>
ST_2 : Operation 309 [1/1] (1.82ns)   --->   "%p_read_295 = read i32 @_ssdm_op_Read.ap_auto.i32, i32 %p_read155"   --->   Operation 309 'read' 'p_read_295' <Predicate = true> <Delay = 1.82> <CoreInst = "FIFO_SRL">   --->   Core 80 'FIFO_SRL' <Latency = 0> <II = 1> <Delay = 1.83> <Storage> <Opcode : 'read' 'write' 'nbread' 'nbwrite'> <Ports = 0> <Width = -1> <Depth = -1> <FIFO>
ST_2 : Operation 310 [1/1] (1.82ns)   --->   "%p_read_296 = read i32 @_ssdm_op_Read.ap_auto.i32, i32 %p_read154"   --->   Operation 310 'read' 'p_read_296' <Predicate = true> <Delay = 1.82> <CoreInst = "FIFO_SRL">   --->   Core 80 'FIFO_SRL' <Latency = 0> <II = 1> <Delay = 1.83> <Storage> <Opcode : 'read' 'write' 'nbread' 'nbwrite'> <Ports = 0> <Width = -1> <Depth = -1> <FIFO>
ST_2 : Operation 311 [1/1] (1.82ns)   --->   "%p_read_297 = read i32 @_ssdm_op_Read.ap_auto.i32, i32 %p_read153"   --->   Operation 311 'read' 'p_read_297' <Predicate = true> <Delay = 1.82> <CoreInst = "FIFO_SRL">   --->   Core 80 'FIFO_SRL' <Latency = 0> <II = 1> <Delay = 1.83> <Storage> <Opcode : 'read' 'write' 'nbread' 'nbwrite'> <Ports = 0> <Width = -1> <Depth = -1> <FIFO>
ST_2 : Operation 312 [1/1] (1.82ns)   --->   "%p_read_298 = read i32 @_ssdm_op_Read.ap_auto.i32, i32 %p_read152"   --->   Operation 312 'read' 'p_read_298' <Predicate = true> <Delay = 1.82> <CoreInst = "FIFO_SRL">   --->   Core 80 'FIFO_SRL' <Latency = 0> <II = 1> <Delay = 1.83> <Storage> <Opcode : 'read' 'write' 'nbread' 'nbwrite'> <Ports = 0> <Width = -1> <Depth = -1> <FIFO>
ST_2 : Operation 313 [1/1] (1.82ns)   --->   "%p_read_299 = read i32 @_ssdm_op_Read.ap_auto.i32, i32 %p_read151"   --->   Operation 313 'read' 'p_read_299' <Predicate = true> <Delay = 1.82> <CoreInst = "FIFO_SRL">   --->   Core 80 'FIFO_SRL' <Latency = 0> <II = 1> <Delay = 1.83> <Storage> <Opcode : 'read' 'write' 'nbread' 'nbwrite'> <Ports = 0> <Width = -1> <Depth = -1> <FIFO>
ST_2 : Operation 314 [1/1] (1.82ns)   --->   "%p_read_300 = read i32 @_ssdm_op_Read.ap_auto.i32, i32 %p_read150"   --->   Operation 314 'read' 'p_read_300' <Predicate = true> <Delay = 1.82> <CoreInst = "FIFO_SRL">   --->   Core 80 'FIFO_SRL' <Latency = 0> <II = 1> <Delay = 1.83> <Storage> <Opcode : 'read' 'write' 'nbread' 'nbwrite'> <Ports = 0> <Width = -1> <Depth = -1> <FIFO>
ST_2 : Operation 315 [1/1] (1.82ns)   --->   "%p_read_301 = read i32 @_ssdm_op_Read.ap_auto.i32, i32 %p_read149"   --->   Operation 315 'read' 'p_read_301' <Predicate = true> <Delay = 1.82> <CoreInst = "FIFO_SRL">   --->   Core 80 'FIFO_SRL' <Latency = 0> <II = 1> <Delay = 1.83> <Storage> <Opcode : 'read' 'write' 'nbread' 'nbwrite'> <Ports = 0> <Width = -1> <Depth = -1> <FIFO>
ST_2 : Operation 316 [1/1] (1.82ns)   --->   "%p_read_302 = read i32 @_ssdm_op_Read.ap_auto.i32, i32 %p_read148"   --->   Operation 316 'read' 'p_read_302' <Predicate = true> <Delay = 1.82> <CoreInst = "FIFO_SRL">   --->   Core 80 'FIFO_SRL' <Latency = 0> <II = 1> <Delay = 1.83> <Storage> <Opcode : 'read' 'write' 'nbread' 'nbwrite'> <Ports = 0> <Width = -1> <Depth = -1> <FIFO>
ST_2 : Operation 317 [1/1] (1.82ns)   --->   "%p_read_303 = read i32 @_ssdm_op_Read.ap_auto.i32, i32 %p_read147"   --->   Operation 317 'read' 'p_read_303' <Predicate = true> <Delay = 1.82> <CoreInst = "FIFO_SRL">   --->   Core 80 'FIFO_SRL' <Latency = 0> <II = 1> <Delay = 1.83> <Storage> <Opcode : 'read' 'write' 'nbread' 'nbwrite'> <Ports = 0> <Width = -1> <Depth = -1> <FIFO>
ST_2 : Operation 318 [1/1] (1.82ns)   --->   "%p_read_304 = read i32 @_ssdm_op_Read.ap_auto.i32, i32 %p_read146"   --->   Operation 318 'read' 'p_read_304' <Predicate = true> <Delay = 1.82> <CoreInst = "FIFO_SRL">   --->   Core 80 'FIFO_SRL' <Latency = 0> <II = 1> <Delay = 1.83> <Storage> <Opcode : 'read' 'write' 'nbread' 'nbwrite'> <Ports = 0> <Width = -1> <Depth = -1> <FIFO>
ST_2 : Operation 319 [1/1] (1.82ns)   --->   "%p_read_305 = read i32 @_ssdm_op_Read.ap_auto.i32, i32 %p_read145"   --->   Operation 319 'read' 'p_read_305' <Predicate = true> <Delay = 1.82> <CoreInst = "FIFO_SRL">   --->   Core 80 'FIFO_SRL' <Latency = 0> <II = 1> <Delay = 1.83> <Storage> <Opcode : 'read' 'write' 'nbread' 'nbwrite'> <Ports = 0> <Width = -1> <Depth = -1> <FIFO>
ST_2 : Operation 320 [1/1] (1.82ns)   --->   "%p_read_306 = read i32 @_ssdm_op_Read.ap_auto.i32, i32 %p_read144"   --->   Operation 320 'read' 'p_read_306' <Predicate = true> <Delay = 1.82> <CoreInst = "FIFO_SRL">   --->   Core 80 'FIFO_SRL' <Latency = 0> <II = 1> <Delay = 1.83> <Storage> <Opcode : 'read' 'write' 'nbread' 'nbwrite'> <Ports = 0> <Width = -1> <Depth = -1> <FIFO>
ST_2 : Operation 321 [1/1] (1.82ns)   --->   "%p_read_307 = read i32 @_ssdm_op_Read.ap_auto.i32, i32 %p_read143"   --->   Operation 321 'read' 'p_read_307' <Predicate = true> <Delay = 1.82> <CoreInst = "FIFO_SRL">   --->   Core 80 'FIFO_SRL' <Latency = 0> <II = 1> <Delay = 1.83> <Storage> <Opcode : 'read' 'write' 'nbread' 'nbwrite'> <Ports = 0> <Width = -1> <Depth = -1> <FIFO>
ST_2 : Operation 322 [1/1] (1.82ns)   --->   "%p_read_308 = read i32 @_ssdm_op_Read.ap_auto.i32, i32 %p_read142"   --->   Operation 322 'read' 'p_read_308' <Predicate = true> <Delay = 1.82> <CoreInst = "FIFO_SRL">   --->   Core 80 'FIFO_SRL' <Latency = 0> <II = 1> <Delay = 1.83> <Storage> <Opcode : 'read' 'write' 'nbread' 'nbwrite'> <Ports = 0> <Width = -1> <Depth = -1> <FIFO>
ST_2 : Operation 323 [1/1] (1.82ns)   --->   "%p_read_309 = read i32 @_ssdm_op_Read.ap_auto.i32, i32 %p_read141"   --->   Operation 323 'read' 'p_read_309' <Predicate = true> <Delay = 1.82> <CoreInst = "FIFO_SRL">   --->   Core 80 'FIFO_SRL' <Latency = 0> <II = 1> <Delay = 1.83> <Storage> <Opcode : 'read' 'write' 'nbread' 'nbwrite'> <Ports = 0> <Width = -1> <Depth = -1> <FIFO>
ST_2 : Operation 324 [1/1] (1.82ns)   --->   "%p_read_310 = read i32 @_ssdm_op_Read.ap_auto.i32, i32 %p_read140"   --->   Operation 324 'read' 'p_read_310' <Predicate = true> <Delay = 1.82> <CoreInst = "FIFO_SRL">   --->   Core 80 'FIFO_SRL' <Latency = 0> <II = 1> <Delay = 1.83> <Storage> <Opcode : 'read' 'write' 'nbread' 'nbwrite'> <Ports = 0> <Width = -1> <Depth = -1> <FIFO>
ST_2 : Operation 325 [1/1] (1.82ns)   --->   "%p_read_311 = read i32 @_ssdm_op_Read.ap_auto.i32, i32 %p_read139"   --->   Operation 325 'read' 'p_read_311' <Predicate = true> <Delay = 1.82> <CoreInst = "FIFO_SRL">   --->   Core 80 'FIFO_SRL' <Latency = 0> <II = 1> <Delay = 1.83> <Storage> <Opcode : 'read' 'write' 'nbread' 'nbwrite'> <Ports = 0> <Width = -1> <Depth = -1> <FIFO>
ST_2 : Operation 326 [1/1] (1.82ns)   --->   "%p_read_312 = read i32 @_ssdm_op_Read.ap_auto.i32, i32 %p_read138"   --->   Operation 326 'read' 'p_read_312' <Predicate = true> <Delay = 1.82> <CoreInst = "FIFO_SRL">   --->   Core 80 'FIFO_SRL' <Latency = 0> <II = 1> <Delay = 1.83> <Storage> <Opcode : 'read' 'write' 'nbread' 'nbwrite'> <Ports = 0> <Width = -1> <Depth = -1> <FIFO>
ST_2 : Operation 327 [1/1] (1.82ns)   --->   "%p_read_313 = read i32 @_ssdm_op_Read.ap_auto.i32, i32 %p_read137"   --->   Operation 327 'read' 'p_read_313' <Predicate = true> <Delay = 1.82> <CoreInst = "FIFO_SRL">   --->   Core 80 'FIFO_SRL' <Latency = 0> <II = 1> <Delay = 1.83> <Storage> <Opcode : 'read' 'write' 'nbread' 'nbwrite'> <Ports = 0> <Width = -1> <Depth = -1> <FIFO>
ST_2 : Operation 328 [1/1] (1.82ns)   --->   "%p_read_314 = read i32 @_ssdm_op_Read.ap_auto.i32, i32 %p_read136"   --->   Operation 328 'read' 'p_read_314' <Predicate = true> <Delay = 1.82> <CoreInst = "FIFO_SRL">   --->   Core 80 'FIFO_SRL' <Latency = 0> <II = 1> <Delay = 1.83> <Storage> <Opcode : 'read' 'write' 'nbread' 'nbwrite'> <Ports = 0> <Width = -1> <Depth = -1> <FIFO>
ST_2 : Operation 329 [1/1] (1.82ns)   --->   "%p_read_315 = read i32 @_ssdm_op_Read.ap_auto.i32, i32 %p_read135"   --->   Operation 329 'read' 'p_read_315' <Predicate = true> <Delay = 1.82> <CoreInst = "FIFO_SRL">   --->   Core 80 'FIFO_SRL' <Latency = 0> <II = 1> <Delay = 1.83> <Storage> <Opcode : 'read' 'write' 'nbread' 'nbwrite'> <Ports = 0> <Width = -1> <Depth = -1> <FIFO>
ST_2 : Operation 330 [1/1] (1.82ns)   --->   "%p_read_316 = read i32 @_ssdm_op_Read.ap_auto.i32, i32 %p_read134"   --->   Operation 330 'read' 'p_read_316' <Predicate = true> <Delay = 1.82> <CoreInst = "FIFO_SRL">   --->   Core 80 'FIFO_SRL' <Latency = 0> <II = 1> <Delay = 1.83> <Storage> <Opcode : 'read' 'write' 'nbread' 'nbwrite'> <Ports = 0> <Width = -1> <Depth = -1> <FIFO>
ST_2 : Operation 331 [1/1] (1.82ns)   --->   "%p_read_317 = read i32 @_ssdm_op_Read.ap_auto.i32, i32 %p_read133"   --->   Operation 331 'read' 'p_read_317' <Predicate = true> <Delay = 1.82> <CoreInst = "FIFO_SRL">   --->   Core 80 'FIFO_SRL' <Latency = 0> <II = 1> <Delay = 1.83> <Storage> <Opcode : 'read' 'write' 'nbread' 'nbwrite'> <Ports = 0> <Width = -1> <Depth = -1> <FIFO>
ST_2 : Operation 332 [1/1] (1.82ns)   --->   "%p_read_318 = read i32 @_ssdm_op_Read.ap_auto.i32, i32 %p_read132"   --->   Operation 332 'read' 'p_read_318' <Predicate = true> <Delay = 1.82> <CoreInst = "FIFO_SRL">   --->   Core 80 'FIFO_SRL' <Latency = 0> <II = 1> <Delay = 1.83> <Storage> <Opcode : 'read' 'write' 'nbread' 'nbwrite'> <Ports = 0> <Width = -1> <Depth = -1> <FIFO>
ST_2 : Operation 333 [1/1] (1.82ns)   --->   "%p_read_319 = read i32 @_ssdm_op_Read.ap_auto.i32, i32 %p_read131"   --->   Operation 333 'read' 'p_read_319' <Predicate = true> <Delay = 1.82> <CoreInst = "FIFO_SRL">   --->   Core 80 'FIFO_SRL' <Latency = 0> <II = 1> <Delay = 1.83> <Storage> <Opcode : 'read' 'write' 'nbread' 'nbwrite'> <Ports = 0> <Width = -1> <Depth = -1> <FIFO>
ST_2 : Operation 334 [1/1] (1.82ns)   --->   "%p_read_320 = read i32 @_ssdm_op_Read.ap_auto.i32, i32 %p_read130"   --->   Operation 334 'read' 'p_read_320' <Predicate = true> <Delay = 1.82> <CoreInst = "FIFO_SRL">   --->   Core 80 'FIFO_SRL' <Latency = 0> <II = 1> <Delay = 1.83> <Storage> <Opcode : 'read' 'write' 'nbread' 'nbwrite'> <Ports = 0> <Width = -1> <Depth = -1> <FIFO>
ST_2 : Operation 335 [1/1] (1.82ns)   --->   "%p_read_321 = read i32 @_ssdm_op_Read.ap_auto.i32, i32 %p_read129"   --->   Operation 335 'read' 'p_read_321' <Predicate = true> <Delay = 1.82> <CoreInst = "FIFO_SRL">   --->   Core 80 'FIFO_SRL' <Latency = 0> <II = 1> <Delay = 1.83> <Storage> <Opcode : 'read' 'write' 'nbread' 'nbwrite'> <Ports = 0> <Width = -1> <Depth = -1> <FIFO>
ST_2 : Operation 336 [1/1] (1.82ns)   --->   "%p_read_322 = read i32 @_ssdm_op_Read.ap_auto.i32, i32 %p_read128"   --->   Operation 336 'read' 'p_read_322' <Predicate = true> <Delay = 1.82> <CoreInst = "FIFO_SRL">   --->   Core 80 'FIFO_SRL' <Latency = 0> <II = 1> <Delay = 1.83> <Storage> <Opcode : 'read' 'write' 'nbread' 'nbwrite'> <Ports = 0> <Width = -1> <Depth = -1> <FIFO>
ST_2 : Operation 337 [1/1] (1.82ns)   --->   "%p_read_323 = read i32 @_ssdm_op_Read.ap_auto.i32, i32 %p_read127"   --->   Operation 337 'read' 'p_read_323' <Predicate = true> <Delay = 1.82> <CoreInst = "FIFO_SRL">   --->   Core 80 'FIFO_SRL' <Latency = 0> <II = 1> <Delay = 1.83> <Storage> <Opcode : 'read' 'write' 'nbread' 'nbwrite'> <Ports = 0> <Width = -1> <Depth = -1> <FIFO>
ST_2 : Operation 338 [1/1] (1.82ns)   --->   "%p_read_324 = read i32 @_ssdm_op_Read.ap_auto.i32, i32 %p_read126"   --->   Operation 338 'read' 'p_read_324' <Predicate = true> <Delay = 1.82> <CoreInst = "FIFO_SRL">   --->   Core 80 'FIFO_SRL' <Latency = 0> <II = 1> <Delay = 1.83> <Storage> <Opcode : 'read' 'write' 'nbread' 'nbwrite'> <Ports = 0> <Width = -1> <Depth = -1> <FIFO>
ST_2 : Operation 339 [1/1] (1.82ns)   --->   "%p_read_325 = read i32 @_ssdm_op_Read.ap_auto.i32, i32 %p_read125"   --->   Operation 339 'read' 'p_read_325' <Predicate = true> <Delay = 1.82> <CoreInst = "FIFO_SRL">   --->   Core 80 'FIFO_SRL' <Latency = 0> <II = 1> <Delay = 1.83> <Storage> <Opcode : 'read' 'write' 'nbread' 'nbwrite'> <Ports = 0> <Width = -1> <Depth = -1> <FIFO>
ST_2 : Operation 340 [1/1] (1.82ns)   --->   "%p_read_326 = read i32 @_ssdm_op_Read.ap_auto.i32, i32 %p_read124"   --->   Operation 340 'read' 'p_read_326' <Predicate = true> <Delay = 1.82> <CoreInst = "FIFO_SRL">   --->   Core 80 'FIFO_SRL' <Latency = 0> <II = 1> <Delay = 1.83> <Storage> <Opcode : 'read' 'write' 'nbread' 'nbwrite'> <Ports = 0> <Width = -1> <Depth = -1> <FIFO>
ST_2 : Operation 341 [1/1] (1.82ns)   --->   "%p_read_327 = read i32 @_ssdm_op_Read.ap_auto.i32, i32 %p_read123"   --->   Operation 341 'read' 'p_read_327' <Predicate = true> <Delay = 1.82> <CoreInst = "FIFO_SRL">   --->   Core 80 'FIFO_SRL' <Latency = 0> <II = 1> <Delay = 1.83> <Storage> <Opcode : 'read' 'write' 'nbread' 'nbwrite'> <Ports = 0> <Width = -1> <Depth = -1> <FIFO>
ST_2 : Operation 342 [1/1] (1.82ns)   --->   "%p_read_328 = read i32 @_ssdm_op_Read.ap_auto.i32, i32 %p_read122"   --->   Operation 342 'read' 'p_read_328' <Predicate = true> <Delay = 1.82> <CoreInst = "FIFO_SRL">   --->   Core 80 'FIFO_SRL' <Latency = 0> <II = 1> <Delay = 1.83> <Storage> <Opcode : 'read' 'write' 'nbread' 'nbwrite'> <Ports = 0> <Width = -1> <Depth = -1> <FIFO>
ST_2 : Operation 343 [1/1] (1.82ns)   --->   "%p_read_329 = read i32 @_ssdm_op_Read.ap_auto.i32, i32 %p_read121"   --->   Operation 343 'read' 'p_read_329' <Predicate = true> <Delay = 1.82> <CoreInst = "FIFO_SRL">   --->   Core 80 'FIFO_SRL' <Latency = 0> <II = 1> <Delay = 1.83> <Storage> <Opcode : 'read' 'write' 'nbread' 'nbwrite'> <Ports = 0> <Width = -1> <Depth = -1> <FIFO>
ST_2 : Operation 344 [1/1] (1.82ns)   --->   "%p_read_330 = read i32 @_ssdm_op_Read.ap_auto.i32, i32 %p_read120"   --->   Operation 344 'read' 'p_read_330' <Predicate = true> <Delay = 1.82> <CoreInst = "FIFO_SRL">   --->   Core 80 'FIFO_SRL' <Latency = 0> <II = 1> <Delay = 1.83> <Storage> <Opcode : 'read' 'write' 'nbread' 'nbwrite'> <Ports = 0> <Width = -1> <Depth = -1> <FIFO>
ST_2 : Operation 345 [1/1] (1.82ns)   --->   "%p_read_331 = read i32 @_ssdm_op_Read.ap_auto.i32, i32 %p_read119"   --->   Operation 345 'read' 'p_read_331' <Predicate = true> <Delay = 1.82> <CoreInst = "FIFO_SRL">   --->   Core 80 'FIFO_SRL' <Latency = 0> <II = 1> <Delay = 1.83> <Storage> <Opcode : 'read' 'write' 'nbread' 'nbwrite'> <Ports = 0> <Width = -1> <Depth = -1> <FIFO>
ST_2 : Operation 346 [1/1] (1.82ns)   --->   "%p_read_332 = read i32 @_ssdm_op_Read.ap_auto.i32, i32 %p_read118"   --->   Operation 346 'read' 'p_read_332' <Predicate = true> <Delay = 1.82> <CoreInst = "FIFO_SRL">   --->   Core 80 'FIFO_SRL' <Latency = 0> <II = 1> <Delay = 1.83> <Storage> <Opcode : 'read' 'write' 'nbread' 'nbwrite'> <Ports = 0> <Width = -1> <Depth = -1> <FIFO>
ST_2 : Operation 347 [1/1] (1.82ns)   --->   "%p_read_333 = read i32 @_ssdm_op_Read.ap_auto.i32, i32 %p_read117"   --->   Operation 347 'read' 'p_read_333' <Predicate = true> <Delay = 1.82> <CoreInst = "FIFO_SRL">   --->   Core 80 'FIFO_SRL' <Latency = 0> <II = 1> <Delay = 1.83> <Storage> <Opcode : 'read' 'write' 'nbread' 'nbwrite'> <Ports = 0> <Width = -1> <Depth = -1> <FIFO>
ST_2 : Operation 348 [1/1] (1.82ns)   --->   "%p_read_334 = read i32 @_ssdm_op_Read.ap_auto.i32, i32 %p_read116"   --->   Operation 348 'read' 'p_read_334' <Predicate = true> <Delay = 1.82> <CoreInst = "FIFO_SRL">   --->   Core 80 'FIFO_SRL' <Latency = 0> <II = 1> <Delay = 1.83> <Storage> <Opcode : 'read' 'write' 'nbread' 'nbwrite'> <Ports = 0> <Width = -1> <Depth = -1> <FIFO>
ST_2 : Operation 349 [1/1] (1.82ns)   --->   "%p_read_335 = read i32 @_ssdm_op_Read.ap_auto.i32, i32 %p_read115"   --->   Operation 349 'read' 'p_read_335' <Predicate = true> <Delay = 1.82> <CoreInst = "FIFO_SRL">   --->   Core 80 'FIFO_SRL' <Latency = 0> <II = 1> <Delay = 1.83> <Storage> <Opcode : 'read' 'write' 'nbread' 'nbwrite'> <Ports = 0> <Width = -1> <Depth = -1> <FIFO>
ST_2 : Operation 350 [1/1] (1.82ns)   --->   "%p_read_336 = read i32 @_ssdm_op_Read.ap_auto.i32, i32 %p_read114"   --->   Operation 350 'read' 'p_read_336' <Predicate = true> <Delay = 1.82> <CoreInst = "FIFO_SRL">   --->   Core 80 'FIFO_SRL' <Latency = 0> <II = 1> <Delay = 1.83> <Storage> <Opcode : 'read' 'write' 'nbread' 'nbwrite'> <Ports = 0> <Width = -1> <Depth = -1> <FIFO>
ST_2 : Operation 351 [1/1] (1.82ns)   --->   "%p_read_337 = read i32 @_ssdm_op_Read.ap_auto.i32, i32 %p_read113"   --->   Operation 351 'read' 'p_read_337' <Predicate = true> <Delay = 1.82> <CoreInst = "FIFO_SRL">   --->   Core 80 'FIFO_SRL' <Latency = 0> <II = 1> <Delay = 1.83> <Storage> <Opcode : 'read' 'write' 'nbread' 'nbwrite'> <Ports = 0> <Width = -1> <Depth = -1> <FIFO>
ST_2 : Operation 352 [1/1] (1.82ns)   --->   "%p_read_338 = read i32 @_ssdm_op_Read.ap_auto.i32, i32 %p_read112"   --->   Operation 352 'read' 'p_read_338' <Predicate = true> <Delay = 1.82> <CoreInst = "FIFO_SRL">   --->   Core 80 'FIFO_SRL' <Latency = 0> <II = 1> <Delay = 1.83> <Storage> <Opcode : 'read' 'write' 'nbread' 'nbwrite'> <Ports = 0> <Width = -1> <Depth = -1> <FIFO>
ST_2 : Operation 353 [1/1] (1.82ns)   --->   "%p_read_339 = read i32 @_ssdm_op_Read.ap_auto.i32, i32 %p_read111"   --->   Operation 353 'read' 'p_read_339' <Predicate = true> <Delay = 1.82> <CoreInst = "FIFO_SRL">   --->   Core 80 'FIFO_SRL' <Latency = 0> <II = 1> <Delay = 1.83> <Storage> <Opcode : 'read' 'write' 'nbread' 'nbwrite'> <Ports = 0> <Width = -1> <Depth = -1> <FIFO>
ST_2 : Operation 354 [1/1] (1.82ns)   --->   "%p_read_340 = read i32 @_ssdm_op_Read.ap_auto.i32, i32 %p_read110"   --->   Operation 354 'read' 'p_read_340' <Predicate = true> <Delay = 1.82> <CoreInst = "FIFO_SRL">   --->   Core 80 'FIFO_SRL' <Latency = 0> <II = 1> <Delay = 1.83> <Storage> <Opcode : 'read' 'write' 'nbread' 'nbwrite'> <Ports = 0> <Width = -1> <Depth = -1> <FIFO>
ST_2 : Operation 355 [1/1] (1.82ns)   --->   "%p_read_341 = read i32 @_ssdm_op_Read.ap_auto.i32, i32 %p_read109"   --->   Operation 355 'read' 'p_read_341' <Predicate = true> <Delay = 1.82> <CoreInst = "FIFO_SRL">   --->   Core 80 'FIFO_SRL' <Latency = 0> <II = 1> <Delay = 1.83> <Storage> <Opcode : 'read' 'write' 'nbread' 'nbwrite'> <Ports = 0> <Width = -1> <Depth = -1> <FIFO>
ST_2 : Operation 356 [1/1] (1.82ns)   --->   "%p_read_342 = read i32 @_ssdm_op_Read.ap_auto.i32, i32 %p_read108"   --->   Operation 356 'read' 'p_read_342' <Predicate = true> <Delay = 1.82> <CoreInst = "FIFO_SRL">   --->   Core 80 'FIFO_SRL' <Latency = 0> <II = 1> <Delay = 1.83> <Storage> <Opcode : 'read' 'write' 'nbread' 'nbwrite'> <Ports = 0> <Width = -1> <Depth = -1> <FIFO>
ST_2 : Operation 357 [1/1] (1.82ns)   --->   "%p_read_343 = read i32 @_ssdm_op_Read.ap_auto.i32, i32 %p_read107"   --->   Operation 357 'read' 'p_read_343' <Predicate = true> <Delay = 1.82> <CoreInst = "FIFO_SRL">   --->   Core 80 'FIFO_SRL' <Latency = 0> <II = 1> <Delay = 1.83> <Storage> <Opcode : 'read' 'write' 'nbread' 'nbwrite'> <Ports = 0> <Width = -1> <Depth = -1> <FIFO>
ST_2 : Operation 358 [1/1] (1.82ns)   --->   "%p_read_344 = read i32 @_ssdm_op_Read.ap_auto.i32, i32 %p_read106"   --->   Operation 358 'read' 'p_read_344' <Predicate = true> <Delay = 1.82> <CoreInst = "FIFO_SRL">   --->   Core 80 'FIFO_SRL' <Latency = 0> <II = 1> <Delay = 1.83> <Storage> <Opcode : 'read' 'write' 'nbread' 'nbwrite'> <Ports = 0> <Width = -1> <Depth = -1> <FIFO>
ST_2 : Operation 359 [1/1] (1.82ns)   --->   "%p_read_345 = read i32 @_ssdm_op_Read.ap_auto.i32, i32 %p_read105"   --->   Operation 359 'read' 'p_read_345' <Predicate = true> <Delay = 1.82> <CoreInst = "FIFO_SRL">   --->   Core 80 'FIFO_SRL' <Latency = 0> <II = 1> <Delay = 1.83> <Storage> <Opcode : 'read' 'write' 'nbread' 'nbwrite'> <Ports = 0> <Width = -1> <Depth = -1> <FIFO>
ST_2 : Operation 360 [1/1] (1.82ns)   --->   "%p_read_346 = read i32 @_ssdm_op_Read.ap_auto.i32, i32 %p_read104"   --->   Operation 360 'read' 'p_read_346' <Predicate = true> <Delay = 1.82> <CoreInst = "FIFO_SRL">   --->   Core 80 'FIFO_SRL' <Latency = 0> <II = 1> <Delay = 1.83> <Storage> <Opcode : 'read' 'write' 'nbread' 'nbwrite'> <Ports = 0> <Width = -1> <Depth = -1> <FIFO>
ST_2 : Operation 361 [1/1] (1.82ns)   --->   "%p_read_347 = read i32 @_ssdm_op_Read.ap_auto.i32, i32 %p_read103"   --->   Operation 361 'read' 'p_read_347' <Predicate = true> <Delay = 1.82> <CoreInst = "FIFO_SRL">   --->   Core 80 'FIFO_SRL' <Latency = 0> <II = 1> <Delay = 1.83> <Storage> <Opcode : 'read' 'write' 'nbread' 'nbwrite'> <Ports = 0> <Width = -1> <Depth = -1> <FIFO>
ST_2 : Operation 362 [1/1] (1.82ns)   --->   "%p_read_348 = read i32 @_ssdm_op_Read.ap_auto.i32, i32 %p_read102"   --->   Operation 362 'read' 'p_read_348' <Predicate = true> <Delay = 1.82> <CoreInst = "FIFO_SRL">   --->   Core 80 'FIFO_SRL' <Latency = 0> <II = 1> <Delay = 1.83> <Storage> <Opcode : 'read' 'write' 'nbread' 'nbwrite'> <Ports = 0> <Width = -1> <Depth = -1> <FIFO>
ST_2 : Operation 363 [1/1] (1.82ns)   --->   "%p_read_349 = read i32 @_ssdm_op_Read.ap_auto.i32, i32 %p_read101"   --->   Operation 363 'read' 'p_read_349' <Predicate = true> <Delay = 1.82> <CoreInst = "FIFO_SRL">   --->   Core 80 'FIFO_SRL' <Latency = 0> <II = 1> <Delay = 1.83> <Storage> <Opcode : 'read' 'write' 'nbread' 'nbwrite'> <Ports = 0> <Width = -1> <Depth = -1> <FIFO>
ST_2 : Operation 364 [1/1] (1.82ns)   --->   "%p_read_350 = read i32 @_ssdm_op_Read.ap_auto.i32, i32 %p_read100"   --->   Operation 364 'read' 'p_read_350' <Predicate = true> <Delay = 1.82> <CoreInst = "FIFO_SRL">   --->   Core 80 'FIFO_SRL' <Latency = 0> <II = 1> <Delay = 1.83> <Storage> <Opcode : 'read' 'write' 'nbread' 'nbwrite'> <Ports = 0> <Width = -1> <Depth = -1> <FIFO>
ST_2 : Operation 365 [1/1] (1.82ns)   --->   "%p_read_351 = read i32 @_ssdm_op_Read.ap_auto.i32, i32 %p_read99"   --->   Operation 365 'read' 'p_read_351' <Predicate = true> <Delay = 1.82> <CoreInst = "FIFO_SRL">   --->   Core 80 'FIFO_SRL' <Latency = 0> <II = 1> <Delay = 1.83> <Storage> <Opcode : 'read' 'write' 'nbread' 'nbwrite'> <Ports = 0> <Width = -1> <Depth = -1> <FIFO>
ST_2 : Operation 366 [1/1] (1.82ns)   --->   "%p_read_352 = read i32 @_ssdm_op_Read.ap_auto.i32, i32 %p_read98"   --->   Operation 366 'read' 'p_read_352' <Predicate = true> <Delay = 1.82> <CoreInst = "FIFO_SRL">   --->   Core 80 'FIFO_SRL' <Latency = 0> <II = 1> <Delay = 1.83> <Storage> <Opcode : 'read' 'write' 'nbread' 'nbwrite'> <Ports = 0> <Width = -1> <Depth = -1> <FIFO>
ST_2 : Operation 367 [1/1] (1.82ns)   --->   "%p_read_353 = read i32 @_ssdm_op_Read.ap_auto.i32, i32 %p_read97"   --->   Operation 367 'read' 'p_read_353' <Predicate = true> <Delay = 1.82> <CoreInst = "FIFO_SRL">   --->   Core 80 'FIFO_SRL' <Latency = 0> <II = 1> <Delay = 1.83> <Storage> <Opcode : 'read' 'write' 'nbread' 'nbwrite'> <Ports = 0> <Width = -1> <Depth = -1> <FIFO>
ST_2 : Operation 368 [1/1] (1.82ns)   --->   "%p_read_354 = read i32 @_ssdm_op_Read.ap_auto.i32, i32 %p_read96"   --->   Operation 368 'read' 'p_read_354' <Predicate = true> <Delay = 1.82> <CoreInst = "FIFO_SRL">   --->   Core 80 'FIFO_SRL' <Latency = 0> <II = 1> <Delay = 1.83> <Storage> <Opcode : 'read' 'write' 'nbread' 'nbwrite'> <Ports = 0> <Width = -1> <Depth = -1> <FIFO>
ST_2 : Operation 369 [1/1] (1.82ns)   --->   "%p_read_355 = read i32 @_ssdm_op_Read.ap_auto.i32, i32 %p_read95"   --->   Operation 369 'read' 'p_read_355' <Predicate = true> <Delay = 1.82> <CoreInst = "FIFO_SRL">   --->   Core 80 'FIFO_SRL' <Latency = 0> <II = 1> <Delay = 1.83> <Storage> <Opcode : 'read' 'write' 'nbread' 'nbwrite'> <Ports = 0> <Width = -1> <Depth = -1> <FIFO>
ST_2 : Operation 370 [1/1] (1.82ns)   --->   "%p_read_356 = read i32 @_ssdm_op_Read.ap_auto.i32, i32 %p_read94"   --->   Operation 370 'read' 'p_read_356' <Predicate = true> <Delay = 1.82> <CoreInst = "FIFO_SRL">   --->   Core 80 'FIFO_SRL' <Latency = 0> <II = 1> <Delay = 1.83> <Storage> <Opcode : 'read' 'write' 'nbread' 'nbwrite'> <Ports = 0> <Width = -1> <Depth = -1> <FIFO>
ST_2 : Operation 371 [1/1] (1.82ns)   --->   "%p_read_357 = read i32 @_ssdm_op_Read.ap_auto.i32, i32 %p_read93"   --->   Operation 371 'read' 'p_read_357' <Predicate = true> <Delay = 1.82> <CoreInst = "FIFO_SRL">   --->   Core 80 'FIFO_SRL' <Latency = 0> <II = 1> <Delay = 1.83> <Storage> <Opcode : 'read' 'write' 'nbread' 'nbwrite'> <Ports = 0> <Width = -1> <Depth = -1> <FIFO>
ST_2 : Operation 372 [1/1] (1.82ns)   --->   "%p_read_358 = read i32 @_ssdm_op_Read.ap_auto.i32, i32 %p_read92"   --->   Operation 372 'read' 'p_read_358' <Predicate = true> <Delay = 1.82> <CoreInst = "FIFO_SRL">   --->   Core 80 'FIFO_SRL' <Latency = 0> <II = 1> <Delay = 1.83> <Storage> <Opcode : 'read' 'write' 'nbread' 'nbwrite'> <Ports = 0> <Width = -1> <Depth = -1> <FIFO>
ST_2 : Operation 373 [1/1] (1.82ns)   --->   "%p_read_359 = read i32 @_ssdm_op_Read.ap_auto.i32, i32 %p_read91"   --->   Operation 373 'read' 'p_read_359' <Predicate = true> <Delay = 1.82> <CoreInst = "FIFO_SRL">   --->   Core 80 'FIFO_SRL' <Latency = 0> <II = 1> <Delay = 1.83> <Storage> <Opcode : 'read' 'write' 'nbread' 'nbwrite'> <Ports = 0> <Width = -1> <Depth = -1> <FIFO>
ST_2 : Operation 374 [1/1] (1.82ns)   --->   "%p_read_360 = read i32 @_ssdm_op_Read.ap_auto.i32, i32 %p_read90"   --->   Operation 374 'read' 'p_read_360' <Predicate = true> <Delay = 1.82> <CoreInst = "FIFO_SRL">   --->   Core 80 'FIFO_SRL' <Latency = 0> <II = 1> <Delay = 1.83> <Storage> <Opcode : 'read' 'write' 'nbread' 'nbwrite'> <Ports = 0> <Width = -1> <Depth = -1> <FIFO>
ST_2 : Operation 375 [1/1] (1.82ns)   --->   "%p_read_361 = read i32 @_ssdm_op_Read.ap_auto.i32, i32 %p_read89"   --->   Operation 375 'read' 'p_read_361' <Predicate = true> <Delay = 1.82> <CoreInst = "FIFO_SRL">   --->   Core 80 'FIFO_SRL' <Latency = 0> <II = 1> <Delay = 1.83> <Storage> <Opcode : 'read' 'write' 'nbread' 'nbwrite'> <Ports = 0> <Width = -1> <Depth = -1> <FIFO>
ST_2 : Operation 376 [1/1] (1.82ns)   --->   "%p_read_362 = read i32 @_ssdm_op_Read.ap_auto.i32, i32 %p_read88"   --->   Operation 376 'read' 'p_read_362' <Predicate = true> <Delay = 1.82> <CoreInst = "FIFO_SRL">   --->   Core 80 'FIFO_SRL' <Latency = 0> <II = 1> <Delay = 1.83> <Storage> <Opcode : 'read' 'write' 'nbread' 'nbwrite'> <Ports = 0> <Width = -1> <Depth = -1> <FIFO>
ST_2 : Operation 377 [1/1] (1.82ns)   --->   "%p_read_363 = read i32 @_ssdm_op_Read.ap_auto.i32, i32 %p_read87"   --->   Operation 377 'read' 'p_read_363' <Predicate = true> <Delay = 1.82> <CoreInst = "FIFO_SRL">   --->   Core 80 'FIFO_SRL' <Latency = 0> <II = 1> <Delay = 1.83> <Storage> <Opcode : 'read' 'write' 'nbread' 'nbwrite'> <Ports = 0> <Width = -1> <Depth = -1> <FIFO>
ST_2 : Operation 378 [1/1] (1.82ns)   --->   "%p_read_364 = read i32 @_ssdm_op_Read.ap_auto.i32, i32 %p_read86"   --->   Operation 378 'read' 'p_read_364' <Predicate = true> <Delay = 1.82> <CoreInst = "FIFO_SRL">   --->   Core 80 'FIFO_SRL' <Latency = 0> <II = 1> <Delay = 1.83> <Storage> <Opcode : 'read' 'write' 'nbread' 'nbwrite'> <Ports = 0> <Width = -1> <Depth = -1> <FIFO>
ST_2 : Operation 379 [1/1] (1.82ns)   --->   "%p_read_365 = read i32 @_ssdm_op_Read.ap_auto.i32, i32 %p_read85"   --->   Operation 379 'read' 'p_read_365' <Predicate = true> <Delay = 1.82> <CoreInst = "FIFO_SRL">   --->   Core 80 'FIFO_SRL' <Latency = 0> <II = 1> <Delay = 1.83> <Storage> <Opcode : 'read' 'write' 'nbread' 'nbwrite'> <Ports = 0> <Width = -1> <Depth = -1> <FIFO>
ST_2 : Operation 380 [1/1] (1.82ns)   --->   "%p_read_366 = read i32 @_ssdm_op_Read.ap_auto.i32, i32 %p_read84"   --->   Operation 380 'read' 'p_read_366' <Predicate = true> <Delay = 1.82> <CoreInst = "FIFO_SRL">   --->   Core 80 'FIFO_SRL' <Latency = 0> <II = 1> <Delay = 1.83> <Storage> <Opcode : 'read' 'write' 'nbread' 'nbwrite'> <Ports = 0> <Width = -1> <Depth = -1> <FIFO>
ST_2 : Operation 381 [1/1] (1.82ns)   --->   "%p_read_367 = read i32 @_ssdm_op_Read.ap_auto.i32, i32 %p_read83"   --->   Operation 381 'read' 'p_read_367' <Predicate = true> <Delay = 1.82> <CoreInst = "FIFO_SRL">   --->   Core 80 'FIFO_SRL' <Latency = 0> <II = 1> <Delay = 1.83> <Storage> <Opcode : 'read' 'write' 'nbread' 'nbwrite'> <Ports = 0> <Width = -1> <Depth = -1> <FIFO>
ST_2 : Operation 382 [1/1] (1.82ns)   --->   "%p_read_368 = read i32 @_ssdm_op_Read.ap_auto.i32, i32 %p_read82"   --->   Operation 382 'read' 'p_read_368' <Predicate = true> <Delay = 1.82> <CoreInst = "FIFO_SRL">   --->   Core 80 'FIFO_SRL' <Latency = 0> <II = 1> <Delay = 1.83> <Storage> <Opcode : 'read' 'write' 'nbread' 'nbwrite'> <Ports = 0> <Width = -1> <Depth = -1> <FIFO>
ST_2 : Operation 383 [1/1] (1.82ns)   --->   "%p_read_369 = read i32 @_ssdm_op_Read.ap_auto.i32, i32 %p_read81"   --->   Operation 383 'read' 'p_read_369' <Predicate = true> <Delay = 1.82> <CoreInst = "FIFO_SRL">   --->   Core 80 'FIFO_SRL' <Latency = 0> <II = 1> <Delay = 1.83> <Storage> <Opcode : 'read' 'write' 'nbread' 'nbwrite'> <Ports = 0> <Width = -1> <Depth = -1> <FIFO>
ST_2 : Operation 384 [1/1] (1.82ns)   --->   "%p_read_370 = read i32 @_ssdm_op_Read.ap_auto.i32, i32 %p_read80"   --->   Operation 384 'read' 'p_read_370' <Predicate = true> <Delay = 1.82> <CoreInst = "FIFO_SRL">   --->   Core 80 'FIFO_SRL' <Latency = 0> <II = 1> <Delay = 1.83> <Storage> <Opcode : 'read' 'write' 'nbread' 'nbwrite'> <Ports = 0> <Width = -1> <Depth = -1> <FIFO>
ST_2 : Operation 385 [1/1] (1.82ns)   --->   "%p_read_371 = read i32 @_ssdm_op_Read.ap_auto.i32, i32 %p_read79"   --->   Operation 385 'read' 'p_read_371' <Predicate = true> <Delay = 1.82> <CoreInst = "FIFO_SRL">   --->   Core 80 'FIFO_SRL' <Latency = 0> <II = 1> <Delay = 1.83> <Storage> <Opcode : 'read' 'write' 'nbread' 'nbwrite'> <Ports = 0> <Width = -1> <Depth = -1> <FIFO>
ST_2 : Operation 386 [1/1] (1.82ns)   --->   "%p_read_372 = read i32 @_ssdm_op_Read.ap_auto.i32, i32 %p_read78"   --->   Operation 386 'read' 'p_read_372' <Predicate = true> <Delay = 1.82> <CoreInst = "FIFO_SRL">   --->   Core 80 'FIFO_SRL' <Latency = 0> <II = 1> <Delay = 1.83> <Storage> <Opcode : 'read' 'write' 'nbread' 'nbwrite'> <Ports = 0> <Width = -1> <Depth = -1> <FIFO>
ST_2 : Operation 387 [1/1] (1.82ns)   --->   "%p_read_373 = read i32 @_ssdm_op_Read.ap_auto.i32, i32 %p_read77"   --->   Operation 387 'read' 'p_read_373' <Predicate = true> <Delay = 1.82> <CoreInst = "FIFO_SRL">   --->   Core 80 'FIFO_SRL' <Latency = 0> <II = 1> <Delay = 1.83> <Storage> <Opcode : 'read' 'write' 'nbread' 'nbwrite'> <Ports = 0> <Width = -1> <Depth = -1> <FIFO>
ST_2 : Operation 388 [1/1] (1.82ns)   --->   "%p_read_374 = read i32 @_ssdm_op_Read.ap_auto.i32, i32 %p_read76"   --->   Operation 388 'read' 'p_read_374' <Predicate = true> <Delay = 1.82> <CoreInst = "FIFO_SRL">   --->   Core 80 'FIFO_SRL' <Latency = 0> <II = 1> <Delay = 1.83> <Storage> <Opcode : 'read' 'write' 'nbread' 'nbwrite'> <Ports = 0> <Width = -1> <Depth = -1> <FIFO>
ST_2 : Operation 389 [1/1] (1.82ns)   --->   "%p_read_375 = read i32 @_ssdm_op_Read.ap_auto.i32, i32 %p_read75"   --->   Operation 389 'read' 'p_read_375' <Predicate = true> <Delay = 1.82> <CoreInst = "FIFO_SRL">   --->   Core 80 'FIFO_SRL' <Latency = 0> <II = 1> <Delay = 1.83> <Storage> <Opcode : 'read' 'write' 'nbread' 'nbwrite'> <Ports = 0> <Width = -1> <Depth = -1> <FIFO>
ST_2 : Operation 390 [1/1] (1.82ns)   --->   "%p_read_376 = read i32 @_ssdm_op_Read.ap_auto.i32, i32 %p_read74"   --->   Operation 390 'read' 'p_read_376' <Predicate = true> <Delay = 1.82> <CoreInst = "FIFO_SRL">   --->   Core 80 'FIFO_SRL' <Latency = 0> <II = 1> <Delay = 1.83> <Storage> <Opcode : 'read' 'write' 'nbread' 'nbwrite'> <Ports = 0> <Width = -1> <Depth = -1> <FIFO>
ST_2 : Operation 391 [1/1] (1.82ns)   --->   "%p_read_377 = read i32 @_ssdm_op_Read.ap_auto.i32, i32 %p_read73"   --->   Operation 391 'read' 'p_read_377' <Predicate = true> <Delay = 1.82> <CoreInst = "FIFO_SRL">   --->   Core 80 'FIFO_SRL' <Latency = 0> <II = 1> <Delay = 1.83> <Storage> <Opcode : 'read' 'write' 'nbread' 'nbwrite'> <Ports = 0> <Width = -1> <Depth = -1> <FIFO>
ST_2 : Operation 392 [1/1] (1.82ns)   --->   "%p_read_378 = read i32 @_ssdm_op_Read.ap_auto.i32, i32 %p_read72"   --->   Operation 392 'read' 'p_read_378' <Predicate = true> <Delay = 1.82> <CoreInst = "FIFO_SRL">   --->   Core 80 'FIFO_SRL' <Latency = 0> <II = 1> <Delay = 1.83> <Storage> <Opcode : 'read' 'write' 'nbread' 'nbwrite'> <Ports = 0> <Width = -1> <Depth = -1> <FIFO>
ST_2 : Operation 393 [1/1] (1.82ns)   --->   "%p_read_379 = read i32 @_ssdm_op_Read.ap_auto.i32, i32 %p_read71"   --->   Operation 393 'read' 'p_read_379' <Predicate = true> <Delay = 1.82> <CoreInst = "FIFO_SRL">   --->   Core 80 'FIFO_SRL' <Latency = 0> <II = 1> <Delay = 1.83> <Storage> <Opcode : 'read' 'write' 'nbread' 'nbwrite'> <Ports = 0> <Width = -1> <Depth = -1> <FIFO>
ST_2 : Operation 394 [1/1] (1.82ns)   --->   "%p_read_380 = read i32 @_ssdm_op_Read.ap_auto.i32, i32 %p_read70"   --->   Operation 394 'read' 'p_read_380' <Predicate = true> <Delay = 1.82> <CoreInst = "FIFO_SRL">   --->   Core 80 'FIFO_SRL' <Latency = 0> <II = 1> <Delay = 1.83> <Storage> <Opcode : 'read' 'write' 'nbread' 'nbwrite'> <Ports = 0> <Width = -1> <Depth = -1> <FIFO>
ST_2 : Operation 395 [1/1] (1.82ns)   --->   "%p_read_381 = read i32 @_ssdm_op_Read.ap_auto.i32, i32 %p_read69"   --->   Operation 395 'read' 'p_read_381' <Predicate = true> <Delay = 1.82> <CoreInst = "FIFO_SRL">   --->   Core 80 'FIFO_SRL' <Latency = 0> <II = 1> <Delay = 1.83> <Storage> <Opcode : 'read' 'write' 'nbread' 'nbwrite'> <Ports = 0> <Width = -1> <Depth = -1> <FIFO>
ST_2 : Operation 396 [1/1] (1.82ns)   --->   "%p_read_382 = read i32 @_ssdm_op_Read.ap_auto.i32, i32 %p_read68"   --->   Operation 396 'read' 'p_read_382' <Predicate = true> <Delay = 1.82> <CoreInst = "FIFO_SRL">   --->   Core 80 'FIFO_SRL' <Latency = 0> <II = 1> <Delay = 1.83> <Storage> <Opcode : 'read' 'write' 'nbread' 'nbwrite'> <Ports = 0> <Width = -1> <Depth = -1> <FIFO>
ST_2 : Operation 397 [1/1] (1.82ns)   --->   "%p_read_383 = read i32 @_ssdm_op_Read.ap_auto.i32, i32 %p_read67"   --->   Operation 397 'read' 'p_read_383' <Predicate = true> <Delay = 1.82> <CoreInst = "FIFO_SRL">   --->   Core 80 'FIFO_SRL' <Latency = 0> <II = 1> <Delay = 1.83> <Storage> <Opcode : 'read' 'write' 'nbread' 'nbwrite'> <Ports = 0> <Width = -1> <Depth = -1> <FIFO>
ST_2 : Operation 398 [1/1] (1.82ns)   --->   "%p_read_384 = read i32 @_ssdm_op_Read.ap_auto.i32, i32 %p_read66"   --->   Operation 398 'read' 'p_read_384' <Predicate = true> <Delay = 1.82> <CoreInst = "FIFO_SRL">   --->   Core 80 'FIFO_SRL' <Latency = 0> <II = 1> <Delay = 1.83> <Storage> <Opcode : 'read' 'write' 'nbread' 'nbwrite'> <Ports = 0> <Width = -1> <Depth = -1> <FIFO>
ST_2 : Operation 399 [1/1] (1.82ns)   --->   "%p_read_385 = read i32 @_ssdm_op_Read.ap_auto.i32, i32 %p_read65"   --->   Operation 399 'read' 'p_read_385' <Predicate = true> <Delay = 1.82> <CoreInst = "FIFO_SRL">   --->   Core 80 'FIFO_SRL' <Latency = 0> <II = 1> <Delay = 1.83> <Storage> <Opcode : 'read' 'write' 'nbread' 'nbwrite'> <Ports = 0> <Width = -1> <Depth = -1> <FIFO>
ST_2 : Operation 400 [1/1] (1.82ns)   --->   "%p_read_386 = read i32 @_ssdm_op_Read.ap_auto.i32, i32 %p_read64"   --->   Operation 400 'read' 'p_read_386' <Predicate = true> <Delay = 1.82> <CoreInst = "FIFO_SRL">   --->   Core 80 'FIFO_SRL' <Latency = 0> <II = 1> <Delay = 1.83> <Storage> <Opcode : 'read' 'write' 'nbread' 'nbwrite'> <Ports = 0> <Width = -1> <Depth = -1> <FIFO>
ST_2 : Operation 401 [1/1] (1.82ns)   --->   "%p_read_387 = read i32 @_ssdm_op_Read.ap_auto.i32, i32 %p_read63"   --->   Operation 401 'read' 'p_read_387' <Predicate = true> <Delay = 1.82> <CoreInst = "FIFO_SRL">   --->   Core 80 'FIFO_SRL' <Latency = 0> <II = 1> <Delay = 1.83> <Storage> <Opcode : 'read' 'write' 'nbread' 'nbwrite'> <Ports = 0> <Width = -1> <Depth = -1> <FIFO>
ST_2 : Operation 402 [1/1] (1.82ns)   --->   "%p_read_388 = read i32 @_ssdm_op_Read.ap_auto.i32, i32 %p_read62"   --->   Operation 402 'read' 'p_read_388' <Predicate = true> <Delay = 1.82> <CoreInst = "FIFO_SRL">   --->   Core 80 'FIFO_SRL' <Latency = 0> <II = 1> <Delay = 1.83> <Storage> <Opcode : 'read' 'write' 'nbread' 'nbwrite'> <Ports = 0> <Width = -1> <Depth = -1> <FIFO>
ST_2 : Operation 403 [1/1] (1.82ns)   --->   "%p_read_389 = read i32 @_ssdm_op_Read.ap_auto.i32, i32 %p_read61"   --->   Operation 403 'read' 'p_read_389' <Predicate = true> <Delay = 1.82> <CoreInst = "FIFO_SRL">   --->   Core 80 'FIFO_SRL' <Latency = 0> <II = 1> <Delay = 1.83> <Storage> <Opcode : 'read' 'write' 'nbread' 'nbwrite'> <Ports = 0> <Width = -1> <Depth = -1> <FIFO>
ST_2 : Operation 404 [1/1] (1.82ns)   --->   "%p_read_390 = read i32 @_ssdm_op_Read.ap_auto.i32, i32 %p_read60"   --->   Operation 404 'read' 'p_read_390' <Predicate = true> <Delay = 1.82> <CoreInst = "FIFO_SRL">   --->   Core 80 'FIFO_SRL' <Latency = 0> <II = 1> <Delay = 1.83> <Storage> <Opcode : 'read' 'write' 'nbread' 'nbwrite'> <Ports = 0> <Width = -1> <Depth = -1> <FIFO>
ST_2 : Operation 405 [1/1] (1.82ns)   --->   "%p_read_391 = read i32 @_ssdm_op_Read.ap_auto.i32, i32 %p_read59"   --->   Operation 405 'read' 'p_read_391' <Predicate = true> <Delay = 1.82> <CoreInst = "FIFO_SRL">   --->   Core 80 'FIFO_SRL' <Latency = 0> <II = 1> <Delay = 1.83> <Storage> <Opcode : 'read' 'write' 'nbread' 'nbwrite'> <Ports = 0> <Width = -1> <Depth = -1> <FIFO>
ST_2 : Operation 406 [1/1] (1.82ns)   --->   "%p_read_392 = read i32 @_ssdm_op_Read.ap_auto.i32, i32 %p_read58"   --->   Operation 406 'read' 'p_read_392' <Predicate = true> <Delay = 1.82> <CoreInst = "FIFO_SRL">   --->   Core 80 'FIFO_SRL' <Latency = 0> <II = 1> <Delay = 1.83> <Storage> <Opcode : 'read' 'write' 'nbread' 'nbwrite'> <Ports = 0> <Width = -1> <Depth = -1> <FIFO>
ST_2 : Operation 407 [1/1] (1.82ns)   --->   "%p_read_393 = read i32 @_ssdm_op_Read.ap_auto.i32, i32 %p_read57"   --->   Operation 407 'read' 'p_read_393' <Predicate = true> <Delay = 1.82> <CoreInst = "FIFO_SRL">   --->   Core 80 'FIFO_SRL' <Latency = 0> <II = 1> <Delay = 1.83> <Storage> <Opcode : 'read' 'write' 'nbread' 'nbwrite'> <Ports = 0> <Width = -1> <Depth = -1> <FIFO>
ST_2 : Operation 408 [1/1] (1.82ns)   --->   "%p_read_394 = read i32 @_ssdm_op_Read.ap_auto.i32, i32 %p_read56"   --->   Operation 408 'read' 'p_read_394' <Predicate = true> <Delay = 1.82> <CoreInst = "FIFO_SRL">   --->   Core 80 'FIFO_SRL' <Latency = 0> <II = 1> <Delay = 1.83> <Storage> <Opcode : 'read' 'write' 'nbread' 'nbwrite'> <Ports = 0> <Width = -1> <Depth = -1> <FIFO>
ST_2 : Operation 409 [1/1] (1.82ns)   --->   "%p_read_395 = read i32 @_ssdm_op_Read.ap_auto.i32, i32 %p_read55"   --->   Operation 409 'read' 'p_read_395' <Predicate = true> <Delay = 1.82> <CoreInst = "FIFO_SRL">   --->   Core 80 'FIFO_SRL' <Latency = 0> <II = 1> <Delay = 1.83> <Storage> <Opcode : 'read' 'write' 'nbread' 'nbwrite'> <Ports = 0> <Width = -1> <Depth = -1> <FIFO>
ST_2 : Operation 410 [1/1] (1.82ns)   --->   "%p_read_396 = read i32 @_ssdm_op_Read.ap_auto.i32, i32 %p_read54"   --->   Operation 410 'read' 'p_read_396' <Predicate = true> <Delay = 1.82> <CoreInst = "FIFO_SRL">   --->   Core 80 'FIFO_SRL' <Latency = 0> <II = 1> <Delay = 1.83> <Storage> <Opcode : 'read' 'write' 'nbread' 'nbwrite'> <Ports = 0> <Width = -1> <Depth = -1> <FIFO>
ST_2 : Operation 411 [1/1] (1.82ns)   --->   "%p_read_397 = read i32 @_ssdm_op_Read.ap_auto.i32, i32 %p_read53"   --->   Operation 411 'read' 'p_read_397' <Predicate = true> <Delay = 1.82> <CoreInst = "FIFO_SRL">   --->   Core 80 'FIFO_SRL' <Latency = 0> <II = 1> <Delay = 1.83> <Storage> <Opcode : 'read' 'write' 'nbread' 'nbwrite'> <Ports = 0> <Width = -1> <Depth = -1> <FIFO>
ST_2 : Operation 412 [1/1] (1.82ns)   --->   "%p_read_398 = read i32 @_ssdm_op_Read.ap_auto.i32, i32 %p_read52"   --->   Operation 412 'read' 'p_read_398' <Predicate = true> <Delay = 1.82> <CoreInst = "FIFO_SRL">   --->   Core 80 'FIFO_SRL' <Latency = 0> <II = 1> <Delay = 1.83> <Storage> <Opcode : 'read' 'write' 'nbread' 'nbwrite'> <Ports = 0> <Width = -1> <Depth = -1> <FIFO>
ST_2 : Operation 413 [1/1] (1.82ns)   --->   "%p_read_399 = read i32 @_ssdm_op_Read.ap_auto.i32, i32 %p_read51"   --->   Operation 413 'read' 'p_read_399' <Predicate = true> <Delay = 1.82> <CoreInst = "FIFO_SRL">   --->   Core 80 'FIFO_SRL' <Latency = 0> <II = 1> <Delay = 1.83> <Storage> <Opcode : 'read' 'write' 'nbread' 'nbwrite'> <Ports = 0> <Width = -1> <Depth = -1> <FIFO>
ST_2 : Operation 414 [1/1] (1.82ns)   --->   "%p_read_400 = read i32 @_ssdm_op_Read.ap_auto.i32, i32 %p_read50"   --->   Operation 414 'read' 'p_read_400' <Predicate = true> <Delay = 1.82> <CoreInst = "FIFO_SRL">   --->   Core 80 'FIFO_SRL' <Latency = 0> <II = 1> <Delay = 1.83> <Storage> <Opcode : 'read' 'write' 'nbread' 'nbwrite'> <Ports = 0> <Width = -1> <Depth = -1> <FIFO>
ST_2 : Operation 415 [1/1] (1.82ns)   --->   "%p_read_401 = read i32 @_ssdm_op_Read.ap_auto.i32, i32 %p_read49"   --->   Operation 415 'read' 'p_read_401' <Predicate = true> <Delay = 1.82> <CoreInst = "FIFO_SRL">   --->   Core 80 'FIFO_SRL' <Latency = 0> <II = 1> <Delay = 1.83> <Storage> <Opcode : 'read' 'write' 'nbread' 'nbwrite'> <Ports = 0> <Width = -1> <Depth = -1> <FIFO>
ST_2 : Operation 416 [1/1] (1.82ns)   --->   "%p_read_402 = read i32 @_ssdm_op_Read.ap_auto.i32, i32 %p_read48"   --->   Operation 416 'read' 'p_read_402' <Predicate = true> <Delay = 1.82> <CoreInst = "FIFO_SRL">   --->   Core 80 'FIFO_SRL' <Latency = 0> <II = 1> <Delay = 1.83> <Storage> <Opcode : 'read' 'write' 'nbread' 'nbwrite'> <Ports = 0> <Width = -1> <Depth = -1> <FIFO>
ST_2 : Operation 417 [1/1] (1.82ns)   --->   "%p_read_403 = read i32 @_ssdm_op_Read.ap_auto.i32, i32 %p_read47"   --->   Operation 417 'read' 'p_read_403' <Predicate = true> <Delay = 1.82> <CoreInst = "FIFO_SRL">   --->   Core 80 'FIFO_SRL' <Latency = 0> <II = 1> <Delay = 1.83> <Storage> <Opcode : 'read' 'write' 'nbread' 'nbwrite'> <Ports = 0> <Width = -1> <Depth = -1> <FIFO>
ST_2 : Operation 418 [1/1] (1.82ns)   --->   "%p_read_404 = read i32 @_ssdm_op_Read.ap_auto.i32, i32 %p_read46"   --->   Operation 418 'read' 'p_read_404' <Predicate = true> <Delay = 1.82> <CoreInst = "FIFO_SRL">   --->   Core 80 'FIFO_SRL' <Latency = 0> <II = 1> <Delay = 1.83> <Storage> <Opcode : 'read' 'write' 'nbread' 'nbwrite'> <Ports = 0> <Width = -1> <Depth = -1> <FIFO>
ST_2 : Operation 419 [1/1] (1.82ns)   --->   "%p_read_405 = read i32 @_ssdm_op_Read.ap_auto.i32, i32 %p_read45"   --->   Operation 419 'read' 'p_read_405' <Predicate = true> <Delay = 1.82> <CoreInst = "FIFO_SRL">   --->   Core 80 'FIFO_SRL' <Latency = 0> <II = 1> <Delay = 1.83> <Storage> <Opcode : 'read' 'write' 'nbread' 'nbwrite'> <Ports = 0> <Width = -1> <Depth = -1> <FIFO>
ST_2 : Operation 420 [1/1] (1.82ns)   --->   "%p_read_406 = read i32 @_ssdm_op_Read.ap_auto.i32, i32 %p_read44"   --->   Operation 420 'read' 'p_read_406' <Predicate = true> <Delay = 1.82> <CoreInst = "FIFO_SRL">   --->   Core 80 'FIFO_SRL' <Latency = 0> <II = 1> <Delay = 1.83> <Storage> <Opcode : 'read' 'write' 'nbread' 'nbwrite'> <Ports = 0> <Width = -1> <Depth = -1> <FIFO>
ST_2 : Operation 421 [1/1] (1.82ns)   --->   "%p_read_407 = read i32 @_ssdm_op_Read.ap_auto.i32, i32 %p_read43"   --->   Operation 421 'read' 'p_read_407' <Predicate = true> <Delay = 1.82> <CoreInst = "FIFO_SRL">   --->   Core 80 'FIFO_SRL' <Latency = 0> <II = 1> <Delay = 1.83> <Storage> <Opcode : 'read' 'write' 'nbread' 'nbwrite'> <Ports = 0> <Width = -1> <Depth = -1> <FIFO>
ST_2 : Operation 422 [1/1] (1.82ns)   --->   "%p_read_408 = read i32 @_ssdm_op_Read.ap_auto.i32, i32 %p_read42"   --->   Operation 422 'read' 'p_read_408' <Predicate = true> <Delay = 1.82> <CoreInst = "FIFO_SRL">   --->   Core 80 'FIFO_SRL' <Latency = 0> <II = 1> <Delay = 1.83> <Storage> <Opcode : 'read' 'write' 'nbread' 'nbwrite'> <Ports = 0> <Width = -1> <Depth = -1> <FIFO>
ST_2 : Operation 423 [1/1] (1.82ns)   --->   "%p_read_409 = read i32 @_ssdm_op_Read.ap_auto.i32, i32 %p_read41"   --->   Operation 423 'read' 'p_read_409' <Predicate = true> <Delay = 1.82> <CoreInst = "FIFO_SRL">   --->   Core 80 'FIFO_SRL' <Latency = 0> <II = 1> <Delay = 1.83> <Storage> <Opcode : 'read' 'write' 'nbread' 'nbwrite'> <Ports = 0> <Width = -1> <Depth = -1> <FIFO>
ST_2 : Operation 424 [1/1] (1.82ns)   --->   "%p_read_410 = read i32 @_ssdm_op_Read.ap_auto.i32, i32 %p_read40"   --->   Operation 424 'read' 'p_read_410' <Predicate = true> <Delay = 1.82> <CoreInst = "FIFO_SRL">   --->   Core 80 'FIFO_SRL' <Latency = 0> <II = 1> <Delay = 1.83> <Storage> <Opcode : 'read' 'write' 'nbread' 'nbwrite'> <Ports = 0> <Width = -1> <Depth = -1> <FIFO>
ST_2 : Operation 425 [1/1] (1.82ns)   --->   "%p_read_411 = read i32 @_ssdm_op_Read.ap_auto.i32, i32 %p_read39"   --->   Operation 425 'read' 'p_read_411' <Predicate = true> <Delay = 1.82> <CoreInst = "FIFO_SRL">   --->   Core 80 'FIFO_SRL' <Latency = 0> <II = 1> <Delay = 1.83> <Storage> <Opcode : 'read' 'write' 'nbread' 'nbwrite'> <Ports = 0> <Width = -1> <Depth = -1> <FIFO>
ST_2 : Operation 426 [1/1] (1.82ns)   --->   "%p_read_412 = read i32 @_ssdm_op_Read.ap_auto.i32, i32 %p_read38"   --->   Operation 426 'read' 'p_read_412' <Predicate = true> <Delay = 1.82> <CoreInst = "FIFO_SRL">   --->   Core 80 'FIFO_SRL' <Latency = 0> <II = 1> <Delay = 1.83> <Storage> <Opcode : 'read' 'write' 'nbread' 'nbwrite'> <Ports = 0> <Width = -1> <Depth = -1> <FIFO>
ST_2 : Operation 427 [1/1] (1.82ns)   --->   "%p_read_413 = read i32 @_ssdm_op_Read.ap_auto.i32, i32 %p_read37"   --->   Operation 427 'read' 'p_read_413' <Predicate = true> <Delay = 1.82> <CoreInst = "FIFO_SRL">   --->   Core 80 'FIFO_SRL' <Latency = 0> <II = 1> <Delay = 1.83> <Storage> <Opcode : 'read' 'write' 'nbread' 'nbwrite'> <Ports = 0> <Width = -1> <Depth = -1> <FIFO>
ST_2 : Operation 428 [1/1] (1.82ns)   --->   "%p_read_414 = read i32 @_ssdm_op_Read.ap_auto.i32, i32 %p_read36"   --->   Operation 428 'read' 'p_read_414' <Predicate = true> <Delay = 1.82> <CoreInst = "FIFO_SRL">   --->   Core 80 'FIFO_SRL' <Latency = 0> <II = 1> <Delay = 1.83> <Storage> <Opcode : 'read' 'write' 'nbread' 'nbwrite'> <Ports = 0> <Width = -1> <Depth = -1> <FIFO>
ST_2 : Operation 429 [1/1] (1.82ns)   --->   "%p_read_415 = read i32 @_ssdm_op_Read.ap_auto.i32, i32 %p_read35"   --->   Operation 429 'read' 'p_read_415' <Predicate = true> <Delay = 1.82> <CoreInst = "FIFO_SRL">   --->   Core 80 'FIFO_SRL' <Latency = 0> <II = 1> <Delay = 1.83> <Storage> <Opcode : 'read' 'write' 'nbread' 'nbwrite'> <Ports = 0> <Width = -1> <Depth = -1> <FIFO>
ST_2 : Operation 430 [1/1] (1.82ns)   --->   "%p_read_416 = read i32 @_ssdm_op_Read.ap_auto.i32, i32 %p_read34"   --->   Operation 430 'read' 'p_read_416' <Predicate = true> <Delay = 1.82> <CoreInst = "FIFO_SRL">   --->   Core 80 'FIFO_SRL' <Latency = 0> <II = 1> <Delay = 1.83> <Storage> <Opcode : 'read' 'write' 'nbread' 'nbwrite'> <Ports = 0> <Width = -1> <Depth = -1> <FIFO>
ST_2 : Operation 431 [1/1] (1.82ns)   --->   "%p_read_417 = read i32 @_ssdm_op_Read.ap_auto.i32, i32 %p_read33"   --->   Operation 431 'read' 'p_read_417' <Predicate = true> <Delay = 1.82> <CoreInst = "FIFO_SRL">   --->   Core 80 'FIFO_SRL' <Latency = 0> <II = 1> <Delay = 1.83> <Storage> <Opcode : 'read' 'write' 'nbread' 'nbwrite'> <Ports = 0> <Width = -1> <Depth = -1> <FIFO>
ST_2 : Operation 432 [1/1] (1.82ns)   --->   "%p_read_418 = read i32 @_ssdm_op_Read.ap_auto.i32, i32 %p_read32"   --->   Operation 432 'read' 'p_read_418' <Predicate = true> <Delay = 1.82> <CoreInst = "FIFO_SRL">   --->   Core 80 'FIFO_SRL' <Latency = 0> <II = 1> <Delay = 1.83> <Storage> <Opcode : 'read' 'write' 'nbread' 'nbwrite'> <Ports = 0> <Width = -1> <Depth = -1> <FIFO>
ST_2 : Operation 433 [1/1] (1.82ns)   --->   "%p_read_419 = read i32 @_ssdm_op_Read.ap_auto.i32, i32 %p_read31"   --->   Operation 433 'read' 'p_read_419' <Predicate = true> <Delay = 1.82> <CoreInst = "FIFO_SRL">   --->   Core 80 'FIFO_SRL' <Latency = 0> <II = 1> <Delay = 1.83> <Storage> <Opcode : 'read' 'write' 'nbread' 'nbwrite'> <Ports = 0> <Width = -1> <Depth = -1> <FIFO>
ST_2 : Operation 434 [1/1] (1.82ns)   --->   "%p_read_420 = read i32 @_ssdm_op_Read.ap_auto.i32, i32 %p_read30"   --->   Operation 434 'read' 'p_read_420' <Predicate = true> <Delay = 1.82> <CoreInst = "FIFO_SRL">   --->   Core 80 'FIFO_SRL' <Latency = 0> <II = 1> <Delay = 1.83> <Storage> <Opcode : 'read' 'write' 'nbread' 'nbwrite'> <Ports = 0> <Width = -1> <Depth = -1> <FIFO>
ST_2 : Operation 435 [1/1] (1.82ns)   --->   "%p_read_421 = read i32 @_ssdm_op_Read.ap_auto.i32, i32 %p_read29"   --->   Operation 435 'read' 'p_read_421' <Predicate = true> <Delay = 1.82> <CoreInst = "FIFO_SRL">   --->   Core 80 'FIFO_SRL' <Latency = 0> <II = 1> <Delay = 1.83> <Storage> <Opcode : 'read' 'write' 'nbread' 'nbwrite'> <Ports = 0> <Width = -1> <Depth = -1> <FIFO>
ST_2 : Operation 436 [1/1] (1.82ns)   --->   "%p_read_422 = read i32 @_ssdm_op_Read.ap_auto.i32, i32 %p_read28"   --->   Operation 436 'read' 'p_read_422' <Predicate = true> <Delay = 1.82> <CoreInst = "FIFO_SRL">   --->   Core 80 'FIFO_SRL' <Latency = 0> <II = 1> <Delay = 1.83> <Storage> <Opcode : 'read' 'write' 'nbread' 'nbwrite'> <Ports = 0> <Width = -1> <Depth = -1> <FIFO>
ST_2 : Operation 437 [1/1] (1.82ns)   --->   "%p_read_423 = read i32 @_ssdm_op_Read.ap_auto.i32, i32 %p_read27"   --->   Operation 437 'read' 'p_read_423' <Predicate = true> <Delay = 1.82> <CoreInst = "FIFO_SRL">   --->   Core 80 'FIFO_SRL' <Latency = 0> <II = 1> <Delay = 1.83> <Storage> <Opcode : 'read' 'write' 'nbread' 'nbwrite'> <Ports = 0> <Width = -1> <Depth = -1> <FIFO>
ST_2 : Operation 438 [1/1] (1.82ns)   --->   "%p_read_424 = read i32 @_ssdm_op_Read.ap_auto.i32, i32 %p_read26"   --->   Operation 438 'read' 'p_read_424' <Predicate = true> <Delay = 1.82> <CoreInst = "FIFO_SRL">   --->   Core 80 'FIFO_SRL' <Latency = 0> <II = 1> <Delay = 1.83> <Storage> <Opcode : 'read' 'write' 'nbread' 'nbwrite'> <Ports = 0> <Width = -1> <Depth = -1> <FIFO>
ST_2 : Operation 439 [1/1] (1.82ns)   --->   "%p_read_425 = read i32 @_ssdm_op_Read.ap_auto.i32, i32 %p_read25"   --->   Operation 439 'read' 'p_read_425' <Predicate = true> <Delay = 1.82> <CoreInst = "FIFO_SRL">   --->   Core 80 'FIFO_SRL' <Latency = 0> <II = 1> <Delay = 1.83> <Storage> <Opcode : 'read' 'write' 'nbread' 'nbwrite'> <Ports = 0> <Width = -1> <Depth = -1> <FIFO>
ST_2 : Operation 440 [1/1] (1.82ns)   --->   "%p_read_426 = read i32 @_ssdm_op_Read.ap_auto.i32, i32 %p_read24"   --->   Operation 440 'read' 'p_read_426' <Predicate = true> <Delay = 1.82> <CoreInst = "FIFO_SRL">   --->   Core 80 'FIFO_SRL' <Latency = 0> <II = 1> <Delay = 1.83> <Storage> <Opcode : 'read' 'write' 'nbread' 'nbwrite'> <Ports = 0> <Width = -1> <Depth = -1> <FIFO>
ST_2 : Operation 441 [1/1] (1.82ns)   --->   "%p_read_427 = read i32 @_ssdm_op_Read.ap_auto.i32, i32 %p_read23"   --->   Operation 441 'read' 'p_read_427' <Predicate = true> <Delay = 1.82> <CoreInst = "FIFO_SRL">   --->   Core 80 'FIFO_SRL' <Latency = 0> <II = 1> <Delay = 1.83> <Storage> <Opcode : 'read' 'write' 'nbread' 'nbwrite'> <Ports = 0> <Width = -1> <Depth = -1> <FIFO>
ST_2 : Operation 442 [1/1] (1.82ns)   --->   "%p_read_428 = read i32 @_ssdm_op_Read.ap_auto.i32, i32 %p_read22"   --->   Operation 442 'read' 'p_read_428' <Predicate = true> <Delay = 1.82> <CoreInst = "FIFO_SRL">   --->   Core 80 'FIFO_SRL' <Latency = 0> <II = 1> <Delay = 1.83> <Storage> <Opcode : 'read' 'write' 'nbread' 'nbwrite'> <Ports = 0> <Width = -1> <Depth = -1> <FIFO>
ST_2 : Operation 443 [1/1] (1.82ns)   --->   "%p_read_429 = read i32 @_ssdm_op_Read.ap_auto.i32, i32 %p_read21"   --->   Operation 443 'read' 'p_read_429' <Predicate = true> <Delay = 1.82> <CoreInst = "FIFO_SRL">   --->   Core 80 'FIFO_SRL' <Latency = 0> <II = 1> <Delay = 1.83> <Storage> <Opcode : 'read' 'write' 'nbread' 'nbwrite'> <Ports = 0> <Width = -1> <Depth = -1> <FIFO>
ST_2 : Operation 444 [1/1] (1.82ns)   --->   "%p_read_430 = read i32 @_ssdm_op_Read.ap_auto.i32, i32 %p_read20"   --->   Operation 444 'read' 'p_read_430' <Predicate = true> <Delay = 1.82> <CoreInst = "FIFO_SRL">   --->   Core 80 'FIFO_SRL' <Latency = 0> <II = 1> <Delay = 1.83> <Storage> <Opcode : 'read' 'write' 'nbread' 'nbwrite'> <Ports = 0> <Width = -1> <Depth = -1> <FIFO>
ST_2 : Operation 445 [1/1] (1.82ns)   --->   "%p_read_431 = read i32 @_ssdm_op_Read.ap_auto.i32, i32 %p_read19"   --->   Operation 445 'read' 'p_read_431' <Predicate = true> <Delay = 1.82> <CoreInst = "FIFO_SRL">   --->   Core 80 'FIFO_SRL' <Latency = 0> <II = 1> <Delay = 1.83> <Storage> <Opcode : 'read' 'write' 'nbread' 'nbwrite'> <Ports = 0> <Width = -1> <Depth = -1> <FIFO>
ST_2 : Operation 446 [1/1] (1.82ns)   --->   "%p_read_432 = read i32 @_ssdm_op_Read.ap_auto.i32, i32 %p_read18"   --->   Operation 446 'read' 'p_read_432' <Predicate = true> <Delay = 1.82> <CoreInst = "FIFO_SRL">   --->   Core 80 'FIFO_SRL' <Latency = 0> <II = 1> <Delay = 1.83> <Storage> <Opcode : 'read' 'write' 'nbread' 'nbwrite'> <Ports = 0> <Width = -1> <Depth = -1> <FIFO>
ST_2 : Operation 447 [1/1] (1.82ns)   --->   "%p_read_433 = read i32 @_ssdm_op_Read.ap_auto.i32, i32 %p_read17"   --->   Operation 447 'read' 'p_read_433' <Predicate = true> <Delay = 1.82> <CoreInst = "FIFO_SRL">   --->   Core 80 'FIFO_SRL' <Latency = 0> <II = 1> <Delay = 1.83> <Storage> <Opcode : 'read' 'write' 'nbread' 'nbwrite'> <Ports = 0> <Width = -1> <Depth = -1> <FIFO>
ST_2 : Operation 448 [1/1] (1.82ns)   --->   "%p_read_434 = read i32 @_ssdm_op_Read.ap_auto.i32, i32 %p_read16"   --->   Operation 448 'read' 'p_read_434' <Predicate = true> <Delay = 1.82> <CoreInst = "FIFO_SRL">   --->   Core 80 'FIFO_SRL' <Latency = 0> <II = 1> <Delay = 1.83> <Storage> <Opcode : 'read' 'write' 'nbread' 'nbwrite'> <Ports = 0> <Width = -1> <Depth = -1> <FIFO>
ST_2 : Operation 449 [1/1] (1.82ns)   --->   "%p_read_435 = read i32 @_ssdm_op_Read.ap_auto.i32, i32 %p_read15"   --->   Operation 449 'read' 'p_read_435' <Predicate = true> <Delay = 1.82> <CoreInst = "FIFO_SRL">   --->   Core 80 'FIFO_SRL' <Latency = 0> <II = 1> <Delay = 1.83> <Storage> <Opcode : 'read' 'write' 'nbread' 'nbwrite'> <Ports = 0> <Width = -1> <Depth = -1> <FIFO>
ST_2 : Operation 450 [1/1] (1.82ns)   --->   "%p_read_436 = read i32 @_ssdm_op_Read.ap_auto.i32, i32 %p_read14"   --->   Operation 450 'read' 'p_read_436' <Predicate = true> <Delay = 1.82> <CoreInst = "FIFO_SRL">   --->   Core 80 'FIFO_SRL' <Latency = 0> <II = 1> <Delay = 1.83> <Storage> <Opcode : 'read' 'write' 'nbread' 'nbwrite'> <Ports = 0> <Width = -1> <Depth = -1> <FIFO>
ST_2 : Operation 451 [1/1] (1.82ns)   --->   "%p_read_437 = read i32 @_ssdm_op_Read.ap_auto.i32, i32 %p_read13"   --->   Operation 451 'read' 'p_read_437' <Predicate = true> <Delay = 1.82> <CoreInst = "FIFO_SRL">   --->   Core 80 'FIFO_SRL' <Latency = 0> <II = 1> <Delay = 1.83> <Storage> <Opcode : 'read' 'write' 'nbread' 'nbwrite'> <Ports = 0> <Width = -1> <Depth = -1> <FIFO>
ST_2 : Operation 452 [1/1] (1.82ns)   --->   "%p_read_438 = read i32 @_ssdm_op_Read.ap_auto.i32, i32 %p_read12"   --->   Operation 452 'read' 'p_read_438' <Predicate = true> <Delay = 1.82> <CoreInst = "FIFO_SRL">   --->   Core 80 'FIFO_SRL' <Latency = 0> <II = 1> <Delay = 1.83> <Storage> <Opcode : 'read' 'write' 'nbread' 'nbwrite'> <Ports = 0> <Width = -1> <Depth = -1> <FIFO>
ST_2 : Operation 453 [1/1] (1.82ns)   --->   "%p_read_439 = read i32 @_ssdm_op_Read.ap_auto.i32, i32 %p_read11"   --->   Operation 453 'read' 'p_read_439' <Predicate = true> <Delay = 1.82> <CoreInst = "FIFO_SRL">   --->   Core 80 'FIFO_SRL' <Latency = 0> <II = 1> <Delay = 1.83> <Storage> <Opcode : 'read' 'write' 'nbread' 'nbwrite'> <Ports = 0> <Width = -1> <Depth = -1> <FIFO>
ST_2 : Operation 454 [1/1] (1.82ns)   --->   "%p_read_440 = read i32 @_ssdm_op_Read.ap_auto.i32, i32 %p_read10"   --->   Operation 454 'read' 'p_read_440' <Predicate = true> <Delay = 1.82> <CoreInst = "FIFO_SRL">   --->   Core 80 'FIFO_SRL' <Latency = 0> <II = 1> <Delay = 1.83> <Storage> <Opcode : 'read' 'write' 'nbread' 'nbwrite'> <Ports = 0> <Width = -1> <Depth = -1> <FIFO>
ST_2 : Operation 455 [1/1] (1.82ns)   --->   "%p_read_441 = read i32 @_ssdm_op_Read.ap_auto.i32, i32 %p_read9"   --->   Operation 455 'read' 'p_read_441' <Predicate = true> <Delay = 1.82> <CoreInst = "FIFO_SRL">   --->   Core 80 'FIFO_SRL' <Latency = 0> <II = 1> <Delay = 1.83> <Storage> <Opcode : 'read' 'write' 'nbread' 'nbwrite'> <Ports = 0> <Width = -1> <Depth = -1> <FIFO>
ST_2 : Operation 456 [1/1] (1.82ns)   --->   "%p_read_442 = read i32 @_ssdm_op_Read.ap_auto.i32, i32 %p_read8"   --->   Operation 456 'read' 'p_read_442' <Predicate = true> <Delay = 1.82> <CoreInst = "FIFO_SRL">   --->   Core 80 'FIFO_SRL' <Latency = 0> <II = 1> <Delay = 1.83> <Storage> <Opcode : 'read' 'write' 'nbread' 'nbwrite'> <Ports = 0> <Width = -1> <Depth = -1> <FIFO>
ST_2 : Operation 457 [1/1] (1.82ns)   --->   "%p_read_443 = read i32 @_ssdm_op_Read.ap_auto.i32, i32 %p_read7"   --->   Operation 457 'read' 'p_read_443' <Predicate = true> <Delay = 1.82> <CoreInst = "FIFO_SRL">   --->   Core 80 'FIFO_SRL' <Latency = 0> <II = 1> <Delay = 1.83> <Storage> <Opcode : 'read' 'write' 'nbread' 'nbwrite'> <Ports = 0> <Width = -1> <Depth = -1> <FIFO>
ST_2 : Operation 458 [1/1] (1.82ns)   --->   "%p_read_444 = read i32 @_ssdm_op_Read.ap_auto.i32, i32 %p_read6"   --->   Operation 458 'read' 'p_read_444' <Predicate = true> <Delay = 1.82> <CoreInst = "FIFO_SRL">   --->   Core 80 'FIFO_SRL' <Latency = 0> <II = 1> <Delay = 1.83> <Storage> <Opcode : 'read' 'write' 'nbread' 'nbwrite'> <Ports = 0> <Width = -1> <Depth = -1> <FIFO>
ST_2 : Operation 459 [1/1] (1.82ns)   --->   "%p_read_445 = read i32 @_ssdm_op_Read.ap_auto.i32, i32 %p_read5"   --->   Operation 459 'read' 'p_read_445' <Predicate = true> <Delay = 1.82> <CoreInst = "FIFO_SRL">   --->   Core 80 'FIFO_SRL' <Latency = 0> <II = 1> <Delay = 1.83> <Storage> <Opcode : 'read' 'write' 'nbread' 'nbwrite'> <Ports = 0> <Width = -1> <Depth = -1> <FIFO>
ST_2 : Operation 460 [1/1] (1.82ns)   --->   "%p_read_446 = read i32 @_ssdm_op_Read.ap_auto.i32, i32 %p_read4"   --->   Operation 460 'read' 'p_read_446' <Predicate = true> <Delay = 1.82> <CoreInst = "FIFO_SRL">   --->   Core 80 'FIFO_SRL' <Latency = 0> <II = 1> <Delay = 1.83> <Storage> <Opcode : 'read' 'write' 'nbread' 'nbwrite'> <Ports = 0> <Width = -1> <Depth = -1> <FIFO>
ST_2 : Operation 461 [1/1] (1.82ns)   --->   "%p_read_447 = read i32 @_ssdm_op_Read.ap_auto.i32, i32 %p_read3"   --->   Operation 461 'read' 'p_read_447' <Predicate = true> <Delay = 1.82> <CoreInst = "FIFO_SRL">   --->   Core 80 'FIFO_SRL' <Latency = 0> <II = 1> <Delay = 1.83> <Storage> <Opcode : 'read' 'write' 'nbread' 'nbwrite'> <Ports = 0> <Width = -1> <Depth = -1> <FIFO>
ST_2 : Operation 462 [1/1] (1.82ns)   --->   "%p_read_448 = read i32 @_ssdm_op_Read.ap_auto.i32, i32 %p_read2"   --->   Operation 462 'read' 'p_read_448' <Predicate = true> <Delay = 1.82> <CoreInst = "FIFO_SRL">   --->   Core 80 'FIFO_SRL' <Latency = 0> <II = 1> <Delay = 1.83> <Storage> <Opcode : 'read' 'write' 'nbread' 'nbwrite'> <Ports = 0> <Width = -1> <Depth = -1> <FIFO>
ST_2 : Operation 463 [1/1] (1.82ns)   --->   "%p_read_449 = read i32 @_ssdm_op_Read.ap_auto.i32, i32 %p_read1"   --->   Operation 463 'read' 'p_read_449' <Predicate = true> <Delay = 1.82> <CoreInst = "FIFO_SRL">   --->   Core 80 'FIFO_SRL' <Latency = 0> <II = 1> <Delay = 1.83> <Storage> <Opcode : 'read' 'write' 'nbread' 'nbwrite'> <Ports = 0> <Width = -1> <Depth = -1> <FIFO>
ST_2 : Operation 464 [1/1] (1.82ns)   --->   "%p_read450 = read i32 @_ssdm_op_Read.ap_auto.i32, i32 %p_read"   --->   Operation 464 'read' 'p_read450' <Predicate = true> <Delay = 1.82> <CoreInst = "FIFO_SRL">   --->   Core 80 'FIFO_SRL' <Latency = 0> <II = 1> <Delay = 1.83> <Storage> <Opcode : 'read' 'write' 'nbread' 'nbwrite'> <Ports = 0> <Width = -1> <Depth = -1> <FIFO>
ST_2 : Operation 465 [1/1] (0.00ns)   --->   "%specinterface_ln0 = specinterface void @_ssdm_op_SpecInterface, i3 %img_0, void @ap_fifo_str, i32 0, i32 0, void @p_str, i32 0, i32 0, void @p_str, void @p_str, void @p_str, i32 2, i32 2, i32 16, i32 16, void @p_str, void @ScalarProp_str, i32 4294967295, i32 0, i32 0"   --->   Operation 465 'specinterface' 'specinterface_ln0' <Predicate = true> <Delay = 0.00>
ST_2 : Operation 466 [1/1] (0.00ns)   --->   "%specinterface_ln0 = specinterface void @_ssdm_op_SpecInterface, i64 %gmem1, void @empty_21, i32 0, i32 0, void @empty_20, i32 0, i32 0, void @empty_18, void @empty_15, void @empty_20, i32 16, i32 16, i32 16, i32 16, void @empty_20, void @empty_20, i32 4294967295, i32 0, i32 0"   --->   Operation 466 'specinterface' 'specinterface_ln0' <Predicate = true> <Delay = 0.00>
ST_2 : Operation 467 [1/1] (0.00ns)   --->   "%zext_ln37_1 = zext i3 %img" [top_wrapper.cpp:37->top_wrapper.cpp:129]   --->   Operation 467 'zext' 'zext_ln37_1' <Predicate = true> <Delay = 0.00>
ST_2 : Operation 468 [1/1] (2.18ns)   --->   "%mul_ln37 = mul i13 %zext_ln37_1, i13 1936" [top_wrapper.cpp:37->top_wrapper.cpp:129]   --->   Operation 468 'mul' 'mul_ln37' <Predicate = true> <Delay = 2.18> <CoreInst = "Multiplier">   --->   Core 3 'Multiplier' <Latency = 0> <II = 1> <Delay = 2.18> <FuncUnit> <Opcode : 'mul'> <InPorts = 2> <OutPorts = 1>
ST_2 : Operation 469 [1/1] (0.00ns)   --->   "%br_ln37 = br void %VITIS_LOOP_38_2.i" [top_wrapper.cpp:37->top_wrapper.cpp:129]   --->   Operation 469 'br' 'br_ln37' <Predicate = true> <Delay = 0.00>

State 3 <SV = 2> <Delay = 1.22>
ST_3 : Operation 470 [1/1] (0.00ns)   --->   "%s_ih_2 = load i4 %s_ih" [top_wrapper.cpp:37->top_wrapper.cpp:129]   --->   Operation 470 'load' 's_ih_2' <Predicate = true> <Delay = 0.00>
ST_3 : Operation 471 [1/1] (0.79ns)   --->   "%icmp_ln37 = icmp_eq  i4 %s_ih_2, i4 15" [top_wrapper.cpp:37->top_wrapper.cpp:129]   --->   Operation 471 'icmp' 'icmp_ln37' <Predicate = true> <Delay = 0.79> <CoreInst = "Cmp">   --->   Core 9 'Cmp' <Latency = 0> <II = 1> <Delay = 0.79> <FuncUnit> <Opcode : 'seteq' 'setne' 'setle' 'setge' 'setlt' 'setgt'> <InPorts = 2> <OutPorts = 1>
ST_3 : Operation 472 [1/1] (0.00ns)   --->   "%br_ln37 = br i1 %icmp_ln37, void %VITIS_LOOP_38_2.split.i, void %out_conv2mem<2, 13, 13, 3, 3, 2, 11, 11, 1, 162, 1, 1, 5, 5, 2, 3>.exit" [top_wrapper.cpp:37->top_wrapper.cpp:129]   --->   Operation 472 'br' 'br_ln37' <Predicate = true> <Delay = 0.00>
ST_3 : Operation 473 [1/1] (0.00ns)   --->   "%zext_ln37 = zext i4 %s_ih_2" [top_wrapper.cpp:37->top_wrapper.cpp:129]   --->   Operation 473 'zext' 'zext_ln37' <Predicate = (!icmp_ln37)> <Delay = 0.00>
ST_3 : Operation 474 [1/1] (0.00ns)   --->   "%speclooptripcount_ln37 = speclooptripcount void @_ssdm_op_SpecLoopTripCount, i64 3, i64 3, i64 3" [top_wrapper.cpp:37->top_wrapper.cpp:129]   --->   Operation 474 'speclooptripcount' 'speclooptripcount_ln37' <Predicate = (!icmp_ln37)> <Delay = 0.00>
ST_3 : Operation 475 [1/1] (0.00ns)   --->   "%specloopname_ln37 = specloopname void @_ssdm_op_SpecLoopName, void @empty_10" [top_wrapper.cpp:37->top_wrapper.cpp:129]   --->   Operation 475 'specloopname' 'specloopname_ln37' <Predicate = (!icmp_ln37)> <Delay = 0.00>
ST_3 : Operation 476 [1/1] (0.79ns)   --->   "%cmp63_i = icmp_ugt  i4 %s_ih_2, i4 5" [top_wrapper.cpp:37->top_wrapper.cpp:129]   --->   Operation 476 'icmp' 'cmp63_i' <Predicate = (!icmp_ln37)> <Delay = 0.79> <CoreInst = "Cmp">   --->   Core 9 'Cmp' <Latency = 0> <II = 1> <Delay = 0.79> <FuncUnit> <Opcode : 'seteq' 'setne' 'setle' 'setge' 'setlt' 'setgt'> <InPorts = 2> <OutPorts = 1>
ST_3 : Operation 477 [1/1] (0.42ns)   --->   "%br_ln38 = br void %for.cond1.i" [top_wrapper.cpp:38->top_wrapper.cpp:129]   --->   Operation 477 'br' 'br_ln38' <Predicate = (!icmp_ln37)> <Delay = 0.42>
ST_3 : Operation 478 [1/1] (0.00ns)   --->   "%ret_ln129 = ret" [top_wrapper.cpp:129]   --->   Operation 478 'ret' 'ret_ln129' <Predicate = (icmp_ln37)> <Delay = 0.00>

State 4 <SV = 3> <Delay = 2.03>
ST_4 : Operation 479 [1/1] (0.00ns)   --->   "%s_fh = phi i32 0, void %VITIS_LOOP_38_2.split.i, i32 %s_fh_3, void %for.end62.i"   --->   Operation 479 'phi' 's_fh' <Predicate = true> <Delay = 0.00>
ST_4 : Operation 480 [1/1] (1.01ns)   --->   "%icmp_ln38 = icmp_slt  i32 %s_fh, i32 5" [top_wrapper.cpp:38->top_wrapper.cpp:129]   --->   Operation 480 'icmp' 'icmp_ln38' <Predicate = true> <Delay = 1.01> <CoreInst = "Cmp">   --->   Core 9 'Cmp' <Latency = 0> <II = 1> <Delay = 1.01> <FuncUnit> <Opcode : 'seteq' 'setne' 'setle' 'setge' 'setlt' 'setgt'> <InPorts = 2> <OutPorts = 1>
ST_4 : Operation 481 [1/1] (0.00ns)   --->   "%br_ln38 = br i1 %icmp_ln38, void %for.inc78.i, void %VITIS_LOOP_40_3.i" [top_wrapper.cpp:38->top_wrapper.cpp:129]   --->   Operation 481 'br' 'br_ln38' <Predicate = true> <Delay = 0.00>
ST_4 : Operation 482 [1/1] (0.00ns)   --->   "%trunc_ln38 = trunc i32 %s_fh" [top_wrapper.cpp:38->top_wrapper.cpp:129]   --->   Operation 482 'trunc' 'trunc_ln38' <Predicate = (icmp_ln38)> <Delay = 0.00>
ST_4 : Operation 483 [1/1] (0.00ns)   --->   "%specloopname_ln38 = specloopname void @_ssdm_op_SpecLoopName, void @empty_8" [top_wrapper.cpp:38->top_wrapper.cpp:129]   --->   Operation 483 'specloopname' 'specloopname_ln38' <Predicate = (icmp_ln38)> <Delay = 0.00>
ST_4 : Operation 484 [1/1] (0.00ns)   --->   "%empty = trunc i32 %s_fh" [top_wrapper.cpp:38->top_wrapper.cpp:129]   --->   Operation 484 'trunc' 'empty' <Predicate = (icmp_ln38)> <Delay = 0.00>
ST_4 : Operation 485 [1/1] (0.00ns)   --->   "%p_shl1 = bitconcatenate i5 @_ssdm_op_BitConcatenate.i5.i3.i2, i3 %empty, i2 0" [top_wrapper.cpp:38->top_wrapper.cpp:129]   --->   Operation 485 'bitconcatenate' 'p_shl1' <Predicate = (icmp_ln38)> <Delay = 0.00>
ST_4 : Operation 486 [1/1] (0.78ns)   --->   "%mul_i = add i5 %p_shl1, i5 %trunc_ln38" [top_wrapper.cpp:38->top_wrapper.cpp:129]   --->   Operation 486 'add' 'mul_i' <Predicate = (icmp_ln38)> <Delay = 0.78> <CoreInst = "Adder">   --->   Core 1 'Adder' <Latency = 0> <II = 1> <Delay = 0.78> <FuncUnit> <Opcode : 'add' 'sub'> <InPorts = 2> <OutPorts = 1>
ST_4 : Operation 487 [1/1] (1.01ns)   --->   "%in_h = add i32 %s_fh, i32 %zext_ln37" [top_wrapper.cpp:38->top_wrapper.cpp:129]   --->   Operation 487 'add' 'in_h' <Predicate = (icmp_ln38)> <Delay = 1.01> <CoreInst = "Adder">   --->   Core 1 'Adder' <Latency = 0> <II = 1> <Delay = 1.01> <FuncUnit> <Opcode : 'add' 'sub'> <InPorts = 2> <OutPorts = 1>
ST_4 : Operation 488 [1/1] (1.01ns)   --->   "%cmp31_i = icmp_slt  i32 %in_h, i32 13" [top_wrapper.cpp:38->top_wrapper.cpp:129]   --->   Operation 488 'icmp' 'cmp31_i' <Predicate = (icmp_ln38)> <Delay = 1.01> <CoreInst = "Cmp">   --->   Core 9 'Cmp' <Latency = 0> <II = 1> <Delay = 1.01> <FuncUnit> <Opcode : 'seteq' 'setne' 'setle' 'setge' 'setlt' 'setgt'> <InPorts = 2> <OutPorts = 1>
ST_4 : Operation 489 [1/1] (0.00ns)   --->   "%p_shl = bitconcatenate i37 @_ssdm_op_BitConcatenate.i37.i32.i5, i32 %in_h, i5 0" [top_wrapper.cpp:40->top_wrapper.cpp:129]   --->   Operation 489 'bitconcatenate' 'p_shl' <Predicate = (icmp_ln38)> <Delay = 0.00>
ST_4 : Operation 490 [1/1] (0.00ns)   --->   "%tmp = bitconcatenate i35 @_ssdm_op_BitConcatenate.i35.i32.i3, i32 %in_h, i3 0" [top_wrapper.cpp:40->top_wrapper.cpp:129]   --->   Operation 490 'bitconcatenate' 'tmp' <Predicate = (icmp_ln38)> <Delay = 0.00>
ST_4 : Operation 491 [1/1] (0.00ns)   --->   "%sext_ln40 = sext i35 %tmp" [top_wrapper.cpp:40->top_wrapper.cpp:129]   --->   Operation 491 'sext' 'sext_ln40' <Predicate = (icmp_ln38)> <Delay = 0.00>
ST_4 : Operation 492 [1/1] (0.00ns) (grouped into TernaryAdder)   --->   "%sub_ln40 = sub i37 %p_shl, i37 %sext_ln40" [top_wrapper.cpp:40->top_wrapper.cpp:129]   --->   Operation 492 'sub' 'sub_ln40' <Predicate = (icmp_ln38)> <Delay = 0.00> <CoreInst = "TAddSub">   --->   Core 10 'TAddSub' <Latency = 0> <II = 1> <Delay = 0.37> <IPBlock> <Opcode : '' 'add' 'sub'> <InPorts = 3> <OutPorts = 1> <Sync> <CReg>
ST_4 : Operation 493 [1/1] (0.00ns)   --->   "%tmp_1 = bitconcatenate i33 @_ssdm_op_BitConcatenate.i33.i32.i1, i32 %in_h, i1 0" [top_wrapper.cpp:40->top_wrapper.cpp:129]   --->   Operation 493 'bitconcatenate' 'tmp_1' <Predicate = (icmp_ln38)> <Delay = 0.00>
ST_4 : Operation 494 [1/1] (0.00ns)   --->   "%sext_ln40_1 = sext i33 %tmp_1" [top_wrapper.cpp:40->top_wrapper.cpp:129]   --->   Operation 494 'sext' 'sext_ln40_1' <Predicate = (icmp_ln38)> <Delay = 0.00>
ST_4 : Operation 495 [1/1] (0.74ns) (root node of TernaryAdder)   --->   "%sub_ln40_1 = sub i37 %sub_ln40, i37 %sext_ln40_1" [top_wrapper.cpp:40->top_wrapper.cpp:129]   --->   Operation 495 'sub' 'sub_ln40_1' <Predicate = (icmp_ln38)> <Delay = 0.74> <CoreInst = "TAddSub">   --->   Core 10 'TAddSub' <Latency = 0> <II = 1> <Delay = 0.37> <IPBlock> <Opcode : '' 'add' 'sub'> <InPorts = 3> <OutPorts = 1> <Sync> <CReg>
ST_4 : Operation 496 [1/1] (0.42ns)   --->   "%br_ln40 = br void %VITIS_LOOP_41_4.i" [top_wrapper.cpp:40->top_wrapper.cpp:129]   --->   Operation 496 'br' 'br_ln40' <Predicate = (icmp_ln38)> <Delay = 0.42>
ST_4 : Operation 497 [1/1] (0.00ns)   --->   "%s_window_h_load = load i5 %s_window_h" [top_wrapper.cpp:77->top_wrapper.cpp:129]   --->   Operation 497 'load' 's_window_h_load' <Predicate = (!icmp_ln38)> <Delay = 0.00>
ST_4 : Operation 498 [1/1] (0.78ns)   --->   "%add_ln77 = add i5 %s_window_h_load, i5 6" [top_wrapper.cpp:77->top_wrapper.cpp:129]   --->   Operation 498 'add' 'add_ln77' <Predicate = (!icmp_ln38)> <Delay = 0.78> <CoreInst = "Adder">   --->   Core 1 'Adder' <Latency = 0> <II = 1> <Delay = 0.78> <FuncUnit> <Opcode : 'add' 'sub'> <InPorts = 2> <OutPorts = 1>
ST_4 : Operation 499 [1/1] (0.79ns)   --->   "%s_ih_3 = add i4 %s_ih_2, i4 5" [top_wrapper.cpp:37->top_wrapper.cpp:129]   --->   Operation 499 'add' 's_ih_3' <Predicate = (!icmp_ln38)> <Delay = 0.79> <CoreInst = "Adder">   --->   Core 1 'Adder' <Latency = 0> <II = 1> <Delay = 0.79> <FuncUnit> <Opcode : 'add' 'sub'> <InPorts = 2> <OutPorts = 1>
ST_4 : Operation 500 [1/1] (0.42ns)   --->   "%store_ln30 = store i5 %add_ln77, i5 %s_window_h" [top_wrapper.cpp:30->top_wrapper.cpp:129]   --->   Operation 500 'store' 'store_ln30' <Predicate = (!icmp_ln38)> <Delay = 0.42>
ST_4 : Operation 501 [1/1] (0.42ns)   --->   "%store_ln37 = store i4 %s_ih_3, i4 %s_ih" [top_wrapper.cpp:37->top_wrapper.cpp:129]   --->   Operation 501 'store' 'store_ln37' <Predicate = (!icmp_ln38)> <Delay = 0.42>
ST_4 : Operation 502 [1/1] (0.00ns)   --->   "%br_ln37 = br void %VITIS_LOOP_38_2.i" [top_wrapper.cpp:37->top_wrapper.cpp:129]   --->   Operation 502 'br' 'br_ln37' <Predicate = (!icmp_ln38)> <Delay = 0.00>

State 5 <SV = 4> <Delay = 2.03>
ST_5 : Operation 503 [1/1] (0.00ns)   --->   "%s_window_w = phi i3 0, void %VITIS_LOOP_40_3.i, i3 %add_ln65, void %VITIS_LOOP_41_4.split.i" [top_wrapper.cpp:65->top_wrapper.cpp:129]   --->   Operation 503 'phi' 's_window_w' <Predicate = true> <Delay = 0.00>
ST_5 : Operation 504 [1/1] (0.00ns)   --->   "%s_iw = phi i4 0, void %VITIS_LOOP_40_3.i, i4 %s_iw_1, void %VITIS_LOOP_41_4.split.i"   --->   Operation 504 'phi' 's_iw' <Predicate = true> <Delay = 0.00>
ST_5 : Operation 505 [1/1] (0.79ns)   --->   "%icmp_ln40 = icmp_eq  i4 %s_iw, i4 15" [top_wrapper.cpp:40->top_wrapper.cpp:129]   --->   Operation 505 'icmp' 'icmp_ln40' <Predicate = true> <Delay = 0.79> <CoreInst = "Cmp">   --->   Core 9 'Cmp' <Latency = 0> <II = 1> <Delay = 0.79> <FuncUnit> <Opcode : 'seteq' 'setne' 'setle' 'setge' 'setlt' 'setgt'> <InPorts = 2> <OutPorts = 1>
ST_5 : Operation 506 [1/1] (0.00ns)   --->   "%br_ln40 = br i1 %icmp_ln40, void %VITIS_LOOP_41_4.split.i, void %for.end62.i" [top_wrapper.cpp:40->top_wrapper.cpp:129]   --->   Operation 506 'br' 'br_ln40' <Predicate = true> <Delay = 0.00>
ST_5 : Operation 507 [1/1] (0.00ns)   --->   "%s_window_h_load_1 = load i5 %s_window_h"   --->   Operation 507 'load' 's_window_h_load_1' <Predicate = (!icmp_ln40)> <Delay = 0.00>
ST_5 : Operation 508 [1/1] (0.00ns)   --->   "%zext_ln40 = zext i3 %s_window_w" [top_wrapper.cpp:40->top_wrapper.cpp:129]   --->   Operation 508 'zext' 'zext_ln40' <Predicate = (!icmp_ln40)> <Delay = 0.00>
ST_5 : Operation 509 [1/1] (0.78ns)   --->   "%empty_42 = add i5 %s_window_h_load_1, i5 %zext_ln40" [top_wrapper.cpp:40->top_wrapper.cpp:129]   --->   Operation 509 'add' 'empty_42' <Predicate = (!icmp_ln40)> <Delay = 0.78> <CoreInst = "Adder">   --->   Core 1 'Adder' <Latency = 0> <II = 1> <Delay = 0.78> <FuncUnit> <Opcode : 'add' 'sub'> <InPorts = 2> <OutPorts = 1>
ST_5 : Operation 510 [1/1] (0.77ns)   --->   "%tmp_i = sparsemux i32 @_ssdm_op_SparseMux.ap_auto.9i32.i32.i5, i5 0, i32 %p_read450, i5 2, i32 %p_read_448, i5 4, i32 %p_read_446, i5 6, i32 %p_read_444, i5 8, i32 %p_read_442, i5 10, i32 %p_read_440, i5 12, i32 %p_read_438, i5 14, i32 %p_read_436, i5 16, i32 %p_read_434, i32 0, i5 %empty_42" [top_wrapper.cpp:46->top_wrapper.cpp:129]   --->   Operation 510 'sparsemux' 'tmp_i' <Predicate = (!icmp_ln40)> <Delay = 0.77> <CoreInst = "BinarySparseMux_DontCare">   --->   Core 149 'BinarySparseMux_DontCare' <Latency = 0> <II = 1> <Delay = 0.77> <FuncUnit> <Opcode : 'sparsemux'> <InPorts = 2> <OutPorts = 1>
ST_5 : Operation 511 [1/1] (0.77ns)   --->   "%tmp_1_i = sparsemux i32 @_ssdm_op_SparseMux.ap_auto.9i32.i32.i5, i5 0, i32 %p_read_432, i5 2, i32 %p_read_430, i5 4, i32 %p_read_428, i5 6, i32 %p_read_426, i5 8, i32 %p_read_424, i5 10, i32 %p_read_422, i5 12, i32 %p_read_420, i5 14, i32 %p_read_418, i5 16, i32 %p_read_416, i32 0, i5 %empty_42" [top_wrapper.cpp:46->top_wrapper.cpp:129]   --->   Operation 511 'sparsemux' 'tmp_1_i' <Predicate = (!icmp_ln40)> <Delay = 0.77> <CoreInst = "BinarySparseMux_DontCare">   --->   Core 149 'BinarySparseMux_DontCare' <Latency = 0> <II = 1> <Delay = 0.77> <FuncUnit> <Opcode : 'sparsemux'> <InPorts = 2> <OutPorts = 1>
ST_5 : Operation 512 [1/1] (0.77ns)   --->   "%tmp_2_i = sparsemux i32 @_ssdm_op_SparseMux.ap_auto.9i32.i32.i5, i5 0, i32 %p_read_414, i5 2, i32 %p_read_412, i5 4, i32 %p_read_410, i5 6, i32 %p_read_408, i5 8, i32 %p_read_406, i5 10, i32 %p_read_404, i5 12, i32 %p_read_402, i5 14, i32 %p_read_400, i5 16, i32 %p_read_398, i32 0, i5 %empty_42" [top_wrapper.cpp:46->top_wrapper.cpp:129]   --->   Operation 512 'sparsemux' 'tmp_2_i' <Predicate = (!icmp_ln40)> <Delay = 0.77> <CoreInst = "BinarySparseMux_DontCare">   --->   Core 149 'BinarySparseMux_DontCare' <Latency = 0> <II = 1> <Delay = 0.77> <FuncUnit> <Opcode : 'sparsemux'> <InPorts = 2> <OutPorts = 1>
ST_5 : Operation 513 [1/1] (0.77ns)   --->   "%tmp_3_i = sparsemux i32 @_ssdm_op_SparseMux.ap_auto.9i32.i32.i5, i5 0, i32 %p_read_396, i5 2, i32 %p_read_394, i5 4, i32 %p_read_392, i5 6, i32 %p_read_390, i5 8, i32 %p_read_388, i5 10, i32 %p_read_386, i5 12, i32 %p_read_384, i5 14, i32 %p_read_382, i5 16, i32 %p_read_380, i32 0, i5 %empty_42" [top_wrapper.cpp:46->top_wrapper.cpp:129]   --->   Operation 513 'sparsemux' 'tmp_3_i' <Predicate = (!icmp_ln40)> <Delay = 0.77> <CoreInst = "BinarySparseMux_DontCare">   --->   Core 149 'BinarySparseMux_DontCare' <Latency = 0> <II = 1> <Delay = 0.77> <FuncUnit> <Opcode : 'sparsemux'> <InPorts = 2> <OutPorts = 1>
ST_5 : Operation 514 [1/1] (0.77ns)   --->   "%tmp_4_i = sparsemux i32 @_ssdm_op_SparseMux.ap_auto.9i32.i32.i5, i5 0, i32 %p_read_378, i5 2, i32 %p_read_376, i5 4, i32 %p_read_374, i5 6, i32 %p_read_372, i5 8, i32 %p_read_370, i5 10, i32 %p_read_368, i5 12, i32 %p_read_366, i5 14, i32 %p_read_364, i5 16, i32 %p_read_362, i32 0, i5 %empty_42" [top_wrapper.cpp:46->top_wrapper.cpp:129]   --->   Operation 514 'sparsemux' 'tmp_4_i' <Predicate = (!icmp_ln40)> <Delay = 0.77> <CoreInst = "BinarySparseMux_DontCare">   --->   Core 149 'BinarySparseMux_DontCare' <Latency = 0> <II = 1> <Delay = 0.77> <FuncUnit> <Opcode : 'sparsemux'> <InPorts = 2> <OutPorts = 1>
ST_5 : Operation 515 [1/1] (0.77ns)   --->   "%tmp_5_i = sparsemux i32 @_ssdm_op_SparseMux.ap_auto.9i32.i32.i5, i5 0, i32 %p_read_360, i5 2, i32 %p_read_358, i5 4, i32 %p_read_356, i5 6, i32 %p_read_354, i5 8, i32 %p_read_352, i5 10, i32 %p_read_350, i5 12, i32 %p_read_348, i5 14, i32 %p_read_346, i5 16, i32 %p_read_344, i32 0, i5 %empty_42" [top_wrapper.cpp:46->top_wrapper.cpp:129]   --->   Operation 515 'sparsemux' 'tmp_5_i' <Predicate = (!icmp_ln40)> <Delay = 0.77> <CoreInst = "BinarySparseMux_DontCare">   --->   Core 149 'BinarySparseMux_DontCare' <Latency = 0> <II = 1> <Delay = 0.77> <FuncUnit> <Opcode : 'sparsemux'> <InPorts = 2> <OutPorts = 1>
ST_5 : Operation 516 [1/1] (0.77ns)   --->   "%tmp_6_i = sparsemux i32 @_ssdm_op_SparseMux.ap_auto.9i32.i32.i5, i5 0, i32 %p_read_342, i5 2, i32 %p_read_340, i5 4, i32 %p_read_338, i5 6, i32 %p_read_336, i5 8, i32 %p_read_334, i5 10, i32 %p_read_332, i5 12, i32 %p_read_330, i5 14, i32 %p_read_328, i5 16, i32 %p_read_326, i32 0, i5 %empty_42" [top_wrapper.cpp:46->top_wrapper.cpp:129]   --->   Operation 516 'sparsemux' 'tmp_6_i' <Predicate = (!icmp_ln40)> <Delay = 0.77> <CoreInst = "BinarySparseMux_DontCare">   --->   Core 149 'BinarySparseMux_DontCare' <Latency = 0> <II = 1> <Delay = 0.77> <FuncUnit> <Opcode : 'sparsemux'> <InPorts = 2> <OutPorts = 1>
ST_5 : Operation 517 [1/1] (0.77ns)   --->   "%tmp_7_i = sparsemux i32 @_ssdm_op_SparseMux.ap_auto.9i32.i32.i5, i5 0, i32 %p_read_324, i5 2, i32 %p_read_322, i5 4, i32 %p_read_320, i5 6, i32 %p_read_318, i5 8, i32 %p_read_316, i5 10, i32 %p_read_314, i5 12, i32 %p_read_312, i5 14, i32 %p_read_310, i5 16, i32 %p_read_308, i32 0, i5 %empty_42" [top_wrapper.cpp:46->top_wrapper.cpp:129]   --->   Operation 517 'sparsemux' 'tmp_7_i' <Predicate = (!icmp_ln40)> <Delay = 0.77> <CoreInst = "BinarySparseMux_DontCare">   --->   Core 149 'BinarySparseMux_DontCare' <Latency = 0> <II = 1> <Delay = 0.77> <FuncUnit> <Opcode : 'sparsemux'> <InPorts = 2> <OutPorts = 1>
ST_5 : Operation 518 [1/1] (0.77ns)   --->   "%tmp_8_i = sparsemux i32 @_ssdm_op_SparseMux.ap_auto.9i32.i32.i5, i5 0, i32 %p_read_306, i5 2, i32 %p_read_304, i5 4, i32 %p_read_302, i5 6, i32 %p_read_300, i5 8, i32 %p_read_298, i5 10, i32 %p_read_296, i5 12, i32 %p_read_294, i5 14, i32 %p_read_292, i5 16, i32 %p_read_290, i32 0, i5 %empty_42" [top_wrapper.cpp:46->top_wrapper.cpp:129]   --->   Operation 518 'sparsemux' 'tmp_8_i' <Predicate = (!icmp_ln40)> <Delay = 0.77> <CoreInst = "BinarySparseMux_DontCare">   --->   Core 149 'BinarySparseMux_DontCare' <Latency = 0> <II = 1> <Delay = 0.77> <FuncUnit> <Opcode : 'sparsemux'> <InPorts = 2> <OutPorts = 1>
ST_5 : Operation 519 [1/1] (0.77ns)   --->   "%tmp_9_i = sparsemux i32 @_ssdm_op_SparseMux.ap_auto.9i32.i32.i5, i5 0, i32 %p_read_288, i5 2, i32 %p_read_286, i5 4, i32 %p_read_284, i5 6, i32 %p_read_282, i5 8, i32 %p_read_280, i5 10, i32 %p_read_278, i5 12, i32 %p_read_276, i5 14, i32 %p_read_274, i5 16, i32 %p_read_272, i32 0, i5 %empty_42" [top_wrapper.cpp:46->top_wrapper.cpp:129]   --->   Operation 519 'sparsemux' 'tmp_9_i' <Predicate = (!icmp_ln40)> <Delay = 0.77> <CoreInst = "BinarySparseMux_DontCare">   --->   Core 149 'BinarySparseMux_DontCare' <Latency = 0> <II = 1> <Delay = 0.77> <FuncUnit> <Opcode : 'sparsemux'> <InPorts = 2> <OutPorts = 1>
ST_5 : Operation 520 [1/1] (0.77ns)   --->   "%tmp_i_43 = sparsemux i32 @_ssdm_op_SparseMux.ap_auto.9i32.i32.i5, i5 0, i32 %p_read_270, i5 2, i32 %p_read_268, i5 4, i32 %p_read_266, i5 6, i32 %p_read_264, i5 8, i32 %p_read_262, i5 10, i32 %p_read_260, i5 12, i32 %p_read_258, i5 14, i32 %p_read_256, i5 16, i32 %p_read_254, i32 0, i5 %empty_42" [top_wrapper.cpp:46->top_wrapper.cpp:129]   --->   Operation 520 'sparsemux' 'tmp_i_43' <Predicate = (!icmp_ln40)> <Delay = 0.77> <CoreInst = "BinarySparseMux_DontCare">   --->   Core 149 'BinarySparseMux_DontCare' <Latency = 0> <II = 1> <Delay = 0.77> <FuncUnit> <Opcode : 'sparsemux'> <InPorts = 2> <OutPorts = 1>
ST_5 : Operation 521 [1/1] (0.77ns)   --->   "%tmp_10_i = sparsemux i32 @_ssdm_op_SparseMux.ap_auto.9i32.i32.i5, i5 0, i32 %p_read_252, i5 2, i32 %p_read_250, i5 4, i32 %p_read_248, i5 6, i32 %p_read_246, i5 8, i32 %p_read_244, i5 10, i32 %p_read_242, i5 12, i32 %p_read_240, i5 14, i32 %p_read_238, i5 16, i32 %p_read_236, i32 0, i5 %empty_42" [top_wrapper.cpp:46->top_wrapper.cpp:129]   --->   Operation 521 'sparsemux' 'tmp_10_i' <Predicate = (!icmp_ln40)> <Delay = 0.77> <CoreInst = "BinarySparseMux_DontCare">   --->   Core 149 'BinarySparseMux_DontCare' <Latency = 0> <II = 1> <Delay = 0.77> <FuncUnit> <Opcode : 'sparsemux'> <InPorts = 2> <OutPorts = 1>
ST_5 : Operation 522 [1/1] (0.77ns)   --->   "%tmp_11_i = sparsemux i32 @_ssdm_op_SparseMux.ap_auto.9i32.i32.i5, i5 0, i32 %p_read_234, i5 2, i32 %p_read_232, i5 4, i32 %p_read_230, i5 6, i32 %p_read_228, i5 8, i32 %p_read_226, i5 10, i32 %p_read_224, i5 12, i32 %p_read_222, i5 14, i32 %p_read_220, i5 16, i32 %p_read_218, i32 0, i5 %empty_42" [top_wrapper.cpp:46->top_wrapper.cpp:129]   --->   Operation 522 'sparsemux' 'tmp_11_i' <Predicate = (!icmp_ln40)> <Delay = 0.77> <CoreInst = "BinarySparseMux_DontCare">   --->   Core 149 'BinarySparseMux_DontCare' <Latency = 0> <II = 1> <Delay = 0.77> <FuncUnit> <Opcode : 'sparsemux'> <InPorts = 2> <OutPorts = 1>
ST_5 : Operation 523 [1/1] (0.77ns)   --->   "%tmp_12_i = sparsemux i32 @_ssdm_op_SparseMux.ap_auto.9i32.i32.i5, i5 0, i32 %p_read_216, i5 2, i32 %p_read_214, i5 4, i32 %p_read_212, i5 6, i32 %p_read_210, i5 8, i32 %p_read_208, i5 10, i32 %p_read_206, i5 12, i32 %p_read_204, i5 14, i32 %p_read_202, i5 16, i32 %p_read_200, i32 0, i5 %empty_42" [top_wrapper.cpp:46->top_wrapper.cpp:129]   --->   Operation 523 'sparsemux' 'tmp_12_i' <Predicate = (!icmp_ln40)> <Delay = 0.77> <CoreInst = "BinarySparseMux_DontCare">   --->   Core 149 'BinarySparseMux_DontCare' <Latency = 0> <II = 1> <Delay = 0.77> <FuncUnit> <Opcode : 'sparsemux'> <InPorts = 2> <OutPorts = 1>
ST_5 : Operation 524 [1/1] (0.77ns)   --->   "%tmp_13_i = sparsemux i32 @_ssdm_op_SparseMux.ap_auto.9i32.i32.i5, i5 0, i32 %p_read_198, i5 2, i32 %p_read_196, i5 4, i32 %p_read_194, i5 6, i32 %p_read_192, i5 8, i32 %p_read_190, i5 10, i32 %p_read_188, i5 12, i32 %p_read_186, i5 14, i32 %p_read_184, i5 16, i32 %p_read_182, i32 0, i5 %empty_42" [top_wrapper.cpp:46->top_wrapper.cpp:129]   --->   Operation 524 'sparsemux' 'tmp_13_i' <Predicate = (!icmp_ln40)> <Delay = 0.77> <CoreInst = "BinarySparseMux_DontCare">   --->   Core 149 'BinarySparseMux_DontCare' <Latency = 0> <II = 1> <Delay = 0.77> <FuncUnit> <Opcode : 'sparsemux'> <InPorts = 2> <OutPorts = 1>
ST_5 : Operation 525 [1/1] (0.77ns)   --->   "%tmp_14_i = sparsemux i32 @_ssdm_op_SparseMux.ap_auto.9i32.i32.i5, i5 0, i32 %p_read_180, i5 2, i32 %p_read_178, i5 4, i32 %p_read_176, i5 6, i32 %p_read_174, i5 8, i32 %p_read_172, i5 10, i32 %p_read_170, i5 12, i32 %p_read_168, i5 14, i32 %p_read_166, i5 16, i32 %p_read_164, i32 0, i5 %empty_42" [top_wrapper.cpp:46->top_wrapper.cpp:129]   --->   Operation 525 'sparsemux' 'tmp_14_i' <Predicate = (!icmp_ln40)> <Delay = 0.77> <CoreInst = "BinarySparseMux_DontCare">   --->   Core 149 'BinarySparseMux_DontCare' <Latency = 0> <II = 1> <Delay = 0.77> <FuncUnit> <Opcode : 'sparsemux'> <InPorts = 2> <OutPorts = 1>
ST_5 : Operation 526 [1/1] (0.77ns)   --->   "%tmp_15_i = sparsemux i32 @_ssdm_op_SparseMux.ap_auto.9i32.i32.i5, i5 0, i32 %p_read_162, i5 2, i32 %p_read_160, i5 4, i32 %p_read_158, i5 6, i32 %p_read_156, i5 8, i32 %p_read_154, i5 10, i32 %p_read_152, i5 12, i32 %p_read_150, i5 14, i32 %p_read_148, i5 16, i32 %p_read_146, i32 0, i5 %empty_42" [top_wrapper.cpp:46->top_wrapper.cpp:129]   --->   Operation 526 'sparsemux' 'tmp_15_i' <Predicate = (!icmp_ln40)> <Delay = 0.77> <CoreInst = "BinarySparseMux_DontCare">   --->   Core 149 'BinarySparseMux_DontCare' <Latency = 0> <II = 1> <Delay = 0.77> <FuncUnit> <Opcode : 'sparsemux'> <InPorts = 2> <OutPorts = 1>
ST_5 : Operation 527 [1/1] (0.77ns)   --->   "%tmp_16_i = sparsemux i32 @_ssdm_op_SparseMux.ap_auto.9i32.i32.i5, i5 0, i32 %p_read_144, i5 2, i32 %p_read_142, i5 4, i32 %p_read_140, i5 6, i32 %p_read_138, i5 8, i32 %p_read_136, i5 10, i32 %p_read_134, i5 12, i32 %p_read_132, i5 14, i32 %p_read_130, i5 16, i32 %p_read_128, i32 0, i5 %empty_42" [top_wrapper.cpp:46->top_wrapper.cpp:129]   --->   Operation 527 'sparsemux' 'tmp_16_i' <Predicate = (!icmp_ln40)> <Delay = 0.77> <CoreInst = "BinarySparseMux_DontCare">   --->   Core 149 'BinarySparseMux_DontCare' <Latency = 0> <II = 1> <Delay = 0.77> <FuncUnit> <Opcode : 'sparsemux'> <InPorts = 2> <OutPorts = 1>
ST_5 : Operation 528 [1/1] (0.77ns)   --->   "%tmp_17_i = sparsemux i32 @_ssdm_op_SparseMux.ap_auto.9i32.i32.i5, i5 0, i32 %p_read_126, i5 2, i32 %p_read_124, i5 4, i32 %p_read_122, i5 6, i32 %p_read_120, i5 8, i32 %p_read_118, i5 10, i32 %p_read_116, i5 12, i32 %p_read_114, i5 14, i32 %p_read_112, i5 16, i32 %p_read_110, i32 0, i5 %empty_42" [top_wrapper.cpp:46->top_wrapper.cpp:129]   --->   Operation 528 'sparsemux' 'tmp_17_i' <Predicate = (!icmp_ln40)> <Delay = 0.77> <CoreInst = "BinarySparseMux_DontCare">   --->   Core 149 'BinarySparseMux_DontCare' <Latency = 0> <II = 1> <Delay = 0.77> <FuncUnit> <Opcode : 'sparsemux'> <InPorts = 2> <OutPorts = 1>
ST_5 : Operation 529 [1/1] (0.77ns)   --->   "%tmp_18_i = sparsemux i32 @_ssdm_op_SparseMux.ap_auto.9i32.i32.i5, i5 0, i32 %p_read_108, i5 2, i32 %p_read_106, i5 4, i32 %p_read_104, i5 6, i32 %p_read_102, i5 8, i32 %p_read_100, i5 10, i32 %p_read_98, i5 12, i32 %p_read_96, i5 14, i32 %p_read_94, i5 16, i32 %p_read_92, i32 0, i5 %empty_42" [top_wrapper.cpp:46->top_wrapper.cpp:129]   --->   Operation 529 'sparsemux' 'tmp_18_i' <Predicate = (!icmp_ln40)> <Delay = 0.77> <CoreInst = "BinarySparseMux_DontCare">   --->   Core 149 'BinarySparseMux_DontCare' <Latency = 0> <II = 1> <Delay = 0.77> <FuncUnit> <Opcode : 'sparsemux'> <InPorts = 2> <OutPorts = 1>
ST_5 : Operation 530 [1/1] (0.77ns)   --->   "%tmp_19_i = sparsemux i32 @_ssdm_op_SparseMux.ap_auto.9i32.i32.i5, i5 0, i32 %p_read_90, i5 2, i32 %p_read_88, i5 4, i32 %p_read_86, i5 6, i32 %p_read_84, i5 8, i32 %p_read_82, i5 10, i32 %p_read_80, i5 12, i32 %p_read_78, i5 14, i32 %p_read_76, i5 16, i32 %p_read_74, i32 0, i5 %empty_42" [top_wrapper.cpp:46->top_wrapper.cpp:129]   --->   Operation 530 'sparsemux' 'tmp_19_i' <Predicate = (!icmp_ln40)> <Delay = 0.77> <CoreInst = "BinarySparseMux_DontCare">   --->   Core 149 'BinarySparseMux_DontCare' <Latency = 0> <II = 1> <Delay = 0.77> <FuncUnit> <Opcode : 'sparsemux'> <InPorts = 2> <OutPorts = 1>
ST_5 : Operation 531 [1/1] (0.77ns)   --->   "%tmp_20_i = sparsemux i32 @_ssdm_op_SparseMux.ap_auto.9i32.i32.i5, i5 0, i32 %p_read_72, i5 2, i32 %p_read_70, i5 4, i32 %p_read_68, i5 6, i32 %p_read_66, i5 8, i32 %p_read_64, i5 10, i32 %p_read_62, i5 12, i32 %p_read_60, i5 14, i32 %p_read_58, i5 16, i32 %p_read_56, i32 0, i5 %empty_42" [top_wrapper.cpp:46->top_wrapper.cpp:129]   --->   Operation 531 'sparsemux' 'tmp_20_i' <Predicate = (!icmp_ln40)> <Delay = 0.77> <CoreInst = "BinarySparseMux_DontCare">   --->   Core 149 'BinarySparseMux_DontCare' <Latency = 0> <II = 1> <Delay = 0.77> <FuncUnit> <Opcode : 'sparsemux'> <InPorts = 2> <OutPorts = 1>
ST_5 : Operation 532 [1/1] (0.77ns)   --->   "%tmp_21_i = sparsemux i32 @_ssdm_op_SparseMux.ap_auto.9i32.i32.i5, i5 0, i32 %p_read_54, i5 2, i32 %p_read_52, i5 4, i32 %p_read_50, i5 6, i32 %p_read_48, i5 8, i32 %p_read_46, i5 10, i32 %p_read_44, i5 12, i32 %p_read_42, i5 14, i32 %p_read_40, i5 16, i32 %p_read_38, i32 0, i5 %empty_42" [top_wrapper.cpp:46->top_wrapper.cpp:129]   --->   Operation 532 'sparsemux' 'tmp_21_i' <Predicate = (!icmp_ln40)> <Delay = 0.77> <CoreInst = "BinarySparseMux_DontCare">   --->   Core 149 'BinarySparseMux_DontCare' <Latency = 0> <II = 1> <Delay = 0.77> <FuncUnit> <Opcode : 'sparsemux'> <InPorts = 2> <OutPorts = 1>
ST_5 : Operation 533 [1/1] (0.77ns)   --->   "%tmp_22_i = sparsemux i32 @_ssdm_op_SparseMux.ap_auto.9i32.i32.i5, i5 0, i32 %p_read_36, i5 2, i32 %p_read_34, i5 4, i32 %p_read_32, i5 6, i32 %p_read_30, i5 8, i32 %p_read_28, i5 10, i32 %p_read_26, i5 12, i32 %p_read_24, i5 14, i32 %p_read_22, i5 16, i32 %p_read_20, i32 0, i5 %empty_42" [top_wrapper.cpp:46->top_wrapper.cpp:129]   --->   Operation 533 'sparsemux' 'tmp_22_i' <Predicate = (!icmp_ln40)> <Delay = 0.77> <CoreInst = "BinarySparseMux_DontCare">   --->   Core 149 'BinarySparseMux_DontCare' <Latency = 0> <II = 1> <Delay = 0.77> <FuncUnit> <Opcode : 'sparsemux'> <InPorts = 2> <OutPorts = 1>
ST_5 : Operation 534 [1/1] (0.77ns)   --->   "%tmp_23_i = sparsemux i32 @_ssdm_op_SparseMux.ap_auto.9i32.i32.i5, i5 0, i32 %p_read_18, i5 2, i32 %p_read_16, i5 4, i32 %p_read_14, i5 6, i32 %p_read_12, i5 8, i32 %p_read_10, i5 10, i32 %p_read_8, i5 12, i32 %p_read_6, i5 14, i32 %p_read_4, i5 16, i32 %p_read_2, i32 0, i5 %empty_42" [top_wrapper.cpp:46->top_wrapper.cpp:129]   --->   Operation 534 'sparsemux' 'tmp_23_i' <Predicate = (!icmp_ln40)> <Delay = 0.77> <CoreInst = "BinarySparseMux_DontCare">   --->   Core 149 'BinarySparseMux_DontCare' <Latency = 0> <II = 1> <Delay = 0.77> <FuncUnit> <Opcode : 'sparsemux'> <InPorts = 2> <OutPorts = 1>
ST_5 : Operation 535 [1/1] (0.77ns)   --->   "%tmp_24_i = sparsemux i32 @_ssdm_op_SparseMux.ap_auto.9i32.i32.i5, i5 0, i32 %p_read_449, i5 2, i32 %p_read_447, i5 4, i32 %p_read_445, i5 6, i32 %p_read_443, i5 8, i32 %p_read_441, i5 10, i32 %p_read_439, i5 12, i32 %p_read_437, i5 14, i32 %p_read_435, i5 16, i32 %p_read_433, i32 0, i5 %empty_42" [top_wrapper.cpp:46->top_wrapper.cpp:129]   --->   Operation 535 'sparsemux' 'tmp_24_i' <Predicate = (!icmp_ln40)> <Delay = 0.77> <CoreInst = "BinarySparseMux_DontCare">   --->   Core 149 'BinarySparseMux_DontCare' <Latency = 0> <II = 1> <Delay = 0.77> <FuncUnit> <Opcode : 'sparsemux'> <InPorts = 2> <OutPorts = 1>
ST_5 : Operation 536 [1/1] (0.77ns)   --->   "%tmp_25_i = sparsemux i32 @_ssdm_op_SparseMux.ap_auto.9i32.i32.i5, i5 0, i32 %p_read_431, i5 2, i32 %p_read_429, i5 4, i32 %p_read_427, i5 6, i32 %p_read_425, i5 8, i32 %p_read_423, i5 10, i32 %p_read_421, i5 12, i32 %p_read_419, i5 14, i32 %p_read_417, i5 16, i32 %p_read_415, i32 0, i5 %empty_42" [top_wrapper.cpp:46->top_wrapper.cpp:129]   --->   Operation 536 'sparsemux' 'tmp_25_i' <Predicate = (!icmp_ln40)> <Delay = 0.77> <CoreInst = "BinarySparseMux_DontCare">   --->   Core 149 'BinarySparseMux_DontCare' <Latency = 0> <II = 1> <Delay = 0.77> <FuncUnit> <Opcode : 'sparsemux'> <InPorts = 2> <OutPorts = 1>
ST_5 : Operation 537 [1/1] (0.77ns)   --->   "%tmp_26_i = sparsemux i32 @_ssdm_op_SparseMux.ap_auto.9i32.i32.i5, i5 0, i32 %p_read_413, i5 2, i32 %p_read_411, i5 4, i32 %p_read_409, i5 6, i32 %p_read_407, i5 8, i32 %p_read_405, i5 10, i32 %p_read_403, i5 12, i32 %p_read_401, i5 14, i32 %p_read_399, i5 16, i32 %p_read_397, i32 0, i5 %empty_42" [top_wrapper.cpp:46->top_wrapper.cpp:129]   --->   Operation 537 'sparsemux' 'tmp_26_i' <Predicate = (!icmp_ln40)> <Delay = 0.77> <CoreInst = "BinarySparseMux_DontCare">   --->   Core 149 'BinarySparseMux_DontCare' <Latency = 0> <II = 1> <Delay = 0.77> <FuncUnit> <Opcode : 'sparsemux'> <InPorts = 2> <OutPorts = 1>
ST_5 : Operation 538 [1/1] (0.77ns)   --->   "%tmp_27_i = sparsemux i32 @_ssdm_op_SparseMux.ap_auto.9i32.i32.i5, i5 0, i32 %p_read_395, i5 2, i32 %p_read_393, i5 4, i32 %p_read_391, i5 6, i32 %p_read_389, i5 8, i32 %p_read_387, i5 10, i32 %p_read_385, i5 12, i32 %p_read_383, i5 14, i32 %p_read_381, i5 16, i32 %p_read_379, i32 0, i5 %empty_42" [top_wrapper.cpp:46->top_wrapper.cpp:129]   --->   Operation 538 'sparsemux' 'tmp_27_i' <Predicate = (!icmp_ln40)> <Delay = 0.77> <CoreInst = "BinarySparseMux_DontCare">   --->   Core 149 'BinarySparseMux_DontCare' <Latency = 0> <II = 1> <Delay = 0.77> <FuncUnit> <Opcode : 'sparsemux'> <InPorts = 2> <OutPorts = 1>
ST_5 : Operation 539 [1/1] (0.77ns)   --->   "%tmp_28_i = sparsemux i32 @_ssdm_op_SparseMux.ap_auto.9i32.i32.i5, i5 0, i32 %p_read_377, i5 2, i32 %p_read_375, i5 4, i32 %p_read_373, i5 6, i32 %p_read_371, i5 8, i32 %p_read_369, i5 10, i32 %p_read_367, i5 12, i32 %p_read_365, i5 14, i32 %p_read_363, i5 16, i32 %p_read_361, i32 0, i5 %empty_42" [top_wrapper.cpp:46->top_wrapper.cpp:129]   --->   Operation 539 'sparsemux' 'tmp_28_i' <Predicate = (!icmp_ln40)> <Delay = 0.77> <CoreInst = "BinarySparseMux_DontCare">   --->   Core 149 'BinarySparseMux_DontCare' <Latency = 0> <II = 1> <Delay = 0.77> <FuncUnit> <Opcode : 'sparsemux'> <InPorts = 2> <OutPorts = 1>
ST_5 : Operation 540 [1/1] (0.77ns)   --->   "%tmp_29_i = sparsemux i32 @_ssdm_op_SparseMux.ap_auto.9i32.i32.i5, i5 0, i32 %p_read_359, i5 2, i32 %p_read_357, i5 4, i32 %p_read_355, i5 6, i32 %p_read_353, i5 8, i32 %p_read_351, i5 10, i32 %p_read_349, i5 12, i32 %p_read_347, i5 14, i32 %p_read_345, i5 16, i32 %p_read_343, i32 0, i5 %empty_42" [top_wrapper.cpp:46->top_wrapper.cpp:129]   --->   Operation 540 'sparsemux' 'tmp_29_i' <Predicate = (!icmp_ln40)> <Delay = 0.77> <CoreInst = "BinarySparseMux_DontCare">   --->   Core 149 'BinarySparseMux_DontCare' <Latency = 0> <II = 1> <Delay = 0.77> <FuncUnit> <Opcode : 'sparsemux'> <InPorts = 2> <OutPorts = 1>
ST_5 : Operation 541 [1/1] (0.77ns)   --->   "%tmp_30_i = sparsemux i32 @_ssdm_op_SparseMux.ap_auto.9i32.i32.i5, i5 0, i32 %p_read_341, i5 2, i32 %p_read_339, i5 4, i32 %p_read_337, i5 6, i32 %p_read_335, i5 8, i32 %p_read_333, i5 10, i32 %p_read_331, i5 12, i32 %p_read_329, i5 14, i32 %p_read_327, i5 16, i32 %p_read_325, i32 0, i5 %empty_42" [top_wrapper.cpp:46->top_wrapper.cpp:129]   --->   Operation 541 'sparsemux' 'tmp_30_i' <Predicate = (!icmp_ln40)> <Delay = 0.77> <CoreInst = "BinarySparseMux_DontCare">   --->   Core 149 'BinarySparseMux_DontCare' <Latency = 0> <II = 1> <Delay = 0.77> <FuncUnit> <Opcode : 'sparsemux'> <InPorts = 2> <OutPorts = 1>
ST_5 : Operation 542 [1/1] (0.77ns)   --->   "%tmp_31_i = sparsemux i32 @_ssdm_op_SparseMux.ap_auto.9i32.i32.i5, i5 0, i32 %p_read_323, i5 2, i32 %p_read_321, i5 4, i32 %p_read_319, i5 6, i32 %p_read_317, i5 8, i32 %p_read_315, i5 10, i32 %p_read_313, i5 12, i32 %p_read_311, i5 14, i32 %p_read_309, i5 16, i32 %p_read_307, i32 0, i5 %empty_42" [top_wrapper.cpp:46->top_wrapper.cpp:129]   --->   Operation 542 'sparsemux' 'tmp_31_i' <Predicate = (!icmp_ln40)> <Delay = 0.77> <CoreInst = "BinarySparseMux_DontCare">   --->   Core 149 'BinarySparseMux_DontCare' <Latency = 0> <II = 1> <Delay = 0.77> <FuncUnit> <Opcode : 'sparsemux'> <InPorts = 2> <OutPorts = 1>
ST_5 : Operation 543 [1/1] (0.77ns)   --->   "%tmp_32_i = sparsemux i32 @_ssdm_op_SparseMux.ap_auto.9i32.i32.i5, i5 0, i32 %p_read_305, i5 2, i32 %p_read_303, i5 4, i32 %p_read_301, i5 6, i32 %p_read_299, i5 8, i32 %p_read_297, i5 10, i32 %p_read_295, i5 12, i32 %p_read_293, i5 14, i32 %p_read_291, i5 16, i32 %p_read_289, i32 0, i5 %empty_42" [top_wrapper.cpp:46->top_wrapper.cpp:129]   --->   Operation 543 'sparsemux' 'tmp_32_i' <Predicate = (!icmp_ln40)> <Delay = 0.77> <CoreInst = "BinarySparseMux_DontCare">   --->   Core 149 'BinarySparseMux_DontCare' <Latency = 0> <II = 1> <Delay = 0.77> <FuncUnit> <Opcode : 'sparsemux'> <InPorts = 2> <OutPorts = 1>
ST_5 : Operation 544 [1/1] (0.77ns)   --->   "%tmp_33_i = sparsemux i32 @_ssdm_op_SparseMux.ap_auto.9i32.i32.i5, i5 0, i32 %p_read_287, i5 2, i32 %p_read_285, i5 4, i32 %p_read_283, i5 6, i32 %p_read_281, i5 8, i32 %p_read_279, i5 10, i32 %p_read_277, i5 12, i32 %p_read_275, i5 14, i32 %p_read_273, i5 16, i32 %p_read_271, i32 0, i5 %empty_42" [top_wrapper.cpp:46->top_wrapper.cpp:129]   --->   Operation 544 'sparsemux' 'tmp_33_i' <Predicate = (!icmp_ln40)> <Delay = 0.77> <CoreInst = "BinarySparseMux_DontCare">   --->   Core 149 'BinarySparseMux_DontCare' <Latency = 0> <II = 1> <Delay = 0.77> <FuncUnit> <Opcode : 'sparsemux'> <InPorts = 2> <OutPorts = 1>
ST_5 : Operation 545 [1/1] (0.77ns)   --->   "%tmp_34_i = sparsemux i32 @_ssdm_op_SparseMux.ap_auto.9i32.i32.i5, i5 0, i32 %p_read_269, i5 2, i32 %p_read_267, i5 4, i32 %p_read_265, i5 6, i32 %p_read_263, i5 8, i32 %p_read_261, i5 10, i32 %p_read_259, i5 12, i32 %p_read_257, i5 14, i32 %p_read_255, i5 16, i32 %p_read_253, i32 0, i5 %empty_42" [top_wrapper.cpp:46->top_wrapper.cpp:129]   --->   Operation 545 'sparsemux' 'tmp_34_i' <Predicate = (!icmp_ln40)> <Delay = 0.77> <CoreInst = "BinarySparseMux_DontCare">   --->   Core 149 'BinarySparseMux_DontCare' <Latency = 0> <II = 1> <Delay = 0.77> <FuncUnit> <Opcode : 'sparsemux'> <InPorts = 2> <OutPorts = 1>
ST_5 : Operation 546 [1/1] (0.77ns)   --->   "%tmp_35_i = sparsemux i32 @_ssdm_op_SparseMux.ap_auto.9i32.i32.i5, i5 0, i32 %p_read_251, i5 2, i32 %p_read_249, i5 4, i32 %p_read_247, i5 6, i32 %p_read_245, i5 8, i32 %p_read_243, i5 10, i32 %p_read_241, i5 12, i32 %p_read_239, i5 14, i32 %p_read_237, i5 16, i32 %p_read_235, i32 0, i5 %empty_42" [top_wrapper.cpp:46->top_wrapper.cpp:129]   --->   Operation 546 'sparsemux' 'tmp_35_i' <Predicate = (!icmp_ln40)> <Delay = 0.77> <CoreInst = "BinarySparseMux_DontCare">   --->   Core 149 'BinarySparseMux_DontCare' <Latency = 0> <II = 1> <Delay = 0.77> <FuncUnit> <Opcode : 'sparsemux'> <InPorts = 2> <OutPorts = 1>
ST_5 : Operation 547 [1/1] (0.77ns)   --->   "%tmp_36_i = sparsemux i32 @_ssdm_op_SparseMux.ap_auto.9i32.i32.i5, i5 0, i32 %p_read_233, i5 2, i32 %p_read_231, i5 4, i32 %p_read_229, i5 6, i32 %p_read_227, i5 8, i32 %p_read_225, i5 10, i32 %p_read_223, i5 12, i32 %p_read_221, i5 14, i32 %p_read_219, i5 16, i32 %p_read_217, i32 0, i5 %empty_42" [top_wrapper.cpp:46->top_wrapper.cpp:129]   --->   Operation 547 'sparsemux' 'tmp_36_i' <Predicate = (!icmp_ln40)> <Delay = 0.77> <CoreInst = "BinarySparseMux_DontCare">   --->   Core 149 'BinarySparseMux_DontCare' <Latency = 0> <II = 1> <Delay = 0.77> <FuncUnit> <Opcode : 'sparsemux'> <InPorts = 2> <OutPorts = 1>
ST_5 : Operation 548 [1/1] (0.77ns)   --->   "%tmp_37_i = sparsemux i32 @_ssdm_op_SparseMux.ap_auto.9i32.i32.i5, i5 0, i32 %p_read_215, i5 2, i32 %p_read_213, i5 4, i32 %p_read_211, i5 6, i32 %p_read_209, i5 8, i32 %p_read_207, i5 10, i32 %p_read_205, i5 12, i32 %p_read_203, i5 14, i32 %p_read_201, i5 16, i32 %p_read_199, i32 0, i5 %empty_42" [top_wrapper.cpp:46->top_wrapper.cpp:129]   --->   Operation 548 'sparsemux' 'tmp_37_i' <Predicate = (!icmp_ln40)> <Delay = 0.77> <CoreInst = "BinarySparseMux_DontCare">   --->   Core 149 'BinarySparseMux_DontCare' <Latency = 0> <II = 1> <Delay = 0.77> <FuncUnit> <Opcode : 'sparsemux'> <InPorts = 2> <OutPorts = 1>
ST_5 : Operation 549 [1/1] (0.77ns)   --->   "%tmp_38_i = sparsemux i32 @_ssdm_op_SparseMux.ap_auto.9i32.i32.i5, i5 0, i32 %p_read_197, i5 2, i32 %p_read_195, i5 4, i32 %p_read_193, i5 6, i32 %p_read_191, i5 8, i32 %p_read_189, i5 10, i32 %p_read_187, i5 12, i32 %p_read_185, i5 14, i32 %p_read_183, i5 16, i32 %p_read_181, i32 0, i5 %empty_42" [top_wrapper.cpp:46->top_wrapper.cpp:129]   --->   Operation 549 'sparsemux' 'tmp_38_i' <Predicate = (!icmp_ln40)> <Delay = 0.77> <CoreInst = "BinarySparseMux_DontCare">   --->   Core 149 'BinarySparseMux_DontCare' <Latency = 0> <II = 1> <Delay = 0.77> <FuncUnit> <Opcode : 'sparsemux'> <InPorts = 2> <OutPorts = 1>
ST_5 : Operation 550 [1/1] (0.77ns)   --->   "%tmp_39_i = sparsemux i32 @_ssdm_op_SparseMux.ap_auto.9i32.i32.i5, i5 0, i32 %p_read_179, i5 2, i32 %p_read_177, i5 4, i32 %p_read_175, i5 6, i32 %p_read_173, i5 8, i32 %p_read_171, i5 10, i32 %p_read_169, i5 12, i32 %p_read_167, i5 14, i32 %p_read_165, i5 16, i32 %p_read_163, i32 0, i5 %empty_42" [top_wrapper.cpp:46->top_wrapper.cpp:129]   --->   Operation 550 'sparsemux' 'tmp_39_i' <Predicate = (!icmp_ln40)> <Delay = 0.77> <CoreInst = "BinarySparseMux_DontCare">   --->   Core 149 'BinarySparseMux_DontCare' <Latency = 0> <II = 1> <Delay = 0.77> <FuncUnit> <Opcode : 'sparsemux'> <InPorts = 2> <OutPorts = 1>
ST_5 : Operation 551 [1/1] (0.77ns)   --->   "%tmp_40_i = sparsemux i32 @_ssdm_op_SparseMux.ap_auto.9i32.i32.i5, i5 0, i32 %p_read_161, i5 2, i32 %p_read_159, i5 4, i32 %p_read_157, i5 6, i32 %p_read_155, i5 8, i32 %p_read_153, i5 10, i32 %p_read_151, i5 12, i32 %p_read_149, i5 14, i32 %p_read_147, i5 16, i32 %p_read_145, i32 0, i5 %empty_42" [top_wrapper.cpp:46->top_wrapper.cpp:129]   --->   Operation 551 'sparsemux' 'tmp_40_i' <Predicate = (!icmp_ln40)> <Delay = 0.77> <CoreInst = "BinarySparseMux_DontCare">   --->   Core 149 'BinarySparseMux_DontCare' <Latency = 0> <II = 1> <Delay = 0.77> <FuncUnit> <Opcode : 'sparsemux'> <InPorts = 2> <OutPorts = 1>
ST_5 : Operation 552 [1/1] (0.77ns)   --->   "%tmp_41_i = sparsemux i32 @_ssdm_op_SparseMux.ap_auto.9i32.i32.i5, i5 0, i32 %p_read_143, i5 2, i32 %p_read_141, i5 4, i32 %p_read_139, i5 6, i32 %p_read_137, i5 8, i32 %p_read_135, i5 10, i32 %p_read_133, i5 12, i32 %p_read_131, i5 14, i32 %p_read_129, i5 16, i32 %p_read_127, i32 0, i5 %empty_42" [top_wrapper.cpp:46->top_wrapper.cpp:129]   --->   Operation 552 'sparsemux' 'tmp_41_i' <Predicate = (!icmp_ln40)> <Delay = 0.77> <CoreInst = "BinarySparseMux_DontCare">   --->   Core 149 'BinarySparseMux_DontCare' <Latency = 0> <II = 1> <Delay = 0.77> <FuncUnit> <Opcode : 'sparsemux'> <InPorts = 2> <OutPorts = 1>
ST_5 : Operation 553 [1/1] (0.77ns)   --->   "%tmp_42_i = sparsemux i32 @_ssdm_op_SparseMux.ap_auto.9i32.i32.i5, i5 0, i32 %p_read_125, i5 2, i32 %p_read_123, i5 4, i32 %p_read_121, i5 6, i32 %p_read_119, i5 8, i32 %p_read_117, i5 10, i32 %p_read_115, i5 12, i32 %p_read_113, i5 14, i32 %p_read_111, i5 16, i32 %p_read_109, i32 0, i5 %empty_42" [top_wrapper.cpp:46->top_wrapper.cpp:129]   --->   Operation 553 'sparsemux' 'tmp_42_i' <Predicate = (!icmp_ln40)> <Delay = 0.77> <CoreInst = "BinarySparseMux_DontCare">   --->   Core 149 'BinarySparseMux_DontCare' <Latency = 0> <II = 1> <Delay = 0.77> <FuncUnit> <Opcode : 'sparsemux'> <InPorts = 2> <OutPorts = 1>
ST_5 : Operation 554 [1/1] (0.77ns)   --->   "%tmp_43_i = sparsemux i32 @_ssdm_op_SparseMux.ap_auto.9i32.i32.i5, i5 0, i32 %p_read_107, i5 2, i32 %p_read_105, i5 4, i32 %p_read_103, i5 6, i32 %p_read_101, i5 8, i32 %p_read_99, i5 10, i32 %p_read_97, i5 12, i32 %p_read_95, i5 14, i32 %p_read_93, i5 16, i32 %p_read_91, i32 0, i5 %empty_42" [top_wrapper.cpp:46->top_wrapper.cpp:129]   --->   Operation 554 'sparsemux' 'tmp_43_i' <Predicate = (!icmp_ln40)> <Delay = 0.77> <CoreInst = "BinarySparseMux_DontCare">   --->   Core 149 'BinarySparseMux_DontCare' <Latency = 0> <II = 1> <Delay = 0.77> <FuncUnit> <Opcode : 'sparsemux'> <InPorts = 2> <OutPorts = 1>
ST_5 : Operation 555 [1/1] (0.77ns)   --->   "%tmp_44_i = sparsemux i32 @_ssdm_op_SparseMux.ap_auto.9i32.i32.i5, i5 0, i32 %p_read_89, i5 2, i32 %p_read_87, i5 4, i32 %p_read_85, i5 6, i32 %p_read_83, i5 8, i32 %p_read_81, i5 10, i32 %p_read_79, i5 12, i32 %p_read_77, i5 14, i32 %p_read_75, i5 16, i32 %p_read_73, i32 0, i5 %empty_42" [top_wrapper.cpp:46->top_wrapper.cpp:129]   --->   Operation 555 'sparsemux' 'tmp_44_i' <Predicate = (!icmp_ln40)> <Delay = 0.77> <CoreInst = "BinarySparseMux_DontCare">   --->   Core 149 'BinarySparseMux_DontCare' <Latency = 0> <II = 1> <Delay = 0.77> <FuncUnit> <Opcode : 'sparsemux'> <InPorts = 2> <OutPorts = 1>
ST_5 : Operation 556 [1/1] (0.77ns)   --->   "%tmp_45_i = sparsemux i32 @_ssdm_op_SparseMux.ap_auto.9i32.i32.i5, i5 0, i32 %p_read_71, i5 2, i32 %p_read_69, i5 4, i32 %p_read_67, i5 6, i32 %p_read_65, i5 8, i32 %p_read_63, i5 10, i32 %p_read_61, i5 12, i32 %p_read_59, i5 14, i32 %p_read_57, i5 16, i32 %p_read_55, i32 0, i5 %empty_42" [top_wrapper.cpp:46->top_wrapper.cpp:129]   --->   Operation 556 'sparsemux' 'tmp_45_i' <Predicate = (!icmp_ln40)> <Delay = 0.77> <CoreInst = "BinarySparseMux_DontCare">   --->   Core 149 'BinarySparseMux_DontCare' <Latency = 0> <II = 1> <Delay = 0.77> <FuncUnit> <Opcode : 'sparsemux'> <InPorts = 2> <OutPorts = 1>
ST_5 : Operation 557 [1/1] (0.77ns)   --->   "%tmp_46_i = sparsemux i32 @_ssdm_op_SparseMux.ap_auto.9i32.i32.i5, i5 0, i32 %p_read_53, i5 2, i32 %p_read_51, i5 4, i32 %p_read_49, i5 6, i32 %p_read_47, i5 8, i32 %p_read_45, i5 10, i32 %p_read_43, i5 12, i32 %p_read_41, i5 14, i32 %p_read_39, i5 16, i32 %p_read_37, i32 0, i5 %empty_42" [top_wrapper.cpp:46->top_wrapper.cpp:129]   --->   Operation 557 'sparsemux' 'tmp_46_i' <Predicate = (!icmp_ln40)> <Delay = 0.77> <CoreInst = "BinarySparseMux_DontCare">   --->   Core 149 'BinarySparseMux_DontCare' <Latency = 0> <II = 1> <Delay = 0.77> <FuncUnit> <Opcode : 'sparsemux'> <InPorts = 2> <OutPorts = 1>
ST_5 : Operation 558 [1/1] (0.77ns)   --->   "%tmp_47_i = sparsemux i32 @_ssdm_op_SparseMux.ap_auto.9i32.i32.i5, i5 0, i32 %p_read_35, i5 2, i32 %p_read_33, i5 4, i32 %p_read_31, i5 6, i32 %p_read_29, i5 8, i32 %p_read_27, i5 10, i32 %p_read_25, i5 12, i32 %p_read_23, i5 14, i32 %p_read_21, i5 16, i32 %p_read_19, i32 0, i5 %empty_42" [top_wrapper.cpp:46->top_wrapper.cpp:129]   --->   Operation 558 'sparsemux' 'tmp_47_i' <Predicate = (!icmp_ln40)> <Delay = 0.77> <CoreInst = "BinarySparseMux_DontCare">   --->   Core 149 'BinarySparseMux_DontCare' <Latency = 0> <II = 1> <Delay = 0.77> <FuncUnit> <Opcode : 'sparsemux'> <InPorts = 2> <OutPorts = 1>
ST_5 : Operation 559 [1/1] (0.77ns)   --->   "%tmp_48_i = sparsemux i32 @_ssdm_op_SparseMux.ap_auto.9i32.i32.i5, i5 0, i32 %p_read_17, i5 2, i32 %p_read_15, i5 4, i32 %p_read_13, i5 6, i32 %p_read_11, i5 8, i32 %p_read_9, i5 10, i32 %p_read_7, i5 12, i32 %p_read_5, i5 14, i32 %p_read_3, i5 16, i32 %p_read_1, i32 0, i5 %empty_42" [top_wrapper.cpp:46->top_wrapper.cpp:129]   --->   Operation 559 'sparsemux' 'tmp_48_i' <Predicate = (!icmp_ln40)> <Delay = 0.77> <CoreInst = "BinarySparseMux_DontCare">   --->   Core 149 'BinarySparseMux_DontCare' <Latency = 0> <II = 1> <Delay = 0.77> <FuncUnit> <Opcode : 'sparsemux'> <InPorts = 2> <OutPorts = 1>
ST_5 : Operation 560 [1/1] (0.67ns)   --->   "%add_ln65 = add i3 %s_window_w, i3 2" [top_wrapper.cpp:65->top_wrapper.cpp:129]   --->   Operation 560 'add' 'add_ln65' <Predicate = (!icmp_ln40)> <Delay = 0.67> <CoreInst = "Adder">   --->   Core 1 'Adder' <Latency = 0> <II = 1> <Delay = 0.67> <FuncUnit> <Opcode : 'add' 'sub'> <InPorts = 2> <OutPorts = 1>
ST_5 : Operation 561 [1/1] (0.79ns)   --->   "%s_iw_1 = add i4 %s_iw, i4 5" [top_wrapper.cpp:40->top_wrapper.cpp:129]   --->   Operation 561 'add' 's_iw_1' <Predicate = (!icmp_ln40)> <Delay = 0.79> <CoreInst = "Adder">   --->   Core 1 'Adder' <Latency = 0> <II = 1> <Delay = 0.79> <FuncUnit> <Opcode : 'add' 'sub'> <InPorts = 2> <OutPorts = 1>
ST_5 : Operation 562 [1/1] (1.01ns)   --->   "%s_fh_1 = add i32 %s_fh, i32 5" [top_wrapper.cpp:72->top_wrapper.cpp:129]   --->   Operation 562 'add' 's_fh_1' <Predicate = (icmp_ln40 & cmp63_i)> <Delay = 1.01> <CoreInst = "Adder">   --->   Core 1 'Adder' <Latency = 0> <II = 1> <Delay = 1.01> <FuncUnit> <Opcode : 'add' 'sub'> <InPorts = 2> <OutPorts = 1>
ST_5 : Operation 563 [1/1] (0.00ns) (grouped into LUT with out node s_fh_3)   --->   "%s_fh_2 = select i1 %cmp63_i, i32 %s_fh_1, i32 %s_fh" [top_wrapper.cpp:67->top_wrapper.cpp:129]   --->   Operation 563 'select' 's_fh_2' <Predicate = (icmp_ln40)> <Delay = 0.00> <CoreInst = "Sel">   --->   Core 73 'Sel' <Latency = 0> <II = 1> <Delay = 0.44> <FuncUnit> <Opcode : 'select'> <InPorts = 3> <OutPorts = 1>
ST_5 : Operation 564 [1/1] (1.01ns) (out node of the LUT)   --->   "%s_fh_3 = add i32 %s_fh_2, i32 1" [top_wrapper.cpp:38->top_wrapper.cpp:129]   --->   Operation 564 'add' 's_fh_3' <Predicate = (icmp_ln40)> <Delay = 1.01> <CoreInst = "Adder">   --->   Core 1 'Adder' <Latency = 0> <II = 1> <Delay = 1.01> <FuncUnit> <Opcode : 'add' 'sub'> <InPorts = 2> <OutPorts = 1>
ST_5 : Operation 565 [1/1] (0.00ns)   --->   "%br_ln38 = br void %for.cond1.i" [top_wrapper.cpp:38->top_wrapper.cpp:129]   --->   Operation 565 'br' 'br_ln38' <Predicate = (icmp_ln40)> <Delay = 0.00>

State 6 <SV = 5> <Delay = 3.07>
ST_6 : Operation 566 [2/2] (3.07ns)   --->   "%call_ln38 = call void @out_conv2mem_Pipeline_VITIS_LOOP_41_4, i5 %mul_i, i4 %s_iw, i1 %cmp31_i, i37 %sub_ln40_1, i13 %mul_ln37, i64 %memory_read, i64 %gmem1, i32 %tmp_i, i32 %tmp_1_i, i32 %tmp_2_i, i32 %tmp_3_i, i32 %tmp_4_i, i32 %tmp_5_i, i32 %tmp_6_i, i32 %tmp_7_i, i32 %tmp_8_i, i32 %tmp_9_i, i32 %tmp_i_43, i32 %tmp_10_i, i32 %tmp_11_i, i32 %tmp_12_i, i32 %tmp_13_i, i32 %tmp_14_i, i32 %tmp_15_i, i32 %tmp_16_i, i32 %tmp_17_i, i32 %tmp_18_i, i32 %tmp_19_i, i32 %tmp_20_i, i32 %tmp_21_i, i32 %tmp_22_i, i32 %tmp_23_i, i32 %tmp_24_i, i32 %tmp_25_i, i32 %tmp_26_i, i32 %tmp_27_i, i32 %tmp_28_i, i32 %tmp_29_i, i32 %tmp_30_i, i32 %tmp_31_i, i32 %tmp_32_i, i32 %tmp_33_i, i32 %tmp_34_i, i32 %tmp_35_i, i32 %tmp_36_i, i32 %tmp_37_i, i32 %tmp_38_i, i32 %tmp_39_i, i32 %tmp_40_i, i32 %tmp_41_i, i32 %tmp_42_i, i32 %tmp_43_i, i32 %tmp_44_i, i32 %tmp_45_i, i32 %tmp_46_i, i32 %tmp_47_i, i32 %tmp_48_i, i4 %s_iw" [top_wrapper.cpp:38->top_wrapper.cpp:129]   --->   Operation 566 'call' 'call_ln38' <Predicate = true> <Delay = 3.07> <CoreType = "Generic">   --->   Generic Core

State 7 <SV = 6> <Delay = 0.00>
ST_7 : Operation 567 [1/1] (0.00ns)   --->   "%speclooptripcount_ln39 = speclooptripcount void @_ssdm_op_SpecLoopTripCount, i64 3, i64 3, i64 3" [top_wrapper.cpp:39->top_wrapper.cpp:129]   --->   Operation 567 'speclooptripcount' 'speclooptripcount_ln39' <Predicate = true> <Delay = 0.00>
ST_7 : Operation 568 [1/1] (0.00ns)   --->   "%specloopname_ln40 = specloopname void @_ssdm_op_SpecLoopName, void @empty" [top_wrapper.cpp:40->top_wrapper.cpp:129]   --->   Operation 568 'specloopname' 'specloopname_ln40' <Predicate = true> <Delay = 0.00>
ST_7 : Operation 569 [1/2] (0.00ns)   --->   "%call_ln38 = call void @out_conv2mem_Pipeline_VITIS_LOOP_41_4, i5 %mul_i, i4 %s_iw, i1 %cmp31_i, i37 %sub_ln40_1, i13 %mul_ln37, i64 %memory_read, i64 %gmem1, i32 %tmp_i, i32 %tmp_1_i, i32 %tmp_2_i, i32 %tmp_3_i, i32 %tmp_4_i, i32 %tmp_5_i, i32 %tmp_6_i, i32 %tmp_7_i, i32 %tmp_8_i, i32 %tmp_9_i, i32 %tmp_i_43, i32 %tmp_10_i, i32 %tmp_11_i, i32 %tmp_12_i, i32 %tmp_13_i, i32 %tmp_14_i, i32 %tmp_15_i, i32 %tmp_16_i, i32 %tmp_17_i, i32 %tmp_18_i, i32 %tmp_19_i, i32 %tmp_20_i, i32 %tmp_21_i, i32 %tmp_22_i, i32 %tmp_23_i, i32 %tmp_24_i, i32 %tmp_25_i, i32 %tmp_26_i, i32 %tmp_27_i, i32 %tmp_28_i, i32 %tmp_29_i, i32 %tmp_30_i, i32 %tmp_31_i, i32 %tmp_32_i, i32 %tmp_33_i, i32 %tmp_34_i, i32 %tmp_35_i, i32 %tmp_36_i, i32 %tmp_37_i, i32 %tmp_38_i, i32 %tmp_39_i, i32 %tmp_40_i, i32 %tmp_41_i, i32 %tmp_42_i, i32 %tmp_43_i, i32 %tmp_44_i, i32 %tmp_45_i, i32 %tmp_46_i, i32 %tmp_47_i, i32 %tmp_48_i, i4 %s_iw" [top_wrapper.cpp:38->top_wrapper.cpp:129]   --->   Operation 569 'call' 'call_ln38' <Predicate = true> <Delay = 0.00> <CoreType = "Generic">   --->   Generic Core
ST_7 : Operation 570 [1/1] (0.00ns)   --->   "%br_ln40 = br void %VITIS_LOOP_41_4.i" [top_wrapper.cpp:40->top_wrapper.cpp:129]   --->   Operation 570 'br' 'br_ln40' <Predicate = true> <Delay = 0.00>


============================================================
+ Verbose Summary: Timing violations
============================================================
Target clock period: 5.000ns, clock uncertainty: 1.350ns.

 <State 1>: 1.825ns
The critical path consists of the following:
	fifo read operation ('memory_read') on port 'memory' [907]  (1.825 ns)

 <State 2>: 2.188ns
The critical path consists of the following:
	'mul' operation 13 bit ('mul_ln37', top_wrapper.cpp:37->top_wrapper.cpp:129) [912]  (2.188 ns)

 <State 3>: 1.224ns
The critical path consists of the following:
	'load' operation 4 bit ('s_ih', top_wrapper.cpp:37->top_wrapper.cpp:129) on local variable 's_ih', top_wrapper.cpp:37->top_wrapper.cpp:129 [917]  (0.000 ns)
	'icmp' operation 1 bit ('icmp_ln37', top_wrapper.cpp:37->top_wrapper.cpp:129) [918]  (0.797 ns)
	blocking operation 0.427 ns on control path)

 <State 4>: 2.032ns
The critical path consists of the following:
	'phi' operation 32 bit ('s_fh') with incoming values : ('s_fh', top_wrapper.cpp:38->top_wrapper.cpp:129) [927]  (0.000 ns)
	'add' operation 32 bit ('in_h', top_wrapper.cpp:38->top_wrapper.cpp:129) [936]  (1.016 ns)
	'icmp' operation 1 bit ('cmp31_i', top_wrapper.cpp:38->top_wrapper.cpp:129) [937]  (1.016 ns)

 <State 5>: 2.032ns
The critical path consists of the following:
	'add' operation 32 bit ('s_fh', top_wrapper.cpp:72->top_wrapper.cpp:129) [1012]  (1.016 ns)
	'select' operation 32 bit ('s_fh', top_wrapper.cpp:67->top_wrapper.cpp:129) [1013]  (0.000 ns)
	'add' operation 32 bit ('s_fh', top_wrapper.cpp:38->top_wrapper.cpp:129) [1014]  (1.016 ns)

 <State 6>: 3.077ns
The critical path consists of the following:
	'call' operation 0 bit ('call_ln38', top_wrapper.cpp:38->top_wrapper.cpp:129) to 'out_conv2mem_Pipeline_VITIS_LOOP_41_4' [1007]  (3.077 ns)

 <State 7>: 0.000ns
The critical path consists of the following:


============================================================
+ Verbose Summary: Binding
============================================================
N/A
* FSMD analyzer results:
  - Output states:
 - Input state : 
  - Chain level:
	State 1
	State 2
	State 3
	State 4
	State 5
	State 6
	State 7


============================================================
+ Verbose Summary: Datapath Resource usage 
============================================================
N/A
