

================================================================
== Vitis HLS Report for 'out_conv2mem_Pipeline_VITIS_LOOP_41_4'
================================================================
* Date:           Tue May 27 16:09:48 2025

* Version:        2024.2 (Build 5238294 on Nov  8 2024)
* Project:        convolution
* Solution:       solution_0 (Vivado IP Flow Target)
* Product family: zynquplus
* Target device:  xck26-sfvc784-2LV-c


================================================================
== Performance Estimates
================================================================
+ Timing: 
    * Summary: 
    +--------+---------+----------+------------+
    |  Clock |  Target | Estimated| Uncertainty|
    +--------+---------+----------+------------+
    |ap_clk  |  5.00 ns|  3.650 ns|     1.35 ns|
    +--------+---------+----------+------------+

+ Latency: 
    * Summary: 
    +---------+---------+----------+----------+-----+-----+------------------------------------------------+
    |  Latency (cycles) |  Latency (absolute) |  Interval |                    Pipeline                    |
    |   min   |   max   |    min   |    max   | min | max |                      Type                      |
    +---------+---------+----------+----------+-----+-----+------------------------------------------------+
    |        ?|        ?|         ?|         ?|    0|    0|  loop auto-rewind stp (delay=0 clock cycles(s))|
    +---------+---------+----------+----------+-----+-----+------------------------------------------------+

    + Detail: 
        * Instance: 
        N/A

        * Loop: 
        +-------------------+---------+---------+----------+-----------+-----------+------+----------+
        |                   |  Latency (cycles) | Iteration|  Initiation Interval  | Trip |          |
        |     Loop Name     |   min   |   max   |  Latency |  achieved |   target  | Count| Pipelined|
        +-------------------+---------+---------+----------+-----------+-----------+------+----------+
        |- VITIS_LOOP_41_4  |        ?|        ?|        10|          2|          1|     ?|       yes|
        +-------------------+---------+---------+----------+-----------+-----------+------+----------+

============================================================
+ Verbose Summary: Synthesis Manager
============================================================
InlineROM: 1
ExposeGlobal: 0
============================================================
+ Verbose Summary: CDFG Model
============================================================
IsTopModel: 0
ResetActiveHigh: 1
IsCombinational: 0
IsDatapathOnly: 0
HasWiredReturn: 1
HasMFsm: 2
HasVarLatency: 1
IsPipeline: 0
IsRtlPipelined: 0
IsInstanceOverlapped: 0
IsDontTouch: 0
HasImplIP: 0
IsGatedGlobalClock: 0

+ Individual pipeline summary: 
  * Pipeline-0: initiation interval (II) = 2, depth = 10


============================================================
+ Verbose Summary: Schedule
============================================================
* Number of FSM states : 10
* Pipeline : 1
  Pipeline-0 : II = 2, D = 10, States = { 1 2 3 4 5 6 7 8 9 10 }
* Dataflow Pipeline: 0

* FSM state transitions: 
1 --> 2 
2 --> 3 
3 --> 4 
4 --> 5 
5 --> 6 
6 --> 7 
7 --> 8 
8 --> 9 
9 --> 10 
10 --> 

* FSM state operations: 

State 1 <SV = 0> <Delay = 3.50>
ST_1 : Operation 13 [1/1] (0.00ns)   --->   "%s_fw = alloca i32 1" [top_wrapper.cpp:41->top_wrapper.cpp:129]   --->   Operation 13 'alloca' 's_fw' <Predicate = true> <Delay = 0.00>
ST_1 : Operation 14 [1/1] (0.00ns)   --->   "%s_iw_read = read i4 @_ssdm_op_Read.ap_auto.i4, i4 %s_iw"   --->   Operation 14 'read' 's_iw_read' <Predicate = true> <Delay = 0.00>
ST_1 : Operation 15 [1/1] (0.00ns)   --->   "%tmp_48_i_read = read i32 @_ssdm_op_Read.ap_auto.i32, i32 %tmp_48_i"   --->   Operation 15 'read' 'tmp_48_i_read' <Predicate = true> <Delay = 0.00>
ST_1 : Operation 16 [1/1] (0.00ns)   --->   "%tmp_47_i_read = read i32 @_ssdm_op_Read.ap_auto.i32, i32 %tmp_47_i"   --->   Operation 16 'read' 'tmp_47_i_read' <Predicate = true> <Delay = 0.00>
ST_1 : Operation 17 [1/1] (0.00ns)   --->   "%tmp_46_i_read = read i32 @_ssdm_op_Read.ap_auto.i32, i32 %tmp_46_i"   --->   Operation 17 'read' 'tmp_46_i_read' <Predicate = true> <Delay = 0.00>
ST_1 : Operation 18 [1/1] (0.00ns)   --->   "%tmp_45_i_read = read i32 @_ssdm_op_Read.ap_auto.i32, i32 %tmp_45_i"   --->   Operation 18 'read' 'tmp_45_i_read' <Predicate = true> <Delay = 0.00>
ST_1 : Operation 19 [1/1] (0.00ns)   --->   "%tmp_44_i_read = read i32 @_ssdm_op_Read.ap_auto.i32, i32 %tmp_44_i"   --->   Operation 19 'read' 'tmp_44_i_read' <Predicate = true> <Delay = 0.00>
ST_1 : Operation 20 [1/1] (0.00ns)   --->   "%tmp_43_i_read = read i32 @_ssdm_op_Read.ap_auto.i32, i32 %tmp_43_i"   --->   Operation 20 'read' 'tmp_43_i_read' <Predicate = true> <Delay = 0.00>
ST_1 : Operation 21 [1/1] (0.00ns)   --->   "%tmp_42_i_read = read i32 @_ssdm_op_Read.ap_auto.i32, i32 %tmp_42_i"   --->   Operation 21 'read' 'tmp_42_i_read' <Predicate = true> <Delay = 0.00>
ST_1 : Operation 22 [1/1] (0.00ns)   --->   "%tmp_41_i_read = read i32 @_ssdm_op_Read.ap_auto.i32, i32 %tmp_41_i"   --->   Operation 22 'read' 'tmp_41_i_read' <Predicate = true> <Delay = 0.00>
ST_1 : Operation 23 [1/1] (0.00ns)   --->   "%tmp_40_i_read = read i32 @_ssdm_op_Read.ap_auto.i32, i32 %tmp_40_i"   --->   Operation 23 'read' 'tmp_40_i_read' <Predicate = true> <Delay = 0.00>
ST_1 : Operation 24 [1/1] (0.00ns)   --->   "%tmp_39_i_read = read i32 @_ssdm_op_Read.ap_auto.i32, i32 %tmp_39_i"   --->   Operation 24 'read' 'tmp_39_i_read' <Predicate = true> <Delay = 0.00>
ST_1 : Operation 25 [1/1] (0.00ns)   --->   "%tmp_38_i_read = read i32 @_ssdm_op_Read.ap_auto.i32, i32 %tmp_38_i"   --->   Operation 25 'read' 'tmp_38_i_read' <Predicate = true> <Delay = 0.00>
ST_1 : Operation 26 [1/1] (0.00ns)   --->   "%tmp_37_i_read = read i32 @_ssdm_op_Read.ap_auto.i32, i32 %tmp_37_i"   --->   Operation 26 'read' 'tmp_37_i_read' <Predicate = true> <Delay = 0.00>
ST_1 : Operation 27 [1/1] (0.00ns)   --->   "%tmp_36_i_read = read i32 @_ssdm_op_Read.ap_auto.i32, i32 %tmp_36_i"   --->   Operation 27 'read' 'tmp_36_i_read' <Predicate = true> <Delay = 0.00>
ST_1 : Operation 28 [1/1] (0.00ns)   --->   "%tmp_35_i_read = read i32 @_ssdm_op_Read.ap_auto.i32, i32 %tmp_35_i"   --->   Operation 28 'read' 'tmp_35_i_read' <Predicate = true> <Delay = 0.00>
ST_1 : Operation 29 [1/1] (0.00ns)   --->   "%tmp_34_i_read = read i32 @_ssdm_op_Read.ap_auto.i32, i32 %tmp_34_i"   --->   Operation 29 'read' 'tmp_34_i_read' <Predicate = true> <Delay = 0.00>
ST_1 : Operation 30 [1/1] (0.00ns)   --->   "%tmp_33_i_read = read i32 @_ssdm_op_Read.ap_auto.i32, i32 %tmp_33_i"   --->   Operation 30 'read' 'tmp_33_i_read' <Predicate = true> <Delay = 0.00>
ST_1 : Operation 31 [1/1] (0.00ns)   --->   "%tmp_32_i_read = read i32 @_ssdm_op_Read.ap_auto.i32, i32 %tmp_32_i"   --->   Operation 31 'read' 'tmp_32_i_read' <Predicate = true> <Delay = 0.00>
ST_1 : Operation 32 [1/1] (0.00ns)   --->   "%tmp_31_i_read = read i32 @_ssdm_op_Read.ap_auto.i32, i32 %tmp_31_i"   --->   Operation 32 'read' 'tmp_31_i_read' <Predicate = true> <Delay = 0.00>
ST_1 : Operation 33 [1/1] (0.00ns)   --->   "%tmp_30_i_read = read i32 @_ssdm_op_Read.ap_auto.i32, i32 %tmp_30_i"   --->   Operation 33 'read' 'tmp_30_i_read' <Predicate = true> <Delay = 0.00>
ST_1 : Operation 34 [1/1] (0.00ns)   --->   "%tmp_29_i_read = read i32 @_ssdm_op_Read.ap_auto.i32, i32 %tmp_29_i"   --->   Operation 34 'read' 'tmp_29_i_read' <Predicate = true> <Delay = 0.00>
ST_1 : Operation 35 [1/1] (0.00ns)   --->   "%tmp_28_i_read = read i32 @_ssdm_op_Read.ap_auto.i32, i32 %tmp_28_i"   --->   Operation 35 'read' 'tmp_28_i_read' <Predicate = true> <Delay = 0.00>
ST_1 : Operation 36 [1/1] (0.00ns)   --->   "%tmp_27_i_read = read i32 @_ssdm_op_Read.ap_auto.i32, i32 %tmp_27_i"   --->   Operation 36 'read' 'tmp_27_i_read' <Predicate = true> <Delay = 0.00>
ST_1 : Operation 37 [1/1] (0.00ns)   --->   "%tmp_26_i_read = read i32 @_ssdm_op_Read.ap_auto.i32, i32 %tmp_26_i"   --->   Operation 37 'read' 'tmp_26_i_read' <Predicate = true> <Delay = 0.00>
ST_1 : Operation 38 [1/1] (0.00ns)   --->   "%tmp_25_i_read = read i32 @_ssdm_op_Read.ap_auto.i32, i32 %tmp_25_i"   --->   Operation 38 'read' 'tmp_25_i_read' <Predicate = true> <Delay = 0.00>
ST_1 : Operation 39 [1/1] (0.00ns)   --->   "%tmp_24_i_read = read i32 @_ssdm_op_Read.ap_auto.i32, i32 %tmp_24_i"   --->   Operation 39 'read' 'tmp_24_i_read' <Predicate = true> <Delay = 0.00>
ST_1 : Operation 40 [1/1] (0.00ns)   --->   "%tmp_23_i_read = read i32 @_ssdm_op_Read.ap_auto.i32, i32 %tmp_23_i"   --->   Operation 40 'read' 'tmp_23_i_read' <Predicate = true> <Delay = 0.00>
ST_1 : Operation 41 [1/1] (0.00ns)   --->   "%tmp_22_i_read = read i32 @_ssdm_op_Read.ap_auto.i32, i32 %tmp_22_i"   --->   Operation 41 'read' 'tmp_22_i_read' <Predicate = true> <Delay = 0.00>
ST_1 : Operation 42 [1/1] (0.00ns)   --->   "%tmp_21_i_read = read i32 @_ssdm_op_Read.ap_auto.i32, i32 %tmp_21_i"   --->   Operation 42 'read' 'tmp_21_i_read' <Predicate = true> <Delay = 0.00>
ST_1 : Operation 43 [1/1] (0.00ns)   --->   "%tmp_20_i_read = read i32 @_ssdm_op_Read.ap_auto.i32, i32 %tmp_20_i"   --->   Operation 43 'read' 'tmp_20_i_read' <Predicate = true> <Delay = 0.00>
ST_1 : Operation 44 [1/1] (0.00ns)   --->   "%tmp_19_i_read = read i32 @_ssdm_op_Read.ap_auto.i32, i32 %tmp_19_i"   --->   Operation 44 'read' 'tmp_19_i_read' <Predicate = true> <Delay = 0.00>
ST_1 : Operation 45 [1/1] (0.00ns)   --->   "%tmp_18_i_read = read i32 @_ssdm_op_Read.ap_auto.i32, i32 %tmp_18_i"   --->   Operation 45 'read' 'tmp_18_i_read' <Predicate = true> <Delay = 0.00>
ST_1 : Operation 46 [1/1] (0.00ns)   --->   "%tmp_17_i_read = read i32 @_ssdm_op_Read.ap_auto.i32, i32 %tmp_17_i"   --->   Operation 46 'read' 'tmp_17_i_read' <Predicate = true> <Delay = 0.00>
ST_1 : Operation 47 [1/1] (0.00ns)   --->   "%tmp_16_i_read = read i32 @_ssdm_op_Read.ap_auto.i32, i32 %tmp_16_i"   --->   Operation 47 'read' 'tmp_16_i_read' <Predicate = true> <Delay = 0.00>
ST_1 : Operation 48 [1/1] (0.00ns)   --->   "%tmp_15_i_read = read i32 @_ssdm_op_Read.ap_auto.i32, i32 %tmp_15_i"   --->   Operation 48 'read' 'tmp_15_i_read' <Predicate = true> <Delay = 0.00>
ST_1 : Operation 49 [1/1] (0.00ns)   --->   "%tmp_14_i_read = read i32 @_ssdm_op_Read.ap_auto.i32, i32 %tmp_14_i"   --->   Operation 49 'read' 'tmp_14_i_read' <Predicate = true> <Delay = 0.00>
ST_1 : Operation 50 [1/1] (0.00ns)   --->   "%tmp_13_i_read = read i32 @_ssdm_op_Read.ap_auto.i32, i32 %tmp_13_i"   --->   Operation 50 'read' 'tmp_13_i_read' <Predicate = true> <Delay = 0.00>
ST_1 : Operation 51 [1/1] (0.00ns)   --->   "%tmp_12_i_read = read i32 @_ssdm_op_Read.ap_auto.i32, i32 %tmp_12_i"   --->   Operation 51 'read' 'tmp_12_i_read' <Predicate = true> <Delay = 0.00>
ST_1 : Operation 52 [1/1] (0.00ns)   --->   "%tmp_11_i_read = read i32 @_ssdm_op_Read.ap_auto.i32, i32 %tmp_11_i"   --->   Operation 52 'read' 'tmp_11_i_read' <Predicate = true> <Delay = 0.00>
ST_1 : Operation 53 [1/1] (0.00ns)   --->   "%tmp_10_i_read = read i32 @_ssdm_op_Read.ap_auto.i32, i32 %tmp_10_i"   --->   Operation 53 'read' 'tmp_10_i_read' <Predicate = true> <Delay = 0.00>
ST_1 : Operation 54 [1/1] (0.00ns)   --->   "%tmp_i_read = read i32 @_ssdm_op_Read.ap_auto.i32, i32 %tmp_i"   --->   Operation 54 'read' 'tmp_i_read' <Predicate = true> <Delay = 0.00>
ST_1 : Operation 55 [1/1] (0.00ns)   --->   "%tmp_9_i_read = read i32 @_ssdm_op_Read.ap_auto.i32, i32 %tmp_9_i"   --->   Operation 55 'read' 'tmp_9_i_read' <Predicate = true> <Delay = 0.00>
ST_1 : Operation 56 [1/1] (0.00ns)   --->   "%tmp_8_i_read = read i32 @_ssdm_op_Read.ap_auto.i32, i32 %tmp_8_i"   --->   Operation 56 'read' 'tmp_8_i_read' <Predicate = true> <Delay = 0.00>
ST_1 : Operation 57 [1/1] (0.00ns)   --->   "%tmp_7_i_read = read i32 @_ssdm_op_Read.ap_auto.i32, i32 %tmp_7_i"   --->   Operation 57 'read' 'tmp_7_i_read' <Predicate = true> <Delay = 0.00>
ST_1 : Operation 58 [1/1] (0.00ns)   --->   "%tmp_6_i_read = read i32 @_ssdm_op_Read.ap_auto.i32, i32 %tmp_6_i"   --->   Operation 58 'read' 'tmp_6_i_read' <Predicate = true> <Delay = 0.00>
ST_1 : Operation 59 [1/1] (0.00ns)   --->   "%tmp_5_i_read = read i32 @_ssdm_op_Read.ap_auto.i32, i32 %tmp_5_i"   --->   Operation 59 'read' 'tmp_5_i_read' <Predicate = true> <Delay = 0.00>
ST_1 : Operation 60 [1/1] (0.00ns)   --->   "%tmp_4_i_read = read i32 @_ssdm_op_Read.ap_auto.i32, i32 %tmp_4_i"   --->   Operation 60 'read' 'tmp_4_i_read' <Predicate = true> <Delay = 0.00>
ST_1 : Operation 61 [1/1] (0.00ns)   --->   "%tmp_3_i_read = read i32 @_ssdm_op_Read.ap_auto.i32, i32 %tmp_3_i"   --->   Operation 61 'read' 'tmp_3_i_read' <Predicate = true> <Delay = 0.00>
ST_1 : Operation 62 [1/1] (0.00ns)   --->   "%tmp_2_i_read = read i32 @_ssdm_op_Read.ap_auto.i32, i32 %tmp_2_i"   --->   Operation 62 'read' 'tmp_2_i_read' <Predicate = true> <Delay = 0.00>
ST_1 : Operation 63 [1/1] (0.00ns)   --->   "%tmp_1_i_read = read i32 @_ssdm_op_Read.ap_auto.i32, i32 %tmp_1_i"   --->   Operation 63 'read' 'tmp_1_i_read' <Predicate = true> <Delay = 0.00>
ST_1 : Operation 64 [1/1] (0.00ns)   --->   "%tmp_i_read_40 = read i32 @_ssdm_op_Read.ap_auto.i32, i32 %tmp_i_23"   --->   Operation 64 'read' 'tmp_i_read_40' <Predicate = true> <Delay = 0.00>
ST_1 : Operation 65 [1/1] (0.00ns)   --->   "%memory_load_read = read i64 @_ssdm_op_Read.ap_auto.i64, i64 %memory_load"   --->   Operation 65 'read' 'memory_load_read' <Predicate = true> <Delay = 0.00>
ST_1 : Operation 66 [1/1] (0.00ns)   --->   "%p_cast_i_read = read i13 @_ssdm_op_Read.ap_auto.i13, i13 %p_cast_i"   --->   Operation 66 'read' 'p_cast_i_read' <Predicate = true> <Delay = 0.00>
ST_1 : Operation 67 [1/1] (0.00ns)   --->   "%mul_ln40_read = read i37 @_ssdm_op_Read.ap_auto.i37, i37 %mul_ln40"   --->   Operation 67 'read' 'mul_ln40_read' <Predicate = true> <Delay = 0.00>
ST_1 : Operation 68 [1/1] (0.00ns)   --->   "%cmp31_i_read = read i1 @_ssdm_op_Read.ap_auto.i1, i1 %cmp31_i"   --->   Operation 68 'read' 'cmp31_i_read' <Predicate = true> <Delay = 0.00>
ST_1 : Operation 69 [1/1] (0.00ns)   --->   "%zext_ln40_read = read i4 @_ssdm_op_Read.ap_auto.i4, i4 %zext_ln40"   --->   Operation 69 'read' 'zext_ln40_read' <Predicate = true> <Delay = 0.00>
ST_1 : Operation 70 [1/1] (0.00ns)   --->   "%mul_i_read = read i5 @_ssdm_op_Read.ap_auto.i5, i5 %mul_i"   --->   Operation 70 'read' 'mul_i_read' <Predicate = true> <Delay = 0.00>
ST_1 : Operation 71 [1/1] (0.00ns)   --->   "%zext_ln40_cast = zext i4 %zext_ln40_read"   --->   Operation 71 'zext' 'zext_ln40_cast' <Predicate = true> <Delay = 0.00>
ST_1 : Operation 72 [1/1] (0.00ns)   --->   "%p_cast_i_cast = zext i13 %p_cast_i_read"   --->   Operation 72 'zext' 'p_cast_i_cast' <Predicate = true> <Delay = 0.00>
ST_1 : Operation 73 [1/1] (0.00ns)   --->   "%specinterface_ln0 = specinterface void @_ssdm_op_SpecInterface, i64 %gmem1, void @empty_21, i32 0, i32 0, void @empty_20, i32 0, i32 0, void @empty_18, void @empty_15, void @empty_20, i32 16, i32 16, i32 16, i32 16, void @empty_20, void @empty_20, i32 4294967295, i32 0, i32 0"   --->   Operation 73 'specinterface' 'specinterface_ln0' <Predicate = true> <Delay = 0.00>
ST_1 : Operation 74 [1/1] (0.79ns)   --->   "%cmp46_i = icmp_ugt  i4 %s_iw_read, i4 5"   --->   Operation 74 'icmp' 'cmp46_i' <Predicate = true> <Delay = 0.79> <CoreInst = "Cmp">   --->   Core 9 'Cmp' <Latency = 0> <II = 1> <Delay = 0.79> <FuncUnit> <Opcode : 'seteq' 'setne' 'setle' 'setge' 'setlt' 'setgt'> <InPorts = 2> <OutPorts = 1>
ST_1 : Operation 75 [1/1] (0.42ns)   --->   "%store_ln41 = store i32 0, i32 %s_fw" [top_wrapper.cpp:41->top_wrapper.cpp:129]   --->   Operation 75 'store' 'store_ln41' <Predicate = true> <Delay = 0.42>
ST_1 : Operation 76 [1/1] (0.00ns)   --->   "%br_ln41 = br void %for.cond9.i" [top_wrapper.cpp:41->top_wrapper.cpp:129]   --->   Operation 76 'br' 'br_ln41' <Predicate = true> <Delay = 0.00>
ST_1 : Operation 77 [1/1] (0.00ns)   --->   "%s_fw_4 = load i32 %s_fw" [top_wrapper.cpp:41->top_wrapper.cpp:129]   --->   Operation 77 'load' 's_fw_4' <Predicate = true> <Delay = 0.00>
ST_1 : Operation 78 [1/1] (1.01ns)   --->   "%icmp_ln41 = icmp_slt  i32 %s_fw_4, i32 5" [top_wrapper.cpp:41->top_wrapper.cpp:129]   --->   Operation 78 'icmp' 'icmp_ln41' <Predicate = true> <Delay = 1.01> <CoreInst = "Cmp">   --->   Core 9 'Cmp' <Latency = 0> <II = 1> <Delay = 1.01> <FuncUnit> <Opcode : 'seteq' 'setne' 'setle' 'setge' 'setlt' 'setgt'> <InPorts = 2> <OutPorts = 1>
ST_1 : Operation 79 [1/1] (0.00ns)   --->   "%br_ln41 = br i1 %icmp_ln41, void %for.inc60.i.exitStub, void %VITIS_LOOP_42_5.i" [top_wrapper.cpp:41->top_wrapper.cpp:129]   --->   Operation 79 'br' 'br_ln41' <Predicate = true> <Delay = 0.00>
ST_1 : Operation 80 [1/1] (0.00ns)   --->   "%trunc_ln41 = trunc i32 %s_fw_4" [top_wrapper.cpp:41->top_wrapper.cpp:129]   --->   Operation 80 'trunc' 'trunc_ln41' <Predicate = (icmp_ln41)> <Delay = 0.00>
ST_1 : Operation 81 [1/1] (0.78ns)   --->   "%s_mem_i = add i5 %trunc_ln41, i5 %mul_i_read" [top_wrapper.cpp:41->top_wrapper.cpp:129]   --->   Operation 81 'add' 's_mem_i' <Predicate = (icmp_ln41)> <Delay = 0.78> <CoreInst = "Adder">   --->   Core 1 'Adder' <Latency = 0> <II = 1> <Delay = 0.78> <FuncUnit> <Opcode : 'add' 'sub'> <InPorts = 2> <OutPorts = 1>
ST_1 : Operation 82 [1/1] (1.01ns)   --->   "%in_w = add i32 %s_fw_4, i32 %zext_ln40_cast" [top_wrapper.cpp:41->top_wrapper.cpp:129]   --->   Operation 82 'add' 'in_w' <Predicate = (icmp_ln41)> <Delay = 1.01> <CoreInst = "Adder">   --->   Core 1 'Adder' <Latency = 0> <II = 1> <Delay = 1.01> <FuncUnit> <Opcode : 'add' 'sub'> <InPorts = 2> <OutPorts = 1>
ST_1 : Operation 83 [1/1] (1.01ns)   --->   "%cmp32_i = icmp_slt  i32 %in_w, i32 13" [top_wrapper.cpp:41->top_wrapper.cpp:129]   --->   Operation 83 'icmp' 'cmp32_i' <Predicate = (icmp_ln41)> <Delay = 1.01> <CoreInst = "Cmp">   --->   Core 9 'Cmp' <Latency = 0> <II = 1> <Delay = 1.01> <FuncUnit> <Opcode : 'seteq' 'setne' 'setle' 'setge' 'setlt' 'setgt'> <InPorts = 2> <OutPorts = 1>
ST_1 : Operation 84 [1/1] (0.28ns)   --->   "%brmerge_not_i = and i1 %cmp32_i, i1 %cmp31_i_read" [top_wrapper.cpp:41->top_wrapper.cpp:129]   --->   Operation 84 'and' 'brmerge_not_i' <Predicate = (icmp_ln41)> <Delay = 0.28> <CoreInst = "LogicGate">   --->   Core 74 'LogicGate' <Latency = 0> <II = 1> <Delay = 0.28> <FuncUnit> <Opcode : 'and' 'or' 'xor'> <InPorts = 2> <OutPorts = 1>
ST_1 : Operation 85 [1/1] (0.00ns)   --->   "%shl_ln = bitconcatenate i33 @_ssdm_op_BitConcatenate.i33.i32.i1, i32 %in_w, i1 0" [top_wrapper.cpp:42->top_wrapper.cpp:129]   --->   Operation 85 'bitconcatenate' 'shl_ln' <Predicate = (icmp_ln41)> <Delay = 0.00>
ST_1 : Operation 86 [1/1] (0.00ns)   --->   "%sext_ln42 = sext i33 %shl_ln" [top_wrapper.cpp:42->top_wrapper.cpp:129]   --->   Operation 86 'sext' 'sext_ln42' <Predicate = (icmp_ln41)> <Delay = 0.00>
ST_1 : Operation 87 [1/1] (1.02ns)   --->   "%add_ln42 = add i37 %mul_ln40_read, i37 %sext_ln42" [top_wrapper.cpp:42->top_wrapper.cpp:129]   --->   Operation 87 'add' 'add_ln42' <Predicate = (icmp_ln41)> <Delay = 1.02> <CoreInst = "Adder">   --->   Core 1 'Adder' <Latency = 0> <II = 1> <Delay = 1.02> <FuncUnit> <Opcode : 'add' 'sub'> <InPorts = 2> <OutPorts = 1>
ST_1 : Operation 88 [1/1] (0.00ns)   --->   "%tmp = bitconcatenate i40 @_ssdm_op_BitConcatenate.i40.i37.i3, i37 %add_ln42, i3 0" [top_wrapper.cpp:42->top_wrapper.cpp:129]   --->   Operation 88 'bitconcatenate' 'tmp' <Predicate = (icmp_ln41)> <Delay = 0.00>
ST_1 : Operation 89 [1/1] (0.00ns)   --->   "%sext_ln42_1 = sext i40 %tmp" [top_wrapper.cpp:42->top_wrapper.cpp:129]   --->   Operation 89 'sext' 'sext_ln42_1' <Predicate = (icmp_ln41)> <Delay = 0.00>
ST_1 : Operation 90 [1/1] (1.03ns)   --->   "%add_ln42_2 = add i41 %sext_ln42_1, i41 %p_cast_i_cast" [top_wrapper.cpp:42->top_wrapper.cpp:129]   --->   Operation 90 'add' 'add_ln42_2' <Predicate = (icmp_ln41)> <Delay = 1.03> <CoreInst = "Adder">   --->   Core 1 'Adder' <Latency = 0> <II = 1> <Delay = 1.03> <FuncUnit> <Opcode : 'add' 'sub'> <InPorts = 2> <OutPorts = 1>
ST_1 : Operation 91 [1/1] (0.20ns)   --->   "%select_ln42 = select i1 %brmerge_not_i, i64 2, i64 0" [top_wrapper.cpp:42->top_wrapper.cpp:129]   --->   Operation 91 'select' 'select_ln42' <Predicate = (icmp_ln41)> <Delay = 0.20> <CoreInst = "Sel">   --->   Core 73 'Sel' <Latency = 0> <II = 1> <Delay = 0.20> <FuncUnit> <Opcode : 'select'> <InPorts = 3> <OutPorts = 1>
ST_1 : Operation 92 [1/1] (0.87ns)   --->   "%val = sparsemux i32 @_ssdm_op_SparseMux.ap_auto.25i32.i32.i5, i5 0, i32 %tmp_i_read_40, i5 1, i32 %tmp_1_i_read, i5 2, i32 %tmp_2_i_read, i5 3, i32 %tmp_3_i_read, i5 4, i32 %tmp_4_i_read, i5 5, i32 %tmp_5_i_read, i5 6, i32 %tmp_6_i_read, i5 7, i32 %tmp_7_i_read, i5 8, i32 %tmp_8_i_read, i5 9, i32 %tmp_9_i_read, i5 10, i32 %tmp_i_read, i5 11, i32 %tmp_10_i_read, i5 12, i32 %tmp_11_i_read, i5 13, i32 %tmp_12_i_read, i5 14, i32 %tmp_13_i_read, i5 15, i32 %tmp_14_i_read, i5 16, i32 %tmp_15_i_read, i5 17, i32 %tmp_16_i_read, i5 18, i32 %tmp_17_i_read, i5 19, i32 %tmp_18_i_read, i5 20, i32 %tmp_19_i_read, i5 21, i32 %tmp_20_i_read, i5 22, i32 %tmp_21_i_read, i5 23, i32 %tmp_22_i_read, i5 24, i32 %tmp_23_i_read, i32 0, i5 %s_mem_i" [top_wrapper.cpp:46->top_wrapper.cpp:129]   --->   Operation 92 'sparsemux' 'val' <Predicate = (icmp_ln41)> <Delay = 0.87> <CoreInst = "BinarySparseMux_DontCare">   --->   Core 149 'BinarySparseMux_DontCare' <Latency = 0> <II = 1> <Delay = 0.87> <FuncUnit> <Opcode : 'sparsemux'> <InPorts = 2> <OutPorts = 1>
ST_1 : Operation 93 [1/1] (0.87ns)   --->   "%val_1 = sparsemux i32 @_ssdm_op_SparseMux.ap_auto.25i32.i32.i5, i5 0, i32 %tmp_24_i_read, i5 1, i32 %tmp_25_i_read, i5 2, i32 %tmp_26_i_read, i5 3, i32 %tmp_27_i_read, i5 4, i32 %tmp_28_i_read, i5 5, i32 %tmp_29_i_read, i5 6, i32 %tmp_30_i_read, i5 7, i32 %tmp_31_i_read, i5 8, i32 %tmp_32_i_read, i5 9, i32 %tmp_33_i_read, i5 10, i32 %tmp_34_i_read, i5 11, i32 %tmp_35_i_read, i5 12, i32 %tmp_36_i_read, i5 13, i32 %tmp_37_i_read, i5 14, i32 %tmp_38_i_read, i5 15, i32 %tmp_39_i_read, i5 16, i32 %tmp_40_i_read, i5 17, i32 %tmp_41_i_read, i5 18, i32 %tmp_42_i_read, i5 19, i32 %tmp_43_i_read, i5 20, i32 %tmp_44_i_read, i5 21, i32 %tmp_45_i_read, i5 22, i32 %tmp_46_i_read, i5 23, i32 %tmp_47_i_read, i5 24, i32 %tmp_48_i_read, i32 0, i5 %s_mem_i" [top_wrapper.cpp:46->top_wrapper.cpp:129]   --->   Operation 93 'sparsemux' 'val_1' <Predicate = (icmp_ln41)> <Delay = 0.87> <CoreInst = "BinarySparseMux_DontCare">   --->   Core 149 'BinarySparseMux_DontCare' <Latency = 0> <II = 1> <Delay = 0.87> <FuncUnit> <Opcode : 'sparsemux'> <InPorts = 2> <OutPorts = 1>
ST_1 : Operation 94 [1/1] (0.00ns)   --->   "%br_ln50 = br i1 %brmerge_not_i, void %for.inc43.1.i, void %if.then.1.i" [top_wrapper.cpp:50->top_wrapper.cpp:129]   --->   Operation 94 'br' 'br_ln50' <Predicate = (icmp_ln41)> <Delay = 0.00>

State 2 <SV = 1> <Delay = 2.45>
ST_2 : Operation 95 [1/1] (0.00ns)   --->   "%sext_ln42_3 = sext i41 %add_ln42_2" [top_wrapper.cpp:42->top_wrapper.cpp:129]   --->   Operation 95 'sext' 'sext_ln42_3' <Predicate = (icmp_ln41)> <Delay = 0.00>
ST_2 : Operation 96 [1/1] (1.08ns)   --->   "%add_ln42_1 = add i64 %sext_ln42_3, i64 %memory_load_read" [top_wrapper.cpp:42->top_wrapper.cpp:129]   --->   Operation 96 'add' 'add_ln42_1' <Predicate = (icmp_ln41)> <Delay = 1.08> <CoreInst = "Adder">   --->   Core 1 'Adder' <Latency = 0> <II = 1> <Delay = 1.08> <FuncUnit> <Opcode : 'add' 'sub'> <InPorts = 2> <OutPorts = 1>
ST_2 : Operation 97 [1/1] (0.00ns)   --->   "%trunc_ln2 = partselect i61 @_ssdm_op_PartSelect.i61.i64.i32.i32, i64 %add_ln42_1, i32 3, i32 63" [top_wrapper.cpp:42->top_wrapper.cpp:129]   --->   Operation 97 'partselect' 'trunc_ln2' <Predicate = (icmp_ln41)> <Delay = 0.00>
ST_2 : Operation 98 [1/1] (1.01ns)   --->   "%s_fw_5 = add i32 %s_fw_4, i32 5" [top_wrapper.cpp:60->top_wrapper.cpp:129]   --->   Operation 98 'add' 's_fw_5' <Predicate = (icmp_ln41 & cmp46_i)> <Delay = 1.01> <CoreInst = "Adder">   --->   Core 1 'Adder' <Latency = 0> <II = 1> <Delay = 1.01> <FuncUnit> <Opcode : 'add' 'sub'> <InPorts = 2> <OutPorts = 1>
ST_2 : Operation 99 [1/1] (0.00ns) (grouped into LUT with out node s_fw_7)   --->   "%s_fw_6 = select i1 %cmp46_i, i32 %s_fw_5, i32 %s_fw_4" [top_wrapper.cpp:55->top_wrapper.cpp:129]   --->   Operation 99 'select' 's_fw_6' <Predicate = (icmp_ln41)> <Delay = 0.00> <CoreInst = "Sel">   --->   Core 73 'Sel' <Latency = 0> <II = 1> <Delay = 0.44> <FuncUnit> <Opcode : 'select'> <InPorts = 3> <OutPorts = 1>
ST_2 : Operation 100 [1/1] (1.01ns) (out node of the LUT)   --->   "%s_fw_7 = add i32 %s_fw_6, i32 1" [top_wrapper.cpp:41->top_wrapper.cpp:129]   --->   Operation 100 'add' 's_fw_7' <Predicate = (icmp_ln41)> <Delay = 1.01> <CoreInst = "Adder">   --->   Core 1 'Adder' <Latency = 0> <II = 1> <Delay = 1.01> <FuncUnit> <Opcode : 'add' 'sub'> <InPorts = 2> <OutPorts = 1>
ST_2 : Operation 101 [1/1] (0.42ns)   --->   "%store_ln41 = store i32 %s_fw_7, i32 %s_fw" [top_wrapper.cpp:41->top_wrapper.cpp:129]   --->   Operation 101 'store' 'store_ln41' <Predicate = (icmp_ln41)> <Delay = 0.42>

State 3 <SV = 2> <Delay = 3.65>
ST_3 : Operation 102 [1/1] (0.00ns)   --->   "%specpipeline_ln0 = specpipeline void @_ssdm_op_SpecPipeline, i32 4294967295, i32 0, i32 0, i32 0, void @empty_20"   --->   Operation 102 'specpipeline' 'specpipeline_ln0' <Predicate = true> <Delay = 0.00>
ST_3 : Operation 103 [1/1] (0.00ns)   --->   "%specloopname_ln41 = specloopname void @_ssdm_op_SpecLoopName, void @empty_14" [top_wrapper.cpp:41->top_wrapper.cpp:129]   --->   Operation 103 'specloopname' 'specloopname_ln41' <Predicate = true> <Delay = 0.00>
ST_3 : Operation 104 [1/1] (0.00ns)   --->   "%sext_ln42_2 = sext i61 %trunc_ln2" [top_wrapper.cpp:42->top_wrapper.cpp:129]   --->   Operation 104 'sext' 'sext_ln42_2' <Predicate = true> <Delay = 0.00>
ST_3 : Operation 105 [1/1] (0.00ns)   --->   "%gmem1_addr = getelementptr i64 %gmem1, i64 %sext_ln42_2" [top_wrapper.cpp:42->top_wrapper.cpp:129]   --->   Operation 105 'getelementptr' 'gmem1_addr' <Predicate = true> <Delay = 0.00>
ST_3 : Operation 106 [1/1] (3.65ns)   --->   "%empty_41 = writereq i1 @_ssdm_op_WriteReq.m_axi.p1i64, i64 %gmem1_addr, i64 %select_ln42" [top_wrapper.cpp:42->top_wrapper.cpp:129]   --->   Operation 106 'writereq' 'empty_41' <Predicate = true> <Delay = 3.65> <CoreInst = "m_axi">   --->   Core 119 'm_axi' <Latency = 9> <II = 1> <Delay = 1.00> <Adapter> <Opcode : 'read' 'write' 'readreq' 'writereq' 'writeresp'>

State 4 <SV = 3> <Delay = 3.65>
ST_4 : Operation 107 [1/1] (0.00ns)   --->   "%sext_ln51 = sext i32 %val" [top_wrapper.cpp:51->top_wrapper.cpp:129]   --->   Operation 107 'sext' 'sext_ln51' <Predicate = (brmerge_not_i)> <Delay = 0.00>
ST_4 : Operation 108 [1/1] (0.00ns)   --->   "%zext_ln51 = zext i45 %sext_ln51" [top_wrapper.cpp:51->top_wrapper.cpp:129]   --->   Operation 108 'zext' 'zext_ln51' <Predicate = (brmerge_not_i)> <Delay = 0.00>
ST_4 : Operation 109 [1/1] (3.65ns)   --->   "%write_ln51 = write void @_ssdm_op_Write.m_axi.p1i64, i64 %gmem1_addr, i64 %zext_ln51, i8 255" [top_wrapper.cpp:51->top_wrapper.cpp:129]   --->   Operation 109 'write' 'write_ln51' <Predicate = (brmerge_not_i)> <Delay = 3.65> <CoreInst = "m_axi">   --->   Core 119 'm_axi' <Latency = 5> <II = 1> <Delay = 1.00> <Adapter> <Opcode : 'read' 'write' 'readreq' 'writereq' 'writeresp'>

State 5 <SV = 4> <Delay = 3.65>
ST_5 : Operation 110 [1/1] (0.00ns)   --->   "%sext_ln51_1 = sext i32 %val_1" [top_wrapper.cpp:51->top_wrapper.cpp:129]   --->   Operation 110 'sext' 'sext_ln51_1' <Predicate = (brmerge_not_i)> <Delay = 0.00>
ST_5 : Operation 111 [1/1] (0.00ns)   --->   "%zext_ln51_1 = zext i45 %sext_ln51_1" [top_wrapper.cpp:51->top_wrapper.cpp:129]   --->   Operation 111 'zext' 'zext_ln51_1' <Predicate = (brmerge_not_i)> <Delay = 0.00>
ST_5 : Operation 112 [1/1] (3.65ns)   --->   "%write_ln51 = write void @_ssdm_op_Write.m_axi.p1i64, i64 %gmem1_addr, i64 %zext_ln51_1, i8 255" [top_wrapper.cpp:51->top_wrapper.cpp:129]   --->   Operation 112 'write' 'write_ln51' <Predicate = (brmerge_not_i)> <Delay = 3.65> <CoreInst = "m_axi">   --->   Core 119 'm_axi' <Latency = 5> <II = 1> <Delay = 1.00> <Adapter> <Opcode : 'read' 'write' 'readreq' 'writereq' 'writeresp'>
ST_5 : Operation 113 [1/1] (0.00ns)   --->   "%br_ln52 = br void %for.inc43.1.i" [top_wrapper.cpp:52->top_wrapper.cpp:129]   --->   Operation 113 'br' 'br_ln52' <Predicate = (brmerge_not_i)> <Delay = 0.00>

State 6 <SV = 5> <Delay = 3.65>
ST_6 : Operation 114 [5/5] (3.65ns)   --->   "%empty = writeresp i1 @_ssdm_op_WriteResp.m_axi.p1i64, i64 %gmem1_addr" [top_wrapper.cpp:60->top_wrapper.cpp:129]   --->   Operation 114 'writeresp' 'empty' <Predicate = true> <Delay = 3.65> <CoreInst = "m_axi">   --->   Core 119 'm_axi' <Latency = 3> <II = 1> <Delay = 1.00> <Adapter> <Opcode : 'read' 'write' 'readreq' 'writereq' 'writeresp'>

State 7 <SV = 6> <Delay = 3.65>
ST_7 : Operation 115 [4/5] (3.65ns)   --->   "%empty = writeresp i1 @_ssdm_op_WriteResp.m_axi.p1i64, i64 %gmem1_addr" [top_wrapper.cpp:60->top_wrapper.cpp:129]   --->   Operation 115 'writeresp' 'empty' <Predicate = true> <Delay = 3.65> <CoreInst = "m_axi">   --->   Core 119 'm_axi' <Latency = 3> <II = 1> <Delay = 1.00> <Adapter> <Opcode : 'read' 'write' 'readreq' 'writereq' 'writeresp'>

State 8 <SV = 7> <Delay = 3.65>
ST_8 : Operation 116 [3/5] (3.65ns)   --->   "%empty = writeresp i1 @_ssdm_op_WriteResp.m_axi.p1i64, i64 %gmem1_addr" [top_wrapper.cpp:60->top_wrapper.cpp:129]   --->   Operation 116 'writeresp' 'empty' <Predicate = true> <Delay = 3.65> <CoreInst = "m_axi">   --->   Core 119 'm_axi' <Latency = 3> <II = 1> <Delay = 1.00> <Adapter> <Opcode : 'read' 'write' 'readreq' 'writereq' 'writeresp'>
ST_8 : Operation 120 [1/1] (0.42ns)   --->   "%ret_ln0 = ret"   --->   Operation 120 'ret' 'ret_ln0' <Predicate = (!icmp_ln41)> <Delay = 0.42>

State 9 <SV = 8> <Delay = 3.65>
ST_9 : Operation 117 [2/5] (3.65ns)   --->   "%empty = writeresp i1 @_ssdm_op_WriteResp.m_axi.p1i64, i64 %gmem1_addr" [top_wrapper.cpp:60->top_wrapper.cpp:129]   --->   Operation 117 'writeresp' 'empty' <Predicate = true> <Delay = 3.65> <CoreInst = "m_axi">   --->   Core 119 'm_axi' <Latency = 3> <II = 1> <Delay = 1.00> <Adapter> <Opcode : 'read' 'write' 'readreq' 'writereq' 'writeresp'>

State 10 <SV = 9> <Delay = 3.65>
ST_10 : Operation 118 [1/5] (3.65ns)   --->   "%empty = writeresp i1 @_ssdm_op_WriteResp.m_axi.p1i64, i64 %gmem1_addr" [top_wrapper.cpp:60->top_wrapper.cpp:129]   --->   Operation 118 'writeresp' 'empty' <Predicate = true> <Delay = 3.65> <CoreInst = "m_axi">   --->   Core 119 'm_axi' <Latency = 3> <II = 1> <Delay = 1.00> <Adapter> <Opcode : 'read' 'write' 'readreq' 'writereq' 'writeresp'>
ST_10 : Operation 119 [1/1] (0.00ns)   --->   "%br_ln41 = br void %for.cond9.i" [top_wrapper.cpp:41->top_wrapper.cpp:129]   --->   Operation 119 'br' 'br_ln41' <Predicate = true> <Delay = 0.00>


============================================================
+ Verbose Summary: Binding
============================================================
STG Binding: 
---------------- STG Properties BEGIN ----------------
- Is combinational: 0
- Is one-state seq: 0
- Is datapath-only: 0
- Is pipelined: 0
- Is top level: 0
Port [ Return ] is wired: 1; IO mode=ap_ctrl_hs:ce=0
Port [ mul_i]:  wired=1; compound=0; hidden=0; nouse=0; global=0; static=0; extern=0; dir=0; type=0; pingpong=0; private_global=0; IO mode=ap_none:ce=0
Port [ zext_ln40]:  wired=1; compound=0; hidden=0; nouse=0; global=0; static=0; extern=0; dir=0; type=0; pingpong=0; private_global=0; IO mode=ap_none:ce=0
Port [ cmp31_i]:  wired=1; compound=0; hidden=0; nouse=0; global=0; static=0; extern=0; dir=0; type=0; pingpong=0; private_global=0; IO mode=ap_none:ce=0
Port [ mul_ln40]:  wired=1; compound=0; hidden=0; nouse=0; global=0; static=0; extern=0; dir=0; type=0; pingpong=0; private_global=0; IO mode=ap_none:ce=0
Port [ p_cast_i]:  wired=1; compound=0; hidden=0; nouse=0; global=0; static=0; extern=0; dir=0; type=0; pingpong=0; private_global=0; IO mode=ap_none:ce=0
Port [ memory_load]:  wired=1; compound=0; hidden=0; nouse=0; global=0; static=0; extern=0; dir=0; type=0; pingpong=0; private_global=0; IO mode=ap_none:ce=0
Port [ gmem1]:  wired=1; compound=1; hidden=0; nouse=0; global=0; static=0; extern=0; dir=1; type=4; pingpong=0; private_global=0; IO mode=m_axi:ce=0
Port [ tmp_i_23]:  wired=1; compound=0; hidden=0; nouse=0; global=0; static=0; extern=0; dir=0; type=0; pingpong=0; private_global=0; IO mode=ap_none:ce=0
Port [ tmp_1_i]:  wired=1; compound=0; hidden=0; nouse=0; global=0; static=0; extern=0; dir=0; type=0; pingpong=0; private_global=0; IO mode=ap_none:ce=0
Port [ tmp_2_i]:  wired=1; compound=0; hidden=0; nouse=0; global=0; static=0; extern=0; dir=0; type=0; pingpong=0; private_global=0; IO mode=ap_none:ce=0
Port [ tmp_3_i]:  wired=1; compound=0; hidden=0; nouse=0; global=0; static=0; extern=0; dir=0; type=0; pingpong=0; private_global=0; IO mode=ap_none:ce=0
Port [ tmp_4_i]:  wired=1; compound=0; hidden=0; nouse=0; global=0; static=0; extern=0; dir=0; type=0; pingpong=0; private_global=0; IO mode=ap_none:ce=0
Port [ tmp_5_i]:  wired=1; compound=0; hidden=0; nouse=0; global=0; static=0; extern=0; dir=0; type=0; pingpong=0; private_global=0; IO mode=ap_none:ce=0
Port [ tmp_6_i]:  wired=1; compound=0; hidden=0; nouse=0; global=0; static=0; extern=0; dir=0; type=0; pingpong=0; private_global=0; IO mode=ap_none:ce=0
Port [ tmp_7_i]:  wired=1; compound=0; hidden=0; nouse=0; global=0; static=0; extern=0; dir=0; type=0; pingpong=0; private_global=0; IO mode=ap_none:ce=0
Port [ tmp_8_i]:  wired=1; compound=0; hidden=0; nouse=0; global=0; static=0; extern=0; dir=0; type=0; pingpong=0; private_global=0; IO mode=ap_none:ce=0
Port [ tmp_9_i]:  wired=1; compound=0; hidden=0; nouse=0; global=0; static=0; extern=0; dir=0; type=0; pingpong=0; private_global=0; IO mode=ap_none:ce=0
Port [ tmp_i]:  wired=1; compound=0; hidden=0; nouse=0; global=0; static=0; extern=0; dir=0; type=0; pingpong=0; private_global=0; IO mode=ap_none:ce=0
Port [ tmp_10_i]:  wired=1; compound=0; hidden=0; nouse=0; global=0; static=0; extern=0; dir=0; type=0; pingpong=0; private_global=0; IO mode=ap_none:ce=0
Port [ tmp_11_i]:  wired=1; compound=0; hidden=0; nouse=0; global=0; static=0; extern=0; dir=0; type=0; pingpong=0; private_global=0; IO mode=ap_none:ce=0
Port [ tmp_12_i]:  wired=1; compound=0; hidden=0; nouse=0; global=0; static=0; extern=0; dir=0; type=0; pingpong=0; private_global=0; IO mode=ap_none:ce=0
Port [ tmp_13_i]:  wired=1; compound=0; hidden=0; nouse=0; global=0; static=0; extern=0; dir=0; type=0; pingpong=0; private_global=0; IO mode=ap_none:ce=0
Port [ tmp_14_i]:  wired=1; compound=0; hidden=0; nouse=0; global=0; static=0; extern=0; dir=0; type=0; pingpong=0; private_global=0; IO mode=ap_none:ce=0
Port [ tmp_15_i]:  wired=1; compound=0; hidden=0; nouse=0; global=0; static=0; extern=0; dir=0; type=0; pingpong=0; private_global=0; IO mode=ap_none:ce=0
Port [ tmp_16_i]:  wired=1; compound=0; hidden=0; nouse=0; global=0; static=0; extern=0; dir=0; type=0; pingpong=0; private_global=0; IO mode=ap_none:ce=0
Port [ tmp_17_i]:  wired=1; compound=0; hidden=0; nouse=0; global=0; static=0; extern=0; dir=0; type=0; pingpong=0; private_global=0; IO mode=ap_none:ce=0
Port [ tmp_18_i]:  wired=1; compound=0; hidden=0; nouse=0; global=0; static=0; extern=0; dir=0; type=0; pingpong=0; private_global=0; IO mode=ap_none:ce=0
Port [ tmp_19_i]:  wired=1; compound=0; hidden=0; nouse=0; global=0; static=0; extern=0; dir=0; type=0; pingpong=0; private_global=0; IO mode=ap_none:ce=0
Port [ tmp_20_i]:  wired=1; compound=0; hidden=0; nouse=0; global=0; static=0; extern=0; dir=0; type=0; pingpong=0; private_global=0; IO mode=ap_none:ce=0
Port [ tmp_21_i]:  wired=1; compound=0; hidden=0; nouse=0; global=0; static=0; extern=0; dir=0; type=0; pingpong=0; private_global=0; IO mode=ap_none:ce=0
Port [ tmp_22_i]:  wired=1; compound=0; hidden=0; nouse=0; global=0; static=0; extern=0; dir=0; type=0; pingpong=0; private_global=0; IO mode=ap_none:ce=0
Port [ tmp_23_i]:  wired=1; compound=0; hidden=0; nouse=0; global=0; static=0; extern=0; dir=0; type=0; pingpong=0; private_global=0; IO mode=ap_none:ce=0
Port [ tmp_24_i]:  wired=1; compound=0; hidden=0; nouse=0; global=0; static=0; extern=0; dir=0; type=0; pingpong=0; private_global=0; IO mode=ap_none:ce=0
Port [ tmp_25_i]:  wired=1; compound=0; hidden=0; nouse=0; global=0; static=0; extern=0; dir=0; type=0; pingpong=0; private_global=0; IO mode=ap_none:ce=0
Port [ tmp_26_i]:  wired=1; compound=0; hidden=0; nouse=0; global=0; static=0; extern=0; dir=0; type=0; pingpong=0; private_global=0; IO mode=ap_none:ce=0
Port [ tmp_27_i]:  wired=1; compound=0; hidden=0; nouse=0; global=0; static=0; extern=0; dir=0; type=0; pingpong=0; private_global=0; IO mode=ap_none:ce=0
Port [ tmp_28_i]:  wired=1; compound=0; hidden=0; nouse=0; global=0; static=0; extern=0; dir=0; type=0; pingpong=0; private_global=0; IO mode=ap_none:ce=0
Port [ tmp_29_i]:  wired=1; compound=0; hidden=0; nouse=0; global=0; static=0; extern=0; dir=0; type=0; pingpong=0; private_global=0; IO mode=ap_none:ce=0
Port [ tmp_30_i]:  wired=1; compound=0; hidden=0; nouse=0; global=0; static=0; extern=0; dir=0; type=0; pingpong=0; private_global=0; IO mode=ap_none:ce=0
Port [ tmp_31_i]:  wired=1; compound=0; hidden=0; nouse=0; global=0; static=0; extern=0; dir=0; type=0; pingpong=0; private_global=0; IO mode=ap_none:ce=0
Port [ tmp_32_i]:  wired=1; compound=0; hidden=0; nouse=0; global=0; static=0; extern=0; dir=0; type=0; pingpong=0; private_global=0; IO mode=ap_none:ce=0
Port [ tmp_33_i]:  wired=1; compound=0; hidden=0; nouse=0; global=0; static=0; extern=0; dir=0; type=0; pingpong=0; private_global=0; IO mode=ap_none:ce=0
Port [ tmp_34_i]:  wired=1; compound=0; hidden=0; nouse=0; global=0; static=0; extern=0; dir=0; type=0; pingpong=0; private_global=0; IO mode=ap_none:ce=0
Port [ tmp_35_i]:  wired=1; compound=0; hidden=0; nouse=0; global=0; static=0; extern=0; dir=0; type=0; pingpong=0; private_global=0; IO mode=ap_none:ce=0
Port [ tmp_36_i]:  wired=1; compound=0; hidden=0; nouse=0; global=0; static=0; extern=0; dir=0; type=0; pingpong=0; private_global=0; IO mode=ap_none:ce=0
Port [ tmp_37_i]:  wired=1; compound=0; hidden=0; nouse=0; global=0; static=0; extern=0; dir=0; type=0; pingpong=0; private_global=0; IO mode=ap_none:ce=0
Port [ tmp_38_i]:  wired=1; compound=0; hidden=0; nouse=0; global=0; static=0; extern=0; dir=0; type=0; pingpong=0; private_global=0; IO mode=ap_none:ce=0
Port [ tmp_39_i]:  wired=1; compound=0; hidden=0; nouse=0; global=0; static=0; extern=0; dir=0; type=0; pingpong=0; private_global=0; IO mode=ap_none:ce=0
Port [ tmp_40_i]:  wired=1; compound=0; hidden=0; nouse=0; global=0; static=0; extern=0; dir=0; type=0; pingpong=0; private_global=0; IO mode=ap_none:ce=0
Port [ tmp_41_i]:  wired=1; compound=0; hidden=0; nouse=0; global=0; static=0; extern=0; dir=0; type=0; pingpong=0; private_global=0; IO mode=ap_none:ce=0
Port [ tmp_42_i]:  wired=1; compound=0; hidden=0; nouse=0; global=0; static=0; extern=0; dir=0; type=0; pingpong=0; private_global=0; IO mode=ap_none:ce=0
Port [ tmp_43_i]:  wired=1; compound=0; hidden=0; nouse=0; global=0; static=0; extern=0; dir=0; type=0; pingpong=0; private_global=0; IO mode=ap_none:ce=0
Port [ tmp_44_i]:  wired=1; compound=0; hidden=0; nouse=0; global=0; static=0; extern=0; dir=0; type=0; pingpong=0; private_global=0; IO mode=ap_none:ce=0
Port [ tmp_45_i]:  wired=1; compound=0; hidden=0; nouse=0; global=0; static=0; extern=0; dir=0; type=0; pingpong=0; private_global=0; IO mode=ap_none:ce=0
Port [ tmp_46_i]:  wired=1; compound=0; hidden=0; nouse=0; global=0; static=0; extern=0; dir=0; type=0; pingpong=0; private_global=0; IO mode=ap_none:ce=0
Port [ tmp_47_i]:  wired=1; compound=0; hidden=0; nouse=0; global=0; static=0; extern=0; dir=0; type=0; pingpong=0; private_global=0; IO mode=ap_none:ce=0
Port [ tmp_48_i]:  wired=1; compound=0; hidden=0; nouse=0; global=0; static=0; extern=0; dir=0; type=0; pingpong=0; private_global=0; IO mode=ap_none:ce=0
Port [ s_iw]:  wired=1; compound=0; hidden=0; nouse=0; global=0; static=0; extern=0; dir=0; type=0; pingpong=0; private_global=0; IO mode=ap_none:ce=0
---------------- STG Properties END ------------------

---------------- Datapath Model BEGIN ----------------

<LifeTime>
<method=bitvector/>
s_fw              (alloca        ) [ 01100000000]
s_iw_read         (read          ) [ 00000000000]
tmp_48_i_read     (read          ) [ 00000000000]
tmp_47_i_read     (read          ) [ 00000000000]
tmp_46_i_read     (read          ) [ 00000000000]
tmp_45_i_read     (read          ) [ 00000000000]
tmp_44_i_read     (read          ) [ 00000000000]
tmp_43_i_read     (read          ) [ 00000000000]
tmp_42_i_read     (read          ) [ 00000000000]
tmp_41_i_read     (read          ) [ 00000000000]
tmp_40_i_read     (read          ) [ 00000000000]
tmp_39_i_read     (read          ) [ 00000000000]
tmp_38_i_read     (read          ) [ 00000000000]
tmp_37_i_read     (read          ) [ 00000000000]
tmp_36_i_read     (read          ) [ 00000000000]
tmp_35_i_read     (read          ) [ 00000000000]
tmp_34_i_read     (read          ) [ 00000000000]
tmp_33_i_read     (read          ) [ 00000000000]
tmp_32_i_read     (read          ) [ 00000000000]
tmp_31_i_read     (read          ) [ 00000000000]
tmp_30_i_read     (read          ) [ 00000000000]
tmp_29_i_read     (read          ) [ 00000000000]
tmp_28_i_read     (read          ) [ 00000000000]
tmp_27_i_read     (read          ) [ 00000000000]
tmp_26_i_read     (read          ) [ 00000000000]
tmp_25_i_read     (read          ) [ 00000000000]
tmp_24_i_read     (read          ) [ 00000000000]
tmp_23_i_read     (read          ) [ 00000000000]
tmp_22_i_read     (read          ) [ 00000000000]
tmp_21_i_read     (read          ) [ 00000000000]
tmp_20_i_read     (read          ) [ 00000000000]
tmp_19_i_read     (read          ) [ 00000000000]
tmp_18_i_read     (read          ) [ 00000000000]
tmp_17_i_read     (read          ) [ 00000000000]
tmp_16_i_read     (read          ) [ 00000000000]
tmp_15_i_read     (read          ) [ 00000000000]
tmp_14_i_read     (read          ) [ 00000000000]
tmp_13_i_read     (read          ) [ 00000000000]
tmp_12_i_read     (read          ) [ 00000000000]
tmp_11_i_read     (read          ) [ 00000000000]
tmp_10_i_read     (read          ) [ 00000000000]
tmp_i_read        (read          ) [ 00000000000]
tmp_9_i_read      (read          ) [ 00000000000]
tmp_8_i_read      (read          ) [ 00000000000]
tmp_7_i_read      (read          ) [ 00000000000]
tmp_6_i_read      (read          ) [ 00000000000]
tmp_5_i_read      (read          ) [ 00000000000]
tmp_4_i_read      (read          ) [ 00000000000]
tmp_3_i_read      (read          ) [ 00000000000]
tmp_2_i_read      (read          ) [ 00000000000]
tmp_1_i_read      (read          ) [ 00000000000]
tmp_i_read_40     (read          ) [ 00000000000]
memory_load_read  (read          ) [ 00100000000]
p_cast_i_read     (read          ) [ 00000000000]
mul_ln40_read     (read          ) [ 00000000000]
cmp31_i_read      (read          ) [ 00000000000]
zext_ln40_read    (read          ) [ 00000000000]
mul_i_read        (read          ) [ 00000000000]
zext_ln40_cast    (zext          ) [ 00000000000]
p_cast_i_cast     (zext          ) [ 00000000000]
specinterface_ln0 (specinterface ) [ 00000000000]
cmp46_i           (icmp          ) [ 00100000000]
store_ln41        (store         ) [ 00000000000]
br_ln41           (br            ) [ 00000000000]
s_fw_4            (load          ) [ 00100000000]
icmp_ln41         (icmp          ) [ 01111111100]
br_ln41           (br            ) [ 00000000000]
trunc_ln41        (trunc         ) [ 00000000000]
s_mem_i           (add           ) [ 00000000000]
in_w              (add           ) [ 00000000000]
cmp32_i           (icmp          ) [ 00000000000]
brmerge_not_i     (and           ) [ 01111100000]
shl_ln            (bitconcatenate) [ 00000000000]
sext_ln42         (sext          ) [ 00000000000]
add_ln42          (add           ) [ 00000000000]
tmp               (bitconcatenate) [ 00000000000]
sext_ln42_1       (sext          ) [ 00000000000]
add_ln42_2        (add           ) [ 00100000000]
select_ln42       (select        ) [ 01110000000]
val               (sparsemux     ) [ 01111000000]
val_1             (sparsemux     ) [ 01111100000]
br_ln50           (br            ) [ 00000000000]
sext_ln42_3       (sext          ) [ 00000000000]
add_ln42_1        (add           ) [ 00000000000]
trunc_ln2         (partselect    ) [ 01010000000]
s_fw_5            (add           ) [ 00000000000]
s_fw_6            (select        ) [ 00000000000]
s_fw_7            (add           ) [ 00000000000]
store_ln41        (store         ) [ 00000000000]
specpipeline_ln0  (specpipeline  ) [ 00000000000]
specloopname_ln41 (specloopname  ) [ 00000000000]
sext_ln42_2       (sext          ) [ 00000000000]
gmem1_addr        (getelementptr ) [ 01101111111]
empty_41          (writereq      ) [ 00000000000]
sext_ln51         (sext          ) [ 00000000000]
zext_ln51         (zext          ) [ 00000000000]
write_ln51        (write         ) [ 00000000000]
sext_ln51_1       (sext          ) [ 00000000000]
zext_ln51_1       (zext          ) [ 00000000000]
write_ln51        (write         ) [ 00000000000]
br_ln52           (br            ) [ 00000000000]
empty             (writeresp     ) [ 00000000000]
br_ln41           (br            ) [ 00000000000]
ret_ln0           (ret           ) [ 00000000000]
</LifeTime>

<model>

<comp_list>
<comp id="0" class="1000" name="mul_i">
<pin_list>
<pin id="1" dir="1" index="0" bw="1" slack="0"/>
</pin_list>
<bind>
<StgValue><ssdm name="mul_i"/></StgValue>
</bind>
</comp>

<comp id="2" class="1000" name="zext_ln40">
<pin_list>
<pin id="3" dir="1" index="0" bw="1" slack="0"/>
</pin_list>
<bind>
<StgValue><ssdm name="zext_ln40"/></StgValue>
</bind>
</comp>

<comp id="4" class="1000" name="cmp31_i">
<pin_list>
<pin id="5" dir="1" index="0" bw="1" slack="0"/>
</pin_list>
<bind>
<StgValue><ssdm name="cmp31_i"/></StgValue>
</bind>
</comp>

<comp id="6" class="1000" name="mul_ln40">
<pin_list>
<pin id="7" dir="1" index="0" bw="1" slack="0"/>
</pin_list>
<bind>
<StgValue><ssdm name="mul_ln40"/></StgValue>
</bind>
</comp>

<comp id="8" class="1000" name="p_cast_i">
<pin_list>
<pin id="9" dir="1" index="0" bw="1" slack="0"/>
</pin_list>
<bind>
<StgValue><ssdm name="p_cast_i"/></StgValue>
</bind>
</comp>

<comp id="10" class="1000" name="memory_load">
<pin_list>
<pin id="11" dir="1" index="0" bw="1" slack="0"/>
</pin_list>
<bind>
<StgValue><ssdm name="memory_load"/></StgValue>
</bind>
</comp>

<comp id="12" class="1000" name="gmem1">
<pin_list>
<pin id="13" dir="1" index="0" bw="1" slack="0"/>
</pin_list>
<bind>
<StgValue><ssdm name="gmem1"/><MemPortTyVec>1 </MemPortTyVec>
</StgValue>
</bind>
</comp>

<comp id="14" class="1000" name="tmp_i_23">
<pin_list>
<pin id="15" dir="1" index="0" bw="1" slack="0"/>
</pin_list>
<bind>
<StgValue><ssdm name="tmp_i_23"/></StgValue>
</bind>
</comp>

<comp id="16" class="1000" name="tmp_1_i">
<pin_list>
<pin id="17" dir="1" index="0" bw="1" slack="0"/>
</pin_list>
<bind>
<StgValue><ssdm name="tmp_1_i"/></StgValue>
</bind>
</comp>

<comp id="18" class="1000" name="tmp_2_i">
<pin_list>
<pin id="19" dir="1" index="0" bw="1" slack="0"/>
</pin_list>
<bind>
<StgValue><ssdm name="tmp_2_i"/></StgValue>
</bind>
</comp>

<comp id="20" class="1000" name="tmp_3_i">
<pin_list>
<pin id="21" dir="1" index="0" bw="1" slack="0"/>
</pin_list>
<bind>
<StgValue><ssdm name="tmp_3_i"/></StgValue>
</bind>
</comp>

<comp id="22" class="1000" name="tmp_4_i">
<pin_list>
<pin id="23" dir="1" index="0" bw="1" slack="0"/>
</pin_list>
<bind>
<StgValue><ssdm name="tmp_4_i"/></StgValue>
</bind>
</comp>

<comp id="24" class="1000" name="tmp_5_i">
<pin_list>
<pin id="25" dir="1" index="0" bw="1" slack="0"/>
</pin_list>
<bind>
<StgValue><ssdm name="tmp_5_i"/></StgValue>
</bind>
</comp>

<comp id="26" class="1000" name="tmp_6_i">
<pin_list>
<pin id="27" dir="1" index="0" bw="1" slack="0"/>
</pin_list>
<bind>
<StgValue><ssdm name="tmp_6_i"/></StgValue>
</bind>
</comp>

<comp id="28" class="1000" name="tmp_7_i">
<pin_list>
<pin id="29" dir="1" index="0" bw="1" slack="0"/>
</pin_list>
<bind>
<StgValue><ssdm name="tmp_7_i"/></StgValue>
</bind>
</comp>

<comp id="30" class="1000" name="tmp_8_i">
<pin_list>
<pin id="31" dir="1" index="0" bw="1" slack="0"/>
</pin_list>
<bind>
<StgValue><ssdm name="tmp_8_i"/></StgValue>
</bind>
</comp>

<comp id="32" class="1000" name="tmp_9_i">
<pin_list>
<pin id="33" dir="1" index="0" bw="1" slack="0"/>
</pin_list>
<bind>
<StgValue><ssdm name="tmp_9_i"/></StgValue>
</bind>
</comp>

<comp id="34" class="1000" name="tmp_i">
<pin_list>
<pin id="35" dir="1" index="0" bw="1" slack="0"/>
</pin_list>
<bind>
<StgValue><ssdm name="tmp_i"/></StgValue>
</bind>
</comp>

<comp id="36" class="1000" name="tmp_10_i">
<pin_list>
<pin id="37" dir="1" index="0" bw="1" slack="0"/>
</pin_list>
<bind>
<StgValue><ssdm name="tmp_10_i"/></StgValue>
</bind>
</comp>

<comp id="38" class="1000" name="tmp_11_i">
<pin_list>
<pin id="39" dir="1" index="0" bw="1" slack="0"/>
</pin_list>
<bind>
<StgValue><ssdm name="tmp_11_i"/></StgValue>
</bind>
</comp>

<comp id="40" class="1000" name="tmp_12_i">
<pin_list>
<pin id="41" dir="1" index="0" bw="1" slack="0"/>
</pin_list>
<bind>
<StgValue><ssdm name="tmp_12_i"/></StgValue>
</bind>
</comp>

<comp id="42" class="1000" name="tmp_13_i">
<pin_list>
<pin id="43" dir="1" index="0" bw="1" slack="0"/>
</pin_list>
<bind>
<StgValue><ssdm name="tmp_13_i"/></StgValue>
</bind>
</comp>

<comp id="44" class="1000" name="tmp_14_i">
<pin_list>
<pin id="45" dir="1" index="0" bw="1" slack="0"/>
</pin_list>
<bind>
<StgValue><ssdm name="tmp_14_i"/></StgValue>
</bind>
</comp>

<comp id="46" class="1000" name="tmp_15_i">
<pin_list>
<pin id="47" dir="1" index="0" bw="1" slack="0"/>
</pin_list>
<bind>
<StgValue><ssdm name="tmp_15_i"/></StgValue>
</bind>
</comp>

<comp id="48" class="1000" name="tmp_16_i">
<pin_list>
<pin id="49" dir="1" index="0" bw="1" slack="0"/>
</pin_list>
<bind>
<StgValue><ssdm name="tmp_16_i"/></StgValue>
</bind>
</comp>

<comp id="50" class="1000" name="tmp_17_i">
<pin_list>
<pin id="51" dir="1" index="0" bw="1" slack="0"/>
</pin_list>
<bind>
<StgValue><ssdm name="tmp_17_i"/></StgValue>
</bind>
</comp>

<comp id="52" class="1000" name="tmp_18_i">
<pin_list>
<pin id="53" dir="1" index="0" bw="1" slack="0"/>
</pin_list>
<bind>
<StgValue><ssdm name="tmp_18_i"/></StgValue>
</bind>
</comp>

<comp id="54" class="1000" name="tmp_19_i">
<pin_list>
<pin id="55" dir="1" index="0" bw="1" slack="0"/>
</pin_list>
<bind>
<StgValue><ssdm name="tmp_19_i"/></StgValue>
</bind>
</comp>

<comp id="56" class="1000" name="tmp_20_i">
<pin_list>
<pin id="57" dir="1" index="0" bw="1" slack="0"/>
</pin_list>
<bind>
<StgValue><ssdm name="tmp_20_i"/></StgValue>
</bind>
</comp>

<comp id="58" class="1000" name="tmp_21_i">
<pin_list>
<pin id="59" dir="1" index="0" bw="1" slack="0"/>
</pin_list>
<bind>
<StgValue><ssdm name="tmp_21_i"/></StgValue>
</bind>
</comp>

<comp id="60" class="1000" name="tmp_22_i">
<pin_list>
<pin id="61" dir="1" index="0" bw="1" slack="0"/>
</pin_list>
<bind>
<StgValue><ssdm name="tmp_22_i"/></StgValue>
</bind>
</comp>

<comp id="62" class="1000" name="tmp_23_i">
<pin_list>
<pin id="63" dir="1" index="0" bw="1" slack="0"/>
</pin_list>
<bind>
<StgValue><ssdm name="tmp_23_i"/></StgValue>
</bind>
</comp>

<comp id="64" class="1000" name="tmp_24_i">
<pin_list>
<pin id="65" dir="1" index="0" bw="1" slack="0"/>
</pin_list>
<bind>
<StgValue><ssdm name="tmp_24_i"/></StgValue>
</bind>
</comp>

<comp id="66" class="1000" name="tmp_25_i">
<pin_list>
<pin id="67" dir="1" index="0" bw="1" slack="0"/>
</pin_list>
<bind>
<StgValue><ssdm name="tmp_25_i"/></StgValue>
</bind>
</comp>

<comp id="68" class="1000" name="tmp_26_i">
<pin_list>
<pin id="69" dir="1" index="0" bw="1" slack="0"/>
</pin_list>
<bind>
<StgValue><ssdm name="tmp_26_i"/></StgValue>
</bind>
</comp>

<comp id="70" class="1000" name="tmp_27_i">
<pin_list>
<pin id="71" dir="1" index="0" bw="1" slack="0"/>
</pin_list>
<bind>
<StgValue><ssdm name="tmp_27_i"/></StgValue>
</bind>
</comp>

<comp id="72" class="1000" name="tmp_28_i">
<pin_list>
<pin id="73" dir="1" index="0" bw="1" slack="0"/>
</pin_list>
<bind>
<StgValue><ssdm name="tmp_28_i"/></StgValue>
</bind>
</comp>

<comp id="74" class="1000" name="tmp_29_i">
<pin_list>
<pin id="75" dir="1" index="0" bw="1" slack="0"/>
</pin_list>
<bind>
<StgValue><ssdm name="tmp_29_i"/></StgValue>
</bind>
</comp>

<comp id="76" class="1000" name="tmp_30_i">
<pin_list>
<pin id="77" dir="1" index="0" bw="1" slack="0"/>
</pin_list>
<bind>
<StgValue><ssdm name="tmp_30_i"/></StgValue>
</bind>
</comp>

<comp id="78" class="1000" name="tmp_31_i">
<pin_list>
<pin id="79" dir="1" index="0" bw="1" slack="0"/>
</pin_list>
<bind>
<StgValue><ssdm name="tmp_31_i"/></StgValue>
</bind>
</comp>

<comp id="80" class="1000" name="tmp_32_i">
<pin_list>
<pin id="81" dir="1" index="0" bw="1" slack="0"/>
</pin_list>
<bind>
<StgValue><ssdm name="tmp_32_i"/></StgValue>
</bind>
</comp>

<comp id="82" class="1000" name="tmp_33_i">
<pin_list>
<pin id="83" dir="1" index="0" bw="1" slack="0"/>
</pin_list>
<bind>
<StgValue><ssdm name="tmp_33_i"/></StgValue>
</bind>
</comp>

<comp id="84" class="1000" name="tmp_34_i">
<pin_list>
<pin id="85" dir="1" index="0" bw="1" slack="0"/>
</pin_list>
<bind>
<StgValue><ssdm name="tmp_34_i"/></StgValue>
</bind>
</comp>

<comp id="86" class="1000" name="tmp_35_i">
<pin_list>
<pin id="87" dir="1" index="0" bw="1" slack="0"/>
</pin_list>
<bind>
<StgValue><ssdm name="tmp_35_i"/></StgValue>
</bind>
</comp>

<comp id="88" class="1000" name="tmp_36_i">
<pin_list>
<pin id="89" dir="1" index="0" bw="1" slack="0"/>
</pin_list>
<bind>
<StgValue><ssdm name="tmp_36_i"/></StgValue>
</bind>
</comp>

<comp id="90" class="1000" name="tmp_37_i">
<pin_list>
<pin id="91" dir="1" index="0" bw="1" slack="0"/>
</pin_list>
<bind>
<StgValue><ssdm name="tmp_37_i"/></StgValue>
</bind>
</comp>

<comp id="92" class="1000" name="tmp_38_i">
<pin_list>
<pin id="93" dir="1" index="0" bw="1" slack="0"/>
</pin_list>
<bind>
<StgValue><ssdm name="tmp_38_i"/></StgValue>
</bind>
</comp>

<comp id="94" class="1000" name="tmp_39_i">
<pin_list>
<pin id="95" dir="1" index="0" bw="1" slack="0"/>
</pin_list>
<bind>
<StgValue><ssdm name="tmp_39_i"/></StgValue>
</bind>
</comp>

<comp id="96" class="1000" name="tmp_40_i">
<pin_list>
<pin id="97" dir="1" index="0" bw="1" slack="0"/>
</pin_list>
<bind>
<StgValue><ssdm name="tmp_40_i"/></StgValue>
</bind>
</comp>

<comp id="98" class="1000" name="tmp_41_i">
<pin_list>
<pin id="99" dir="1" index="0" bw="1" slack="0"/>
</pin_list>
<bind>
<StgValue><ssdm name="tmp_41_i"/></StgValue>
</bind>
</comp>

<comp id="100" class="1000" name="tmp_42_i">
<pin_list>
<pin id="101" dir="1" index="0" bw="1" slack="0"/>
</pin_list>
<bind>
<StgValue><ssdm name="tmp_42_i"/></StgValue>
</bind>
</comp>

<comp id="102" class="1000" name="tmp_43_i">
<pin_list>
<pin id="103" dir="1" index="0" bw="1" slack="0"/>
</pin_list>
<bind>
<StgValue><ssdm name="tmp_43_i"/></StgValue>
</bind>
</comp>

<comp id="104" class="1000" name="tmp_44_i">
<pin_list>
<pin id="105" dir="1" index="0" bw="1" slack="0"/>
</pin_list>
<bind>
<StgValue><ssdm name="tmp_44_i"/></StgValue>
</bind>
</comp>

<comp id="106" class="1000" name="tmp_45_i">
<pin_list>
<pin id="107" dir="1" index="0" bw="1" slack="0"/>
</pin_list>
<bind>
<StgValue><ssdm name="tmp_45_i"/></StgValue>
</bind>
</comp>

<comp id="108" class="1000" name="tmp_46_i">
<pin_list>
<pin id="109" dir="1" index="0" bw="1" slack="0"/>
</pin_list>
<bind>
<StgValue><ssdm name="tmp_46_i"/></StgValue>
</bind>
</comp>

<comp id="110" class="1000" name="tmp_47_i">
<pin_list>
<pin id="111" dir="1" index="0" bw="1" slack="0"/>
</pin_list>
<bind>
<StgValue><ssdm name="tmp_47_i"/></StgValue>
</bind>
</comp>

<comp id="112" class="1000" name="tmp_48_i">
<pin_list>
<pin id="113" dir="1" index="0" bw="1" slack="0"/>
</pin_list>
<bind>
<StgValue><ssdm name="tmp_48_i"/></StgValue>
</bind>
</comp>

<comp id="114" class="1000" name="s_iw">
<pin_list>
<pin id="115" dir="1" index="0" bw="1" slack="0"/>
</pin_list>
<bind>
<StgValue><ssdm name="s_iw"/></StgValue>
</bind>
</comp>

<comp id="116" class="1001" name="const_116">
<pin_list>
<pin id="117" dir="1" index="0" bw="1" slack="0"/>
</pin_list>
<bind>
<StgValue><ssdm name=""/></StgValue>
</bind>
</comp>

<comp id="118" class="1001" name="const_118">
<pin_list>
<pin id="119" dir="1" index="0" bw="1" slack="0"/>
</pin_list>
<bind>
<StgValue><ssdm name="_ssdm_op_Read.ap_auto.i4"/></StgValue>
</bind>
</comp>

<comp id="120" class="1001" name="const_120">
<pin_list>
<pin id="121" dir="1" index="0" bw="1" slack="0"/>
</pin_list>
<bind>
<StgValue><ssdm name="_ssdm_op_Read.ap_auto.i32"/></StgValue>
</bind>
</comp>

<comp id="122" class="1001" name="const_122">
<pin_list>
<pin id="123" dir="1" index="0" bw="1" slack="0"/>
</pin_list>
<bind>
<StgValue><ssdm name="_ssdm_op_Read.ap_auto.i64"/></StgValue>
</bind>
</comp>

<comp id="124" class="1001" name="const_124">
<pin_list>
<pin id="125" dir="1" index="0" bw="1" slack="0"/>
</pin_list>
<bind>
<StgValue><ssdm name="_ssdm_op_Read.ap_auto.i13"/></StgValue>
</bind>
</comp>

<comp id="126" class="1001" name="const_126">
<pin_list>
<pin id="127" dir="1" index="0" bw="1" slack="0"/>
</pin_list>
<bind>
<StgValue><ssdm name="_ssdm_op_Read.ap_auto.i37"/></StgValue>
</bind>
</comp>

<comp id="128" class="1001" name="const_128">
<pin_list>
<pin id="129" dir="1" index="0" bw="1" slack="0"/>
</pin_list>
<bind>
<StgValue><ssdm name="_ssdm_op_Read.ap_auto.i1"/></StgValue>
</bind>
</comp>

<comp id="130" class="1001" name="const_130">
<pin_list>
<pin id="131" dir="1" index="0" bw="1" slack="0"/>
</pin_list>
<bind>
<StgValue><ssdm name="_ssdm_op_Read.ap_auto.i5"/></StgValue>
</bind>
</comp>

<comp id="132" class="1001" name="const_132">
<pin_list>
<pin id="133" dir="1" index="0" bw="1" slack="2147483647"/>
</pin_list>
<bind>
<StgValue><ssdm name="_ssdm_op_SpecInterface"/></StgValue>
</bind>
</comp>

<comp id="134" class="1001" name="const_134">
<pin_list>
<pin id="135" dir="1" index="0" bw="1" slack="2147483647"/>
</pin_list>
<bind>
<StgValue><ssdm name="empty_21"/></StgValue>
</bind>
</comp>

<comp id="136" class="1001" name="const_136">
<pin_list>
<pin id="137" dir="1" index="0" bw="1" slack="0"/>
</pin_list>
<bind>
<StgValue><ssdm name=""/></StgValue>
</bind>
</comp>

<comp id="138" class="1001" name="const_138">
<pin_list>
<pin id="139" dir="1" index="0" bw="1" slack="2147483647"/>
</pin_list>
<bind>
<StgValue><ssdm name="empty_20"/></StgValue>
</bind>
</comp>

<comp id="140" class="1001" name="const_140">
<pin_list>
<pin id="141" dir="1" index="0" bw="1" slack="2147483647"/>
</pin_list>
<bind>
<StgValue><ssdm name="empty_18"/></StgValue>
</bind>
</comp>

<comp id="142" class="1001" name="const_142">
<pin_list>
<pin id="143" dir="1" index="0" bw="1" slack="2147483647"/>
</pin_list>
<bind>
<StgValue><ssdm name="empty_15"/></StgValue>
</bind>
</comp>

<comp id="144" class="1001" name="const_144">
<pin_list>
<pin id="145" dir="1" index="0" bw="1" slack="2147483647"/>
</pin_list>
<bind>
<StgValue><ssdm name=""/></StgValue>
</bind>
</comp>

<comp id="146" class="1001" name="const_146">
<pin_list>
<pin id="147" dir="1" index="0" bw="1" slack="2147483647"/>
</pin_list>
<bind>
<StgValue><ssdm name=""/></StgValue>
</bind>
</comp>

<comp id="148" class="1001" name="const_148">
<pin_list>
<pin id="149" dir="1" index="0" bw="1" slack="0"/>
</pin_list>
<bind>
<StgValue><ssdm name=""/></StgValue>
</bind>
</comp>

<comp id="150" class="1001" name="const_150">
<pin_list>
<pin id="151" dir="1" index="0" bw="1" slack="0"/>
</pin_list>
<bind>
<StgValue><ssdm name=""/></StgValue>
</bind>
</comp>

<comp id="152" class="1001" name="const_152">
<pin_list>
<pin id="153" dir="1" index="0" bw="1" slack="0"/>
</pin_list>
<bind>
<StgValue><ssdm name=""/></StgValue>
</bind>
</comp>

<comp id="154" class="1001" name="const_154">
<pin_list>
<pin id="155" dir="1" index="0" bw="1" slack="0"/>
</pin_list>
<bind>
<StgValue><ssdm name="_ssdm_op_BitConcatenate.i33.i32.i1"/></StgValue>
</bind>
</comp>

<comp id="156" class="1001" name="const_156">
<pin_list>
<pin id="157" dir="1" index="0" bw="1" slack="0"/>
</pin_list>
<bind>
<StgValue><ssdm name=""/></StgValue>
</bind>
</comp>

<comp id="158" class="1001" name="const_158">
<pin_list>
<pin id="159" dir="1" index="0" bw="1" slack="0"/>
</pin_list>
<bind>
<StgValue><ssdm name="_ssdm_op_BitConcatenate.i40.i37.i3"/></StgValue>
</bind>
</comp>

<comp id="160" class="1001" name="const_160">
<pin_list>
<pin id="161" dir="1" index="0" bw="1" slack="0"/>
</pin_list>
<bind>
<StgValue><ssdm name=""/></StgValue>
</bind>
</comp>

<comp id="162" class="1001" name="const_162">
<pin_list>
<pin id="163" dir="1" index="0" bw="1" slack="0"/>
</pin_list>
<bind>
<StgValue><ssdm name=""/></StgValue>
</bind>
</comp>

<comp id="164" class="1001" name="const_164">
<pin_list>
<pin id="165" dir="1" index="0" bw="1" slack="0"/>
</pin_list>
<bind>
<StgValue><ssdm name=""/></StgValue>
</bind>
</comp>

<comp id="166" class="1001" name="const_166">
<pin_list>
<pin id="167" dir="1" index="0" bw="1" slack="0"/>
</pin_list>
<bind>
<StgValue><ssdm name="_ssdm_op_SparseMux.ap_auto.25i32.i32.i5"/></StgValue>
</bind>
</comp>

<comp id="168" class="1001" name="const_168">
<pin_list>
<pin id="169" dir="1" index="0" bw="1" slack="0"/>
</pin_list>
<bind>
<StgValue><ssdm name=""/></StgValue>
</bind>
</comp>

<comp id="170" class="1001" name="const_170">
<pin_list>
<pin id="171" dir="1" index="0" bw="1" slack="0"/>
</pin_list>
<bind>
<StgValue><ssdm name=""/></StgValue>
</bind>
</comp>

<comp id="172" class="1001" name="const_172">
<pin_list>
<pin id="173" dir="1" index="0" bw="1" slack="0"/>
</pin_list>
<bind>
<StgValue><ssdm name=""/></StgValue>
</bind>
</comp>

<comp id="174" class="1001" name="const_174">
<pin_list>
<pin id="175" dir="1" index="0" bw="1" slack="0"/>
</pin_list>
<bind>
<StgValue><ssdm name=""/></StgValue>
</bind>
</comp>

<comp id="176" class="1001" name="const_176">
<pin_list>
<pin id="177" dir="1" index="0" bw="1" slack="0"/>
</pin_list>
<bind>
<StgValue><ssdm name=""/></StgValue>
</bind>
</comp>

<comp id="178" class="1001" name="const_178">
<pin_list>
<pin id="179" dir="1" index="0" bw="1" slack="0"/>
</pin_list>
<bind>
<StgValue><ssdm name=""/></StgValue>
</bind>
</comp>

<comp id="180" class="1001" name="const_180">
<pin_list>
<pin id="181" dir="1" index="0" bw="1" slack="0"/>
</pin_list>
<bind>
<StgValue><ssdm name=""/></StgValue>
</bind>
</comp>

<comp id="182" class="1001" name="const_182">
<pin_list>
<pin id="183" dir="1" index="0" bw="1" slack="0"/>
</pin_list>
<bind>
<StgValue><ssdm name=""/></StgValue>
</bind>
</comp>

<comp id="184" class="1001" name="const_184">
<pin_list>
<pin id="185" dir="1" index="0" bw="1" slack="0"/>
</pin_list>
<bind>
<StgValue><ssdm name=""/></StgValue>
</bind>
</comp>

<comp id="186" class="1001" name="const_186">
<pin_list>
<pin id="187" dir="1" index="0" bw="1" slack="0"/>
</pin_list>
<bind>
<StgValue><ssdm name=""/></StgValue>
</bind>
</comp>

<comp id="188" class="1001" name="const_188">
<pin_list>
<pin id="189" dir="1" index="0" bw="1" slack="0"/>
</pin_list>
<bind>
<StgValue><ssdm name=""/></StgValue>
</bind>
</comp>

<comp id="190" class="1001" name="const_190">
<pin_list>
<pin id="191" dir="1" index="0" bw="1" slack="0"/>
</pin_list>
<bind>
<StgValue><ssdm name=""/></StgValue>
</bind>
</comp>

<comp id="192" class="1001" name="const_192">
<pin_list>
<pin id="193" dir="1" index="0" bw="1" slack="0"/>
</pin_list>
<bind>
<StgValue><ssdm name=""/></StgValue>
</bind>
</comp>

<comp id="194" class="1001" name="const_194">
<pin_list>
<pin id="195" dir="1" index="0" bw="1" slack="0"/>
</pin_list>
<bind>
<StgValue><ssdm name=""/></StgValue>
</bind>
</comp>

<comp id="196" class="1001" name="const_196">
<pin_list>
<pin id="197" dir="1" index="0" bw="1" slack="0"/>
</pin_list>
<bind>
<StgValue><ssdm name=""/></StgValue>
</bind>
</comp>

<comp id="198" class="1001" name="const_198">
<pin_list>
<pin id="199" dir="1" index="0" bw="1" slack="0"/>
</pin_list>
<bind>
<StgValue><ssdm name=""/></StgValue>
</bind>
</comp>

<comp id="200" class="1001" name="const_200">
<pin_list>
<pin id="201" dir="1" index="0" bw="1" slack="0"/>
</pin_list>
<bind>
<StgValue><ssdm name=""/></StgValue>
</bind>
</comp>

<comp id="202" class="1001" name="const_202">
<pin_list>
<pin id="203" dir="1" index="0" bw="1" slack="0"/>
</pin_list>
<bind>
<StgValue><ssdm name=""/></StgValue>
</bind>
</comp>

<comp id="204" class="1001" name="const_204">
<pin_list>
<pin id="205" dir="1" index="0" bw="1" slack="0"/>
</pin_list>
<bind>
<StgValue><ssdm name=""/></StgValue>
</bind>
</comp>

<comp id="206" class="1001" name="const_206">
<pin_list>
<pin id="207" dir="1" index="0" bw="1" slack="0"/>
</pin_list>
<bind>
<StgValue><ssdm name=""/></StgValue>
</bind>
</comp>

<comp id="208" class="1001" name="const_208">
<pin_list>
<pin id="209" dir="1" index="0" bw="1" slack="0"/>
</pin_list>
<bind>
<StgValue><ssdm name=""/></StgValue>
</bind>
</comp>

<comp id="210" class="1001" name="const_210">
<pin_list>
<pin id="211" dir="1" index="0" bw="1" slack="0"/>
</pin_list>
<bind>
<StgValue><ssdm name=""/></StgValue>
</bind>
</comp>

<comp id="212" class="1001" name="const_212">
<pin_list>
<pin id="213" dir="1" index="0" bw="1" slack="0"/>
</pin_list>
<bind>
<StgValue><ssdm name=""/></StgValue>
</bind>
</comp>

<comp id="214" class="1001" name="const_214">
<pin_list>
<pin id="215" dir="1" index="0" bw="1" slack="0"/>
</pin_list>
<bind>
<StgValue><ssdm name=""/></StgValue>
</bind>
</comp>

<comp id="216" class="1001" name="const_216">
<pin_list>
<pin id="217" dir="1" index="0" bw="1" slack="0"/>
</pin_list>
<bind>
<StgValue><ssdm name=""/></StgValue>
</bind>
</comp>

<comp id="218" class="1001" name="const_218">
<pin_list>
<pin id="219" dir="1" index="0" bw="1" slack="0"/>
</pin_list>
<bind>
<StgValue><ssdm name=""/></StgValue>
</bind>
</comp>

<comp id="220" class="1001" name="const_220">
<pin_list>
<pin id="221" dir="1" index="0" bw="1" slack="0"/>
</pin_list>
<bind>
<StgValue><ssdm name="_ssdm_op_PartSelect.i61.i64.i32.i32"/></StgValue>
</bind>
</comp>

<comp id="222" class="1001" name="const_222">
<pin_list>
<pin id="223" dir="1" index="0" bw="1" slack="0"/>
</pin_list>
<bind>
<StgValue><ssdm name=""/></StgValue>
</bind>
</comp>

<comp id="224" class="1001" name="const_224">
<pin_list>
<pin id="225" dir="1" index="0" bw="1" slack="0"/>
</pin_list>
<bind>
<StgValue><ssdm name=""/></StgValue>
</bind>
</comp>

<comp id="226" class="1001" name="const_226">
<pin_list>
<pin id="227" dir="1" index="0" bw="1" slack="2147483647"/>
</pin_list>
<bind>
<StgValue><ssdm name="_ssdm_op_SpecPipeline"/></StgValue>
</bind>
</comp>

<comp id="228" class="1001" name="const_228">
<pin_list>
<pin id="229" dir="1" index="0" bw="1" slack="2147483647"/>
</pin_list>
<bind>
<StgValue><ssdm name="_ssdm_op_SpecLoopName"/></StgValue>
</bind>
</comp>

<comp id="230" class="1001" name="const_230">
<pin_list>
<pin id="231" dir="1" index="0" bw="1" slack="2147483647"/>
</pin_list>
<bind>
<StgValue><ssdm name="empty_14"/></StgValue>
</bind>
</comp>

<comp id="232" class="1001" name="const_232">
<pin_list>
<pin id="233" dir="1" index="0" bw="1" slack="0"/>
</pin_list>
<bind>
<StgValue><ssdm name="_ssdm_op_WriteReq.m_axi.p1i64"/></StgValue>
</bind>
</comp>

<comp id="234" class="1001" name="const_234">
<pin_list>
<pin id="235" dir="1" index="0" bw="1" slack="0"/>
</pin_list>
<bind>
<StgValue><ssdm name="_ssdm_op_Write.m_axi.p1i64"/></StgValue>
</bind>
</comp>

<comp id="236" class="1001" name="const_236">
<pin_list>
<pin id="237" dir="1" index="0" bw="1" slack="0"/>
</pin_list>
<bind>
<StgValue><ssdm name=""/></StgValue>
</bind>
</comp>

<comp id="238" class="1001" name="const_238">
<pin_list>
<pin id="239" dir="1" index="0" bw="1" slack="0"/>
</pin_list>
<bind>
<StgValue><ssdm name="_ssdm_op_WriteResp.m_axi.p1i64"/></StgValue>
</bind>
</comp>

<comp id="240" class="1004" name="s_fw_fu_240">
<pin_list>
<pin id="241" dir="0" index="0" bw="1" slack="0"/>
<pin id="242" dir="1" index="1" bw="32" slack="0"/>
</pin_list>
<bind>
<opcode="alloca(26) " fcode="alloca"/>
<opset="s_fw/1 "/>
</bind>
</comp>

<comp id="244" class="1004" name="s_iw_read_read_fu_244">
<pin_list>
<pin id="245" dir="0" index="0" bw="4" slack="0"/>
<pin id="246" dir="0" index="1" bw="4" slack="0"/>
<pin id="247" dir="1" index="2" bw="4" slack="0"/>
</pin_list>
<bind>
<opcode="read(1150) " fcode="read"/>
<opset="s_iw_read/1 "/>
</bind>
</comp>

<comp id="250" class="1004" name="tmp_48_i_read_read_fu_250">
<pin_list>
<pin id="251" dir="0" index="0" bw="32" slack="0"/>
<pin id="252" dir="0" index="1" bw="32" slack="0"/>
<pin id="253" dir="1" index="2" bw="32" slack="0"/>
</pin_list>
<bind>
<opcode="read(1150) " fcode="read"/>
<opset="tmp_48_i_read/1 "/>
</bind>
</comp>

<comp id="256" class="1004" name="tmp_47_i_read_read_fu_256">
<pin_list>
<pin id="257" dir="0" index="0" bw="32" slack="0"/>
<pin id="258" dir="0" index="1" bw="32" slack="0"/>
<pin id="259" dir="1" index="2" bw="32" slack="0"/>
</pin_list>
<bind>
<opcode="read(1150) " fcode="read"/>
<opset="tmp_47_i_read/1 "/>
</bind>
</comp>

<comp id="262" class="1004" name="tmp_46_i_read_read_fu_262">
<pin_list>
<pin id="263" dir="0" index="0" bw="32" slack="0"/>
<pin id="264" dir="0" index="1" bw="32" slack="0"/>
<pin id="265" dir="1" index="2" bw="32" slack="0"/>
</pin_list>
<bind>
<opcode="read(1150) " fcode="read"/>
<opset="tmp_46_i_read/1 "/>
</bind>
</comp>

<comp id="268" class="1004" name="tmp_45_i_read_read_fu_268">
<pin_list>
<pin id="269" dir="0" index="0" bw="32" slack="0"/>
<pin id="270" dir="0" index="1" bw="32" slack="0"/>
<pin id="271" dir="1" index="2" bw="32" slack="0"/>
</pin_list>
<bind>
<opcode="read(1150) " fcode="read"/>
<opset="tmp_45_i_read/1 "/>
</bind>
</comp>

<comp id="274" class="1004" name="tmp_44_i_read_read_fu_274">
<pin_list>
<pin id="275" dir="0" index="0" bw="32" slack="0"/>
<pin id="276" dir="0" index="1" bw="32" slack="0"/>
<pin id="277" dir="1" index="2" bw="32" slack="0"/>
</pin_list>
<bind>
<opcode="read(1150) " fcode="read"/>
<opset="tmp_44_i_read/1 "/>
</bind>
</comp>

<comp id="280" class="1004" name="tmp_43_i_read_read_fu_280">
<pin_list>
<pin id="281" dir="0" index="0" bw="32" slack="0"/>
<pin id="282" dir="0" index="1" bw="32" slack="0"/>
<pin id="283" dir="1" index="2" bw="32" slack="0"/>
</pin_list>
<bind>
<opcode="read(1150) " fcode="read"/>
<opset="tmp_43_i_read/1 "/>
</bind>
</comp>

<comp id="286" class="1004" name="tmp_42_i_read_read_fu_286">
<pin_list>
<pin id="287" dir="0" index="0" bw="32" slack="0"/>
<pin id="288" dir="0" index="1" bw="32" slack="0"/>
<pin id="289" dir="1" index="2" bw="32" slack="0"/>
</pin_list>
<bind>
<opcode="read(1150) " fcode="read"/>
<opset="tmp_42_i_read/1 "/>
</bind>
</comp>

<comp id="292" class="1004" name="tmp_41_i_read_read_fu_292">
<pin_list>
<pin id="293" dir="0" index="0" bw="32" slack="0"/>
<pin id="294" dir="0" index="1" bw="32" slack="0"/>
<pin id="295" dir="1" index="2" bw="32" slack="0"/>
</pin_list>
<bind>
<opcode="read(1150) " fcode="read"/>
<opset="tmp_41_i_read/1 "/>
</bind>
</comp>

<comp id="298" class="1004" name="tmp_40_i_read_read_fu_298">
<pin_list>
<pin id="299" dir="0" index="0" bw="32" slack="0"/>
<pin id="300" dir="0" index="1" bw="32" slack="0"/>
<pin id="301" dir="1" index="2" bw="32" slack="0"/>
</pin_list>
<bind>
<opcode="read(1150) " fcode="read"/>
<opset="tmp_40_i_read/1 "/>
</bind>
</comp>

<comp id="304" class="1004" name="tmp_39_i_read_read_fu_304">
<pin_list>
<pin id="305" dir="0" index="0" bw="32" slack="0"/>
<pin id="306" dir="0" index="1" bw="32" slack="0"/>
<pin id="307" dir="1" index="2" bw="32" slack="0"/>
</pin_list>
<bind>
<opcode="read(1150) " fcode="read"/>
<opset="tmp_39_i_read/1 "/>
</bind>
</comp>

<comp id="310" class="1004" name="tmp_38_i_read_read_fu_310">
<pin_list>
<pin id="311" dir="0" index="0" bw="32" slack="0"/>
<pin id="312" dir="0" index="1" bw="32" slack="0"/>
<pin id="313" dir="1" index="2" bw="32" slack="0"/>
</pin_list>
<bind>
<opcode="read(1150) " fcode="read"/>
<opset="tmp_38_i_read/1 "/>
</bind>
</comp>

<comp id="316" class="1004" name="tmp_37_i_read_read_fu_316">
<pin_list>
<pin id="317" dir="0" index="0" bw="32" slack="0"/>
<pin id="318" dir="0" index="1" bw="32" slack="0"/>
<pin id="319" dir="1" index="2" bw="32" slack="0"/>
</pin_list>
<bind>
<opcode="read(1150) " fcode="read"/>
<opset="tmp_37_i_read/1 "/>
</bind>
</comp>

<comp id="322" class="1004" name="tmp_36_i_read_read_fu_322">
<pin_list>
<pin id="323" dir="0" index="0" bw="32" slack="0"/>
<pin id="324" dir="0" index="1" bw="32" slack="0"/>
<pin id="325" dir="1" index="2" bw="32" slack="0"/>
</pin_list>
<bind>
<opcode="read(1150) " fcode="read"/>
<opset="tmp_36_i_read/1 "/>
</bind>
</comp>

<comp id="328" class="1004" name="tmp_35_i_read_read_fu_328">
<pin_list>
<pin id="329" dir="0" index="0" bw="32" slack="0"/>
<pin id="330" dir="0" index="1" bw="32" slack="0"/>
<pin id="331" dir="1" index="2" bw="32" slack="0"/>
</pin_list>
<bind>
<opcode="read(1150) " fcode="read"/>
<opset="tmp_35_i_read/1 "/>
</bind>
</comp>

<comp id="334" class="1004" name="tmp_34_i_read_read_fu_334">
<pin_list>
<pin id="335" dir="0" index="0" bw="32" slack="0"/>
<pin id="336" dir="0" index="1" bw="32" slack="0"/>
<pin id="337" dir="1" index="2" bw="32" slack="0"/>
</pin_list>
<bind>
<opcode="read(1150) " fcode="read"/>
<opset="tmp_34_i_read/1 "/>
</bind>
</comp>

<comp id="340" class="1004" name="tmp_33_i_read_read_fu_340">
<pin_list>
<pin id="341" dir="0" index="0" bw="32" slack="0"/>
<pin id="342" dir="0" index="1" bw="32" slack="0"/>
<pin id="343" dir="1" index="2" bw="32" slack="0"/>
</pin_list>
<bind>
<opcode="read(1150) " fcode="read"/>
<opset="tmp_33_i_read/1 "/>
</bind>
</comp>

<comp id="346" class="1004" name="tmp_32_i_read_read_fu_346">
<pin_list>
<pin id="347" dir="0" index="0" bw="32" slack="0"/>
<pin id="348" dir="0" index="1" bw="32" slack="0"/>
<pin id="349" dir="1" index="2" bw="32" slack="0"/>
</pin_list>
<bind>
<opcode="read(1150) " fcode="read"/>
<opset="tmp_32_i_read/1 "/>
</bind>
</comp>

<comp id="352" class="1004" name="tmp_31_i_read_read_fu_352">
<pin_list>
<pin id="353" dir="0" index="0" bw="32" slack="0"/>
<pin id="354" dir="0" index="1" bw="32" slack="0"/>
<pin id="355" dir="1" index="2" bw="32" slack="0"/>
</pin_list>
<bind>
<opcode="read(1150) " fcode="read"/>
<opset="tmp_31_i_read/1 "/>
</bind>
</comp>

<comp id="358" class="1004" name="tmp_30_i_read_read_fu_358">
<pin_list>
<pin id="359" dir="0" index="0" bw="32" slack="0"/>
<pin id="360" dir="0" index="1" bw="32" slack="0"/>
<pin id="361" dir="1" index="2" bw="32" slack="0"/>
</pin_list>
<bind>
<opcode="read(1150) " fcode="read"/>
<opset="tmp_30_i_read/1 "/>
</bind>
</comp>

<comp id="364" class="1004" name="tmp_29_i_read_read_fu_364">
<pin_list>
<pin id="365" dir="0" index="0" bw="32" slack="0"/>
<pin id="366" dir="0" index="1" bw="32" slack="0"/>
<pin id="367" dir="1" index="2" bw="32" slack="0"/>
</pin_list>
<bind>
<opcode="read(1150) " fcode="read"/>
<opset="tmp_29_i_read/1 "/>
</bind>
</comp>

<comp id="370" class="1004" name="tmp_28_i_read_read_fu_370">
<pin_list>
<pin id="371" dir="0" index="0" bw="32" slack="0"/>
<pin id="372" dir="0" index="1" bw="32" slack="0"/>
<pin id="373" dir="1" index="2" bw="32" slack="0"/>
</pin_list>
<bind>
<opcode="read(1150) " fcode="read"/>
<opset="tmp_28_i_read/1 "/>
</bind>
</comp>

<comp id="376" class="1004" name="tmp_27_i_read_read_fu_376">
<pin_list>
<pin id="377" dir="0" index="0" bw="32" slack="0"/>
<pin id="378" dir="0" index="1" bw="32" slack="0"/>
<pin id="379" dir="1" index="2" bw="32" slack="0"/>
</pin_list>
<bind>
<opcode="read(1150) " fcode="read"/>
<opset="tmp_27_i_read/1 "/>
</bind>
</comp>

<comp id="382" class="1004" name="tmp_26_i_read_read_fu_382">
<pin_list>
<pin id="383" dir="0" index="0" bw="32" slack="0"/>
<pin id="384" dir="0" index="1" bw="32" slack="0"/>
<pin id="385" dir="1" index="2" bw="32" slack="0"/>
</pin_list>
<bind>
<opcode="read(1150) " fcode="read"/>
<opset="tmp_26_i_read/1 "/>
</bind>
</comp>

<comp id="388" class="1004" name="tmp_25_i_read_read_fu_388">
<pin_list>
<pin id="389" dir="0" index="0" bw="32" slack="0"/>
<pin id="390" dir="0" index="1" bw="32" slack="0"/>
<pin id="391" dir="1" index="2" bw="32" slack="0"/>
</pin_list>
<bind>
<opcode="read(1150) " fcode="read"/>
<opset="tmp_25_i_read/1 "/>
</bind>
</comp>

<comp id="394" class="1004" name="tmp_24_i_read_read_fu_394">
<pin_list>
<pin id="395" dir="0" index="0" bw="32" slack="0"/>
<pin id="396" dir="0" index="1" bw="32" slack="0"/>
<pin id="397" dir="1" index="2" bw="32" slack="0"/>
</pin_list>
<bind>
<opcode="read(1150) " fcode="read"/>
<opset="tmp_24_i_read/1 "/>
</bind>
</comp>

<comp id="400" class="1004" name="tmp_23_i_read_read_fu_400">
<pin_list>
<pin id="401" dir="0" index="0" bw="32" slack="0"/>
<pin id="402" dir="0" index="1" bw="32" slack="0"/>
<pin id="403" dir="1" index="2" bw="32" slack="0"/>
</pin_list>
<bind>
<opcode="read(1150) " fcode="read"/>
<opset="tmp_23_i_read/1 "/>
</bind>
</comp>

<comp id="406" class="1004" name="tmp_22_i_read_read_fu_406">
<pin_list>
<pin id="407" dir="0" index="0" bw="32" slack="0"/>
<pin id="408" dir="0" index="1" bw="32" slack="0"/>
<pin id="409" dir="1" index="2" bw="32" slack="0"/>
</pin_list>
<bind>
<opcode="read(1150) " fcode="read"/>
<opset="tmp_22_i_read/1 "/>
</bind>
</comp>

<comp id="412" class="1004" name="tmp_21_i_read_read_fu_412">
<pin_list>
<pin id="413" dir="0" index="0" bw="32" slack="0"/>
<pin id="414" dir="0" index="1" bw="32" slack="0"/>
<pin id="415" dir="1" index="2" bw="32" slack="0"/>
</pin_list>
<bind>
<opcode="read(1150) " fcode="read"/>
<opset="tmp_21_i_read/1 "/>
</bind>
</comp>

<comp id="418" class="1004" name="tmp_20_i_read_read_fu_418">
<pin_list>
<pin id="419" dir="0" index="0" bw="32" slack="0"/>
<pin id="420" dir="0" index="1" bw="32" slack="0"/>
<pin id="421" dir="1" index="2" bw="32" slack="0"/>
</pin_list>
<bind>
<opcode="read(1150) " fcode="read"/>
<opset="tmp_20_i_read/1 "/>
</bind>
</comp>

<comp id="424" class="1004" name="tmp_19_i_read_read_fu_424">
<pin_list>
<pin id="425" dir="0" index="0" bw="32" slack="0"/>
<pin id="426" dir="0" index="1" bw="32" slack="0"/>
<pin id="427" dir="1" index="2" bw="32" slack="0"/>
</pin_list>
<bind>
<opcode="read(1150) " fcode="read"/>
<opset="tmp_19_i_read/1 "/>
</bind>
</comp>

<comp id="430" class="1004" name="tmp_18_i_read_read_fu_430">
<pin_list>
<pin id="431" dir="0" index="0" bw="32" slack="0"/>
<pin id="432" dir="0" index="1" bw="32" slack="0"/>
<pin id="433" dir="1" index="2" bw="32" slack="0"/>
</pin_list>
<bind>
<opcode="read(1150) " fcode="read"/>
<opset="tmp_18_i_read/1 "/>
</bind>
</comp>

<comp id="436" class="1004" name="tmp_17_i_read_read_fu_436">
<pin_list>
<pin id="437" dir="0" index="0" bw="32" slack="0"/>
<pin id="438" dir="0" index="1" bw="32" slack="0"/>
<pin id="439" dir="1" index="2" bw="32" slack="0"/>
</pin_list>
<bind>
<opcode="read(1150) " fcode="read"/>
<opset="tmp_17_i_read/1 "/>
</bind>
</comp>

<comp id="442" class="1004" name="tmp_16_i_read_read_fu_442">
<pin_list>
<pin id="443" dir="0" index="0" bw="32" slack="0"/>
<pin id="444" dir="0" index="1" bw="32" slack="0"/>
<pin id="445" dir="1" index="2" bw="32" slack="0"/>
</pin_list>
<bind>
<opcode="read(1150) " fcode="read"/>
<opset="tmp_16_i_read/1 "/>
</bind>
</comp>

<comp id="448" class="1004" name="tmp_15_i_read_read_fu_448">
<pin_list>
<pin id="449" dir="0" index="0" bw="32" slack="0"/>
<pin id="450" dir="0" index="1" bw="32" slack="0"/>
<pin id="451" dir="1" index="2" bw="32" slack="0"/>
</pin_list>
<bind>
<opcode="read(1150) " fcode="read"/>
<opset="tmp_15_i_read/1 "/>
</bind>
</comp>

<comp id="454" class="1004" name="tmp_14_i_read_read_fu_454">
<pin_list>
<pin id="455" dir="0" index="0" bw="32" slack="0"/>
<pin id="456" dir="0" index="1" bw="32" slack="0"/>
<pin id="457" dir="1" index="2" bw="32" slack="0"/>
</pin_list>
<bind>
<opcode="read(1150) " fcode="read"/>
<opset="tmp_14_i_read/1 "/>
</bind>
</comp>

<comp id="460" class="1004" name="tmp_13_i_read_read_fu_460">
<pin_list>
<pin id="461" dir="0" index="0" bw="32" slack="0"/>
<pin id="462" dir="0" index="1" bw="32" slack="0"/>
<pin id="463" dir="1" index="2" bw="32" slack="0"/>
</pin_list>
<bind>
<opcode="read(1150) " fcode="read"/>
<opset="tmp_13_i_read/1 "/>
</bind>
</comp>

<comp id="466" class="1004" name="tmp_12_i_read_read_fu_466">
<pin_list>
<pin id="467" dir="0" index="0" bw="32" slack="0"/>
<pin id="468" dir="0" index="1" bw="32" slack="0"/>
<pin id="469" dir="1" index="2" bw="32" slack="0"/>
</pin_list>
<bind>
<opcode="read(1150) " fcode="read"/>
<opset="tmp_12_i_read/1 "/>
</bind>
</comp>

<comp id="472" class="1004" name="tmp_11_i_read_read_fu_472">
<pin_list>
<pin id="473" dir="0" index="0" bw="32" slack="0"/>
<pin id="474" dir="0" index="1" bw="32" slack="0"/>
<pin id="475" dir="1" index="2" bw="32" slack="0"/>
</pin_list>
<bind>
<opcode="read(1150) " fcode="read"/>
<opset="tmp_11_i_read/1 "/>
</bind>
</comp>

<comp id="478" class="1004" name="tmp_10_i_read_read_fu_478">
<pin_list>
<pin id="479" dir="0" index="0" bw="32" slack="0"/>
<pin id="480" dir="0" index="1" bw="32" slack="0"/>
<pin id="481" dir="1" index="2" bw="32" slack="0"/>
</pin_list>
<bind>
<opcode="read(1150) " fcode="read"/>
<opset="tmp_10_i_read/1 "/>
</bind>
</comp>

<comp id="484" class="1004" name="tmp_i_read_read_fu_484">
<pin_list>
<pin id="485" dir="0" index="0" bw="32" slack="0"/>
<pin id="486" dir="0" index="1" bw="32" slack="0"/>
<pin id="487" dir="1" index="2" bw="32" slack="0"/>
</pin_list>
<bind>
<opcode="read(1150) " fcode="read"/>
<opset="tmp_i_read/1 "/>
</bind>
</comp>

<comp id="490" class="1004" name="tmp_9_i_read_read_fu_490">
<pin_list>
<pin id="491" dir="0" index="0" bw="32" slack="0"/>
<pin id="492" dir="0" index="1" bw="32" slack="0"/>
<pin id="493" dir="1" index="2" bw="32" slack="0"/>
</pin_list>
<bind>
<opcode="read(1150) " fcode="read"/>
<opset="tmp_9_i_read/1 "/>
</bind>
</comp>

<comp id="496" class="1004" name="tmp_8_i_read_read_fu_496">
<pin_list>
<pin id="497" dir="0" index="0" bw="32" slack="0"/>
<pin id="498" dir="0" index="1" bw="32" slack="0"/>
<pin id="499" dir="1" index="2" bw="32" slack="0"/>
</pin_list>
<bind>
<opcode="read(1150) " fcode="read"/>
<opset="tmp_8_i_read/1 "/>
</bind>
</comp>

<comp id="502" class="1004" name="tmp_7_i_read_read_fu_502">
<pin_list>
<pin id="503" dir="0" index="0" bw="32" slack="0"/>
<pin id="504" dir="0" index="1" bw="32" slack="0"/>
<pin id="505" dir="1" index="2" bw="32" slack="0"/>
</pin_list>
<bind>
<opcode="read(1150) " fcode="read"/>
<opset="tmp_7_i_read/1 "/>
</bind>
</comp>

<comp id="508" class="1004" name="tmp_6_i_read_read_fu_508">
<pin_list>
<pin id="509" dir="0" index="0" bw="32" slack="0"/>
<pin id="510" dir="0" index="1" bw="32" slack="0"/>
<pin id="511" dir="1" index="2" bw="32" slack="0"/>
</pin_list>
<bind>
<opcode="read(1150) " fcode="read"/>
<opset="tmp_6_i_read/1 "/>
</bind>
</comp>

<comp id="514" class="1004" name="tmp_5_i_read_read_fu_514">
<pin_list>
<pin id="515" dir="0" index="0" bw="32" slack="0"/>
<pin id="516" dir="0" index="1" bw="32" slack="0"/>
<pin id="517" dir="1" index="2" bw="32" slack="0"/>
</pin_list>
<bind>
<opcode="read(1150) " fcode="read"/>
<opset="tmp_5_i_read/1 "/>
</bind>
</comp>

<comp id="520" class="1004" name="tmp_4_i_read_read_fu_520">
<pin_list>
<pin id="521" dir="0" index="0" bw="32" slack="0"/>
<pin id="522" dir="0" index="1" bw="32" slack="0"/>
<pin id="523" dir="1" index="2" bw="32" slack="0"/>
</pin_list>
<bind>
<opcode="read(1150) " fcode="read"/>
<opset="tmp_4_i_read/1 "/>
</bind>
</comp>

<comp id="526" class="1004" name="tmp_3_i_read_read_fu_526">
<pin_list>
<pin id="527" dir="0" index="0" bw="32" slack="0"/>
<pin id="528" dir="0" index="1" bw="32" slack="0"/>
<pin id="529" dir="1" index="2" bw="32" slack="0"/>
</pin_list>
<bind>
<opcode="read(1150) " fcode="read"/>
<opset="tmp_3_i_read/1 "/>
</bind>
</comp>

<comp id="532" class="1004" name="tmp_2_i_read_read_fu_532">
<pin_list>
<pin id="533" dir="0" index="0" bw="32" slack="0"/>
<pin id="534" dir="0" index="1" bw="32" slack="0"/>
<pin id="535" dir="1" index="2" bw="32" slack="0"/>
</pin_list>
<bind>
<opcode="read(1150) " fcode="read"/>
<opset="tmp_2_i_read/1 "/>
</bind>
</comp>

<comp id="538" class="1004" name="tmp_1_i_read_read_fu_538">
<pin_list>
<pin id="539" dir="0" index="0" bw="32" slack="0"/>
<pin id="540" dir="0" index="1" bw="32" slack="0"/>
<pin id="541" dir="1" index="2" bw="32" slack="0"/>
</pin_list>
<bind>
<opcode="read(1150) " fcode="read"/>
<opset="tmp_1_i_read/1 "/>
</bind>
</comp>

<comp id="544" class="1004" name="tmp_i_read_40_read_fu_544">
<pin_list>
<pin id="545" dir="0" index="0" bw="32" slack="0"/>
<pin id="546" dir="0" index="1" bw="32" slack="0"/>
<pin id="547" dir="1" index="2" bw="32" slack="0"/>
</pin_list>
<bind>
<opcode="read(1150) " fcode="read"/>
<opset="tmp_i_read_40/1 "/>
</bind>
</comp>

<comp id="550" class="1004" name="memory_load_read_read_fu_550">
<pin_list>
<pin id="551" dir="0" index="0" bw="64" slack="0"/>
<pin id="552" dir="0" index="1" bw="64" slack="0"/>
<pin id="553" dir="1" index="2" bw="64" slack="1"/>
</pin_list>
<bind>
<opcode="read(1150) " fcode="read"/>
<opset="memory_load_read/1 "/>
</bind>
</comp>

<comp id="556" class="1004" name="p_cast_i_read_read_fu_556">
<pin_list>
<pin id="557" dir="0" index="0" bw="13" slack="0"/>
<pin id="558" dir="0" index="1" bw="13" slack="0"/>
<pin id="559" dir="1" index="2" bw="13" slack="0"/>
</pin_list>
<bind>
<opcode="read(1150) " fcode="read"/>
<opset="p_cast_i_read/1 "/>
</bind>
</comp>

<comp id="562" class="1004" name="mul_ln40_read_read_fu_562">
<pin_list>
<pin id="563" dir="0" index="0" bw="37" slack="0"/>
<pin id="564" dir="0" index="1" bw="37" slack="0"/>
<pin id="565" dir="1" index="2" bw="37" slack="0"/>
</pin_list>
<bind>
<opcode="read(1150) " fcode="read"/>
<opset="mul_ln40_read/1 "/>
</bind>
</comp>

<comp id="568" class="1004" name="cmp31_i_read_read_fu_568">
<pin_list>
<pin id="569" dir="0" index="0" bw="1" slack="0"/>
<pin id="570" dir="0" index="1" bw="1" slack="0"/>
<pin id="571" dir="1" index="2" bw="1" slack="0"/>
</pin_list>
<bind>
<opcode="read(1150) " fcode="read"/>
<opset="cmp31_i_read/1 "/>
</bind>
</comp>

<comp id="574" class="1004" name="zext_ln40_read_read_fu_574">
<pin_list>
<pin id="575" dir="0" index="0" bw="4" slack="0"/>
<pin id="576" dir="0" index="1" bw="4" slack="0"/>
<pin id="577" dir="1" index="2" bw="4" slack="0"/>
</pin_list>
<bind>
<opcode="read(1150) " fcode="read"/>
<opset="zext_ln40_read/1 "/>
</bind>
</comp>

<comp id="580" class="1004" name="mul_i_read_read_fu_580">
<pin_list>
<pin id="581" dir="0" index="0" bw="5" slack="0"/>
<pin id="582" dir="0" index="1" bw="5" slack="0"/>
<pin id="583" dir="1" index="2" bw="5" slack="0"/>
</pin_list>
<bind>
<opcode="read(1150) " fcode="read"/>
<opset="mul_i_read/1 "/>
</bind>
</comp>

<comp id="586" class="1004" name="grp_writeresp_fu_586">
<pin_list>
<pin id="587" dir="0" index="0" bw="1" slack="0"/>
<pin id="588" dir="0" index="1" bw="64" slack="0"/>
<pin id="589" dir="0" index="2" bw="3" slack="2"/>
<pin id="590" dir="1" index="3" bw="1" slack="2147483647"/>
</pin_list>
<bind>
<opcode="writereq(1155) writeresp(1158) " fcode="writeresp"/>
<opset="empty_41/3 empty/6 "/>
</bind>
</comp>

<comp id="592" class="1004" name="write_ln51_write_fu_592">
<pin_list>
<pin id="593" dir="0" index="0" bw="0" slack="0"/>
<pin id="594" dir="0" index="1" bw="64" slack="1"/>
<pin id="595" dir="0" index="2" bw="45" slack="0"/>
<pin id="596" dir="0" index="3" bw="1" slack="0"/>
<pin id="597" dir="1" index="4" bw="0" slack="2147483647"/>
</pin_list>
<bind>
<opcode="write(1151) " fcode="write"/>
<opset="write_ln51/4 "/>
</bind>
</comp>

<comp id="600" class="1004" name="write_ln51_write_fu_600">
<pin_list>
<pin id="601" dir="0" index="0" bw="0" slack="0"/>
<pin id="602" dir="0" index="1" bw="64" slack="2"/>
<pin id="603" dir="0" index="2" bw="45" slack="0"/>
<pin id="604" dir="0" index="3" bw="1" slack="0"/>
<pin id="605" dir="1" index="4" bw="0" slack="2147483647"/>
</pin_list>
<bind>
<opcode="write(1151) " fcode="write"/>
<opset="write_ln51/5 "/>
</bind>
</comp>

<comp id="609" class="1004" name="zext_ln40_cast_fu_609">
<pin_list>
<pin id="610" dir="0" index="0" bw="4" slack="0"/>
<pin id="611" dir="1" index="1" bw="32" slack="0"/>
</pin_list>
<bind>
<opcode="zext(34) " fcode="zext"/>
<opset="zext_ln40_cast/1 "/>
</bind>
</comp>

<comp id="613" class="1004" name="p_cast_i_cast_fu_613">
<pin_list>
<pin id="614" dir="0" index="0" bw="13" slack="0"/>
<pin id="615" dir="1" index="1" bw="41" slack="0"/>
</pin_list>
<bind>
<opcode="zext(34) " fcode="zext"/>
<opset="p_cast_i_cast/1 "/>
</bind>
</comp>

<comp id="617" class="1004" name="cmp46_i_fu_617">
<pin_list>
<pin id="618" dir="0" index="0" bw="4" slack="0"/>
<pin id="619" dir="0" index="1" bw="4" slack="0"/>
<pin id="620" dir="1" index="2" bw="1" slack="1"/>
</pin_list>
<bind>
<opcode="icmp(45) " fcode="icmp"/>
<opset="cmp46_i/1 "/>
</bind>
</comp>

<comp id="623" class="1004" name="store_ln41_store_fu_623">
<pin_list>
<pin id="624" dir="0" index="0" bw="1" slack="0"/>
<pin id="625" dir="0" index="1" bw="32" slack="0"/>
<pin id="626" dir="1" index="2" bw="0" slack="2147483647"/>
</pin_list>
<bind>
<opcode="store(28) " fcode="store"/>
<opset="store_ln41/1 "/>
</bind>
</comp>

<comp id="628" class="1004" name="s_fw_4_load_fu_628">
<pin_list>
<pin id="629" dir="0" index="0" bw="32" slack="0"/>
<pin id="630" dir="1" index="1" bw="32" slack="0"/>
</pin_list>
<bind>
<opcode="load(27) " fcode="load"/>
<opset="s_fw_4/1 "/>
</bind>
</comp>

<comp id="631" class="1004" name="icmp_ln41_fu_631">
<pin_list>
<pin id="632" dir="0" index="0" bw="32" slack="0"/>
<pin id="633" dir="0" index="1" bw="4" slack="0"/>
<pin id="634" dir="1" index="2" bw="1" slack="1"/>
</pin_list>
<bind>
<opcode="icmp(45) " fcode="icmp"/>
<opset="icmp_ln41/1 "/>
</bind>
</comp>

<comp id="637" class="1004" name="trunc_ln41_fu_637">
<pin_list>
<pin id="638" dir="0" index="0" bw="32" slack="0"/>
<pin id="639" dir="1" index="1" bw="5" slack="0"/>
</pin_list>
<bind>
<opcode="trunc(33) " fcode="trunc"/>
<opset="trunc_ln41/1 "/>
</bind>
</comp>

<comp id="641" class="1004" name="s_mem_i_fu_641">
<pin_list>
<pin id="642" dir="0" index="0" bw="5" slack="0"/>
<pin id="643" dir="0" index="1" bw="5" slack="0"/>
<pin id="644" dir="1" index="2" bw="5" slack="0"/>
</pin_list>
<bind>
<opcode="add(8) " fcode="add"/>
<opset="s_mem_i/1 "/>
</bind>
</comp>

<comp id="647" class="1004" name="in_w_fu_647">
<pin_list>
<pin id="648" dir="0" index="0" bw="32" slack="0"/>
<pin id="649" dir="0" index="1" bw="4" slack="0"/>
<pin id="650" dir="1" index="2" bw="32" slack="0"/>
</pin_list>
<bind>
<opcode="add(8) " fcode="add"/>
<opset="in_w/1 "/>
</bind>
</comp>

<comp id="653" class="1004" name="cmp32_i_fu_653">
<pin_list>
<pin id="654" dir="0" index="0" bw="32" slack="0"/>
<pin id="655" dir="0" index="1" bw="5" slack="0"/>
<pin id="656" dir="1" index="2" bw="1" slack="0"/>
</pin_list>
<bind>
<opcode="icmp(45) " fcode="icmp"/>
<opset="cmp32_i/1 "/>
</bind>
</comp>

<comp id="659" class="1004" name="brmerge_not_i_fu_659">
<pin_list>
<pin id="660" dir="0" index="0" bw="1" slack="0"/>
<pin id="661" dir="0" index="1" bw="1" slack="0"/>
<pin id="662" dir="1" index="2" bw="1" slack="0"/>
</pin_list>
<bind>
<opcode="and(23) " fcode="and"/>
<opset="brmerge_not_i/1 "/>
</bind>
</comp>

<comp id="665" class="1004" name="shl_ln_fu_665">
<pin_list>
<pin id="666" dir="0" index="0" bw="33" slack="0"/>
<pin id="667" dir="0" index="1" bw="32" slack="0"/>
<pin id="668" dir="0" index="2" bw="1" slack="0"/>
<pin id="669" dir="1" index="3" bw="33" slack="0"/>
</pin_list>
<bind>
<opcode="bitconcatenate(1004) " fcode="bitconcatenate"/>
<opset="shl_ln/1 "/>
</bind>
</comp>

<comp id="673" class="1004" name="sext_ln42_fu_673">
<pin_list>
<pin id="674" dir="0" index="0" bw="33" slack="0"/>
<pin id="675" dir="1" index="1" bw="37" slack="0"/>
</pin_list>
<bind>
<opcode="sext(35) " fcode="sext"/>
<opset="sext_ln42/1 "/>
</bind>
</comp>

<comp id="677" class="1004" name="add_ln42_fu_677">
<pin_list>
<pin id="678" dir="0" index="0" bw="37" slack="0"/>
<pin id="679" dir="0" index="1" bw="33" slack="0"/>
<pin id="680" dir="1" index="2" bw="37" slack="0"/>
</pin_list>
<bind>
<opcode="add(8) " fcode="add"/>
<opset="add_ln42/1 "/>
</bind>
</comp>

<comp id="683" class="1004" name="tmp_fu_683">
<pin_list>
<pin id="684" dir="0" index="0" bw="40" slack="0"/>
<pin id="685" dir="0" index="1" bw="37" slack="0"/>
<pin id="686" dir="0" index="2" bw="1" slack="0"/>
<pin id="687" dir="1" index="3" bw="40" slack="0"/>
</pin_list>
<bind>
<opcode="bitconcatenate(1004) " fcode="bitconcatenate"/>
<opset="tmp/1 "/>
</bind>
</comp>

<comp id="691" class="1004" name="sext_ln42_1_fu_691">
<pin_list>
<pin id="692" dir="0" index="0" bw="40" slack="0"/>
<pin id="693" dir="1" index="1" bw="41" slack="0"/>
</pin_list>
<bind>
<opcode="sext(35) " fcode="sext"/>
<opset="sext_ln42_1/1 "/>
</bind>
</comp>

<comp id="695" class="1004" name="add_ln42_2_fu_695">
<pin_list>
<pin id="696" dir="0" index="0" bw="40" slack="0"/>
<pin id="697" dir="0" index="1" bw="13" slack="0"/>
<pin id="698" dir="1" index="2" bw="41" slack="1"/>
</pin_list>
<bind>
<opcode="add(8) " fcode="add"/>
<opset="add_ln42_2/1 "/>
</bind>
</comp>

<comp id="701" class="1004" name="select_ln42_fu_701">
<pin_list>
<pin id="702" dir="0" index="0" bw="1" slack="0"/>
<pin id="703" dir="0" index="1" bw="3" slack="0"/>
<pin id="704" dir="0" index="2" bw="1" slack="0"/>
<pin id="705" dir="1" index="3" bw="64" slack="2"/>
</pin_list>
<bind>
<opcode="select(49) " fcode="select"/>
<opset="select_ln42/1 "/>
</bind>
</comp>

<comp id="709" class="1004" name="val_fu_709">
<pin_list>
<pin id="710" dir="0" index="0" bw="32" slack="0"/>
<pin id="711" dir="0" index="1" bw="5" slack="0"/>
<pin id="712" dir="0" index="2" bw="32" slack="0"/>
<pin id="713" dir="0" index="3" bw="5" slack="0"/>
<pin id="714" dir="0" index="4" bw="32" slack="0"/>
<pin id="715" dir="0" index="5" bw="5" slack="0"/>
<pin id="716" dir="0" index="6" bw="32" slack="0"/>
<pin id="717" dir="0" index="7" bw="5" slack="0"/>
<pin id="718" dir="0" index="8" bw="32" slack="0"/>
<pin id="719" dir="0" index="9" bw="5" slack="0"/>
<pin id="720" dir="0" index="10" bw="32" slack="0"/>
<pin id="721" dir="0" index="11" bw="5" slack="0"/>
<pin id="722" dir="0" index="12" bw="32" slack="0"/>
<pin id="723" dir="0" index="13" bw="5" slack="0"/>
<pin id="724" dir="0" index="14" bw="32" slack="0"/>
<pin id="725" dir="0" index="15" bw="5" slack="0"/>
<pin id="726" dir="0" index="16" bw="32" slack="0"/>
<pin id="727" dir="0" index="17" bw="5" slack="0"/>
<pin id="728" dir="0" index="18" bw="32" slack="0"/>
<pin id="729" dir="0" index="19" bw="5" slack="0"/>
<pin id="730" dir="0" index="20" bw="32" slack="0"/>
<pin id="731" dir="0" index="21" bw="5" slack="0"/>
<pin id="732" dir="0" index="22" bw="32" slack="0"/>
<pin id="733" dir="0" index="23" bw="5" slack="0"/>
<pin id="734" dir="0" index="24" bw="32" slack="0"/>
<pin id="735" dir="0" index="25" bw="5" slack="0"/>
<pin id="736" dir="0" index="26" bw="32" slack="0"/>
<pin id="737" dir="0" index="27" bw="5" slack="0"/>
<pin id="738" dir="0" index="28" bw="32" slack="0"/>
<pin id="739" dir="0" index="29" bw="5" slack="0"/>
<pin id="740" dir="0" index="30" bw="32" slack="0"/>
<pin id="741" dir="0" index="31" bw="5" slack="0"/>
<pin id="742" dir="0" index="32" bw="32" slack="0"/>
<pin id="743" dir="0" index="33" bw="5" slack="0"/>
<pin id="744" dir="0" index="34" bw="32" slack="0"/>
<pin id="745" dir="0" index="35" bw="5" slack="0"/>
<pin id="746" dir="0" index="36" bw="32" slack="0"/>
<pin id="747" dir="0" index="37" bw="5" slack="0"/>
<pin id="748" dir="0" index="38" bw="32" slack="0"/>
<pin id="749" dir="0" index="39" bw="5" slack="0"/>
<pin id="750" dir="0" index="40" bw="32" slack="0"/>
<pin id="751" dir="0" index="41" bw="5" slack="0"/>
<pin id="752" dir="0" index="42" bw="32" slack="0"/>
<pin id="753" dir="0" index="43" bw="5" slack="0"/>
<pin id="754" dir="0" index="44" bw="32" slack="0"/>
<pin id="755" dir="0" index="45" bw="5" slack="0"/>
<pin id="756" dir="0" index="46" bw="32" slack="0"/>
<pin id="757" dir="0" index="47" bw="5" slack="0"/>
<pin id="758" dir="0" index="48" bw="32" slack="0"/>
<pin id="759" dir="0" index="49" bw="5" slack="0"/>
<pin id="760" dir="0" index="50" bw="32" slack="0"/>
<pin id="761" dir="0" index="51" bw="32" slack="0"/>
<pin id="762" dir="0" index="52" bw="5" slack="0"/>
<pin id="763" dir="1" index="53" bw="32" slack="3"/>
</pin_list>
<bind>
<opcode="sparsemux(1197) " fcode="sparsemux"/>
<opset="val/1 "/>
</bind>
</comp>

<comp id="817" class="1004" name="val_1_fu_817">
<pin_list>
<pin id="818" dir="0" index="0" bw="32" slack="0"/>
<pin id="819" dir="0" index="1" bw="5" slack="0"/>
<pin id="820" dir="0" index="2" bw="32" slack="0"/>
<pin id="821" dir="0" index="3" bw="5" slack="0"/>
<pin id="822" dir="0" index="4" bw="32" slack="0"/>
<pin id="823" dir="0" index="5" bw="5" slack="0"/>
<pin id="824" dir="0" index="6" bw="32" slack="0"/>
<pin id="825" dir="0" index="7" bw="5" slack="0"/>
<pin id="826" dir="0" index="8" bw="32" slack="0"/>
<pin id="827" dir="0" index="9" bw="5" slack="0"/>
<pin id="828" dir="0" index="10" bw="32" slack="0"/>
<pin id="829" dir="0" index="11" bw="5" slack="0"/>
<pin id="830" dir="0" index="12" bw="32" slack="0"/>
<pin id="831" dir="0" index="13" bw="5" slack="0"/>
<pin id="832" dir="0" index="14" bw="32" slack="0"/>
<pin id="833" dir="0" index="15" bw="5" slack="0"/>
<pin id="834" dir="0" index="16" bw="32" slack="0"/>
<pin id="835" dir="0" index="17" bw="5" slack="0"/>
<pin id="836" dir="0" index="18" bw="32" slack="0"/>
<pin id="837" dir="0" index="19" bw="5" slack="0"/>
<pin id="838" dir="0" index="20" bw="32" slack="0"/>
<pin id="839" dir="0" index="21" bw="5" slack="0"/>
<pin id="840" dir="0" index="22" bw="32" slack="0"/>
<pin id="841" dir="0" index="23" bw="5" slack="0"/>
<pin id="842" dir="0" index="24" bw="32" slack="0"/>
<pin id="843" dir="0" index="25" bw="5" slack="0"/>
<pin id="844" dir="0" index="26" bw="32" slack="0"/>
<pin id="845" dir="0" index="27" bw="5" slack="0"/>
<pin id="846" dir="0" index="28" bw="32" slack="0"/>
<pin id="847" dir="0" index="29" bw="5" slack="0"/>
<pin id="848" dir="0" index="30" bw="32" slack="0"/>
<pin id="849" dir="0" index="31" bw="5" slack="0"/>
<pin id="850" dir="0" index="32" bw="32" slack="0"/>
<pin id="851" dir="0" index="33" bw="5" slack="0"/>
<pin id="852" dir="0" index="34" bw="32" slack="0"/>
<pin id="853" dir="0" index="35" bw="5" slack="0"/>
<pin id="854" dir="0" index="36" bw="32" slack="0"/>
<pin id="855" dir="0" index="37" bw="5" slack="0"/>
<pin id="856" dir="0" index="38" bw="32" slack="0"/>
<pin id="857" dir="0" index="39" bw="5" slack="0"/>
<pin id="858" dir="0" index="40" bw="32" slack="0"/>
<pin id="859" dir="0" index="41" bw="5" slack="0"/>
<pin id="860" dir="0" index="42" bw="32" slack="0"/>
<pin id="861" dir="0" index="43" bw="5" slack="0"/>
<pin id="862" dir="0" index="44" bw="32" slack="0"/>
<pin id="863" dir="0" index="45" bw="5" slack="0"/>
<pin id="864" dir="0" index="46" bw="32" slack="0"/>
<pin id="865" dir="0" index="47" bw="5" slack="0"/>
<pin id="866" dir="0" index="48" bw="32" slack="0"/>
<pin id="867" dir="0" index="49" bw="5" slack="0"/>
<pin id="868" dir="0" index="50" bw="32" slack="0"/>
<pin id="869" dir="0" index="51" bw="32" slack="0"/>
<pin id="870" dir="0" index="52" bw="5" slack="0"/>
<pin id="871" dir="1" index="53" bw="32" slack="4"/>
</pin_list>
<bind>
<opcode="sparsemux(1197) " fcode="sparsemux"/>
<opset="val_1/1 "/>
</bind>
</comp>

<comp id="925" class="1004" name="sext_ln42_3_fu_925">
<pin_list>
<pin id="926" dir="0" index="0" bw="41" slack="1"/>
<pin id="927" dir="1" index="1" bw="64" slack="0"/>
</pin_list>
<bind>
<opcode="sext(35) " fcode="sext"/>
<opset="sext_ln42_3/2 "/>
</bind>
</comp>

<comp id="928" class="1004" name="add_ln42_1_fu_928">
<pin_list>
<pin id="929" dir="0" index="0" bw="41" slack="0"/>
<pin id="930" dir="0" index="1" bw="64" slack="1"/>
<pin id="931" dir="1" index="2" bw="64" slack="0"/>
</pin_list>
<bind>
<opcode="add(8) " fcode="add"/>
<opset="add_ln42_1/2 "/>
</bind>
</comp>

<comp id="933" class="1004" name="trunc_ln2_fu_933">
<pin_list>
<pin id="934" dir="0" index="0" bw="61" slack="0"/>
<pin id="935" dir="0" index="1" bw="64" slack="0"/>
<pin id="936" dir="0" index="2" bw="3" slack="0"/>
<pin id="937" dir="0" index="3" bw="7" slack="0"/>
<pin id="938" dir="1" index="4" bw="61" slack="1"/>
</pin_list>
<bind>
<opcode="partselect(1002) " fcode="partselect"/>
<opset="trunc_ln2/2 "/>
</bind>
</comp>

<comp id="943" class="1004" name="s_fw_5_fu_943">
<pin_list>
<pin id="944" dir="0" index="0" bw="32" slack="1"/>
<pin id="945" dir="0" index="1" bw="4" slack="0"/>
<pin id="946" dir="1" index="2" bw="32" slack="0"/>
</pin_list>
<bind>
<opcode="add(8) " fcode="add"/>
<opset="s_fw_5/2 "/>
</bind>
</comp>

<comp id="948" class="1004" name="s_fw_6_fu_948">
<pin_list>
<pin id="949" dir="0" index="0" bw="1" slack="1"/>
<pin id="950" dir="0" index="1" bw="32" slack="0"/>
<pin id="951" dir="0" index="2" bw="32" slack="1"/>
<pin id="952" dir="1" index="3" bw="32" slack="0"/>
</pin_list>
<bind>
<opcode="select(49) " fcode="select"/>
<opset="s_fw_6/2 "/>
</bind>
</comp>

<comp id="954" class="1004" name="s_fw_7_fu_954">
<pin_list>
<pin id="955" dir="0" index="0" bw="32" slack="0"/>
<pin id="956" dir="0" index="1" bw="1" slack="0"/>
<pin id="957" dir="1" index="2" bw="32" slack="0"/>
</pin_list>
<bind>
<opcode="add(8) " fcode="add"/>
<opset="s_fw_7/2 "/>
</bind>
</comp>

<comp id="960" class="1004" name="store_ln41_store_fu_960">
<pin_list>
<pin id="961" dir="0" index="0" bw="32" slack="0"/>
<pin id="962" dir="0" index="1" bw="32" slack="1"/>
<pin id="963" dir="1" index="2" bw="0" slack="2147483647"/>
</pin_list>
<bind>
<opcode="store(28) " fcode="store"/>
<opset="store_ln41/2 "/>
</bind>
</comp>

<comp id="965" class="1004" name="sext_ln42_2_fu_965">
<pin_list>
<pin id="966" dir="0" index="0" bw="61" slack="1"/>
<pin id="967" dir="1" index="1" bw="64" slack="0"/>
</pin_list>
<bind>
<opcode="sext(35) " fcode="sext"/>
<opset="sext_ln42_2/3 "/>
</bind>
</comp>

<comp id="968" class="1004" name="gmem1_addr_fu_968">
<pin_list>
<pin id="969" dir="0" index="0" bw="64" slack="0"/>
<pin id="970" dir="0" index="1" bw="61" slack="0"/>
<pin id="971" dir="1" index="2" bw="64" slack="0"/>
</pin_list>
<bind>
<opcode="getelementptr(29) " fcode="getelementptr"/>
<opset="gmem1_addr/3 "/>
</bind>
</comp>

<comp id="975" class="1004" name="sext_ln51_fu_975">
<pin_list>
<pin id="976" dir="0" index="0" bw="32" slack="3"/>
<pin id="977" dir="1" index="1" bw="45" slack="0"/>
</pin_list>
<bind>
<opcode="sext(35) " fcode="sext"/>
<opset="sext_ln51/4 "/>
</bind>
</comp>

<comp id="978" class="1004" name="zext_ln51_fu_978">
<pin_list>
<pin id="979" dir="0" index="0" bw="32" slack="0"/>
<pin id="980" dir="1" index="1" bw="64" slack="0"/>
</pin_list>
<bind>
<opcode="zext(34) " fcode="zext"/>
<opset="zext_ln51/4 "/>
</bind>
</comp>

<comp id="983" class="1004" name="sext_ln51_1_fu_983">
<pin_list>
<pin id="984" dir="0" index="0" bw="32" slack="4"/>
<pin id="985" dir="1" index="1" bw="45" slack="0"/>
</pin_list>
<bind>
<opcode="sext(35) " fcode="sext"/>
<opset="sext_ln51_1/5 "/>
</bind>
</comp>

<comp id="986" class="1004" name="zext_ln51_1_fu_986">
<pin_list>
<pin id="987" dir="0" index="0" bw="32" slack="0"/>
<pin id="988" dir="1" index="1" bw="64" slack="0"/>
</pin_list>
<bind>
<opcode="zext(34) " fcode="zext"/>
<opset="zext_ln51_1/5 "/>
</bind>
</comp>

<comp id="991" class="1005" name="s_fw_reg_991">
<pin_list>
<pin id="992" dir="0" index="0" bw="32" slack="0"/>
<pin id="993" dir="1" index="1" bw="32" slack="0"/>
</pin_list>
<bind>
<opset="s_fw "/>
</bind>
</comp>

<comp id="998" class="1005" name="memory_load_read_reg_998">
<pin_list>
<pin id="999" dir="0" index="0" bw="64" slack="1"/>
<pin id="1000" dir="1" index="1" bw="64" slack="1"/>
</pin_list>
<bind>
<opset="memory_load_read "/>
</bind>
</comp>

<comp id="1003" class="1005" name="cmp46_i_reg_1003">
<pin_list>
<pin id="1004" dir="0" index="0" bw="1" slack="1"/>
<pin id="1005" dir="1" index="1" bw="1" slack="1"/>
</pin_list>
<bind>
<opset="cmp46_i "/>
</bind>
</comp>

<comp id="1008" class="1005" name="s_fw_4_reg_1008">
<pin_list>
<pin id="1009" dir="0" index="0" bw="32" slack="1"/>
<pin id="1010" dir="1" index="1" bw="32" slack="1"/>
</pin_list>
<bind>
<opset="s_fw_4 "/>
</bind>
</comp>

<comp id="1014" class="1005" name="icmp_ln41_reg_1014">
<pin_list>
<pin id="1015" dir="0" index="0" bw="1" slack="1"/>
<pin id="1016" dir="1" index="1" bw="1" slack="2147483647"/>
</pin_list>
<bind>
<opset="icmp_ln41 "/>
</bind>
</comp>

<comp id="1018" class="1005" name="brmerge_not_i_reg_1018">
<pin_list>
<pin id="1019" dir="0" index="0" bw="1" slack="3"/>
<pin id="1020" dir="1" index="1" bw="1" slack="2147483647"/>
</pin_list>
<bind>
<opset="brmerge_not_i "/>
</bind>
</comp>

<comp id="1022" class="1005" name="add_ln42_2_reg_1022">
<pin_list>
<pin id="1023" dir="0" index="0" bw="41" slack="1"/>
<pin id="1024" dir="1" index="1" bw="41" slack="1"/>
</pin_list>
<bind>
<opset="add_ln42_2 "/>
</bind>
</comp>

<comp id="1027" class="1005" name="select_ln42_reg_1027">
<pin_list>
<pin id="1028" dir="0" index="0" bw="64" slack="2"/>
<pin id="1029" dir="1" index="1" bw="64" slack="2"/>
</pin_list>
<bind>
<opset="select_ln42 "/>
</bind>
</comp>

<comp id="1032" class="1005" name="val_reg_1032">
<pin_list>
<pin id="1033" dir="0" index="0" bw="32" slack="3"/>
<pin id="1034" dir="1" index="1" bw="32" slack="3"/>
</pin_list>
<bind>
<opset="val "/>
</bind>
</comp>

<comp id="1037" class="1005" name="val_1_reg_1037">
<pin_list>
<pin id="1038" dir="0" index="0" bw="32" slack="4"/>
<pin id="1039" dir="1" index="1" bw="32" slack="4"/>
</pin_list>
<bind>
<opset="val_1 "/>
</bind>
</comp>

<comp id="1042" class="1005" name="trunc_ln2_reg_1042">
<pin_list>
<pin id="1043" dir="0" index="0" bw="61" slack="1"/>
<pin id="1044" dir="1" index="1" bw="61" slack="1"/>
</pin_list>
<bind>
<opset="trunc_ln2 "/>
</bind>
</comp>

<comp id="1047" class="1005" name="gmem1_addr_reg_1047">
<pin_list>
<pin id="1048" dir="0" index="0" bw="64" slack="1"/>
<pin id="1049" dir="1" index="1" bw="64" slack="1"/>
</pin_list>
<bind>
<opset="gmem1_addr "/>
</bind>
</comp>

</comp_list>

<net_list>
<net id="243"><net_src comp="116" pin="0"/><net_sink comp="240" pin=0"/></net>

<net id="248"><net_src comp="118" pin="0"/><net_sink comp="244" pin=0"/></net>

<net id="249"><net_src comp="114" pin="0"/><net_sink comp="244" pin=1"/></net>

<net id="254"><net_src comp="120" pin="0"/><net_sink comp="250" pin=0"/></net>

<net id="255"><net_src comp="112" pin="0"/><net_sink comp="250" pin=1"/></net>

<net id="260"><net_src comp="120" pin="0"/><net_sink comp="256" pin=0"/></net>

<net id="261"><net_src comp="110" pin="0"/><net_sink comp="256" pin=1"/></net>

<net id="266"><net_src comp="120" pin="0"/><net_sink comp="262" pin=0"/></net>

<net id="267"><net_src comp="108" pin="0"/><net_sink comp="262" pin=1"/></net>

<net id="272"><net_src comp="120" pin="0"/><net_sink comp="268" pin=0"/></net>

<net id="273"><net_src comp="106" pin="0"/><net_sink comp="268" pin=1"/></net>

<net id="278"><net_src comp="120" pin="0"/><net_sink comp="274" pin=0"/></net>

<net id="279"><net_src comp="104" pin="0"/><net_sink comp="274" pin=1"/></net>

<net id="284"><net_src comp="120" pin="0"/><net_sink comp="280" pin=0"/></net>

<net id="285"><net_src comp="102" pin="0"/><net_sink comp="280" pin=1"/></net>

<net id="290"><net_src comp="120" pin="0"/><net_sink comp="286" pin=0"/></net>

<net id="291"><net_src comp="100" pin="0"/><net_sink comp="286" pin=1"/></net>

<net id="296"><net_src comp="120" pin="0"/><net_sink comp="292" pin=0"/></net>

<net id="297"><net_src comp="98" pin="0"/><net_sink comp="292" pin=1"/></net>

<net id="302"><net_src comp="120" pin="0"/><net_sink comp="298" pin=0"/></net>

<net id="303"><net_src comp="96" pin="0"/><net_sink comp="298" pin=1"/></net>

<net id="308"><net_src comp="120" pin="0"/><net_sink comp="304" pin=0"/></net>

<net id="309"><net_src comp="94" pin="0"/><net_sink comp="304" pin=1"/></net>

<net id="314"><net_src comp="120" pin="0"/><net_sink comp="310" pin=0"/></net>

<net id="315"><net_src comp="92" pin="0"/><net_sink comp="310" pin=1"/></net>

<net id="320"><net_src comp="120" pin="0"/><net_sink comp="316" pin=0"/></net>

<net id="321"><net_src comp="90" pin="0"/><net_sink comp="316" pin=1"/></net>

<net id="326"><net_src comp="120" pin="0"/><net_sink comp="322" pin=0"/></net>

<net id="327"><net_src comp="88" pin="0"/><net_sink comp="322" pin=1"/></net>

<net id="332"><net_src comp="120" pin="0"/><net_sink comp="328" pin=0"/></net>

<net id="333"><net_src comp="86" pin="0"/><net_sink comp="328" pin=1"/></net>

<net id="338"><net_src comp="120" pin="0"/><net_sink comp="334" pin=0"/></net>

<net id="339"><net_src comp="84" pin="0"/><net_sink comp="334" pin=1"/></net>

<net id="344"><net_src comp="120" pin="0"/><net_sink comp="340" pin=0"/></net>

<net id="345"><net_src comp="82" pin="0"/><net_sink comp="340" pin=1"/></net>

<net id="350"><net_src comp="120" pin="0"/><net_sink comp="346" pin=0"/></net>

<net id="351"><net_src comp="80" pin="0"/><net_sink comp="346" pin=1"/></net>

<net id="356"><net_src comp="120" pin="0"/><net_sink comp="352" pin=0"/></net>

<net id="357"><net_src comp="78" pin="0"/><net_sink comp="352" pin=1"/></net>

<net id="362"><net_src comp="120" pin="0"/><net_sink comp="358" pin=0"/></net>

<net id="363"><net_src comp="76" pin="0"/><net_sink comp="358" pin=1"/></net>

<net id="368"><net_src comp="120" pin="0"/><net_sink comp="364" pin=0"/></net>

<net id="369"><net_src comp="74" pin="0"/><net_sink comp="364" pin=1"/></net>

<net id="374"><net_src comp="120" pin="0"/><net_sink comp="370" pin=0"/></net>

<net id="375"><net_src comp="72" pin="0"/><net_sink comp="370" pin=1"/></net>

<net id="380"><net_src comp="120" pin="0"/><net_sink comp="376" pin=0"/></net>

<net id="381"><net_src comp="70" pin="0"/><net_sink comp="376" pin=1"/></net>

<net id="386"><net_src comp="120" pin="0"/><net_sink comp="382" pin=0"/></net>

<net id="387"><net_src comp="68" pin="0"/><net_sink comp="382" pin=1"/></net>

<net id="392"><net_src comp="120" pin="0"/><net_sink comp="388" pin=0"/></net>

<net id="393"><net_src comp="66" pin="0"/><net_sink comp="388" pin=1"/></net>

<net id="398"><net_src comp="120" pin="0"/><net_sink comp="394" pin=0"/></net>

<net id="399"><net_src comp="64" pin="0"/><net_sink comp="394" pin=1"/></net>

<net id="404"><net_src comp="120" pin="0"/><net_sink comp="400" pin=0"/></net>

<net id="405"><net_src comp="62" pin="0"/><net_sink comp="400" pin=1"/></net>

<net id="410"><net_src comp="120" pin="0"/><net_sink comp="406" pin=0"/></net>

<net id="411"><net_src comp="60" pin="0"/><net_sink comp="406" pin=1"/></net>

<net id="416"><net_src comp="120" pin="0"/><net_sink comp="412" pin=0"/></net>

<net id="417"><net_src comp="58" pin="0"/><net_sink comp="412" pin=1"/></net>

<net id="422"><net_src comp="120" pin="0"/><net_sink comp="418" pin=0"/></net>

<net id="423"><net_src comp="56" pin="0"/><net_sink comp="418" pin=1"/></net>

<net id="428"><net_src comp="120" pin="0"/><net_sink comp="424" pin=0"/></net>

<net id="429"><net_src comp="54" pin="0"/><net_sink comp="424" pin=1"/></net>

<net id="434"><net_src comp="120" pin="0"/><net_sink comp="430" pin=0"/></net>

<net id="435"><net_src comp="52" pin="0"/><net_sink comp="430" pin=1"/></net>

<net id="440"><net_src comp="120" pin="0"/><net_sink comp="436" pin=0"/></net>

<net id="441"><net_src comp="50" pin="0"/><net_sink comp="436" pin=1"/></net>

<net id="446"><net_src comp="120" pin="0"/><net_sink comp="442" pin=0"/></net>

<net id="447"><net_src comp="48" pin="0"/><net_sink comp="442" pin=1"/></net>

<net id="452"><net_src comp="120" pin="0"/><net_sink comp="448" pin=0"/></net>

<net id="453"><net_src comp="46" pin="0"/><net_sink comp="448" pin=1"/></net>

<net id="458"><net_src comp="120" pin="0"/><net_sink comp="454" pin=0"/></net>

<net id="459"><net_src comp="44" pin="0"/><net_sink comp="454" pin=1"/></net>

<net id="464"><net_src comp="120" pin="0"/><net_sink comp="460" pin=0"/></net>

<net id="465"><net_src comp="42" pin="0"/><net_sink comp="460" pin=1"/></net>

<net id="470"><net_src comp="120" pin="0"/><net_sink comp="466" pin=0"/></net>

<net id="471"><net_src comp="40" pin="0"/><net_sink comp="466" pin=1"/></net>

<net id="476"><net_src comp="120" pin="0"/><net_sink comp="472" pin=0"/></net>

<net id="477"><net_src comp="38" pin="0"/><net_sink comp="472" pin=1"/></net>

<net id="482"><net_src comp="120" pin="0"/><net_sink comp="478" pin=0"/></net>

<net id="483"><net_src comp="36" pin="0"/><net_sink comp="478" pin=1"/></net>

<net id="488"><net_src comp="120" pin="0"/><net_sink comp="484" pin=0"/></net>

<net id="489"><net_src comp="34" pin="0"/><net_sink comp="484" pin=1"/></net>

<net id="494"><net_src comp="120" pin="0"/><net_sink comp="490" pin=0"/></net>

<net id="495"><net_src comp="32" pin="0"/><net_sink comp="490" pin=1"/></net>

<net id="500"><net_src comp="120" pin="0"/><net_sink comp="496" pin=0"/></net>

<net id="501"><net_src comp="30" pin="0"/><net_sink comp="496" pin=1"/></net>

<net id="506"><net_src comp="120" pin="0"/><net_sink comp="502" pin=0"/></net>

<net id="507"><net_src comp="28" pin="0"/><net_sink comp="502" pin=1"/></net>

<net id="512"><net_src comp="120" pin="0"/><net_sink comp="508" pin=0"/></net>

<net id="513"><net_src comp="26" pin="0"/><net_sink comp="508" pin=1"/></net>

<net id="518"><net_src comp="120" pin="0"/><net_sink comp="514" pin=0"/></net>

<net id="519"><net_src comp="24" pin="0"/><net_sink comp="514" pin=1"/></net>

<net id="524"><net_src comp="120" pin="0"/><net_sink comp="520" pin=0"/></net>

<net id="525"><net_src comp="22" pin="0"/><net_sink comp="520" pin=1"/></net>

<net id="530"><net_src comp="120" pin="0"/><net_sink comp="526" pin=0"/></net>

<net id="531"><net_src comp="20" pin="0"/><net_sink comp="526" pin=1"/></net>

<net id="536"><net_src comp="120" pin="0"/><net_sink comp="532" pin=0"/></net>

<net id="537"><net_src comp="18" pin="0"/><net_sink comp="532" pin=1"/></net>

<net id="542"><net_src comp="120" pin="0"/><net_sink comp="538" pin=0"/></net>

<net id="543"><net_src comp="16" pin="0"/><net_sink comp="538" pin=1"/></net>

<net id="548"><net_src comp="120" pin="0"/><net_sink comp="544" pin=0"/></net>

<net id="549"><net_src comp="14" pin="0"/><net_sink comp="544" pin=1"/></net>

<net id="554"><net_src comp="122" pin="0"/><net_sink comp="550" pin=0"/></net>

<net id="555"><net_src comp="10" pin="0"/><net_sink comp="550" pin=1"/></net>

<net id="560"><net_src comp="124" pin="0"/><net_sink comp="556" pin=0"/></net>

<net id="561"><net_src comp="8" pin="0"/><net_sink comp="556" pin=1"/></net>

<net id="566"><net_src comp="126" pin="0"/><net_sink comp="562" pin=0"/></net>

<net id="567"><net_src comp="6" pin="0"/><net_sink comp="562" pin=1"/></net>

<net id="572"><net_src comp="128" pin="0"/><net_sink comp="568" pin=0"/></net>

<net id="573"><net_src comp="4" pin="0"/><net_sink comp="568" pin=1"/></net>

<net id="578"><net_src comp="118" pin="0"/><net_sink comp="574" pin=0"/></net>

<net id="579"><net_src comp="2" pin="0"/><net_sink comp="574" pin=1"/></net>

<net id="584"><net_src comp="130" pin="0"/><net_sink comp="580" pin=0"/></net>

<net id="585"><net_src comp="0" pin="0"/><net_sink comp="580" pin=1"/></net>

<net id="591"><net_src comp="232" pin="0"/><net_sink comp="586" pin=0"/></net>

<net id="598"><net_src comp="234" pin="0"/><net_sink comp="592" pin=0"/></net>

<net id="599"><net_src comp="236" pin="0"/><net_sink comp="592" pin=3"/></net>

<net id="606"><net_src comp="234" pin="0"/><net_sink comp="600" pin=0"/></net>

<net id="607"><net_src comp="236" pin="0"/><net_sink comp="600" pin=3"/></net>

<net id="608"><net_src comp="238" pin="0"/><net_sink comp="586" pin=0"/></net>

<net id="612"><net_src comp="574" pin="2"/><net_sink comp="609" pin=0"/></net>

<net id="616"><net_src comp="556" pin="2"/><net_sink comp="613" pin=0"/></net>

<net id="621"><net_src comp="244" pin="2"/><net_sink comp="617" pin=0"/></net>

<net id="622"><net_src comp="148" pin="0"/><net_sink comp="617" pin=1"/></net>

<net id="627"><net_src comp="136" pin="0"/><net_sink comp="623" pin=0"/></net>

<net id="635"><net_src comp="628" pin="1"/><net_sink comp="631" pin=0"/></net>

<net id="636"><net_src comp="150" pin="0"/><net_sink comp="631" pin=1"/></net>

<net id="640"><net_src comp="628" pin="1"/><net_sink comp="637" pin=0"/></net>

<net id="645"><net_src comp="637" pin="1"/><net_sink comp="641" pin=0"/></net>

<net id="646"><net_src comp="580" pin="2"/><net_sink comp="641" pin=1"/></net>

<net id="651"><net_src comp="628" pin="1"/><net_sink comp="647" pin=0"/></net>

<net id="652"><net_src comp="609" pin="1"/><net_sink comp="647" pin=1"/></net>

<net id="657"><net_src comp="647" pin="2"/><net_sink comp="653" pin=0"/></net>

<net id="658"><net_src comp="152" pin="0"/><net_sink comp="653" pin=1"/></net>

<net id="663"><net_src comp="653" pin="2"/><net_sink comp="659" pin=0"/></net>

<net id="664"><net_src comp="568" pin="2"/><net_sink comp="659" pin=1"/></net>

<net id="670"><net_src comp="154" pin="0"/><net_sink comp="665" pin=0"/></net>

<net id="671"><net_src comp="647" pin="2"/><net_sink comp="665" pin=1"/></net>

<net id="672"><net_src comp="156" pin="0"/><net_sink comp="665" pin=2"/></net>

<net id="676"><net_src comp="665" pin="3"/><net_sink comp="673" pin=0"/></net>

<net id="681"><net_src comp="562" pin="2"/><net_sink comp="677" pin=0"/></net>

<net id="682"><net_src comp="673" pin="1"/><net_sink comp="677" pin=1"/></net>

<net id="688"><net_src comp="158" pin="0"/><net_sink comp="683" pin=0"/></net>

<net id="689"><net_src comp="677" pin="2"/><net_sink comp="683" pin=1"/></net>

<net id="690"><net_src comp="160" pin="0"/><net_sink comp="683" pin=2"/></net>

<net id="694"><net_src comp="683" pin="3"/><net_sink comp="691" pin=0"/></net>

<net id="699"><net_src comp="691" pin="1"/><net_sink comp="695" pin=0"/></net>

<net id="700"><net_src comp="613" pin="1"/><net_sink comp="695" pin=1"/></net>

<net id="706"><net_src comp="659" pin="2"/><net_sink comp="701" pin=0"/></net>

<net id="707"><net_src comp="162" pin="0"/><net_sink comp="701" pin=1"/></net>

<net id="708"><net_src comp="164" pin="0"/><net_sink comp="701" pin=2"/></net>

<net id="764"><net_src comp="166" pin="0"/><net_sink comp="709" pin=0"/></net>

<net id="765"><net_src comp="168" pin="0"/><net_sink comp="709" pin=1"/></net>

<net id="766"><net_src comp="544" pin="2"/><net_sink comp="709" pin=2"/></net>

<net id="767"><net_src comp="170" pin="0"/><net_sink comp="709" pin=3"/></net>

<net id="768"><net_src comp="538" pin="2"/><net_sink comp="709" pin=4"/></net>

<net id="769"><net_src comp="172" pin="0"/><net_sink comp="709" pin=5"/></net>

<net id="770"><net_src comp="532" pin="2"/><net_sink comp="709" pin=6"/></net>

<net id="771"><net_src comp="174" pin="0"/><net_sink comp="709" pin=7"/></net>

<net id="772"><net_src comp="526" pin="2"/><net_sink comp="709" pin=8"/></net>

<net id="773"><net_src comp="176" pin="0"/><net_sink comp="709" pin=9"/></net>

<net id="774"><net_src comp="520" pin="2"/><net_sink comp="709" pin=10"/></net>

<net id="775"><net_src comp="178" pin="0"/><net_sink comp="709" pin=11"/></net>

<net id="776"><net_src comp="514" pin="2"/><net_sink comp="709" pin=12"/></net>

<net id="777"><net_src comp="180" pin="0"/><net_sink comp="709" pin=13"/></net>

<net id="778"><net_src comp="508" pin="2"/><net_sink comp="709" pin=14"/></net>

<net id="779"><net_src comp="182" pin="0"/><net_sink comp="709" pin=15"/></net>

<net id="780"><net_src comp="502" pin="2"/><net_sink comp="709" pin=16"/></net>

<net id="781"><net_src comp="184" pin="0"/><net_sink comp="709" pin=17"/></net>

<net id="782"><net_src comp="496" pin="2"/><net_sink comp="709" pin=18"/></net>

<net id="783"><net_src comp="186" pin="0"/><net_sink comp="709" pin=19"/></net>

<net id="784"><net_src comp="490" pin="2"/><net_sink comp="709" pin=20"/></net>

<net id="785"><net_src comp="188" pin="0"/><net_sink comp="709" pin=21"/></net>

<net id="786"><net_src comp="484" pin="2"/><net_sink comp="709" pin=22"/></net>

<net id="787"><net_src comp="190" pin="0"/><net_sink comp="709" pin=23"/></net>

<net id="788"><net_src comp="478" pin="2"/><net_sink comp="709" pin=24"/></net>

<net id="789"><net_src comp="192" pin="0"/><net_sink comp="709" pin=25"/></net>

<net id="790"><net_src comp="472" pin="2"/><net_sink comp="709" pin=26"/></net>

<net id="791"><net_src comp="194" pin="0"/><net_sink comp="709" pin=27"/></net>

<net id="792"><net_src comp="466" pin="2"/><net_sink comp="709" pin=28"/></net>

<net id="793"><net_src comp="196" pin="0"/><net_sink comp="709" pin=29"/></net>

<net id="794"><net_src comp="460" pin="2"/><net_sink comp="709" pin=30"/></net>

<net id="795"><net_src comp="198" pin="0"/><net_sink comp="709" pin=31"/></net>

<net id="796"><net_src comp="454" pin="2"/><net_sink comp="709" pin=32"/></net>

<net id="797"><net_src comp="200" pin="0"/><net_sink comp="709" pin=33"/></net>

<net id="798"><net_src comp="448" pin="2"/><net_sink comp="709" pin=34"/></net>

<net id="799"><net_src comp="202" pin="0"/><net_sink comp="709" pin=35"/></net>

<net id="800"><net_src comp="442" pin="2"/><net_sink comp="709" pin=36"/></net>

<net id="801"><net_src comp="204" pin="0"/><net_sink comp="709" pin=37"/></net>

<net id="802"><net_src comp="436" pin="2"/><net_sink comp="709" pin=38"/></net>

<net id="803"><net_src comp="206" pin="0"/><net_sink comp="709" pin=39"/></net>

<net id="804"><net_src comp="430" pin="2"/><net_sink comp="709" pin=40"/></net>

<net id="805"><net_src comp="208" pin="0"/><net_sink comp="709" pin=41"/></net>

<net id="806"><net_src comp="424" pin="2"/><net_sink comp="709" pin=42"/></net>

<net id="807"><net_src comp="210" pin="0"/><net_sink comp="709" pin=43"/></net>

<net id="808"><net_src comp="418" pin="2"/><net_sink comp="709" pin=44"/></net>

<net id="809"><net_src comp="212" pin="0"/><net_sink comp="709" pin=45"/></net>

<net id="810"><net_src comp="412" pin="2"/><net_sink comp="709" pin=46"/></net>

<net id="811"><net_src comp="214" pin="0"/><net_sink comp="709" pin=47"/></net>

<net id="812"><net_src comp="406" pin="2"/><net_sink comp="709" pin=48"/></net>

<net id="813"><net_src comp="216" pin="0"/><net_sink comp="709" pin=49"/></net>

<net id="814"><net_src comp="400" pin="2"/><net_sink comp="709" pin=50"/></net>

<net id="815"><net_src comp="218" pin="0"/><net_sink comp="709" pin=51"/></net>

<net id="816"><net_src comp="641" pin="2"/><net_sink comp="709" pin=52"/></net>

<net id="872"><net_src comp="166" pin="0"/><net_sink comp="817" pin=0"/></net>

<net id="873"><net_src comp="168" pin="0"/><net_sink comp="817" pin=1"/></net>

<net id="874"><net_src comp="394" pin="2"/><net_sink comp="817" pin=2"/></net>

<net id="875"><net_src comp="170" pin="0"/><net_sink comp="817" pin=3"/></net>

<net id="876"><net_src comp="388" pin="2"/><net_sink comp="817" pin=4"/></net>

<net id="877"><net_src comp="172" pin="0"/><net_sink comp="817" pin=5"/></net>

<net id="878"><net_src comp="382" pin="2"/><net_sink comp="817" pin=6"/></net>

<net id="879"><net_src comp="174" pin="0"/><net_sink comp="817" pin=7"/></net>

<net id="880"><net_src comp="376" pin="2"/><net_sink comp="817" pin=8"/></net>

<net id="881"><net_src comp="176" pin="0"/><net_sink comp="817" pin=9"/></net>

<net id="882"><net_src comp="370" pin="2"/><net_sink comp="817" pin=10"/></net>

<net id="883"><net_src comp="178" pin="0"/><net_sink comp="817" pin=11"/></net>

<net id="884"><net_src comp="364" pin="2"/><net_sink comp="817" pin=12"/></net>

<net id="885"><net_src comp="180" pin="0"/><net_sink comp="817" pin=13"/></net>

<net id="886"><net_src comp="358" pin="2"/><net_sink comp="817" pin=14"/></net>

<net id="887"><net_src comp="182" pin="0"/><net_sink comp="817" pin=15"/></net>

<net id="888"><net_src comp="352" pin="2"/><net_sink comp="817" pin=16"/></net>

<net id="889"><net_src comp="184" pin="0"/><net_sink comp="817" pin=17"/></net>

<net id="890"><net_src comp="346" pin="2"/><net_sink comp="817" pin=18"/></net>

<net id="891"><net_src comp="186" pin="0"/><net_sink comp="817" pin=19"/></net>

<net id="892"><net_src comp="340" pin="2"/><net_sink comp="817" pin=20"/></net>

<net id="893"><net_src comp="188" pin="0"/><net_sink comp="817" pin=21"/></net>

<net id="894"><net_src comp="334" pin="2"/><net_sink comp="817" pin=22"/></net>

<net id="895"><net_src comp="190" pin="0"/><net_sink comp="817" pin=23"/></net>

<net id="896"><net_src comp="328" pin="2"/><net_sink comp="817" pin=24"/></net>

<net id="897"><net_src comp="192" pin="0"/><net_sink comp="817" pin=25"/></net>

<net id="898"><net_src comp="322" pin="2"/><net_sink comp="817" pin=26"/></net>

<net id="899"><net_src comp="194" pin="0"/><net_sink comp="817" pin=27"/></net>

<net id="900"><net_src comp="316" pin="2"/><net_sink comp="817" pin=28"/></net>

<net id="901"><net_src comp="196" pin="0"/><net_sink comp="817" pin=29"/></net>

<net id="902"><net_src comp="310" pin="2"/><net_sink comp="817" pin=30"/></net>

<net id="903"><net_src comp="198" pin="0"/><net_sink comp="817" pin=31"/></net>

<net id="904"><net_src comp="304" pin="2"/><net_sink comp="817" pin=32"/></net>

<net id="905"><net_src comp="200" pin="0"/><net_sink comp="817" pin=33"/></net>

<net id="906"><net_src comp="298" pin="2"/><net_sink comp="817" pin=34"/></net>

<net id="907"><net_src comp="202" pin="0"/><net_sink comp="817" pin=35"/></net>

<net id="908"><net_src comp="292" pin="2"/><net_sink comp="817" pin=36"/></net>

<net id="909"><net_src comp="204" pin="0"/><net_sink comp="817" pin=37"/></net>

<net id="910"><net_src comp="286" pin="2"/><net_sink comp="817" pin=38"/></net>

<net id="911"><net_src comp="206" pin="0"/><net_sink comp="817" pin=39"/></net>

<net id="912"><net_src comp="280" pin="2"/><net_sink comp="817" pin=40"/></net>

<net id="913"><net_src comp="208" pin="0"/><net_sink comp="817" pin=41"/></net>

<net id="914"><net_src comp="274" pin="2"/><net_sink comp="817" pin=42"/></net>

<net id="915"><net_src comp="210" pin="0"/><net_sink comp="817" pin=43"/></net>

<net id="916"><net_src comp="268" pin="2"/><net_sink comp="817" pin=44"/></net>

<net id="917"><net_src comp="212" pin="0"/><net_sink comp="817" pin=45"/></net>

<net id="918"><net_src comp="262" pin="2"/><net_sink comp="817" pin=46"/></net>

<net id="919"><net_src comp="214" pin="0"/><net_sink comp="817" pin=47"/></net>

<net id="920"><net_src comp="256" pin="2"/><net_sink comp="817" pin=48"/></net>

<net id="921"><net_src comp="216" pin="0"/><net_sink comp="817" pin=49"/></net>

<net id="922"><net_src comp="250" pin="2"/><net_sink comp="817" pin=50"/></net>

<net id="923"><net_src comp="218" pin="0"/><net_sink comp="817" pin=51"/></net>

<net id="924"><net_src comp="641" pin="2"/><net_sink comp="817" pin=52"/></net>

<net id="932"><net_src comp="925" pin="1"/><net_sink comp="928" pin=0"/></net>

<net id="939"><net_src comp="220" pin="0"/><net_sink comp="933" pin=0"/></net>

<net id="940"><net_src comp="928" pin="2"/><net_sink comp="933" pin=1"/></net>

<net id="941"><net_src comp="222" pin="0"/><net_sink comp="933" pin=2"/></net>

<net id="942"><net_src comp="224" pin="0"/><net_sink comp="933" pin=3"/></net>

<net id="947"><net_src comp="150" pin="0"/><net_sink comp="943" pin=1"/></net>

<net id="953"><net_src comp="943" pin="2"/><net_sink comp="948" pin=1"/></net>

<net id="958"><net_src comp="948" pin="3"/><net_sink comp="954" pin=0"/></net>

<net id="959"><net_src comp="116" pin="0"/><net_sink comp="954" pin=1"/></net>

<net id="964"><net_src comp="954" pin="2"/><net_sink comp="960" pin=0"/></net>

<net id="972"><net_src comp="12" pin="0"/><net_sink comp="968" pin=0"/></net>

<net id="973"><net_src comp="965" pin="1"/><net_sink comp="968" pin=1"/></net>

<net id="974"><net_src comp="968" pin="2"/><net_sink comp="586" pin=1"/></net>

<net id="981"><net_src comp="975" pin="1"/><net_sink comp="978" pin=0"/></net>

<net id="982"><net_src comp="978" pin="1"/><net_sink comp="592" pin=2"/></net>

<net id="989"><net_src comp="983" pin="1"/><net_sink comp="986" pin=0"/></net>

<net id="990"><net_src comp="986" pin="1"/><net_sink comp="600" pin=2"/></net>

<net id="994"><net_src comp="240" pin="1"/><net_sink comp="991" pin=0"/></net>

<net id="995"><net_src comp="991" pin="1"/><net_sink comp="623" pin=1"/></net>

<net id="996"><net_src comp="991" pin="1"/><net_sink comp="628" pin=0"/></net>

<net id="997"><net_src comp="991" pin="1"/><net_sink comp="960" pin=1"/></net>

<net id="1001"><net_src comp="550" pin="2"/><net_sink comp="998" pin=0"/></net>

<net id="1002"><net_src comp="998" pin="1"/><net_sink comp="928" pin=1"/></net>

<net id="1006"><net_src comp="617" pin="2"/><net_sink comp="1003" pin=0"/></net>

<net id="1007"><net_src comp="1003" pin="1"/><net_sink comp="948" pin=0"/></net>

<net id="1011"><net_src comp="628" pin="1"/><net_sink comp="1008" pin=0"/></net>

<net id="1012"><net_src comp="1008" pin="1"/><net_sink comp="943" pin=0"/></net>

<net id="1013"><net_src comp="1008" pin="1"/><net_sink comp="948" pin=2"/></net>

<net id="1017"><net_src comp="631" pin="2"/><net_sink comp="1014" pin=0"/></net>

<net id="1021"><net_src comp="659" pin="2"/><net_sink comp="1018" pin=0"/></net>

<net id="1025"><net_src comp="695" pin="2"/><net_sink comp="1022" pin=0"/></net>

<net id="1026"><net_src comp="1022" pin="1"/><net_sink comp="925" pin=0"/></net>

<net id="1030"><net_src comp="701" pin="3"/><net_sink comp="1027" pin=0"/></net>

<net id="1031"><net_src comp="1027" pin="1"/><net_sink comp="586" pin=2"/></net>

<net id="1035"><net_src comp="709" pin="53"/><net_sink comp="1032" pin=0"/></net>

<net id="1036"><net_src comp="1032" pin="1"/><net_sink comp="975" pin=0"/></net>

<net id="1040"><net_src comp="817" pin="53"/><net_sink comp="1037" pin=0"/></net>

<net id="1041"><net_src comp="1037" pin="1"/><net_sink comp="983" pin=0"/></net>

<net id="1045"><net_src comp="933" pin="4"/><net_sink comp="1042" pin=0"/></net>

<net id="1046"><net_src comp="1042" pin="1"/><net_sink comp="965" pin=0"/></net>

<net id="1050"><net_src comp="968" pin="2"/><net_sink comp="1047" pin=0"/></net>

<net id="1051"><net_src comp="1047" pin="1"/><net_sink comp="592" pin=1"/></net>

<net id="1052"><net_src comp="1047" pin="1"/><net_sink comp="600" pin=1"/></net>

<net id="1053"><net_src comp="1047" pin="1"/><net_sink comp="586" pin=1"/></net>

</net_list>

</model> 
---------------- Datapath Model END ------------------

* FSMD analyzer results:
  - Output states:
	Port: gmem1 | {3 4 5 6 7 8 9 10 }
 - Input state : 
	Port: out_conv2mem_Pipeline_VITIS_LOOP_41_4 : mul_i | {1 }
	Port: out_conv2mem_Pipeline_VITIS_LOOP_41_4 : zext_ln40 | {1 }
	Port: out_conv2mem_Pipeline_VITIS_LOOP_41_4 : cmp31_i | {1 }
	Port: out_conv2mem_Pipeline_VITIS_LOOP_41_4 : mul_ln40 | {1 }
	Port: out_conv2mem_Pipeline_VITIS_LOOP_41_4 : p_cast_i | {1 }
	Port: out_conv2mem_Pipeline_VITIS_LOOP_41_4 : memory_load | {1 }
	Port: out_conv2mem_Pipeline_VITIS_LOOP_41_4 : tmp_i_23 | {1 }
	Port: out_conv2mem_Pipeline_VITIS_LOOP_41_4 : tmp_1_i | {1 }
	Port: out_conv2mem_Pipeline_VITIS_LOOP_41_4 : tmp_2_i | {1 }
	Port: out_conv2mem_Pipeline_VITIS_LOOP_41_4 : tmp_3_i | {1 }
	Port: out_conv2mem_Pipeline_VITIS_LOOP_41_4 : tmp_4_i | {1 }
	Port: out_conv2mem_Pipeline_VITIS_LOOP_41_4 : tmp_5_i | {1 }
	Port: out_conv2mem_Pipeline_VITIS_LOOP_41_4 : tmp_6_i | {1 }
	Port: out_conv2mem_Pipeline_VITIS_LOOP_41_4 : tmp_7_i | {1 }
	Port: out_conv2mem_Pipeline_VITIS_LOOP_41_4 : tmp_8_i | {1 }
	Port: out_conv2mem_Pipeline_VITIS_LOOP_41_4 : tmp_9_i | {1 }
	Port: out_conv2mem_Pipeline_VITIS_LOOP_41_4 : tmp_i | {1 }
	Port: out_conv2mem_Pipeline_VITIS_LOOP_41_4 : tmp_10_i | {1 }
	Port: out_conv2mem_Pipeline_VITIS_LOOP_41_4 : tmp_11_i | {1 }
	Port: out_conv2mem_Pipeline_VITIS_LOOP_41_4 : tmp_12_i | {1 }
	Port: out_conv2mem_Pipeline_VITIS_LOOP_41_4 : tmp_13_i | {1 }
	Port: out_conv2mem_Pipeline_VITIS_LOOP_41_4 : tmp_14_i | {1 }
	Port: out_conv2mem_Pipeline_VITIS_LOOP_41_4 : tmp_15_i | {1 }
	Port: out_conv2mem_Pipeline_VITIS_LOOP_41_4 : tmp_16_i | {1 }
	Port: out_conv2mem_Pipeline_VITIS_LOOP_41_4 : tmp_17_i | {1 }
	Port: out_conv2mem_Pipeline_VITIS_LOOP_41_4 : tmp_18_i | {1 }
	Port: out_conv2mem_Pipeline_VITIS_LOOP_41_4 : tmp_19_i | {1 }
	Port: out_conv2mem_Pipeline_VITIS_LOOP_41_4 : tmp_20_i | {1 }
	Port: out_conv2mem_Pipeline_VITIS_LOOP_41_4 : tmp_21_i | {1 }
	Port: out_conv2mem_Pipeline_VITIS_LOOP_41_4 : tmp_22_i | {1 }
	Port: out_conv2mem_Pipeline_VITIS_LOOP_41_4 : tmp_23_i | {1 }
	Port: out_conv2mem_Pipeline_VITIS_LOOP_41_4 : tmp_24_i | {1 }
	Port: out_conv2mem_Pipeline_VITIS_LOOP_41_4 : tmp_25_i | {1 }
	Port: out_conv2mem_Pipeline_VITIS_LOOP_41_4 : tmp_26_i | {1 }
	Port: out_conv2mem_Pipeline_VITIS_LOOP_41_4 : tmp_27_i | {1 }
	Port: out_conv2mem_Pipeline_VITIS_LOOP_41_4 : tmp_28_i | {1 }
	Port: out_conv2mem_Pipeline_VITIS_LOOP_41_4 : tmp_29_i | {1 }
	Port: out_conv2mem_Pipeline_VITIS_LOOP_41_4 : tmp_30_i | {1 }
	Port: out_conv2mem_Pipeline_VITIS_LOOP_41_4 : tmp_31_i | {1 }
	Port: out_conv2mem_Pipeline_VITIS_LOOP_41_4 : tmp_32_i | {1 }
	Port: out_conv2mem_Pipeline_VITIS_LOOP_41_4 : tmp_33_i | {1 }
	Port: out_conv2mem_Pipeline_VITIS_LOOP_41_4 : tmp_34_i | {1 }
	Port: out_conv2mem_Pipeline_VITIS_LOOP_41_4 : tmp_35_i | {1 }
	Port: out_conv2mem_Pipeline_VITIS_LOOP_41_4 : tmp_36_i | {1 }
	Port: out_conv2mem_Pipeline_VITIS_LOOP_41_4 : tmp_37_i | {1 }
	Port: out_conv2mem_Pipeline_VITIS_LOOP_41_4 : tmp_38_i | {1 }
	Port: out_conv2mem_Pipeline_VITIS_LOOP_41_4 : tmp_39_i | {1 }
	Port: out_conv2mem_Pipeline_VITIS_LOOP_41_4 : tmp_40_i | {1 }
	Port: out_conv2mem_Pipeline_VITIS_LOOP_41_4 : tmp_41_i | {1 }
	Port: out_conv2mem_Pipeline_VITIS_LOOP_41_4 : tmp_42_i | {1 }
	Port: out_conv2mem_Pipeline_VITIS_LOOP_41_4 : tmp_43_i | {1 }
	Port: out_conv2mem_Pipeline_VITIS_LOOP_41_4 : tmp_44_i | {1 }
	Port: out_conv2mem_Pipeline_VITIS_LOOP_41_4 : tmp_45_i | {1 }
	Port: out_conv2mem_Pipeline_VITIS_LOOP_41_4 : tmp_46_i | {1 }
	Port: out_conv2mem_Pipeline_VITIS_LOOP_41_4 : tmp_47_i | {1 }
	Port: out_conv2mem_Pipeline_VITIS_LOOP_41_4 : tmp_48_i | {1 }
	Port: out_conv2mem_Pipeline_VITIS_LOOP_41_4 : s_iw | {1 }
  - Chain level:
	State 1
		store_ln41 : 1
		s_fw_4 : 1
		icmp_ln41 : 2
		br_ln41 : 3
		trunc_ln41 : 2
		s_mem_i : 3
		in_w : 1
		cmp32_i : 2
		brmerge_not_i : 3
		shl_ln : 2
		sext_ln42 : 3
		add_ln42 : 4
		tmp : 5
		sext_ln42_1 : 6
		add_ln42_2 : 7
		select_ln42 : 3
		val : 4
		val_1 : 4
		br_ln50 : 3
	State 2
		add_ln42_1 : 1
		trunc_ln2 : 2
		s_fw_6 : 1
		s_fw_7 : 2
		store_ln41 : 3
	State 3
		gmem1_addr : 1
		empty_41 : 2
	State 4
		zext_ln51 : 1
		write_ln51 : 2
	State 5
		zext_ln51_1 : 1
		write_ln51 : 2
	State 6
	State 7
	State 8
	State 9
	State 10


============================================================
+ Verbose Summary: Datapath Resource usage 
============================================================

* Functional unit list:
|----------|------------------------------|---------|---------|
| Operation|        Functional Unit       |    FF   |   LUT   |
|----------|------------------------------|---------|---------|
|          |        s_mem_i_fu_641        |    0    |    12   |
|          |          in_w_fu_647         |    0    |    39   |
|          |        add_ln42_fu_677       |    0    |    44   |
|    add   |       add_ln42_2_fu_695      |    0    |    47   |
|          |       add_ln42_1_fu_928      |    0    |    71   |
|          |         s_fw_5_fu_943        |    0    |    39   |
|          |         s_fw_7_fu_954        |    0    |    39   |
|----------|------------------------------|---------|---------|
| sparsemux|          val_fu_709          |    0    |   125   |
|          |         val_1_fu_817         |    0    |   125   |
|----------|------------------------------|---------|---------|
|          |        cmp46_i_fu_617        |    0    |    12   |
|   icmp   |       icmp_ln41_fu_631       |    0    |    39   |
|          |        cmp32_i_fu_653        |    0    |    39   |
|----------|------------------------------|---------|---------|
|  select  |      select_ln42_fu_701      |    0    |    3    |
|          |         s_fw_6_fu_948        |    0    |    32   |
|----------|------------------------------|---------|---------|
|    and   |     brmerge_not_i_fu_659     |    0    |    2    |
|----------|------------------------------|---------|---------|
|          |     s_iw_read_read_fu_244    |    0    |    0    |
|          |   tmp_48_i_read_read_fu_250  |    0    |    0    |
|          |   tmp_47_i_read_read_fu_256  |    0    |    0    |
|          |   tmp_46_i_read_read_fu_262  |    0    |    0    |
|          |   tmp_45_i_read_read_fu_268  |    0    |    0    |
|          |   tmp_44_i_read_read_fu_274  |    0    |    0    |
|          |   tmp_43_i_read_read_fu_280  |    0    |    0    |
|          |   tmp_42_i_read_read_fu_286  |    0    |    0    |
|          |   tmp_41_i_read_read_fu_292  |    0    |    0    |
|          |   tmp_40_i_read_read_fu_298  |    0    |    0    |
|          |   tmp_39_i_read_read_fu_304  |    0    |    0    |
|          |   tmp_38_i_read_read_fu_310  |    0    |    0    |
|          |   tmp_37_i_read_read_fu_316  |    0    |    0    |
|          |   tmp_36_i_read_read_fu_322  |    0    |    0    |
|          |   tmp_35_i_read_read_fu_328  |    0    |    0    |
|          |   tmp_34_i_read_read_fu_334  |    0    |    0    |
|          |   tmp_33_i_read_read_fu_340  |    0    |    0    |
|          |   tmp_32_i_read_read_fu_346  |    0    |    0    |
|          |   tmp_31_i_read_read_fu_352  |    0    |    0    |
|          |   tmp_30_i_read_read_fu_358  |    0    |    0    |
|          |   tmp_29_i_read_read_fu_364  |    0    |    0    |
|          |   tmp_28_i_read_read_fu_370  |    0    |    0    |
|          |   tmp_27_i_read_read_fu_376  |    0    |    0    |
|          |   tmp_26_i_read_read_fu_382  |    0    |    0    |
|          |   tmp_25_i_read_read_fu_388  |    0    |    0    |
|          |   tmp_24_i_read_read_fu_394  |    0    |    0    |
|          |   tmp_23_i_read_read_fu_400  |    0    |    0    |
|          |   tmp_22_i_read_read_fu_406  |    0    |    0    |
|   read   |   tmp_21_i_read_read_fu_412  |    0    |    0    |
|          |   tmp_20_i_read_read_fu_418  |    0    |    0    |
|          |   tmp_19_i_read_read_fu_424  |    0    |    0    |
|          |   tmp_18_i_read_read_fu_430  |    0    |    0    |
|          |   tmp_17_i_read_read_fu_436  |    0    |    0    |
|          |   tmp_16_i_read_read_fu_442  |    0    |    0    |
|          |   tmp_15_i_read_read_fu_448  |    0    |    0    |
|          |   tmp_14_i_read_read_fu_454  |    0    |    0    |
|          |   tmp_13_i_read_read_fu_460  |    0    |    0    |
|          |   tmp_12_i_read_read_fu_466  |    0    |    0    |
|          |   tmp_11_i_read_read_fu_472  |    0    |    0    |
|          |   tmp_10_i_read_read_fu_478  |    0    |    0    |
|          |    tmp_i_read_read_fu_484    |    0    |    0    |
|          |   tmp_9_i_read_read_fu_490   |    0    |    0    |
|          |   tmp_8_i_read_read_fu_496   |    0    |    0    |
|          |   tmp_7_i_read_read_fu_502   |    0    |    0    |
|          |   tmp_6_i_read_read_fu_508   |    0    |    0    |
|          |   tmp_5_i_read_read_fu_514   |    0    |    0    |
|          |   tmp_4_i_read_read_fu_520   |    0    |    0    |
|          |   tmp_3_i_read_read_fu_526   |    0    |    0    |
|          |   tmp_2_i_read_read_fu_532   |    0    |    0    |
|          |   tmp_1_i_read_read_fu_538   |    0    |    0    |
|          |   tmp_i_read_40_read_fu_544  |    0    |    0    |
|          | memory_load_read_read_fu_550 |    0    |    0    |
|          |   p_cast_i_read_read_fu_556  |    0    |    0    |
|          |   mul_ln40_read_read_fu_562  |    0    |    0    |
|          |   cmp31_i_read_read_fu_568   |    0    |    0    |
|          |  zext_ln40_read_read_fu_574  |    0    |    0    |
|          |    mul_i_read_read_fu_580    |    0    |    0    |
|----------|------------------------------|---------|---------|
| writeresp|     grp_writeresp_fu_586     |    0    |    0    |
|----------|------------------------------|---------|---------|
|   write  |    write_ln51_write_fu_592   |    0    |    0    |
|          |    write_ln51_write_fu_600   |    0    |    0    |
|----------|------------------------------|---------|---------|
|          |     zext_ln40_cast_fu_609    |    0    |    0    |
|   zext   |     p_cast_i_cast_fu_613     |    0    |    0    |
|          |       zext_ln51_fu_978       |    0    |    0    |
|          |      zext_ln51_1_fu_986      |    0    |    0    |
|----------|------------------------------|---------|---------|
|   trunc  |       trunc_ln41_fu_637      |    0    |    0    |
|----------|------------------------------|---------|---------|
|bitconcatenate|         shl_ln_fu_665        |    0    |    0    |
|          |          tmp_fu_683          |    0    |    0    |
|----------|------------------------------|---------|---------|
|          |       sext_ln42_fu_673       |    0    |    0    |
|          |      sext_ln42_1_fu_691      |    0    |    0    |
|   sext   |      sext_ln42_3_fu_925      |    0    |    0    |
|          |      sext_ln42_2_fu_965      |    0    |    0    |
|          |       sext_ln51_fu_975       |    0    |    0    |
|          |      sext_ln51_1_fu_983      |    0    |    0    |
|----------|------------------------------|---------|---------|
|partselect|       trunc_ln2_fu_933       |    0    |    0    |
|----------|------------------------------|---------|---------|
|   Total  |                              |    0    |   668   |
|----------|------------------------------|---------|---------|

Memories:
N/A

* Register list:
+------------------------+--------+
|                        |   FF   |
+------------------------+--------+
|   add_ln42_2_reg_1022  |   41   |
| brmerge_not_i_reg_1018 |    1   |
|    cmp46_i_reg_1003    |    1   |
|   gmem1_addr_reg_1047  |   64   |
|   icmp_ln41_reg_1014   |    1   |
|memory_load_read_reg_998|   64   |
|     s_fw_4_reg_1008    |   32   |
|      s_fw_reg_991      |   32   |
|  select_ln42_reg_1027  |   64   |
|   trunc_ln2_reg_1042   |   61   |
|     val_1_reg_1037     |   32   |
|      val_reg_1032      |   32   |
+------------------------+--------+
|          Total         |   425  |
+------------------------+--------+

* Multiplexer (MUX) list: 
|----------------------|------|------|------|--------||---------||---------||---------|
|         Comp         |  Pin | Size |  BW  | S x BW ||  Delay  ||    FF   ||   LUT   |
|----------------------|------|------|------|--------||---------||---------||---------|
| grp_writeresp_fu_586 |  p0  |   2  |   1  |    2   |
| grp_writeresp_fu_586 |  p1  |   2  |  64  |   128  ||    0    ||    9    |
|----------------------|------|------|------|--------||---------||---------||---------|
|         Total        |      |      |      |   130  ||  0.854  ||    0    ||    9    |
|----------------------|------|------|------|--------||---------||---------||---------|



* Summary:
+-----------+--------+--------+--------+
|           |  Delay |   FF   |   LUT  |
+-----------+--------+--------+--------+
|  Function |    -   |    0   |   668  |
|   Memory  |    -   |    -   |    -   |
|Multiplexer|    0   |    0   |    9   |
|  Register |    -   |   425  |    -   |
+-----------+--------+--------+--------+
|   Total   |    0   |   425  |   677  |
+-----------+--------+--------+--------+
