==============================================================
Vitis HLS - High-Level Synthesis from C, C++ and OpenCL v2024.2 (64-bit)
Tool Version Limit: 2024.11
Copyright 1986-2022 Xilinx, Inc. All Rights Reserved.
Copyright 2022-2024 Advanced Micro Devices, Inc. All Rights Reserved.

==============================================================
INFO: [HLS 200-1505] Using default flow_target 'vivado'
INFO: [HLS 200-1510] Running: set_top top_wrapper 
INFO: [HLS 200-1510] Running: add_files /home/lorenzor/workspace/convolution/top_wrapper.cpp 
INFO: [HLS 200-10] Adding design file '/home/lorenzor/workspace/convolution/top_wrapper.cpp' to the project
INFO: [HLS 200-1510] Running: add_files /home/lorenzor/workspace/convolution/top_wrapper.h 
INFO: [HLS 200-10] Adding design file '/home/lorenzor/workspace/convolution/top_wrapper.h' to the project
INFO: [HLS 200-1510] Running: add_files /home/lorenzor/workspace/convolution/conv.h 
INFO: [HLS 200-10] Adding design file '/home/lorenzor/workspace/convolution/conv.h' to the project
INFO: [HLS 200-1510] Running: add_files /home/lorenzor/workspace/convolution/parameter.h 
INFO: [HLS 200-10] Adding design file '/home/lorenzor/workspace/convolution/parameter.h' to the project
INFO: [HLS 200-1510] Running: add_files -tb /home/lorenzor/workspace/convolution/conv_tb.cpp 
INFO: [HLS 200-10] Adding test bench file '/home/lorenzor/workspace/convolution/conv_tb.cpp' to the project
INFO: [HLS 200-1510] Running: set_part xck26-sfvc784-2LV-c 
INFO: [HLS 200-1611] Setting target device to 'xck26-sfvc784-2LV-c'
INFO: [HLS 200-1510] Running: create_clock -period 5 
INFO: [SYN 201-201] Setting up clock 'default' with a period of 5ns.
INFO: [HLS 200-1510] Running: csim_design 
INFO: [SIM 211-2] *************** CSIM start ***************
INFO: [SIM 211-4] CSIM will launch CLANG as the compiler.
INFO: [HLS 200-2036] Building debug C Simulation binaries
INFO: [SIM 211-1] CSim done with 0 errors.
INFO: [SIM 211-3] *************** CSIM finish ***************
INFO: [HLS 200-2161] Finished Command csim_design Elapsed time: 00:00:05; Allocated memory: 0.172 MB.
INFO: [HLS 200-1510] Running: csynth_design 
INFO: [HLS 200-111] Finished File checks and directory preparation: CPU user time: 0.09 seconds. CPU system time: 0.01 seconds. Elapsed time: 0.1 seconds; current allocated memory: 641.777 MB.
INFO: [HLS 200-10] Analyzing design file 'top_wrapper.cpp' ... 
WARNING: [HLS 214-114] Since the only kind of statements allowed in a canonical dataflow region are variable declarations and function calls, the compiler may not be able to correctly handle the region (top_wrapper.cpp:109:9)
WARNING: [HLS 200-471] Dataflow form checks found 1 issue(s) in file top_wrapper.cpp
INFO: [HLS 200-111] Finished Source Code Analysis and Preprocessing: CPU user time: 4.72 seconds. CPU system time: 0.5 seconds. Elapsed time: 5.3 seconds; current allocated memory: 644.496 MB.
INFO: [HLS 200-777] Using interface defaults for 'Vivado' flow target.
INFO: [HLS 200-1995] There were 663 instructions in the design after the 'Compile/Link' phase of compilation. See the Design Size Report for more details: /home/lorenzor/workspace/convolution/convolution/solution_0/syn/report/csynth_design_size.rpt
INFO: [HLS 200-1995] There were 539 instructions in the design after the 'Unroll/Inline (step 1)' phase of compilation. See the Design Size Report for more details: /home/lorenzor/workspace/convolution/convolution/solution_0/syn/report/csynth_design_size.rpt
INFO: [HLS 200-1995] There were 347 instructions in the design after the 'Unroll/Inline (step 2)' phase of compilation. See the Design Size Report for more details: /home/lorenzor/workspace/convolution/convolution/solution_0/syn/report/csynth_design_size.rpt
INFO: [HLS 200-1995] There were 336 instructions in the design after the 'Unroll/Inline (step 3)' phase of compilation. See the Design Size Report for more details: /home/lorenzor/workspace/convolution/convolution/solution_0/syn/report/csynth_design_size.rpt
INFO: [HLS 200-1995] There were 333 instructions in the design after the 'Unroll/Inline (step 4)' phase of compilation. See the Design Size Report for more details: /home/lorenzor/workspace/convolution/convolution/solution_0/syn/report/csynth_design_size.rpt
INFO: [HLS 200-1995] There were 13,605 instructions in the design after the 'Array/Struct (step 1)' phase of compilation. See the Design Size Report for more details: /home/lorenzor/workspace/convolution/convolution/solution_0/syn/report/csynth_design_size.rpt
INFO: [HLS 200-1995] There were 10,635 instructions in the design after the 'Array/Struct (step 2)' phase of compilation. See the Design Size Report for more details: /home/lorenzor/workspace/convolution/convolution/solution_0/syn/report/csynth_design_size.rpt
INFO: [HLS 200-1995] There were 10,637 instructions in the design after the 'Array/Struct (step 3)' phase of compilation. See the Design Size Report for more details: /home/lorenzor/workspace/convolution/convolution/solution_0/syn/report/csynth_design_size.rpt
INFO: [HLS 200-1995] There were 10,638 instructions in the design after the 'Array/Struct (step 4)' phase of compilation. See the Design Size Report for more details: /home/lorenzor/workspace/convolution/convolution/solution_0/syn/report/csynth_design_size.rpt
INFO: [HLS 200-1995] There were 10,636 instructions in the design after the 'Array/Struct (step 5)' phase of compilation. See the Design Size Report for more details: /home/lorenzor/workspace/convolution/convolution/solution_0/syn/report/csynth_design_size.rpt
INFO: [HLS 200-1995] There were 10,640 instructions in the design after the 'Performance (step 1)' phase of compilation. See the Design Size Report for more details: /home/lorenzor/workspace/convolution/convolution/solution_0/syn/report/csynth_design_size.rpt
INFO: [HLS 200-1995] There were 10,576 instructions in the design after the 'Performance (step 2)' phase of compilation. See the Design Size Report for more details: /home/lorenzor/workspace/convolution/convolution/solution_0/syn/report/csynth_design_size.rpt
INFO: [HLS 200-1995] There were 10,576 instructions in the design after the 'Performance (step 3)' phase of compilation. See the Design Size Report for more details: /home/lorenzor/workspace/convolution/convolution/solution_0/syn/report/csynth_design_size.rpt
INFO: [HLS 200-1995] There were 10,574 instructions in the design after the 'Performance (step 4)' phase of compilation. See the Design Size Report for more details: /home/lorenzor/workspace/convolution/convolution/solution_0/syn/report/csynth_design_size.rpt
INFO: [HLS 200-1995] There were 10,598 instructions in the design after the 'HW Transforms' phase of compilation. See the Design Size Report for more details: /home/lorenzor/workspace/convolution/convolution/solution_0/syn/report/csynth_design_size.rpt
INFO: [HLS 200-1995] There were 7,952 instructions in the design after the 'HW Transforms (step 2)' phase of compilation. See the Design Size Report for more details: /home/lorenzor/workspace/convolution/convolution/solution_0/syn/report/csynth_design_size.rpt
INFO: [HLS 214-291] Loop 'L3_bis' is marked as complete unroll implied by the pipeline pragma (./conv.h:58:10)
INFO: [HLS 214-291] Loop 'L2' is marked as complete unroll implied by the pipeline pragma (./conv.h:59:29)
INFO: [HLS 214-291] Loop 'L1' is marked as complete unroll implied by the pipeline pragma (./conv.h:60:33)
INFO: [HLS 214-186] Unrolling loop 'L3_bis' (./conv.h:58:10) in function 'conv<2, 13, 13, 3, 3, 2, 11, 11, 1, 1, 5, 1, 5, 5, 2, 3>' completely with a factor of 1 (./conv.h:23:0)
INFO: [HLS 214-186] Unrolling loop 'L2' (./conv.h:59:29) in function 'conv<2, 13, 13, 3, 3, 2, 11, 11, 1, 1, 5, 1, 5, 5, 2, 3>' completely with a factor of 3 (./conv.h:23:0)
INFO: [HLS 214-186] Unrolling loop 'L1' (./conv.h:60:33) in function 'conv<2, 13, 13, 3, 3, 2, 11, 11, 1, 1, 5, 1, 5, 5, 2, 3>' completely with a factor of 3 (./conv.h:23:0)
INFO: [HLS 214-248] Applying array_partition to 'filter_mem': Complete partitioning on dimension 1. Complete partitioning on dimension 2. (./conv.h:36:15)
INFO: [HLS 214-248] Applying array_partition to 'memory_in_local': Complete partitioning on dimension 1. Complete partitioning on dimension 2. (top_wrapper.cpp:110:42)
INFO: [HLS 214-248] Applying array_partition to 'out_mem': Complete partitioning on dimension 1. Complete partitioning on dimension 2. (top_wrapper.cpp:113:44)
INFO: [HLS 214-241] Aggregating maxi variable 'memory' with compact=none mode in 64-bits
INFO: [HLS 214-376] automatically set the pipeline for Loop< VITIS_LOOP_41_4> at top_wrapper.cpp:41:34 
INFO: [HLS 214-376] automatically set the pipeline for Loop< unknown> at ./conv.h:36:62 
INFO: [HLS 214-376] automatically set the pipeline for Loop< VITIS_LOOP_43_3> at ./conv.h:43:34 
INFO: [HLS 214-291] Loop 'VITIS_LOOP_42_5' is marked as complete unroll implied by the pipeline pragma (top_wrapper.cpp:42:38)
INFO: [HLS 214-291] Loop 'anonymous' is marked as complete unroll implied by the pipeline pragma (./conv.h:36:64)
INFO: [HLS 214-186] Unrolling loop 'VITIS_LOOP_42_5' (top_wrapper.cpp:42:38) in function 'out_conv2mem<2, 13, 13, 3, 3, 2, 11, 11, 1, 162, 1, 1, 5, 5, 2, 3>' completely with a factor of 2 (top_wrapper.cpp:28:0)
INFO: [HLS 214-186] Unrolling loop 'anonymous' (./conv.h:36:64) in function 'conv<2, 13, 13, 3, 3, 2, 11, 11, 1, 1, 5, 1, 5, 5, 2, 3>' completely with a factor of 2 (./conv.h:23:0)
INFO: [HLS 214-437] Automatically disabling loop flattening for loop 'VITIS_LOOP_92_1'. (top_wrapper.cpp:92:19)
INFO: [HLS 214-354] Changing the port bit width of top function 'top_wrapper(ap_int<45> (*) [9][50], int const*, ap_int<45> (*) [11][11][2])' argument 'memory_in': from '64' to '45' due to access pattern. (top_wrapper.cpp:85:0)
INFO: [HLS 214-115] Multiple burst writes of variable length and bit width 64 has been inferred on bundle 'gmem1'. These burst requests might be further partitioned into multiple requests during RTL generation, based on max_read_burst_length or max_write_burst_length settings. (top_wrapper.cpp:42:38)
INFO: [HLS 214-115] Multiple burst reads of length 36 and bit width 32 in loop 'VITIS_LOOP_99_2'(top_wrapper.cpp:99:19) has been inferred on bundle 'gmem2'. These burst requests might be further partitioned into multiple requests during RTL generation, based on max_read_burst_length or max_write_burst_length settings. (top_wrapper.cpp:99:19)
INFO: [HLS 214-455] Changing loop 'dataflow_in_loop_VITIS_LOOP_92_1.1_Loop_VITIS_LOOP_99_2_proc' (top_wrapper.cpp:99:19) to a process function for dataflow in function 'dataflow_in_loop_VITIS_LOOP_92_1.1' (top_wrapper.cpp:99:19)
INFO: [HLS 200-111] Finished Compiling Optimization and Transform: CPU user time: 22.71 seconds. CPU system time: 0.39 seconds. Elapsed time: 27.75 seconds; current allocated memory: 654.520 MB.
INFO: [HLS 200-111] Finished Checking Pragmas: CPU user time: 0 seconds. CPU system time: 0 seconds. Elapsed time: 0 seconds; current allocated memory: 654.520 MB.
INFO: [HLS 200-10] Starting code transformations ...
INFO: [HLS 200-111] Finished Standard Transforms: CPU user time: 1.05 seconds. CPU system time: 0.01 seconds. Elapsed time: 1.06 seconds; current allocated memory: 667.652 MB.
INFO: [HLS 200-10] Checking synthesizability ...
INFO: [HLS 200-111] Finished Checking Synthesizability: CPU user time: 1.31 seconds. CPU system time: 0 seconds. Elapsed time: 1.32 seconds; current allocated memory: 677.391 MB.
INFO: [XFORM 203-712] Applying dataflow to function 'dataflow_in_loop_VITIS_LOOP_92_1.1' (top_wrapper.cpp:93), detected/extracted 5 process function(s): 
	 'entry_proc'
	 'dataflow_in_loop_VITIS_LOOP_92_1.1_Loop_VITIS_LOOP_99_2_proc'
	 'load_input'
	 'conv<2, 13, 13, 3, 3, 2, 11, 11, 1, 1, 5, 1, 5, 5, 2, 3>'
	 'out_conv2mem<2, 13, 13, 3, 3, 2, 11, 11, 1, 162, 1, 1, 5, 5, 2, 3>'.
INFO: [XFORM 203-401] Performing if-conversion on hyperblock to (./conv.h:36:62) in function 'conv<2, 13, 13, 3, 3, 2, 11, 11, 1, 1, 5, 1, 5, 5, 2, 3>'... converting 3 basic blocks.
INFO: [XFORM 203-11] Balancing expressions in function 'conv<2, 13, 13, 3, 3, 2, 11, 11, 1, 1, 5, 1, 5, 5, 2, 3>' (./conv.h:21:65)...9 expression(s) balanced.
INFO: [HLS 200-111] Finished Loop, function and other optimizations: CPU user time: 11 seconds. CPU system time: 0.04 seconds. Elapsed time: 11.04 seconds; current allocated memory: 784.344 MB.
INFO: [HLS 200-2061] Successfully converted nested loops 'load_input_loop'(top_wrapper.cpp:8:9) and 'VITIS_LOOP_9_1'(top_wrapper.cpp:9:29) in function 'load_input' into perfectly nested loops.
INFO: [HLS 200-2061] Successfully converted nested loops 'VITIS_LOOP_42_2'(./conv.h:42:30) and 'VITIS_LOOP_43_3'(./conv.h:43:34) in function 'conv<2, 13, 13, 3, 3, 2, 11, 11, 1, 1, 5, 1, 5, 5, 2, 3>' into perfectly nested loops.
INFO: [HLS 200-2061] Successfully converted nested loops 'VITIS_LOOP_41_1'(./conv.h:41:26) and 'VITIS_LOOP_42_2'(./conv.h:42:30) in function 'conv<2, 13, 13, 3, 3, 2, 11, 11, 1, 1, 5, 1, 5, 5, 2, 3>' into perfectly nested loops.
INFO: [HLS 200-2061] Successfully converted nested loops 'L4'(./conv.h:54:17) and 'L3'(./conv.h:56:21) in function 'conv<2, 13, 13, 3, 3, 2, 11, 11, 1, 1, 5, 1, 5, 5, 2, 3>' into perfectly nested loops.
INFO: [HLS 200-2061] Successfully converted nested loops 'L5'(./conv.h:53:13) and 'L4'(./conv.h:54:17) in function 'conv<2, 13, 13, 3, 3, 2, 11, 11, 1, 1, 5, 1, 5, 5, 2, 3>' into perfectly nested loops.
WARNING: [HLS 200-960] Cannot flatten loop 'VITIS_LOOP_40_3' (top_wrapper.cpp:40:30) in function 'out_conv2mem<2, 13, 13, 3, 3, 2, 11, 11, 1, 162, 1, 1, 5, 5, 2, 3>' the outer loop is not a perfect loop because either the parent loop or the sub loop has no computeable trip count.
INFO: [XFORM 203-541] Flattening a loop nest 'load_input_loop' (top_wrapper.cpp:8:9) in function 'load_input'.
INFO: [XFORM 203-541] Flattening a loop nest 'VITIS_LOOP_42_2' (./conv.h:42:30) in function 'conv<2, 13, 13, 3, 3, 2, 11, 11, 1, 1, 5, 1, 5, 5, 2, 3>'.
INFO: [XFORM 203-541] Flattening a loop nest 'VITIS_LOOP_41_1' (./conv.h:41:26) in function 'conv<2, 13, 13, 3, 3, 2, 11, 11, 1, 1, 5, 1, 5, 5, 2, 3>'.
INFO: [XFORM 203-541] Flattening a loop nest 'L4' (./conv.h:54:17) in function 'conv<2, 13, 13, 3, 3, 2, 11, 11, 1, 1, 5, 1, 5, 5, 2, 3>'.
INFO: [XFORM 203-541] Flattening a loop nest 'L5' (./conv.h:53:13) in function 'conv<2, 13, 13, 3, 3, 2, 11, 11, 1, 1, 5, 1, 5, 5, 2, 3>'.
WARNING: [HLS 200-1449] Process dataflow_in_loop_VITIS_LOOP_92_1.1 has both a predecessor and reads an input from its caller (see the GUI dataflow viewer). This may lead to lower throughput. Consider copying this input via a predecessor process.
INFO: [HLS 200-111] Finished Architecture Synthesis: CPU user time: 4.56 seconds. CPU system time: 0.07 seconds. Elapsed time: 4.65 seconds; current allocated memory: 1001.145 MB.
INFO: [HLS 200-10] Starting hardware synthesis ...
INFO: [HLS 200-10] Synthesizing 'top_wrapper' ...
WARNING: [SYN 201-103] Legalizing function name 'dataflow_in_loop_VITIS_LOOP_92_1.1_Loop_VITIS_LOOP_99_2_proc' to 'dataflow_in_loop_VITIS_LOOP_92_1_1_Loop_VITIS_LOOP_99_2_proc'.
WARNING: [SYN 201-103] Legalizing function name 'conv<2, 13, 13, 3, 3, 2, 11, 11, 1, 1, 5, 1, 5, 5, 2, 3>_Pipeline_L5_L4_L3' to 'conv_2_13_13_3_3_2_11_11_1_1_5_1_5_5_2_3_Pipeline_L5_L4_L3'.
WARNING: [SYN 201-103] Legalizing function name 'conv<2, 13, 13, 3, 3, 2, 11, 11, 1, 1, 5, 1, 5, 5, 2, 3>' to 'conv_2_13_13_3_3_2_11_11_1_1_5_1_5_5_2_3_s'.
WARNING: [SYN 201-103] Legalizing function name 'out_conv2mem<2, 13, 13, 3, 3, 2, 11, 11, 1, 162, 1, 1, 5, 5, 2, 3>' to 'out_conv2mem_2_13_13_3_3_2_11_11_1_162_1_1_5_5_2_3_s'.
WARNING: [SYN 201-103] Legalizing function name 'dataflow_in_loop_VITIS_LOOP_92_1.1' to 'dataflow_in_loop_VITIS_LOOP_92_1_1'.
INFO: [HLS 200-10] ----------------------------------------------------------------
INFO: [HLS 200-42] -- Implementing module 'entry_proc' 
INFO: [HLS 200-10] ----------------------------------------------------------------
INFO: [SCHED 204-11] Starting scheduling ...
INFO: [SCHED 204-11] Finished scheduling.
INFO: [HLS 200-111] Finished Scheduling: CPU user time: 1.66 seconds. CPU system time: 0.03 seconds. Elapsed time: 1.71 seconds; current allocated memory: 1005.191 MB.
INFO: [BIND 205-100] Starting micro-architecture generation ...
INFO: [BIND 205-101] Performing variable lifetime analysis.
INFO: [BIND 205-101] Exploring resource sharing.
INFO: [BIND 205-101] Binding ...
INFO: [BIND 205-100] Finished micro-architecture generation.
INFO: [HLS 200-111] Finished Binding: CPU user time: 0.01 seconds. CPU system time: 0.01 seconds. Elapsed time: 0.01 seconds; current allocated memory: 1005.234 MB.
INFO: [HLS 200-10] ----------------------------------------------------------------
INFO: [HLS 200-42] -- Implementing module 'dataflow_in_loop_VITIS_LOOP_92_1_1_Loop_VITIS_LOOP_99_2_proc' 
INFO: [HLS 200-10] ----------------------------------------------------------------
INFO: [SCHED 204-11] Starting scheduling ...
INFO: [SCHED 204-61] Pipelining loop 'VITIS_LOOP_99_2'.
INFO: [HLS 200-876] Unable to schedule the whole 8 cycles bus request operation ('empty', top_wrapper.cpp:99) on port 'gmem2' (top_wrapper.cpp:99) within the first cycle (II = 1). Simulation mismatch may occur if the input data is modified before this operation completes.
INFO: [HLS 200-1470] Pipelining result : Target II = 1, Final II = 1, Depth = 11, loop 'VITIS_LOOP_99_2'
INFO: [SCHED 204-11] Finished scheduling.
INFO: [HLS 200-111] Finished Scheduling: CPU user time: 0.04 seconds. CPU system time: 0 seconds. Elapsed time: 0.04 seconds; current allocated memory: 1006.477 MB.
INFO: [BIND 205-100] Starting micro-architecture generation ...
INFO: [BIND 205-101] Performing variable lifetime analysis.
INFO: [BIND 205-101] Exploring resource sharing.
INFO: [BIND 205-101] Binding ...
INFO: [BIND 205-100] Finished micro-architecture generation.
INFO: [HLS 200-111] Finished Binding: CPU user time: 0.01 seconds. CPU system time: 0 seconds. Elapsed time: 0.03 seconds; current allocated memory: 1006.477 MB.
INFO: [HLS 200-10] ----------------------------------------------------------------
INFO: [HLS 200-42] -- Implementing module 'load_input_Pipeline_load_input_loop_VITIS_LOOP_9_1' 
INFO: [HLS 200-10] ----------------------------------------------------------------
INFO: [SCHED 204-11] Starting scheduling ...
INFO: [HLS 200-486] Changing DSP latency (root=add_ln11_3) to 3 in order to utilize available DSP registers.
INFO: [HLS 200-486] Changing DSP latency (root=add_ln11_1) to 3 in order to utilize available DSP registers.
INFO: [SCHED 204-61] Pipelining loop 'load_input_loop_VITIS_LOOP_9_1'.
INFO: [HLS 200-1470] Pipelining result : Target II = NA, Final II = 1, Depth = 21, loop 'load_input_loop_VITIS_LOOP_9_1'
INFO: [SCHED 204-11] Finished scheduling.
INFO: [HLS 200-111] Finished Scheduling: CPU user time: 1.11 seconds. CPU system time: 0.01 seconds. Elapsed time: 1.13 seconds; current allocated memory: 1.001 GB.
INFO: [BIND 205-100] Starting micro-architecture generation ...
INFO: [BIND 205-101] Performing variable lifetime analysis.
INFO: [BIND 205-101] Exploring resource sharing.
INFO: [BIND 205-101] Binding ...
INFO: [BIND 205-100] Finished micro-architecture generation.
INFO: [HLS 200-111] Finished Binding: CPU user time: 0.25 seconds. CPU system time: 0.01 seconds. Elapsed time: 0.26 seconds; current allocated memory: 1.001 GB.
INFO: [HLS 200-10] ----------------------------------------------------------------
INFO: [HLS 200-42] -- Implementing module 'load_input' 
INFO: [HLS 200-10] ----------------------------------------------------------------
INFO: [SCHED 204-11] Starting scheduling ...
INFO: [SCHED 204-11] Finished scheduling.
INFO: [HLS 200-111] Finished Scheduling: CPU user time: 0.8 seconds. CPU system time: 0 seconds. Elapsed time: 0.81 seconds; current allocated memory: 1.005 GB.
INFO: [BIND 205-100] Starting micro-architecture generation ...
INFO: [BIND 205-101] Performing variable lifetime analysis.
INFO: [BIND 205-101] Exploring resource sharing.
INFO: [BIND 205-101] Binding ...
INFO: [BIND 205-100] Finished micro-architecture generation.
INFO: [HLS 200-111] Finished Binding: CPU user time: 0.27 seconds. CPU system time: 0.01 seconds. Elapsed time: 0.28 seconds; current allocated memory: 1.005 GB.
INFO: [HLS 200-10] ----------------------------------------------------------------
INFO: [HLS 200-42] -- Implementing module 'conv_Pipeline_VITIS_LOOP_41_1_VITIS_LOOP_42_2_VITIS_LOOP_43_3' 
INFO: [HLS 200-10] ----------------------------------------------------------------
INFO: [SCHED 204-11] Starting scheduling ...
INFO: [SCHED 204-61] Pipelining loop 'VITIS_LOOP_41_1_VITIS_LOOP_42_2_VITIS_LOOP_43_3'.
INFO: [HLS 200-1470] Pipelining result : Target II = NA, Final II = 1, Depth = 2, loop 'VITIS_LOOP_41_1_VITIS_LOOP_42_2_VITIS_LOOP_43_3'
INFO: [SCHED 204-11] Finished scheduling.
INFO: [HLS 200-111] Finished Scheduling: CPU user time: 0.19 seconds. CPU system time: 0.01 seconds. Elapsed time: 0.2 seconds; current allocated memory: 1.006 GB.
INFO: [BIND 205-100] Starting micro-architecture generation ...
INFO: [BIND 205-101] Performing variable lifetime analysis.
INFO: [BIND 205-101] Exploring resource sharing.
INFO: [BIND 205-101] Binding ...
INFO: [BIND 205-100] Finished micro-architecture generation.
INFO: [HLS 200-111] Finished Binding: CPU user time: 0.03 seconds. CPU system time: 0 seconds. Elapsed time: 0.03 seconds; current allocated memory: 1.006 GB.
INFO: [HLS 200-10] ----------------------------------------------------------------
INFO: [HLS 200-42] -- Implementing module 'conv_2_13_13_3_3_2_11_11_1_1_5_1_5_5_2_3_Pipeline_L5_L4_L3' 
INFO: [HLS 200-10] ----------------------------------------------------------------
INFO: [SCHED 204-11] Starting scheduling ...
INFO: [SCHED 204-61] Pipelining loop 'L5_L4_L3'.
INFO: [HLS 200-1470] Pipelining result : Target II = 1, Final II = 1, Depth = 14, loop 'L5_L4_L3'
INFO: [SCHED 204-11] Finished scheduling.
INFO: [HLS 200-111] Finished Scheduling: CPU user time: 3.52 seconds. CPU system time: 0.03 seconds. Elapsed time: 3.54 seconds; current allocated memory: 1.059 GB.
INFO: [BIND 205-100] Starting micro-architecture generation ...
INFO: [BIND 205-101] Performing variable lifetime analysis.
INFO: [BIND 205-101] Exploring resource sharing.
INFO: [BIND 205-101] Binding ...
INFO: [BIND 205-100] Finished micro-architecture generation.
INFO: [HLS 200-111] Finished Binding: CPU user time: 0.3 seconds. CPU system time: 0 seconds. Elapsed time: 0.31 seconds; current allocated memory: 1.059 GB.
INFO: [HLS 200-10] ----------------------------------------------------------------
INFO: [HLS 200-42] -- Implementing module 'conv_2_13_13_3_3_2_11_11_1_1_5_1_5_5_2_3_s' 
INFO: [HLS 200-10] ----------------------------------------------------------------
INFO: [SCHED 204-11] Starting scheduling ...
INFO: [SCHED 204-11] Finished scheduling.
INFO: [HLS 200-111] Finished Scheduling: CPU user time: 1.67 seconds. CPU system time: 0.01 seconds. Elapsed time: 1.68 seconds; current allocated memory: 1.059 GB.
INFO: [BIND 205-100] Starting micro-architecture generation ...
INFO: [BIND 205-101] Performing variable lifetime analysis.
INFO: [BIND 205-101] Exploring resource sharing.
INFO: [BIND 205-101] Binding ...
INFO: [BIND 205-100] Finished micro-architecture generation.
INFO: [HLS 200-111] Finished Binding: CPU user time: 0.46 seconds. CPU system time: 0 seconds. Elapsed time: 0.47 seconds; current allocated memory: 1.059 GB.
INFO: [HLS 200-10] ----------------------------------------------------------------
INFO: [HLS 200-42] -- Implementing module 'out_conv2mem_Pipeline_VITIS_LOOP_41_4' 
INFO: [HLS 200-10] ----------------------------------------------------------------
INFO: [SCHED 204-11] Starting scheduling ...
INFO: [SCHED 204-61] Pipelining loop 'VITIS_LOOP_41_4'.
WARNING: [HLS 200-880] The II Violation in module 'out_conv2mem_Pipeline_VITIS_LOOP_41_4' (loop 'VITIS_LOOP_41_4'): Unable to enforce a carried dependence constraint (II = 1, distance = 1, offset = 1) between bus write operation ('gmem1_addr_write_ln51', top_wrapper.cpp:51->top_wrapper.cpp:129) on port 'gmem1' (top_wrapper.cpp:51->top_wrapper.cpp:129) and bus write operation ('gmem1_addr_write_ln51', top_wrapper.cpp:51->top_wrapper.cpp:129) on port 'gmem1' (top_wrapper.cpp:51->top_wrapper.cpp:129).
INFO: [HLS 200-1470] Pipelining result : Target II = NA, Final II = 2, Depth = 10, loop 'VITIS_LOOP_41_4'
INFO: [SCHED 204-11] Finished scheduling.
INFO: [HLS 200-111] Finished Scheduling: CPU user time: 0.25 seconds. CPU system time: 0.01 seconds. Elapsed time: 0.26 seconds; current allocated memory: 1.059 GB.
INFO: [BIND 205-100] Starting micro-architecture generation ...
INFO: [BIND 205-101] Performing variable lifetime analysis.
INFO: [BIND 205-101] Exploring resource sharing.
INFO: [BIND 205-101] Binding ...
INFO: [BIND 205-100] Finished micro-architecture generation.
INFO: [HLS 200-111] Finished Binding: CPU user time: 0.03 seconds. CPU system time: 0 seconds. Elapsed time: 0.03 seconds; current allocated memory: 1.059 GB.
INFO: [HLS 200-10] ----------------------------------------------------------------
INFO: [HLS 200-42] -- Implementing module 'out_conv2mem_2_13_13_3_3_2_11_11_1_162_1_1_5_5_2_3_s' 
INFO: [HLS 200-10] ----------------------------------------------------------------
INFO: [SCHED 204-11] Starting scheduling ...
INFO: [SCHED 204-11] Finished scheduling.
INFO: [HLS 200-111] Finished Scheduling: CPU user time: 0.37 seconds. CPU system time: 0.01 seconds. Elapsed time: 0.38 seconds; current allocated memory: 1.060 GB.
INFO: [BIND 205-100] Starting micro-architecture generation ...
INFO: [BIND 205-101] Performing variable lifetime analysis.
INFO: [BIND 205-101] Exploring resource sharing.
INFO: [BIND 205-101] Binding ...
INFO: [BIND 205-100] Finished micro-architecture generation.
INFO: [HLS 200-111] Finished Binding: CPU user time: 0.11 seconds. CPU system time: 0 seconds. Elapsed time: 0.12 seconds; current allocated memory: 1.060 GB.
INFO: [HLS 200-10] ----------------------------------------------------------------
INFO: [HLS 200-42] -- Implementing module 'dataflow_in_loop_VITIS_LOOP_92_1_1' 
INFO: [HLS 200-10] ----------------------------------------------------------------
INFO: [SCHED 204-11] Starting scheduling ...
INFO: [SCHED 204-11] Finished scheduling.
INFO: [HLS 200-111] Finished Scheduling: CPU user time: 0.56 seconds. CPU system time: 0.01 seconds. Elapsed time: 0.58 seconds; current allocated memory: 1.068 GB.
INFO: [BIND 205-100] Starting micro-architecture generation ...
INFO: [BIND 205-101] Performing variable lifetime analysis.
INFO: [BIND 205-101] Exploring resource sharing.
INFO: [BIND 205-101] Binding ...
INFO: [BIND 205-100] Finished micro-architecture generation.
INFO: [HLS 200-111] Finished Binding: CPU user time: 0.26 seconds. CPU system time: 0 seconds. Elapsed time: 0.27 seconds; current allocated memory: 1.068 GB.
INFO: [HLS 200-10] ----------------------------------------------------------------
INFO: [HLS 200-42] -- Implementing module 'top_wrapper' 
INFO: [HLS 200-10] ----------------------------------------------------------------
INFO: [SCHED 204-11] Starting scheduling ...
INFO: [SCHED 204-11] Finished scheduling.
INFO: [HLS 200-111] Finished Scheduling: CPU user time: 0.23 seconds. CPU system time: 0.01 seconds. Elapsed time: 0.24 seconds; current allocated memory: 1.068 GB.
INFO: [BIND 205-100] Starting micro-architecture generation ...
INFO: [BIND 205-101] Performing variable lifetime analysis.
INFO: [BIND 205-101] Exploring resource sharing.
INFO: [BIND 205-101] Binding ...
INFO: [BIND 205-100] Finished micro-architecture generation.
INFO: [HLS 200-111] Finished Binding: CPU user time: 0.06 seconds. CPU system time: 0 seconds. Elapsed time: 0.07 seconds; current allocated memory: 1.068 GB.
INFO: [HLS 200-10] ----------------------------------------------------------------
INFO: [HLS 200-10] -- Generating RTL for module 'entry_proc' 
INFO: [HLS 200-10] ----------------------------------------------------------------
INFO: [RTGEN 206-100] Finished creating RTL model for 'entry_proc'.
INFO: [HLS 200-111] Finished Creating RTL model: CPU user time: 0.17 seconds. CPU system time: 0 seconds. Elapsed time: 0.17 seconds; current allocated memory: 1.068 GB.
INFO: [HLS 200-10] ----------------------------------------------------------------
INFO: [HLS 200-10] -- Generating RTL for module 'dataflow_in_loop_VITIS_LOOP_92_1_1_Loop_VITIS_LOOP_99_2_proc' 
INFO: [HLS 200-10] ----------------------------------------------------------------
INFO: [HLS 200-1030] Apply Unified Pipeline Control on module 'dataflow_in_loop_VITIS_LOOP_92_1_1_Loop_VITIS_LOOP_99_2_proc' pipeline 'VITIS_LOOP_99_2' pipeline type 'loop pipeline'
INFO: [RTGEN 206-100] Finished creating RTL model for 'dataflow_in_loop_VITIS_LOOP_92_1_1_Loop_VITIS_LOOP_99_2_proc'.
INFO: [HLS 200-111] Finished Creating RTL model: CPU user time: 0.09 seconds. CPU system time: 0 seconds. Elapsed time: 0.1 seconds; current allocated memory: 1.068 GB.
INFO: [HLS 200-10] ----------------------------------------------------------------
INFO: [HLS 200-10] -- Generating RTL for module 'load_input_Pipeline_load_input_loop_VITIS_LOOP_9_1' 
INFO: [HLS 200-10] ----------------------------------------------------------------
INFO: [HLS 200-1030] Apply Unified Pipeline Control on module 'load_input_Pipeline_load_input_loop_VITIS_LOOP_9_1' pipeline 'load_input_loop_VITIS_LOOP_9_1' pipeline type 'loop pipeline'
INFO: [RTGEN 206-104] Estimated max fanout for 'load_input_Pipeline_load_input_loop_VITIS_LOOP_9_1' is 20250 from HDL expression: ((1'b0 == ap_block_pp0_stage0_01001) & (ap_loop_exit_ready_pp0_iter20_reg == 1'b1) & (icmp_ln8_reg_13085_pp0_iter19_reg == 1'd1))
INFO: [RTGEN 206-100] Generating core module 'mac_muladd_6ns_6ns_7s_12_4_1': 1 instance(s).
INFO: [RTGEN 206-100] Generating core module 'mac_muladd_9ns_4ns_9ns_12_4_1': 1 instance(s).
INFO: [RTGEN 206-100] Generating core module 'mul_15ns_17ns_31_1_1': 2 instance(s).
INFO: [RTGEN 206-100] Generating core module 'urem_12ns_7ns_12_16_1': 1 instance(s).
INFO: [RTGEN 206-100] Generating core module 'urem_6ns_5ns_6_10_1': 1 instance(s).
INFO: [RTGEN 206-100] Finished creating RTL model for 'load_input_Pipeline_load_input_loop_VITIS_LOOP_9_1'.
INFO: [HLS 200-111] Finished Creating RTL model: CPU user time: 2.02 seconds. CPU system time: 0.03 seconds. Elapsed time: 2.07 seconds; current allocated memory: 1.097 GB.
INFO: [HLS 200-10] ----------------------------------------------------------------
INFO: [HLS 200-10] -- Generating RTL for module 'load_input' 
INFO: [HLS 200-10] ----------------------------------------------------------------
INFO: [RTGEN 206-104] Estimated max fanout for 'load_input' is 20253 from HDL expression: (1'b1 == ap_CS_fsm_state4)
INFO: [RTGEN 206-100] Generating core module 'mul_3ns_13ns_14_1_1': 1 instance(s).
INFO: [RTGEN 206-100] Finished creating RTL model for 'load_input'.
INFO: [HLS 200-111] Finished Creating RTL model: CPU user time: 15.39 seconds. CPU system time: 0.23 seconds. Elapsed time: 15.64 seconds; current allocated memory: 1.773 GB.
INFO: [HLS 200-10] ----------------------------------------------------------------
INFO: [HLS 200-10] -- Generating RTL for module 'conv_Pipeline_VITIS_LOOP_41_1_VITIS_LOOP_42_2_VITIS_LOOP_43_3' 
INFO: [HLS 200-10] ----------------------------------------------------------------
INFO: [HLS 200-1030] Apply Unified Pipeline Control on module 'conv_Pipeline_VITIS_LOOP_41_1_VITIS_LOOP_42_2_VITIS_LOOP_43_3' pipeline 'VITIS_LOOP_41_1_VITIS_LOOP_42_2_VITIS_LOOP_43_3' pipeline type 'loop pipeline'
INFO: [RTGEN 206-100] Finished creating RTL model for 'conv_Pipeline_VITIS_LOOP_41_1_VITIS_LOOP_42_2_VITIS_LOOP_43_3'.
INFO: [HLS 200-111] Finished Creating RTL model: CPU user time: 0.48 seconds. CPU system time: 0.01 seconds. Elapsed time: 0.49 seconds; current allocated memory: 1.773 GB.
INFO: [HLS 200-10] ----------------------------------------------------------------
INFO: [HLS 200-10] -- Generating RTL for module 'conv_2_13_13_3_3_2_11_11_1_1_5_1_5_5_2_3_Pipeline_L5_L4_L3' 
INFO: [HLS 200-10] ----------------------------------------------------------------
INFO: [HLS 200-1030] Apply Unified Pipeline Control on module 'conv_2_13_13_3_3_2_11_11_1_1_5_1_5_5_2_3_Pipeline_L5_L4_L3' pipeline 'L5_L4_L3' pipeline type 'loop pipeline'
INFO: [RTGEN 206-100] Generating core module 'mul_45s_8s_45_2_1': 9 instance(s).
INFO: [RTGEN 206-100] Generating core module 'mul_4ns_6ns_9_1_1': 8 instance(s).
INFO: [RTGEN 206-100] Generating core module 'sparsemux_101_6_45_1_1': 9 instance(s).
INFO: [RTGEN 206-100] Generating core module 'sparsemux_19_4_45_1_1': 9 instance(s).
INFO: [RTGEN 206-100] Generating core module 'sparsemux_77_6_45_1_1': 36 instance(s).
INFO: [RTGEN 206-100] Generating core module 'sparsemux_81_6_45_1_1': 18 instance(s).
INFO: [RTGEN 206-100] Generating core module 'sparsemux_97_6_45_1_1': 18 instance(s).
INFO: [RTGEN 206-100] Generating core module 'urem_4ns_3ns_4_8_1': 4 instance(s).
INFO: [RTGEN 206-100] Generating core module 'urem_4ns_4ns_4_8_1': 2 instance(s).
INFO: [RTGEN 206-100] Generating core module 'urem_6ns_5ns_4_10_1': 2 instance(s).
INFO: [RTGEN 206-100] Finished creating RTL model for 'conv_2_13_13_3_3_2_11_11_1_1_5_1_5_5_2_3_Pipeline_L5_L4_L3'.
INFO: [HLS 200-111] Finished Creating RTL model: CPU user time: 2.07 seconds. CPU system time: 0.01 seconds. Elapsed time: 2.1 seconds; current allocated memory: 1.773 GB.
INFO: [HLS 200-10] ----------------------------------------------------------------
INFO: [HLS 200-10] -- Generating RTL for module 'conv_2_13_13_3_3_2_11_11_1_1_5_1_5_5_2_3_s' 
INFO: [HLS 200-10] ----------------------------------------------------------------
INFO: [RTGEN 206-104] Estimated max fanout for 'conv_2_13_13_3_3_2_11_11_1_1_5_1_5_5_2_3_s' is 20396 from HDL expression: ((1'b0 == ap_block_state1) & (1'b1 == ap_CS_fsm_state1))
INFO: [RTGEN 206-100] Finished creating RTL model for 'conv_2_13_13_3_3_2_11_11_1_1_5_1_5_5_2_3_s'.
INFO: [HLS 200-111] Finished Creating RTL model: CPU user time: 15.69 seconds. CPU system time: 0.22 seconds. Elapsed time: 15.94 seconds; current allocated memory: 2.381 GB.
INFO: [HLS 200-10] ----------------------------------------------------------------
INFO: [HLS 200-10] -- Generating RTL for module 'out_conv2mem_Pipeline_VITIS_LOOP_41_4' 
INFO: [HLS 200-10] ----------------------------------------------------------------
INFO: [HLS 200-1030] Apply Unified Pipeline Control on module 'out_conv2mem_Pipeline_VITIS_LOOP_41_4' pipeline 'VITIS_LOOP_41_4' pipeline type 'loop pipeline'
INFO: [RTGEN 206-100] Generating core module 'sparsemux_51_5_32_1_1': 2 instance(s).
INFO: [RTGEN 206-100] Finished creating RTL model for 'out_conv2mem_Pipeline_VITIS_LOOP_41_4'.
INFO: [HLS 200-111] Finished Creating RTL model: CPU user time: 0.84 seconds. CPU system time: 0.02 seconds. Elapsed time: 0.88 seconds; current allocated memory: 2.381 GB.
INFO: [HLS 200-10] ----------------------------------------------------------------
INFO: [HLS 200-10] -- Generating RTL for module 'out_conv2mem_2_13_13_3_3_2_11_11_1_162_1_1_5_5_2_3_s' 
INFO: [HLS 200-10] ----------------------------------------------------------------
INFO: [RTGEN 206-104] Estimated max fanout for 'out_conv2mem_2_13_13_3_3_2_11_11_1_162_1_1_5_5_2_3_s' is 14428 from HDL expression: (1'b1 == ap_CS_fsm_state2)
INFO: [RTGEN 206-100] Generating core module 'mul_3ns_12ns_13_1_1': 1 instance(s).
INFO: [RTGEN 206-100] Generating core module 'sparsemux_19_5_32_1_1': 50 instance(s).
INFO: [RTGEN 206-100] Finished creating RTL model for 'out_conv2mem_2_13_13_3_3_2_11_11_1_162_1_1_5_5_2_3_s'.
INFO: [HLS 200-111] Finished Creating RTL model: CPU user time: 0.24 seconds. CPU system time: 0.01 seconds. Elapsed time: 0.25 seconds; current allocated memory: 2.381 GB.
INFO: [HLS 200-10] ----------------------------------------------------------------
INFO: [HLS 200-10] -- Generating RTL for module 'dataflow_in_loop_VITIS_LOOP_92_1_1' 
INFO: [HLS 200-10] ----------------------------------------------------------------
WARNING: [HLS 200-656] Deadlocks can occur since process dataflow_in_loop_VITIS_LOOP_92_1.1_Loop_VITIS_LOOP_99_2_proc is instantiated in a dataflow region with ap_ctrl_none or without start propagation and contains an auto-rewind pipeline.
WARNING: [RTGEN 206-101] Setting dangling out port 'dataflow_in_loop_VITIS_LOOP_92_1_1/m_axi_gmem2_0_AWVALID' to 0.
WARNING: [RTGEN 206-101] Setting dangling out port 'dataflow_in_loop_VITIS_LOOP_92_1_1/m_axi_gmem2_0_AWADDR' to 0.
WARNING: [RTGEN 206-101] Setting dangling out port 'dataflow_in_loop_VITIS_LOOP_92_1_1/m_axi_gmem2_0_AWID' to 0.
WARNING: [RTGEN 206-101] Setting dangling out port 'dataflow_in_loop_VITIS_LOOP_92_1_1/m_axi_gmem2_0_AWLEN' to 0.
WARNING: [RTGEN 206-101] Setting dangling out port 'dataflow_in_loop_VITIS_LOOP_92_1_1/m_axi_gmem2_0_AWSIZE' to 0.
WARNING: [RTGEN 206-101] Setting dangling out port 'dataflow_in_loop_VITIS_LOOP_92_1_1/m_axi_gmem2_0_AWBURST' to 0.
WARNING: [RTGEN 206-101] Setting dangling out port 'dataflow_in_loop_VITIS_LOOP_92_1_1/m_axi_gmem2_0_AWLOCK' to 0.
WARNING: [RTGEN 206-101] Setting dangling out port 'dataflow_in_loop_VITIS_LOOP_92_1_1/m_axi_gmem2_0_AWCACHE' to 0.
WARNING: [RTGEN 206-101] Setting dangling out port 'dataflow_in_loop_VITIS_LOOP_92_1_1/m_axi_gmem2_0_AWPROT' to 0.
WARNING: [RTGEN 206-101] Setting dangling out port 'dataflow_in_loop_VITIS_LOOP_92_1_1/m_axi_gmem2_0_AWQOS' to 0.
WARNING: [RTGEN 206-101] Setting dangling out port 'dataflow_in_loop_VITIS_LOOP_92_1_1/m_axi_gmem2_0_AWREGION' to 0.
WARNING: [RTGEN 206-101] Setting dangling out port 'dataflow_in_loop_VITIS_LOOP_92_1_1/m_axi_gmem2_0_AWUSER' to 0.
WARNING: [RTGEN 206-101] Setting dangling out port 'dataflow_in_loop_VITIS_LOOP_92_1_1/m_axi_gmem2_0_WVALID' to 0.
WARNING: [RTGEN 206-101] Setting dangling out port 'dataflow_in_loop_VITIS_LOOP_92_1_1/m_axi_gmem2_0_WDATA' to 0.
WARNING: [RTGEN 206-101] Setting dangling out port 'dataflow_in_loop_VITIS_LOOP_92_1_1/m_axi_gmem2_0_WSTRB' to 0.
WARNING: [RTGEN 206-101] Setting dangling out port 'dataflow_in_loop_VITIS_LOOP_92_1_1/m_axi_gmem2_0_WLAST' to 0.
WARNING: [RTGEN 206-101] Setting dangling out port 'dataflow_in_loop_VITIS_LOOP_92_1_1/m_axi_gmem2_0_WID' to 0.
WARNING: [RTGEN 206-101] Setting dangling out port 'dataflow_in_loop_VITIS_LOOP_92_1_1/m_axi_gmem2_0_WUSER' to 0.
WARNING: [RTGEN 206-101] Setting dangling out port 'dataflow_in_loop_VITIS_LOOP_92_1_1/m_axi_gmem2_0_BREADY' to 0.
WARNING: [RTGEN 206-101] Setting dangling out port 'dataflow_in_loop_VITIS_LOOP_92_1_1/m_axi_gmem1_0_ARVALID' to 0.
WARNING: [RTGEN 206-101] Setting dangling out port 'dataflow_in_loop_VITIS_LOOP_92_1_1/m_axi_gmem1_0_ARADDR' to 0.
WARNING: [RTGEN 206-101] Setting dangling out port 'dataflow_in_loop_VITIS_LOOP_92_1_1/m_axi_gmem1_0_ARID' to 0.
WARNING: [RTGEN 206-101] Setting dangling out port 'dataflow_in_loop_VITIS_LOOP_92_1_1/m_axi_gmem1_0_ARLEN' to 0.
WARNING: [RTGEN 206-101] Setting dangling out port 'dataflow_in_loop_VITIS_LOOP_92_1_1/m_axi_gmem1_0_ARSIZE' to 0.
WARNING: [RTGEN 206-101] Setting dangling out port 'dataflow_in_loop_VITIS_LOOP_92_1_1/m_axi_gmem1_0_ARBURST' to 0.
WARNING: [RTGEN 206-101] Setting dangling out port 'dataflow_in_loop_VITIS_LOOP_92_1_1/m_axi_gmem1_0_ARLOCK' to 0.
WARNING: [RTGEN 206-101] Setting dangling out port 'dataflow_in_loop_VITIS_LOOP_92_1_1/m_axi_gmem1_0_ARCACHE' to 0.
WARNING: [RTGEN 206-101] Setting dangling out port 'dataflow_in_loop_VITIS_LOOP_92_1_1/m_axi_gmem1_0_ARPROT' to 0.
WARNING: [RTGEN 206-101] Setting dangling out port 'dataflow_in_loop_VITIS_LOOP_92_1_1/m_axi_gmem1_0_ARQOS' to 0.
WARNING: [RTGEN 206-101] Setting dangling out port 'dataflow_in_loop_VITIS_LOOP_92_1_1/m_axi_gmem1_0_ARREGION' to 0.
WARNING: [RTGEN 206-101] Setting dangling out port 'dataflow_in_loop_VITIS_LOOP_92_1_1/m_axi_gmem1_0_ARUSER' to 0.
WARNING: [RTGEN 206-101] Setting dangling out port 'dataflow_in_loop_VITIS_LOOP_92_1_1/m_axi_gmem1_0_RREADY' to 0.
INFO: [RTGEN 206-100] Finished creating RTL model for 'dataflow_in_loop_VITIS_LOOP_92_1_1'.
INFO: [RTMG 210-285] Implementing FIFO 'memory_c_U(top_wrapper_fifo_w64_d4_S)' using Shift Registers.
INFO: [RTMG 210-285] Implementing FIFO 'filter2conv_U(top_wrapper_fifo_w8_d100_S)' using Shift Registers.
INFO: [RTMG 210-285] Implementing FIFO 'img_0_c_U(top_wrapper_fifo_w3_d3_S)' using Shift Registers.
INFO: [RTMG 210-285] Implementing FIFO 'memory_in_local_U(top_wrapper_fifo_w45_d2_S)' using Shift Registers.
INFO: [RTMG 210-285] Implementing FIFO 'memory_in_local_450_U(top_wrapper_fifo_w45_d2_S)' using Shift Registers.
INFO: [RTMG 210-285] Implementing FIFO 'memory_in_local_451_U(top_wrapper_fifo_w45_d2_S)' using Shift Registers.
INFO: [RTMG 210-285] Implementing FIFO 'memory_in_local_452_U(top_wrapper_fifo_w45_d2_S)' using Shift Registers.
INFO: [RTMG 210-285] Implementing FIFO 'memory_in_local_453_U(top_wrapper_fifo_w45_d2_S)' using Shift Registers.
INFO: [RTMG 210-285] Implementing FIFO 'memory_in_local_454_U(top_wrapper_fifo_w45_d2_S)' using Shift Registers.
INFO: [RTMG 210-285] Implementing FIFO 'memory_in_local_455_U(top_wrapper_fifo_w45_d2_S)' using Shift Registers.
INFO: [RTMG 210-285] Implementing FIFO 'memory_in_local_456_U(top_wrapper_fifo_w45_d2_S)' using Shift Registers.
INFO: [RTMG 210-285] Implementing FIFO 'memory_in_local_457_U(top_wrapper_fifo_w45_d2_S)' using Shift Registers.
INFO: [RTMG 210-285] Implementing FIFO 'memory_in_local_458_U(top_wrapper_fifo_w45_d2_S)' using Shift Registers.
INFO: [RTMG 210-285] Implementing FIFO 'memory_in_local_459_U(top_wrapper_fifo_w45_d2_S)' using Shift Registers.
INFO: [RTMG 210-285] Implementing FIFO 'memory_in_local_460_U(top_wrapper_fifo_w45_d2_S)' using Shift Registers.
INFO: [RTMG 210-285] Implementing FIFO 'memory_in_local_461_U(top_wrapper_fifo_w45_d2_S)' using Shift Registers.
INFO: [RTMG 210-285] Implementing FIFO 'memory_in_local_462_U(top_wrapper_fifo_w45_d2_S)' using Shift Registers.
INFO: [RTMG 210-285] Implementing FIFO 'memory_in_local_463_U(top_wrapper_fifo_w45_d2_S)' using Shift Registers.
INFO: [RTMG 210-285] Implementing FIFO 'memory_in_local_464_U(top_wrapper_fifo_w45_d2_S)' using Shift Registers.
INFO: [RTMG 210-285] Implementing FIFO 'memory_in_local_465_U(top_wrapper_fifo_w45_d2_S)' using Shift Registers.
INFO: [RTMG 210-285] Implementing FIFO 'memory_in_local_466_U(top_wrapper_fifo_w45_d2_S)' using Shift Registers.
INFO: [RTMG 210-285] Implementing FIFO 'memory_in_local_467_U(top_wrapper_fifo_w45_d2_S)' using Shift Registers.
INFO: [RTMG 210-285] Implementing FIFO 'memory_in_local_468_U(top_wrapper_fifo_w45_d2_S)' using Shift Registers.
INFO: [RTMG 210-285] Implementing FIFO 'memory_in_local_469_U(top_wrapper_fifo_w45_d2_S)' using Shift Registers.
INFO: [RTMG 210-285] Implementing FIFO 'memory_in_local_470_U(top_wrapper_fifo_w45_d2_S)' using Shift Registers.
INFO: [RTMG 210-285] Implementing FIFO 'memory_in_local_471_U(top_wrapper_fifo_w45_d2_S)' using Shift Registers.
INFO: [RTMG 210-285] Implementing FIFO 'memory_in_local_472_U(top_wrapper_fifo_w45_d2_S)' using Shift Registers.
INFO: [RTMG 210-285] Implementing FIFO 'memory_in_local_473_U(top_wrapper_fifo_w45_d2_S)' using Shift Registers.
INFO: [RTMG 210-285] Implementing FIFO 'memory_in_local_474_U(top_wrapper_fifo_w45_d2_S)' using Shift Registers.
INFO: [RTMG 210-285] Implementing FIFO 'memory_in_local_475_U(top_wrapper_fifo_w45_d2_S)' using Shift Registers.
INFO: [RTMG 210-285] Implementing FIFO 'memory_in_local_476_U(top_wrapper_fifo_w45_d2_S)' using Shift Registers.
INFO: [RTMG 210-285] Implementing FIFO 'memory_in_local_477_U(top_wrapper_fifo_w45_d2_S)' using Shift Registers.
INFO: [RTMG 210-285] Implementing FIFO 'memory_in_local_478_U(top_wrapper_fifo_w45_d2_S)' using Shift Registers.
INFO: [RTMG 210-285] Implementing FIFO 'memory_in_local_479_U(top_wrapper_fifo_w45_d2_S)' using Shift Registers.
INFO: [RTMG 210-285] Implementing FIFO 'memory_in_local_480_U(top_wrapper_fifo_w45_d2_S)' using Shift Registers.
INFO: [RTMG 210-285] Implementing FIFO 'memory_in_local_481_U(top_wrapper_fifo_w45_d2_S)' using Shift Registers.
INFO: [RTMG 210-285] Implementing FIFO 'memory_in_local_482_U(top_wrapper_fifo_w45_d2_S)' using Shift Registers.
INFO: [RTMG 210-285] Implementing FIFO 'memory_in_local_483_U(top_wrapper_fifo_w45_d2_S)' using Shift Registers.
INFO: [RTMG 210-285] Implementing FIFO 'memory_in_local_484_U(top_wrapper_fifo_w45_d2_S)' using Shift Registers.
INFO: [RTMG 210-285] Implementing FIFO 'memory_in_local_485_U(top_wrapper_fifo_w45_d2_S)' using Shift Registers.
INFO: [RTMG 210-285] Implementing FIFO 'memory_in_local_486_U(top_wrapper_fifo_w45_d2_S)' using Shift Registers.
INFO: [RTMG 210-285] Implementing FIFO 'memory_in_local_487_U(top_wrapper_fifo_w45_d2_S)' using Shift Registers.
INFO: [RTMG 210-285] Implementing FIFO 'memory_in_local_488_U(top_wrapper_fifo_w45_d2_S)' using Shift Registers.
INFO: [RTMG 210-285] Implementing FIFO 'memory_in_local_489_U(top_wrapper_fifo_w45_d2_S)' using Shift Registers.
INFO: [RTMG 210-285] Implementing FIFO 'memory_in_local_490_U(top_wrapper_fifo_w45_d2_S)' using Shift Registers.
INFO: [RTMG 210-285] Implementing FIFO 'memory_in_local_491_U(top_wrapper_fifo_w45_d2_S)' using Shift Registers.
INFO: [RTMG 210-285] Implementing FIFO 'memory_in_local_492_U(top_wrapper_fifo_w45_d2_S)' using Shift Registers.
INFO: [RTMG 210-285] Implementing FIFO 'memory_in_local_493_U(top_wrapper_fifo_w45_d2_S)' using Shift Registers.
INFO: [RTMG 210-285] Implementing FIFO 'memory_in_local_494_U(top_wrapper_fifo_w45_d2_S)' using Shift Registers.
INFO: [RTMG 210-285] Implementing FIFO 'memory_in_local_495_U(top_wrapper_fifo_w45_d2_S)' using Shift Registers.
INFO: [RTMG 210-285] Implementing FIFO 'memory_in_local_496_U(top_wrapper_fifo_w45_d2_S)' using Shift Registers.
INFO: [RTMG 210-285] Implementing FIFO 'memory_in_local_497_U(top_wrapper_fifo_w45_d2_S)' using Shift Registers.
INFO: [RTMG 210-285] Implementing FIFO 'memory_in_local_498_U(top_wrapper_fifo_w45_d2_S)' using Shift Registers.
INFO: [RTMG 210-285] Implementing FIFO 'memory_in_local_499_U(top_wrapper_fifo_w45_d2_S)' using Shift Registers.
INFO: [RTMG 210-285] Implementing FIFO 'memory_in_local_500_U(top_wrapper_fifo_w45_d2_S)' using Shift Registers.
INFO: [RTMG 210-285] Implementing FIFO 'memory_in_local_501_U(top_wrapper_fifo_w45_d2_S)' using Shift Registers.
INFO: [RTMG 210-285] Implementing FIFO 'memory_in_local_502_U(top_wrapper_fifo_w45_d2_S)' using Shift Registers.
INFO: [RTMG 210-285] Implementing FIFO 'memory_in_local_503_U(top_wrapper_fifo_w45_d2_S)' using Shift Registers.
INFO: [RTMG 210-285] Implementing FIFO 'memory_in_local_504_U(top_wrapper_fifo_w45_d2_S)' using Shift Registers.
INFO: [RTMG 210-285] Implementing FIFO 'memory_in_local_505_U(top_wrapper_fifo_w45_d2_S)' using Shift Registers.
INFO: [RTMG 210-285] Implementing FIFO 'memory_in_local_506_U(top_wrapper_fifo_w45_d2_S)' using Shift Registers.
INFO: [RTMG 210-285] Implementing FIFO 'memory_in_local_507_U(top_wrapper_fifo_w45_d2_S)' using Shift Registers.
INFO: [RTMG 210-285] Implementing FIFO 'memory_in_local_508_U(top_wrapper_fifo_w45_d2_S)' using Shift Registers.
INFO: [RTMG 210-285] Implementing FIFO 'memory_in_local_509_U(top_wrapper_fifo_w45_d2_S)' using Shift Registers.
INFO: [RTMG 210-285] Implementing FIFO 'memory_in_local_510_U(top_wrapper_fifo_w45_d2_S)' using Shift Registers.
INFO: [RTMG 210-285] Implementing FIFO 'memory_in_local_511_U(top_wrapper_fifo_w45_d2_S)' using Shift Registers.
INFO: [RTMG 210-285] Implementing FIFO 'memory_in_local_512_U(top_wrapper_fifo_w45_d2_S)' using Shift Registers.
INFO: [RTMG 210-285] Implementing FIFO 'memory_in_local_513_U(top_wrapper_fifo_w45_d2_S)' using Shift Registers.
INFO: [RTMG 210-285] Implementing FIFO 'memory_in_local_514_U(top_wrapper_fifo_w45_d2_S)' using Shift Registers.
INFO: [RTMG 210-285] Implementing FIFO 'memory_in_local_515_U(top_wrapper_fifo_w45_d2_S)' using Shift Registers.
INFO: [RTMG 210-285] Implementing FIFO 'memory_in_local_516_U(top_wrapper_fifo_w45_d2_S)' using Shift Registers.
INFO: [RTMG 210-285] Implementing FIFO 'memory_in_local_517_U(top_wrapper_fifo_w45_d2_S)' using Shift Registers.
INFO: [RTMG 210-285] Implementing FIFO 'memory_in_local_518_U(top_wrapper_fifo_w45_d2_S)' using Shift Registers.
INFO: [RTMG 210-285] Implementing FIFO 'memory_in_local_519_U(top_wrapper_fifo_w45_d2_S)' using Shift Registers.
INFO: [RTMG 210-285] Implementing FIFO 'memory_in_local_520_U(top_wrapper_fifo_w45_d2_S)' using Shift Registers.
INFO: [RTMG 210-285] Implementing FIFO 'memory_in_local_521_U(top_wrapper_fifo_w45_d2_S)' using Shift Registers.
INFO: [RTMG 210-285] Implementing FIFO 'memory_in_local_522_U(top_wrapper_fifo_w45_d2_S)' using Shift Registers.
INFO: [RTMG 210-285] Implementing FIFO 'memory_in_local_523_U(top_wrapper_fifo_w45_d2_S)' using Shift Registers.
INFO: [RTMG 210-285] Implementing FIFO 'memory_in_local_524_U(top_wrapper_fifo_w45_d2_S)' using Shift Registers.
INFO: [RTMG 210-285] Implementing FIFO 'memory_in_local_525_U(top_wrapper_fifo_w45_d2_S)' using Shift Registers.
INFO: [RTMG 210-285] Implementing FIFO 'memory_in_local_526_U(top_wrapper_fifo_w45_d2_S)' using Shift Registers.
INFO: [RTMG 210-285] Implementing FIFO 'memory_in_local_527_U(top_wrapper_fifo_w45_d2_S)' using Shift Registers.
INFO: [RTMG 210-285] Implementing FIFO 'memory_in_local_528_U(top_wrapper_fifo_w45_d2_S)' using Shift Registers.
INFO: [RTMG 210-285] Implementing FIFO 'memory_in_local_529_U(top_wrapper_fifo_w45_d2_S)' using Shift Registers.
INFO: [RTMG 210-285] Implementing FIFO 'memory_in_local_530_U(top_wrapper_fifo_w45_d2_S)' using Shift Registers.
INFO: [RTMG 210-285] Implementing FIFO 'memory_in_local_531_U(top_wrapper_fifo_w45_d2_S)' using Shift Registers.
INFO: [RTMG 210-285] Implementing FIFO 'memory_in_local_532_U(top_wrapper_fifo_w45_d2_S)' using Shift Registers.
INFO: [RTMG 210-285] Implementing FIFO 'memory_in_local_533_U(top_wrapper_fifo_w45_d2_S)' using Shift Registers.
INFO: [RTMG 210-285] Implementing FIFO 'memory_in_local_534_U(top_wrapper_fifo_w45_d2_S)' using Shift Registers.
INFO: [RTMG 210-285] Implementing FIFO 'memory_in_local_535_U(top_wrapper_fifo_w45_d2_S)' using Shift Registers.
INFO: [RTMG 210-285] Implementing FIFO 'memory_in_local_536_U(top_wrapper_fifo_w45_d2_S)' using Shift Registers.
INFO: [RTMG 210-285] Implementing FIFO 'memory_in_local_537_U(top_wrapper_fifo_w45_d2_S)' using Shift Registers.
INFO: [RTMG 210-285] Implementing FIFO 'memory_in_local_538_U(top_wrapper_fifo_w45_d2_S)' using Shift Registers.
INFO: [RTMG 210-285] Implementing FIFO 'memory_in_local_539_U(top_wrapper_fifo_w45_d2_S)' using Shift Registers.
INFO: [RTMG 210-285] Implementing FIFO 'memory_in_local_540_U(top_wrapper_fifo_w45_d2_S)' using Shift Registers.
INFO: [RTMG 210-285] Implementing FIFO 'memory_in_local_541_U(top_wrapper_fifo_w45_d2_S)' using Shift Registers.
INFO: [RTMG 210-285] Implementing FIFO 'memory_in_local_542_U(top_wrapper_fifo_w45_d2_S)' using Shift Registers.
INFO: [RTMG 210-285] Implementing FIFO 'memory_in_local_543_U(top_wrapper_fifo_w45_d2_S)' using Shift Registers.
INFO: [RTMG 210-285] Implementing FIFO 'memory_in_local_544_U(top_wrapper_fifo_w45_d2_S)' using Shift Registers.
INFO: [RTMG 210-285] Implementing FIFO 'memory_in_local_545_U(top_wrapper_fifo_w45_d2_S)' using Shift Registers.
INFO: [RTMG 210-285] Implementing FIFO 'memory_in_local_546_U(top_wrapper_fifo_w45_d2_S)' using Shift Registers.
INFO: [RTMG 210-285] Implementing FIFO 'memory_in_local_547_U(top_wrapper_fifo_w45_d2_S)' using Shift Registers.
INFO: [RTMG 210-285] Implementing FIFO 'memory_in_local_548_U(top_wrapper_fifo_w45_d2_S)' using Shift Registers.
INFO: [RTMG 210-285] Implementing FIFO 'memory_in_local_549_U(top_wrapper_fifo_w45_d2_S)' using Shift Registers.
INFO: [RTMG 210-285] Implementing FIFO 'memory_in_local_550_U(top_wrapper_fifo_w45_d2_S)' using Shift Registers.
INFO: [RTMG 210-285] Implementing FIFO 'memory_in_local_551_U(top_wrapper_fifo_w45_d2_S)' using Shift Registers.
INFO: [RTMG 210-285] Implementing FIFO 'memory_in_local_552_U(top_wrapper_fifo_w45_d2_S)' using Shift Registers.
INFO: [RTMG 210-285] Implementing FIFO 'memory_in_local_553_U(top_wrapper_fifo_w45_d2_S)' using Shift Registers.
INFO: [RTMG 210-285] Implementing FIFO 'memory_in_local_554_U(top_wrapper_fifo_w45_d2_S)' using Shift Registers.
INFO: [RTMG 210-285] Implementing FIFO 'memory_in_local_555_U(top_wrapper_fifo_w45_d2_S)' using Shift Registers.
INFO: [RTMG 210-285] Implementing FIFO 'memory_in_local_556_U(top_wrapper_fifo_w45_d2_S)' using Shift Registers.
INFO: [RTMG 210-285] Implementing FIFO 'memory_in_local_557_U(top_wrapper_fifo_w45_d2_S)' using Shift Registers.
INFO: [RTMG 210-285] Implementing FIFO 'memory_in_local_558_U(top_wrapper_fifo_w45_d2_S)' using Shift Registers.
INFO: [RTMG 210-285] Implementing FIFO 'memory_in_local_559_U(top_wrapper_fifo_w45_d2_S)' using Shift Registers.
INFO: [RTMG 210-285] Implementing FIFO 'memory_in_local_560_U(top_wrapper_fifo_w45_d2_S)' using Shift Registers.
INFO: [RTMG 210-285] Implementing FIFO 'memory_in_local_561_U(top_wrapper_fifo_w45_d2_S)' using Shift Registers.
INFO: [RTMG 210-285] Implementing FIFO 'memory_in_local_562_U(top_wrapper_fifo_w45_d2_S)' using Shift Registers.
INFO: [RTMG 210-285] Implementing FIFO 'memory_in_local_563_U(top_wrapper_fifo_w45_d2_S)' using Shift Registers.
INFO: [RTMG 210-285] Implementing FIFO 'memory_in_local_564_U(top_wrapper_fifo_w45_d2_S)' using Shift Registers.
INFO: [RTMG 210-285] Implementing FIFO 'memory_in_local_565_U(top_wrapper_fifo_w45_d2_S)' using Shift Registers.
INFO: [RTMG 210-285] Implementing FIFO 'memory_in_local_566_U(top_wrapper_fifo_w45_d2_S)' using Shift Registers.
INFO: [RTMG 210-285] Implementing FIFO 'memory_in_local_567_U(top_wrapper_fifo_w45_d2_S)' using Shift Registers.
INFO: [RTMG 210-285] Implementing FIFO 'memory_in_local_568_U(top_wrapper_fifo_w45_d2_S)' using Shift Registers.
INFO: [RTMG 210-285] Implementing FIFO 'memory_in_local_569_U(top_wrapper_fifo_w45_d2_S)' using Shift Registers.
INFO: [RTMG 210-285] Implementing FIFO 'memory_in_local_570_U(top_wrapper_fifo_w45_d2_S)' using Shift Registers.
INFO: [RTMG 210-285] Implementing FIFO 'memory_in_local_571_U(top_wrapper_fifo_w45_d2_S)' using Shift Registers.
INFO: [RTMG 210-285] Implementing FIFO 'memory_in_local_572_U(top_wrapper_fifo_w45_d2_S)' using Shift Registers.
INFO: [RTMG 210-285] Implementing FIFO 'memory_in_local_573_U(top_wrapper_fifo_w45_d2_S)' using Shift Registers.
INFO: [RTMG 210-285] Implementing FIFO 'memory_in_local_574_U(top_wrapper_fifo_w45_d2_S)' using Shift Registers.
INFO: [RTMG 210-285] Implementing FIFO 'memory_in_local_575_U(top_wrapper_fifo_w45_d2_S)' using Shift Registers.
INFO: [RTMG 210-285] Implementing FIFO 'memory_in_local_576_U(top_wrapper_fifo_w45_d2_S)' using Shift Registers.
INFO: [RTMG 210-285] Implementing FIFO 'memory_in_local_577_U(top_wrapper_fifo_w45_d2_S)' using Shift Registers.
INFO: [RTMG 210-285] Implementing FIFO 'memory_in_local_578_U(top_wrapper_fifo_w45_d2_S)' using Shift Registers.
INFO: [RTMG 210-285] Implementing FIFO 'memory_in_local_579_U(top_wrapper_fifo_w45_d2_S)' using Shift Registers.
INFO: [RTMG 210-285] Implementing FIFO 'memory_in_local_580_U(top_wrapper_fifo_w45_d2_S)' using Shift Registers.
INFO: [RTMG 210-285] Implementing FIFO 'memory_in_local_581_U(top_wrapper_fifo_w45_d2_S)' using Shift Registers.
INFO: [RTMG 210-285] Implementing FIFO 'memory_in_local_582_U(top_wrapper_fifo_w45_d2_S)' using Shift Registers.
INFO: [RTMG 210-285] Implementing FIFO 'memory_in_local_583_U(top_wrapper_fifo_w45_d2_S)' using Shift Registers.
INFO: [RTMG 210-285] Implementing FIFO 'memory_in_local_584_U(top_wrapper_fifo_w45_d2_S)' using Shift Registers.
INFO: [RTMG 210-285] Implementing FIFO 'memory_in_local_585_U(top_wrapper_fifo_w45_d2_S)' using Shift Registers.
INFO: [RTMG 210-285] Implementing FIFO 'memory_in_local_586_U(top_wrapper_fifo_w45_d2_S)' using Shift Registers.
INFO: [RTMG 210-285] Implementing FIFO 'memory_in_local_587_U(top_wrapper_fifo_w45_d2_S)' using Shift Registers.
INFO: [RTMG 210-285] Implementing FIFO 'memory_in_local_588_U(top_wrapper_fifo_w45_d2_S)' using Shift Registers.
INFO: [RTMG 210-285] Implementing FIFO 'memory_in_local_589_U(top_wrapper_fifo_w45_d2_S)' using Shift Registers.
INFO: [RTMG 210-285] Implementing FIFO 'memory_in_local_590_U(top_wrapper_fifo_w45_d2_S)' using Shift Registers.
INFO: [RTMG 210-285] Implementing FIFO 'memory_in_local_591_U(top_wrapper_fifo_w45_d2_S)' using Shift Registers.
INFO: [RTMG 210-285] Implementing FIFO 'memory_in_local_592_U(top_wrapper_fifo_w45_d2_S)' using Shift Registers.
INFO: [RTMG 210-285] Implementing FIFO 'memory_in_local_593_U(top_wrapper_fifo_w45_d2_S)' using Shift Registers.
INFO: [RTMG 210-285] Implementing FIFO 'memory_in_local_594_U(top_wrapper_fifo_w45_d2_S)' using Shift Registers.
INFO: [RTMG 210-285] Implementing FIFO 'memory_in_local_595_U(top_wrapper_fifo_w45_d2_S)' using Shift Registers.
INFO: [RTMG 210-285] Implementing FIFO 'memory_in_local_596_U(top_wrapper_fifo_w45_d2_S)' using Shift Registers.
INFO: [RTMG 210-285] Implementing FIFO 'memory_in_local_597_U(top_wrapper_fifo_w45_d2_S)' using Shift Registers.
INFO: [RTMG 210-285] Implementing FIFO 'memory_in_local_598_U(top_wrapper_fifo_w45_d2_S)' using Shift Registers.
INFO: [RTMG 210-285] Implementing FIFO 'memory_in_local_599_U(top_wrapper_fifo_w45_d2_S)' using Shift Registers.
INFO: [RTMG 210-285] Implementing FIFO 'memory_in_local_600_U(top_wrapper_fifo_w45_d2_S)' using Shift Registers.
INFO: [RTMG 210-285] Implementing FIFO 'memory_in_local_601_U(top_wrapper_fifo_w45_d2_S)' using Shift Registers.
INFO: [RTMG 210-285] Implementing FIFO 'memory_in_local_602_U(top_wrapper_fifo_w45_d2_S)' using Shift Registers.
INFO: [RTMG 210-285] Implementing FIFO 'memory_in_local_603_U(top_wrapper_fifo_w45_d2_S)' using Shift Registers.
INFO: [RTMG 210-285] Implementing FIFO 'memory_in_local_604_U(top_wrapper_fifo_w45_d2_S)' using Shift Registers.
INFO: [RTMG 210-285] Implementing FIFO 'memory_in_local_605_U(top_wrapper_fifo_w45_d2_S)' using Shift Registers.
INFO: [RTMG 210-285] Implementing FIFO 'memory_in_local_606_U(top_wrapper_fifo_w45_d2_S)' using Shift Registers.
INFO: [RTMG 210-285] Implementing FIFO 'memory_in_local_607_U(top_wrapper_fifo_w45_d2_S)' using Shift Registers.
INFO: [RTMG 210-285] Implementing FIFO 'memory_in_local_608_U(top_wrapper_fifo_w45_d2_S)' using Shift Registers.
INFO: [RTMG 210-285] Implementing FIFO 'memory_in_local_609_U(top_wrapper_fifo_w45_d2_S)' using Shift Registers.
INFO: [RTMG 210-285] Implementing FIFO 'memory_in_local_610_U(top_wrapper_fifo_w45_d2_S)' using Shift Registers.
INFO: [RTMG 210-285] Implementing FIFO 'memory_in_local_611_U(top_wrapper_fifo_w45_d2_S)' using Shift Registers.
INFO: [RTMG 210-285] Implementing FIFO 'memory_in_local_612_U(top_wrapper_fifo_w45_d2_S)' using Shift Registers.
INFO: [RTMG 210-285] Implementing FIFO 'memory_in_local_613_U(top_wrapper_fifo_w45_d2_S)' using Shift Registers.
INFO: [RTMG 210-285] Implementing FIFO 'memory_in_local_614_U(top_wrapper_fifo_w45_d2_S)' using Shift Registers.
INFO: [RTMG 210-285] Implementing FIFO 'memory_in_local_615_U(top_wrapper_fifo_w45_d2_S)' using Shift Registers.
INFO: [RTMG 210-285] Implementing FIFO 'memory_in_local_616_U(top_wrapper_fifo_w45_d2_S)' using Shift Registers.
INFO: [RTMG 210-285] Implementing FIFO 'memory_in_local_617_U(top_wrapper_fifo_w45_d2_S)' using Shift Registers.
INFO: [RTMG 210-285] Implementing FIFO 'memory_in_local_618_U(top_wrapper_fifo_w45_d2_S)' using Shift Registers.
INFO: [RTMG 210-285] Implementing FIFO 'memory_in_local_619_U(top_wrapper_fifo_w45_d2_S)' using Shift Registers.
INFO: [RTMG 210-285] Implementing FIFO 'memory_in_local_620_U(top_wrapper_fifo_w45_d2_S)' using Shift Registers.
INFO: [RTMG 210-285] Implementing FIFO 'memory_in_local_621_U(top_wrapper_fifo_w45_d2_S)' using Shift Registers.
INFO: [RTMG 210-285] Implementing FIFO 'memory_in_local_622_U(top_wrapper_fifo_w45_d2_S)' using Shift Registers.
INFO: [RTMG 210-285] Implementing FIFO 'memory_in_local_623_U(top_wrapper_fifo_w45_d2_S)' using Shift Registers.
INFO: [RTMG 210-285] Implementing FIFO 'memory_in_local_624_U(top_wrapper_fifo_w45_d2_S)' using Shift Registers.
INFO: [RTMG 210-285] Implementing FIFO 'memory_in_local_625_U(top_wrapper_fifo_w45_d2_S)' using Shift Registers.
INFO: [RTMG 210-285] Implementing FIFO 'memory_in_local_626_U(top_wrapper_fifo_w45_d2_S)' using Shift Registers.
INFO: [RTMG 210-285] Implementing FIFO 'memory_in_local_627_U(top_wrapper_fifo_w45_d2_S)' using Shift Registers.
INFO: [RTMG 210-285] Implementing FIFO 'memory_in_local_628_U(top_wrapper_fifo_w45_d2_S)' using Shift Registers.
INFO: [RTMG 210-285] Implementing FIFO 'memory_in_local_629_U(top_wrapper_fifo_w45_d2_S)' using Shift Registers.
INFO: [RTMG 210-285] Implementing FIFO 'memory_in_local_630_U(top_wrapper_fifo_w45_d2_S)' using Shift Registers.
INFO: [RTMG 210-285] Implementing FIFO 'memory_in_local_631_U(top_wrapper_fifo_w45_d2_S)' using Shift Registers.
INFO: [RTMG 210-285] Implementing FIFO 'memory_in_local_632_U(top_wrapper_fifo_w45_d2_S)' using Shift Registers.
INFO: [RTMG 210-285] Implementing FIFO 'memory_in_local_633_U(top_wrapper_fifo_w45_d2_S)' using Shift Registers.
INFO: [RTMG 210-285] Implementing FIFO 'memory_in_local_634_U(top_wrapper_fifo_w45_d2_S)' using Shift Registers.
INFO: [RTMG 210-285] Implementing FIFO 'memory_in_local_635_U(top_wrapper_fifo_w45_d2_S)' using Shift Registers.
INFO: [RTMG 210-285] Implementing FIFO 'memory_in_local_636_U(top_wrapper_fifo_w45_d2_S)' using Shift Registers.
INFO: [RTMG 210-285] Implementing FIFO 'memory_in_local_637_U(top_wrapper_fifo_w45_d2_S)' using Shift Registers.
INFO: [RTMG 210-285] Implementing FIFO 'memory_in_local_638_U(top_wrapper_fifo_w45_d2_S)' using Shift Registers.
INFO: [RTMG 210-285] Implementing FIFO 'memory_in_local_639_U(top_wrapper_fifo_w45_d2_S)' using Shift Registers.
INFO: [RTMG 210-285] Implementing FIFO 'memory_in_local_640_U(top_wrapper_fifo_w45_d2_S)' using Shift Registers.
INFO: [RTMG 210-285] Implementing FIFO 'memory_in_local_641_U(top_wrapper_fifo_w45_d2_S)' using Shift Registers.
INFO: [RTMG 210-285] Implementing FIFO 'memory_in_local_642_U(top_wrapper_fifo_w45_d2_S)' using Shift Registers.
INFO: [RTMG 210-285] Implementing FIFO 'memory_in_local_643_U(top_wrapper_fifo_w45_d2_S)' using Shift Registers.
INFO: [RTMG 210-285] Implementing FIFO 'memory_in_local_644_U(top_wrapper_fifo_w45_d2_S)' using Shift Registers.
INFO: [RTMG 210-285] Implementing FIFO 'memory_in_local_645_U(top_wrapper_fifo_w45_d2_S)' using Shift Registers.
INFO: [RTMG 210-285] Implementing FIFO 'memory_in_local_646_U(top_wrapper_fifo_w45_d2_S)' using Shift Registers.
INFO: [RTMG 210-285] Implementing FIFO 'memory_in_local_647_U(top_wrapper_fifo_w45_d2_S)' using Shift Registers.
INFO: [RTMG 210-285] Implementing FIFO 'memory_in_local_648_U(top_wrapper_fifo_w45_d2_S)' using Shift Registers.
INFO: [RTMG 210-285] Implementing FIFO 'memory_in_local_649_U(top_wrapper_fifo_w45_d2_S)' using Shift Registers.
INFO: [RTMG 210-285] Implementing FIFO 'memory_in_local_650_U(top_wrapper_fifo_w45_d2_S)' using Shift Registers.
INFO: [RTMG 210-285] Implementing FIFO 'memory_in_local_651_U(top_wrapper_fifo_w45_d2_S)' using Shift Registers.
INFO: [RTMG 210-285] Implementing FIFO 'memory_in_local_652_U(top_wrapper_fifo_w45_d2_S)' using Shift Registers.
INFO: [RTMG 210-285] Implementing FIFO 'memory_in_local_653_U(top_wrapper_fifo_w45_d2_S)' using Shift Registers.
INFO: [RTMG 210-285] Implementing FIFO 'memory_in_local_654_U(top_wrapper_fifo_w45_d2_S)' using Shift Registers.
INFO: [RTMG 210-285] Implementing FIFO 'memory_in_local_655_U(top_wrapper_fifo_w45_d2_S)' using Shift Registers.
INFO: [RTMG 210-285] Implementing FIFO 'memory_in_local_656_U(top_wrapper_fifo_w45_d2_S)' using Shift Registers.
INFO: [RTMG 210-285] Implementing FIFO 'memory_in_local_657_U(top_wrapper_fifo_w45_d2_S)' using Shift Registers.
INFO: [RTMG 210-285] Implementing FIFO 'memory_in_local_658_U(top_wrapper_fifo_w45_d2_S)' using Shift Registers.
INFO: [RTMG 210-285] Implementing FIFO 'memory_in_local_659_U(top_wrapper_fifo_w45_d2_S)' using Shift Registers.
INFO: [RTMG 210-285] Implementing FIFO 'memory_in_local_660_U(top_wrapper_fifo_w45_d2_S)' using Shift Registers.
INFO: [RTMG 210-285] Implementing FIFO 'memory_in_local_661_U(top_wrapper_fifo_w45_d2_S)' using Shift Registers.
INFO: [RTMG 210-285] Implementing FIFO 'memory_in_local_662_U(top_wrapper_fifo_w45_d2_S)' using Shift Registers.
INFO: [RTMG 210-285] Implementing FIFO 'memory_in_local_663_U(top_wrapper_fifo_w45_d2_S)' using Shift Registers.
INFO: [RTMG 210-285] Implementing FIFO 'memory_in_local_664_U(top_wrapper_fifo_w45_d2_S)' using Shift Registers.
INFO: [RTMG 210-285] Implementing FIFO 'memory_in_local_665_U(top_wrapper_fifo_w45_d2_S)' using Shift Registers.
INFO: [RTMG 210-285] Implementing FIFO 'memory_in_local_666_U(top_wrapper_fifo_w45_d2_S)' using Shift Registers.
INFO: [RTMG 210-285] Implementing FIFO 'memory_in_local_667_U(top_wrapper_fifo_w45_d2_S)' using Shift Registers.
INFO: [RTMG 210-285] Implementing FIFO 'memory_in_local_668_U(top_wrapper_fifo_w45_d2_S)' using Shift Registers.
INFO: [RTMG 210-285] Implementing FIFO 'memory_in_local_669_U(top_wrapper_fifo_w45_d2_S)' using Shift Registers.
INFO: [RTMG 210-285] Implementing FIFO 'memory_in_local_670_U(top_wrapper_fifo_w45_d2_S)' using Shift Registers.
INFO: [RTMG 210-285] Implementing FIFO 'memory_in_local_671_U(top_wrapper_fifo_w45_d2_S)' using Shift Registers.
INFO: [RTMG 210-285] Implementing FIFO 'memory_in_local_672_U(top_wrapper_fifo_w45_d2_S)' using Shift Registers.
INFO: [RTMG 210-285] Implementing FIFO 'memory_in_local_673_U(top_wrapper_fifo_w45_d2_S)' using Shift Registers.
INFO: [RTMG 210-285] Implementing FIFO 'memory_in_local_674_U(top_wrapper_fifo_w45_d2_S)' using Shift Registers.
INFO: [RTMG 210-285] Implementing FIFO 'memory_in_local_675_U(top_wrapper_fifo_w45_d2_S)' using Shift Registers.
INFO: [RTMG 210-285] Implementing FIFO 'memory_in_local_676_U(top_wrapper_fifo_w45_d2_S)' using Shift Registers.
INFO: [RTMG 210-285] Implementing FIFO 'memory_in_local_677_U(top_wrapper_fifo_w45_d2_S)' using Shift Registers.
INFO: [RTMG 210-285] Implementing FIFO 'memory_in_local_678_U(top_wrapper_fifo_w45_d2_S)' using Shift Registers.
INFO: [RTMG 210-285] Implementing FIFO 'memory_in_local_679_U(top_wrapper_fifo_w45_d2_S)' using Shift Registers.
INFO: [RTMG 210-285] Implementing FIFO 'memory_in_local_680_U(top_wrapper_fifo_w45_d2_S)' using Shift Registers.
INFO: [RTMG 210-285] Implementing FIFO 'memory_in_local_681_U(top_wrapper_fifo_w45_d2_S)' using Shift Registers.
INFO: [RTMG 210-285] Implementing FIFO 'memory_in_local_682_U(top_wrapper_fifo_w45_d2_S)' using Shift Registers.
INFO: [RTMG 210-285] Implementing FIFO 'memory_in_local_683_U(top_wrapper_fifo_w45_d2_S)' using Shift Registers.
INFO: [RTMG 210-285] Implementing FIFO 'memory_in_local_684_U(top_wrapper_fifo_w45_d2_S)' using Shift Registers.
INFO: [RTMG 210-285] Implementing FIFO 'memory_in_local_685_U(top_wrapper_fifo_w45_d2_S)' using Shift Registers.
INFO: [RTMG 210-285] Implementing FIFO 'memory_in_local_686_U(top_wrapper_fifo_w45_d2_S)' using Shift Registers.
INFO: [RTMG 210-285] Implementing FIFO 'memory_in_local_687_U(top_wrapper_fifo_w45_d2_S)' using Shift Registers.
INFO: [RTMG 210-285] Implementing FIFO 'memory_in_local_688_U(top_wrapper_fifo_w45_d2_S)' using Shift Registers.
INFO: [RTMG 210-285] Implementing FIFO 'memory_in_local_689_U(top_wrapper_fifo_w45_d2_S)' using Shift Registers.
INFO: [RTMG 210-285] Implementing FIFO 'memory_in_local_690_U(top_wrapper_fifo_w45_d2_S)' using Shift Registers.
INFO: [RTMG 210-285] Implementing FIFO 'memory_in_local_691_U(top_wrapper_fifo_w45_d2_S)' using Shift Registers.
INFO: [RTMG 210-285] Implementing FIFO 'memory_in_local_692_U(top_wrapper_fifo_w45_d2_S)' using Shift Registers.
INFO: [RTMG 210-285] Implementing FIFO 'memory_in_local_693_U(top_wrapper_fifo_w45_d2_S)' using Shift Registers.
INFO: [RTMG 210-285] Implementing FIFO 'memory_in_local_694_U(top_wrapper_fifo_w45_d2_S)' using Shift Registers.
INFO: [RTMG 210-285] Implementing FIFO 'memory_in_local_695_U(top_wrapper_fifo_w45_d2_S)' using Shift Registers.
INFO: [RTMG 210-285] Implementing FIFO 'memory_in_local_696_U(top_wrapper_fifo_w45_d2_S)' using Shift Registers.
INFO: [RTMG 210-285] Implementing FIFO 'memory_in_local_697_U(top_wrapper_fifo_w45_d2_S)' using Shift Registers.
INFO: [RTMG 210-285] Implementing FIFO 'memory_in_local_698_U(top_wrapper_fifo_w45_d2_S)' using Shift Registers.
INFO: [RTMG 210-285] Implementing FIFO 'memory_in_local_699_U(top_wrapper_fifo_w45_d2_S)' using Shift Registers.
INFO: [RTMG 210-285] Implementing FIFO 'memory_in_local_700_U(top_wrapper_fifo_w45_d2_S)' using Shift Registers.
INFO: [RTMG 210-285] Implementing FIFO 'memory_in_local_701_U(top_wrapper_fifo_w45_d2_S)' using Shift Registers.
INFO: [RTMG 210-285] Implementing FIFO 'memory_in_local_702_U(top_wrapper_fifo_w45_d2_S)' using Shift Registers.
INFO: [RTMG 210-285] Implementing FIFO 'memory_in_local_703_U(top_wrapper_fifo_w45_d2_S)' using Shift Registers.
INFO: [RTMG 210-285] Implementing FIFO 'memory_in_local_704_U(top_wrapper_fifo_w45_d2_S)' using Shift Registers.
INFO: [RTMG 210-285] Implementing FIFO 'memory_in_local_705_U(top_wrapper_fifo_w45_d2_S)' using Shift Registers.
INFO: [RTMG 210-285] Implementing FIFO 'memory_in_local_706_U(top_wrapper_fifo_w45_d2_S)' using Shift Registers.
INFO: [RTMG 210-285] Implementing FIFO 'memory_in_local_707_U(top_wrapper_fifo_w45_d2_S)' using Shift Registers.
INFO: [RTMG 210-285] Implementing FIFO 'memory_in_local_708_U(top_wrapper_fifo_w45_d2_S)' using Shift Registers.
INFO: [RTMG 210-285] Implementing FIFO 'memory_in_local_709_U(top_wrapper_fifo_w45_d2_S)' using Shift Registers.
INFO: [RTMG 210-285] Implementing FIFO 'memory_in_local_710_U(top_wrapper_fifo_w45_d2_S)' using Shift Registers.
INFO: [RTMG 210-285] Implementing FIFO 'memory_in_local_711_U(top_wrapper_fifo_w45_d2_S)' using Shift Registers.
INFO: [RTMG 210-285] Implementing FIFO 'memory_in_local_712_U(top_wrapper_fifo_w45_d2_S)' using Shift Registers.
INFO: [RTMG 210-285] Implementing FIFO 'memory_in_local_713_U(top_wrapper_fifo_w45_d2_S)' using Shift Registers.
INFO: [RTMG 210-285] Implementing FIFO 'memory_in_local_714_U(top_wrapper_fifo_w45_d2_S)' using Shift Registers.
INFO: [RTMG 210-285] Implementing FIFO 'memory_in_local_715_U(top_wrapper_fifo_w45_d2_S)' using Shift Registers.
INFO: [RTMG 210-285] Implementing FIFO 'memory_in_local_716_U(top_wrapper_fifo_w45_d2_S)' using Shift Registers.
INFO: [RTMG 210-285] Implementing FIFO 'memory_in_local_717_U(top_wrapper_fifo_w45_d2_S)' using Shift Registers.
INFO: [RTMG 210-285] Implementing FIFO 'memory_in_local_718_U(top_wrapper_fifo_w45_d2_S)' using Shift Registers.
INFO: [RTMG 210-285] Implementing FIFO 'memory_in_local_719_U(top_wrapper_fifo_w45_d2_S)' using Shift Registers.
INFO: [RTMG 210-285] Implementing FIFO 'memory_in_local_720_U(top_wrapper_fifo_w45_d2_S)' using Shift Registers.
INFO: [RTMG 210-285] Implementing FIFO 'memory_in_local_721_U(top_wrapper_fifo_w45_d2_S)' using Shift Registers.
INFO: [RTMG 210-285] Implementing FIFO 'memory_in_local_722_U(top_wrapper_fifo_w45_d2_S)' using Shift Registers.
INFO: [RTMG 210-285] Implementing FIFO 'memory_in_local_723_U(top_wrapper_fifo_w45_d2_S)' using Shift Registers.
INFO: [RTMG 210-285] Implementing FIFO 'memory_in_local_724_U(top_wrapper_fifo_w45_d2_S)' using Shift Registers.
INFO: [RTMG 210-285] Implementing FIFO 'memory_in_local_725_U(top_wrapper_fifo_w45_d2_S)' using Shift Registers.
INFO: [RTMG 210-285] Implementing FIFO 'memory_in_local_726_U(top_wrapper_fifo_w45_d2_S)' using Shift Registers.
INFO: [RTMG 210-285] Implementing FIFO 'memory_in_local_727_U(top_wrapper_fifo_w45_d2_S)' using Shift Registers.
INFO: [RTMG 210-285] Implementing FIFO 'memory_in_local_728_U(top_wrapper_fifo_w45_d2_S)' using Shift Registers.
INFO: [RTMG 210-285] Implementing FIFO 'memory_in_local_729_U(top_wrapper_fifo_w45_d2_S)' using Shift Registers.
INFO: [RTMG 210-285] Implementing FIFO 'memory_in_local_730_U(top_wrapper_fifo_w45_d2_S)' using Shift Registers.
INFO: [RTMG 210-285] Implementing FIFO 'memory_in_local_731_U(top_wrapper_fifo_w45_d2_S)' using Shift Registers.
INFO: [RTMG 210-285] Implementing FIFO 'memory_in_local_732_U(top_wrapper_fifo_w45_d2_S)' using Shift Registers.
INFO: [RTMG 210-285] Implementing FIFO 'memory_in_local_733_U(top_wrapper_fifo_w45_d2_S)' using Shift Registers.
INFO: [RTMG 210-285] Implementing FIFO 'memory_in_local_734_U(top_wrapper_fifo_w45_d2_S)' using Shift Registers.
INFO: [RTMG 210-285] Implementing FIFO 'memory_in_local_735_U(top_wrapper_fifo_w45_d2_S)' using Shift Registers.
INFO: [RTMG 210-285] Implementing FIFO 'memory_in_local_736_U(top_wrapper_fifo_w45_d2_S)' using Shift Registers.
INFO: [RTMG 210-285] Implementing FIFO 'memory_in_local_737_U(top_wrapper_fifo_w45_d2_S)' using Shift Registers.
INFO: [RTMG 210-285] Implementing FIFO 'memory_in_local_738_U(top_wrapper_fifo_w45_d2_S)' using Shift Registers.
INFO: [RTMG 210-285] Implementing FIFO 'memory_in_local_739_U(top_wrapper_fifo_w45_d2_S)' using Shift Registers.
INFO: [RTMG 210-285] Implementing FIFO 'memory_in_local_740_U(top_wrapper_fifo_w45_d2_S)' using Shift Registers.
INFO: [RTMG 210-285] Implementing FIFO 'memory_in_local_741_U(top_wrapper_fifo_w45_d2_S)' using Shift Registers.
INFO: [RTMG 210-285] Implementing FIFO 'memory_in_local_742_U(top_wrapper_fifo_w45_d2_S)' using Shift Registers.
INFO: [RTMG 210-285] Implementing FIFO 'memory_in_local_743_U(top_wrapper_fifo_w45_d2_S)' using Shift Registers.
INFO: [RTMG 210-285] Implementing FIFO 'memory_in_local_744_U(top_wrapper_fifo_w45_d2_S)' using Shift Registers.
INFO: [RTMG 210-285] Implementing FIFO 'memory_in_local_745_U(top_wrapper_fifo_w45_d2_S)' using Shift Registers.
INFO: [RTMG 210-285] Implementing FIFO 'memory_in_local_746_U(top_wrapper_fifo_w45_d2_S)' using Shift Registers.
INFO: [RTMG 210-285] Implementing FIFO 'memory_in_local_747_U(top_wrapper_fifo_w45_d2_S)' using Shift Registers.
INFO: [RTMG 210-285] Implementing FIFO 'memory_in_local_748_U(top_wrapper_fifo_w45_d2_S)' using Shift Registers.
INFO: [RTMG 210-285] Implementing FIFO 'memory_in_local_749_U(top_wrapper_fifo_w45_d2_S)' using Shift Registers.
INFO: [RTMG 210-285] Implementing FIFO 'memory_in_local_750_U(top_wrapper_fifo_w45_d2_S)' using Shift Registers.
INFO: [RTMG 210-285] Implementing FIFO 'memory_in_local_751_U(top_wrapper_fifo_w45_d2_S)' using Shift Registers.
INFO: [RTMG 210-285] Implementing FIFO 'memory_in_local_752_U(top_wrapper_fifo_w45_d2_S)' using Shift Registers.
INFO: [RTMG 210-285] Implementing FIFO 'memory_in_local_753_U(top_wrapper_fifo_w45_d2_S)' using Shift Registers.
INFO: [RTMG 210-285] Implementing FIFO 'memory_in_local_754_U(top_wrapper_fifo_w45_d2_S)' using Shift Registers.
INFO: [RTMG 210-285] Implementing FIFO 'memory_in_local_755_U(top_wrapper_fifo_w45_d2_S)' using Shift Registers.
INFO: [RTMG 210-285] Implementing FIFO 'memory_in_local_756_U(top_wrapper_fifo_w45_d2_S)' using Shift Registers.
INFO: [RTMG 210-285] Implementing FIFO 'memory_in_local_757_U(top_wrapper_fifo_w45_d2_S)' using Shift Registers.
INFO: [RTMG 210-285] Implementing FIFO 'memory_in_local_758_U(top_wrapper_fifo_w45_d2_S)' using Shift Registers.
INFO: [RTMG 210-285] Implementing FIFO 'memory_in_local_759_U(top_wrapper_fifo_w45_d2_S)' using Shift Registers.
INFO: [RTMG 210-285] Implementing FIFO 'memory_in_local_760_U(top_wrapper_fifo_w45_d2_S)' using Shift Registers.
INFO: [RTMG 210-285] Implementing FIFO 'memory_in_local_761_U(top_wrapper_fifo_w45_d2_S)' using Shift Registers.
INFO: [RTMG 210-285] Implementing FIFO 'memory_in_local_762_U(top_wrapper_fifo_w45_d2_S)' using Shift Registers.
INFO: [RTMG 210-285] Implementing FIFO 'memory_in_local_763_U(top_wrapper_fifo_w45_d2_S)' using Shift Registers.
INFO: [RTMG 210-285] Implementing FIFO 'memory_in_local_764_U(top_wrapper_fifo_w45_d2_S)' using Shift Registers.
INFO: [RTMG 210-285] Implementing FIFO 'memory_in_local_765_U(top_wrapper_fifo_w45_d2_S)' using Shift Registers.
INFO: [RTMG 210-285] Implementing FIFO 'memory_in_local_766_U(top_wrapper_fifo_w45_d2_S)' using Shift Registers.
INFO: [RTMG 210-285] Implementing FIFO 'memory_in_local_767_U(top_wrapper_fifo_w45_d2_S)' using Shift Registers.
INFO: [RTMG 210-285] Implementing FIFO 'memory_in_local_768_U(top_wrapper_fifo_w45_d2_S)' using Shift Registers.
INFO: [RTMG 210-285] Implementing FIFO 'memory_in_local_769_U(top_wrapper_fifo_w45_d2_S)' using Shift Registers.
INFO: [RTMG 210-285] Implementing FIFO 'memory_in_local_770_U(top_wrapper_fifo_w45_d2_S)' using Shift Registers.
INFO: [RTMG 210-285] Implementing FIFO 'memory_in_local_771_U(top_wrapper_fifo_w45_d2_S)' using Shift Registers.
INFO: [RTMG 210-285] Implementing FIFO 'memory_in_local_772_U(top_wrapper_fifo_w45_d2_S)' using Shift Registers.
INFO: [RTMG 210-285] Implementing FIFO 'memory_in_local_773_U(top_wrapper_fifo_w45_d2_S)' using Shift Registers.
INFO: [RTMG 210-285] Implementing FIFO 'memory_in_local_774_U(top_wrapper_fifo_w45_d2_S)' using Shift Registers.
INFO: [RTMG 210-285] Implementing FIFO 'memory_in_local_775_U(top_wrapper_fifo_w45_d2_S)' using Shift Registers.
INFO: [RTMG 210-285] Implementing FIFO 'memory_in_local_776_U(top_wrapper_fifo_w45_d2_S)' using Shift Registers.
INFO: [RTMG 210-285] Implementing FIFO 'memory_in_local_777_U(top_wrapper_fifo_w45_d2_S)' using Shift Registers.
INFO: [RTMG 210-285] Implementing FIFO 'memory_in_local_778_U(top_wrapper_fifo_w45_d2_S)' using Shift Registers.
INFO: [RTMG 210-285] Implementing FIFO 'memory_in_local_779_U(top_wrapper_fifo_w45_d2_S)' using Shift Registers.
INFO: [RTMG 210-285] Implementing FIFO 'memory_in_local_780_U(top_wrapper_fifo_w45_d2_S)' using Shift Registers.
INFO: [RTMG 210-285] Implementing FIFO 'memory_in_local_781_U(top_wrapper_fifo_w45_d2_S)' using Shift Registers.
INFO: [RTMG 210-285] Implementing FIFO 'memory_in_local_782_U(top_wrapper_fifo_w45_d2_S)' using Shift Registers.
INFO: [RTMG 210-285] Implementing FIFO 'memory_in_local_783_U(top_wrapper_fifo_w45_d2_S)' using Shift Registers.
INFO: [RTMG 210-285] Implementing FIFO 'memory_in_local_784_U(top_wrapper_fifo_w45_d2_S)' using Shift Registers.
INFO: [RTMG 210-285] Implementing FIFO 'memory_in_local_785_U(top_wrapper_fifo_w45_d2_S)' using Shift Registers.
INFO: [RTMG 210-285] Implementing FIFO 'memory_in_local_786_U(top_wrapper_fifo_w45_d2_S)' using Shift Registers.
INFO: [RTMG 210-285] Implementing FIFO 'memory_in_local_787_U(top_wrapper_fifo_w45_d2_S)' using Shift Registers.
INFO: [RTMG 210-285] Implementing FIFO 'memory_in_local_788_U(top_wrapper_fifo_w45_d2_S)' using Shift Registers.
INFO: [RTMG 210-285] Implementing FIFO 'memory_in_local_789_U(top_wrapper_fifo_w45_d2_S)' using Shift Registers.
INFO: [RTMG 210-285] Implementing FIFO 'memory_in_local_790_U(top_wrapper_fifo_w45_d2_S)' using Shift Registers.
INFO: [RTMG 210-285] Implementing FIFO 'memory_in_local_791_U(top_wrapper_fifo_w45_d2_S)' using Shift Registers.
INFO: [RTMG 210-285] Implementing FIFO 'memory_in_local_792_U(top_wrapper_fifo_w45_d2_S)' using Shift Registers.
INFO: [RTMG 210-285] Implementing FIFO 'memory_in_local_793_U(top_wrapper_fifo_w45_d2_S)' using Shift Registers.
INFO: [RTMG 210-285] Implementing FIFO 'memory_in_local_794_U(top_wrapper_fifo_w45_d2_S)' using Shift Registers.
INFO: [RTMG 210-285] Implementing FIFO 'memory_in_local_795_U(top_wrapper_fifo_w45_d2_S)' using Shift Registers.
INFO: [RTMG 210-285] Implementing FIFO 'memory_in_local_796_U(top_wrapper_fifo_w45_d2_S)' using Shift Registers.
INFO: [RTMG 210-285] Implementing FIFO 'memory_in_local_797_U(top_wrapper_fifo_w45_d2_S)' using Shift Registers.
INFO: [RTMG 210-285] Implementing FIFO 'memory_in_local_798_U(top_wrapper_fifo_w45_d2_S)' using Shift Registers.
INFO: [RTMG 210-285] Implementing FIFO 'memory_in_local_799_U(top_wrapper_fifo_w45_d2_S)' using Shift Registers.
INFO: [RTMG 210-285] Implementing FIFO 'memory_in_local_800_U(top_wrapper_fifo_w45_d2_S)' using Shift Registers.
INFO: [RTMG 210-285] Implementing FIFO 'memory_in_local_801_U(top_wrapper_fifo_w45_d2_S)' using Shift Registers.
INFO: [RTMG 210-285] Implementing FIFO 'memory_in_local_802_U(top_wrapper_fifo_w45_d2_S)' using Shift Registers.
INFO: [RTMG 210-285] Implementing FIFO 'memory_in_local_803_U(top_wrapper_fifo_w45_d2_S)' using Shift Registers.
INFO: [RTMG 210-285] Implementing FIFO 'memory_in_local_804_U(top_wrapper_fifo_w45_d2_S)' using Shift Registers.
INFO: [RTMG 210-285] Implementing FIFO 'memory_in_local_805_U(top_wrapper_fifo_w45_d2_S)' using Shift Registers.
INFO: [RTMG 210-285] Implementing FIFO 'memory_in_local_806_U(top_wrapper_fifo_w45_d2_S)' using Shift Registers.
INFO: [RTMG 210-285] Implementing FIFO 'memory_in_local_807_U(top_wrapper_fifo_w45_d2_S)' using Shift Registers.
INFO: [RTMG 210-285] Implementing FIFO 'memory_in_local_808_U(top_wrapper_fifo_w45_d2_S)' using Shift Registers.
INFO: [RTMG 210-285] Implementing FIFO 'memory_in_local_809_U(top_wrapper_fifo_w45_d2_S)' using Shift Registers.
INFO: [RTMG 210-285] Implementing FIFO 'memory_in_local_810_U(top_wrapper_fifo_w45_d2_S)' using Shift Registers.
INFO: [RTMG 210-285] Implementing FIFO 'memory_in_local_811_U(top_wrapper_fifo_w45_d2_S)' using Shift Registers.
INFO: [RTMG 210-285] Implementing FIFO 'memory_in_local_812_U(top_wrapper_fifo_w45_d2_S)' using Shift Registers.
INFO: [RTMG 210-285] Implementing FIFO 'memory_in_local_813_U(top_wrapper_fifo_w45_d2_S)' using Shift Registers.
INFO: [RTMG 210-285] Implementing FIFO 'memory_in_local_814_U(top_wrapper_fifo_w45_d2_S)' using Shift Registers.
INFO: [RTMG 210-285] Implementing FIFO 'memory_in_local_815_U(top_wrapper_fifo_w45_d2_S)' using Shift Registers.
INFO: [RTMG 210-285] Implementing FIFO 'memory_in_local_816_U(top_wrapper_fifo_w45_d2_S)' using Shift Registers.
INFO: [RTMG 210-285] Implementing FIFO 'memory_in_local_817_U(top_wrapper_fifo_w45_d2_S)' using Shift Registers.
INFO: [RTMG 210-285] Implementing FIFO 'memory_in_local_818_U(top_wrapper_fifo_w45_d2_S)' using Shift Registers.
INFO: [RTMG 210-285] Implementing FIFO 'memory_in_local_819_U(top_wrapper_fifo_w45_d2_S)' using Shift Registers.
INFO: [RTMG 210-285] Implementing FIFO 'memory_in_local_820_U(top_wrapper_fifo_w45_d2_S)' using Shift Registers.
INFO: [RTMG 210-285] Implementing FIFO 'memory_in_local_821_U(top_wrapper_fifo_w45_d2_S)' using Shift Registers.
INFO: [RTMG 210-285] Implementing FIFO 'memory_in_local_822_U(top_wrapper_fifo_w45_d2_S)' using Shift Registers.
INFO: [RTMG 210-285] Implementing FIFO 'memory_in_local_823_U(top_wrapper_fifo_w45_d2_S)' using Shift Registers.
INFO: [RTMG 210-285] Implementing FIFO 'memory_in_local_824_U(top_wrapper_fifo_w45_d2_S)' using Shift Registers.
INFO: [RTMG 210-285] Implementing FIFO 'memory_in_local_825_U(top_wrapper_fifo_w45_d2_S)' using Shift Registers.
INFO: [RTMG 210-285] Implementing FIFO 'memory_in_local_826_U(top_wrapper_fifo_w45_d2_S)' using Shift Registers.
INFO: [RTMG 210-285] Implementing FIFO 'memory_in_local_827_U(top_wrapper_fifo_w45_d2_S)' using Shift Registers.
INFO: [RTMG 210-285] Implementing FIFO 'memory_in_local_828_U(top_wrapper_fifo_w45_d2_S)' using Shift Registers.
INFO: [RTMG 210-285] Implementing FIFO 'memory_in_local_829_U(top_wrapper_fifo_w45_d2_S)' using Shift Registers.
INFO: [RTMG 210-285] Implementing FIFO 'memory_in_local_830_U(top_wrapper_fifo_w45_d2_S)' using Shift Registers.
INFO: [RTMG 210-285] Implementing FIFO 'memory_in_local_831_U(top_wrapper_fifo_w45_d2_S)' using Shift Registers.
INFO: [RTMG 210-285] Implementing FIFO 'memory_in_local_832_U(top_wrapper_fifo_w45_d2_S)' using Shift Registers.
INFO: [RTMG 210-285] Implementing FIFO 'memory_in_local_833_U(top_wrapper_fifo_w45_d2_S)' using Shift Registers.
INFO: [RTMG 210-285] Implementing FIFO 'memory_in_local_834_U(top_wrapper_fifo_w45_d2_S)' using Shift Registers.
INFO: [RTMG 210-285] Implementing FIFO 'memory_in_local_835_U(top_wrapper_fifo_w45_d2_S)' using Shift Registers.
INFO: [RTMG 210-285] Implementing FIFO 'memory_in_local_836_U(top_wrapper_fifo_w45_d2_S)' using Shift Registers.
INFO: [RTMG 210-285] Implementing FIFO 'memory_in_local_837_U(top_wrapper_fifo_w45_d2_S)' using Shift Registers.
INFO: [RTMG 210-285] Implementing FIFO 'memory_in_local_838_U(top_wrapper_fifo_w45_d2_S)' using Shift Registers.
INFO: [RTMG 210-285] Implementing FIFO 'memory_in_local_839_U(top_wrapper_fifo_w45_d2_S)' using Shift Registers.
INFO: [RTMG 210-285] Implementing FIFO 'memory_in_local_840_U(top_wrapper_fifo_w45_d2_S)' using Shift Registers.
INFO: [RTMG 210-285] Implementing FIFO 'memory_in_local_841_U(top_wrapper_fifo_w45_d2_S)' using Shift Registers.
INFO: [RTMG 210-285] Implementing FIFO 'memory_in_local_842_U(top_wrapper_fifo_w45_d2_S)' using Shift Registers.
INFO: [RTMG 210-285] Implementing FIFO 'memory_in_local_843_U(top_wrapper_fifo_w45_d2_S)' using Shift Registers.
INFO: [RTMG 210-285] Implementing FIFO 'memory_in_local_844_U(top_wrapper_fifo_w45_d2_S)' using Shift Registers.
INFO: [RTMG 210-285] Implementing FIFO 'memory_in_local_845_U(top_wrapper_fifo_w45_d2_S)' using Shift Registers.
INFO: [RTMG 210-285] Implementing FIFO 'memory_in_local_846_U(top_wrapper_fifo_w45_d2_S)' using Shift Registers.
INFO: [RTMG 210-285] Implementing FIFO 'memory_in_local_847_U(top_wrapper_fifo_w45_d2_S)' using Shift Registers.
INFO: [RTMG 210-285] Implementing FIFO 'memory_in_local_848_U(top_wrapper_fifo_w45_d2_S)' using Shift Registers.
INFO: [RTMG 210-285] Implementing FIFO 'memory_in_local_849_U(top_wrapper_fifo_w45_d2_S)' using Shift Registers.
INFO: [RTMG 210-285] Implementing FIFO 'memory_in_local_850_U(top_wrapper_fifo_w45_d2_S)' using Shift Registers.
INFO: [RTMG 210-285] Implementing FIFO 'memory_in_local_851_U(top_wrapper_fifo_w45_d2_S)' using Shift Registers.
INFO: [RTMG 210-285] Implementing FIFO 'memory_in_local_852_U(top_wrapper_fifo_w45_d2_S)' using Shift Registers.
INFO: [RTMG 210-285] Implementing FIFO 'memory_in_local_853_U(top_wrapper_fifo_w45_d2_S)' using Shift Registers.
INFO: [RTMG 210-285] Implementing FIFO 'memory_in_local_854_U(top_wrapper_fifo_w45_d2_S)' using Shift Registers.
INFO: [RTMG 210-285] Implementing FIFO 'memory_in_local_855_U(top_wrapper_fifo_w45_d2_S)' using Shift Registers.
INFO: [RTMG 210-285] Implementing FIFO 'memory_in_local_856_U(top_wrapper_fifo_w45_d2_S)' using Shift Registers.
INFO: [RTMG 210-285] Implementing FIFO 'memory_in_local_857_U(top_wrapper_fifo_w45_d2_S)' using Shift Registers.
INFO: [RTMG 210-285] Implementing FIFO 'memory_in_local_858_U(top_wrapper_fifo_w45_d2_S)' using Shift Registers.
INFO: [RTMG 210-285] Implementing FIFO 'memory_in_local_859_U(top_wrapper_fifo_w45_d2_S)' using Shift Registers.
INFO: [RTMG 210-285] Implementing FIFO 'memory_in_local_860_U(top_wrapper_fifo_w45_d2_S)' using Shift Registers.
INFO: [RTMG 210-285] Implementing FIFO 'memory_in_local_861_U(top_wrapper_fifo_w45_d2_S)' using Shift Registers.
INFO: [RTMG 210-285] Implementing FIFO 'memory_in_local_862_U(top_wrapper_fifo_w45_d2_S)' using Shift Registers.
INFO: [RTMG 210-285] Implementing FIFO 'memory_in_local_863_U(top_wrapper_fifo_w45_d2_S)' using Shift Registers.
INFO: [RTMG 210-285] Implementing FIFO 'memory_in_local_864_U(top_wrapper_fifo_w45_d2_S)' using Shift Registers.
INFO: [RTMG 210-285] Implementing FIFO 'memory_in_local_865_U(top_wrapper_fifo_w45_d2_S)' using Shift Registers.
INFO: [RTMG 210-285] Implementing FIFO 'memory_in_local_866_U(top_wrapper_fifo_w45_d2_S)' using Shift Registers.
INFO: [RTMG 210-285] Implementing FIFO 'memory_in_local_867_U(top_wrapper_fifo_w45_d2_S)' using Shift Registers.
INFO: [RTMG 210-285] Implementing FIFO 'memory_in_local_868_U(top_wrapper_fifo_w45_d2_S)' using Shift Registers.
INFO: [RTMG 210-285] Implementing FIFO 'memory_in_local_869_U(top_wrapper_fifo_w45_d2_S)' using Shift Registers.
INFO: [RTMG 210-285] Implementing FIFO 'memory_in_local_870_U(top_wrapper_fifo_w45_d2_S)' using Shift Registers.
INFO: [RTMG 210-285] Implementing FIFO 'memory_in_local_871_U(top_wrapper_fifo_w45_d2_S)' using Shift Registers.
INFO: [RTMG 210-285] Implementing FIFO 'memory_in_local_872_U(top_wrapper_fifo_w45_d2_S)' using Shift Registers.
INFO: [RTMG 210-285] Implementing FIFO 'memory_in_local_873_U(top_wrapper_fifo_w45_d2_S)' using Shift Registers.
INFO: [RTMG 210-285] Implementing FIFO 'memory_in_local_874_U(top_wrapper_fifo_w45_d2_S)' using Shift Registers.
INFO: [RTMG 210-285] Implementing FIFO 'memory_in_local_875_U(top_wrapper_fifo_w45_d2_S)' using Shift Registers.
INFO: [RTMG 210-285] Implementing FIFO 'memory_in_local_876_U(top_wrapper_fifo_w45_d2_S)' using Shift Registers.
INFO: [RTMG 210-285] Implementing FIFO 'memory_in_local_877_U(top_wrapper_fifo_w45_d2_S)' using Shift Registers.
INFO: [RTMG 210-285] Implementing FIFO 'memory_in_local_878_U(top_wrapper_fifo_w45_d2_S)' using Shift Registers.
INFO: [RTMG 210-285] Implementing FIFO 'memory_in_local_879_U(top_wrapper_fifo_w45_d2_S)' using Shift Registers.
INFO: [RTMG 210-285] Implementing FIFO 'memory_in_local_880_U(top_wrapper_fifo_w45_d2_S)' using Shift Registers.
INFO: [RTMG 210-285] Implementing FIFO 'memory_in_local_881_U(top_wrapper_fifo_w45_d2_S)' using Shift Registers.
INFO: [RTMG 210-285] Implementing FIFO 'memory_in_local_882_U(top_wrapper_fifo_w45_d2_S)' using Shift Registers.
INFO: [RTMG 210-285] Implementing FIFO 'memory_in_local_883_U(top_wrapper_fifo_w45_d2_S)' using Shift Registers.
INFO: [RTMG 210-285] Implementing FIFO 'memory_in_local_884_U(top_wrapper_fifo_w45_d2_S)' using Shift Registers.
INFO: [RTMG 210-285] Implementing FIFO 'memory_in_local_885_U(top_wrapper_fifo_w45_d2_S)' using Shift Registers.
INFO: [RTMG 210-285] Implementing FIFO 'memory_in_local_886_U(top_wrapper_fifo_w45_d2_S)' using Shift Registers.
INFO: [RTMG 210-285] Implementing FIFO 'memory_in_local_887_U(top_wrapper_fifo_w45_d2_S)' using Shift Registers.
INFO: [RTMG 210-285] Implementing FIFO 'memory_in_local_888_U(top_wrapper_fifo_w45_d2_S)' using Shift Registers.
INFO: [RTMG 210-285] Implementing FIFO 'memory_in_local_889_U(top_wrapper_fifo_w45_d2_S)' using Shift Registers.
INFO: [RTMG 210-285] Implementing FIFO 'memory_in_local_890_U(top_wrapper_fifo_w45_d2_S)' using Shift Registers.
INFO: [RTMG 210-285] Implementing FIFO 'memory_in_local_891_U(top_wrapper_fifo_w45_d2_S)' using Shift Registers.
INFO: [RTMG 210-285] Implementing FIFO 'memory_in_local_892_U(top_wrapper_fifo_w45_d2_S)' using Shift Registers.
INFO: [RTMG 210-285] Implementing FIFO 'memory_in_local_893_U(top_wrapper_fifo_w45_d2_S)' using Shift Registers.
INFO: [RTMG 210-285] Implementing FIFO 'memory_in_local_894_U(top_wrapper_fifo_w45_d2_S)' using Shift Registers.
INFO: [RTMG 210-285] Implementing FIFO 'memory_in_local_895_U(top_wrapper_fifo_w45_d2_S)' using Shift Registers.
INFO: [RTMG 210-285] Implementing FIFO 'memory_in_local_896_U(top_wrapper_fifo_w45_d2_S)' using Shift Registers.
INFO: [RTMG 210-285] Implementing FIFO 'memory_in_local_897_U(top_wrapper_fifo_w45_d2_S)' using Shift Registers.
INFO: [RTMG 210-285] Implementing FIFO 'memory_in_local898_U(top_wrapper_fifo_w45_d2_S)' using Shift Registers.
INFO: [RTMG 210-285] Implementing FIFO 'out_mem_U(top_wrapper_fifo_w32_d2_S)' using Shift Registers.
INFO: [RTMG 210-285] Implementing FIFO 'out_mem_1_U(top_wrapper_fifo_w32_d2_S)' using Shift Registers.
INFO: [RTMG 210-285] Implementing FIFO 'out_mem_2_U(top_wrapper_fifo_w32_d2_S)' using Shift Registers.
INFO: [RTMG 210-285] Implementing FIFO 'out_mem_3_U(top_wrapper_fifo_w32_d2_S)' using Shift Registers.
INFO: [RTMG 210-285] Implementing FIFO 'out_mem_4_U(top_wrapper_fifo_w32_d2_S)' using Shift Registers.
INFO: [RTMG 210-285] Implementing FIFO 'out_mem_5_U(top_wrapper_fifo_w32_d2_S)' using Shift Registers.
INFO: [RTMG 210-285] Implementing FIFO 'out_mem_6_U(top_wrapper_fifo_w32_d2_S)' using Shift Registers.
INFO: [RTMG 210-285] Implementing FIFO 'out_mem_7_U(top_wrapper_fifo_w32_d2_S)' using Shift Registers.
INFO: [RTMG 210-285] Implementing FIFO 'out_mem_8_U(top_wrapper_fifo_w32_d2_S)' using Shift Registers.
INFO: [RTMG 210-285] Implementing FIFO 'out_mem_9_U(top_wrapper_fifo_w32_d2_S)' using Shift Registers.
INFO: [RTMG 210-285] Implementing FIFO 'out_mem_10_U(top_wrapper_fifo_w32_d2_S)' using Shift Registers.
INFO: [RTMG 210-285] Implementing FIFO 'out_mem_11_U(top_wrapper_fifo_w32_d2_S)' using Shift Registers.
INFO: [RTMG 210-285] Implementing FIFO 'out_mem_12_U(top_wrapper_fifo_w32_d2_S)' using Shift Registers.
INFO: [RTMG 210-285] Implementing FIFO 'out_mem_13_U(top_wrapper_fifo_w32_d2_S)' using Shift Registers.
INFO: [RTMG 210-285] Implementing FIFO 'out_mem_14_U(top_wrapper_fifo_w32_d2_S)' using Shift Registers.
INFO: [RTMG 210-285] Implementing FIFO 'out_mem_15_U(top_wrapper_fifo_w32_d2_S)' using Shift Registers.
INFO: [RTMG 210-285] Implementing FIFO 'out_mem_16_U(top_wrapper_fifo_w32_d2_S)' using Shift Registers.
INFO: [RTMG 210-285] Implementing FIFO 'out_mem_17_U(top_wrapper_fifo_w32_d2_S)' using Shift Registers.
INFO: [RTMG 210-285] Implementing FIFO 'out_mem_18_U(top_wrapper_fifo_w32_d2_S)' using Shift Registers.
INFO: [RTMG 210-285] Implementing FIFO 'out_mem_19_U(top_wrapper_fifo_w32_d2_S)' using Shift Registers.
INFO: [RTMG 210-285] Implementing FIFO 'out_mem_20_U(top_wrapper_fifo_w32_d2_S)' using Shift Registers.
INFO: [RTMG 210-285] Implementing FIFO 'out_mem_21_U(top_wrapper_fifo_w32_d2_S)' using Shift Registers.
INFO: [RTMG 210-285] Implementing FIFO 'out_mem_22_U(top_wrapper_fifo_w32_d2_S)' using Shift Registers.
INFO: [RTMG 210-285] Implementing FIFO 'out_mem_23_U(top_wrapper_fifo_w32_d2_S)' using Shift Registers.
INFO: [RTMG 210-285] Implementing FIFO 'out_mem_24_U(top_wrapper_fifo_w32_d2_S)' using Shift Registers.
INFO: [RTMG 210-285] Implementing FIFO 'out_mem_25_U(top_wrapper_fifo_w32_d2_S)' using Shift Registers.
INFO: [RTMG 210-285] Implementing FIFO 'out_mem_26_U(top_wrapper_fifo_w32_d2_S)' using Shift Registers.
INFO: [RTMG 210-285] Implementing FIFO 'out_mem_27_U(top_wrapper_fifo_w32_d2_S)' using Shift Registers.
INFO: [RTMG 210-285] Implementing FIFO 'out_mem_28_U(top_wrapper_fifo_w32_d2_S)' using Shift Registers.
INFO: [RTMG 210-285] Implementing FIFO 'out_mem_29_U(top_wrapper_fifo_w32_d2_S)' using Shift Registers.
INFO: [RTMG 210-285] Implementing FIFO 'out_mem_30_U(top_wrapper_fifo_w32_d2_S)' using Shift Registers.
INFO: [RTMG 210-285] Implementing FIFO 'out_mem_31_U(top_wrapper_fifo_w32_d2_S)' using Shift Registers.
INFO: [RTMG 210-285] Implementing FIFO 'out_mem_32_U(top_wrapper_fifo_w32_d2_S)' using Shift Registers.
INFO: [RTMG 210-285] Implementing FIFO 'out_mem_33_U(top_wrapper_fifo_w32_d2_S)' using Shift Registers.
INFO: [RTMG 210-285] Implementing FIFO 'out_mem_34_U(top_wrapper_fifo_w32_d2_S)' using Shift Registers.
INFO: [RTMG 210-285] Implementing FIFO 'out_mem_35_U(top_wrapper_fifo_w32_d2_S)' using Shift Registers.
INFO: [RTMG 210-285] Implementing FIFO 'out_mem_36_U(top_wrapper_fifo_w32_d2_S)' using Shift Registers.
INFO: [RTMG 210-285] Implementing FIFO 'out_mem_37_U(top_wrapper_fifo_w32_d2_S)' using Shift Registers.
INFO: [RTMG 210-285] Implementing FIFO 'out_mem_38_U(top_wrapper_fifo_w32_d2_S)' using Shift Registers.
INFO: [RTMG 210-285] Implementing FIFO 'out_mem_39_U(top_wrapper_fifo_w32_d2_S)' using Shift Registers.
INFO: [RTMG 210-285] Implementing FIFO 'out_mem_40_U(top_wrapper_fifo_w32_d2_S)' using Shift Registers.
INFO: [RTMG 210-285] Implementing FIFO 'out_mem_41_U(top_wrapper_fifo_w32_d2_S)' using Shift Registers.
INFO: [RTMG 210-285] Implementing FIFO 'out_mem_42_U(top_wrapper_fifo_w32_d2_S)' using Shift Registers.
INFO: [RTMG 210-285] Implementing FIFO 'out_mem_43_U(top_wrapper_fifo_w32_d2_S)' using Shift Registers.
INFO: [RTMG 210-285] Implementing FIFO 'out_mem_44_U(top_wrapper_fifo_w32_d2_S)' using Shift Registers.
INFO: [RTMG 210-285] Implementing FIFO 'out_mem_45_U(top_wrapper_fifo_w32_d2_S)' using Shift Registers.
INFO: [RTMG 210-285] Implementing FIFO 'out_mem_46_U(top_wrapper_fifo_w32_d2_S)' using Shift Registers.
INFO: [RTMG 210-285] Implementing FIFO 'out_mem_47_U(top_wrapper_fifo_w32_d2_S)' using Shift Registers.
INFO: [RTMG 210-285] Implementing FIFO 'out_mem_48_U(top_wrapper_fifo_w32_d2_S)' using Shift Registers.
INFO: [RTMG 210-285] Implementing FIFO 'out_mem_49_U(top_wrapper_fifo_w32_d2_S)' using Shift Registers.
INFO: [RTMG 210-285] Implementing FIFO 'out_mem_50_U(top_wrapper_fifo_w32_d2_S)' using Shift Registers.
INFO: [RTMG 210-285] Implementing FIFO 'out_mem_51_U(top_wrapper_fifo_w32_d2_S)' using Shift Registers.
INFO: [RTMG 210-285] Implementing FIFO 'out_mem_52_U(top_wrapper_fifo_w32_d2_S)' using Shift Registers.
INFO: [RTMG 210-285] Implementing FIFO 'out_mem_53_U(top_wrapper_fifo_w32_d2_S)' using Shift Registers.
INFO: [RTMG 210-285] Implementing FIFO 'out_mem_54_U(top_wrapper_fifo_w32_d2_S)' using Shift Registers.
INFO: [RTMG 210-285] Implementing FIFO 'out_mem_55_U(top_wrapper_fifo_w32_d2_S)' using Shift Registers.
INFO: [RTMG 210-285] Implementing FIFO 'out_mem_56_U(top_wrapper_fifo_w32_d2_S)' using Shift Registers.
INFO: [RTMG 210-285] Implementing FIFO 'out_mem_57_U(top_wrapper_fifo_w32_d2_S)' using Shift Registers.
INFO: [RTMG 210-285] Implementing FIFO 'out_mem_58_U(top_wrapper_fifo_w32_d2_S)' using Shift Registers.
INFO: [RTMG 210-285] Implementing FIFO 'out_mem_59_U(top_wrapper_fifo_w32_d2_S)' using Shift Registers.
INFO: [RTMG 210-285] Implementing FIFO 'out_mem_60_U(top_wrapper_fifo_w32_d2_S)' using Shift Registers.
INFO: [RTMG 210-285] Implementing FIFO 'out_mem_61_U(top_wrapper_fifo_w32_d2_S)' using Shift Registers.
INFO: [RTMG 210-285] Implementing FIFO 'out_mem_62_U(top_wrapper_fifo_w32_d2_S)' using Shift Registers.
INFO: [RTMG 210-285] Implementing FIFO 'out_mem_63_U(top_wrapper_fifo_w32_d2_S)' using Shift Registers.
INFO: [RTMG 210-285] Implementing FIFO 'out_mem_64_U(top_wrapper_fifo_w32_d2_S)' using Shift Registers.
INFO: [RTMG 210-285] Implementing FIFO 'out_mem_65_U(top_wrapper_fifo_w32_d2_S)' using Shift Registers.
INFO: [RTMG 210-285] Implementing FIFO 'out_mem_66_U(top_wrapper_fifo_w32_d2_S)' using Shift Registers.
INFO: [RTMG 210-285] Implementing FIFO 'out_mem_67_U(top_wrapper_fifo_w32_d2_S)' using Shift Registers.
INFO: [RTMG 210-285] Implementing FIFO 'out_mem_68_U(top_wrapper_fifo_w32_d2_S)' using Shift Registers.
INFO: [RTMG 210-285] Implementing FIFO 'out_mem_69_U(top_wrapper_fifo_w32_d2_S)' using Shift Registers.
INFO: [RTMG 210-285] Implementing FIFO 'out_mem_70_U(top_wrapper_fifo_w32_d2_S)' using Shift Registers.
INFO: [RTMG 210-285] Implementing FIFO 'out_mem_71_U(top_wrapper_fifo_w32_d2_S)' using Shift Registers.
INFO: [RTMG 210-285] Implementing FIFO 'out_mem_72_U(top_wrapper_fifo_w32_d2_S)' using Shift Registers.
INFO: [RTMG 210-285] Implementing FIFO 'out_mem_73_U(top_wrapper_fifo_w32_d2_S)' using Shift Registers.
INFO: [RTMG 210-285] Implementing FIFO 'out_mem_74_U(top_wrapper_fifo_w32_d2_S)' using Shift Registers.
INFO: [RTMG 210-285] Implementing FIFO 'out_mem_75_U(top_wrapper_fifo_w32_d2_S)' using Shift Registers.
INFO: [RTMG 210-285] Implementing FIFO 'out_mem_76_U(top_wrapper_fifo_w32_d2_S)' using Shift Registers.
INFO: [RTMG 210-285] Implementing FIFO 'out_mem_77_U(top_wrapper_fifo_w32_d2_S)' using Shift Registers.
INFO: [RTMG 210-285] Implementing FIFO 'out_mem_78_U(top_wrapper_fifo_w32_d2_S)' using Shift Registers.
INFO: [RTMG 210-285] Implementing FIFO 'out_mem_79_U(top_wrapper_fifo_w32_d2_S)' using Shift Registers.
INFO: [RTMG 210-285] Implementing FIFO 'out_mem_80_U(top_wrapper_fifo_w32_d2_S)' using Shift Registers.
INFO: [RTMG 210-285] Implementing FIFO 'out_mem_81_U(top_wrapper_fifo_w32_d2_S)' using Shift Registers.
INFO: [RTMG 210-285] Implementing FIFO 'out_mem_82_U(top_wrapper_fifo_w32_d2_S)' using Shift Registers.
INFO: [RTMG 210-285] Implementing FIFO 'out_mem_83_U(top_wrapper_fifo_w32_d2_S)' using Shift Registers.
INFO: [RTMG 210-285] Implementing FIFO 'out_mem_84_U(top_wrapper_fifo_w32_d2_S)' using Shift Registers.
INFO: [RTMG 210-285] Implementing FIFO 'out_mem_85_U(top_wrapper_fifo_w32_d2_S)' using Shift Registers.
INFO: [RTMG 210-285] Implementing FIFO 'out_mem_86_U(top_wrapper_fifo_w32_d2_S)' using Shift Registers.
INFO: [RTMG 210-285] Implementing FIFO 'out_mem_87_U(top_wrapper_fifo_w32_d2_S)' using Shift Registers.
INFO: [RTMG 210-285] Implementing FIFO 'out_mem_88_U(top_wrapper_fifo_w32_d2_S)' using Shift Registers.
INFO: [RTMG 210-285] Implementing FIFO 'out_mem_89_U(top_wrapper_fifo_w32_d2_S)' using Shift Registers.
INFO: [RTMG 210-285] Implementing FIFO 'out_mem_90_U(top_wrapper_fifo_w32_d2_S)' using Shift Registers.
INFO: [RTMG 210-285] Implementing FIFO 'out_mem_91_U(top_wrapper_fifo_w32_d2_S)' using Shift Registers.
INFO: [RTMG 210-285] Implementing FIFO 'out_mem_92_U(top_wrapper_fifo_w32_d2_S)' using Shift Registers.
INFO: [RTMG 210-285] Implementing FIFO 'out_mem_93_U(top_wrapper_fifo_w32_d2_S)' using Shift Registers.
INFO: [RTMG 210-285] Implementing FIFO 'out_mem_94_U(top_wrapper_fifo_w32_d2_S)' using Shift Registers.
INFO: [RTMG 210-285] Implementing FIFO 'out_mem_95_U(top_wrapper_fifo_w32_d2_S)' using Shift Registers.
INFO: [RTMG 210-285] Implementing FIFO 'out_mem_96_U(top_wrapper_fifo_w32_d2_S)' using Shift Registers.
INFO: [RTMG 210-285] Implementing FIFO 'out_mem_97_U(top_wrapper_fifo_w32_d2_S)' using Shift Registers.
INFO: [RTMG 210-285] Implementing FIFO 'out_mem_98_U(top_wrapper_fifo_w32_d2_S)' using Shift Registers.
INFO: [RTMG 210-285] Implementing FIFO 'out_mem_99_U(top_wrapper_fifo_w32_d2_S)' using Shift Registers.
INFO: [RTMG 210-285] Implementing FIFO 'out_mem_100_U(top_wrapper_fifo_w32_d2_S)' using Shift Registers.
INFO: [RTMG 210-285] Implementing FIFO 'out_mem_101_U(top_wrapper_fifo_w32_d2_S)' using Shift Registers.
INFO: [RTMG 210-285] Implementing FIFO 'out_mem_102_U(top_wrapper_fifo_w32_d2_S)' using Shift Registers.
INFO: [RTMG 210-285] Implementing FIFO 'out_mem_103_U(top_wrapper_fifo_w32_d2_S)' using Shift Registers.
INFO: [RTMG 210-285] Implementing FIFO 'out_mem_104_U(top_wrapper_fifo_w32_d2_S)' using Shift Registers.
INFO: [RTMG 210-285] Implementing FIFO 'out_mem_105_U(top_wrapper_fifo_w32_d2_S)' using Shift Registers.
INFO: [RTMG 210-285] Implementing FIFO 'out_mem_106_U(top_wrapper_fifo_w32_d2_S)' using Shift Registers.
INFO: [RTMG 210-285] Implementing FIFO 'out_mem_107_U(top_wrapper_fifo_w32_d2_S)' using Shift Registers.
INFO: [RTMG 210-285] Implementing FIFO 'out_mem_108_U(top_wrapper_fifo_w32_d2_S)' using Shift Registers.
INFO: [RTMG 210-285] Implementing FIFO 'out_mem_109_U(top_wrapper_fifo_w32_d2_S)' using Shift Registers.
INFO: [RTMG 210-285] Implementing FIFO 'out_mem_110_U(top_wrapper_fifo_w32_d2_S)' using Shift Registers.
INFO: [RTMG 210-285] Implementing FIFO 'out_mem_111_U(top_wrapper_fifo_w32_d2_S)' using Shift Registers.
INFO: [RTMG 210-285] Implementing FIFO 'out_mem_112_U(top_wrapper_fifo_w32_d2_S)' using Shift Registers.
INFO: [RTMG 210-285] Implementing FIFO 'out_mem_113_U(top_wrapper_fifo_w32_d2_S)' using Shift Registers.
INFO: [RTMG 210-285] Implementing FIFO 'out_mem_114_U(top_wrapper_fifo_w32_d2_S)' using Shift Registers.
INFO: [RTMG 210-285] Implementing FIFO 'out_mem_115_U(top_wrapper_fifo_w32_d2_S)' using Shift Registers.
INFO: [RTMG 210-285] Implementing FIFO 'out_mem_116_U(top_wrapper_fifo_w32_d2_S)' using Shift Registers.
INFO: [RTMG 210-285] Implementing FIFO 'out_mem_117_U(top_wrapper_fifo_w32_d2_S)' using Shift Registers.
INFO: [RTMG 210-285] Implementing FIFO 'out_mem_118_U(top_wrapper_fifo_w32_d2_S)' using Shift Registers.
INFO: [RTMG 210-285] Implementing FIFO 'out_mem_119_U(top_wrapper_fifo_w32_d2_S)' using Shift Registers.
INFO: [RTMG 210-285] Implementing FIFO 'out_mem_120_U(top_wrapper_fifo_w32_d2_S)' using Shift Registers.
INFO: [RTMG 210-285] Implementing FIFO 'out_mem_121_U(top_wrapper_fifo_w32_d2_S)' using Shift Registers.
INFO: [RTMG 210-285] Implementing FIFO 'out_mem_122_U(top_wrapper_fifo_w32_d2_S)' using Shift Registers.
INFO: [RTMG 210-285] Implementing FIFO 'out_mem_123_U(top_wrapper_fifo_w32_d2_S)' using Shift Registers.
INFO: [RTMG 210-285] Implementing FIFO 'out_mem_124_U(top_wrapper_fifo_w32_d2_S)' using Shift Registers.
INFO: [RTMG 210-285] Implementing FIFO 'out_mem_125_U(top_wrapper_fifo_w32_d2_S)' using Shift Registers.
INFO: [RTMG 210-285] Implementing FIFO 'out_mem_126_U(top_wrapper_fifo_w32_d2_S)' using Shift Registers.
INFO: [RTMG 210-285] Implementing FIFO 'out_mem_127_U(top_wrapper_fifo_w32_d2_S)' using Shift Registers.
INFO: [RTMG 210-285] Implementing FIFO 'out_mem_128_U(top_wrapper_fifo_w32_d2_S)' using Shift Registers.
INFO: [RTMG 210-285] Implementing FIFO 'out_mem_129_U(top_wrapper_fifo_w32_d2_S)' using Shift Registers.
INFO: [RTMG 210-285] Implementing FIFO 'out_mem_130_U(top_wrapper_fifo_w32_d2_S)' using Shift Registers.
INFO: [RTMG 210-285] Implementing FIFO 'out_mem_131_U(top_wrapper_fifo_w32_d2_S)' using Shift Registers.
INFO: [RTMG 210-285] Implementing FIFO 'out_mem_132_U(top_wrapper_fifo_w32_d2_S)' using Shift Registers.
INFO: [RTMG 210-285] Implementing FIFO 'out_mem_133_U(top_wrapper_fifo_w32_d2_S)' using Shift Registers.
INFO: [RTMG 210-285] Implementing FIFO 'out_mem_134_U(top_wrapper_fifo_w32_d2_S)' using Shift Registers.
INFO: [RTMG 210-285] Implementing FIFO 'out_mem_135_U(top_wrapper_fifo_w32_d2_S)' using Shift Registers.
INFO: [RTMG 210-285] Implementing FIFO 'out_mem_136_U(top_wrapper_fifo_w32_d2_S)' using Shift Registers.
INFO: [RTMG 210-285] Implementing FIFO 'out_mem_137_U(top_wrapper_fifo_w32_d2_S)' using Shift Registers.
INFO: [RTMG 210-285] Implementing FIFO 'out_mem_138_U(top_wrapper_fifo_w32_d2_S)' using Shift Registers.
INFO: [RTMG 210-285] Implementing FIFO 'out_mem_139_U(top_wrapper_fifo_w32_d2_S)' using Shift Registers.
INFO: [RTMG 210-285] Implementing FIFO 'out_mem_140_U(top_wrapper_fifo_w32_d2_S)' using Shift Registers.
INFO: [RTMG 210-285] Implementing FIFO 'out_mem_141_U(top_wrapper_fifo_w32_d2_S)' using Shift Registers.
INFO: [RTMG 210-285] Implementing FIFO 'out_mem_142_U(top_wrapper_fifo_w32_d2_S)' using Shift Registers.
INFO: [RTMG 210-285] Implementing FIFO 'out_mem_143_U(top_wrapper_fifo_w32_d2_S)' using Shift Registers.
INFO: [RTMG 210-285] Implementing FIFO 'out_mem_144_U(top_wrapper_fifo_w32_d2_S)' using Shift Registers.
INFO: [RTMG 210-285] Implementing FIFO 'out_mem_145_U(top_wrapper_fifo_w32_d2_S)' using Shift Registers.
INFO: [RTMG 210-285] Implementing FIFO 'out_mem_146_U(top_wrapper_fifo_w32_d2_S)' using Shift Registers.
INFO: [RTMG 210-285] Implementing FIFO 'out_mem_147_U(top_wrapper_fifo_w32_d2_S)' using Shift Registers.
INFO: [RTMG 210-285] Implementing FIFO 'out_mem_148_U(top_wrapper_fifo_w32_d2_S)' using Shift Registers.
INFO: [RTMG 210-285] Implementing FIFO 'out_mem_149_U(top_wrapper_fifo_w32_d2_S)' using Shift Registers.
INFO: [RTMG 210-285] Implementing FIFO 'out_mem_150_U(top_wrapper_fifo_w32_d2_S)' using Shift Registers.
INFO: [RTMG 210-285] Implementing FIFO 'out_mem_151_U(top_wrapper_fifo_w32_d2_S)' using Shift Registers.
INFO: [RTMG 210-285] Implementing FIFO 'out_mem_152_U(top_wrapper_fifo_w32_d2_S)' using Shift Registers.
INFO: [RTMG 210-285] Implementing FIFO 'out_mem_153_U(top_wrapper_fifo_w32_d2_S)' using Shift Registers.
INFO: [RTMG 210-285] Implementing FIFO 'out_mem_154_U(top_wrapper_fifo_w32_d2_S)' using Shift Registers.
INFO: [RTMG 210-285] Implementing FIFO 'out_mem_155_U(top_wrapper_fifo_w32_d2_S)' using Shift Registers.
INFO: [RTMG 210-285] Implementing FIFO 'out_mem_156_U(top_wrapper_fifo_w32_d2_S)' using Shift Registers.
INFO: [RTMG 210-285] Implementing FIFO 'out_mem_157_U(top_wrapper_fifo_w32_d2_S)' using Shift Registers.
INFO: [RTMG 210-285] Implementing FIFO 'out_mem_158_U(top_wrapper_fifo_w32_d2_S)' using Shift Registers.
INFO: [RTMG 210-285] Implementing FIFO 'out_mem_159_U(top_wrapper_fifo_w32_d2_S)' using Shift Registers.
INFO: [RTMG 210-285] Implementing FIFO 'out_mem_160_U(top_wrapper_fifo_w32_d2_S)' using Shift Registers.
INFO: [RTMG 210-285] Implementing FIFO 'out_mem_161_U(top_wrapper_fifo_w32_d2_S)' using Shift Registers.
INFO: [RTMG 210-285] Implementing FIFO 'out_mem_162_U(top_wrapper_fifo_w32_d2_S)' using Shift Registers.
INFO: [RTMG 210-285] Implementing FIFO 'out_mem_163_U(top_wrapper_fifo_w32_d2_S)' using Shift Registers.
INFO: [RTMG 210-285] Implementing FIFO 'out_mem_164_U(top_wrapper_fifo_w32_d2_S)' using Shift Registers.
INFO: [RTMG 210-285] Implementing FIFO 'out_mem_165_U(top_wrapper_fifo_w32_d2_S)' using Shift Registers.
INFO: [RTMG 210-285] Implementing FIFO 'out_mem_166_U(top_wrapper_fifo_w32_d2_S)' using Shift Registers.
INFO: [RTMG 210-285] Implementing FIFO 'out_mem_167_U(top_wrapper_fifo_w32_d2_S)' using Shift Registers.
INFO: [RTMG 210-285] Implementing FIFO 'out_mem_168_U(top_wrapper_fifo_w32_d2_S)' using Shift Registers.
INFO: [RTMG 210-285] Implementing FIFO 'out_mem_169_U(top_wrapper_fifo_w32_d2_S)' using Shift Registers.
INFO: [RTMG 210-285] Implementing FIFO 'out_mem_170_U(top_wrapper_fifo_w32_d2_S)' using Shift Registers.
INFO: [RTMG 210-285] Implementing FIFO 'out_mem_171_U(top_wrapper_fifo_w32_d2_S)' using Shift Registers.
INFO: [RTMG 210-285] Implementing FIFO 'out_mem_172_U(top_wrapper_fifo_w32_d2_S)' using Shift Registers.
INFO: [RTMG 210-285] Implementing FIFO 'out_mem_173_U(top_wrapper_fifo_w32_d2_S)' using Shift Registers.
INFO: [RTMG 210-285] Implementing FIFO 'out_mem_174_U(top_wrapper_fifo_w32_d2_S)' using Shift Registers.
INFO: [RTMG 210-285] Implementing FIFO 'out_mem_175_U(top_wrapper_fifo_w32_d2_S)' using Shift Registers.
INFO: [RTMG 210-285] Implementing FIFO 'out_mem_176_U(top_wrapper_fifo_w32_d2_S)' using Shift Registers.
INFO: [RTMG 210-285] Implementing FIFO 'out_mem_177_U(top_wrapper_fifo_w32_d2_S)' using Shift Registers.
INFO: [RTMG 210-285] Implementing FIFO 'out_mem_178_U(top_wrapper_fifo_w32_d2_S)' using Shift Registers.
INFO: [RTMG 210-285] Implementing FIFO 'out_mem_179_U(top_wrapper_fifo_w32_d2_S)' using Shift Registers.
INFO: [RTMG 210-285] Implementing FIFO 'out_mem_180_U(top_wrapper_fifo_w32_d2_S)' using Shift Registers.
INFO: [RTMG 210-285] Implementing FIFO 'out_mem_181_U(top_wrapper_fifo_w32_d2_S)' using Shift Registers.
INFO: [RTMG 210-285] Implementing FIFO 'out_mem_182_U(top_wrapper_fifo_w32_d2_S)' using Shift Registers.
INFO: [RTMG 210-285] Implementing FIFO 'out_mem_183_U(top_wrapper_fifo_w32_d2_S)' using Shift Registers.
INFO: [RTMG 210-285] Implementing FIFO 'out_mem_184_U(top_wrapper_fifo_w32_d2_S)' using Shift Registers.
INFO: [RTMG 210-285] Implementing FIFO 'out_mem_185_U(top_wrapper_fifo_w32_d2_S)' using Shift Registers.
INFO: [RTMG 210-285] Implementing FIFO 'out_mem_186_U(top_wrapper_fifo_w32_d2_S)' using Shift Registers.
INFO: [RTMG 210-285] Implementing FIFO 'out_mem_187_U(top_wrapper_fifo_w32_d2_S)' using Shift Registers.
INFO: [RTMG 210-285] Implementing FIFO 'out_mem_188_U(top_wrapper_fifo_w32_d2_S)' using Shift Registers.
INFO: [RTMG 210-285] Implementing FIFO 'out_mem_189_U(top_wrapper_fifo_w32_d2_S)' using Shift Registers.
INFO: [RTMG 210-285] Implementing FIFO 'out_mem_190_U(top_wrapper_fifo_w32_d2_S)' using Shift Registers.
INFO: [RTMG 210-285] Implementing FIFO 'out_mem_191_U(top_wrapper_fifo_w32_d2_S)' using Shift Registers.
INFO: [RTMG 210-285] Implementing FIFO 'out_mem_192_U(top_wrapper_fifo_w32_d2_S)' using Shift Registers.
INFO: [RTMG 210-285] Implementing FIFO 'out_mem_193_U(top_wrapper_fifo_w32_d2_S)' using Shift Registers.
INFO: [RTMG 210-285] Implementing FIFO 'out_mem_194_U(top_wrapper_fifo_w32_d2_S)' using Shift Registers.
INFO: [RTMG 210-285] Implementing FIFO 'out_mem_195_U(top_wrapper_fifo_w32_d2_S)' using Shift Registers.
INFO: [RTMG 210-285] Implementing FIFO 'out_mem_196_U(top_wrapper_fifo_w32_d2_S)' using Shift Registers.
INFO: [RTMG 210-285] Implementing FIFO 'out_mem_197_U(top_wrapper_fifo_w32_d2_S)' using Shift Registers.
INFO: [RTMG 210-285] Implementing FIFO 'out_mem_198_U(top_wrapper_fifo_w32_d2_S)' using Shift Registers.
INFO: [RTMG 210-285] Implementing FIFO 'out_mem_199_U(top_wrapper_fifo_w32_d2_S)' using Shift Registers.
INFO: [RTMG 210-285] Implementing FIFO 'out_mem_200_U(top_wrapper_fifo_w32_d2_S)' using Shift Registers.
INFO: [RTMG 210-285] Implementing FIFO 'out_mem_201_U(top_wrapper_fifo_w32_d2_S)' using Shift Registers.
INFO: [RTMG 210-285] Implementing FIFO 'out_mem_202_U(top_wrapper_fifo_w32_d2_S)' using Shift Registers.
INFO: [RTMG 210-285] Implementing FIFO 'out_mem_203_U(top_wrapper_fifo_w32_d2_S)' using Shift Registers.
INFO: [RTMG 210-285] Implementing FIFO 'out_mem_204_U(top_wrapper_fifo_w32_d2_S)' using Shift Registers.
INFO: [RTMG 210-285] Implementing FIFO 'out_mem_205_U(top_wrapper_fifo_w32_d2_S)' using Shift Registers.
INFO: [RTMG 210-285] Implementing FIFO 'out_mem_206_U(top_wrapper_fifo_w32_d2_S)' using Shift Registers.
INFO: [RTMG 210-285] Implementing FIFO 'out_mem_207_U(top_wrapper_fifo_w32_d2_S)' using Shift Registers.
INFO: [RTMG 210-285] Implementing FIFO 'out_mem_208_U(top_wrapper_fifo_w32_d2_S)' using Shift Registers.
INFO: [RTMG 210-285] Implementing FIFO 'out_mem_209_U(top_wrapper_fifo_w32_d2_S)' using Shift Registers.
INFO: [RTMG 210-285] Implementing FIFO 'out_mem_210_U(top_wrapper_fifo_w32_d2_S)' using Shift Registers.
INFO: [RTMG 210-285] Implementing FIFO 'out_mem_211_U(top_wrapper_fifo_w32_d2_S)' using Shift Registers.
INFO: [RTMG 210-285] Implementing FIFO 'out_mem_212_U(top_wrapper_fifo_w32_d2_S)' using Shift Registers.
INFO: [RTMG 210-285] Implementing FIFO 'out_mem_213_U(top_wrapper_fifo_w32_d2_S)' using Shift Registers.
INFO: [RTMG 210-285] Implementing FIFO 'out_mem_214_U(top_wrapper_fifo_w32_d2_S)' using Shift Registers.
INFO: [RTMG 210-285] Implementing FIFO 'out_mem_215_U(top_wrapper_fifo_w32_d2_S)' using Shift Registers.
INFO: [RTMG 210-285] Implementing FIFO 'out_mem_216_U(top_wrapper_fifo_w32_d2_S)' using Shift Registers.
INFO: [RTMG 210-285] Implementing FIFO 'out_mem_217_U(top_wrapper_fifo_w32_d2_S)' using Shift Registers.
INFO: [RTMG 210-285] Implementing FIFO 'out_mem_218_U(top_wrapper_fifo_w32_d2_S)' using Shift Registers.
INFO: [RTMG 210-285] Implementing FIFO 'out_mem_219_U(top_wrapper_fifo_w32_d2_S)' using Shift Registers.
INFO: [RTMG 210-285] Implementing FIFO 'out_mem_220_U(top_wrapper_fifo_w32_d2_S)' using Shift Registers.
INFO: [RTMG 210-285] Implementing FIFO 'out_mem_221_U(top_wrapper_fifo_w32_d2_S)' using Shift Registers.
INFO: [RTMG 210-285] Implementing FIFO 'out_mem_222_U(top_wrapper_fifo_w32_d2_S)' using Shift Registers.
INFO: [RTMG 210-285] Implementing FIFO 'out_mem_223_U(top_wrapper_fifo_w32_d2_S)' using Shift Registers.
INFO: [RTMG 210-285] Implementing FIFO 'out_mem_224_U(top_wrapper_fifo_w32_d2_S)' using Shift Registers.
INFO: [RTMG 210-285] Implementing FIFO 'out_mem_225_U(top_wrapper_fifo_w32_d2_S)' using Shift Registers.
INFO: [RTMG 210-285] Implementing FIFO 'out_mem_226_U(top_wrapper_fifo_w32_d2_S)' using Shift Registers.
INFO: [RTMG 210-285] Implementing FIFO 'out_mem_227_U(top_wrapper_fifo_w32_d2_S)' using Shift Registers.
INFO: [RTMG 210-285] Implementing FIFO 'out_mem_228_U(top_wrapper_fifo_w32_d2_S)' using Shift Registers.
INFO: [RTMG 210-285] Implementing FIFO 'out_mem_229_U(top_wrapper_fifo_w32_d2_S)' using Shift Registers.
INFO: [RTMG 210-285] Implementing FIFO 'out_mem_230_U(top_wrapper_fifo_w32_d2_S)' using Shift Registers.
INFO: [RTMG 210-285] Implementing FIFO 'out_mem_231_U(top_wrapper_fifo_w32_d2_S)' using Shift Registers.
INFO: [RTMG 210-285] Implementing FIFO 'out_mem_232_U(top_wrapper_fifo_w32_d2_S)' using Shift Registers.
INFO: [RTMG 210-285] Implementing FIFO 'out_mem_233_U(top_wrapper_fifo_w32_d2_S)' using Shift Registers.
INFO: [RTMG 210-285] Implementing FIFO 'out_mem_234_U(top_wrapper_fifo_w32_d2_S)' using Shift Registers.
INFO: [RTMG 210-285] Implementing FIFO 'out_mem_235_U(top_wrapper_fifo_w32_d2_S)' using Shift Registers.
INFO: [RTMG 210-285] Implementing FIFO 'out_mem_236_U(top_wrapper_fifo_w32_d2_S)' using Shift Registers.
INFO: [RTMG 210-285] Implementing FIFO 'out_mem_237_U(top_wrapper_fifo_w32_d2_S)' using Shift Registers.
INFO: [RTMG 210-285] Implementing FIFO 'out_mem_238_U(top_wrapper_fifo_w32_d2_S)' using Shift Registers.
INFO: [RTMG 210-285] Implementing FIFO 'out_mem_239_U(top_wrapper_fifo_w32_d2_S)' using Shift Registers.
INFO: [RTMG 210-285] Implementing FIFO 'out_mem_240_U(top_wrapper_fifo_w32_d2_S)' using Shift Registers.
INFO: [RTMG 210-285] Implementing FIFO 'out_mem_241_U(top_wrapper_fifo_w32_d2_S)' using Shift Registers.
INFO: [RTMG 210-285] Implementing FIFO 'out_mem_242_U(top_wrapper_fifo_w32_d2_S)' using Shift Registers.
INFO: [RTMG 210-285] Implementing FIFO 'out_mem_243_U(top_wrapper_fifo_w32_d2_S)' using Shift Registers.
INFO: [RTMG 210-285] Implementing FIFO 'out_mem_244_U(top_wrapper_fifo_w32_d2_S)' using Shift Registers.
INFO: [RTMG 210-285] Implementing FIFO 'out_mem_245_U(top_wrapper_fifo_w32_d2_S)' using Shift Registers.
INFO: [RTMG 210-285] Implementing FIFO 'out_mem_246_U(top_wrapper_fifo_w32_d2_S)' using Shift Registers.
INFO: [RTMG 210-285] Implementing FIFO 'out_mem_247_U(top_wrapper_fifo_w32_d2_S)' using Shift Registers.
INFO: [RTMG 210-285] Implementing FIFO 'out_mem_248_U(top_wrapper_fifo_w32_d2_S)' using Shift Registers.
INFO: [RTMG 210-285] Implementing FIFO 'out_mem_249_U(top_wrapper_fifo_w32_d2_S)' using Shift Registers.
INFO: [RTMG 210-285] Implementing FIFO 'out_mem_250_U(top_wrapper_fifo_w32_d2_S)' using Shift Registers.
INFO: [RTMG 210-285] Implementing FIFO 'out_mem_251_U(top_wrapper_fifo_w32_d2_S)' using Shift Registers.
INFO: [RTMG 210-285] Implementing FIFO 'out_mem_252_U(top_wrapper_fifo_w32_d2_S)' using Shift Registers.
INFO: [RTMG 210-285] Implementing FIFO 'out_mem_253_U(top_wrapper_fifo_w32_d2_S)' using Shift Registers.
INFO: [RTMG 210-285] Implementing FIFO 'out_mem_254_U(top_wrapper_fifo_w32_d2_S)' using Shift Registers.
INFO: [RTMG 210-285] Implementing FIFO 'out_mem_255_U(top_wrapper_fifo_w32_d2_S)' using Shift Registers.
INFO: [RTMG 210-285] Implementing FIFO 'out_mem_256_U(top_wrapper_fifo_w32_d2_S)' using Shift Registers.
INFO: [RTMG 210-285] Implementing FIFO 'out_mem_257_U(top_wrapper_fifo_w32_d2_S)' using Shift Registers.
INFO: [RTMG 210-285] Implementing FIFO 'out_mem_258_U(top_wrapper_fifo_w32_d2_S)' using Shift Registers.
INFO: [RTMG 210-285] Implementing FIFO 'out_mem_259_U(top_wrapper_fifo_w32_d2_S)' using Shift Registers.
INFO: [RTMG 210-285] Implementing FIFO 'out_mem_260_U(top_wrapper_fifo_w32_d2_S)' using Shift Registers.
INFO: [RTMG 210-285] Implementing FIFO 'out_mem_261_U(top_wrapper_fifo_w32_d2_S)' using Shift Registers.
INFO: [RTMG 210-285] Implementing FIFO 'out_mem_262_U(top_wrapper_fifo_w32_d2_S)' using Shift Registers.
INFO: [RTMG 210-285] Implementing FIFO 'out_mem_263_U(top_wrapper_fifo_w32_d2_S)' using Shift Registers.
INFO: [RTMG 210-285] Implementing FIFO 'out_mem_264_U(top_wrapper_fifo_w32_d2_S)' using Shift Registers.
INFO: [RTMG 210-285] Implementing FIFO 'out_mem_265_U(top_wrapper_fifo_w32_d2_S)' using Shift Registers.
INFO: [RTMG 210-285] Implementing FIFO 'out_mem_266_U(top_wrapper_fifo_w32_d2_S)' using Shift Registers.
INFO: [RTMG 210-285] Implementing FIFO 'out_mem_267_U(top_wrapper_fifo_w32_d2_S)' using Shift Registers.
INFO: [RTMG 210-285] Implementing FIFO 'out_mem_268_U(top_wrapper_fifo_w32_d2_S)' using Shift Registers.
INFO: [RTMG 210-285] Implementing FIFO 'out_mem_269_U(top_wrapper_fifo_w32_d2_S)' using Shift Registers.
INFO: [RTMG 210-285] Implementing FIFO 'out_mem_270_U(top_wrapper_fifo_w32_d2_S)' using Shift Registers.
INFO: [RTMG 210-285] Implementing FIFO 'out_mem_271_U(top_wrapper_fifo_w32_d2_S)' using Shift Registers.
INFO: [RTMG 210-285] Implementing FIFO 'out_mem_272_U(top_wrapper_fifo_w32_d2_S)' using Shift Registers.
INFO: [RTMG 210-285] Implementing FIFO 'out_mem_273_U(top_wrapper_fifo_w32_d2_S)' using Shift Registers.
INFO: [RTMG 210-285] Implementing FIFO 'out_mem_274_U(top_wrapper_fifo_w32_d2_S)' using Shift Registers.
INFO: [RTMG 210-285] Implementing FIFO 'out_mem_275_U(top_wrapper_fifo_w32_d2_S)' using Shift Registers.
INFO: [RTMG 210-285] Implementing FIFO 'out_mem_276_U(top_wrapper_fifo_w32_d2_S)' using Shift Registers.
INFO: [RTMG 210-285] Implementing FIFO 'out_mem_277_U(top_wrapper_fifo_w32_d2_S)' using Shift Registers.
INFO: [RTMG 210-285] Implementing FIFO 'out_mem_278_U(top_wrapper_fifo_w32_d2_S)' using Shift Registers.
INFO: [RTMG 210-285] Implementing FIFO 'out_mem_279_U(top_wrapper_fifo_w32_d2_S)' using Shift Registers.
INFO: [RTMG 210-285] Implementing FIFO 'out_mem_280_U(top_wrapper_fifo_w32_d2_S)' using Shift Registers.
INFO: [RTMG 210-285] Implementing FIFO 'out_mem_281_U(top_wrapper_fifo_w32_d2_S)' using Shift Registers.
INFO: [RTMG 210-285] Implementing FIFO 'out_mem_282_U(top_wrapper_fifo_w32_d2_S)' using Shift Registers.
INFO: [RTMG 210-285] Implementing FIFO 'out_mem_283_U(top_wrapper_fifo_w32_d2_S)' using Shift Registers.
INFO: [RTMG 210-285] Implementing FIFO 'out_mem_284_U(top_wrapper_fifo_w32_d2_S)' using Shift Registers.
INFO: [RTMG 210-285] Implementing FIFO 'out_mem_285_U(top_wrapper_fifo_w32_d2_S)' using Shift Registers.
INFO: [RTMG 210-285] Implementing FIFO 'out_mem_286_U(top_wrapper_fifo_w32_d2_S)' using Shift Registers.
INFO: [RTMG 210-285] Implementing FIFO 'out_mem_287_U(top_wrapper_fifo_w32_d2_S)' using Shift Registers.
INFO: [RTMG 210-285] Implementing FIFO 'out_mem_288_U(top_wrapper_fifo_w32_d2_S)' using Shift Registers.
INFO: [RTMG 210-285] Implementing FIFO 'out_mem_289_U(top_wrapper_fifo_w32_d2_S)' using Shift Registers.
INFO: [RTMG 210-285] Implementing FIFO 'out_mem_290_U(top_wrapper_fifo_w32_d2_S)' using Shift Registers.
INFO: [RTMG 210-285] Implementing FIFO 'out_mem_291_U(top_wrapper_fifo_w32_d2_S)' using Shift Registers.
INFO: [RTMG 210-285] Implementing FIFO 'out_mem_292_U(top_wrapper_fifo_w32_d2_S)' using Shift Registers.
INFO: [RTMG 210-285] Implementing FIFO 'out_mem_293_U(top_wrapper_fifo_w32_d2_S)' using Shift Registers.
INFO: [RTMG 210-285] Implementing FIFO 'out_mem_294_U(top_wrapper_fifo_w32_d2_S)' using Shift Registers.
INFO: [RTMG 210-285] Implementing FIFO 'out_mem_295_U(top_wrapper_fifo_w32_d2_S)' using Shift Registers.
INFO: [RTMG 210-285] Implementing FIFO 'out_mem_296_U(top_wrapper_fifo_w32_d2_S)' using Shift Registers.
INFO: [RTMG 210-285] Implementing FIFO 'out_mem_297_U(top_wrapper_fifo_w32_d2_S)' using Shift Registers.
INFO: [RTMG 210-285] Implementing FIFO 'out_mem_298_U(top_wrapper_fifo_w32_d2_S)' using Shift Registers.
INFO: [RTMG 210-285] Implementing FIFO 'out_mem_299_U(top_wrapper_fifo_w32_d2_S)' using Shift Registers.
INFO: [RTMG 210-285] Implementing FIFO 'out_mem_300_U(top_wrapper_fifo_w32_d2_S)' using Shift Registers.
INFO: [RTMG 210-285] Implementing FIFO 'out_mem_301_U(top_wrapper_fifo_w32_d2_S)' using Shift Registers.
INFO: [RTMG 210-285] Implementing FIFO 'out_mem_302_U(top_wrapper_fifo_w32_d2_S)' using Shift Registers.
INFO: [RTMG 210-285] Implementing FIFO 'out_mem_303_U(top_wrapper_fifo_w32_d2_S)' using Shift Registers.
INFO: [RTMG 210-285] Implementing FIFO 'out_mem_304_U(top_wrapper_fifo_w32_d2_S)' using Shift Registers.
INFO: [RTMG 210-285] Implementing FIFO 'out_mem_305_U(top_wrapper_fifo_w32_d2_S)' using Shift Registers.
INFO: [RTMG 210-285] Implementing FIFO 'out_mem_306_U(top_wrapper_fifo_w32_d2_S)' using Shift Registers.
INFO: [RTMG 210-285] Implementing FIFO 'out_mem_307_U(top_wrapper_fifo_w32_d2_S)' using Shift Registers.
INFO: [RTMG 210-285] Implementing FIFO 'out_mem_308_U(top_wrapper_fifo_w32_d2_S)' using Shift Registers.
INFO: [RTMG 210-285] Implementing FIFO 'out_mem_309_U(top_wrapper_fifo_w32_d2_S)' using Shift Registers.
INFO: [RTMG 210-285] Implementing FIFO 'out_mem_310_U(top_wrapper_fifo_w32_d2_S)' using Shift Registers.
INFO: [RTMG 210-285] Implementing FIFO 'out_mem_311_U(top_wrapper_fifo_w32_d2_S)' using Shift Registers.
INFO: [RTMG 210-285] Implementing FIFO 'out_mem_312_U(top_wrapper_fifo_w32_d2_S)' using Shift Registers.
INFO: [RTMG 210-285] Implementing FIFO 'out_mem_313_U(top_wrapper_fifo_w32_d2_S)' using Shift Registers.
INFO: [RTMG 210-285] Implementing FIFO 'out_mem_314_U(top_wrapper_fifo_w32_d2_S)' using Shift Registers.
INFO: [RTMG 210-285] Implementing FIFO 'out_mem_315_U(top_wrapper_fifo_w32_d2_S)' using Shift Registers.
INFO: [RTMG 210-285] Implementing FIFO 'out_mem_316_U(top_wrapper_fifo_w32_d2_S)' using Shift Registers.
INFO: [RTMG 210-285] Implementing FIFO 'out_mem_317_U(top_wrapper_fifo_w32_d2_S)' using Shift Registers.
INFO: [RTMG 210-285] Implementing FIFO 'out_mem_318_U(top_wrapper_fifo_w32_d2_S)' using Shift Registers.
INFO: [RTMG 210-285] Implementing FIFO 'out_mem_319_U(top_wrapper_fifo_w32_d2_S)' using Shift Registers.
INFO: [RTMG 210-285] Implementing FIFO 'out_mem_320_U(top_wrapper_fifo_w32_d2_S)' using Shift Registers.
INFO: [RTMG 210-285] Implementing FIFO 'out_mem_321_U(top_wrapper_fifo_w32_d2_S)' using Shift Registers.
INFO: [RTMG 210-285] Implementing FIFO 'out_mem_322_U(top_wrapper_fifo_w32_d2_S)' using Shift Registers.
INFO: [RTMG 210-285] Implementing FIFO 'out_mem_323_U(top_wrapper_fifo_w32_d2_S)' using Shift Registers.
INFO: [RTMG 210-285] Implementing FIFO 'out_mem_324_U(top_wrapper_fifo_w32_d2_S)' using Shift Registers.
INFO: [RTMG 210-285] Implementing FIFO 'out_mem_325_U(top_wrapper_fifo_w32_d2_S)' using Shift Registers.
INFO: [RTMG 210-285] Implementing FIFO 'out_mem_326_U(top_wrapper_fifo_w32_d2_S)' using Shift Registers.
INFO: [RTMG 210-285] Implementing FIFO 'out_mem_327_U(top_wrapper_fifo_w32_d2_S)' using Shift Registers.
INFO: [RTMG 210-285] Implementing FIFO 'out_mem_328_U(top_wrapper_fifo_w32_d2_S)' using Shift Registers.
INFO: [RTMG 210-285] Implementing FIFO 'out_mem_329_U(top_wrapper_fifo_w32_d2_S)' using Shift Registers.
INFO: [RTMG 210-285] Implementing FIFO 'out_mem_330_U(top_wrapper_fifo_w32_d2_S)' using Shift Registers.
INFO: [RTMG 210-285] Implementing FIFO 'out_mem_331_U(top_wrapper_fifo_w32_d2_S)' using Shift Registers.
INFO: [RTMG 210-285] Implementing FIFO 'out_mem_332_U(top_wrapper_fifo_w32_d2_S)' using Shift Registers.
INFO: [RTMG 210-285] Implementing FIFO 'out_mem_333_U(top_wrapper_fifo_w32_d2_S)' using Shift Registers.
INFO: [RTMG 210-285] Implementing FIFO 'out_mem_334_U(top_wrapper_fifo_w32_d2_S)' using Shift Registers.
INFO: [RTMG 210-285] Implementing FIFO 'out_mem_335_U(top_wrapper_fifo_w32_d2_S)' using Shift Registers.
INFO: [RTMG 210-285] Implementing FIFO 'out_mem_336_U(top_wrapper_fifo_w32_d2_S)' using Shift Registers.
INFO: [RTMG 210-285] Implementing FIFO 'out_mem_337_U(top_wrapper_fifo_w32_d2_S)' using Shift Registers.
INFO: [RTMG 210-285] Implementing FIFO 'out_mem_338_U(top_wrapper_fifo_w32_d2_S)' using Shift Registers.
INFO: [RTMG 210-285] Implementing FIFO 'out_mem_339_U(top_wrapper_fifo_w32_d2_S)' using Shift Registers.
INFO: [RTMG 210-285] Implementing FIFO 'out_mem_340_U(top_wrapper_fifo_w32_d2_S)' using Shift Registers.
INFO: [RTMG 210-285] Implementing FIFO 'out_mem_341_U(top_wrapper_fifo_w32_d2_S)' using Shift Registers.
INFO: [RTMG 210-285] Implementing FIFO 'out_mem_342_U(top_wrapper_fifo_w32_d2_S)' using Shift Registers.
INFO: [RTMG 210-285] Implementing FIFO 'out_mem_343_U(top_wrapper_fifo_w32_d2_S)' using Shift Registers.
INFO: [RTMG 210-285] Implementing FIFO 'out_mem_344_U(top_wrapper_fifo_w32_d2_S)' using Shift Registers.
INFO: [RTMG 210-285] Implementing FIFO 'out_mem_345_U(top_wrapper_fifo_w32_d2_S)' using Shift Registers.
INFO: [RTMG 210-285] Implementing FIFO 'out_mem_346_U(top_wrapper_fifo_w32_d2_S)' using Shift Registers.
INFO: [RTMG 210-285] Implementing FIFO 'out_mem_347_U(top_wrapper_fifo_w32_d2_S)' using Shift Registers.
INFO: [RTMG 210-285] Implementing FIFO 'out_mem_348_U(top_wrapper_fifo_w32_d2_S)' using Shift Registers.
INFO: [RTMG 210-285] Implementing FIFO 'out_mem_349_U(top_wrapper_fifo_w32_d2_S)' using Shift Registers.
INFO: [RTMG 210-285] Implementing FIFO 'out_mem_350_U(top_wrapper_fifo_w32_d2_S)' using Shift Registers.
INFO: [RTMG 210-285] Implementing FIFO 'out_mem_351_U(top_wrapper_fifo_w32_d2_S)' using Shift Registers.
INFO: [RTMG 210-285] Implementing FIFO 'out_mem_352_U(top_wrapper_fifo_w32_d2_S)' using Shift Registers.
INFO: [RTMG 210-285] Implementing FIFO 'out_mem_353_U(top_wrapper_fifo_w32_d2_S)' using Shift Registers.
INFO: [RTMG 210-285] Implementing FIFO 'out_mem_354_U(top_wrapper_fifo_w32_d2_S)' using Shift Registers.
INFO: [RTMG 210-285] Implementing FIFO 'out_mem_355_U(top_wrapper_fifo_w32_d2_S)' using Shift Registers.
INFO: [RTMG 210-285] Implementing FIFO 'out_mem_356_U(top_wrapper_fifo_w32_d2_S)' using Shift Registers.
INFO: [RTMG 210-285] Implementing FIFO 'out_mem_357_U(top_wrapper_fifo_w32_d2_S)' using Shift Registers.
INFO: [RTMG 210-285] Implementing FIFO 'out_mem_358_U(top_wrapper_fifo_w32_d2_S)' using Shift Registers.
INFO: [RTMG 210-285] Implementing FIFO 'out_mem_359_U(top_wrapper_fifo_w32_d2_S)' using Shift Registers.
INFO: [RTMG 210-285] Implementing FIFO 'out_mem_360_U(top_wrapper_fifo_w32_d2_S)' using Shift Registers.
INFO: [RTMG 210-285] Implementing FIFO 'out_mem_361_U(top_wrapper_fifo_w32_d2_S)' using Shift Registers.
INFO: [RTMG 210-285] Implementing FIFO 'out_mem_362_U(top_wrapper_fifo_w32_d2_S)' using Shift Registers.
INFO: [RTMG 210-285] Implementing FIFO 'out_mem_363_U(top_wrapper_fifo_w32_d2_S)' using Shift Registers.
INFO: [RTMG 210-285] Implementing FIFO 'out_mem_364_U(top_wrapper_fifo_w32_d2_S)' using Shift Registers.
INFO: [RTMG 210-285] Implementing FIFO 'out_mem_365_U(top_wrapper_fifo_w32_d2_S)' using Shift Registers.
INFO: [RTMG 210-285] Implementing FIFO 'out_mem_366_U(top_wrapper_fifo_w32_d2_S)' using Shift Registers.
INFO: [RTMG 210-285] Implementing FIFO 'out_mem_367_U(top_wrapper_fifo_w32_d2_S)' using Shift Registers.
INFO: [RTMG 210-285] Implementing FIFO 'out_mem_368_U(top_wrapper_fifo_w32_d2_S)' using Shift Registers.
INFO: [RTMG 210-285] Implementing FIFO 'out_mem_369_U(top_wrapper_fifo_w32_d2_S)' using Shift Registers.
INFO: [RTMG 210-285] Implementing FIFO 'out_mem_370_U(top_wrapper_fifo_w32_d2_S)' using Shift Registers.
INFO: [RTMG 210-285] Implementing FIFO 'out_mem_371_U(top_wrapper_fifo_w32_d2_S)' using Shift Registers.
INFO: [RTMG 210-285] Implementing FIFO 'out_mem_372_U(top_wrapper_fifo_w32_d2_S)' using Shift Registers.
INFO: [RTMG 210-285] Implementing FIFO 'out_mem_373_U(top_wrapper_fifo_w32_d2_S)' using Shift Registers.
INFO: [RTMG 210-285] Implementing FIFO 'out_mem_374_U(top_wrapper_fifo_w32_d2_S)' using Shift Registers.
INFO: [RTMG 210-285] Implementing FIFO 'out_mem_375_U(top_wrapper_fifo_w32_d2_S)' using Shift Registers.
INFO: [RTMG 210-285] Implementing FIFO 'out_mem_376_U(top_wrapper_fifo_w32_d2_S)' using Shift Registers.
INFO: [RTMG 210-285] Implementing FIFO 'out_mem_377_U(top_wrapper_fifo_w32_d2_S)' using Shift Registers.
INFO: [RTMG 210-285] Implementing FIFO 'out_mem_378_U(top_wrapper_fifo_w32_d2_S)' using Shift Registers.
INFO: [RTMG 210-285] Implementing FIFO 'out_mem_379_U(top_wrapper_fifo_w32_d2_S)' using Shift Registers.
INFO: [RTMG 210-285] Implementing FIFO 'out_mem_380_U(top_wrapper_fifo_w32_d2_S)' using Shift Registers.
INFO: [RTMG 210-285] Implementing FIFO 'out_mem_381_U(top_wrapper_fifo_w32_d2_S)' using Shift Registers.
INFO: [RTMG 210-285] Implementing FIFO 'out_mem_382_U(top_wrapper_fifo_w32_d2_S)' using Shift Registers.
INFO: [RTMG 210-285] Implementing FIFO 'out_mem_383_U(top_wrapper_fifo_w32_d2_S)' using Shift Registers.
INFO: [RTMG 210-285] Implementing FIFO 'out_mem_384_U(top_wrapper_fifo_w32_d2_S)' using Shift Registers.
INFO: [RTMG 210-285] Implementing FIFO 'out_mem_385_U(top_wrapper_fifo_w32_d2_S)' using Shift Registers.
INFO: [RTMG 210-285] Implementing FIFO 'out_mem_386_U(top_wrapper_fifo_w32_d2_S)' using Shift Registers.
INFO: [RTMG 210-285] Implementing FIFO 'out_mem_387_U(top_wrapper_fifo_w32_d2_S)' using Shift Registers.
INFO: [RTMG 210-285] Implementing FIFO 'out_mem_388_U(top_wrapper_fifo_w32_d2_S)' using Shift Registers.
INFO: [RTMG 210-285] Implementing FIFO 'out_mem_389_U(top_wrapper_fifo_w32_d2_S)' using Shift Registers.
INFO: [RTMG 210-285] Implementing FIFO 'out_mem_390_U(top_wrapper_fifo_w32_d2_S)' using Shift Registers.
INFO: [RTMG 210-285] Implementing FIFO 'out_mem_391_U(top_wrapper_fifo_w32_d2_S)' using Shift Registers.
INFO: [RTMG 210-285] Implementing FIFO 'out_mem_392_U(top_wrapper_fifo_w32_d2_S)' using Shift Registers.
INFO: [RTMG 210-285] Implementing FIFO 'out_mem_393_U(top_wrapper_fifo_w32_d2_S)' using Shift Registers.
INFO: [RTMG 210-285] Implementing FIFO 'out_mem_394_U(top_wrapper_fifo_w32_d2_S)' using Shift Registers.
INFO: [RTMG 210-285] Implementing FIFO 'out_mem_395_U(top_wrapper_fifo_w32_d2_S)' using Shift Registers.
INFO: [RTMG 210-285] Implementing FIFO 'out_mem_396_U(top_wrapper_fifo_w32_d2_S)' using Shift Registers.
INFO: [RTMG 210-285] Implementing FIFO 'out_mem_397_U(top_wrapper_fifo_w32_d2_S)' using Shift Registers.
INFO: [RTMG 210-285] Implementing FIFO 'out_mem_398_U(top_wrapper_fifo_w32_d2_S)' using Shift Registers.
INFO: [RTMG 210-285] Implementing FIFO 'out_mem_399_U(top_wrapper_fifo_w32_d2_S)' using Shift Registers.
INFO: [RTMG 210-285] Implementing FIFO 'out_mem_400_U(top_wrapper_fifo_w32_d2_S)' using Shift Registers.
INFO: [RTMG 210-285] Implementing FIFO 'out_mem_401_U(top_wrapper_fifo_w32_d2_S)' using Shift Registers.
INFO: [RTMG 210-285] Implementing FIFO 'out_mem_402_U(top_wrapper_fifo_w32_d2_S)' using Shift Registers.
INFO: [RTMG 210-285] Implementing FIFO 'out_mem_403_U(top_wrapper_fifo_w32_d2_S)' using Shift Registers.
INFO: [RTMG 210-285] Implementing FIFO 'out_mem_404_U(top_wrapper_fifo_w32_d2_S)' using Shift Registers.
INFO: [RTMG 210-285] Implementing FIFO 'out_mem_405_U(top_wrapper_fifo_w32_d2_S)' using Shift Registers.
INFO: [RTMG 210-285] Implementing FIFO 'out_mem_406_U(top_wrapper_fifo_w32_d2_S)' using Shift Registers.
INFO: [RTMG 210-285] Implementing FIFO 'out_mem_407_U(top_wrapper_fifo_w32_d2_S)' using Shift Registers.
INFO: [RTMG 210-285] Implementing FIFO 'out_mem_408_U(top_wrapper_fifo_w32_d2_S)' using Shift Registers.
INFO: [RTMG 210-285] Implementing FIFO 'out_mem_409_U(top_wrapper_fifo_w32_d2_S)' using Shift Registers.
INFO: [RTMG 210-285] Implementing FIFO 'out_mem_410_U(top_wrapper_fifo_w32_d2_S)' using Shift Registers.
INFO: [RTMG 210-285] Implementing FIFO 'out_mem_411_U(top_wrapper_fifo_w32_d2_S)' using Shift Registers.
INFO: [RTMG 210-285] Implementing FIFO 'out_mem_412_U(top_wrapper_fifo_w32_d2_S)' using Shift Registers.
INFO: [RTMG 210-285] Implementing FIFO 'out_mem_413_U(top_wrapper_fifo_w32_d2_S)' using Shift Registers.
INFO: [RTMG 210-285] Implementing FIFO 'out_mem_414_U(top_wrapper_fifo_w32_d2_S)' using Shift Registers.
INFO: [RTMG 210-285] Implementing FIFO 'out_mem_415_U(top_wrapper_fifo_w32_d2_S)' using Shift Registers.
INFO: [RTMG 210-285] Implementing FIFO 'out_mem_416_U(top_wrapper_fifo_w32_d2_S)' using Shift Registers.
INFO: [RTMG 210-285] Implementing FIFO 'out_mem_417_U(top_wrapper_fifo_w32_d2_S)' using Shift Registers.
INFO: [RTMG 210-285] Implementing FIFO 'out_mem_418_U(top_wrapper_fifo_w32_d2_S)' using Shift Registers.
INFO: [RTMG 210-285] Implementing FIFO 'out_mem_419_U(top_wrapper_fifo_w32_d2_S)' using Shift Registers.
INFO: [RTMG 210-285] Implementing FIFO 'out_mem_420_U(top_wrapper_fifo_w32_d2_S)' using Shift Registers.
INFO: [RTMG 210-285] Implementing FIFO 'out_mem_421_U(top_wrapper_fifo_w32_d2_S)' using Shift Registers.
INFO: [RTMG 210-285] Implementing FIFO 'out_mem_422_U(top_wrapper_fifo_w32_d2_S)' using Shift Registers.
INFO: [RTMG 210-285] Implementing FIFO 'out_mem_423_U(top_wrapper_fifo_w32_d2_S)' using Shift Registers.
INFO: [RTMG 210-285] Implementing FIFO 'out_mem_424_U(top_wrapper_fifo_w32_d2_S)' using Shift Registers.
INFO: [RTMG 210-285] Implementing FIFO 'out_mem_425_U(top_wrapper_fifo_w32_d2_S)' using Shift Registers.
INFO: [RTMG 210-285] Implementing FIFO 'out_mem_426_U(top_wrapper_fifo_w32_d2_S)' using Shift Registers.
INFO: [RTMG 210-285] Implementing FIFO 'out_mem_427_U(top_wrapper_fifo_w32_d2_S)' using Shift Registers.
INFO: [RTMG 210-285] Implementing FIFO 'out_mem_428_U(top_wrapper_fifo_w32_d2_S)' using Shift Registers.
INFO: [RTMG 210-285] Implementing FIFO 'out_mem_429_U(top_wrapper_fifo_w32_d2_S)' using Shift Registers.
INFO: [RTMG 210-285] Implementing FIFO 'out_mem_430_U(top_wrapper_fifo_w32_d2_S)' using Shift Registers.
INFO: [RTMG 210-285] Implementing FIFO 'out_mem_431_U(top_wrapper_fifo_w32_d2_S)' using Shift Registers.
INFO: [RTMG 210-285] Implementing FIFO 'out_mem_432_U(top_wrapper_fifo_w32_d2_S)' using Shift Registers.
INFO: [RTMG 210-285] Implementing FIFO 'out_mem_433_U(top_wrapper_fifo_w32_d2_S)' using Shift Registers.
INFO: [RTMG 210-285] Implementing FIFO 'out_mem_434_U(top_wrapper_fifo_w32_d2_S)' using Shift Registers.
INFO: [RTMG 210-285] Implementing FIFO 'out_mem_435_U(top_wrapper_fifo_w32_d2_S)' using Shift Registers.
INFO: [RTMG 210-285] Implementing FIFO 'out_mem_436_U(top_wrapper_fifo_w32_d2_S)' using Shift Registers.
INFO: [RTMG 210-285] Implementing FIFO 'out_mem_437_U(top_wrapper_fifo_w32_d2_S)' using Shift Registers.
INFO: [RTMG 210-285] Implementing FIFO 'out_mem_438_U(top_wrapper_fifo_w32_d2_S)' using Shift Registers.
INFO: [RTMG 210-285] Implementing FIFO 'out_mem_439_U(top_wrapper_fifo_w32_d2_S)' using Shift Registers.
INFO: [RTMG 210-285] Implementing FIFO 'out_mem_440_U(top_wrapper_fifo_w32_d2_S)' using Shift Registers.
INFO: [RTMG 210-285] Implementing FIFO 'out_mem_441_U(top_wrapper_fifo_w32_d2_S)' using Shift Registers.
INFO: [RTMG 210-285] Implementing FIFO 'out_mem_442_U(top_wrapper_fifo_w32_d2_S)' using Shift Registers.
INFO: [RTMG 210-285] Implementing FIFO 'out_mem_443_U(top_wrapper_fifo_w32_d2_S)' using Shift Registers.
INFO: [RTMG 210-285] Implementing FIFO 'out_mem_444_U(top_wrapper_fifo_w32_d2_S)' using Shift Registers.
INFO: [RTMG 210-285] Implementing FIFO 'out_mem_445_U(top_wrapper_fifo_w32_d2_S)' using Shift Registers.
INFO: [RTMG 210-285] Implementing FIFO 'out_mem_446_U(top_wrapper_fifo_w32_d2_S)' using Shift Registers.
INFO: [RTMG 210-285] Implementing FIFO 'out_mem_447_U(top_wrapper_fifo_w32_d2_S)' using Shift Registers.
INFO: [RTMG 210-285] Implementing FIFO 'out_mem_448_U(top_wrapper_fifo_w32_d2_S)' using Shift Registers.
INFO: [RTMG 210-285] Implementing FIFO 'out_mem449_U(top_wrapper_fifo_w32_d2_S)' using Shift Registers.
INFO: [HLS 200-111] Finished Creating RTL model: CPU user time: 6.7 seconds. CPU system time: 0.57 seconds. Elapsed time: 13.25 seconds; current allocated memory: 2.381 GB.
INFO: [HLS 200-10] ----------------------------------------------------------------
INFO: [HLS 200-10] -- Generating RTL for module 'top_wrapper' 
INFO: [HLS 200-10] ----------------------------------------------------------------
WARNING: [RTGEN 206-101] Design contains AXI ports. Reset is fixed to synchronous and active low.
INFO: [RTGEN 206-500] Setting interface mode on port 'top_wrapper/gmem2' to 'm_axi'.
INFO: [RTGEN 206-500] Setting interface mode on port 'top_wrapper/gmem1' to 'm_axi'.
INFO: [RTGEN 206-500] Setting interface mode on port 'top_wrapper/memory_in' to 's_axilite & ap_memory'.
INFO: [RTGEN 206-500] Setting interface mode on port 'top_wrapper/filter_val' to 's_axilite & ap_none'.
INFO: [RTGEN 206-500] Setting interface mode on port 'top_wrapper/memory' to 's_axilite & ap_none'.
INFO: [RTGEN 206-500] Setting interface mode on function 'top_wrapper' to 's_axilite & ap_ctrl_hs'.
INFO: [RTGEN 206-100] Bundling port 'return' to AXI-Lite port control.
INFO: [RTGEN 206-100] Bundling port 'filter_val' and 'memory' to AXI-Lite port control_r.
INFO: [RTGEN 206-100] Bundling port 'memory_in' to AXI-Lite port gmem3.
WARNING: [HLS 200-656] Deadlocks can occur since process dataflow_in_loop_VITIS_LOOP_92_1.1_Loop_VITIS_LOOP_99_2_proc is instantiated in a dataflow region with ap_ctrl_none or without start propagation and contains an auto-rewind pipeline.
INFO: [RTGEN 206-100] Finished creating RTL model for 'top_wrapper'.
INFO: [HLS 200-111] Finished Creating RTL model: CPU user time: 0.75 seconds. CPU system time: 0.03 seconds. Elapsed time: 0.8 seconds; current allocated memory: 2.381 GB.
INFO: [HLS 200-111] Finished Generating all RTL models: CPU user time: 1.02 seconds. CPU system time: 0.15 seconds. Elapsed time: 1.17 seconds; current allocated memory: 2.381 GB.
INFO: [HLS 200-1603] Design has inferred MAXI bursts and missed bursts, see Vitis HLS GUI synthesis summary report for detailed information.
INFO: [HLS 200-111] Finished Updating report files: CPU user time: 1.46 seconds. CPU system time: 0.02 seconds. Elapsed time: 1.48 seconds; current allocated memory: 2.381 GB.
INFO: [VHDL 208-304] Generating VHDL RTL for top_wrapper.
INFO: [VLOG 209-307] Generating Verilog RTL for top_wrapper.
INFO: [HLS 200-790] **** Loop Constraint Status: All loop constraints were satisfied.
INFO: [HLS 200-789] **** Estimated Fmax: 273.97 MHz
INFO: [HLS 200-2161] Finished Command csynth_design Elapsed time: 00:01:58; Allocated memory: 1.755 GB.
INFO: [HLS 200-1510] Running: cosim_design 
WARNING: [HLS 200-626] This design is unable to schedule all read ports in the first II cycle. The RTL testbench may treat the design as non-pipelined
INFO: [COSIM 212-47] Using XSIM for RTL simulation.
INFO: [COSIM 212-14] Instrumenting C test bench ...
INFO: [COSIM 212-302] Starting C TB testing ... 
INFO: [COSIM 212-333] Generating C post check test bench ...
INFO: [COSIM 212-12] Generating RTL test bench ...
INFO: [COSIM 212-1] *** C/RTL co-simulation file generation completed. ***
INFO: [COSIM 212-323] Starting verilog simulation. 
INFO: [COSIM 212-15] Starting XSIM ...
INFO: [COSIM 212-316] Starting C post checking ...
INFO: [COSIM 212-1000] *** C/RTL co-simulation finished: PASS ***
INFO: [COSIM 212-211] II is measurable only when transaction number is greater than 1 in RTL simulation. Otherwise, they will be marked as all NA. If user wants to calculate them, please make sure there are at least 2 transactions in RTL simulation.
INFO: [HLS 200-2161] Finished Command cosim_design Elapsed time: 00:03:30; Allocated memory: 1.887 MB.
